secCode,secName,title,date,url,announcementId,keyword
524350,25粤开02,25粤开02：国泰海通证券股份有限公司关于粤开证券股份有限公司变更2025年度会计师事务所的临时受托管理事务报告,2025-12-31,http://static.cninfo.com.cn/finalpage/2025-12-31/1224912568.PDF,1224912568,会计师事务所
148367,23粤开02,23粤开02：国泰海通证券股份有限公司关于粤开证券股份有限公司变更2025年度会计师事务所的临时受托管理事务报告,2025-12-31,http://static.cninfo.com.cn/finalpage/2025-12-31/1224912569.PDF,1224912569,会计师事务所
524257,25粤开01,25粤开01：国泰海通证券股份有限公司关于粤开证券股份有限公司变更2025年度会计师事务所的临时受托管理事务报告,2025-12-31,http://static.cninfo.com.cn/finalpage/2025-12-31/1224912570.PDF,1224912570,会计师事务所
003004,*ST声迅,*ST声迅：关于拟变更会计师事务所的公告,2025-12-31,http://static.cninfo.com.cn/finalpage/2025-12-31/1224910555.PDF,1224910555,会计师事务所
000950,重药控股,重药控股：关于拟变更会计师事务所的公告,2025-12-31,http://static.cninfo.com.cn/finalpage/2025-12-31/1224911076.PDF,1224911076,会计师事务所
603313,梦百合,梦百合：《会计师事务所选聘制度（修订稿）》,2025-12-31,http://static.cninfo.com.cn/finalpage/2025-12-31/1224908670.PDF,1224908670,会计师事务所
601179,中国西电,中国西电：中国西电关于年审会计师事务所变更质量控制复核人的公告,2025-12-31,http://static.cninfo.com.cn/finalpage/2025-12-31/1224908675.PDF,1224908675,会计师事务所
163801,中银中国LOF,中银中国LOF：中银基金管理有限公司关于旗下部分基金改聘会计师事务所公告,2025-12-31,http://static.cninfo.com.cn/finalpage/2025-12-31/1224909803.PDF,1224909803,会计师事务所
002026,山东威达,山东威达：会计师事务所选聘制度,2025-12-31,http://static.cninfo.com.cn/finalpage/2025-12-31/1224910168.PDF,1224910168,会计师事务所
688287,*ST观典,*ST观典：关于聘任会计师事务所的公告,2025-12-31,http://static.cninfo.com.cn/finalpage/2025-12-31/1224910876.PDF,1224910876,会计师事务所
600379,宝光股份,宝光股份：宝光股份关于年审会计师事务所变更质量控制复核人的公告,2025-12-31,http://static.cninfo.com.cn/finalpage/2025-12-31/1224907769.PDF,1224907769,会计师事务所
301221,光庭信息,光庭信息：关于拟续聘会计师事务所的公告,2025-12-31,http://static.cninfo.com.cn/finalpage/2025-12-31/1224907906.PDF,1224907906,会计师事务所
002688,金河生物,金河生物：会计师事务所选聘制度,2025-12-31,http://static.cninfo.com.cn/finalpage/2025-12-31/1224909378.PDF,1224909378,会计师事务所
301449,天溯计量,天溯计量：众华会计师事务所关于深圳天溯计量检测股份有限公司使用募集资金置换预先投入募投项目及已支付发行费用的自筹资金的鉴证报告,2025-12-31,http://static.cninfo.com.cn/finalpage/2025-12-31/1224910766.PDF,1224910766,会计师事务所
603227,雪峰科技,雪峰科技：新疆雪峰科技（集团）股份有限公司关于变更2025年度会计师事务所的公告,2025-12-31,http://static.cninfo.com.cn/finalpage/2025-12-31/1224910829.PDF,1224910829,会计师事务所
688790,昂瑞微,昂瑞微：北京昂瑞微电子技术股份有限公司会计师事务所选聘制度（2025年12月）,2025-12-31,http://static.cninfo.com.cn/finalpage/2025-12-31/1224910928.PDF,1224910928,会计师事务所
002408,齐翔腾达,齐翔腾达：关于拟变更会计师事务所的公告,2025-12-31,http://static.cninfo.com.cn/finalpage/2025-12-31/1224910961.PDF,1224910961,会计师事务所
002828,贝肯能源,贝肯能源：公证天业会计师事务所（特殊普通合伙）关于公司申请向特定对象发行股票的审核问询函中有关财务事项的回复,2025-12-31,http://static.cninfo.com.cn/finalpage/2025-12-31/1224908192.PDF,1224908192,会计师事务所
000792,盐湖股份,盐湖股份：天职国际会计师事务所(特殊普通合伙)关于五矿盐湖有限公司模拟净资产专项审计报告,2025-12-31,http://static.cninfo.com.cn/finalpage/2025-12-31/1224910263.PDF,1224910263,会计师事务所
002800,天顺股份,天顺股份：关于变更会计师事务所的公告,2025-12-31,http://static.cninfo.com.cn/finalpage/2025-12-31/1224910651.PDF,1224910651,会计师事务所
000722,湖南发展,湖南发展：天健会计师事务所对于交易标的业绩真实性的专项核查意见,2025-12-31,http://static.cninfo.com.cn/finalpage/2025-12-31/1224911523.PDF,1224911523,会计师事务所
000758,中色股份,中色股份：关于续聘会计师事务所的公告,2025-12-31,http://static.cninfo.com.cn/finalpage/2025-12-31/1224909552.PDF,1224909552,会计师事务所
688618,三旺通信,三旺通信：关于续聘会计师事务所的公告,2025-12-31,http://static.cninfo.com.cn/finalpage/2025-12-31/1224909824.PDF,1224909824,会计师事务所
000030,富奥股份,富奥股份：会计师事务所选聘制度（2025年12月制订）,2025-12-31,http://static.cninfo.com.cn/finalpage/2025-12-31/1224909648.PDF,1224909648,会计师事务所
000962,东方钽业,东方钽业：关于拟续聘2025年度会计师事务所的公告,2025-12-31,http://static.cninfo.com.cn/finalpage/2025-12-31/1224909875.PDF,1224909875,会计师事务所
301449,天溯计量,天溯计量：关于拟变更会计师事务所的公告,2025-12-31,http://static.cninfo.com.cn/finalpage/2025-12-31/1224910769.PDF,1224910769,会计师事务所
688790,昂瑞微,昂瑞微：北京昂瑞微电子技术股份有限公司关于续聘会计师事务所的公告,2025-12-31,http://static.cninfo.com.cn/finalpage/2025-12-31/1224910925.PDF,1224910925,会计师事务所
002898,*ST赛隆,*ST赛隆：关于聘任会计师事务所的公告,2025-12-31,http://static.cninfo.com.cn/finalpage/2025-12-31/1224911741.PDF,1224911741,会计师事务所
300666,江丰电子,江丰电子：立信会计师事务所(特殊普通合伙)关于宁波江丰电子材料股份有限公司申请向特定对象发行股票的审核问询函的回复(修订稿),2025-12-30,http://static.cninfo.com.cn/finalpage/2025-12-30/1224910362.PDF,1224910362,会计师事务所
300735,光弘科技,光弘科技：立信会计师事务所（特殊普通合伙）关于惠州光弘科技股份有限公司申请向特定对象发行股票的审核问询函的回复（注册稿）,2025-12-30,http://static.cninfo.com.cn/finalpage/2025-12-30/1224910962.PDF,1224910962,会计师事务所
300625,三雄极光,三雄极光：会计师事务所选聘制度（2025年12月修订）,2025-12-30,http://static.cninfo.com.cn/finalpage/2025-12-30/1224909483.PDF,1224909483,会计师事务所
524247,25川高KV1,25川高KV1：四川高速公路建设开发集团有限公司关于变更会计师事务所的公告,2025-12-30,http://static.cninfo.com.cn/finalpage/2025-12-30/1224908114.PDF,1224908114,会计师事务所
524513,25川高K2,25川高K2：四川高速公路建设开发集团有限公司关于变更会计师事务所的公告,2025-12-30,http://static.cninfo.com.cn/finalpage/2025-12-30/1224908115.PDF,1224908115,会计师事务所
524017,24川高V1,24川高V1：四川高速公路建设开发集团有限公司关于变更会计师事务所的公告,2025-12-30,http://static.cninfo.com.cn/finalpage/2025-12-30/1224908110.PDF,1224908110,会计师事务所
524514,25川高01,25川高01：四川高速公路建设开发集团有限公司关于变更会计师事务所的公告,2025-12-30,http://static.cninfo.com.cn/finalpage/2025-12-30/1224908107.PDF,1224908107,会计师事务所
148867,24川高01,24川高01：四川高速公路建设开发集团有限公司关于变更会计师事务所的公告,2025-12-30,http://static.cninfo.com.cn/finalpage/2025-12-30/1224908108.PDF,1224908108,会计师事务所
148912,24川高Y1,24川高Y1：四川高速公路建设开发集团有限公司关于变更会计师事务所的公告,2025-12-30,http://static.cninfo.com.cn/finalpage/2025-12-30/1224908109.PDF,1224908109,会计师事务所
524056,24川高KY02,24川高KY02：四川高速公路建设开发集团有限公司关于变更会计师事务所的公告,2025-12-30,http://static.cninfo.com.cn/finalpage/2025-12-30/1224908111.PDF,1224908111,会计师事务所
524137,25川高K1,25川高K1：四川高速公路建设开发集团有限公司关于变更会计师事务所的公告,2025-12-30,http://static.cninfo.com.cn/finalpage/2025-12-30/1224908112.PDF,1224908112,会计师事务所
524148,25川高Y1,25川高Y1：四川高速公路建设开发集团有限公司关于变更会计师事务所的公告,2025-12-30,http://static.cninfo.com.cn/finalpage/2025-12-30/1224908113.PDF,1224908113,会计师事务所
300789,唐源电气,唐源电气：信永中和会计师事务所（特殊普通合伙）关于成都唐源电气股份有限公司申请向特定对象发行股票的审核问询函的回复报告（修订稿）,2025-12-30,http://static.cninfo.com.cn/finalpage/2025-12-30/1224907976.PDF,1224907976,会计师事务所
301160,翔楼新材,翔楼新材：公证天业会计师事务所关于苏州翔楼新材料股份有限公司向特定对象发行股票申请文件审核问询函的回复,2025-12-30,http://static.cninfo.com.cn/finalpage/2025-12-30/1224907891.PDF,1224907891,会计师事务所
002554,惠博普,惠博普：关于拟续聘会计师事务所的公告,2025-12-30,http://static.cninfo.com.cn/finalpage/2025-12-30/1224903133.PDF,1224903133,会计师事务所
600037,歌华有线,歌华有线：《北京歌华有线电视网络股份有限公司会计师事务所选聘制度》,2025-12-30,http://static.cninfo.com.cn/finalpage/2025-12-30/1224903527.PDF,1224903527,会计师事务所
600889,南京化纤,南京化纤：中兴华会计师事务所（特殊普通合伙）关于南京化纤股份有限公司重大资产置换、发行股份及支付现金购买资产并募集配套资金暨关联交易申请的审核中心意见落实函之回复报告,2025-12-30,http://static.cninfo.com.cn/finalpage/2025-12-30/1224906942.PDF,1224906942,会计师事务所
002125,湘潭电化,湘潭电化：会计师事务所选聘制度,2025-12-30,http://static.cninfo.com.cn/finalpage/2025-12-30/1224906507.PDF,1224906507,会计师事务所
920245,威博液压,[临时公告]威博液压:2025-149       容诚会计师事务所关于威博液压第二轮问询的回复,2025-12-30,http://static.cninfo.com.cn/finalpage/2025-12-30/1224911801.PDF,1224911801,会计师事务所
000599,青岛双星,青岛双星：立信会计师事务所（特殊普通合伙）关于对青岛双星股份有限公司发行股份、现金购买资产并募集配套资金申请的审核问询函之回复报告,2025-12-30,http://static.cninfo.com.cn/finalpage/2025-12-30/1224905854.PDF,1224905854,会计师事务所
000980,众泰汽车,众泰汽车：关于变更会计师事务所的公告,2025-12-30,http://static.cninfo.com.cn/finalpage/2025-12-30/1224904484.PDF,1224904484,会计师事务所
000151,中成股份,中成股份：中成进出口股份有限公司关于拟续聘会计师事务所的公告,2025-12-30,http://static.cninfo.com.cn/finalpage/2025-12-30/1224905402.PDF,1224905402,会计师事务所
300672,国科微,国科微：关于拟变更会计师事务所的公告,2025-12-30,http://static.cninfo.com.cn/finalpage/2025-12-30/1224906400.PDF,1224906400,会计师事务所
603569,长久物流,长久物流：北京长久物流股份有限公司会计师事务所选聘制度（2025年12月）,2025-12-30,http://static.cninfo.com.cn/finalpage/2025-12-30/1224904436.PDF,1224904436,会计师事务所
600355,*ST精伦,*ST精伦：精伦电子关于拟聘请会计师事务所公告,2025-12-30,http://static.cninfo.com.cn/finalpage/2025-12-30/1224904463.PDF,1224904463,会计师事务所
688072,拓荆科技,拓荆科技：天健会计师事务所（特殊普通合伙）关于拓荆科技股份有限公司向特定对象发行股票审核问询函中有关财务事项的说明,2025-12-30,http://static.cninfo.com.cn/finalpage/2025-12-30/1224906285.PDF,1224906285,会计师事务所
688170,德龙激光,德龙激光：容诚会计师事务所（特殊普通合伙）关于苏州德龙激光股份有限公司前次募集资金鉴证报告,2025-12-30,http://static.cninfo.com.cn/finalpage/2025-12-30/1224906328.PDF,1224906328,会计师事务所
920245,威博液压,[临时公告]威博液压:2025-148       容诚会计师事务所关于威博液压第一轮问询的回复（更新三季报数据）,2025-12-30,http://static.cninfo.com.cn/finalpage/2025-12-30/1224911800.PDF,1224911800,会计师事务所
600251,冠农股份,冠农股份：会计师事务所选聘制度（2025年12月）,2025-12-30,http://static.cninfo.com.cn/finalpage/2025-12-30/1224904852.PDF,1224904852,会计师事务所
600182,S佳通,S佳通：佳通轮胎股份有限公司关于变更会计师事务所的公告,2025-12-30,http://static.cninfo.com.cn/finalpage/2025-12-30/1224903331.PDF,1224903331,会计师事务所
000599,青岛双星,青岛双星：安永华明会计师事务所（特殊普通合伙）关于对青岛双星股份有限公司申请发行股份、现金购买资产并募集配套资金的审核问询函回复的专项说明（修订稿）,2025-12-30,http://static.cninfo.com.cn/finalpage/2025-12-30/1224905852.PDF,1224905852,会计师事务所
688170,德龙激光,德龙激光：容诚会计师事务所(特殊普通合伙)关于苏州德龙激光股份有限公司非经常性损益鉴证报告,2025-12-30,http://static.cninfo.com.cn/finalpage/2025-12-30/1224906350.PDF,1224906350,会计师事务所
600965,福成股份,福成股份：福成股份：关于更换会计师事务所的公告,2025-12-30,http://static.cninfo.com.cn/finalpage/2025-12-30/1224904665.PDF,1224904665,会计师事务所
300426,华智数媒,华智数媒：关于拟续聘会计师事务所的公告,2025-12-30,http://static.cninfo.com.cn/finalpage/2025-12-30/1224904689.PDF,1224904689,会计师事务所
301011,华立科技,华立科技：广东司农会计师事务所（特殊普通合伙）关于广州华立科技股份有限公司使用募集资金置换已预先投入募投项目及已支付发行费用自筹资金的鉴证报告,2025-12-29,http://static.cninfo.com.cn/finalpage/2025-12-29/1224904695.PDF,1224904695,会计师事务所
300052,ST中青宝,ST中青宝：深圳旭泰会计师事务所(特殊普通合伙)关于深圳市宝腾互联科技有限公司2017年至2019年度业绩承诺完成情况的专项审核报告,2025-12-29,http://static.cninfo.com.cn/finalpage/2025-12-29/1224904097.PDF,1224904097,会计师事务所
300746,汉嘉数智,汉嘉设计：关于拟变更会计师事务所的公告,2025-12-29,http://static.cninfo.com.cn/finalpage/2025-12-29/1224903417.PDF,1224903417,会计师事务所
688098,申联生物,申联生物：关于续聘会计师事务所的公告,2025-12-29,http://static.cninfo.com.cn/finalpage/2025-12-29/1224902537.PDF,1224902537,会计师事务所
688665,四方光电,四方光电：四方光电会计师事务所选聘制度,2025-12-27,http://static.cninfo.com.cn/finalpage/2025-12-27/1224900416.PDF,1224900416,会计师事务所
300175,ST朗源,ST朗源：关于拟变更会计师事务所的公告,2025-12-27,http://static.cninfo.com.cn/finalpage/2025-12-27/1224900456.PDF,1224900456,会计师事务所
159616,农牧ETF,农牧ETF：建信基金管理有限责任公司关于旗下基金改聘会计师事务所的公告,2025-12-27,http://static.cninfo.com.cn/finalpage/2025-12-27/1224901613.PDF,1224901613,会计师事务所
159763,新材料ETF基金,新材料ETF基金：建信基金管理有限责任公司关于旗下基金改聘会计师事务所的公告,2025-12-27,http://static.cninfo.com.cn/finalpage/2025-12-27/1224901614.PDF,1224901614,会计师事务所
159835,创新药50ETF,创新药50ETF：建信基金管理有限责任公司关于旗下基金改聘会计师事务所的公告,2025-12-27,http://static.cninfo.com.cn/finalpage/2025-12-27/1224901616.PDF,1224901616,会计师事务所
159981,能源化工ETF,能源化工ETF：建信基金管理有限责任公司关于旗下基金改聘会计师事务所的公告,2025-12-27,http://static.cninfo.com.cn/finalpage/2025-12-27/1224901620.PDF,1224901620,会计师事务所
165313,建信优势LOF,建信优势LOF：建信基金管理有限责任公司关于旗下基金改聘会计师事务所的公告,2025-12-27,http://static.cninfo.com.cn/finalpage/2025-12-27/1224901623.PDF,1224901623,会计师事务所
002838,道恩股份,道恩股份：中审众环会计师事务所关于山东道恩高分子材料股份有限公司发行股份及支付现金购买资产并募集配套资金申请的审核问询函的回复,2025-12-27,http://static.cninfo.com.cn/finalpage/2025-12-27/1224902137.PDF,1224902137,会计师事务所
000008,神州高铁,神州高铁：关于续聘会计师事务所的公告,2025-12-27,http://static.cninfo.com.cn/finalpage/2025-12-27/1224900951.PDF,1224900951,会计师事务所
159891,医疗ETF基金,医疗ETF基金：建信基金管理有限责任公司关于旗下基金改聘会计师事务所的公告,2025-12-27,http://static.cninfo.com.cn/finalpage/2025-12-27/1224901617.PDF,1224901617,会计师事务所
165309,沪深300LOF建信,沪深300LOF建信：建信基金管理有限责任公司关于旗下基金改聘会计师事务所的公告,2025-12-27,http://static.cninfo.com.cn/finalpage/2025-12-27/1224901621.PDF,1224901621,会计师事务所
165311,信用债LOF,信用债LOF：建信基金管理有限责任公司关于旗下基金改聘会计师事务所的公告,2025-12-27,http://static.cninfo.com.cn/finalpage/2025-12-27/1224901622.PDF,1224901622,会计师事务所
605589,圣泉集团,圣泉集团：信永中和会计师事务所（特殊普通合伙）关于济南圣泉集团股份有限公司向不特定对象发行可转换公司债券申请文件的审核问询函的回复,2025-12-27,http://static.cninfo.com.cn/finalpage/2025-12-27/1224900284.PDF,1224900284,会计师事务所
301584,建发致新,建发致新：容诚会计师事务所（特殊普通合伙）关于公司以自筹资金预先投入募集资金投资项目及支付发行费用鉴证报告,2025-12-27,http://static.cninfo.com.cn/finalpage/2025-12-27/1224901552.PDF,1224901552,会计师事务所
603335,迪生力,迪生力：迪生力关于变更会计师事务所签字注册会计师的公告,2025-12-27,http://static.cninfo.com.cn/finalpage/2025-12-27/1224901007.PDF,1224901007,会计师事务所
600195,中牧股份,中牧股份：中牧实业股份有限公司关于续聘会计师事务所的公告,2025-12-27,http://static.cninfo.com.cn/finalpage/2025-12-27/1224899721.PDF,1224899721,会计师事务所
159293,创业板综增强ETF建信,创业板综增强ETF建信：建信基金管理有限责任公司关于旗下基金改聘会计师事务所的公告,2025-12-27,http://static.cninfo.com.cn/finalpage/2025-12-27/1224901624.PDF,1224901624,会计师事务所
165310,沪深300增强,沪深300增强：建信基金管理有限责任公司关于旗下基金改聘会计师事务所的公告,2025-12-27,http://static.cninfo.com.cn/finalpage/2025-12-27/1224901625.PDF,1224901625,会计师事务所
600738,丽尚国潮,丽尚国潮：兰州丽尚国潮实业集团股份有限公司会计师事务所选聘制度（2025年12月修订）,2025-12-27,http://static.cninfo.com.cn/finalpage/2025-12-27/1224901654.PDF,1224901654,会计师事务所
159916,深F60ETF,深F60ETF：建信基金管理有限责任公司关于旗下基金改聘会计师事务所的公告,2025-12-27,http://static.cninfo.com.cn/finalpage/2025-12-27/1224901618.PDF,1224901618,会计师事务所
002195,岩山科技,岩山科技：关于变更会计师事务所的公告,2025-12-27,http://static.cninfo.com.cn/finalpage/2025-12-27/1224899657.PDF,1224899657,会计师事务所
688207,格灵深瞳,格灵深瞳：格灵深瞳关于拟变更会计师事务所的公告,2025-12-27,http://static.cninfo.com.cn/finalpage/2025-12-27/1224900127.PDF,1224900127,会计师事务所
159775,电池ETF基金,电池ETF基金：建信基金管理有限责任公司关于旗下基金改聘会计师事务所的公告,2025-12-27,http://static.cninfo.com.cn/finalpage/2025-12-27/1224901615.PDF,1224901615,会计师事务所
159956,创业板ETF建信,创业板ETF建信：建信基金管理有限责任公司关于旗下基金改聘会计师事务所的公告,2025-12-27,http://static.cninfo.com.cn/finalpage/2025-12-27/1224901619.PDF,1224901619,会计师事务所
165312,央视50财经,央视50财经：建信基金管理有限责任公司关于旗下基金改聘会计师事务所的公告,2025-12-27,http://static.cninfo.com.cn/finalpage/2025-12-27/1224901626.PDF,1224901626,会计师事务所
301382,蜂助手,蜂助手：蜂助手股份有限公司会计师事务所选聘制度,2025-12-26,http://static.cninfo.com.cn/finalpage/2025-12-26/1224902331.PDF,1224902331,会计师事务所
300906,日月明,日月明：会计师事务所选聘制度（2025年12月）,2025-12-26,http://static.cninfo.com.cn/finalpage/2025-12-26/1224902111.PDF,1224902111,会计师事务所
300140,节能环境,节能环境：《公司会计师事务所选聘制度》（尚需股东会审议通过）,2025-12-26,http://static.cninfo.com.cn/finalpage/2025-12-26/1224901590.PDF,1224901590,会计师事务所
300831,派瑞股份,派瑞股份：信永中和会计师事务所(特殊普通合伙)关于西安派瑞功率半导体变流技术股份有限公司2024 年度财务报表前期差错更正的专项说明,2025-12-26,http://static.cninfo.com.cn/finalpage/2025-12-26/1224901095.PDF,1224901095,会计师事务所
148784,24广晟KY02,24广晟KY02：中信证券股份有限公司关于广东省广晟控股集团有限公司会计师事务所发生变更之临时受托管理事务报告,2025-12-26,http://static.cninfo.com.cn/finalpage/2025-12-26/1224899769.PDF,1224899769,会计师事务所
148698,24广晟KY01,24广晟KY01：中信证券股份有限公司关于广东省广晟控股集团有限公司会计师事务所发生变更之临时受托管理事务报告,2025-12-26,http://static.cninfo.com.cn/finalpage/2025-12-26/1224899770.PDF,1224899770,会计师事务所
600403,大有能源,大有能源：河南大有能源股份有限公司会计师事务所选聘制度,2025-12-26,http://static.cninfo.com.cn/finalpage/2025-12-26/1224898318.PDF,1224898318,会计师事务所
000880,潍柴重机,潍柴重机：潍柴重机股份有限公司会计师事务所选聘制度,2025-12-26,http://static.cninfo.com.cn/finalpage/2025-12-26/1224897942.PDF,1224897942,会计师事务所
000060,中金岭南,中金岭南：中审众环会计师事务所(特殊普通合伙)关于深圳市中金岭南有色金属股份有限公司申请向特定对象发行股票的审核问询函之回复报告,2025-12-26,http://static.cninfo.com.cn/finalpage/2025-12-26/1224899358.PDF,1224899358,会计师事务所
603901,永创智能,永创智能：立信中联会计师事务所（特殊普通合伙）关于杭州永创智能设备股份有限公司以简易程序向特定对象发行股票的财务报告及审计报告,2025-12-26,http://static.cninfo.com.cn/finalpage/2025-12-26/1224898344.PDF,1224898344,会计师事务所
301033,迈普医学,迈普医学：华兴会计师事务所（特殊普通合伙）关于《关于广州迈普再生医学科技股份有限公司发行股份及支付现金购买资产并募集配套资金申请的审核问询函回复》之专项核查意见,2025-12-25,http://static.cninfo.com.cn/finalpage/2025-12-25/1224899441.PDF,1224899441,会计师事务所
524573,25粤开C1,25粤开C1：粤开证券股份有限公司关于变更2025年度会计师事务所的公告,2025-12-25,http://static.cninfo.com.cn/finalpage/2025-12-25/1224898750.PDF,1224898750,会计师事务所
524257,25粤开01,25粤开01：粤开证券股份有限公司关于变更2025年度会计师事务所的公告,2025-12-25,http://static.cninfo.com.cn/finalpage/2025-12-25/1224898441.PDF,1224898441,会计师事务所
524350,25粤开02,25粤开02：粤开证券股份有限公司关于变更2025年度会计师事务所的公告,2025-12-25,http://static.cninfo.com.cn/finalpage/2025-12-25/1224898439.PDF,1224898439,会计师事务所
148367,23粤开02,23粤开02：粤开证券股份有限公司关于变更2025年度会计师事务所的公告,2025-12-25,http://static.cninfo.com.cn/finalpage/2025-12-25/1224898440.PDF,1224898440,会计师事务所
301396,宏景科技,宏景科技：华兴会计师事务所（特殊普通合伙）关于宏景科技股份有限公司申请向特定对象发行股票审核问询函的回复报告（豁免版）,2025-12-25,http://static.cninfo.com.cn/finalpage/2025-12-25/1224897606.PDF,1224897606,会计师事务所
600319,亚星化学,亚星化学：潍坊亚星化学股份有限公司关于变更会计师事务所的公告,2025-12-25,http://static.cninfo.com.cn/finalpage/2025-12-25/1224895958.PDF,1224895958,会计师事务所
159397,信用债ETF广发,信用债ETF广发：广发基金管理有限公司关于旗下部分基金改聘会计师事务所的公告,2025-12-25,http://static.cninfo.com.cn/finalpage/2025-12-25/1224896805.PDF,1224896805,会计师事务所
159611,电力ETF,电力ETF：广发基金管理有限公司关于旗下部分基金改聘会计师事务所的公告,2025-12-25,http://static.cninfo.com.cn/finalpage/2025-12-25/1224896807.PDF,1224896807,会计师事务所
159755,电池ETF,电池ETF：广发基金管理有限公司关于旗下部分基金改聘会计师事务所的公告,2025-12-25,http://static.cninfo.com.cn/finalpage/2025-12-25/1224896808.PDF,1224896808,会计师事务所
002745,木林森,木林森：会计师事务所选聘制度（2025年12月）,2025-12-25,http://static.cninfo.com.cn/finalpage/2025-12-25/1224896088.PDF,1224896088,会计师事务所
162715,广发聚源LOF,广发聚源LOF：广发基金管理有限公司关于旗下部分基金改聘会计师事务所的公告,2025-12-25,http://static.cninfo.com.cn/finalpage/2025-12-25/1224896809.PDF,1224896809,会计师事务所
002486,嘉麟杰,嘉麟杰：关于拟变更会计师事务所的公告,2025-12-25,http://static.cninfo.com.cn/finalpage/2025-12-25/1224897034.PDF,1224897034,会计师事务所
688270,臻镭科技,臻镭科技：天健会计师事务所（特殊普通合伙）关于浙江臻镭科技股份有限公司重要前期差错更正情况的鉴证报告,2025-12-25,http://static.cninfo.com.cn/finalpage/2025-12-25/1224897024.PDF,1224897024,会计师事务所
002589,瑞康医药,瑞康医药：关于拟变更会计师事务所的公告,2025-12-25,http://static.cninfo.com.cn/finalpage/2025-12-25/1224897370.PDF,1224897370,会计师事务所
603290,斯达半导,斯达半导：立信会计师事务所（特殊普通合伙）关于斯达半导体股份有限公司向不特定对象发行可转换公司债券申请文件的审核问询函的答复,2025-12-25,http://static.cninfo.com.cn/finalpage/2025-12-25/1224897040.PDF,1224897040,会计师事务所
301020,密封科技,密封科技：会计师事务所选聘制度,2025-12-25,http://static.cninfo.com.cn/finalpage/2025-12-25/1224895482.PDF,1224895482,会计师事务所
301629,矽电股份,矽电股份：会计师事务所选聘制度（2025年12月）,2025-12-25,http://static.cninfo.com.cn/finalpage/2025-12-25/1224895413.PDF,1224895413,会计师事务所
600468,百利电气,百利电气：天津百利特精电气股份有限公司选聘会计师事务所管理办法,2025-12-25,http://static.cninfo.com.cn/finalpage/2025-12-25/1224895455.PDF,1224895455,会计师事务所
002262,恩华药业,恩华药业：会计师事务所选聘制度,2025-12-25,http://static.cninfo.com.cn/finalpage/2025-12-25/1224895518.PDF,1224895518,会计师事务所
002281,光迅科技,光迅科技：致同会计师事务所（特殊普通合伙）关于武汉光迅科技股份有限公司申请向特定对象发行股票的审核问询函中有关财务会计问题的专项说明,2025-12-25,http://static.cninfo.com.cn/finalpage/2025-12-25/1224895595.PDF,1224895595,会计师事务所
000520,凤凰航运,凤凰航运：关于拟变更会计师事务所的公告,2025-12-25,http://static.cninfo.com.cn/finalpage/2025-12-25/1224895739.PDF,1224895739,会计师事务所
002792,通宇通讯,通宇通讯：会计师事务所选聘制度（2025年12月修订）,2025-12-25,http://static.cninfo.com.cn/finalpage/2025-12-25/1224897327.PDF,1224897327,会计师事务所
162721,广发积极FOF-LOF,广发积极FOF-LOF：广发基金管理有限公司关于旗下部分基金改聘会计师事务所的公告,2025-12-25,http://static.cninfo.com.cn/finalpage/2025-12-25/1224896810.PDF,1224896810,会计师事务所
159320,电网ETF,电网ETF：广发基金管理有限公司关于旗下部分基金改聘会计师事务所的公告,2025-12-25,http://static.cninfo.com.cn/finalpage/2025-12-25/1224896823.PDF,1224896823,会计师事务所
300135,宝利国际,宝利国际：会计师事务所选聘制度（2025年12月）,2025-12-24,http://static.cninfo.com.cn/finalpage/2025-12-24/1224896156.PDF,1224896156,会计师事务所
603192,汇得科技,汇得科技：立信会计师事务所（特殊普通合伙）关于汇得科技2025年度向特定对象发行A股股票审核问询函的回复,2025-12-24,http://static.cninfo.com.cn/finalpage/2025-12-24/1224894153.PDF,1224894153,会计师事务所
688115,思林杰,思林杰：信永中和会计师事务所（特殊普通合伙）：关于广州思林杰科技股份有限公司发行股份及支付现金购买资产并募集配套资金暨关联交易申请的审核问询函回复,2025-12-24,http://static.cninfo.com.cn/finalpage/2025-12-24/1224895034.PDF,1224895034,会计师事务所
605058,澳弘电子,澳弘电子：容诚会计师事务所(特殊普通合伙)关于常州澳弘电子股份有限公司以自筹资金预先投入募集资金投资项目及支付发行费用的鉴证报告,2025-12-24,http://static.cninfo.com.cn/finalpage/2025-12-24/1224893536.PDF,1224893536,会计师事务所
002780,三夫户外,三夫户外：容诚会计师事务所（特殊普通合伙）关于北京三夫户外用品股份有限公司以自筹资金预先投入募集资金投资项目的鉴证报告,2025-12-24,http://static.cninfo.com.cn/finalpage/2025-12-24/1224894504.PDF,1224894504,会计师事务所
000636,风华高科,风华高科：信永中和会计师事务所(特殊普通合伙)关于广东风华高新科技股份有限公司会计估计变更事项说明的专项审核报告,2025-12-24,http://static.cninfo.com.cn/finalpage/2025-12-24/1224894040.PDF,1224894040,会计师事务所
603226,菲林格尔,菲林格尔：关于变更会计师事务所的公告,2025-12-24,http://static.cninfo.com.cn/finalpage/2025-12-24/1224893823.PDF,1224893823,会计师事务所
600052,东望时代,东望时代：浙江东望时代科技股份有限公司关于变更会计师事务所的更正公告,2025-12-24,http://static.cninfo.com.cn/finalpage/2025-12-24/1224894656.PDF,1224894656,会计师事务所
603969,银龙股份,银龙股份：天津银龙集团股份有限公司关于会计师事务所变更签字项目合伙人的公告,2025-12-24,http://static.cninfo.com.cn/finalpage/2025-12-24/1224893041.PDF,1224893041,会计师事务所
301238,瑞泰新材,瑞泰新材：会计师事务所选聘制度（2025年12月）,2025-12-24,http://static.cninfo.com.cn/finalpage/2025-12-24/1224893143.PDF,1224893143,会计师事务所
601188,龙江交通,龙江交通：龙江交通关于拟变更会计师事务所的公告,2025-12-24,http://static.cninfo.com.cn/finalpage/2025-12-24/1224893332.PDF,1224893332,会计师事务所
688092,爱科科技,爱科科技：立信会计师事务所（特殊普通合伙）关于杭州爱科科技股份有限公司向不特定对象发行可转换公司债券申请文件的审核问询函的回复（豁免版）,2025-12-24,http://static.cninfo.com.cn/finalpage/2025-12-24/1224894827.PDF,1224894827,会计师事务所
920030,德众汽车,[临时公告]德众汽车:中兴华会计师事务所(特殊普通合伙)关于湖南德众汽车销售服务股份有限公司前期会计差错更正专项说明的鉴证报告,2025-12-24,http://static.cninfo.com.cn/finalpage/2025-12-24/1224897427.PDF,1224897427,会计师事务所
600789,鲁抗医药,鲁抗医药：和信会计师事务所（特殊普通合伙）关于山东鲁抗医药股份有限公司向特定对象发行A股股票验资报告,2025-12-23,http://static.cninfo.com.cn/finalpage/2025-12-23/1224891356.PDF,1224891356,会计师事务所
920158,长江能科,[临时公告]长江能科:拟续聘2026年度会计师事务所公告,2025-12-23,http://static.cninfo.com.cn/finalpage/2025-12-23/1224894436.PDF,1224894436,会计师事务所
000668,*ST荣控,*ST荣控：荣丰控股集团关于拟续聘会计师事务所的公告,2025-12-23,http://static.cninfo.com.cn/finalpage/2025-12-23/1224892194.PDF,1224892194,会计师事务所
688379,华光新材,华光新材：中汇会计师事务所（特殊普通合伙）关于华光新材前次募集资金使用情况鉴证报告,2025-12-23,http://static.cninfo.com.cn/finalpage/2025-12-23/1224892505.PDF,1224892505,会计师事务所
603276,恒兴新材,恒兴新材：会计师事务所选聘制度（2025年12月）,2025-12-23,http://static.cninfo.com.cn/finalpage/2025-12-23/1224890746.PDF,1224890746,会计师事务所
002501,利源股份,利源股份：关于拟变更会计师事务所的公告,2025-12-23,http://static.cninfo.com.cn/finalpage/2025-12-23/1224890909.PDF,1224890909,会计师事务所
603101,汇嘉时代,汇嘉时代：关于续聘会计师事务所的公告,2025-12-23,http://static.cninfo.com.cn/finalpage/2025-12-23/1224891364.PDF,1224891364,会计师事务所
688379,华光新材,华光新材：中汇会计师事务所（特殊普通合伙）关于华光新材最近三年及一期非经常性损益的鉴证报告,2025-12-23,http://static.cninfo.com.cn/finalpage/2025-12-23/1224892516.PDF,1224892516,会计师事务所
000752,ST西发,ST西发：关于拟变更会计师事务所的公告,2025-12-23,http://static.cninfo.com.cn/finalpage/2025-12-23/1224891028.PDF,1224891028,会计师事务所
300980,祥源新材,祥源新材：会计师事务所选聘制度（2025年12月）,2025-12-22,http://static.cninfo.com.cn/finalpage/2025-12-22/1224892444.PDF,1224892444,会计师事务所
148457,23广晟K03,23广晟K03：广东省广晟控股集团有限公司关于会计师事务所发生变更的公告,2025-12-22,http://static.cninfo.com.cn/finalpage/2025-12-22/1224891428.PDF,1224891428,会计师事务所
148629,24广晟K01,24广晟K01：广东省广晟控股集团有限公司关于会计师事务所发生变更的公告,2025-12-22,http://static.cninfo.com.cn/finalpage/2025-12-22/1224891429.PDF,1224891429,会计师事务所
524191,25广晟K01,25广晟K01：广东省广晟控股集团有限公司关于会计师事务所发生变更的公告,2025-12-22,http://static.cninfo.com.cn/finalpage/2025-12-22/1224891427.PDF,1224891427,会计师事务所
148698,24广晟KY01,24广晟KY01：广东省广晟控股集团有限公司关于会计师事务所发生变更的公告,2025-12-22,http://static.cninfo.com.cn/finalpage/2025-12-22/1224890192.PDF,1224890192,会计师事务所
148784,24广晟KY02,24广晟KY02：广东省广晟控股集团有限公司关于会计师事务所发生变更的公告,2025-12-22,http://static.cninfo.com.cn/finalpage/2025-12-22/1224890191.PDF,1224890191,会计师事务所
920015,锦华新材,[临时公告]锦华新材:拟续聘会计师事务所公告,2025-12-22,http://static.cninfo.com.cn/finalpage/2025-12-22/1224891889.PDF,1224891889,会计师事务所
600889,南京化纤,南京化纤：中兴华会计师事务所（特殊普通合伙）关于南京化纤股份有限公司重大资产置换、发行股份及支付现金购买资产并募集配套资金的审核问询函中相关财务问题的专项核查意见,2025-12-20,http://static.cninfo.com.cn/finalpage/2025-12-20/1224889009.PDF,1224889009,会计师事务所
002514,宝馨科技,宝馨科技：关于拟变更会计师事务所的公告,2025-12-20,http://static.cninfo.com.cn/finalpage/2025-12-20/1224887540.PDF,1224887540,会计师事务所
159209,中证红利质量ETF,中证红利质量ETF：招商基金管理有限公司关于旗下部分基金改聘会计师事务所公告,2025-12-20,http://static.cninfo.com.cn/finalpage/2025-12-20/1224887354.PDF,1224887354,会计师事务所
159291,创业板综增强ETF招商,创业板综增强ETF招商：招商基金管理有限公司关于旗下部分基金改聘会计师事务所公告,2025-12-20,http://static.cninfo.com.cn/finalpage/2025-12-20/1224887356.PDF,1224887356,会计师事务所
002586,*ST围海,*ST围海：华兴会计师事务所（特殊普通合伙）关于对浙江省围海建设集团股份有限公司2024年年报的问询函的回复,2025-12-20,http://static.cninfo.com.cn/finalpage/2025-12-20/1224888885.PDF,1224888885,会计师事务所
000159,国际实业,国际实业：关于拟变更会计师事务所的公告,2025-12-20,http://static.cninfo.com.cn/finalpage/2025-12-20/1224887912.PDF,1224887912,会计师事务所
603958,哈森股份,哈森股份：关于变更会计师事务所的更正公告,2025-12-20,http://static.cninfo.com.cn/finalpage/2025-12-20/1224887093.PDF,1224887093,会计师事务所
002586,*ST围海,*ST围海：华兴会计师事务所（特殊普通合伙）关于对浙江省围海建设集团股份有限公司2023年年报的问询函的回复,2025-12-20,http://static.cninfo.com.cn/finalpage/2025-12-20/1224888887.PDF,1224888887,会计师事务所
688345,博力威,博力威：广东博力威科技股份有限公司关于拟续聘2025年度会计师事务所的公告,2025-12-20,http://static.cninfo.com.cn/finalpage/2025-12-20/1224888134.PDF,1224888134,会计师事务所
603773,沃格光电,沃格光电：天健会计师事务所（特殊普通合伙）关于江西沃格光电集团股份有限公司向特定对象发行股票申请文件的审核问询函中有关财务事项的说明（豁免版）,2025-12-20,http://static.cninfo.com.cn/finalpage/2025-12-20/1224888084.PDF,1224888084,会计师事务所
600483,福能股份,福能股份：致同会计师事务所（特殊普通合伙）关于福建福能股份有限公司以自筹资金预先投入募集资金投资项目及支付发行费用的鉴证报告,2025-12-20,http://static.cninfo.com.cn/finalpage/2025-12-20/1224887709.PDF,1224887709,会计师事务所
300453,三鑫医疗,三鑫医疗：大信会计师事务所（特殊普通合伙）关于江西三鑫医疗科技股份有限公司申请向不特定对象发行可转换公司债券的审核问询函的回复,2025-12-20,http://static.cninfo.com.cn/finalpage/2025-12-20/1224888500.PDF,1224888500,会计师事务所
002898,*ST赛隆,*ST赛隆：关于2025年度审计会计师事务所辞任的公告,2025-12-20,http://static.cninfo.com.cn/finalpage/2025-12-20/1224888454.PDF,1224888454,会计师事务所
603906,龙蟠科技,龙蟠科技：公证天业会计师事务所（特殊普通合伙）关于江苏龙蟠科技集团股份有限公司向特定对象发行股票的财务报告及审计报告,2025-12-20,http://static.cninfo.com.cn/finalpage/2025-12-20/1224888296.PDF,1224888296,会计师事务所
600999,招商证券,招商证券：招商证券股份有限公司会计师事务所选聘制度,2025-12-20,http://static.cninfo.com.cn/finalpage/2025-12-20/1224888280.PDF,1224888280,会计师事务所
159125,港股通科技ETF招商,港股通科技ETF招商：招商基金管理有限公司关于旗下部分基金改聘会计师事务所公告,2025-12-20,http://static.cninfo.com.cn/finalpage/2025-12-20/1224887353.PDF,1224887353,会计师事务所
159218,卫星产业ETF,卫星产业ETF：招商基金管理有限公司关于旗下部分基金改聘会计师事务所公告,2025-12-20,http://static.cninfo.com.cn/finalpage/2025-12-20/1224887355.PDF,1224887355,会计师事务所
300368,汇金股份,汇金股份：关于续聘2025年度会计师事务所的公告,2025-12-20,http://static.cninfo.com.cn/finalpage/2025-12-20/1224887227.PDF,1224887227,会计师事务所
002586,*ST围海,*ST围海：华兴会计师事务所（特殊普通合伙）关于对浙江省围海建设集团股份有限公司关注函的回复,2025-12-20,http://static.cninfo.com.cn/finalpage/2025-12-20/1224888886.PDF,1224888886,会计师事务所
601088,中国神华,中国神华：安永华明会计师事务所（特殊普通合伙）对中国神华能源股份有限公司出具的一年一期《备考财务报表审阅报告》,2025-12-20,http://static.cninfo.com.cn/finalpage/2025-12-20/1224888947.PDF,1224888947,会计师事务所
000905,厦门港务,厦门港务：容诚会计师事务所(特殊普通合伙)关于厦门港务发展股份有限公司发行股份购买资产并募集配套资金申请的审核问询函的专项说明,2025-12-20,http://static.cninfo.com.cn/finalpage/2025-12-20/1224888218.PDF,1224888218,会计师事务所
06099,招商证券,招商证券：海外监管公告 – 招商证券股份有限公司会计师事务所选聘制度,2025-12-19,http://static.cninfo.com.cn/finalpage/2025-12-19/1224889627.PDF,1224889627,会计师事务所
02465,龙蟠科技,龙蟠科技：海外监管公告 - 公证天业会计师事务所（特殊普通合夥）关於江苏龙蟠科技集团股份有限公司向特定对象发行A股股票的财务报告及审计报告,2025-12-19,http://static.cninfo.com.cn/finalpage/2025-12-19/1224889635.PDF,1224889635,会计师事务所
600538,国发股份,国发股份：会计师事务所选聘制度（2025年修订）,2025-12-19,http://static.cninfo.com.cn/finalpage/2025-12-19/1224885888.PDF,1224885888,会计师事务所
601990,南京证券,南京证券：天衡会计师事务所（特殊普通合伙）关于南京证券股份有限公司向特定对象发行A股股票验资报告,2025-12-19,http://static.cninfo.com.cn/finalpage/2025-12-19/1224884774.PDF,1224884774,会计师事务所
002989,中天精装,中天精装：会计师事务所选聘制度（2025年12月）,2025-12-19,http://static.cninfo.com.cn/finalpage/2025-12-19/1224886191.PDF,1224886191,会计师事务所
603125,常青科技,常青科技：上会会计师事务所（特殊普通合伙）关于江苏常青树新材料科技股份有限公司向不特定对象发行可转换公司债券申请文件的审核问询函的回复,2025-12-19,http://static.cninfo.com.cn/finalpage/2025-12-19/1224885994.PDF,1224885994,会计师事务所
002817,黄山胶囊,黄山胶囊：会计师事务所选聘制度,2025-12-19,http://static.cninfo.com.cn/finalpage/2025-12-19/1224886389.PDF,1224886389,会计师事务所
300477,ST合纵,ST合纵：关于聘任会计师事务所的公告,2025-12-18,http://static.cninfo.com.cn/finalpage/2025-12-18/1224884685.PDF,1224884685,会计师事务所
300410,正业科技,正业科技：关于拟变更会计师事务所的公告,2025-12-18,http://static.cninfo.com.cn/finalpage/2025-12-18/1224882911.PDF,1224882911,会计师事务所
301091,深城交,深城交：天健会计师事务所关于深圳市城市交通规划设计研究中心股份有限公司募集资金年度存放与使用情况鉴证报告,2025-12-18,http://static.cninfo.com.cn/finalpage/2025-12-18/1224883865.PDF,1224883865,会计师事务所
688484,南芯科技,南芯科技：容诚会计师事务所(特殊普通合伙)关于上海南芯半导体科技股份有限公司向不特定对象发行可转换公司债券的财务报告及审计报告,2025-12-18,http://static.cninfo.com.cn/finalpage/2025-12-18/1224883812.PDF,1224883812,会计师事务所
920035,精创电气,[临时公告]精创电气:天健会计师事务所关于江苏省精创电气股份有限公司使用募集资金置换已支付发行费用的自筹资金的鉴证报告,2025-12-18,http://static.cninfo.com.cn/finalpage/2025-12-18/1224886017.PDF,1224886017,会计师事务所
920035,精创电气,[临时公告]精创电气:会计师事务所选聘制度,2025-12-18,http://static.cninfo.com.cn/finalpage/2025-12-18/1224886023.PDF,1224886023,会计师事务所
000796,凯撒旅业,凯撒旅业：凯撒同盛发展股份有限公司会计师事务所选聘制度（2025年12月）,2025-12-18,http://static.cninfo.com.cn/finalpage/2025-12-18/1224883749.PDF,1224883749,会计师事务所
600299,安迪苏,安迪苏：毕马威华振会计师事务所出具关于蓝星安迪苏股份有限公司验资报告,2025-12-18,http://static.cninfo.com.cn/finalpage/2025-12-18/1224883958.PDF,1224883958,会计师事务所
300735,光弘科技,光弘科技：立信会计师事务所（特殊普通合伙）关于惠州光弘科技股份有限公司申请向特定对象发行股票的审核问询函的回复（修订稿）,2025-12-17,http://static.cninfo.com.cn/finalpage/2025-12-17/1224883810.PDF,1224883810,会计师事务所
002471,中超控股,中超控股：苏亚金诚会计师事务所（特殊普通合伙）关于江苏中超控股股份有限公司 向特定对象发行股票的审核问询函之回复 (豁免版),2025-12-17,http://static.cninfo.com.cn/finalpage/2025-12-17/1224881578.PDF,1224881578,会计师事务所
603095,越剑智能,越剑智能：关于会计师事务所变更质量控制复核人的公告,2025-12-17,http://static.cninfo.com.cn/finalpage/2025-12-17/1224880626.PDF,1224880626,会计师事务所
603626,科森科技,科森科技：中审亚太会计师事务所（特殊普通合伙）《关于昆山科森科技股份有限公司出售全资子公司股权的监管工作函》中有关事项的专项说明,2025-12-17,http://static.cninfo.com.cn/finalpage/2025-12-17/1224882270.PDF,1224882270,会计师事务所
688480,赛恩斯,赛恩斯：赛恩斯环保股份有限公司关于续聘2025年审会计师事务所的公告,2025-12-17,http://static.cninfo.com.cn/finalpage/2025-12-17/1224881085.PDF,1224881085,会计师事务所
001330,博纳影业,博纳影业：关于变更会计师事务所的公告,2025-12-17,http://static.cninfo.com.cn/finalpage/2025-12-17/1224881621.PDF,1224881621,会计师事务所
603236,移远通信,移远通信：立信会计师事务所（特殊普通合伙）关于公司2025年度向特定对象发行A股股票的验资报告,2025-12-17,http://static.cninfo.com.cn/finalpage/2025-12-17/1224882028.PDF,1224882028,会计师事务所
002389,航天彩虹,航天彩虹：关于拟续聘会计师事务所的公告,2025-12-16,http://static.cninfo.com.cn/finalpage/2025-12-16/1224882336.pdf,1224882336,会计师事务所
301323,新莱福,新莱福：天健会计师事务所关于广州新莱福新材料股份有限公司发行股份及支付现金购买资产并募集配套资金申请的审核问询函中有关财务事项的说明,2025-12-16,http://static.cninfo.com.cn/finalpage/2025-12-16/1224882315.PDF,1224882315,会计师事务所
000705,浙江震元,浙江震元：浙江震元股份有限公司会计师事务所选聘制度（2025年12月15日召开的2025年第二次临时股东大会通过）,2025-12-16,http://static.cninfo.com.cn/finalpage/2025-12-16/1224878901.PDF,1224878901,会计师事务所
600325,华发股份,华发股份：华发股份关于聘任会计师事务所的公告,2025-12-16,http://static.cninfo.com.cn/finalpage/2025-12-16/1224880289.PDF,1224880289,会计师事务所
002276,万马股份,万马股份：会计师事务所选聘制度（2025年12月制定）,2025-12-16,http://static.cninfo.com.cn/finalpage/2025-12-16/1224877834.PDF,1224877834,会计师事务所
301326,捷邦科技,捷邦科技：关于续聘2025年度会计师事务所的公告,2025-12-16,http://static.cninfo.com.cn/finalpage/2025-12-16/1224877673.PDF,1224877673,会计师事务所
688136,科兴制药,科兴制药：关于续聘会计师事务所的公告,2025-12-16,http://static.cninfo.com.cn/finalpage/2025-12-16/1224878559.PDF,1224878559,会计师事务所
300611,美力科技,美力科技：会计师事务所选聘制度（2025年12月）,2025-12-16,http://static.cninfo.com.cn/finalpage/2025-12-16/1224879243.PDF,1224879243,会计师事务所
002028,思源电气,思源电气：会计师事务所选聘制度,2025-12-16,http://static.cninfo.com.cn/finalpage/2025-12-16/1224878255.PDF,1224878255,会计师事务所
601666,平煤股份,平煤股份：平煤股份关于变更会计师事务所的公告,2025-12-16,http://static.cninfo.com.cn/finalpage/2025-12-16/1224877728.PDF,1224877728,会计师事务所
002812,恩捷股份,恩捷股份：关于拟变更会计师事务所的公告,2025-12-16,http://static.cninfo.com.cn/finalpage/2025-12-16/1224880132.PDF,1224880132,会计师事务所
688779,五矿新能,五矿新能：五矿新能源材料（湖南）股份有限公司关于续聘会计师事务所的公告,2025-12-16,http://static.cninfo.com.cn/finalpage/2025-12-16/1224879170.PDF,1224879170,会计师事务所
300182,捷成股份,捷成股份：关于变更会计师事务所的公告,2025-12-16,http://static.cninfo.com.cn/finalpage/2025-12-16/1224879703.PDF,1224879703,会计师事务所
300895,铜牛信息,铜牛信息：关于拟变更2025年度会计师事务所的公告,2025-12-16,http://static.cninfo.com.cn/finalpage/2025-12-16/1224876978.PDF,1224876978,会计师事务所
605199,ST葫芦娃,ST葫芦娃：海南葫芦娃药业集团股份有限公司关于聘任2025年度会计师事务所的公告,2025-12-16,http://static.cninfo.com.cn/finalpage/2025-12-16/1224879087.PDF,1224879087,会计师事务所
002219,新里程,新里程：关于续聘会计师事务所的公告,2025-12-16,http://static.cninfo.com.cn/finalpage/2025-12-16/1224878754.PDF,1224878754,会计师事务所
000688,国城矿业,国城矿业：天健会计师事务所（特殊普通合伙）关于对国城矿业股份有限公司重大资产购买暨关联交易的问询函有关财务事项的说明,2025-12-16,http://static.cninfo.com.cn/finalpage/2025-12-16/1224879890.PDF,1224879890,会计师事务所
688625,呈和科技,呈和科技：会计师事务所选聘制度,2025-12-16,http://static.cninfo.com.cn/finalpage/2025-12-16/1224879499.PDF,1224879499,会计师事务所
300244,迪安诊断,迪安诊断：会计师事务所选聘制度（2025年12月）,2025-12-16,http://static.cninfo.com.cn/finalpage/2025-12-16/1224877351.PDF,1224877351,会计师事务所
301589,诺瓦星云,诺瓦星云：关于续聘会计师事务所的公告,2025-12-16,http://static.cninfo.com.cn/finalpage/2025-12-16/1224877145.PDF,1224877145,会计师事务所
601212,白银有色,白银有色：白银有色集团股份有限公司关于变更会计师事务所的公告,2025-12-16,http://static.cninfo.com.cn/finalpage/2025-12-16/1224877583.PDF,1224877583,会计师事务所
600243,*ST海华,*ST海华：青海华鼎关于拟变更会计师事务所的公告,2025-12-16,http://static.cninfo.com.cn/finalpage/2025-12-16/1224878196.PDF,1224878196,会计师事务所
300580,贝斯特,贝斯特：会计师事务所选聘制度（2025年12月）,2025-12-16,http://static.cninfo.com.cn/finalpage/2025-12-16/1224877973.PDF,1224877973,会计师事务所
300298,三诺生物,三诺生物：会计师事务所选聘制度,2025-12-16,http://static.cninfo.com.cn/finalpage/2025-12-16/1224878446.PDF,1224878446,会计师事务所
300301,ST长方,ST长方：关于拟变更会计师事务所的公告,2025-12-16,http://static.cninfo.com.cn/finalpage/2025-12-16/1224878679.PDF,1224878679,会计师事务所
003004,*ST声迅,*ST声迅：关于拟变更会计师事务所的公告,2025-12-16,http://static.cninfo.com.cn/finalpage/2025-12-16/1224878872.PDF,1224878872,会计师事务所
300152,ST新动力,ST新动力：关于拟聘任会计师事务所的公告,2025-12-16,http://static.cninfo.com.cn/finalpage/2025-12-16/1224879694.PDF,1224879694,会计师事务所
688350,富淼科技,富淼科技：江苏富淼科技股份有限公司会计师事务所选聘制度,2025-12-16,http://static.cninfo.com.cn/finalpage/2025-12-16/1224880054.PDF,1224880054,会计师事务所
920895,花溪科技,[临时公告]花溪科技:拟变更2025年度会计师事务所公告,2025-12-16,http://static.cninfo.com.cn/finalpage/2025-12-16/1224882122.PDF,1224882122,会计师事务所
600986,浙文互联,浙文互联：浙文互联关于续聘会计师事务所的公告,2025-12-16,http://static.cninfo.com.cn/finalpage/2025-12-16/1224878824.PDF,1224878824,会计师事务所
300053,航宇微,航宇微：关于拟变更会计师事务所的公告,2025-12-16,http://static.cninfo.com.cn/finalpage/2025-12-16/1224879708.PDF,1224879708,会计师事务所
000803,山高环能,山高环能：安永华明会计师事务所（特殊普通合伙）关于对山高环能集团股份有限公司申请向特定对象发行股票审核问询函回复的专项说明,2025-12-16,http://static.cninfo.com.cn/finalpage/2025-12-16/1224879778.PDF,1224879778,会计师事务所
002310,东方园林,东方园林：关于续聘中兴华会计师事务所为公司2025年度审计机构的公告,2025-12-16,http://static.cninfo.com.cn/finalpage/2025-12-16/1224879984.PDF,1224879984,会计师事务所
300352,北信源,北信源：关于拟变更会计师事务所的公告,2025-12-16,http://static.cninfo.com.cn/finalpage/2025-12-16/1224880088.PDF,1224880088,会计师事务所
001317,三羊马,三羊马：会计师事务所选聘制度（2025年12月修订）,2025-12-16,http://static.cninfo.com.cn/finalpage/2025-12-16/1224879937.PDF,1224879937,会计师事务所
002267,陕天然气,陕天然气：关于拟续聘会计师事务所的公告,2025-12-16,http://static.cninfo.com.cn/finalpage/2025-12-16/1224880015.PDF,1224880015,会计师事务所
300291,百纳千成,百纳千成：年度审计会计师事务所选聘制度（2025年12月）,2025-12-16,http://static.cninfo.com.cn/finalpage/2025-12-16/1224880092.PDF,1224880092,会计师事务所
603590,康辰药业,康辰药业：北京康辰药业股份有限公司会计师事务所选聘制度,2025-12-16,http://static.cninfo.com.cn/finalpage/2025-12-16/1224879303.PDF,1224879303,会计师事务所
300093,*ST金刚,*ST金刚：关于更换会计师事务所的公告,2025-12-16,http://static.cninfo.com.cn/finalpage/2025-12-16/1224878860.PDF,1224878860,会计师事务所
301486,致尚科技,致尚科技：上会会计师事务所（特殊普通合伙）关于深圳市致尚科技股份有限公司申请发行股份、现金购买资产的审核问询函的回复（修订稿）,2025-12-15,http://static.cninfo.com.cn/finalpage/2025-12-15/1224877680.PDF,1224877680,会计师事务所
301368,丰立智能,丰立智能：天健会计师事务所（特殊普通合伙）关于浙江丰立智能科技股份有限公司申请向特定对象发行股票的审核问询函的回复,2025-12-15,http://static.cninfo.com.cn/finalpage/2025-12-15/1224877505.PDF,1224877505,会计师事务所
920056,能之光,[临时公告]能之光:拟续聘2026年度会计师事务所的公告,2025-12-15,http://static.cninfo.com.cn/finalpage/2025-12-15/1224878851.PDF,1224878851,会计师事务所
920925,锦好医疗,[临时公告]锦好医疗:拟续聘2025年度会计师事务所公告,2025-12-15,http://static.cninfo.com.cn/finalpage/2025-12-15/1224878735.PDF,1224878735,会计师事务所
920111,聚星科技,[临时公告]聚星科技:拟续聘2025年度会计师事务所公告,2025-12-15,http://static.cninfo.com.cn/finalpage/2025-12-15/1224877615.PDF,1224877615,会计师事务所
300860,锋尚文化,锋尚文化：关于拟续聘2025年度会计师事务所的公告,2025-12-15,http://static.cninfo.com.cn/finalpage/2025-12-15/1224873130.PDF,1224873130,会计师事务所
688291,金橙子,金橙子：容诚会计师事务所（特殊普通合伙）关于北京金橙子科技股份有限公司前次募集资金使用情况鉴证报告,2025-12-15,http://static.cninfo.com.cn/finalpage/2025-12-15/1224876503.PDF,1224876503,会计师事务所
002526,山东矿机,山东矿机：山东矿机关于拟变更会计师事务所的公告,2025-12-13,http://static.cninfo.com.cn/finalpage/2025-12-13/1224870817.PDF,1224870817,会计师事务所
600082,海泰发展,海泰发展：天津海泰科技发展股份有限公司关于聘任会计师事务所的公告,2025-12-13,http://static.cninfo.com.cn/finalpage/2025-12-13/1224871160.PDF,1224871160,会计师事务所
000717,中南股份,中南股份：关于拟续聘2025年会计师事务所的公告,2025-12-13,http://static.cninfo.com.cn/finalpage/2025-12-13/1224871558.PDF,1224871558,会计师事务所
300545,联得装备,联得装备：会计师事务所选聘制度,2025-12-13,http://static.cninfo.com.cn/finalpage/2025-12-13/1224871614.PDF,1224871614,会计师事务所
300545,联得装备,联得装备：关于续聘大信会计师事务所（特殊普通合伙）为公司2025年度审计机构的公告,2025-12-13,http://static.cninfo.com.cn/finalpage/2025-12-13/1224871636.PDF,1224871636,会计师事务所
002836,新宏泽,新宏泽：关于变更会计师事务所的公告,2025-12-13,http://static.cninfo.com.cn/finalpage/2025-12-13/1224871911.PDF,1224871911,会计师事务所
002731,萃华珠宝,萃华珠宝：会计师事务所选聘制度（2025年12月）,2025-12-13,http://static.cninfo.com.cn/finalpage/2025-12-13/1224871545.PDF,1224871545,会计师事务所
300074,华平股份,华平股份：关于拟变更会计师事务所的公告,2025-12-13,http://static.cninfo.com.cn/finalpage/2025-12-13/1224872650.PDF,1224872650,会计师事务所
002429,兆驰股份,兆驰股份：关于拟变更会计师事务所的公告,2025-12-13,http://static.cninfo.com.cn/finalpage/2025-12-13/1224871814.PDF,1224871814,会计师事务所
301251,威尔高,威尔高：关于续聘会计师事务所的公告,2025-12-13,http://static.cninfo.com.cn/finalpage/2025-12-13/1224873743.PDF,1224873743,会计师事务所
001210,金房能源,金房能源：会计师事务所选聘制度,2025-12-13,http://static.cninfo.com.cn/finalpage/2025-12-13/1224872522.PDF,1224872522,会计师事务所
300071,福石控股,福石控股：拟续聘会计师事务所的公告,2025-12-13,http://static.cninfo.com.cn/finalpage/2025-12-13/1224873976.PDF,1224873976,会计师事务所
300205,*ST天喻,*ST天喻：关于拟变更会计师事务所的公告,2025-12-13,http://static.cninfo.com.cn/finalpage/2025-12-13/1224874438.PDF,1224874438,会计师事务所
000908,*ST景峰,*ST景峰：会计师事务所选聘制度 （2025年12月修订）,2025-12-13,http://static.cninfo.com.cn/finalpage/2025-12-13/1224872943.PDF,1224872943,会计师事务所
300269,联建光电,联建光电：关于改聘会计师事务所的公告,2025-12-13,http://static.cninfo.com.cn/finalpage/2025-12-13/1224875214.PDF,1224875214,会计师事务所
002531,天顺风能,天顺风能：关于续聘2025年度会计师事务所的公告,2025-12-13,http://static.cninfo.com.cn/finalpage/2025-12-13/1224875579.PDF,1224875579,会计师事务所
002739,万达电影,万达电影：会计师事务所选聘制度（2025年12月）,2025-12-13,http://static.cninfo.com.cn/finalpage/2025-12-13/1224875598.PDF,1224875598,会计师事务所
003028,振邦智能,振邦智能：会计师事务所选聘制度（2025年12月）,2025-12-13,http://static.cninfo.com.cn/finalpage/2025-12-13/1224875444.PDF,1224875444,会计师事务所
000068,华控赛格,华控赛格：关于拟更换会计师事务所的公告,2025-12-13,http://static.cninfo.com.cn/finalpage/2025-12-13/1224872464.PDF,1224872464,会计师事务所
600360,*ST华微,*ST华微：吉林华微电子股份有限公司会计师事务所选聘制度,2025-12-13,http://static.cninfo.com.cn/finalpage/2025-12-13/1224872449.PDF,1224872449,会计师事务所
300807,天迈科技,天迈科技：关于聘任会计师事务所的公告,2025-12-13,http://static.cninfo.com.cn/finalpage/2025-12-13/1224873865.PDF,1224873865,会计师事务所
001387,雪祺电气,雪祺电气：会计师事务所选聘制度,2025-12-13,http://static.cninfo.com.cn/finalpage/2025-12-13/1224874250.PDF,1224874250,会计师事务所
600355,*ST精伦,*ST精伦：精伦电子关于 2025年度审计会计师事务所辞任的公告,2025-12-13,http://static.cninfo.com.cn/finalpage/2025-12-13/1224871058.PDF,1224871058,会计师事务所
000968,蓝焰控股,蓝焰控股：关于续聘2025年度会计师事务所的公告,2025-12-13,http://static.cninfo.com.cn/finalpage/2025-12-13/1224872176.PDF,1224872176,会计师事务所
001229,魅视科技,魅视科技：会计师事务所选聘制度,2025-12-13,http://static.cninfo.com.cn/finalpage/2025-12-13/1224871328.PDF,1224871328,会计师事务所
300661,圣邦股份,圣邦股份：关于变更会计师事务所的公告,2025-12-13,http://static.cninfo.com.cn/finalpage/2025-12-13/1224873647.PDF,1224873647,会计师事务所
688627,精智达,精智达：关于续聘2025年度会计师事务所的公告,2025-12-13,http://static.cninfo.com.cn/finalpage/2025-12-13/1224874904.PDF,1224874904,会计师事务所
600048,保利发展,保利发展：保利发展控股集团股份有限公司关于续聘会计师事务所的公告,2025-12-13,http://static.cninfo.com.cn/finalpage/2025-12-13/1224874977.PDF,1224874977,会计师事务所
002530,金财互联,金财互联：金财互联控股股份有限公司会计师事务所选聘制度（2025年12月）,2025-12-13,http://static.cninfo.com.cn/finalpage/2025-12-13/1224871435.PDF,1224871435,会计师事务所
600193,*ST创兴,*ST创兴：上海创兴资源开发股份有限公司关于变更会计师事务所的公告,2025-12-13,http://static.cninfo.com.cn/finalpage/2025-12-13/1224876123.PDF,1224876123,会计师事务所
002531,天顺风能,天顺风能：会计师事务所选聘制度（2025年12月）,2025-12-13,http://static.cninfo.com.cn/finalpage/2025-12-13/1224875575.PDF,1224875575,会计师事务所
002953,日丰股份,日丰股份：永拓会计师事务所（特殊普通合伙）出具的广东日丰电缆股份有限公司关于使用募集资金置换已支付发行相关费用的自筹资金的鉴证报告,2025-12-13,http://static.cninfo.com.cn/finalpage/2025-12-13/1224875629.PDF,1224875629,会计师事务所
603429,集友股份,集友股份：集友股份关于变更会计师事务所的公告,2025-12-13,http://static.cninfo.com.cn/finalpage/2025-12-13/1224873494.PDF,1224873494,会计师事务所
600545,卓郎智能,卓郎智能：关于续聘会计师事务所的公告,2025-12-13,http://static.cninfo.com.cn/finalpage/2025-12-13/1224873202.PDF,1224873202,会计师事务所
002210,飞马国际,飞马国际：会计师事务所选聘制度（2025年12月修订）,2025-12-13,http://static.cninfo.com.cn/finalpage/2025-12-13/1224875860.PDF,1224875860,会计师事务所
688084,晶品特装,晶品特装：关于变更会计师事务所的公告,2025-12-13,http://static.cninfo.com.cn/finalpage/2025-12-13/1224870955.PDF,1224870955,会计师事务所
603021,ST华鹏,ST华鹏：山东华鹏关于变更会计师事务所的公告,2025-12-13,http://static.cninfo.com.cn/finalpage/2025-12-13/1224874147.PDF,1224874147,会计师事务所
002510,天汽模,天汽模：会计师事务所选聘制度,2025-12-13,http://static.cninfo.com.cn/finalpage/2025-12-13/1224872326.PDF,1224872326,会计师事务所
600725,云维股份,云维股份：云南云维股份有限公司选聘会计师事务所管理办法,2025-12-13,http://static.cninfo.com.cn/finalpage/2025-12-13/1224872263.PDF,1224872263,会计师事务所
001373,翔腾新材,翔腾新材：会计师事务所选聘制度,2025-12-13,http://static.cninfo.com.cn/finalpage/2025-12-13/1224871270.PDF,1224871270,会计师事务所
600686,金龙汽车,金龙汽车：金龙汽车关于续聘会计师事务所的公告,2025-12-13,http://static.cninfo.com.cn/finalpage/2025-12-13/1224875380.PDF,1224875380,会计师事务所
605298,必得科技,必得科技：江苏必得科技股份有限公司会计师事务所选聘制度,2025-12-13,http://static.cninfo.com.cn/finalpage/2025-12-13/1224875506.PDF,1224875506,会计师事务所
300910,瑞丰新材,瑞丰新材：关于拟续聘会计师事务所的公告,2025-12-13,http://static.cninfo.com.cn/finalpage/2025-12-13/1224871174.PDF,1224871174,会计师事务所
600406,国电南瑞,国电南瑞：国电南瑞关于变更会计师事务所的公告,2025-12-13,http://static.cninfo.com.cn/finalpage/2025-12-13/1224871062.PDF,1224871062,会计师事务所
300227,光韵达,光韵达：会计师事务所选聘制度,2025-12-13,http://static.cninfo.com.cn/finalpage/2025-12-13/1224872741.PDF,1224872741,会计师事务所
300227,光韵达,光韵达：关于变更会计师事务所的公告,2025-12-13,http://static.cninfo.com.cn/finalpage/2025-12-13/1224872773.PDF,1224872773,会计师事务所
002562,兄弟科技,兄弟科技：会计师事务所选聘制度,2025-12-13,http://static.cninfo.com.cn/finalpage/2025-12-13/1224872591.PDF,1224872591,会计师事务所
688332,中科蓝讯,中科蓝讯：会计师事务所选聘制度（2025年12月）,2025-12-13,http://static.cninfo.com.cn/finalpage/2025-12-13/1224874896.PDF,1224874896,会计师事务所
300189,神农种业,神农种业：关于拟变更会计师事务所的公告,2025-12-13,http://static.cninfo.com.cn/finalpage/2025-12-13/1224872891.PDF,1224872891,会计师事务所
301139,元道通信,元道通信：关于聘任会计师事务所的公告,2025-12-13,http://static.cninfo.com.cn/finalpage/2025-12-13/1224872826.PDF,1224872826,会计师事务所
603324,盛剑科技,盛剑科技：盛剑科技关于变更会计师事务所的公告,2025-12-13,http://static.cninfo.com.cn/finalpage/2025-12-13/1224873768.PDF,1224873768,会计师事务所
000716,黑芝麻,黑芝麻：关于拟变更会计师事务所的公告,2025-12-13,http://static.cninfo.com.cn/finalpage/2025-12-13/1224873436.PDF,1224873436,会计师事务所
603001,奥康国际,奥康国际：会计师事务所选聘制度（2025年12月制定）,2025-12-13,http://static.cninfo.com.cn/finalpage/2025-12-13/1224876197.PDF,1224876197,会计师事务所
002712,思美传媒,思美传媒：思美传媒股份有限公司关于拟变更会计师事务所的公告,2025-12-13,http://static.cninfo.com.cn/finalpage/2025-12-13/1224871971.PDF,1224871971,会计师事务所
003027,同兴科技,同兴科技：会计师事务所选聘制度（2025年12月）,2025-12-13,http://static.cninfo.com.cn/finalpage/2025-12-13/1224875794.PDF,1224875794,会计师事务所
301185,鸥玛软件,鸥玛软件：关于续聘公司2025年度会计师事务所的公告,2025-12-13,http://static.cninfo.com.cn/finalpage/2025-12-13/1224870751.PDF,1224870751,会计师事务所
300881,盛德鑫泰,盛德鑫泰：公证天业会计师事务所（普通合伙）关于盛德鑫泰新材料股份有限公司可转债申请文件的反馈意见的回复,2025-12-13,http://static.cninfo.com.cn/finalpage/2025-12-13/1224872414.PDF,1224872414,会计师事务所
002816,*ST和科,*ST和科：关于拟变更会计师事务所的公告,2025-12-13,http://static.cninfo.com.cn/finalpage/2025-12-13/1224870965.PDF,1224870965,会计师事务所
002381,双箭股份,双箭股份：会计师事务所选聘制度（2025年12月）,2025-12-13,http://static.cninfo.com.cn/finalpage/2025-12-13/1224873692.PDF,1224873692,会计师事务所
300065,海兰信,海兰信：关于续聘会计师事务所的公告,2025-12-13,http://static.cninfo.com.cn/finalpage/2025-12-13/1224873959.PDF,1224873959,会计师事务所
002929,润建股份,润建股份：关于拟聘任会计师事务所的公告,2025-12-13,http://static.cninfo.com.cn/finalpage/2025-12-13/1224874270.PDF,1224874270,会计师事务所
000037,深南电A,深南电A：选聘会计师事务所管理制度,2025-12-13,http://static.cninfo.com.cn/finalpage/2025-12-13/1224874603.PDF,1224874603,会计师事务所
002269,美邦服饰,美邦服饰：变更会计师事务所的公告,2025-12-13,http://static.cninfo.com.cn/finalpage/2025-12-13/1224874273.PDF,1224874273,会计师事务所
600406,国电南瑞,国电南瑞：国电南瑞会计师事务所选聘管理办法,2025-12-13,http://static.cninfo.com.cn/finalpage/2025-12-13/1224871038.PDF,1224871038,会计师事务所
600579,中化装备,中化装备：中化装备科技（青岛）股份有限公司关于续聘会计师事务所的公告,2025-12-13,http://static.cninfo.com.cn/finalpage/2025-12-13/1224873873.PDF,1224873873,会计师事务所
688375,国博电子,国博电子：南京国博电子股份有限公司关于变更会计师事务所的公告,2025-12-13,http://static.cninfo.com.cn/finalpage/2025-12-13/1224874613.PDF,1224874613,会计师事务所
600052,东望时代,东望时代：浙江东望时代科技股份有限公司关于变更会计师事务所的公告,2025-12-13,http://static.cninfo.com.cn/finalpage/2025-12-13/1224874617.PDF,1224874617,会计师事务所
000878,云南铜业,云南铜业：关于续聘会计师事务所的公告,2025-12-13,http://static.cninfo.com.cn/finalpage/2025-12-13/1224873449.PDF,1224873449,会计师事务所
600252,中恒集团,中恒集团：广西梧州中恒集团股份有限公司关于续聘2025年度会计师事务所的公告,2025-12-13,http://static.cninfo.com.cn/finalpage/2025-12-13/1224874908.PDF,1224874908,会计师事务所
688648,中邮科技,中邮科技：中邮科技股份有限公司会计师事务所选聘制度（2025年12月）,2025-12-13,http://static.cninfo.com.cn/finalpage/2025-12-13/1224874805.PDF,1224874805,会计师事务所
688520,神州细胞,神州细胞：会计师事务所选聘制度,2025-12-13,http://static.cninfo.com.cn/finalpage/2025-12-13/1224876274.PDF,1224876274,会计师事务所
600855,航天长峰,航天长峰：北京航天长峰股份有限公司关于续聘2025年度会计师事务所的公告,2025-12-13,http://static.cninfo.com.cn/finalpage/2025-12-13/1224873381.PDF,1224873381,会计师事务所
600148,长春一东,长春一东：长春一东关于续聘会计师事务所的公告,2025-12-13,http://static.cninfo.com.cn/finalpage/2025-12-13/1224872790.PDF,1224872790,会计师事务所
603828,ST柯利达,ST柯利达：柯利达关于变更会计师事务所的公告,2025-12-13,http://static.cninfo.com.cn/finalpage/2025-12-13/1224875315.PDF,1224875315,会计师事务所
300655,晶瑞电材,晶瑞电材：会计师事务所选聘制度（2025年12月）,2025-12-13,http://static.cninfo.com.cn/finalpage/2025-12-13/1224875675.PDF,1224875675,会计师事务所
000612,焦作万方,焦作万方：天健会计师事务所（特殊普通合伙）关于焦作万方铝业股份有限公司发行股份购买资产申请文件的审核问询函中有关财务事项的说明,2025-12-13,http://static.cninfo.com.cn/finalpage/2025-12-13/1224875768.PDF,1224875768,会计师事务所
301137,哈焊华通,哈焊华通：关于拟续聘2025年度会计师事务所的公告,2025-12-13,http://static.cninfo.com.cn/finalpage/2025-12-13/1224875943.PDF,1224875943,会计师事务所
002080,中材科技,中材科技：中审众环会计师事务所（特殊普通合伙）关于中材科技股份有限公司申请向特定对象发行股票的审核问询函的回复,2025-12-13,http://static.cninfo.com.cn/finalpage/2025-12-13/1224871082.PDF,1224871082,会计师事务所
300231,银信科技,银信科技：会计师事务所选聘制度（2025年12月）,2025-12-13,http://static.cninfo.com.cn/finalpage/2025-12-13/1224871014.PDF,1224871014,会计师事务所
688223,晶科能源,晶科能源：晶科能源股份有限公司会计师事务所选聘制度（2025年12月修订）,2025-12-13,http://static.cninfo.com.cn/finalpage/2025-12-13/1224874167.PDF,1224874167,会计师事务所
002622,皓宸医疗,皓宸医疗：关于续聘会计师事务所的公告,2025-12-13,http://static.cninfo.com.cn/finalpage/2025-12-13/1224874762.PDF,1224874762,会计师事务所
002032,苏 泊 尔,苏 泊 尔：浙江苏泊尔股份有限公司会计师事务所选聘制度（202512）,2025-12-13,http://static.cninfo.com.cn/finalpage/2025-12-13/1224874574.PDF,1224874574,会计师事务所
002542,中化岩土,中化岩土：关于拟变更会计师事务所的公告,2025-12-13,http://static.cninfo.com.cn/finalpage/2025-12-13/1224875413.PDF,1224875413,会计师事务所
09927,赛力斯,赛力斯：建议聘任会计师事务所,2025-12-12,http://static.cninfo.com.cn/finalpage/2025-12-12/1224876301.PDF,1224876301,会计师事务所
300555,ST路通,ST路通：无锡路通视信网络股份有限公司关于拟变更会计师事务所的公告,2025-12-12,http://static.cninfo.com.cn/finalpage/2025-12-12/1224875969.PDF,1224875969,会计师事务所
920974,凯大催化,[临时公告]凯大催化:拟续聘2025年度会计师事务所公告,2025-12-12,http://static.cninfo.com.cn/finalpage/2025-12-12/1224871855.PDF,1224871855,会计师事务所
605338,巴比食品,巴比食品：会计师事务所选聘制度（2025年12月修订）,2025-12-12,http://static.cninfo.com.cn/finalpage/2025-12-12/1224869851.PDF,1224869851,会计师事务所
002354,天娱数科,天娱数科：会计师事务所选聘制度,2025-12-12,http://static.cninfo.com.cn/finalpage/2025-12-12/1224868379.PDF,1224868379,会计师事务所
600165,*ST宁科,*ST宁科：*ST宁科关于续聘会计师事务所的公告,2025-12-12,http://static.cninfo.com.cn/finalpage/2025-12-12/1224870586.PDF,1224870586,会计师事务所
000007,全新好,全新好：关于拟变更会计师事务所的公告,2025-12-12,http://static.cninfo.com.cn/finalpage/2025-12-12/1224870265.PDF,1224870265,会计师事务所
002575,群兴玩具,群兴玩具：关于续聘会计师事务所的公告,2025-12-12,http://static.cninfo.com.cn/finalpage/2025-12-12/1224868891.PDF,1224868891,会计师事务所
603128,华贸物流,华贸物流：港中旅华贸国际物流股份有限公司关于续聘会计师事务所的公告,2025-12-12,http://static.cninfo.com.cn/finalpage/2025-12-12/1224868563.PDF,1224868563,会计师事务所
920866,绿亨科技,[临时公告]绿亨科技:拟续聘2025年度会计师事务所公告,2025-12-12,http://static.cninfo.com.cn/finalpage/2025-12-12/1224874543.PDF,1224874543,会计师事务所
002354,天娱数科,天娱数科：关于拟续聘会计师事务所的公告,2025-12-12,http://static.cninfo.com.cn/finalpage/2025-12-12/1224868382.PDF,1224868382,会计师事务所
688629,华丰科技,华丰科技：会计师事务所选聘制度,2025-12-12,http://static.cninfo.com.cn/finalpage/2025-12-12/1224869552.PDF,1224869552,会计师事务所
002644,佛慈制药,佛慈制药：关于续聘会计师事务所的公告,2025-12-12,http://static.cninfo.com.cn/finalpage/2025-12-12/1224868373.PDF,1224868373,会计师事务所
600418,江淮汽车,江淮汽车：容诚会计师事务所（特殊普通合伙）关于安徽江淮汽车集团股份有限公司向特定对象发行股票申请文件的审核问询函的回复（修订稿）,2025-12-12,http://static.cninfo.com.cn/finalpage/2025-12-12/1224870595.PDF,1224870595,会计师事务所
002584,西陇科学,西陇科学：关于拟变更会计师事务所的公告,2025-12-12,http://static.cninfo.com.cn/finalpage/2025-12-12/1224869132.PDF,1224869132,会计师事务所
300633,开立医疗,开立医疗：会计师事务所选聘制度,2025-12-12,http://static.cninfo.com.cn/finalpage/2025-12-12/1224869394.PDF,1224869394,会计师事务所
000698,ST沈化,ST沈化：沈阳化工股份有限公司关于拟续聘会计师事务所的公告,2025-12-12,http://static.cninfo.com.cn/finalpage/2025-12-12/1224869949.PDF,1224869949,会计师事务所
600228,*ST返利,*ST返利：上会会计师事务所(特殊普通合伙)关于对返利网数字科技股份有限公司2025年三季度报告的信息披露监管问询函的专项说明（上会业函字(2025)第1744号）,2025-12-12,http://static.cninfo.com.cn/finalpage/2025-12-12/1224870339.PDF,1224870339,会计师事务所
600873,梅花生物,梅花生物：梅花生物会计师事务所选聘制度（2025年12月修订）,2025-12-12,http://static.cninfo.com.cn/finalpage/2025-12-12/1224868713.PDF,1224868713,会计师事务所
002551,尚荣医疗,尚荣医疗：关于续聘会计师事务所的公告,2025-12-12,http://static.cninfo.com.cn/finalpage/2025-12-12/1224870488.PDF,1224870488,会计师事务所
300338,ST开元,ST开元：会计师事务所聘任制度,2025-12-12,http://static.cninfo.com.cn/finalpage/2025-12-12/1224868946.PDF,1224868946,会计师事务所
920809,安达科技,[临时公告]安达科技:拟变更会计师事务所的公告,2025-12-12,http://static.cninfo.com.cn/finalpage/2025-12-12/1224873896.PDF,1224873896,会计师事务所
000958,电投产融,电投产融：关于聘请公司2025-2026年度会计师事务所的公告,2025-12-12,http://static.cninfo.com.cn/finalpage/2025-12-12/1224869902.PDF,1224869902,会计师事务所
920932,科达自控,[临时公告]科达自控:拟续聘2025年度会计师事务所公告,2025-12-12,http://static.cninfo.com.cn/finalpage/2025-12-12/1224874838.PDF,1224874838,会计师事务所
688576,西山科技,西山科技：重庆西山科技股份有限公司关于变更会计师事务所的公告,2025-12-12,http://static.cninfo.com.cn/finalpage/2025-12-12/1224869443.PDF,1224869443,会计师事务所
600215,派斯林,派斯林：派斯林关于2025年度变更会计师事务所的公告,2025-12-12,http://static.cninfo.com.cn/finalpage/2025-12-12/1224869315.PDF,1224869315,会计师事务所
002630,ST华西,ST华西：关于变更会计师事务所的公告,2025-12-12,http://static.cninfo.com.cn/finalpage/2025-12-12/1224869643.PDF,1224869643,会计师事务所
600418,江淮汽车,江淮汽车：天健会计师事务所（特殊普通合伙）关于安徽江淮汽车集团股份有限公司向特定对象发行股票申请文件的审核问询函的回复(修订稿),2025-12-12,http://static.cninfo.com.cn/finalpage/2025-12-12/1224870597.PDF,1224870597,会计师事务所
920267,鑫汇科,[临时公告]鑫汇科:拟续聘2025年度会计师事务所的公告,2025-12-12,http://static.cninfo.com.cn/finalpage/2025-12-12/1224874214.PDF,1224874214,会计师事务所
603050,科林电气,科林电气：会计师事务所选聘制度（2025年12月修订）,2025-12-12,http://static.cninfo.com.cn/finalpage/2025-12-12/1224869220.PDF,1224869220,会计师事务所
688395,正弦电气,正弦电气：关于变更会计师事务所项目合伙人的公告,2025-12-12,http://static.cninfo.com.cn/finalpage/2025-12-12/1224869234.PDF,1224869234,会计师事务所
920579,机科股份,[临时公告]机科股份:拟续聘2025年度会计师事务所公告,2025-12-12,http://static.cninfo.com.cn/finalpage/2025-12-12/1224872874.PDF,1224872874,会计师事务所
600863,内蒙华电,内蒙华电：中证天通会计师事务所（特殊普通合伙）关于内蒙古蒙电华能热电股份有限公司发行股份及支付现金购买资产并募集配套资金暨关联交易申请的审核问询函中相关财务问题的专项核查意见（二次修订稿）,2025-12-12,http://static.cninfo.com.cn/finalpage/2025-12-12/1224870524.PDF,1224870524,会计师事务所
301687,新广益,新广益：容诚会计师事务所（特殊普通合伙）关于公司首次公开发行股票并在创业板上市的财务报表及审计报告,2025-12-12,http://static.cninfo.com.cn/finalpage/2025-12-12/1224870503.PDF,1224870503,会计师事务所
600456,宝钛股份,宝钛股份：希格玛会计师事务所（特殊普通合伙）关于宝鸡钛业股份有限公司向不特定对象发行可转换公司债券的财务报告及审计报告,2025-12-12,http://static.cninfo.com.cn/finalpage/2025-12-12/1224869638.PDF,1224869638,会计师事务所
002317,众生药业,众生药业：会计师事务所选聘制度（2025年12月修订）,2025-12-12,http://static.cninfo.com.cn/finalpage/2025-12-12/1224870337.PDF,1224870337,会计师事务所
920122,中纺标,[临时公告]XD中纺标:拟续聘2025年度会计师事务所公告,2025-12-12,http://static.cninfo.com.cn/finalpage/2025-12-12/1224873901.PDF,1224873901,会计师事务所
300287,飞利信,飞利信：关于拟变更会计师事务所的公告,2025-12-11,http://static.cninfo.com.cn/finalpage/2025-12-11/1224867977.PDF,1224867977,会计师事务所
301017,漱玉平民,漱玉平民：关于拟变更会计师事务所的公告,2025-12-11,http://static.cninfo.com.cn/finalpage/2025-12-11/1224864148.PDF,1224864148,会计师事务所
605008,长鸿高科,长鸿高科：会计师事务所选聘制度（2025年12月修订）,2025-12-11,http://static.cninfo.com.cn/finalpage/2025-12-11/1224864724.PDF,1224864724,会计师事务所
600787,中储股份,中储股份：中储发展股份有限公司关于续聘会计师事务所的公告,2025-12-11,http://static.cninfo.com.cn/finalpage/2025-12-11/1224865730.PDF,1224865730,会计师事务所
002001,新 和 成,新 和 成：会计师事务所选聘制度（2025年12月）,2025-12-11,http://static.cninfo.com.cn/finalpage/2025-12-11/1224865189.PDF,1224865189,会计师事务所
300077,国民技术,国民技术：关于变更境内会计师事务所的公告,2025-12-11,http://static.cninfo.com.cn/finalpage/2025-12-11/1224865582.PDF,1224865582,会计师事务所
601686,友发集团,友发集团：会计师事务所选聘制度-2025年修订,2025-12-11,http://static.cninfo.com.cn/finalpage/2025-12-11/1224865365.PDF,1224865365,会计师事务所
603055,台华新材,台华新材：浙江台华新材料集团股份有限公司会计师事务所选聘制度（2025年12月修订）,2025-12-11,http://static.cninfo.com.cn/finalpage/2025-12-11/1224866316.PDF,1224866316,会计师事务所
002681,奋达科技,奋达科技：关于拟变更会计师事务所的公告,2025-12-11,http://static.cninfo.com.cn/finalpage/2025-12-11/1224865776.PDF,1224865776,会计师事务所
002691,冀凯股份,冀凯股份：关于拟变更会计师事务所的公告,2025-12-11,http://static.cninfo.com.cn/finalpage/2025-12-11/1224866728.PDF,1224866728,会计师事务所
300853,申昊科技,申昊科技：《会计师事务所选聘制度》（2025年12月）,2025-12-11,http://static.cninfo.com.cn/finalpage/2025-12-11/1224867055.PDF,1224867055,会计师事务所
001396,誉帆科技,誉帆科技：容诚会计师事务所（特殊普通合伙）关于公司首次公开发行股票并在主板上市的财务报表及审计报告,2025-12-11,http://static.cninfo.com.cn/finalpage/2025-12-11/1224866143.PDF,1224866143,会计师事务所
000599,青岛双星,青岛双星：立信会计师事务所（特殊普通合伙）关于对青岛双星股份有限公司发行股份、现金购买资产并募集配套资金申请的审核问询函之回复报告,2025-12-11,http://static.cninfo.com.cn/finalpage/2025-12-11/1224867864.pdf,1224867864,会计师事务所
920961,创远信科,[临时公告]创远信科:拟续聘2025年度会计师事务所公告,2025-12-11,http://static.cninfo.com.cn/finalpage/2025-12-11/1224869765.PDF,1224869765,会计师事务所
920961,创远信科,[临时公告]创远信科:中汇会计师事务所（特殊普通合伙）关于创远信科（上海）技术股份有限公司本次重大重组前发生业绩异常或存在拟置出资产情形相关事项之专项核查意见,2025-12-11,http://static.cninfo.com.cn/finalpage/2025-12-11/1224869792.PDF,1224869792,会计师事务所
920961,创远信科,[临时公告]创远信科:中汇会计师事务所（特殊普通合伙）关于上海微宇天导技术有限责任公司业绩真实性的专项核查说明,2025-12-11,http://static.cninfo.com.cn/finalpage/2025-12-11/1224869795.PDF,1224869795,会计师事务所
920128,胜业电气,[临时公告]胜业电气:拟续聘2025年度会计师事务所公告,2025-12-11,http://static.cninfo.com.cn/finalpage/2025-12-11/1224870025.PDF,1224870025,会计师事务所
603968,醋化股份,醋化股份：会计师事务所选聘制度,2025-12-11,http://static.cninfo.com.cn/finalpage/2025-12-11/1224864217.PDF,1224864217,会计师事务所
603535,嘉诚国际,嘉诚国际：关于续聘会计师事务所的公告,2025-12-11,http://static.cninfo.com.cn/finalpage/2025-12-11/1224866070.PDF,1224866070,会计师事务所
301115,联检科技,联检科技：《会计师事务所选聘制度》,2025-12-11,http://static.cninfo.com.cn/finalpage/2025-12-11/1224865453.PDF,1224865453,会计师事务所
000566,海南海药,海南海药：关于续聘会计师事务所的公告,2025-12-11,http://static.cninfo.com.cn/finalpage/2025-12-11/1224865271.PDF,1224865271,会计师事务所
688189,南新制药,南新制药：关于聘任2025年度审计机构暨变更会计师事务所的公告,2025-12-11,http://static.cninfo.com.cn/finalpage/2025-12-11/1224865062.PDF,1224865062,会计师事务所
300048,合康新能,合康新能：会计师事务所选聘制度(2025年12月),2025-12-11,http://static.cninfo.com.cn/finalpage/2025-12-11/1224866377.PDF,1224866377,会计师事务所
300101,振芯科技,振芯科技：关于变更会计师事务所的公告,2025-12-11,http://static.cninfo.com.cn/finalpage/2025-12-11/1224866781.PDF,1224866781,会计师事务所
920160,北矿检测,[临时公告]北矿检测:会计师事务所选聘管理办法,2025-12-11,http://static.cninfo.com.cn/finalpage/2025-12-11/1224870047.PDF,1224870047,会计师事务所
688501,青达环保,青达环保：青达环保会计师事务所选聘制度,2025-12-11,http://static.cninfo.com.cn/finalpage/2025-12-11/1224864798.PDF,1224864798,会计师事务所
600794,保税科技,保税科技：张家港保税科技（集团）股份有限公司关于续聘会计师事务所的公告,2025-12-11,http://static.cninfo.com.cn/finalpage/2025-12-11/1224864704.PDF,1224864704,会计师事务所
002761,浙江建投,浙江建投：会计师事务所选聘制度（2025年12月）,2025-12-11,http://static.cninfo.com.cn/finalpage/2025-12-11/1224867529.PDF,1224867529,会计师事务所
600490,鹏欣资源,鹏欣资源：关于变更会计师事务所的公告,2025-12-11,http://static.cninfo.com.cn/finalpage/2025-12-11/1224867746.PDF,1224867746,会计师事务所
600518,康美药业,康美药业：康美药业股份有限公司会计师事务所选聘制度（2025年12月）,2025-12-11,http://static.cninfo.com.cn/finalpage/2025-12-11/1224864453.PDF,1224864453,会计师事务所
301355,南王科技,南王科技：会计师事务所选聘制度（2025年12月修订）,2025-12-11,http://static.cninfo.com.cn/finalpage/2025-12-11/1224865950.PDF,1224865950,会计师事务所
002691,冀凯股份,冀凯股份：会计师事务所选聘制度,2025-12-11,http://static.cninfo.com.cn/finalpage/2025-12-11/1224866704.PDF,1224866704,会计师事务所
000912,泸天化,泸天化：关于拟变更会计师事务所的公告,2025-12-11,http://static.cninfo.com.cn/finalpage/2025-12-11/1224866262.PDF,1224866262,会计师事务所
300692,中环环保,中环环保：会计师事务所选聘制度,2025-12-11,http://static.cninfo.com.cn/finalpage/2025-12-11/1224864372.PDF,1224864372,会计师事务所
301203,国泰环保,国泰环保：会计师事务所选聘制度,2025-12-11,http://static.cninfo.com.cn/finalpage/2025-12-11/1224866896.PDF,1224866896,会计师事务所
605069,正和生态,正和生态：关于续聘会计师事务所的公告,2025-12-11,http://static.cninfo.com.cn/finalpage/2025-12-11/1224867011.PDF,1224867011,会计师事务所
601686,友发集团,友发集团：关于续聘会计师事务所的公告,2025-12-11,http://static.cninfo.com.cn/finalpage/2025-12-11/1224865327.PDF,1224865327,会计师事务所
003040,楚天龙,楚天龙：会计师事务所选聘制度（2025年12月）,2025-12-11,http://static.cninfo.com.cn/finalpage/2025-12-11/1224864903.PDF,1224864903,会计师事务所
300588,熙菱信息,熙菱信息：会计师事务所选聘制度（2025年12月）,2025-12-11,http://static.cninfo.com.cn/finalpage/2025-12-11/1224867187.PDF,1224867187,会计师事务所
301069,凯盛新材,凯盛新材：会计师事务所选聘制度（2025年12月）,2025-12-11,http://static.cninfo.com.cn/finalpage/2025-12-11/1224867272.PDF,1224867272,会计师事务所
600010,包钢股份,包钢股份：包钢股份关于续聘会计师事务所的公告,2025-12-11,http://static.cninfo.com.cn/finalpage/2025-12-11/1224865160.PDF,1224865160,会计师事务所
300550,和仁科技,和仁科技：会计师事务所选聘制度（2025年12月）,2025-12-11,http://static.cninfo.com.cn/finalpage/2025-12-11/1224865610.PDF,1224865610,会计师事务所
002231,*ST奥维,*ST奥维：关于聘任2025年度会计师事务所的公告,2025-12-11,http://static.cninfo.com.cn/finalpage/2025-12-11/1224864542.PDF,1224864542,会计师事务所
002073,软控股份,软控股份：会计师事务所选聘制度（2025年12月修订）,2025-12-11,http://static.cninfo.com.cn/finalpage/2025-12-11/1224864301.PDF,1224864301,会计师事务所
688799,华纳药厂,华纳药厂：会计师事务所选聘制度,2025-12-11,http://static.cninfo.com.cn/finalpage/2025-12-11/1224865503.PDF,1224865503,会计师事务所
688179,阿拉丁,阿拉丁：阿拉丁关于变更会计师事务所的公告,2025-12-11,http://static.cninfo.com.cn/finalpage/2025-12-11/1224865675.PDF,1224865675,会计师事务所
300270,中威电子,中威电子：会计师事务所选聘制度,2025-12-11,http://static.cninfo.com.cn/finalpage/2025-12-11/1224865481.PDF,1224865481,会计师事务所
603191,望变电气,望变电气：会计师事务所选聘制度,2025-12-11,http://static.cninfo.com.cn/finalpage/2025-12-11/1224866990.PDF,1224866990,会计师事务所
002717,ST岭南,ST岭南：关于聘任公司2025年度会计师事务所的公告,2025-12-11,http://static.cninfo.com.cn/finalpage/2025-12-11/1224867598.PDF,1224867598,会计师事务所
600072,中船科技,中船科技：中船科技股份有限公司关于聘任会计师事务所的公告,2025-12-11,http://static.cninfo.com.cn/finalpage/2025-12-11/1224867757.PDF,1224867757,会计师事务所
603701,德宏股份,德宏股份：会计师事务所选聘制度,2025-12-11,http://static.cninfo.com.cn/finalpage/2025-12-11/1224865081.PDF,1224865081,会计师事务所
600970,中材国际,中材国际：中国中材国际工程股份有限公司关于续聘会计师事务所的公告,2025-12-11,http://static.cninfo.com.cn/finalpage/2025-12-11/1224865859.PDF,1224865859,会计师事务所
001369,双欣环保,双欣环保：立信会计师事务所（特殊普通合伙）关于公司首次公开发行股票并在主板上市的财务报表及审计报告,2025-12-11,http://static.cninfo.com.cn/finalpage/2025-12-11/1224865746.PDF,1224865746,会计师事务所
002001,新 和 成,新 和 成：关于聘任会计师事务所的公告,2025-12-11,http://static.cninfo.com.cn/finalpage/2025-12-11/1224865214.PDF,1224865214,会计师事务所
688179,阿拉丁,阿拉丁：上海阿拉丁生化科技股份有限公司会计师事务所选聘管理制度（2025年12月）,2025-12-11,http://static.cninfo.com.cn/finalpage/2025-12-11/1224865677.PDF,1224865677,会计师事务所
000663,永安林业,永安林业：关于聘请年审会计师事务所的公告,2025-12-11,http://static.cninfo.com.cn/finalpage/2025-12-11/1224865218.PDF,1224865218,会计师事务所
003040,楚天龙,楚天龙：关于拟续聘会计师事务所的公告,2025-12-11,http://static.cninfo.com.cn/finalpage/2025-12-11/1224864906.PDF,1224864906,会计师事务所
300101,振芯科技,振芯科技：会计师事务所选聘制度（2025年12月）,2025-12-11,http://static.cninfo.com.cn/finalpage/2025-12-11/1224866780.PDF,1224866780,会计师事务所
600581,八一钢铁,八一钢铁：八一钢铁关于2025年度续聘会计师事务所的公告,2025-12-11,http://static.cninfo.com.cn/finalpage/2025-12-11/1224864608.PDF,1224864608,会计师事务所
002598,山东章鼓,山东章鼓：关于拟变更会计师事务所的公告,2025-12-11,http://static.cninfo.com.cn/finalpage/2025-12-11/1224864628.PDF,1224864628,会计师事务所
600936,广西广电,广西广电：广西广电关于改聘会计师事务所的公告,2025-12-11,http://static.cninfo.com.cn/finalpage/2025-12-11/1224867024.PDF,1224867024,会计师事务所
300366,ST创意,ST创意：关于公司续聘会计师事务所的公告,2025-12-11,http://static.cninfo.com.cn/finalpage/2025-12-11/1224866845.PDF,1224866845,会计师事务所
600696,*ST岩石,*ST岩石：关于变更2025年度会计师事务所的公告,2025-12-11,http://static.cninfo.com.cn/finalpage/2025-12-11/1224866847.PDF,1224866847,会计师事务所
600756,浪潮软件,浪潮软件：上会会计师事务所（特殊普通合伙）关于浪潮软件股份有限公司以自筹资金预先支付发行费用情况报告的鉴证报告,2025-12-11,http://static.cninfo.com.cn/finalpage/2025-12-11/1224866493.PDF,1224866493,会计师事务所
002275,桂林三金,桂林三金：会计师事务所选聘制度（2025年12月）,2025-12-11,http://static.cninfo.com.cn/finalpage/2025-12-11/1224865647.PDF,1224865647,会计师事务所
300789,唐源电气,唐源电气：信永中和会计师事务所（特殊普通合伙）关于成都唐源电气股份有限公司申请向特定对象发行股票的审核问询函的回复报告（2025年三季报财务数据更新版）,2025-12-10,http://static.cninfo.com.cn/finalpage/2025-12-10/1224866789.PDF,1224866789,会计师事务所
301055,张小泉,张小泉：会计师事务所选聘制度（2025年12月修订）,2025-12-10,http://static.cninfo.com.cn/finalpage/2025-12-10/1224864080.PDF,1224864080,会计师事务所
000059,华锦股份,华锦股份：关于拟聘任会计师事务所的公告,2025-12-10,http://static.cninfo.com.cn/finalpage/2025-12-10/1224860594.PDF,1224860594,会计师事务所
603050,科林电气,科林电气：大信会计师事务所（特殊普通合伙）关于石家庄科林电气股份有限公司向特定对象发行股票的财务报告及审计报告,2025-12-10,http://static.cninfo.com.cn/finalpage/2025-12-10/1224860553.PDF,1224860553,会计师事务所
603685,晨丰科技,晨丰科技：天健会计师事务所（特殊普通合伙）关于浙江晨丰科技股份有限公司向特定对象发行A股股票验资报告,2025-12-10,http://static.cninfo.com.cn/finalpage/2025-12-10/1224861466.PDF,1224861466,会计师事务所
601026,道生天合,道生天合：天健会计师事务所（特殊普通合伙）关于道生天合材料科技（上海）股份有限公司以自筹资金预先投入募投项目及支付发行费用的鉴证报告,2025-12-10,http://static.cninfo.com.cn/finalpage/2025-12-10/1224861536.PDF,1224861536,会计师事务所
688359,三孚新科,三孚新科：三孚新科：关于续聘会计师事务所的公告,2025-12-10,http://static.cninfo.com.cn/finalpage/2025-12-10/1224861817.PDF,1224861817,会计师事务所
002233,塔牌集团,塔牌集团：会计师事务所选聘制度（2025年12月修订）,2025-12-10,http://static.cninfo.com.cn/finalpage/2025-12-10/1224861900.PDF,1224861900,会计师事务所
002036,联创电子,联创电子：会计师事务所选聘制度（2025年12月）,2025-12-10,http://static.cninfo.com.cn/finalpage/2025-12-10/1224862061.PDF,1224862061,会计师事务所
000897,津滨发展,津滨发展：拟续聘会计师事务所的公告,2025-12-10,http://static.cninfo.com.cn/finalpage/2025-12-10/1224862235.PDF,1224862235,会计师事务所
301100,风光股份,风光股份：营口风光新材料股份有限公司拟续聘会计师事务所的公告,2025-12-10,http://static.cninfo.com.cn/finalpage/2025-12-10/1224861504.PDF,1224861504,会计师事务所
688562,航天软件,航天软件：北京神舟航天软件技术股份有限公司关于续聘会计师事务所的公告,2025-12-10,http://static.cninfo.com.cn/finalpage/2025-12-10/1224862849.PDF,1224862849,会计师事务所
300632,光莆股份,光莆股份：会计师事务所选聘制度（2025年12月）,2025-12-10,http://static.cninfo.com.cn/finalpage/2025-12-10/1224860993.PDF,1224860993,会计师事务所
603334,丰倍生物,丰倍生物：中兴华会计师事务所（特殊普通合伙）关于苏州丰倍生物科技股份有限公司以募集资金置换预先投入募投项目资金及支付发行费用专项说明的鉴证报告,2025-12-10,http://static.cninfo.com.cn/finalpage/2025-12-10/1224863019.PDF,1224863019,会计师事务所
300663,科蓝软件,科蓝软件：关于聘任会计师事务所的公告,2025-12-10,http://static.cninfo.com.cn/finalpage/2025-12-10/1224862754.PDF,1224862754,会计师事务所
301638,南网数字,南网数字：关于拟续聘会计师事务所的公告,2025-12-10,http://static.cninfo.com.cn/finalpage/2025-12-10/1224861193.PDF,1224861193,会计师事务所
603668,天马科技,天马科技：天马科技关于变更会计师事务所的公告,2025-12-10,http://static.cninfo.com.cn/finalpage/2025-12-10/1224861833.PDF,1224861833,会计师事务所
601718,际华集团,际华集团：际华集团关于续聘会计师事务所的公告,2025-12-10,http://static.cninfo.com.cn/finalpage/2025-12-10/1224862399.PDF,1224862399,会计师事务所
300157,新锦动力,新锦动力：会计师事务所选聘制度,2025-12-10,http://static.cninfo.com.cn/finalpage/2025-12-10/1224862345.PDF,1224862345,会计师事务所
002294,信立泰,信立泰：会计师事务所选聘制度（2025年12月）,2025-12-10,http://static.cninfo.com.cn/finalpage/2025-12-10/1224862462.PDF,1224862462,会计师事务所
300251,光线传媒,光线传媒：会计师事务所选聘制度,2025-12-10,http://static.cninfo.com.cn/finalpage/2025-12-10/1224863451.PDF,1224863451,会计师事务所
920091,大鹏工业,[临时公告]大鹏工业:会计师事务所选聘制度,2025-12-10,http://static.cninfo.com.cn/finalpage/2025-12-10/1224867094.PDF,1224867094,会计师事务所
002714,牧原股份,牧原股份：会计师事务所选聘制度（2025年12月）,2025-12-10,http://static.cninfo.com.cn/finalpage/2025-12-10/1224861306.PDF,1224861306,会计师事务所
688293,奥浦迈,奥浦迈：立信会计师事务所（特殊普通合伙）关于上海奥浦迈生物科技股份有限公司发行股份及支付现金购买资产并募集配套资金申请的审核问询函回复之核查意见（三次修订稿）,2025-12-10,http://static.cninfo.com.cn/finalpage/2025-12-10/1224863739.PDF,1224863739,会计师事务所
600535,天士力,天士力：天士力关于变更会计师事务所的公告,2025-12-10,http://static.cninfo.com.cn/finalpage/2025-12-10/1224862095.PDF,1224862095,会计师事务所
920491,奥迪威,[临时公告]奥迪威:拟续聘2025年度会计师事务所公告,2025-12-10,http://static.cninfo.com.cn/finalpage/2025-12-10/1224867228.PDF,1224867228,会计师事务所
603130,云中马,云中马：浙江云中马股份有限公司会计师事务所选聘制度,2025-12-10,http://static.cninfo.com.cn/finalpage/2025-12-10/1224862875.PDF,1224862875,会计师事务所
000410,沈阳机床,沈阳机床：沈阳机床股份有限公司关于拟续聘会计师事务所的公告,2025-12-10,http://static.cninfo.com.cn/finalpage/2025-12-10/1224863160.PDF,1224863160,会计师事务所
603843,*ST正平,*ST正平：中瑞诚会计师事务所（特殊普通合伙）关于正平路桥建设股份有限公司2025年三季度报的信息披露监管问询函回复的核查意见（中瑞诚核字[2025]第507540号）,2025-12-10,http://static.cninfo.com.cn/finalpage/2025-12-10/1224863726.PDF,1224863726,会计师事务所
002724,海洋王,海洋王：会计师事务所选聘制度（2025年12月）,2025-12-10,http://static.cninfo.com.cn/finalpage/2025-12-10/1224863389.PDF,1224863389,会计师事务所
002766,索菱股份,索菱股份：关于拟续聘会计师事务所的公告,2025-12-10,http://static.cninfo.com.cn/finalpage/2025-12-10/1224863270.PDF,1224863270,会计师事务所
920273,一致魔芋,[临时公告]一致魔芋:会计师事务所选聘制度,2025-12-10,http://static.cninfo.com.cn/finalpage/2025-12-10/1224867442.PDF,1224867442,会计师事务所
180202,华夏越秀高速REIT,华夏越秀高速REIT：华夏越秀高速公路封闭式基础设施证券投资基金改聘会计师事务所公告,2025-12-10,http://static.cninfo.com.cn/finalpage/2025-12-10/1224861105.PDF,1224861105,会计师事务所
688066,航天宏图,航天宏图：关于聘任2025年年度会计师事务所的公告,2025-12-10,http://static.cninfo.com.cn/finalpage/2025-12-10/1224861175.PDF,1224861175,会计师事务所
301218,华是科技,华是科技：会计师事务所选聘制度（2025年12月）,2025-12-10,http://static.cninfo.com.cn/finalpage/2025-12-10/1224861706.PDF,1224861706,会计师事务所
301032,新柴股份,新柴股份：会计师事务所选聘制度,2025-12-10,http://static.cninfo.com.cn/finalpage/2025-12-10/1224860493.PDF,1224860493,会计师事务所
600076,康欣新材,康欣新材：关于续聘会计师事务所的公告,2025-12-10,http://static.cninfo.com.cn/finalpage/2025-12-10/1224862916.PDF,1224862916,会计师事务所
600449,宁夏建材,宁夏建材：宁夏建材关于续聘会计师事务所的公告,2025-12-10,http://static.cninfo.com.cn/finalpage/2025-12-10/1224862125.PDF,1224862125,会计师事务所
601101,昊华能源,昊华能源：北京昊华能源股份有限公司关于续聘会计师事务所的公告,2025-12-10,http://static.cninfo.com.cn/finalpage/2025-12-10/1224862162.PDF,1224862162,会计师事务所
000547,航天发展,航天发展：关于续聘会计师事务所的公告,2025-12-10,http://static.cninfo.com.cn/finalpage/2025-12-10/1224860682.PDF,1224860682,会计师事务所
688722,同益中,同益中：同益中关于续聘会计师事务所的公告,2025-12-10,http://static.cninfo.com.cn/finalpage/2025-12-10/1224861033.PDF,1224861033,会计师事务所
301269,华大九天,华大九天：会计师事务所选聘管理办法,2025-12-09,http://static.cninfo.com.cn/finalpage/2025-12-09/1224863626.PDF,1224863626,会计师事务所
301269,华大九天,华大九天：关于拟续聘大信会计师事务所（特殊普通合伙）为公司2025年度审计机构的公告,2025-12-09,http://static.cninfo.com.cn/finalpage/2025-12-09/1224863635.PDF,1224863635,会计师事务所
300660,江苏雷利,江苏雷利：天健会计师事务所（特殊普通合伙）关于江苏雷利电机股份有限公司向不特定对象发行可转换公司债券申请文件的审核问询函的回复,2025-12-09,http://static.cninfo.com.cn/finalpage/2025-12-09/1224863372.PDF,1224863372,会计师事务所
603595,ST东尼,ST东尼：浙江东尼电子股份有限公司选聘会计师事务所管理制度（2025年12月修订）,2025-12-09,http://static.cninfo.com.cn/finalpage/2025-12-09/1224857984.PDF,1224857984,会计师事务所
603893,瑞芯微,瑞芯微：关于续聘会计师事务所的公告,2025-12-09,http://static.cninfo.com.cn/finalpage/2025-12-09/1224859655.PDF,1224859655,会计师事务所
003009,中天火箭,中天火箭：陕西中天火箭技术股份有限公司关于续聘容诚会计师事务所（特殊普通合伙）为公司2025年度审计服务机构的公告,2025-12-09,http://static.cninfo.com.cn/finalpage/2025-12-09/1224859882.PDF,1224859882,会计师事务所
300265,通光线缆,通光线缆：会计师事务所选聘制度（2025年12月修订）,2025-12-09,http://static.cninfo.com.cn/finalpage/2025-12-09/1224857785.PDF,1224857785,会计师事务所
300209,有棵树,有棵树：关于拟变更会计师事务所的公告,2025-12-09,http://static.cninfo.com.cn/finalpage/2025-12-09/1224860162.PDF,1224860162,会计师事务所
002892,科力尔,科力尔：容诚会计师事务所(特殊普通合伙)关于对科力尔电机集团股份有限公司申请向特定对象发行股票的审核问询函中有关财务会计问题的专项说明(豁免版）,2025-12-09,http://static.cninfo.com.cn/finalpage/2025-12-09/1224858861.PDF,1224858861,会计师事务所
688386,泛亚微透,泛亚微透：天健会计师事务所（特殊普通合伙）关于江苏泛亚微透科技股份有限公司向特定对象发行A股股票审核问询函中有关财务事项的说明,2025-12-09,http://static.cninfo.com.cn/finalpage/2025-12-09/1224858710.PDF,1224858710,会计师事务所
601618,中国中冶,中国中冶：天职国际会计师事务所关于中国中冶拟转让相关子公司股权及相关债权的审计报告,2025-12-09,http://static.cninfo.com.cn/finalpage/2025-12-09/1224859775.PDF,1224859775,会计师事务所
603206,嘉环科技,嘉环科技：会计师事务所选聘制度（2025年12月修订）,2025-12-09,http://static.cninfo.com.cn/finalpage/2025-12-09/1224857700.PDF,1224857700,会计师事务所
605368,蓝天燃气,蓝天燃气：蓝天燃气变更会计师事务所公告,2025-12-09,http://static.cninfo.com.cn/finalpage/2025-12-09/1224857021.PDF,1224857021,会计师事务所
002535,林州重机,林州重机：关于拟变更会计师事务所的公告,2025-12-09,http://static.cninfo.com.cn/finalpage/2025-12-09/1224856999.PDF,1224856999,会计师事务所
002809,红墙股份,红墙股份：会计师事务所选聘制度(2025年12月),2025-12-09,http://static.cninfo.com.cn/finalpage/2025-12-09/1224857097.PDF,1224857097,会计师事务所
603626,科森科技,科森科技：会计师事务所选聘制度,2025-12-09,http://static.cninfo.com.cn/finalpage/2025-12-09/1224860054.PDF,1224860054,会计师事务所
300329,海伦钢琴,海伦钢琴：海伦钢琴：会计师事务所选聘制度（2025年12月）,2025-12-09,http://static.cninfo.com.cn/finalpage/2025-12-09/1224858806.PDF,1224858806,会计师事务所
300118,东方日升,东方日升：关于拟续聘会计师事务所的公告,2025-12-09,http://static.cninfo.com.cn/finalpage/2025-12-09/1224857364.PDF,1224857364,会计师事务所
000571,新大洲Ａ,新大洲A：关于拟续聘会计师事务所的公告,2025-12-09,http://static.cninfo.com.cn/finalpage/2025-12-09/1224857482.PDF,1224857482,会计师事务所
300779,惠城环保,惠城环保：会计师事务所选聘制度,2025-12-09,http://static.cninfo.com.cn/finalpage/2025-12-09/1224858228.PDF,1224858228,会计师事务所
300765,新诺威,新诺威：关于拟变更会计师事务所的公告,2025-12-09,http://static.cninfo.com.cn/finalpage/2025-12-09/1224858121.PDF,1224858121,会计师事务所
000831,中国稀土,中国稀土：关于续聘会计师事务所的公告,2025-12-09,http://static.cninfo.com.cn/finalpage/2025-12-09/1224858455.PDF,1224858455,会计师事务所
300256,星星科技,星星科技：会计师事务所选聘制度,2025-12-09,http://static.cninfo.com.cn/finalpage/2025-12-09/1224858103.PDF,1224858103,会计师事务所
300321,同大股份,同大股份：关于拟变更会计师事务所的公告,2025-12-09,http://static.cninfo.com.cn/finalpage/2025-12-09/1224858447.PDF,1224858447,会计师事务所
300839,博汇股份,博汇股份：会计师事务所选聘制度,2025-12-09,http://static.cninfo.com.cn/finalpage/2025-12-09/1224858906.PDF,1224858906,会计师事务所
002370,亚太药业,亚太药业：会计师事务所选聘制度,2025-12-09,http://static.cninfo.com.cn/finalpage/2025-12-09/1224858994.PDF,1224858994,会计师事务所
300780,德恩精工,德恩精工：会计师事务所选聘制度（2025年12月）,2025-12-09,http://static.cninfo.com.cn/finalpage/2025-12-09/1224859617.PDF,1224859617,会计师事务所
000848,承德露露,承德露露：关于拟变更会计师事务所的公告,2025-12-09,http://static.cninfo.com.cn/finalpage/2025-12-09/1224857517.PDF,1224857517,会计师事务所
300334,津膜科技,津膜科技：关于拟变更会计师事务所的公告,2025-12-09,http://static.cninfo.com.cn/finalpage/2025-12-09/1224859944.PDF,1224859944,会计师事务所
002431,棕榈股份,棕榈股份：《会计师事务所选聘制度》,2025-12-09,http://static.cninfo.com.cn/finalpage/2025-12-09/1224858693.PDF,1224858693,会计师事务所
603699,纽威股份,纽威股份：纽威股份会计师事务所选聘制度（2025年修订）,2025-12-09,http://static.cninfo.com.cn/finalpage/2025-12-09/1224857903.PDF,1224857903,会计师事务所
600530,交大昂立,交大昂立：关于聘任会计师事务所的公告,2025-12-09,http://static.cninfo.com.cn/finalpage/2025-12-09/1224857970.PDF,1224857970,会计师事务所
002060,广东建工,广东建工：关于续聘会计师事务所的公告,2025-12-09,http://static.cninfo.com.cn/finalpage/2025-12-09/1224857841.PDF,1224857841,会计师事务所
300209,有棵树,有棵树：会计师事务所选聘制度,2025-12-09,http://static.cninfo.com.cn/finalpage/2025-12-09/1224860132.PDF,1224860132,会计师事务所
601168,西部矿业,西部矿业：西部矿业关于续聘2025年度会计师事务所的公告,2025-12-09,http://static.cninfo.com.cn/finalpage/2025-12-09/1224858530.PDF,1224858530,会计师事务所
300300,海峡创新,海峡创新：关于续聘会计师事务所的公告,2025-12-09,http://static.cninfo.com.cn/finalpage/2025-12-09/1224858499.PDF,1224858499,会计师事务所
000159,国际实业,国际实业：中兴财光华会计师事务所关于新疆国际实业股份有限公司申请向特定对象发行股票的审核问询函的回复,2025-12-09,http://static.cninfo.com.cn/finalpage/2025-12-09/1224858672.PDF,1224858672,会计师事务所
002420,毅昌科技,毅昌科技：关于续聘会计师事务所的公告,2025-12-09,http://static.cninfo.com.cn/finalpage/2025-12-09/1224857556.PDF,1224857556,会计师事务所
301277,新天地,新天地：会计师事务所选聘管理制度,2025-12-09,http://static.cninfo.com.cn/finalpage/2025-12-09/1224859050.PDF,1224859050,会计师事务所
600318,新力金融,新力金融：安徽新力金融股份有限公司会计师事务所选聘制度（2025年12月修订),2025-12-09,http://static.cninfo.com.cn/finalpage/2025-12-09/1224859334.PDF,1224859334,会计师事务所
603508,思维列控,思维列控：《思维列控会计师事务所选聘制度》（2025年12月）,2025-12-09,http://static.cninfo.com.cn/finalpage/2025-12-09/1224857419.PDF,1224857419,会计师事务所
601106,中国一重,中国一重：公告2025-057（中国第一重型机械股份公司关于变更会计师事务所的公告）,2025-12-09,http://static.cninfo.com.cn/finalpage/2025-12-09/1224857721.PDF,1224857721,会计师事务所
002370,亚太药业,亚太药业：关于拟变更会计师事务所的公告,2025-12-09,http://static.cninfo.com.cn/finalpage/2025-12-09/1224859014.PDF,1224859014,会计师事务所
603100,川仪股份,川仪股份：川仪股份关于变更公司年度财务审计及内部控制审计会计师事务所的公告,2025-12-09,http://static.cninfo.com.cn/finalpage/2025-12-09/1224860208.PDF,1224860208,会计师事务所
000975,山金国际,山金国际：关于拟续聘会计师事务所的公告,2025-12-09,http://static.cninfo.com.cn/finalpage/2025-12-09/1224857348.PDF,1224857348,会计师事务所
000524,岭南控股,岭南控股：关于拟续聘会计师事务所的公告,2025-12-09,http://static.cninfo.com.cn/finalpage/2025-12-09/1224859551.PDF,1224859551,会计师事务所
300595,欧普康视,欧普康视：关于拟续聘会计师事务所的公告,2025-12-09,http://static.cninfo.com.cn/finalpage/2025-12-09/1224857225.PDF,1224857225,会计师事务所
002466,天齐锂业,天齐锂业：会计师事务所选聘制度（2025年12月修订）,2025-12-09,http://static.cninfo.com.cn/finalpage/2025-12-09/1224858154.PDF,1224858154,会计师事务所
300329,海伦钢琴,海伦钢琴：2025-040关于拟变更会计师事务所的公告,2025-12-09,http://static.cninfo.com.cn/finalpage/2025-12-09/1224858819.PDF,1224858819,会计师事务所
601009,南京银行,南京银行：南京银行股份有限公司关于变更会计师事务所的公告,2025-12-09,http://static.cninfo.com.cn/finalpage/2025-12-09/1224858708.PDF,1224858708,会计师事务所
000905,厦门港务,厦门港务：容诚会计师事务所(特殊普通合伙)关于厦门港务发展股份有限公司发行股份购买资产并募集配套资金申请的审核问询函的专项说明,2025-12-09,http://static.cninfo.com.cn/finalpage/2025-12-09/1224859957.PDF,1224859957,会计师事务所
300622,博士眼镜,博士眼镜：政旦志远(深圳)会计师事务所(特殊普通合伙)关于博士眼镜连锁股份有限公司申请向不特定对象发行可转换公司债券的审核问询函中有关财务事项的说明（上会稿）,2025-12-08,http://static.cninfo.com.cn/finalpage/2025-12-08/1224858925.PDF,1224858925,会计师事务所
002976,瑞玛精密,瑞玛精密：上会会计师事务所（特殊普通合伙）出具的验资报告,2025-12-08,http://static.cninfo.com.cn/finalpage/2025-12-08/1224854775.PDF,1224854775,会计师事务所
605599,菜百股份,菜百股份：北京菜市口百货股份有限公司会计师事务所选聘制度（2025年修订）,2025-12-08,http://static.cninfo.com.cn/finalpage/2025-12-08/1224856648.PDF,1224856648,会计师事务所
603009,北特科技,北特科技：中汇会计师事务所（特殊普通合伙）关于上海北特科技集团股份有限公司以简易程序向特定对象发行A股股票的财务报告及其审计报告,2025-12-08,http://static.cninfo.com.cn/finalpage/2025-12-08/1224856652.PDF,1224856652,会计师事务所
920873,中设咨询,[临时公告]中设咨询:拟续聘2025年度会计师事务所公告,2025-12-08,http://static.cninfo.com.cn/finalpage/2025-12-08/1224859269.PDF,1224859269,会计师事务所
002414,高德红外,高德红外：会计师事务所选聘管理办法,2025-12-06,http://static.cninfo.com.cn/finalpage/2025-12-06/1224855244.PDF,1224855244,会计师事务所
600731,湖南海利,湖南海利：湖南海利关于续聘会计师事务所公告,2025-12-06,http://static.cninfo.com.cn/finalpage/2025-12-06/1224854908.PDF,1224854908,会计师事务所
688469,芯联集成,芯联集成：芯联集成电路制造股份有限公司会计师事务所选聘制度,2025-12-06,http://static.cninfo.com.cn/finalpage/2025-12-06/1224854626.PDF,1224854626,会计师事务所
600699,均胜电子,均胜电子：均胜电子会计师事务所选聘制度,2025-12-06,http://static.cninfo.com.cn/finalpage/2025-12-06/1224855742.PDF,1224855742,会计师事务所
300225,*ST金泰,*ST金泰：关于拟变更会计师事务所的公告,2025-12-06,http://static.cninfo.com.cn/finalpage/2025-12-06/1224855778.PDF,1224855778,会计师事务所
002167,东方锆业,东方锆业：会计师事务所选聘制度,2025-12-06,http://static.cninfo.com.cn/finalpage/2025-12-06/1224856249.PDF,1224856249,会计师事务所
688281,华秦科技,华秦科技：会计师事务所选聘制度（2025年12月）,2025-12-06,http://static.cninfo.com.cn/finalpage/2025-12-06/1224853812.PDF,1224853812,会计师事务所
002426,胜利精密,胜利精密：关于公司聘任会计师事务所的公告,2025-12-06,http://static.cninfo.com.cn/finalpage/2025-12-06/1224854360.PDF,1224854360,会计师事务所
000014,沙河股份,沙河股份：关于拟续聘会计师事务所的公告,2025-12-06,http://static.cninfo.com.cn/finalpage/2025-12-06/1224852657.PDF,1224852657,会计师事务所
688448,磁谷科技,磁谷科技：《会计师事务所选聘制度》（2025年12月修订）,2025-12-06,http://static.cninfo.com.cn/finalpage/2025-12-06/1224853653.PDF,1224853653,会计师事务所
688739,成大生物,成大生物：成大生物关于续聘会计师事务所的公告,2025-12-06,http://static.cninfo.com.cn/finalpage/2025-12-06/1224854274.PDF,1224854274,会计师事务所
600671,天目药业,天目药业：杭州天目山药业股份有限公司关于续聘会计师事务所的公告,2025-12-06,http://static.cninfo.com.cn/finalpage/2025-12-06/1224854497.PDF,1224854497,会计师事务所
300564,筑博设计,筑博设计：会计师事务所选聘制度,2025-12-06,http://static.cninfo.com.cn/finalpage/2025-12-06/1224854868.PDF,1224854868,会计师事务所
300169,天晟新材,天晟新材：会计师事务所选聘制度（2025年12月）,2025-12-06,http://static.cninfo.com.cn/finalpage/2025-12-06/1224856129.PDF,1224856129,会计师事务所
300510,金冠股份,金冠股份：金冠股份会计师事务所选聘制度（202512修订）,2025-12-06,http://static.cninfo.com.cn/finalpage/2025-12-06/1224853166.PDF,1224853166,会计师事务所
002603,以岭药业,以岭药业：会计师事务所选聘制度（2025年12月修订）,2025-12-06,http://static.cninfo.com.cn/finalpage/2025-12-06/1224855498.PDF,1224855498,会计师事务所
002226,江南化工,江南化工：关于续聘会计师事务所的公告,2025-12-06,http://static.cninfo.com.cn/finalpage/2025-12-06/1224855862.PDF,1224855862,会计师事务所
002187,广百股份,广百股份：关于拟续聘会计师事务所的公告,2025-12-06,http://static.cninfo.com.cn/finalpage/2025-12-06/1224855920.PDF,1224855920,会计师事务所
300027,华谊兄弟,华谊兄弟：会计师事务所选聘制度（2025年12月修订）,2025-12-06,http://static.cninfo.com.cn/finalpage/2025-12-06/1224855562.PDF,1224855562,会计师事务所
002426,胜利精密,胜利精密：会计师事务所选聘制度（2025年12月修订）,2025-12-06,http://static.cninfo.com.cn/finalpage/2025-12-06/1224854339.PDF,1224854339,会计师事务所
300475,香农芯创,香农芯创：会计师事务所选聘制度,2025-12-06,http://static.cninfo.com.cn/finalpage/2025-12-06/1224855962.PDF,1224855962,会计师事务所
000301,东方盛虹,东方盛虹：会计师事务所选聘制度,2025-12-06,http://static.cninfo.com.cn/finalpage/2025-12-06/1224856005.PDF,1224856005,会计师事务所
600265,ST景谷,ST景谷：中审众环会计师事务所（特殊普通合伙）关于云南景谷林业股份有限公司重大资产重组草案的信息披露的问询函回复,2025-12-06,http://static.cninfo.com.cn/finalpage/2025-12-06/1224854267.PDF,1224854267,会计师事务所
688190,云路股份,云路股份：会计师事务所选聘制度（2025年12月）,2025-12-06,http://static.cninfo.com.cn/finalpage/2025-12-06/1224854619.PDF,1224854619,会计师事务所
300903,科翔股份,科翔股份：众华会计师事务所关于广东科翔电子科技股份有限公司前次募集资金使用情况鉴证报告,2025-12-06,http://static.cninfo.com.cn/finalpage/2025-12-06/1224853684.PDF,1224853684,会计师事务所
600726,华电能源,华电能源：天职国际会计师事务所（特殊普通合伙）关于华电能源股份有限公司重大资产重组标的资产2024年末减值测试报告的专项审核报告,2025-12-06,http://static.cninfo.com.cn/finalpage/2025-12-06/1224855580.PDF,1224855580,会计师事务所
603324,盛剑科技,盛剑科技：盛剑科技会计师事务所选聘制度（2025年12月修订）,2025-12-06,http://static.cninfo.com.cn/finalpage/2025-12-06/1224855790.PDF,1224855790,会计师事务所
300062,中能电气,中能电气：会计师事务所选聘制度（2025年12月）,2025-12-06,http://static.cninfo.com.cn/finalpage/2025-12-06/1224855634.PDF,1224855634,会计师事务所
300614,百川畅银,百川畅银：关于聘任2025年度会计师事务所的公告,2025-12-06,http://static.cninfo.com.cn/finalpage/2025-12-06/1224852972.pdf,1224852972,会计师事务所
300034,钢研高纳,钢研高纳：关于续聘2025年年审会计师事务所的公告,2025-12-06,http://static.cninfo.com.cn/finalpage/2025-12-06/1224853603.PDF,1224853603,会计师事务所
603843,*ST正平,*ST正平：正平股份会计师事务所选聘制度（草案）,2025-12-06,http://static.cninfo.com.cn/finalpage/2025-12-06/1224856316.PDF,1224856316,会计师事务所
002553,南方精工,南方精工：会计师事务所选聘制度（2025年12月修订）,2025-12-06,http://static.cninfo.com.cn/finalpage/2025-12-06/1224854304.PDF,1224854304,会计师事务所
300247,融捷健康,融捷健康：关于续聘会计师事务所的公告,2025-12-06,http://static.cninfo.com.cn/finalpage/2025-12-06/1224853870.PDF,1224853870,会计师事务所
688190,云路股份,云路股份：关于续聘2025年度会计师事务所的公告,2025-12-06,http://static.cninfo.com.cn/finalpage/2025-12-06/1224854691.PDF,1224854691,会计师事务所
600071,凤凰光学,凤凰光学：凤凰光学股份有限公司关于续聘会计师事务所的公告,2025-12-06,http://static.cninfo.com.cn/finalpage/2025-12-06/1224854174.PDF,1224854174,会计师事务所
002116,中国海诚,中国海诚：关于续聘会计师事务所的公告,2025-12-06,http://static.cninfo.com.cn/finalpage/2025-12-06/1224852921.PDF,1224852921,会计师事务所
603829,洛凯股份,洛凯股份：洛凯股份会计师事务所选聘制度（2025年12月修订）,2025-12-06,http://static.cninfo.com.cn/finalpage/2025-12-06/1224854397.PDF,1224854397,会计师事务所
002862,实丰文化,实丰文化：关于变更会计师事务所签字注册会计师及项目质量控制复核人的公告,2025-12-06,http://static.cninfo.com.cn/finalpage/2025-12-06/1224854551.PDF,1224854551,会计师事务所
600570,恒生电子,恒生电子：恒生电子股份有限公司会计师事务所选聘制度（2025年12月制定）,2025-12-06,http://static.cninfo.com.cn/finalpage/2025-12-06/1224856079.PDF,1224856079,会计师事务所
00699,均胜电子,均胜电子：海外监管公告 - 独立董事制度、会计师事务所选聘制度、关联交易管理办法、募集资金管理规定、对外担保管理制度,2025-12-05,http://static.cninfo.com.cn/finalpage/2025-12-05/1224856578.PDF,1224856578,会计师事务所
300956,英力股份,英力股份：容诚会计师事务所（特殊普通合伙）关于安徽英力电子科技股份有限公司发行股份及支付现金购买资产并募集配套资金申请的审核问询函的回复报告,2025-12-05,http://static.cninfo.com.cn/finalpage/2025-12-05/1224855869.PDF,1224855869,会计师事务所
300766,每日互动,每日互动：天健会计师事务所（特殊普通合伙）关于每日互动股份有限公司向特定对象发行股票的审核问询函中有关财务事项的说明（豁免版）,2025-12-05,http://static.cninfo.com.cn/finalpage/2025-12-05/1224855282.PDF,1224855282,会计师事务所
300995,奇德新材,奇德新材：信永中和会计师事务所（特殊普通合伙）关于广东奇德新材料股份有限公司申请向特定对象发行股票的审核问询函的回复（修订稿）,2025-12-05,http://static.cninfo.com.cn/finalpage/2025-12-05/1224853466.PDF,1224853466,会计师事务所
301059,金三江,金三江：华兴会计师事务所（特殊普通合伙）关于金三江（肇庆）硅材料股份有限公司申请向不特定对象发行可转换公司债券的审核问询函的回复,2025-12-05,http://static.cninfo.com.cn/finalpage/2025-12-05/1224852665.PDF,1224852665,会计师事务所
300176,鸿特科技,鸿特科技：中兴华会计师事务所（特殊普通合伙）关于广东鸿特科技股份有限公司向原股东配售股份的审核问询函的回复,2025-12-05,http://static.cninfo.com.cn/finalpage/2025-12-05/1224852563.PDF,1224852563,会计师事务所
603800,洪田股份,洪田股份：2025-064：关于变更会计师事务所的公告,2025-12-05,http://static.cninfo.com.cn/finalpage/2025-12-05/1224850961.PDF,1224850961,会计师事务所
600617,国新能源,国新能源：山西省国新能源股份有限公司关于续聘会计师事务所的公告,2025-12-05,http://static.cninfo.com.cn/finalpage/2025-12-05/1224850256.PDF,1224850256,会计师事务所
600838,上海九百,上海九百：上海九百关于变更会计师事务所的公告,2025-12-05,http://static.cninfo.com.cn/finalpage/2025-12-05/1224851588.PDF,1224851588,会计师事务所
600589,大位科技,大位科技：关于续聘会计师事务所的公告,2025-12-05,http://static.cninfo.com.cn/finalpage/2025-12-05/1224851685.PDF,1224851685,会计师事务所
000966,长源电力,长源电力：关于拟变更内部控制审计会计师事务所的公告,2025-12-05,http://static.cninfo.com.cn/finalpage/2025-12-05/1224851445.PDF,1224851445,会计师事务所
002865,钧达股份,钧达股份：会计师事务所选聘制度(2025年12月制定）,2025-12-05,http://static.cninfo.com.cn/finalpage/2025-12-05/1224851794.PDF,1224851794,会计师事务所
600617,国新能源,国新能源：山西省国新能源股份有限公司会计师事务所选聘制度,2025-12-05,http://static.cninfo.com.cn/finalpage/2025-12-05/1224850265.PDF,1224850265,会计师事务所
920489,佳先股份,[临时公告]佳先股份:拟聘任2025年度会计师事务所公告,2025-12-05,http://static.cninfo.com.cn/finalpage/2025-12-05/1224854602.PDF,1224854602,会计师事务所
688072,拓荆科技,拓荆科技：天健会计师事务所（特殊普通合伙）关于拓荆科技股份有限公司2025年度向特定对象发行A股股票的财务报告及审计报告,2025-12-05,http://static.cninfo.com.cn/finalpage/2025-12-05/1224852309.PDF,1224852309,会计师事务所
603131,上海沪工,上海沪工：关于续聘会计师事务所的公告,2025-12-05,http://static.cninfo.com.cn/finalpage/2025-12-05/1224850848.PDF,1224850848,会计师事务所
603131,上海沪工,上海沪工：会计师事务所选聘制度,2025-12-05,http://static.cninfo.com.cn/finalpage/2025-12-05/1224850893.PDF,1224850893,会计师事务所
920002,万达轴承,[临时公告]万达轴承:拟续聘2025年度会计师事务所公告,2025-12-05,http://static.cninfo.com.cn/finalpage/2025-12-05/1224853298.PDF,1224853298,会计师事务所
000966,长源电力,长源电力：关于拟续聘财务审计会计师事务所的公告,2025-12-05,http://static.cninfo.com.cn/finalpage/2025-12-05/1224851444.PDF,1224851444,会计师事务所
002449,国星光电,国星光电：信永中和会计师事务所（特殊普通合伙）关于国星光电向特定对象发行股票审核问询函的回复（修订稿）,2025-12-05,http://static.cninfo.com.cn/finalpage/2025-12-05/1224851171.PDF,1224851171,会计师事务所
002297,博云新材,博云新材：会计师事务所选聘制度(2025年12月）,2025-12-05,http://static.cninfo.com.cn/finalpage/2025-12-05/1224851353.PDF,1224851353,会计师事务所
603395,红四方,红四方：红四方关于变更会计师事务所的公告,2025-12-05,http://static.cninfo.com.cn/finalpage/2025-12-05/1224851603.PDF,1224851603,会计师事务所
300868,杰美特,杰美特：关于续聘大信会计师事务所（特殊普通合伙）为公司2025年度审计机构的公告,2025-12-05,http://static.cninfo.com.cn/finalpage/2025-12-05/1224851960.PDF,1224851960,会计师事务所
300806,斯迪克,斯迪克：关于拟变更会计师事务所的公告,2025-12-05,http://static.cninfo.com.cn/finalpage/2025-12-05/1224852080.PDF,1224852080,会计师事务所
300477,ST合纵,ST合纵：会计师事务所选聘制度,2025-12-05,http://static.cninfo.com.cn/finalpage/2025-12-05/1224850765.PDF,1224850765,会计师事务所
002324,普利特,普利特：关于续聘会计师事务所的公告,2025-12-05,http://static.cninfo.com.cn/finalpage/2025-12-05/1224849920.PDF,1224849920,会计师事务所
001376,百通能源,百通能源：大华会计师事务所（特殊普通合伙）关于江西百通能源股份有限公司申请向特定对象发行股票审核问询函有关财务事项的说明,2025-12-05,http://static.cninfo.com.cn/finalpage/2025-12-05/1224852143.PDF,1224852143,会计师事务所
001325,元创股份,元创股份：中汇会计师事务所（特殊普通合伙）关于公司首次公开发行股票并在主板上市的财务报表及审计报告,2025-12-05,http://static.cninfo.com.cn/finalpage/2025-12-05/1224851652.PDF,1224851652,会计师事务所
02865,钧达股份,钧达股份：海外监管公告 - 会计师事务所选聘制度,2025-12-04,http://static.cninfo.com.cn/finalpage/2025-12-04/1224852305.PDF,1224852305,会计师事务所
00323,马鞍山钢铁股份,马鞍山钢铁股份：(1)《公司章程》及其附件建议修订及取消监事会；(2) 变更2025年度会计师事务所；及 (3) 临时股东大会通告,2025-12-04,http://static.cninfo.com.cn/finalpage/2025-12-04/1224851632.PDF,1224851632,会计师事务所
603082,北自科技,北自科技：关于续聘会计师事务所的公告,2025-12-04,http://static.cninfo.com.cn/finalpage/2025-12-04/1224846250.PDF,1224846250,会计师事务所
603375,盛景微,盛景微：关于聘任会计师事务所的公告,2025-12-04,http://static.cninfo.com.cn/finalpage/2025-12-04/1224846281.PDF,1224846281,会计师事务所
001395,亚联机械,亚联机械：会计师事务所选聘制度,2025-12-04,http://static.cninfo.com.cn/finalpage/2025-12-04/1224846379.PDF,1224846379,会计师事务所
600136,ST明诚,ST明诚：公司关于续聘会计师事务所的公告,2025-12-04,http://static.cninfo.com.cn/finalpage/2025-12-04/1224846568.PDF,1224846568,会计师事务所
603987,康德莱,康德莱：上海康德莱企业发展集团股份有限公司会计师事务所选聘制度,2025-12-04,http://static.cninfo.com.cn/finalpage/2025-12-04/1224847414.PDF,1224847414,会计师事务所
600365,ST通葡,ST通葡：通化葡萄酒股份有限公司关于续聘会计师事务所的公告,2025-12-04,http://static.cninfo.com.cn/finalpage/2025-12-04/1224848322.PDF,1224848322,会计师事务所
001400,江顺科技,江顺科技：会计师事务所选聘制度,2025-12-04,http://static.cninfo.com.cn/finalpage/2025-12-04/1224849517.PDF,1224849517,会计师事务所
920339,恒太照明,[临时公告]恒太照明:拟续聘2025年度会计师事务所公告,2025-12-04,http://static.cninfo.com.cn/finalpage/2025-12-04/1224851119.PDF,1224851119,会计师事务所
002625,光启技术,光启技术：关于续聘会计师事务所的公告,2025-12-04,http://static.cninfo.com.cn/finalpage/2025-12-04/1224847233.PDF,1224847233,会计师事务所
603382,海阳科技,海阳科技：海阳科技股份有限公司会计师事务所选聘制度（2025年12月制定）,2025-12-04,http://static.cninfo.com.cn/finalpage/2025-12-04/1224848870.PDF,1224848870,会计师事务所
603196,日播时尚,日播时尚：会计师事务所关于《关于日播时尚集团股份有限公司发行股份及支付现金购买资产并募集配套资金暨关联交易申请的审核问询函的回复》之专项核查意见（修订稿）,2025-12-04,http://static.cninfo.com.cn/finalpage/2025-12-04/1224846556.PDF,1224846556,会计师事务所
300290,荣科科技,荣科科技：关于续聘会计师事务所的公告,2025-12-04,http://static.cninfo.com.cn/finalpage/2025-12-04/1224849136.PDF,1224849136,会计师事务所
000665,湖北广电,湖北广电：关于拟续聘会计师事务所的公告,2025-12-04,http://static.cninfo.com.cn/finalpage/2025-12-04/1224849371.PDF,1224849371,会计师事务所
600992,贵绳股份,贵绳股份：贵州钢绳股份有限公司会计师事务所选聘制度,2025-12-04,http://static.cninfo.com.cn/finalpage/2025-12-04/1224847128.PDF,1224847128,会计师事务所
600734,实达集团,实达集团：福建实达集团股份有限公司续聘会计师事务所的公告,2025-12-04,http://static.cninfo.com.cn/finalpage/2025-12-04/1224848896.PDF,1224848896,会计师事务所
600052,东望时代,东望时代：浙江东望时代科技股份有限公司会计师事务所选聘制度（2025年12月修订）,2025-12-04,http://static.cninfo.com.cn/finalpage/2025-12-04/1224849085.PDF,1224849085,会计师事务所
301449,天溯计量,天溯计量：众华会计师事务所（特殊普通合伙）关于公司首次公开发行股票并在创业板上市的财务报表及审计报告,2025-12-04,http://static.cninfo.com.cn/finalpage/2025-12-04/1224847573.PDF,1224847573,会计师事务所
603110,东方材料,东方材料：新东方新材料股份有限公司会计师事务所选聘制度,2025-12-04,http://static.cninfo.com.cn/finalpage/2025-12-04/1224847799.PDF,1224847799,会计师事务所
688631,莱斯信息,莱斯信息：莱斯信息关于选聘公司2025年度会计师事务所的公告,2025-12-04,http://static.cninfo.com.cn/finalpage/2025-12-04/1224846234.PDF,1224846234,会计师事务所
600151,航天机电,航天机电：关于续聘天健会计师事务所（特殊普通合伙）为公司2025年度年审会计师事务所和内控审计机构的公告,2025-12-04,http://static.cninfo.com.cn/finalpage/2025-12-04/1224846552.PDF,1224846552,会计师事务所
601002,晋亿实业,晋亿实业：会计师事务所选聘制度,2025-12-04,http://static.cninfo.com.cn/finalpage/2025-12-04/1224846602.PDF,1224846602,会计师事务所
600539,狮头股份,狮头股份：关于聘任会计师事务所的公告,2025-12-04,http://static.cninfo.com.cn/finalpage/2025-12-04/1224848079.PDF,1224848079,会计师事务所
688671,碧兴物联,碧兴物联：关于续聘会计师事务所的公告,2025-12-04,http://static.cninfo.com.cn/finalpage/2025-12-04/1224848241.PDF,1224848241,会计师事务所
000567,海德股份,海德股份：2025-056 关于拟变更会计师事务所的公告（1）,2025-12-04,http://static.cninfo.com.cn/finalpage/2025-12-04/1224849428.PDF,1224849428,会计师事务所
002253,*ST智胜,*ST智胜：四川川大智胜软件股份有限公司关于拟变更会计师事务所的公告,2025-12-04,http://static.cninfo.com.cn/finalpage/2025-12-04/1224846195.PDF,1224846195,会计师事务所
300534,陇神戎发,陇神戎发：关于续聘2025年度会计师事务所的公告,2025-12-04,http://static.cninfo.com.cn/finalpage/2025-12-04/1224846955.PDF,1224846955,会计师事务所
002721,金一文化,金一文化：关于拟续聘会计师事务所的公告,2025-12-04,http://static.cninfo.com.cn/finalpage/2025-12-04/1224847400.PDF,1224847400,会计师事务所
300820,英杰电气,英杰电气：会计师事务所选聘制度（2025年12月）,2025-12-04,http://static.cninfo.com.cn/finalpage/2025-12-04/1224847705.PDF,1224847705,会计师事务所
300207,欣旺达,欣旺达：会计师事务所选聘制度（2025年12月）,2025-12-04,http://static.cninfo.com.cn/finalpage/2025-12-04/1224848156.PDF,1224848156,会计师事务所
688061,灿瑞科技,灿瑞科技：关于续聘会计师事务所的公告,2025-12-04,http://static.cninfo.com.cn/finalpage/2025-12-04/1224848251.PDF,1224848251,会计师事务所
688288,鸿泉技术,鸿泉技术：鸿泉技术：会计师事务所选聘制度（2025年12月修订）,2025-12-04,http://static.cninfo.com.cn/finalpage/2025-12-04/1224848272.PDF,1224848272,会计师事务所
688671,碧兴物联,碧兴物联：会计师事务所选聘制度,2025-12-04,http://static.cninfo.com.cn/finalpage/2025-12-04/1224848321.PDF,1224848321,会计师事务所
002005,ST德豪,ST德豪：会计师事务所选聘制度（2025年12月）,2025-12-04,http://static.cninfo.com.cn/finalpage/2025-12-04/1224848463.PDF,1224848463,会计师事务所
605376,博迁新材,博迁新材：江苏博迁新材料股份有限公司会计师事务所选聘制度,2025-12-04,http://static.cninfo.com.cn/finalpage/2025-12-04/1224848984.PDF,1224848984,会计师事务所
301303,真兰仪表,真兰仪表：会计师事务所选聘制度,2025-12-04,http://static.cninfo.com.cn/finalpage/2025-12-04/1224849216.PDF,1224849216,会计师事务所
002633,申科股份,申科股份：会计师事务所选聘制度,2025-12-04,http://static.cninfo.com.cn/finalpage/2025-12-04/1224849464.PDF,1224849464,会计师事务所
603687,大胜达,大胜达：浙江大胜达包装股份有限公司会计师事务所选聘制度,2025-12-04,http://static.cninfo.com.cn/finalpage/2025-12-04/1224849560.PDF,1224849560,会计师事务所
000017,深中华A,深中华A：会计师事务所选聘制度,2025-12-04,http://static.cninfo.com.cn/finalpage/2025-12-04/1224847560.PDF,1224847560,会计师事务所
300491,通合科技,通合科技：大信会计师事务所（特殊普通合伙）关于石家庄通合电子科技股份有限公司申请向不特定对象发行可转换公司债券审核问询函的回复,2025-12-03,http://static.cninfo.com.cn/finalpage/2025-12-03/1224847984.PDF,1224847984,会计师事务所
688622,禾信仪器,禾信仪器：致同会计师事务所（特殊普通合伙）关于广州禾信仪器股份有限公司2025年第三季度报告的信息披露监管问询函的回复,2025-12-03,http://static.cninfo.com.cn/finalpage/2025-12-03/1224845389.PDF,1224845389,会计师事务所
688629,华丰科技,华丰科技：北京德皓国际会计师事务所（特殊普通合伙）关于四川华丰科技股份有限公司向特定对象发行股票申请文件的审核问询函中有关财务事项的说明（豁免版）,2025-12-03,http://static.cninfo.com.cn/finalpage/2025-12-03/1224842791.PDF,1224842791,会计师事务所
600863,内蒙华电,内蒙华电：中证天通会计师事务所（特殊普通合伙）关于内蒙古蒙电华能热电股份有限公司发行股份及支付现金购买资产并募集配套资金暨关联交易申请的审核问询函中相关财务问题的专项核查意见,2025-12-03,http://static.cninfo.com.cn/finalpage/2025-12-03/1224844329.PDF,1224844329,会计师事务所
603616,韩建河山,韩建河山：韩建河山关于变更会计师事务所公告,2025-12-03,http://static.cninfo.com.cn/finalpage/2025-12-03/1224844422.PDF,1224844422,会计师事务所
600550,保变电气,保变电气：保定天威保变电气股份有限公司关于改聘会计师事务所的公告,2025-12-03,http://static.cninfo.com.cn/finalpage/2025-12-03/1224843559.PDF,1224843559,会计师事务所
600094,大名城,大名城：关于续聘会计师事务所的公告,2025-12-03,http://static.cninfo.com.cn/finalpage/2025-12-03/1224843665.PDF,1224843665,会计师事务所
002920,德赛西威,德赛西威：会计师事务所选聘制度（2025年12月）,2025-12-03,http://static.cninfo.com.cn/finalpage/2025-12-03/1224845697.PDF,1224845697,会计师事务所
300571,平治信息,平治信息：关于拟变更会计师事务所的公告,2025-12-03,http://static.cninfo.com.cn/finalpage/2025-12-03/1224842926.PDF,1224842926,会计师事务所
920976,视声智能,[临时公告]视声智能:拟变更2025年度会计师事务所公告,2025-12-03,http://static.cninfo.com.cn/finalpage/2025-12-03/1224846217.PDF,1224846217,会计师事务所
600727,鲁北化工,鲁北化工：鲁北化工会计师事务所选聘制度（2025年12月修订）,2025-12-03,http://static.cninfo.com.cn/finalpage/2025-12-03/1224844666.PDF,1224844666,会计师事务所
300342,天银机电,天银机电：会计师事务所选聘制度（2025年12月）,2025-12-03,http://static.cninfo.com.cn/finalpage/2025-12-03/1224843628.PDF,1224843628,会计师事务所
920753,天纺标,[临时公告]天纺标:关于拟续聘2025年度会计师事务所的公告,2025-12-03,http://static.cninfo.com.cn/finalpage/2025-12-03/1224848168.PDF,1224848168,会计师事务所
301089,拓新药业,拓新药业：关于续聘会计师事务所的公告,2025-12-03,http://static.cninfo.com.cn/finalpage/2025-12-03/1224844461.PDF,1224844461,会计师事务所
301419,阿莱德,阿莱德：会计师事务所选聘制度,2025-12-03,http://static.cninfo.com.cn/finalpage/2025-12-03/1224844048.PDF,1224844048,会计师事务所
300183,东软载波,东软载波：会计师事务所选聘制度,2025-12-03,http://static.cninfo.com.cn/finalpage/2025-12-03/1224843706.PDF,1224843706,会计师事务所
300087,荃银高科,荃银高科：关于变更会计师事务所的公告,2025-12-03,http://static.cninfo.com.cn/finalpage/2025-12-03/1224843807.PDF,1224843807,会计师事务所
603825,ST华扬,ST华扬：华扬联众数字技术股份有限公司关于变更会计师事务所的公告,2025-12-03,http://static.cninfo.com.cn/finalpage/2025-12-03/1224844328.PDF,1224844328,会计师事务所
000595,*ST宝实,*ST宝实：关于拟续聘会计师事务所的公告,2025-12-03,http://static.cninfo.com.cn/finalpage/2025-12-03/1224844392.PDF,1224844392,会计师事务所
002963,豪尔赛,豪尔赛：会计师事务所选聘制度（2025年12月）,2025-12-03,http://static.cninfo.com.cn/finalpage/2025-12-03/1224845288.PDF,1224845288,会计师事务所
603376,大明电子,大明电子：会计师事务所选聘制度,2025-12-03,http://static.cninfo.com.cn/finalpage/2025-12-03/1224843584.PDF,1224843584,会计师事务所
600116,三峡水利,三峡水利：重庆三峡水利电力（集团）股份有限公司关于续聘会计师事务所的公告,2025-12-03,http://static.cninfo.com.cn/finalpage/2025-12-03/1224843597.PDF,1224843597,会计师事务所
300771,智莱科技,智莱科技：关于续聘会计师事务所的公告,2025-12-03,http://static.cninfo.com.cn/finalpage/2025-12-03/1224845142.PDF,1224845142,会计师事务所
300833,浩洋股份,浩洋股份：关于变更会计师事务所的公告,2025-12-03,http://static.cninfo.com.cn/finalpage/2025-12-03/1224845335.PDF,1224845335,会计师事务所
300531,优博讯,优博讯：拟续聘会计师事务所的公告,2025-12-03,http://static.cninfo.com.cn/finalpage/2025-12-03/1224843816.PDF,1224843816,会计师事务所
000600,建投能源,建投能源：立信会计师事务所（特殊普通合伙）关于《河北建投能源投资股份有限公司申请向特定对象发行股票的审核问询函》的回复,2025-12-03,http://static.cninfo.com.cn/finalpage/2025-12-03/1224844279.PDF,1224844279,会计师事务所
300833,浩洋股份,浩洋股份：选聘会计师事务所管理办法,2025-12-03,http://static.cninfo.com.cn/finalpage/2025-12-03/1224845305.PDF,1224845305,会计师事务所
600513,联环药业,联环药业：联环药业关于续聘会计师事务所的公告,2025-12-03,http://static.cninfo.com.cn/finalpage/2025-12-03/1224843233.PDF,1224843233,会计师事务所
301162,国能日新,国能日新：会计师事务所选聘制度（2025年12月）,2025-12-03,http://static.cninfo.com.cn/finalpage/2025-12-03/1224845265.PDF,1224845265,会计师事务所
688278,特宝生物,特宝生物：特宝生物：会计师事务所选聘制度,2025-12-03,http://static.cninfo.com.cn/finalpage/2025-12-03/1224844782.PDF,1224844782,会计师事务所
920403,康农种业,[临时公告]康农种业:拟续聘 2025年度会计师事务所公告,2025-12-03,http://static.cninfo.com.cn/finalpage/2025-12-03/1224847965.PDF,1224847965,会计师事务所
300125,*ST聆达,*ST聆达：会计师事务所选聘制度（2025年12月）,2025-12-02,http://static.cninfo.com.cn/finalpage/2025-12-02/1224845745.PDF,1224845745,会计师事务所
300622,博士眼镜,博士眼镜：政旦志远(深圳)会计师事务所(特殊普通合伙)关于博士眼镜连锁股份有限公司申请向不特定对象发行可转换公司债券的审核问询函中有关财务事项的说明（修订稿）,2025-12-02,http://static.cninfo.com.cn/finalpage/2025-12-02/1224845523.PDF,1224845523,会计师事务所
301413,安培龙,安培龙：《会计师事务所选聘制度》,2025-12-02,http://static.cninfo.com.cn/finalpage/2025-12-02/1224843037.PDF,1224843037,会计师事务所
002452,长高电新,长高电新：中审华会计师事务所（特殊普通合伙）关于长高电新科技股份公司申请向不特定对象发行可转换公司债券的审核问询函的回复（修订稿暨2025年三季度财务数据更新）,2025-12-02,http://static.cninfo.com.cn/finalpage/2025-12-02/1224842513.PDF,1224842513,会计师事务所
600185,珠免集团,珠免集团：致同会计师事务所（特殊普通合伙）关于上海证券交易所《珠海珠免集团股份有限公司重大资产出售暨关联交易报告书的问询函》的回复,2025-12-02,http://static.cninfo.com.cn/finalpage/2025-12-02/1224842067.PDF,1224842067,会计师事务所
605081,*ST太和,*ST太和：上海太和水科技发展股份有限公司关于变更会计师事务所的公告,2025-12-02,http://static.cninfo.com.cn/finalpage/2025-12-02/1224840867.PDF,1224840867,会计师事务所
600370,三房巷,三房巷：江苏三房巷聚材股份有限公司关于续聘会计师事务所的公告,2025-12-02,http://static.cninfo.com.cn/finalpage/2025-12-02/1224840940.PDF,1224840940,会计师事务所
688210,统联精密,统联精密：容诚会计师事务所（特殊普通合伙）关于深圳市泛海统联精密制造股份有限公司向不特定对象发行可转换公司债券申请文件的审核问询函中有关财务会计问题的专项说明,2025-12-02,http://static.cninfo.com.cn/finalpage/2025-12-02/1224841157.PDF,1224841157,会计师事务所
688337,普源精电,普源精电：会计师事务所选聘制度,2025-12-02,http://static.cninfo.com.cn/finalpage/2025-12-02/1224839522.PDF,1224839522,会计师事务所
300148,天舟文化,天舟文化：会计师事务所选聘制度（2025年12月修订）,2025-12-02,http://static.cninfo.com.cn/finalpage/2025-12-02/1224840639.PDF,1224840639,会计师事务所
002985,北摩高科,北摩高科：关于拟变更会计师事务所的公告,2025-12-02,http://static.cninfo.com.cn/finalpage/2025-12-02/1224840523.PDF,1224840523,会计师事务所
002008,大族激光,大族激光：容诚会计师事务所（特殊普通合伙）关于大族激光科技产业集团股份有限公司会计估计变更专项说明的专项审核报告（容诚专字[2025]518Z1028号）,2025-12-02,http://static.cninfo.com.cn/finalpage/2025-12-02/1224840296.PDF,1224840296,会计师事务所
920781,瑞奇智造,[临时公告]瑞奇智造:拟变更2025年度会计师事务所公告,2025-12-02,http://static.cninfo.com.cn/finalpage/2025-12-02/1224843520.PDF,1224843520,会计师事务所
300106,西部牧业,西部牧业：关于拟变更会计师事务所的公告,2025-12-02,http://static.cninfo.com.cn/finalpage/2025-12-02/1224838889.PDF,1224838889,会计师事务所
600221,海航控股,海航控股：海航控股：关于续聘会计师事务所的公告,2025-12-02,http://static.cninfo.com.cn/finalpage/2025-12-02/1224842209.PDF,1224842209,会计师事务所
002649,博彦科技,博彦科技：会计师事务所选聘制度（2025年12月）,2025-12-02,http://static.cninfo.com.cn/finalpage/2025-12-02/1224841356.PDF,1224841356,会计师事务所
300492,华图山鼎,华图山鼎：会计师事务所选聘制度,2025-12-02,http://static.cninfo.com.cn/finalpage/2025-12-02/1224841497.PDF,1224841497,会计师事务所
300616,尚品宅配,尚品宅配：关于续聘会计师事务所的公告,2025-12-02,http://static.cninfo.com.cn/finalpage/2025-12-02/1224839340.PDF,1224839340,会计师事务所
000818,航锦科技,航锦科技：关于拟变更会计师事务所的公告,2025-12-02,http://static.cninfo.com.cn/finalpage/2025-12-02/1224840653.PDF,1224840653,会计师事务所
688051,佳华科技,佳华科技：关于续聘会计师事务所的公告,2025-12-02,http://static.cninfo.com.cn/finalpage/2025-12-02/1224840454.PDF,1224840454,会计师事务所
000659,珠海中富,珠海中富：关于拟变更会计师事务所的公告,2025-12-02,http://static.cninfo.com.cn/finalpage/2025-12-02/1224841466.PDF,1224841466,会计师事务所
600193,*ST创兴,*ST创兴：上海创兴资源开发股份有限公司会计师事务所选聘制度（2025年12月修订）,2025-12-02,http://static.cninfo.com.cn/finalpage/2025-12-02/1224841531.PDF,1224841531,会计师事务所
300569,天能重工,天能重工：青岛天能重工股份有限公司关于拟续聘会计师事务所的公告,2025-12-02,http://static.cninfo.com.cn/finalpage/2025-12-02/1224841594.PDF,1224841594,会计师事务所
002227,奥 特 迅,奥 特 迅：关于拟变更会计师事务所的公告,2025-12-02,http://static.cninfo.com.cn/finalpage/2025-12-02/1224841012.PDF,1224841012,会计师事务所
603061,金海通,金海通：会计师事务所选聘制度（2025年12月修订）,2025-12-02,http://static.cninfo.com.cn/finalpage/2025-12-02/1224841306.PDF,1224841306,会计师事务所
000400,许继电气,许继电气：关于续聘会计师事务所的公告,2025-12-02,http://static.cninfo.com.cn/finalpage/2025-12-02/1224842054.PDF,1224842054,会计师事务所
000426,兴业银锡,兴业银锡：会计师事务所选聘制度（2025年12月）,2025-12-02,http://static.cninfo.com.cn/finalpage/2025-12-02/1224842163.PDF,1224842163,会计师事务所
002452,长高电新,长高电新：中审华会计师事务所（特殊普通合伙）关于长高电新科技股份公司申请向不特定对象发行可转换公司债券的审核问询函的回复（修订稿）,2025-12-02,http://static.cninfo.com.cn/finalpage/2025-12-02/1224842243.PDF,1224842243,会计师事务所
300472,*ST新元,*ST新元：关于拟变更会计师事务所的公告,2025-12-02,http://static.cninfo.com.cn/finalpage/2025-12-02/1224840152.PDF,1224840152,会计师事务所
603759,海天股份,海天股份：信永中和会计师事务所（特殊普通合伙）关于海天水务集团股份公司向不特定对象发行可转换公司债券申请文件的审核问询函的回复报告,2025-12-02,http://static.cninfo.com.cn/finalpage/2025-12-02/1224842437.PDF,1224842437,会计师事务所
300148,天舟文化,天舟文化：关于拟变更会计师事务所的公告,2025-12-02,http://static.cninfo.com.cn/finalpage/2025-12-02/1224840644.PDF,1224840644,会计师事务所
300962,中金辐照,中金辐照：中兴华会计师事务所（特殊普通合伙）关于中金辐照股份有限公司前次募集资金使用情况的鉴证报告,2025-12-01,http://static.cninfo.com.cn/finalpage/2025-12-01/1224841608.PDF,1224841608,会计师事务所
300666,江丰电子,江丰电子：立信会计师事务所(特殊普通合伙)关于宁波江丰电子材料股份有限公司申请向特定对象发行股票的审核问询函的回复,2025-12-01,http://static.cninfo.com.cn/finalpage/2025-12-01/1224841406.PDF,1224841406,会计师事务所
301499,维科精密,维科精密：普华永道中天会计师事务所（特殊普通合伙）关于上海维科精密模塑股份有限公司申请向不特定对象发行可转换公司债券申请文件审核问询函回复的专项意见,2025-12-01,http://static.cninfo.com.cn/finalpage/2025-12-01/1224840837.PDF,1224840837,会计师事务所
300204,舒泰神,舒泰神：天衡会计师事务所（特殊普通合伙）关于舒泰神（北京）生物制药股份有限公司向特定对象发行股票的审核问询函的回复,2025-12-01,http://static.cninfo.com.cn/finalpage/2025-12-01/1224840608.PDF,1224840608,会计师事务所
300249,依米康,依米康：信永中和会计师事务所（特殊普通合伙）关于依米康科技集团股份有限公司申请向特定对象发行股票的审核问询函相关问题的回复,2025-12-01,http://static.cninfo.com.cn/finalpage/2025-12-01/1224839663.PDF,1224839663,会计师事务所
300332,天壕能源,天壕能源：会计师事务所选聘制度（2025年11月）,2025-12-01,http://static.cninfo.com.cn/finalpage/2025-12-01/1224832896.PDF,1224832896,会计师事务所
002889,东方嘉盛,东方嘉盛：会计师事务所选聘制度,2025-12-01,http://static.cninfo.com.cn/finalpage/2025-12-01/1224837674.PDF,1224837674,会计师事务所
600666,奥瑞德,奥瑞德：奥瑞德关于续聘会计师事务所的公告,2025-12-01,http://static.cninfo.com.cn/finalpage/2025-12-01/1224837697.PDF,1224837697,会计师事务所
002955,鸿合科技,鸿合科技：会计师事务所选聘制度(2025年11月）,2025-12-01,http://static.cninfo.com.cn/finalpage/2025-12-01/1224837626.PDF,1224837626,会计师事务所
300985,致远新能,致远新能：会计师事务所选聘制度,2025-12-01,http://static.cninfo.com.cn/finalpage/2025-12-01/1224837597.PDF,1224837597,会计师事务所
300508,维宏股份,维宏股份：会计师事务所选聘制度,2025-11-29,http://static.cninfo.com.cn/finalpage/2025-11-29/1224832971.PDF,1224832971,会计师事务所
002584,西陇科学,西陇科学：关于拟续聘会计师事务所的公告,2025-11-29,http://static.cninfo.com.cn/finalpage/2025-11-29/1224833021.PDF,1224833021,会计师事务所
300732,设研院,设研院：会计师事务所聘用管理制度（2025年11月）,2025-11-29,http://static.cninfo.com.cn/finalpage/2025-11-29/1224833177.PDF,1224833177,会计师事务所
300512,中亚股份,中亚股份：会计师事务所选聘管理制度（2025年11月）,2025-11-29,http://static.cninfo.com.cn/finalpage/2025-11-29/1224833353.PDF,1224833353,会计师事务所
301023,江南奕帆,江南奕帆：会计师事务所选聘制度（2025年11月）,2025-11-29,http://static.cninfo.com.cn/finalpage/2025-11-29/1224833430.PDF,1224833430,会计师事务所
603979,金诚信,金诚信：中汇会计师事务所（特殊普通合伙）《关于金诚信矿业管理股份有限公司以自筹资金预先投入募集资金投资项目和支付发行费用的鉴证报告》,2025-11-29,http://static.cninfo.com.cn/finalpage/2025-11-29/1224833562.PDF,1224833562,会计师事务所
600480,凌云股份,凌云股份：关于续聘会计师事务所的公告,2025-11-29,http://static.cninfo.com.cn/finalpage/2025-11-29/1224833974.PDF,1224833974,会计师事务所
600751,海航科技,海航科技：海航科技股份有限公司会计师事务所选聘制度,2025-11-29,http://static.cninfo.com.cn/finalpage/2025-11-29/1224834630.PDF,1224834630,会计师事务所
600729,重庆百货,重庆百货：重庆百货大楼股份有限公司关于续聘会计师事务所的公告,2025-11-29,http://static.cninfo.com.cn/finalpage/2025-11-29/1224834750.PDF,1224834750,会计师事务所
300145,南方泵业,南方泵业：会计师事务所选聘制度（2025年11月）,2025-11-29,http://static.cninfo.com.cn/finalpage/2025-11-29/1224834949.PDF,1224834949,会计师事务所
300560,中富通,中富通：会计师事务所选聘制度,2025-11-29,http://static.cninfo.com.cn/finalpage/2025-11-29/1224834990.PDF,1224834990,会计师事务所
600608,*ST沪科,*ST沪科：*ST沪科关于变更会计师事务所的公告,2025-11-29,http://static.cninfo.com.cn/finalpage/2025-11-29/1224836439.PDF,1224836439,会计师事务所
300509,新美星,新美星：会计师事务所选聘制度（2025年11月）,2025-11-29,http://static.cninfo.com.cn/finalpage/2025-11-29/1224836624.PDF,1224836624,会计师事务所
600271,航天信息,航天信息：航天信息股份有限公司关于续聘2025年度会计师事务所的公告,2025-11-29,http://static.cninfo.com.cn/finalpage/2025-11-29/1224836693.PDF,1224836693,会计师事务所
003013,地铁设计,地铁设计：广东司农会计师事务所（特殊普通合伙）《关于广州地铁设计研究院股份有限公司发行股份购买资产并募集配套资金申请的第二轮审核问询函的回复》之专项核查意见,2025-11-29,http://static.cninfo.com.cn/finalpage/2025-11-29/1224836768.PDF,1224836768,会计师事务所
002855,捷荣技术,捷荣技术：关于拟续聘会计师事务所的公告,2025-11-29,http://static.cninfo.com.cn/finalpage/2025-11-29/1224836989.PDF,1224836989,会计师事务所
600021,上海电力,上海电力：上海电力股份有限公司关于续聘中汇会计师事务所（特殊普通合伙）为2025年度审计机构的公告,2025-11-29,http://static.cninfo.com.cn/finalpage/2025-11-29/1224835593.PDF,1224835593,会计师事务所
001389,广合科技,广合科技：关于拟续聘会计师事务所的公告,2025-11-29,http://static.cninfo.com.cn/finalpage/2025-11-29/1224835981.PDF,1224835981,会计师事务所
688596,正帆科技,正帆科技：会计师事务所选聘制度（2025年11月）,2025-11-29,http://static.cninfo.com.cn/finalpage/2025-11-29/1224836312.PDF,1224836312,会计师事务所
300449,汉邦高科,汉邦高科：关于拟变更会计师事务所的公告,2025-11-29,http://static.cninfo.com.cn/finalpage/2025-11-29/1224833107.PDF,1224833107,会计师事务所
002122,ST汇洲,ST汇洲：会计师事务所选聘制度（2025年11月）,2025-11-29,http://static.cninfo.com.cn/finalpage/2025-11-29/1224834069.PDF,1224834069,会计师事务所
688303,大全能源,大全能源：大全能源关于续聘德勤华永会计师事务所（特殊普通合伙）为公司2025年度审计机构的公告,2025-11-29,http://static.cninfo.com.cn/finalpage/2025-11-29/1224834110.PDF,1224834110,会计师事务所
300638,广和通,广和通：会计师事务所选聘制度（2025年11月）,2025-11-29,http://static.cninfo.com.cn/finalpage/2025-11-29/1224835626.PDF,1224835626,会计师事务所
000973,佛塑科技,佛塑科技：华兴会计师事务所（特殊普通合伙）关于佛山佛塑科技集团股份有限公司发行股份购买资产并募集配套资金申请的审核问询函回复之专项核查意见,2025-11-29,http://static.cninfo.com.cn/finalpage/2025-11-29/1224835971.PDF,1224835971,会计师事务所
001255,博菲电气,博菲电气：会计师事务所选聘制度,2025-11-29,http://static.cninfo.com.cn/finalpage/2025-11-29/1224836211.PDF,1224836211,会计师事务所
688115,思林杰,思林杰：天健会计师事务所（特殊普通合伙）：关于广州思林杰科技股份有限公司发行股份及支付现金购买资产并募集配套资金暨关联交易申请的审核问询函中有关财务事项的说明,2025-11-29,http://static.cninfo.com.cn/finalpage/2025-11-29/1224836281.PDF,1224836281,会计师事务所
002586,*ST围海,*ST围海：华兴会计师事务所（特殊普通合伙）关于浙江省围海建设集团股份有限公司前期会计差错更正专项说明的鉴证报告（华兴专字[2025]25010170029号,2025-11-29,http://static.cninfo.com.cn/finalpage/2025-11-29/1224836414.PDF,1224836414,会计师事务所
300083,创世纪,创世纪：关于拟续聘会计师事务所的公告,2025-11-29,http://static.cninfo.com.cn/finalpage/2025-11-29/1224836506.PDF,1224836506,会计师事务所
001314,亿道信息,亿道信息：会计师事务所选聘制度（2025年11月）,2025-11-29,http://static.cninfo.com.cn/finalpage/2025-11-29/1224836558.PDF,1224836558,会计师事务所
003013,地铁设计,地铁设计：关于拟聘请会计师事务所的公告,2025-11-29,http://static.cninfo.com.cn/finalpage/2025-11-29/1224836751.PDF,1224836751,会计师事务所
003013,地铁设计,地铁设计：广东司农会计师事务所（特殊普通合伙）《关于广州地铁设计研究院股份有限公司发行股份购买资产并募集配套资金申请的审核问询函的回复》之专项核查意见（修订稿）,2025-11-29,http://static.cninfo.com.cn/finalpage/2025-11-29/1224836765.PDF,1224836765,会计师事务所
600238,*ST椰岛,*ST椰岛：*ST椰岛会计师事务所选聘制度（2025年11月制定版）,2025-11-29,http://static.cninfo.com.cn/finalpage/2025-11-29/1224837258.PDF,1224837258,会计师事务所
002432,九安医疗,九安医疗：会计师事务所选聘管理办法（2025年11月）,2025-11-29,http://static.cninfo.com.cn/finalpage/2025-11-29/1224837366.PDF,1224837366,会计师事务所
000878,云南铜业,云南铜业：信永中和会计师事务所（特殊普通合伙）关于云南铜业股份有限公司发行股份购买资产并募集配套资金申请的审核问询函相关问题的回复,2025-11-29,http://static.cninfo.com.cn/finalpage/2025-11-29/1224835081.PDF,1224835081,会计师事务所
600599,*ST熊猫,*ST熊猫：*ST熊猫关于聘请公司2025年度会计师事务所的公告,2025-11-29,http://static.cninfo.com.cn/finalpage/2025-11-29/1224835337.PDF,1224835337,会计师事务所
002289,*ST宇顺,*ST宇顺：深圳市宇顺电子股份有限公司会计师事务所选聘制度,2025-11-29,http://static.cninfo.com.cn/finalpage/2025-11-29/1224837030.PDF,1224837030,会计师事务所
000603,盛达资源,盛达资源：会计师事务所选聘制度,2025-11-29,http://static.cninfo.com.cn/finalpage/2025-11-29/1224833785.PDF,1224833785,会计师事务所
688552,航天南湖,航天南湖：关于续聘会计师事务所的公告,2025-11-29,http://static.cninfo.com.cn/finalpage/2025-11-29/1224834376.PDF,1224834376,会计师事务所
002184,海得控制,海得控制：会计师事务所选聘制度,2025-11-29,http://static.cninfo.com.cn/finalpage/2025-11-29/1224834518.PDF,1224834518,会计师事务所
688322,奥比中光,奥比中光：关于续聘2025年度会计师事务所的公告,2025-11-29,http://static.cninfo.com.cn/finalpage/2025-11-29/1224834645.PDF,1224834645,会计师事务所
002189,中光学,中光学：关于拟续聘会计师事务所的公告,2025-11-29,http://static.cninfo.com.cn/finalpage/2025-11-29/1224834748.PDF,1224834748,会计师事务所
603557,ST起步,ST起步：会计师事务所选聘制度,2025-11-29,http://static.cninfo.com.cn/finalpage/2025-11-29/1224835658.PDF,1224835658,会计师事务所
688199,久日新材,久日新材：天津久日新材料股份有限公司续聘会计师事务所公告,2025-11-29,http://static.cninfo.com.cn/finalpage/2025-11-29/1224836103.PDF,1224836103,会计师事务所
688115,思林杰,思林杰：信永中和会计师事务所（特殊普通合伙）：关于广州思林杰科技股份有限公司发行股份及支付现金购买资产并募集配套资金暨关联交易申请的审核问询函回复,2025-11-29,http://static.cninfo.com.cn/finalpage/2025-11-29/1224836270.PDF,1224836270,会计师事务所
603137,恒尚节能,恒尚节能：恒尚节能：关于续聘2025年度会计师事务所的公告,2025-11-29,http://static.cninfo.com.cn/finalpage/2025-11-29/1224832764.PDF,1224832764,会计师事务所
600158,中体产业,中体产业：中体产业集团股份有限公司关于续聘会计师事务所的公告,2025-11-29,http://static.cninfo.com.cn/finalpage/2025-11-29/1224833561.PDF,1224833561,会计师事务所
002252,上海莱士,上海莱士：会计师事务所选聘制度,2025-11-29,http://static.cninfo.com.cn/finalpage/2025-11-29/1224834270.PDF,1224834270,会计师事务所
300142,沃森生物,沃森生物：会计师事务所选聘制度（2025年11月）,2025-11-29,http://static.cninfo.com.cn/finalpage/2025-11-29/1224834860.PDF,1224834860,会计师事务所
600356,恒丰纸业,恒丰纸业：会计师事务所关于变更签字人员的承诺,2025-11-29,http://static.cninfo.com.cn/finalpage/2025-11-29/1224835586.PDF,1224835586,会计师事务所
603580,*ST艾艾,*ST艾艾：艾艾精密工业输送系统（上海）股份有限公司关于变更会计师事务所的公告,2025-11-29,http://static.cninfo.com.cn/finalpage/2025-11-29/1224836261.PDF,1224836261,会计师事务所
603879,永悦科技,永悦科技：永悦科技关于变更会计师事务所的公告,2025-11-29,http://static.cninfo.com.cn/finalpage/2025-11-29/1224836303.PDF,1224836303,会计师事务所
001313,粤海饲料,粤海饲料：关于续聘2025年度会计师事务所的公告,2025-11-29,http://static.cninfo.com.cn/finalpage/2025-11-29/1224836525.PDF,1224836525,会计师事务所
002053,云南能投,云南能投：云南能源投资股份有限公司会计师事务所选聘制度（2025年11月制定）,2025-11-29,http://static.cninfo.com.cn/finalpage/2025-11-29/1224836920.PDF,1224836920,会计师事务所
000705,浙江震元,浙江震元：浙江震元股份有限公司会计师事务所选聘制度,2025-11-29,http://static.cninfo.com.cn/finalpage/2025-11-29/1224837389.PDF,1224837389,会计师事务所
300419,ST浩丰,ST浩丰：关于续聘会计师事务所的公告,2025-11-29,http://static.cninfo.com.cn/finalpage/2025-11-29/1224834984.PDF,1224834984,会计师事务所
600182,S佳通,S佳通：佳通轮胎股份有限公司会计师事务所选聘管理办法（2025年修订）,2025-11-29,http://static.cninfo.com.cn/finalpage/2025-11-29/1224835239.PDF,1224835239,会计师事务所
002101,广东鸿图,广东鸿图：关于聘用2025年度审计机构暨变更会计师事务所的公告,2025-11-29,http://static.cninfo.com.cn/finalpage/2025-11-29/1224835303.PDF,1224835303,会计师事务所
000802,北京文化,北京文化：关于续聘2025年度会计师事务所的公告,2025-11-29,http://static.cninfo.com.cn/finalpage/2025-11-29/1224832922.PDF,1224832922,会计师事务所
000068,华控赛格,华控赛格：关于拟续聘2025年年审会计师事务所的公告,2025-11-29,http://static.cninfo.com.cn/finalpage/2025-11-29/1224832959.PDF,1224832959,会计师事务所
002122,ST汇洲,ST汇洲：关于拟变更会计师事务所的公告,2025-11-29,http://static.cninfo.com.cn/finalpage/2025-11-29/1224834076.PDF,1224834076,会计师事务所
002379,宏创控股,宏创控股：信永中和会计师事务所（特殊普通合伙）《关于山东宏创铝业控股股份有限公司发行股份购买资产申请的审核问询函相关问题的回复》,2025-11-29,http://static.cninfo.com.cn/finalpage/2025-11-29/1224834315.PDF,1224834315,会计师事务所
300142,沃森生物,沃森生物：关于拟聘请会计师事务所的公告,2025-11-29,http://static.cninfo.com.cn/finalpage/2025-11-29/1224834869.PDF,1224834869,会计师事务所
002586,*ST围海,*ST围海：华兴会计师事务所（特殊普通合伙）浙江省围海建设集团股份有限公司审计报告（华兴审字[2025]25010170019号）,2025-11-29,http://static.cninfo.com.cn/finalpage/2025-11-29/1224836413.PDF,1224836413,会计师事务所
301236,软通动力,软通动力：会计师事务所选聘制度,2025-11-29,http://static.cninfo.com.cn/finalpage/2025-11-29/1224836721.PDF,1224836721,会计师事务所
600615,鑫源智造,鑫源智造：安礼华粤（广东）会计师事务所（特殊普通合伙）关于重庆鑫源智造科技股份有限公司非经常性损益专项核查报告,2025-11-29,http://static.cninfo.com.cn/finalpage/2025-11-29/1224837007.PDF,1224837007,会计师事务所
688819,天能股份,天能股份：天能电池集团股份有限公司会计师事务所选聘制度(2025年修订),2025-11-29,http://static.cninfo.com.cn/finalpage/2025-11-29/1224835729.PDF,1224835729,会计师事务所
688173,希荻微,希荻微：立信会计师事务所（特殊普通合伙）《关于希荻微电子集团股份有限公司发行股份及支付现金购买资产并募集配套资金申请的审核问询函》的回复,2025-11-29,http://static.cninfo.com.cn/finalpage/2025-11-29/1224835797.PDF,1224835797,会计师事务所
300147,ST香雪,ST香雪：关于续聘会计师事务所的公告,2025-11-29,http://static.cninfo.com.cn/finalpage/2025-11-29/1224836181.PDF,1224836181,会计师事务所
600289,ST信通,ST信通：亿阳信通关于续聘会计师事务所的公告,2025-11-29,http://static.cninfo.com.cn/finalpage/2025-11-29/1224835343.PDF,1224835343,会计师事务所
00638,广和通,广和通：海外监管公告 - 会计师事务所选聘制度,2025-11-28,http://static.cninfo.com.cn/finalpage/2025-11-28/1224837178.PDF,1224837178,会计师事务所
301335,天元宠物,天元宠物：天健会计师事务所关于发行股份购买资产并募集配套资金申请的审核问询函中有关财务事项的说明（修订稿）,2025-11-28,http://static.cninfo.com.cn/finalpage/2025-11-28/1224836139.PDF,1224836139,会计师事务所
301123,奕东电子,奕东电子：关于拟变更会计师事务所的公告,2025-11-28,http://static.cninfo.com.cn/finalpage/2025-11-28/1224835317.PDF,1224835317,会计师事务所
301223,中荣股份,中荣股份：会计师事务所选聘制度,2025-11-28,http://static.cninfo.com.cn/finalpage/2025-11-28/1224832542.PDF,1224832542,会计师事务所
300657,弘信电子,弘信电子：天健会计师事务所（特殊普通合伙）关于厦门弘信电子科技集团股份有限公司申请向特定对象发行股票审核问询函中有关财务事项的说明,2025-11-28,http://static.cninfo.com.cn/finalpage/2025-11-28/1224832518.PDF,1224832518,会计师事务所
603863,松炀资源,松炀资源：广东松炀再生资源股份有限公司会计师事务所选聘制度,2025-11-28,http://static.cninfo.com.cn/finalpage/2025-11-28/1224830232.PDF,1224830232,会计师事务所
002298,中电鑫龙,中电鑫龙：会计师事务所选聘制度（2025年11月）,2025-11-28,http://static.cninfo.com.cn/finalpage/2025-11-28/1224831881.PDF,1224831881,会计师事务所
603079,圣达生物,圣达生物：浙江圣达生物药业股份有限公司会计师事务所选聘制度（2025年11月修订）,2025-11-28,http://static.cninfo.com.cn/finalpage/2025-11-28/1224830875.PDF,1224830875,会计师事务所
600689,上海三毛,上海三毛：上海三毛企业（集团）股份有限公司会计师事务所选聘管理制度（2025年修订）,2025-11-28,http://static.cninfo.com.cn/finalpage/2025-11-28/1224830690.PDF,1224830690,会计师事务所
920344,三元基因,[临时公告]三元基因:拟续聘2025年度会计师事务所公告,2025-11-28,http://static.cninfo.com.cn/finalpage/2025-11-28/1224834603.PDF,1224834603,会计师事务所
688389,普门科技,普门科技：深圳普门科技股份有限公司会计师事务所选聘制度（2025年11月修订）,2025-11-28,http://static.cninfo.com.cn/finalpage/2025-11-28/1224830654.PDF,1224830654,会计师事务所
600491,龙元建设,龙元建设：龙元建设会计师事务所选聘制度（2025年11月修订）,2025-11-28,http://static.cninfo.com.cn/finalpage/2025-11-28/1224832228.PDF,1224832228,会计师事务所
600560,金自天正,金自天正：北京金自天正智能控制股份有限公司关于会计师事务所变更质量控制复核人的公告,2025-11-28,http://static.cninfo.com.cn/finalpage/2025-11-28/1224829926.PDF,1224829926,会计师事务所
300604,长川科技,长川科技：天健会计师事务所（特殊普通合伙）关于杭州长川科技股份有限公司2025年向特定对象发行股票的问询函专项说明（豁免版）,2025-11-28,http://static.cninfo.com.cn/finalpage/2025-11-28/1224831820.PDF,1224831820,会计师事务所
603439,贵州三力,贵州三力：贵州三力制药股份有限公司会计师事务所选聘制度,2025-11-28,http://static.cninfo.com.cn/finalpage/2025-11-28/1224831331.PDF,1224831331,会计师事务所
300885,海昌新材,海昌新材：关于拟变更会计师事务所的公告,2025-11-28,http://static.cninfo.com.cn/finalpage/2025-11-28/1224830274.PDF,1224830274,会计师事务所
601003,柳钢股份,柳钢股份：柳钢股份关于续聘会计师事务所的公告,2025-11-28,http://static.cninfo.com.cn/finalpage/2025-11-28/1224830452.PDF,1224830452,会计师事务所
300999,金龙鱼,金龙鱼：会计师事务所选聘管理制度,2025-11-28,http://static.cninfo.com.cn/finalpage/2025-11-28/1224831627.PDF,1224831627,会计师事务所
920008,成电光信,[临时公告]成电光信:拟续聘2025年度会计师事务所公告,2025-11-28,http://static.cninfo.com.cn/finalpage/2025-11-28/1224833877.PDF,1224833877,会计师事务所
300388,节能国祯,节能国祯：关于拟变更会计师事务所的公告,2025-11-28,http://static.cninfo.com.cn/finalpage/2025-11-28/1224830365.PDF,1224830365,会计师事务所
688522,纳睿雷达,纳睿雷达：天健会计师事务所（特殊普通合伙）关于广东纳睿雷达科技股份有限公司发行股份及支付现金购买资产并募集配套资金申请的审核问询函中有关财务事项的说明,2025-11-28,http://static.cninfo.com.cn/finalpage/2025-11-28/1224830641.PDF,1224830641,会计师事务所
301152,天力锂能,天力锂能：天力锂能集团股份有限公司关于拟变更会计师事务所的公告,2025-11-28,http://static.cninfo.com.cn/finalpage/2025-11-28/1224830577.PDF,1224830577,会计师事务所
002451,摩恩电气,摩恩电气：关于拟变更会计师事务所的公告,2025-11-28,http://static.cninfo.com.cn/finalpage/2025-11-28/1224831063.PDF,1224831063,会计师事务所
002277,友阿股份,友阿股份：立信会计师事务所（特殊普通合伙）关于深圳证券交易所《关于湖南友谊阿波罗商业股份有限公司发行股份购买资产并募集配套资金申请的审核问询函》之专项回复意见,2025-11-28,http://static.cninfo.com.cn/finalpage/2025-11-28/1224831420.PDF,1224831420,会计师事务所
688155,先惠技术,先惠技术：上海先惠自动化技术股份有限公司关于续聘会计师事务所的公告,2025-11-28,http://static.cninfo.com.cn/finalpage/2025-11-28/1224830854.PDF,1224830854,会计师事务所
688509,正元地信,正元地信：正元地信关于续聘会计师事务所的公告,2025-11-28,http://static.cninfo.com.cn/finalpage/2025-11-28/1224832263.PDF,1224832263,会计师事务所
000923,河钢资源,河钢资源：关于拟变更会计师事务所的公告,2025-11-28,http://static.cninfo.com.cn/finalpage/2025-11-28/1224832163.PDF,1224832163,会计师事务所
300815,玉禾田,玉禾田：立信会计师事务所(特殊普通合伙)关于公司向不特定对象发行可转换公司债券项目审核问询函的回复,2025-11-27,http://static.cninfo.com.cn/finalpage/2025-11-27/1224832175.PDF,1224832175,会计师事务所
300688,创业黑马,创业黑马：中兴华会计师事务所（特殊普通合伙）关于创业黑马科技集团股份有限公司发行股份及支付现金购买资产并募集配套资金申请的第二轮审核问询函的专项说明,2025-11-27,http://static.cninfo.com.cn/finalpage/2025-11-27/1224830584.PDF,1224830584,会计师事务所
002256,兆新股份,兆新股份：会计师事务所选聘制度（2025年11月）,2025-11-27,http://static.cninfo.com.cn/finalpage/2025-11-27/1224827984.PDF,1224827984,会计师事务所
688409,富创精密,富创精密：关于续聘会计师事务所的公告,2025-11-27,http://static.cninfo.com.cn/finalpage/2025-11-27/1224829339.PDF,1224829339,会计师事务所
605555,德昌股份,德昌股份：宁波德昌电机股份有限公司会计师事务所选聘制度,2025-11-27,http://static.cninfo.com.cn/finalpage/2025-11-27/1224829543.PDF,1224829543,会计师事务所
900948,伊泰Ｂ股,伊泰Ｂ股：内蒙古伊泰煤炭股份有限公司关于续聘会计师事务所的公告,2025-11-27,http://static.cninfo.com.cn/finalpage/2025-11-27/1224829656.PDF,1224829656,会计师事务所
601991,大唐发电,大唐发电：大唐发电关于变更内部控制审计会计师事务所的公告,2025-11-27,http://static.cninfo.com.cn/finalpage/2025-11-27/1224828199.PDF,1224828199,会计师事务所
002048,宁波华翔,宁波华翔：天健会计师事务所（特殊普通合伙）关于宁波华翔电子股份有限公司申请向特定对象发行股票审核问询函中有关财务事项的说明,2025-11-27,http://static.cninfo.com.cn/finalpage/2025-11-27/1224828157.PDF,1224828157,会计师事务所
300348,长亮科技,长亮科技：《会计师事务所选聘制度》,2025-11-27,http://static.cninfo.com.cn/finalpage/2025-11-27/1224828699.PDF,1224828699,会计师事务所
000859,国风新材,国风新材：容诚会计师事务所（特殊普通合伙）关于安徽国风新材料股份有限公司前次募集资金使用情况鉴证报告,2025-11-27,http://static.cninfo.com.cn/finalpage/2025-11-27/1224829301.PDF,1224829301,会计师事务所
000859,国风新材,国风新材：容诚会计师事务所（特殊普通合伙）关于深圳证券交易所《关于安徽国风新材料股份有限公司发行股份购买资产并募集配套资金申请的审核问询函》的回复之专项核查意见,2025-11-27,http://static.cninfo.com.cn/finalpage/2025-11-27/1224829302.PDF,1224829302,会计师事务所
920571,国航远洋,[临时公告]国航远洋:拟续聘2025年度会计师事务所公告,2025-11-27,http://static.cninfo.com.cn/finalpage/2025-11-27/1224831405.PDF,1224831405,会计师事务所
002733,雄韬股份,雄韬股份：会计师事务所选聘制度（2025年11月）,2025-11-27,http://static.cninfo.com.cn/finalpage/2025-11-27/1224829084.PDF,1224829084,会计师事务所
300203,聚光科技,聚光科技：关于续聘会计师事务所的公告,2025-11-27,http://static.cninfo.com.cn/finalpage/2025-11-27/1224828590.PDF,1224828590,会计师事务所
300077,国民技术,国民技术：关于续聘境内会计师事务所的公告,2025-11-27,http://static.cninfo.com.cn/finalpage/2025-11-27/1224828465.PDF,1224828465,会计师事务所
002583,海能达,海能达：会计师事务所选聘制度（2025年11月）,2025-11-27,http://static.cninfo.com.cn/finalpage/2025-11-27/1224829468.PDF,1224829468,会计师事务所
301667,纳百川,纳百川：天健会计师事务所（特殊普通合伙）关于公司首次公开发行股票并在创业板上市的财务报表及审计报告,2025-11-27,http://static.cninfo.com.cn/finalpage/2025-11-27/1224827497.PDF,1224827497,会计师事务所
603759,海天股份,海天股份：会计师事务所选聘制度（2025年11月制定）,2025-11-27,http://static.cninfo.com.cn/finalpage/2025-11-27/1224828939.PDF,1224828939,会计师事务所
301398,星源卓镁,星源卓镁：会计师事务所选聘制度（2025年11月修订）,2025-11-27,http://static.cninfo.com.cn/finalpage/2025-11-27/1224829273.PDF,1224829273,会计师事务所
688484,南芯科技,南芯科技：容诚会计师事务所关于上海南芯半导体科技股份有限公司前次募集资金使用情况报告鉴证报告,2025-11-27,http://static.cninfo.com.cn/finalpage/2025-11-27/1224829107.PDF,1224829107,会计师事务所
301607,富特科技,富特科技：天健会计师事务所（特殊普通合伙）关于浙江富特科技股份有限公司申请向特定对象发行股票的审核问询函的回复,2025-11-26,http://static.cninfo.com.cn/finalpage/2025-11-26/1224828743.PDF,1224828743,会计师事务所
300225,*ST金泰,*ST金泰：会计师事务所选聘制度（2025年11月）,2025-11-26,http://static.cninfo.com.cn/finalpage/2025-11-26/1224828653.PDF,1224828653,会计师事务所
301291,明阳电气,明阳电气：会计师事务所选聘制度,2025-11-26,http://static.cninfo.com.cn/finalpage/2025-11-26/1224824748.PDF,1224824748,会计师事务所
301559,中集环科,中集环科：中集安瑞环科技股份有限公司会计师事务所选聘制度（修订）,2025-11-26,http://static.cninfo.com.cn/finalpage/2025-11-26/1224825413.PDF,1224825413,会计师事务所
301559,中集环科,中集环科：关于聘任会计师事务所的公告,2025-11-26,http://static.cninfo.com.cn/finalpage/2025-11-26/1224825436.PDF,1224825436,会计师事务所
600322,津投城开,津投城开：中喜会计师事务所(特殊普通合伙)关于对天津津投城市开发股份有限公司重大资产出售暨关联交易草案的问询函的回复,2025-11-26,http://static.cninfo.com.cn/finalpage/2025-11-26/1224826507.PDF,1224826507,会计师事务所
688212,澳华内镜,澳华内镜：会计师事务所选聘制度（2025年11月）,2025-11-26,http://static.cninfo.com.cn/finalpage/2025-11-26/1224826464.PDF,1224826464,会计师事务所
603192,汇得科技,汇得科技：立信会计师事务所（特殊普通合伙）关于汇得科技2025年度向特定对象发行A股股票审核问询函的回复,2025-11-26,http://static.cninfo.com.cn/finalpage/2025-11-26/1224824427.PDF,1224824427,会计师事务所
001286,陕西能源,陕西能源：关于公司续聘会计师事务所的公告,2025-11-26,http://static.cninfo.com.cn/finalpage/2025-11-26/1224825086.PDF,1224825086,会计师事务所
600665,天地源,天地源：天地源股份有限公司关于选聘会计师事务所的公告,2025-11-26,http://static.cninfo.com.cn/finalpage/2025-11-26/1224825593.PDF,1224825593,会计师事务所
601778,晶科科技,晶科科技：晶科电力科技股份有限公司会计师事务所选聘制度（2025年11月修订）,2025-11-26,http://static.cninfo.com.cn/finalpage/2025-11-26/1224825350.PDF,1224825350,会计师事务所
001301,尚太科技,尚太科技：关于拟续聘会计师事务所的公告,2025-11-26,http://static.cninfo.com.cn/finalpage/2025-11-26/1224825958.PDF,1224825958,会计师事务所
688147,微导纳米,微导纳米：江苏微导纳米科技股份有限公司会计师事务所选聘制度,2025-11-26,http://static.cninfo.com.cn/finalpage/2025-11-26/1224825032.PDF,1224825032,会计师事务所
603567,珍宝岛,珍宝岛：黑龙江珍宝岛药业股份有限公司关于续聘会计师事务所的公告,2025-11-26,http://static.cninfo.com.cn/finalpage/2025-11-26/1224825104.PDF,1224825104,会计师事务所
000037,深南电A,深南电A：《选聘会计师事务所管理制度》修订对照表,2025-11-26,http://static.cninfo.com.cn/finalpage/2025-11-26/1224824374.PDF,1224824374,会计师事务所
000037,深南电A,深南电A：拟变更会计师事务所的公告,2025-11-26,http://static.cninfo.com.cn/finalpage/2025-11-26/1224824375.PDF,1224824375,会计师事务所
002870,香山股份,香山股份：毕马威华振会计师事务所关于广东香山衡器集团股份有限公司申请向特定对象发行股票的审核问询函回复的专项说明,2025-11-26,http://static.cninfo.com.cn/finalpage/2025-11-26/1224825625.PDF,1224825625,会计师事务所
300743,天地数码,天地数码：会计师事务所选聘制度,2025-11-26,http://static.cninfo.com.cn/finalpage/2025-11-26/1224826414.PDF,1224826414,会计师事务所
603990,麦迪科技,麦迪科技：苏州麦迪斯顿医疗科技股份有限公司会计师事务所选聘制度（2025年11月修订）,2025-11-26,http://static.cninfo.com.cn/finalpage/2025-11-26/1224824957.PDF,1224824957,会计师事务所
688027,国盾量子,国盾量子：关于变更会计师事务所的公告,2025-11-26,http://static.cninfo.com.cn/finalpage/2025-11-26/1224826227.PDF,1224826227,会计师事务所
600463,空港股份,空港股份：空港股份关于变更会计师事务所的公告,2025-11-26,http://static.cninfo.com.cn/finalpage/2025-11-26/1224825292.PDF,1224825292,会计师事务所
300051,琏升科技,琏升科技：关于拟续聘会计师事务所的公告,2025-11-26,http://static.cninfo.com.cn/finalpage/2025-11-26/1224825306.PDF,1224825306,会计师事务所
300777,中简科技,中简科技：拟续聘会计师事务所的公告,2025-11-26,http://static.cninfo.com.cn/finalpage/2025-11-26/1224825098.PDF,1224825098,会计师事务所
600249,两面针,两面针：两面针关于续聘会计师事务所的公告,2025-11-26,http://static.cninfo.com.cn/finalpage/2025-11-26/1224824515.PDF,1224824515,会计师事务所
003019,宸展光电,宸展光电：宸展光电：会计师事务所选聘制度（2025年11月）,2025-11-26,http://static.cninfo.com.cn/finalpage/2025-11-26/1224825828.PDF,1224825828,会计师事务所
688053,ST思科瑞,ST思科瑞：成都思科瑞微电子股份有限公司会计师事务所选聘制度,2025-11-26,http://static.cninfo.com.cn/finalpage/2025-11-26/1224825866.PDF,1224825866,会计师事务所
688092,爱科科技,爱科科技：立信会计师事务所（特殊普通合伙）关于杭州爱科科技股份有限公司向不特定对象发行可转换公司债券的财务报告及审计报告,2025-11-26,http://static.cninfo.com.cn/finalpage/2025-11-26/1224825965.PDF,1224825965,会计师事务所
603315,福鞍股份,福鞍股份：福鞍股份会计师事务所选聘制度,2025-11-26,http://static.cninfo.com.cn/finalpage/2025-11-26/1224825709.PDF,1224825709,会计师事务所
603559,ST通脉,ST通脉：中通国脉通信股份有限公司关于续聘2025年度会计师事务所的公告,2025-11-26,http://static.cninfo.com.cn/finalpage/2025-11-26/1224825172.PDF,1224825172,会计师事务所
300010,豆神教育,豆神教育：关于聘任2025年度会计师事务所的公告,2025-11-26,http://static.cninfo.com.cn/finalpage/2025-11-26/1224825005.PDF,1224825005,会计师事务所
002065,东华软件,东华软件：关于拟续聘会计师事务所的公告,2025-11-26,http://static.cninfo.com.cn/finalpage/2025-11-26/1224824802.PDF,1224824802,会计师事务所
301291,明阳电气,明阳电气：关于续聘会计师事务所的公告,2025-11-26,http://static.cninfo.com.cn/finalpage/2025-11-26/1224824755.PDF,1224824755,会计师事务所
000958,电投产融,电投产融：立信会计师事务所（特殊普通合伙）关于国家电投集团产融控股股份有限公司审核问询函的回复,2025-11-26,http://static.cninfo.com.cn/finalpage/2025-11-26/1224826166.PDF,1224826166,会计师事务所
600918,中泰证券,中泰证券：容诚会计师事务所（特殊普通合伙）关于中泰证券股份有限公司向特定对象发行A股股票验资报告,2025-11-26,http://static.cninfo.com.cn/finalpage/2025-11-26/1224826019.PDF,1224826019,会计师事务所
300567,精测电子,精测电子：武汉精测电子集团股份有限公司会计师事务所选聘制度（2025年11月）,2025-11-26,http://static.cninfo.com.cn/finalpage/2025-11-26/1224826050.PDF,1224826050,会计师事务所
601096,宏盛华源,宏盛华源：宏盛华源关于续聘会计师事务所的公告,2025-11-26,http://static.cninfo.com.cn/finalpage/2025-11-26/1224825981.PDF,1224825981,会计师事务所
688293,奥浦迈,奥浦迈：立信会计师事务所（特殊普通合伙）关于上海奥浦迈生物科技股份有限公司发行股份及支付现金购买资产并募集配套资金申请的审核问询函回复之核查意见（二次修订稿）,2025-11-26,http://static.cninfo.com.cn/finalpage/2025-11-26/1224826524.PDF,1224826524,会计师事务所
301018,申菱环境,申菱环境：华兴会计师事务所（特殊普通合伙）关于广东申菱环境系统股份有限公司前次募集资金使用情况鉴证报告,2025-11-25,http://static.cninfo.com.cn/finalpage/2025-11-25/1224826248.PDF,1224826248,会计师事务所
300964,本川智能,本川智能：致同会计师事务所（特殊普通合伙）关于江苏本川智能电路科技股份有限公司申请向不特定对象发行可转换公司债券第二轮审核问询函中有关财务会计问题的专项说明,2025-11-25,http://static.cninfo.com.cn/finalpage/2025-11-25/1224825797.PDF,1224825797,会计师事务所
300964,本川智能,本川智能：致同会计师事务所（特殊普通合伙）关于江苏本川智能电路科技股份有限公司申请向不特定对象发行可转换公司债券审核问询函中有关财务会计问题的专项说明,2025-11-25,http://static.cninfo.com.cn/finalpage/2025-11-25/1224825793.PDF,1224825793,会计师事务所
600198,大唐电信,大唐电信：大唐电信科技股份有限公司续聘会计师事务所公告,2025-11-25,http://static.cninfo.com.cn/finalpage/2025-11-25/1224822199.PDF,1224822199,会计师事务所
000920,沃顿科技,沃顿科技：关于拟续聘会计师事务所的公告,2025-11-25,http://static.cninfo.com.cn/finalpage/2025-11-25/1224823772.PDF,1224823772,会计师事务所
688229,博睿数据,博睿数据：关于续聘会计师事务所的公告,2025-11-25,http://static.cninfo.com.cn/finalpage/2025-11-25/1224822667.PDF,1224822667,会计师事务所
002853,皮阿诺,皮阿诺：选聘会计师事务所专项制度（2025年11月）,2025-11-25,http://static.cninfo.com.cn/finalpage/2025-11-25/1224823332.PDF,1224823332,会计师事务所
003007,直真科技,直真科技：立信会计师事务所（特殊普通合伙）关于北京直真科技股份有限公司申请向特定对象发行股票的审核问询函之回复报告（修订稿）,2025-11-25,http://static.cninfo.com.cn/finalpage/2025-11-25/1224822685.PDF,1224822685,会计师事务所
001376,百通能源,百通能源：关于续聘会计师事务所的公告,2025-11-25,http://static.cninfo.com.cn/finalpage/2025-11-25/1224824244.PDF,1224824244,会计师事务所
605336,帅丰电器,帅丰电器：浙江帅丰电器股份有限公司关于变更2025年度会计师事务所的公告,2025-11-25,http://static.cninfo.com.cn/finalpage/2025-11-25/1224823077.PDF,1224823077,会计师事务所
301081,严牌股份,严牌股份：会计师事务所选聘制度,2025-11-25,http://static.cninfo.com.cn/finalpage/2025-11-25/1224822023.PDF,1224822023,会计师事务所
300781,因赛集团,因赛集团：关于拟变更会计师事务所的公告,2025-11-25,http://static.cninfo.com.cn/finalpage/2025-11-25/1224822097.PDF,1224822097,会计师事务所
003007,直真科技,直真科技：立信会计师事务所（特殊普通合伙）关于北京直真科技股份有限公司申请向特定对象发行股票的第二轮审核问询函之回复报告,2025-11-25,http://static.cninfo.com.cn/finalpage/2025-11-25/1224822681.PDF,1224822681,会计师事务所
601121,宝地矿业,宝地矿业：大信会计师事务所（特殊普通合伙）关于新疆宝地矿业股份有限公司发行股份及支付现金购买资产并募集配套资金暨关联交易申请的审核问询函之会计师相关问题的回复,2025-11-25,http://static.cninfo.com.cn/finalpage/2025-11-25/1224823878.PDF,1224823878,会计师事务所
603982,泉峰汽车,泉峰汽车：会计师事务所选聘制度（2025年11月）,2025-11-25,http://static.cninfo.com.cn/finalpage/2025-11-25/1224823301.PDF,1224823301,会计师事务所
000892,欢瑞世纪,欢瑞世纪：会计师事务所选聘管理制度（2025年11月）,2025-11-25,http://static.cninfo.com.cn/finalpage/2025-11-25/1224824192.PDF,1224824192,会计师事务所
300878,维康药业,维康药业：关于拟变更会计师事务所的公告,2025-11-25,http://static.cninfo.com.cn/finalpage/2025-11-25/1224822307.PDF,1224822307,会计师事务所
600327,大东方,大东方：公证天业会计师事务所关于金华联济医院有限公司的审计报告（2025年1-9月）,2025-11-25,http://static.cninfo.com.cn/finalpage/2025-11-25/1224822988.PDF,1224822988,会计师事务所
688716,中研股份,中研股份：吉林省中研高分子材料股份有限公司关于变更会计师事务所的公告,2025-11-25,http://static.cninfo.com.cn/finalpage/2025-11-25/1224823058.PDF,1224823058,会计师事务所
300878,维康药业,维康药业：会计师事务所选聘制度,2025-11-25,http://static.cninfo.com.cn/finalpage/2025-11-25/1224822302.PDF,1224822302,会计师事务所
000021,深科技,深科技：关于续聘会计师事务所的公告,2025-11-25,http://static.cninfo.com.cn/finalpage/2025-11-25/1224822251.PDF,1224822251,会计师事务所
002541,鸿路钢构,鸿路钢构：会计师事务所选聘制度,2025-11-25,http://static.cninfo.com.cn/finalpage/2025-11-25/1224822871.PDF,1224822871,会计师事务所
601908,京运通,京运通：关于变更会计师事务所的公告,2025-11-25,http://static.cninfo.com.cn/finalpage/2025-11-25/1224823086.PDF,1224823086,会计师事务所
300185,通裕重工,通裕重工：关于拟变更会计师事务所的公告,2025-11-25,http://static.cninfo.com.cn/finalpage/2025-11-25/1224822233.PDF,1224822233,会计师事务所
301268,铭利达,铭利达：关于公司拟聘任2025年度会计师事务所的公告,2025-11-25,http://static.cninfo.com.cn/finalpage/2025-11-25/1224822791.PDF,1224822791,会计师事务所
688622,禾信仪器,禾信仪器：致同会计师事务所（特殊普通合伙）关于广州禾信仪器股份有限公司发行股份及支付现金购买资产并募集配套资金暨关联交易申请的审核问询函中有关财务会计问题的回复之核查意见（修订稿）,2025-11-25,http://static.cninfo.com.cn/finalpage/2025-11-25/1224822220.PDF,1224822220,会计师事务所
301309,万得凯,万得凯：会计师事务所选聘制度,2025-11-25,http://static.cninfo.com.cn/finalpage/2025-11-25/1224822370.PDF,1224822370,会计师事务所
600379,宝光股份,宝光股份：宝光股份关于续聘2025年度年审会计师事务所的公告,2025-11-25,http://static.cninfo.com.cn/finalpage/2025-11-25/1224822827.PDF,1224822827,会计师事务所
300529,健帆生物,健帆生物：会计师事务所选聘制度（2025年11月）,2025-11-25,http://static.cninfo.com.cn/finalpage/2025-11-25/1224822623.PDF,1224822623,会计师事务所
688369,致远互联,致远互联：北京致远互联软件股份有限公司会计师事务所选聘制度,2025-11-25,http://static.cninfo.com.cn/finalpage/2025-11-25/1224823247.PDF,1224823247,会计师事务所
600312,平高电气,平高电气：河南平高电气股份有限公司关于变更会计师事务所的公告,2025-11-25,http://static.cninfo.com.cn/finalpage/2025-11-25/1224824157.PDF,1224824157,会计师事务所
600706,曲江文旅,曲江文旅：西安曲江文化旅游股份有限公司关于聘任会计师事务所的公告,2025-11-25,http://static.cninfo.com.cn/finalpage/2025-11-25/1224824274.PDF,1224824274,会计师事务所
300317,珈伟新能,珈伟新能：会计师事务所选聘制度,2025-11-25,http://static.cninfo.com.cn/finalpage/2025-11-25/1224822068.PDF,1224822068,会计师事务所
000601,韶能股份,韶能股份：广东司农会计师事务所（特殊普通合伙）关于韶能股份申请向特定对象发行股票的审核问询函的回复,2025-11-25,http://static.cninfo.com.cn/finalpage/2025-11-25/1224823940.PDF,1224823940,会计师事务所
002922,伊戈尔,伊戈尔：会计师事务所选聘制度,2025-11-25,http://static.cninfo.com.cn/finalpage/2025-11-25/1224824146.PDF,1224824146,会计师事务所
300826,测绘股份,测绘股份：会计师事务所选聘制度（2025年11月）,2025-11-24,http://static.cninfo.com.cn/finalpage/2025-11-24/1224822149.PDF,1224822149,会计师事务所
300123,亚光科技,亚光科技：会计师事务所选聘制度,2025-11-24,http://static.cninfo.com.cn/finalpage/2025-11-24/1224821694.PDF,1224821694,会计师事务所
000886,海南高速,海南高速：致同会计师事务所（特殊普通合伙）关于海南高速公路股份有限公司重大资产购买暨关联交易的问询函的回复,2025-11-24,http://static.cninfo.com.cn/finalpage/2025-11-24/1224821527.PDF,1224821527,会计师事务所
920748,路桥信息,[临时公告]路桥信息:容诚会计师事务所（特殊普通合伙）关于厦门路桥信息股份有限公司前期会计差错更正专项说明的鉴证报告,2025-11-24,http://static.cninfo.com.cn/finalpage/2025-11-24/1224824056.PDF,1224824056,会计师事务所
301226,祥明智能,祥明智能：会计师事务所选聘制度（2025年11月）,2025-11-24,http://static.cninfo.com.cn/finalpage/2025-11-24/1224819391.PDF,1224819391,会计师事务所
000953,河化股份,河化股份：关于拟聘任2025年会计师事务所的公告,2025-11-22,http://static.cninfo.com.cn/finalpage/2025-11-22/1224818834.PDF,1224818834,会计师事务所
688573,信宇人,信宇人：公司关于聘任会计师事务所的公告,2025-11-22,http://static.cninfo.com.cn/finalpage/2025-11-22/1224819202.PDF,1224819202,会计师事务所
601599,浙文影业,浙文影业：浙文影业集团股份有限公司会计师事务所选聘制度（2025年11月）,2025-11-22,http://static.cninfo.com.cn/finalpage/2025-11-22/1224819101.PDF,1224819101,会计师事务所
600668,尖峰集团,尖峰集团：《会计师事务所选聘制度》,2025-11-22,http://static.cninfo.com.cn/finalpage/2025-11-22/1224819302.PDF,1224819302,会计师事务所
688148,芳源股份,芳源股份：芳源股份关于续聘会计师事务所的公告,2025-11-22,http://static.cninfo.com.cn/finalpage/2025-11-22/1224819305.PDF,1224819305,会计师事务所
603636,南威软件,南威软件：南威软件：会计师事务所选聘制度（2025年11月修订）,2025-11-22,http://static.cninfo.com.cn/finalpage/2025-11-22/1224820625.PDF,1224820625,会计师事务所
688683,莱尔科技,莱尔科技：中审众环会计师事务所（特殊普通合伙）关于广东莱尔新材料科技股份有限公司2025年以简易程序向特定对象发行股票的财务报告及审计报告,2025-11-22,http://static.cninfo.com.cn/finalpage/2025-11-22/1224819978.PDF,1224819978,会计师事务所
600322,津投城开,津投城开：津投城开关于续聘会计师事务所的公告,2025-11-22,http://static.cninfo.com.cn/finalpage/2025-11-22/1224820404.PDF,1224820404,会计师事务所
301393,昊帆生物,昊帆生物：关于聘任2025年度会计师事务所的公告,2025-11-22,http://static.cninfo.com.cn/finalpage/2025-11-22/1224820191.PDF,1224820191,会计师事务所
300597,吉大通信,吉大通信：吉大通信关于变更会计师事务所的公告,2025-11-22,http://static.cninfo.com.cn/finalpage/2025-11-22/1224820286.PDF,1224820286,会计师事务所
002025,航天电器,航天电器：贵州航天电器股份有限公司关于续聘2025年度会计师事务所的公告,2025-11-22,http://static.cninfo.com.cn/finalpage/2025-11-22/1224819556.PDF,1224819556,会计师事务所
600106,重庆路桥,重庆路桥：重庆路桥股份有限公司会计师事务所选聘制度（2025修订）,2025-11-22,http://static.cninfo.com.cn/finalpage/2025-11-22/1224820788.PDF,1224820788,会计师事务所
600759,洲际油气,洲际油气：洲际油气股份有限公司关于续聘会计师事务所公告,2025-11-22,http://static.cninfo.com.cn/finalpage/2025-11-22/1224820995.PDF,1224820995,会计师事务所
002296,辉煌科技,辉煌科技：关于聘任会计师事务所的公告,2025-11-22,http://static.cninfo.com.cn/finalpage/2025-11-22/1224818853.PDF,1224818853,会计师事务所
688066,航天宏图,航天宏图：关于聘任2025年年度会计师事务所的公告,2025-11-22,http://static.cninfo.com.cn/finalpage/2025-11-22/1224818893.PDF,1224818893,会计师事务所
688033,天宜新材,天宜新材：会计师事务所选聘制度（2025年11月修订）,2025-11-22,http://static.cninfo.com.cn/finalpage/2025-11-22/1224820041.PDF,1224820041,会计师事务所
605368,蓝天燃气,蓝天燃气：蓝天燃气续聘会计师事务所公告,2025-11-22,http://static.cninfo.com.cn/finalpage/2025-11-22/1224818650.PDF,1224818650,会计师事务所
605488,福莱新材,福莱新材：天健会计师事务所（特殊普通合伙）关于浙江福莱新材料股份有限公司向特定对象发行股票申请文件审核问询函中有关财务事项的说明,2025-11-22,http://static.cninfo.com.cn/finalpage/2025-11-22/1224820349.PDF,1224820349,会计师事务所
688368,晶丰明源,晶丰明源：上海晶丰明源半导体股份有限公司会计师事务所选聘制度,2025-11-22,http://static.cninfo.com.cn/finalpage/2025-11-22/1224821435.PDF,1224821435,会计师事务所
300097,ST智云,ST智云：关于拟聘任2025年度会计师事务所的公告,2025-11-22,http://static.cninfo.com.cn/finalpage/2025-11-22/1224818940.PDF,1224818940,会计师事务所
600292,远达环保,远达环保：远达环保关于续聘会计师事务所的公告,2025-11-22,http://static.cninfo.com.cn/finalpage/2025-11-22/1224819985.PDF,1224819985,会计师事务所
300458,全志科技,全志科技：会计师事务所选聘制度（2025年11月）,2025-11-22,http://static.cninfo.com.cn/finalpage/2025-11-22/1224819853.PDF,1224819853,会计师事务所
000937,冀中能源,冀中能源：会计师事务所选聘制度（2025年11月）,2025-11-22,http://static.cninfo.com.cn/finalpage/2025-11-22/1224820212.PDF,1224820212,会计师事务所
600186,莲花控股,莲花控股：莲花控股股份有限公司关于变更会计师事务所的公告,2025-11-22,http://static.cninfo.com.cn/finalpage/2025-11-22/1224820999.PDF,1224820999,会计师事务所
688486,龙迅股份,龙迅股份：龙迅股份会计师事务所选聘制度（2025年11月修订）,2025-11-22,http://static.cninfo.com.cn/finalpage/2025-11-22/1224821380.PDF,1224821380,会计师事务所
600172,黄河旋风,黄河旋风：关于续聘会计师事务所的公告,2025-11-22,http://static.cninfo.com.cn/finalpage/2025-11-22/1224818879.PDF,1224818879,会计师事务所
605566,福莱蒽特,福莱蒽特：《会计师事务所选聘制度》,2025-11-22,http://static.cninfo.com.cn/finalpage/2025-11-22/1224818912.PDF,1224818912,会计师事务所
300086,康芝药业,康芝药业：会计师事务所选聘制度,2025-11-22,http://static.cninfo.com.cn/finalpage/2025-11-22/1224820517.PDF,1224820517,会计师事务所
300240,飞力达,飞力达：会计师事务所选聘制度,2025-11-22,http://static.cninfo.com.cn/finalpage/2025-11-22/1224821047.PDF,1224821047,会计师事务所
000420,吉林化纤,吉林化纤：关于拟续聘会计师事务所的公告,2025-11-22,http://static.cninfo.com.cn/finalpage/2025-11-22/1224818589.PDF,1224818589,会计师事务所
002941,新疆交建,新疆交建：关于拟续聘会计师事务所的公告,2025-11-22,http://static.cninfo.com.cn/finalpage/2025-11-22/1224818676.PDF,1224818676,会计师事务所
301393,昊帆生物,昊帆生物：会计师事务所选聘制度（2025年11月修订）,2025-11-22,http://static.cninfo.com.cn/finalpage/2025-11-22/1224820164.PDF,1224820164,会计师事务所
300620,光库科技,光库科技：北京德皓国际会计师事务所（特殊普通合伙）关于不存在《上市公司监管指引第7号——上市公司重大资产重组相关股票异常交易监管》第十二条不得参与任何上市公司重大资产重组情形的说明,2025-11-21,http://static.cninfo.com.cn/finalpage/2025-11-21/1224820826.PDF,1224820826,会计师事务所
524366,25吉电K1,25吉电K1：国泰海通证券股份有限公司关于吉林电力股份有限公司涉及拟变更公司会计师事务所的临时受托管理事务报告,2025-11-21,http://static.cninfo.com.cn/finalpage/2025-11-21/1224818709.PDF,1224818709,会计师事务所
000875,吉电股份,吉电股份：国泰海通证券股份有限公司关于吉林电力股份有限公司涉及拟变更公司会计师事务所的临时受托管理事务报告,2025-11-21,http://static.cninfo.com.cn/finalpage/2025-11-21/1224818708.PDF,1224818708,会计师事务所
149848,22吉电G1,22吉电G1：国泰海通证券股份有限公司关于吉林电力股份有限公司涉及拟变更公司会计师事务所的临时受托管理事务报告,2025-11-21,http://static.cninfo.com.cn/finalpage/2025-11-21/1224818711.PDF,1224818711,会计师事务所
148530,23吉电GCKV01,23吉电GCKV01：国泰海通证券股份有限公司关于吉林电力股份有限公司涉及拟变更公司会计师事务所的临时受托管理事务报告,2025-11-21,http://static.cninfo.com.cn/finalpage/2025-11-21/1224818710.PDF,1224818710,会计师事务所
688655,迅捷兴,迅捷兴：关于续聘会计师事务所的公告,2025-11-21,http://static.cninfo.com.cn/finalpage/2025-11-21/1224817923.PDF,1224817923,会计师事务所
688563,航材股份,航材股份：关于续聘会计师事务所的公告,2025-11-21,http://static.cninfo.com.cn/finalpage/2025-11-21/1224817628.PDF,1224817628,会计师事务所
002518,科士达,科士达：会计师事务所选聘制度（2025年11月）,2025-11-21,http://static.cninfo.com.cn/finalpage/2025-11-21/1224817971.PDF,1224817971,会计师事务所
002947,恒铭达,恒铭达：会计师事务所选聘制度（2025年11月）,2025-11-21,http://static.cninfo.com.cn/finalpage/2025-11-21/1224818200.PDF,1224818200,会计师事务所
001311,多利科技,多利科技：会计师事务所选聘制度（2025年11月）,2025-11-21,http://static.cninfo.com.cn/finalpage/2025-11-21/1224817120.PDF,1224817120,会计师事务所
688420,美腾科技,美腾科技：天津美腾科技股份有限公司关于续聘会计师事务所的公告,2025-11-21,http://static.cninfo.com.cn/finalpage/2025-11-21/1224816883.PDF,1224816883,会计师事务所
600313,农发种业,农发种业：中农发种业集团股份有限公司关于续聘会计师事务所公告,2025-11-21,http://static.cninfo.com.cn/finalpage/2025-11-21/1224816827.PDF,1224816827,会计师事务所
300629,新劲刚,新劲刚：关于聘任会计师事务所的公告,2025-11-21,http://static.cninfo.com.cn/finalpage/2025-11-21/1224817686.PDF,1224817686,会计师事务所
603955,大千生态,大千生态：天衡会计师事务所(特殊普通合伙)关于大千生态环境集团股份有限公司向特定对象发行股票申请文件的审核问询函的回复,2025-11-21,http://static.cninfo.com.cn/finalpage/2025-11-21/1224818146.PDF,1224818146,会计师事务所
002727,一心堂,一心堂：关于续聘任会计师事务所的公告,2025-11-21,http://static.cninfo.com.cn/finalpage/2025-11-21/1224817405.PDF,1224817405,会计师事务所
920964,润农节水,[临时公告]润农节水:拟续聘2025年度会计师事务所公告,2025-11-21,http://static.cninfo.com.cn/finalpage/2025-11-21/1224819840.PDF,1224819840,会计师事务所
920039,国义招标,[临时公告]国义招标:拟续聘2025年度会计师事务所公告,2025-11-21,http://static.cninfo.com.cn/finalpage/2025-11-21/1224820064.PDF,1224820064,会计师事务所
301658,首航新能,首航新能：会计师事务所选聘制度（2025年11月）,2025-11-21,http://static.cninfo.com.cn/finalpage/2025-11-21/1224817856.PDF,1224817856,会计师事务所
301489,思泉新材,思泉新材：致同会计师事务所（特殊普通合伙）关于广东思泉新材料股份有限公司申请向特定对象发行股票的审核问询函中有关财务会计问题的专项说明,2025-11-20,http://static.cninfo.com.cn/finalpage/2025-11-20/1224818303.PDF,1224818303,会计师事务所
301489,思泉新材,思泉新材：致同会计师事务所（特殊普通合伙）关于广东思泉新材料股份有限公司申请向特定对象发行股票的第二轮审核问询函中有关财务会计问题的专项说明,2025-11-20,http://static.cninfo.com.cn/finalpage/2025-11-20/1224818296.PDF,1224818296,会计师事务所
002239,奥特佳,奥特佳：中审众环会计师事务所（特殊普通合伙）关于奥特佳新能源科技集团股份有限公司申请向特定对象发行股票的审核问询函的回复（修订稿）（豁免版）,2025-11-20,http://static.cninfo.com.cn/finalpage/2025-11-20/1224815514.PDF,1224815514,会计师事务所
001258,立新能源,立新能源：中兴华会计师事务所（特殊普通合伙）关于新疆立新能源股份有限公司申请向特定对象发行股票的审核问询函的回复,2025-11-20,http://static.cninfo.com.cn/finalpage/2025-11-20/1224816331.PDF,1224816331,会计师事务所
300518,新迅达,新迅达：关于拟续聘会计师事务所的公告,2025-11-20,http://static.cninfo.com.cn/finalpage/2025-11-20/1224814902.PDF,1224814902,会计师事务所
603325,博隆技术,博隆技术：关于续聘会计师事务所的公告,2025-11-20,http://static.cninfo.com.cn/finalpage/2025-11-20/1224815021.PDF,1224815021,会计师事务所
603325,博隆技术,博隆技术：上海博隆装备技术股份有限公司会计师事务所选聘制度,2025-11-20,http://static.cninfo.com.cn/finalpage/2025-11-20/1224815034.PDF,1224815034,会计师事务所
605166,聚合顺,聚合顺：聚合顺新材料股份有限公司会计师事务所选聘制度（2025年11月修订）,2025-11-20,http://static.cninfo.com.cn/finalpage/2025-11-20/1224814941.PDF,1224814941,会计师事务所
002153,石基信息,石基信息：信永中和会计师事务所（特殊普通合伙）关于深圳证券交易所《关于北京中长石基信息技术股份有限公司发行股份购买资产申请的审核问询函》回复之核查意见,2025-11-20,http://static.cninfo.com.cn/finalpage/2025-11-20/1224815650.PDF,1224815650,会计师事务所
920685,新芝生物,[临时公告]新芝生物:拟续聘2025年度会计师事务所公告,2025-11-20,http://static.cninfo.com.cn/finalpage/2025-11-20/1224817825.PDF,1224817825,会计师事务所
001332,锡装股份,锡装股份：会计师事务所选聘制度,2025-11-20,http://static.cninfo.com.cn/finalpage/2025-11-20/1224815588.PDF,1224815588,会计师事务所
603329,上海雅仕,上海雅仕：立信会计师事务所（特殊普通合伙）关于上海雅仕投资发展股份有限公司以自筹资金预先投入募投项目的鉴证报告,2025-11-20,http://static.cninfo.com.cn/finalpage/2025-11-20/1224815123.PDF,1224815123,会计师事务所
002882,金龙羽,金龙羽：会计师事务所选聘制度（2025年11月）,2025-11-20,http://static.cninfo.com.cn/finalpage/2025-11-20/1224815406.PDF,1224815406,会计师事务所
300409,道氏技术,道氏技术：关于续聘2025年度会计师事务所的公告,2025-11-20,http://static.cninfo.com.cn/finalpage/2025-11-20/1224816123.PDF,1224816123,会计师事务所
300486,东杰智能,东杰智能：会计师事务所选聘制度,2025-11-20,http://static.cninfo.com.cn/finalpage/2025-11-20/1224816245.PDF,1224816245,会计师事务所
002681,奋达科技,奋达科技：《会计师事务所选聘制度》（2025年11月）,2025-11-20,http://static.cninfo.com.cn/finalpage/2025-11-20/1224815704.PDF,1224815704,会计师事务所
002369,卓翼科技,卓翼科技：关于拟变更2025年度会计师事务所的公告,2025-11-20,http://static.cninfo.com.cn/finalpage/2025-11-20/1224815364.PDF,1224815364,会计师事务所
300785,值得买,值得买：会计师事务所选聘制度（2025年11月）,2025-11-20,http://static.cninfo.com.cn/finalpage/2025-11-20/1224815907.PDF,1224815907,会计师事务所
300697,电工合金,电工合金：关于聘任会计师事务所的公告,2025-11-20,http://static.cninfo.com.cn/finalpage/2025-11-20/1224814836.PDF,1224814836,会计师事务所
300667,必创科技,必创科技：关于拟续聘会计师事务所的公告,2025-11-20,http://static.cninfo.com.cn/finalpage/2025-11-20/1224815118.PDF,1224815118,会计师事务所
688216,气派科技,气派科技：天职国际会计师事务所（特殊普通合伙）关于气派科技股份有限公司向特定对象发行股票申请文件的审核问询函回复,2025-11-20,http://static.cninfo.com.cn/finalpage/2025-11-20/1224814603.PDF,1224814603,会计师事务所
002448,中原内配,中原内配：会计师事务所选聘制度（2025年11月）,2025-11-20,http://static.cninfo.com.cn/finalpage/2025-11-20/1224814562.PDF,1224814562,会计师事务所
002346,柘中股份,柘中股份：关于续聘会计师事务所的公告,2025-11-19,http://static.cninfo.com.cn/finalpage/2025-11-19/1224813984.PDF,1224813984,会计师事务所
301046,能辉科技,能辉科技：会计师事务所选聘制度,2025-11-19,http://static.cninfo.com.cn/finalpage/2025-11-19/1224812473.PDF,1224812473,会计师事务所
002592,ST八菱,ST八菱：会计师事务所选聘制度(2025年11月修订）,2025-11-19,http://static.cninfo.com.cn/finalpage/2025-11-19/1224812640.PDF,1224812640,会计师事务所
301176,逸豪新材,逸豪新材：会计师事务所选聘制度,2025-11-19,http://static.cninfo.com.cn/finalpage/2025-11-19/1224813377.PDF,1224813377,会计师事务所
300916,朗特智能,朗特智能：关于拟续聘会计师事务所的公告,2025-11-19,http://static.cninfo.com.cn/finalpage/2025-11-19/1224813500.PDF,1224813500,会计师事务所
002456,欧菲光,欧菲光：中兴华会计师事务所（特殊普通合伙）关于深圳证券交易所《关于欧菲光集团股份有限公司发行股份购买资产并募集配套资金申请的审核问询函》的回复之专项核查意见,2025-11-19,http://static.cninfo.com.cn/finalpage/2025-11-19/1224814092.PDF,1224814092,会计师事务所
002880,卫光生物,卫光生物：大信会计师事务所（特殊普通合伙）关于卫光生物申请向特定对象发行股票的审核问询函之回复（豁免披露版）,2025-11-19,http://static.cninfo.com.cn/finalpage/2025-11-19/1224811933.PDF,1224811933,会计师事务所
001285,瑞立科密,瑞立科密：会计师事务所选聘制度（2025年11月）,2025-11-19,http://static.cninfo.com.cn/finalpage/2025-11-19/1224813088.PDF,1224813088,会计师事务所
002761,浙江建投,浙江建投：天健会计师事务所（特殊普通合伙）关于浙江省建设投资集团股份有限公司发行股份购买资产并募集配套资金申请的审核问询函中有关财务事项的说明,2025-11-19,http://static.cninfo.com.cn/finalpage/2025-11-19/1224814192.PDF,1224814192,会计师事务所
002767,先锋电子,先锋电子：会计师事务所选聘制度 （2025年11月）,2025-11-19,http://static.cninfo.com.cn/finalpage/2025-11-19/1224813013.PDF,1224813013,会计师事务所
301047,义翘神州,义翘神州：会计师事务所选聘制度,2025-11-19,http://static.cninfo.com.cn/finalpage/2025-11-19/1224814012.PDF,1224814012,会计师事务所
000519,中兵红箭,中兵红箭：拟续聘会计师事务所的公告,2025-11-19,http://static.cninfo.com.cn/finalpage/2025-11-19/1224811808.PDF,1224811808,会计师事务所
301178,天亿马,天亿马：中审亚太会计师事务所关于广东天亿马信息产业股份有限公司本次重大资产重组前发生业绩异常或存在拟置出资产情形相关事项之专项核查意见,2025-11-19,http://static.cninfo.com.cn/finalpage/2025-11-19/1224814066.PDF,1224814066,会计师事务所
603948,建业股份,建业股份：浙江建业化工股份有限公司关于续聘会计师事务所的公告,2025-11-19,http://static.cninfo.com.cn/finalpage/2025-11-19/1224811963.PDF,1224811963,会计师事务所
301182,凯旺科技,凯旺科技：河南凯旺电子科技股份有限公司会计师事务所选聘制度,2025-11-19,http://static.cninfo.com.cn/finalpage/2025-11-19/1224813748.PDF,1224813748,会计师事务所
000791,甘肃能源,甘肃能源：关于续聘2025年度会计师事务所的公告,2025-11-19,http://static.cninfo.com.cn/finalpage/2025-11-19/1224812421.PDF,1224812421,会计师事务所
301178,天亿马,天亿马：中审亚太会计师事务所关于广东天亿马信息产业股份有限公司本次交易标的公司报告期内业绩真实性之专项核查意见,2025-11-19,http://static.cninfo.com.cn/finalpage/2025-11-19/1224814065.PDF,1224814065,会计师事务所
603948,建业股份,建业股份：浙江建业化工股份有限公司会计师事务所选聘制度（2025年11月修订）,2025-11-19,http://static.cninfo.com.cn/finalpage/2025-11-19/1224811983.PDF,1224811983,会计师事务所
002935,天奥电子,天奥电子：拟聘任会计师事务所的公告,2025-11-19,http://static.cninfo.com.cn/finalpage/2025-11-19/1224812942.PDF,1224812942,会计师事务所
300161,华中数控,华中数控：关于聘任会计师事务所的公告,2025-11-18,http://static.cninfo.com.cn/finalpage/2025-11-18/1224812351.PDF,1224812351,会计师事务所
300199,翰宇药业,翰宇药业：会计师事务所选聘制度,2025-11-18,http://static.cninfo.com.cn/finalpage/2025-11-18/1224810765.PDF,1224810765,会计师事务所
605358,立昂微,立昂微：立昂微续聘会计师事务所的公告,2025-11-18,http://static.cninfo.com.cn/finalpage/2025-11-18/1224811604.PDF,1224811604,会计师事务所
300596,利安隆,利安隆：关于拟续聘会计师事务所的公告,2025-11-18,http://static.cninfo.com.cn/finalpage/2025-11-18/1224809109.PDF,1224809109,会计师事务所
300284,苏交科,苏交科：苏交科：会计师事务所选聘制度（2025年11月修订）,2025-11-18,http://static.cninfo.com.cn/finalpage/2025-11-18/1224811326.PDF,1224811326,会计师事务所
002395,双象股份,双象股份：会计师事务所选聘制度（2025年11月制定）,2025-11-18,http://static.cninfo.com.cn/finalpage/2025-11-18/1224810990.PDF,1224810990,会计师事务所
603667,五洲新春,五洲新春：天健会计师事务所（特殊普通合伙）关于浙江五洲新春集团股份有限公司向特定对象发行股票审核问询函中有关财务事项的说明,2025-11-18,http://static.cninfo.com.cn/finalpage/2025-11-18/1224809124.PDF,1224809124,会计师事务所
301656,联合动力,联合动力：会计师事务所选聘制度,2025-11-18,http://static.cninfo.com.cn/finalpage/2025-11-18/1224809951.PDF,1224809951,会计师事务所
001230,劲旅环境,劲旅环境：会计师事务所选聘制度（2025年11月）,2025-11-18,http://static.cninfo.com.cn/finalpage/2025-11-18/1224809670.PDF,1224809670,会计师事务所
603087,甘李药业,甘李药业：会计师事务所选聘制度,2025-11-18,http://static.cninfo.com.cn/finalpage/2025-11-18/1224810503.PDF,1224810503,会计师事务所
002581,ST未名,ST未名：关于拟变更会计师事务所的公告,2025-11-18,http://static.cninfo.com.cn/finalpage/2025-11-18/1224811340.PDF,1224811340,会计师事务所
002236,大华股份,大华股份：立信会计师事务所（特殊普通合伙）关于浙江大华技术股份有限公司拟分拆所属子公司浙江华睿科技股份有限公司首次公开发行股票并在香港联交所主板上市的会计师意见函,2025-11-18,http://static.cninfo.com.cn/finalpage/2025-11-18/1224811403.PDF,1224811403,会计师事务所
600331,宏达股份,宏达股份：关于续聘会计师事务所的公告,2025-11-18,http://static.cninfo.com.cn/finalpage/2025-11-18/1224810105.PDF,1224810105,会计师事务所
300341,麦克奥迪,麦克奥迪：拟续聘会计师事务所的公告,2025-11-18,http://static.cninfo.com.cn/finalpage/2025-11-18/1224809365.PDF,1224809365,会计师事务所
301656,联合动力,联合动力：关于拟续聘信永中和会计师事务所（特殊普通合伙）为公司2025年度审计机构的公告,2025-11-18,http://static.cninfo.com.cn/finalpage/2025-11-18/1224809981.PDF,1224809981,会计师事务所
600624,ST复华,ST复华：上海复旦复华科技股份有限公司关于变更会计师事务所的公告,2025-11-18,http://static.cninfo.com.cn/finalpage/2025-11-18/1224810392.PDF,1224810392,会计师事务所
603198,迎驾贡酒,迎驾贡酒：安徽迎驾贡酒股份有限公司会计师事务所选聘制度（2025年修订）,2025-11-18,http://static.cninfo.com.cn/finalpage/2025-11-18/1224810180.PDF,1224810180,会计师事务所
002713,*ST东易,*ST东易：关于续聘会计师事务所的公告,2025-11-18,http://static.cninfo.com.cn/finalpage/2025-11-18/1224810212.PDF,1224810212,会计师事务所
001207,联科科技,联科科技：山东联科科技股份有限公司关于拟变更会计师事务所的公告,2025-11-18,http://static.cninfo.com.cn/finalpage/2025-11-18/1224808915.PDF,1224808915,会计师事务所
600883,博闻科技,博闻科技：云南博闻科技实业股份有限公司会计师事务所选聘制度（2025年11月修订）,2025-11-18,http://static.cninfo.com.cn/finalpage/2025-11-18/1224809642.PDF,1224809642,会计师事务所
301283,聚胶股份,聚胶股份：聚胶新材料股份有限公司会计师事务所选聘制度（2025年11月）,2025-11-18,http://static.cninfo.com.cn/finalpage/2025-11-18/1224810331.PDF,1224810331,会计师事务所
600773,西藏城投,西藏城投：西藏城市发展投资股份有限公司会计师事务所选聘管理制度,2025-11-18,http://static.cninfo.com.cn/finalpage/2025-11-18/1224810908.PDF,1224810908,会计师事务所
600185,珠免集团,珠免集团：致同会计师事务所（特殊普通合伙）关于珠海珠免集团股份有限公司重大资产重组前发生业绩异常或本次重组存在拟置出资产情形的专项核查意见,2025-11-18,http://static.cninfo.com.cn/finalpage/2025-11-18/1224811634.PDF,1224811634,会计师事务所
688766,普冉股份,普冉股份：会计师事务所选聘制度（2025年11月修订）,2025-11-18,http://static.cninfo.com.cn/finalpage/2025-11-18/1224810818.PDF,1224810818,会计师事务所
603322,超讯通信,超讯通信：超讯通信：关于变更会计师事务所公告,2025-11-18,http://static.cninfo.com.cn/finalpage/2025-11-18/1224810385.PDF,1224810385,会计师事务所
000962,东方钽业,东方钽业：天职国际会计师事务所（特殊普通合伙）关于宁夏东方钽业股份有限公司申请向特定对象发行股票的审核问询函的回复,2025-11-18,http://static.cninfo.com.cn/finalpage/2025-11-18/1224811034.PDF,1224811034,会计师事务所
603012,创力集团,创力集团：立信会计师事务所（特殊普通合伙）关于《关于上海创力集团股份有限公司向特定对象发行股票申请文件的审核问询函》的回复,2025-11-18,http://static.cninfo.com.cn/finalpage/2025-11-18/1224809428.PDF,1224809428,会计师事务所
002395,双象股份,双象股份：关于拟聘任会计师事务所的公告,2025-11-18,http://static.cninfo.com.cn/finalpage/2025-11-18/1224811001.PDF,1224811001,会计师事务所
301011,华立科技,华立科技：会计师事务所选聘制度（2025年11月修订）,2025-11-17,http://static.cninfo.com.cn/finalpage/2025-11-17/1224810884.PDF,1224810884,会计师事务所
300255,常山药业,常山药业：拟续聘会计师事务所的公告,2025-11-15,http://static.cninfo.com.cn/finalpage/2025-11-15/1224805225.PDF,1224805225,会计师事务所
600455,博通股份,博通股份：博通股份续聘会计师事务所公告,2025-11-15,http://static.cninfo.com.cn/finalpage/2025-11-15/1224807068.PDF,1224807068,会计师事务所
301126,达嘉维康,达嘉维康：关于续聘会计师事务所的公告,2025-11-15,http://static.cninfo.com.cn/finalpage/2025-11-15/1224805436.PDF,1224805436,会计师事务所
300018,中元股份,中元股份：会计师事务所选聘制度（2025年11月）,2025-11-15,http://static.cninfo.com.cn/finalpage/2025-11-15/1224807540.PDF,1224807540,会计师事务所
002913,奥士康,奥士康：政旦志远（深圳）会计师事务所（特殊普通合伙）关于奥士康科技股份有限公司申请向不特定对象发行可转换公司债券的审核问询函中有关财务事项的说明,2025-11-15,http://static.cninfo.com.cn/finalpage/2025-11-15/1224808071.PDF,1224808071,会计师事务所
300168,万达信息,万达信息：选聘会计师事务所管理制度（2025年11月）,2025-11-15,http://static.cninfo.com.cn/finalpage/2025-11-15/1224807976.PDF,1224807976,会计师事务所
002377,国创高新,国创高新：关于拟变更会计师事务所的公告,2025-11-15,http://static.cninfo.com.cn/finalpage/2025-11-15/1224806426.PDF,1224806426,会计师事务所
600746,江苏索普,江苏索普：江苏索普：立信会计师事务所（特殊普通合伙）关于江苏索普化工股份有限公司向特定对象发行股票申请文件审核问询函的回复,2025-11-15,http://static.cninfo.com.cn/finalpage/2025-11-15/1224807004.PDF,1224807004,会计师事务所
300319,麦捷科技,麦捷科技：会计师事务所选聘制度202511,2025-11-15,http://static.cninfo.com.cn/finalpage/2025-11-15/1224807418.PDF,1224807418,会计师事务所
002047,*ST宝鹰,*ST宝鹰：会计师事务所选聘制度（2025年11月）,2025-11-15,http://static.cninfo.com.cn/finalpage/2025-11-15/1224807886.PDF,1224807886,会计师事务所
600539,狮头股份,狮头股份：天健会计师事务所（特殊普通合伙）关于狮头科技发展股份有限公司发行股份及支付现金购买资产并募集配套资金暨关联交易申请的审核问询函问询类财务事项的说明（豁免版）,2025-11-15,http://static.cninfo.com.cn/finalpage/2025-11-15/1224808129.PDF,1224808129,会计师事务所
002960,青鸟消防,青鸟消防：会计师事务所选聘制度（2025年11月修订）,2025-11-15,http://static.cninfo.com.cn/finalpage/2025-11-15/1224808048.PDF,1224808048,会计师事务所
000917,电广传媒,电广传媒：关于拟聘任会计师事务所的公告,2025-11-15,http://static.cninfo.com.cn/finalpage/2025-11-15/1224808204.PDF,1224808204,会计师事务所
688293,奥浦迈,奥浦迈：奥浦迈：《上海奥浦迈生物科技股份有限公司会计师事务所选聘制度（2025年11月修订）》,2025-11-15,http://static.cninfo.com.cn/finalpage/2025-11-15/1224805790.PDF,1224805790,会计师事务所
600975,新五丰,新五丰：湖南新五丰股份有限公司变更会计师事务所公告,2025-11-15,http://static.cninfo.com.cn/finalpage/2025-11-15/1224806758.PDF,1224806758,会计师事务所
600265,ST景谷,ST景谷：中审众环会计师事务所（特殊普通合伙）关于云南景谷林业股份有限公司重大资产重组前发生业绩异常或本次重组存在拟置出资产情形相关事项之专项核查意见,2025-11-15,http://static.cninfo.com.cn/finalpage/2025-11-15/1224807150.PDF,1224807150,会计师事务所
002176,江特电机,江特电机：关于变更会计师事务所的公告,2025-11-15,http://static.cninfo.com.cn/finalpage/2025-11-15/1224806566.PDF,1224806566,会计师事务所
002230,科大讯飞,科大讯飞：容诚会计师事务所（特殊普通合伙）关于公司申请向特定对象发行股票的审核问询函的回复（豁免版）,2025-11-15,http://static.cninfo.com.cn/finalpage/2025-11-15/1224805758.PDF,1224805758,会计师事务所
300319,麦捷科技,麦捷科技：关于拟变更会计师事务所的公告,2025-11-15,http://static.cninfo.com.cn/finalpage/2025-11-15/1224807419.PDF,1224807419,会计师事务所
002960,青鸟消防,青鸟消防：关于公司拟续聘会计师事务所的公告,2025-11-15,http://static.cninfo.com.cn/finalpage/2025-11-15/1224808056.PDF,1224808056,会计师事务所
001386,马可波罗,马可波罗：关于续聘会计师事务所的的公告,2025-11-15,http://static.cninfo.com.cn/finalpage/2025-11-15/1224808173.PDF,1224808173,会计师事务所
002145,钛能化学,钛能化学：关于拟续聘会计师事务所的公告,2025-11-15,http://static.cninfo.com.cn/finalpage/2025-11-15/1224805934.PDF,1224805934,会计师事务所
600455,博通股份,博通股份：关于续聘2025年度会计师事务所的议案,2025-11-15,http://static.cninfo.com.cn/finalpage/2025-11-15/1224807069.PDF,1224807069,会计师事务所
002369,卓翼科技,卓翼科技：《会计师事务所选聘专项制度》（2025年11月）,2025-11-15,http://static.cninfo.com.cn/finalpage/2025-11-15/1224807824.PDF,1224807824,会计师事务所
600114,东睦股份,东睦股份：东睦新材料集团股份有限公司会计师事务所选聘制度（2025年第1次修订）,2025-11-15,http://static.cninfo.com.cn/finalpage/2025-11-15/1224805984.PDF,1224805984,会计师事务所
300943,春晖智控,春晖智控：天健会计师事务所（特殊普通合伙）关于浙江春晖智能控制股份有限公司发行股份及支付现金购买资产申请的审核问询函中有关财务事项的说明,2025-11-14,http://static.cninfo.com.cn/finalpage/2025-11-14/1224807904.PDF,1224807904,会计师事务所
301187,欧圣电气,欧圣电气：关于聘任会计师事务所的公告,2025-11-14,http://static.cninfo.com.cn/finalpage/2025-11-14/1224805382.PDF,1224805382,会计师事务所
600641,先导基电,先导基电：上海先导基电科技股份有限公司关于变更会计师事务所的公告,2025-11-14,http://static.cninfo.com.cn/finalpage/2025-11-14/1224803396.PDF,1224803396,会计师事务所
688798,艾为电子,艾为电子：立信会计师事务所（特殊普通合伙）关于上海艾为电子技术股份有限公司向不特定对象发行可转换公司债券申请文件的审核问询函回复,2025-11-14,http://static.cninfo.com.cn/finalpage/2025-11-14/1224803026.PDF,1224803026,会计师事务所
000875,吉电股份,吉电股份：关于拟变更公司2025年度财务报告审计、内部控制审计会计师事务所的公告,2025-11-14,http://static.cninfo.com.cn/finalpage/2025-11-14/1224804234.PDF,1224804234,会计师事务所
601199,江南水务,江南水务：江南水务会计师事务所选聘制度,2025-11-14,http://static.cninfo.com.cn/finalpage/2025-11-14/1224804559.PDF,1224804559,会计师事务所
002256,兆新股份,兆新股份：关于聘任2025年度会计师事务所的公告,2025-11-14,http://static.cninfo.com.cn/finalpage/2025-11-14/1224803425.PDF,1224803425,会计师事务所
000958,电投产融,电投产融：立信会计师事务所（特殊普通合伙）关于国家电投集团产融控股股份有限公司审核问询函的回复,2025-11-14,http://static.cninfo.com.cn/finalpage/2025-11-14/1224804804.PDF,1224804804,会计师事务所
000690,宝新能源,宝新能源：会计师事务所选聘制度（2025年11月修订）,2025-11-14,http://static.cninfo.com.cn/finalpage/2025-11-14/1224803770.PDF,1224803770,会计师事务所
603299,苏盐井神,苏盐井神：信永中和会计师事务所（特殊普通合伙）关于江苏苏盐井神股份有限公司向特定对象发行股票申请文件的审核问询函的回复,2025-11-14,http://static.cninfo.com.cn/finalpage/2025-11-14/1224803162.PDF,1224803162,会计师事务所
600714,金瑞矿业,金瑞矿业：青海金瑞矿业发展股份有限公司会计师事务所选聘办法（2025年11月修订）,2025-11-14,http://static.cninfo.com.cn/finalpage/2025-11-14/1224803494.PDF,1224803494,会计师事务所
002753,永东股份,永东股份：《会计师事务所选聘制度》（2025年11月）,2025-11-14,http://static.cninfo.com.cn/finalpage/2025-11-14/1224803888.PDF,1224803888,会计师事务所
601519,大智慧,大智慧：关于续聘会计师事务所的公告,2025-11-14,http://static.cninfo.com.cn/finalpage/2025-11-14/1224804839.PDF,1224804839,会计师事务所
301112,信邦智能,信邦智能：安永华明会计师事务所（特殊普通合伙）关于广州信邦智能装备股份有限公司本次重组前发生业绩异常或本次重组存在拟置出资产情形的专项核查意见,2025-11-13,http://static.cninfo.com.cn/finalpage/2025-11-13/1224804037.PDF,1224804037,会计师事务所
300606,金太阳,金太阳：东莞金太阳研磨股份有限公司会计师事务所选聘制度,2025-11-13,http://static.cninfo.com.cn/finalpage/2025-11-13/1224802797.PDF,1224802797,会计师事务所
002107,沃华医药,沃华医药：关于拟变更会计师事务所的公告,2025-11-13,http://static.cninfo.com.cn/finalpage/2025-11-13/1224800911.PDF,1224800911,会计师事务所
301613,新铝时代,新铝时代：关于拟续聘会计师事务所的公告,2025-11-13,http://static.cninfo.com.cn/finalpage/2025-11-13/1224801943.PDF,1224801943,会计师事务所
600831,广电网络,广电网络：关于选聘2025年度会计师事务所的公告,2025-11-13,http://static.cninfo.com.cn/finalpage/2025-11-13/1224802466.PDF,1224802466,会计师事务所
600114,东睦股份,东睦股份：天健会计师事务所（特殊普通合伙）关于东睦新材料集团股份有限公司发行股份及支付现金购买资产并募集配套资金暨关联交易申请的审核问询函的回复,2025-11-13,http://static.cninfo.com.cn/finalpage/2025-11-13/1224800949.PDF,1224800949,会计师事务所
301101,明月镜片,明月镜片：选聘会计师事务所专项制度,2025-11-13,http://static.cninfo.com.cn/finalpage/2025-11-13/1224801547.PDF,1224801547,会计师事务所
001280,中国铀业,中国铀业：大信会计师事务所（特殊普通合伙）关于公司首次公开发行股票并在主板上市的财务报表及审计报告,2025-11-13,http://static.cninfo.com.cn/finalpage/2025-11-13/1224802643.PDF,1224802643,会计师事务所
000766,通化金马,通化金马：关于拟续聘会计师事务所的公告,2025-11-13,http://static.cninfo.com.cn/finalpage/2025-11-13/1224799979.PDF,1224799979,会计师事务所
000785,居然智家,居然智家：关于改聘会计师事务所的公告,2025-11-13,http://static.cninfo.com.cn/finalpage/2025-11-13/1224802508.PDF,1224802508,会计师事务所
002586,*ST围海,*ST围海：会计师事务所选聘制度（2025年11月）,2025-11-13,http://static.cninfo.com.cn/finalpage/2025-11-13/1224802281.PDF,1224802281,会计师事务所
300424,航新科技,航新科技：会计师事务所选聘制度,2025-11-13,http://static.cninfo.com.cn/finalpage/2025-11-13/1224800221.PDF,1224800221,会计师事务所
920871,派特尔,[临时公告]派特尔:拟续聘2025年度会计师事务所公告,2025-11-13,http://static.cninfo.com.cn/finalpage/2025-11-13/1224804790.PDF,1224804790,会计师事务所
300687,赛意信息,赛意信息：会计师事务所选聘制度（2025年11月修订）,2025-11-13,http://static.cninfo.com.cn/finalpage/2025-11-13/1224802385.PDF,1224802385,会计师事务所
600525,ST长园,ST长园：关于变更会计师事务所的更正公告,2025-11-13,http://static.cninfo.com.cn/finalpage/2025-11-13/1224802721.PDF,1224802721,会计师事务所
688334,西高院,西高院：关于改聘会计师事务所的公告,2025-11-13,http://static.cninfo.com.cn/finalpage/2025-11-13/1224800060.PDF,1224800060,会计师事务所
601702,华峰铝业,华峰铝业：上海华峰铝业股份有限公司选聘会计师事务所管理办法,2025-11-13,http://static.cninfo.com.cn/finalpage/2025-11-13/1224800387.PDF,1224800387,会计师事务所
603383,顶点软件,顶点软件：顶点软件会计师事务所选聘制度（2025年11月）,2025-11-13,http://static.cninfo.com.cn/finalpage/2025-11-13/1224800294.PDF,1224800294,会计师事务所
300940,南极光,南极光：会计师事务所选聘制度,2025-11-13,http://static.cninfo.com.cn/finalpage/2025-11-13/1224801141.PDF,1224801141,会计师事务所
688327,云从科技,云从科技：会计师事务所选聘制度,2025-11-13,http://static.cninfo.com.cn/finalpage/2025-11-13/1224801725.PDF,1224801725,会计师事务所
600135,乐凯胶片,乐凯胶片：乐凯胶片股份有限公司续聘会计师事务所的公告,2025-11-13,http://static.cninfo.com.cn/finalpage/2025-11-13/1224802515.PDF,1224802515,会计师事务所
000785,居然智家,居然智家：居然智家新零售集团股份有限公司会计师事务所选聘制度,2025-11-13,http://static.cninfo.com.cn/finalpage/2025-11-13/1224802489.PDF,1224802489,会计师事务所
600525,ST长园,ST长园：关于变更会计师事务所的公告,2025-11-13,http://static.cninfo.com.cn/finalpage/2025-11-13/1224802715.PDF,1224802715,会计师事务所
688368,晶丰明源,晶丰明源：立信会计师事务所（特殊普通合伙）关于上海晶丰明源半导体股份有限公司发行股份及支付现金购买资产并募集配套资金申请文件审核问询函的回复,2025-11-13,http://static.cninfo.com.cn/finalpage/2025-11-13/1224802687.PDF,1224802687,会计师事务所
002723,小崧股份,小崧股份：广东小崧科技股份有限公司会计师事务所选聘制度（2025年11月）,2025-11-13,http://static.cninfo.com.cn/finalpage/2025-11-13/1224802336.PDF,1224802336,会计师事务所
002024,ST易购,ST易购：关于拟续聘会计师事务所的公告,2025-11-13,http://static.cninfo.com.cn/finalpage/2025-11-13/1224802038.PDF,1224802038,会计师事务所
688275,万润新能,万润新能：关于拟变更会计师事务所的公告,2025-11-13,http://static.cninfo.com.cn/finalpage/2025-11-13/1224802265.PDF,1224802265,会计师事务所
301486,致尚科技,致尚科技：上会会计师事务所（特殊普通合伙）关于深圳市致尚科技股份有限公司申请发行股份、现金购买资产的审核问询函的回复（修订稿）,2025-11-12,http://static.cninfo.com.cn/finalpage/2025-11-12/1224800676.PDF,1224800676,会计师事务所
000652,泰达股份,泰达股份：关于续聘2025年度会计师事务所的公告,2025-11-12,http://static.cninfo.com.cn/finalpage/2025-11-12/1224797938.pdf,1224797938,会计师事务所
600751,海航科技,海航科技：海航科技股份有限公司关于续聘会计师事务所的公告,2025-11-12,http://static.cninfo.com.cn/finalpage/2025-11-12/1224798819.PDF,1224798819,会计师事务所
688226,威腾电气,威腾电气：中审众环会计师事务所（特殊普通合伙）关于威腾电气集团股份有限公司前次募集资金使用情况的鉴证报告,2025-11-12,http://static.cninfo.com.cn/finalpage/2025-11-12/1224799011.PDF,1224799011,会计师事务所
300521,爱司凯,爱司凯：会计师事务所选聘制度,2025-11-12,http://static.cninfo.com.cn/finalpage/2025-11-12/1224799625.PDF,1224799625,会计师事务所
300642,透景生命,透景生命：会计师事务所选聘制度（2025年11月）,2025-11-12,http://static.cninfo.com.cn/finalpage/2025-11-12/1224799587.PDF,1224799587,会计师事务所
300889,爱克股份,爱克股份：会计师事务所选聘制度,2025-11-12,http://static.cninfo.com.cn/finalpage/2025-11-12/1224798383.PDF,1224798383,会计师事务所
300012,华测检测,华测检测：会计师事务所选聘专项制度（2025年11月）,2025-11-12,http://static.cninfo.com.cn/finalpage/2025-11-12/1224798604.PDF,1224798604,会计师事务所
002221,东华能源,东华能源：关于拟续聘会计师事务所的公告,2025-11-12,http://static.cninfo.com.cn/finalpage/2025-11-12/1224798280.PDF,1224798280,会计师事务所
002544,普天科技,普天科技：关于续聘会计师事务所的公告,2025-11-12,http://static.cninfo.com.cn/finalpage/2025-11-12/1224797981.PDF,1224797981,会计师事务所
688226,威腾电气,威腾电气：中审众环会计师事务所（特殊普通合伙）关于威腾电气集团股份有限公司非经常性损益的专项核查报告,2025-11-12,http://static.cninfo.com.cn/finalpage/2025-11-12/1224799008.PDF,1224799008,会计师事务所
600499,科达制造,科达制造：中喜会计师事务所（特殊普通合伙）关于对科达制造股份有限公司2025年半年度报告的信息披露监管问询函的回复,2025-11-12,http://static.cninfo.com.cn/finalpage/2025-11-12/1224799131.PDF,1224799131,会计师事务所
605376,博迁新材,博迁新材：江苏博迁新材料股份有限公司关于会计师事务所变更质量控制复核人的公告,2025-11-12,http://static.cninfo.com.cn/finalpage/2025-11-12/1224797565.PDF,1224797565,会计师事务所
603758,秦安股份,秦安股份：天健会计师事务所（特殊普通合伙）关于安徽亦高光电科技有限责任公司的审计报告,2025-11-12,http://static.cninfo.com.cn/finalpage/2025-11-12/1224799677.PDF,1224799677,会计师事务所
300812,易天股份,易天股份：会计师事务所选聘制度,2025-11-12,http://static.cninfo.com.cn/finalpage/2025-11-12/1224799660.PDF,1224799660,会计师事务所
000151,中成股份,中成股份：立信会计师事务所（特殊普通合伙）关于中成进出口股份有限公司发行股份购买资产并募集配套资金申请的审核问询函的回复,2025-11-12,http://static.cninfo.com.cn/finalpage/2025-11-12/1224798732.PDF,1224798732,会计师事务所
301428,世纪恒通,世纪恒通：会计师事务所选聘制度（2025年11月）,2025-11-12,http://static.cninfo.com.cn/finalpage/2025-11-12/1224799481.PDF,1224799481,会计师事务所
603515,欧普照明,欧普照明：欧普照明股份有限公司会计师事务所选聘制度（2025年10月）,2025-11-12,http://static.cninfo.com.cn/finalpage/2025-11-12/1224798676.PDF,1224798676,会计师事务所
301285,鸿日达,鸿日达：会计师事务所选聘制度,2025-11-12,http://static.cninfo.com.cn/finalpage/2025-11-12/1224798227.PDF,1224798227,会计师事务所
002335,科华数据,科华数据：会计师事务所选聘制度（2025年11月修订）,2025-11-12,http://static.cninfo.com.cn/finalpage/2025-11-12/1224798907.PDF,1224798907,会计师事务所
301428,世纪恒通,世纪恒通：关于拟续聘会计师事务所的公告,2025-11-12,http://static.cninfo.com.cn/finalpage/2025-11-12/1224799486.PDF,1224799486,会计师事务所
920982,锦波生物,[临时公告]锦波生物:中汇会计师事务所(特殊普通合伙)关于锦波生物第一轮问询的回复（豁免披露版）,2025-11-12,http://static.cninfo.com.cn/finalpage/2025-11-12/1224801852.PDF,1224801852,会计师事务所
000980,众泰汽车,众泰汽车：公司关于续聘会计师事务所的公告,2025-11-12,http://static.cninfo.com.cn/finalpage/2025-11-12/1224797657.PDF,1224797657,会计师事务所
000012,南  玻Ａ,南  玻Ａ：会计师事务所选聘制度,2025-11-12,http://static.cninfo.com.cn/finalpage/2025-11-12/1224797608.PDF,1224797608,会计师事务所
603238,诺邦股份,诺邦股份：会计师事务所选聘制度（2025年11月修订）,2025-11-11,http://static.cninfo.com.cn/finalpage/2025-11-11/1224796859.PDF,1224796859,会计师事务所
603209,兴通股份,兴通股份：兴通海运股份有限公司会计师事务所选聘制度,2025-11-11,http://static.cninfo.com.cn/finalpage/2025-11-11/1224796919.PDF,1224796919,会计师事务所
688256,寒武纪,寒武纪：会计师事务所选聘制度,2025-11-11,http://static.cninfo.com.cn/finalpage/2025-11-11/1224797005.PDF,1224797005,会计师事务所
600313,农发种业,农发种业：北京大地泰华会计师事务所（特殊普通合伙）关于中农发种业集团股份有限公司向特定对象发行股票申请文件的审核问询函有关财务会计问题的回复,2025-11-11,http://static.cninfo.com.cn/finalpage/2025-11-11/1224796525.PDF,1224796525,会计师事务所
601789,宁波建工,宁波建工：浙江科信会计师事务所（特殊普通合伙）关于上海证券交易所《关于宁波建工股份有限公司发行股份购买资产暨关联交易申请的审核问询函》有关财务问题回复的专项说明（修订稿）,2025-11-11,http://static.cninfo.com.cn/finalpage/2025-11-11/1224794785.PDF,1224794785,会计师事务所
002498,汉缆股份,汉缆股份：会计师事务所选聘制度,2025-11-11,http://static.cninfo.com.cn/finalpage/2025-11-11/1224794864.PDF,1224794864,会计师事务所
301216,万凯新材,万凯新材：会计师事务所选聘制度（2025年11月修订）,2025-11-11,http://static.cninfo.com.cn/finalpage/2025-11-11/1224794671.PDF,1224794671,会计师事务所
000029,深深房Ａ,深深房Ａ：会计师事务所选聘办法修订对比表,2025-11-11,http://static.cninfo.com.cn/finalpage/2025-11-11/1224795377.PDF,1224795377,会计师事务所
000029,深深房Ａ,深深房Ａ：董事会审计委员会对会计师事务所履行监督职责情况报告,2025-11-11,http://static.cninfo.com.cn/finalpage/2025-11-11/1224795388.PDF,1224795388,会计师事务所
000029,深深房Ａ,深深房Ａ：对会计师事务所2024年度履职情况的评估报告,2025-11-11,http://static.cninfo.com.cn/finalpage/2025-11-11/1224795389.PDF,1224795389,会计师事务所
688293,奥浦迈,奥浦迈：立信会计师事务所（特殊普通合伙）关于上海奥浦迈生物科技股份有限公司发行股份及支付现金购买资产并募集配套资金申请的审核问询函回复之核查意见（修订稿）,2025-11-11,http://static.cninfo.com.cn/finalpage/2025-11-11/1224796503.PDF,1224796503,会计师事务所
002287,奇正藏药,奇正藏药：会计师事务所选聘制度（2025年11月）,2025-11-11,http://static.cninfo.com.cn/finalpage/2025-11-11/1224795006.PDF,1224795006,会计师事务所
603175,超颖电子,超颖电子：华兴会计师事务所（特殊普通合伙）关于超颖电子电路股份有限公司以自筹资金预先投入募集资金投资项目及支付发行费用的鉴证报告,2025-11-11,http://static.cninfo.com.cn/finalpage/2025-11-11/1224796231.PDF,1224796231,会计师事务所
300959,线上线下,线上线下：会计师事务所选聘制度,2025-11-11,http://static.cninfo.com.cn/finalpage/2025-11-11/1224797152.PDF,1224797152,会计师事务所
300576,容大感光,容大感光：关于拟变更会计师事务所的公告,2025-11-11,http://static.cninfo.com.cn/finalpage/2025-11-11/1224796690.PDF,1224796690,会计师事务所
300380,安硕信息,安硕信息：会计师事务所选聘制度,2025-11-11,http://static.cninfo.com.cn/finalpage/2025-11-11/1224796064.PDF,1224796064,会计师事务所
920023,田野股份,[临时公告]田野股份:拟续聘2025年度会计师事务所公告,2025-11-11,http://static.cninfo.com.cn/finalpage/2025-11-11/1224798578.PDF,1224798578,会计师事务所
601107,四川成渝,四川成渝：四川成渝关于变更2025年度境内会计师事务所的公告,2025-11-11,http://static.cninfo.com.cn/finalpage/2025-11-11/1224795597.PDF,1224795597,会计师事务所
300959,线上线下,线上线下：关于聘任会计师事务所的公告,2025-11-11,http://static.cninfo.com.cn/finalpage/2025-11-11/1224797158.PDF,1224797158,会计师事务所
002620,ST瑞和,ST瑞和：会计师事务所选聘制度（2025年11月）,2025-11-11,http://static.cninfo.com.cn/finalpage/2025-11-11/1224797116.PDF,1224797116,会计师事务所
603912,佳力图,佳力图：南京佳力图机房环境技术股份有限公司会计师事务所选聘制度（2025年11月）,2025-11-11,http://static.cninfo.com.cn/finalpage/2025-11-11/1224795223.PDF,1224795223,会计师事务所
300576,容大感光,容大感光：会计师事务所选聘制度（2025年11月）,2025-11-11,http://static.cninfo.com.cn/finalpage/2025-11-11/1224796684.PDF,1224796684,会计师事务所
000029,深深房Ａ,深深房Ａ：会计师事务所选聘办法,2025-11-11,http://static.cninfo.com.cn/finalpage/2025-11-11/1224795378.PDF,1224795378,会计师事务所
000029,深深房Ａ,深深房Ａ：关于拟续聘会计师事务所的公告,2025-11-11,http://static.cninfo.com.cn/finalpage/2025-11-11/1224795387.PDF,1224795387,会计师事务所
000681,视觉中国,视觉中国：关于拟续聘会计师事务所的公告,2025-11-11,http://static.cninfo.com.cn/finalpage/2025-11-11/1224795064.PDF,1224795064,会计师事务所
000736,*ST中地,*ST中地：关于拟续聘会计师事务所的公告,2025-11-11,http://static.cninfo.com.cn/finalpage/2025-11-11/1224796192.PDF,1224796192,会计师事务所
00107,四川成渝高速公路,四川成渝高速公路：关於变更2025年度境内会计师事务所的公告,2025-11-10,http://static.cninfo.com.cn/finalpage/2025-11-10/1224797078.PDF,1224797078,会计师事务所
300065,海兰信,海兰信：天健会计师事务所（特殊普通合伙）关于北京海兰信数据科技股份有限公司申请发行股份购买资产并募集配套资金的审核问询函中有关财务事项的说明,2025-11-10,http://static.cninfo.com.cn/finalpage/2025-11-10/1224795723.PDF,1224795723,会计师事务所
300065,海兰信,海兰信：致同会计师事务所（特殊普通合伙）关于变更签字人员的承诺函,2025-11-10,http://static.cninfo.com.cn/finalpage/2025-11-10/1224795728.PDF,1224795728,会计师事务所
300065,海兰信,海兰信：致同会计师事务所（特殊普通合伙）关于北京海兰信数据科技股份有限公司申请发行股份购买资产并募集配套资金的审核问询函的回复,2025-11-10,http://static.cninfo.com.cn/finalpage/2025-11-10/1224795721.PDF,1224795721,会计师事务所
01053,重庆钢铁股份,重庆钢铁股份：(1)聘请2025年年审会计师事务所； (2)修订《公司章程》及附件并取消监事会； (3)修订《公司章程》及附件中类别股东相关条款； (4)2025年第二次临时股东会通告； 及 (5)2025年第一次H股类别股东会通告,2025-11-10,http://static.cninfo.com.cn/finalpage/2025-11-10/1224795198.PDF,1224795198,会计师事务所
300688,创业黑马,创业黑马：中兴华会计师事务所(特殊普通合伙)关于创业黑马科技集团股份有限公司发行股份及支付现金购买资产并募集配套资金申请的审核问询函的专项说明,2025-11-10,http://static.cninfo.com.cn/finalpage/2025-11-10/1224795048.PDF,1224795048,会计师事务所
600512,腾达建设,腾达建设：腾达建设集团股份有限公司会计师事务所选聘制度,2025-11-10,http://static.cninfo.com.cn/finalpage/2025-11-10/1224794471.PDF,1224794471,会计师事务所
300897,山科智能,山科智能：会计师事务所选聘制度（2025年11月）,2025-11-08,http://static.cninfo.com.cn/finalpage/2025-11-08/1224792062.PDF,1224792062,会计师事务所
600360,*ST华微,*ST华微：吉林华微电子股份有限公司关于聘任会计师事务所的公告,2025-11-08,http://static.cninfo.com.cn/finalpage/2025-11-08/1224793296.PDF,1224793296,会计师事务所
301189,奥尼电子,奥尼电子：会计师事务所选聘制度,2025-11-08,http://static.cninfo.com.cn/finalpage/2025-11-08/1224793987.PDF,1224793987,会计师事务所
300841,康华生物,康华生物：会计师事务所选聘制度,2025-11-08,http://static.cninfo.com.cn/finalpage/2025-11-08/1224793950.PDF,1224793950,会计师事务所
603936,博敏电子,博敏电子：博敏电子关于续聘会计师事务所的公告,2025-11-08,http://static.cninfo.com.cn/finalpage/2025-11-08/1224792737.PDF,1224792737,会计师事务所
300893,松原安全,松原安全：会计师事务所选聘制度,2025-11-08,http://static.cninfo.com.cn/finalpage/2025-11-08/1224794290.PDF,1224794290,会计师事务所
300542,新晨科技,新晨科技：关于聘请2025年度会计师事务所的公告,2025-11-08,http://static.cninfo.com.cn/finalpage/2025-11-08/1224792977.PDF,1224792977,会计师事务所
688595,芯海科技,芯海科技：关于续聘会计师事务所的公告,2025-11-08,http://static.cninfo.com.cn/finalpage/2025-11-08/1224793500.PDF,1224793500,会计师事务所
603629,利通电子,利通电子：603629：利通电子关于续聘2025年度会计师事务所的公告,2025-11-08,http://static.cninfo.com.cn/finalpage/2025-11-08/1224792945.PDF,1224792945,会计师事务所
002236,大华股份,大华股份：会计师事务所选聘制度,2025-11-08,http://static.cninfo.com.cn/finalpage/2025-11-08/1224794030.PDF,1224794030,会计师事务所
600610,中毅达,中毅达：中毅达：关于续聘2025年度会计师事务所的的公告,2025-11-08,http://static.cninfo.com.cn/finalpage/2025-11-08/1224793325.PDF,1224793325,会计师事务所
300763,锦浪科技,锦浪科技：会计师事务所选聘制度 (2025年11月),2025-11-08,http://static.cninfo.com.cn/finalpage/2025-11-08/1224793647.PDF,1224793647,会计师事务所
300340,科恒股份,科恒股份：会计师事务所选聘制度（2025年11月）,2025-11-08,http://static.cninfo.com.cn/finalpage/2025-11-08/1224793747.PDF,1224793747,会计师事务所
600127,金健米业,金健米业：金健米业关于续聘会计师事务所的公告,2025-11-08,http://static.cninfo.com.cn/finalpage/2025-11-08/1224792136.PDF,1224792136,会计师事务所
300670,大烨智能,大烨智能：会计师事务所选聘管理办法,2025-11-08,http://static.cninfo.com.cn/finalpage/2025-11-08/1224792679.PDF,1224792679,会计师事务所
002940,昂利康,昂利康：会计师事务所选聘制度（2025年11月）,2025-11-08,http://static.cninfo.com.cn/finalpage/2025-11-08/1224793549.PDF,1224793549,会计师事务所
603936,博敏电子,博敏电子：博敏电子会计师事务所选聘制度（2025年11月修订）,2025-11-08,http://static.cninfo.com.cn/finalpage/2025-11-08/1224792720.PDF,1224792720,会计师事务所
000692,惠天热电,惠天热电：关于拟变更会计师事务所的公告,2025-11-08,http://static.cninfo.com.cn/finalpage/2025-11-08/1224792275.PDF,1224792275,会计师事务所
301505,苏州规划,苏州规划：公证天业会计师事务所（特殊普通合伙）关于交易标的业绩真实性的专项核查意见,2025-11-07,http://static.cninfo.com.cn/finalpage/2025-11-07/1224794144.PDF,1224794144,会计师事务所
301505,苏州规划,苏州规划：公证天业会计师事务所（特殊普通合伙）关于本次重组前业绩异常或拟置出资产情形相关事项的专项核查意见,2025-11-07,http://static.cninfo.com.cn/finalpage/2025-11-07/1224794146.PDF,1224794146,会计师事务所
301636,泽润新能,泽润新能：立信会计师事务所（特殊普通合伙）关于江苏泽润新能科技股份有限公司募集资金置换专项鉴证报告,2025-11-07,http://static.cninfo.com.cn/finalpage/2025-11-07/1224792225.PDF,1224792225,会计师事务所
600481,双良节能,双良节能：天衡会计师事务所（特殊普通合伙）关于双良节能系统股份有限公司2025年半年度报告的信息披露监管问询函的回复,2025-11-07,http://static.cninfo.com.cn/finalpage/2025-11-07/1224789995.PDF,1224789995,会计师事务所
002316,亚联发展,亚联发展：关于续聘会计师事务所的公告,2025-11-07,http://static.cninfo.com.cn/finalpage/2025-11-07/1224790484.PDF,1224790484,会计师事务所
000026,飞亚达,飞亚达：关于续聘会计师事务所的公告,2025-11-07,http://static.cninfo.com.cn/finalpage/2025-11-07/1224790491.PDF,1224790491,会计师事务所
600381,*ST春天,*ST春天：青海春天会计师事务所选聘办法（2025年11月修订）,2025-11-07,http://static.cninfo.com.cn/finalpage/2025-11-07/1224790103.PDF,1224790103,会计师事务所
300488,恒锋工具,恒锋工具：会计师事务所选聘制度（2025年11月）,2025-11-07,http://static.cninfo.com.cn/finalpage/2025-11-07/1224791048.PDF,1224791048,会计师事务所
603816,顾家家居,顾家家居：天健会计师事务所（特殊普通合伙）关于顾家家居股份有限公司向特定对象向特定对象发行股票申请文件的审核问询函中有关财务会计问题的专项说明,2025-11-07,http://static.cninfo.com.cn/finalpage/2025-11-07/1224790917.PDF,1224790917,会计师事务所
300716,ST泉为,ST泉为：关于聘任会计师事务所的公告,2025-11-07,http://static.cninfo.com.cn/finalpage/2025-11-07/1224791632.PDF,1224791632,会计师事务所
605186,健麾信息,健麾信息：立信会计师事务所（特殊普通合伙）关于上海健麾信息技术股份有限公司2025年半年度报告的信息披露监管问询函的回复,2025-11-07,http://static.cninfo.com.cn/finalpage/2025-11-07/1224789992.PDF,1224789992,会计师事务所
000713,国投丰乐,国投丰乐：中证天通会计师事务所（特殊普通合伙）关于国投丰乐种业股份有限公司向特定对象发行A股股票会后事项的承诺函,2025-11-07,http://static.cninfo.com.cn/finalpage/2025-11-07/1224791285.PDF,1224791285,会计师事务所
601113,华鼎股份,华鼎股份：北京兴华会计师事务所（特殊普通合伙）关于义乌华鼎锦纶股份有限公司向特定对象发行股票申请文件的审核问询函回复（修订稿）,2025-11-07,http://static.cninfo.com.cn/finalpage/2025-11-07/1224791589.PDF,1224791589,会计师事务所
301613,新铝时代,新铝时代：立信会计师事务所（特殊普通合伙）关于重庆新铝时代科技股份有限公司发行股份购买资产并募集配套资金申请的审核问询函之回复,2025-11-06,http://static.cninfo.com.cn/finalpage/2025-11-06/1224791570.PDF,1224791570,会计师事务所
524304,25国海03,25国海03：广发证券股份有限公司关于国海证券股份有限公司聘任会计师事务所及取消监事会的受托管理事务临时报告,2025-11-06,http://static.cninfo.com.cn/finalpage/2025-11-06/1224790433.PDF,1224790433,会计师事务所
524461,25国海04,25国海04：广发证券股份有限公司关于国海证券股份有限公司聘任会计师事务所及取消监事会的受托管理事务临时报告,2025-11-06,http://static.cninfo.com.cn/finalpage/2025-11-06/1224790431.PDF,1224790431,会计师事务所
524259,25国海01,25国海01：广发证券股份有限公司关于国海证券股份有限公司聘任会计师事务所及取消监事会的受托管理事务临时报告,2025-11-06,http://static.cninfo.com.cn/finalpage/2025-11-06/1224790432.PDF,1224790432,会计师事务所
000750,国海证券,国海证券：广发证券股份有限公司关于国海证券股份有限公司聘任会计师事务所及取消监事会的受托管理事务临时报告,2025-11-06,http://static.cninfo.com.cn/finalpage/2025-11-06/1224790430.PDF,1224790430,会计师事务所
301586,佳力奇,佳力奇：会计师事务所选聘制度,2025-11-06,http://static.cninfo.com.cn/finalpage/2025-11-06/1224789576.PDF,1224789576,会计师事务所
001217,华尔泰,华尔泰：会计师事务所选聘制度（2025年11月修订）,2025-11-06,http://static.cninfo.com.cn/finalpage/2025-11-06/1224789528.PDF,1224789528,会计师事务所
300618,寒锐钴业,寒锐钴业：会计师事务所选聘制度（2025年11月）,2025-11-06,http://static.cninfo.com.cn/finalpage/2025-11-06/1224789432.PDF,1224789432,会计师事务所
688003,天准科技,天准科技：关于续聘会计师事务所的公告,2025-11-06,http://static.cninfo.com.cn/finalpage/2025-11-06/1224788994.PDF,1224788994,会计师事务所
301586,佳力奇,佳力奇：关于公司续聘2025年度会计师事务所的公告,2025-11-06,http://static.cninfo.com.cn/finalpage/2025-11-06/1224789602.PDF,1224789602,会计师事务所
001233,海安集团,海安集团：容诚会计师事务所（特殊普通合伙）关于公司首次公开发行股票并在主板上市的财务报表及审计报告,2025-11-06,http://static.cninfo.com.cn/finalpage/2025-11-06/1224788870.PDF,1224788870,会计师事务所
301255,通力科技,通力科技：会计师事务所选聘制度,2025-11-06,http://static.cninfo.com.cn/finalpage/2025-11-06/1224788844.PDF,1224788844,会计师事务所
300618,寒锐钴业,寒锐钴业：关于拟续聘2025年度会计师事务所的公告,2025-11-06,http://static.cninfo.com.cn/finalpage/2025-11-06/1224789452.PDF,1224789452,会计师事务所
603318,水发燃气,水发燃气：致同会计师事务所（特殊普通合伙）关于水发派思燃气股份有限公司申请向特定对象发行股票的审核问询函中有关财务会计问题的专项说明,2025-11-06,http://static.cninfo.com.cn/finalpage/2025-11-06/1224788810.PDF,1224788810,会计师事务所
300984,金沃股份,金沃股份：天衡会计师事务所（特殊普通合伙）关于浙江金沃精工股份有限公司申请向特定对象发行股票的审核问询函之回复（修订稿）,2025-11-05,http://static.cninfo.com.cn/finalpage/2025-11-05/1224788188.PDF,1224788188,会计师事务所
002223,鱼跃医疗,鱼跃医疗：江苏鱼跃医疗设备股份有限公司会计师事务所选聘制度（2025年11月）,2025-11-05,http://static.cninfo.com.cn/finalpage/2025-11-05/1224786902.PDF,1224786902,会计师事务所
301312,智立方,智立方：关于续聘会计师事务所的公告,2025-11-05,http://static.cninfo.com.cn/finalpage/2025-11-05/1224785789.PDF,1224785789,会计师事务所
300507,苏奥传感,苏奥传感：会计师事务所选聘制度（2025年11月）,2025-11-05,http://static.cninfo.com.cn/finalpage/2025-11-05/1224787188.PDF,1224787188,会计师事务所
600517,国网英大,国网英大：国网英大关于聘用公司2025年度会计师事务所的公告,2025-11-05,http://static.cninfo.com.cn/finalpage/2025-11-05/1224786177.PDF,1224786177,会计师事务所
002320,海峡股份,海峡股份：关于拟变更会计师事务所的公告,2025-11-05,http://static.cninfo.com.cn/finalpage/2025-11-05/1224787004.PDF,1224787004,会计师事务所
000911,广农糖业,广农糖业：致同会计师事务所关于广西农投糖业集团股份有限公司向特定对象发行股票会后事项的核查意见,2025-11-05,http://static.cninfo.com.cn/finalpage/2025-11-05/1224785499.PDF,1224785499,会计师事务所
603685,晨丰科技,晨丰科技：天健会计师事务所（特殊普通合伙）关于浙江晨丰科技股份有限公司向特定对象发行股票会后事项承诺函,2025-11-05,http://static.cninfo.com.cn/finalpage/2025-11-05/1224785770.PDF,1224785770,会计师事务所
000520,凤凰航运,凤凰航运：关于续聘会计师事务所的公告,2025-11-05,http://static.cninfo.com.cn/finalpage/2025-11-05/1224787154.PDF,1224787154,会计师事务所
300507,苏奥传感,苏奥传感：关于拟变更会计师事务所的公告,2025-11-05,http://static.cninfo.com.cn/finalpage/2025-11-05/1224787205.PDF,1224787205,会计师事务所
000793,ST华闻,ST华闻：会计师事务所选聘制度,2025-11-05,http://static.cninfo.com.cn/finalpage/2025-11-05/1224786769.PDF,1224786769,会计师事务所
000911,广农糖业,广农糖业：致同会计师事务所关于广西农投糖业集团股份有限公司向特定对象发行股票会后事项的承诺函,2025-11-05,http://static.cninfo.com.cn/finalpage/2025-11-05/1224785498.PDF,1224785498,会计师事务所
300735,光弘科技,光弘科技：立信会计师事务所（特殊普通合伙）关于惠州光弘科技股份有限公司申请向特定对象发行股票的审核问询函的回复,2025-11-04,http://static.cninfo.com.cn/finalpage/2025-11-04/1224786451.PDF,1224786451,会计师事务所
600459,贵研铂业,贵研铂业：信永中和会计师事务所（特殊普通合伙）关于云南省贵金属新材料控股集团股份有限公司向特定对象发行股票的财务报告及审计报告,2025-11-04,http://static.cninfo.com.cn/finalpage/2025-11-04/1224782995.PDF,1224782995,会计师事务所
920077,吉林碳谷,[临时公告]吉林碳谷:拟续聘会计师事务所公告,2025-11-04,http://static.cninfo.com.cn/finalpage/2025-11-04/1224787267.PDF,1224787267,会计师事务所
605090,九丰能源,九丰能源：会计师事务所选聘制度,2025-11-04,http://static.cninfo.com.cn/finalpage/2025-11-04/1224784625.PDF,1224784625,会计师事务所
000981,山子高科,山子高科：关于续聘天健会计师事务所（特殊普通合伙）为本公司2025年度财务报告及内部控制审计机构的公告,2025-11-04,http://static.cninfo.com.cn/finalpage/2025-11-04/1224784719.PDF,1224784719,会计师事务所
301607,富特科技,富特科技：天健会计师事务所（特殊普通合伙）关于浙江富特科技股份有限公司申请向特定对象发行股票的审核问询函的回复,2025-11-03,http://static.cninfo.com.cn/finalpage/2025-11-03/1224784300.PDF,1224784300,会计师事务所
300635,中达安,中达安：大信会计师事务所（特殊普通合伙）关于中达安股份有限公司申请向特定对象发行股票的审核问询函的回复,2025-11-03,http://static.cninfo.com.cn/finalpage/2025-11-03/1224783491.PDF,1224783491,会计师事务所
000586,汇源通信,汇源通信：四川汇源光通信股份有限公司关于拟续聘2025年度会计师事务所的公告,2025-11-01,http://static.cninfo.com.cn/finalpage/2025-11-01/1224779722.PDF,1224779722,会计师事务所
603773,沃格光电,沃格光电：天健会计师事务所（特殊普通合伙）关于江西沃格光电集团股份有限公司向特定对象发行股票的财务报告及审计报告,2025-11-01,http://static.cninfo.com.cn/finalpage/2025-11-01/1224780802.PDF,1224780802,会计师事务所
165531,中信保诚多策略,中信保诚多策略：中信保诚基金管理有限公司关于旗下部分基金改聘会计师事务所的公告20251101,2025-11-01,http://static.cninfo.com.cn/finalpage/2025-11-01/1224781268.PDF,1224781268,会计师事务所
165528,中信保诚鼎利LOF,中信保诚鼎利LOF：中信保诚基金管理有限公司关于旗下部分基金改聘会计师事务所的公告20251101,2025-11-01,http://static.cninfo.com.cn/finalpage/2025-11-01/1224781265.PDF,1224781265,会计师事务所
002463,沪电股份,沪电股份：会计师事务所选聘制度（2025年10月）,2025-11-01,http://static.cninfo.com.cn/finalpage/2025-11-01/1224781294.PDF,1224781294,会计师事务所
603658,安图生物,安图生物：安图生物会计师事务所选聘制度（2025年10月修订）,2025-11-01,http://static.cninfo.com.cn/finalpage/2025-11-01/1224780624.PDF,1224780624,会计师事务所
165509,中信保诚增强LOF,中信保诚增强LOF：中信保诚基金管理有限公司关于旗下部分基金改聘会计师事务所的公告20251101,2025-11-01,http://static.cninfo.com.cn/finalpage/2025-11-01/1224781262.PDF,1224781262,会计师事务所
165516,中信保诚周期LOF,中信保诚周期LOF：中信保诚基金管理有限公司关于旗下部分基金改聘会计师事务所的公告20251101,2025-11-01,http://static.cninfo.com.cn/finalpage/2025-11-01/1224781263.PDF,1224781263,会计师事务所
165530,中信保诚惠泽定开,中信保诚惠泽定开：中信保诚基金管理有限公司关于旗下部分基金改聘会计师事务所的公告20251101,2025-11-01,http://static.cninfo.com.cn/finalpage/2025-11-01/1224781267.PDF,1224781267,会计师事务所
300073,当升科技,当升科技：关于续聘天健会计师事务所(特殊普通合伙)为公司2025年度财务审计机构及内部控制审计机构的公告,2025-11-01,http://static.cninfo.com.cn/finalpage/2025-11-01/1224780293.PDF,1224780293,会计师事务所
601113,华鼎股份,华鼎股份：北京兴华会计师事务所（特殊普通合伙）关于义乌华鼎锦纶股份有限公司向特定对象发行股票申请文件的审核问询函回复,2025-11-01,http://static.cninfo.com.cn/finalpage/2025-11-01/1224781356.PDF,1224781356,会计师事务所
300373,扬杰科技,扬杰科技：会计师事务所选聘制度,2025-11-01,http://static.cninfo.com.cn/finalpage/2025-11-01/1224779472.PDF,1224779472,会计师事务所
165520,有色LOF,有色LOF：中信保诚基金管理有限公司关于旗下部分基金改聘会计师事务所的公告20251101,2025-11-01,http://static.cninfo.com.cn/finalpage/2025-11-01/1224781264.PDF,1224781264,会计师事务所
002463,沪电股份,沪电股份：关于拟续聘会计师事务所的公告,2025-11-01,http://static.cninfo.com.cn/finalpage/2025-11-01/1224781300.PDF,1224781300,会计师事务所
165524,智能家居,智能家居：中信保诚基金管理有限公司关于旗下部分基金改聘会计师事务所的公告20251101,2025-11-01,http://static.cninfo.com.cn/finalpage/2025-11-01/1224781266.PDF,1224781266,会计师事务所
600185,珠免集团,珠免集团：关于续聘会计师事务所的公告,2025-11-01,http://static.cninfo.com.cn/finalpage/2025-11-01/1224781060.PDF,1224781060,会计师事务所
300249,依米康,依米康：《会计师事务所选聘制度》（2025年10月修订）,2025-10-31,http://static.cninfo.com.cn/finalpage/2025-10-31/1224770002.PDF,1224770002,会计师事务所
603336,宏辉果蔬,宏辉果蔬：关于续聘会计师事务所的公告,2025-10-31,http://static.cninfo.com.cn/finalpage/2025-10-31/1224770611.PDF,1224770611,会计师事务所
688296,和达科技,和达科技：会计师事务所选聘制度（2025年10月修订）,2025-10-31,http://static.cninfo.com.cn/finalpage/2025-10-31/1224770816.PDF,1224770816,会计师事务所
166802,浙商沪深300,浙商沪深300：浙商基金管理有限公司旗下基金改聘会计师事务所公告,2025-10-31,http://static.cninfo.com.cn/finalpage/2025-10-31/1224768759.PDF,1224768759,会计师事务所
002340,格林美,格林美：关于更换会计师事务所的公告,2025-10-31,http://static.cninfo.com.cn/finalpage/2025-10-31/1224771798.PDF,1224771798,会计师事务所
600568,ST中珠,ST中珠：中珠医疗控股股份有限公司会计师事务所选聘制度（2025年10月制定）,2025-10-31,http://static.cninfo.com.cn/finalpage/2025-10-31/1224771055.PDF,1224771055,会计师事务所
600613,神奇制药,神奇制药：立信会计师事务所关于上海神奇制药投资管理股份有限公司2023年度前期会计差错更正专项说明的鉴证报告,2025-10-31,http://static.cninfo.com.cn/finalpage/2025-10-31/1224771625.PDF,1224771625,会计师事务所
002705,新宝股份,新宝股份：会计师事务所选聘制度（2025年10月）,2025-10-31,http://static.cninfo.com.cn/finalpage/2025-10-31/1224771330.PDF,1224771330,会计师事务所
603119,浙江荣泰,浙江荣泰：浙江荣泰电工器材股份有限公司会计师事务所选聘制度,2025-10-31,http://static.cninfo.com.cn/finalpage/2025-10-31/1224772787.PDF,1224772787,会计师事务所
603177,德创环保,德创环保：会计师事务所选聘制度（2025年10月修订）,2025-10-31,http://static.cninfo.com.cn/finalpage/2025-10-31/1224772843.PDF,1224772843,会计师事务所
600698,湖南天雁,湖南天雁：湖南天雁机械股份有限公司关于续聘会计师事务所的公告,2025-10-31,http://static.cninfo.com.cn/finalpage/2025-10-31/1224773573.PDF,1224773573,会计师事务所
601162,天风证券,天风证券：天风证券股份有限公司关于续聘会计师事务所的公告,2025-10-31,http://static.cninfo.com.cn/finalpage/2025-10-31/1224772961.PDF,1224772961,会计师事务所
603322,超讯通信,超讯通信：超讯通信：会计师事务所选聘制度（2025年10月）,2025-10-31,http://static.cninfo.com.cn/finalpage/2025-10-31/1224774445.PDF,1224774445,会计师事务所
002883,中设股份,中设股份：江苏中设集团股份有限公司会计师事务所选聘制度,2025-10-31,http://static.cninfo.com.cn/finalpage/2025-10-31/1224773431.PDF,1224773431,会计师事务所
002304,洋河股份,洋河股份：会计师事务所选聘制度（2025年10月）,2025-10-31,http://static.cninfo.com.cn/finalpage/2025-10-31/1224773504.PDF,1224773504,会计师事务所
688297,中无人机,中无人机：中无人机关于续聘会计师事务所的公告,2025-10-31,http://static.cninfo.com.cn/finalpage/2025-10-31/1224774982.PDF,1224774982,会计师事务所
000555,神州信息,神州信息：选聘会计师事务所专项制度,2025-10-31,http://static.cninfo.com.cn/finalpage/2025-10-31/1224773045.PDF,1224773045,会计师事务所
600227,赤天化,赤天化：贵州赤天化股份有限公司会计师事务所选聘制度（2025年10月修订）,2025-10-31,http://static.cninfo.com.cn/finalpage/2025-10-31/1224774596.PDF,1224774596,会计师事务所
605339,南侨食品,南侨食品：南侨食品集团（上海）股份有限公司会计师事务所选聘制度（2025年10月）,2025-10-31,http://static.cninfo.com.cn/finalpage/2025-10-31/1224775936.PDF,1224775936,会计师事务所
603988,中电电机,中电电机：中电电机关于变更会计师事务所的公告,2025-10-31,http://static.cninfo.com.cn/finalpage/2025-10-31/1224775611.PDF,1224775611,会计师事务所
300237,ST美晨,ST美晨：中兴华会计师事务所（特殊普通合伙）关于山东美晨科技股份有限公司前期会计差错更正专项说明的审核报告,2025-10-31,http://static.cninfo.com.cn/finalpage/2025-10-31/1224775279.PDF,1224775279,会计师事务所
603232,格尔软件,格尔软件：格尔软件股份有限公司关于续聘会计师事务所的公告,2025-10-31,http://static.cninfo.com.cn/finalpage/2025-10-31/1224776256.PDF,1224776256,会计师事务所
000552,甘肃能化,甘肃能化：关于拟续聘会计师事务所的公告,2025-10-31,http://static.cninfo.com.cn/finalpage/2025-10-31/1224776491.PDF,1224776491,会计师事务所
002945,华林证券,华林证券：关于变更会计师事务所的公告,2025-10-31,http://static.cninfo.com.cn/finalpage/2025-10-31/1224774697.PDF,1224774697,会计师事务所
603887,城地香江,城地香江：容诚会计师事务所（特殊普通合伙）关于上海城地香江数据科技股份有限公司会计估计变更的专项说明（容诚专字[2025]200Z1309号）,2025-10-31,http://static.cninfo.com.cn/finalpage/2025-10-31/1224776290.PDF,1224776290,会计师事务所
600567,山鹰国际,山鹰国际：关于续聘会计师事务所的公告,2025-10-31,http://static.cninfo.com.cn/finalpage/2025-10-31/1224778164.PDF,1224778164,会计师事务所
688709,成都华微,成都华微：成都华微电子科技股份有限公司关于续聘会计师事务所的公告,2025-10-31,http://static.cninfo.com.cn/finalpage/2025-10-31/1224778363.PDF,1224778363,会计师事务所
600039,四川路桥,四川路桥：四川路桥关于续聘会计师事务所的公告,2025-10-31,http://static.cninfo.com.cn/finalpage/2025-10-31/1224778621.PDF,1224778621,会计师事务所
603690,至纯科技,至纯科技：会计师事务所选聘制度（2025年10月）,2025-10-31,http://static.cninfo.com.cn/finalpage/2025-10-31/1224778446.PDF,1224778446,会计师事务所
688391,钜泉科技,钜泉科技：会计师事务所选聘制度,2025-10-31,http://static.cninfo.com.cn/finalpage/2025-10-31/1224778551.PDF,1224778551,会计师事务所
600343,航天动力,航天动力：航天动力关于续聘会计师事务所的公告,2025-10-31,http://static.cninfo.com.cn/finalpage/2025-10-31/1224778567.PDF,1224778567,会计师事务所
603566,普莱柯,普莱柯：普莱柯会计师事务所选聘制度,2025-10-31,http://static.cninfo.com.cn/finalpage/2025-10-31/1224771443.PDF,1224771443,会计师事务所
600234,科新发展,科新发展：山西科新发展股份有限公司关于续聘会计师事务所的公告,2025-10-31,http://static.cninfo.com.cn/finalpage/2025-10-31/1224771465.PDF,1224771465,会计师事务所
600689,上海三毛,上海三毛：上海三毛企业（集团）股份有限公司会计师事务所选聘管理制度（2025年拟修订）,2025-10-31,http://static.cninfo.com.cn/finalpage/2025-10-31/1224770627.PDF,1224770627,会计师事务所
600303,曙光股份,曙光股份：曙光股份关于续聘会计师事务所的公告,2025-10-31,http://static.cninfo.com.cn/finalpage/2025-10-31/1224771195.PDF,1224771195,会计师事务所
603918,金桥信息,金桥信息：会计师事务所选聘制度（2025年11月修订）,2025-10-31,http://static.cninfo.com.cn/finalpage/2025-10-31/1224771493.PDF,1224771493,会计师事务所
002160,常铝股份,常铝股份：江苏常铝铝业集团股份有限公司会计师事务所选聘制度,2025-10-31,http://static.cninfo.com.cn/finalpage/2025-10-31/1224772105.PDF,1224772105,会计师事务所
688184,ST帕瓦,ST帕瓦：浙江帕瓦新能源股份有限公司关于续聘会计师事务所的公告,2025-10-31,http://static.cninfo.com.cn/finalpage/2025-10-31/1224773786.PDF,1224773786,会计师事务所
600678,四川金顶,四川金顶：四川金顶（集团）股份有限公司关于续聘会计师事务所的公告,2025-10-31,http://static.cninfo.com.cn/finalpage/2025-10-31/1224773332.PDF,1224773332,会计师事务所
600764,中国海防,中国海防：中国海防关于变更会计师事务所的公告,2025-10-31,http://static.cninfo.com.cn/finalpage/2025-10-31/1224773367.PDF,1224773367,会计师事务所
603012,创力集团,创力集团：立信会计师事务所（特殊普通合伙）关于上海创力集团股份有限公司向特定对象发行股票的财务报告及审计报告,2025-10-31,http://static.cninfo.com.cn/finalpage/2025-10-31/1224772952.PDF,1224772952,会计师事务所
688157,松井股份,松井股份：松井股份会计师事务所选聘制度（2025年10月制定）,2025-10-31,http://static.cninfo.com.cn/finalpage/2025-10-31/1224772669.PDF,1224772669,会计师事务所
688115,思林杰,思林杰：信永中和会计师事务所（特殊普通合伙）：关于广州思林杰科技股份有限公司发行股份及支付现金购买资产并募集配套资金暨关联交易申请的审核问询函回复,2025-10-31,http://static.cninfo.com.cn/finalpage/2025-10-31/1224778375.PDF,1224778375,会计师事务所
688223,晶科能源,晶科能源：晶科能源关于选聘会计师事务所的公告,2025-10-31,http://static.cninfo.com.cn/finalpage/2025-10-31/1224775767.PDF,1224775767,会计师事务所
601678,滨化股份,滨化股份：滨化股份关于聘任会计师事务所的公告,2025-10-31,http://static.cninfo.com.cn/finalpage/2025-10-31/1224775503.PDF,1224775503,会计师事务所
002984,森麒麟,森麒麟：关于续聘公司2025年度会计师事务所的公告,2025-10-31,http://static.cninfo.com.cn/finalpage/2025-10-31/1224775481.PDF,1224775481,会计师事务所
003013,地铁设计,地铁设计：广东司农会计师事务所（特殊普通合伙）《关于广州地铁设计研究院股份有限公司发行股份购买资产并募集配套资金申请的第二轮审核问询函的回复》之专项核查意见,2025-10-31,http://static.cninfo.com.cn/finalpage/2025-10-31/1224777812.PDF,1224777812,会计师事务所
001979,招商蛇口,招商蛇口：会计师事务所关于招商局蛇口工业区控股股份有限公司申请向特定对象发行优先股审核问询函回复的专项说明,2025-10-31,http://static.cninfo.com.cn/finalpage/2025-10-31/1224778521.PDF,1224778521,会计师事务所
603172,万丰股份,万丰股份：会计师事务所选聘制度（2025年10月）,2025-10-31,http://static.cninfo.com.cn/finalpage/2025-10-31/1224770496.PDF,1224770496,会计师事务所
000987,越秀资本,越秀资本：关于拟续聘会计师事务所的公告,2025-10-31,http://static.cninfo.com.cn/finalpage/2025-10-31/1224770678.PDF,1224770678,会计师事务所
601669,中国电建,中国电建：中国电力建设股份有限公司关于立信会计师事务所（特殊普通合伙）变更公司年审报告签字会计师的公告,2025-10-31,http://static.cninfo.com.cn/finalpage/2025-10-31/1224777935.PDF,1224777935,会计师事务所
002594,比亚迪,比亚迪：会计师事务所选聘制度（2025年10月）,2025-10-31,http://static.cninfo.com.cn/finalpage/2025-10-31/1224776152.PDF,1224776152,会计师事务所
600821,金开新能,金开新能：关于续聘会计师事务所的公告,2025-10-31,http://static.cninfo.com.cn/finalpage/2025-10-31/1224775058.PDF,1224775058,会计师事务所
002289,*ST宇顺,*ST宇顺：关于拟续聘会计师事务所的公告,2025-10-31,http://static.cninfo.com.cn/finalpage/2025-10-31/1224773883.PDF,1224773883,会计师事务所
600382,广东明珠,广东明珠：广东明珠集团股份有限公司会计师事务所选聘制度,2025-10-31,http://static.cninfo.com.cn/finalpage/2025-10-31/1224774557.PDF,1224774557,会计师事务所
601882,海天精工,海天精工：宁波海天精工股份有限公司会计师事务所选聘制度（2025年10月修订）,2025-10-31,http://static.cninfo.com.cn/finalpage/2025-10-31/1224774814.PDF,1224774814,会计师事务所
002161,远 望 谷,远 望 谷：会计师事务所选聘制度（2025年10月）,2025-10-31,http://static.cninfo.com.cn/finalpage/2025-10-31/1224773013.PDF,1224773013,会计师事务所
600382,广东明珠,广东明珠：广东明珠集团股份有限公司关于续聘会计师事务所的公告,2025-10-31,http://static.cninfo.com.cn/finalpage/2025-10-31/1224774560.PDF,1224774560,会计师事务所
600939,重庆建工,重庆建工：重庆建工关于聘请公司2025年度会计师事务所的公告,2025-10-31,http://static.cninfo.com.cn/finalpage/2025-10-31/1224778927.PDF,1224778927,会计师事务所
301059,金三江,金三江：会计师事务所选聘制度,2025-10-31,http://static.cninfo.com.cn/finalpage/2025-10-31/1224778204.PDF,1224778204,会计师事务所
002992,宝明科技,宝明科技：会计师事务所选聘制度,2025-10-31,http://static.cninfo.com.cn/finalpage/2025-10-31/1224769034.PDF,1224769034,会计师事务所
002321,华英农业,华英农业：会计师事务所选聘制度（2025年10月),2025-10-31,http://static.cninfo.com.cn/finalpage/2025-10-31/1224770341.PDF,1224770341,会计师事务所
603520,司太立,司太立：司太立：会计师事务所选聘制度（2025年10月）,2025-10-31,http://static.cninfo.com.cn/finalpage/2025-10-31/1224770779.PDF,1224770779,会计师事务所
002959,小熊电器,小熊电器：会计师事务所选聘制度（2025年10月）,2025-10-31,http://static.cninfo.com.cn/finalpage/2025-10-31/1224770873.PDF,1224770873,会计师事务所
002815,崇达技术,崇达技术：会计师事务所选聘制度（2025年10月）,2025-10-31,http://static.cninfo.com.cn/finalpage/2025-10-31/1224770145.PDF,1224770145,会计师事务所
688161,威高骨科,威高骨科：山东威高骨科材料股份有限公司关于拟聘请会计师事务所的公告,2025-10-31,http://static.cninfo.com.cn/finalpage/2025-10-31/1224770630.PDF,1224770630,会计师事务所
601010,文峰股份,文峰股份：文峰股份关于变更会计师事务所的公告,2025-10-31,http://static.cninfo.com.cn/finalpage/2025-10-31/1224773637.PDF,1224773637,会计师事务所
002564,天沃科技,天沃科技：会计师事务所选聘制度,2025-10-31,http://static.cninfo.com.cn/finalpage/2025-10-31/1224774097.PDF,1224774097,会计师事务所
000938,紫光股份,紫光股份：关于拟聘任会计师事务所的公告,2025-10-31,http://static.cninfo.com.cn/finalpage/2025-10-31/1224776099.PDF,1224776099,会计师事务所
002832,比音勒芬,比音勒芬：会计师事务所选聘制度（2025年10月）,2025-10-31,http://static.cninfo.com.cn/finalpage/2025-10-31/1224777442.PDF,1224777442,会计师事务所
600755,厦门国贸,厦门国贸：厦门国贸集团股份有限公司会计师事务所选聘制度,2025-10-31,http://static.cninfo.com.cn/finalpage/2025-10-31/1224777575.PDF,1224777575,会计师事务所
601933,永辉超市,永辉超市：安永华明会计师事务所（特殊普通合伙）关于永辉超市股份有限公司向特定对象发行A股股票的财务报告及审计报告,2025-10-31,http://static.cninfo.com.cn/finalpage/2025-10-31/1224778345.PDF,1224778345,会计师事务所
603833,欧派家居,欧派家居：欧派家居集团股份有限公司会计师事务所选聘制度（2025年10月30日修订）,2025-10-31,http://static.cninfo.com.cn/finalpage/2025-10-31/1224769148.PDF,1224769148,会计师事务所
000523,红棉股份,红棉股份：红棉股份会计师事务所选聘制度（2025年10月修订版）,2025-10-31,http://static.cninfo.com.cn/finalpage/2025-10-31/1224769812.PDF,1224769812,会计师事务所
600567,山鹰国际,山鹰国际：会计师事务所选聘制度（2025年10月）,2025-10-31,http://static.cninfo.com.cn/finalpage/2025-10-31/1224778174.PDF,1224778174,会计师事务所
600877,电科芯片,电科芯片：中电科芯片技术股份有限公司会计师事务所选聘制度,2025-10-31,http://static.cninfo.com.cn/finalpage/2025-10-31/1224775431.PDF,1224775431,会计师事务所
002817,黄山胶囊,黄山胶囊：关于续聘2025年度会计师事务所的公告,2025-10-31,http://static.cninfo.com.cn/finalpage/2025-10-31/1224775245.PDF,1224775245,会计师事务所
603043,广州酒家,广州酒家：广州酒家：关于续聘会计师事务所的公告,2025-10-31,http://static.cninfo.com.cn/finalpage/2025-10-31/1224772963.PDF,1224772963,会计师事务所
603038,华立股份,华立股份：关于变更会计师事务所的公告,2025-10-31,http://static.cninfo.com.cn/finalpage/2025-10-31/1224776964.PDF,1224776964,会计师事务所
002822,*ST中装,*ST中装：ST中装：选聘会计师事务所专项制度（2025年10月）,2025-10-31,http://static.cninfo.com.cn/finalpage/2025-10-31/1224777241.PDF,1224777241,会计师事务所
600433,冠豪高新,冠豪高新：冠豪高新关于续聘2025年度会计师事务所的公告,2025-10-31,http://static.cninfo.com.cn/finalpage/2025-10-31/1224777107.PDF,1224777107,会计师事务所
603955,大千生态,大千生态：天衡会计师事务所（特殊普通合伙）关于大千生态环境集团股份有限公司向特定对象发行股票的财务报告及审计报告,2025-10-31,http://static.cninfo.com.cn/finalpage/2025-10-31/1224778854.PDF,1224778854,会计师事务所
600130,*ST波导,*ST波导：宁波波导股份有限公司会计师事务所选聘制度（2025年10月修订）,2025-10-31,http://static.cninfo.com.cn/finalpage/2025-10-31/1224770434.PDF,1224770434,会计师事务所
603195,公牛集团,公牛集团：公牛集团股份有限公司会计师事务所选聘制度（2025年10月修订）,2025-10-31,http://static.cninfo.com.cn/finalpage/2025-10-31/1224772725.PDF,1224772725,会计师事务所
603159,上海亚虹,上海亚虹：会计师事务所选聘制度（2025年10月修订）,2025-10-31,http://static.cninfo.com.cn/finalpage/2025-10-31/1224771916.PDF,1224771916,会计师事务所
603800,洪田股份,洪田股份：江苏洪田科技股份有限公司选聘会计师事务所制度,2025-10-31,http://static.cninfo.com.cn/finalpage/2025-10-31/1224772028.PDF,1224772028,会计师事务所
600684,珠江股份,珠江股份：关于续聘2025年度会计师事务所的公告,2025-10-31,http://static.cninfo.com.cn/finalpage/2025-10-31/1224772386.PDF,1224772386,会计师事务所
600516,方大炭素,方大炭素：方大炭素关于续聘会计师事务所的公告,2025-10-31,http://static.cninfo.com.cn/finalpage/2025-10-31/1224773094.PDF,1224773094,会计师事务所
002409,雅克科技,雅克科技：关于续聘会计师事务所的公告,2025-10-31,http://static.cninfo.com.cn/finalpage/2025-10-31/1224774088.PDF,1224774088,会计师事务所
688603,天承科技,天承科技：会计师事务所选聘制度,2025-10-31,http://static.cninfo.com.cn/finalpage/2025-10-31/1224775306.PDF,1224775306,会计师事务所
600303,曙光股份,曙光股份：曙光股份会计师事务所选聘制度,2025-10-31,http://static.cninfo.com.cn/finalpage/2025-10-31/1224771242.PDF,1224771242,会计师事务所
000415,渤海租赁,渤海租赁：关于续聘会计师事务所的公告,2025-10-31,http://static.cninfo.com.cn/finalpage/2025-10-31/1224774120.PDF,1224774120,会计师事务所
002174,游族网络,游族网络：会计师事务所选聘制度,2025-10-31,http://static.cninfo.com.cn/finalpage/2025-10-31/1224773232.PDF,1224773232,会计师事务所
600791,京能置业,京能置业：京能置业股份有限公司关于聘任2025年度会计师事务所的公告,2025-10-31,http://static.cninfo.com.cn/finalpage/2025-10-31/1224775994.PDF,1224775994,会计师事务所
688248,南网科技,南网科技：南网科技：关于拟变更会计师事务所的公告,2025-10-31,http://static.cninfo.com.cn/finalpage/2025-10-31/1224776028.PDF,1224776028,会计师事务所
600373,中文传媒,中文传媒：中文天地出版传媒集团股份有限公司会计师事务所选聘制度,2025-10-31,http://static.cninfo.com.cn/finalpage/2025-10-31/1224776212.PDF,1224776212,会计师事务所
000926,福星股份,福星股份：会计师事务所选聘制度,2025-10-31,http://static.cninfo.com.cn/finalpage/2025-10-31/1224775880.PDF,1224775880,会计师事务所
002615,哈尔斯,哈尔斯：关于聘任会计师事务所的公告,2025-10-31,http://static.cninfo.com.cn/finalpage/2025-10-31/1224777481.PDF,1224777481,会计师事务所
603179,新泉股份,新泉股份：江苏新泉汽车饰件股份有限公司会计师事务所选聘制度（2025年10月修订）,2025-10-31,http://static.cninfo.com.cn/finalpage/2025-10-31/1224777554.PDF,1224777554,会计师事务所
603500,祥和实业,祥和实业：天健会计师事务所（特殊普通合伙）关于浙江天台祥和实业股份有限公司向不特定对象发行可转换公司债券的财务报告及审计报告,2025-10-31,http://static.cninfo.com.cn/finalpage/2025-10-31/1224779080.PDF,1224779080,会计师事务所
002883,中设股份,中设股份：江苏中设集团股份有限公司关于拟变更会计师事务所的公告,2025-10-31,http://static.cninfo.com.cn/finalpage/2025-10-31/1224773442.PDF,1224773442,会计师事务所
002388,ST新亚,ST新亚：关于拟续聘会计师事务所的公告,2025-10-31,http://static.cninfo.com.cn/finalpage/2025-10-31/1224773517.PDF,1224773517,会计师事务所
002231,*ST奥维,*ST奥维：会计师事务所选聘管理制度,2025-10-31,http://static.cninfo.com.cn/finalpage/2025-10-31/1224773737.PDF,1224773737,会计师事务所
000034,神州数码,神州数码：选聘会计师事务所专项制度（2025年10月）,2025-10-31,http://static.cninfo.com.cn/finalpage/2025-10-31/1224776850.PDF,1224776850,会计师事务所
603038,华立股份,华立股份：会计师事务所选聘制度（2025年10月）,2025-10-31,http://static.cninfo.com.cn/finalpage/2025-10-31/1224776977.PDF,1224776977,会计师事务所
600266,城建发展,城建发展：城建发展变更会计师事务所公告,2025-10-31,http://static.cninfo.com.cn/finalpage/2025-10-31/1224777368.PDF,1224777368,会计师事务所
688559,海目星,海目星：海目星：会计师事务所选聘制度,2025-10-31,http://static.cninfo.com.cn/finalpage/2025-10-31/1224777301.PDF,1224777301,会计师事务所
603357,设计总院,设计总院：设计总院变更会计师事务所公告,2025-10-31,http://static.cninfo.com.cn/finalpage/2025-10-31/1224777168.PDF,1224777168,会计师事务所
003013,地铁设计,地铁设计：广东司农会计师事务所（特殊普通合伙）《关于广州地铁设计研究院股份有限公司发行股份购买资产并募集配套资金申请的审核问询函的回复》之专项核查意见（修订稿）,2025-10-31,http://static.cninfo.com.cn/finalpage/2025-10-31/1224777810.PDF,1224777810,会计师事务所
600477,杭萧钢构,杭萧钢构：杭萧钢构关于变更会计师事务所的公告,2025-10-31,http://static.cninfo.com.cn/finalpage/2025-10-31/1224778654.PDF,1224778654,会计师事务所
603690,至纯科技,至纯科技：关于变更会计师事务所的公告,2025-10-31,http://static.cninfo.com.cn/finalpage/2025-10-31/1224778495.PDF,1224778495,会计师事务所
600138,中青旅,中青旅：中青旅关于续聘会计师事务所的公告,2025-10-31,http://static.cninfo.com.cn/finalpage/2025-10-31/1224773160.PDF,1224773160,会计师事务所
600259,广晟有色,广晟有色：广晟有色金属股份有限公司关于续聘会计师事务所的公告,2025-10-31,http://static.cninfo.com.cn/finalpage/2025-10-31/1224776022.PDF,1224776022,会计师事务所
002345,潮宏基,潮宏基：关于续聘2025年度会计师事务所的公告,2025-10-31,http://static.cninfo.com.cn/finalpage/2025-10-31/1224775488.PDF,1224775488,会计师事务所
000803,山高环能,山高环能：关于续聘会计师事务所的公告,2025-10-31,http://static.cninfo.com.cn/finalpage/2025-10-31/1224775197.PDF,1224775197,会计师事务所
688115,思林杰,思林杰：天健会计师事务所（特殊普通合伙）：关于广州思林杰科技股份有限公司发行股份及支付现金购买资产并募集配套资金暨关联交易申请的审核问询函中有关财务事项的说明,2025-10-31,http://static.cninfo.com.cn/finalpage/2025-10-31/1224778376.PDF,1224778376,会计师事务所
002244,滨江集团,滨江集团：关于拟续聘会计师事务所的公告,2025-10-31,http://static.cninfo.com.cn/finalpage/2025-10-31/1224772121.PDF,1224772121,会计师事务所
688060,云涌科技,云涌科技：江苏云涌电子科技股份有限公司会计师事务所选聘制度,2025-10-31,http://static.cninfo.com.cn/finalpage/2025-10-31/1224773861.PDF,1224773861,会计师事务所
600469,风神股份,风神股份：风神轮胎股份有限公司关于变更会计师事务所的公告,2025-10-31,http://static.cninfo.com.cn/finalpage/2025-10-31/1224769510.PDF,1224769510,会计师事务所
603229,奥翔药业,奥翔药业：奥翔药业会计师事务所选聘制度（2025年10月修订）,2025-10-31,http://static.cninfo.com.cn/finalpage/2025-10-31/1224769674.PDF,1224769674,会计师事务所
001202,炬申股份,炬申股份：关于续聘会计师事务所的公告,2025-10-31,http://static.cninfo.com.cn/finalpage/2025-10-31/1224776508.PDF,1224776508,会计师事务所
002899,英派斯,英派斯：会计师事务所选聘制度,2025-10-31,http://static.cninfo.com.cn/finalpage/2025-10-31/1224771824.PDF,1224771824,会计师事务所
002616,长青集团,长青集团：会计师事务所选聘制度,2025-10-31,http://static.cninfo.com.cn/finalpage/2025-10-31/1224776399.PDF,1224776399,会计师事务所
000065,北方国际,北方国际：关于续聘会计师事务所的公告,2025-10-31,http://static.cninfo.com.cn/finalpage/2025-10-31/1224774346.PDF,1224774346,会计师事务所
000788,北大医药,北大医药：会计师事务所选聘及评价制度（2025年10月修订）,2025-10-31,http://static.cninfo.com.cn/finalpage/2025-10-31/1224773464.PDF,1224773464,会计师事务所
600808,马钢股份,马钢股份：马鞍山钢铁股份有限公司关于变更2025年度会计师事务所的公告,2025-10-31,http://static.cninfo.com.cn/finalpage/2025-10-31/1224774787.PDF,1224774787,会计师事务所
600821,金开新能,金开新能：会计师事务所选聘制度,2025-10-31,http://static.cninfo.com.cn/finalpage/2025-10-31/1224775056.PDF,1224775056,会计师事务所
601968,宝钢包装,宝钢包装：关于续聘会计师事务所的公告,2025-10-31,http://static.cninfo.com.cn/finalpage/2025-10-31/1224769896.PDF,1224769896,会计师事务所
601005,重庆钢铁,重庆钢铁：关于变更2025年年审会计师事务所的公告,2025-10-31,http://static.cninfo.com.cn/finalpage/2025-10-31/1224779158.pdf,1224779158,会计师事务所
600883,博闻科技,博闻科技：云南博闻科技实业股份有限公司会计师事务所选聘制度（2025年10月修订草案）,2025-10-31,http://static.cninfo.com.cn/finalpage/2025-10-31/1224772007.PDF,1224772007,会计师事务所
603903,中持股份,中持股份：中持水务股份有限公司关于续聘会计师事务所的公告,2025-10-31,http://static.cninfo.com.cn/finalpage/2025-10-31/1224772297.PDF,1224772297,会计师事务所
600278,东方创业,东方创业：东方国际创业股份有限公司关于续聘会计师事务所公告,2025-10-31,http://static.cninfo.com.cn/finalpage/2025-10-31/1224772682.PDF,1224772682,会计师事务所
00323,马鞍山钢铁股份,马鞍山钢铁股份：关於变更2025年度会计师事务所的公告,2025-10-30,http://static.cninfo.com.cn/finalpage/2025-10-30/1224779235.PDF,1224779235,会计师事务所
02597,,讯众通信：海外监管公告 - 续聘2025年度会计师事务所公告,2025-10-30,http://static.cninfo.com.cn/finalpage/2025-10-30/1224779231.PDF,1224779231,会计师事务所
01053,重庆钢铁股份,重庆钢铁股份：於变更2025年年审会计师事务所的公告,2025-10-30,http://static.cninfo.com.cn/finalpage/2025-10-30/1224778440.PDF,1224778440,会计师事务所
300573,兴齐眼药,兴齐眼药：立信会计师事务所（特殊普通合伙）关于对沈阳兴齐眼药股份有限公司申请向特定对象发行股票的审核问询函的回复（豁免版）,2025-10-30,http://static.cninfo.com.cn/finalpage/2025-10-30/1224773539.PDF,1224773539,会计师事务所
000911,广农糖业,广农糖业：广西农投糖业集团股份有限公司关于续聘会计师事务所的公告,2025-10-30,http://static.cninfo.com.cn/finalpage/2025-10-30/1224757534.PDF,1224757534,会计师事务所
301212,联盛化学,联盛化学：浙江联盛化学股份有限公司会计师事务所选聘制度（2025年10月修订）,2025-10-30,http://static.cninfo.com.cn/finalpage/2025-10-30/1224757604.PDF,1224757604,会计师事务所
300146,汤臣倍健,汤臣倍健：会计师事务所选聘制度（2025年10月）,2025-10-30,http://static.cninfo.com.cn/finalpage/2025-10-30/1224757393.PDF,1224757393,会计师事务所
300622,博士眼镜,博士眼镜：会计师事务所选聘制度（2025年10月）,2025-10-30,http://static.cninfo.com.cn/finalpage/2025-10-30/1224757441.PDF,1224757441,会计师事务所
300911,亿田智能,亿田智能：《会计师事务所选聘制度》,2025-10-30,http://static.cninfo.com.cn/finalpage/2025-10-30/1224757759.PDF,1224757759,会计师事务所
301129,瑞纳智能,瑞纳智能：会计师事务所选聘管理制度（2025年10月）,2025-10-30,http://static.cninfo.com.cn/finalpage/2025-10-30/1224757893.PDF,1224757893,会计师事务所
301151,冠龙节能,冠龙节能：关于续聘公司2025年度会计师事务所的公告,2025-10-30,http://static.cninfo.com.cn/finalpage/2025-10-30/1224758660.PDF,1224758660,会计师事务所
301225,恒勃股份,恒勃股份：会计师事务所选聘制度（2025年10月）,2025-10-30,http://static.cninfo.com.cn/finalpage/2025-10-30/1224759250.PDF,1224759250,会计师事务所
603890,春秋电子,春秋电子：会计师事务所选聘制度（2025年10月）,2025-10-30,http://static.cninfo.com.cn/finalpage/2025-10-30/1224761658.PDF,1224761658,会计师事务所
603678,火炬电子,火炬电子：火炬电子会计师事务所选聘制度,2025-10-30,http://static.cninfo.com.cn/finalpage/2025-10-30/1224759948.PDF,1224759948,会计师事务所
600376,首开股份,首开股份：首开股份关于续聘天健会计师事务所（特殊普通合伙）为公司2025年度审计机构的公告,2025-10-30,http://static.cninfo.com.cn/finalpage/2025-10-30/1224762168.PDF,1224762168,会计师事务所
601099,太平洋,太平洋：太平洋证券股份有限公司会计师事务所选聘制度（2025年修订）,2025-10-30,http://static.cninfo.com.cn/finalpage/2025-10-30/1224761244.PDF,1224761244,会计师事务所
601500,通用股份,通用股份：江苏通用科技股份有限公司关于变更会计师事务所的公告,2025-10-30,http://static.cninfo.com.cn/finalpage/2025-10-30/1224761510.PDF,1224761510,会计师事务所
600162,香江控股,香江控股：香江控股关于续聘会计师事务所的公告,2025-10-30,http://static.cninfo.com.cn/finalpage/2025-10-30/1224763626.PDF,1224763626,会计师事务所
000066,中国长城,中国长城：关于拟续聘会计师事务所的公告,2025-10-30,http://static.cninfo.com.cn/finalpage/2025-10-30/1224761437.PDF,1224761437,会计师事务所
002130,沃尔核材,沃尔核材：关于续聘会计师事务所的公告,2025-10-30,http://static.cninfo.com.cn/finalpage/2025-10-30/1224760349.PDF,1224760349,会计师事务所
301555,惠柏新材,惠柏新材：会计师事务所选聘制度,2025-10-30,http://static.cninfo.com.cn/finalpage/2025-10-30/1224760694.PDF,1224760694,会计师事务所
301468,博盈特焊,博盈特焊：广东博盈特焊技术股份有限公司会计师事务所选聘制度,2025-10-30,http://static.cninfo.com.cn/finalpage/2025-10-30/1224761017.PDF,1224761017,会计师事务所
688093,世华科技,世华科技：苏州世华新材料科技股份有限公司会计师事务所选聘管理办法,2025-10-30,http://static.cninfo.com.cn/finalpage/2025-10-30/1224765050.PDF,1224765050,会计师事务所
603170,宝立食品,宝立食品：会计师事务所选聘制度（2025年10月修订）,2025-10-30,http://static.cninfo.com.cn/finalpage/2025-10-30/1224765114.PDF,1224765114,会计师事务所
603029,天鹅股份,天鹅股份：山东天鹅棉业机械股份有限公司关于续聘会计师事务所的公告,2025-10-30,http://static.cninfo.com.cn/finalpage/2025-10-30/1224764827.PDF,1224764827,会计师事务所
688105,诺唯赞,诺唯赞：《会计师事务所选聘制度》（2025年10月）,2025-10-30,http://static.cninfo.com.cn/finalpage/2025-10-30/1224764967.PDF,1224764967,会计师事务所
300267,尔康制药,尔康制药：会计师事务所选聘制度,2025-10-30,http://static.cninfo.com.cn/finalpage/2025-10-30/1224763399.PDF,1224763399,会计师事务所
300554,三超新材,三超新材：会计师事务所选聘制度（2025年10月）,2025-10-30,http://static.cninfo.com.cn/finalpage/2025-10-30/1224761095.PDF,1224761095,会计师事务所
002228,合兴包装,合兴包装：会计师事务所选聘制度（2025年10月）,2025-10-30,http://static.cninfo.com.cn/finalpage/2025-10-30/1224762303.PDF,1224762303,会计师事务所
300436,广生堂,广生堂：会计师事务所选聘制度（2025年10月）,2025-10-30,http://static.cninfo.com.cn/finalpage/2025-10-30/1224762723.PDF,1224762723,会计师事务所
300815,玉禾田,玉禾田：公司会计师事务所选聘制度（2025年10月）,2025-10-30,http://static.cninfo.com.cn/finalpage/2025-10-30/1224762778.PDF,1224762778,会计师事务所
002012,凯恩股份,凯恩股份：会计师事务所选聘制度,2025-10-30,http://static.cninfo.com.cn/finalpage/2025-10-30/1224763145.PDF,1224763145,会计师事务所
300266,兴源环境,兴源环境：关于2025年度拟续聘会计师事务所的公告,2025-10-30,http://static.cninfo.com.cn/finalpage/2025-10-30/1224761758.PDF,1224761758,会计师事务所
300977,深圳瑞捷,深圳瑞捷：关于拟续聘会计师事务所的公告,2025-10-30,http://static.cninfo.com.cn/finalpage/2025-10-30/1224763528.PDF,1224763528,会计师事务所
600536,中国软件,中国软件：中国软件续聘会计师事务所公告,2025-10-30,http://static.cninfo.com.cn/finalpage/2025-10-30/1224766696.PDF,1224766696,会计师事务所
603297,永新光学,永新光学：宁波永新光学股份有限公司会计师事务所选聘制度(2025年10月）,2025-10-30,http://static.cninfo.com.cn/finalpage/2025-10-30/1224767740.PDF,1224767740,会计师事务所
688526,科前生物,科前生物：武汉科前生物股份有限公司会计师事务所选聘管理办法,2025-10-30,http://static.cninfo.com.cn/finalpage/2025-10-30/1224767095.PDF,1224767095,会计师事务所
688480,赛恩斯,赛恩斯：天健会计师事务所（特殊普通合伙）关于赛恩斯环保股份有限公司前次募集资金使用情况的鉴证报告,2025-10-30,http://static.cninfo.com.cn/finalpage/2025-10-30/1224767129.PDF,1224767129,会计师事务所
300288,朗玛信息,朗玛信息：关于续聘会计师事务所的公告,2025-10-30,http://static.cninfo.com.cn/finalpage/2025-10-30/1224767547.PDF,1224767547,会计师事务所
300166,东方国信,东方国信：会计师事务所选聘管理制度（2025年10月）,2025-10-30,http://static.cninfo.com.cn/finalpage/2025-10-30/1224766472.PDF,1224766472,会计师事务所
002550,千红制药,千红制药：千红制药：会计师事务所选聘管理制度（2025年10月）,2025-10-30,http://static.cninfo.com.cn/finalpage/2025-10-30/1224760306.PDF,1224760306,会计师事务所
603230,内蒙新华,内蒙新华：内蒙古新华发行集团股份有限公司关于续聘会计师事务所的公告,2025-10-30,http://static.cninfo.com.cn/finalpage/2025-10-30/1224768108.PDF,1224768108,会计师事务所
600881,亚泰集团,亚泰集团：吉林亚泰（集团）股份有限公司关于聘任会计师事务所的公告,2025-10-30,http://static.cninfo.com.cn/finalpage/2025-10-30/1224768144.PDF,1224768144,会计师事务所
301377,鼎泰高科,鼎泰高科：关于续聘2025年度会计师事务所的公告,2025-10-30,http://static.cninfo.com.cn/finalpage/2025-10-30/1224768280.PDF,1224768280,会计师事务所
920876,慧为智能,[临时公告]慧为智能:拟续聘2025年度会计师事务所公告,2025-10-30,http://static.cninfo.com.cn/finalpage/2025-10-30/1224771753.PDF,1224771753,会计师事务所
300522,世名科技,世名科技：苏州世名科技股份有限公司会计师事务所选聘制度,2025-10-30,http://static.cninfo.com.cn/finalpage/2025-10-30/1224762366.PDF,1224762366,会计师事务所
002798,帝欧水华,帝欧水华：选聘会计师事务所专项制度（2025年10月修订）,2025-10-30,http://static.cninfo.com.cn/finalpage/2025-10-30/1224762656.PDF,1224762656,会计师事务所
002798,帝欧水华,帝欧水华：关于续聘会计师事务所的公告,2025-10-30,http://static.cninfo.com.cn/finalpage/2025-10-30/1224762680.PDF,1224762680,会计师事务所
300844,山水比德,山水比德：会计师事务所选聘制度（2025年10月修订）,2025-10-30,http://static.cninfo.com.cn/finalpage/2025-10-30/1224762999.PDF,1224762999,会计师事务所
000541,佛山照明,佛山照明：关于续聘2025年度会计师事务所的公告,2025-10-30,http://static.cninfo.com.cn/finalpage/2025-10-30/1224761725.PDF,1224761725,会计师事务所
603194,中力股份,中力股份：《会计师事务所选聘制度》,2025-10-30,http://static.cninfo.com.cn/finalpage/2025-10-30/1224763942.PDF,1224763942,会计师事务所
300236,上海新阳,上海新阳：会计师事务所选聘制度（2025年10月修订）,2025-10-30,http://static.cninfo.com.cn/finalpage/2025-10-30/1224761166.PDF,1224761166,会计师事务所
603118,共进股份,共进股份：关于续聘会计师事务所的公告,2025-10-30,http://static.cninfo.com.cn/finalpage/2025-10-30/1224759891.PDF,1224759891,会计师事务所
300723,一品红,一品红：会计师事务所选聘制度（2025年10月）,2025-10-30,http://static.cninfo.com.cn/finalpage/2025-10-30/1224759005.PDF,1224759005,会计师事务所
301087,可孚医疗,可孚医疗：关于拟变更会计师事务所的公告,2025-10-30,http://static.cninfo.com.cn/finalpage/2025-10-30/1224759274.PDF,1224759274,会计师事务所
002975,博杰股份,博杰股份：珠海博杰电子股份有限公司会计师事务所选聘制度,2025-10-30,http://static.cninfo.com.cn/finalpage/2025-10-30/1224758681.PDF,1224758681,会计师事务所
002668,TCL智家,TCL智家：会计师事务所选聘制度,2025-10-30,http://static.cninfo.com.cn/finalpage/2025-10-30/1224763309.PDF,1224763309,会计师事务所
002238,天威视讯,天威视讯：深圳市天威视讯股份有限公司《会计师事务所选聘制度》（2025年10月29日经公司2025年第二次临时股东大会审议通过）,2025-10-30,http://static.cninfo.com.cn/finalpage/2025-10-30/1224768351.PDF,1224768351,会计师事务所
605286,同力日升,同力日升：会计师事务所选聘制度,2025-10-30,http://static.cninfo.com.cn/finalpage/2025-10-30/1224764239.PDF,1224764239,会计师事务所
002069,獐子岛,獐子岛：关于拟续聘会计师事务所的公告,2025-10-30,http://static.cninfo.com.cn/finalpage/2025-10-30/1224760260.PDF,1224760260,会计师事务所
002456,欧菲光,欧菲光：关于续聘会计师事务所的公告,2025-10-30,http://static.cninfo.com.cn/finalpage/2025-10-30/1224764311.PDF,1224764311,会计师事务所
688246,嘉和美康,嘉和美康：会计师事务所选聘制度,2025-10-30,http://static.cninfo.com.cn/finalpage/2025-10-30/1224764738.PDF,1224764738,会计师事务所
002214,*ST大立,*ST大立：浙江大立科技股份有限公司会计师事务所选聘制度,2025-10-30,http://static.cninfo.com.cn/finalpage/2025-10-30/1224760412.PDF,1224760412,会计师事务所
300255,常山药业,常山药业：会计师事务所选聘制度,2025-10-30,http://static.cninfo.com.cn/finalpage/2025-10-30/1224758297.PDF,1224758297,会计师事务所
600645,中源协和,中源协和：中源协和细胞基因工程股份有限公司关于续聘会计师事务所的公告,2025-10-30,http://static.cninfo.com.cn/finalpage/2025-10-30/1224766922.PDF,1224766922,会计师事务所
300335,迪森股份,迪森股份：会计师事务所选聘制度（2025年10月）,2025-10-30,http://static.cninfo.com.cn/finalpage/2025-10-30/1224764463.PDF,1224764463,会计师事务所
920402,硅烷科技,[临时公告]硅烷科技:拟变更2025年度会计师事务所公告,2025-10-30,http://static.cninfo.com.cn/finalpage/2025-10-30/1224777598.PDF,1224777598,会计师事务所
301338,凯格精机,凯格精机：关于续聘2025年度会计师事务所的公告,2025-10-30,http://static.cninfo.com.cn/finalpage/2025-10-30/1224758164.PDF,1224758164,会计师事务所
301139,元道通信,元道通信：会计师事务所选聘制度,2025-10-30,http://static.cninfo.com.cn/finalpage/2025-10-30/1224766417.PDF,1224766417,会计师事务所
688718,唯赛勃,唯赛勃：唯赛勃关于续聘会计师事务所的公告,2025-10-30,http://static.cninfo.com.cn/finalpage/2025-10-30/1224758728.PDF,1224758728,会计师事务所
601216,君正集团,君正集团：君正集团关于续聘会计师事务所的公告,2025-10-30,http://static.cninfo.com.cn/finalpage/2025-10-30/1224758971.PDF,1224758971,会计师事务所
301131,聚赛龙,聚赛龙：关于续聘2025年度会计师事务所的公告,2025-10-30,http://static.cninfo.com.cn/finalpage/2025-10-30/1224758842.PDF,1224758842,会计师事务所
600776,东方通信,东方通信：东方通信股份有限公司关于变更会计师事务所的公告,2025-10-30,http://static.cninfo.com.cn/finalpage/2025-10-30/1224758496.PDF,1224758496,会计师事务所
600210,紫江企业,紫江企业：上海紫江企业集团股份有限公司会计师事务所选聘制度,2025-10-30,http://static.cninfo.com.cn/finalpage/2025-10-30/1224759113.PDF,1224759113,会计师事务所
002493,荣盛石化,荣盛石化：会计师事务所选聘管理制度（2025年10月）,2025-10-30,http://static.cninfo.com.cn/finalpage/2025-10-30/1224767796.PDF,1224767796,会计师事务所
603618,杭电股份,杭电股份：杭电股份：会计师事务所选聘制度（2025年10月）,2025-10-30,http://static.cninfo.com.cn/finalpage/2025-10-30/1224765989.PDF,1224765989,会计师事务所
603933,睿能科技,睿能科技：睿能科技会计师事务所选聘制度（2025年10月）,2025-10-30,http://static.cninfo.com.cn/finalpage/2025-10-30/1224765687.PDF,1224765687,会计师事务所
300739,明阳电路,明阳电路：会计师事务所选聘制度（2025年10月）,2025-10-30,http://static.cninfo.com.cn/finalpage/2025-10-30/1224759806.PDF,1224759806,会计师事务所
301043,绿岛风,绿岛风：会计师事务所选聘制度（2025年10月）,2025-10-30,http://static.cninfo.com.cn/finalpage/2025-10-30/1224759194.PDF,1224759194,会计师事务所
300503,昊志机电,昊志机电：选聘会计师事务所专项制度,2025-10-30,http://static.cninfo.com.cn/finalpage/2025-10-30/1224758857.PDF,1224758857,会计师事务所
300394,天孚通信,天孚通信：会计师事务所选聘制度,2025-10-30,http://static.cninfo.com.cn/finalpage/2025-10-30/1224765957.PDF,1224765957,会计师事务所
605117,德业股份,德业股份：会计师事务所选聘制度（2025年10月修订）,2025-10-30,http://static.cninfo.com.cn/finalpage/2025-10-30/1224768230.PDF,1224768230,会计师事务所
605488,福莱新材,福莱新材：天健会计师事务所（特殊普通合伙）关于浙江福莱新材料股份有限公司向特定对象发行股票的财务报告及审计报告,2025-10-30,http://static.cninfo.com.cn/finalpage/2025-10-30/1224761932.PDF,1224761932,会计师事务所
688656,浩欧博,浩欧博：江苏浩欧博生物医药股份有限公司会计师事务所选聘制度,2025-10-30,http://static.cninfo.com.cn/finalpage/2025-10-30/1224762179.PDF,1224762179,会计师事务所
600498,烽火通信,烽火通信：烽火通信科技股份有限公司关于续聘会计师事务所的公告,2025-10-30,http://static.cninfo.com.cn/finalpage/2025-10-30/1224762216.PDF,1224762216,会计师事务所
601089,福元医药,福元医药：北京福元医药股份有限公司会计师事务所选聘制度（2025年10月修订）,2025-10-30,http://static.cninfo.com.cn/finalpage/2025-10-30/1224762819.PDF,1224762819,会计师事务所
600479,千金药业,千金药业：千金药业会计师事务所选聘制度（2025年10月修订）,2025-10-30,http://static.cninfo.com.cn/finalpage/2025-10-30/1224762881.PDF,1224762881,会计师事务所
603036,如通股份,如通股份：如通股份会计师事务所选聘制度（2025年10月）,2025-10-30,http://static.cninfo.com.cn/finalpage/2025-10-30/1224760025.PDF,1224760025,会计师事务所
920367,新赣江,[临时公告]新赣江:拟续聘2025年度会计师事务所公告,2025-10-30,http://static.cninfo.com.cn/finalpage/2025-10-30/1224776879.PDF,1224776879,会计师事务所
300834,星辉环材,星辉环材：会计师事务所选聘制度,2025-10-30,http://static.cninfo.com.cn/finalpage/2025-10-30/1224759862.PDF,1224759862,会计师事务所
600162,香江控股,香江控股：香江控股会计师事务所选聘制度（20251029）,2025-10-30,http://static.cninfo.com.cn/finalpage/2025-10-30/1224763624.PDF,1224763624,会计师事务所
603898,好莱客,好莱客：广州好莱客创意家居股份有限公司关于续聘会计师事务所的公告,2025-10-30,http://static.cninfo.com.cn/finalpage/2025-10-30/1224762901.PDF,1224762901,会计师事务所
300776,帝尔激光,帝尔激光：会计师事务所选聘制度,2025-10-30,http://static.cninfo.com.cn/finalpage/2025-10-30/1224760217.PDF,1224760217,会计师事务所
600760,中航沈飞,中航沈飞：中航沈飞股份有限公司关于续聘会计师事务所的公告,2025-10-30,http://static.cninfo.com.cn/finalpage/2025-10-30/1224764690.PDF,1224764690,会计师事务所
600358,ST联合,ST联合：国旅文化投资集团股份有限公司关于公司续聘2025年度财务决算和内控审计会计师事务所的公告,2025-10-30,http://static.cninfo.com.cn/finalpage/2025-10-30/1224764713.PDF,1224764713,会计师事务所
600702,舍得酒业,舍得酒业：舍得酒业会计师事务所选聘制度（2025年10月修订）,2025-10-30,http://static.cninfo.com.cn/finalpage/2025-10-30/1224766946.PDF,1224766946,会计师事务所
002021,中捷资源,中捷资源：会计师事务所选聘制度,2025-10-30,http://static.cninfo.com.cn/finalpage/2025-10-30/1224764560.PDF,1224764560,会计师事务所
002956,西麦食品,西麦食品：关于拟续聘会计师事务所的公告,2025-10-30,http://static.cninfo.com.cn/finalpage/2025-10-30/1224764360.PDF,1224764360,会计师事务所
300780,德恩精工,德恩精工：关于拟变更会计师事务所的公告,2025-10-30,http://static.cninfo.com.cn/finalpage/2025-10-30/1224764057.PDF,1224764057,会计师事务所
300525,博思软件,博思软件：会计师事务所选聘制度（2025年10月）,2025-10-30,http://static.cninfo.com.cn/finalpage/2025-10-30/1224764781.PDF,1224764781,会计师事务所
301262,海看股份,海看股份：关于拟变更会计师事务所的公告,2025-10-30,http://static.cninfo.com.cn/finalpage/2025-10-30/1224764806.PDF,1224764806,会计师事务所
688480,赛恩斯,赛恩斯：天健会计师事务所（特殊普通合伙）关于赛恩斯环保股份有限公司前次募集资金使用情况的鉴证报告,2025-10-30,http://static.cninfo.com.cn/finalpage/2025-10-30/1224767138.PDF,1224767138,会计师事务所
605180,华生科技,华生科技：会计师事务所选聘制度（2025年11月）,2025-10-30,http://static.cninfo.com.cn/finalpage/2025-10-30/1224767763.PDF,1224767763,会计师事务所
603176,汇通集团,汇通集团：汇通集团会计师事务所选聘制度,2025-10-30,http://static.cninfo.com.cn/finalpage/2025-10-30/1224767420.PDF,1224767420,会计师事务所
300467,迅游科技,迅游科技：会计师事务所选聘制度（2025年10月修订）,2025-10-30,http://static.cninfo.com.cn/finalpage/2025-10-30/1224765584.PDF,1224765584,会计师事务所
002413,雷科防务,雷科防务：关于聘任会计师事务所的公告,2025-10-30,http://static.cninfo.com.cn/finalpage/2025-10-30/1224768609.PDF,1224768609,会计师事务所
920185,贝特瑞,[临时公告]贝特瑞:会计师事务所选聘制度,2025-10-30,http://static.cninfo.com.cn/finalpage/2025-10-30/1224778060.PDF,1224778060,会计师事务所
920575,康乐卫士,[临时公告]康乐卫士:拟变更2025年度会计师事务所公告,2025-10-30,http://static.cninfo.com.cn/finalpage/2025-10-30/1224778966.PDF,1224778966,会计师事务所
688205,德科立,德科立：无锡市德科立光电子技术股份有限公司关于变更会计师事务所的公告,2025-10-30,http://static.cninfo.com.cn/finalpage/2025-10-30/1224765473.PDF,1224765473,会计师事务所
300137,ST先河,ST先河：会计师事务所选聘制度,2025-10-30,http://static.cninfo.com.cn/finalpage/2025-10-30/1224760547.PDF,1224760547,会计师事务所
688159,有方科技,有方科技：有方科技：会计师事务所选聘制度,2025-10-30,http://static.cninfo.com.cn/finalpage/2025-10-30/1224764863.PDF,1224764863,会计师事务所
688159,有方科技,有方科技：有方科技：关于续聘会计师事务所的公告,2025-10-30,http://static.cninfo.com.cn/finalpage/2025-10-30/1224764878.PDF,1224764878,会计师事务所
300895,铜牛信息,铜牛信息：关于拟续聘2025年度会计师事务所的公告,2025-10-30,http://static.cninfo.com.cn/finalpage/2025-10-30/1224761004.PDF,1224761004,会计师事务所
688486,龙迅股份,龙迅股份：龙迅股份关于续聘会计师事务所的公告,2025-10-30,http://static.cninfo.com.cn/finalpage/2025-10-30/1224765293.PDF,1224765293,会计师事务所
301668,昊创瑞通,昊创瑞通：北京昊创瑞通电气设备股份有限公司会计师事务所选聘制度,2025-10-30,http://static.cninfo.com.cn/finalpage/2025-10-30/1224766286.PDF,1224766286,会计师事务所
300378,鼎捷数智,鼎捷数智：会计师事务所选聘制度（2025年10月）,2025-10-30,http://static.cninfo.com.cn/finalpage/2025-10-30/1224766434.PDF,1224766434,会计师事务所
001287,中电港,中电港：会计师事务所选聘制度（2025年10月）,2025-10-30,http://static.cninfo.com.cn/finalpage/2025-10-30/1224763795.PDF,1224763795,会计师事务所
003025,思进智能,思进智能：思进智能成形装备股份有限公司会计师事务所选聘制度（2025年10月）,2025-10-30,http://static.cninfo.com.cn/finalpage/2025-10-30/1224764603.PDF,1224764603,会计师事务所
603860,中公高科,中公高科：中公高科关于续聘会计师事务所的公告,2025-10-30,http://static.cninfo.com.cn/finalpage/2025-10-30/1224767439.PDF,1224767439,会计师事务所
002548,金新农,金新农：会计师事务所选聘制度（2025年10月修订）,2025-10-30,http://static.cninfo.com.cn/finalpage/2025-10-30/1224760374.PDF,1224760374,会计师事务所
002642,荣联科技,荣联科技：关于拟续聘会计师事务所的公告,2025-10-30,http://static.cninfo.com.cn/finalpage/2025-10-30/1224767058.PDF,1224767058,会计师事务所
920575,康乐卫士,[临时公告]康乐卫士:会计师事务所选聘制度（2025年制定）,2025-10-30,http://static.cninfo.com.cn/finalpage/2025-10-30/1224778972.PDF,1224778972,会计师事务所
688320,禾川科技,禾川科技：浙江禾川科技股份有限公司会计师事务所选聘制度,2025-10-30,http://static.cninfo.com.cn/finalpage/2025-10-30/1224758810.PDF,1224758810,会计师事务所
603991,至正股份,至正股份：至正股份关于聘任2025年度会计师事务所的公告,2025-10-30,http://static.cninfo.com.cn/finalpage/2025-10-30/1224759130.PDF,1224759130,会计师事务所
002702,海欣食品,海欣食品：会计师事务所选聘制度（2025年10月）,2025-10-30,http://static.cninfo.com.cn/finalpage/2025-10-30/1224757988.PDF,1224757988,会计师事务所
301087,可孚医疗,可孚医疗：会计师事务所选聘制度,2025-10-30,http://static.cninfo.com.cn/finalpage/2025-10-30/1224759273.PDF,1224759273,会计师事务所
301510,固高科技,固高科技：关于续聘会计师事务所的公告,2025-10-30,http://static.cninfo.com.cn/finalpage/2025-10-30/1224758933.PDF,1224758933,会计师事务所
603118,共进股份,共进股份：深圳市共进电子股份有限公司会计师事务所选聘制度（2025年10月）,2025-10-30,http://static.cninfo.com.cn/finalpage/2025-10-30/1224759905.PDF,1224759905,会计师事务所
688800,瑞可达,瑞可达：会计师事务所选聘制度,2025-10-30,http://static.cninfo.com.cn/finalpage/2025-10-30/1224762053.PDF,1224762053,会计师事务所
603212,赛伍技术,赛伍技术：会计师事务所选聘制度（2025年10月修订）,2025-10-30,http://static.cninfo.com.cn/finalpage/2025-10-30/1224762908.PDF,1224762908,会计师事务所
688533,上声电子,上声电子：信永中和会计师事务所（特殊普通合伙）关于苏州上声电子股份有限公司向不特定对象发行可转换公司债券申请文件的审核问询函的回复,2025-10-30,http://static.cninfo.com.cn/finalpage/2025-10-30/1224762554.PDF,1224762554,会计师事务所
600335,国机汽车,国机汽车：国机汽车关于续聘会计师事务所的公告,2025-10-30,http://static.cninfo.com.cn/finalpage/2025-10-30/1224762567.PDF,1224762567,会计师事务所
688630,芯碁微装,芯碁微装：会计师事务所选聘制度（H股适用）,2025-10-30,http://static.cninfo.com.cn/finalpage/2025-10-30/1224764475.PDF,1224764475,会计师事务所
300149,睿智医药,睿智医药：关于续聘会计师事务所的公告,2025-10-30,http://static.cninfo.com.cn/finalpage/2025-10-30/1224763414.PDF,1224763414,会计师事务所
603609,禾丰股份,禾丰股份：禾丰股份会计师事务所选聘制度（2025年10月修订）,2025-10-30,http://static.cninfo.com.cn/finalpage/2025-10-30/1224764096.PDF,1224764096,会计师事务所
603180,金牌家居,金牌家居：金牌厨柜家居科技股份有限公司会计师事务所选聘制度（2025年10月修订）,2025-10-30,http://static.cninfo.com.cn/finalpage/2025-10-30/1224764181.PDF,1224764181,会计师事务所
600778,友好集团,友好集团：友好集团会计师事务所选聘制度（2025年10月制定）,2025-10-30,http://static.cninfo.com.cn/finalpage/2025-10-30/1224765828.PDF,1224765828,会计师事务所
300007,汉威科技,汉威科技：会计师事务所选聘制度（2025年10月）,2025-10-30,http://static.cninfo.com.cn/finalpage/2025-10-30/1224764042.PDF,1224764042,会计师事务所
603290,斯达半导,斯达半导：立信会计师事务所（特殊普通合伙）关于斯达半导体股份有限公司向不特定对象发行可转换公司债券的财务报告及审计报告,2025-10-30,http://static.cninfo.com.cn/finalpage/2025-10-30/1224767669.PDF,1224767669,会计师事务所
600229,城市传媒,城市传媒：青岛城市传媒股份有限公司会计师事务所选聘制度（2025年10月）,2025-10-30,http://static.cninfo.com.cn/finalpage/2025-10-30/1224767881.PDF,1224767881,会计师事务所
002357,富临运业,富临运业：《会计师事务所选聘制度（2025年10月修订）》,2025-10-30,http://static.cninfo.com.cn/finalpage/2025-10-30/1224767619.PDF,1224767619,会计师事务所
002996,顺博合金,顺博合金：会计师事务所选聘制度,2025-10-30,http://static.cninfo.com.cn/finalpage/2025-10-30/1224766852.PDF,1224766852,会计师事务所
002178,延华智能,延华智能：关于拟续聘会计师事务所的公告,2025-10-30,http://static.cninfo.com.cn/finalpage/2025-10-30/1224767370.PDF,1224767370,会计师事务所
000900,现代投资,现代投资：选聘会计师事务所管理办法,2025-10-30,http://static.cninfo.com.cn/finalpage/2025-10-30/1224767584.PDF,1224767584,会计师事务所
920402,硅烷科技,[临时公告]硅烷科技:会计师事务所选聘制度,2025-10-30,http://static.cninfo.com.cn/finalpage/2025-10-30/1224777603.PDF,1224777603,会计师事务所
301001,凯淳股份,凯淳股份：会计师事务所选聘制度（2025年10月）,2025-10-30,http://static.cninfo.com.cn/finalpage/2025-10-30/1224758612.PDF,1224758612,会计师事务所
002012,凯恩股份,凯恩股份：关于拟续聘会计师事务所的公告,2025-10-30,http://static.cninfo.com.cn/finalpage/2025-10-30/1224763167.PDF,1224763167,会计师事务所
300895,铜牛信息,铜牛信息：会计师事务所选聘办法,2025-10-30,http://static.cninfo.com.cn/finalpage/2025-10-30/1224760978.PDF,1224760978,会计师事务所
000801,四川九洲,四川九洲：四川九洲电器股份有限公司关于续聘会计师事务所的公告,2025-10-30,http://static.cninfo.com.cn/finalpage/2025-10-30/1224763238.PDF,1224763238,会计师事务所
300846,首都在线,首都在线：关于拟续聘会计师事务所的公告,2025-10-30,http://static.cninfo.com.cn/finalpage/2025-10-30/1224761907.PDF,1224761907,会计师事务所
002368,太极股份,太极股份：关于拟聘任会计师事务所的公告,2025-10-30,http://static.cninfo.com.cn/finalpage/2025-10-30/1224759768.PDF,1224759768,会计师事务所
603351,威尔药业,威尔药业：会计师事务所选聘制度（2025年10月）,2025-10-30,http://static.cninfo.com.cn/finalpage/2025-10-30/1224761654.PDF,1224761654,会计师事务所
603898,好莱客,好莱客：会计师事务所选聘制度（2025年10月）,2025-10-30,http://static.cninfo.com.cn/finalpage/2025-10-30/1224762943.PDF,1224762943,会计师事务所
605589,圣泉集团,圣泉集团：信永中和会计师事务所(特殊普通合伙)关于济南圣泉集团股份有限公司向不特定对象发行可转换公司债券的财务报告及审计报告,2025-10-30,http://static.cninfo.com.cn/finalpage/2025-10-30/1224761948.PDF,1224761948,会计师事务所
300151,昌红科技,昌红科技：会计师事务所选聘制度（2025年10月）,2025-10-30,http://static.cninfo.com.cn/finalpage/2025-10-30/1224765619.PDF,1224765619,会计师事务所
603125,常青科技,常青科技：上会会计师事务所（特殊普通合伙）关于江苏常青树新材料科技股份有限公司向不特定对象发行可转换公司债券的财务报告及审计报告,2025-10-30,http://static.cninfo.com.cn/finalpage/2025-10-30/1224768539.PDF,1224768539,会计师事务所
300501,海顺新材,海顺新材：上海海顺新型药用包装材料股份有限公司会计师事务所选聘制度,2025-10-30,http://static.cninfo.com.cn/finalpage/2025-10-30/1224758210.PDF,1224758210,会计师事务所
002685,华东重机,华东重机：关于聘任会计师事务所的公告,2025-10-30,http://static.cninfo.com.cn/finalpage/2025-10-30/1224758031.PDF,1224758031,会计师事务所
603726,朗迪集团,朗迪集团：会计师事务所选聘制度（2025年10月修订）,2025-10-30,http://static.cninfo.com.cn/finalpage/2025-10-30/1224758065.PDF,1224758065,会计师事务所
600119,长江投资,长江投资：长江投资：关于续聘会计师事务所的公告,2025-10-30,http://static.cninfo.com.cn/finalpage/2025-10-30/1224757931.PDF,1224757931,会计师事务所
300879,大叶股份,大叶股份：会计师事务所选聘制度,2025-10-30,http://static.cninfo.com.cn/finalpage/2025-10-30/1224757788.PDF,1224757788,会计师事务所
301177,迪阿股份,迪阿股份：《会计师事务所选聘制度》（2025年10月修订）,2025-10-30,http://static.cninfo.com.cn/finalpage/2025-10-30/1224763479.PDF,1224763479,会计师事务所
002453,华软科技,华软科技：关于拟续聘会计师事务所的公告,2025-10-30,http://static.cninfo.com.cn/finalpage/2025-10-30/1224764820.PDF,1224764820,会计师事务所
002956,西麦食品,西麦食品：会计师事务所选聘制度,2025-10-30,http://static.cninfo.com.cn/finalpage/2025-10-30/1224764354.PDF,1224764354,会计师事务所
600328,中盐化工,中盐化工：中盐化工关于续聘会计师事务所的公告,2025-10-30,http://static.cninfo.com.cn/finalpage/2025-10-30/1224759597.PDF,1224759597,会计师事务所
601518,吉林高速,吉林高速：吉林高速公路股份有限公司关于变更公司会计师事务所的公告,2025-10-30,http://static.cninfo.com.cn/finalpage/2025-10-30/1224759640.PDF,1224759640,会计师事务所
002600,领益智造,领益智造：关于拟续聘会计师事务所的公告,2025-10-30,http://static.cninfo.com.cn/finalpage/2025-10-30/1224767003.PDF,1224767003,会计师事务所
001323,慕思股份,慕思股份：会计师事务所选聘制度（2025年10月）,2025-10-30,http://static.cninfo.com.cn/finalpage/2025-10-30/1224766622.PDF,1224766622,会计师事务所
300702,天宇股份,天宇股份：浙江天宇药业股份有限公司会计师事务所选聘制度,2025-10-30,http://static.cninfo.com.cn/finalpage/2025-10-30/1224764911.PDF,1224764911,会计师事务所
300137,ST先河,ST先河：关于拟续聘会计师事务所的公告,2025-10-30,http://static.cninfo.com.cn/finalpage/2025-10-30/1224760566.PDF,1224760566,会计师事务所
300043,星辉娱乐,星辉娱乐：关于拟续聘会计师事务所的公告,2025-10-30,http://static.cninfo.com.cn/finalpage/2025-10-30/1224760161.PDF,1224760161,会计师事务所
603398,*ST沐邦,*ST沐邦：江西沐邦高科股份有限公司关于续聘会计师事务所的公告,2025-10-30,http://static.cninfo.com.cn/finalpage/2025-10-30/1224763967.PDF,1224763967,会计师事务所
301638,南网数字,南网数字：立信会计师事务所（特殊普通合伙）关于公司首次公开发行股票并在创业板上市的财务报告及审计报告,2025-10-30,http://static.cninfo.com.cn/finalpage/2025-10-30/1224767317.PDF,1224767317,会计师事务所
300132,青松股份,青松股份：会计师事务所选聘制度（2025年10月制定）,2025-10-29,http://static.cninfo.com.cn/finalpage/2025-10-29/1224766302.PDF,1224766302,会计师事务所
300389,艾比森,艾比森：会计师事务所选聘制度（2025年10月）,2025-10-29,http://static.cninfo.com.cn/finalpage/2025-10-29/1224757454.PDF,1224757454,会计师事务所
300473,德尔股份,德尔股份：众华会计师事务所（特殊普通合伙）关于深圳证券交易所《关于阜新德尔汽车部件股份有限公司发行股份购买资产并募集配套资金申请的审核问询函》之回复（修订稿）,2025-10-29,http://static.cninfo.com.cn/finalpage/2025-10-29/1224749476.PDF,1224749476,会计师事务所
300026,红日药业,红日药业：关于拟续聘会计师事务所的公告,2025-10-29,http://static.cninfo.com.cn/finalpage/2025-10-29/1224749725.PDF,1224749725,会计师事务所
001308,康冠科技,康冠科技：康冠科技：会计师事务所选聘制度（2025年10月）,2025-10-29,http://static.cninfo.com.cn/finalpage/2025-10-29/1224751458.PDF,1224751458,会计师事务所
601368,绿城水务,绿城水务：广西绿城水务集团股份有限公司关于变更会计师事务所的公告,2025-10-29,http://static.cninfo.com.cn/finalpage/2025-10-29/1224752910.PDF,1224752910,会计师事务所
603755,日辰股份,日辰股份：青岛日辰食品股份有限公司关于变更会计师事务所的公告,2025-10-29,http://static.cninfo.com.cn/finalpage/2025-10-29/1224752933.PDF,1224752933,会计师事务所
002123,梦网科技,梦网科技：会计师事务所选聘制度,2025-10-29,http://static.cninfo.com.cn/finalpage/2025-10-29/1224751608.PDF,1224751608,会计师事务所
300861,美畅股份,美畅股份：关于续聘会计师事务所的公告,2025-10-29,http://static.cninfo.com.cn/finalpage/2025-10-29/1224755591.PDF,1224755591,会计师事务所
300153,科泰电源,科泰电源：会计师事务所选聘制度（2025年10月）,2025-10-29,http://static.cninfo.com.cn/finalpage/2025-10-29/1224755638.PDF,1224755638,会计师事务所
002215,诺 普 信,诺 普 信：会计师事务所选聘制度（2025年）,2025-10-29,http://static.cninfo.com.cn/finalpage/2025-10-29/1224755269.PDF,1224755269,会计师事务所
688439,振华风光,振华风光：贵州振华风光半导体股份有限公司关于续聘会计师事务所的公告,2025-10-29,http://static.cninfo.com.cn/finalpage/2025-10-29/1224756061.PDF,1224756061,会计师事务所
600322,津投城开,津投城开：中喜会计师事务所（特殊普通合伙）关于天津津投城市开发股份有限公司重大资产重组前发生业绩异常或重组存在拟置出资产情形相关事项之专项核查意见,2025-10-29,http://static.cninfo.com.cn/finalpage/2025-10-29/1224757001.PDF,1224757001,会计师事务所
601022,宁波远洋,宁波远洋：宁波远洋运输股份有限公司关于会计师事务所变更质量控制复核人的公告,2025-10-29,http://static.cninfo.com.cn/finalpage/2025-10-29/1224754436.PDF,1224754436,会计师事务所
300355,蒙草生态,蒙草生态：关于续聘会计师事务所的公告,2025-10-29,http://static.cninfo.com.cn/finalpage/2025-10-29/1224752830.PDF,1224752830,会计师事务所
002125,湘潭电化,湘潭电化：关于拟变更会计师事务所的公告,2025-10-29,http://static.cninfo.com.cn/finalpage/2025-10-29/1224752822.PDF,1224752822,会计师事务所
920592,华信永道,[临时公告]华信永道:拟续聘2025年度会计师事务所公告,2025-10-29,http://static.cninfo.com.cn/finalpage/2025-10-29/1224764002.PDF,1224764002,会计师事务所
300189,神农种业,神农种业：《会计师事务所选聘制度》（2025年10月）,2025-10-29,http://static.cninfo.com.cn/finalpage/2025-10-29/1224748482.PDF,1224748482,会计师事务所
000819,岳阳兴长,岳阳兴长：关于续聘会计师事务所的公告,2025-10-29,http://static.cninfo.com.cn/finalpage/2025-10-29/1224748994.PDF,1224748994,会计师事务所
301518,长华化学,长华化学：长华化学科技股份有限公司会计师事务所选聘制度,2025-10-29,http://static.cninfo.com.cn/finalpage/2025-10-29/1224751400.PDF,1224751400,会计师事务所
301056,森赫股份,森赫股份：会计师事务所选聘制度（2025年10月）,2025-10-29,http://static.cninfo.com.cn/finalpage/2025-10-29/1224750832.PDF,1224750832,会计师事务所
600150,中国船舶,中国船舶：中国船舶工业股份有限公司关于变更会计师事务所的公告,2025-10-29,http://static.cninfo.com.cn/finalpage/2025-10-29/1224755119.PDF,1224755119,会计师事务所
688410,山外山,山外山：会计师事务所选聘制度,2025-10-29,http://static.cninfo.com.cn/finalpage/2025-10-29/1224756901.PDF,1224756901,会计师事务所
002759,天际股份,天际股份：会计师事务所选聘制度（2025年10月修订）,2025-10-29,http://static.cninfo.com.cn/finalpage/2025-10-29/1224749095.PDF,1224749095,会计师事务所
600313,农发种业,农发种业：北京大地泰华会计师事务所（特殊普通合伙）关于中农发种业集团股份有限公司向特定对象发行股票的财务报告及审计报告,2025-10-29,http://static.cninfo.com.cn/finalpage/2025-10-29/1224749207.PDF,1224749207,会计师事务所
301325,曼恩斯特,曼恩斯特：关于续聘会计师事务所的公告,2025-10-29,http://static.cninfo.com.cn/finalpage/2025-10-29/1224755621.PDF,1224755621,会计师事务所
300081,恒信东方,恒信东方：关于续聘2025年度会计师事务所的公告,2025-10-29,http://static.cninfo.com.cn/finalpage/2025-10-29/1224754995.PDF,1224754995,会计师事务所
300986,志特新材,志特新材：会计师事务所选聘制度,2025-10-29,http://static.cninfo.com.cn/finalpage/2025-10-29/1224750458.PDF,1224750458,会计师事务所
301314,科瑞思,科瑞思：关于拟续聘会计师事务所的公告,2025-10-29,http://static.cninfo.com.cn/finalpage/2025-10-29/1224752670.PDF,1224752670,会计师事务所
603255,鼎际得,鼎际得：辽宁鼎际得石化股份有限公司关于续聘会计师事务所的公告,2025-10-29,http://static.cninfo.com.cn/finalpage/2025-10-29/1224754803.PDF,1224754803,会计师事务所
300406,九强生物,九强生物：会计师事务所选聘制度,2025-10-29,http://static.cninfo.com.cn/finalpage/2025-10-29/1224754555.PDF,1224754555,会计师事务所
002235,安妮股份,安妮股份：会计师事务所选聘制度（2025年10月修订）,2025-10-29,http://static.cninfo.com.cn/finalpage/2025-10-29/1224754578.PDF,1224754578,会计师事务所
300842,帝科股份,帝科股份：关于拟聘任2025年度会计师事务所的公告,2025-10-29,http://static.cninfo.com.cn/finalpage/2025-10-29/1224754964.PDF,1224754964,会计师事务所
688669,聚石化学,聚石化学：关于续聘会计师事务所的公告,2025-10-29,http://static.cninfo.com.cn/finalpage/2025-10-29/1224750178.PDF,1224750178,会计师事务所
300098,高新兴,高新兴：关于续聘会计师事务所的公告,2025-10-29,http://static.cninfo.com.cn/finalpage/2025-10-29/1224749470.PDF,1224749470,会计师事务所
300995,奇德新材,奇德新材：关于续聘2025年度会计师事务所的公告,2025-10-29,http://static.cninfo.com.cn/finalpage/2025-10-29/1224749883.PDF,1224749883,会计师事务所
300220,金运激光,金运激光：会计师事务所选聘制度（2025年10月）,2025-10-29,http://static.cninfo.com.cn/finalpage/2025-10-29/1224752097.PDF,1224752097,会计师事务所
002995,天地在线,天地在线：会计师事务所选聘制度（2025年10月）,2025-10-29,http://static.cninfo.com.cn/finalpage/2025-10-29/1224756529.PDF,1224756529,会计师事务所
300365,恒华科技,恒华科技：会计师事务所选聘制度,2025-10-29,http://static.cninfo.com.cn/finalpage/2025-10-29/1224749904.PDF,1224749904,会计师事务所
688292,浩瀚深度,浩瀚深度：北京浩瀚深度信息技术股份有限公司会计师事务所选聘制度,2025-10-29,http://static.cninfo.com.cn/finalpage/2025-10-29/1224750986.PDF,1224750986,会计师事务所
603285,键邦股份,键邦股份：山东键邦新材料股份有限公司关于续聘会计师事务所的公告,2025-10-29,http://static.cninfo.com.cn/finalpage/2025-10-29/1224751315.PDF,1224751315,会计师事务所
002780,三夫户外,三夫户外：关于拟续聘会计师事务所的公告,2025-10-29,http://static.cninfo.com.cn/finalpage/2025-10-29/1224751207.PDF,1224751207,会计师事务所
301456,盘古智能,盘古智能：会计师事务所选聘管理实施办法,2025-10-29,http://static.cninfo.com.cn/finalpage/2025-10-29/1224750875.PDF,1224750875,会计师事务所
688657,浩辰软件,浩辰软件：关于续聘会计师事务所的公告,2025-10-29,http://static.cninfo.com.cn/finalpage/2025-10-29/1224752761.PDF,1224752761,会计师事务所
300085,银之杰,银之杰：关于续聘会计师事务所的公告,2025-10-29,http://static.cninfo.com.cn/finalpage/2025-10-29/1224751286.PDF,1224751286,会计师事务所
301518,长华化学,长华化学：关于续聘会计师事务所的公告,2025-10-29,http://static.cninfo.com.cn/finalpage/2025-10-29/1224751406.PDF,1224751406,会计师事务所
002249,大洋电机,大洋电机：关于拟变更会计师事务所的公告,2025-10-29,http://static.cninfo.com.cn/finalpage/2025-10-29/1224756677.PDF,1224756677,会计师事务所
300134,大富科技,大富科技：关于拟续聘会计师事务所的公告,2025-10-29,http://static.cninfo.com.cn/finalpage/2025-10-29/1224756726.PDF,1224756726,会计师事务所
002901,大博医疗,大博医疗：会计师事务所选聘制度（2025年10月）,2025-10-29,http://static.cninfo.com.cn/finalpage/2025-10-29/1224756626.PDF,1224756626,会计师事务所
300594,朗进科技,朗进科技：山东朗进科技股份有限公司会计师事务所选聘制度,2025-10-29,http://static.cninfo.com.cn/finalpage/2025-10-29/1224751648.PDF,1224751648,会计师事务所
300594,朗进科技,朗进科技：山东朗进科技股份有限公司关于拟续聘会计师事务所的公告,2025-10-29,http://static.cninfo.com.cn/finalpage/2025-10-29/1224751663.PDF,1224751663,会计师事务所
600409,三友化工,三友化工：关于变更会计师事务所的公告,2025-10-29,http://static.cninfo.com.cn/finalpage/2025-10-29/1224752953.PDF,1224752953,会计师事务所
002265,建设工业,建设工业：关于拟续聘会计师事务所的公告,2025-10-29,http://static.cninfo.com.cn/finalpage/2025-10-29/1224751762.PDF,1224751762,会计师事务所
002099,海翔药业,海翔药业：会计师事务所选聘制度（2025年10月修订）,2025-10-29,http://static.cninfo.com.cn/finalpage/2025-10-29/1224752566.PDF,1224752566,会计师事务所
000529,广弘控股,广弘控股：关于续聘华兴会计师事务所（特殊普通合伙）的公告,2025-10-29,http://static.cninfo.com.cn/finalpage/2025-10-29/1224748199.PDF,1224748199,会计师事务所
002919,名臣健康,名臣健康：关于聘任会计师事务所的公告,2025-10-29,http://static.cninfo.com.cn/finalpage/2025-10-29/1224749115.PDF,1224749115,会计师事务所
600714,金瑞矿业,金瑞矿业：青海金瑞矿业发展股份有限公司关于续聘会计师事务所的公告,2025-10-29,http://static.cninfo.com.cn/finalpage/2025-10-29/1224749406.PDF,1224749406,会计师事务所
603115,海星股份,海星股份：会计师事务所选聘制度（2025年10月修订）,2025-10-29,http://static.cninfo.com.cn/finalpage/2025-10-29/1224749567.PDF,1224749567,会计师事务所
300461,田中精机,田中精机：会计师事务所选聘制度（2025年10月）,2025-10-29,http://static.cninfo.com.cn/finalpage/2025-10-29/1224749738.PDF,1224749738,会计师事务所
603072,天和磁材,天和磁材：关于续聘会计师事务所的公告,2025-10-29,http://static.cninfo.com.cn/finalpage/2025-10-29/1224750630.PDF,1224750630,会计师事务所
600446,金证股份,金证股份：金证股份关于续聘会计师事务所的公告,2025-10-29,http://static.cninfo.com.cn/finalpage/2025-10-29/1224751327.PDF,1224751327,会计师事务所
688217,睿昂基因,睿昂基因：睿昂基因关于续聘会计师事务所的公告,2025-10-29,http://static.cninfo.com.cn/finalpage/2025-10-29/1224750246.PDF,1224750246,会计师事务所
300602,飞荣达,飞荣达：关于变更2025年度会计师事务所的公告,2025-10-29,http://static.cninfo.com.cn/finalpage/2025-10-29/1224751167.PDF,1224751167,会计师事务所
601199,江南水务,江南水务：江南水务会计师事务所选聘制度,2025-10-29,http://static.cninfo.com.cn/finalpage/2025-10-29/1224751917.PDF,1224751917,会计师事务所
603065,宿迁联盛,宿迁联盛：会计师事务所选聘制度（2025年10月修订）,2025-10-29,http://static.cninfo.com.cn/finalpage/2025-10-29/1224752043.PDF,1224752043,会计师事务所
300449,汉邦高科,汉邦高科：会计师事务所选聘制度,2025-10-29,http://static.cninfo.com.cn/finalpage/2025-10-29/1224749496.PDF,1224749496,会计师事务所
300037,新宙邦,新宙邦：《会计师事务所选聘制度》（2025年10月）,2025-10-29,http://static.cninfo.com.cn/finalpage/2025-10-29/1224752129.PDF,1224752129,会计师事务所
300439,美康生物,美康生物：会计师事务所选聘制度（2025年10月）,2025-10-29,http://static.cninfo.com.cn/finalpage/2025-10-29/1224752210.PDF,1224752210,会计师事务所
600409,三友化工,三友化工：公司会计师事务所选聘管理办法,2025-10-29,http://static.cninfo.com.cn/finalpage/2025-10-29/1224752990.PDF,1224752990,会计师事务所
002123,梦网科技,梦网科技：关于拟续聘会计师事务所的公告,2025-10-29,http://static.cninfo.com.cn/finalpage/2025-10-29/1224751614.PDF,1224751614,会计师事务所
000049,德赛电池,德赛电池：关于拟续聘会计师事务所的公告,2025-10-29,http://static.cninfo.com.cn/finalpage/2025-10-29/1224753190.PDF,1224753190,会计师事务所
601033,永兴股份,永兴股份：永兴股份关于续聘会计师事务所的公告,2025-10-29,http://static.cninfo.com.cn/finalpage/2025-10-29/1224753810.PDF,1224753810,会计师事务所
603986,兆易创新,兆易创新：兆易创新关于变更会计师事务所的公告,2025-10-29,http://static.cninfo.com.cn/finalpage/2025-10-29/1224754272.PDF,1224754272,会计师事务所
688573,信宇人,信宇人：会计师事务所选聘制度,2025-10-29,http://static.cninfo.com.cn/finalpage/2025-10-29/1224754879.PDF,1224754879,会计师事务所
300842,帝科股份,帝科股份：会计师事务所选聘制度,2025-10-29,http://static.cninfo.com.cn/finalpage/2025-10-29/1224754956.PDF,1224754956,会计师事务所
300427,红相股份,红相股份：关于拟变更会计师事务所的公告,2025-10-29,http://static.cninfo.com.cn/finalpage/2025-10-29/1224755417.PDF,1224755417,会计师事务所
300947,德必集团,德必集团：关于续聘会计师事务所的公告,2025-10-29,http://static.cninfo.com.cn/finalpage/2025-10-29/1224750538.PDF,1224750538,会计师事务所
002218,拓日新能,拓日新能：会计师事务所选聘制度,2025-10-29,http://static.cninfo.com.cn/finalpage/2025-10-29/1224755050.PDF,1224755050,会计师事务所
000032,深桑达Ａ,深桑达Ａ：关于续聘2025年度会计师事务所的公告,2025-10-29,http://static.cninfo.com.cn/finalpage/2025-10-29/1224755246.PDF,1224755246,会计师事务所
300981,中红医疗,中红医疗：会计师事务所选聘制度,2025-10-29,http://static.cninfo.com.cn/finalpage/2025-10-29/1224751226.PDF,1224751226,会计师事务所
300052,ST中青宝,ST中青宝：会计师事务所选聘制度（2025年10月）,2025-10-29,http://static.cninfo.com.cn/finalpage/2025-10-29/1224755898.PDF,1224755898,会计师事务所
600011,华能国际,华能国际：华能国际关于续聘会计师事务所的公告,2025-10-29,http://static.cninfo.com.cn/finalpage/2025-10-29/1224756395.PDF,1224756395,会计师事务所
300307,慈星股份,慈星股份：会计师事务所选聘制度,2025-10-29,http://static.cninfo.com.cn/finalpage/2025-10-29/1224752302.PDF,1224752302,会计师事务所
000619,海螺新材,海螺新材：关于拟变更会计师事务所的公告,2025-10-29,http://static.cninfo.com.cn/finalpage/2025-10-29/1224756041.PDF,1224756041,会计师事务所
000690,宝新能源,宝新能源：会计师事务所选聘制度（2025年10月修订）,2025-10-29,http://static.cninfo.com.cn/finalpage/2025-10-29/1224756658.PDF,1224756658,会计师事务所
603085,天成自控,天成自控：浙江天成自控股份有限公司会计师事务所选聘制度（2025年10月）,2025-10-29,http://static.cninfo.com.cn/finalpage/2025-10-29/1224748822.PDF,1224748822,会计师事务所
300616,尚品宅配,尚品宅配：会计师事务所选聘制度,2025-10-29,http://static.cninfo.com.cn/finalpage/2025-10-29/1224748513.PDF,1224748513,会计师事务所
002348,高乐股份,高乐股份：关于拟变更会计师事务所的公告,2025-10-29,http://static.cninfo.com.cn/finalpage/2025-10-29/1224748554.PDF,1224748554,会计师事务所
300484,蓝海华腾,蓝海华腾：会计师事务所选聘制度（2025年10月）,2025-10-29,http://static.cninfo.com.cn/finalpage/2025-10-29/1224748361.PDF,1224748361,会计师事务所
300513,恒实科技,恒实科技：关于拟变更会计师事务所的公告,2025-10-29,http://static.cninfo.com.cn/finalpage/2025-10-29/1224750133.PDF,1224750133,会计师事务所
600861,北京人力,北京人力：北京人力关于续聘会计师事务所的公告,2025-10-29,http://static.cninfo.com.cn/finalpage/2025-10-29/1224749669.PDF,1224749669,会计师事务所
300955,嘉亨家化,嘉亨家化：会计师事务所选聘制度（2025年10月修订）,2025-10-29,http://static.cninfo.com.cn/finalpage/2025-10-29/1224749941.PDF,1224749941,会计师事务所
301421,波长光电,波长光电：会计师事务所选聘制度（2025年10月）,2025-10-29,http://static.cninfo.com.cn/finalpage/2025-10-29/1224750474.PDF,1224750474,会计师事务所
688536,思瑞浦,思瑞浦：会计师事务所选聘制度,2025-10-29,http://static.cninfo.com.cn/finalpage/2025-10-29/1224751694.PDF,1224751694,会计师事务所
688015,交控科技,交控科技：交控科技股份有限公司会计师事务所选聘制度（2025年10月）,2025-10-29,http://static.cninfo.com.cn/finalpage/2025-10-29/1224751591.PDF,1224751591,会计师事务所
300920,润阳科技,润阳科技：会计师事务所选聘制度（2025年10月修订）,2025-10-29,http://static.cninfo.com.cn/finalpage/2025-10-29/1224749828.PDF,1224749828,会计师事务所
688657,浩辰软件,浩辰软件：会计师事务所选聘制度,2025-10-29,http://static.cninfo.com.cn/finalpage/2025-10-29/1224752749.PDF,1224752749,会计师事务所
600995,南网储能,南网储能：南方电网储能股份有限公司关于变更会计师事务所的公告,2025-10-29,http://static.cninfo.com.cn/finalpage/2025-10-29/1224752361.PDF,1224752361,会计师事务所
300085,银之杰,银之杰：会计师事务所选聘制度（2025年10月）,2025-10-29,http://static.cninfo.com.cn/finalpage/2025-10-29/1224751277.PDF,1224751277,会计师事务所
603668,天马科技,天马科技：容诚会计师事务所（特殊普通合伙）关于福建天马科技集团股份有限公司2025年半年度报告的信息披露监管问询函中有关问题的回复（容诚专字[2025]361Z0537号）,2025-10-29,http://static.cninfo.com.cn/finalpage/2025-10-29/1224754646.PDF,1224754646,会计师事务所
000049,德赛电池,德赛电池：会计师事务所选聘制度（2025年10月）,2025-10-29,http://static.cninfo.com.cn/finalpage/2025-10-29/1224753170.PDF,1224753170,会计师事务所
002235,安妮股份,安妮股份：厦门安妮股份有限公司关于拟聘任 2025年度会计师事务所的公告,2025-10-29,http://static.cninfo.com.cn/finalpage/2025-10-29/1224754594.PDF,1224754594,会计师事务所
002790,瑞尔特,瑞尔特：会计师事务所选聘制度（2025年10月),2025-10-29,http://static.cninfo.com.cn/finalpage/2025-10-29/1224753429.PDF,1224753429,会计师事务所
688209,英集芯,英集芯：英集芯关于续聘容诚会计师事务所（特殊普通合伙）为公司2025年度审计机构的公告,2025-10-29,http://static.cninfo.com.cn/finalpage/2025-10-29/1224755210.PDF,1224755210,会计师事务所
002861,瀛通通讯,瀛通通讯：会计师事务所选聘制度（2025年10月）,2025-10-29,http://static.cninfo.com.cn/finalpage/2025-10-29/1224754166.PDF,1224754166,会计师事务所
002053,云南能投,云南能投：云南能源投资股份有限公司关于拟续聘信永中和会计师事务所（特殊普通合伙）为公司2025年度审计机构的公告,2025-10-29,http://static.cninfo.com.cn/finalpage/2025-10-29/1224755501.PDF,1224755501,会计师事务所
300624,万兴科技,万兴科技：关于续聘2025年度会计师事务所的公告,2025-10-29,http://static.cninfo.com.cn/finalpage/2025-10-29/1224755568.PDF,1224755568,会计师事务所
300947,德必集团,德必集团：会计师事务所选聘制度（2025年10月修订）,2025-10-29,http://static.cninfo.com.cn/finalpage/2025-10-29/1224750529.PDF,1224750529,会计师事务所
000777,中核科技,中核科技：关于选聘会计师事务所的公告,2025-10-29,http://static.cninfo.com.cn/finalpage/2025-10-29/1224752807.PDF,1224752807,会计师事务所
300052,ST中青宝,ST中青宝：关于续聘会计师事务所的公告,2025-10-29,http://static.cninfo.com.cn/finalpage/2025-10-29/1224755927.PDF,1224755927,会计师事务所
002689,远大智能,远大智能：会计师事务所选聘制度（2025年10月）,2025-10-29,http://static.cninfo.com.cn/finalpage/2025-10-29/1224749624.PDF,1224749624,会计师事务所
002159,三特索道,三特索道：关于变更会计师事务所的公告,2025-10-29,http://static.cninfo.com.cn/finalpage/2025-10-29/1224750620.PDF,1224750620,会计师事务所
600757,长江传媒,长江传媒：长江传媒关于变更会计师事务所的公告,2025-10-29,http://static.cninfo.com.cn/finalpage/2025-10-29/1224751845.PDF,1224751845,会计师事务所
000686,东北证券,东北证券：关于拟续聘会计师事务所的公告,2025-10-29,http://static.cninfo.com.cn/finalpage/2025-10-29/1224756153.PDF,1224756153,会计师事务所
300635,中达安,中达安：会计师事务所选聘制度（2025年10月修订）,2025-10-29,http://static.cninfo.com.cn/finalpage/2025-10-29/1224756212.PDF,1224756212,会计师事务所
300516,久之洋,久之洋：湖北久之洋红外系统股份有限公司关于拟变更会计师事务所的公告,2025-10-29,http://static.cninfo.com.cn/finalpage/2025-10-29/1224756031.PDF,1224756031,会计师事务所
301186,超达装备,超达装备：会计师事务所选聘制度（2025年10月）,2025-10-29,http://static.cninfo.com.cn/finalpage/2025-10-29/1224755174.PDF,1224755174,会计师事务所
920856,浩淼科技,[临时公告]浩淼科技:拟续聘2025年度会计师事务所公告,2025-10-29,http://static.cninfo.com.cn/finalpage/2025-10-29/1224766960.PDF,1224766960,会计师事务所
301314,科瑞思,科瑞思：会计师事务所选聘制度,2025-10-29,http://static.cninfo.com.cn/finalpage/2025-10-29/1224752661.PDF,1224752661,会计师事务所
001228,永泰运,永泰运：关于续聘2025年度会计师事务所的公告,2025-10-29,http://static.cninfo.com.cn/finalpage/2025-10-29/1224752792.PDF,1224752792,会计师事务所
688181,八亿时空,八亿时空：八亿时空会计师事务所选聘制度（2025年10月）,2025-10-29,http://static.cninfo.com.cn/finalpage/2025-10-29/1224755972.PDF,1224755972,会计师事务所
000695,滨海能源,滨海能源：会计师事务所选聘制度,2025-10-29,http://static.cninfo.com.cn/finalpage/2025-10-29/1224755320.PDF,1224755320,会计师事务所
002555,三七互娱,三七互娱：会计师事务所选聘制度（2025年10月）,2025-10-29,http://static.cninfo.com.cn/finalpage/2025-10-29/1224748769.PDF,1224748769,会计师事务所
603739,蔚蓝生物,蔚蓝生物：青岛蔚蓝生物股份有限公司选聘会计师事务所管理办法,2025-10-29,http://static.cninfo.com.cn/finalpage/2025-10-29/1224748692.PDF,1224748692,会计师事务所
001896,豫能控股,豫能控股：会计师事务所选聘管理办法（2025年10月制定）,2025-10-29,http://static.cninfo.com.cn/finalpage/2025-10-29/1224748989.PDF,1224748989,会计师事务所
688410,山外山,山外山：关于续聘2025年度会计师事务所的公告,2025-10-29,http://static.cninfo.com.cn/finalpage/2025-10-29/1224756914.PDF,1224756914,会计师事务所
301383,天键股份,天键股份：关于续聘会计师事务所的公告,2025-10-29,http://static.cninfo.com.cn/finalpage/2025-10-29/1224753254.PDF,1224753254,会计师事务所
002835,同为股份,同为股份：会计师事务所选聘制度（2025年10月）,2025-10-29,http://static.cninfo.com.cn/finalpage/2025-10-29/1224754000.PDF,1224754000,会计师事务所
301595,太力科技,太力科技：会计师事务所选聘制度,2025-10-29,http://static.cninfo.com.cn/finalpage/2025-10-29/1224754065.PDF,1224754065,会计师事务所
600120,浙江东方,浙江东方：浙江东方金融控股集团股份有限公司关于续聘会计师事务所的公告,2025-10-29,http://static.cninfo.com.cn/finalpage/2025-10-29/1224754658.PDF,1224754658,会计师事务所
600446,金证股份,金证股份：金证股份会计师事务所选聘制度（2025年10月修订）,2025-10-29,http://static.cninfo.com.cn/finalpage/2025-10-29/1224751357.PDF,1224751357,会计师事务所
002418,康盛股份,康盛股份：关于拟续聘2025年度会计师事务所的公告,2025-10-29,http://static.cninfo.com.cn/finalpage/2025-10-29/1224756672.PDF,1224756672,会计师事务所
301489,思泉新材,思泉新材：致同会计师事务所(特殊普通合伙)关于广东思泉新材料股份有限公司申请向特定对象发行股票的审核问询函中有关财务会计问题的专项说明,2025-10-28,http://static.cninfo.com.cn/finalpage/2025-10-28/1224754735.PDF,1224754735,会计师事务所
300943,春晖智控,春晖智控：会计师事务所选聘制度（2025年10月修订）,2025-10-28,http://static.cninfo.com.cn/finalpage/2025-10-28/1224739797.PDF,1224739797,会计师事务所
002539,云图控股,云图控股：会计师事务所选聘制度（2025年10月）,2025-10-28,http://static.cninfo.com.cn/finalpage/2025-10-28/1224739024.PDF,1224739024,会计师事务所
300936,中英科技,中英科技：选聘会计师事务所专项制度,2025-10-28,http://static.cninfo.com.cn/finalpage/2025-10-28/1224739436.PDF,1224739436,会计师事务所
600610,中毅达,中毅达：贵州中毅达股份有限公司会计师事务所选聘制度（2025年10月）,2025-10-28,http://static.cninfo.com.cn/finalpage/2025-10-28/1224739501.PDF,1224739501,会计师事务所
301261,恒工精密,恒工精密：会计师事务所选聘制度（2025年10月）,2025-10-28,http://static.cninfo.com.cn/finalpage/2025-10-28/1224740621.PDF,1224740621,会计师事务所
603337,杰克科技,杰克科技：会计师事务所选聘制度（2025年10月）,2025-10-28,http://static.cninfo.com.cn/finalpage/2025-10-28/1224740279.PDF,1224740279,会计师事务所
300902,国安达,国安达：会计师事务所选聘制度（2025年10月）,2025-10-28,http://static.cninfo.com.cn/finalpage/2025-10-28/1224740203.PDF,1224740203,会计师事务所
300836,佰奥智能,佰奥智能：会计师事务所选聘制度,2025-10-28,http://static.cninfo.com.cn/finalpage/2025-10-28/1224741295.PDF,1224741295,会计师事务所
300836,佰奥智能,佰奥智能：关于续聘会计师事务所的公告,2025-10-28,http://static.cninfo.com.cn/finalpage/2025-10-28/1224741314.PDF,1224741314,会计师事务所
600395,盘江股份,盘江股份：盘江股份关于续聘会计师事务所的公告,2025-10-28,http://static.cninfo.com.cn/finalpage/2025-10-28/1224743298.PDF,1224743298,会计师事务所
300585,奥联电子,奥联电子：会计师事务所选聘制度,2025-10-28,http://static.cninfo.com.cn/finalpage/2025-10-28/1224743926.PDF,1224743926,会计师事务所
600327,大东方,大东方：大东方会计师事务所选聘制度（2025年11月制定）,2025-10-28,http://static.cninfo.com.cn/finalpage/2025-10-28/1224741532.PDF,1224741532,会计师事务所
603196,日播时尚,日播时尚：关于续聘会计师事务所的公告,2025-10-28,http://static.cninfo.com.cn/finalpage/2025-10-28/1224742257.PDF,1224742257,会计师事务所
300724,捷佳伟创,捷佳伟创：会计师事务所选聘制度（2025年10月修订）,2025-10-28,http://static.cninfo.com.cn/finalpage/2025-10-28/1224745254.PDF,1224745254,会计师事务所
002816,*ST和科,*ST和科：关于续聘会计师事务所的公告,2025-10-28,http://static.cninfo.com.cn/finalpage/2025-10-28/1224744814.PDF,1224744814,会计师事务所
002367,康力电梯,康力电梯：会计师事务所选聘制度（2025.10）,2025-10-28,http://static.cninfo.com.cn/finalpage/2025-10-28/1224746588.PDF,1224746588,会计师事务所
300425,中建环能,中建环能：关于续聘会计师事务所的公告,2025-10-28,http://static.cninfo.com.cn/finalpage/2025-10-28/1224746563.PDF,1224746563,会计师事务所
300917,特发服务,特发服务：关于聘任会计师事务所的公告,2025-10-28,http://static.cninfo.com.cn/finalpage/2025-10-28/1224746757.PDF,1224746757,会计师事务所
000778,新兴铸管,新兴铸管：关于拟续聘会计师事务所的公告,2025-10-28,http://static.cninfo.com.cn/finalpage/2025-10-28/1224747043.PDF,1224747043,会计师事务所
300585,奥联电子,奥联电子：关于聘任2025年度会计师事务所的公告,2025-10-28,http://static.cninfo.com.cn/finalpage/2025-10-28/1224743942.PDF,1224743942,会计师事务所
002753,永东股份,永东股份：《会计师事务所选聘制度》（2025年10月修订草案）,2025-10-28,http://static.cninfo.com.cn/finalpage/2025-10-28/1224743648.PDF,1224743648,会计师事务所
920015,锦华新材,[临时公告]锦华新材:会计师事务所选聘制度,2025-10-28,http://static.cninfo.com.cn/finalpage/2025-10-28/1224755224.PDF,1224755224,会计师事务所
002412,汉森制药,汉森制药：会计师事务所选聘制度(2025年10月）,2025-10-28,http://static.cninfo.com.cn/finalpage/2025-10-28/1224741474.PDF,1224741474,会计师事务所
002682,龙洲股份,龙洲股份：关于拟续聘会计师事务所的公告,2025-10-28,http://static.cninfo.com.cn/finalpage/2025-10-28/1224741778.PDF,1224741778,会计师事务所
002836,新宏泽,新宏泽：关于续聘会计师事务所的公告,2025-10-28,http://static.cninfo.com.cn/finalpage/2025-10-28/1224741782.PDF,1224741782,会计师事务所
603958,哈森股份,哈森股份：关于变更会计师事务所的公告,2025-10-28,http://static.cninfo.com.cn/finalpage/2025-10-28/1224744044.PDF,1224744044,会计师事务所
688018,乐鑫科技,乐鑫科技：乐鑫科技关于续聘会计师事务所的公告,2025-10-28,http://static.cninfo.com.cn/finalpage/2025-10-28/1224744082.PDF,1224744082,会计师事务所
002194,武汉凡谷,武汉凡谷：会计师事务所选聘管理制度（2025年10月）,2025-10-28,http://static.cninfo.com.cn/finalpage/2025-10-28/1224740966.PDF,1224740966,会计师事务所
002799,环球印务,环球印务：《会计师事务所选聘制度》（2025年10月）,2025-10-28,http://static.cninfo.com.cn/finalpage/2025-10-28/1224746952.PDF,1224746952,会计师事务所
002660,茂硕电源,茂硕电源：会计师事务所选聘制度,2025-10-28,http://static.cninfo.com.cn/finalpage/2025-10-28/1224745074.PDF,1224745074,会计师事务所
603667,五洲新春,五洲新春：天健会计师事务所（特殊普通合伙）关于浙江五洲新春集团股份有限公司2025年度向特定对象发行A股股票之财务报告及审计报告,2025-10-28,http://static.cninfo.com.cn/finalpage/2025-10-28/1224742561.PDF,1224742561,会计师事务所
603949,雪龙集团,雪龙集团：雪龙集团股份有限公司关于聘任2025年度会计师事务所的公告,2025-10-28,http://static.cninfo.com.cn/finalpage/2025-10-28/1224745171.PDF,1224745171,会计师事务所
002526,山东矿机,山东矿机：会计师事务所选聘制度,2025-10-28,http://static.cninfo.com.cn/finalpage/2025-10-28/1224743856.PDF,1224743856,会计师事务所
300536,农尚环境,农尚环境：会计师事务所选聘制度（2025年10月）,2025-10-28,http://static.cninfo.com.cn/finalpage/2025-10-28/1224744248.PDF,1224744248,会计师事务所
001318,阳光乳业,阳光乳业：关于拟续聘会计师事务所的公告,2025-10-28,http://static.cninfo.com.cn/finalpage/2025-10-28/1224740055.PDF,1224740055,会计师事务所
300375,鹏翎股份,鹏翎股份：关于拟续聘2025年度会计师事务所及变更签字会计师的公告,2025-10-28,http://static.cninfo.com.cn/finalpage/2025-10-28/1224742715.PDF,1224742715,会计师事务所
301332,德尔玛,德尔玛：会计师事务所选聘制度,2025-10-28,http://static.cninfo.com.cn/finalpage/2025-10-28/1224739585.PDF,1224739585,会计师事务所
600099,林海股份,林海股份：林海股份有限公司关于续聘会计师事务所的公告,2025-10-28,http://static.cninfo.com.cn/finalpage/2025-10-28/1224746106.PDF,1224746106,会计师事务所
002601,龙佰集团,龙佰集团：关于续聘会计师事务所的公告,2025-10-28,http://static.cninfo.com.cn/finalpage/2025-10-28/1224743823.PDF,1224743823,会计师事务所
301065,本立科技,本立科技：《会计师事务所选聘制度》（2025年10月）,2025-10-28,http://static.cninfo.com.cn/finalpage/2025-10-28/1224740715.PDF,1224740715,会计师事务所
603556,海兴电力,海兴电力：杭州海兴电力科技股份有限公司会计师事务所选聘制度（2025年10月）,2025-10-28,http://static.cninfo.com.cn/finalpage/2025-10-28/1224746866.PDF,1224746866,会计师事务所
002511,中顺洁柔,中顺洁柔：关于续聘会计师事务所的公告,2025-10-28,http://static.cninfo.com.cn/finalpage/2025-10-28/1224740937.PDF,1224740937,会计师事务所
603967,中创物流,中创物流：中创物流股份有限公司关于续聘会计师事务所的公告,2025-10-28,http://static.cninfo.com.cn/finalpage/2025-10-28/1224741922.PDF,1224741922,会计师事务所
688351,微电生理,微电生理：会计师事务所选聘制度,2025-10-28,http://static.cninfo.com.cn/finalpage/2025-10-28/1224746320.PDF,1224746320,会计师事务所
688089,嘉必优,嘉必优：嘉必优生物技术（武汉）股份有限公司选聘会计师事务所管理办法（2025年10月修订）,2025-10-28,http://static.cninfo.com.cn/finalpage/2025-10-28/1224746379.PDF,1224746379,会计师事务所
600113,浙江东日,浙江东日：天健会计师事务所（特殊普通合伙）关于变更签字注册会计师的承诺函,2025-10-28,http://static.cninfo.com.cn/finalpage/2025-10-28/1224745396.PDF,1224745396,会计师事务所
300925,法本信息,法本信息：会计师事务所选聘制度,2025-10-28,http://static.cninfo.com.cn/finalpage/2025-10-28/1224740162.PDF,1224740162,会计师事务所
688078,龙软科技,龙软科技：会计师事务所选聘制度,2025-10-28,http://static.cninfo.com.cn/finalpage/2025-10-28/1224745489.PDF,1224745489,会计师事务所
688227,品高股份,品高股份：《会计师事务所选聘制度》,2025-10-28,http://static.cninfo.com.cn/finalpage/2025-10-28/1224745562.PDF,1224745562,会计师事务所
600203,福日电子,福日电子：福日电子关于变更会计师事务所的公告,2025-10-28,http://static.cninfo.com.cn/finalpage/2025-10-28/1224747780.pdf,1224747780,会计师事务所
002993,奥海科技,奥海科技：会计师事务所选聘制度（2025年10月）,2025-10-28,http://static.cninfo.com.cn/finalpage/2025-10-28/1224745884.PDF,1224745884,会计师事务所
000517,荣安地产,荣安地产：荣安地产股份有限公司会计师事务所选聘制度（2025版）,2025-10-28,http://static.cninfo.com.cn/finalpage/2025-10-28/1224746273.PDF,1224746273,会计师事务所
920837,华原股份,[临时公告]华原股份:拟续聘2025年度会计师事务所公告,2025-10-28,http://static.cninfo.com.cn/finalpage/2025-10-28/1224755728.PDF,1224755728,会计师事务所
003005,竞业达,竞业达：会计师事务所选聘制度,2025-10-28,http://static.cninfo.com.cn/finalpage/2025-10-28/1224744567.PDF,1224744567,会计师事务所
001318,阳光乳业,阳光乳业：会计师事务所选聘制度（2025年10月）,2025-10-28,http://static.cninfo.com.cn/finalpage/2025-10-28/1224740038.PDF,1224740038,会计师事务所
002068,黑猫股份,黑猫股份：会计师事务所选聘制度（2025年10月）,2025-10-28,http://static.cninfo.com.cn/finalpage/2025-10-28/1224742215.PDF,1224742215,会计师事务所
002753,永东股份,永东股份：关于拟续聘会计师事务所的公告,2025-10-28,http://static.cninfo.com.cn/finalpage/2025-10-28/1224743657.PDF,1224743657,会计师事务所
300673,佩蒂股份,佩蒂股份：会计师事务所选聘制度（2025年10月）,2025-10-28,http://static.cninfo.com.cn/finalpage/2025-10-28/1224742743.PDF,1224742743,会计师事务所
002182,宝武镁业,宝武镁业：关于拟变更会计师事务所的公告,2025-10-28,http://static.cninfo.com.cn/finalpage/2025-10-28/1224738423.PDF,1224738423,会计师事务所
300601,康泰生物,康泰生物：会计师事务所选聘制度（2025年10月）,2025-10-28,http://static.cninfo.com.cn/finalpage/2025-10-28/1224738713.PDF,1224738713,会计师事务所
300036,超图软件,超图软件：会计师事务所选聘制度（2025年10月）,2025-10-28,http://static.cninfo.com.cn/finalpage/2025-10-28/1224739734.PDF,1224739734,会计师事务所
300435,中泰股份,中泰股份：会计师事务所选聘制度,2025-10-28,http://static.cninfo.com.cn/finalpage/2025-10-28/1224745618.PDF,1224745618,会计师事务所
000702,正虹科技,正虹科技：关于拟变更会计师事务所的公告,2025-10-28,http://static.cninfo.com.cn/finalpage/2025-10-28/1224738461.PDF,1224738461,会计师事务所
001221,悍高集团,悍高集团：悍高集团股份有限公司关于续聘2025年度会计师事务所的公告,2025-10-28,http://static.cninfo.com.cn/finalpage/2025-10-28/1224738979.PDF,1224738979,会计师事务所
300829,金丹科技,金丹科技：会计师事务所选聘制度,2025-10-28,http://static.cninfo.com.cn/finalpage/2025-10-28/1224739356.PDF,1224739356,会计师事务所
300953,震裕科技,震裕科技：会计师事务所选聘制度,2025-10-28,http://static.cninfo.com.cn/finalpage/2025-10-28/1224739401.PDF,1224739401,会计师事务所
605009,豪悦护理,豪悦护理：年度审计会计师事务所选聘制度（2025年10月）,2025-10-28,http://static.cninfo.com.cn/finalpage/2025-10-28/1224739950.PDF,1224739950,会计师事务所
688006,杭可科技,杭可科技：会计师事务所选聘制度,2025-10-28,http://static.cninfo.com.cn/finalpage/2025-10-28/1224740563.PDF,1224740563,会计师事务所
603040,新坐标,新坐标：新坐标会计师事务所选聘制度（2025年10月修订）,2025-10-28,http://static.cninfo.com.cn/finalpage/2025-10-28/1224741165.PDF,1224741165,会计师事务所
002511,中顺洁柔,中顺洁柔：会计师事务所选聘制度（2025年10月）,2025-10-28,http://static.cninfo.com.cn/finalpage/2025-10-28/1224740919.PDF,1224740919,会计师事务所
001268,联合精密,联合精密：关于续聘会计师事务所的公告,2025-10-28,http://static.cninfo.com.cn/finalpage/2025-10-28/1224740892.PDF,1224740892,会计师事务所
600156,华升股份,华升股份：华升股份关于续聘会计师事务所的公告,2025-10-28,http://static.cninfo.com.cn/finalpage/2025-10-28/1224743332.PDF,1224743332,会计师事务所
600456,宝钛股份,宝钛股份：宝鸡钛业股份有限公司关于变更会计师事务所暨聘请2025年度审计机构的公告,2025-10-28,http://static.cninfo.com.cn/finalpage/2025-10-28/1224742647.PDF,1224742647,会计师事务所
601966,玲珑轮胎,玲珑轮胎：山东玲珑轮胎股份有限公司关于续聘会计师事务所的公告,2025-10-28,http://static.cninfo.com.cn/finalpage/2025-10-28/1224742505.PDF,1224742505,会计师事务所
000597,东北制药,东北制药：关于拟变更会计师事务所的公告,2025-10-28,http://static.cninfo.com.cn/finalpage/2025-10-28/1224744608.PDF,1224744608,会计师事务所
300608,思特奇,思特奇：关于续聘2025年度会计师事务所的公告,2025-10-28,http://static.cninfo.com.cn/finalpage/2025-10-28/1224744768.PDF,1224744768,会计师事务所
002816,*ST和科,*ST和科：会计师事务所选聘制度（2025年10月）,2025-10-28,http://static.cninfo.com.cn/finalpage/2025-10-28/1224744795.PDF,1224744795,会计师事务所
600769,祥龙电业,祥龙电业：武汉祥龙电业股份有限公司会计师事务所选聘管理制度（2025年10月修订）,2025-10-28,http://static.cninfo.com.cn/finalpage/2025-10-28/1224744733.PDF,1224744733,会计师事务所
002068,黑猫股份,黑猫股份：关于拟变更会计师事务所的公告,2025-10-28,http://static.cninfo.com.cn/finalpage/2025-10-28/1224742228.PDF,1224742228,会计师事务所
001285,瑞立科密,瑞立科密：中汇会计师事务所(特殊普通合伙)关于广州瑞立科密汽车电子股份有限公司以自筹资金预先投入募集资金投资项目和支付发行费用的鉴证报告,2025-10-28,http://static.cninfo.com.cn/finalpage/2025-10-28/1224742293.PDF,1224742293,会计师事务所
601865,福莱特,福莱特：福莱特玻璃集团股份有限公司会计师事务所选聘制度,2025-10-28,http://static.cninfo.com.cn/finalpage/2025-10-28/1224744471.PDF,1224744471,会计师事务所
300809,华辰装备,华辰装备：会计师事务所选聘制度,2025-10-28,http://static.cninfo.com.cn/finalpage/2025-10-28/1224741829.PDF,1224741829,会计师事务所
600338,西藏珠峰,西藏珠峰：《公司会计师事务所选聘制度》【2025年10月修订】,2025-10-28,http://static.cninfo.com.cn/finalpage/2025-10-28/1224745415.PDF,1224745415,会计师事务所
300061,旗天科技,旗天科技：关于拟续聘会计师事务所的公告,2025-10-28,http://static.cninfo.com.cn/finalpage/2025-10-28/1224745697.PDF,1224745697,会计师事务所
300041,回天新材,回天新材：会计师事务所选聘制度（2025年10月修订）,2025-10-28,http://static.cninfo.com.cn/finalpage/2025-10-28/1224745310.PDF,1224745310,会计师事务所
301584,建发致新,建发致新：会计师事务所选聘制度,2025-10-28,http://static.cninfo.com.cn/finalpage/2025-10-28/1224746157.PDF,1224746157,会计师事务所
300668,杰恩设计,杰恩设计：会计师事务所选聘制度,2025-10-28,http://static.cninfo.com.cn/finalpage/2025-10-28/1224746677.PDF,1224746677,会计师事务所
002468,申通快递,申通快递：会计师事务所选聘制度,2025-10-28,http://static.cninfo.com.cn/finalpage/2025-10-28/1224746046.PDF,1224746046,会计师事务所
300074,华平股份,华平股份：关于拟聘任会计师事务所的公告,2025-10-28,http://static.cninfo.com.cn/finalpage/2025-10-28/1224740743.PDF,1224740743,会计师事务所
300157,新锦动力,新锦动力：关于拟续聘2025年度会计师事务所的公告,2025-10-28,http://static.cninfo.com.cn/finalpage/2025-10-28/1224740796.PDF,1224740796,会计师事务所
603339,四方科技,四方科技：四方科技集团股份有限公司会计师事务所选聘制度（2025年10月）,2025-10-28,http://static.cninfo.com.cn/finalpage/2025-10-28/1224741945.PDF,1224741945,会计师事务所
300218,安利股份,安利股份：会计师事务所选聘制度（2025年10月）,2025-10-28,http://static.cninfo.com.cn/finalpage/2025-10-28/1224747162.PDF,1224747162,会计师事务所
688029,南微医学,南微医学：南微医学科技股份有限公司会计师事务所选聘制度,2025-10-28,http://static.cninfo.com.cn/finalpage/2025-10-28/1224747735.PDF,1224747735,会计师事务所
920670,数字人,[临时公告]数字人:上会会计师事务所（特殊普通合伙）关于山东数字人科技股份有限公司前期会计差错更正专项说明的鉴证报告,2025-10-28,http://static.cninfo.com.cn/finalpage/2025-10-28/1224754471.PDF,1224754471,会计师事务所
300943,春晖智控,春晖智控：关于拟续聘会计师事务所的公告,2025-10-28,http://static.cninfo.com.cn/finalpage/2025-10-28/1224739818.PDF,1224739818,会计师事务所
301503,智迪科技,智迪科技：会计师事务所选聘制度,2025-10-28,http://static.cninfo.com.cn/finalpage/2025-10-28/1224745792.PDF,1224745792,会计师事务所
002601,龙佰集团,龙佰集团：会计师事务所选聘制度（2025年10月）,2025-10-28,http://static.cninfo.com.cn/finalpage/2025-10-28/1224743814.PDF,1224743814,会计师事务所
301390,经纬股份,经纬股份：关于拟续聘会计师事务所的公告,2025-10-28,http://static.cninfo.com.cn/finalpage/2025-10-28/1224743724.PDF,1224743724,会计师事务所
600338,西藏珠峰,西藏珠峰：关于续聘会计师事务所的公告,2025-10-28,http://static.cninfo.com.cn/finalpage/2025-10-28/1224745403.PDF,1224745403,会计师事务所
600487,亨通光电,亨通光电：亨通光电会计师事务所选聘制度（2025年10月）,2025-10-28,http://static.cninfo.com.cn/finalpage/2025-10-28/1224745905.PDF,1224745905,会计师事务所
301112,信邦智能,信邦智能：安永华明会计师事务所（特殊普通合伙）关于广州信邦智能装备股份有限公司本次重大资产重组前发生业绩异常或本次重组存在拟置出资产情形的专项核查意见,2025-10-28,http://static.cninfo.com.cn/finalpage/2025-10-28/1224747575.PDF,1224747575,会计师事务所
002593,日上集团,日上集团：日上集团：会计师事务所选聘制度（2025年10月）,2025-10-28,http://static.cninfo.com.cn/finalpage/2025-10-28/1224742879.PDF,1224742879,会计师事务所
920985,海泰新能,[临时公告]海泰新能:会计师事务所选聘制度,2025-10-28,http://static.cninfo.com.cn/finalpage/2025-10-28/1224755775.PDF,1224755775,会计师事务所
300493,润欣科技,润欣科技：会计师事务所选聘管理制度（2025年10月）,2025-10-28,http://static.cninfo.com.cn/finalpage/2025-10-28/1224743206.PDF,1224743206,会计师事务所
301508,中机认检,中机认检：中机寰宇认证检验股份有限公司拟续聘2025年度会计师事务所的公告,2025-10-28,http://static.cninfo.com.cn/finalpage/2025-10-28/1224740669.PDF,1224740669,会计师事务所
002068,黑猫股份,黑猫股份：黑猫股份：董事会审计委员会关于变更会计师事务所的意见,2025-10-28,http://static.cninfo.com.cn/finalpage/2025-10-28/1224742229.PDF,1224742229,会计师事务所
688111,金山办公,金山办公：金山办公会计师事务所选聘制度（2025年10月修订）,2025-10-28,http://static.cninfo.com.cn/finalpage/2025-10-28/1224744439.PDF,1224744439,会计师事务所
920689,克莱特,[临时公告]克莱特:拟聘任2025年度会计师事务所公告,2025-10-28,http://static.cninfo.com.cn/finalpage/2025-10-28/1224756412.PDF,1224756412,会计师事务所
06865,福莱特玻璃,福莱特玻璃：海外监管公告 - 福莱特玻璃集团股份有限公司会计师事务所选聘制度,2025-10-27,http://static.cninfo.com.cn/finalpage/2025-10-27/1224746482.PDF,1224746482,会计师事务所
301323,新莱福,新莱福：会计师事务所选聘制度（2025年10月）,2025-10-27,http://static.cninfo.com.cn/finalpage/2025-10-27/1224734289.PDF,1224734289,会计师事务所
001333,光华股份,光华股份：会计师事务所选聘制度,2025-10-27,http://static.cninfo.com.cn/finalpage/2025-10-27/1224736046.PDF,1224736046,会计师事务所
300691,联合光电,联合光电：会计师事务所选聘制度（2025年10月）,2025-10-27,http://static.cninfo.com.cn/finalpage/2025-10-27/1224737328.PDF,1224737328,会计师事务所
002397,梦洁股份,梦洁股份：关于续聘会计师事务所的公告,2025-10-27,http://static.cninfo.com.cn/finalpage/2025-10-27/1224737407.PDF,1224737407,会计师事务所
301280,珠城科技,珠城科技：会计师事务所选聘制度（2025年10月修订）,2025-10-27,http://static.cninfo.com.cn/finalpage/2025-10-27/1224734167.PDF,1224734167,会计师事务所
001965,招商公路,招商公路：关于续聘会计师事务所为公司2025年度审计机构的公告,2025-10-27,http://static.cninfo.com.cn/finalpage/2025-10-27/1224730629.PDF,1224730629,会计师事务所
002397,梦洁股份,梦洁股份：会计师事务所选聘制度（2025年10月）,2025-10-27,http://static.cninfo.com.cn/finalpage/2025-10-27/1224737397.PDF,1224737397,会计师事务所
002538,司尔特,司尔特：关于续聘会计师事务所的公告,2025-10-27,http://static.cninfo.com.cn/finalpage/2025-10-27/1224735756.PDF,1224735756,会计师事务所
002338,奥普光电,奥普光电：会计师事务所选聘制度（2025年10月）,2025-10-27,http://static.cninfo.com.cn/finalpage/2025-10-27/1224731681.PDF,1224731681,会计师事务所
002590,万安科技,万安科技：会计师事务所选聘制度,2025-10-27,http://static.cninfo.com.cn/finalpage/2025-10-27/1224731843.PDF,1224731843,会计师事务所
002876,三利谱,三利谱：会计师事务所选聘制度（2025年10月）,2025-10-27,http://static.cninfo.com.cn/finalpage/2025-10-27/1224733691.PDF,1224733691,会计师事务所
301512,智信精密,智信精密：会计师事务所选聘制度,2025-10-27,http://static.cninfo.com.cn/finalpage/2025-10-27/1224735857.PDF,1224735857,会计师事务所
300022,吉峰科技,吉峰科技：会计师事务所选聘制度（2025年10月）,2025-10-27,http://static.cninfo.com.cn/finalpage/2025-10-27/1224736094.PDF,1224736094,会计师事务所
000815,美利云,美利云：中冶美利云产业投资股份有限公司关于拟变更会计师事务所的公告,2025-10-27,http://static.cninfo.com.cn/finalpage/2025-10-27/1224736329.PDF,1224736329,会计师事务所
002449,国星光电,国星光电：关于拟续聘会计师事务所的公告,2025-10-27,http://static.cninfo.com.cn/finalpage/2025-10-27/1224736707.PDF,1224736707,会计师事务所
000902,新洋丰,新洋丰：会计师事务所选聘制度（2025年10月）,2025-10-27,http://static.cninfo.com.cn/finalpage/2025-10-27/1224732768.PDF,1224732768,会计师事务所
300083,创世纪,创世纪：会计师事务所选聘制度（2025年10月）,2025-10-27,http://static.cninfo.com.cn/finalpage/2025-10-27/1224733425.PDF,1224733425,会计师事务所
300862,蓝盾光电,蓝盾光电：会计师事务所选聘制度（2025年10月修订）,2025-10-27,http://static.cninfo.com.cn/finalpage/2025-10-27/1224730888.PDF,1224730888,会计师事务所
300568,星源材质,星源材质：关于拟变更会计师事务所的公告,2025-10-27,http://static.cninfo.com.cn/finalpage/2025-10-27/1224732349.PDF,1224732349,会计师事务所
002909,集泰股份,集泰股份：关于拟续聘会计师事务所的公告,2025-10-27,http://static.cninfo.com.cn/finalpage/2025-10-27/1224733968.PDF,1224733968,会计师事务所
301231,荣信文化,荣信文化：关于续聘容诚会计师事务所（特殊普通合伙）为公司2025年度审计机构的公告,2025-10-27,http://static.cninfo.com.cn/finalpage/2025-10-27/1224735378.PDF,1224735378,会计师事务所
301288,*ST清研,*ST清研：关于续聘公司2025年度会计师事务所的公告,2025-10-27,http://static.cninfo.com.cn/finalpage/2025-10-27/1224735914.PDF,1224735914,会计师事务所
300862,蓝盾光电,蓝盾光电：关于拟变更会计师事务所的公告,2025-10-27,http://static.cninfo.com.cn/finalpage/2025-10-27/1224730897.PDF,1224730897,会计师事务所
000537,中绿电,中绿电：会计师事务所选聘制度,2025-10-27,http://static.cninfo.com.cn/finalpage/2025-10-27/1224734702.PDF,1224734702,会计师事务所
002232,启明信息,启明信息：关于拟变更会计师事务所的公告,2025-10-25,http://static.cninfo.com.cn/finalpage/2025-10-25/1224730234.PDF,1224730234,会计师事务所
603008,喜临门,喜临门：喜临门家具股份有限公司会计师事务所选聘制度（2025年10月）,2025-10-25,http://static.cninfo.com.cn/finalpage/2025-10-25/1224730389.PDF,1224730389,会计师事务所
603909,建发合诚,建发合诚：建发合诚关于续聘会计师事务所的公告,2025-10-25,http://static.cninfo.com.cn/finalpage/2025-10-25/1224733177.PDF,1224733177,会计师事务所
600604,市北高新,市北高新：市北高新关于续聘会计师事务所公告,2025-10-25,http://static.cninfo.com.cn/finalpage/2025-10-25/1224734585.PDF,1224734585,会计师事务所
300343,ST联创,ST联创：关于续聘会计师事务所的公告,2025-10-25,http://static.cninfo.com.cn/finalpage/2025-10-25/1224733439.PDF,1224733439,会计师事务所
603616,韩建河山,韩建河山：会计师事务所选聘制度（2025年10月修订）,2025-10-25,http://static.cninfo.com.cn/finalpage/2025-10-25/1224736780.PDF,1224736780,会计师事务所
000670,盈方微,盈方微：会计师事务所选聘制度（2025年10月）,2025-10-25,http://static.cninfo.com.cn/finalpage/2025-10-25/1224735481.PDF,1224735481,会计师事务所
300880,迦南智能,迦南智能：关于拟聘任会计师事务所的公告,2025-10-25,http://static.cninfo.com.cn/finalpage/2025-10-25/1224736166.PDF,1224736166,会计师事务所
688088,虹软科技,虹软科技：会计师事务所选聘制度,2025-10-25,http://static.cninfo.com.cn/finalpage/2025-10-25/1224736892.PDF,1224736892,会计师事务所
000639,西王食品,西王食品：关于更换会计师事务所的公告,2025-10-25,http://static.cninfo.com.cn/finalpage/2025-10-25/1224731427.PDF,1224731427,会计师事务所
159501,纳指ETF嘉实,纳指ETF嘉实：嘉实基金管理有限公司关于旗下基金改聘会计师事务所的公告,2025-10-25,http://static.cninfo.com.cn/finalpage/2025-10-25/1224731371.PDF,1224731371,会计师事务所
001400,江顺科技,江顺科技：江苏江顺精密科技集团股份有限公司关于变更会计师事务所的公告,2025-10-25,http://static.cninfo.com.cn/finalpage/2025-10-25/1224733231.PDF,1224733231,会计师事务所
301268,铭利达,铭利达：深圳市铭利达精密技术股份有限公司会计师事务所选聘制度,2025-10-25,http://static.cninfo.com.cn/finalpage/2025-10-25/1224734100.PDF,1224734100,会计师事务所
001313,粤海饲料,粤海饲料：会计师事务所选聘制度(2025年10月）,2025-10-25,http://static.cninfo.com.cn/finalpage/2025-10-25/1224733866.PDF,1224733866,会计师事务所
600576,祥源文旅,祥源文旅：会计师事务所选聘制度（2025年10月）,2025-10-25,http://static.cninfo.com.cn/finalpage/2025-10-25/1224736219.PDF,1224736219,会计师事务所
603058,永吉股份,永吉股份：贵州永吉印务股份有限公司会计师事务所选聘制度（2025年10月）,2025-10-25,http://static.cninfo.com.cn/finalpage/2025-10-25/1224736810.PDF,1224736810,会计师事务所
000670,盈方微,盈方微：拟续聘会计师事务所的公告,2025-10-25,http://static.cninfo.com.cn/finalpage/2025-10-25/1224735502.PDF,1224735502,会计师事务所
002167,东方锆业,东方锆业：关于续聘会计师事务所的公告,2025-10-25,http://static.cninfo.com.cn/finalpage/2025-10-25/1224735207.PDF,1224735207,会计师事务所
600063,皖维高新,皖维高新：皖维高新会计师事务所选聘制度（修订稿）,2025-10-25,http://static.cninfo.com.cn/finalpage/2025-10-25/1224734482.PDF,1224734482,会计师事务所
688707,振华新材,振华新材：关于续聘会计师事务所公告,2025-10-25,http://static.cninfo.com.cn/finalpage/2025-10-25/1224734530.PDF,1224734530,会计师事务所
600390,五矿资本,五矿资本：五矿资本股份有限公司关于续聘会计师事务所的公告,2025-10-25,http://static.cninfo.com.cn/finalpage/2025-10-25/1224733097.PDF,1224733097,会计师事务所
000158,常山北明,常山北明：关于聘任会计师事务所的公告,2025-10-25,http://static.cninfo.com.cn/finalpage/2025-10-25/1224731480.PDF,1224731480,会计师事务所
002690,美亚光电,美亚光电：会计师事务所选聘制度,2025-10-25,http://static.cninfo.com.cn/finalpage/2025-10-25/1224730956.PDF,1224730956,会计师事务所
300865,大宏立,大宏立：关于拟续聘2025年度会计师事务所的公告,2025-10-25,http://static.cninfo.com.cn/finalpage/2025-10-25/1224731291.PDF,1224731291,会计师事务所
300155,安居宝,安居宝：会计师事务所选聘制度(2025年10月),2025-10-25,http://static.cninfo.com.cn/finalpage/2025-10-25/1224733279.PDF,1224733279,会计师事务所
688387,信科移动,信科移动：关于续聘会计师事务所的公告,2025-10-25,http://static.cninfo.com.cn/finalpage/2025-10-25/1224735398.PDF,1224735398,会计师事务所
000060,中金岭南,中金岭南：中审众环会计师事务所（特殊普通合伙）关于深圳市中金岭南有色金属股份有限公司申请向特定对象发行股票的审核问询函之回复报告,2025-10-25,http://static.cninfo.com.cn/finalpage/2025-10-25/1224730988.PDF,1224730988,会计师事务所
159389,数字经济ETF嘉实,数字经济ETF嘉实：嘉实基金管理有限公司关于旗下基金改聘会计师事务所的公告,2025-10-25,http://static.cninfo.com.cn/finalpage/2025-10-25/1224731370.PDF,1224731370,会计师事务所
160727,嘉实创业两年定开,嘉实创业两年定开：嘉实基金管理有限公司关于旗下基金改聘会计师事务所的公告,2025-10-25,http://static.cninfo.com.cn/finalpage/2025-10-25/1224731377.PDF,1224731377,会计师事务所
688201,信安世纪,信安世纪：容诚会计师事务所（特殊普通合伙）关于北京信安世纪科技股份有限公司向不特定对象发行可转换公司债券申请文件的审核问询函中有关财务会计问题的专项说明,2025-10-25,http://static.cninfo.com.cn/finalpage/2025-10-25/1224732636.PDF,1224732636,会计师事务所
688216,气派科技,气派科技：天职国际会计师事务所（特殊普通合伙）关于气派科技股份有限公司向特定对象发行A股股票的财务报告及审计报告,2025-10-25,http://static.cninfo.com.cn/finalpage/2025-10-25/1224732678.PDF,1224732678,会计师事务所
688622,禾信仪器,禾信仪器：致同会计师事务所（特殊普通合伙）关于广州禾信仪器股份有限公司发行股份及支付现金购买资产并募集配套资金暨关联交易申请的审核问询函中有关财务会计问题的回复之核查意见,2025-10-25,http://static.cninfo.com.cn/finalpage/2025-10-25/1224730375.PDF,1224730375,会计师事务所
300877,金春股份,金春股份：会计师事务所选聘制度（2025年10月）,2025-10-25,http://static.cninfo.com.cn/finalpage/2025-10-25/1224736132.PDF,1224736132,会计师事务所
002648,卫星化学,卫星化学：关于续聘会计师事务所的公告,2025-10-25,http://static.cninfo.com.cn/finalpage/2025-10-25/1224736939.PDF,1224736939,会计师事务所
603132,金徽股份,金徽股份：金徽矿业股份有限公司会计师事务所选聘制度（2025年10月）,2025-10-25,http://static.cninfo.com.cn/finalpage/2025-10-25/1224730777.PDF,1224730777,会计师事务所
301305,朗坤科技,朗坤科技：会计师事务所选聘制度,2025-10-25,http://static.cninfo.com.cn/finalpage/2025-10-25/1224731553.PDF,1224731553,会计师事务所
000576,甘化科工,甘化科工：会计师事务所选聘制度（2025年10月）,2025-10-25,http://static.cninfo.com.cn/finalpage/2025-10-25/1224732101.PDF,1224732101,会计师事务所
002626,金达威,金达威：会计师事务所选聘制度（2025年10月）,2025-10-25,http://static.cninfo.com.cn/finalpage/2025-10-25/1224732409.PDF,1224732409,会计师事务所
600231,凌钢股份,凌钢股份：凌源钢铁股份有限公司关于续聘会计师事务所的公告,2025-10-25,http://static.cninfo.com.cn/finalpage/2025-10-25/1224732643.PDF,1224732643,会计师事务所
002706,良信股份,良信股份：会计师事务所选聘制度,2025-10-25,http://static.cninfo.com.cn/finalpage/2025-10-25/1224732457.PDF,1224732457,会计师事务所
002678,珠江钢琴,珠江钢琴：关于变更会计师事务所的公告,2025-10-25,http://static.cninfo.com.cn/finalpage/2025-10-25/1224731987.PDF,1224731987,会计师事务所
300636,同和药业,同和药业：会计师事务所选聘制度（2025年10月）,2025-10-25,http://static.cninfo.com.cn/finalpage/2025-10-25/1224733517.PDF,1224733517,会计师事务所
600693,东百集团,东百集团：东百集团会计师事务所选聘制度（修订）,2025-10-25,http://static.cninfo.com.cn/finalpage/2025-10-25/1224735603.PDF,1224735603,会计师事务所
600746,江苏索普,江苏索普：立信会计师事务所（特殊普通合伙）关于江苏索普化工股份有限公司向特定对象发行股票的财务报告及审计报告,2025-10-25,http://static.cninfo.com.cn/finalpage/2025-10-25/1224735931.PDF,1224735931,会计师事务所
688399,硕世生物,硕世生物：江苏硕世生物科技股份有限公司会计师事务所选聘制度,2025-10-25,http://static.cninfo.com.cn/finalpage/2025-10-25/1224736401.PDF,1224736401,会计师事务所
002240,盛新锂能,盛新锂能：会计师事务所选聘制度（2025年10月）,2025-10-25,http://static.cninfo.com.cn/finalpage/2025-10-25/1224734391.PDF,1224734391,会计师事务所
300437,清水源,清水源：关于拟续聘会计师事务所的公告,2025-10-25,http://static.cninfo.com.cn/finalpage/2025-10-25/1224736187.PDF,1224736187,会计师事务所
300930,屹通新材,屹通新材：《会计师事务所选聘制度》2025.10修订,2025-10-25,http://static.cninfo.com.cn/finalpage/2025-10-25/1224735047.PDF,1224735047,会计师事务所
300184,力源信息,力源信息：会计师事务所选聘制度（2025年10月24日）,2025-10-25,http://static.cninfo.com.cn/finalpage/2025-10-25/1224735878.PDF,1224735878,会计师事务所
002578,闽发铝业,闽发铝业：关于续聘会计师事务所的公告,2025-10-25,http://static.cninfo.com.cn/finalpage/2025-10-25/1224737496.PDF,1224737496,会计师事务所
002047,*ST宝鹰,*ST宝鹰：大华会计师事务所（特殊普通合伙）关于公司截止2025年6月30日内部控制审计报告,2025-10-25,http://static.cninfo.com.cn/finalpage/2025-10-25/1224737894.PDF,1224737894,会计师事务所
002783,凯龙股份,凯龙股份：关于拟续聘立信会计师事务所（特殊普通合伙）为公司2025年度财务报告审计机构的公告,2025-10-25,http://static.cninfo.com.cn/finalpage/2025-10-25/1224730492.PDF,1224730492,会计师事务所
603838,*ST四通,*ST四通：四通股份会计师事务所选聘制度(2025年10月修订）,2025-10-25,http://static.cninfo.com.cn/finalpage/2025-10-25/1224731895.PDF,1224731895,会计师事务所
002327,富安娜,富安娜：会计师事务所选聘制度（2025年10月）,2025-10-25,http://static.cninfo.com.cn/finalpage/2025-10-25/1224731009.PDF,1224731009,会计师事务所
159625,绿色电力ETF,绿色电力ETF：嘉实基金管理有限公司关于旗下基金改聘会计师事务所的公告,2025-10-25,http://static.cninfo.com.cn/finalpage/2025-10-25/1224731373.PDF,1224731373,会计师事务所
159875,新能源ETF,新能源ETF：嘉实基金管理有限公司关于旗下基金改聘会计师事务所的公告,2025-10-25,http://static.cninfo.com.cn/finalpage/2025-10-25/1224731375.PDF,1224731375,会计师事务所
000965,天保基建,天保基建：关于拟续聘会计师事务所的公告,2025-10-25,http://static.cninfo.com.cn/finalpage/2025-10-25/1224734416.PDF,1224734416,会计师事务所
603568,伟明环保,伟明环保：伟明环保会计师事务所选聘制度（2025年修订）,2025-10-25,http://static.cninfo.com.cn/finalpage/2025-10-25/1224735302.PDF,1224735302,会计师事务所
600973,宝胜股份,宝胜股份：宝胜科技创新股份有限公司会计师事务所选聘制度,2025-10-25,http://static.cninfo.com.cn/finalpage/2025-10-25/1224734565.PDF,1224734565,会计师事务所
300563,神宇股份,神宇股份：会计师事务所选聘制度,2025-10-25,http://static.cninfo.com.cn/finalpage/2025-10-25/1224734065.PDF,1224734065,会计师事务所
300825,阿尔特,阿尔特：《会计师事务所选聘制度》（2025年10月）,2025-10-25,http://static.cninfo.com.cn/finalpage/2025-10-25/1224736199.PDF,1224736199,会计师事务所
300912,凯龙高科,凯龙高科：会计师事务所选聘制度,2025-10-25,http://static.cninfo.com.cn/finalpage/2025-10-25/1224736605.PDF,1224736605,会计师事务所
300322,硕贝德,硕贝德：会计师事务所选聘制度（2025年10月）,2025-10-25,http://static.cninfo.com.cn/finalpage/2025-10-25/1224737161.PDF,1224737161,会计师事务所
688232,新点软件,新点软件：新点软件关于续聘会计师事务所的公告,2025-10-25,http://static.cninfo.com.cn/finalpage/2025-10-25/1224732897.PDF,1224732897,会计师事务所
159741,恒生科技ETF嘉实,恒生科技ETF嘉实：嘉实基金管理有限公司关于旗下基金改聘会计师事务所的公告,2025-10-25,http://static.cninfo.com.cn/finalpage/2025-10-25/1224731374.PDF,1224731374,会计师事务所
002748,世龙实业,世龙实业：会计师事务所选聘制度（2025年10月）,2025-10-25,http://static.cninfo.com.cn/finalpage/2025-10-25/1224731396.PDF,1224731396,会计师事务所
688670,金迪克,金迪克：江苏金迪克生物技术股份有限公司会计师事务所选聘制度,2025-10-25,http://static.cninfo.com.cn/finalpage/2025-10-25/1224732237.PDF,1224732237,会计师事务所
301235,华康洁净,华康洁净：关于续聘2025年度会计师事务所的公告,2025-10-25,http://static.cninfo.com.cn/finalpage/2025-10-25/1224732735.PDF,1224732735,会计师事务所
002819,东方中科,东方中科：关于续聘会计师事务所的公告,2025-10-25,http://static.cninfo.com.cn/finalpage/2025-10-25/1224733336.PDF,1224733336,会计师事务所
002192,融捷股份,融捷股份：关于续聘会计师事务所的公告,2025-10-25,http://static.cninfo.com.cn/finalpage/2025-10-25/1224733588.PDF,1224733588,会计师事务所
603790,雅运股份,雅运股份：上海雅运纺织化工股份有限公司会计师事务所选聘制度,2025-10-25,http://static.cninfo.com.cn/finalpage/2025-10-25/1224731577.PDF,1224731577,会计师事务所
301328,维峰电子,维峰电子：维峰电子（广东）股份有限公司会计师事务所选聘制度（2025年10月）,2025-10-25,http://static.cninfo.com.cn/finalpage/2025-10-25/1224730695.PDF,1224730695,会计师事务所
600963,岳阳林纸,岳阳林纸：岳阳林纸股份有限公司关于续聘天健会计师事务所（特殊普通合伙）为公司2025年度财务审计机构及内控审计机构的公告,2025-10-25,http://static.cninfo.com.cn/finalpage/2025-10-25/1224731321.PDF,1224731321,会计师事务所
002785,万里石,万里石：厦门万里石股份有限公司会计师事务所选聘制度（2025年10月）,2025-10-25,http://static.cninfo.com.cn/finalpage/2025-10-25/1224737528.PDF,1224737528,会计师事务所
002900,哈三联,哈三联：关于聘任2025年度会计师事务所的公告,2025-10-25,http://static.cninfo.com.cn/finalpage/2025-10-25/1224737550.PDF,1224737550,会计师事务所
600380,健康元,健康元：健康元药业集团股份有限公司会计师事务所选聘制度（修订版）,2025-10-25,http://static.cninfo.com.cn/finalpage/2025-10-25/1224737651.PDF,1224737651,会计师事务所
002783,凯龙股份,凯龙股份：关于拟续聘中审众环会计师事务所（特殊普通合伙）为公司2025年度内部控制审计机构的公告,2025-10-25,http://static.cninfo.com.cn/finalpage/2025-10-25/1224730491.PDF,1224730491,会计师事务所
603207,小方制药,小方制药：关于变更会计师事务所的公告,2025-10-25,http://static.cninfo.com.cn/finalpage/2025-10-25/1224736883.PDF,1224736883,会计师事务所
603881,数据港,数据港：上海数据港股份有限公司关于续聘2025年度会计师事务所的公告,2025-10-25,http://static.cninfo.com.cn/finalpage/2025-10-25/1224737045.PDF,1224737045,会计师事务所
301486,致尚科技,致尚科技：上会会计师事务所（特殊普通合伙）关于深圳市致尚科技股份有限公司申请发行股份、现金购买资产的审核问询函的回复,2025-10-24,http://static.cninfo.com.cn/finalpage/2025-10-24/1224737196.PDF,1224737196,会计师事务所
300964,本川智能,本川智能：致同会计师事务所（特殊普通合伙）关于江苏本川智能电路科技股份有限公司申请向不特定对象发行可转换公司债券第二轮审核问询函中有关财务会计问题的专项说明,2025-10-24,http://static.cninfo.com.cn/finalpage/2025-10-24/1224736265.PDF,1224736265,会计师事务所
603162,海通发展,海通发展：致同会计师事务所（特殊普通合伙）关于福建海通发展股份有限公司向特定对象发行股票申请文件的审核问询函中有关财务会计问题的回复,2025-10-24,http://static.cninfo.com.cn/finalpage/2025-10-24/1224729424.PDF,1224729424,会计师事务所
603938,三孚股份,三孚股份：三孚股份：关于聘任会计师事务所的公告,2025-10-24,http://static.cninfo.com.cn/finalpage/2025-10-24/1224729509.pdf,1224729509,会计师事务所
603208,江山欧派,江山欧派：江山欧派会计师事务所选聘制度（2025年10月修订）,2025-10-24,http://static.cninfo.com.cn/finalpage/2025-10-24/1224728669.PDF,1224728669,会计师事务所
603900,莱绅通灵,莱绅通灵：莱绅通灵会计师事务所选聘制度,2025-10-24,http://static.cninfo.com.cn/finalpage/2025-10-24/1224729039.PDF,1224729039,会计师事务所
300465,高伟达,高伟达：会计师事务所选聘制度,2025-10-24,http://static.cninfo.com.cn/finalpage/2025-10-24/1224727684.PDF,1224727684,会计师事务所
002261,拓维信息,拓维信息：《会计师事务所选聘制度》（2025年10月）,2025-10-24,http://static.cninfo.com.cn/finalpage/2025-10-24/1224729619.PDF,1224729619,会计师事务所
002461,珠江啤酒,珠江啤酒：关于拟续聘会计师事务所的公告,2025-10-24,http://static.cninfo.com.cn/finalpage/2025-10-24/1224726964.PDF,1224726964,会计师事务所
300445,康斯特,康斯特：北京康斯特仪表科技股份有限公司关于拟变更会计师事务所的公告,2025-10-24,http://static.cninfo.com.cn/finalpage/2025-10-24/1224728577.PDF,1224728577,会计师事务所
688038,中科通达,中科通达：会计师事务所选聘管理办法（2025年10月修订）,2025-10-24,http://static.cninfo.com.cn/finalpage/2025-10-24/1224729289.PDF,1224729289,会计师事务所
002213,大为股份,大为股份：会计师事务所选聘制度（2025年10月）,2025-10-24,http://static.cninfo.com.cn/finalpage/2025-10-24/1224729247.PDF,1224729247,会计师事务所
688114,华大智造,华大智造：会计师事务所选聘制度（2025年10月）,2025-10-24,http://static.cninfo.com.cn/finalpage/2025-10-24/1224729399.PDF,1224729399,会计师事务所
600711,盛屯矿业,盛屯矿业：盛屯矿业集团股份有限公司会计师事务所选聘制度（2025年10月修订）,2025-10-24,http://static.cninfo.com.cn/finalpage/2025-10-24/1224729489.PDF,1224729489,会计师事务所
300932,三友联众,三友联众：会计师事务所选聘制度,2025-10-24,http://static.cninfo.com.cn/finalpage/2025-10-24/1224728797.PDF,1224728797,会计师事务所
301075,多瑞医药,多瑞医药：会计师事务所选聘制度,2025-10-24,http://static.cninfo.com.cn/finalpage/2025-10-24/1224727039.PDF,1224727039,会计师事务所
002587,奥拓电子,奥拓电子：关于拟续聘会计师事务所的公告,2025-10-24,http://static.cninfo.com.cn/finalpage/2025-10-24/1224727480.PDF,1224727480,会计师事务所
600971,恒源煤电,恒源煤电：恒源煤电关于续聘会计师事务所的公告,2025-10-24,http://static.cninfo.com.cn/finalpage/2025-10-24/1224727960.PDF,1224727960,会计师事务所
688687,凯因科技,凯因科技：凯因科技会计师事务所选聘制度（2025年10月）,2025-10-24,http://static.cninfo.com.cn/finalpage/2025-10-24/1224728175.PDF,1224728175,会计师事务所
603938,三孚股份,三孚股份：三孚股份：会计师事务所选聘制度,2025-10-24,http://static.cninfo.com.cn/finalpage/2025-10-24/1224728641.PDF,1224728641,会计师事务所
600710,苏美达,苏美达：关于续聘会计师事务所的公告,2025-10-24,http://static.cninfo.com.cn/finalpage/2025-10-24/1224728494.PDF,1224728494,会计师事务所
688004,博汇科技,博汇科技：博汇科技会计师事务所选聘制度（2025年10月）,2025-10-24,http://static.cninfo.com.cn/finalpage/2025-10-24/1224729199.PDF,1224729199,会计师事务所
000905,厦门港务,厦门港务：容诚会计师事务所(特殊普通合伙)关于厦门港务发展股份有限公司发行股份购买资产并募集配套资金申请的审核问询函的专项说明,2025-10-24,http://static.cninfo.com.cn/finalpage/2025-10-24/1224729645.PDF,1224729645,会计师事务所
300676,华大基因,华大基因：会计师事务所选聘制度（2025年10月）,2025-10-24,http://static.cninfo.com.cn/finalpage/2025-10-24/1224729873.PDF,1224729873,会计师事务所
300105,龙源技术,龙源技术：关于续聘中兴华会计师事务所为公司2025年度审计机构的公告,2025-10-24,http://static.cninfo.com.cn/finalpage/2025-10-24/1224727102.PDF,1224727102,会计师事务所
601065,江盐集团,江盐集团：关于变更会计师事务所的公告,2025-10-24,http://static.cninfo.com.cn/finalpage/2025-10-24/1224728819.PDF,1224728819,会计师事务所
300445,康斯特,康斯特：北京康斯特仪表科技股份有限公司会计师事务所聘任制度,2025-10-24,http://static.cninfo.com.cn/finalpage/2025-10-24/1224738342.PDF,1224738342,会计师事务所
605389,长龄液压,长龄液压：江苏长龄液压股份有限公司会计师事务所选聘制度（2025年10月）,2025-10-24,http://static.cninfo.com.cn/finalpage/2025-10-24/1224728156.PDF,1224728156,会计师事务所
600711,盛屯矿业,盛屯矿业：盛屯矿业集团股份有限公司关于续聘会计师事务所的公告,2025-10-24,http://static.cninfo.com.cn/finalpage/2025-10-24/1224729499.PDF,1224729499,会计师事务所
688004,博汇科技,博汇科技：博汇科技关于续聘会计师事务所的公告,2025-10-24,http://static.cninfo.com.cn/finalpage/2025-10-24/1224729204.PDF,1224729204,会计师事务所
600575,淮河能源,淮河能源：天健会计师事务所（特殊普通合伙）关于淮河能源（集团）股份有限公司发行股份及支付现金购买资产暨关联交易申请的审核问询函中有关财务事项的说明,2025-10-24,http://static.cninfo.com.cn/finalpage/2025-10-24/1224729932.PDF,1224729932,会计师事务所
603089,正裕工业,正裕工业：天健会计师事务所（特殊普通合伙）关于浙江正裕工业股份有限公司向特定对象发行股票的财务报告及审计报告,2025-10-24,http://static.cninfo.com.cn/finalpage/2025-10-24/1224727613.PDF,1224727613,会计师事务所
605333,沪光股份,沪光股份：立信会计师事务所（特殊普通合伙）关于昆山沪光汽车电器股份有限公司使用募集资金置换预先投入募投项目和已支付发行费用的自筹资金的鉴证报告,2025-10-24,http://static.cninfo.com.cn/finalpage/2025-10-24/1224728347.PDF,1224728347,会计师事务所
000877,天山股份,天山股份：关于拟续聘会计师事务所的公告,2025-10-24,http://static.cninfo.com.cn/finalpage/2025-10-24/1224729142.PDF,1224729142,会计师事务所
002213,大为股份,大为股份：关于拟续聘会计师事务所的公告,2025-10-24,http://static.cninfo.com.cn/finalpage/2025-10-24/1224729266.PDF,1224729266,会计师事务所
002254,泰和新材,泰和新材：会计师事务所选聘制度,2025-10-24,http://static.cninfo.com.cn/finalpage/2025-10-24/1224728834.PDF,1224728834,会计师事务所
301195,北路智控,北路智控：关于续聘会计师事务所的公告,2025-10-24,http://static.cninfo.com.cn/finalpage/2025-10-24/1224727567.PDF,1224727567,会计师事务所
000513,丽珠集团,丽珠集团：会计师事务所选聘制度,2025-10-24,http://static.cninfo.com.cn/finalpage/2025-10-24/1224727649.PDF,1224727649,会计师事务所
920726,朱老六,[临时公告]朱老六:拟续聘2025年度会计师事务所公告,2025-10-24,http://static.cninfo.com.cn/finalpage/2025-10-24/1224735706.PDF,1224735706,会计师事务所
01513,丽珠医药,丽珠医药：海外监管公告-会计师事务所选聘制度,2025-10-23,http://static.cninfo.com.cn/finalpage/2025-10-23/1224728514.PDF,1224728514,会计师事务所
000848,承德露露,承德露露：会计师事务所选聘制度,2025-10-23,http://static.cninfo.com.cn/finalpage/2025-10-23/1224725687.PDF,1224725687,会计师事务所
300293,蓝英装备,蓝英装备：会计师事务所选聘制度,2025-10-23,http://static.cninfo.com.cn/finalpage/2025-10-23/1224725214.PDF,1224725214,会计师事务所
301632,广东建科,广东建科：广东建科：立信会计师事务所（特殊普通合伙）关于广东省建筑科学研究院集团股份有限公司募集资金置换专项鉴证报告,2025-10-23,http://static.cninfo.com.cn/finalpage/2025-10-23/1224724760.PDF,1224724760,会计师事务所
300908,仲景食品,仲景食品：会计师事务所选聘制度,2025-10-23,http://static.cninfo.com.cn/finalpage/2025-10-23/1224725101.PDF,1224725101,会计师事务所
300045,华力创通,华力创通：关于续聘会计师事务所的公告,2025-10-23,http://static.cninfo.com.cn/finalpage/2025-10-23/1224725172.PDF,1224725172,会计师事务所
301360,荣旗科技,荣旗科技：关于续聘2025年度会计师事务所的公告,2025-10-23,http://static.cninfo.com.cn/finalpage/2025-10-23/1224726457.PDF,1224726457,会计师事务所
300407,凯发电气,凯发电气：关于变更会计师事务所的公告,2025-10-23,http://static.cninfo.com.cn/finalpage/2025-10-23/1224724501.PDF,1224724501,会计师事务所
301498,乖宝宠物,乖宝宠物：会计师事务所选聘制度,2025-10-23,http://static.cninfo.com.cn/finalpage/2025-10-23/1224724249.PDF,1224724249,会计师事务所
605086,龙高股份,龙高股份：龙岩高岭土股份有限公司关于续聘会计师事务所的公告,2025-10-23,http://static.cninfo.com.cn/finalpage/2025-10-23/1224725136.PDF,1224725136,会计师事务所
300455,航天智装,航天智装：关于续聘会计师事务所的公告,2025-10-23,http://static.cninfo.com.cn/finalpage/2025-10-23/1224726385.PDF,1224726385,会计师事务所
688085,三友医疗,三友医疗：关于续聘会计师事务所的公告,2025-10-23,http://static.cninfo.com.cn/finalpage/2025-10-23/1224725403.PDF,1224725403,会计师事务所
300214,日科化学,日科化学：会计师事务所选聘制度,2025-10-23,http://static.cninfo.com.cn/finalpage/2025-10-23/1224725818.PDF,1224725818,会计师事务所
000530,冰山冷热,冰山冷热：会计师事务所选聘制度,2025-10-23,http://static.cninfo.com.cn/finalpage/2025-10-23/1224724571.PDF,1224724571,会计师事务所
000506,招金黄金,招金黄金：会计师事务所选聘制度,2025-10-23,http://static.cninfo.com.cn/finalpage/2025-10-23/1224725375.PDF,1224725375,会计师事务所
002407,多氟多,多氟多：多氟多关于变更会计师事务所的公告,2025-10-23,http://static.cninfo.com.cn/finalpage/2025-10-23/1224724302.PDF,1224724302,会计师事务所
301588,美新科技,美新科技：美新科技股份有限公司会计师事务所选聘制度,2025-10-23,http://static.cninfo.com.cn/finalpage/2025-10-23/1224726620.PDF,1224726620,会计师事务所
605003,众望布艺,众望布艺：会计师事务所选聘制度,2025-10-23,http://static.cninfo.com.cn/finalpage/2025-10-23/1224726004.PDF,1224726004,会计师事务所
301386,未来电器,未来电器：《会计师事务所选聘制度》（2025年10月）,2025-10-23,http://static.cninfo.com.cn/finalpage/2025-10-23/1224726393.PDF,1224726393,会计师事务所
301036,双乐股份,双乐股份：立信会计师事务所（特殊普通合伙）关于《关于双乐颜料股份有限公司申请向不特定对象发行可转换公司债券的审核问询函》的回复,2025-10-22,http://static.cninfo.com.cn/finalpage/2025-10-22/1224726678.PDF,1224726678,会计师事务所
524146,25华能资01,25华能资01：关于华能资本服务有限公司会计师事务所发生变更的临时受托管理事务报告,2025-10-22,http://static.cninfo.com.cn/finalpage/2025-10-22/1224726207.PDF,1224726207,会计师事务所
524002,24华能资01,24华能资01：关于华能资本服务有限公司会计师事务所发生变更的临时受托管理事务报告,2025-10-22,http://static.cninfo.com.cn/finalpage/2025-10-22/1224726208.PDF,1224726208,会计师事务所
524003,24华能资02,24华能资02：关于华能资本服务有限公司会计师事务所发生变更的临时受托管理事务报告,2025-10-22,http://static.cninfo.com.cn/finalpage/2025-10-22/1224726209.PDF,1224726209,会计师事务所
149832,22华资02,22华资02：中信证券股份有限公司关于华能资本服务有限公司会计师事务所发生变更的受托管理事务临时报告,2025-10-22,http://static.cninfo.com.cn/finalpage/2025-10-22/1224724677.PDF,1224724677,会计师事务所
149734,21华资02,21华资02：中信证券股份有限公司关于华能资本服务有限公司会计师事务所发生变更的受托管理事务临时报告,2025-10-22,http://static.cninfo.com.cn/finalpage/2025-10-22/1224724678.PDF,1224724678,会计师事务所
601798,蓝科高新,蓝科高新：甘肃蓝科石化高新装备股份有限公司关于变更会计师事务所的公告,2025-10-22,http://static.cninfo.com.cn/finalpage/2025-10-22/1224722875.PDF,1224722875,会计师事务所
301138,华研精机,华研精机：《会计师事务所选聘制度》,2025-10-22,http://static.cninfo.com.cn/finalpage/2025-10-22/1224723314.PDF,1224723314,会计师事务所
300029,*ST天龙,*ST天龙：关于拟续聘会计师事务所的公告,2025-10-22,http://static.cninfo.com.cn/finalpage/2025-10-22/1224722561.PDF,1224722561,会计师事务所
300828,锐新科技,锐新科技：会计师事务所选聘制度（2025年10月）,2025-10-22,http://static.cninfo.com.cn/finalpage/2025-10-22/1224723803.PDF,1224723803,会计师事务所
300828,锐新科技,锐新科技：关于拟变更会计师事务所的公告,2025-10-22,http://static.cninfo.com.cn/finalpage/2025-10-22/1224723813.PDF,1224723813,会计师事务所
301256,华融化学,华融化学：会计师事务所选聘制度,2025-10-22,http://static.cninfo.com.cn/finalpage/2025-10-22/1224722446.PDF,1224722446,会计师事务所
002363,隆基机械,隆基机械：会计师事务所选聘制度（2025年10月）,2025-10-22,http://static.cninfo.com.cn/finalpage/2025-10-22/1224723942.PDF,1224723942,会计师事务所
601179,中国西电,中国西电：中国西电关于续聘会计师事务所的公告,2025-10-22,http://static.cninfo.com.cn/finalpage/2025-10-22/1224723916.PDF,1224723916,会计师事务所
000691,*ST亚太,*ST亚太：关于拟聘任会计师事务所的公告,2025-10-22,http://static.cninfo.com.cn/finalpage/2025-10-22/1224723256.PDF,1224723256,会计师事务所
688018,乐鑫科技,乐鑫科技：天职国际会计师事务所（特殊普通合伙）关于乐鑫信息科技（上海）股份有限公司以募集资金置换预先投入募投项目及已支付发行费用的自筹资金的专项鉴证报告,2025-10-22,http://static.cninfo.com.cn/finalpage/2025-10-22/1224723775.PDF,1224723775,会计师事务所
603129,春风动力,春风动力：立信会计师事务所（特殊普通合伙）关于浙江春风动力股份有限公司向不特定对象发行可转换公司债券申请文件的审核问询函的回复,2025-10-22,http://static.cninfo.com.cn/finalpage/2025-10-22/1224723986.PDF,1224723986,会计师事务所
600844,金煤科技,金煤科技：众华会计师事务所（特殊普通合伙）关于内蒙古金煤化工科技股份有限公司向特定对象发行股票问询函有关财务问题的专项说明,2025-10-22,http://static.cninfo.com.cn/finalpage/2025-10-22/1224724085.PDF,1224724085,会计师事务所
300690,双一科技,双一科技：会计师事务所选聘制度,2025-10-21,http://static.cninfo.com.cn/finalpage/2025-10-21/1224720288.PDF,1224720288,会计师事务所
600381,*ST春天,*ST春天：青海春天关于续聘会计师事务所的公告,2025-10-21,http://static.cninfo.com.cn/finalpage/2025-10-21/1224720937.PDF,1224720937,会计师事务所
000830,鲁西化工,鲁西化工：会计师事务所选聘制度,2025-10-21,http://static.cninfo.com.cn/finalpage/2025-10-21/1224720580.PDF,1224720580,会计师事务所
603506,南都物业,南都物业：南都物业物业服务集团股份有限公司会计师事务所选聘制度,2025-10-21,http://static.cninfo.com.cn/finalpage/2025-10-21/1224721536.PDF,1224721536,会计师事务所
300221,银禧科技,银禧科技：会计师事务所选聘制度,2025-10-21,http://static.cninfo.com.cn/finalpage/2025-10-21/1224721890.PDF,1224721890,会计师事务所
600191,华资实业,华资实业：华资实业会计师事务所选聘制度（2025年10月修订）,2025-10-21,http://static.cninfo.com.cn/finalpage/2025-10-21/1224721592.PDF,1224721592,会计师事务所
603950,长源东谷,长源东谷：会计师事务所选聘制度（2025年10月制订）,2025-10-21,http://static.cninfo.com.cn/finalpage/2025-10-21/1224721344.PDF,1224721344,会计师事务所
600287,苏豪时尚,苏豪时尚：苏豪时尚关于变更会计师事务所的公告,2025-10-21,http://static.cninfo.com.cn/finalpage/2025-10-21/1224721383.PDF,1224721383,会计师事务所
603917,合力科技,合力科技：合力科技：会计师事务所选聘制度（2025年10月修订）,2025-10-21,http://static.cninfo.com.cn/finalpage/2025-10-21/1224720385.PDF,1224720385,会计师事务所
000088,盐 田 港,盐 田 港：关于拟续聘公司会计师事务所的公告,2025-10-21,http://static.cninfo.com.cn/finalpage/2025-10-21/1224722024.PDF,1224722024,会计师事务所
600381,*ST春天,*ST春天：青海春天会计师事务所选聘办法（草案）,2025-10-21,http://static.cninfo.com.cn/finalpage/2025-10-21/1224720922.PDF,1224720922,会计师事务所
600078,澄星股份,澄星股份：江苏澄星磷化工股份有限公司关于变更会计师事务所的公告,2025-10-21,http://static.cninfo.com.cn/finalpage/2025-10-21/1224721647.PDF,1224721647,会计师事务所
603227,雪峰科技,雪峰科技：新疆雪峰科技（集团）股份有限公司关于聘任2025年度会计师事务所的公告,2025-10-21,http://static.cninfo.com.cn/finalpage/2025-10-21/1224721659.PDF,1224721659,会计师事务所
603193,润本股份,润本股份：关于续聘会计师事务所的公告,2025-10-21,http://static.cninfo.com.cn/finalpage/2025-10-21/1224721028.PDF,1224721028,会计师事务所
601515,东峰集团,东峰集团：东峰集团关于变更会计师事务所的公告,2025-10-21,http://static.cninfo.com.cn/finalpage/2025-10-21/1224720971.PDF,1224720971,会计师事务所
600191,华资实业,华资实业：华资实业关于聘任会计师事务所的公告,2025-10-21,http://static.cninfo.com.cn/finalpage/2025-10-21/1224721576.PDF,1224721576,会计师事务所
002986,宇新股份,宇新股份：会计师事务所选聘制度（2025年10月修订）,2025-10-21,http://static.cninfo.com.cn/finalpage/2025-10-21/1224721825.PDF,1224721825,会计师事务所
603167,渤海轮渡,渤海轮渡：渤海轮渡集团股份有限公司关于续聘会计师事务所的公告,2025-10-21,http://static.cninfo.com.cn/finalpage/2025-10-21/1224721759.PDF,1224721759,会计师事务所
000948,南天信息,南天信息：关于续聘会计师事务所的公告,2025-10-21,http://static.cninfo.com.cn/finalpage/2025-10-21/1224721273.PDF,1224721273,会计师事务所
524146,25华能资01,25华能资01：华能资本服务有限公司关于会计师事务所发生变更的公告,2025-10-20,http://static.cninfo.com.cn/finalpage/2025-10-20/1224722067.PDF,1224722067,会计师事务所
524003,24华能资02,24华能资02：华能资本服务有限公司关于会计师事务所发生变更的公告,2025-10-20,http://static.cninfo.com.cn/finalpage/2025-10-20/1224722069.PDF,1224722069,会计师事务所
524002,24华能资01,24华能资01：华能资本服务有限公司关于会计师事务所发生变更的公告,2025-10-20,http://static.cninfo.com.cn/finalpage/2025-10-20/1224722068.PDF,1224722068,会计师事务所
149832,22华资02,22华资02：华能资本服务有限公司关于会计师事务所发生变更的公告,2025-10-20,http://static.cninfo.com.cn/finalpage/2025-10-20/1224720227.PDF,1224720227,会计师事务所
149734,21华资02,21华资02：华能资本服务有限公司关于会计师事务所发生变更的公告,2025-10-20,http://static.cninfo.com.cn/finalpage/2025-10-20/1224720228.PDF,1224720228,会计师事务所
603822,嘉澳环保,嘉澳环保：续聘会计师事务所公告,2025-10-18,http://static.cninfo.com.cn/finalpage/2025-10-18/1224717893.PDF,1224717893,会计师事务所
600444,国机通用,国机通用：国机通用关于聘任会计师事务所的公告,2025-10-18,http://static.cninfo.com.cn/finalpage/2025-10-18/1224718034.PDF,1224718034,会计师事务所
000825,太钢不锈,太钢不锈：关于拟变更会计师事务所的公告,2025-10-18,http://static.cninfo.com.cn/finalpage/2025-10-18/1224718074.PDF,1224718074,会计师事务所
300632,光莆股份,光莆股份：关于拟续聘会计师事务所的公告,2025-10-18,http://static.cninfo.com.cn/finalpage/2025-10-18/1224718960.PDF,1224718960,会计师事务所
000707,双环科技,双环科技：关于续聘会计师事务所的公告,2025-10-18,http://static.cninfo.com.cn/finalpage/2025-10-18/1224719108.PDF,1224719108,会计师事务所
603299,苏盐井神,苏盐井神：信永中和会计师事务所（特殊普通合伙）关于江苏苏盐井神股份有限公司向特定对象发行股票的财务报告及审计报告,2025-10-18,http://static.cninfo.com.cn/finalpage/2025-10-18/1224718028.PDF,1224718028,会计师事务所
300314,戴维医疗,戴维医疗：会计师事务所选聘制度,2025-10-18,http://static.cninfo.com.cn/finalpage/2025-10-18/1224719437.PDF,1224719437,会计师事务所
301221,光庭信息,光庭信息：会计师事务所选聘制度（2025年10月）,2025-10-18,http://static.cninfo.com.cn/finalpage/2025-10-18/1224717961.PDF,1224717961,会计师事务所
300091,金通灵,金通灵：关于拟续聘会计师事务所的公告,2025-10-18,http://static.cninfo.com.cn/finalpage/2025-10-18/1224719300.PDF,1224719300,会计师事务所
600867,通化东宝,通化东宝：通化东宝关于变更会计师事务所的公告,2025-10-18,http://static.cninfo.com.cn/finalpage/2025-10-18/1224717611.PDF,1224717611,会计师事务所
002981,朝阳科技,朝阳科技：关于聘任会计师事务所的公告,2025-10-18,http://static.cninfo.com.cn/finalpage/2025-10-18/1224719536.PDF,1224719536,会计师事务所
000928,中钢国际,中钢国际：关于续聘会计师事务所的公告,2025-10-18,http://static.cninfo.com.cn/finalpage/2025-10-18/1224717497.PDF,1224717497,会计师事务所
002932,明德生物,明德生物：会计师事务所选聘制度,2025-10-18,http://static.cninfo.com.cn/finalpage/2025-10-18/1224717765.PDF,1224717765,会计师事务所
603332,苏州龙杰,苏州龙杰：公证天业会计师事务所（特殊普通合伙）关于苏州龙杰特种纤维股份有限公司向特定对象发行股票申请文件的审核问询函的回复报告,2025-10-18,http://static.cninfo.com.cn/finalpage/2025-10-18/1224719078.PDF,1224719078,会计师事务所
603999,读者传媒,读者传媒：读者出版传媒股份有限公司关于变更会计师事务所的公告,2025-10-18,http://static.cninfo.com.cn/finalpage/2025-10-18/1224719879.PDF,1224719879,会计师事务所
600867,通化东宝,通化东宝：通化东宝会计师事务所选聘制度（2025年10月）,2025-10-18,http://static.cninfo.com.cn/finalpage/2025-10-18/1224717646.PDF,1224717646,会计师事务所
002311,海大集团,海大集团：致同会计师事务所（特殊普通合伙）关于广东海大集团股份有限公司分拆所属子公司海大国际控股有限公司至香港联交所主板上市的专项核查意见,2025-10-18,http://static.cninfo.com.cn/finalpage/2025-10-18/1224718777.PDF,1224718777,会计师事务所
002176,江特电机,江特电机：会计师事务所选聘制度（2025年10月修订）,2025-10-18,http://static.cninfo.com.cn/finalpage/2025-10-18/1224718543.PDF,1224718543,会计师事务所
688629,华丰科技,华丰科技：北京德皓国际会计师事务所（特殊普通合伙）关于四川华丰科技股份有限公司向特定对象发行股票的财务报告及审计报告,2025-10-18,http://static.cninfo.com.cn/finalpage/2025-10-18/1224718671.PDF,1224718671,会计师事务所
002981,朝阳科技,朝阳科技：选聘会计师事务所管理制度,2025-10-18,http://static.cninfo.com.cn/finalpage/2025-10-18/1224719509.PDF,1224719509,会计师事务所
600684,珠江股份,珠江股份：大信会计师事务所（特殊普通合伙）关于广州珠江发展集团股份有限公司向特定对象发行A股股票验资报告,2025-10-18,http://static.cninfo.com.cn/finalpage/2025-10-18/1224719412.PDF,1224719412,会计师事务所
000793,ST华闻,ST华闻：会计师事务所选聘制度,2025-10-18,http://static.cninfo.com.cn/finalpage/2025-10-18/1224719181.PDF,1224719181,会计师事务所
002870,香山股份,香山股份：关于续聘会计师事务所的公告,2025-10-18,http://static.cninfo.com.cn/finalpage/2025-10-18/1224718992.PDF,1224718992,会计师事务所
300091,金通灵,金通灵：会计师事务所选聘制度（2025年10月修订）,2025-10-18,http://static.cninfo.com.cn/finalpage/2025-10-18/1224719289.PDF,1224719289,会计师事务所
301036,双乐股份,双乐股份：立信会计师事务所（特殊普通合伙）关于《关于双乐颜料股份有限公司申请向不特定对象发行可转换公司债券的审核问询函》的回复（修订稿）,2025-10-17,http://static.cninfo.com.cn/finalpage/2025-10-17/1224718229.PDF,1224718229,会计师事务所
300100,双林股份,双林股份：关于续聘2025年度会计师事务所的公告,2025-10-17,http://static.cninfo.com.cn/finalpage/2025-10-17/1224717815.PDF,1224717815,会计师事务所
688101,三达膜,三达膜：会计师事务所选聘制度（2025年10月修订）,2025-10-17,http://static.cninfo.com.cn/finalpage/2025-10-17/1224716466.PDF,1224716466,会计师事务所
601018,宁波港,宁波港：宁波舟山港股份有限公司关于会计师事务所变更质量控制复核人的公告,2025-10-17,http://static.cninfo.com.cn/finalpage/2025-10-17/1224716822.PDF,1224716822,会计师事务所
688057,金达莱,金达莱：关于续聘会计师事务所的公告,2025-10-17,http://static.cninfo.com.cn/finalpage/2025-10-17/1224715897.PDF,1224715897,会计师事务所
688101,三达膜,三达膜：关于续聘会计师事务所的公告,2025-10-17,http://static.cninfo.com.cn/finalpage/2025-10-17/1224716452.PDF,1224716452,会计师事务所
688798,艾为电子,艾为电子：立信会计师事务所（特殊普通合伙）关于上海艾为电子技术股份有限公司向不特定对象发行可转换公司债券的财务报告及审计报告,2025-10-17,http://static.cninfo.com.cn/finalpage/2025-10-17/1224717251.PDF,1224717251,会计师事务所
688685,迈信林,迈信林：江苏迈信林航空科技股份有限公司续聘会计师事务所的公告,2025-10-17,http://static.cninfo.com.cn/finalpage/2025-10-17/1224716263.PDF,1224716263,会计师事务所
002628,成都路桥,成都路桥：会计师事务所选聘制度,2025-10-17,http://static.cninfo.com.cn/finalpage/2025-10-17/1224716913.PDF,1224716913,会计师事务所
001366,播恩集团,播恩集团：关于续聘2025年度会计师事务所的公告,2025-10-17,http://static.cninfo.com.cn/finalpage/2025-10-17/1224716241.PDF,1224716241,会计师事务所
600004,白云机场,白云机场：广州白云国际机场股份有限公司关于变更会计师事务所的公告,2025-10-17,http://static.cninfo.com.cn/finalpage/2025-10-17/1224716625.PDF,1224716625,会计师事务所
603329,上海雅仕,上海雅仕：立信会计师事务所（特殊普通合伙）关于上海雅仕投资发展股份有限公司向特定对象发行股票验资报告,2025-10-17,http://static.cninfo.com.cn/finalpage/2025-10-17/1224715811.PDF,1224715811,会计师事务所
000061,农 产 品,农 产 品：关于拟续聘会计师事务所的公告,2025-10-16,http://static.cninfo.com.cn/finalpage/2025-10-16/1224715415.PDF,1224715415,会计师事务所
603668,天马科技,天马科技：福建天马科技集团股份有限公司会计师事务所选聘制度（2025年10月修订）,2025-10-16,http://static.cninfo.com.cn/finalpage/2025-10-16/1224714594.PDF,1224714594,会计师事务所
002198,嘉应制药,嘉应制药：关于拟续聘会计师事务所的公告,2025-10-16,http://static.cninfo.com.cn/finalpage/2025-10-16/1224713880.PDF,1224713880,会计师事务所
601188,龙江交通,龙江交通：中兴财光华会计师事务所（特殊普通合伙）关于黑龙江水运建设发展有限公司审计报告书,2025-10-16,http://static.cninfo.com.cn/finalpage/2025-10-16/1224714481.PDF,1224714481,会计师事务所
000803,山高环能,山高环能：安永华明会计师事务所（特殊普通合伙）关于对山高环能集团股份有限公司申请向特定对象发行股票审核问询函回复的专项说明,2025-10-16,http://static.cninfo.com.cn/finalpage/2025-10-16/1224715312.PDF,1224715312,会计师事务所
002725,跃岭股份,跃岭股份：关于聘任会计师事务所的公告,2025-10-16,http://static.cninfo.com.cn/finalpage/2025-10-16/1224714864.PDF,1224714864,会计师事务所
600642,申能股份,申能股份：会计师事务所关于申能股份有限公司向不特定对象发行可转换公司债券的财务报告及审计报告,2025-10-16,http://static.cninfo.com.cn/finalpage/2025-10-16/1224713839.PDF,1224713839,会计师事务所
603188,亚邦股份,亚邦股份：会计师事务所选聘制度(2025年10月修订）,2025-10-16,http://static.cninfo.com.cn/finalpage/2025-10-16/1224714032.PDF,1224714032,会计师事务所
002016,世荣兆业,世荣兆业：会计师事务所选聘制度（2025年10月）,2025-10-16,http://static.cninfo.com.cn/finalpage/2025-10-16/1224713727.PDF,1224713727,会计师事务所
301551,无线传媒,无线传媒：会计师事务所选聘制度,2025-10-16,http://static.cninfo.com.cn/finalpage/2025-10-16/1224713436.PDF,1224713436,会计师事务所
603816,顾家家居,顾家家居：天健会计师事务所（特殊普通合伙）关于顾家家居股份有限公司向特定对象发行股票的财务报告及审计报告,2025-10-16,http://static.cninfo.com.cn/finalpage/2025-10-16/1224713207.PDF,1224713207,会计师事务所
002626,金达威,金达威：立信会计师事务所（特殊普通合伙）关于厦门金达威集团股份有限公司以自筹资金预先投入募集资金投资项目及支付发行费用的鉴证报告,2025-10-16,http://static.cninfo.com.cn/finalpage/2025-10-16/1224713130.PDF,1224713130,会计师事务所
688306,均普智能,均普智能：天健会计师事务所（特殊普通合伙）关于宁波均普智能制造股份有限公司前次募集资金使用情况鉴证报告,2025-10-16,http://static.cninfo.com.cn/finalpage/2025-10-16/1224715090.PDF,1224715090,会计师事务所
600325,华发股份,华发股份：珠海华发实业股份有限公司会计师事务所选聘制度,2025-10-16,http://static.cninfo.com.cn/finalpage/2025-10-16/1224715273.PDF,1224715273,会计师事务所
002198,嘉应制药,嘉应制药：会计师事务所选聘制度（2025年10月修订）,2025-10-16,http://static.cninfo.com.cn/finalpage/2025-10-16/1224713871.PDF,1224713871,会计师事务所
002923,润都股份,润都股份：会计师事务所选聘制度（2025年10月修订）,2025-10-16,http://static.cninfo.com.cn/finalpage/2025-10-16/1224713156.PDF,1224713156,会计师事务所
300075,数字政通,数字政通：会计师事务所关于前次募集资金使用情况的鉴证报告,2025-10-16,http://static.cninfo.com.cn/finalpage/2025-10-16/1224714758.PDF,1224714758,会计师事务所
002302,西部建设,西部建设：拟续聘会计师事务所的公告,2025-10-16,http://static.cninfo.com.cn/finalpage/2025-10-16/1224714964.PDF,1224714964,会计师事务所
603279,景津装备,景津装备：景津装备股份有限公司会计师事务所选聘制度,2025-10-16,http://static.cninfo.com.cn/finalpage/2025-10-16/1224712949.PDF,1224712949,会计师事务所
002305,*ST南置,*ST南置：立信会计师事务所（特殊普通合伙）关于对南国置业股份有限公司重大资产出售暨关联交易草案问询函的回复,2025-10-16,http://static.cninfo.com.cn/finalpage/2025-10-16/1224715004.PDF,1224715004,会计师事务所
688386,泛亚微透,泛亚微透：天健会计师事务所（特殊普通合伙）关于江苏泛亚微透科技股份有限公司向特定对象发行股票的财务报告及审计报告,2025-10-16,http://static.cninfo.com.cn/finalpage/2025-10-16/1224712920.PDF,1224712920,会计师事务所
301551,无线传媒,无线传媒：关于拟变更会计师事务所的公告,2025-10-16,http://static.cninfo.com.cn/finalpage/2025-10-16/1224713463.PDF,1224713463,会计师事务所
603188,亚邦股份,亚邦股份：亚邦股份关于聘任会计师事务所的公告,2025-10-16,http://static.cninfo.com.cn/finalpage/2025-10-16/1224714033.PDF,1224714033,会计师事务所
524447,25粤财01,25粤财01：关于广东粤财投资控股有限公司会计师事务所变更的临时受托管理事务报告,2025-10-15,http://static.cninfo.com.cn/finalpage/2025-10-15/1224712858.PDF,1224712858,会计师事务所
148145,22粤财01,22粤财01：广发证券股份有限公司关于广东粤财投资控股有限公司会计师事务所变更的受托管理事务临时报告,2025-10-15,http://static.cninfo.com.cn/finalpage/2025-10-15/1224712862.PDF,1224712862,会计师事务所
148358,23粤财K2,23粤财K2：广发证券股份有限公司关于广东粤财投资控股有限公司会计师事务所变更的受托管理事务临时报告,2025-10-15,http://static.cninfo.com.cn/finalpage/2025-10-15/1224712863.PDF,1224712863,会计师事务所
148359,23粤财K3,23粤财K3：广发证券股份有限公司关于广东粤财投资控股有限公司会计师事务所变更的受托管理事务临时报告,2025-10-15,http://static.cninfo.com.cn/finalpage/2025-10-15/1224712861.PDF,1224712861,会计师事务所
001209,洪兴股份,洪兴股份：会计师事务所选聘制度,2025-10-15,http://static.cninfo.com.cn/finalpage/2025-10-15/1224712175.PDF,1224712175,会计师事务所
002229,鸿博股份,鸿博股份：拟变更会计师事务所的公告,2025-10-15,http://static.cninfo.com.cn/finalpage/2025-10-15/1224711936.PDF,1224711936,会计师事务所
688022,瀚川智能,瀚川智能：会计师事务所选聘制度（2025年10月）,2025-10-15,http://static.cninfo.com.cn/finalpage/2025-10-15/1224711488.PDF,1224711488,会计师事务所
920679,前进科技,[临时公告]前进科技:拟变更2025年度会计师事务所公告,2025-10-15,http://static.cninfo.com.cn/finalpage/2025-10-15/1224713184.PDF,1224713184,会计师事务所
603042,华脉科技,华脉科技：关于聘任会计师事务所的公告,2025-10-15,http://static.cninfo.com.cn/finalpage/2025-10-15/1224710734.PDF,1224710734,会计师事务所
688302,海创药业,海创药业：《会计师事务所选聘制度》,2025-10-15,http://static.cninfo.com.cn/finalpage/2025-10-15/1224711386.PDF,1224711386,会计师事务所
002006,精工科技,精工科技：会计师事务所选聘制度（2025年10月修订）,2025-10-15,http://static.cninfo.com.cn/finalpage/2025-10-15/1224710873.PDF,1224710873,会计师事务所
002567,唐人神,唐人神：关于续聘会计师事务所的公告,2025-10-15,http://static.cninfo.com.cn/finalpage/2025-10-15/1224711463.PDF,1224711463,会计师事务所
600180,瑞茂通,瑞茂通：瑞茂通会计师事务所选聘制度（2025年10月修订）,2025-10-15,http://static.cninfo.com.cn/finalpage/2025-10-15/1224711860.PDF,1224711860,会计师事务所
688268,华特气体,华特气体：广东华特气体股份有限公司关于续聘会计师事务所的公告,2025-10-15,http://static.cninfo.com.cn/finalpage/2025-10-15/1224711864.PDF,1224711864,会计师事务所
688520,神州细胞,神州细胞：信永中和会计师事务所（特殊普通合伙）关于北京神州细胞生物技术集团股份公司向特定对象发行股票申请文件的审核问询函的回复,2025-10-15,http://static.cninfo.com.cn/finalpage/2025-10-15/1224712625.PDF,1224712625,会计师事务所
300428,立中集团,立中集团：会计师事务所选聘制度,2025-10-15,http://static.cninfo.com.cn/finalpage/2025-10-15/1224711271.PDF,1224711271,会计师事务所
002521,齐峰新材,齐峰新材：会计师事务所选聘制度,2025-10-15,http://static.cninfo.com.cn/finalpage/2025-10-15/1224711224.PDF,1224711224,会计师事务所
600756,浪潮软件,浪潮软件：浪潮软件关于续聘会计师事务所的公告,2025-10-15,http://static.cninfo.com.cn/finalpage/2025-10-15/1224712090.PDF,1224712090,会计师事务所
688699,明微电子,明微电子：关于续聘会计师事务所的公告,2025-10-15,http://static.cninfo.com.cn/finalpage/2025-10-15/1224712246.PDF,1224712246,会计师事务所
688699,明微电子,明微电子：深圳市明微电子股份有限公司会计师事务所选聘制度（2025年10月修订）,2025-10-15,http://static.cninfo.com.cn/finalpage/2025-10-15/1224712270.PDF,1224712270,会计师事务所
301299,卓创资讯,卓创资讯：会计师事务所选聘制度,2025-10-15,http://static.cninfo.com.cn/finalpage/2025-10-15/1224710501.PDF,1224710501,会计师事务所
000750,国海证券,国海证券：国海证券股份有限公司关于拟聘任会计师事务所的公告,2025-10-15,http://static.cninfo.com.cn/finalpage/2025-10-15/1224711603.PDF,1224711603,会计师事务所
001309,德明利,德明利：关于续聘2025年度会计师事务所的公告,2025-10-15,http://static.cninfo.com.cn/finalpage/2025-10-15/1224711723.PDF,1224711723,会计师事务所
002595,豪迈科技,豪迈科技：会计师事务所选聘制度（2025年10月）,2025-10-15,http://static.cninfo.com.cn/finalpage/2025-10-15/1224712536.PDF,1224712536,会计师事务所
300650,太龙股份,太龙股份：会计师事务所选聘制度（2025年10月）,2025-10-15,http://static.cninfo.com.cn/finalpage/2025-10-15/1224710822.PDF,1224710822,会计师事务所
002476,宝莫股份,宝莫股份：会计师事务所选聘制度（2025年10月制订草案）,2025-10-15,http://static.cninfo.com.cn/finalpage/2025-10-15/1224712313.PDF,1224712313,会计师事务所
300760,迈瑞医疗,迈瑞医疗：《会计师事务所选聘制度（草案）》（H股发行并上市后适用）（2025年10月）,2025-10-15,http://static.cninfo.com.cn/finalpage/2025-10-15/1224712043.PDF,1224712043,会计师事务所
300779,惠城环保,惠城环保：立信会计师事务所（特殊普通合伙）关于青岛惠城环保科技集团股份有限公司申请向特定对象发行股票审核问询函回复,2025-10-14,http://static.cninfo.com.cn/finalpage/2025-10-14/1224712465.PDF,1224712465,会计师事务所
148961,24粤财02,24粤财02：中信证券股份有限公司关于广东粤财投资控股有限公司会计师事务所变更的临时受托管理事务报告,2025-10-14,http://static.cninfo.com.cn/finalpage/2025-10-14/1224710339.PDF,1224710339,会计师事务所
148855,24粤财01,24粤财01：中信证券股份有限公司关于广东粤财投资控股有限公司会计师事务所变更的临时受托管理事务报告,2025-10-14,http://static.cninfo.com.cn/finalpage/2025-10-14/1224710341.PDF,1224710341,会计师事务所
148275,23粤财01,23粤财01：中信证券股份有限公司关于广东粤财投资控股有限公司会计师事务所变更的临时受托管理事务报告,2025-10-14,http://static.cninfo.com.cn/finalpage/2025-10-14/1224710340.PDF,1224710340,会计师事务所
002931,锋龙股份,锋龙股份：会计师事务所选聘制度（2025年10月）,2025-10-14,http://static.cninfo.com.cn/finalpage/2025-10-14/1224707487.PDF,1224707487,会计师事务所
688210,统联精密,统联精密：容诚会计师事务所（特殊普通合伙）关于深圳市泛海统联精密制造股份有限公司向不特定对象发行可转换公司债券的财务报告及审计报告,2025-10-14,http://static.cninfo.com.cn/finalpage/2025-10-14/1224710185.PDF,1224710185,会计师事务所
688485,九州一轨,九州一轨：北京九州一轨环境科技股份有限公司会计师事务所选聘制度,2025-10-14,http://static.cninfo.com.cn/finalpage/2025-10-14/1224707776.PDF,1224707776,会计师事务所
000534,万泽股份,万泽股份：万泽股份关于续聘政旦志远（深圳）会计师事务所（特殊普通合伙）为公司2025年度审计机构的公告,2025-10-14,http://static.cninfo.com.cn/finalpage/2025-10-14/1224708876.PDF,1224708876,会计师事务所
300745,欣锐科技,欣锐科技：会计师事务所选聘制度（2025年10月）,2025-10-14,http://static.cninfo.com.cn/finalpage/2025-10-14/1224709749.PDF,1224709749,会计师事务所
688689,银河微电,银河微电：会计师事务所选聘制度,2025-10-14,http://static.cninfo.com.cn/finalpage/2025-10-14/1224709101.PDF,1224709101,会计师事务所
002022,科华生物,科华生物：会计师事务所选聘制度（2025年10月修订）,2025-10-14,http://static.cninfo.com.cn/finalpage/2025-10-14/1224708905.PDF,1224708905,会计师事务所
300783,三只松鼠,三只松鼠：关于拟变更会计师事务所的公告,2025-10-14,http://static.cninfo.com.cn/finalpage/2025-10-14/1224707428.PDF,1224707428,会计师事务所
002353,杰瑞股份,杰瑞股份：会计师事务所选聘制度（2025年10月）,2025-10-14,http://static.cninfo.com.cn/finalpage/2025-10-14/1224709835.PDF,1224709835,会计师事务所
300993,玉马科技,玉马科技：会计师事务所选聘制度,2025-10-14,http://static.cninfo.com.cn/finalpage/2025-10-14/1224707866.PDF,1224707866,会计师事务所
002120,韵达股份,韵达股份：关于续聘会计师事务所的公告,2025-10-14,http://static.cninfo.com.cn/finalpage/2025-10-14/1224709631.PDF,1224709631,会计师事务所
300745,欣锐科技,欣锐科技：关于续聘会计师事务所的公告,2025-10-14,http://static.cninfo.com.cn/finalpage/2025-10-14/1224709757.PDF,1224709757,会计师事务所
688676,金盘科技,金盘科技：中汇会计师事务所（特殊普通合伙）关于海南金盘智能科技股份有限公司向不特定对象发行可转换公司债券申请文件的审核问询函有关财务问题回复的专项说明,2025-10-14,http://static.cninfo.com.cn/finalpage/2025-10-14/1224710083.PDF,1224710083,会计师事务所
603182,嘉华股份,嘉华股份：嘉华股份会计师事务所选聘制度,2025-10-14,http://static.cninfo.com.cn/finalpage/2025-10-14/1224708723.PDF,1224708723,会计师事务所
301662,宏工科技,宏工科技：会计师事务所选聘制度,2025-10-14,http://static.cninfo.com.cn/finalpage/2025-10-14/1224708112.PDF,1224708112,会计师事务所
603029,天鹅股份,天鹅股份：山东天鹅棉业机械股份有限公司会计师事务所选聘制度,2025-10-14,http://static.cninfo.com.cn/finalpage/2025-10-14/1224709186.PDF,1224709186,会计师事务所
300243,瑞丰高材,瑞丰高材：会计师事务所选聘制度（2025年10月）,2025-10-14,http://static.cninfo.com.cn/finalpage/2025-10-14/1224709254.PDF,1224709254,会计师事务所
002022,科华生物,科华生物：关于拟续聘会计师事务所的公告,2025-10-14,http://static.cninfo.com.cn/finalpage/2025-10-14/1224708907.PDF,1224708907,会计师事务所
688173,希荻微,希荻微：希荻微关于续聘会计师事务所的公告,2025-10-14,http://static.cninfo.com.cn/finalpage/2025-10-14/1224709659.PDF,1224709659,会计师事务所
300121,阳谷华泰,阳谷华泰：会计师事务所选聘制度（2025年10月）,2025-10-14,http://static.cninfo.com.cn/finalpage/2025-10-14/1224708236.PDF,1224708236,会计师事务所
300998,宁波方正,宁波方正：会计师事务所选聘制度,2025-10-14,http://static.cninfo.com.cn/finalpage/2025-10-14/1224708160.PDF,1224708160,会计师事务所
000650,仁和药业,仁和药业：会计师事务所选聘制度（2025年10月）,2025-10-14,http://static.cninfo.com.cn/finalpage/2025-10-14/1224708046.PDF,1224708046,会计师事务所
002643,万润股份,万润股份：会计师事务所选聘制度（2025年10月）,2025-10-14,http://static.cninfo.com.cn/finalpage/2025-10-14/1224709932.PDF,1224709932,会计师事务所
300042,朗科科技,朗科科技：关于拟续聘会计师事务所的公告,2025-10-14,http://static.cninfo.com.cn/finalpage/2025-10-14/1224709904.PDF,1224709904,会计师事务所
300789,唐源电气,唐源电气：信永中和会计师事务所（特殊普通合伙）关于成都唐源电气股份有限公司申请向特定对象发行股票的审核问询函的回复报告,2025-10-13,http://static.cninfo.com.cn/finalpage/2025-10-13/1224709026.PDF,1224709026,会计师事务所
300149,睿智医药,睿智医药：立信会计师事务所（特殊普通合伙）关于睿智医药科技股份有限公司申请向特定对象发行股票的审核问询函回复说明（豁免版）,2025-10-13,http://static.cninfo.com.cn/finalpage/2025-10-13/1224707951.PDF,1224707951,会计师事务所
300818,耐普矿机,耐普矿机：北京德皓国际会计师事务所(特殊普通合伙)关于对江西耐普矿机股份有限公司申请向不特定对象发行可转换公司债券的第二轮审核问询函中有关财务事项的说明,2025-10-13,http://static.cninfo.com.cn/finalpage/2025-10-13/1224707918.PDF,1224707918,会计师事务所
301067,显盈科技,显盈科技：会计师事务所选聘制度,2025-10-13,http://static.cninfo.com.cn/finalpage/2025-10-13/1224707397.PDF,1224707397,会计师事务所
600506,统一股份,统一股份：统一低碳科技（新疆）股份有限公司关于续聘会计师事务所的公告,2025-10-13,http://static.cninfo.com.cn/finalpage/2025-10-13/1224707150.PDF,1224707150,会计师事务所
601163,三角轮胎,三角轮胎：三角轮胎股份有限公司会计师事务所选聘制度,2025-10-13,http://static.cninfo.com.cn/finalpage/2025-10-13/1224707225.PDF,1224707225,会计师事务所
603696,安记食品,安记食品：安记食品股份有限公司会计师事务所选聘制度,2025-10-13,http://static.cninfo.com.cn/finalpage/2025-10-13/1224707163.PDF,1224707163,会计师事务所
920925,锦好医疗,[临时公告]锦好医疗:会计师事务所选聘制度,2025-10-13,http://static.cninfo.com.cn/finalpage/2025-10-13/1224708276.PDF,1224708276,会计师事务所
003042,中农联合,中农联合：会计师事务所选聘制度,2025-10-11,http://static.cninfo.com.cn/finalpage/2025-10-11/1224704923.PDF,1224704923,会计师事务所
001231,农心科技,农心科技：农心作物科技股份有限公司会计师事务所选聘管理办法,2025-10-11,http://static.cninfo.com.cn/finalpage/2025-10-11/1224705721.PDF,1224705721,会计师事务所
301017,漱玉平民,漱玉平民：会计师事务所选聘制度,2025-10-11,http://static.cninfo.com.cn/finalpage/2025-10-11/1224704532.PDF,1224704532,会计师事务所
002376,新北洋,新北洋：《会计师事务所选聘制度》（2025年10月修订）,2025-10-11,http://static.cninfo.com.cn/finalpage/2025-10-11/1224705026.PDF,1224705026,会计师事务所
300850,新强联,新强联：会计师事务所选聘制度（2025年10月）,2025-10-11,http://static.cninfo.com.cn/finalpage/2025-10-11/1224706683.PDF,1224706683,会计师事务所
300731,科创新源,科创新源：深圳科创新源新材料股份有限公司会计师事务所选聘制度,2025-10-11,http://static.cninfo.com.cn/finalpage/2025-10-11/1224705785.PDF,1224705785,会计师事务所
002283,天润工业,天润工业：会计师事务所选聘制度,2025-10-11,http://static.cninfo.com.cn/finalpage/2025-10-11/1224705466.PDF,1224705466,会计师事务所
688529,豪森智能,豪森智能：大连豪森智能制造股份有限公司会计师事务所选聘制度,2025-10-11,http://static.cninfo.com.cn/finalpage/2025-10-11/1224704873.PDF,1224704873,会计师事务所
002046,国机精工,国机精工：关于拟变更会计师事务所的公告,2025-10-11,http://static.cninfo.com.cn/finalpage/2025-10-11/1224705379.PDF,1224705379,会计师事务所
300256,星星科技,星星科技：关于拟变更会计师事务所的公告,2025-10-11,http://static.cninfo.com.cn/finalpage/2025-10-11/1224705220.PDF,1224705220,会计师事务所
688196,卓越新能,卓越新能：卓越新能关于续聘会计师事务所的公告,2025-10-11,http://static.cninfo.com.cn/finalpage/2025-10-11/1224706202.PDF,1224706202,会计师事务所
000065,北方国际,北方国际：立信会计师事务所（特殊普通合伙）关于北方国际合作股份有限公司申请向特定 对象发行股票的审核问询函的回复,2025-10-11,http://static.cninfo.com.cn/finalpage/2025-10-11/1224704804.PDF,1224704804,会计师事务所
605162,新中港,新中港：会计师事务所选聘制度（2025年10月）,2025-10-11,http://static.cninfo.com.cn/finalpage/2025-10-11/1224704770.PDF,1224704770,会计师事务所
605162,新中港,新中港：关于续聘会计师事务所的公告,2025-10-11,http://static.cninfo.com.cn/finalpage/2025-10-11/1224704783.PDF,1224704783,会计师事务所
688310,迈得医疗,迈得医疗：迈得医疗工业设备股份有限公司会计师事务所选聘制度,2025-10-11,http://static.cninfo.com.cn/finalpage/2025-10-11/1224706067.PDF,1224706067,会计师事务所
300620,光库科技,光库科技：会计师事务所选聘制度,2025-10-11,http://static.cninfo.com.cn/finalpage/2025-10-11/1224706429.PDF,1224706429,会计师事务所
605277,新亚电子,新亚电子：新亚电子股份有限公司会计师事务所选聘制度（2025年10月修订）,2025-10-11,http://static.cninfo.com.cn/finalpage/2025-10-11/1224706768.PDF,1224706768,会计师事务所
300623,捷捷微电,捷捷微电：江苏捷捷微电子股份有限公司会计师事务所选聘制度,2025-10-10,http://static.cninfo.com.cn/finalpage/2025-10-10/1224706925.PDF,1224706925,会计师事务所
301489,思泉新材,思泉新材：致同会计师事务所（特殊普通合伙）关于广东思泉新材料股份有限公司申请向特定对象发行股票的审核问询函中有关财务会计问题的专项说明,2025-10-10,http://static.cninfo.com.cn/finalpage/2025-10-10/1224706544.PDF,1224706544,会计师事务所
524447,25粤财01,25粤财01：广东粤财投资控股有限公司关于会计师事务所变更的公告,2025-10-10,http://static.cninfo.com.cn/finalpage/2025-10-10/1224705062.PDF,1224705062,会计师事务所
148961,24粤财02,24粤财02：广东粤财投资控股有限公司关于会计师事务所变更的公告,2025-10-10,http://static.cninfo.com.cn/finalpage/2025-10-10/1224704239.PDF,1224704239,会计师事务所
148275,23粤财01,23粤财01：广东粤财投资控股有限公司关于会计师事务所变更的公告,2025-10-10,http://static.cninfo.com.cn/finalpage/2025-10-10/1224704240.PDF,1224704240,会计师事务所
148855,24粤财01,24粤财01：广东粤财投资控股有限公司关于会计师事务所变更的公告,2025-10-10,http://static.cninfo.com.cn/finalpage/2025-10-10/1224704241.PDF,1224704241,会计师事务所
148359,23粤财K3,23粤财K3：广东粤财投资控股有限公司关于会计师事务所变更的公告,2025-10-10,http://static.cninfo.com.cn/finalpage/2025-10-10/1224704050.PDF,1224704050,会计师事务所
148358,23粤财K2,23粤财K2：广东粤财投资控股有限公司关于会计师事务所变更的公告,2025-10-10,http://static.cninfo.com.cn/finalpage/2025-10-10/1224704052.PDF,1224704052,会计师事务所
148145,22粤财01,22粤财01：广东粤财投资控股有限公司关于会计师事务所变更的公告,2025-10-10,http://static.cninfo.com.cn/finalpage/2025-10-10/1224704051.PDF,1224704051,会计师事务所
605333,沪光股份,沪光股份：立信会计师事务所（特殊普通合伙）关于昆山沪光汽车电器股份有限公司向特定对象发行股票验资报告,2025-10-10,http://static.cninfo.com.cn/finalpage/2025-10-10/1224701860.PDF,1224701860,会计师事务所
920943,优机股份,[临时公告]优机股份:大信会计师事务所（特殊普通合伙）关于四川优机实业股份有限公司以募集资金置换已投入募集资金项目的自筹资金及已支付的发行费用的审核报告,2025-10-10,http://static.cninfo.com.cn/finalpage/2025-10-10/1224705860.PDF,1224705860,会计师事务所
688729,屹唐股份,屹唐股份：关于续聘2025年度会计师事务所的公告,2025-10-10,http://static.cninfo.com.cn/finalpage/2025-10-10/1224702216.PDF,1224702216,会计师事务所
600419,天润乳业,天润乳业：新疆天润乳业股份有限公司会计师事务所选聘管理办法（2025年10月修订）,2025-10-10,http://static.cninfo.com.cn/finalpage/2025-10-10/1224702611.PDF,1224702611,会计师事务所
301330,熵基科技,熵基科技：熵基科技股份有限公司会计师事务所选聘制度,2025-10-10,http://static.cninfo.com.cn/finalpage/2025-10-10/1224703054.PDF,1224703054,会计师事务所
301320,豪江智能,豪江智能：会计师事务所选聘制度,2025-10-10,http://static.cninfo.com.cn/finalpage/2025-10-10/1224702435.PDF,1224702435,会计师事务所
688178,万德斯,万德斯：会计师事务所选聘制度（2025年10月）,2025-10-10,http://static.cninfo.com.cn/finalpage/2025-10-10/1224703515.PDF,1224703515,会计师事务所
002789,*ST建艺,*ST建艺：会计师事务所选聘制度（2025年9月）,2025-10-09,http://static.cninfo.com.cn/finalpage/2025-10-09/1224697183.PDF,1224697183,会计师事务所
920566,梓橦宫,[临时公告]梓橦宫:拟续聘2025年度会计师事务所公告,2025-10-09,http://static.cninfo.com.cn/finalpage/2025-10-09/1224703543.PDF,1224703543,会计师事务所
688301,奕瑞科技,奕瑞科技：立信会计师事务所（特殊普通合伙）关于奕瑞电子科技集团股份有限公司2024年度向特定对象发行A股股票验资报告,2025-10-09,http://static.cninfo.com.cn/finalpage/2025-10-09/1224698279.PDF,1224698279,会计师事务所
000933,神火股份,神火股份：河南神火煤电股份有限公司会计师事务所选聘制度,2025-10-09,http://static.cninfo.com.cn/finalpage/2025-10-09/1224695284.PDF,1224695284,会计师事务所
002086,东方海洋,东方海洋：会计师事务所选聘制度,2025-10-09,http://static.cninfo.com.cn/finalpage/2025-10-09/1224695751.PDF,1224695751,会计师事务所
603278,大业股份,大业股份：山东大业股份有限公司会计师事务所选聘制度（2025年9月制订）,2025-10-09,http://static.cninfo.com.cn/finalpage/2025-10-09/1224697608.PDF,1224697608,会计师事务所
002086,东方海洋,东方海洋：关于续聘2025年度年审会计师事务所的公告,2025-10-09,http://static.cninfo.com.cn/finalpage/2025-10-09/1224695762.PDF,1224695762,会计师事务所
688256,寒武纪,寒武纪：天健会计师事务所（特殊普通合伙）关于中科寒武纪科技股份有限公司2025年度向特定对象发行A股股票认购资金的验资报告,2025-10-01,http://static.cninfo.com.cn/finalpage/2025-10-01/1224696321.PDF,1224696321,会计师事务所
600825,新华传媒,新华传媒：会计师事务所选聘制度（2025年9月）,2025-10-01,http://static.cninfo.com.cn/finalpage/2025-10-01/1224695216.PDF,1224695216,会计师事务所
600207,安彩高科,安彩高科：安彩高科关于变更会计师事务所的公告,2025-10-01,http://static.cninfo.com.cn/finalpage/2025-10-01/1224697143.PDF,1224697143,会计师事务所
603008,喜临门,喜临门：喜临门家具股份有限公司关于续聘会计师事务所的公告,2025-10-01,http://static.cninfo.com.cn/finalpage/2025-10-01/1224695931.PDF,1224695931,会计师事务所
301575,艾芬达,艾芬达：江西艾芬达暖通科技股份有限公司会计师事务所选聘制度,2025-10-01,http://static.cninfo.com.cn/finalpage/2025-10-01/1224696099.PDF,1224696099,会计师事务所
601121,宝地矿业,宝地矿业：大信会计师事务所（特殊普通合伙）关于新疆宝地矿业股份有限公司发行股份及支付现金购买资产并募集配套资金暨关联交易申请的审核问询函之会计师相关问题的回复,2025-10-01,http://static.cninfo.com.cn/finalpage/2025-10-01/1224695868.PDF,1224695868,会计师事务所
688053,ST思科瑞,ST思科瑞：成都思科瑞微电子股份有限公司关于续聘2025年度会计师事务所的更正公告,2025-10-01,http://static.cninfo.com.cn/finalpage/2025-10-01/1224696638.PDF,1224696638,会计师事务所
688328,深科达,深科达：关于续聘会计师事务所的公告,2025-10-01,http://static.cninfo.com.cn/finalpage/2025-10-01/1224695645.PDF,1224695645,会计师事务所
688018,乐鑫科技,乐鑫科技：天职国际会计师事务所（特殊普通合伙）关于乐鑫信息科技（上海）股份有限公司2025年度向特定对象发行A股股票验资报告,2025-10-01,http://static.cninfo.com.cn/finalpage/2025-10-01/1224695119.PDF,1224695119,会计师事务所
600844,金煤科技,金煤科技：众华会计师事务所（特殊普通合伙）关于内蒙古金煤化工科技股份有限公司向特定对象发行股票问询函有关财务问题的专项说明,2025-10-01,http://static.cninfo.com.cn/finalpage/2025-10-01/1224696136.PDF,1224696136,会计师事务所
600207,安彩高科,安彩高科：安彩高科会计师事务所选聘制度,2025-10-01,http://static.cninfo.com.cn/finalpage/2025-10-01/1224697126.PDF,1224697126,会计师事务所
300871,回盛生物,回盛生物：会计师事务所选聘制度（2025年9月制定）,2025-10-01,http://static.cninfo.com.cn/finalpage/2025-10-01/1224694798.PDF,1224694798,会计师事务所
688363,华熙生物,华熙生物：华熙生物关于续聘会计师事务所的公告,2025-10-01,http://static.cninfo.com.cn/finalpage/2025-10-01/1224697276.PDF,1224697276,会计师事务所
300984,金沃股份,金沃股份：天衡会计师事务所（特殊普通合伙）关于浙江金沃精工股份有限公司申请向特定对象发行股票的审核问询函之回复（修订稿）,2025-09-30,http://static.cninfo.com.cn/finalpage/2025-09-30/1224694984.PDF,1224694984,会计师事务所
301581,黄山谷捷,黄山谷捷：会计师事务所选聘制度（2025年9月制定）,2025-09-30,http://static.cninfo.com.cn/finalpage/2025-09-30/1224688384.PDF,1224688384,会计师事务所
603266,天龙股份,天龙股份：会计师事务所选聘制度（2025年9月修订）,2025-09-30,http://static.cninfo.com.cn/finalpage/2025-09-30/1224688452.PDF,1224688452,会计师事务所
688633,星球石墨,星球石墨：南通星球石墨股份有限公司会计师事务所选聘制度,2025-09-30,http://static.cninfo.com.cn/finalpage/2025-09-30/1224691333.PDF,1224691333,会计师事务所
603030,全筑股份,全筑股份：会计师事务所选聘制度（2025年9月修订）,2025-09-30,http://static.cninfo.com.cn/finalpage/2025-09-30/1224691710.PDF,1224691710,会计师事务所
600889,南京化纤,南京化纤：中兴华会计师事务所（特殊普通合伙）关于南京化纤股份有限公司重大资产置换、发行股份及支付现金购买资产并募集配套资金的审核问询函中相关财务问题的专项核查意见,2025-09-30,http://static.cninfo.com.cn/finalpage/2025-09-30/1224693927.PDF,1224693927,会计师事务所
688592,司南导航,司南导航：关于续聘会计师事务所的公告,2025-09-30,http://static.cninfo.com.cn/finalpage/2025-09-30/1224689536.PDF,1224689536,会计师事务所
600792,云煤能源,云煤能源：云南煤业能源股份有限公司关于续聘2025年度会计师事务所的公告,2025-09-30,http://static.cninfo.com.cn/finalpage/2025-09-30/1224690772.PDF,1224690772,会计师事务所
603171,税友股份,税友股份：《会计师事务所选聘制度》（2025年9月修订）,2025-09-30,http://static.cninfo.com.cn/finalpage/2025-09-30/1224690768.PDF,1224690768,会计师事务所
688605,先锋精科,先锋精科：会计师事务所选聘制度（2025年9月）,2025-09-30,http://static.cninfo.com.cn/finalpage/2025-09-30/1224690556.PDF,1224690556,会计师事务所
688063,派能科技,派能科技：上海派能能源科技股份有限公司会计师事务所选聘制度,2025-09-30,http://static.cninfo.com.cn/finalpage/2025-09-30/1224690572.PDF,1224690572,会计师事务所
688135,利扬芯片,利扬芯片：关于续聘会计师事务所的公告,2025-09-30,http://static.cninfo.com.cn/finalpage/2025-09-30/1224692009.PDF,1224692009,会计师事务所
600892,*ST大晟,*ST大晟：会计师事务所选聘制度,2025-09-30,http://static.cninfo.com.cn/finalpage/2025-09-30/1224692141.PDF,1224692141,会计师事务所
300451,创业慧康,创业慧康：会计师事务所选聘制度（2025年9月）,2025-09-30,http://static.cninfo.com.cn/finalpage/2025-09-30/1224690938.PDF,1224690938,会计师事务所
600078,澄星股份,澄星股份：江苏澄星磷化工股份有限公司会计师事务所选聘制度,2025-09-30,http://static.cninfo.com.cn/finalpage/2025-09-30/1224693427.PDF,1224693427,会计师事务所
600336,澳柯玛,澳柯玛：澳柯玛股份有限公司会计师事务所选聘办法（2025年修订）,2025-09-30,http://static.cninfo.com.cn/finalpage/2025-09-30/1224690393.PDF,1224690393,会计师事务所
600733,北汽蓝谷,北汽蓝谷：致同会计师事务所（特殊普通合伙）关于北汽蓝谷新能源科技股份有限公司向特定对象发行股票申请文件的审核问询函中有关财务会计问题的专项说明,2025-09-30,http://static.cninfo.com.cn/finalpage/2025-09-30/1224690408.PDF,1224690408,会计师事务所
600605,汇通能源,汇通能源：关于聘任会计师事务所的公告,2025-09-30,http://static.cninfo.com.cn/finalpage/2025-09-30/1224690214.PDF,1224690214,会计师事务所
688496,清越科技,清越科技：清越科技关于变更会计师事务所的公告,2025-09-30,http://static.cninfo.com.cn/finalpage/2025-09-30/1224690244.PDF,1224690244,会计师事务所
000683,博源化工,博源化工：选聘会计师事务所制度（2025年9月修订）,2025-09-30,http://static.cninfo.com.cn/finalpage/2025-09-30/1224691477.PDF,1224691477,会计师事务所
603386,骏亚科技,骏亚科技：骏亚科技：关于续聘会计师事务所的公告,2025-09-30,http://static.cninfo.com.cn/finalpage/2025-09-30/1224693169.PDF,1224693169,会计师事务所
605088,冠盛股份,冠盛股份：冠盛股份会计师事务所选聘制度,2025-09-30,http://static.cninfo.com.cn/finalpage/2025-09-30/1224693179.PDF,1224693179,会计师事务所
301166,优宁维,优宁维：关于续聘2025年度会计师事务所的公告,2025-09-30,http://static.cninfo.com.cn/finalpage/2025-09-30/1224691213.PDF,1224691213,会计师事务所
688488,艾迪药业,艾迪药业：艾迪药业关于续聘会计师事务所的公告,2025-09-30,http://static.cninfo.com.cn/finalpage/2025-09-30/1224689517.PDF,1224689517,会计师事务所
000823,超声电子,超声电子：超声电子会计师事务所选聘制度,2025-09-30,http://static.cninfo.com.cn/finalpage/2025-09-30/1224689166.PDF,1224689166,会计师事务所
603949,雪龙集团,雪龙集团：雪龙集团股份有限公司会计师事务所选聘制度,2025-09-30,http://static.cninfo.com.cn/finalpage/2025-09-30/1224690854.PDF,1224690854,会计师事务所
300463,迈克生物,迈克生物：会计师事务所选聘制度（2025年9月29日）,2025-09-30,http://static.cninfo.com.cn/finalpage/2025-09-30/1224689598.PDF,1224689598,会计师事务所
688605,先锋精科,先锋精科：先锋精科关于续聘2025年度会计师事务所的公告,2025-09-30,http://static.cninfo.com.cn/finalpage/2025-09-30/1224690594.PDF,1224690594,会计师事务所
300253,卫宁健康,卫宁健康：会计师事务所选聘制度（2025年9月）,2025-09-30,http://static.cninfo.com.cn/finalpage/2025-09-30/1224688643.PDF,1224688643,会计师事务所
603757,大元泵业,大元泵业：浙江大元泵业股份有限公司会计师事务所选聘制度（2025年9月）,2025-09-30,http://static.cninfo.com.cn/finalpage/2025-09-30/1224688979.PDF,1224688979,会计师事务所
603609,禾丰股份,禾丰股份：容诚会计师事务所（特殊普通合伙）关于禾丰食品股份有限公司2025年半年度报告的信息披露监管问询函中有关问题的回复,2025-09-30,http://static.cninfo.com.cn/finalpage/2025-09-30/1224688578.PDF,1224688578,会计师事务所
600850,电科数字,电科数字：中电科数字技术股份有限公司关于变更会计师事务所的公告,2025-09-30,http://static.cninfo.com.cn/finalpage/2025-09-30/1224691344.PDF,1224691344,会计师事务所
603030,全筑股份,全筑股份：关于续聘会计师事务所的公告,2025-09-30,http://static.cninfo.com.cn/finalpage/2025-09-30/1224691720.PDF,1224691720,会计师事务所
000546,金圆股份,金圆股份：关于续聘会计师事务所的公告,2025-09-30,http://static.cninfo.com.cn/finalpage/2025-09-30/1224691387.PDF,1224691387,会计师事务所
000868,安凯客车,安凯客车：关于续聘会计师事务所的公告,2025-09-30,http://static.cninfo.com.cn/finalpage/2025-09-30/1224691097.PDF,1224691097,会计师事务所
300219,鸿利智汇,鸿利智汇：会计师事务所选聘制度（2025年9月）,2025-09-30,http://static.cninfo.com.cn/finalpage/2025-09-30/1224692344.PDF,1224692344,会计师事务所
301166,优宁维,优宁维：会计师事务所选聘制度,2025-09-30,http://static.cninfo.com.cn/finalpage/2025-09-30/1224691206.PDF,1224691206,会计师事务所
301567,贝隆精密,贝隆精密：关于续聘会计师事务所的公告,2025-09-30,http://static.cninfo.com.cn/finalpage/2025-09-30/1224692537.PDF,1224692537,会计师事务所
301567,贝隆精密,贝隆精密：会计师事务所选聘制度（2025年9月修订）,2025-09-30,http://static.cninfo.com.cn/finalpage/2025-09-30/1224692554.PDF,1224692554,会计师事务所
002622,皓宸医疗,皓宸医疗：会计师事务所选聘制度,2025-09-30,http://static.cninfo.com.cn/finalpage/2025-09-30/1224692604.PDF,1224692604,会计师事务所
002832,比音勒芬,比音勒芬：关于续聘2025年度会计师事务所的公告,2025-09-30,http://static.cninfo.com.cn/finalpage/2025-09-30/1224692755.PDF,1224692755,会计师事务所
605199,ST葫芦娃,ST葫芦娃：海南葫芦娃药业集团股份有限公司会计师事务所选聘制度（2025年9月修订）,2025-09-30,http://static.cninfo.com.cn/finalpage/2025-09-30/1224693264.PDF,1224693264,会计师事务所
600661,昂立教育,昂立教育：《上海新南洋昂立教育科技股份有限公司会计师事务所选聘制度（2025年9月修订）》,2025-09-30,http://static.cninfo.com.cn/finalpage/2025-09-30/1224690873.PDF,1224690873,会计师事务所
001308,康冠科技,康冠科技：关于拟变更会计师事务所的公告,2025-09-30,http://static.cninfo.com.cn/finalpage/2025-09-30/1224692114.PDF,1224692114,会计师事务所
688135,利扬芯片,利扬芯片：会计师事务所选聘制度（2025年9月）,2025-09-30,http://static.cninfo.com.cn/finalpage/2025-09-30/1224691996.PDF,1224691996,会计师事务所
603129,春风动力,春风动力：立信会计师事务所（特殊普通合伙）关于浙江春风动力股份有限公司向不特定对象发行可转换公司债券申请文件的审核问询函的回复,2025-09-30,http://static.cninfo.com.cn/finalpage/2025-09-30/1224690794.PDF,1224690794,会计师事务所
600025,华能水电,华能水电：天职国际会计师事务所出具华能澜沧江水电股份有限公司募集资金置换专项鉴证报告,2025-09-30,http://static.cninfo.com.cn/finalpage/2025-09-30/1224691080.PDF,1224691080,会计师事务所
600960,渤海汽车,渤海汽车：立信会计师事务所（特殊普通合伙）关于渤海汽车系统股份有限公司本次重大资产重组前业绩异常或存在拟置出资产情形的专项核查意见,2025-09-30,http://static.cninfo.com.cn/finalpage/2025-09-30/1224693042.PDF,1224693042,会计师事务所
603386,骏亚科技,骏亚科技：骏亚科技：会计师事务所选聘制度（2025年9月修订）,2025-09-30,http://static.cninfo.com.cn/finalpage/2025-09-30/1224693163.PDF,1224693163,会计师事务所
688719,爱科赛博,爱科赛博：西安爱科赛博电气股份有限公司会计师事务所选聘制度,2025-09-30,http://static.cninfo.com.cn/finalpage/2025-09-30/1224688517.PDF,1224688517,会计师事务所
600745,闻泰科技,闻泰科技：关于聘任会计师事务所的公告,2025-09-30,http://static.cninfo.com.cn/finalpage/2025-09-30/1224691594.PDF,1224691594,会计师事务所
688112,鼎阳科技,鼎阳科技：鼎阳科技会计师事务所选聘制度,2025-09-30,http://static.cninfo.com.cn/finalpage/2025-09-30/1224691618.PDF,1224691618,会计师事务所
000546,金圆股份,金圆股份：会计师事务所选聘制度,2025-09-30,http://static.cninfo.com.cn/finalpage/2025-09-30/1224691369.PDF,1224691369,会计师事务所
002777,久远银海,久远银海：会计师事务所选聘管理办法（2025年9月）,2025-09-30,http://static.cninfo.com.cn/finalpage/2025-09-30/1224690127.PDF,1224690127,会计师事务所
000078,海王生物,海王生物：会计师事务所选聘制度（2025年9月修订草案）,2025-09-30,http://static.cninfo.com.cn/finalpage/2025-09-30/1224691412.PDF,1224691412,会计师事务所
600452,涪陵电力,涪陵电力：会计师事务所选聘及评价制度,2025-09-30,http://static.cninfo.com.cn/finalpage/2025-09-30/1224690966.PDF,1224690966,会计师事务所
300756,金马游乐,金马游乐：会计师事务所选聘制度,2025-09-30,http://static.cninfo.com.cn/finalpage/2025-09-30/1224694091.PDF,1224694091,会计师事务所
300396,迪瑞医疗,迪瑞医疗：会计师事务所选聘制度（2025年9月修订）,2025-09-30,http://static.cninfo.com.cn/finalpage/2025-09-30/1224691285.PDF,1224691285,会计师事务所
600879,航天电子,航天电子：航天时代电子技术股份有限公司关于续聘会计师事务所的公告,2025-09-30,http://static.cninfo.com.cn/finalpage/2025-09-30/1224688944.PDF,1224688944,会计师事务所
002329,皇氏集团,皇氏集团：会计师事务所选聘制度,2025-09-30,http://static.cninfo.com.cn/finalpage/2025-09-30/1224693469.PDF,1224693469,会计师事务所
600892,*ST大晟,*ST大晟：关于聘任会计师事务所的公告,2025-09-30,http://static.cninfo.com.cn/finalpage/2025-09-30/1224692166.PDF,1224692166,会计师事务所
000620,盈新发展,盈新发展：关于拟聘任会计师事务所的公告,2025-09-30,http://static.cninfo.com.cn/finalpage/2025-09-30/1224689663.PDF,1224689663,会计师事务所
300995,奇德新材,奇德新材：信永中和会计师事务所（特殊普通合伙）关于广东奇德新材料股份有限公司申请向特定对象发行股票的审核问询函的回复,2025-09-29,http://static.cninfo.com.cn/finalpage/2025-09-29/1224692529.PDF,1224692529,会计师事务所
301098,金埔园林,金埔园林：中兴华会计师事务所（特殊普通合伙）关于金埔园林股份有限公司前次募集资金使用情况的鉴证报告,2025-09-29,http://static.cninfo.com.cn/finalpage/2025-09-29/1224692246.PDF,1224692246,会计师事务所
300688,创业黑马,创业黑马：中兴华会计师事务所关于标的公司最近两年及一期的审计报告,2025-09-29,http://static.cninfo.com.cn/finalpage/2025-09-29/1224692499.pdf,1224692499,会计师事务所
300688,创业黑马,创业黑马：中兴华会计师事务所关于上市公司最近一年及一期的备考财务报告及其审阅报告,2025-09-29,http://static.cninfo.com.cn/finalpage/2025-09-29/1224692516.pdf,1224692516,会计师事务所
000830,鲁西化工,鲁西化工：会计师事务所选聘制度（2025年9月制定）,2025-09-29,http://static.cninfo.com.cn/finalpage/2025-09-29/1224687919.PDF,1224687919,会计师事务所
873576,天力复合,[临时公告]天力复合:会计师事务所选聘制度,2025-09-29,http://static.cninfo.com.cn/finalpage/2025-09-29/1224693781.PDF,1224693781,会计师事务所
873001,纬达光电,[临时公告]纬达光电:拟续聘2025年度会计师事务所公告,2025-09-29,http://static.cninfo.com.cn/finalpage/2025-09-29/1224693558.PDF,1224693558,会计师事务所
873001,纬达光电,[临时公告]纬达光电:会计师事务所选聘制度,2025-09-29,http://static.cninfo.com.cn/finalpage/2025-09-29/1224693393.PDF,1224693393,会计师事务所
600019,宝钢股份,宝钢股份：宝钢股份关于变更会计师事务所的公告,2025-09-29,http://static.cninfo.com.cn/finalpage/2025-09-29/1224687605.PDF,1224687605,会计师事务所
688300,联瑞新材,联瑞新材：华兴会计师事务所（特殊普通合伙）关于江苏联瑞新材料股份有限公司向不特定对象发行可转换公司债券审核问询函有关财务问题回复的专项说明（豁免版）,2025-09-29,http://static.cninfo.com.cn/finalpage/2025-09-29/1224687770.PDF,1224687770,会计师事务所
873703,广厦环能,[临时公告]广厦环能:会计师事务所选聘制度,2025-09-29,http://static.cninfo.com.cn/finalpage/2025-09-29/1224693744.PDF,1224693744,会计师事务所
002277,友阿股份,友阿股份：立信会计师事务所（特殊普通合伙）关于深圳证券交易所《关于湖南友谊阿波罗商业股份有限公司发行股份购买资产并募集配套资金申请的审核问询函》之专项回复意见,2025-09-27,http://static.cninfo.com.cn/finalpage/2025-09-27/1224685241.PDF,1224685241,会计师事务所
300654,世纪天鸿,世纪天鸿：会计师事务所选聘制度,2025-09-27,http://static.cninfo.com.cn/finalpage/2025-09-27/1224683926.PDF,1224683926,会计师事务所
000782,恒申新材,恒申新材：会计师事务所选聘制度,2025-09-27,http://static.cninfo.com.cn/finalpage/2025-09-27/1224683759.PDF,1224683759,会计师事务所
002452,长高电新,长高电新：中审华会计师事务所关于长高电新科技股份公司申请向不特定对象发行可转换公司债券的审核问询函的回复,2025-09-27,http://static.cninfo.com.cn/finalpage/2025-09-27/1224683642.PDF,1224683642,会计师事务所
600265,ST景谷,ST景谷：关于变更会计师事务所的公告,2025-09-27,http://static.cninfo.com.cn/finalpage/2025-09-27/1224684894.PDF,1224684894,会计师事务所
002917,金奥博,金奥博：关于续聘2025年度会计师事务所的公告,2025-09-27,http://static.cninfo.com.cn/finalpage/2025-09-27/1224687214.PDF,1224687214,会计师事务所
002917,金奥博,金奥博：会计师事务所选聘制度（2025年9月）,2025-09-27,http://static.cninfo.com.cn/finalpage/2025-09-27/1224687218.PDF,1224687218,会计师事务所
000973,佛塑科技,佛塑科技：华兴会计师事务所（特殊普通合伙）关于佛山佛塑科技集团股份有限公司发行股份购买资产并募集配套资金申请的审核问询函回复之专项核查意见,2025-09-27,http://static.cninfo.com.cn/finalpage/2025-09-27/1224687073.PDF,1224687073,会计师事务所
000056,皇庭国际,皇庭国际：关于拟续聘会计师事务所的公告,2025-09-27,http://static.cninfo.com.cn/finalpage/2025-09-27/1224686138.PDF,1224686138,会计师事务所
600250,南京商旅,南京商旅：南京商旅会计师事务所选聘制度（2025年9月修订）,2025-09-27,http://static.cninfo.com.cn/finalpage/2025-09-27/1224687329.PDF,1224687329,会计师事务所
600601,方正科技,方正科技：中审众环会计师事务所（特殊普通合伙）关于方正科技集团股份有限公司申请向特定对象发行股票审核问询相关问题的回复专项核查报告,2025-09-27,http://static.cninfo.com.cn/finalpage/2025-09-27/1224686277.PDF,1224686277,会计师事务所
001260,坤泰股份,坤泰股份：会计师事务所选聘制度,2025-09-27,http://static.cninfo.com.cn/finalpage/2025-09-27/1224683706.PDF,1224683706,会计师事务所
603162,海通发展,海通发展：致同会计师事务所（特殊普通合伙）关于福建海通发展股份有限公司向特定对象发行股票的财务报告及审计报告,2025-09-27,http://static.cninfo.com.cn/finalpage/2025-09-27/1224683733.PDF,1224683733,会计师事务所
600664,哈药股份,哈药股份：哈药集团股份有限公司会计师事务所选聘制度（2025年9月修订）,2025-09-27,http://static.cninfo.com.cn/finalpage/2025-09-27/1224684345.PDF,1224684345,会计师事务所
002507,涪陵榨菜,涪陵榨菜：关于续聘会计师事务所的公告,2025-09-27,http://static.cninfo.com.cn/finalpage/2025-09-27/1224684595.PDF,1224684595,会计师事务所
600666,奥瑞德,奥瑞德：奥瑞德光电股份有限公司会计师事务所选聘制度（2025年9月）,2025-09-27,http://static.cninfo.com.cn/finalpage/2025-09-27/1224685690.PDF,1224685690,会计师事务所
002044,美年健康,美年健康：会计师事务所选聘制度（2025年9月制定）,2025-09-27,http://static.cninfo.com.cn/finalpage/2025-09-27/1224686813.PDF,1224686813,会计师事务所
300168,万达信息,万达信息：关于拟续聘2025年度会计师事务所的公告,2025-09-27,http://static.cninfo.com.cn/finalpage/2025-09-27/1224685321.PDF,1224685321,会计师事务所
002534,西子洁能,西子洁能：会计师事务所选聘制度（2025-09-26修订）,2025-09-27,http://static.cninfo.com.cn/finalpage/2025-09-27/1224686523.PDF,1224686523,会计师事务所
001208,华菱线缆,华菱线缆：天健会计师事务所（特殊普通合伙）关于湖南华菱线缆股份有限公司验资报告,2025-09-27,http://static.cninfo.com.cn/finalpage/2025-09-27/1224683531.PDF,1224683531,会计师事务所
600620,天宸股份,天宸股份：上海市天宸股份有限公司关于续聘会计师事务所公告,2025-09-27,http://static.cninfo.com.cn/finalpage/2025-09-27/1224684833.PDF,1224684833,会计师事务所
603256,宏和科技,宏和科技：毕马威华振会计师事务所关于宏和电子材料科技股份有限公司申请向特定对象发行股票的审核问询函的回复专项说明（豁免版）,2025-09-27,http://static.cninfo.com.cn/finalpage/2025-09-27/1224685997.PDF,1224685997,会计师事务所
600250,南京商旅,南京商旅：南京商旅关于续聘会计师事务所的公告,2025-09-27,http://static.cninfo.com.cn/finalpage/2025-09-27/1224687322.PDF,1224687322,会计师事务所
603789,*ST星农,*ST星农：上会会计师事务所（特殊普通合伙）关于星光农机股份有限公司前期会计差错更正专项说明的鉴证报告,2025-09-27,http://static.cninfo.com.cn/finalpage/2025-09-27/1224687338.PDF,1224687338,会计师事务所
000800,一汽解放,一汽解放：关于拟变更会计师事务所的公告,2025-09-27,http://static.cninfo.com.cn/finalpage/2025-09-27/1224687056.PDF,1224687056,会计师事务所
600089,特变电工,特变电工：信永中和会计师事务所（特殊普通合伙）关于特变电工股份有限公司向不特定对象发行可转换公司债券的财务报告及审计报告,2025-09-27,http://static.cninfo.com.cn/finalpage/2025-09-27/1224686575.PDF,1224686575,会计师事务所
603586,金麒麟,金麒麟：山东金麒麟股份有限公司会计师事务所评估、选聘与改聘管理制度,2025-09-27,http://static.cninfo.com.cn/finalpage/2025-09-27/1224686269.PDF,1224686269,会计师事务所
603256,宏和科技,宏和科技：毕马威华振会计师事务所（特殊普通合伙）关于宏和电子材料科技股份有限公司向特定对象发行股票的财务报告及审计报告,2025-09-27,http://static.cninfo.com.cn/finalpage/2025-09-27/1224685996.PDF,1224685996,会计师事务所
002830,名雕股份,名雕股份：会计师事务所选聘制度,2025-09-27,http://static.cninfo.com.cn/finalpage/2025-09-27/1224684586.PDF,1224684586,会计师事务所
001872,招商港口,招商港口：选聘会计师事务所专项制度（2025年9月）,2025-09-27,http://static.cninfo.com.cn/finalpage/2025-09-27/1224686772.PDF,1224686772,会计师事务所
300621,维业股份,维业股份：会计师事务所选聘制度,2025-09-27,http://static.cninfo.com.cn/finalpage/2025-09-27/1224686970.PDF,1224686970,会计师事务所
000668,*ST荣控,*ST荣控：会计师事务所选聘制度,2025-09-27,http://static.cninfo.com.cn/finalpage/2025-09-27/1224684523.PDF,1224684523,会计师事务所
000056,皇庭国际,皇庭国际：会计师事务所选聘制度（2025年9月）,2025-09-27,http://static.cninfo.com.cn/finalpage/2025-09-27/1224686130.PDF,1224686130,会计师事务所
300321,同大股份,同大股份：会计师事务所选聘制度,2025-09-27,http://static.cninfo.com.cn/finalpage/2025-09-27/1224685736.PDF,1224685736,会计师事务所
001298,好上好,好上好：关于续聘会计师事务所的公告,2025-09-27,http://static.cninfo.com.cn/finalpage/2025-09-27/1224684066.PDF,1224684066,会计师事务所
300397,天和防务,天和防务：会计师事务所选聘制度（2025年9月）,2025-09-26,http://static.cninfo.com.cn/finalpage/2025-09-26/1224687123.PDF,1224687123,会计师事务所
300782,卓胜微,卓胜微：立信会计师事务所（特殊普通合伙）关于江苏卓胜微电子股份有限公司申请向特定对象发行股票的审核问询函的回复（2025年半年报更新）,2025-09-26,http://static.cninfo.com.cn/finalpage/2025-09-26/1224687110.PDF,1224687110,会计师事务所
149354,21侨城04,21侨城04：兴业证券股份有限公司关于深圳华侨城股份有限公司会计师事务所发生变动的受托管理事务临时报告,2025-09-26,http://static.cninfo.com.cn/finalpage/2025-09-26/1224683596.PDF,1224683596,会计师事务所
000069,华侨城Ａ,华侨城Ａ：兴业证券股份有限公司关于深圳华侨城股份有限公司会计师事务所发生变动的受托管理事务临时报告,2025-09-26,http://static.cninfo.com.cn/finalpage/2025-09-26/1224683594.PDF,1224683594,会计师事务所
149343,21侨城02,21侨城02：兴业证券股份有限公司关于深圳华侨城股份有限公司会计师事务所发生变动的受托管理事务临时报告,2025-09-26,http://static.cninfo.com.cn/finalpage/2025-09-26/1224683595.PDF,1224683595,会计师事务所
149439,21侨城06,21侨城06：兴业证券股份有限公司关于深圳华侨城股份有限公司会计师事务所发生变动的受托管理事务临时报告,2025-09-26,http://static.cninfo.com.cn/finalpage/2025-09-26/1224683597.PDF,1224683597,会计师事务所
000006,深振业Ａ,深振业Ａ：关于拟变更会计师事务所的公告,2025-09-26,http://static.cninfo.com.cn/finalpage/2025-09-26/1224681529.PDF,1224681529,会计师事务所
000779,甘咨询,甘咨询：甘肃工程咨询集团股份有限公司会计师事务所选聘管理制度,2025-09-26,http://static.cninfo.com.cn/finalpage/2025-09-26/1224682511.PDF,1224682511,会计师事务所
002782,可立克,可立克：会计师事务所选聘制度（2025年9月）,2025-09-26,http://static.cninfo.com.cn/finalpage/2025-09-26/1224682619.PDF,1224682619,会计师事务所
688668,鼎通科技,鼎通科技：关于变更会计师事务所的公告,2025-09-26,http://static.cninfo.com.cn/finalpage/2025-09-26/1224681555.PDF,1224681555,会计师事务所
603667,五洲新春,五洲新春：天健会计师事务所(特殊普通合伙)关于五洲新春前次募集资金使用情况鉴证报告,2025-09-26,http://static.cninfo.com.cn/finalpage/2025-09-26/1224681295.PDF,1224681295,会计师事务所
600828,茂业商业,茂业商业：茂业商业关于续聘会计师事务所的公告,2025-09-26,http://static.cninfo.com.cn/finalpage/2025-09-26/1224681243.PDF,1224681243,会计师事务所
603318,水发燃气,水发燃气：致同会计师事务所（特殊普通合伙）关于水发派思燃气股份有限公司向特定对象发行股票的财务报告及其审计报告,2025-09-26,http://static.cninfo.com.cn/finalpage/2025-09-26/1224682446.PDF,1224682446,会计师事务所
835857,百甲科技,[临时公告]百甲科技:会计师事务所选聘制度,2025-09-26,http://static.cninfo.com.cn/finalpage/2025-09-26/1224685184.PDF,1224685184,会计师事务所
300815,玉禾田,玉禾田：立信会计师事务所（特殊普通合伙）关于公司非经常性损益明细表鉴证报告,2025-09-26,http://static.cninfo.com.cn/finalpage/2025-09-26/1224682771.PDF,1224682771,会计师事务所
600730,中国高科,中国高科：中国高科关于续聘会计师事务所的公告,2025-09-26,http://static.cninfo.com.cn/finalpage/2025-09-26/1224682997.pdf,1224682997,会计师事务所
688571,杭华股份,杭华股份：杭华油墨股份有限公司关于续聘2025年度会计师事务所的公告,2025-09-26,http://static.cninfo.com.cn/finalpage/2025-09-26/1224681227.PDF,1224681227,会计师事务所
002442,龙星科技,龙星科技：龙星科技  选聘会计师事务所管理办法,2025-09-26,http://static.cninfo.com.cn/finalpage/2025-09-26/1224682944.PDF,1224682944,会计师事务所
300815,玉禾田,玉禾田：立信会计师事务所（特殊普通合伙）关于公司前次募集资金使用情况鉴证报告,2025-09-26,http://static.cninfo.com.cn/finalpage/2025-09-26/1224682772.PDF,1224682772,会计师事务所
601615,明阳智能,明阳智能：关于聘任会计师事务所的公告,2025-09-26,http://static.cninfo.com.cn/finalpage/2025-09-26/1224682834.PDF,1224682834,会计师事务所
831627,力王股份,[临时公告]力王股份:拟续聘2025年度会计师事务所公告,2025-09-26,http://static.cninfo.com.cn/finalpage/2025-09-26/1224684725.PDF,1224684725,会计师事务所
002656,*ST摩登,*ST摩登：会计师事务所选聘制度,2025-09-26,http://static.cninfo.com.cn/finalpage/2025-09-26/1224681109.PDF,1224681109,会计师事务所
688386,泛亚微透,泛亚微透：天健会计师事务所（特殊普通合伙）关于江苏泛亚微透科技股份有限公司三年一期非经常性损益鉴证报告,2025-09-26,http://static.cninfo.com.cn/finalpage/2025-09-26/1224680412.PDF,1224680412,会计师事务所
603610,麒盛科技,麒盛科技：麒盛科技关于变更会计师事务所的公告,2025-09-26,http://static.cninfo.com.cn/finalpage/2025-09-26/1224680415.PDF,1224680415,会计师事务所
000509,华塑控股,华塑控股：关于续聘会计师事务所的公告,2025-09-26,http://static.cninfo.com.cn/finalpage/2025-09-26/1224682163.PDF,1224682163,会计师事务所
002810,山东赫达,山东赫达：会计师事务所选聘制度（202509）,2025-09-26,http://static.cninfo.com.cn/finalpage/2025-09-26/1224682856.PDF,1224682856,会计师事务所
836547,无锡晶海,[临时公告]无锡晶海:拟续聘2025年度会计师事务所公告,2025-09-26,http://static.cninfo.com.cn/finalpage/2025-09-26/1224685500.PDF,1224685500,会计师事务所
600025,华能水电,华能水电：天职国际会计师事务所出具关于华能澜沧江水电股份有限公司验资报告,2025-09-26,http://static.cninfo.com.cn/finalpage/2025-09-26/1224681053.PDF,1224681053,会计师事务所
688668,鼎通科技,鼎通科技：20-会计师事务所选聘制度（2025年9月新增）,2025-09-26,http://static.cninfo.com.cn/finalpage/2025-09-26/1224681568.PDF,1224681568,会计师事务所
835670,数字人,[临时公告]数字人:会计师事务所选聘制度,2025-09-26,http://static.cninfo.com.cn/finalpage/2025-09-26/1224685950.PDF,1224685950,会计师事务所
002484,江海股份,江海股份：南通江海电容器股份有限公司关于拟变更会计师事务所的公告,2025-09-26,http://static.cninfo.com.cn/finalpage/2025-09-26/1224681025.PDF,1224681025,会计师事务所
002995,天地在线,天地在线：大信会计师事务所(特殊普通合伙)关于深圳证券交易所《关于北京全时天地在线网络信息股份有限公司发行股份购买资产并募集配套资金申请的审核问询函》的回复（修订稿）,2025-09-26,http://static.cninfo.com.cn/finalpage/2025-09-26/1224681277.PDF,1224681277,会计师事务所
000564,供销大集,供销大集：关于续聘信永中和会计师事务所的公告,2025-09-26,http://static.cninfo.com.cn/finalpage/2025-09-26/1224682881.PDF,1224682881,会计师事务所
601519,大智慧,大智慧：中兴华会计师事务所（特殊普通合伙）关于上海大智慧股份有限公司本次重组前发生业绩异常或本次重组存在拟置出资产的专项核查报告,2025-09-26,http://static.cninfo.com.cn/finalpage/2025-09-26/1224683314.PDF,1224683314,会计师事务所
300964,本川智能,本川智能：致同会计师事务所（特殊普通合伙）关于江苏本川智能电路科技股份有限公司申请向不特定对象发行可转换公司债券审核问询函中有关财务会计问题的专项说明,2025-09-25,http://static.cninfo.com.cn/finalpage/2025-09-25/1224681748.PDF,1224681748,会计师事务所
300635,中达安,中达安：大信会计师事务所（特殊普通合伙）关于中达安股份有限公司申请向特定对象发行股票的审核问询函的回复,2025-09-25,http://static.cninfo.com.cn/finalpage/2025-09-25/1224680919.PDF,1224680919,会计师事务所
300160,秀强股份,秀强股份：会计师事务所选聘制度（2025年9月修订),2025-09-25,http://static.cninfo.com.cn/finalpage/2025-09-25/1224680374.PDF,1224680374,会计师事务所
000633,合金投资,合金投资：会计师事务所选聘制度（2025年9月修订）,2025-09-25,http://static.cninfo.com.cn/finalpage/2025-09-25/1224680203.PDF,1224680203,会计师事务所
001386,马可波罗,马可波罗：容诚会计师事务所（特殊普通合伙）关于公司首次公开发行股票并在主板上市的财务报表及审计报告,2025-09-25,http://static.cninfo.com.cn/finalpage/2025-09-25/1224679214.PDF,1224679214,会计师事务所
603196,日播时尚,日播时尚：众华会计师事务所《关于日播时尚集团股份有限公司发行股份及支付现金购买资产并募集配套资金暨关联交易申请的审核问询函》回复之核查意见,2025-09-25,http://static.cninfo.com.cn/finalpage/2025-09-25/1224679998.PDF,1224679998,会计师事务所
002365,永安药业,永安药业：会计师事务所选聘制度（2025年9月）,2025-09-25,http://static.cninfo.com.cn/finalpage/2025-09-25/1224678767.PDF,1224678767,会计师事务所
688133,泰坦科技,泰坦科技：会计师事务所选聘制度,2025-09-25,http://static.cninfo.com.cn/finalpage/2025-09-25/1224678804.PDF,1224678804,会计师事务所
301019,宁波色母,宁波色母：会计师事务所选聘制度（2025年9月修订）,2025-09-25,http://static.cninfo.com.cn/finalpage/2025-09-25/1224679594.PDF,1224679594,会计师事务所
688171,纬德信息,纬德信息：会计师事务所选聘制度（2025年9月）,2025-09-25,http://static.cninfo.com.cn/finalpage/2025-09-25/1224679921.PDF,1224679921,会计师事务所
301045,天禄科技,天禄科技：会计师事务所选聘制度,2025-09-25,http://static.cninfo.com.cn/finalpage/2025-09-25/1224678277.PDF,1224678277,会计师事务所
603196,日播时尚,日播时尚：立信会计师事务所（特殊普通合伙）《关于日播时尚集团股份有限公司发行股份及支付现金购买资产并募集配套资金暨关联交易申请的审核问询函的回复》之专项核查意见,2025-09-25,http://static.cninfo.com.cn/finalpage/2025-09-25/1224679995.PDF,1224679995,会计师事务所
000560,我爱我家,我爱我家：关于拟续聘2025年度会计师事务所的公告,2025-09-25,http://static.cninfo.com.cn/finalpage/2025-09-25/1224679171.PDF,1224679171,会计师事务所
688293,奥浦迈,奥浦迈：立信会计师事务所（特殊普通合伙）关于上海奥浦迈生物科技股份有限公司发行股份及支付现金购买资产并募集配套资金申请的审核问询函回复之核查意见,2025-09-25,http://static.cninfo.com.cn/finalpage/2025-09-25/1224679676.PDF,1224679676,会计师事务所
688171,纬德信息,纬德信息：关于续聘2025年度会计师事务所的公告,2025-09-25,http://static.cninfo.com.cn/finalpage/2025-09-25/1224679902.PDF,1224679902,会计师事务所
688321,微芯生物,微芯生物：毕马威华振会计师事务所(特殊普通合伙)关于深圳微芯生物科技股份有限公司向特定对象发行股票申请文件的审核问询函回复的专项说明,2025-09-25,http://static.cninfo.com.cn/finalpage/2025-09-25/1224679120.PDF,1224679120,会计师事务所
873169,七丰精工,[临时公告]七丰精工:会计师事务所选聘制度,2025-09-25,http://static.cninfo.com.cn/finalpage/2025-09-25/1224682415.PDF,1224682415,会计师事务所
002211,ST宏达,ST宏达：关于续聘会计师事务所的公告,2025-09-25,http://static.cninfo.com.cn/finalpage/2025-09-25/1224678487.PDF,1224678487,会计师事务所
603578,三星新材,三星新材：天健会计师事务所（特殊普通合伙）关于浙江三星新材股份有限公司向特定对象发行A股股票会后事项承诺函（修订版）,2025-09-25,http://static.cninfo.com.cn/finalpage/2025-09-25/1224679500.PDF,1224679500,会计师事务所
920022,世昌股份,[临时公告]世昌股份:会计师事务所选聘制度,2025-09-25,http://static.cninfo.com.cn/finalpage/2025-09-25/1224682430.PDF,1224682430,会计师事务所
688499,利元亨,利元亨：广东利元亨智能装备股份有限公司关于续聘会计师事务所的公告,2025-09-25,http://static.cninfo.com.cn/finalpage/2025-09-25/1224678812.PDF,1224678812,会计师事务所
600977,中国电影,中国电影：中国电影关于续聘会计师事务所的公告,2025-09-24,http://static.cninfo.com.cn/finalpage/2025-09-24/1224676591.PDF,1224676591,会计师事务所
300315,掌趣科技,掌趣科技：《会计师事务所选聘制度》（2025年9月）,2025-09-24,http://static.cninfo.com.cn/finalpage/2025-09-24/1224677691.PDF,1224677691,会计师事务所
688035,德邦科技,德邦科技：《烟台德邦科技股份有限公司会计师事务所选聘制度》,2025-09-24,http://static.cninfo.com.cn/finalpage/2025-09-24/1224677511.PDF,1224677511,会计师事务所
002239,奥特佳,奥特佳：中审众环会计师事务所（特殊普通合伙）关于奥特佳新能源科技集团股份有限公司申请向特定对象发行股票的审核问询函的回复（豁免版）,2025-09-24,http://static.cninfo.com.cn/finalpage/2025-09-24/1224677058.PDF,1224677058,会计师事务所
688217,睿昂基因,睿昂基因：会计师事务所选聘制度（2025年9月）,2025-09-24,http://static.cninfo.com.cn/finalpage/2025-09-24/1224676281.PDF,1224676281,会计师事务所
002559,亚威股份,亚威股份：苏亚金诚会计师事务所(特殊普通合伙)关于江苏亚威机床股份有限公司申请向特定对象发行股票的审核问询函的回复,2025-09-24,http://static.cninfo.com.cn/finalpage/2025-09-24/1224677260.PDF,1224677260,会计师事务所
300847,中船汉光,中船汉光：关于拟变更会计师事务所的公告,2025-09-24,http://static.cninfo.com.cn/finalpage/2025-09-24/1224677815.PDF,1224677815,会计师事务所
688513,苑东生物,苑东生物：苑东生物：关于续聘会计师事务所的公告,2025-09-24,http://static.cninfo.com.cn/finalpage/2025-09-24/1224677019.PDF,1224677019,会计师事务所
688513,苑东生物,苑东生物：苑东生物：会计师事务所选聘制度（2025年9月）,2025-09-24,http://static.cninfo.com.cn/finalpage/2025-09-24/1224677001.PDF,1224677001,会计师事务所
601608,中信重工,中信重工：中信重工会计师事务所选聘管理办法（2025年9月修订）,2025-09-24,http://static.cninfo.com.cn/finalpage/2025-09-24/1224677930.PDF,1224677930,会计师事务所
301053,远信工业,远信工业：会计师事务所选聘制度,2025-09-24,http://static.cninfo.com.cn/finalpage/2025-09-24/1224676904.PDF,1224676904,会计师事务所
688035,德邦科技,德邦科技：烟台德邦科技股份有限公司关于变更会计师事务所的公告,2025-09-24,http://static.cninfo.com.cn/finalpage/2025-09-24/1224677516.PDF,1224677516,会计师事务所
00267,中信股份,中信股份：海外监管公告 - 中信重工机械股份有限公司关於会计师事务所选聘管理办法（2025年9月修订）,2025-09-23,http://static.cninfo.com.cn/finalpage/2025-09-23/1224678131.PDF,1224678131,会计师事务所
301630,同宇新材,同宇新材：容诚会计师事务所（特殊普通合伙）关于同宇新材料（广东）股份有限公司以自筹资金预先投入募集资金投资项目的鉴证报告,2025-09-23,http://static.cninfo.com.cn/finalpage/2025-09-23/1224676584.PDF,1224676584,会计师事务所
301135,瑞德智能,瑞德智能：会计师事务所选聘制度,2025-09-23,http://static.cninfo.com.cn/finalpage/2025-09-23/1224674378.PDF,1224674378,会计师事务所
688525,佰维存储,佰维存储：会计师事务所选聘制度(2025年9月修订）,2025-09-23,http://static.cninfo.com.cn/finalpage/2025-09-23/1224675511.PDF,1224675511,会计师事务所
831304,迪尔化工,[临时公告]迪尔化工:会计师事务所选聘制度,2025-09-23,http://static.cninfo.com.cn/finalpage/2025-09-23/1224677382.PDF,1224677382,会计师事务所
002396,星网锐捷,星网锐捷：关于拟变更会计师事务所的公告,2025-09-23,http://static.cninfo.com.cn/finalpage/2025-09-23/1224673978.PDF,1224673978,会计师事务所
002813,路畅科技,路畅科技：会计师事务所选聘制度（2025年09月）,2025-09-23,http://static.cninfo.com.cn/finalpage/2025-09-23/1224674479.PDF,1224674479,会计师事务所
002217,合力泰,合力泰：关于拟续聘会计师事务所的公告,2025-09-23,http://static.cninfo.com.cn/finalpage/2025-09-23/1224675008.PDF,1224675008,会计师事务所
300679,电连技术,电连技术：关于续聘2025年度会计师事务所的公告,2025-09-23,http://static.cninfo.com.cn/finalpage/2025-09-23/1224674691.PDF,1224674691,会计师事务所
300473,德尔股份,德尔股份：众华会计师事务所（特殊普通合伙）关于深圳证券交易所《关于阜新德尔汽车部件股份有限公司发行股份购买资产并募集配套资金申请的审核问询函》之回复（修订稿）,2025-09-23,http://static.cninfo.com.cn/finalpage/2025-09-23/1224674648.PDF,1224674648,会计师事务所
300051,琏升科技,琏升科技：会计师事务所选聘制度（2025年9月）,2025-09-23,http://static.cninfo.com.cn/finalpage/2025-09-23/1224674260.PDF,1224674260,会计师事务所
605289,罗曼股份,罗曼股份：罗曼股份：会计师事务所选聘制度,2025-09-23,http://static.cninfo.com.cn/finalpage/2025-09-23/1224675455.PDF,1224675455,会计师事务所
603885,吉祥航空,吉祥航空：上海吉祥航空股份有限公司关于拟变更会计师事务所的公告,2025-09-23,http://static.cninfo.com.cn/finalpage/2025-09-23/1224674219.PDF,1224674219,会计师事务所
603885,吉祥航空,吉祥航空：会计师事务所选聘管理制度（2025年9月修订）,2025-09-23,http://static.cninfo.com.cn/finalpage/2025-09-23/1224674228.PDF,1224674228,会计师事务所
830839,万通液压,[临时公告]万通液压:会计师事务所选聘管理办法,2025-09-23,http://static.cninfo.com.cn/finalpage/2025-09-23/1224677488.PDF,1224677488,会计师事务所
301188,力诺药包,力诺药包：山东力诺医药包装股份有限公司会计师事务所选聘制度,2025-09-23,http://static.cninfo.com.cn/finalpage/2025-09-23/1224673658.PDF,1224673658,会计师事务所
000070,特发信息,特发信息：特发信息会计师事务所选聘制度（2025年9月）,2025-09-23,http://static.cninfo.com.cn/finalpage/2025-09-23/1224675426.PDF,1224675426,会计师事务所
300480,光力科技,光力科技：光力科技股份有限公司会计师事务所选聘制度,2025-09-23,http://static.cninfo.com.cn/finalpage/2025-09-23/1224673916.PDF,1224673916,会计师事务所
688721,龙图光罩,龙图光罩：深圳市龙图光罩股份有限公司会计师事务所选聘制度,2025-09-23,http://static.cninfo.com.cn/finalpage/2025-09-23/1224674571.PDF,1224674571,会计师事务所
002813,路畅科技,路畅科技：关于续聘会计师事务所的公告,2025-09-23,http://static.cninfo.com.cn/finalpage/2025-09-23/1224674497.PDF,1224674497,会计师事务所
300919,中伟股份,中伟股份：关于续聘会计师事务所的公告,2025-09-23,http://static.cninfo.com.cn/finalpage/2025-09-23/1224674912.PDF,1224674912,会计师事务所
300679,电连技术,电连技术：会计师事务所选聘制度（2025年9月）,2025-09-23,http://static.cninfo.com.cn/finalpage/2025-09-23/1224674693.PDF,1224674693,会计师事务所
001316,润贝航科,润贝航科：润贝航空科技股份有限公司关于续聘2025年度会计师事务所的公告,2025-09-23,http://static.cninfo.com.cn/finalpage/2025-09-23/1224674410.PDF,1224674410,会计师事务所
301165,锐捷网络,锐捷网络：关于拟变更会计师事务所的公告,2025-09-23,http://static.cninfo.com.cn/finalpage/2025-09-23/1224673506.PDF,1224673506,会计师事务所
835305,"*ST云创,云创数据",[临时公告]*ST云创:会计师事务所选聘制度,2025-09-23,http://static.cninfo.com.cn/finalpage/2025-09-23/1224677959.PDF,1224677959,会计师事务所
300735,光弘科技,光弘科技：立信会计师事务所（特殊普通合伙）关于惠州光弘科技股份有限公司申请向特定对象发行股票的审核问询函的回复,2025-09-22,http://static.cninfo.com.cn/finalpage/2025-09-22/1224673892.PDF,1224673892,会计师事务所
430418,苏轴股份,[临时公告]苏轴股份:会计师事务所选聘制度,2025-09-22,http://static.cninfo.com.cn/finalpage/2025-09-22/1224675208.PDF,1224675208,会计师事务所
688300,联瑞新材,联瑞新材：华兴会计师事务所（特殊普通合伙）关于江苏联瑞新材料股份有限公司 向不特定对象发行可转换公司债券审核问询函有关财务问题回复的专项说明（豁免版）,2025-09-20,http://static.cninfo.com.cn/finalpage/2025-09-20/1224670703.PDF,1224670703,会计师事务所
001222,源飞宠物,源飞宠物：会计师事务所选聘制度,2025-09-20,http://static.cninfo.com.cn/finalpage/2025-09-20/1224672612.PDF,1224672612,会计师事务所
300313,*ST天山,*ST天山：会计师事务所选聘制度（2025年9月）,2025-09-20,http://static.cninfo.com.cn/finalpage/2025-09-20/1224671875.PDF,1224671875,会计师事务所
600223,福瑞达,福瑞达：鲁商福瑞达医药股份有限公司关于续聘会计师事务所的公告,2025-09-20,http://static.cninfo.com.cn/finalpage/2025-09-20/1224670250.PDF,1224670250,会计师事务所
002307,北新路桥,北新路桥：关于拟变更会计师事务所的公告,2025-09-20,http://static.cninfo.com.cn/finalpage/2025-09-20/1224670083.PDF,1224670083,会计师事务所
603332,苏州龙杰,苏州龙杰：公证天业会计师事务所（特殊普通合伙）关于苏州龙杰特种纤维股份有限公司向特定对象发行股票的财务报告及审计报告,2025-09-20,http://static.cninfo.com.cn/finalpage/2025-09-20/1224671510.PDF,1224671510,会计师事务所
600863,内蒙华电,内蒙华电：中证天通会计师事务所（特殊普通合伙）关于内蒙古蒙电华能热电股份有限公司发行股份及支付现金购买资产并募集配套资金暨关联交易申请的审核问询函中相关财务问题的专项核查意见,2025-09-20,http://static.cninfo.com.cn/finalpage/2025-09-20/1224672217.PDF,1224672217,会计师事务所
002010,传化智联,传化智联：会计师事务所选聘制度,2025-09-20,http://static.cninfo.com.cn/finalpage/2025-09-20/1224670313.PDF,1224670313,会计师事务所
601929,吉视传媒,吉视传媒：吉视传媒关于续聘会计师事务所的公告,2025-09-20,http://static.cninfo.com.cn/finalpage/2025-09-20/1224670446.PDF,1224670446,会计师事务所
688188,柏楚电子,柏楚电子：关于续聘会计师事务所的公告,2025-09-20,http://static.cninfo.com.cn/finalpage/2025-09-20/1224671630.PDF,1224671630,会计师事务所
605555,德昌股份,德昌股份：立信会计师事务所（特殊普通合伙）关于宁波德昌电机股份有限公司向特定对象发行股票申请文件的审核问询函之回复,2025-09-20,http://static.cninfo.com.cn/finalpage/2025-09-20/1224672110.PDF,1224672110,会计师事务所
000599,青岛双星,青岛双星：立信会计师事务所（特殊普通合伙）关于对青岛双星股份有限公司发行股份、现金购买资产并募集配套资金申请的审核问询函之回复报告,2025-09-20,http://static.cninfo.com.cn/finalpage/2025-09-20/1224672090.PDF,1224672090,会计师事务所
002044,美年健康,美年健康：中审众环会计师事务所（特殊普通合伙）关于美年大健康产业控股股份有限公司《申请发行股份购买资产的审核问询函》的回复,2025-09-20,http://static.cninfo.com.cn/finalpage/2025-09-20/1224672549.PDF,1224672549,会计师事务所
003013,地铁设计,地铁设计：广东司农会计师事务所（特殊普通合伙）《关于广州地铁设计研究院股份有限公司发行股份购买资产并募集配套资金申请的审核问询函的回复》之专项核查意见,2025-09-19,http://static.cninfo.com.cn/finalpage/2025-09-19/1224669863.PDF,1224669863,会计师事务所
002957,科瑞技术,科瑞技术：会计师事务所选聘制度（2025年9月）,2025-09-19,http://static.cninfo.com.cn/finalpage/2025-09-19/1224667889.PDF,1224667889,会计师事务所
001336,楚环科技,楚环科技：会计师事务所选聘制度,2025-09-19,http://static.cninfo.com.cn/finalpage/2025-09-19/1224667809.PDF,1224667809,会计师事务所
002051,中工国际,中工国际：关于2025年度续聘会计师事务所及审计费用的公告,2025-09-19,http://static.cninfo.com.cn/finalpage/2025-09-19/1224669431.PDF,1224669431,会计师事务所
300891,惠云钛业,惠云钛业：会计师事务所选聘制度（2025年9月）,2025-09-19,http://static.cninfo.com.cn/finalpage/2025-09-19/1224669684.PDF,1224669684,会计师事务所
603007,*ST花王,*ST花王：关于续聘会计师事务所的公告,2025-09-19,http://static.cninfo.com.cn/finalpage/2025-09-19/1224669510.PDF,1224669510,会计师事务所
688506,百利天恒,百利天恒：立信会计师事务所（特殊普通合伙）关于四川百利天恒药业股份有限公司2025年度向特定对象发行A股股票验资报告,2025-09-19,http://static.cninfo.com.cn/finalpage/2025-09-19/1224668722.PDF,1224668722,会计师事务所
603112,华翔股份,华翔股份：容诚会计师事务所(特殊普通合伙)关于山西华翔集团股份有限公司前次募集资金使用情况鉴证报告,2025-09-19,http://static.cninfo.com.cn/finalpage/2025-09-19/1224669042.PDF,1224669042,会计师事务所
873570,坤博精工,[临时公告]坤博精工:会计师事务所选聘制度,2025-09-19,http://static.cninfo.com.cn/finalpage/2025-09-19/1224672489.PDF,1224672489,会计师事务所
002105,信隆健康,信隆健康：关于拟续聘会计师事务所的公告,2025-09-18,http://static.cninfo.com.cn/finalpage/2025-09-18/1224665714.PDF,1224665714,会计师事务所
605208,永茂泰,永茂泰：会计师事务所选聘制度（2025年9月17日制订）,2025-09-18,http://static.cninfo.com.cn/finalpage/2025-09-18/1224666857.PDF,1224666857,会计师事务所
002305,*ST南置,*ST南置：立信会计师事务所（特殊普通合伙）关于南国置业股份有限公司重大资产重组前发生业绩异常或本次重组存在拟置出资产情形的专项核查意见,2025-09-18,http://static.cninfo.com.cn/finalpage/2025-09-18/1224667278.PDF,1224667278,会计师事务所
600889,南京化纤,南京化纤：中兴华会计师事务所（特殊普通合伙）关于南京化纤股份有限公司重大资产置换、发行股份及支付现金购买资产并募集配套资金的审核问询函中相关财务问题的专项核查意见（修订稿）,2025-09-18,http://static.cninfo.com.cn/finalpage/2025-09-18/1224667347.PDF,1224667347,会计师事务所
835892,中科美菱,[临时公告]中科美菱:会计师事务所选聘制度,2025-09-18,http://static.cninfo.com.cn/finalpage/2025-09-18/1224669189.PDF,1224669189,会计师事务所
605089,味知香,味知香：会计师事务所选聘制度（2025年9月修订）,2025-09-17,http://static.cninfo.com.cn/finalpage/2025-09-17/1224664561.PDF,1224664561,会计师事务所
300079,数码视讯,数码视讯：关于聘请会计师事务所的公告,2025-09-17,http://static.cninfo.com.cn/finalpage/2025-09-17/1224664021.PDF,1224664021,会计师事务所
688307,中润光学,中润光学：会计师事务所选聘制度（2025年9月）,2025-09-17,http://static.cninfo.com.cn/finalpage/2025-09-17/1224665097.PDF,1224665097,会计师事务所
112276,15金鸿债,15金鸿债：关于变更会计师事务所的公告,2025-09-16,http://static.cninfo.com.cn/finalpage/2025-09-16/1224662915.PDF,1224662915,会计师事务所
000669,ST金鸿,ST金鸿：关于变更会计师事务所的公告,2025-09-16,http://static.cninfo.com.cn/finalpage/2025-09-16/1224662914.PDF,1224662914,会计师事务所
600732,爱旭股份,爱旭股份：容诚会计师事务所（特殊普通合伙）关于上海爱旭新能源股份有限公司向特定对象发行股票验资报告,2025-09-16,http://static.cninfo.com.cn/finalpage/2025-09-16/1224660952.PDF,1224660952,会计师事务所
002736,国信证券,国信证券：国信证券股份有限公司会计师事务所选聘制度,2025-09-16,http://static.cninfo.com.cn/finalpage/2025-09-16/1224662188.PDF,1224662188,会计师事务所
300975,商络电子,商络电子：立信会计师事务所(特殊普通合伙)关于广州立功科技股份有限公司的审计报告,2025-09-16,http://static.cninfo.com.cn/finalpage/2025-09-16/1224660569.PDF,1224660569,会计师事务所
600577,精达股份,精达股份：容诚会计师事务所（特殊普通合伙）关于铜陵精达特种电磁线股份有限公司向不特定对象发行可转换公司债券申请文件的审核问询函的回复（2025年半年度财务数据更新）,2025-09-16,http://static.cninfo.com.cn/finalpage/2025-09-16/1224660826.PDF,1224660826,会计师事务所
835174,五新隧装,[临时公告]五新隧装:天健会计师事务所(特殊普通合伙)关于对北京证券交易所《关于湖南五新隧道智能装备股份有限公司发行股份及支付现金购买资产并募集配套资金暨关联交易申请的审核问询函》的回复(修订稿),2025-09-16,http://static.cninfo.com.cn/finalpage/2025-09-16/1224664945.PDF,1224664945,会计师事务所
688321,微芯生物,微芯生物：毕马威华振会计师事务所关于深圳微芯生物科技股份有限公司前次募集资金使用情况报告的鉴证报告,2025-09-16,http://static.cninfo.com.cn/finalpage/2025-09-16/1224659733.PDF,1224659733,会计师事务所
688322,奥比中光,奥比中光：天健会计师事务所（特殊普通合伙）关于奥比中光科技集团股份有限公司向特定对象发行股票审核问询函中有关财务事项的说明（豁免版）,2025-09-16,http://static.cninfo.com.cn/finalpage/2025-09-16/1224662410.PDF,1224662410,会计师事务所
688369,致远互联,致远互联：北京致远互联软件股份有限公司关于会计师事务所变更签字会计师的公告,2025-09-16,http://static.cninfo.com.cn/finalpage/2025-09-16/1224660482.PDF,1224660482,会计师事务所
601279,英利汽车,英利汽车：长春英利汽车工业股份有限公司会计师事务所选聘制度,2025-09-16,http://static.cninfo.com.cn/finalpage/2025-09-16/1224661313.PDF,1224661313,会计师事务所
301363,美好医疗,美好医疗：关于续聘2025年度会计师事务所的公告,2025-09-16,http://static.cninfo.com.cn/finalpage/2025-09-16/1224662320.PDF,1224662320,会计师事务所
837006,晟楠科技,[临时公告]晟楠科技:会计师事务所选聘制度,2025-09-15,http://static.cninfo.com.cn/finalpage/2025-09-15/1224661432.PDF,1224661432,会计师事务所
000712,锦龙股份,锦龙股份：拟聘任会计师事务所的公告,2025-09-15,http://static.cninfo.com.cn/finalpage/2025-09-15/1224654195.PDF,1224654195,会计师事务所
601098,中南传媒,中南传媒：中南传媒关于续聘会计师事务所的公告,2025-09-15,http://static.cninfo.com.cn/finalpage/2025-09-15/1224659146.PDF,1224659146,会计师事务所
830832,齐鲁华信,[临时公告]齐鲁华信:拟变更2025年度会计师事务所公告,2025-09-15,http://static.cninfo.com.cn/finalpage/2025-09-15/1224659544.PDF,1224659544,会计师事务所
605006,山东玻纤,山东玻纤：山东玻纤集团股份有限公司会计师事务所选聘制度,2025-09-13,http://static.cninfo.com.cn/finalpage/2025-09-13/1224656794.PDF,1224656794,会计师事务所
603015,弘讯科技,弘讯科技：关于聘任会计师事务所的公告,2025-09-13,http://static.cninfo.com.cn/finalpage/2025-09-13/1224655274.PDF,1224655274,会计师事务所
603160,汇顶科技,汇顶科技：关于续聘会计师事务所的公告,2025-09-13,http://static.cninfo.com.cn/finalpage/2025-09-13/1224655922.PDF,1224655922,会计师事务所
600575,淮河能源,淮河能源：天健会计师事务所（特殊普通合伙）关于淮河能源（集团）股份有限公司发行股份及支付现金购买资产暨关联交易申请的审核问询函中有关财务事项的说明,2025-09-13,http://static.cninfo.com.cn/finalpage/2025-09-13/1224658734.PDF,1224658734,会计师事务所
600206,有研新材,有研新材：信永中和会计师事务所（特殊普通合伙）关于有研新材料股份有限公司向特定对象发行股票的财务报告及审计报告,2025-09-13,http://static.cninfo.com.cn/finalpage/2025-09-13/1224655542.PDF,1224655542,会计师事务所
603676,卫信康,卫信康：西藏卫信康医药股份有限公司会计师事务所选聘制度（2025年9月修订）,2025-09-13,http://static.cninfo.com.cn/finalpage/2025-09-13/1224658371.PDF,1224658371,会计师事务所
605555,德昌股份,德昌股份：立信会计师事务所（特殊普通合伙）关于宁波德昌电机股份有限公司向特定对象发行股票的财务报告及审计报告,2025-09-13,http://static.cninfo.com.cn/finalpage/2025-09-13/1224655744.PDF,1224655744,会计师事务所
301565,中仑新材,中仑新材：会计师事务所选聘制度,2025-09-13,http://static.cninfo.com.cn/finalpage/2025-09-13/1224658233.PDF,1224658233,会计师事务所
300271,华宇软件,华宇软件：关于续聘会计师事务所的公告,2025-09-13,http://static.cninfo.com.cn/finalpage/2025-09-13/1224656097.PDF,1224656097,会计师事务所
002289,*ST宇顺,*ST宇顺：深圳正一会计师事务所关于对《深圳市宇顺电子股份有限公司并购重组问询函》的回复,2025-09-13,http://static.cninfo.com.cn/finalpage/2025-09-13/1224659005.PDF,1224659005,会计师事务所
002573,清新环境,清新环境：关于拟变更会计师事务所的公告,2025-09-13,http://static.cninfo.com.cn/finalpage/2025-09-13/1224655200.PDF,1224655200,会计师事务所
300587,天铁科技,天铁科技：浙江天铁科技股份有限公司会计师事务所选聘制度（2025年9月修订）,2025-09-13,http://static.cninfo.com.cn/finalpage/2025-09-13/1224656325.PDF,1224656325,会计师事务所
603089,正裕工业,正裕工业：会计师事务所选聘制度（2025年9月修订）,2025-09-13,http://static.cninfo.com.cn/finalpage/2025-09-13/1224657644.PDF,1224657644,会计师事务所
601231,环旭电子,环旭电子：会计师事务所选聘制度（2025年9月）,2025-09-13,http://static.cninfo.com.cn/finalpage/2025-09-13/1224657525.PDF,1224657525,会计师事务所
002227,奥 特 迅,奥 特 迅：选聘会计师事务所专项制度（2025年9月）,2025-09-13,http://static.cninfo.com.cn/finalpage/2025-09-13/1224657961.PDF,1224657961,会计师事务所
000721,西安饮食,西安饮食：关于拟变更会计师事务所的公告,2025-09-13,http://static.cninfo.com.cn/finalpage/2025-09-13/1224658665.PDF,1224658665,会计师事务所
000004,*ST国华,*ST国华：会计师事务所选聘制度,2025-09-13,http://static.cninfo.com.cn/finalpage/2025-09-13/1224657664.PDF,1224657664,会计师事务所
000004,*ST国华,*ST国华：关于拟变更会计师事务所的公告,2025-09-13,http://static.cninfo.com.cn/finalpage/2025-09-13/1224657665.PDF,1224657665,会计师事务所
300830,金现代,金现代：会计师事务所选聘制度,2025-09-13,http://static.cninfo.com.cn/finalpage/2025-09-13/1224657560.PDF,1224657560,会计师事务所
002527,新时达,新时达：会计师事务所关于上海新时达电气股份有限公司申请向特定对象发行股票的审核问询函的回复,2025-09-13,http://static.cninfo.com.cn/finalpage/2025-09-13/1224657366.PDF,1224657366,会计师事务所
603013,亚普股份,亚普股份：亚普汽车部件股份有限公司关于续聘信永中和会计师事务所（特殊普通合伙）担任公司2025年度财务审计机构与内控审计机构的公告,2025-09-13,http://static.cninfo.com.cn/finalpage/2025-09-13/1224654336.PDF,1224654336,会计师事务所
300701,森霸传感,森霸传感：会计师事务所选聘制度（2025年9月）,2025-09-13,http://static.cninfo.com.cn/finalpage/2025-09-13/1224655581.PDF,1224655581,会计师事务所
300093,*ST金刚,*ST金刚：会计师事务所选聘制度（2025年9月）,2025-09-13,http://static.cninfo.com.cn/finalpage/2025-09-13/1224656274.PDF,1224656274,会计师事务所
300800,力合科技,力合科技：关于续聘2025年度会计师事务所的公告,2025-09-13,http://static.cninfo.com.cn/finalpage/2025-09-13/1224657308.PDF,1224657308,会计师事务所
600482,中国动力,中国动力：中国动力变更会计师事务所公告,2025-09-13,http://static.cninfo.com.cn/finalpage/2025-09-13/1224658118.PDF,1224658118,会计师事务所
301337,亚华电子,亚华电子：会计师事务所选聘制度（2025年9月）,2025-09-13,http://static.cninfo.com.cn/finalpage/2025-09-13/1224656930.PDF,1224656930,会计师事务所
601121,宝地矿业,宝地矿业：新疆宝地矿业股份有限公司关于续聘2025年度会计师事务所的公告,2025-09-13,http://static.cninfo.com.cn/finalpage/2025-09-13/1224655259.PDF,1224655259,会计师事务所
603330,天洋新材,天洋新材：天洋新材（上海）科技股份有限公司会计师事务所选聘制度（2025年9月修订）,2025-09-13,http://static.cninfo.com.cn/finalpage/2025-09-13/1224656396.PDF,1224656396,会计师事务所
002869,金溢科技,金溢科技：会计师事务所选聘制度（2025年9月）,2025-09-13,http://static.cninfo.com.cn/finalpage/2025-09-13/1224658637.PDF,1224658637,会计师事务所
603602,纵横通信,纵横通信：纵横通信关于续聘会计师事务所的公告,2025-09-13,http://static.cninfo.com.cn/finalpage/2025-09-13/1224658202.PDF,1224658202,会计师事务所
300719,安达维尔,安达维尔：信永中和会计师事务所（特殊普通合伙）关于北京安达维尔科技股份有限公司申请向特定对象发行股票的第二轮审核问询函之回复报告,2025-09-12,http://static.cninfo.com.cn/finalpage/2025-09-12/1224657316.PDF,1224657316,会计师事务所
300719,安达维尔,安达维尔：信永中和会计师事务所（特殊普通合伙）关于北京安达维尔科技股份有限公司申请向特定对象发行股票的审核问询函之回复报告,2025-09-12,http://static.cninfo.com.cn/finalpage/2025-09-12/1224657317.PDF,1224657317,会计师事务所
603105,芯能科技,芯能科技：浙江芯能光伏科技股份有限公司会计师事务所选聘制度（2025年9月）,2025-09-12,http://static.cninfo.com.cn/finalpage/2025-09-12/1224653466.PDF,1224653466,会计师事务所
600469,风神股份,风神股份：容诚会计师事务所（特殊普通合伙）关于风神轮胎股份有限公司向特定对象发行股票申请文件的审核问询函中有关财务会计问题的专项说明,2025-09-12,http://static.cninfo.com.cn/finalpage/2025-09-12/1224653591.PDF,1224653591,会计师事务所
601969,海南矿业,海南矿业：海南矿业股份有限公司会计师事务所选聘管理办法（2025年9月修订）,2025-09-12,http://static.cninfo.com.cn/finalpage/2025-09-12/1224652806.PDF,1224652806,会计师事务所
300272,开能健康,开能健康：会计师事务所选聘制度（2025年9月修订）,2025-09-12,http://static.cninfo.com.cn/finalpage/2025-09-12/1224652625.PDF,1224652625,会计师事务所
300349,金卡智能,金卡智能：会计师事务所选聘制度（2025年9月修订）,2025-09-12,http://static.cninfo.com.cn/finalpage/2025-09-12/1224653302.PDF,1224653302,会计师事务所
603655,朗博科技,朗博科技：会计师事务所选聘制度（2025年9月修订）,2025-09-12,http://static.cninfo.com.cn/finalpage/2025-09-12/1224651887.PDF,1224651887,会计师事务所
002897,意华股份,意华股份：会计师事务所选聘制度,2025-09-12,http://static.cninfo.com.cn/finalpage/2025-09-12/1224652852.PDF,1224652852,会计师事务所
300995,奇德新材,奇德新材：会计师事务所选聘制度,2025-09-12,http://static.cninfo.com.cn/finalpage/2025-09-12/1224652094.PDF,1224652094,会计师事务所
835438,戈碧迦,[临时公告]戈碧迦:会计师事务所选聘制度,2025-09-12,http://static.cninfo.com.cn/finalpage/2025-09-12/1224658083.PDF,1224658083,会计师事务所
831834,"三维股份,三维装备",[临时公告]三维装备:会计师事务所选聘制度,2025-09-12,http://static.cninfo.com.cn/finalpage/2025-09-12/1224658374.PDF,1224658374,会计师事务所
832786,骑士乳业,[临时公告]骑士乳业:会计师事务所选聘制度,2025-09-12,http://static.cninfo.com.cn/finalpage/2025-09-12/1224658604.PDF,1224658604,会计师事务所
300237,美晨科技,美晨科技：关于拟变更会计师事务所的公告,2025-09-12,http://static.cninfo.com.cn/finalpage/2025-09-12/1224651963.PDF,1224651963,会计师事务所
603052,可川科技,可川科技：中审众环会计师事务所（特殊普通合伙）关于苏州可川电子科技股份有限公司《向不特定对象发行可转换公司债券申请文件的审核问询函》的回复（修订稿）,2025-09-12,http://static.cninfo.com.cn/finalpage/2025-09-12/1224651820.PDF,1224651820,会计师事务所
301270,汉仪股份,汉仪股份：会计师事务所选聘制度,2025-09-12,http://static.cninfo.com.cn/finalpage/2025-09-12/1224653132.PDF,1224653132,会计师事务所
300779,惠城环保,惠城环保：立信会计师事务所（特殊普通合伙）关于青岛惠城环保科技集团股份有限公司申请向特定对象发行股票的第二轮审核问询函的回复,2025-09-11,http://static.cninfo.com.cn/finalpage/2025-09-11/1224652779.PDF,1224652779,会计师事务所
300989,蕾奥规划,蕾奥规划：会计师事务所选聘制度（2025年9月）,2025-09-11,http://static.cninfo.com.cn/finalpage/2025-09-11/1224649068.PDF,1224649068,会计师事务所
301007,德迈仕,德迈仕：关于聘任2025年度会计师事务所的公告,2025-09-11,http://static.cninfo.com.cn/finalpage/2025-09-11/1224650576.PDF,1224650576,会计师事务所
688207,格灵深瞳,格灵深瞳：会计师事务所选聘制度,2025-09-11,http://static.cninfo.com.cn/finalpage/2025-09-11/1224649792.PDF,1224649792,会计师事务所
603237,五芳斋,五芳斋：浙江五芳斋实业股份有限公司会计师事务所选聘制度,2025-09-11,http://static.cninfo.com.cn/finalpage/2025-09-11/1224651396.PDF,1224651396,会计师事务所
871553,凯腾精工,[临时公告]凯腾精工:会计师事务所选聘制度,2025-09-11,http://static.cninfo.com.cn/finalpage/2025-09-11/1224653139.PDF,1224653139,会计师事务所
603578,三星新材,三星新材：天健会计师事务所（特殊普通合伙）关于浙江三星新材股份有限公司向特定对象发行A股股票会后事项承诺函,2025-09-11,http://static.cninfo.com.cn/finalpage/2025-09-11/1224650281.PDF,1224650281,会计师事务所
301563,云汉芯城,云汉芯城：容诚会计师事务所（特殊普通合伙）关于公司首次公开发行股票并在创业板上市的财务报表及审计报告,2025-09-11,http://static.cninfo.com.cn/finalpage/2025-09-11/1224651112.PDF,1224651112,会计师事务所
002910,庄园牧场,庄园牧场：兰州庄园牧场股份有限公司会计师事务所选聘制度（2025年9月修订）,2025-09-11,http://static.cninfo.com.cn/finalpage/2025-09-11/1224651092.PDF,1224651092,会计师事务所
603117,万林物流,万林物流：江苏万林现代物流股份有限公司关于续聘会计师事务所的公告,2025-09-11,http://static.cninfo.com.cn/finalpage/2025-09-11/1224650677.PDF,1224650677,会计师事务所
603776,永安行,永安行：容诚会计师事务所(特殊普通合伙)关于永安行科技股份有限公司向特定对象发行A股股票的财务报告及审计报告,2025-09-11,http://static.cninfo.com.cn/finalpage/2025-09-11/1224650640.PDF,1224650640,会计师事务所
833266,生物谷,[临时公告]生物谷:拟续聘2025年度会计师事务所公告,2025-09-11,http://static.cninfo.com.cn/finalpage/2025-09-11/1224653519.PDF,1224653519,会计师事务所
688207,格灵深瞳,格灵深瞳：格灵深瞳关于续聘公司2025年度会计师事务所的公告,2025-09-11,http://static.cninfo.com.cn/finalpage/2025-09-11/1224649781.PDF,1224649781,会计师事务所
603776,永安行,永安行：容诚会计师事务所（特殊普通合伙）关于永安行科技股份有限公司向特定对象发行股票申请文件审核问询函中有关财务会计问题的专项说明,2025-09-11,http://static.cninfo.com.cn/finalpage/2025-09-11/1224650642.PDF,1224650642,会计师事务所
833266,生物谷,[临时公告]生物谷:会计师事务所选聘制度,2025-09-11,http://static.cninfo.com.cn/finalpage/2025-09-11/1224653483.PDF,1224653483,会计师事务所
001285,瑞立科密,瑞立科密：中汇会计师事务所（特殊普通合伙）关于公司首次公开发行股票并在主板上市的财务报表及审计报告,2025-09-11,http://static.cninfo.com.cn/finalpage/2025-09-11/1224651580.PDF,1224651580,会计师事务所
300082,奥克股份,奥克股份：会计师事务所选聘制度,2025-09-10,http://static.cninfo.com.cn/finalpage/2025-09-10/1224651474.PDF,1224651474,会计师事务所
300972,万辰集团,万辰集团：中审众环会计师事务所（特殊普通合伙）关于对福建万辰生物科技集团股份有限公司的重组问询函回复-众环专字(2025)0800071号,2025-09-10,http://static.cninfo.com.cn/finalpage/2025-09-10/1224651425.PDF,1224651425,会计师事务所
301571,国科天成,国科天成：7-2 会计师事务所关于发行人申请向不特定对象发行可转换公司债券的审核问询函之回复报告-豁免版,2025-09-10,http://static.cninfo.com.cn/finalpage/2025-09-10/1224648985.PDF,1224648985,会计师事务所
301609,山大电力,山大电力：会计师事务所选聘制度,2025-09-10,http://static.cninfo.com.cn/finalpage/2025-09-10/1224648915.PDF,1224648915,会计师事务所
688106,金宏气体,金宏气体：金宏气体：会计师事务所选聘制度（2025年8月修订）,2025-09-10,http://static.cninfo.com.cn/finalpage/2025-09-10/1224648376.PDF,1224648376,会计师事务所
000035,中国天楹,中国天楹：会计师事务所选聘制度（2025年9月）,2025-09-10,http://static.cninfo.com.cn/finalpage/2025-09-10/1224647425.PDF,1224647425,会计师事务所
603215,比依股份,比依股份：中汇会计师事务所（特殊普通合伙）关于浙江比依电器股份有限公司向特定对象发行股票的财务报告及审计报告,2025-09-10,http://static.cninfo.com.cn/finalpage/2025-09-10/1224646783.PDF,1224646783,会计师事务所
002106,莱宝高科,莱宝高科：《深圳莱宝高科技股份有限公司选聘会计师事务所专项制度（第二次修订稿）》修订对照表,2025-09-10,http://static.cninfo.com.cn/finalpage/2025-09-10/1224648565.PDF,1224648565,会计师事务所
002106,莱宝高科,莱宝高科：深圳莱宝高科技股份有限公司选聘会计师事务所专项制度（第二次修订稿）,2025-09-10,http://static.cninfo.com.cn/finalpage/2025-09-10/1224648566.PDF,1224648566,会计师事务所
003007,直真科技,直真科技：立信会计师事务所（特殊普通合伙）关于北京直真科技股份有限公司申请向特定对象发行股票的第二轮审核问询函之回复报告（修订稿）,2025-09-10,http://static.cninfo.com.cn/finalpage/2025-09-10/1224646542.PDF,1224646542,会计师事务所
832522,纳科诺尔,[临时公告]纳科诺尔:会计师事务所选聘制度,2025-09-10,http://static.cninfo.com.cn/finalpage/2025-09-10/1224651073.PDF,1224651073,会计师事务所
301257,普蕊斯,普蕊斯：会计师事务所选聘制度（2025年9月）,2025-09-10,http://static.cninfo.com.cn/finalpage/2025-09-10/1224647341.PDF,1224647341,会计师事务所
000042,中洲控股,中洲控股：会计师事务所选聘制度（2025年9月）,2025-09-10,http://static.cninfo.com.cn/finalpage/2025-09-10/1224647630.PDF,1224647630,会计师事务所
300505,川金诺,川金诺：昆明川金诺化工股份有限公司会计师事务所选聘制度,2025-09-10,http://static.cninfo.com.cn/finalpage/2025-09-10/1224647871.PDF,1224647871,会计师事务所
301107,瑜欣电子,瑜欣电子：关于拟续聘会计师事务所的公告,2025-09-10,http://static.cninfo.com.cn/finalpage/2025-09-10/1224647673.PDF,1224647673,会计师事务所
600292,远达环保,远达环保：安永华明会计师事务所(特殊普通合伙)关于对国家电投集团远达环保股份有限公司发行股份及支付现金购买资产并募集配套资金暨关联交易申请文件审核问询函回复的专项说明（修订稿）,2025-09-10,http://static.cninfo.com.cn/finalpage/2025-09-10/1224648813.PDF,1224648813,会计师事务所
003007,直真科技,直真科技：立信会计师事务所（特殊普通合伙）关于北京直真科技股份有限公司申请向特定对象发行股票的审核问询函之回复报告（修订稿）,2025-09-10,http://static.cninfo.com.cn/finalpage/2025-09-10/1224646543.PDF,1224646543,会计师事务所
688701,卓锦股份,卓锦股份：浙江卓锦环保科技股份有限公司会计师事务所选聘制度,2025-09-10,http://static.cninfo.com.cn/finalpage/2025-09-10/1224648728.PDF,1224648728,会计师事务所
839792,东和新材,[临时公告]东和新材:会计师事务所选聘制度,2025-09-10,http://static.cninfo.com.cn/finalpage/2025-09-10/1224649658.PDF,1224649658,会计师事务所
832735,德源药业,[临时公告]德源药业:会计师事务所选聘制度,2025-09-10,http://static.cninfo.com.cn/finalpage/2025-09-10/1224650889.PDF,1224650889,会计师事务所
835508,殷图网联,[临时公告]殷图网联:会计师事务所选聘制度,2025-09-10,http://static.cninfo.com.cn/finalpage/2025-09-10/1224651227.PDF,1224651227,会计师事务所
831370,新安洁,[临时公告]新安洁:会计师事务所选聘制度,2025-09-10,http://static.cninfo.com.cn/finalpage/2025-09-10/1224651307.PDF,1224651307,会计师事务所
000733,振华科技,振华科技：关于拟续聘会计师事务所的公告,2025-09-10,http://static.cninfo.com.cn/finalpage/2025-09-10/1224648173.PDF,1224648173,会计师事务所
002356,赫美集团,赫美集团：会计师事务所选聘制度,2025-09-10,http://static.cninfo.com.cn/finalpage/2025-09-10/1224648514.PDF,1224648514,会计师事务所
603215,比依股份,比依股份：中汇会计师事务所（特殊普通合伙）关于浙江比依电器股份有限公司申请向特定对象发行股票申请文件的审核问询函有关财务问题回复的专项说明,2025-09-10,http://static.cninfo.com.cn/finalpage/2025-09-10/1224646782.PDF,1224646782,会计师事务所
600819,耀皮玻璃,耀皮玻璃：上会会计师事务所（特殊普通合伙）关于上海耀皮玻璃集团股份有限公司向特定对象发行股票申请的审核问询函的专项核查报告,2025-09-10,http://static.cninfo.com.cn/finalpage/2025-09-10/1224647075.PDF,1224647075,会计师事务所
300011,鼎汉技术,鼎汉技术：立信会计师事务所（特殊普通合伙）关于北京鼎汉技术集团股份有限公司申请向特定对象发行A股股票的审核问询函的回复（豁免版）,2025-09-10,http://static.cninfo.com.cn/finalpage/2025-09-10/1224647833.PDF,1224647833,会计师事务所
300818,耐普矿机,耐普矿机：北京德皓国际会计师事务所(特殊普通合伙)关于对江西耐普矿机股份有限公司申请向不特定对象发行可转换公司债券的第二轮审核问询函中有关财务事项的说明,2025-09-09,http://static.cninfo.com.cn/finalpage/2025-09-09/1224648062.PDF,1224648062,会计师事务所
301398,星源卓镁,星源卓镁：容诚会计师事务所（特殊普通合伙）关于宁波星源卓镁技术股份有限公司申请向不特定对象发行可转换公司债券审核问询函的回复,2025-09-09,http://static.cninfo.com.cn/finalpage/2025-09-09/1224646767.PDF,1224646767,会计师事务所
300622,博士眼镜,博士眼镜：政旦志远(深圳)会计师事务所(特殊普通合伙)关于博士眼镜连锁股份有限公司申请向不特定对象发行可转换公司债券的审核问询函中有关财务事项的说明（修订稿）,2025-09-09,http://static.cninfo.com.cn/finalpage/2025-09-09/1224646128.PDF,1224646128,会计师事务所
871245,威博液压,[临时公告]威博液压:容诚会计师事务所关于威博液压第一轮问询的回复,2025-09-09,http://static.cninfo.com.cn/finalpage/2025-09-09/1224648033.PDF,1224648033,会计师事务所
000633,合金投资,合金投资：关于续聘2025年度会计师事务所的公告,2025-09-09,http://static.cninfo.com.cn/finalpage/2025-09-09/1224643924.PDF,1224643924,会计师事务所
300938,信测标准,信测标准：深圳信测标准技术服务股份有限公司会计师事务所选聘制度,2025-09-09,http://static.cninfo.com.cn/finalpage/2025-09-09/1224645741.PDF,1224645741,会计师事务所
603239,浙江仙通,浙江仙通：会计师事务所选聘制度（2025年9月修订）,2025-09-09,http://static.cninfo.com.cn/finalpage/2025-09-09/1224644304.PDF,1224644304,会计师事务所
688127,蓝特光学,蓝特光学：会计师事务所选聘制度,2025-09-09,http://static.cninfo.com.cn/finalpage/2025-09-09/1224645199.PDF,1224645199,会计师事务所
836717,瑞星股份,[临时公告]瑞星股份:关于拟聘任2025年度会计师事务所的公告,2025-09-09,http://static.cninfo.com.cn/finalpage/2025-09-09/1224648604.PDF,1224648604,会计师事务所
836717,瑞星股份,[临时公告]瑞星股份:会计师事务所选聘制度,2025-09-09,http://static.cninfo.com.cn/finalpage/2025-09-09/1224648612.PDF,1224648612,会计师事务所
300949,奥雅股份,奥雅股份：关于拟变更会计师事务所的公告,2025-09-09,http://static.cninfo.com.cn/finalpage/2025-09-09/1224643635.PDF,1224643635,会计师事务所
833943,优机股份,[临时公告]优机股份:会计师事务所选聘制度,2025-09-09,http://static.cninfo.com.cn/finalpage/2025-09-09/1224648279.PDF,1224648279,会计师事务所
920088,科力股份,[临时公告]科力股份:会计师事务所选聘制度,2025-09-09,http://static.cninfo.com.cn/finalpage/2025-09-09/1224648342.PDF,1224648342,会计师事务所
300436,广生堂,广生堂：北京德皓国际会计师事务所（特殊普通合伙）关于福建广生堂药业股份有限公司申请向特定对象发行股票的审核问询函有关财务事项的说明,2025-09-09,http://static.cninfo.com.cn/finalpage/2025-09-09/1224644957.PDF,1224644957,会计师事务所
002596,海南瑞泽,海南瑞泽：会计师事务所选聘制度（2025年9月）,2025-09-09,http://static.cninfo.com.cn/finalpage/2025-09-09/1224644074.PDF,1224644074,会计师事务所
838810,"春光智能,春光药装",[临时公告]春光智能:会计师事务所选聘制度,2025-09-09,http://static.cninfo.com.cn/finalpage/2025-09-09/1224648449.PDF,1224648449,会计师事务所
872374,云里物里,[临时公告]云里物里:拟续聘2025年度会计师事务所公告,2025-09-09,http://static.cninfo.com.cn/finalpage/2025-09-09/1224647772.PDF,1224647772,会计师事务所
605500,森林包装,森林包装：森林包装集团股份有限公司会计师事务所选聘制度,2025-09-09,http://static.cninfo.com.cn/finalpage/2025-09-09/1224643547.PDF,1224643547,会计师事务所
300333,兆日科技,兆日科技：会计师事务所选聘制度（2025年9月）,2025-09-09,http://static.cninfo.com.cn/finalpage/2025-09-09/1224645369.PDF,1224645369,会计师事务所
832171,志晟信息,[临时公告]志晟信息:会计师事务所选聘制度,2025-09-09,http://static.cninfo.com.cn/finalpage/2025-09-09/1224648253.PDF,1224648253,会计师事务所
873223,荣亿精密,[临时公告]荣亿精密:会计师事务所选聘制度,2025-09-09,http://static.cninfo.com.cn/finalpage/2025-09-09/1224647724.PDF,1224647724,会计师事务所
872953,国子软件,[临时公告]国子软件:会计师事务所选聘制度,2025-09-09,http://static.cninfo.com.cn/finalpage/2025-09-09/1224648394.PDF,1224648394,会计师事务所
600753,*ST海钦,*ST海钦：海钦股份关于续聘会计师事务所的公告,2025-09-09,http://static.cninfo.com.cn/finalpage/2025-09-09/1224644753.PDF,1224644753,会计师事务所
688484,南芯科技,南芯科技：容诚会计师事务所关于上海南芯半导体科技股份有限公司前次募集资金使用情况报告鉴证报告,2025-09-08,http://static.cninfo.com.cn/finalpage/2025-09-08/1224643185.PDF,1224643185,会计师事务所
920106,林泰新材,[临时公告]林泰新材:会计师事务所选聘制度,2025-09-08,http://static.cninfo.com.cn/finalpage/2025-09-08/1224645707.PDF,1224645707,会计师事务所
300378,鼎捷数智,鼎捷数智：上会会计师事务所（特殊普通合伙）关于鼎捷数智股份有限公司向不特定对象发行可转换公司债券的第二轮审核问询函的回复（2025年半年报财务数据更新版）,2025-09-08,http://static.cninfo.com.cn/finalpage/2025-09-08/1224643202.PDF,1224643202,会计师事务所
832491,奥迪威,[临时公告]奥迪威:会计师事务所选聘制度,2025-09-08,http://static.cninfo.com.cn/finalpage/2025-09-08/1224645511.PDF,1224645511,会计师事务所
300378,鼎捷数智,鼎捷数智：上会会计师事务所（特殊普通合伙）关于鼎捷数智股份有限公司向不特定对象发行可转换公司债券的审核问询函的回复（2025年半年报财务数据更新版）（豁免版）,2025-09-08,http://static.cninfo.com.cn/finalpage/2025-09-08/1224643201.PDF,1224643201,会计师事务所
002076,*ST星光,*ST星光：关于公司变更会计师事务所的公告,2025-09-06,http://static.cninfo.com.cn/finalpage/2025-09-06/1224641081.PDF,1224641081,会计师事务所
002653,海思科,海思科：信永中和会计师事务所关于海思科医药集团股份有限公司申请向特定对象发行股票审核问询函之回复报告,2025-09-06,http://static.cninfo.com.cn/finalpage/2025-09-06/1224640764.PDF,1224640764,会计师事务所
000811,冰轮环境,冰轮环境：关于拟变更会计师事务所的公告,2025-09-06,http://static.cninfo.com.cn/finalpage/2025-09-06/1224640523.PDF,1224640523,会计师事务所
600903,贵州燃气,贵州燃气：贵州燃气集团股份有限公司关于续聘会计师事务所的公告,2025-09-06,http://static.cninfo.com.cn/finalpage/2025-09-06/1224640568.PDF,1224640568,会计师事务所
300530,领湃科技,领湃科技：关于拟续聘会计师事务所的公告,2025-09-06,http://static.cninfo.com.cn/finalpage/2025-09-06/1224640880.PDF,1224640880,会计师事务所
603533,掌阅科技,掌阅科技：掌阅科技股份有限公司会计师事务所选聘制度（2025年9月修订）,2025-09-06,http://static.cninfo.com.cn/finalpage/2025-09-06/1224641660.PDF,1224641660,会计师事务所
301310,鑫宏业,鑫宏业：北京德皓国际会计师事务所（特殊普通合伙）关于无锡鑫宏业线缆科技股份有限公司前次募集资金使用情况鉴证报告,2025-09-06,http://static.cninfo.com.cn/finalpage/2025-09-06/1224641836.PDF,1224641836,会计师事务所
301310,鑫宏业,鑫宏业：北京德皓国际会计师事务所（特殊普通合伙）关于无锡鑫宏业线缆科技股份有限公司三年一期非经常性损益鉴证报告,2025-09-06,http://static.cninfo.com.cn/finalpage/2025-09-06/1224641837.PDF,1224641837,会计师事务所
300473,德尔股份,德尔股份：众华会计师事务所（特殊普通合伙）《关于阜新德尔汽车部件股份有限公司发行股份购买资产并募集配套资金申请的审核问询函》之回复（修订稿）,2025-09-06,http://static.cninfo.com.cn/finalpage/2025-09-06/1224641986.PDF,1224641986,会计师事务所
600096,云天化,云天化：云天化关于续聘会计师事务所的公告,2025-09-06,http://static.cninfo.com.cn/finalpage/2025-09-06/1224642441.PDF,1224642441,会计师事务所
600748,上实发展,上实发展：上实发展会计师事务所选聘制度（2025年9月修订版）,2025-09-06,http://static.cninfo.com.cn/finalpage/2025-09-06/1224641902.PDF,1224641902,会计师事务所
603185,弘元绿能,弘元绿能：会计师事务所选聘制度（2025年9月）,2025-09-06,http://static.cninfo.com.cn/finalpage/2025-09-06/1224642738.PDF,1224642738,会计师事务所
603677,奇精机械,奇精机械：会计师事务所选聘制度（2025年9月修订）,2025-09-06,http://static.cninfo.com.cn/finalpage/2025-09-06/1224642900.PDF,1224642900,会计师事务所
300100,双林股份,双林股份：会计师事务所选聘制度（2025年9月）,2025-09-06,http://static.cninfo.com.cn/finalpage/2025-09-06/1224642556.PDF,1224642556,会计师事务所
301335,天元宠物,天元宠物：天健会计师事务所关于发行股份购买资产并募集配套资金申请的审核问询函中有关财务事项的说明,2025-09-05,http://static.cninfo.com.cn/finalpage/2025-09-05/1224642509.PDF,1224642509,会计师事务所
300389,艾比森,艾比森：关于续聘会计师事务所的公告,2025-09-05,http://static.cninfo.com.cn/finalpage/2025-09-05/1224638956.PDF,1224638956,会计师事务所
871981,晶赛科技,[临时公告]晶赛科技:会计师事务所选聘制度,2025-09-05,http://static.cninfo.com.cn/finalpage/2025-09-05/1224642869.PDF,1224642869,会计师事务所
920018,宏远股份,[临时公告]宏远股份:会计师事务所选聘制度,2025-09-05,http://static.cninfo.com.cn/finalpage/2025-09-05/1224641866.PDF,1224641866,会计师事务所
301536,星宸科技,星宸科技：关于续聘安永华明会计师事务所（特殊普通合伙）为公司2025年度审计机构的公告,2025-09-05,http://static.cninfo.com.cn/finalpage/2025-09-05/1224639068.PDF,1224639068,会计师事务所
002570,贝因美,贝因美：关于聘任会计师事务所的公告,2025-09-05,http://static.cninfo.com.cn/finalpage/2025-09-05/1224639867.PDF,1224639867,会计师事务所
603026,石大胜华,石大胜华：立信会计师事务所关于石大胜华新材料集团股份有限公司募集资金置换专项鉴证报告,2025-09-05,http://static.cninfo.com.cn/finalpage/2025-09-05/1224639954.PDF,1224639954,会计师事务所
301656,联合动力,联合动力：信永中和会计师事务所（特殊普通合伙）关于公司首次公开发行股票并在创业板上市的财务报表及审计报告,2025-09-05,http://static.cninfo.com.cn/finalpage/2025-09-05/1224638522.PDF,1224638522,会计师事务所
001228,永泰运,永泰运：天职国际会计师事务所（特殊普通合伙）关于永泰运化工物流股份有限公司前次募集资金使用情况鉴证报告,2025-09-05,http://static.cninfo.com.cn/finalpage/2025-09-05/1224638452.PDF,1224638452,会计师事务所
301584,建发致新,建发致新：容诚会计师事务所(特殊普通合伙)关于公司首次公开发行股票并在创业板上市的财务报表及审计报告,2025-09-05,http://static.cninfo.com.cn/finalpage/2025-09-05/1224639878.PDF,1224639878,会计师事务所
301536,星宸科技,星宸科技：会计师事务所选聘制度（2025年9月）,2025-09-05,http://static.cninfo.com.cn/finalpage/2025-09-05/1224639084.PDF,1224639084,会计师事务所
600423,柳化股份,柳化股份：柳化股份关于续聘会计师事务所的公告,2025-09-05,http://static.cninfo.com.cn/finalpage/2025-09-05/1224639360.PDF,1224639360,会计师事务所
002692,远程股份,远程股份：中兴华会计师事务所（特殊普通合伙）关于远程电缆股份有限公司申请向特定对象发行股票的第二轮审核问询函之回复,2025-09-05,http://static.cninfo.com.cn/finalpage/2025-09-05/1224639396.PDF,1224639396,会计师事务所
002692,远程股份,远程股份：中兴华会计师事务所（特殊普通合伙）关于远程电缆股份有限公司申请向特定对象发行股票的审核问询函之回复,2025-09-05,http://static.cninfo.com.cn/finalpage/2025-09-05/1224639397.PDF,1224639397,会计师事务所
832023,田野股份,[临时公告]田野股份:会计师事务所选聘制度,2025-09-05,http://static.cninfo.com.cn/finalpage/2025-09-05/1224642994.PDF,1224642994,会计师事务所
600405,动力源,动力源：关于变更会计师事务所的公告,2025-09-05,http://static.cninfo.com.cn/finalpage/2025-09-05/1224638284.PDF,1224638284,会计师事务所
920056,能之光,[临时公告]能之光:会计师事务所选聘制度,2025-09-04,http://static.cninfo.com.cn/finalpage/2025-09-04/1224639720.PDF,1224639720,会计师事务所
920112,巴兰仕,[临时公告]巴兰仕:会计师事务所选聘制度,2025-09-04,http://static.cninfo.com.cn/finalpage/2025-09-04/1224639616.PDF,1224639616,会计师事务所
688293,奥浦迈,奥浦迈：立信会计师事务所（特殊普通合伙）关于上海奥浦迈生物科技股份有限公司发行股份及支付现金购买资产并募集配套资金申请的审核问询函回复之核查意见,2025-09-04,http://static.cninfo.com.cn/finalpage/2025-09-04/1224636434.PDF,1224636434,会计师事务所
837748,路桥信息,[临时公告]路桥信息:会计师事务所选聘制度,2025-09-04,http://static.cninfo.com.cn/finalpage/2025-09-04/1224640021.PDF,1224640021,会计师事务所
836239,长虹能源,[临时公告]长虹能源:会计师事务所选聘制度,2025-09-04,http://static.cninfo.com.cn/finalpage/2025-09-04/1224639833.PDF,1224639833,会计师事务所
920005,鼎佳精密,[临时公告]鼎佳精密:会计师事务所选聘制度,2025-09-04,http://static.cninfo.com.cn/finalpage/2025-09-04/1224639460.PDF,1224639460,会计师事务所
873339,恒太照明,[临时公告]恒太照明:会计师事务所选聘制度,2025-09-04,http://static.cninfo.com.cn/finalpage/2025-09-04/1224639551.PDF,1224639551,会计师事务所
002379,宏创控股,宏创控股：信永中和会计师事务所（特殊普通合伙）关于《发行股份购买资产的审核问询函的回复》之核查意见,2025-09-04,http://static.cninfo.com.cn/finalpage/2025-09-04/1224635992.PDF,1224635992,会计师事务所
300277,海联讯,海联讯：天健会计师事务所（特殊普通合伙）关于杭州海联讯科技股份有限公司换股吸收合并杭州汽轮动力集团股份有限公司申请的审核问询函中有关财务事项的说明（修订稿）,2025-09-03,http://static.cninfo.com.cn/finalpage/2025-09-03/1224635678.PDF,1224635678,会计师事务所
200771,杭汽轮Ｂ,杭汽轮Ｂ：天健会计师事务所（特殊普通合伙）关于杭州海联讯科技股份有限公司换股吸收合并杭州汽轮动力集团股份有限公司申请的审核问询函中有关财务事项的说明（修订稿）,2025-09-03,http://static.cninfo.com.cn/finalpage/2025-09-03/1224635667.PDF,1224635667,会计师事务所
000973,佛塑科技,佛塑科技：华兴会计师事务所（特殊普通合伙）关于佛山佛塑科技集团股份有限公司发行股份购买资产并募集配套资金申请的审核问询函回复之专项核查意见,2025-09-03,http://static.cninfo.com.cn/finalpage/2025-09-03/1224635492.PDF,1224635492,会计师事务所
300972,万辰集团,万辰集团：中审众环会计师事务所关于福建万辰生物科技集团股份有限公司前次募集资金使用情况的鉴证报告,2025-09-03,http://static.cninfo.com.cn/finalpage/2025-09-03/1224634725.PDF,1224634725,会计师事务所
688293,奥浦迈,奥浦迈：奥浦迈：关于续聘公司会计师事务所的公告,2025-09-02,http://static.cninfo.com.cn/finalpage/2025-09-02/1224632152.PDF,1224632152,会计师事务所
300160,秀强股份,秀强股份：关于拟续聘会计师事务所的公告,2025-09-02,http://static.cninfo.com.cn/finalpage/2025-09-02/1224630800.PDF,1224630800,会计师事务所
603995,甬金股份,甬金股份：会计师事务所选聘制度（2025年9月修订）,2025-09-02,http://static.cninfo.com.cn/finalpage/2025-09-02/1224632080.PDF,1224632080,会计师事务所
600004,白云机场,白云机场：立信会计师事务所（特殊普通合伙）关于广州白云国际机场股份有限公司向特定对象发行股票的财务报告及审计报告（2025年半年报财务数据更新版）,2025-09-02,http://static.cninfo.com.cn/finalpage/2025-09-02/1224632163.PDF,1224632163,会计师事务所
603389,*ST亚振,*ST亚振：关于聘任2025年度会计师事务所的公告,2025-09-02,http://static.cninfo.com.cn/finalpage/2025-09-02/1224632445.PDF,1224632445,会计师事务所
600004,白云机场,白云机场：立信会计师事务所（特殊普通合伙）关于广州白云国际机场股份有限公司向特定对象发行股票申请文件的审核问询函的回复（2025年半年报财务数据更新版）,2025-09-02,http://static.cninfo.com.cn/finalpage/2025-09-02/1224632164.PDF,1224632164,会计师事务所
603600,永艺股份,永艺股份：永艺家具股份有限公司会计师事务所选聘制度,2025-09-02,http://static.cninfo.com.cn/finalpage/2025-09-02/1224631581.PDF,1224631581,会计师事务所
001309,德明利,德明利：会计师事务所选聘制度（2025年9月）,2025-09-02,http://static.cninfo.com.cn/finalpage/2025-09-02/1224633193.PDF,1224633193,会计师事务所
002079,苏州固锝,苏州固锝：立信会计师事务所关于苏州固锝申请向特定对象发行股票的审核问询函的回复,2025-09-02,http://static.cninfo.com.cn/finalpage/2025-09-02/1224631195.PDF,1224631195,会计师事务所
300310,宜通世纪,宜通世纪：会计师事务所选聘制度（2025年09月）,2025-09-01,http://static.cninfo.com.cn/finalpage/2025-09-01/1224632993.PDF,1224632993,会计师事务所
300818,耐普矿机,耐普矿机：北京德皓国际会计师事务所(特殊普通合伙)关于对江西耐普矿机股份有限公司申请向不特定对象发行可转换公司债券的审核问询函中有关财务事项的说明,2025-09-01,http://static.cninfo.com.cn/finalpage/2025-09-01/1224632558.PDF,1224632558,会计师事务所
600292,远达环保,远达环保：安永华明会计师事务所(特殊普通合伙)关于国家电投集团远达环保股份有限公司审核问询函的回复,2025-09-01,http://static.cninfo.com.cn/finalpage/2025-09-01/1224629748.PDF,1224629748,会计师事务所
833230,欧康医药,[临时公告]欧康医药:拟续聘会计师事务所公告,2025-09-01,http://static.cninfo.com.cn/finalpage/2025-09-01/1224632887.PDF,1224632887,会计师事务所
831526,凯华材料,[临时公告]凯华材料:会计师事务所选聘制度,2025-09-01,http://static.cninfo.com.cn/finalpage/2025-09-01/1224632522.PDF,1224632522,会计师事务所
605058,澳弘电子,澳弘电子：容诚会计师事务所(特殊普通合伙)关于常州澳弘电子股份有限公司向不特定对象发行可转换公司债券申请文件的审核问询函中有关财务会计问题的专项说明（修订稿）,2025-09-01,http://static.cninfo.com.cn/finalpage/2025-09-01/1224629735.PDF,1224629735,会计师事务所
430047,诺思兰德,[临时公告]诺思兰德:会计师事务所选聘制度,2025-09-01,http://static.cninfo.com.cn/finalpage/2025-09-01/1224631820.PDF,1224631820,会计师事务所
833230,欧康医药,[临时公告]欧康医药:会计师事务所选聘制度,2025-09-01,http://static.cninfo.com.cn/finalpage/2025-09-01/1224632862.PDF,1224632862,会计师事务所
000637,茂化实华,茂化实华：关于拟聘任会计师事务所的公告,2025-09-01,http://static.cninfo.com.cn/finalpage/2025-09-01/1224628459.PDF,1224628459,会计师事务所
600261,阳光照明,阳光照明：阳光照明会计师事务所选聘制度,2025-08-30,http://static.cninfo.com.cn/finalpage/2025-08-30/1224617869.PDF,1224617869,会计师事务所
000060,中金岭南,中金岭南：关于续聘中审众环会计师事务所为公司2025年度财务报表和内部控制审计机构的公告,2025-08-30,http://static.cninfo.com.cn/finalpage/2025-08-30/1224617860.PDF,1224617860,会计师事务所
600658,电子城,电子城：电子城 续聘会计师事务所的公告,2025-08-30,http://static.cninfo.com.cn/finalpage/2025-08-30/1224618804.PDF,1224618804,会计师事务所
600616,金枫酒业,金枫酒业：上海金枫酒业股份有限公司会计师事务所选聘制度,2025-08-30,http://static.cninfo.com.cn/finalpage/2025-08-30/1224618301.PDF,1224618301,会计师事务所
600295,鄂尔多斯,鄂尔多斯：内蒙古鄂尔多斯资源股份有限公司关于续聘会计师事务所的公告,2025-08-30,http://static.cninfo.com.cn/finalpage/2025-08-30/1224620977.PDF,1224620977,会计师事务所
000623,吉林敖东,吉林敖东：关于续聘会计师事务所的公告,2025-08-30,http://static.cninfo.com.cn/finalpage/2025-08-30/1224619431.PDF,1224619431,会计师事务所
688501,青达环保,青达环保：容诚会计师事务所（特殊普通合伙）关于青岛达能环保设备股份有限公司非经常性损益的鉴证报告,2025-08-30,http://static.cninfo.com.cn/finalpage/2025-08-30/1224620323.PDF,1224620323,会计师事务所
688681,科汇股份,科汇股份：山东科汇电力自动化股份有限公司会计师事务所选聘管理办法,2025-08-30,http://static.cninfo.com.cn/finalpage/2025-08-30/1224622399.PDF,1224622399,会计师事务所
002631,德尔未来,德尔未来：会计师事务所选聘制度,2025-08-30,http://static.cninfo.com.cn/finalpage/2025-08-30/1224620719.PDF,1224620719,会计师事务所
600284,浦东建设,浦东建设：浦东建设关于变更会计师事务所的公告,2025-08-30,http://static.cninfo.com.cn/finalpage/2025-08-30/1224624664.PDF,1224624664,会计师事务所
688522,纳睿雷达,纳睿雷达：天健会计师事务所（特殊普通合伙）关于广东纳睿雷达科技股份有限公司发行股份及支付现金购买资产并募集配套资金申请的审核问询函中有关财务事项的说明,2025-08-30,http://static.cninfo.com.cn/finalpage/2025-08-30/1224627203.PDF,1224627203,会计师事务所
600392,盛和资源,盛和资源：盛和资源控股股份有限公司关于续聘会计师事务所的公告,2025-08-30,http://static.cninfo.com.cn/finalpage/2025-08-30/1224627355.PDF,1224627355,会计师事务所
000605,渤海股份,渤海股份：关于续聘会计师事务所的公告,2025-08-30,http://static.cninfo.com.cn/finalpage/2025-08-30/1224627001.PDF,1224627001,会计师事务所
600982,宁波能源,宁波能源：中汇会计师事务所(特殊普通合伙)关于宁波能源集团股份有限公司会计估计变更的鉴证报告,2025-08-30,http://static.cninfo.com.cn/finalpage/2025-08-30/1224627981.PDF,1224627981,会计师事务所
001269,欧晶科技,欧晶科技：会计师事务所选聘制度,2025-08-30,http://static.cninfo.com.cn/finalpage/2025-08-30/1224626230.PDF,1224626230,会计师事务所
002349,精华制药,精华制药：关于续聘会计师事务所的公告,2025-08-30,http://static.cninfo.com.cn/finalpage/2025-08-30/1224625000.PDF,1224625000,会计师事务所
688007,光峰科技,光峰科技：会计师事务所选聘制度（2025年8月）,2025-08-30,http://static.cninfo.com.cn/finalpage/2025-08-30/1224629049.PDF,1224629049,会计师事务所
603289,泰瑞机器,泰瑞机器：会计师事务所选聘制度（2025年8月修订）,2025-08-30,http://static.cninfo.com.cn/finalpage/2025-08-30/1224621666.PDF,1224621666,会计师事务所
003011,海象新材,海象新材：《会计师事务所选聘制度》（2025年8月）,2025-08-30,http://static.cninfo.com.cn/finalpage/2025-08-30/1224620535.PDF,1224620535,会计师事务所
600868,梅雁吉祥,梅雁吉祥：信永中和会计师事务所关于对广东梅雁吉祥水电股份有限公司购买资产的问询函中就相关事项审计机构发表意见,2025-08-30,http://static.cninfo.com.cn/finalpage/2025-08-30/1224622234.PDF,1224622234,会计师事务所
001872,招商港口,招商港口：选聘会计师事务所专项制度（修订稿）,2025-08-30,http://static.cninfo.com.cn/finalpage/2025-08-30/1224625366.PDF,1224625366,会计师事务所
600918,中泰证券,中泰证券：中泰证券股份有限公司关于续聘会计师事务所的公告,2025-08-30,http://static.cninfo.com.cn/finalpage/2025-08-30/1224628577.PDF,1224628577,会计师事务所
601019,山东出版,山东出版：山东出版关于续聘会计师事务所的公告,2025-08-30,http://static.cninfo.com.cn/finalpage/2025-08-30/1224617627.PDF,1224617627,会计师事务所
002685,华东重机,华东重机：会计师事务所选聘制度,2025-08-30,http://static.cninfo.com.cn/finalpage/2025-08-30/1224623283.PDF,1224623283,会计师事务所
002175,东方智造,东方智造：关于拟变更会计师事务所的公告,2025-08-30,http://static.cninfo.com.cn/finalpage/2025-08-30/1224623659.PDF,1224623659,会计师事务所
600819,耀皮玻璃,耀皮玻璃：上会会计师事务所关于耀皮玻璃非经常性损益的鉴证报告,2025-08-30,http://static.cninfo.com.cn/finalpage/2025-08-30/1224624112.PDF,1224624112,会计师事务所
603387,基蛋生物,基蛋生物：基蛋生物：会计师事务所选聘制度（2025年8月）,2025-08-30,http://static.cninfo.com.cn/finalpage/2025-08-30/1224628900.PDF,1224628900,会计师事务所
002301,齐心集团,齐心集团：会计师事务所选聘制度,2025-08-30,http://static.cninfo.com.cn/finalpage/2025-08-30/1224619855.PDF,1224619855,会计师事务所
603306,华懋科技,华懋科技：华懋科技会计师事务所选聘制度,2025-08-30,http://static.cninfo.com.cn/finalpage/2025-08-30/1224620783.PDF,1224620783,会计师事务所
688186,广大特材,广大特材：会计师事务所选聘制度,2025-08-30,http://static.cninfo.com.cn/finalpage/2025-08-30/1224621087.PDF,1224621087,会计师事务所
603316,诚邦股份,诚邦股份：诚邦股份：会计师事务所选聘制度,2025-08-30,http://static.cninfo.com.cn/finalpage/2025-08-30/1224620022.PDF,1224620022,会计师事务所
603350,安乃达,安乃达：会计师事务所选聘制度,2025-08-30,http://static.cninfo.com.cn/finalpage/2025-08-30/1224621167.PDF,1224621167,会计师事务所
002928,华夏航空,华夏航空：会计师事务所选聘制度（2025年8月）,2025-08-30,http://static.cninfo.com.cn/finalpage/2025-08-30/1224618681.PDF,1224618681,会计师事务所
603608,天创时尚,天创时尚：天创时尚股份有限公司会计师事务所选聘制度（2025年8月制定）,2025-08-30,http://static.cninfo.com.cn/finalpage/2025-08-30/1224627461.PDF,1224627461,会计师事务所
002462,嘉事堂,嘉事堂：拟续聘会计师事务所的公告,2025-08-30,http://static.cninfo.com.cn/finalpage/2025-08-30/1224621293.PDF,1224621293,会计师事务所
000531,穗恒运Ａ,穗恒运Ａ：关于拟续聘会计师事务所的公告,2025-08-30,http://static.cninfo.com.cn/finalpage/2025-08-30/1224622279.PDF,1224622279,会计师事务所
003003,天元股份,天元股份：《广东天元实业集团股份有限公司会计师事务所选聘制度》（2025年8月）,2025-08-30,http://static.cninfo.com.cn/finalpage/2025-08-30/1224638400.pdf,1224638400,会计师事务所
605368,蓝天燃气,蓝天燃气：蓝天燃气选聘会计师事务所管理办法,2025-08-30,http://static.cninfo.com.cn/finalpage/2025-08-30/1224617470.PDF,1224617470,会计师事务所
002170,芭田股份,芭田股份：会计师事务所选聘制度,2025-08-30,http://static.cninfo.com.cn/finalpage/2025-08-30/1224618746.PDF,1224618746,会计师事务所
603168,莎普爱思,莎普爱思：莎普爱思会计师事务所选聘制度,2025-08-30,http://static.cninfo.com.cn/finalpage/2025-08-30/1224622191.PDF,1224622191,会计师事务所
002599,盛通股份,盛通股份：会计师事务所选聘制度,2025-08-30,http://static.cninfo.com.cn/finalpage/2025-08-30/1224620890.PDF,1224620890,会计师事务所
000685,中山公用,中山公用：关于拟续聘会计师事务所的公告,2025-08-30,http://static.cninfo.com.cn/finalpage/2025-08-30/1224622047.PDF,1224622047,会计师事务所
002157,正邦科技,正邦科技：关于续聘会计师事务所的公告,2025-08-30,http://static.cninfo.com.cn/finalpage/2025-08-30/1224622258.PDF,1224622258,会计师事务所
601118,海南橡胶,海南橡胶：关于续聘会计师事务所的公告,2025-08-30,http://static.cninfo.com.cn/finalpage/2025-08-30/1224624643.PDF,1224624643,会计师事务所
603004,鼎龙科技,鼎龙科技：会计师事务所选聘制度（2025年9月）,2025-08-30,http://static.cninfo.com.cn/finalpage/2025-08-30/1224624945.PDF,1224624945,会计师事务所
688169,石头科技,石头科技：北京石头世纪科技股份有限公司关于续聘会计师事务所的公告,2025-08-30,http://static.cninfo.com.cn/finalpage/2025-08-30/1224626587.PDF,1224626587,会计师事务所
002160,常铝股份,常铝股份：关于续聘2025年度会计师事务所的公告,2025-08-30,http://static.cninfo.com.cn/finalpage/2025-08-30/1224620627.PDF,1224620627,会计师事务所
002846,英联股份,英联股份：广东英联包装股份有限公司会计师事务所选聘制度（2025年8月修订）,2025-08-30,http://static.cninfo.com.cn/finalpage/2025-08-30/1224623114.PDF,1224623114,会计师事务所
002301,齐心集团,齐心集团：关于续聘会计师事务所的公告,2025-08-30,http://static.cninfo.com.cn/finalpage/2025-08-30/1224619846.PDF,1224619846,会计师事务所
603638,艾迪精密,艾迪精密：烟台艾迪精密机械股份有限公司 会计师事务所选聘制度(2025年8月),2025-08-30,http://static.cninfo.com.cn/finalpage/2025-08-30/1224622788.PDF,1224622788,会计师事务所
603328,依顿电子,依顿电子：会计师事务所选聘制度（2025年8月修订）,2025-08-30,http://static.cninfo.com.cn/finalpage/2025-08-30/1224619730.PDF,1224619730,会计师事务所
688156,路德环境,路德环境：会计师事务所选聘制度（2025年8月）,2025-08-30,http://static.cninfo.com.cn/finalpage/2025-08-30/1224619781.PDF,1224619781,会计师事务所
600256,广汇能源,广汇能源：广汇能源股份有限公司关于续聘会计师事务所的公告,2025-08-30,http://static.cninfo.com.cn/finalpage/2025-08-30/1224618825.PDF,1224618825,会计师事务所
601801,皖新传媒,皖新传媒：皖新传媒关于续聘会计师事务所的公告,2025-08-30,http://static.cninfo.com.cn/finalpage/2025-08-30/1224622526.PDF,1224622526,会计师事务所
600744,华银电力,华银电力：大唐华银电力股份有限公司关于续聘会计师事务所的公告,2025-08-30,http://static.cninfo.com.cn/finalpage/2025-08-30/1224628607.PDF,1224628607,会计师事务所
002602,ST华通,ST华通：会计师事务所选聘制度（2025年8月）,2025-08-30,http://static.cninfo.com.cn/finalpage/2025-08-30/1224628765.PDF,1224628765,会计师事务所
300991,创益通,创益通：会计师事务所选聘制度（2025年8月）,2025-08-30,http://static.cninfo.com.cn/finalpage/2025-08-30/1224627111.PDF,1224627111,会计师事务所
301232,飞沃科技,飞沃科技：会计师事务所选聘制度（2025年8月）,2025-08-30,http://static.cninfo.com.cn/finalpage/2025-08-30/1224619606.PDF,1224619606,会计师事务所
000911,广农糖业,广农糖业：致同会计师事务所关于广西农投糖业集团股份有限公司向特定对象发行股票会后事项的核查意见,2025-08-30,http://static.cninfo.com.cn/finalpage/2025-08-30/1224620150.PDF,1224620150,会计师事务所
000911,广农糖业,广农糖业：致同会计师事务所关于广西农投糖业集团股份有限公司向特定对象发行股票会后事项的承诺函,2025-08-30,http://static.cninfo.com.cn/finalpage/2025-08-30/1224620152.PDF,1224620152,会计师事务所
688501,青达环保,青达环保：容诚会计师事务所（特殊普通合伙）关于青岛达能环保设备股份有限公司前次募集资金使用情况鉴证报告,2025-08-30,http://static.cninfo.com.cn/finalpage/2025-08-30/1224620325.PDF,1224620325,会计师事务所
603876,鼎胜新材,鼎胜新材：江苏鼎胜新能源材料股份有限公司会计师事务所选聘制度,2025-08-30,http://static.cninfo.com.cn/finalpage/2025-08-30/1224619969.PDF,1224619969,会计师事务所
600589,大位科技,大位科技：会计师事务所选聘制度（2025年8月修订）,2025-08-30,http://static.cninfo.com.cn/finalpage/2025-08-30/1224623883.PDF,1224623883,会计师事务所
603628,清源股份,清源股份：会计师事务所选聘管理制度（2025年8月修订）,2025-08-30,http://static.cninfo.com.cn/finalpage/2025-08-30/1224625855.PDF,1224625855,会计师事务所
600622,光大嘉宝,光大嘉宝：光大嘉宝股份有限公司关于续聘会计师事务所的公告,2025-08-30,http://static.cninfo.com.cn/finalpage/2025-08-30/1224626433.PDF,1224626433,会计师事务所
603989,艾华集团,艾华集团：湖南艾华集团股份有限公司会计师事务所选聘制度 （2025年8月）,2025-08-30,http://static.cninfo.com.cn/finalpage/2025-08-30/1224625659.PDF,1224625659,会计师事务所
600391,航发科技,航发科技：中国航发航空科技股份有限公司关于续聘会计师事务所的公告,2025-08-30,http://static.cninfo.com.cn/finalpage/2025-08-30/1224627219.PDF,1224627219,会计师事务所
603269,海鸥股份,海鸥股份：江苏海鸥冷却塔股份有限公司会计师事务所选聘制度,2025-08-30,http://static.cninfo.com.cn/finalpage/2025-08-30/1224622450.PDF,1224622450,会计师事务所
600502,安徽建工,安徽建工：安徽建工关于聘任会计师事务所的公告,2025-08-30,http://static.cninfo.com.cn/finalpage/2025-08-30/1224623024.PDF,1224623024,会计师事务所
002984,森麒麟,森麒麟：会计师事务所选聘制度,2025-08-30,http://static.cninfo.com.cn/finalpage/2025-08-30/1224623162.PDF,1224623162,会计师事务所
900948,伊泰Ｂ股,伊泰Ｂ股：内蒙古伊泰煤炭股份有限公司会计师事务所选聘制度,2025-08-30,http://static.cninfo.com.cn/finalpage/2025-08-30/1224629596.pdf,1224629596,会计师事务所
603328,依顿电子,依顿电子：关于续聘会计师事务所的公告,2025-08-30,http://static.cninfo.com.cn/finalpage/2025-08-30/1224619694.PDF,1224619694,会计师事务所
000623,吉林敖东,吉林敖东：会计师事务所选聘制度（2025年8月）,2025-08-30,http://static.cninfo.com.cn/finalpage/2025-08-30/1224619407.PDF,1224619407,会计师事务所
000608,*ST阳光,*ST阳光：关于拟续聘会计师事务所的公告,2025-08-30,http://static.cninfo.com.cn/finalpage/2025-08-30/1224624267.PDF,1224624267,会计师事务所
688260,昀冢科技,昀冢科技：会计师事务所选聘制度（2025年8月）,2025-08-30,http://static.cninfo.com.cn/finalpage/2025-08-30/1224624648.PDF,1224624648,会计师事务所
688379,华光新材,华光新材：华光新材会计师事务所选聘制度,2025-08-30,http://static.cninfo.com.cn/finalpage/2025-08-30/1224627715.PDF,1224627715,会计师事务所
002168,*ST惠程,*ST惠程：关于拟续聘会计师事务所的公告,2025-08-30,http://static.cninfo.com.cn/finalpage/2025-08-30/1224628427.PDF,1224628427,会计师事务所
300984,金沃股份,金沃股份：天衡会计师事务所（特殊普通合伙）关于浙江金沃精工股份有限公司申请向特定对象发行股票的审核问询函之回复,2025-08-29,http://static.cninfo.com.cn/finalpage/2025-08-29/1224624804.PDF,1224624804,会计师事务所
03288,海天味业,海天味业：海外监管公告 - 海天味业募集资金管理制度（2025年9月修订）、委托理财管理制度（2025年8月修订）、会计师事务所选聘制度（2025年9月修订）及外汇衍生品交易业务管理制度（2025年8月修订）,2025-08-29,http://static.cninfo.com.cn/finalpage/2025-08-29/1224617051.PDF,1224617051,会计师事务所
603662,柯力传感,柯力传感：柯力传感关于续聘2025年度会计师事务所的公告,2025-08-29,http://static.cninfo.com.cn/finalpage/2025-08-29/1224607424.PDF,1224607424,会计师事务所
300248,新开普,新开普：会计师事务所选聘制度,2025-08-29,http://static.cninfo.com.cn/finalpage/2025-08-29/1224607982.PDF,1224607982,会计师事务所
603190,亚通精工,亚通精工：关于续聘会计师事务所的公告,2025-08-29,http://static.cninfo.com.cn/finalpage/2025-08-29/1224604123.PDF,1224604123,会计师事务所
300533,冰川网络,冰川网络：深圳冰川网络股份有限公司会计师事务所选聘制度,2025-08-29,http://static.cninfo.com.cn/finalpage/2025-08-29/1224602716.PDF,1224602716,会计师事务所
300946,恒而达,恒而达：会计师事务所选聘制度（2025年8月修订）,2025-08-29,http://static.cninfo.com.cn/finalpage/2025-08-29/1224605650.PDF,1224605650,会计师事务所
688152,麒麟信安,麒麟信安：麒麟信安：关于续聘2025年度会计师事务所的公告,2025-08-29,http://static.cninfo.com.cn/finalpage/2025-08-29/1224608462.PDF,1224608462,会计师事务所
002351,漫步者,漫步者：会计师事务所选聘制度,2025-08-29,http://static.cninfo.com.cn/finalpage/2025-08-29/1224604302.PDF,1224604302,会计师事务所
301260,格力博,格力博：会计师事务所选聘制度,2025-08-29,http://static.cninfo.com.cn/finalpage/2025-08-29/1224604225.PDF,1224604225,会计师事务所
601700,风范股份,风范股份：常熟风范电力设备股份有限公司会计师事务所选聘制度,2025-08-29,http://static.cninfo.com.cn/finalpage/2025-08-29/1224608258.PDF,1224608258,会计师事务所
300571,平治信息,平治信息：会计师事务所选聘制度（2025年8月）,2025-08-29,http://static.cninfo.com.cn/finalpage/2025-08-29/1224609772.PDF,1224609772,会计师事务所
000589,贵州轮胎,贵州轮胎：会计师事务所选聘制度,2025-08-29,http://static.cninfo.com.cn/finalpage/2025-08-29/1224610030.PDF,1224610030,会计师事务所
300429,强力新材,强力新材：会计师事务所聘任制度,2025-08-29,http://static.cninfo.com.cn/finalpage/2025-08-29/1224602477.PDF,1224602477,会计师事务所
834058,华洋赛车,[临时公告]华洋赛车:会计师事务所选聘制度,2025-08-29,http://static.cninfo.com.cn/finalpage/2025-08-29/1224624029.PDF,1224624029,会计师事务所
301015,百洋医药,百洋医药：会计师事务所选聘制度（2025年8月）,2025-08-29,http://static.cninfo.com.cn/finalpage/2025-08-29/1224602352.PDF,1224602352,会计师事务所
001259,利仁科技,利仁科技：会计师事务所选聘制度（2025年8月）,2025-08-29,http://static.cninfo.com.cn/finalpage/2025-08-29/1224601778.PDF,1224601778,会计师事务所
301326,捷邦科技,捷邦科技：会计师事务所选聘制度,2025-08-29,http://static.cninfo.com.cn/finalpage/2025-08-29/1224612951.PDF,1224612951,会计师事务所
300880,迦南智能,迦南智能：《会计师事务所选聘制度》（2025年8月修订）,2025-08-29,http://static.cninfo.com.cn/finalpage/2025-08-29/1224614501.PDF,1224614501,会计师事务所
603700,宁水集团,宁水集团：《会计师事务所选聘制度》（2025年8月）,2025-08-29,http://static.cninfo.com.cn/finalpage/2025-08-29/1224606204.PDF,1224606204,会计师事务所
605377,华旺科技,华旺科技：杭州华旺新材料科技股份有限公司会计师事务所选聘制度（2025年8月修订）,2025-08-29,http://static.cninfo.com.cn/finalpage/2025-08-29/1224606249.PDF,1224606249,会计师事务所
300671,富满微,富满微：会计师事务所选聘制度,2025-08-29,http://static.cninfo.com.cn/finalpage/2025-08-29/1224606368.PDF,1224606368,会计师事务所
688126,沪硅产业,沪硅产业：立信会计师事务所（特殊普通合伙）关于上海硅产业集团股份有限公司发行股份及支付现金购买资产并募集配套资金申请审核问询函的回复,2025-08-29,http://static.cninfo.com.cn/finalpage/2025-08-29/1224611598.PDF,1224611598,会计师事务所
301395,仁信新材,仁信新材：会计师事务所选聘制度（2025年8月修订）,2025-08-29,http://static.cninfo.com.cn/finalpage/2025-08-29/1224602790.PDF,1224602790,会计师事务所
300443,金雷股份,金雷股份：关于续聘会计师事务所的公告,2025-08-29,http://static.cninfo.com.cn/finalpage/2025-08-29/1224602924.PDF,1224602924,会计师事务所
300671,富满微,富满微：关于公司拟变更会计师事务所的公告,2025-08-29,http://static.cninfo.com.cn/finalpage/2025-08-29/1224606348.PDF,1224606348,会计师事务所
200468,宁通信B,宁通信B：关于变更会计师事务所的公告,2025-08-29,http://static.cninfo.com.cn/finalpage/2025-08-29/1224613292.PDF,1224613292,会计师事务所
002238,天威视讯,天威视讯：天威视讯关于拟修订公司《会计师事务所选聘制度》的公告,2025-08-29,http://static.cninfo.com.cn/finalpage/2025-08-29/1224614252.PDF,1224614252,会计师事务所
000881,中广核技,中广核技：关于拟续聘会计师事务所的公告,2025-08-29,http://static.cninfo.com.cn/finalpage/2025-08-29/1224601865.PDF,1224601865,会计师事务所
688132,邦彦技术,邦彦技术：关于续聘会计师事务所的公告,2025-08-29,http://static.cninfo.com.cn/finalpage/2025-08-29/1224608119.PDF,1224608119,会计师事务所
600035,楚天高速,楚天高速：湖北楚天智能交通股份有限公司关于续聘会计师事务所的公告,2025-08-29,http://static.cninfo.com.cn/finalpage/2025-08-29/1224613424.PDF,1224613424,会计师事务所
688332,中科蓝讯,中科蓝讯：关于续聘公司2025年度会计师事务所的公告,2025-08-29,http://static.cninfo.com.cn/finalpage/2025-08-29/1224613655.PDF,1224613655,会计师事务所
300904,威力传动,威力传动：天健会计师事务所（特殊普通合伙）关于银川威力传动技术股份有限公司最近三年及一期非经常性损益的鉴证报告,2025-08-29,http://static.cninfo.com.cn/finalpage/2025-08-29/1224609350.PDF,1224609350,会计师事务所
300790,宇瞳光学,宇瞳光学：会计师事务所选聘制度,2025-08-29,http://static.cninfo.com.cn/finalpage/2025-08-29/1224616222.PDF,1224616222,会计师事务所
601858,中国科传,中国科传：中国科技出版传媒股份有限公司关于聘任会计师事务所的公告,2025-08-29,http://static.cninfo.com.cn/finalpage/2025-08-29/1224602652.PDF,1224602652,会计师事务所
301300,远翔新材,远翔新材：关于续聘2025年度会计师事务所的公告,2025-08-29,http://static.cninfo.com.cn/finalpage/2025-08-29/1224604552.PDF,1224604552,会计师事务所
605567,春雪食品,春雪食品：春雪食品集团股份有限公司会计师事务所选聘制度,2025-08-29,http://static.cninfo.com.cn/finalpage/2025-08-29/1224608485.PDF,1224608485,会计师事务所
688152,麒麟信安,麒麟信安：麒麟信安：会计师事务所选聘制度（2025年8月修订）,2025-08-29,http://static.cninfo.com.cn/finalpage/2025-08-29/1224608541.PDF,1224608541,会计师事务所
603716,塞力医疗,塞力医疗：会计师事务所选聘制度（2025年8月）,2025-08-29,http://static.cninfo.com.cn/finalpage/2025-08-29/1224609177.PDF,1224609177,会计师事务所
301121,紫建电子,紫建电子：会计师事务所选聘制度,2025-08-29,http://static.cninfo.com.cn/finalpage/2025-08-29/1224609729.PDF,1224609729,会计师事务所
300011,鼎汉技术,鼎汉技术：会计师事务所选聘制度（2025年8月）,2025-08-29,http://static.cninfo.com.cn/finalpage/2025-08-29/1224612764.PDF,1224612764,会计师事务所
301178,天亿马,天亿马：会计师事务所选聘制度（2025年8月修订）,2025-08-29,http://static.cninfo.com.cn/finalpage/2025-08-29/1224608914.PDF,1224608914,会计师事务所
000766,通化金马,通化金马：会计师事务所选聘制度（2025年8月),2025-08-29,http://static.cninfo.com.cn/finalpage/2025-08-29/1224602230.PDF,1224602230,会计师事务所
603855,华荣股份,华荣股份：关于变更会计师事务所的公告,2025-08-29,http://static.cninfo.com.cn/finalpage/2025-08-29/1224605693.PDF,1224605693,会计师事务所
300614,百川畅银,百川畅银：会计师事务所选聘制度,2025-08-29,http://static.cninfo.com.cn/finalpage/2025-08-29/1224603699.PDF,1224603699,会计师事务所
603360,百傲化学,百傲化学：大连百傲化学股份有限公司会计师事务所选聘制度（2025年8月修订）,2025-08-29,http://static.cninfo.com.cn/finalpage/2025-08-29/1224608571.PDF,1224608571,会计师事务所
600810,神马股份,神马股份：神马股份关于变更会计师事务所的公告,2025-08-29,http://static.cninfo.com.cn/finalpage/2025-08-29/1224608408.PDF,1224608408,会计师事务所
688132,邦彦技术,邦彦技术：会计师事务所选聘制度,2025-08-29,http://static.cninfo.com.cn/finalpage/2025-08-29/1224608137.PDF,1224608137,会计师事务所
688286,敏芯股份,敏芯股份：苏州敏芯微电子技术股份有限公司关于变更会计师事务所的公告,2025-08-29,http://static.cninfo.com.cn/finalpage/2025-08-29/1224610934.PDF,1224610934,会计师事务所
688286,敏芯股份,敏芯股份：苏州敏芯微电子技术股份有限公司会计师事务所选聘制度,2025-08-29,http://static.cninfo.com.cn/finalpage/2025-08-29/1224610948.PDF,1224610948,会计师事务所
605028,世茂能源,世茂能源：宁波世茂能源股份有限公司关于续聘2025年度会计师事务所的公告,2025-08-29,http://static.cninfo.com.cn/finalpage/2025-08-29/1224610585.PDF,1224610585,会计师事务所
605118,力鼎光电,力鼎光电：力鼎光电关于续聘会计师事务所的公告,2025-08-29,http://static.cninfo.com.cn/finalpage/2025-08-29/1224611403.PDF,1224611403,会计师事务所
301276,嘉曼服饰,嘉曼服饰：会计师事务所选聘制度,2025-08-29,http://static.cninfo.com.cn/finalpage/2025-08-29/1224609975.PDF,1224609975,会计师事务所
300904,威力传动,威力传动：天健会计师事务所（特殊普通合伙）关于银川威力传动技术股份有限公司前次募集资金使用情况鉴证报告,2025-08-29,http://static.cninfo.com.cn/finalpage/2025-08-29/1224609349.PDF,1224609349,会计师事务所
301222,浙江恒威,浙江恒威：关于拟续聘会计师事务所的公告,2025-08-29,http://static.cninfo.com.cn/finalpage/2025-08-29/1224610704.PDF,1224610704,会计师事务所
002884,凌霄泵业,凌霄泵业：会计师事务所选聘制度（2025年8月）,2025-08-29,http://static.cninfo.com.cn/finalpage/2025-08-29/1224614236.PDF,1224614236,会计师事务所
688172,燕东微,燕东微：选聘会计师事务所管理办法（2025年8月）,2025-08-29,http://static.cninfo.com.cn/finalpage/2025-08-29/1224615800.PDF,1224615800,会计师事务所
605066,天正电气,天正电气：关于续聘2025年度会计师事务所的公告,2025-08-29,http://static.cninfo.com.cn/finalpage/2025-08-29/1224615998.PDF,1224615998,会计师事务所
605066,天正电气,天正电气：会计师事务所选聘制度（2025年8月修订）,2025-08-29,http://static.cninfo.com.cn/finalpage/2025-08-29/1224616022.PDF,1224616022,会计师事务所
002553,南方精工,南方精工：关于变更年审会计师事务所的公告,2025-08-29,http://static.cninfo.com.cn/finalpage/2025-08-29/1224615643.PDF,1224615643,会计师事务所
001221,悍高集团,悍高集团：会计师事务所选聘制度,2025-08-29,http://static.cninfo.com.cn/finalpage/2025-08-29/1224616959.pdf,1224616959,会计师事务所
603235,天新药业,天新药业：会计师事务所选聘制度,2025-08-29,http://static.cninfo.com.cn/finalpage/2025-08-29/1224601389.PDF,1224601389,会计师事务所
002358,森源电气,森源电气：森源电气关于拟续聘会计师事务所的公告,2025-08-29,http://static.cninfo.com.cn/finalpage/2025-08-29/1224611245.PDF,1224611245,会计师事务所
300044,ST赛为,ST赛为：会计师事务所选聘制度（2025年8月修订）,2025-08-29,http://static.cninfo.com.cn/finalpage/2025-08-29/1224611554.PDF,1224611554,会计师事务所
688775,影石创新,影石创新：会计师事务所选聘制度,2025-08-29,http://static.cninfo.com.cn/finalpage/2025-08-29/1224614595.PDF,1224614595,会计师事务所
300397,天和防务,天和防务：会计师事务所选聘制度（2025年8月）,2025-08-29,http://static.cninfo.com.cn/finalpage/2025-08-29/1224608700.PDF,1224608700,会计师事务所
002758,浙农股份,浙农股份：关于续聘2025年度会计师事务所的公告,2025-08-29,http://static.cninfo.com.cn/finalpage/2025-08-29/1224607845.PDF,1224607845,会计师事务所
300667,必创科技,必创科技：会计师事务所选聘制度（2025年8月）,2025-08-29,http://static.cninfo.com.cn/finalpage/2025-08-29/1224608645.PDF,1224608645,会计师事务所
300551,古鳌科技,古鳌科技：会计师事务所选聘制度,2025-08-29,http://static.cninfo.com.cn/finalpage/2025-08-29/1224601721.PDF,1224601721,会计师事务所
300591,万里马,万里马：关于拟续聘会计师事务所的公告,2025-08-29,http://static.cninfo.com.cn/finalpage/2025-08-29/1224602085.PDF,1224602085,会计师事务所
300816,艾可蓝,艾可蓝：会计师事务所选聘制度（2025年8月）,2025-08-29,http://static.cninfo.com.cn/finalpage/2025-08-29/1224602310.PDF,1224602310,会计师事务所
301015,百洋医药,百洋医药：拟续聘会计师事务所的公告,2025-08-29,http://static.cninfo.com.cn/finalpage/2025-08-29/1224602370.PDF,1224602370,会计师事务所
688113,联测科技,联测科技：会计师事务所选聘制度（2025年8月修订）,2025-08-29,http://static.cninfo.com.cn/finalpage/2025-08-29/1224606829.PDF,1224606829,会计师事务所
601218,吉鑫科技,吉鑫科技：江苏吉鑫风能科技股份有限公司会计师事务所选聘制度（2025年8月）,2025-08-29,http://static.cninfo.com.cn/finalpage/2025-08-29/1224609890.PDF,1224609890,会计师事务所
688710,益诺思,益诺思：关于续聘会计师事务所的公告,2025-08-29,http://static.cninfo.com.cn/finalpage/2025-08-29/1224608986.PDF,1224608986,会计师事务所
688191,智洋创新,智洋创新：智洋创新科技股份有限公司选聘会计师事务所管理办法,2025-08-29,http://static.cninfo.com.cn/finalpage/2025-08-29/1224609562.PDF,1224609562,会计师事务所
300786,国林科技,国林科技：会计师事务所选聘制度（2025年8月）,2025-08-29,http://static.cninfo.com.cn/finalpage/2025-08-29/1224603930.PDF,1224603930,会计师事务所
603283,赛腾股份,赛腾股份：苏州赛腾精密电子股份有限公司会计师事务所选聘制度(2025年8月),2025-08-29,http://static.cninfo.com.cn/finalpage/2025-08-29/1224610849.PDF,1224610849,会计师事务所
301133,金钟股份,金钟股份：会计师事务所选聘制度,2025-08-29,http://static.cninfo.com.cn/finalpage/2025-08-29/1224605230.PDF,1224605230,会计师事务所
300626,华瑞股份,华瑞股份：会计师事务所选聘制度（2025年8月）,2025-08-29,http://static.cninfo.com.cn/finalpage/2025-08-29/1224605597.PDF,1224605597,会计师事务所
601689,拓普集团,拓普集团：拓普集团会计师事务所选聘制度（2025年8月修订）,2025-08-29,http://static.cninfo.com.cn/finalpage/2025-08-29/1224610339.PDF,1224610339,会计师事务所
000589,贵州轮胎,贵州轮胎：关于续聘会计师事务所的公告,2025-08-29,http://static.cninfo.com.cn/finalpage/2025-08-29/1224610036.PDF,1224610036,会计师事务所
300213,佳讯飞鸿,佳讯飞鸿：会计师事务所选聘制度（2025年8月）,2025-08-29,http://static.cninfo.com.cn/finalpage/2025-08-29/1224609285.PDF,1224609285,会计师事务所
300904,威力传动,威力传动：天健会计师事务所（特殊普通合伙）关于银川威力传动技术股份有限公司内部控制审计报告,2025-08-29,http://static.cninfo.com.cn/finalpage/2025-08-29/1224609348.PDF,1224609348,会计师事务所
300680,隆盛科技,隆盛科技：会计师事务所选聘制度（2025年8月）,2025-08-29,http://static.cninfo.com.cn/finalpage/2025-08-29/1224609059.PDF,1224609059,会计师事务所
001256,炜冈科技,炜冈科技：会计师事务所选聘制度,2025-08-29,http://static.cninfo.com.cn/finalpage/2025-08-29/1224606414.PDF,1224606414,会计师事务所
688500,慧辰股份,慧辰股份：关于续聘会计师事务所的公告,2025-08-29,http://static.cninfo.com.cn/finalpage/2025-08-29/1224610109.PDF,1224610109,会计师事务所
002238,天威视讯,天威视讯：深圳市天威视讯股份有限公司《会计师事务所选聘制度》（修订案）,2025-08-29,http://static.cninfo.com.cn/finalpage/2025-08-29/1224614258.PDF,1224614258,会计师事务所
603270,金帝股份,金帝股份：山东金帝精密机械科技股份有限公司会计师事务所选聘制度,2025-08-29,http://static.cninfo.com.cn/finalpage/2025-08-29/1224602554.PDF,1224602554,会计师事务所
300813,泰林生物,泰林生物：会计师事务所选聘制度,2025-08-29,http://static.cninfo.com.cn/finalpage/2025-08-29/1224601632.PDF,1224601632,会计师事务所
688060,云涌科技,云涌科技：云涌科技续聘会计师事务所公告,2025-08-29,http://static.cninfo.com.cn/finalpage/2025-08-29/1224602659.PDF,1224602659,会计师事务所
600551,时代出版,时代出版：时代出版续聘会计师事务所公告,2025-08-29,http://static.cninfo.com.cn/finalpage/2025-08-29/1224602159.PDF,1224602159,会计师事务所
002677,浙江美大,浙江美大：会计师事务所选聘制度（2025年8月修订）,2025-08-29,http://static.cninfo.com.cn/finalpage/2025-08-29/1224609642.PDF,1224609642,会计师事务所
301006,迈拓股份,迈拓股份：迈拓仪表股份有限公司会计师事务所选聘制度,2025-08-29,http://static.cninfo.com.cn/finalpage/2025-08-29/1224609696.PDF,1224609696,会计师事务所
000155,川能动力,川能动力：关于聘任2025年度会计师事务所的公告,2025-08-29,http://static.cninfo.com.cn/finalpage/2025-08-29/1224609626.PDF,1224609626,会计师事务所
688249,晶合集成,晶合集成：合肥晶合集成电路股份有限公司会计师事务所选聘制度（草案）,2025-08-29,http://static.cninfo.com.cn/finalpage/2025-08-29/1224613393.PDF,1224613393,会计师事务所
688249,晶合集成,晶合集成：晶合集成关于续聘会计师事务所的公告,2025-08-29,http://static.cninfo.com.cn/finalpage/2025-08-29/1224613410.PDF,1224613410,会计师事务所
688249,晶合集成,晶合集成：合肥晶合集成电路股份有限公司会计师事务所选聘制度,2025-08-29,http://static.cninfo.com.cn/finalpage/2025-08-29/1224613442.PDF,1224613442,会计师事务所
300175,ST朗源,ST朗源：会计师事务所选聘制度,2025-08-29,http://static.cninfo.com.cn/finalpage/2025-08-29/1224610208.PDF,1224610208,会计师事务所
600117,西宁特钢,西宁特钢：西宁特殊钢股份有限公司关于续聘会计师事务所的公告,2025-08-29,http://static.cninfo.com.cn/finalpage/2025-08-29/1224607693.PDF,1224607693,会计师事务所
301618,长联科技,长联科技：会计师事务所选聘制度,2025-08-29,http://static.cninfo.com.cn/finalpage/2025-08-29/1224603523.PDF,1224603523,会计师事务所
603020,爱普股份,爱普股份：爱普香料集团股份有限公司会计师事务所选聘制度（2025年8月）,2025-08-29,http://static.cninfo.com.cn/finalpage/2025-08-29/1224608082.PDF,1224608082,会计师事务所
301606,绿联科技,绿联科技：会计师事务所选聘制度,2025-08-29,http://static.cninfo.com.cn/finalpage/2025-08-29/1224602054.PDF,1224602054,会计师事务所
300591,万里马,万里马：会计师事务所选聘制度（2025年8月）,2025-08-29,http://static.cninfo.com.cn/finalpage/2025-08-29/1224602101.PDF,1224602101,会计师事务所
300111,向日葵,向日葵：会计师事务所的选聘制度（2025年8月）,2025-08-29,http://static.cninfo.com.cn/finalpage/2025-08-29/1224604000.PDF,1224604000,会计师事务所
002570,贝因美,贝因美：会计师事务所选聘制度（2025年8月修订）,2025-08-29,http://static.cninfo.com.cn/finalpage/2025-08-29/1224613015.PDF,1224613015,会计师事务所
002040,南 京 港,南 京 港：南京港股份有限公司拟变更会计师事务所的公告,2025-08-29,http://static.cninfo.com.cn/finalpage/2025-08-29/1224612670.PDF,1224612670,会计师事务所
300011,鼎汉技术,鼎汉技术：关于拟续聘立信会计师事务所（特殊普通合伙）为公司2025年度审计机构的公告,2025-08-29,http://static.cninfo.com.cn/finalpage/2025-08-29/1224612744.PDF,1224612744,会计师事务所
301439,泓淋电力,泓淋电力：会计师事务所选聘制度,2025-08-29,http://static.cninfo.com.cn/finalpage/2025-08-29/1224613873.PDF,1224613873,会计师事务所
830946,森萱医药,[临时公告]森萱医药:拟续聘2025年度会计师事务所公告,2025-08-29,http://static.cninfo.com.cn/finalpage/2025-08-29/1224624448.PDF,1224624448,会计师事务所
870508,丰安股份,[临时公告]丰安股份:会计师事务所选聘制度,2025-08-29,http://static.cninfo.com.cn/finalpage/2025-08-29/1224627640.PDF,1224627640,会计师事务所
300145,南方泵业,南方泵业：关于拟续聘会计师事务所的公告,2025-08-28,http://static.cninfo.com.cn/finalpage/2025-08-28/1224603538.PDF,1224603538,会计师事务所
603676,卫信康,卫信康：西藏卫信康医药股份有限公司会计师事务所选聘制度（2025年8月修订草案）,2025-08-28,http://static.cninfo.com.cn/finalpage/2025-08-28/1224592497.PDF,1224592497,会计师事务所
603685,晨丰科技,晨丰科技：浙江晨丰科技股份有限公司会计师事务所选聘制度（2025年8月修订）,2025-08-28,http://static.cninfo.com.cn/finalpage/2025-08-28/1224592221.PDF,1224592221,会计师事务所
600108,亚盛集团,亚盛集团：甘肃亚盛实业（集团）股份有限公司选聘会计师事务所管理办法（2025年8月修订）,2025-08-28,http://static.cninfo.com.cn/finalpage/2025-08-28/1224592147.PDF,1224592147,会计师事务所
000725,京东方Ａ,京东方Ａ：会计师事务所选聘管理办法（2025年8月）,2025-08-28,http://static.cninfo.com.cn/finalpage/2025-08-28/1224599005.PDF,1224599005,会计师事务所
300171,东富龙,东富龙：会计师事务所选聘制度（2025年8月）,2025-08-28,http://static.cninfo.com.cn/finalpage/2025-08-28/1224590377.PDF,1224590377,会计师事务所
300710,万隆光电,万隆光电：关于拟续聘会计师事务所的公告,2025-08-28,http://static.cninfo.com.cn/finalpage/2025-08-28/1224591012.PDF,1224591012,会计师事务所
688692,达梦数据,达梦数据：关于续聘会计师事务所的公告,2025-08-28,http://static.cninfo.com.cn/finalpage/2025-08-28/1224595585.PDF,1224595585,会计师事务所
600500,中化国际,中化国际：中化国际关于续聘会计师事务所的公告,2025-08-28,http://static.cninfo.com.cn/finalpage/2025-08-28/1224596032.PDF,1224596032,会计师事务所
301112,信邦智能,信邦智能：会计师事务所选聘制度,2025-08-28,http://static.cninfo.com.cn/finalpage/2025-08-28/1224589421.PDF,1224589421,会计师事务所
600221,海航控股,海航控股：中审众环会计师事务所(特殊普通合伙)关于对上海证券交易所《关于对海南航空控股股份有限公司重大资产购买草案的问询函》的回复函,2025-08-28,http://static.cninfo.com.cn/finalpage/2025-08-28/1224595184.PDF,1224595184,会计师事务所
200992,中  鲁Ｂ,中  鲁Ｂ：关于续聘会计师事务所的公告,2025-08-28,http://static.cninfo.com.cn/finalpage/2025-08-28/1224592319.PDF,1224592319,会计师事务所
001326,联域股份,联域股份：深圳市联域光电股份有限公司会计师事务所选聘制度,2025-08-28,http://static.cninfo.com.cn/finalpage/2025-08-28/1224591967.PDF,1224591967,会计师事务所
600889,南京化纤,南京化纤：中兴华会计师事务所（特殊普通合伙）关于南京化纤股份有限公司重大资产置换、发行股份及支付现金购买资产并募集配套资金的审核问询函中相关财务问题的专项核查意见,2025-08-28,http://static.cninfo.com.cn/finalpage/2025-08-28/1224598742.PDF,1224598742,会计师事务所
301668,昊创瑞通,昊创瑞通：天健会计师事务所（特殊普通合伙）关于公司首次公开发行股票并在创业板上市的财务报表及审计报告,2025-08-28,http://static.cninfo.com.cn/finalpage/2025-08-28/1224598831.PDF,1224598831,会计师事务所
300182,捷成股份,捷成股份：会计师事务所选聘制度（2025年8月）,2025-08-28,http://static.cninfo.com.cn/finalpage/2025-08-28/1224595679.PDF,1224595679,会计师事务所
300950,德固特,德固特：德固特会计师事务所选聘制度（2025年8月）,2025-08-28,http://static.cninfo.com.cn/finalpage/2025-08-28/1224596451.PDF,1224596451,会计师事务所
000539,粤电力Ａ,粤电力Ａ：广东电力发展股份有限公司关于拟续聘公司会计师事务所的公告,2025-08-28,http://static.cninfo.com.cn/finalpage/2025-08-28/1224596665.PDF,1224596665,会计师事务所
002403,爱仕达,爱仕达：会计师事务所选聘制度（2025年8月修订）,2025-08-28,http://static.cninfo.com.cn/finalpage/2025-08-28/1224597358.PDF,1224597358,会计师事务所
837212,智新电子,[临时公告]智新电子:会计师事务所选聘制度,2025-08-28,http://static.cninfo.com.cn/finalpage/2025-08-28/1224616737.PDF,1224616737,会计师事务所
300965,恒宇信通,恒宇信通：关于拟续聘2025年度会计师事务所的公告,2025-08-28,http://static.cninfo.com.cn/finalpage/2025-08-28/1224587763.PDF,1224587763,会计师事务所
603124,江南新材,江南新材：容诚会计师事务所（特殊普通合伙）关于江西江南新材料科技股份有限公司以自筹资金预先投入募集资金投资项目及支付发行费用的鉴证报告,2025-08-28,http://static.cninfo.com.cn/finalpage/2025-08-28/1224588655.PDF,1224588655,会计师事务所
002494,华斯股份,华斯股份：华斯控股股份有限公司会计师事务所选聘制度-202508,2025-08-28,http://static.cninfo.com.cn/finalpage/2025-08-28/1224588131.PDF,1224588131,会计师事务所
300827,上能电气,上能电气：会计师事务所选聘制度（2025年8月）,2025-08-28,http://static.cninfo.com.cn/finalpage/2025-08-28/1224591102.PDF,1224591102,会计师事务所
688257,新锐股份,新锐股份：新锐股份关于变更2025年度会计师事务所的公告,2025-08-28,http://static.cninfo.com.cn/finalpage/2025-08-28/1224596763.PDF,1224596763,会计师事务所
002078,太阳纸业,太阳纸业：太阳纸业会计师事务所选聘制度（2025年8月修订）,2025-08-28,http://static.cninfo.com.cn/finalpage/2025-08-28/1224599328.PDF,1224599328,会计师事务所
301396,宏景科技,宏景科技：华兴会计师事务所（特殊普通合伙）关于宏景科技股份有限公司前次募集资金使用情况鉴证报告,2025-08-28,http://static.cninfo.com.cn/finalpage/2025-08-28/1224591049.PDF,1224591049,会计师事务所
300491,通合科技,通合科技：会计师事务所选聘制度,2025-08-28,http://static.cninfo.com.cn/finalpage/2025-08-28/1224590552.PDF,1224590552,会计师事务所
301231,荣信文化,荣信文化：会计师事务所选聘制度,2025-08-28,http://static.cninfo.com.cn/finalpage/2025-08-28/1224600013.PDF,1224600013,会计师事务所
000599,青岛双星,青岛双星：立信会计师事务所（特殊普通合伙）关于变更签字注册会计师的承诺函,2025-08-28,http://static.cninfo.com.cn/finalpage/2025-08-28/1224598724.PDF,1224598724,会计师事务所
834415,恒拓开源,[临时公告]恒拓开源:会计师事务所选聘制度,2025-08-28,http://static.cninfo.com.cn/finalpage/2025-08-28/1224615698.PDF,1224615698,会计师事务所
605016,百龙创园,百龙创园：山东百龙创园生物科技股份有限公司会计师事务所选聘制度,2025-08-28,http://static.cninfo.com.cn/finalpage/2025-08-28/1224587587.PDF,1224587587,会计师事务所
001222,源飞宠物,源飞宠物：会计师事务所选聘制度,2025-08-28,http://static.cninfo.com.cn/finalpage/2025-08-28/1224587040.PDF,1224587040,会计师事务所
301105,鸿铭股份,鸿铭股份：会计师事务所选聘制度（2025年8月修订）,2025-08-28,http://static.cninfo.com.cn/finalpage/2025-08-28/1224587999.PDF,1224587999,会计师事务所
300788,中信出版,中信出版：关于续聘会计师事务所的公告,2025-08-28,http://static.cninfo.com.cn/finalpage/2025-08-28/1224592641.PDF,1224592641,会计师事务所
300305,裕兴股份,裕兴股份：会计师事务所选聘制度（2025年8月）,2025-08-28,http://static.cninfo.com.cn/finalpage/2025-08-28/1224594613.PDF,1224594613,会计师事务所
301525,儒竞科技,儒竞科技：会计师事务所选聘制度,2025-08-28,http://static.cninfo.com.cn/finalpage/2025-08-28/1224591603.PDF,1224591603,会计师事务所
603888,新华网,新华网：新华网股份有限公司会计师事务所选聘制度,2025-08-28,http://static.cninfo.com.cn/finalpage/2025-08-28/1224598463.PDF,1224598463,会计师事务所
300434,金石亚药,金石亚药：选聘会计师事务所管理制度（2025年8月）,2025-08-28,http://static.cninfo.com.cn/finalpage/2025-08-28/1224590783.PDF,1224590783,会计师事务所
002620,ST瑞和,ST瑞和：关于拟续聘会计师事务所的公告,2025-08-28,http://static.cninfo.com.cn/finalpage/2025-08-28/1224594109.PDF,1224594109,会计师事务所
300381,溢多利,溢多利：会计师事务所选聘制度,2025-08-28,http://static.cninfo.com.cn/finalpage/2025-08-28/1224596121.PDF,1224596121,会计师事务所
300162,雷曼光电,雷曼光电：会计师事务所选聘制度（20250826）,2025-08-28,http://static.cninfo.com.cn/finalpage/2025-08-28/1224594823.PDF,1224594823,会计师事务所
300537,广信材料,广信材料：会计师事务所选聘制度（2025年8月）,2025-08-28,http://static.cninfo.com.cn/finalpage/2025-08-28/1224594997.PDF,1224594997,会计师事务所
301272,英华特,英华特：苏州英华特涡旋技术股份有限公司关于拟变更会计师事务所的公告,2025-08-28,http://static.cninfo.com.cn/finalpage/2025-08-28/1224595329.PDF,1224595329,会计师事务所
300696,爱乐达,爱乐达：《会计师事务所选聘制度》（2025年8月）,2025-08-28,http://static.cninfo.com.cn/finalpage/2025-08-28/1224596894.PDF,1224596894,会计师事务所
301273,瑞晨环保,瑞晨环保：会计师事务所选聘制度,2025-08-28,http://static.cninfo.com.cn/finalpage/2025-08-28/1224596847.PDF,1224596847,会计师事务所
601518,吉林高速,吉林高速：吉林高速公路股份有限公司选聘会计师事务所管理办法,2025-08-28,http://static.cninfo.com.cn/finalpage/2025-08-28/1224599905.PDF,1224599905,会计师事务所
300695,兆丰股份,兆丰股份：关于拟变更会计师事务所的公告,2025-08-28,http://static.cninfo.com.cn/finalpage/2025-08-28/1224598016.PDF,1224598016,会计师事务所
920116,星图测控,[临时公告]星图测控:会计师事务所选聘制度,2025-08-28,http://static.cninfo.com.cn/finalpage/2025-08-28/1224614137.PDF,1224614137,会计师事务所
836675,秉扬科技,[临时公告]秉扬科技:会计师事务所选聘制度,2025-08-28,http://static.cninfo.com.cn/finalpage/2025-08-28/1224616489.PDF,1224616489,会计师事务所
603709,中源家居,中源家居：中源家居股份有限公司会计师事务所选聘制度（2025年8月修订）,2025-08-28,http://static.cninfo.com.cn/finalpage/2025-08-28/1224593021.PDF,1224593021,会计师事务所
603059,倍加洁,倍加洁：会计师事务所选聘制度,2025-08-28,http://static.cninfo.com.cn/finalpage/2025-08-28/1224593503.PDF,1224593503,会计师事务所
302132,中航成飞,中航成飞：会计师事务所选聘制度,2025-08-28,http://static.cninfo.com.cn/finalpage/2025-08-28/1224599790.PDF,1224599790,会计师事务所
300226,上海钢联,上海钢联：会计师事务所选聘制度 （2025年8月）,2025-08-28,http://static.cninfo.com.cn/finalpage/2025-08-28/1224594446.PDF,1224594446,会计师事务所
300823,建科智能,建科智能：会计师事务所选聘制度,2025-08-28,http://static.cninfo.com.cn/finalpage/2025-08-28/1224598794.PDF,1224598794,会计师事务所
002705,新宝股份,新宝股份：关于拟续聘会计师事务所的公告,2025-08-28,http://static.cninfo.com.cn/finalpage/2025-08-28/1224587198.PDF,1224587198,会计师事务所
600221,海航控股,海航控股：中审众环会计师事务所(特殊普通合伙)于海南航空控股股份有限公司本次重大资产重组交易变更被收购标的公司签字注册会计师的承诺函,2025-08-28,http://static.cninfo.com.cn/finalpage/2025-08-28/1224595168.PDF,1224595168,会计师事务所
603416,信捷电气,信捷电气：无锡信捷电气股份有限公司会计师事务所选聘制度,2025-08-28,http://static.cninfo.com.cn/finalpage/2025-08-28/1224595372.PDF,1224595372,会计师事务所
003025,思进智能,思进智能：思进智能成形装备股份有限公司会计师事务所选聘制度（2025年8月）,2025-08-28,http://static.cninfo.com.cn/finalpage/2025-08-28/1224592576.PDF,1224592576,会计师事务所
002818,富森美,富森美：会计师事务所选聘制度（2025年8月）,2025-08-28,http://static.cninfo.com.cn/finalpage/2025-08-28/1224592083.PDF,1224592083,会计师事务所
002418,康盛股份,康盛股份：会计师事务所选聘管理办法,2025-08-28,http://static.cninfo.com.cn/finalpage/2025-08-28/1224597221.PDF,1224597221,会计师事务所
300118,东方日升,东方日升：会计师事务所选聘制度（2025年8月）,2025-08-28,http://static.cninfo.com.cn/finalpage/2025-08-28/1224598663.PDF,1224598663,会计师事务所
000599,青岛双星,青岛双星：安永华明会计师事务所（特殊普通合伙）关于变更签字注册会计师的承诺函,2025-08-28,http://static.cninfo.com.cn/finalpage/2025-08-28/1224598722.PDF,1224598722,会计师事务所
839725,惠丰钻石,[临时公告]惠丰钻石:会计师事务所选聘制度,2025-08-28,http://static.cninfo.com.cn/finalpage/2025-08-28/1224613798.PDF,1224613798,会计师事务所
873706,铁拓机械,[临时公告]铁拓机械:会计师事务所选聘制度,2025-08-28,http://static.cninfo.com.cn/finalpage/2025-08-28/1224616083.PDF,1224616083,会计师事务所
688757,胜科纳米,胜科纳米：胜科纳米会计师事务所选聘制度,2025-08-28,http://static.cninfo.com.cn/finalpage/2025-08-28/1224587666.PDF,1224587666,会计师事务所
603305,旭升集团,旭升集团：宁波旭升集团股份有限公司会计师事务所选聘制度（2025年8月修订）,2025-08-28,http://static.cninfo.com.cn/finalpage/2025-08-28/1224591191.PDF,1224591191,会计师事务所
600561,江西长运,江西长运：江西长运续聘会计师事务所公告,2025-08-28,http://static.cninfo.com.cn/finalpage/2025-08-28/1224591197.PDF,1224591197,会计师事务所
002983,芯瑞达,芯瑞达：会计师事务所选聘制度（2025年8月）,2025-08-28,http://static.cninfo.com.cn/finalpage/2025-08-28/1224588446.PDF,1224588446,会计师事务所
603150,万朗磁塑,万朗磁塑：万朗磁塑会计师事务所选聘制度,2025-08-28,http://static.cninfo.com.cn/finalpage/2025-08-28/1224596255.PDF,1224596255,会计师事务所
301272,英华特,英华特：苏州英华特涡旋技术股份有限公司会计师事务所选聘制度（2025年8月）,2025-08-28,http://static.cninfo.com.cn/finalpage/2025-08-28/1224595312.PDF,1224595312,会计师事务所
688484,南芯科技,南芯科技：关于续聘会计师事务所的公告,2025-08-28,http://static.cninfo.com.cn/finalpage/2025-08-28/1224598768.PDF,1224598768,会计师事务所
300375,鹏翎股份,鹏翎股份：会计师事务所选聘制度（2025年8月）,2025-08-28,http://static.cninfo.com.cn/finalpage/2025-08-28/1224595531.PDF,1224595531,会计师事务所
300757,罗博特科,罗博特科：关于拟聘任会计师事务所的公告,2025-08-28,http://static.cninfo.com.cn/finalpage/2025-08-28/1224600638.PDF,1224600638,会计师事务所
836077,吉林碳谷,[临时公告]吉林碳谷:会计师事务所选聘制度,2025-08-28,http://static.cninfo.com.cn/finalpage/2025-08-28/1224616667.PDF,1224616667,会计师事务所
831195,三祥科技,[临时公告]三祥科技:会计师事务所选聘制度,2025-08-28,http://static.cninfo.com.cn/finalpage/2025-08-28/1224615025.PDF,1224615025,会计师事务所
430718,合肥高科,[临时公告]合肥高科:会计师事务所选聘制度,2025-08-28,http://static.cninfo.com.cn/finalpage/2025-08-28/1224615943.PDF,1224615943,会计师事务所
834415,恒拓开源,[临时公告]恒拓开源:拟续聘2025 年度会计师事务所公告,2025-08-28,http://static.cninfo.com.cn/finalpage/2025-08-28/1224615684.PDF,1224615684,会计师事务所
920066,科拜尔,[临时公告]科拜尔:会计师事务所选聘制度,2025-08-28,http://static.cninfo.com.cn/finalpage/2025-08-28/1224616425.PDF,1224616425,会计师事务所
872808,曙光数创,[临时公告]曙光数创:会计师事务所选聘制度,2025-08-28,http://static.cninfo.com.cn/finalpage/2025-08-28/1224616364.PDF,1224616364,会计师事务所
300965,恒宇信通,恒宇信通：《公司会计师事务所选聘制度》（2025年8月）,2025-08-28,http://static.cninfo.com.cn/finalpage/2025-08-28/1224587792.PDF,1224587792,会计师事务所
605018,长华集团,长华集团：长华集团会计师事务所选聘制度（2025年8月修订）,2025-08-28,http://static.cninfo.com.cn/finalpage/2025-08-28/1224588032.PDF,1224588032,会计师事务所
300398,飞凯材料,飞凯材料：会计师事务所选聘制度（2025年8月）,2025-08-28,http://static.cninfo.com.cn/finalpage/2025-08-28/1224587145.PDF,1224587145,会计师事务所
603661,恒林股份,恒林股份：恒林家居股份有限公司会计师事务所选聘制度（2025年8月制定）,2025-08-28,http://static.cninfo.com.cn/finalpage/2025-08-28/1224590930.PDF,1224590930,会计师事务所
688638,誉辰智能,誉辰智能：深圳市誉辰智能装备股份有限公司关于续聘2025年度会计师事务所的公告,2025-08-28,http://static.cninfo.com.cn/finalpage/2025-08-28/1224593217.PDF,1224593217,会计师事务所
688137,近岸蛋白,近岸蛋白：关于续聘会计师事务所的公告,2025-08-28,http://static.cninfo.com.cn/finalpage/2025-08-28/1224595851.PDF,1224595851,会计师事务所
301633,港迪技术,港迪技术：会计师事务所选聘制度（2025年8月）,2025-08-28,http://static.cninfo.com.cn/finalpage/2025-08-28/1224590302.PDF,1224590302,会计师事务所
300884,狄耐克,狄耐克：会计师事务所选聘制度（2025年8月修订）,2025-08-28,http://static.cninfo.com.cn/finalpage/2025-08-28/1224592870.PDF,1224592870,会计师事务所
300462,ST华铭,ST华铭：关于拟续聘会计师事务所的公告,2025-08-28,http://static.cninfo.com.cn/finalpage/2025-08-28/1224589867.PDF,1224589867,会计师事务所
301357,北方长龙,北方长龙：会计师事务所选聘制度,2025-08-28,http://static.cninfo.com.cn/finalpage/2025-08-28/1224595887.PDF,1224595887,会计师事务所
301246,宏源药业,宏源药业：会计师事务所选聘制度（2025年8月修订）,2025-08-28,http://static.cninfo.com.cn/finalpage/2025-08-28/1224594725.PDF,1224594725,会计师事务所
603381,永臻股份,永臻股份：会计师事务所选聘制度,2025-08-28,http://static.cninfo.com.cn/finalpage/2025-08-28/1224598910.PDF,1224598910,会计师事务所
600345,长江通信,长江通信：长江通信关于续聘会计师事务所的公告,2025-08-28,http://static.cninfo.com.cn/finalpage/2025-08-28/1224598924.PDF,1224598924,会计师事务所
300402,宝色股份,宝色股份：会计师事务所选聘制度（2025年8月）,2025-08-28,http://static.cninfo.com.cn/finalpage/2025-08-28/1224599205.PDF,1224599205,会计师事务所
300757,罗博特科,罗博特科：罗博特科：会计师事务所选聘制度（2025年8月）,2025-08-28,http://static.cninfo.com.cn/finalpage/2025-08-28/1224600662.PDF,1224600662,会计师事务所
002495,佳隆股份,佳隆股份：关于续聘会计师事务所的公告,2025-08-28,http://static.cninfo.com.cn/finalpage/2025-08-28/1224586952.PDF,1224586952,会计师事务所
603718,海利生物,海利生物：海利生物会计师事务所选聘制度,2025-08-28,http://static.cninfo.com.cn/finalpage/2025-08-28/1224587479.PDF,1224587479,会计师事务所
000910,大亚圣象,大亚圣象：会计师事务所选聘制度（2025年8月修订）,2025-08-28,http://static.cninfo.com.cn/finalpage/2025-08-28/1224588222.PDF,1224588222,会计师事务所
301322,绿通科技,绿通科技：会计师事务所选聘制度（2025年8月）,2025-08-28,http://static.cninfo.com.cn/finalpage/2025-08-28/1224589442.PDF,1224589442,会计师事务所
002034,旺能环境,旺能环境：会计师事务所选聘制度,2025-08-28,http://static.cninfo.com.cn/finalpage/2025-08-28/1224591936.PDF,1224591936,会计师事务所
603797,联泰环保,联泰环保：广东联泰环保股份有限公司会计师事务所选聘制度,2025-08-28,http://static.cninfo.com.cn/finalpage/2025-08-28/1224596599.PDF,1224596599,会计师事务所
002061,浙江交科,浙江交科：关于拟续聘2025年度会计师事务所的公告,2025-08-28,http://static.cninfo.com.cn/finalpage/2025-08-28/1224592910.PDF,1224592910,会计师事务所
002757,南兴股份,南兴股份：南兴装备股份有限公司会计师事务所选聘制度（2025年8月修订）,2025-08-28,http://static.cninfo.com.cn/finalpage/2025-08-28/1224593435.PDF,1224593435,会计师事务所
301626,苏州天脉,苏州天脉：《会计师事务所选聘制度》,2025-08-28,http://static.cninfo.com.cn/finalpage/2025-08-28/1224597743.PDF,1224597743,会计师事务所
301148,嘉戎技术,嘉戎技术：会计师事务所选聘制度,2025-08-28,http://static.cninfo.com.cn/finalpage/2025-08-28/1224598195.PDF,1224598195,会计师事务所
688330,宏力达,宏力达：上海宏力达信息技术股份有限公司会计师事务所选聘制度（2025年8月）,2025-08-28,http://static.cninfo.com.cn/finalpage/2025-08-28/1224590002.PDF,1224590002,会计师事务所
605100,华丰股份,华丰股份：华丰动力股份有限公司会计师事务所选聘制度(2025年8月修订）,2025-08-28,http://static.cninfo.com.cn/finalpage/2025-08-28/1224590073.PDF,1224590073,会计师事务所
300736,百邦科技,百邦科技：会计师事务所选聘制度（2025年8月）,2025-08-28,http://static.cninfo.com.cn/finalpage/2025-08-28/1224592403.PDF,1224592403,会计师事务所
600671,天目药业,天目药业：杭州天目山药业股份有限公司会计师事务所选聘制度,2025-08-28,http://static.cninfo.com.cn/finalpage/2025-08-28/1224591232.PDF,1224591232,会计师事务所
688197,首药控股,首药控股：首药控股（北京）股份有限公司关于续聘会计师事务所的公告,2025-08-28,http://static.cninfo.com.cn/finalpage/2025-08-28/1224591265.PDF,1224591265,会计师事务所
872895,花溪科技,[临时公告]花溪科技:会计师事务所选聘制度,2025-08-28,http://static.cninfo.com.cn/finalpage/2025-08-28/1224615577.PDF,1224615577,会计师事务所
603839,安正时尚,安正时尚：安正时尚集团股份有限公司会计师事务所选聘制度,2025-08-28,http://static.cninfo.com.cn/finalpage/2025-08-28/1224600568.PDF,1224600568,会计师事务所
300500,启迪设计,启迪设计：会计师事务所选聘制度（2025年8月）,2025-08-28,http://static.cninfo.com.cn/finalpage/2025-08-28/1224587388.PDF,1224587388,会计师事务所
603667,五洲新春,五洲新春：五洲新春会计师事务所选聘制度（2025年8月制订）,2025-08-28,http://static.cninfo.com.cn/finalpage/2025-08-28/1224598872.PDF,1224598872,会计师事务所
600866,星湖科技,星湖科技：关于变更会计师事务所的公告,2025-08-28,http://static.cninfo.com.cn/finalpage/2025-08-28/1224598696.PDF,1224598696,会计师事务所
603014,威高血净,威高血净：《山东威高血液净化制品股份有限公司会计师事务所选聘制度》,2025-08-28,http://static.cninfo.com.cn/finalpage/2025-08-28/1224598590.PDF,1224598590,会计师事务所
600601,方正科技,方正科技：中审众环会计师事务所（特殊普通合伙）关于方正科技集团股份有限公司向特定对象发行股票的财务报告及审计报告,2025-08-28,http://static.cninfo.com.cn/finalpage/2025-08-28/1224591529.PDF,1224591529,会计师事务所
600568,ST中珠,ST中珠：中珠医疗控股股份有限公司关于变更会计师事务所的公告,2025-08-28,http://static.cninfo.com.cn/finalpage/2025-08-28/1224590900.PDF,1224590900,会计师事务所
000526,学大教育,学大教育：关于拟续聘会计师事务所的公告,2025-08-28,http://static.cninfo.com.cn/finalpage/2025-08-28/1224598403.PDF,1224598403,会计师事务所
300402,宝色股份,宝色股份：关于续聘会计师事务所的公告,2025-08-28,http://static.cninfo.com.cn/finalpage/2025-08-28/1224599209.PDF,1224599209,会计师事务所
000070,特发信息,特发信息：关于拟变更会计师事务所的公告,2025-08-28,http://static.cninfo.com.cn/finalpage/2025-08-28/1224598968.PDF,1224598968,会计师事务所
603367,辰欣药业,辰欣药业：辰欣药业股份有限公司选聘会计师事务所管理制度（2025年8月）,2025-08-28,http://static.cninfo.com.cn/finalpage/2025-08-28/1224588712.PDF,1224588712,会计师事务所
301043,绿岛风,绿岛风：关于续聘2025年度会计师事务所的公告,2025-08-28,http://static.cninfo.com.cn/finalpage/2025-08-28/1224588861.PDF,1224588861,会计师事务所
301063,海锅股份,海锅股份：会计师事务所选聘制度（2025年8月修订）,2025-08-28,http://static.cninfo.com.cn/finalpage/2025-08-28/1224587728.PDF,1224587728,会计师事务所
002592,ST八菱,ST八菱：关于拟续聘会计师事务所的公告,2025-08-28,http://static.cninfo.com.cn/finalpage/2025-08-28/1224596987.PDF,1224596987,会计师事务所
001387,雪祺电气,雪祺电气：关于拟续聘会计师事务所的公告,2025-08-28,http://static.cninfo.com.cn/finalpage/2025-08-28/1224597498.PDF,1224597498,会计师事务所
300573,兴齐眼药,兴齐眼药：会计师事务所选聘制度,2025-08-28,http://static.cninfo.com.cn/finalpage/2025-08-28/1224587832.PDF,1224587832,会计师事务所
301396,宏景科技,宏景科技：华兴会计师事务所（特殊普通合伙）关于宏景科技股份有限公司非经常性损益鉴证报告,2025-08-28,http://static.cninfo.com.cn/finalpage/2025-08-28/1224591048.PDF,1224591048,会计师事务所
002328,新朋股份,新朋股份：关于拟续聘会计师事务所的公告,2025-08-28,http://static.cninfo.com.cn/finalpage/2025-08-28/1224593910.PDF,1224593910,会计师事务所
603216,梦天家居,梦天家居：会计师事务所选聘制度,2025-08-28,http://static.cninfo.com.cn/finalpage/2025-08-28/1224586829.PDF,1224586829,会计师事务所
603896,寿仙谷,寿仙谷：会计师事务所选聘制度（2025年8月制定）,2025-08-28,http://static.cninfo.com.cn/finalpage/2025-08-28/1224594930.PDF,1224594930,会计师事务所
301057,汇隆新材,汇隆新材：会计师事务所选聘制度,2025-08-28,http://static.cninfo.com.cn/finalpage/2025-08-28/1224589834.PDF,1224589834,会计师事务所
835185,贝特瑞,[临时公告]贝特瑞:拟续聘2025年度会计师事务所公告,2025-08-28,http://static.cninfo.com.cn/finalpage/2025-08-28/1224616255.PDF,1224616255,会计师事务所
834014,特瑞斯,[临时公告]特瑞斯:会计师事务所选聘制度,2025-08-28,http://static.cninfo.com.cn/finalpage/2025-08-28/1224616287.PDF,1224616287,会计师事务所
836263,中航泰达,[临时公告]中航泰达:会计师事务所选聘制度,2025-08-28,http://static.cninfo.com.cn/finalpage/2025-08-28/1224616525.PDF,1224616525,会计师事务所
300779,惠城环保,惠城环保：立信会计师事务所（特殊普通合伙）关于青岛惠城环保科技集团股份有限公司申请向特定对象发行股票的第二轮审核问询函的回复,2025-08-27,http://static.cninfo.com.cn/finalpage/2025-08-27/1224597428.PDF,1224597428,会计师事务所
00267,中信股份,中信股份：海外监管公告 – 中信出版集团股份有限公司关於续聘会计师事务所的公告,2025-08-27,http://static.cninfo.com.cn/finalpage/2025-08-27/1224599725.PDF,1224599725,会计师事务所
300995,奇德新材,奇德新材：信永中和会计师事务所（特殊普通合伙）关于广东奇德新材料股份有限公司向特定对象发行股票的财务报告及审计报告,2025-08-27,http://static.cninfo.com.cn/finalpage/2025-08-27/1224588681.PDF,1224588681,会计师事务所
002066,瑞泰科技,瑞泰科技：关于拟续聘会计师事务所的公告,2025-08-27,http://static.cninfo.com.cn/finalpage/2025-08-27/1224574484.PDF,1224574484,会计师事务所
001358,兴欣新材,兴欣新材：绍兴兴欣新材料股份有限公司会计师事务所选聘管理制度,2025-08-27,http://static.cninfo.com.cn/finalpage/2025-08-27/1224574524.PDF,1224574524,会计师事务所
605055,迎丰股份,迎丰股份：迎丰股份关于变更会计师事务所的公告,2025-08-27,http://static.cninfo.com.cn/finalpage/2025-08-27/1224576009.PDF,1224576009,会计师事务所
601969,海南矿业,海南矿业：海南矿业股份有限公司会计师事务所选聘管理办法（尚需公司股东会批准）,2025-08-27,http://static.cninfo.com.cn/finalpage/2025-08-27/1224575812.PDF,1224575812,会计师事务所
002448,中原内配,中原内配：关于变更会计师事务所的公告,2025-08-27,http://static.cninfo.com.cn/finalpage/2025-08-27/1224574676.PDF,1224574676,会计师事务所
603811,诚意药业,诚意药业：浙江诚意药业股份有限公司会计师事务所选聘制度（2025年8月修订）,2025-08-27,http://static.cninfo.com.cn/finalpage/2025-08-27/1224576715.PDF,1224576715,会计师事务所
300721,怡达股份,怡达股份：会计师事务所选聘管理办法（2025年8月）,2025-08-27,http://static.cninfo.com.cn/finalpage/2025-08-27/1224575714.PDF,1224575714,会计师事务所
605337,李子园,李子园：浙江李子园食品股份有限公司会计师事务所选聘制度（2025年8月）,2025-08-27,http://static.cninfo.com.cn/finalpage/2025-08-27/1224581229.PDF,1224581229,会计师事务所
603538,美诺华,美诺华：宁波美诺华药业股份有限公司会计师事务所选聘制度,2025-08-27,http://static.cninfo.com.cn/finalpage/2025-08-27/1224580768.PDF,1224580768,会计师事务所
301539,宏鑫科技,宏鑫科技：会计师事务所选聘制度（2025年8月）,2025-08-27,http://static.cninfo.com.cn/finalpage/2025-08-27/1224578455.PDF,1224578455,会计师事务所
601360,三六零,三六零：三六零安全科技股份有限公司关于续聘会计师事务所的公告,2025-08-27,http://static.cninfo.com.cn/finalpage/2025-08-27/1224583335.PDF,1224583335,会计师事务所
002609,捷顺科技,捷顺科技：《会计师事务所选聘制度》（2025年8月修订）,2025-08-27,http://static.cninfo.com.cn/finalpage/2025-08-27/1224580500.PDF,1224580500,会计师事务所
300703,创源股份,创源股份：会计师事务所选聘制度,2025-08-27,http://static.cninfo.com.cn/finalpage/2025-08-27/1224580711.PDF,1224580711,会计师事务所
300496,中科创达,中科创达：会计师事务所选聘制度,2025-08-27,http://static.cninfo.com.cn/finalpage/2025-08-27/1224581400.PDF,1224581400,会计师事务所
600280,中央商场,中央商场：南京中央商场（集团）股份有限公司关于续聘会计师事务所的公告,2025-08-27,http://static.cninfo.com.cn/finalpage/2025-08-27/1224584617.PDF,1224584617,会计师事务所
002943,宇晶股份,宇晶股份：会计师事务所选聘制度（2025年8月）,2025-08-27,http://static.cninfo.com.cn/finalpage/2025-08-27/1224582254.PDF,1224582254,会计师事务所
301127,武汉天源,武汉天源：会计师事务所选聘制度,2025-08-27,http://static.cninfo.com.cn/finalpage/2025-08-27/1224582407.PDF,1224582407,会计师事务所
300241,瑞丰光电,瑞丰光电：会计师事务所选聘制度（2025年8月）,2025-08-27,http://static.cninfo.com.cn/finalpage/2025-08-27/1224584731.PDF,1224584731,会计师事务所
301329,信音电子,信音电子：关于续聘2025年度会计师事务所的公告,2025-08-27,http://static.cninfo.com.cn/finalpage/2025-08-27/1224584948.PDF,1224584948,会计师事务所
002115,三维通信,三维通信：会计师事务所选聘制度（2025年8月),2025-08-27,http://static.cninfo.com.cn/finalpage/2025-08-27/1224578881.PDF,1224578881,会计师事务所
002344,海宁皮城,海宁皮城：会计师事务所选聘制度(2025年8月),2025-08-27,http://static.cninfo.com.cn/finalpage/2025-08-27/1224585412.PDF,1224585412,会计师事务所
301205,联特科技,联特科技：会计师事务所选聘制度（2025年8月修）,2025-08-27,http://static.cninfo.com.cn/finalpage/2025-08-27/1224579099.PDF,1224579099,会计师事务所
300886,华业香料,华业香料：会计师事务所选聘制度（2025年8月）,2025-08-27,http://static.cninfo.com.cn/finalpage/2025-08-27/1224583161.PDF,1224583161,会计师事务所
600606,绿地控股,绿地控股：绿地控股关于续聘会计师事务所的公告,2025-08-27,http://static.cninfo.com.cn/finalpage/2025-08-27/1224586029.PDF,1224586029,会计师事务所
300008,天海防务,天海防务：会计师事务所选聘制度（2025.8修订）,2025-08-27,http://static.cninfo.com.cn/finalpage/2025-08-27/1224586141.PDF,1224586141,会计师事务所
430139,华岭股份,[临时公告]华岭股份:会计师事务所选聘制度,2025-08-27,http://static.cninfo.com.cn/finalpage/2025-08-27/1224589896.PDF,1224589896,会计师事务所
836807,奔朗新材,[临时公告]奔朗新材:会计师事务所选聘制度,2025-08-27,http://static.cninfo.com.cn/finalpage/2025-08-27/1224592953.PDF,1224592953,会计师事务所
831906,舜宇精工,[临时公告]舜宇精工:会计师事务所选聘制度,2025-08-27,http://static.cninfo.com.cn/finalpage/2025-08-27/1224597284.PDF,1224597284,会计师事务所
833781,瑞奇智造,[临时公告]瑞奇智造:会计师事务所选聘制度,2025-08-27,http://static.cninfo.com.cn/finalpage/2025-08-27/1224600061.PDF,1224600061,会计师事务所
835368,连城数控,[临时公告]连城数控:会计师事务所选聘制度,2025-08-27,http://static.cninfo.com.cn/finalpage/2025-08-27/1224599977.PDF,1224599977,会计师事务所
605366,宏柏新材,宏柏新材：江西宏柏新材料股份有限公司选聘会计师事务所制度,2025-08-27,http://static.cninfo.com.cn/finalpage/2025-08-27/1224580198.PDF,1224580198,会计师事务所
601033,永兴股份,永兴股份：永兴股份会计师事务所选聘管理制度（2025年8月）,2025-08-27,http://static.cninfo.com.cn/finalpage/2025-08-27/1224580952.PDF,1224580952,会计师事务所
688300,联瑞新材,联瑞新材：华兴会计师事务所（特殊普通合伙）关于江苏联瑞新材料股份有限公司最近三年及一期非经常性损益鉴证报告,2025-08-27,http://static.cninfo.com.cn/finalpage/2025-08-27/1224579782.PDF,1224579782,会计师事务所
688273,麦澜德,麦澜德：关于续聘会计师事务所的公告,2025-08-27,http://static.cninfo.com.cn/finalpage/2025-08-27/1224585809.PDF,1224585809,会计师事务所
603706,东方环宇,东方环宇：东方环宇会计师事务所选聘制度,2025-08-27,http://static.cninfo.com.cn/finalpage/2025-08-27/1224576439.PDF,1224576439,会计师事务所
300095,华伍股份,华伍股份：会计师事务所选聘制度,2025-08-27,http://static.cninfo.com.cn/finalpage/2025-08-27/1224574336.PDF,1224574336,会计师事务所
300722,新余国科,新余国科：关于变更会计师事务所的公告,2025-08-27,http://static.cninfo.com.cn/finalpage/2025-08-27/1224575370.PDF,1224575370,会计师事务所
002949,华阳国际,华阳国际：关于公司续聘2025年度会计师事务所的公告,2025-08-27,http://static.cninfo.com.cn/finalpage/2025-08-27/1224575256.PDF,1224575256,会计师事务所
301072,中捷精工,中捷精工：会计师事务所选聘制度（2025年8月）,2025-08-27,http://static.cninfo.com.cn/finalpage/2025-08-27/1224576887.PDF,1224576887,会计师事务所
301592,六九一二,六九一二：会计师事务所选聘制度（2025年8月）,2025-08-27,http://static.cninfo.com.cn/finalpage/2025-08-27/1224576935.PDF,1224576935,会计师事务所
600461,洪城环境,洪城环境：中证天通会计师事务所（特殊普通合伙）关于江西洪城环境股份有限公司会计估计变更专项说明审核报告-中证天通（2025）证专审21120015号,2025-08-27,http://static.cninfo.com.cn/finalpage/2025-08-27/1224579453.PDF,1224579453,会计师事务所
688311,盟升电子,盟升电子：会计师事务所选聘制度,2025-08-27,http://static.cninfo.com.cn/finalpage/2025-08-27/1224579218.PDF,1224579218,会计师事务所
300165,ST天瑞,ST天瑞：会计师事务所选聘制度（2025年8月）,2025-08-27,http://static.cninfo.com.cn/finalpage/2025-08-27/1224582114.PDF,1224582114,会计师事务所
001400,江顺科技,江顺科技：江苏江顺精密科技集团股份有限公司会计师事务所选聘制度,2025-08-27,http://static.cninfo.com.cn/finalpage/2025-08-27/1224582059.PDF,1224582059,会计师事务所
835579,机科股份,[临时公告]机科股份:会计师事务所选聘制度,2025-08-27,http://static.cninfo.com.cn/finalpage/2025-08-27/1224600290.PDF,1224600290,会计师事务所
301535,浙江华远,浙江华远：会计师事务所选聘制度,2025-08-27,http://static.cninfo.com.cn/finalpage/2025-08-27/1224575907.PDF,1224575907,会计师事务所
301418,协昌科技,协昌科技：会计师事务所选聘制度（2025年8月）,2025-08-27,http://static.cninfo.com.cn/finalpage/2025-08-27/1224583771.PDF,1224583771,会计师事务所
300140,节能环境,节能环境：2025-26关于续聘公司2025年度会计师事务所的公告,2025-08-27,http://static.cninfo.com.cn/finalpage/2025-08-27/1224583272.PDF,1224583272,会计师事务所
003000,劲仔食品,劲仔食品：会计师事务所选聘制度(202508),2025-08-27,http://static.cninfo.com.cn/finalpage/2025-08-27/1224577863.PDF,1224577863,会计师事务所
002895,川恒股份,川恒股份：拟续聘2025年度会计师事务所的公告,2025-08-27,http://static.cninfo.com.cn/finalpage/2025-08-27/1224577896.PDF,1224577896,会计师事务所
603335,迪生力,迪生力：会计师事务所选聘制度,2025-08-27,http://static.cninfo.com.cn/finalpage/2025-08-27/1224581705.PDF,1224581705,会计师事务所
600985,淮北矿业,淮北矿业：淮北矿业控股股份有限公司选聘会计师事务所管理制度（2025年8月修订）,2025-08-27,http://static.cninfo.com.cn/finalpage/2025-08-27/1224583329.PDF,1224583329,会计师事务所
600577,精达股份,精达股份：精达股份会计师事务所选聘制度（修订稿）,2025-08-27,http://static.cninfo.com.cn/finalpage/2025-08-27/1224583979.PDF,1224583979,会计师事务所
688520,神州细胞,神州细胞：信永中和会计师事务所（特殊普通合伙）关于北京神州细胞生物技术集团股份公司向特定对象发行股票的财务报告及审计报告,2025-08-27,http://static.cninfo.com.cn/finalpage/2025-08-27/1224582644.PDF,1224582644,会计师事务所
002164,宁波东力,宁波东力：会计师事务所选聘制度（2025年8月）,2025-08-27,http://static.cninfo.com.cn/finalpage/2025-08-27/1224578969.PDF,1224578969,会计师事务所
300918,南山智尚,南山智尚：会计师事务所选聘制度（2025年8月制定）,2025-08-27,http://static.cninfo.com.cn/finalpage/2025-08-27/1224578760.PDF,1224578760,会计师事务所
837023,芭薇股份,[临时公告]芭薇股份:会计师事务所选聘制度,2025-08-27,http://static.cninfo.com.cn/finalpage/2025-08-27/1224600741.PDF,1224600741,会计师事务所
836957,汉维科技,[临时公告]汉维科技:会计师事务所选聘制度,2025-08-27,http://static.cninfo.com.cn/finalpage/2025-08-27/1224600909.PDF,1224600909,会计师事务所
603605,珀莱雅,珀莱雅：《珀莱雅化妆品股份有限公司会计师事务所选聘制度》,2025-08-27,http://static.cninfo.com.cn/finalpage/2025-08-27/1224575153.PDF,1224575153,会计师事务所
300346,南大光电,南大光电：会计师事务所选聘制度（2025年8月）,2025-08-27,http://static.cninfo.com.cn/finalpage/2025-08-27/1224574882.PDF,1224574882,会计师事务所
688386,泛亚微透,泛亚微透：天健会计师事务所（特殊普通合伙）关于江苏泛亚微透科技股份有限公司前次募集资金使用情况鉴证报告,2025-08-27,http://static.cninfo.com.cn/finalpage/2025-08-27/1224575865.PDF,1224575865,会计师事务所
002949,华阳国际,华阳国际：会计师事务所选聘制度,2025-08-27,http://static.cninfo.com.cn/finalpage/2025-08-27/1224575278.PDF,1224575278,会计师事务所
300230,永利股份,永利股份：会计师事务所选聘制度（2025年8月）,2025-08-27,http://static.cninfo.com.cn/finalpage/2025-08-27/1224574830.PDF,1224574830,会计师事务所
603173,福斯达,福斯达：会计师事务所选聘制度,2025-08-27,http://static.cninfo.com.cn/finalpage/2025-08-27/1224575684.PDF,1224575684,会计师事务所
300198,ST纳川,ST纳川：关于变更会计师事务所公告的更正公告,2025-08-27,http://static.cninfo.com.cn/finalpage/2025-08-27/1224582800.PDF,1224582800,会计师事务所
300881,盛德鑫泰,盛德鑫泰：盛德鑫泰新材料股份有限公司会计师事务所选聘制度,2025-08-27,http://static.cninfo.com.cn/finalpage/2025-08-27/1224586271.PDF,1224586271,会计师事务所
301388,欣灵电气,欣灵电气：会计师事务所选聘制度,2025-08-27,http://static.cninfo.com.cn/finalpage/2025-08-27/1224580615.PDF,1224580615,会计师事务所
300668,杰恩设计,杰恩设计：关于续聘会计师事务所的公告,2025-08-27,http://static.cninfo.com.cn/finalpage/2025-08-27/1224580078.PDF,1224580078,会计师事务所
832145,恒合股份,[临时公告]恒合股份:会计师事务所选聘制度,2025-08-27,http://static.cninfo.com.cn/finalpage/2025-08-27/1224596716.PDF,1224596716,会计师事务所
833346,威贸电子,[临时公告]威贸电子:会计师事务所选聘制度,2025-08-27,http://static.cninfo.com.cn/finalpage/2025-08-27/1224600898.PDF,1224600898,会计师事务所
603178,圣龙股份,圣龙股份：《会计师事务所选聘制度》（2025年8月修订）,2025-08-27,http://static.cninfo.com.cn/finalpage/2025-08-27/1224581066.PDF,1224581066,会计师事务所
688016,心脉医疗,心脉医疗：心脉医疗：会计师事务所选聘制度（2025年8月修订）,2025-08-27,http://static.cninfo.com.cn/finalpage/2025-08-27/1224586405.PDF,1224586405,会计师事务所
300770,新媒股份,新媒股份：关于拟续聘2025年度会计师事务所的公告,2025-08-27,http://static.cninfo.com.cn/finalpage/2025-08-27/1224585337.PDF,1224585337,会计师事务所
300810,中科海讯,中科海讯：关于拟续聘2025年度会计师事务所的公告,2025-08-27,http://static.cninfo.com.cn/finalpage/2025-08-27/1224584661.PDF,1224584661,会计师事务所
838670,恒进感应,[临时公告]恒进感应:会计师事务所选聘制度,2025-08-27,http://static.cninfo.com.cn/finalpage/2025-08-27/1224598248.PDF,1224598248,会计师事务所
000657,中钨高新,中钨高新：关于聘用2025年度财务和内控审计机构暨变更会计师事务所的公告,2025-08-27,http://static.cninfo.com.cn/finalpage/2025-08-27/1224577060.PDF,1224577060,会计师事务所
300194,福安药业,福安药业：会计师事务所选聘制度（2025年8月）,2025-08-27,http://static.cninfo.com.cn/finalpage/2025-08-27/1224579626.PDF,1224579626,会计师事务所
301397,溯联股份,溯联股份：会计师事务所选聘制度,2025-08-27,http://static.cninfo.com.cn/finalpage/2025-08-27/1224578239.PDF,1224578239,会计师事务所
688351,微电生理,微电生理：关于续聘会计师事务所的公告,2025-08-27,http://static.cninfo.com.cn/finalpage/2025-08-27/1224583597.PDF,1224583597,会计师事务所
688230,芯导科技,芯导科技：会计师事务所选聘制度（2025年8月）,2025-08-27,http://static.cninfo.com.cn/finalpage/2025-08-27/1224576388.PDF,1224576388,会计师事务所
601198,东兴证券,东兴证券：东兴证券股份有限公司关于续聘会计师事务所的公告,2025-08-27,http://static.cninfo.com.cn/finalpage/2025-08-27/1224577359.PDF,1224577359,会计师事务所
300479,神思电子,神思电子：会计师事务所选聘制度,2025-08-27,http://static.cninfo.com.cn/finalpage/2025-08-27/1224583206.PDF,1224583206,会计师事务所
002851,麦格米特,麦格米特：中汇会计师事务所（特殊普通合伙）关于深圳麦格米特电气股份有限公司申请申请向特定对象发行股票审核问询函,2025-08-27,http://static.cninfo.com.cn/finalpage/2025-08-27/1224585680.PDF,1224585680,会计师事务所
000563,陕国投Ａ,陕国投Ａ：拟续聘会计师事务所的公告,2025-08-27,http://static.cninfo.com.cn/finalpage/2025-08-27/1224582885.PDF,1224582885,会计师事务所
002250,联化科技,联化科技：会计师事务所选聘制度（2025年8月）,2025-08-27,http://static.cninfo.com.cn/finalpage/2025-08-27/1224584906.PDF,1224584906,会计师事务所
300831,派瑞股份,派瑞股份：拟续聘会计师事务所的公告,2025-08-27,http://static.cninfo.com.cn/finalpage/2025-08-27/1224585566.PDF,1224585566,会计师事务所
430556,雅达股份,[临时公告]雅达股份:会计师事务所选聘制度,2025-08-27,http://static.cninfo.com.cn/finalpage/2025-08-27/1224595178.PDF,1224595178,会计师事务所
300926,博俊科技,博俊科技：关于续聘会计师事务所的公告,2025-08-27,http://static.cninfo.com.cn/finalpage/2025-08-27/1224578314.PDF,1224578314,会计师事务所
000590,启迪药业,启迪药业：关于拟变更会计师事务所的公告,2025-08-27,http://static.cninfo.com.cn/finalpage/2025-08-27/1224578860.PDF,1224578860,会计师事务所
300320,海达股份,海达股份：会计师事务所选聘制度,2025-08-27,http://static.cninfo.com.cn/finalpage/2025-08-27/1224575587.PDF,1224575587,会计师事务所
603711,香飘飘,香飘飘：香飘飘会计师事务所选聘制度（2025年8月修订）,2025-08-27,http://static.cninfo.com.cn/finalpage/2025-08-27/1224576254.PDF,1224576254,会计师事务所
301469,恒达新材,恒达新材：会计师事务所选聘制度,2025-08-27,http://static.cninfo.com.cn/finalpage/2025-08-27/1224575035.PDF,1224575035,会计师事务所
600371,万向德农,万向德农：万向德农股份有限公司关于续聘会计师事务所的公告,2025-08-27,http://static.cninfo.com.cn/finalpage/2025-08-27/1224575994.PDF,1224575994,会计师事务所
688087,英科再生,英科再生：英科再生资源股份有限公司会计师事务所选聘制度,2025-08-27,http://static.cninfo.com.cn/finalpage/2025-08-27/1224581960.PDF,1224581960,会计师事务所
301293,三博脑科,三博脑科：会计师事务所选聘制度,2025-08-27,http://static.cninfo.com.cn/finalpage/2025-08-27/1224579667.PDF,1224579667,会计师事务所
002823,凯中精密,凯中精密：关于续聘会计师事务所的公告,2025-08-27,http://static.cninfo.com.cn/finalpage/2025-08-27/1224579760.PDF,1224579760,会计师事务所
300689,澄天伟业,澄天伟业：关于聘任会计师事务所的公告,2025-08-27,http://static.cninfo.com.cn/finalpage/2025-08-27/1224585005.PDF,1224585005,会计师事务所
300810,中科海讯,中科海讯：会计师事务所选聘制度,2025-08-27,http://static.cninfo.com.cn/finalpage/2025-08-27/1224584694.PDF,1224584694,会计师事务所
300150,世纪瑞尔,世纪瑞尔：会计师事务所选聘制度（2025年8月）,2025-08-27,http://static.cninfo.com.cn/finalpage/2025-08-27/1224574369.PDF,1224574369,会计师事务所
603353,和顺石油,和顺石油：湖南和顺石油股份有限公司会计师事务所选聘制度（2025年8月修订）,2025-08-27,http://static.cninfo.com.cn/finalpage/2025-08-27/1224578795.PDF,1224578795,会计师事务所
301141,中科磁业,中科磁业：会计师事务所选聘制度,2025-08-27,http://static.cninfo.com.cn/finalpage/2025-08-27/1224577938.PDF,1224577938,会计师事务所
001268,联合精密,联合精密：《会计师事务所选聘制度》（2025年8月修订）,2025-08-27,http://static.cninfo.com.cn/finalpage/2025-08-27/1224583875.PDF,1224583875,会计师事务所
300040,九洲集团,九洲集团：会计师事务所选聘制度(2025年8月),2025-08-27,http://static.cninfo.com.cn/finalpage/2025-08-27/1224583479.PDF,1224583479,会计师事务所
688496,清越科技,清越科技：会计师事务所选聘制度（2025年8月修订）,2025-08-27,http://static.cninfo.com.cn/finalpage/2025-08-27/1224585629.PDF,1224585629,会计师事务所
600513,联环药业,联环药业：联环药业会计师事务所选聘制度（2025年8月修订）,2025-08-27,http://static.cninfo.com.cn/finalpage/2025-08-27/1224585464.PDF,1224585464,会计师事务所
300867,圣元环保,圣元环保：会计师事务所选聘制度（2025年8月修订）,2025-08-27,http://static.cninfo.com.cn/finalpage/2025-08-27/1224582849.PDF,1224582849,会计师事务所
300808,久量股份,久量股份：关于拟续聘会计师事务所的公告,2025-08-27,http://static.cninfo.com.cn/finalpage/2025-08-27/1224585875.PDF,1224585875,会计师事务所
920008,成电光信,[临时公告]成电光信:会计师事务所选聘制度,2025-08-27,http://static.cninfo.com.cn/finalpage/2025-08-27/1224600621.PDF,1224600621,会计师事务所
605136,丽人丽妆,丽人丽妆：上海丽人丽妆化妆品股份有限公司会计师事务所选聘制度,2025-08-27,http://static.cninfo.com.cn/finalpage/2025-08-27/1224576644.PDF,1224576644,会计师事务所
301072,中捷精工,中捷精工：关于公司续聘2025年度会计师事务所的公告,2025-08-27,http://static.cninfo.com.cn/finalpage/2025-08-27/1224576856.PDF,1224576856,会计师事务所
300385,雪浪环境,雪浪环境：会计师事务所选聘制度（2025年8月）,2025-08-27,http://static.cninfo.com.cn/finalpage/2025-08-27/1224577132.PDF,1224577132,会计师事务所
002388,ST新亚,ST新亚：会计师事务所选聘制度(2025年8月),2025-08-27,http://static.cninfo.com.cn/finalpage/2025-08-27/1224580833.PDF,1224580833,会计师事务所
300703,创源股份,创源股份：关于公司拟变更会计师事务所的公告,2025-08-27,http://static.cninfo.com.cn/finalpage/2025-08-27/1224580679.PDF,1224580679,会计师事务所
002436,兴森科技,兴森科技：会计师事务所选聘制度,2025-08-27,http://static.cninfo.com.cn/finalpage/2025-08-27/1224580884.PDF,1224580884,会计师事务所
300430,诚益通,诚益通：关于变更会计师事务所的公告,2025-08-27,http://static.cninfo.com.cn/finalpage/2025-08-27/1224579014.PDF,1224579014,会计师事务所
300198,ST纳川,ST纳川：关于变更会计师事务所的公告（更正后）,2025-08-27,http://static.cninfo.com.cn/finalpage/2025-08-27/1224582801.PDF,1224582801,会计师事务所
834765,美之高,[临时公告]美之高:会计师事务所选聘制度,2025-08-27,http://static.cninfo.com.cn/finalpage/2025-08-27/1224598266.PDF,1224598266,会计师事务所
603238,诺邦股份,诺邦股份：诺邦股份关于变更会计师事务所的公告,2025-08-27,http://static.cninfo.com.cn/finalpage/2025-08-27/1224575112.PDF,1224575112,会计师事务所
300150,世纪瑞尔,世纪瑞尔：关于拟聘任2025年度会计师事务所的公告,2025-08-27,http://static.cninfo.com.cn/finalpage/2025-08-27/1224574395.PDF,1224574395,会计师事务所
688577,浙海德曼,浙海德曼：浙海德曼会计师事务所选聘管理制度（202508）,2025-08-27,http://static.cninfo.com.cn/finalpage/2025-08-27/1224577749.PDF,1224577749,会计师事务所
600800,渤海化学,渤海化学：渤海化学：大信会计师事务所（特殊普通合伙）关于天津渤海化学股份有限公司2025年1-6月募集资金存放与实际使用情况审核报告,2025-08-27,http://static.cninfo.com.cn/finalpage/2025-08-27/1224577780.PDF,1224577780,会计师事务所
300511,雪榕生物,雪榕生物：上海雪榕生物科技股份有限公司会计师事务所选聘制度,2025-08-27,http://static.cninfo.com.cn/finalpage/2025-08-27/1224579573.PDF,1224579573,会计师事务所
300404,博济医药,博济医药：会计师事务所选聘制度（2025年8月）,2025-08-27,http://static.cninfo.com.cn/finalpage/2025-08-27/1224582732.PDF,1224582732,会计师事务所
300304,云意电气,云意电气：关于续聘会计师事务所的公告,2025-08-27,http://static.cninfo.com.cn/finalpage/2025-08-27/1224583962.PDF,1224583962,会计师事务所
002587,奥拓电子,奥拓电子：会计师事务所选聘制度(2025年8月),2025-08-27,http://static.cninfo.com.cn/finalpage/2025-08-27/1224582484.PDF,1224582484,会计师事务所
301205,联特科技,联特科技：关于续聘会计师事务所的公告,2025-08-27,http://static.cninfo.com.cn/finalpage/2025-08-27/1224579077.PDF,1224579077,会计师事务所
000563,陕国投Ａ,陕国投Ａ：关于续聘希格玛会计师事务所（特殊普通合伙）的议案,2025-08-27,http://static.cninfo.com.cn/finalpage/2025-08-27/1224582884.PDF,1224582884,会计师事务所
002831,裕同科技,裕同科技：会计师事务所选聘制度（2025年8月）,2025-08-27,http://static.cninfo.com.cn/finalpage/2025-08-27/1224584541.PDF,1224584541,会计师事务所
301312,智立方,智立方：会计师事务所选聘制度,2025-08-27,http://static.cninfo.com.cn/finalpage/2025-08-27/1224585762.PDF,1224585762,会计师事务所
836807,奔朗新材,[临时公告]奔朗新材:拟续聘2025年度会计师事务所公告,2025-08-27,http://static.cninfo.com.cn/finalpage/2025-08-27/1224593210.PDF,1224593210,会计师事务所
836433,大唐药业,[临时公告]大唐药业:会计师事务所选聘制度,2025-08-27,http://static.cninfo.com.cn/finalpage/2025-08-27/1224599945.PDF,1224599945,会计师事务所
603660,苏州科达,苏州科达：会计师事务所选聘制度,2025-08-27,http://static.cninfo.com.cn/finalpage/2025-08-27/1224574754.PDF,1224574754,会计师事务所
603585,苏利股份,苏利股份：苏利股份：会计师事务所选聘制度（2025年8月）,2025-08-27,http://static.cninfo.com.cn/finalpage/2025-08-27/1224576291.PDF,1224576291,会计师事务所
605033,美邦股份,美邦股份：会计师事务所选聘制度,2025-08-27,http://static.cninfo.com.cn/finalpage/2025-08-27/1224576350.PDF,1224576350,会计师事务所
000560,我爱我家,我爱我家：会计师事务所选聘制度（2025年8月）,2025-08-27,http://static.cninfo.com.cn/finalpage/2025-08-27/1224575205.PDF,1224575205,会计师事务所
605055,迎丰股份,迎丰股份：迎丰股份会计师事务所选聘制度（2025年8月）,2025-08-27,http://static.cninfo.com.cn/finalpage/2025-08-27/1224576025.PDF,1224576025,会计师事务所
300066,三川智慧,三川智慧：会计师事务所选聘制度,2025-08-27,http://static.cninfo.com.cn/finalpage/2025-08-27/1224577155.PDF,1224577155,会计师事务所
300126,锐奇股份,锐奇股份：会计师事务所选聘制度,2025-08-27,http://static.cninfo.com.cn/finalpage/2025-08-27/1224577275.PDF,1224577275,会计师事务所
000913,钱江摩托,钱江摩托：会计师事务所选聘制度(202508),2025-08-27,http://static.cninfo.com.cn/finalpage/2025-08-27/1224577422.PDF,1224577422,会计师事务所
603869,ST智知,ST智知：新智认知数字科技股份有限公司关于续聘会计师事务所的公告,2025-08-27,http://static.cninfo.com.cn/finalpage/2025-08-27/1224580372.PDF,1224580372,会计师事务所
603108,润达医疗,润达医疗：关于续聘公司2025年度会计师事务所的公告,2025-08-27,http://static.cninfo.com.cn/finalpage/2025-08-27/1224579241.PDF,1224579241,会计师事务所
300211,*ST亿通,*ST亿通：会计师事务所选聘制度,2025-08-27,http://static.cninfo.com.cn/finalpage/2025-08-27/1224578718.PDF,1224578718,会计师事务所
688608,恒玄科技,恒玄科技：会计师事务所选聘制度（2025年8月）,2025-08-27,http://static.cninfo.com.cn/finalpage/2025-08-27/1224582599.PDF,1224582599,会计师事务所
301161,唯万密封,唯万密封：会计师事务所选聘制度（2025年8月）,2025-08-27,http://static.cninfo.com.cn/finalpage/2025-08-27/1224582085.PDF,1224582085,会计师事务所
300875,捷强装备,捷强装备：关于续聘会计师事务所的公告,2025-08-27,http://static.cninfo.com.cn/finalpage/2025-08-27/1224580345.PDF,1224580345,会计师事务所
002067,景兴纸业,景兴纸业：会计师事务所选聘制度（2025年8月）,2025-08-27,http://static.cninfo.com.cn/finalpage/2025-08-27/1224577009.PDF,1224577009,会计师事务所
920118,太湖远大,[临时公告]太湖远大:会计师事务所选聘制度,2025-08-27,http://static.cninfo.com.cn/finalpage/2025-08-27/1224597290.PDF,1224597290,会计师事务所
300573,兴齐眼药,兴齐眼药：立信会计师事务所（特殊普通合伙）关于沈阳兴齐眼药股份有限公司向特定对象发行股票的财务报告及审计报告,2025-08-26,http://static.cninfo.com.cn/finalpage/2025-08-26/1224585884.PDF,1224585884,会计师事务所
300072,海新能科,海新能科：选聘会计师事务所管理办法（2025年08月）,2025-08-26,http://static.cninfo.com.cn/finalpage/2025-08-26/1224580099.PDF,1224580099,会计师事务所
300964,本川智能,本川智能：致同会计师事务所（特殊普通合伙）关于江苏本川智能电路科技股份有限公司申请向不特定对象发行可转换公司债券审核问询函中有关财务会计问题的专项说明,2025-08-26,http://static.cninfo.com.cn/finalpage/2025-08-26/1224574216.PDF,1224574216,会计师事务所
605319,无锡振华,无锡振华：会计师事务所选聘制度-2025年8月修订,2025-08-26,http://static.cninfo.com.cn/finalpage/2025-08-26/1224563929.PDF,1224563929,会计师事务所
600226,亨通股份,亨通股份：浙江亨通控股股份有限公司会计师事务所选聘制度,2025-08-26,http://static.cninfo.com.cn/finalpage/2025-08-26/1224566002.PDF,1224566002,会计师事务所
002282,博深股份,博深股份：博深股份有限公司关于拟变更会计师事务所的公告,2025-08-26,http://static.cninfo.com.cn/finalpage/2025-08-26/1224564769.PDF,1224564769,会计师事务所
300713,英可瑞,英可瑞：会计师事务所选聘制度（2025年8月）,2025-08-26,http://static.cninfo.com.cn/finalpage/2025-08-26/1224564346.PDF,1224564346,会计师事务所
000929,*ST兰黄,*ST兰黄：会计师事务所选聘制度（2025年8月）,2025-08-26,http://static.cninfo.com.cn/finalpage/2025-08-26/1224564608.PDF,1224564608,会计师事务所
603015,弘讯科技,弘讯科技：会计师事务所选聘制度(2025年8月),2025-08-26,http://static.cninfo.com.cn/finalpage/2025-08-26/1224568881.PDF,1224568881,会计师事务所
301181,标榜股份,标榜股份：会计师事务所选聘制度,2025-08-26,http://static.cninfo.com.cn/finalpage/2025-08-26/1224563249.PDF,1224563249,会计师事务所
002902,铭普光磁,铭普光磁：关于拟变更会计师事务所的公告,2025-08-26,http://static.cninfo.com.cn/finalpage/2025-08-26/1224572339.PDF,1224572339,会计师事务所
300082,奥克股份,奥克股份：会计师事务所选聘制度,2025-08-26,http://static.cninfo.com.cn/finalpage/2025-08-26/1224572713.PDF,1224572713,会计师事务所
603421,鼎信通讯,鼎信通讯：鼎信通讯关于续聘会计师事务所的公告,2025-08-26,http://static.cninfo.com.cn/finalpage/2025-08-26/1224574138.PDF,1224574138,会计师事务所
920019,铜冠矿建,[临时公告]铜冠矿建:拟变更2025年度会计师事务所公告,2025-08-26,http://static.cninfo.com.cn/finalpage/2025-08-26/1224583933.PDF,1224583933,会计师事务所
839729,永顺生物,[临时公告]永顺生物:拟续聘会计师事务所公告,2025-08-26,http://static.cninfo.com.cn/finalpage/2025-08-26/1224585585.PDF,1224585585,会计师事务所
603215,比依股份,比依股份：会计师事务所选聘管理制度（2025年8月）,2025-08-26,http://static.cninfo.com.cn/finalpage/2025-08-26/1224566841.PDF,1224566841,会计师事务所
688533,上声电子,上声电子：信永中和会计师事务所（特殊普通合伙）关于苏州上声电子股份有限公司向不特定对象发行可转换公司债券的财务报告及审计报告,2025-08-26,http://static.cninfo.com.cn/finalpage/2025-08-26/1224566871.PDF,1224566871,会计师事务所
000731,四川美丰,四川美丰：关于拟续聘会计师事务所的公告,2025-08-26,http://static.cninfo.com.cn/finalpage/2025-08-26/1224566708.PDF,1224566708,会计师事务所
688162,巨一科技,巨一科技：巨一科技关于续聘会计师事务所的公告,2025-08-26,http://static.cninfo.com.cn/finalpage/2025-08-26/1224569555.PDF,1224569555,会计师事务所
688612,威迈斯,威迈斯：会计师事务所选聘制度（2025年8月）,2025-08-26,http://static.cninfo.com.cn/finalpage/2025-08-26/1224569038.PDF,1224569038,会计师事务所
300872,天阳科技,天阳科技：会计师事务所选聘制度（2025年8月）,2025-08-26,http://static.cninfo.com.cn/finalpage/2025-08-26/1224569370.PDF,1224569370,会计师事务所
002615,哈尔斯,哈尔斯：浙江哈尔斯真空器皿股份有限公司会计师事务所选聘制度,2025-08-26,http://static.cninfo.com.cn/finalpage/2025-08-26/1224571783.PDF,1224571783,会计师事务所
831768,拾比佰,[临时公告]拾比佰:拟变更2025年度会计师事务所的公告,2025-08-26,http://static.cninfo.com.cn/finalpage/2025-08-26/1224580457.PDF,1224580457,会计师事务所
430510,丰光精密,[临时公告]丰光精密:会计师事务所选聘制度,2025-08-26,http://static.cninfo.com.cn/finalpage/2025-08-26/1224582671.PDF,1224582671,会计师事务所
834950,迅安科技,[临时公告]迅安科技:会计师事务所选聘制度,2025-08-26,http://static.cninfo.com.cn/finalpage/2025-08-26/1224585027.PDF,1224585027,会计师事务所
300583,赛托生物,赛托生物：会计师事务所选聘制度（2025年8月）,2025-08-26,http://static.cninfo.com.cn/finalpage/2025-08-26/1224564165.PDF,1224564165,会计师事务所
601011,宝泰隆,宝泰隆：宝泰隆新材料股份有限公司会计师事务所选聘制度,2025-08-26,http://static.cninfo.com.cn/finalpage/2025-08-26/1224573724.PDF,1224573724,会计师事务所
300801,泰和科技,泰和科技：关于续聘会计师事务所的公告,2025-08-26,http://static.cninfo.com.cn/finalpage/2025-08-26/1224572868.PDF,1224572868,会计师事务所
300801,泰和科技,泰和科技：会计师事务所选聘制度,2025-08-26,http://static.cninfo.com.cn/finalpage/2025-08-26/1224572877.PDF,1224572877,会计师事务所
836270,天铭科技,[临时公告]天铭科技:会计师事务所选聘制度,2025-08-26,http://static.cninfo.com.cn/finalpage/2025-08-26/1224583795.PDF,1224583795,会计师事务所
831305,海希通讯,[临时公告]海希通讯:会计师事务所选聘制度,2025-08-26,http://static.cninfo.com.cn/finalpage/2025-08-26/1224584080.PDF,1224584080,会计师事务所
605050,福然德,福然德：福然德股份有限公司会计师事务所选聘制度,2025-08-26,http://static.cninfo.com.cn/finalpage/2025-08-26/1224562951.PDF,1224562951,会计师事务所
603105,芯能科技,芯能科技：浙江芯能光伏科技股份有限公司会计师事务所选聘制度（草案）,2025-08-26,http://static.cninfo.com.cn/finalpage/2025-08-26/1224570604.PDF,1224570604,会计师事务所
301076,新瀚新材,新瀚新材：会计师事务所选聘制度（2025年8月）,2025-08-26,http://static.cninfo.com.cn/finalpage/2025-08-26/1224567091.PDF,1224567091,会计师事务所
301060,兰卫医学,兰卫医学：会计师事务所选聘制度,2025-08-26,http://static.cninfo.com.cn/finalpage/2025-08-26/1224565928.PDF,1224565928,会计师事务所
301387,光大同创,光大同创：会计师事务所选聘制度,2025-08-26,http://static.cninfo.com.cn/finalpage/2025-08-26/1224570253.PDF,1224570253,会计师事务所
839946,华阳变速,[临时公告]华阳变速:会计师事务所选聘制度,2025-08-26,http://static.cninfo.com.cn/finalpage/2025-08-26/1224582672.PDF,1224582672,会计师事务所
002255,海陆重工,海陆重工：会计师事务所选聘制度（2025年8月）,2025-08-26,http://static.cninfo.com.cn/finalpage/2025-08-26/1224563034.PDF,1224563034,会计师事务所
002282,博深股份,博深股份：博深股份有限公司会计师事务所选聘制度（2025年8月）,2025-08-26,http://static.cninfo.com.cn/finalpage/2025-08-26/1224564774.PDF,1224564774,会计师事务所
600499,科达制造,科达制造：科达制造股份有限公司会计师事务所选聘制度,2025-08-26,http://static.cninfo.com.cn/finalpage/2025-08-26/1224568423.PDF,1224568423,会计师事务所
832651,天罡股份,[临时公告]天罡股份:拟变更2025年度会计师事务所公告,2025-08-26,http://static.cninfo.com.cn/finalpage/2025-08-26/1224582428.PDF,1224582428,会计师事务所
836260,中寰股份,[临时公告]中寰股份:会计师事务所选聘制度,2025-08-26,http://static.cninfo.com.cn/finalpage/2025-08-26/1224581654.PDF,1224581654,会计师事务所
688623,双元科技,双元科技：会计师事务所选聘制度,2025-08-26,http://static.cninfo.com.cn/finalpage/2025-08-26/1224564233.PDF,1224564233,会计师事务所
603836,海程邦达,海程邦达：会计师事务所选聘制度,2025-08-26,http://static.cninfo.com.cn/finalpage/2025-08-26/1224565037.PDF,1224565037,会计师事务所
001319,铭科精技,铭科精技：会计师事务所选聘制度（2025年8月）,2025-08-26,http://static.cninfo.com.cn/finalpage/2025-08-26/1224570952.PDF,1224570952,会计师事务所
300927,江天化学,江天化学：会计师事务所选聘制度（2025年8月制订）,2025-08-26,http://static.cninfo.com.cn/finalpage/2025-08-26/1224571226.PDF,1224571226,会计师事务所
300502,新易盛,新易盛：关于拟续聘2025年度会计师事务所的公告,2025-08-26,http://static.cninfo.com.cn/finalpage/2025-08-26/1224571149.PDF,1224571149,会计师事务所
002892,科力尔,科力尔：会计师事务所选聘制度（2025年8月）,2025-08-26,http://static.cninfo.com.cn/finalpage/2025-08-26/1224569648.PDF,1224569648,会计师事务所
605117,德业股份,德业股份：关于续聘会计师事务所的公告,2025-08-26,http://static.cninfo.com.cn/finalpage/2025-08-26/1224571843.PDF,1224571843,会计师事务所
300067,安诺其,安诺其：会计师事务所选聘制度（2025年8月修订）,2025-08-26,http://static.cninfo.com.cn/finalpage/2025-08-26/1224569228.PDF,1224569228,会计师事务所
600537,亿晶光电,亿晶光电：亿晶光电科技股份有限公司关于续聘会计师事务所的公告,2025-08-26,http://static.cninfo.com.cn/finalpage/2025-08-26/1224571029.PDF,1224571029,会计师事务所
688610,埃科光电,埃科光电：关于续聘会计师事务所的公告,2025-08-26,http://static.cninfo.com.cn/finalpage/2025-08-26/1224572394.PDF,1224572394,会计师事务所
603116,红蜻蜓,红蜻蜓：浙江红蜻蜓鞋业股份有限公司会计师事务所选聘制度（2025年8月）,2025-08-26,http://static.cninfo.com.cn/finalpage/2025-08-26/1224572100.PDF,1224572100,会计师事务所
301172,君逸数码,君逸数码：会计师事务所选聘制度,2025-08-26,http://static.cninfo.com.cn/finalpage/2025-08-26/1224563572.PDF,1224563572,会计师事务所
002297,博云新材,博云新材：会计师事务所选聘制度(2025年8月）,2025-08-26,http://static.cninfo.com.cn/finalpage/2025-08-26/1224568367.PDF,1224568367,会计师事务所
300817,双飞集团,双飞集团：会计师事务所选聘制度（2025年8月修订）,2025-08-26,http://static.cninfo.com.cn/finalpage/2025-08-26/1224564483.PDF,1224564483,会计师事务所
600267,海正药业,海正药业：浙江海正药业股份有限公司会计师事务所选聘制度（2025年8月修订）,2025-08-26,http://static.cninfo.com.cn/finalpage/2025-08-26/1224571537.PDF,1224571537,会计师事务所
600267,海正药业,海正药业：天健会计师事务所（特殊普通合伙）关于浙江海正药业股份有限公司重要前期差错更正情况的鉴证报告（天健审〔2025〕16152号）,2025-08-26,http://static.cninfo.com.cn/finalpage/2025-08-26/1224571544.PDF,1224571544,会计师事务所
002877,智能自控,智能自控：会计师事务所选聘制度（2025年8月）,2025-08-26,http://static.cninfo.com.cn/finalpage/2025-08-26/1224563767.PDF,1224563767,会计师事务所
301611,珂玛科技,珂玛科技：苏州珂玛材料科技股份有限公司会计师事务所选聘制度,2025-08-26,http://static.cninfo.com.cn/finalpage/2025-08-26/1224572159.PDF,1224572159,会计师事务所
300082,奥克股份,奥克股份：关于拟续聘会计师事务所的公告,2025-08-26,http://static.cninfo.com.cn/finalpage/2025-08-26/1224572687.PDF,1224572687,会计师事务所
839729,永顺生物,[临时公告]永顺生物:会计师事务所选聘制度,2025-08-26,http://static.cninfo.com.cn/finalpage/2025-08-26/1224585606.PDF,1224585606,会计师事务所
601965,中国汽研,中国汽研：临2025-040 中国汽研关于续聘会计师事务所的公告,2025-08-26,http://static.cninfo.com.cn/finalpage/2025-08-26/1224569562.PDF,1224569562,会计师事务所
831768,拾比佰,[临时公告]拾比佰:会计师事务所选聘制度,2025-08-26,http://static.cninfo.com.cn/finalpage/2025-08-26/1224580233.PDF,1224580233,会计师事务所
603956,威派格,威派格：威派格选聘会计师事务所管理办法（2025年8月修订）,2025-08-26,http://static.cninfo.com.cn/finalpage/2025-08-26/1224568665.PDF,1224568665,会计师事务所
300849,锦盛新材,锦盛新材：关于会计师事务所变更项目质量控制复核人的公告,2025-08-26,http://static.cninfo.com.cn/finalpage/2025-08-26/1224565274.PDF,1224565274,会计师事务所
603421,鼎信通讯,鼎信通讯：鼎信通讯会计师事务所选聘制度（2025年8月）,2025-08-26,http://static.cninfo.com.cn/finalpage/2025-08-26/1224574156.PDF,1224574156,会计师事务所
831689,克莱特,[临时公告]克莱特:会计师事务所选聘制度,2025-08-26,http://static.cninfo.com.cn/finalpage/2025-08-26/1224586094.PDF,1224586094,会计师事务所
831855,浙江大农,[临时公告]浙江大农:会计师事务所选聘制度,2025-08-26,http://static.cninfo.com.cn/finalpage/2025-08-26/1224586010.PDF,1224586010,会计师事务所
603201,常润股份,常润股份：常熟通润汽车零部件股份有限公司关于续聘会计师事务所的公告,2025-08-26,http://static.cninfo.com.cn/finalpage/2025-08-26/1224573259.PDF,1224573259,会计师事务所
832651,天罡股份,[临时公告]天罡股份:会计师事务所选聘制度,2025-08-26,http://static.cninfo.com.cn/finalpage/2025-08-26/1224582163.PDF,1224582163,会计师事务所
002174,游族网络,游族网络：关于公司拟续聘会计师事务所的公告,2025-08-26,http://static.cninfo.com.cn/finalpage/2025-08-26/1224567214.PDF,1224567214,会计师事务所
688141,杰华特,杰华特：会计师事务所选聘制度（2025年8月）,2025-08-26,http://static.cninfo.com.cn/finalpage/2025-08-26/1224570867.PDF,1224570867,会计师事务所
600510,黑牡丹,黑牡丹：黑牡丹会计师事务所选聘制度（2025年8月修订）,2025-08-26,http://static.cninfo.com.cn/finalpage/2025-08-26/1224570562.PDF,1224570562,会计师事务所
832471,美邦科技,[临时公告]美邦科技:会计师事务所选聘制度,2025-08-26,http://static.cninfo.com.cn/finalpage/2025-08-26/1224585252.PDF,1224585252,会计师事务所
603192,汇得科技,汇得科技：立信会计师事务所（特殊普通合伙）关于上海汇得科技股份有限公司向特定对象发行股票的财务报告及审计报告,2025-08-26,http://static.cninfo.com.cn/finalpage/2025-08-26/1224562911.PDF,1224562911,会计师事务所
301501,恒鑫生活,恒鑫生活：会计师事务所选聘制度,2025-08-26,http://static.cninfo.com.cn/finalpage/2025-08-26/1224565854.PDF,1224565854,会计师事务所
688543,国科军工,国科军工：关于变更会计师事务所的公告,2025-08-26,http://static.cninfo.com.cn/finalpage/2025-08-26/1224568459.PDF,1224568459,会计师事务所
600529,山东药玻,山东药玻：山东省药用玻璃股份有限公司会计师事务所选聘制度,2025-08-26,http://static.cninfo.com.cn/finalpage/2025-08-26/1224568709.PDF,1224568709,会计师事务所
002870,香山股份,香山股份：毕马威华振会计师事务所关于广东香山衡器集团股份有限公司前次募集资金使用情况鉴证报告（毕马威华振专字第2504415号）,2025-08-26,http://static.cninfo.com.cn/finalpage/2025-08-26/1224565228.PDF,1224565228,会计师事务所
300849,锦盛新材,锦盛新材：会计师事务所选聘制度（2025年8月）,2025-08-26,http://static.cninfo.com.cn/finalpage/2025-08-26/1224565259.PDF,1224565259,会计师事务所
301181,标榜股份,标榜股份：关于续聘会计师事务所的公告,2025-08-26,http://static.cninfo.com.cn/finalpage/2025-08-26/1224563217.PDF,1224563217,会计师事务所
300578,会畅通讯,会畅通讯：关于聘任会计师事务所的公告,2025-08-26,http://static.cninfo.com.cn/finalpage/2025-08-26/1224565876.PDF,1224565876,会计师事务所
300643,万通智控,万通智控：会计师事务所选聘制度,2025-08-26,http://static.cninfo.com.cn/finalpage/2025-08-26/1224568836.PDF,1224568836,会计师事务所
600358,ST联合,ST联合：华兴会计师事务所（特殊普通合伙）关于国旅文化投资集团股份有限公司本次重组前发生业绩异常或本次重组存在拟置出资产情形的专项核查意见,2025-08-26,http://static.cninfo.com.cn/finalpage/2025-08-26/1224573207.PDF,1224573207,会计师事务所
301517,陕西华达,陕西华达：关于续聘会计师事务所的公告,2025-08-26,http://static.cninfo.com.cn/finalpage/2025-08-26/1224572913.PDF,1224572913,会计师事务所
003017,大洋生物,大洋生物：会计师事务所选聘制度（2025年修订）,2025-08-26,http://static.cninfo.com.cn/finalpage/2025-08-26/1224571733.PDF,1224571733,会计师事务所
300260,新莱应材,新莱应材：会计师事务所选聘制度（2025年8月）,2025-08-26,http://static.cninfo.com.cn/finalpage/2025-08-26/1224565399.PDF,1224565399,会计师事务所
688772,珠海冠宇,珠海冠宇：致同会计师事务所（特殊普通合伙）关于珠海冠宇电池股份有限公司会计估计变更的专项报告,2025-08-26,http://static.cninfo.com.cn/finalpage/2025-08-26/1224569775.PDF,1224569775,会计师事务所
301209,联合化学,联合化学：会计师事务所选聘制度（2025年8月）,2025-08-26,http://static.cninfo.com.cn/finalpage/2025-08-26/1224570494.PDF,1224570494,会计师事务所
300758,七彩化学,七彩化学：会计师事务所选聘制度(2025年8月),2025-08-26,http://static.cninfo.com.cn/finalpage/2025-08-26/1224570447.PDF,1224570447,会计师事务所
831627,力王股份,[临时公告]力王股份:会计师事务所选聘制度,2025-08-26,http://static.cninfo.com.cn/finalpage/2025-08-26/1224579359.PDF,1224579359,会计师事务所
002988,豪美新材,豪美新材：关于续聘会计师事务所的公告,2025-08-26,http://static.cninfo.com.cn/finalpage/2025-08-26/1224571614.PDF,1224571614,会计师事务所
002058,*ST威尔,*ST威尔：中审众环会计师事务所（特殊普通合伙）对威尔泰现金重大资产购买的问询函的回复,2025-08-26,http://static.cninfo.com.cn/finalpage/2025-08-26/1224571388.PDF,1224571388,会计师事务所
300173,福能东方,福能东方：关于续聘会计师事务所的公告,2025-08-26,http://static.cninfo.com.cn/finalpage/2025-08-26/1224570514.PDF,1224570514,会计师事务所
605056,咸亨国际,咸亨国际：咸亨国际：关于变更会计师事务所的公告,2025-08-26,http://static.cninfo.com.cn/finalpage/2025-08-26/1224572592.PDF,1224572592,会计师事务所
300167,ST迪威迅,ST迪威迅：会计师事务所选聘制度,2025-08-26,http://static.cninfo.com.cn/finalpage/2025-08-26/1224573499.PDF,1224573499,会计师事务所
301630,同宇新材,同宇新材：会计师事务所选聘制度,2025-08-26,http://static.cninfo.com.cn/finalpage/2025-08-26/1224572012.PDF,1224572012,会计师事务所
873132,泰鹏智能,[临时公告]泰鹏智能:会计师事务所选聘制度,2025-08-26,http://static.cninfo.com.cn/finalpage/2025-08-26/1224585118.PDF,1224585118,会计师事务所
002627,三峡旅游,三峡旅游：《会计师事务所选聘制度（2025年8月）》,2025-08-26,http://static.cninfo.com.cn/finalpage/2025-08-26/1224566385.PDF,1224566385,会计师事务所
603987,康德莱,康德莱：上海康德莱企业发展集团股份有限公司关于变更会计师事务所的公告,2025-08-26,http://static.cninfo.com.cn/finalpage/2025-08-26/1224569936.PDF,1224569936,会计师事务所
603275,众辰科技,众辰科技：会计师事务所选聘制度,2025-08-26,http://static.cninfo.com.cn/finalpage/2025-08-26/1224569585.PDF,1224569585,会计师事务所
603277,银都股份,银都股份：银都餐饮设备股份有限公司会计师事务所选聘制度（2025年8月）,2025-08-26,http://static.cninfo.com.cn/finalpage/2025-08-26/1224568450.PDF,1224568450,会计师事务所
300506,ST名家汇,ST名家汇：会计师事务所选聘制度（2025年8月）,2025-08-26,http://static.cninfo.com.cn/finalpage/2025-08-26/1224573879.PDF,1224573879,会计师事务所
838971,天马新材,[临时公告]天马新材:会计师事务所选聘制度,2025-08-26,http://static.cninfo.com.cn/finalpage/2025-08-26/1224581349.PDF,1224581349,会计师事务所
600310,广西能源,广西能源：广西能源股份有限公司关于续聘会计师事务所并决定其报酬的公告,2025-08-26,http://static.cninfo.com.cn/finalpage/2025-08-26/1224570582.PDF,1224570582,会计师事务所
605369,拱东医疗,拱东医疗：拱东医疗：会计师事务所选聘制度,2025-08-26,http://static.cninfo.com.cn/finalpage/2025-08-26/1224570620.PDF,1224570620,会计师事务所
002292,奥飞娱乐,奥飞娱乐：选聘会计师事务所专项制度（2025年8月）,2025-08-26,http://static.cninfo.com.cn/finalpage/2025-08-26/1224572319.PDF,1224572319,会计师事务所
600537,亿晶光电,亿晶光电：亿晶光电科技股份有限公司会计师事务所选聘实施细则（2025年8月修订）,2025-08-26,http://static.cninfo.com.cn/finalpage/2025-08-26/1224570999.PDF,1224570999,会计师事务所
00826,天工国际,天工国际：天工股份 - 拟续聘2025年度会计师事务所公告,2025-08-25,http://static.cninfo.com.cn/finalpage/2025-08-25/1224573945.PDF,1224573945,会计师事务所
300378,鼎捷数智,鼎捷数智：上会会计师事务所（特殊普通合伙）关于鼎捷数智股份有限公司向不特定对象发行可转换公司债券的第二轮审核问询函的回复（修订稿）,2025-08-25,http://static.cninfo.com.cn/finalpage/2025-08-25/1224570089.PDF,1224570089,会计师事务所
301289,国缆检测,国缆检测：上海国缆检测股份有限公司关于公司续聘2025年度会计师事务所的公告-49,2025-08-25,http://static.cninfo.com.cn/finalpage/2025-08-25/1224556692.PDF,1224556692,会计师事务所
920068,天工股份,[临时公告]天工股份:拟续聘2025年度会计师事务所公告,2025-08-25,http://static.cninfo.com.cn/finalpage/2025-08-25/1224573627.PDF,1224573627,会计师事务所
002340,格林美,格林美：会计师事务所选聘制度,2025-08-25,http://static.cninfo.com.cn/finalpage/2025-08-25/1224562437.PDF,1224562437,会计师事务所
920027,交大铁发,[临时公告]交大铁发:容诚会计师事务所（特殊普通合伙）关于四川西南交大铁路发展股份有限公司以自筹资金预先投入募集资金投资项目及支付发行费用的鉴证报告,2025-08-25,http://static.cninfo.com.cn/finalpage/2025-08-25/1224568303.PDF,1224568303,会计师事务所
832225,利通科技,[临时公告]利通科技:会计师事务所选聘制度,2025-08-25,http://static.cninfo.com.cn/finalpage/2025-08-25/1224567914.PDF,1224567914,会计师事务所
301550,斯菱股份,斯菱股份：关于续聘2025年度会计师事务所的公告,2025-08-25,http://static.cninfo.com.cn/finalpage/2025-08-25/1224556586.PDF,1224556586,会计师事务所
301550,斯菱股份,斯菱股份：会计师事务所选聘制度,2025-08-25,http://static.cninfo.com.cn/finalpage/2025-08-25/1224556603.PDF,1224556603,会计师事务所
430090,同辉信息,[临时公告]同辉信息:会计师事务所选聘制度,2025-08-25,http://static.cninfo.com.cn/finalpage/2025-08-25/1224573276.PDF,1224573276,会计师事务所
832175,东方碳素,[临时公告]东方碳素:平顶山东方碳素股份有限公司会计师事务所选聘制度,2025-08-25,http://static.cninfo.com.cn/finalpage/2025-08-25/1224573568.PDF,1224573568,会计师事务所
831278,泰德股份,[临时公告]泰德股份:会计师事务所选聘制度,2025-08-25,http://static.cninfo.com.cn/finalpage/2025-08-25/1224573437.PDF,1224573437,会计师事务所
831039,国义招标,[临时公告]国义招标:会计师事务所选聘制度,2025-08-25,http://static.cninfo.com.cn/finalpage/2025-08-25/1224569960.PDF,1224569960,会计师事务所
870204,沪江材料,[临时公告]沪江材料:会计师事务所选聘制度,2025-08-25,http://static.cninfo.com.cn/finalpage/2025-08-25/1224571090.PDF,1224571090,会计师事务所
920101,志高机械,[临时公告]志高机械:会计师事务所选聘制度,2025-08-25,http://static.cninfo.com.cn/finalpage/2025-08-25/1224572261.PDF,1224572261,会计师事务所
832419,路斯股份,[临时公告]路斯股份:会计师事务所选聘制度,2025-08-25,http://static.cninfo.com.cn/finalpage/2025-08-25/1224572815.PDF,1224572815,会计师事务所
836942,恒立钻具,[临时公告]恒立钻具:会计师事务所选聘制度,2025-08-25,http://static.cninfo.com.cn/finalpage/2025-08-25/1224572406.PDF,1224572406,会计师事务所
000960,锡业股份,锡业股份：云南锡业股份有限公司关于拟续聘会计师事务所的公告,2025-08-25,http://static.cninfo.com.cn/finalpage/2025-08-25/1224562225.PDF,1224562225,会计师事务所
833523,德瑞锂电,[临时公告]德瑞锂电:会计师事务所选聘制度,2025-08-25,http://static.cninfo.com.cn/finalpage/2025-08-25/1224566946.PDF,1224566946,会计师事务所
838924,广脉科技,[临时公告]广脉科技:选聘会计师事务所管理制度,2025-08-25,http://static.cninfo.com.cn/finalpage/2025-08-25/1224571642.PDF,1224571642,会计师事务所
301289,国缆检测,国缆检测：上海国缆检测股份有限公司会计师事务所选聘制度,2025-08-25,http://static.cninfo.com.cn/finalpage/2025-08-25/1224556680.PDF,1224556680,会计师事务所
831278,泰德股份,[临时公告]泰德股份:拟续聘 2025 年度会计师事务所公告,2025-08-25,http://static.cninfo.com.cn/finalpage/2025-08-25/1224573556.PDF,1224573556,会计师事务所
002431,棕榈股份,棕榈股份：关于拟续聘2025年度会计师事务所的公告,2025-08-23,http://static.cninfo.com.cn/finalpage/2025-08-23/1224556827.PDF,1224556827,会计师事务所
001368,通达创智,通达创智：会计师事务所选聘制度（2025年8月修订）,2025-08-23,http://static.cninfo.com.cn/finalpage/2025-08-23/1224557050.PDF,1224557050,会计师事务所
000050,深天马Ａ,深天马Ａ：关于续聘2025年度会计师事务所的公告,2025-08-23,http://static.cninfo.com.cn/finalpage/2025-08-23/1224560357.PDF,1224560357,会计师事务所
000972,*ST中基,*ST中基：关于公司拟续聘会计师事务所的公告,2025-08-23,http://static.cninfo.com.cn/finalpage/2025-08-23/1224562019.PDF,1224562019,会计师事务所
688046,药康生物,药康生物：会计师事务所选聘制度,2025-08-23,http://static.cninfo.com.cn/finalpage/2025-08-23/1224557855.PDF,1224557855,会计师事务所
300700,岱勒新材,岱勒新材：会计师事务所选聘制度（2025年8月）,2025-08-23,http://static.cninfo.com.cn/finalpage/2025-08-23/1224556771.PDF,1224556771,会计师事务所
300164,通源石油,通源石油：会计师事务所选聘制度,2025-08-23,http://static.cninfo.com.cn/finalpage/2025-08-23/1224555071.PDF,1224555071,会计师事务所
688096,京源环保,京源环保：会计师事务所选聘制度（2025年8月修订）,2025-08-23,http://static.cninfo.com.cn/finalpage/2025-08-23/1224555097.PDF,1224555097,会计师事务所
688597,煜邦电力,煜邦电力：关于续聘会计师事务所的公告,2025-08-23,http://static.cninfo.com.cn/finalpage/2025-08-23/1224557140.PDF,1224557140,会计师事务所
600237,铜峰电子,铜峰电子：铜峰电子会计师事务所选聘制度（2025年8月修订版）,2025-08-23,http://static.cninfo.com.cn/finalpage/2025-08-23/1224557209.PDF,1224557209,会计师事务所
603686,福龙马,福龙马：福龙马：会计师事务所选聘制度（2025年8月修订）,2025-08-23,http://static.cninfo.com.cn/finalpage/2025-08-23/1224557948.PDF,1224557948,会计师事务所
601878,浙商证券,浙商证券：浙商证券股份有限公司关于变更会计师事务所的公告,2025-08-23,http://static.cninfo.com.cn/finalpage/2025-08-23/1224554475.PDF,1224554475,会计师事务所
603053,成都燃气,成都燃气：成都燃气关于变更会计师事务所的公告,2025-08-23,http://static.cninfo.com.cn/finalpage/2025-08-23/1224554835.PDF,1224554835,会计师事务所
300448,浩云科技,浩云科技：会计师事务所选聘制度（2025年8月）,2025-08-23,http://static.cninfo.com.cn/finalpage/2025-08-23/1224554590.PDF,1224554590,会计师事务所
300584,海辰药业,海辰药业：选聘会计师事务所专项制度,2025-08-23,http://static.cninfo.com.cn/finalpage/2025-08-23/1224554677.PDF,1224554677,会计师事务所
000048,京基智农,京基智农：关于续聘会计师事务所的公告,2025-08-23,http://static.cninfo.com.cn/finalpage/2025-08-23/1224557624.PDF,1224557624,会计师事务所
300092,科新机电,科新机电：会计师事务所选聘制度（2025年8月修订）,2025-08-23,http://static.cninfo.com.cn/finalpage/2025-08-23/1224554198.PDF,1224554198,会计师事务所
000607,华媒控股,华媒控股：关于拟续聘会计师事务所的公告,2025-08-23,http://static.cninfo.com.cn/finalpage/2025-08-23/1224556805.PDF,1224556805,会计师事务所
600763,通策医疗,通策医疗：通策医疗股份有限公司会计师事务所选聘制度,2025-08-23,http://static.cninfo.com.cn/finalpage/2025-08-23/1224556477.PDF,1224556477,会计师事务所
000050,深天马Ａ,深天马Ａ：会计师事务所选聘制度（2025年8月）,2025-08-23,http://static.cninfo.com.cn/finalpage/2025-08-23/1224560350.PDF,1224560350,会计师事务所
603985,恒润股份,恒润股份：江阴市恒润重工股份有限公司会计师事务所选聘制度（2025年8月修订）,2025-08-23,http://static.cninfo.com.cn/finalpage/2025-08-23/1224558948.PDF,1224558948,会计师事务所
603529,爱玛科技,爱玛科技：爱玛科技关于续聘2025年会计师事务所的公告,2025-08-23,http://static.cninfo.com.cn/finalpage/2025-08-23/1224558344.PDF,1224558344,会计师事务所
001324,长青科技,长青科技：关于续聘2025年度会计师事务所的公告,2025-08-23,http://static.cninfo.com.cn/finalpage/2025-08-23/1224557075.PDF,1224557075,会计师事务所
002419,天虹股份,天虹股份：续聘会计师事务所的公告,2025-08-23,http://static.cninfo.com.cn/finalpage/2025-08-23/1224558159.PDF,1224558159,会计师事务所
600346,恒力石化,恒力石化：恒力石化股份有限公司会计师事务所选聘制度（2025年修订）,2025-08-23,http://static.cninfo.com.cn/finalpage/2025-08-23/1224556452.PDF,1224556452,会计师事务所
002459,晶澳科技,晶澳科技：关于续聘2025年度会计师事务所的公告,2025-08-23,http://static.cninfo.com.cn/finalpage/2025-08-23/1224560903.PDF,1224560903,会计师事务所
002055,得润电子,得润电子：会计师事务所选聘制度（2025年8月修订）,2025-08-23,http://static.cninfo.com.cn/finalpage/2025-08-23/1224560115.PDF,1224560115,会计师事务所
300697,电工合金,电工合金：会计师事务所选聘制度（2025年8月）,2025-08-23,http://static.cninfo.com.cn/finalpage/2025-08-23/1224555889.PDF,1224555889,会计师事务所
001368,通达创智,通达创智：关于续聘会计师事务所的公告,2025-08-23,http://static.cninfo.com.cn/finalpage/2025-08-23/1224557039.PDF,1224557039,会计师事务所
600366,宁波韵升,宁波韵升：宁波韵升股份有限公司会计师事务所选聘制度(2025年8月修订),2025-08-23,http://static.cninfo.com.cn/finalpage/2025-08-23/1224558823.PDF,1224558823,会计师事务所
600272,开开实业,开开实业：拟续聘2025年度财务报表审计和内部控制审计会计师事务所的公告,2025-08-23,http://static.cninfo.com.cn/finalpage/2025-08-23/1224554831.PDF,1224554831,会计师事务所
600575,淮河能源,淮河能源：天健会计师事务所（特殊普通合伙）关于淮河能源（集团）股份有限公司发行股份及支付现金购买资产暨关联交易申请的审核问询函中有关财务事项的说明,2025-08-23,http://static.cninfo.com.cn/finalpage/2025-08-23/1224561840.PDF,1224561840,会计师事务所
605305,中际联合,中际联合：中际联合（北京）科技股份有限公司会计师事务所选聘制度,2025-08-23,http://static.cninfo.com.cn/finalpage/2025-08-23/1224554335.PDF,1224554335,会计师事务所
603268,*ST松发,*ST松发：广东松发陶瓷股份有限公司会计师事务所选聘制度,2025-08-23,http://static.cninfo.com.cn/finalpage/2025-08-23/1224554366.PDF,1224554366,会计师事务所
603296,华勤技术,华勤技术：华勤技术会计师事务所选聘制度（2025年8月修订）,2025-08-23,http://static.cninfo.com.cn/finalpage/2025-08-23/1224555487.PDF,1224555487,会计师事务所
601588,北辰实业,北辰实业：北辰实业会计师事务所选聘管理办法,2025-08-23,http://static.cninfo.com.cn/finalpage/2025-08-23/1224555040.PDF,1224555040,会计师事务所
688365,光云科技,光云科技：光云科技：会计师事务所选聘制度（2025年8月修订）,2025-08-23,http://static.cninfo.com.cn/finalpage/2025-08-23/1224558086.PDF,1224558086,会计师事务所
688306,均普智能,均普智能：宁波均普智能制造股份有限公司关于续聘2025年度会计师事务所的公告,2025-08-23,http://static.cninfo.com.cn/finalpage/2025-08-23/1224561298.PDF,1224561298,会计师事务所
688382,益方生物,益方生物：益方生物关于续聘会计师事务所的公告,2025-08-23,http://static.cninfo.com.cn/finalpage/2025-08-23/1224560293.PDF,1224560293,会计师事务所
603078,江化微,江化微：江阴江化微电子材料股份有限公司选聘会计师事务所制度（2025年8月）,2025-08-23,http://static.cninfo.com.cn/finalpage/2025-08-23/1224557572.PDF,1224557572,会计师事务所
600118,中国卫星,中国卫星：中国东方红卫星股份有限公司续聘会计师事务所公告,2025-08-23,http://static.cninfo.com.cn/finalpage/2025-08-23/1224557153.PDF,1224557153,会计师事务所
603919,金徽酒,金徽酒：金徽酒股份有限公司会计师事务所选聘制度（2025年8月修订）,2025-08-23,http://static.cninfo.com.cn/finalpage/2025-08-23/1224556869.PDF,1224556869,会计师事务所
605058,澳弘电子,澳弘电子：容诚会计师事务所关于澳弘电子前次募集资金使用情况鉴证报告,2025-08-23,http://static.cninfo.com.cn/finalpage/2025-08-23/1224557591.PDF,1224557591,会计师事务所
002561,徐家汇,徐家汇：《会计师事务所选聘制度》（2025年8月修订）,2025-08-23,http://static.cninfo.com.cn/finalpage/2025-08-23/1224558149.PDF,1224558149,会计师事务所
002552,宝鼎科技,宝鼎科技：会计师事务所选聘制度（2025年8月）,2025-08-23,http://static.cninfo.com.cn/finalpage/2025-08-23/1224558688.PDF,1224558688,会计师事务所
000701,厦门信达,厦门信达：厦门信达股份有限公司关于拟续聘会计师事务所的公告,2025-08-23,http://static.cninfo.com.cn/finalpage/2025-08-23/1224558876.PDF,1224558876,会计师事务所
301227,森鹰窗业,森鹰窗业：会计师事务所选聘制度,2025-08-23,http://static.cninfo.com.cn/finalpage/2025-08-23/1224559078.PDF,1224559078,会计师事务所
000507,珠海港,珠海港：会计师事务所选聘制度（2025年8月修订）,2025-08-23,http://static.cninfo.com.cn/finalpage/2025-08-23/1224554246.PDF,1224554246,会计师事务所
301509,金凯生科,金凯生科：会计师事务所选聘制度（2025年8月修订）,2025-08-23,http://static.cninfo.com.cn/finalpage/2025-08-23/1224554513.PDF,1224554513,会计师事务所
002293,罗莱生活,罗莱生活：会计师事务所选聘制度（2025年8月）,2025-08-23,http://static.cninfo.com.cn/finalpage/2025-08-23/1224555558.PDF,1224555558,会计师事务所
300811,铂科新材,铂科新材：会计师事务所选聘制度（2025年8月）,2025-08-23,http://static.cninfo.com.cn/finalpage/2025-08-23/1224555335.PDF,1224555335,会计师事务所
603256,宏和科技,宏和科技：毕马威华振会计师事务所（特殊普通合伙）关于宏和电子材料科技股份有限公司向特定对象发行股票的财务报告及审计报告,2025-08-23,http://static.cninfo.com.cn/finalpage/2025-08-23/1224556736.PDF,1224556736,会计师事务所
688398,赛特新材,赛特新材：赛特新材：会计师事务所选聘制度（2025年8月修订）,2025-08-23,http://static.cninfo.com.cn/finalpage/2025-08-23/1224557890.PDF,1224557890,会计师事务所
688039,当虹科技,当虹科技：杭州当虹科技股份有限公司会计师事务所选聘制度（2025年8月）,2025-08-23,http://static.cninfo.com.cn/finalpage/2025-08-23/1224557751.PDF,1224557751,会计师事务所
600566,济川药业,济川药业：湖北济川药业股份有限公司会计师事务所选聘制度,2025-08-23,http://static.cninfo.com.cn/finalpage/2025-08-23/1224557185.PDF,1224557185,会计师事务所
300003,乐普医疗,乐普医疗：立信会计师事务所（特殊普通合伙）关于乐普医疗募集资金置换专项审核报告,2025-08-23,http://static.cninfo.com.cn/finalpage/2025-08-23/1224556126.PDF,1224556126,会计师事务所
000839,国安股份,国安股份：会计师事务所选聘制度（2025年8月）,2025-08-23,http://static.cninfo.com.cn/finalpage/2025-08-23/1224556349.PDF,1224556349,会计师事务所
300303,聚飞光电,聚飞光电：会计师事务所选聘制度（2025年8月）,2025-08-23,http://static.cninfo.com.cn/finalpage/2025-08-23/1224558186.PDF,1224558186,会计师事务所
301068,大地海洋,大地海洋：会计师事务所选聘制度,2025-08-23,http://static.cninfo.com.cn/finalpage/2025-08-23/1224557307.PDF,1224557307,会计师事务所
002635,安洁科技,安洁科技：会计师事务所选聘制度(2025年8月),2025-08-23,http://static.cninfo.com.cn/finalpage/2025-08-23/1224560173.PDF,1224560173,会计师事务所
00588,北京北辰实业股份,北京北辰实业股份：海外监管公告 - 2025年半年度报告摘要、2025年半年度报告、2025年上半年房地产业务主要经营数据公告、第十届第三十七次董事会决议公告、关於2025年半年度计提资产减值准备的公告、会计师事务所选聘管理办法、董事会成员多元化政策、董事和高级管理人员...,2025-08-22,http://static.cninfo.com.cn/finalpage/2025-08-22/1224558778.PDF,1224558778,会计师事务所
301170,锡南科技,锡南科技：会计师事务所选聘制度,2025-08-22,http://static.cninfo.com.cn/finalpage/2025-08-22/1224530866.PDF,1224530866,会计师事务所
601567,三星医疗,三星医疗：宁波三星医疗电气股份有限公司选聘会计师事务所管理制度（2025年8月修订）,2025-08-22,http://static.cninfo.com.cn/finalpage/2025-08-22/1224531437.PDF,1224531437,会计师事务所
300387,富邦科技,富邦科技：会计师事务所选聘制度,2025-08-22,http://static.cninfo.com.cn/finalpage/2025-08-22/1224530901.PDF,1224530901,会计师事务所
603663,三祥新材,三祥新材：三祥新材股份有限公司会计师事务所选聘制度,2025-08-22,http://static.cninfo.com.cn/finalpage/2025-08-22/1224534446.PDF,1224534446,会计师事务所
833075,柏星龙,[临时公告]柏星龙:会计师事务所选聘制度,2025-08-22,http://static.cninfo.com.cn/finalpage/2025-08-22/1224559636.PDF,1224559636,会计师事务所
831832,科达自控,[临时公告]科达自控:会计师事务所选聘制度,2025-08-22,http://static.cninfo.com.cn/finalpage/2025-08-22/1224561586.PDF,1224561586,会计师事务所
003026,中晶科技,中晶科技：会计师事务所选聘制度,2025-08-22,http://static.cninfo.com.cn/finalpage/2025-08-22/1224532594.PDF,1224532594,会计师事务所
301050,雷电微力,雷电微力：会计师事务所选聘制度（2025年8月修订）,2025-08-22,http://static.cninfo.com.cn/finalpage/2025-08-22/1224534095.PDF,1224534095,会计师事务所
300916,朗特智能,朗特智能：会计师事务所选聘制度（2025年8月）,2025-08-22,http://static.cninfo.com.cn/finalpage/2025-08-22/1224534219.PDF,1224534219,会计师事务所
000631,顺发恒业,顺发恒业：《会计师事务所选聘制度》,2025-08-22,http://static.cninfo.com.cn/finalpage/2025-08-22/1224536846.PDF,1224536846,会计师事务所
003033,征和工业,征和工业：会计师事务所选聘制度(2025年8月）,2025-08-22,http://static.cninfo.com.cn/finalpage/2025-08-22/1224532706.PDF,1224532706,会计师事务所
688080,映翰通,映翰通：会计师事务所选聘制度（2025年8月修订）,2025-08-22,http://static.cninfo.com.cn/finalpage/2025-08-22/1224532378.PDF,1224532378,会计师事务所
603886,元祖股份,元祖股份：元祖股份关于变更会计师事务所项目质量控制复核人的公告,2025-08-22,http://static.cninfo.com.cn/finalpage/2025-08-22/1224532249.PDF,1224532249,会计师事务所
688352,颀中科技,颀中科技：合肥颀中科技股份有限公司会计师事务所选聘制度（2025年8月修订）,2025-08-22,http://static.cninfo.com.cn/finalpage/2025-08-22/1224532257.PDF,1224532257,会计师事务所
920799,艾融软件,[临时公告]艾融软件:会计师事务所选聘制度,2025-08-22,http://static.cninfo.com.cn/finalpage/2025-08-22/1224561092.PDF,1224561092,会计师事务所
300006,莱美药业,莱美药业：关于续聘会计师事务所的公告,2025-08-22,http://static.cninfo.com.cn/finalpage/2025-08-22/1224533942.PDF,1224533942,会计师事务所
600419,天润乳业,天润乳业：新疆天润乳业股份有限公司关于续聘会计师事务所的公告,2025-08-22,http://static.cninfo.com.cn/finalpage/2025-08-22/1224535197.PDF,1224535197,会计师事务所
603336,宏辉果蔬,宏辉果蔬：宏辉果蔬股份有限公司会计师事务所选聘制度,2025-08-22,http://static.cninfo.com.cn/finalpage/2025-08-22/1224536640.PDF,1224536640,会计师事务所
001211,双枪科技,双枪科技：会计师事务所选聘制度（2025年8月）,2025-08-22,http://static.cninfo.com.cn/finalpage/2025-08-22/1224536324.PDF,1224536324,会计师事务所
301529,福赛科技,福赛科技：会计师事务所选聘制度,2025-08-22,http://static.cninfo.com.cn/finalpage/2025-08-22/1224532495.PDF,1224532495,会计师事务所
688720,艾森股份,艾森股份：会计师事务所选聘制度,2025-08-22,http://static.cninfo.com.cn/finalpage/2025-08-22/1224536300.PDF,1224536300,会计师事务所
002970,锐明技术,锐明技术：关于变更会计师事务所的公告,2025-08-22,http://static.cninfo.com.cn/finalpage/2025-08-22/1224536088.PDF,1224536088,会计师事务所
839371,欧福蛋业,[临时公告]欧福蛋业:会计师事务所选聘制度,2025-08-22,http://static.cninfo.com.cn/finalpage/2025-08-22/1224561831.PDF,1224561831,会计师事务所
300357,我武生物,我武生物：关于续聘会计师事务所的公告,2025-08-22,http://static.cninfo.com.cn/finalpage/2025-08-22/1224533949.PDF,1224533949,会计师事务所
833075,柏星龙,[临时公告]柏星龙:关于拟续聘2025年度会计师事务所的公告,2025-08-22,http://static.cninfo.com.cn/finalpage/2025-08-22/1224559779.PDF,1224559779,会计师事务所
920682,球冠电缆,[临时公告]球冠电缆:会计师事务所选聘制度,2025-08-22,http://static.cninfo.com.cn/finalpage/2025-08-22/1224561212.PDF,1224561212,会计师事务所
300589,江龙船艇,江龙船艇：会计师事务所选聘制度,2025-08-22,http://static.cninfo.com.cn/finalpage/2025-08-22/1224533384.PDF,1224533384,会计师事务所
000042,中洲控股,中洲控股：会计师事务所选聘制度（2025年修订）,2025-08-22,http://static.cninfo.com.cn/finalpage/2025-08-22/1224535752.PDF,1224535752,会计师事务所
002457,青龙管业,青龙管业：青龙管业集团股份有限公司会计师事务所选聘制度,2025-08-22,http://static.cninfo.com.cn/finalpage/2025-08-22/1224535778.PDF,1224535778,会计师事务所
300682,朗新集团,朗新集团：关于续聘2025年度会计师事务所的公告,2025-08-22,http://static.cninfo.com.cn/finalpage/2025-08-22/1224535532.PDF,1224535532,会计师事务所
300120,经纬辉开,经纬辉开：会计师事务所选聘制度（2025年8月）,2025-08-22,http://static.cninfo.com.cn/finalpage/2025-08-22/1224535328.PDF,1224535328,会计师事务所
301080,百普赛斯,百普赛斯：会计师事务所选聘制度（2025年8月）,2025-08-22,http://static.cninfo.com.cn/finalpage/2025-08-22/1224533591.PDF,1224533591,会计师事务所
000636,风华高科,风华高科：关于拟续聘会计师事务所的公告,2025-08-22,http://static.cninfo.com.cn/finalpage/2025-08-22/1224535381.PDF,1224535381,会计师事务所
920099,瑞华技术,[临时公告]瑞华技术:会计师事务所选聘制度,2025-08-22,http://static.cninfo.com.cn/finalpage/2025-08-22/1224559033.PDF,1224559033,会计师事务所
830779,武汉蓝电,[临时公告]武汉蓝电:会计师事务所选聘制度,2025-08-22,http://static.cninfo.com.cn/finalpage/2025-08-22/1224559370.PDF,1224559370,会计师事务所
839790,联迪信息,[临时公告]联迪信息:会计师事务所选聘制度,2025-08-22,http://static.cninfo.com.cn/finalpage/2025-08-22/1224561385.PDF,1224561385,会计师事务所
835670,数字人,[临时公告]数字人:拟变更2025年度会计师事务所公告,2025-08-22,http://static.cninfo.com.cn/finalpage/2025-08-22/1224561328.PDF,1224561328,会计师事务所
002862,实丰文化,实丰文化：实丰文化发展股份有限公司会计师事务所选聘制度,2025-08-22,http://static.cninfo.com.cn/finalpage/2025-08-22/1224534750.PDF,1224534750,会计师事务所
301371,敷尔佳,敷尔佳：会计师事务所选聘制度,2025-08-22,http://static.cninfo.com.cn/finalpage/2025-08-22/1224530826.PDF,1224530826,会计师事务所
688517,金冠电气,金冠电气：关于变更会计师事务所的公告,2025-08-22,http://static.cninfo.com.cn/finalpage/2025-08-22/1224533991.PDF,1224533991,会计师事务所
301120,新特电气,新特电气：新特电气 会计师事务所选聘制度（2025年8月）,2025-08-22,http://static.cninfo.com.cn/finalpage/2025-08-22/1224536219.PDF,1224536219,会计师事务所
301091,深城交,深城交：天健会计师事务所（特殊普通合伙）关于南京市城市与交通规划设计研究院股份有限公司业绩承诺完成情况的专项审核报告,2025-08-22,http://static.cninfo.com.cn/finalpage/2025-08-22/1224535695.PDF,1224535695,会计师事务所
000035,中国天楹,中国天楹：会计师事务所选聘制度（2025年8月）,2025-08-22,http://static.cninfo.com.cn/finalpage/2025-08-22/1224535925.PDF,1224535925,会计师事务所
300269,联建光电,联建光电：会计师事务所选聘制度（2025年8月）,2025-08-22,http://static.cninfo.com.cn/finalpage/2025-08-22/1224537027.PDF,1224537027,会计师事务所
002178,延华智能,延华智能：会计师事务所的审阅报告,2025-08-22,http://static.cninfo.com.cn/finalpage/2025-08-22/1224535237.PDF,1224535237,会计师事务所
000859,国风新材,国风新材：容诚会计师事务所（特殊普通合伙）关于深圳证券交易所《关于安徽国风新材料股份有限公司发行股份购买资产并募集配套资金申请的审核问询函》的回复之专项核查意见,2025-08-22,http://static.cninfo.com.cn/finalpage/2025-08-22/1224535017.PDF,1224535017,会计师事务所
836395,朗鸿科技,[临时公告]朗鸿科技:拟续聘2025年度会计师事务所公告,2025-08-22,http://static.cninfo.com.cn/finalpage/2025-08-22/1224561941.PDF,1224561941,会计师事务所
300050,世纪鼎利,世纪鼎利：关于续聘2025年度会计师事务所的公告,2025-08-22,http://static.cninfo.com.cn/finalpage/2025-08-22/1224532776.PDF,1224532776,会计师事务所
301033,迈普医学,迈普医学：会计师事务所选聘制度（2025年8月）,2025-08-22,http://static.cninfo.com.cn/finalpage/2025-08-22/1224532527.PDF,1224532527,会计师事务所
300113,顺网科技,顺网科技：杭州顺网科技股份有限公司会计师事务所选聘制度（2025年8月）,2025-08-22,http://static.cninfo.com.cn/finalpage/2025-08-22/1224535723.PDF,1224535723,会计师事务所
002970,锐明技术,锐明技术：会计师事务所选聘制度,2025-08-22,http://static.cninfo.com.cn/finalpage/2025-08-22/1224536070.PDF,1224536070,会计师事务所
300888,稳健医疗,稳健医疗：会计师事务所选聘制度（2025年8月）,2025-08-22,http://static.cninfo.com.cn/finalpage/2025-08-22/1224535494.PDF,1224535494,会计师事务所
300822,贝仕达克,贝仕达克：会计师事务所选聘制度（2025年8月）,2025-08-22,http://static.cninfo.com.cn/finalpage/2025-08-22/1224533647.PDF,1224533647,会计师事务所
002847,盐津铺子,盐津铺子：会计师事务所选聘制度,2025-08-21,http://static.cninfo.com.cn/finalpage/2025-08-21/1224525105.PDF,1224525105,会计师事务所
300939,秋田微,秋田微：会计师事务所选聘制度（2025年08月）,2025-08-21,http://static.cninfo.com.cn/finalpage/2025-08-21/1224526439.PDF,1224526439,会计师事务所
600429,三元股份,三元股份：三元股份关于变更会计师事务所的公告,2025-08-21,http://static.cninfo.com.cn/finalpage/2025-08-21/1224526626.PDF,1224526626,会计师事务所
301152,天力锂能,天力锂能：天力锂能集团股份有限公司会计师事务所选聘制度,2025-08-21,http://static.cninfo.com.cn/finalpage/2025-08-21/1224526358.PDF,1224526358,会计师事务所
600594,益佰制药,益佰制药：贵州益佰制药股份有限公司选聘会计师事务所专项制度（2025年8月修订）,2025-08-21,http://static.cninfo.com.cn/finalpage/2025-08-21/1224526592.PDF,1224526592,会计师事务所
830974,凯大催化,[临时公告]凯大催化:会计师事务所选聘制度,2025-08-21,http://static.cninfo.com.cn/finalpage/2025-08-21/1224535959.PDF,1224535959,会计师事务所
600236,桂冠电力,桂冠电力：关于续聘天职国际会计师事务所为公司2025年度内部控制审计中介机构的公告,2025-08-21,http://static.cninfo.com.cn/finalpage/2025-08-21/1224525459.PDF,1224525459,会计师事务所
300613,富瀚微,富瀚微：会计师事务所选聘制度（2025年8月）,2025-08-21,http://static.cninfo.com.cn/finalpage/2025-08-21/1224525387.PDF,1224525387,会计师事务所
002141,贤丰控股,贤丰控股：关于续聘会计师事务所的公告,2025-08-21,http://static.cninfo.com.cn/finalpage/2025-08-21/1224525688.PDF,1224525688,会计师事务所
301392,汇成真空,汇成真空：会计师事务所选聘制度,2025-08-21,http://static.cninfo.com.cn/finalpage/2025-08-21/1224526010.PDF,1224526010,会计师事务所
002469,三维化学,三维化学：会计师事务所选聘制度（2025年8月）,2025-08-21,http://static.cninfo.com.cn/finalpage/2025-08-21/1224524814.PDF,1224524814,会计师事务所
688076,ST诺泰,ST诺泰：ST诺泰：关于变更会计师事务所的公告,2025-08-21,http://static.cninfo.com.cn/finalpage/2025-08-21/1224525485.PDF,1224525485,会计师事务所
002056,横店东磁,横店东磁：会计师事务所选聘制度,2025-08-21,http://static.cninfo.com.cn/finalpage/2025-08-21/1224526281.PDF,1224526281,会计师事务所
836504,博迅生物,[临时公告]博迅生物:拟续聘2025年度会计师事务所公告,2025-08-21,http://static.cninfo.com.cn/finalpage/2025-08-21/1224535644.PDF,1224535644,会计师事务所
832982,锦波生物,[临时公告]锦波生物:会计师事务所选聘制度,2025-08-21,http://static.cninfo.com.cn/finalpage/2025-08-21/1224535862.PDF,1224535862,会计师事务所
301263,泰恩康,泰恩康：会计师事务所选聘制度,2025-08-21,http://static.cninfo.com.cn/finalpage/2025-08-21/1224526474.PDF,1224526474,会计师事务所
301575,艾芬达,艾芬达：容诚会计师事务所（特殊普通合伙）关于公司首次公开发行股票并在创业板上市的财务报表及审计报告,2025-08-21,http://static.cninfo.com.cn/finalpage/2025-08-21/1224525312.PDF,1224525312,会计师事务所
836504,博迅生物,[临时公告]博迅生物:会计师事务所选聘制度,2025-08-21,http://static.cninfo.com.cn/finalpage/2025-08-21/1224535579.PDF,1224535579,会计师事务所
603977,国泰集团,国泰集团：江西国泰集团股份有限公司关于续聘2025年度会计师事务所的公告,2025-08-21,http://static.cninfo.com.cn/finalpage/2025-08-21/1224525594.PDF,1224525594,会计师事务所
002971,和远气体,和远气体：立信会计师事务所（特殊普通合伙）关于湖北和远气体股份有限公司申请向特定对象发行股票的审核问询函的回复,2025-08-21,http://static.cninfo.com.cn/finalpage/2025-08-21/1224525218.PDF,1224525218,会计师事务所
001300,三柏硕,三柏硕：会计师事务所选聘制度,2025-08-21,http://static.cninfo.com.cn/finalpage/2025-08-21/1224525145.PDF,1224525145,会计师事务所
870299,灿能电力,[临时公告]灿能电力:拟续聘2025年度会计师事务所公告,2025-08-21,http://static.cninfo.com.cn/finalpage/2025-08-21/1224536499.PDF,1224536499,会计师事务所
870299,灿能电力,[临时公告]灿能电力:会计师事务所选聘制度,2025-08-21,http://static.cninfo.com.cn/finalpage/2025-08-21/1224536505.PDF,1224536505,会计师事务所
836419,万德股份,[临时公告]万德股份:会计师事务所选聘制度,2025-08-21,http://static.cninfo.com.cn/finalpage/2025-08-21/1224536380.PDF,1224536380,会计师事务所
002141,贤丰控股,贤丰控股：会计师事务所选聘制度（2025年8月）,2025-08-21,http://static.cninfo.com.cn/finalpage/2025-08-21/1224525677.PDF,1224525677,会计师事务所
000807,云铝股份,云铝股份：云南铝业股份有限公司关于续聘安永华明会计师事务所（特殊普通合伙）为公司2025年度财务审计机构和内部控制审计机构的公告,2025-08-21,http://static.cninfo.com.cn/finalpage/2025-08-21/1224525773.PDF,1224525773,会计师事务所
000762,西藏矿业,西藏矿业：关于续聘会计师事务所的公告,2025-08-21,http://static.cninfo.com.cn/finalpage/2025-08-21/1224525210.PDF,1224525210,会计师事务所
600584,长电科技,长电科技：江苏长电科技股份有限公司续聘会计师事务所公告,2025-08-21,http://static.cninfo.com.cn/finalpage/2025-08-21/1224527019.pdf,1224527019,会计师事务所
688778,厦钨新能,厦钨新能：厦门厦钨新能源材料股份有限公司年审会计师事务所选聘制度,2025-08-21,http://static.cninfo.com.cn/finalpage/2025-08-21/1224525008.PDF,1224525008,会计师事务所
300863,卡倍亿,卡倍亿：立信会计师事务所（特殊普通合伙）关于《宁波卡倍亿电气技术股份有限公司申请向不特定对象发行可转换公司债券的审核问询函》的回复,2025-08-20,http://static.cninfo.com.cn/finalpage/2025-08-20/1224526539.PDF,1224526539,会计师事务所
300839,博汇股份,博汇股份：立信会计师事务所（特殊普通合伙）关于《关于宁波博汇化工科技股份有限公司申请向特定对象发行股票的审核问询函》之回复（豁免版）,2025-08-20,http://static.cninfo.com.cn/finalpage/2025-08-20/1224526320.PDF,1224526320,会计师事务所
300611,美力科技,美力科技：天健会计师事务所（特殊普通合伙）关于浙江美力科技股份有限公司申请向不特定对象发行可转换公司债券的审核问询函中有关财务事项的说明,2025-08-20,http://static.cninfo.com.cn/finalpage/2025-08-20/1224526330.PDF,1224526330,会计师事务所
600202,哈空调,哈空调：哈尔滨空调股份有限公司关于变更会计师事务所的公告,2025-08-20,http://static.cninfo.com.cn/finalpage/2025-08-20/1224518951.PDF,1224518951,会计师事务所
603969,银龙股份,银龙股份：天津银龙预应力材料股份有限公司会计师事务所选聘制度,2025-08-20,http://static.cninfo.com.cn/finalpage/2025-08-20/1224518589.PDF,1224518589,会计师事务所
688196,卓越新能,卓越新能：利安达会计师事务所（特殊普通合伙）关于龙岩卓越新能源股份有限公司向特定对象发行股票的财务报告及审计报告,2025-08-20,http://static.cninfo.com.cn/finalpage/2025-08-20/1224518838.PDF,1224518838,会计师事务所
002445,中南文化,中南文化：会计师事务所选聘制度（2025年8月）,2025-08-20,http://static.cninfo.com.cn/finalpage/2025-08-20/1224517013.pdf,1224517013,会计师事务所
300181,佐力药业,佐力药业：会计师事务所选聘制度（2025年8月）,2025-08-20,http://static.cninfo.com.cn/finalpage/2025-08-20/1224517233.pdf,1224517233,会计师事务所
301167,建研设计,建研设计：关于拟变更会计师事务所的公告,2025-08-20,http://static.cninfo.com.cn/finalpage/2025-08-20/1224517340.pdf,1224517340,会计师事务所
301200,大族数控,大族数控：会计师事务所选聘制度（2025年8月）,2025-08-20,http://static.cninfo.com.cn/finalpage/2025-08-20/1224517874.PDF,1224517874,会计师事务所
600833,第一医药,第一医药：上海第一医药股份有限公司关于续聘内部控制审计会计师事务所的公告,2025-08-20,http://static.cninfo.com.cn/finalpage/2025-08-20/1224518415.PDF,1224518415,会计师事务所
600749,西藏旅游,西藏旅游：西藏旅游会计师事务所选聘制度（2025年8月修订）,2025-08-20,http://static.cninfo.com.cn/finalpage/2025-08-20/1224519167.PDF,1224519167,会计师事务所
605007,五洲特纸,五洲特纸：五洲特种纸业集团股份有限公司会计师事务所选聘制度,2025-08-20,http://static.cninfo.com.cn/finalpage/2025-08-20/1224518530.PDF,1224518530,会计师事务所
688300,联瑞新材,联瑞新材：华兴会计师事务所（特殊普通合伙）关于江苏联瑞新材料股份有限公司向不特定对象发行可转换公司债券的财务报告及审计报告,2025-08-20,http://static.cninfo.com.cn/finalpage/2025-08-20/1224518828.PDF,1224518828,会计师事务所
301229,纽泰格,纽泰格：会计师事务所选聘制度,2025-08-20,http://static.cninfo.com.cn/finalpage/2025-08-20/1224518120.PDF,1224518120,会计师事务所
832089,禾昌聚合,[临时公告]禾昌聚合:会计师事务所选聘制度,2025-08-20,http://static.cninfo.com.cn/finalpage/2025-08-20/1224525964.PDF,1224525964,会计师事务所
834261,一诺威,[临时公告]一诺威:会计师事务所选聘制度,2025-08-20,http://static.cninfo.com.cn/finalpage/2025-08-20/1224526868.PDF,1224526868,会计师事务所
002978,安宁股份,安宁股份：信永中和会计师事务所（特殊普通合伙）关于《对四川安宁铁钛股份有限公司重大资产购买的问询函》的回复,2025-08-20,http://static.cninfo.com.cn/finalpage/2025-08-20/1224517449.pdf,1224517449,会计师事务所
603139,康惠制药,康惠制药：康惠制药会计师事务所选聘制度,2025-08-20,http://static.cninfo.com.cn/finalpage/2025-08-20/1224519246.PDF,1224519246,会计师事务所
600833,第一医药,第一医药：上海第一医药股份有限公司关于聘任财务报告审计会计师事务所的公告,2025-08-20,http://static.cninfo.com.cn/finalpage/2025-08-20/1224518426.PDF,1224518426,会计师事务所
002906,华阳集团,华阳集团：关于续聘会计师事务所的公告,2025-08-20,http://static.cninfo.com.cn/finalpage/2025-08-20/1224518205.PDF,1224518205,会计师事务所
003010,若羽臣,若羽臣：会计师事务所选聘制度,2025-08-20,http://static.cninfo.com.cn/finalpage/2025-08-20/1224519498.PDF,1224519498,会计师事务所
300224,正海磁材,正海磁材：会计师事务所选聘制度（2025年8月）,2025-08-20,http://static.cninfo.com.cn/finalpage/2025-08-20/1224518300.PDF,1224518300,会计师事务所
600495,晋西车轴,晋西车轴：晋西车轴关于续聘会计师事务所的公告,2025-08-20,http://static.cninfo.com.cn/finalpage/2025-08-20/1224519686.PDF,1224519686,会计师事务所
603103,横店影视,横店影视：横店影视股份有限公司会计师事务所选聘制度（2025年8月修订）,2025-08-20,http://static.cninfo.com.cn/finalpage/2025-08-20/1224519912.PDF,1224519912,会计师事务所
002497,雅化集团,雅化集团：《会计师事务所选聘制度》（2025年8月）,2025-08-20,http://static.cninfo.com.cn/finalpage/2025-08-20/1224519964.PDF,1224519964,会计师事务所
871634,新威凌,[临时公告]新威凌:拟续聘2025年度会计师事务所公告,2025-08-20,http://static.cninfo.com.cn/finalpage/2025-08-20/1224526148.PDF,1224526148,会计师事务所
871634,新威凌,[临时公告]新威凌:会计师事务所选聘制度,2025-08-20,http://static.cninfo.com.cn/finalpage/2025-08-20/1224526161.PDF,1224526161,会计师事务所
002906,华阳集团,华阳集团：会计师事务所选聘制度（2025年8月）,2025-08-20,http://static.cninfo.com.cn/finalpage/2025-08-20/1224518210.PDF,1224518210,会计师事务所
000739,普洛药业,普洛药业：会计师事务所选聘制度,2025-08-20,http://static.cninfo.com.cn/finalpage/2025-08-20/1224516951.pdf,1224516951,会计师事务所
000795,英洛华,英洛华：会计师事务所选聘制度（2025年8月修订）,2025-08-20,http://static.cninfo.com.cn/finalpage/2025-08-20/1224517775.PDF,1224517775,会计师事务所
300858,科拓生物,科拓生物：会计师事务所选聘制度（2025年8月）,2025-08-20,http://static.cninfo.com.cn/finalpage/2025-08-20/1224519753.PDF,1224519753,会计师事务所
688368,晶丰明源,晶丰明源：立信会计师事务所（特殊普通合伙）关于上海晶丰明源半导体股份有限公司发行股份及支付现金购买资产并募集配套资金申请文件审核问询函的回复,2025-08-20,http://static.cninfo.com.cn/finalpage/2025-08-20/1224520018.PDF,1224520018,会计师事务所
830879,"基康仪器,基康技术",[临时公告]基康技术:会计师事务所选聘制度,2025-08-20,http://static.cninfo.com.cn/finalpage/2025-08-20/1224525916.PDF,1224525916,会计师事务所
600593,大连圣亚,大连圣亚：关于续聘公司2025年度年审会计师事务所的公告,2025-08-20,http://static.cninfo.com.cn/finalpage/2025-08-20/1224519624.PDF,1224519624,会计师事务所
870357,雅葆轩,[临时公告]雅葆轩:选聘会计师事务所管理制度,2025-08-20,http://static.cninfo.com.cn/finalpage/2025-08-20/1224526761.PDF,1224526761,会计师事务所
300224,正海磁材,正海磁材：关于续聘会计师事务所的公告,2025-08-20,http://static.cninfo.com.cn/finalpage/2025-08-20/1224518274.PDF,1224518274,会计师事务所
600873,梅花生物,梅花生物：梅花生物关于聘任会计师事务所的公告,2025-08-20,http://static.cninfo.com.cn/finalpage/2025-08-20/1224519102.PDF,1224519102,会计师事务所
300377,赢时胜,赢时胜：会计师事务所选聘制度（2025年8月）,2025-08-20,http://static.cninfo.com.cn/finalpage/2025-08-20/1224517934.PDF,1224517934,会计师事务所
300818,耐普矿机,耐普矿机：北京德皓国际会计师事务所（特殊普通合伙）关于对江西耐普矿机股份有限公司申请向不特定对象发行可转换公司债券的审核问询函中有关财务事项的说明,2025-08-19,http://static.cninfo.com.cn/finalpage/2025-08-19/1224517188.pdf,1224517188,会计师事务所
300561,*ST汇科,*ST汇科：《会计师事务所选聘制度》,2025-08-19,http://static.cninfo.com.cn/finalpage/2025-08-19/1224513122.pdf,1224513122,会计师事务所
002837,英维克,英维克：关于拟续聘会计师事务所的公告,2025-08-19,http://static.cninfo.com.cn/finalpage/2025-08-19/1224505198.pdf,1224505198,会计师事务所
600807,济高发展,济高发展：济南高新发展股份有限公司会计师事务所选聘制度（2025年8月）,2025-08-19,http://static.cninfo.com.cn/finalpage/2025-08-19/1224503722.PDF,1224503722,会计师事务所
301219,腾远钴业,腾远钴业：会计师事务所选聘制度,2025-08-19,http://static.cninfo.com.cn/finalpage/2025-08-19/1224503199.pdf,1224503199,会计师事务所
300232,洲明科技,洲明科技：关于拟续聘会计师事务所的公告,2025-08-19,http://static.cninfo.com.cn/finalpage/2025-08-19/1224503781.pdf,1224503781,会计师事务所
000703,恒逸石化,恒逸石化：会计师事务所选聘制度,2025-08-19,http://static.cninfo.com.cn/finalpage/2025-08-19/1224504102.pdf,1224504102,会计师事务所
600562,国睿科技,国睿科技：国睿科技股份有限公司关于聘任会计师事务所的公告,2025-08-19,http://static.cninfo.com.cn/finalpage/2025-08-19/1224505604.PDF,1224505604,会计师事务所
300232,洲明科技,洲明科技：会计师事务所选聘制度（2025年8月）,2025-08-19,http://static.cninfo.com.cn/finalpage/2025-08-19/1224503795.pdf,1224503795,会计师事务所
300699,光威复材,光威复材：会计师事务所选聘制度,2025-08-19,http://static.cninfo.com.cn/finalpage/2025-08-19/1224502512.pdf,1224502512,会计师事务所
301171,易点天下,易点天下：会计师事务所选聘制度,2025-08-19,http://static.cninfo.com.cn/finalpage/2025-08-19/1224502030.pdf,1224502030,会计师事务所
300083,创世纪,创世纪：会计师事务所选聘制度（2025年8月）,2025-08-19,http://static.cninfo.com.cn/finalpage/2025-08-19/1224504915.pdf,1224504915,会计师事务所
300631,久吾高科,久吾高科：会计师事务所聘任制度（2025年8月修订）,2025-08-19,http://static.cninfo.com.cn/finalpage/2025-08-19/1224505068.pdf,1224505068,会计师事务所
871263,莱赛激光,[临时公告]莱赛激光:会计师事务所选聘制度,2025-08-19,http://static.cninfo.com.cn/finalpage/2025-08-19/1224518626.PDF,1224518626,会计师事务所
835174,五新隧装,[临时公告]五新隧装:天健会计师事务所(特殊普通合伙)关于对北京证券交易所《关于湖南五新隧道智能装备股份有限公司发行股份及支付现金购买资产并募集配套资金暨关联交易申请的审核问询函》的回复,2025-08-19,http://static.cninfo.com.cn/finalpage/2025-08-19/1224518672.PDF,1224518672,会计师事务所
600179,安通控股,安通控股：关于续聘会计师事务所的公告,2025-08-19,http://static.cninfo.com.cn/finalpage/2025-08-19/1224504774.PDF,1224504774,会计师事务所
300693,盛弘股份,盛弘股份：会计师事务所选聘制度 (2025年8月）,2025-08-19,http://static.cninfo.com.cn/finalpage/2025-08-19/1224504856.pdf,1224504856,会计师事务所
002837,英维克,英维克：会计师事务所选聘制度（2025年8月）,2025-08-19,http://static.cninfo.com.cn/finalpage/2025-08-19/1224505182.pdf,1224505182,会计师事务所
838837,华原股份,[临时公告]华原股份:会计师事务所选聘制度,2025-08-19,http://static.cninfo.com.cn/finalpage/2025-08-19/1224518500.PDF,1224518500,会计师事务所
301003,江苏博云,江苏博云：会计师事务所选聘制度（2025年8月修订）,2025-08-19,http://static.cninfo.com.cn/finalpage/2025-08-19/1224501756.pdf,1224501756,会计师事务所
601137,博威合金,博威合金：博威合金会计师事务所选聘制度（2025年8月修订）,2025-08-19,http://static.cninfo.com.cn/finalpage/2025-08-19/1224503627.PDF,1224503627,会计师事务所
601113,华鼎股份,华鼎股份：义乌华鼎锦纶股份有限公司会计师事务所选聘制度（2025年8月制度）,2025-08-19,http://static.cninfo.com.cn/finalpage/2025-08-19/1224503369.PDF,1224503369,会计师事务所
301538,骏鼎达,骏鼎达：《会计师事务所选聘制度》（2025年8月）,2025-08-19,http://static.cninfo.com.cn/finalpage/2025-08-19/1224502287.pdf,1224502287,会计师事务所
300228,富瑞特装,富瑞特装：会计师事务所选聘制度（2025年8月修订）,2025-08-19,http://static.cninfo.com.cn/finalpage/2025-08-19/1224502468.pdf,1224502468,会计师事务所
002632,道明光学,道明光学：会计师事务所选聘制度,2025-08-19,http://static.cninfo.com.cn/finalpage/2025-08-19/1224502345.pdf,1224502345,会计师事务所
300556,丝路视觉,丝路视觉：会计师事务所选聘制度（2025年8月修订）,2025-08-19,http://static.cninfo.com.cn/finalpage/2025-08-19/1224502248.pdf,1224502248,会计师事务所
300593,新雷能,新雷能：会计师事务所选聘制度,2025-08-19,http://static.cninfo.com.cn/finalpage/2025-08-19/1224504653.pdf,1224504653,会计师事务所
001338,永顺泰,永顺泰：关于拟续聘会计师事务所的公告,2025-08-19,http://static.cninfo.com.cn/finalpage/2025-08-19/1224502740.pdf,1224502740,会计师事务所
002137,实益达,实益达：选聘会计师事务所专项制度,2025-08-19,http://static.cninfo.com.cn/finalpage/2025-08-19/1224504883.pdf,1224504883,会计师事务所
300532,今天国际,今天国际：会计师事务所选聘制度（2025年8月修订）,2025-08-19,http://static.cninfo.com.cn/finalpage/2025-08-19/1224504575.pdf,1224504575,会计师事务所
430478,峆一药业,[临时公告]峆一药业:会计师事务所选聘制度,2025-08-19,http://static.cninfo.com.cn/finalpage/2025-08-19/1224518754.PDF,1224518754,会计师事务所
600562,国睿科技,国睿科技：国睿科技股份有限公司会计师事务所选聘制度（2025年8月修订）,2025-08-19,http://static.cninfo.com.cn/finalpage/2025-08-19/1224505620.PDF,1224505620,会计师事务所
002709,天赐材料,天赐材料：会计师事务所选聘制度（2025年8月）,2025-08-19,http://static.cninfo.com.cn/finalpage/2025-08-19/1224505452.pdf,1224505452,会计师事务所
603303,得邦照明,得邦照明：会计师事务所选聘制度（2025年8月修订）,2025-08-19,http://static.cninfo.com.cn/finalpage/2025-08-19/1224502126.PDF,1224502126,会计师事务所
601609,金田股份,金田股份：会计师事务所选聘制度,2025-08-19,http://static.cninfo.com.cn/finalpage/2025-08-19/1224502177.PDF,1224502177,会计师事务所
603193,润本股份,润本股份：会计师事务所选聘制度,2025-08-19,http://static.cninfo.com.cn/finalpage/2025-08-19/1224503302.PDF,1224503302,会计师事务所
300474,景嘉微,景嘉微：会计师事务所选聘制度,2025-08-19,http://static.cninfo.com.cn/finalpage/2025-08-19/1224504539.pdf,1224504539,会计师事务所
300285,国瓷材料,国瓷材料：会计师事务所选聘制度（2025年8月）,2025-08-19,http://static.cninfo.com.cn/finalpage/2025-08-19/1224505046.pdf,1224505046,会计师事务所
301281,科源制药,科源制药：天健会计师事务所（特殊普通合伙）关于山东科源制药股份有限公司发行股份购买资产并募集配套资金申请的审核问询函中有关财务事项的说明,2025-08-18,http://static.cninfo.com.cn/finalpage/2025-08-18/1224504242.pdf,1224504242,会计师事务所
831961,"创远仪器,创远信科",[临时公告]创远信科:会计师事务所选聘制度,2025-08-18,http://static.cninfo.com.cn/finalpage/2025-08-18/1224505224.PDF,1224505224,会计师事务所
430198,微创光电,[临时公告]微创光电:会计师事务所选聘制度,2025-08-18,http://static.cninfo.com.cn/finalpage/2025-08-18/1224505682.PDF,1224505682,会计师事务所
600469,风神股份,风神股份：容诚会计师事务所（特殊普通合伙）关于风神轮胎股份有限公司向特定对象发行股票的财务报告及审计报告,2025-08-18,http://static.cninfo.com.cn/finalpage/2025-08-18/1224501012.PDF,1224501012,会计师事务所
301036,双乐股份,双乐股份：立信会计师事务所（特殊普通合伙）关于《关于双乐颜料股份有限公司申请向不特定对象发行可转换公司债券的审核问询函》的回复,2025-08-18,http://static.cninfo.com.cn/finalpage/2025-08-18/1224500424.PDF,1224500424,会计师事务所
603799,华友钴业,华友钴业：会计师事务所选聘制度,2025-08-18,http://static.cninfo.com.cn/finalpage/2025-08-18/1224501116.PDF,1224501116,会计师事务所
600818,中路股份,中路股份：会计师事务所选聘制度,2025-08-16,http://static.cninfo.com.cn/finalpage/2025-08-16/1224499652.PDF,1224499652,会计师事务所
600422,昆药集团,昆药集团：昆药集团关于续聘会计师事务所的公告,2025-08-16,http://static.cninfo.com.cn/finalpage/2025-08-16/1224498716.PDF,1224498716,会计师事务所
300246,宝莱特,宝莱特：关于续聘会计师事务所的公告,2025-08-16,http://static.cninfo.com.cn/finalpage/2025-08-16/1224498307.PDF,1224498307,会计师事务所
002850,科达利,科达利：关于拟续聘会计师事务所的公告,2025-08-16,http://static.cninfo.com.cn/finalpage/2025-08-16/1224498587.PDF,1224498587,会计师事务所
600733,北汽蓝谷,北汽蓝谷：关于变更2025年度财务和内控审计会计师事务所的公告,2025-08-16,http://static.cninfo.com.cn/finalpage/2025-08-16/1224499111.PDF,1224499111,会计师事务所
300310,宜通世纪,宜通世纪：关于拟续聘会计师事务所的公告,2025-08-16,http://static.cninfo.com.cn/finalpage/2025-08-16/1224496824.PDF,1224496824,会计师事务所
300403,汉宇集团,汉宇集团：会计师事务所选聘制度,2025-08-16,http://static.cninfo.com.cn/finalpage/2025-08-16/1224499688.PDF,1224499688,会计师事务所
300193,佳士科技,佳士科技：会计师事务所选聘制度,2025-08-16,http://static.cninfo.com.cn/finalpage/2025-08-16/1224497477.PDF,1224497477,会计师事务所
603866,桃李面包,桃李面包：桃李面包股份有限公司会计师事务所选聘制度,2025-08-16,http://static.cninfo.com.cn/finalpage/2025-08-16/1224498980.PDF,1224498980,会计师事务所
688535,华海诚科,华海诚科：中汇会计师事务所（特殊普通合伙）关于《关于江苏华海诚科新材料股份有限公司发行股份、可转换公司债券及支付现金购买资产并募集配套资金申请的审核问询函》之回复,2025-08-16,http://static.cninfo.com.cn/finalpage/2025-08-16/1224500372.PDF,1224500372,会计师事务所
600250,南京商旅,南京商旅：南京商旅：中兴华会计师事务所（特殊普通合伙）《关于南京商贸旅游股份有限公司发行股份及支付现金购买资产并募集配套资金暨关联交易申请的审核问询函》之回复（修订稿）,2025-08-16,http://static.cninfo.com.cn/finalpage/2025-08-16/1224500109.PDF,1224500109,会计师事务所
001258,立新能源,立新能源：中兴华会计师事务所（特殊普通合伙）关于新疆立新能源股份有限公司申请向特定对象发行股票的审核问询函的回复,2025-08-16,http://static.cninfo.com.cn/finalpage/2025-08-16/1224498447.PDF,1224498447,会计师事务所
603901,永创智能,永创智能：会计师事务所选聘制度,2025-08-16,http://static.cninfo.com.cn/finalpage/2025-08-16/1224499191.PDF,1224499191,会计师事务所
002850,科达利,科达利：会计师事务所选聘制度,2025-08-16,http://static.cninfo.com.cn/finalpage/2025-08-16/1224498572.PDF,1224498572,会计师事务所
002772,众兴菌业,众兴菌业：关于拟续聘会计师事务所的公告,2025-08-16,http://static.cninfo.com.cn/finalpage/2025-08-16/1224499768.PDF,1224499768,会计师事务所
603901,永创智能,永创智能：关于变更会计师事务所的公告,2025-08-16,http://static.cninfo.com.cn/finalpage/2025-08-16/1224499166.PDF,1224499166,会计师事务所
002772,众兴菌业,众兴菌业：会计师事务所选聘制度,2025-08-16,http://static.cninfo.com.cn/finalpage/2025-08-16/1224499745.PDF,1224499745,会计师事务所
300403,汉宇集团,汉宇集团：拟续聘会计师事务所的公告,2025-08-16,http://static.cninfo.com.cn/finalpage/2025-08-16/1224499680.PDF,1224499680,会计师事务所
300871,回盛生物,回盛生物：中审众环会计师事务所（特殊普通合伙）关于武汉回盛生物科技股份有限公司申请向特定对象发行股票的审核问询函之回复报告（豁免版）,2025-08-15,http://static.cninfo.com.cn/finalpage/2025-08-15/1224498425.PDF,1224498425,会计师事务所
688595,芯海科技,芯海科技：会计师事务所选聘制度（2025年8月修订）,2025-08-15,http://static.cninfo.com.cn/finalpage/2025-08-15/1224488145.PDF,1224488145,会计师事务所
603606,东方电缆,东方电缆：东方电缆关于续聘天健会计师事务所（特殊普通合伙）为公司2025年度审计机构的公告,2025-08-15,http://static.cninfo.com.cn/finalpage/2025-08-15/1224488223.PDF,1224488223,会计师事务所
603496,恒为科技,恒为科技：会计师事务所选聘制度,2025-08-15,http://static.cninfo.com.cn/finalpage/2025-08-15/1224487347.PDF,1224487347,会计师事务所
002565,顺灏股份,顺灏股份：会计师事务所选聘制度 （2025年8月）,2025-08-15,http://static.cninfo.com.cn/finalpage/2025-08-15/1224487449.PDF,1224487449,会计师事务所
002153,石基信息,石基信息：信永中和会计师事务所关于北京中长石基信息技术股份有限公司发行股份购买资产前业绩真实性的专项核查意见,2025-08-15,http://static.cninfo.com.cn/finalpage/2025-08-15/1224487886.PDF,1224487886,会计师事务所
001270,*ST铖昌,*ST铖昌：浙江铖昌科技股份有限公司会计师事务所选聘制度,2025-08-15,http://static.cninfo.com.cn/finalpage/2025-08-15/1224487724.PDF,1224487724,会计师事务所
833580,科创新材,[临时公告]科创新材:会计师事务所选聘制度,2025-08-15,http://static.cninfo.com.cn/finalpage/2025-08-15/1224498922.PDF,1224498922,会计师事务所
300903,科翔股份,科翔股份：众华会计师事务所关于广东科翔电子科技股份有限公司前次募集资金使用情况鉴证报告,2025-08-15,http://static.cninfo.com.cn/finalpage/2025-08-15/1224487614.PDF,1224487614,会计师事务所
300976,达瑞电子,达瑞电子：会计师事务所选聘制度,2025-08-15,http://static.cninfo.com.cn/finalpage/2025-08-15/1224487503.PDF,1224487503,会计师事务所
000727,冠捷科技,冠捷科技：关于续聘会计师事务所的公告,2025-08-15,http://static.cninfo.com.cn/finalpage/2025-08-15/1224485885.PDF,1224485885,会计师事务所
301391,卡莱特,卡莱特：关于续聘会计师事务所的公告,2025-08-15,http://static.cninfo.com.cn/finalpage/2025-08-15/1224485937.PDF,1224485937,会计师事务所
920819,颖泰生物,[临时公告]颖泰生物:会计师事务所选聘制度,2025-08-15,http://static.cninfo.com.cn/finalpage/2025-08-15/1224500132.PDF,1224500132,会计师事务所
872931,无锡鼎邦,[临时公告]无锡鼎邦:会计师事务所选聘制度,2025-08-15,http://static.cninfo.com.cn/finalpage/2025-08-15/1224499023.PDF,1224499023,会计师事务所
873152,天宏锂电,[临时公告]天宏锂电:会计师事务所选聘制度,2025-08-15,http://static.cninfo.com.cn/finalpage/2025-08-15/1224499605.PDF,1224499605,会计师事务所
002421,达实智能,达实智能：关于续聘会计师事务所的公告,2025-08-15,http://static.cninfo.com.cn/finalpage/2025-08-15/1224485653.PDF,1224485653,会计师事务所
688656,浩欧博,浩欧博：江苏浩欧博生物医药股份有限公司关于变更会计师事务所的公告,2025-08-15,http://static.cninfo.com.cn/finalpage/2025-08-15/1224487217.PDF,1224487217,会计师事务所
601996,丰林集团,丰林集团：广西丰林木业集团股份有限公司会计师事务所选聘制度（2025年8月）,2025-08-15,http://static.cninfo.com.cn/finalpage/2025-08-15/1224487789.PDF,1224487789,会计师事务所
300136,信维通信,信维通信：会计师事务所选聘制度,2025-08-15,http://static.cninfo.com.cn/finalpage/2025-08-15/1224487960.PDF,1224487960,会计师事务所
002121,科陆电子,科陆电子：关于续聘立信会计师事务所（特殊普通合伙）为公司2025年度审计机构的公告,2025-08-15,http://static.cninfo.com.cn/finalpage/2025-08-15/1224487924.PDF,1224487924,会计师事务所
600369,西南证券,西南证券：西南证券股份有限公司续聘会计师事务所公告,2025-08-15,http://static.cninfo.com.cn/finalpage/2025-08-15/1224487323.PDF,1224487323,会计师事务所
002655,共达电声,共达电声：共达电声股份有限公司会计师事务所选聘制度,2025-08-15,http://static.cninfo.com.cn/finalpage/2025-08-15/1224486944.PDF,1224486944,会计师事务所
002121,科陆电子,科陆电子：选聘会计师事务所专项制度（2025年8月）,2025-08-15,http://static.cninfo.com.cn/finalpage/2025-08-15/1224487941.PDF,1224487941,会计师事务所
688321,微芯生物,微芯生物：毕马威华振会计师事务所关于深圳微芯生物科技股份有限公司前次募集资金使用情况报告的鉴证报告,2025-08-15,http://static.cninfo.com.cn/finalpage/2025-08-15/1224486026.PDF,1224486026,会计师事务所
688557,兰剑智能,兰剑智能：兰剑智能科技股份有限公司会计师事务所选聘制度,2025-08-15,http://static.cninfo.com.cn/finalpage/2025-08-15/1224486243.PDF,1224486243,会计师事务所
870866,绿亨科技,[临时公告]绿亨科技:会计师事务所选聘制度,2025-08-15,http://static.cninfo.com.cn/finalpage/2025-08-15/1224499945.PDF,1224499945,会计师事务所
872190,雷神科技,[临时公告]雷神科技:会计师事务所选聘制度,2025-08-15,http://static.cninfo.com.cn/finalpage/2025-08-15/1224498807.PDF,1224498807,会计师事务所
301318,维海德,维海德：关于拟续聘会计师事务所的公告,2025-08-15,http://static.cninfo.com.cn/finalpage/2025-08-15/1224485545.PDF,1224485545,会计师事务所
002990,盛视科技,盛视科技：会计师事务所选聘制度（2025年8月）,2025-08-15,http://static.cninfo.com.cn/finalpage/2025-08-15/1224487559.PDF,1224487559,会计师事务所
603606,东方电缆,东方电缆：宁波东方电缆股份有限公司会计师事务所选聘制度（2025年8月修订）,2025-08-15,http://static.cninfo.com.cn/finalpage/2025-08-15/1224488252.PDF,1224488252,会计师事务所
872351,华光源海,[临时公告]华光源海:会计师事务所选聘制度,2025-08-15,http://static.cninfo.com.cn/finalpage/2025-08-15/1224500594.PDF,1224500594,会计师事务所
002421,达实智能,达实智能：《会计师事务所选聘制度》（2025年8月）,2025-08-15,http://static.cninfo.com.cn/finalpage/2025-08-15/1224485619.PDF,1224485619,会计师事务所
002019,亿帆医药,亿帆医药：会计师事务所选聘制度（2025年8月修订）,2025-08-15,http://static.cninfo.com.cn/finalpage/2025-08-15/1224485780.PDF,1224485780,会计师事务所
001367,海森药业,海森药业：会计师事务所选聘制度（2025年8月）,2025-08-15,http://static.cninfo.com.cn/finalpage/2025-08-15/1224486596.PDF,1224486596,会计师事务所
301398,星源卓镁,星源卓镁：容诚会计师事务所（特殊普通合伙）关于宁波星源卓镁技术股份有限公司申请向不特定对象发行可转换公司债券审核问询函的回复,2025-08-14,http://static.cninfo.com.cn/finalpage/2025-08-14/1224481916.PDF,1224481916,会计师事务所
000802,北京文化,北京文化：会计师事务所选聘制度,2025-08-14,http://static.cninfo.com.cn/finalpage/2025-08-14/1224473145.PDF,1224473145,会计师事务所
688630,芯碁微装,芯碁微装：会计师事务所选聘制度（2025年8月）,2025-08-14,http://static.cninfo.com.cn/finalpage/2025-08-14/1224474057.PDF,1224474057,会计师事务所
688302,海创药业,海创药业：会计师事务所选聘制度,2025-08-14,http://static.cninfo.com.cn/finalpage/2025-08-14/1224474325.PDF,1224474325,会计师事务所
300905,宝丽迪,宝丽迪：会计师事务所选聘制度,2025-08-14,http://static.cninfo.com.cn/finalpage/2025-08-14/1224473368.PDF,1224473368,会计师事务所
600531,豫光金铅,豫光金铅：中审众环会计师事务所关于河南豫光金铅股份有限公司前次募集资金使用情况的鉴证报告,2025-08-14,http://static.cninfo.com.cn/finalpage/2025-08-14/1224474140.PDF,1224474140,会计师事务所
600530,交大昂立,交大昂立：上海交大昂立股份有限公司会计师事务所选聘制度（2025年8月修订稿）,2025-08-14,http://static.cninfo.com.cn/finalpage/2025-08-14/1224473187.PDF,1224473187,会计师事务所
688708,佳驰科技,佳驰科技：会计师事务所选聘制度（2025年8月）,2025-08-14,http://static.cninfo.com.cn/finalpage/2025-08-14/1224473260.PDF,1224473260,会计师事务所
688502,茂莱光学,茂莱光学：关于续聘会计师事务所的公告,2025-08-14,http://static.cninfo.com.cn/finalpage/2025-08-14/1224473282.PDF,1224473282,会计师事务所
002653,海思科,海思科：信永中和会计师事务所关于海思科医药集团股份有限公司申请向特定对象发行股票的审核问询函之回复报告,2025-08-14,http://static.cninfo.com.cn/finalpage/2025-08-14/1224472911.PDF,1224472911,会计师事务所
688167,炬光科技,炬光科技：西安炬光科技股份有限公司关于变更会计师事务所的公告,2025-08-14,http://static.cninfo.com.cn/finalpage/2025-08-14/1224473592.PDF,1224473592,会计师事务所
603307,扬州金泉,扬州金泉：会计师事务所选聘制度,2025-08-14,http://static.cninfo.com.cn/finalpage/2025-08-14/1224473716.PDF,1224473716,会计师事务所
830832,齐鲁华信,[临时公告]齐鲁华信:会计师事务所选聘制度,2025-08-13,http://static.cninfo.com.cn/finalpage/2025-08-13/1224473756.PDF,1224473756,会计师事务所
600961,株冶集团,株冶集团：株冶集团关于改聘会计师事务所的公告,2025-08-13,http://static.cninfo.com.cn/finalpage/2025-08-13/1224461667.PDF,1224461667,会计师事务所
002375,亚厦股份,亚厦股份：会计师事务所选聘制度,2025-08-13,http://static.cninfo.com.cn/finalpage/2025-08-13/1224462122.PDF,1224462122,会计师事务所
603037,凯众股份,凯众股份：上海凯众材料科技股份有限公司会计师事务所选聘制度,2025-08-13,http://static.cninfo.com.cn/finalpage/2025-08-13/1224462943.PDF,1224462943,会计师事务所
600746,江苏索普,江苏索普：江苏索普：立信会计师事务所关于公司前次募集资金使用情况报告及鉴证报告,2025-08-13,http://static.cninfo.com.cn/finalpage/2025-08-13/1224462412.PDF,1224462412,会计师事务所
002031,巨轮智能,巨轮智能：会计师事务所选聘制度,2025-08-13,http://static.cninfo.com.cn/finalpage/2025-08-13/1224461843.PDF,1224461843,会计师事务所
002741,光华科技,光华科技：会计师事务所选聘制度,2025-08-13,http://static.cninfo.com.cn/finalpage/2025-08-13/1224461937.PDF,1224461937,会计师事务所
430685,新芝生物,[临时公告]新芝生物:选聘会计师事务所管理制度,2025-08-13,http://static.cninfo.com.cn/finalpage/2025-08-13/1224473793.PDF,1224473793,会计师事务所
600498,烽火通信,烽火通信：广东司农会计师事务所（特殊普通合伙）关于烽火通信科技股份有限公司向特定对象发行股票验资报告,2025-08-13,http://static.cninfo.com.cn/finalpage/2025-08-13/1224460909.PDF,1224460909,会计师事务所
600498,烽火通信,烽火通信：致同会计师事务所（特殊普通合伙）关于烽火通信科技股份有限公司验资报告,2025-08-13,http://static.cninfo.com.cn/finalpage/2025-08-13/1224460912.PDF,1224460912,会计师事务所
000903,ST云动,ST云动：中兴华会计师事务所（特殊普通合伙）关于昆明云内动力股份有限公司前期会计差错更正专项说明的审核报告,2025-08-13,http://static.cninfo.com.cn/finalpage/2025-08-13/1224461370.PDF,1224461370,会计师事务所
600987,航民股份,航民股份：航民股份关于聘任2025年度会计师事务所的公告,2025-08-13,http://static.cninfo.com.cn/finalpage/2025-08-13/1224462005.PDF,1224462005,会计师事务所
002991,甘源食品,甘源食品：会计师事务所选聘制度（2025年8月）,2025-08-13,http://static.cninfo.com.cn/finalpage/2025-08-13/1224461731.PDF,1224461731,会计师事务所
300796,贝斯美,贝斯美：会计师事务所选聘制度（2025年8月修订）,2025-08-13,http://static.cninfo.com.cn/finalpage/2025-08-13/1224460947.PDF,1224460947,会计师事务所
300065,海兰信,海兰信：天健会计师事务所对交易标的业绩真实性的专项核查意见,2025-08-13,http://static.cninfo.com.cn/finalpage/2025-08-13/1224462998.PDF,1224462998,会计师事务所
300065,海兰信,海兰信：天健会计师事务所关于海南海兰寰宇海洋信息科技有限公司最近两年及一期的审计报告,2025-08-13,http://static.cninfo.com.cn/finalpage/2025-08-13/1224462972.PDF,1224462972,会计师事务所
603199,九华旅游,九华旅游：容诚会计师事务所（特殊普通合伙）关于安徽九华山旅游发展股份有限公司向特定对象发行股票申请文件的审核问询函的回复（修订稿),2025-08-13,http://static.cninfo.com.cn/finalpage/2025-08-13/1224463080.PDF,1224463080,会计师事务所
603268,*ST松发,*ST松发：关于变更会计师事务所的公告,2025-08-13,http://static.cninfo.com.cn/finalpage/2025-08-13/1224462251.PDF,1224462251,会计师事务所
301380,挖金客,挖金客：会计师事务所选聘制度（2025年8月制定）,2025-08-13,http://static.cninfo.com.cn/finalpage/2025-08-13/1224462882.PDF,1224462882,会计师事务所
300688,创业黑马,创业黑马：中兴华会计师事务所（特殊普通合伙）关于创业黑马科技集团股份有限公司发行股份及支付现金购买资产并募集配套资金申请的审核问询函的专项说明,2025-08-12,http://static.cninfo.com.cn/finalpage/2025-08-12/1224462345.PDF,1224462345,会计师事务所
300047,天源迪科,天源迪科：会计师事务所选聘制度（2025年8月）,2025-08-12,http://static.cninfo.com.cn/finalpage/2025-08-12/1224445731.PDF,1224445731,会计师事务所
430476,海能技术,[临时公告]海能技术:会计师事务所选聘制度,2025-08-12,http://static.cninfo.com.cn/finalpage/2025-08-12/1224462701.PDF,1224462701,会计师事务所
831396,许昌智能,[临时公告]许昌智能:会计师事务所选聘制度,2025-08-12,http://static.cninfo.com.cn/finalpage/2025-08-12/1224462710.PDF,1224462710,会计师事务所
003015,日久光电,日久光电：会计师事务所选聘制度,2025-08-12,http://static.cninfo.com.cn/finalpage/2025-08-12/1224443831.PDF,1224443831,会计师事务所
837663,明阳科技,[临时公告]明阳科技:会计师事务所选聘制度,2025-08-12,http://static.cninfo.com.cn/finalpage/2025-08-12/1224462600.PDF,1224462600,会计师事务所
603166,福达股份,福达股份：福达股份会计师事务所选聘制度（2025年8月）,2025-08-12,http://static.cninfo.com.cn/finalpage/2025-08-12/1224444002.PDF,1224444002,会计师事务所
603268,*ST松发,*ST松发：中汇会计师事务所（特殊普通合伙）关于广东松发陶瓷股份有限公司向特定对象发行股票募集配套资金之验资报告,2025-08-12,http://static.cninfo.com.cn/finalpage/2025-08-12/1224444420.PDF,1224444420,会计师事务所
002047,*ST宝鹰,*ST宝鹰：关于续聘2025年度会计师事务所的公告,2025-08-12,http://static.cninfo.com.cn/finalpage/2025-08-12/1224444801.PDF,1224444801,会计师事务所
002920,德赛西威,德赛西威：关于公司拟续聘会计师事务所的公告,2025-08-12,http://static.cninfo.com.cn/finalpage/2025-08-12/1224445077.PDF,1224445077,会计师事务所
603499,翔港科技,翔港科技：会计师事务所选聘制度（2025年8月修订）,2025-08-12,http://static.cninfo.com.cn/finalpage/2025-08-12/1224444565.PDF,1224444565,会计师事务所
603268,*ST松发,*ST松发：天健会计师事务所（特殊普通合伙）关于广东松发陶瓷股份有限公司向特定对象发行股票募集配套资金之验资报告,2025-08-12,http://static.cninfo.com.cn/finalpage/2025-08-12/1224444418.PDF,1224444418,会计师事务所
603210,泰鸿万立,泰鸿万立：会计师事务所选聘制度（2025年8月修订）,2025-08-12,http://static.cninfo.com.cn/finalpage/2025-08-12/1224444385.PDF,1224444385,会计师事务所
002277,友阿股份,友阿股份：立信会计师事务所（特殊普通合伙）关于深圳证券交易所《关于湖南友谊阿波罗商业股份有限公司发行股份购买资产并募集配套资金申请的审核问询函》之专项回复意见,2025-08-12,http://static.cninfo.com.cn/finalpage/2025-08-12/1224445742.PDF,1224445742,会计师事务所
600359,新农开发,新农开发：新疆塔里木农业综合开发股份有限公司关于拟变更会计师事务所的公告,2025-08-12,http://static.cninfo.com.cn/finalpage/2025-08-12/1224445243.PDF,1224445243,会计师事务所
002419,天虹股份,天虹股份：会计师事务所选聘制度（2025年修订）,2025-08-12,http://static.cninfo.com.cn/finalpage/2025-08-12/1224445119.PDF,1224445119,会计师事务所
600197,伊力特,伊力特：新疆伊力特实业股份有限公司续聘会计师事务所的公告,2025-08-12,http://static.cninfo.com.cn/finalpage/2025-08-12/1224444931.PDF,1224444931,会计师事务所
688166,博瑞医药,博瑞医药：公证天业会计师事务所（特殊普通合伙）关于博瑞生物医药（苏州）股份有限公司向特定对象发行股票的财务报告及审计报告,2025-08-12,http://static.cninfo.com.cn/finalpage/2025-08-12/1224443793.PDF,1224443793,会计师事务所
838275,驱动力,[临时公告]驱动力:会计师事务所选聘制度,2025-08-11,http://static.cninfo.com.cn/finalpage/2025-08-11/1224444912.PDF,1224444912,会计师事务所
831175,派诺科技,[临时公告]派诺科技:会计师事务所选聘制度,2025-08-11,http://static.cninfo.com.cn/finalpage/2025-08-11/1224445024.PDF,1224445024,会计师事务所
871753,天纺标,[临时公告]天纺标:会计师事务所选聘制度,2025-08-11,http://static.cninfo.com.cn/finalpage/2025-08-11/1224445556.PDF,1224445556,会计师事务所
300651,金陵体育,金陵体育：选聘会计师事务所制度（2025年8月）,2025-08-09,http://static.cninfo.com.cn/finalpage/2025-08-09/1224440257.PDF,1224440257,会计师事务所
688399,硕世生物,硕世生物：江苏硕世生物科技股份有限公司关于续聘会计师事务所的公告,2025-08-09,http://static.cninfo.com.cn/finalpage/2025-08-09/1224441306.PDF,1224441306,会计师事务所
300072,海新能科,海新能科：关于拟续聘公司2025年度会计师事务所的公告,2025-08-09,http://static.cninfo.com.cn/finalpage/2025-08-09/1224441675.PDF,1224441675,会计师事务所
301372,科净源,科净源：会计师事务所选聘制度（2025年8月）,2025-08-09,http://static.cninfo.com.cn/finalpage/2025-08-09/1224442424.PDF,1224442424,会计师事务所
605555,德昌股份,德昌股份：立信会计师事务所（特殊普通合伙）关于宁波德昌电机股份有限公司向特定对象发行股票的财务报告及审计报告,2025-08-09,http://static.cninfo.com.cn/finalpage/2025-08-09/1224440418.PDF,1224440418,会计师事务所
002123,梦网科技,梦网科技：中喜会计师事务所（特殊普通合伙）关于对《梦网云科技集团股份有限公司的并购重组问询函》的回复,2025-08-09,http://static.cninfo.com.cn/finalpage/2025-08-09/1224442867.PDF,1224442867,会计师事务所
301356,天振股份,天振股份：会计师事务所选聘制度（2025年8月）,2025-08-09,http://static.cninfo.com.cn/finalpage/2025-08-09/1224442097.PDF,1224442097,会计师事务所
003013,地铁设计,地铁设计：广东司农会计师事务所（特殊普通合伙）《关于广州地铁设计研究院股份有限公司发行股份购买资产并募集配套资金申请的审核问询函的回复》之专项核查意见,2025-08-09,http://static.cninfo.com.cn/finalpage/2025-08-09/1224442494.PDF,1224442494,会计师事务所
600206,有研新材,有研新材：信永中和会计师事务所（特殊普通合伙）关于有研新材料股份有限公司向特定对象发行股票的财务报告及审计报告,2025-08-09,http://static.cninfo.com.cn/finalpage/2025-08-09/1224440127.PDF,1224440127,会计师事务所
300453,三鑫医疗,三鑫医疗：会计师事务所选聘制度（2025年8月）,2025-08-09,http://static.cninfo.com.cn/finalpage/2025-08-09/1224441718.PDF,1224441718,会计师事务所
688003,天准科技,天准科技：中汇会计师事务所（特殊普通合伙）关于上海证券交易所《关于对苏州天准科技股份有限公司向不特定对象发行可转换公司债券申请文件的审核问询函》有关财务问题回复的专项说明,2025-08-09,http://static.cninfo.com.cn/finalpage/2025-08-09/1224442146.PDF,1224442146,会计师事务所
600706,曲江文旅,曲江文旅：希格玛会计师事务所（特殊普通合伙）关于西安曲江文化旅游股份有限公司2024 年年度报告的信息披露监管问询函的专项说明,2025-08-09,http://static.cninfo.com.cn/finalpage/2025-08-09/1224442650.PDF,1224442650,会计师事务所
300072,海新能科,海新能科：选聘会计师事务所管理办法（2025年08月）,2025-08-09,http://static.cninfo.com.cn/finalpage/2025-08-09/1224441684.PDF,1224441684,会计师事务所
688800,瑞可达,瑞可达：容诚会计师事务所（特殊普通合伙）关于苏州瑞可达连接系统股份有限公司向不特定对象发行可转换公司债券申请文件的审核问询函的回复,2025-08-08,http://static.cninfo.com.cn/finalpage/2025-08-08/1224424877.PDF,1224424877,会计师事务所
300824,北鼎股份,北鼎股份：会计师事务所选聘制度,2025-08-08,http://static.cninfo.com.cn/finalpage/2025-08-08/1224425384.PDF,1224425384,会计师事务所
300627,华测导航,华测导航：会计师事务所选聘制度,2025-08-08,http://static.cninfo.com.cn/finalpage/2025-08-08/1224426606.PDF,1224426606,会计师事务所
835237,力佳科技,[临时公告]力佳科技:会计师事务所选聘制度,2025-08-08,http://static.cninfo.com.cn/finalpage/2025-08-08/1224442819.PDF,1224442819,会计师事务所
835207,众诚科技,[临时公告]众诚科技:会计师事务所选聘制度,2025-08-08,http://static.cninfo.com.cn/finalpage/2025-08-08/1224442860.PDF,1224442860,会计师事务所
300647,超频三,超频三：会计师事务所选聘制度（2025年8月）,2025-08-08,http://static.cninfo.com.cn/finalpage/2025-08-08/1224424766.PDF,1224424766,会计师事务所
688083,中望软件,中望软件：关于续聘会计师事务所公告,2025-08-08,http://static.cninfo.com.cn/finalpage/2025-08-08/1224426129.PDF,1224426129,会计师事务所
002270,华明装备,华明装备：关于拟续聘会计师事务所的公告,2025-08-08,http://static.cninfo.com.cn/finalpage/2025-08-08/1224425956.PDF,1224425956,会计师事务所
301052,果麦文化,果麦文化：会计师事务所选聘制度（2025年8月）,2025-08-08,http://static.cninfo.com.cn/finalpage/2025-08-08/1224425332.PDF,1224425332,会计师事务所
688535,华海诚科,华海诚科：中汇会计师事务所（特殊普通合伙）关于《关于江苏华海诚科新材料股份有限公司发行股份、可转换公司债券及支付现金购买资产并募集配套资金申请的审核问询函》之回复（修订稿）,2025-08-08,http://static.cninfo.com.cn/finalpage/2025-08-08/1224426514.PDF,1224426514,会计师事务所
603776,永安行,永安行：容诚会计师事务所（特殊普通合伙）关于公司向特定对象发行股票申请文件的审核问询函的回复,2025-08-08,http://static.cninfo.com.cn/finalpage/2025-08-08/1224426448.PDF,1224426448,会计师事务所
832566,梓橦宫,[临时公告]梓橦宫:会计师事务所选聘制度,2025-08-08,http://static.cninfo.com.cn/finalpage/2025-08-08/1224441317.PDF,1224441317,会计师事务所
600470,六国化工,六国化工：容诚会计师事务所（特殊普通合伙）关于六国化工向特定对象发行股票申请文件的审核问询函的回复,2025-08-08,http://static.cninfo.com.cn/finalpage/2025-08-08/1224425194.PDF,1224425194,会计师事务所
300725,药石科技,药石科技：会计师事务所选聘制度（2025年8月）,2025-08-08,http://static.cninfo.com.cn/finalpage/2025-08-08/1224425700.PDF,1224425700,会计师事务所
002270,华明装备,华明装备：会计师事务所选聘制度（2025年8月）,2025-08-08,http://static.cninfo.com.cn/finalpage/2025-08-08/1224425930.PDF,1224425930,会计师事务所
300725,药石科技,药石科技：关于拟变更会计师事务所的公告,2025-08-08,http://static.cninfo.com.cn/finalpage/2025-08-08/1224425683.PDF,1224425683,会计师事务所
300921,南凌科技,南凌科技：会计师事务所选聘制度（2025年8月）,2025-08-07,http://static.cninfo.com.cn/finalpage/2025-08-07/1224426330.PDF,1224426330,会计师事务所
002995,天地在线,天地在线：大信会计师事务所（特殊普通合伙）关于北京全时天地在线网络信息股份有限公司发行股份购买资产并募集配套资金申请的审核问询函中有关财务事项的说明,2025-08-07,http://static.cninfo.com.cn/finalpage/2025-08-07/1224414842.PDF,1224414842,会计师事务所
605599,菜百股份,菜百股份：北京菜市口百货股份有限公司续聘会计师事务所公告,2025-08-07,http://static.cninfo.com.cn/finalpage/2025-08-07/1224414899.PDF,1224414899,会计师事务所
300352,北信源,北信源：会计师事务所选聘制度（2025年8月）,2025-08-07,http://static.cninfo.com.cn/finalpage/2025-08-07/1224413670.PDF,1224413670,会计师事务所
180203,招商高速公路REIT,招商高速公路REIT：招商基金招商公路高速公路封闭式基础设施证券投资基金改聘会计师事务所公告,2025-08-07,http://static.cninfo.com.cn/finalpage/2025-08-07/1224412809.PDF,1224412809,会计师事务所
603097,江苏华辰,江苏华辰：天健会计师事务所（特殊普通合伙）关于江苏华辰变压器股份有限公司以自筹资金预先投入募投项目及支付发行费用的鉴证报告,2025-08-07,http://static.cninfo.com.cn/finalpage/2025-08-07/1224413137.PDF,1224413137,会计师事务所
300694,蠡湖股份,蠡湖股份：《无锡蠡湖增压技术股份有限公司会计师事务所选聘制度》（2025年8月）,2025-08-07,http://static.cninfo.com.cn/finalpage/2025-08-07/1224414127.PDF,1224414127,会计师事务所
603733,仙鹤股份,仙鹤股份：仙鹤股份有限公司会计师事务所选聘制度（2025年8月修订）,2025-08-07,http://static.cninfo.com.cn/finalpage/2025-08-07/1224414426.PDF,1224414426,会计师事务所
000936,华西股份,华西股份：会计师事务所选聘制度,2025-08-07,http://static.cninfo.com.cn/finalpage/2025-08-07/1224413475.PDF,1224413475,会计师事务所
000065,北方国际,北方国际：立信会计师事务所（特殊普通合伙）关于北方国际合作股份有限公司申请向特定 对象发行股票的审核问询函的回复,2025-08-07,http://static.cninfo.com.cn/finalpage/2025-08-07/1224414630.PDF,1224414630,会计师事务所
000862,银星能源,银星能源：关于拟续聘会计师事务所的公告,2025-08-07,http://static.cninfo.com.cn/finalpage/2025-08-07/1224414345.PDF,1224414345,会计师事务所
871970,大禹生物,[临时公告]大禹生物:会计师事务所选聘制度,2025-08-07,http://static.cninfo.com.cn/finalpage/2025-08-07/1224425132.PDF,1224425132,会计师事务所
838171,邦德股份,[临时公告]邦德股份:会计师事务所选聘制度,2025-08-06,http://static.cninfo.com.cn/finalpage/2025-08-06/1224414724.PDF,1224414724,会计师事务所
834475,三友科技,[临时公告]三友科技:会计师事务所选聘制度,2025-08-06,http://static.cninfo.com.cn/finalpage/2025-08-06/1224414472.PDF,1224414472,会计师事务所
833873,中设咨询,[临时公告]中设咨询:会计师事务所选聘制度,2025-08-06,http://static.cninfo.com.cn/finalpage/2025-08-06/1224414085.PDF,1224414085,会计师事务所
832469,富恒新材,[临时公告]富恒新材:会计师事务所选聘制度,2025-08-06,http://static.cninfo.com.cn/finalpage/2025-08-06/1224414560.PDF,1224414560,会计师事务所
833509,同惠电子,[临时公告]同惠电子:会计师事务所选聘制度,2025-08-06,http://static.cninfo.com.cn/finalpage/2025-08-06/1224414648.PDF,1224414648,会计师事务所
603926,铁流股份,铁流股份：铁流股份有限公司会计师事务所选聘制度（2025年8月）,2025-08-06,http://static.cninfo.com.cn/finalpage/2025-08-06/1224400718.PDF,1224400718,会计师事务所
600577,精达股份,精达股份：容诚会计师事务所（特殊普通合伙）关于铜陵精达特种电磁线股份有限公司向不特定对象发行可转换公司债券申请文件的审核问询函的回复,2025-08-06,http://static.cninfo.com.cn/finalpage/2025-08-06/1224401039.PDF,1224401039,会计师事务所
600328,中盐化工,中盐化工：立信会计师事务所（特殊普通合伙）对上海证券交易所《关于对中盐内蒙古化工股份有限公司重大资产重组草案的问询函》的回复,2025-08-06,http://static.cninfo.com.cn/finalpage/2025-08-06/1224400961.PDF,1224400961,会计师事务所
600515,海南机场,海南机场：海南机场设施股份有限公司关于聘任会计师事务所的公告,2025-08-06,http://static.cninfo.com.cn/finalpage/2025-08-06/1224400987.PDF,1224400987,会计师事务所
605199,ST葫芦娃,ST葫芦娃：海南葫芦娃药业集团股份有限公司关于聘任会计师事务所对2023年度财务报表进行审计的公告,2025-08-06,http://static.cninfo.com.cn/finalpage/2025-08-06/1224401049.PDF,1224401049,会计师事务所
836247,华密新材,[临时公告]华密新材:会计师事务所选聘制度,2025-08-06,http://static.cninfo.com.cn/finalpage/2025-08-06/1224414328.PDF,1224414328,会计师事务所
836422,润普食品,[临时公告]润普食品:会计师事务所选聘制度,2025-08-06,http://static.cninfo.com.cn/finalpage/2025-08-06/1224414183.PDF,1224414183,会计师事务所
000905,厦门港务,厦门港务：厦门港务关于拟续聘会计师事务所的公告,2025-08-06,http://static.cninfo.com.cn/finalpage/2025-08-06/1224401771.PDF,1224401771,会计师事务所
300779,惠城环保,惠城环保：立信会计师事务所（特殊普通合伙）关于青岛惠城环保科技集团股份有限公司申请向特定对象发行股票审核问询函回复,2025-08-05,http://static.cninfo.com.cn/finalpage/2025-08-05/1224400643.PDF,1224400643,会计师事务所
301368,丰立智能,丰立智能：会计师事务所选聘制度（2025年8月）,2025-08-05,http://static.cninfo.com.cn/finalpage/2025-08-05/1224386276.PDF,1224386276,会计师事务所
300768,迪普科技,迪普科技：会计师事务所选聘制度（2025年8月）,2025-08-05,http://static.cninfo.com.cn/finalpage/2025-08-05/1224386749.PDF,1224386749,会计师事务所
300301,ST长方,ST长方：会计师事务所选聘制度（2025年8月）,2025-08-05,http://static.cninfo.com.cn/finalpage/2025-08-05/1224387609.PDF,1224387609,会计师事务所
920002,万达轴承,[临时公告]万达轴承:会计师事务所选聘制度,2025-08-05,http://static.cninfo.com.cn/finalpage/2025-08-05/1224401699.PDF,1224401699,会计师事务所
002588,史丹利,史丹利：会计师事务所选聘制度（2025年8月）,2025-08-05,http://static.cninfo.com.cn/finalpage/2025-08-05/1224387496.PDF,1224387496,会计师事务所
002824,和胜股份,和胜股份：会计师事务所选聘制度,2025-08-05,http://static.cninfo.com.cn/finalpage/2025-08-05/1224385846.PDF,1224385846,会计师事务所
920002,万达轴承,[临时公告]万达轴承:会计师事务所选聘制度,2025-08-05,http://static.cninfo.com.cn/finalpage/2025-08-05/1225288934.PDF,1225288934,会计师事务所
600520,三佳科技,三佳科技：三佳科技关于拟变更会计师事务所的公告,2025-08-05,http://static.cninfo.com.cn/finalpage/2025-08-05/1224385720.PDF,1224385720,会计师事务所
688152,麒麟信安,麒麟信安：麒麟信安：天职国际会计师事务所（特殊普通合伙）关于湖南麒麟信安科技股份有限公司2024年年度报告信息披露监管问询函的回复,2025-08-05,http://static.cninfo.com.cn/finalpage/2025-08-05/1224385552.PDF,1224385552,会计师事务所
603129,春风动力,春风动力：立信会计师事务所（特殊普通合伙）关于浙江春风动力股份有限公司向不特定对象发行可转换公司债券的财务报告及审计报告,2025-08-05,http://static.cninfo.com.cn/finalpage/2025-08-05/1224385407.PDF,1224385407,会计师事务所
832978,开特股份,[临时公告]开特股份:会计师事务所选聘制度,2025-08-05,http://static.cninfo.com.cn/finalpage/2025-08-05/1224401441.PDF,1224401441,会计师事务所
688053,思科瑞,思科瑞：成都思科瑞微电子股份有限公司关于变更会计师事务所项目质量控制复核人的公告,2025-08-05,http://static.cninfo.com.cn/finalpage/2025-08-05/1224385292.PDF,1224385292,会计师事务所
836699,海达尔,[临时公告]海达尔:会计师事务所选聘制度,2025-08-05,http://static.cninfo.com.cn/finalpage/2025-08-05/1224401890.PDF,1224401890,会计师事务所
603819,神力股份,神力股份：神力股份：会计师事务所选聘制度（2025年8月）,2025-08-05,http://static.cninfo.com.cn/finalpage/2025-08-05/1224386617.PDF,1224386617,会计师事务所
688352,颀中科技,颀中科技：天职国际会计师事务所（特殊普通合伙）关于合肥颀中科技股份有限公司向不特定对象发行可转换公司债券申请文件的审核问询函回复,2025-08-05,http://static.cninfo.com.cn/finalpage/2025-08-05/1224387782.PDF,1224387782,会计师事务所
148110,22深投06,22深投06：中信证券股份有限公司关于深圳市投资控股有限公司会计师事务所变更的临时受托管理事务报告,2025-08-04,http://static.cninfo.com.cn/finalpage/2025-08-04/1224385246.PDF,1224385246,会计师事务所
148938,24深投07,24深投07：中信证券股份有限公司关于深圳市投资控股有限公司会计师事务所变更的临时受托管理事务报告,2025-08-04,http://static.cninfo.com.cn/finalpage/2025-08-04/1224385263.PDF,1224385263,会计师事务所
149943,22深投04,22深投04：中信证券股份有限公司关于深圳市投资控股有限公司会计师事务所变更的临时受托管理事务报告,2025-08-04,http://static.cninfo.com.cn/finalpage/2025-08-04/1224385270.PDF,1224385270,会计师事务所
524024,24深投11,24深投11：中信证券股份有限公司关于深圳市投资控股有限公司会计师事务所变更的临时受托管理事务报告,2025-08-04,http://static.cninfo.com.cn/finalpage/2025-08-04/1224385271.PDF,1224385271,会计师事务所
148350,23深投02,23深投02：中信证券股份有限公司关于深圳市投资控股有限公司会计师事务所变更的临时受托管理事务报告,2025-08-04,http://static.cninfo.com.cn/finalpage/2025-08-04/1224385250.PDF,1224385250,会计师事务所
148470,23深投06,23深投06：中信证券股份有限公司关于深圳市投资控股有限公司会计师事务所变更的临时受托管理事务报告,2025-08-04,http://static.cninfo.com.cn/finalpage/2025-08-04/1224385256.PDF,1224385256,会计师事务所
148536,23深投07,23深投07：中信证券股份有限公司关于深圳市投资控股有限公司会计师事务所变更的临时受托管理事务报告,2025-08-04,http://static.cninfo.com.cn/finalpage/2025-08-04/1224385257.PDF,1224385257,会计师事务所
148757,24深投02,24深投02：中信证券股份有限公司关于深圳市投资控股有限公司会计师事务所变更的临时受托管理事务报告,2025-08-04,http://static.cninfo.com.cn/finalpage/2025-08-04/1224385259.PDF,1224385259,会计师事务所
148844,24深投04,24深投04：中信证券股份有限公司关于深圳市投资控股有限公司会计师事务所变更的临时受托管理事务报告,2025-08-04,http://static.cninfo.com.cn/finalpage/2025-08-04/1224385261.PDF,1224385261,会计师事务所
524025,24深投12,24深投12：中信证券股份有限公司关于深圳市投资控股有限公司会计师事务所变更的临时受托管理事务报告,2025-08-04,http://static.cninfo.com.cn/finalpage/2025-08-04/1224385272.PDF,1224385272,会计师事务所
524189,25深投02,25深投02：中信证券股份有限公司关于深圳市投资控股有限公司会计师事务所变更的临时受托管理事务报告,2025-08-04,http://static.cninfo.com.cn/finalpage/2025-08-04/1224385273.PDF,1224385273,会计师事务所
524268,25深投04,25深投04：中信证券股份有限公司关于深圳市投资控股有限公司会计师事务所变更的临时受托管理事务报告,2025-08-04,http://static.cninfo.com.cn/finalpage/2025-08-04/1224385274.PDF,1224385274,会计师事务所
111117,25深投05,25深投05：中信证券股份有限公司关于深圳市投资控股有限公司会计师事务所变更的临时受托管理事务报告,2025-08-04,http://static.cninfo.com.cn/finalpage/2025-08-04/1224385239.PDF,1224385239,会计师事务所
148012,22深投05,22深投05：中信证券股份有限公司关于深圳市投资控股有限公司会计师事务所变更的临时受托管理事务报告,2025-08-04,http://static.cninfo.com.cn/finalpage/2025-08-04/1224385241.PDF,1224385241,会计师事务所
148055,22深新01,22深新01：中信证券股份有限公司关于深圳市投资控股有限公司会计师事务所变更的临时受托管理事务报告,2025-08-04,http://static.cninfo.com.cn/finalpage/2025-08-04/1224385243.PDF,1224385243,会计师事务所
148463,23深投05,23深投05：中信证券股份有限公司关于深圳市投资控股有限公司会计师事务所变更的临时受托管理事务报告,2025-08-04,http://static.cninfo.com.cn/finalpage/2025-08-04/1224385255.PDF,1224385255,会计师事务所
148899,24深投06,24深投06：中信证券股份有限公司关于深圳市投资控股有限公司会计师事务所变更的临时受托管理事务报告,2025-08-04,http://static.cninfo.com.cn/finalpage/2025-08-04/1224385262.PDF,1224385262,会计师事务所
148939,24深投08,24深投08：中信证券股份有限公司关于深圳市投资控股有限公司会计师事务所变更的临时受托管理事务报告,2025-08-04,http://static.cninfo.com.cn/finalpage/2025-08-04/1224385264.PDF,1224385264,会计师事务所
149474,21深投02,21深投02：中信证券股份有限公司关于深圳市投资控股有限公司会计师事务所变更的临时受托管理事务报告,2025-08-04,http://static.cninfo.com.cn/finalpage/2025-08-04/1224385266.PDF,1224385266,会计师事务所
149576,21深投03,21深投03：中信证券股份有限公司关于深圳市投资控股有限公司会计师事务所变更的临时受托管理事务报告,2025-08-04,http://static.cninfo.com.cn/finalpage/2025-08-04/1224385267.PDF,1224385267,会计师事务所
149683,21深投06,21深投06：中信证券股份有限公司关于深圳市投资控股有限公司会计师事务所变更的临时受托管理事务报告,2025-08-04,http://static.cninfo.com.cn/finalpage/2025-08-04/1224385268.PDF,1224385268,会计师事务所
148272,23深投01,23深投01：中信证券股份有限公司关于深圳市投资控股有限公司会计师事务所变更的临时受托管理事务报告,2025-08-04,http://static.cninfo.com.cn/finalpage/2025-08-04/1224385248.PDF,1224385248,会计师事务所
148420,23深投03,23深投03：中信证券股份有限公司关于深圳市投资控股有限公司会计师事务所变更的临时受托管理事务报告,2025-08-04,http://static.cninfo.com.cn/finalpage/2025-08-04/1224385251.PDF,1224385251,会计师事务所
148843,24深投03,24深投03：中信证券股份有限公司关于深圳市投资控股有限公司会计师事务所变更的临时受托管理事务报告,2025-08-04,http://static.cninfo.com.cn/finalpage/2025-08-04/1224385260.PDF,1224385260,会计师事务所
148954,24深投10,24深投10：中信证券股份有限公司关于深圳市投资控股有限公司会计师事务所变更的临时受托管理事务报告,2025-08-04,http://static.cninfo.com.cn/finalpage/2025-08-04/1224385265.PDF,1224385265,会计师事务所
149845,22深投01,22深投01：中信证券股份有限公司关于深圳市投资控股有限公司会计师事务所变更的临时受托管理事务报告,2025-08-04,http://static.cninfo.com.cn/finalpage/2025-08-04/1224385269.PDF,1224385269,会计师事务所
148421,23深投04,23深投04：中信证券股份有限公司关于深圳市投资控股有限公司会计师事务所变更的临时受托管理事务报告,2025-08-04,http://static.cninfo.com.cn/finalpage/2025-08-04/1224385254.PDF,1224385254,会计师事务所
148756,24深投01,24深投01：中信证券股份有限公司关于深圳市投资控股有限公司会计师事务所变更的临时受托管理事务报告,2025-08-04,http://static.cninfo.com.cn/finalpage/2025-08-04/1224385258.PDF,1224385258,会计师事务所
873527,夜光明,[临时公告]夜光明:会计师事务所选聘制度,2025-08-04,http://static.cninfo.com.cn/finalpage/2025-08-04/1224387525.PDF,1224387525,会计师事务所
833751,惠同新材,[临时公告]惠同新材:会计师事务所选聘制度,2025-08-04,http://static.cninfo.com.cn/finalpage/2025-08-04/1224387629.PDF,1224387629,会计师事务所
836892,广咨国际,[临时公告]广咨国际:会计师事务所选聘制度,2025-08-04,http://static.cninfo.com.cn/finalpage/2025-08-04/1224387031.PDF,1224387031,会计师事务所
430564,天润科技,[临时公告]天润科技:会计师事务所选聘制度,2025-08-04,http://static.cninfo.com.cn/finalpage/2025-08-04/1224387815.PDF,1224387815,会计师事务所
834407,驰诚股份,[临时公告]驰诚股份:会计师事务所选聘制度,2025-08-04,http://static.cninfo.com.cn/finalpage/2025-08-04/1224386992.PDF,1224386992,会计师事务所
837092,汉鑫科技,[临时公告]汉鑫科技:会计师事务所选聘制度,2025-08-04,http://static.cninfo.com.cn/finalpage/2025-08-04/1224387296.PDF,1224387296,会计师事务所
920037,广信科技,[临时公告]广信科技:会计师事务所选聘制度,2025-08-04,http://static.cninfo.com.cn/finalpage/2025-08-04/1224387160.PDF,1224387160,会计师事务所
002886,沃特股份,沃特股份：会计师事务所选聘制度（2025年8月）,2025-08-02,http://static.cninfo.com.cn/finalpage/2025-08-02/1224369144.PDF,1224369144,会计师事务所
688590,新致软件,新致软件：立信会计师事务所（特殊普通合伙）关于上海新致软件股份有限公司向特定对象发行股票申请文件的审核问询函的回复,2025-08-02,http://static.cninfo.com.cn/finalpage/2025-08-02/1224366363.PDF,1224366363,会计师事务所
688306,均普智能,均普智能：宁波均普智能制造股份有限公司会计师事务所选聘制度（2025年8月）,2025-08-02,http://static.cninfo.com.cn/finalpage/2025-08-02/1224368606.PDF,1224368606,会计师事务所
000507,珠海港,珠海港：关于拟续聘会计师事务所的公告,2025-08-02,http://static.cninfo.com.cn/finalpage/2025-08-02/1224367999.PDF,1224367999,会计师事务所
000617,中油资本,中油资本：关于续聘2025年度会计师事务所的公告,2025-08-02,http://static.cninfo.com.cn/finalpage/2025-08-02/1224368673.PDF,1224368673,会计师事务所
002559,亚威股份,亚威股份：苏亚金诚会计师事务所(特殊普通合伙)关于江苏亚威机床股份有限公司申请向特定对象发行股票的审核问询函的回复,2025-08-02,http://static.cninfo.com.cn/finalpage/2025-08-02/1224368890.PDF,1224368890,会计师事务所
688322,奥比中光,奥比中光：天健会计师事务所（特殊普通合伙）关于奥比中光科技集团股份有限公司2025年度向特定对象发行A股股票的财务报告及审计报告,2025-08-02,http://static.cninfo.com.cn/finalpage/2025-08-02/1224366712.PDF,1224366712,会计师事务所
688793,倍轻松,倍轻松：深圳市倍轻松科技股份有限公司会计师事务所选聘制度（2025年7月）,2025-08-02,http://static.cninfo.com.cn/finalpage/2025-08-02/1224368623.PDF,1224368623,会计师事务所
002696,百洋股份,百洋股份：关于拟变更会计师事务所的公告,2025-08-01,http://static.cninfo.com.cn/finalpage/2025-08-01/1224353992.PDF,1224353992,会计师事务所
603991,至正股份,至正股份：德勤华永会计师事务所（特殊普通合伙）关于审核中心意见落实函的回复相关事项之专项核查意见,2025-08-01,http://static.cninfo.com.cn/finalpage/2025-08-01/1224353054.PDF,1224353054,会计师事务所
301295,美硕科技,美硕科技：会计师事务所选聘制度,2025-08-01,http://static.cninfo.com.cn/finalpage/2025-08-01/1224353579.PDF,1224353579,会计师事务所
601020,华钰矿业,华钰矿业：信会师函字[2025]第ZB134号：立信会计师事务所（特殊普通合伙）关于西藏华钰矿业股份有限公司对收购股权估值调整补偿及进一步现金收购股权暨关联交易的监管工作函的回复,2025-08-01,http://static.cninfo.com.cn/finalpage/2025-08-01/1224354015.PDF,1224354015,会计师事务所
300629,新劲刚,新劲刚：会计师事务所选聘制度,2025-08-01,http://static.cninfo.com.cn/finalpage/2025-08-01/1224354707.PDF,1224354707,会计师事务所
920116,星图测控,[临时公告]星图测控:立信会计师事务所（特殊普通合伙）关于对中科星图测控技术股份有限公司年报问询函的回复,2025-08-01,http://static.cninfo.com.cn/finalpage/2025-08-01/1225289557.PDF,1225289557,会计师事务所
300452,山河药辅,山河药辅：关于拟续聘会计师事务所的公告,2025-08-01,http://static.cninfo.com.cn/finalpage/2025-08-01/1224353954.PDF,1224353954,会计师事务所
920116,星图测控,[临时公告]星图测控:立信会计师事务所（特殊普通合伙）关于对中科星图测控技术股份有限公司年报问询函的回复,2025-08-01,http://static.cninfo.com.cn/finalpage/2025-08-01/1224369167.PDF,1224369167,会计师事务所
688536,思瑞浦,思瑞浦：容诚会计师事务所（特殊普通合伙）关于思瑞浦微电子科技（苏州）股份有限公司发行可转换公司债券及支付现金购买资产并募集配套资金向特定对象发行股票验资报告,2025-08-01,http://static.cninfo.com.cn/finalpage/2025-08-01/1224354675.PDF,1224354675,会计师事务所
836961,西磁科技,[临时公告]西磁科技:会计师事务所选聘管理制度,2025-08-01,http://static.cninfo.com.cn/finalpage/2025-08-01/1224369097.PDF,1224369097,会计师事务所
301308,江波龙,江波龙：会计师事务所选聘制度（2025年修订）,2025-08-01,http://static.cninfo.com.cn/finalpage/2025-08-01/1224354172.PDF,1224354172,会计师事务所
301489,思泉新材,思泉新材：致同会计师事务所（特殊普通合伙）关于广东思泉新材料股份有限公司前次募集资金使用情况鉴证报告,2025-08-01,http://static.cninfo.com.cn/finalpage/2025-08-01/1224353921.PDF,1224353921,会计师事务所
601118,海南橡胶,海南橡胶：天健会计师事务所（特殊普通合伙）关于海南橡胶2024年年度报告的信息披露监管问询函回复的专项说明,2025-08-01,http://static.cninfo.com.cn/finalpage/2025-08-01/1224355180.PDF,1224355180,会计师事务所
301499,维科精密,维科精密：会计师事务所选聘管理制度,2025-08-01,http://static.cninfo.com.cn/finalpage/2025-08-01/1224353125.PDF,1224353125,会计师事务所
603215,比依股份,比依股份：中汇会计师事务所（特殊普通合伙）关于浙江比依电器股份有限公司向特定对象发行股票的财务报告及审计报告,2025-08-01,http://static.cninfo.com.cn/finalpage/2025-08-01/1224353846.PDF,1224353846,会计师事务所
300949,奥雅股份,奥雅股份：会计师事务所选聘制度,2025-08-01,http://static.cninfo.com.cn/finalpage/2025-08-01/1224354309.PDF,1224354309,会计师事务所
832171,志晟信息,[临时公告]志晟信息:中审众环会计师事务所（特殊普通合伙）关于对河北志晟信息技术股份有限公司2024年年报问询函的回复,2025-08-01,http://static.cninfo.com.cn/finalpage/2025-08-01/1224369094.PDF,1224369094,会计师事务所
300366,创意信息,创意信息：会计师事务所选聘制度（2025.7.31）,2025-07-31,http://static.cninfo.com.cn/finalpage/2025-07-31/1224353869.PDF,1224353869,会计师事务所
301306,西测测试,西测测试：会计师事务所选聘制度（2025年7月）,2025-07-31,http://static.cninfo.com.cn/finalpage/2025-07-31/1224342802.PDF,1224342802,会计师事务所
603327,福蓉科技,福蓉科技：关于续聘会计师事务所的公告,2025-07-31,http://static.cninfo.com.cn/finalpage/2025-07-31/1224341160.PDF,1224341160,会计师事务所
603861,白云电器,白云电器：会计师事务所选聘制度（2025年7月修订）,2025-07-31,http://static.cninfo.com.cn/finalpage/2025-07-31/1224342347.PDF,1224342347,会计师事务所
001339,智微智能,智微智能：关于续聘2025年度会计师事务所的公告,2025-07-31,http://static.cninfo.com.cn/finalpage/2025-07-31/1224342629.PDF,1224342629,会计师事务所
831832,科达自控,[临时公告]科达自控:大华会计师事务所（特殊普通合伙）关于《关于对山西科达自控股份有限公司的年报问询函》的回复,2025-07-31,http://static.cninfo.com.cn/finalpage/2025-07-31/1224355107.PDF,1224355107,会计师事务所
603309,维力医疗,维力医疗：维力医疗会计师事务所选聘制度（2025年7月修订）,2025-07-31,http://static.cninfo.com.cn/finalpage/2025-07-31/1224341578.PDF,1224341578,会计师事务所
600222,太龙药业,太龙药业：选聘会计师事务所管理办法,2025-07-31,http://static.cninfo.com.cn/finalpage/2025-07-31/1224342463.PDF,1224342463,会计师事务所
002510,天汽模,天汽模：关于续聘会计师事务所的公告,2025-07-31,http://static.cninfo.com.cn/finalpage/2025-07-31/1224342190.PDF,1224342190,会计师事务所
688115,思林杰,思林杰：天健会计师事务所（特殊普通合伙）关于广州思林杰科技股份有限公司发行股份及支付现金购买资产并募集配套资金暨关联交易申请的审核问询函中有关财务事项的说明,2025-07-31,http://static.cninfo.com.cn/finalpage/2025-07-31/1224343326.PDF,1224343326,会计师事务所
688126,沪硅产业,沪硅产业：会计师事务所选聘制度（2025年7月）,2025-07-31,http://static.cninfo.com.cn/finalpage/2025-07-31/1224341187.PDF,1224341187,会计师事务所
688200,华峰测控,华峰测控：大信会计师事务所（特殊普通合伙）关于北京华峰测控技术股份有限公司向不特定对象发行可转换公司债券申请文件的审核问询函的回复,2025-07-31,http://static.cninfo.com.cn/finalpage/2025-07-31/1224341470.PDF,1224341470,会计师事务所
600371,万向德农,万向德农：万向德农股份有限公司会计师事务所选聘制度（2025年7月修订）,2025-07-31,http://static.cninfo.com.cn/finalpage/2025-07-31/1224341429.PDF,1224341429,会计师事务所
002916,深南电路,深南电路：关于续聘会计师事务所的公告,2025-07-31,http://static.cninfo.com.cn/finalpage/2025-07-31/1224341979.PDF,1224341979,会计师事务所
300910,瑞丰新材,瑞丰新材：会计师事务所选聘制度(2025年7月修订),2025-07-31,http://static.cninfo.com.cn/finalpage/2025-07-31/1224343046.PDF,1224343046,会计师事务所
001339,智微智能,智微智能：《会计师事务所选聘制度》（2025年7月修订）,2025-07-31,http://static.cninfo.com.cn/finalpage/2025-07-31/1224342641.PDF,1224342641,会计师事务所
688115,思林杰,思林杰：信永中和会计师事务所（特殊普通合伙）《关于广州思林杰科技股份有限公司发行股份及支付现金购买资产并募集配套资金暨关联交易申请的审核问询函回复》,2025-07-31,http://static.cninfo.com.cn/finalpage/2025-07-31/1224343329.PDF,1224343329,会计师事务所
834021,"流金岁月,流金科技",[临时公告]流金科技:会计师事务所选聘制度,2025-07-31,http://static.cninfo.com.cn/finalpage/2025-07-31/1224354914.PDF,1224354914,会计师事务所
837592,华信永道,[临时公告]华信永道:会计师事务所选聘制度,2025-07-31,http://static.cninfo.com.cn/finalpage/2025-07-31/1224355141.PDF,1224355141,会计师事务所
603327,福蓉科技,福蓉科技：会计师事务所选聘管理办法,2025-07-31,http://static.cninfo.com.cn/finalpage/2025-07-31/1224341164.PDF,1224341164,会计师事务所
831167,鑫汇科,[临时公告]鑫汇科:会计师事务所选聘制度,2025-07-31,http://static.cninfo.com.cn/finalpage/2025-07-31/1224355096.PDF,1224355096,会计师事务所
831726,朱老六,[临时公告]朱老六:会计师事务所选聘制度,2025-07-31,http://static.cninfo.com.cn/finalpage/2025-07-31/1224355030.PDF,1224355030,会计师事务所
002138,顺络电子,顺络电子：选聘会计师事务所专项制度（2025年7月）,2025-07-31,http://static.cninfo.com.cn/finalpage/2025-07-31/1224342977.PDF,1224342977,会计师事务所
002916,深南电路,深南电路：会计师事务所选聘制度（2025年7月）,2025-07-31,http://static.cninfo.com.cn/finalpage/2025-07-31/1224341973.PDF,1224341973,会计师事务所
600475,华光环能,华光环能：无锡华光环保能源集团股份有限公司关于聘请会计师事务所的公告,2025-07-31,http://static.cninfo.com.cn/finalpage/2025-07-31/1224342016.PDF,1224342016,会计师事务所
600933,爱柯迪,爱柯迪：立信会计师事务所（特殊普通合伙）关于爱柯迪股份有限公司资产重组审核问询函的回复,2025-07-31,http://static.cninfo.com.cn/finalpage/2025-07-31/1224341946.PDF,1224341946,会计师事务所
300134,大富科技,大富科技：会计师事务所选聘制度(2025年7月修订）,2025-07-31,http://static.cninfo.com.cn/finalpage/2025-07-31/1224342841.PDF,1224342841,会计师事务所
600819,耀皮玻璃,耀皮玻璃：上会会计师事务所（特殊普通合伙）关于上海耀皮玻璃集团股份有限公司向特定对象发行A股股票的财务报告及审计报告,2025-07-31,http://static.cninfo.com.cn/finalpage/2025-07-31/1224340853.PDF,1224340853,会计师事务所
524189,25深投02,25深投02：深圳市投资控股有限公司关于会计师事务所变更的公告,2025-07-30,http://static.cninfo.com.cn/finalpage/2025-07-30/1224340926.PDF,1224340926,会计师事务所
148470,23深投06,23深投06：深圳市投资控股有限公司关于会计师事务所变更的公告,2025-07-30,http://static.cninfo.com.cn/finalpage/2025-07-30/1224340900.PDF,1224340900,会计师事务所
148844,24深投04,24深投04：深圳市投资控股有限公司关于会计师事务所变更的公告,2025-07-30,http://static.cninfo.com.cn/finalpage/2025-07-30/1224340910.PDF,1224340910,会计师事务所
149576,21深投03,21深投03：深圳市投资控股有限公司关于会计师事务所变更的公告,2025-07-30,http://static.cninfo.com.cn/finalpage/2025-07-30/1224340919.PDF,1224340919,会计师事务所
524025,24深投12,24深投12：深圳市投资控股有限公司关于会计师事务所变更的公告,2025-07-30,http://static.cninfo.com.cn/finalpage/2025-07-30/1224340925.PDF,1224340925,会计师事务所
148954,24深投10,24深投10：深圳市投资控股有限公司关于会计师事务所变更的公告,2025-07-30,http://static.cninfo.com.cn/finalpage/2025-07-30/1224340915.PDF,1224340915,会计师事务所
149683,21深投06,21深投06：深圳市投资控股有限公司关于会计师事务所变更的公告,2025-07-30,http://static.cninfo.com.cn/finalpage/2025-07-30/1224340920.PDF,1224340920,会计师事务所
524024,24深投11,24深投11：深圳市投资控股有限公司关于会计师事务所变更的公告,2025-07-30,http://static.cninfo.com.cn/finalpage/2025-07-30/1224340924.PDF,1224340924,会计师事务所
148012,22深投05,22深投05：深圳市投资控股有限公司关于会计师事务所变更的公告,2025-07-30,http://static.cninfo.com.cn/finalpage/2025-07-30/1224340888.PDF,1224340888,会计师事务所
148757,24深投02,24深投02：深圳市投资控股有限公司关于会计师事务所变更的公告,2025-07-30,http://static.cninfo.com.cn/finalpage/2025-07-30/1224340906.PDF,1224340906,会计师事务所
148899,24深投06,24深投06：深圳市投资控股有限公司关于会计师事务所变更的公告,2025-07-30,http://static.cninfo.com.cn/finalpage/2025-07-30/1224340912.PDF,1224340912,会计师事务所
149943,22深投04,22深投04：深圳市投资控股有限公司关于会计师事务所变更的公告,2025-07-30,http://static.cninfo.com.cn/finalpage/2025-07-30/1224340922.PDF,1224340922,会计师事务所
111117,25深投05,25深投05：深圳市投资控股有限公司关于会计师事务所变更的公告,2025-07-30,http://static.cninfo.com.cn/finalpage/2025-07-30/1224340887.PDF,1224340887,会计师事务所
148110,22深投06,22深投06：深圳市投资控股有限公司关于会计师事务所变更的公告,2025-07-30,http://static.cninfo.com.cn/finalpage/2025-07-30/1224340890.PDF,1224340890,会计师事务所
148421,23深投04,23深投04：深圳市投资控股有限公司关于会计师事务所变更的公告,2025-07-30,http://static.cninfo.com.cn/finalpage/2025-07-30/1224340896.PDF,1224340896,会计师事务所
148756,24深投01,24深投01：深圳市投资控股有限公司关于会计师事务所变更的公告,2025-07-30,http://static.cninfo.com.cn/finalpage/2025-07-30/1224340904.PDF,1224340904,会计师事务所
148938,24深投07,24深投07：深圳市投资控股有限公司关于会计师事务所变更的公告,2025-07-30,http://static.cninfo.com.cn/finalpage/2025-07-30/1224340913.PDF,1224340913,会计师事务所
524268,25深投04,25深投04：深圳市投资控股有限公司关于会计师事务所变更的公告,2025-07-30,http://static.cninfo.com.cn/finalpage/2025-07-30/1224340886.PDF,1224340886,会计师事务所
148055,22深新01,22深新01：深圳市投资控股有限公司关于会计师事务所变更的公告,2025-07-30,http://static.cninfo.com.cn/finalpage/2025-07-30/1224340889.PDF,1224340889,会计师事务所
148420,23深投03,23深投03：深圳市投资控股有限公司关于会计师事务所变更的公告,2025-07-30,http://static.cninfo.com.cn/finalpage/2025-07-30/1224340894.PDF,1224340894,会计师事务所
148843,24深投03,24深投03：深圳市投资控股有限公司关于会计师事务所变更的公告,2025-07-30,http://static.cninfo.com.cn/finalpage/2025-07-30/1224340909.PDF,1224340909,会计师事务所
148350,23深投02,23深投02：深圳市投资控股有限公司关于会计师事务所变更的公告,2025-07-30,http://static.cninfo.com.cn/finalpage/2025-07-30/1224340892.PDF,1224340892,会计师事务所
148463,23深投05,23深投05：深圳市投资控股有限公司关于会计师事务所变更的公告,2025-07-30,http://static.cninfo.com.cn/finalpage/2025-07-30/1224340899.PDF,1224340899,会计师事务所
149845,22深投01,22深投01：深圳市投资控股有限公司关于会计师事务所变更的公告,2025-07-30,http://static.cninfo.com.cn/finalpage/2025-07-30/1224340921.PDF,1224340921,会计师事务所
148272,23深投01,23深投01：深圳市投资控股有限公司关于会计师事务所变更的公告,2025-07-30,http://static.cninfo.com.cn/finalpage/2025-07-30/1224340891.PDF,1224340891,会计师事务所
148536,23深投07,23深投07：深圳市投资控股有限公司关于会计师事务所变更的公告,2025-07-30,http://static.cninfo.com.cn/finalpage/2025-07-30/1224340902.PDF,1224340902,会计师事务所
148939,24深投08,24深投08：深圳市投资控股有限公司关于会计师事务所变更的公告,2025-07-30,http://static.cninfo.com.cn/finalpage/2025-07-30/1224340914.PDF,1224340914,会计师事务所
149474,21深投02,21深投02：深圳市投资控股有限公司关于会计师事务所变更的公告,2025-07-30,http://static.cninfo.com.cn/finalpage/2025-07-30/1224340918.PDF,1224340918,会计师事务所
873122,中纺标,[临时公告]中纺标:会计师事务所选聘制度,2025-07-30,http://static.cninfo.com.cn/finalpage/2025-07-30/1224343112.PDF,1224343112,会计师事务所
688565,力源科技,力源科技：会计师事务所选聘制度,2025-07-30,http://static.cninfo.com.cn/finalpage/2025-07-30/1224329551.PDF,1224329551,会计师事务所
002513,蓝丰生化,蓝丰生化：会计师事务所选聘制度（2025年7月修订）,2025-07-30,http://static.cninfo.com.cn/finalpage/2025-07-30/1224329735.PDF,1224329735,会计师事务所
300489,光智科技,光智科技：会计师事务所选聘制度（2025年7月）,2025-07-30,http://static.cninfo.com.cn/finalpage/2025-07-30/1224329674.PDF,1224329674,会计师事务所
300476,胜宏科技,胜宏科技：关于续聘会计师事务所的公告,2025-07-30,http://static.cninfo.com.cn/finalpage/2025-07-30/1224330862.PDF,1224330862,会计师事务所
000796,凯撒旅业,凯撒旅业：关于拟聘任2025年度会计师事务所的公告,2025-07-30,http://static.cninfo.com.cn/finalpage/2025-07-30/1224330510.PDF,1224330510,会计师事务所
002456,欧菲光,欧菲光：会计师事务所选聘制度（2025年7月）,2025-07-30,http://static.cninfo.com.cn/finalpage/2025-07-30/1224330695.PDF,1224330695,会计师事务所
603220,中贝通信,中贝通信：天健会计师事务所（特殊普通合伙）关于中贝通信集团股份有限公司申请向特定对象发行股票审核问询函中有关财务事项的说明,2025-07-30,http://static.cninfo.com.cn/finalpage/2025-07-30/1224330534.PDF,1224330534,会计师事务所
301132,满坤科技,满坤科技：会计师事务所选聘制度,2025-07-30,http://static.cninfo.com.cn/finalpage/2025-07-30/1224330478.PDF,1224330478,会计师事务所
300112,万讯自控,万讯自控：深圳万讯自控股份有限公司会计师事务所选聘制度（2025年7月）,2025-07-30,http://static.cninfo.com.cn/finalpage/2025-07-30/1224330610.PDF,1224330610,会计师事务所
000890,法尔胜,法尔胜：关于拟变更会计师事务所的公告,2025-07-29,http://static.cninfo.com.cn/finalpage/2025-07-29/1224317596.PDF,1224317596,会计师事务所
600389,江山股份,江山股份：江山股份会计师事务所选聘制度,2025-07-29,http://static.cninfo.com.cn/finalpage/2025-07-29/1224317088.PDF,1224317088,会计师事务所
603228,景旺电子,景旺电子：景旺电子关于续聘会计师事务所的公告,2025-07-29,http://static.cninfo.com.cn/finalpage/2025-07-29/1224318547.PDF,1224318547,会计师事务所
301578,辰奕智能,辰奕智能：会计师事务所聘任制度,2025-07-29,http://static.cninfo.com.cn/finalpage/2025-07-29/1224318120.PDF,1224318120,会计师事务所
603228,景旺电子,景旺电子：深圳市景旺电子股份有限公司会计师事务所选聘制度（2025年7月）,2025-07-29,http://static.cninfo.com.cn/finalpage/2025-07-29/1224318550.PDF,1224318550,会计师事务所
002825,纳尔股份,纳尔股份：董事会审计委员会对会计师事务所2024年度履职情况评估及履行监督职责情况的报告,2025-07-29,http://static.cninfo.com.cn/finalpage/2025-07-29/1224317933.PDF,1224317933,会计师事务所
834033,康普化学,[临时公告]康普化学:会计师事务所选聘制度,2025-07-29,http://static.cninfo.com.cn/finalpage/2025-07-29/1224329978.PDF,1224329978,会计师事务所
838163,"方大新材,方大股份",[临时公告]方大新材:会计师事务所选聘制度,2025-07-29,http://static.cninfo.com.cn/finalpage/2025-07-29/1224329794.PDF,1224329794,会计师事务所
838701,豪声电子,[临时公告]豪声电子:会计师事务所选聘制度,2025-07-29,http://static.cninfo.com.cn/finalpage/2025-07-29/1224330757.PDF,1224330757,会计师事务所
300083,创世纪,创世纪：天职国际会计师事务所（特殊普通合伙）关于广东创世纪智能装备集团股份有限公司向特定对象发行股票问询函中有关事项的专项说明,2025-07-29,http://static.cninfo.com.cn/finalpage/2025-07-29/1224318445.PDF,1224318445,会计师事务所
002311,海大集团,海大集团：关于续聘致同会计师事务所（特殊普通合伙）为公司2025年度审计机构的公告,2025-07-29,http://static.cninfo.com.cn/finalpage/2025-07-29/1224318017.PDF,1224318017,会计师事务所
300277,海联讯,海联讯：天健会计师事务所（特殊普通合伙）关于杭州海联讯科技股份有限公司换股吸收合并杭州汽轮动力集团股份有限公司申请的审核问询函中有关财务事项的说明,2025-07-29,http://static.cninfo.com.cn/finalpage/2025-07-29/1224317910.PDF,1224317910,会计师事务所
834033,康普化学,[临时公告]康普化学:拟续聘2025年度会计师事务所公告,2025-07-29,http://static.cninfo.com.cn/finalpage/2025-07-29/1224329975.PDF,1224329975,会计师事务所
200771,杭汽轮Ｂ,杭汽轮Ｂ：天健会计师事务所（特殊普通合伙）关于杭州海联讯科技股份有限公司换股吸收合并杭州汽轮动力集团股份有限公司申请的审核问询函中有关财务事项的说明,2025-07-29,http://static.cninfo.com.cn/finalpage/2025-07-29/1224317873.PDF,1224317873,会计师事务所
688586,江航装备,江航装备：江航装备会计师事务所选聘制度,2025-07-29,http://static.cninfo.com.cn/finalpage/2025-07-29/1224317549.PDF,1224317549,会计师事务所
873726,卓兆点胶,[临时公告]卓兆点胶:会计师事务所选聘制度,2025-07-29,http://static.cninfo.com.cn/finalpage/2025-07-29/1224329893.PDF,1224329893,会计师事务所
688136,科兴制药,科兴制药：会计师事务所选聘制度,2025-07-29,http://static.cninfo.com.cn/finalpage/2025-07-29/1224317767.PDF,1224317767,会计师事务所
688173,希荻微,希荻微：立信会计师事务所（特殊普通合伙）《关于希荻微电子集团股份有限公司发行股份及支付现金购买资产并募集配套资金申请的审核问询函》的回复（修订稿）,2025-07-29,http://static.cninfo.com.cn/finalpage/2025-07-29/1224318589.PDF,1224318589,会计师事务所
837174,宏裕包材,[临时公告]宏裕包材:会计师事务所选聘制度,2025-07-29,http://static.cninfo.com.cn/finalpage/2025-07-29/1224330097.PDF,1224330097,会计师事务所
000975,山金国际,山金国际：会计师事务所选聘制度,2025-07-29,http://static.cninfo.com.cn/finalpage/2025-07-29/1224318166.PDF,1224318166,会计师事务所
838227,美登科技,[临时公告]美登科技:会计师事务所选聘制度,2025-07-29,http://static.cninfo.com.cn/finalpage/2025-07-29/1224329772.PDF,1224329772,会计师事务所
603236,移远通信,移远通信：立信会计师事务所(特殊普通合伙)关于上海移远通信技术股份有限公司向特定对象发行股票申请文件的审核问询函的回复,2025-07-29,http://static.cninfo.com.cn/finalpage/2025-07-29/1224316619.PDF,1224316619,会计师事务所
002825,纳尔股份,纳尔股份：关于会计师事务所 2024 年度履职情况的评估报告,2025-07-29,http://static.cninfo.com.cn/finalpage/2025-07-29/1224317926.PDF,1224317926,会计师事务所
688798,艾为电子,艾为电子：立信会计师事务所（特殊普通合伙）关于艾为电子截至2025年6月30日止前次募集资金使用情况报告及鉴证报告,2025-07-29,http://static.cninfo.com.cn/finalpage/2025-07-29/1224318924.PDF,1224318924,会计师事务所
600250,南京商旅,南京商旅：南京商旅：中兴华会计师事务所（特殊普通合伙）关于南京商贸旅游股份有限公司发行股份及支付现金购买资产并募集配套资金暨关联交易申请的审核问询函的回复,2025-07-29,http://static.cninfo.com.cn/finalpage/2025-07-29/1224318892.PDF,1224318892,会计师事务所
300658,延江股份,延江股份：《会计师事务所选聘制度》（2025年7月修订）,2025-07-28,http://static.cninfo.com.cn/finalpage/2025-07-28/1224299925.PDF,1224299925,会计师事务所
688209,英集芯,英集芯：《深圳英集芯科技股份有限公司会计师事务所选聘制度》（2025年7月）,2025-07-28,http://static.cninfo.com.cn/finalpage/2025-07-28/1224312186.PDF,1224312186,会计师事务所
831087,秋乐种业,[临时公告]秋乐种业:大信会计师事务所（特殊普通合伙）关于对河南秋乐种业科技股份有限公司2024年年报问询函的回复,2025-07-28,http://static.cninfo.com.cn/finalpage/2025-07-28/1224318194.PDF,1224318194,会计师事务所
600682,南京新百,南京新百：北京中名国成会计师事务所（特殊普通合伙）关于南京新百2024年年报问询函回复的核查意见,2025-07-26,http://static.cninfo.com.cn/finalpage/2025-07-26/1224300161.PDF,1224300161,会计师事务所
002971,和远气体,和远气体：立信会计师事务所（特殊普通合伙）关于湖北和远气体股份有限公司申请向特定对象发行股票的审核问询函的回复,2025-07-26,http://static.cninfo.com.cn/finalpage/2025-07-26/1224300596.PDF,1224300596,会计师事务所
601010,文峰股份,文峰股份：中兴华会计师事务所（特殊普通合伙）关于文峰大世界连锁发展股份有限公司2024年年度报告的信息披露监管问询函的回复,2025-07-26,http://static.cninfo.com.cn/finalpage/2025-07-26/1224301491.PDF,1224301491,会计师事务所
300842,帝科股份,帝科股份：北京兴华会计师事务所（特殊普通合伙）关于帝科股份深圳证券交易所现金收购问询函的专项核查意见,2025-07-26,http://static.cninfo.com.cn/finalpage/2025-07-26/1224299009.PDF,1224299009,会计师事务所
688416,恒烁股份,恒烁股份：会计师事务所选聘制度,2025-07-26,http://static.cninfo.com.cn/finalpage/2025-07-26/1224299988.PDF,1224299988,会计师事务所
002615,哈尔斯,哈尔斯：天健会计师事务所（特殊普通合伙）关于浙江哈尔斯真空器皿股份有限公司向特定对象发行股票变更签字会计师的承诺函,2025-07-26,http://static.cninfo.com.cn/finalpage/2025-07-26/1224300204.PDF,1224300204,会计师事务所
002729,好利科技,好利科技：会计师事务所选聘制度（2025年7月修订）,2025-07-26,http://static.cninfo.com.cn/finalpage/2025-07-26/1224300789.PDF,1224300789,会计师事务所
688711,宏微科技,宏微科技：江苏宏微科技股份有限公司会计师事务所选聘制度,2025-07-26,http://static.cninfo.com.cn/finalpage/2025-07-26/1224300255.PDF,1224300255,会计师事务所
600397,安源煤业,安源煤业：中兴华会计师事务所(特殊普通合伙)关于对安源煤业集团股份有限公司重大资产置换暨关联交易草案信息披露问询函的回复报告,2025-07-26,http://static.cninfo.com.cn/finalpage/2025-07-26/1224301242.PDF,1224301242,会计师事务所
603727,博迈科,博迈科：博迈科海洋工程股份有限公司会计师事务所选聘制度,2025-07-26,http://static.cninfo.com.cn/finalpage/2025-07-26/1224299172.PDF,1224299172,会计师事务所
002745,木林森,木林森：会计师事务所选聘制度（2025年7月）,2025-07-26,http://static.cninfo.com.cn/finalpage/2025-07-26/1224299817.PDF,1224299817,会计师事务所
603070,万控智造,万控智造：万控智造：会计师事务所选聘制度（2025年7月修订）,2025-07-26,http://static.cninfo.com.cn/finalpage/2025-07-26/1224300322.PDF,1224300322,会计师事务所
603636,南威软件,南威软件：北京德皓国际会计师事务所（特殊普通合伙）关于南威软件股份有限公司2024年年度报告的信息披露监管问询函的回复,2025-07-26,http://static.cninfo.com.cn/finalpage/2025-07-26/1224298962.PDF,1224298962,会计师事务所
603613,国联股份,国联股份：立信会计师事务所（特殊普通合伙）关于北京国联视讯信息技术股份有限公司2024年年度报告的信息披露监管工作函之部分回复报告-信会师报字[2025]第ZG12707号,2025-07-26,http://static.cninfo.com.cn/finalpage/2025-07-26/1224299501.PDF,1224299501,会计师事务所
600423,柳化股份,柳化股份：立信会计师事务所（特殊普通合伙）关于柳化股份前期会计差错更正专项说明的鉴证报告,2025-07-26,http://static.cninfo.com.cn/finalpage/2025-07-26/1224299948.PDF,1224299948,会计师事务所
300994,久祺股份,久祺股份：会计师事务所选聘制度,2025-07-26,http://static.cninfo.com.cn/finalpage/2025-07-26/1224299611.PDF,1224299611,会计师事务所
688711,宏微科技,宏微科技：江苏宏微科技股份有限公司关于变更会计师事务所的公告,2025-07-26,http://static.cninfo.com.cn/finalpage/2025-07-26/1224300256.PDF,1224300256,会计师事务所
600373,中文传媒,中文传媒：大信会计师事务所（特殊普通合伙）关于《关于中文天地出版传媒集团股份有限公司2024年年度报告的信息披露监管问询函》的回复,2025-07-26,http://static.cninfo.com.cn/finalpage/2025-07-26/1224300801.PDF,1224300801,会计师事务所
301041,金百泽,金百泽：会计师事务所选聘制度(2025年7月),2025-07-26,http://static.cninfo.com.cn/finalpage/2025-07-26/1224300471.PDF,1224300471,会计师事务所
301487,盟固利,盟固利：会计师事务所选聘制度（2025年7月）,2025-07-26,http://static.cninfo.com.cn/finalpage/2025-07-26/1224301166.PDF,1224301166,会计师事务所
002520,日发精机,日发精机：关于续聘会计师事务所的公告,2025-07-26,http://static.cninfo.com.cn/finalpage/2025-07-26/1224298937.PDF,1224298937,会计师事务所
000988,华工科技,华工科技：关于拟续聘会计师事务所的公告,2025-07-26,http://static.cninfo.com.cn/finalpage/2025-07-26/1224299184.PDF,1224299184,会计师事务所
300779,惠城环保,惠城环保：立信会计师事务所（特殊普通合伙）关于青岛惠城环保科技集团股份有限公司申请向特定对象发行股票审核问询函回复,2025-07-25,http://static.cninfo.com.cn/finalpage/2025-07-25/1224300775.PDF,1224300775,会计师事务所
300818,耐普矿机,耐普矿机：北京德皓国际会计师事务所关于对江西耐普矿机股份有限公司申请向不特定对象发行可转换公司债券的审核问询函中有关财务事项的说明,2025-07-25,http://static.cninfo.com.cn/finalpage/2025-07-25/1224299079.PDF,1224299079,会计师事务所
920445,龙竹科技,[临时公告]龙竹科技:会计师事务所选聘制度,2025-07-25,http://static.cninfo.com.cn/finalpage/2025-07-25/1225294169.PDF,1225294169,会计师事务所
688429,时创能源,时创能源：常州时创能源股份有限公司会计师事务所选聘制度,2025-07-25,http://static.cninfo.com.cn/finalpage/2025-07-25/1224282576.PDF,1224282576,会计师事务所
002598,山东章鼓,山东章鼓：选聘会计师事务所专项制度（2025年7月）,2025-07-25,http://static.cninfo.com.cn/finalpage/2025-07-25/1224283054.PDF,1224283054,会计师事务所
600734,实达集团,实达集团：福建实达集团股份有限公司选聘会计师事务所管理办法,2025-07-25,http://static.cninfo.com.cn/finalpage/2025-07-25/1224282216.PDF,1224282216,会计师事务所
688455,科捷智能,科捷智能：毕马威华振会计师事务所 (特殊普通合伙) 关于科捷智能科技股份有限公司2024年年度报告的信息披露监管问询函回复的专项说明,2025-07-25,http://static.cninfo.com.cn/finalpage/2025-07-25/1224281750.PDF,1224281750,会计师事务所
301389,隆扬电子,隆扬电子：容诚会计师事务所（特殊普通合伙）关于深圳证券交易所《关于对隆扬电子(昆山)股份有限公司的重组问询函》的回复中有关财务会计问题的专项说明,2025-07-25,http://static.cninfo.com.cn/finalpage/2025-07-25/1224282469.PDF,1224282469,会计师事务所
603110,东方材料,东方材料：容诚会计师事务所(特殊普通合伙)关于新东方新材料股份有限公司2024年年度报告的信息披露监管问询函中关于财务问题的专项说明,2025-07-25,http://static.cninfo.com.cn/finalpage/2025-07-25/1224281846.PDF,1224281846,会计师事务所
002047,*ST宝鹰,*ST宝鹰：大华会计师事务所（特殊普通合伙）关于旦华复能（珠海）新能源科技有限公司审计报告,2025-07-25,http://static.cninfo.com.cn/finalpage/2025-07-25/1224282950.PDF,1224282950,会计师事务所
920445,龙竹科技,[临时公告]龙竹科技:会计师事务所选聘制度,2025-07-25,http://static.cninfo.com.cn/finalpage/2025-07-25/1224300863.PDF,1224300863,会计师事务所
831906,舜宇精工,[临时公告]舜宇精工:中汇会计师事务所（特殊普通合伙）关于宁波舜宇精工股份有限公司对北京证券交易所年报问询函的回复,2025-07-25,http://static.cninfo.com.cn/finalpage/2025-07-25/1224301140.PDF,1224301140,会计师事务所
603378,亚士创能,亚士创能：立信会计师事务所（特殊普通合伙）关于亚士创能2024年年度报告的信息披露监管问询函的回复,2025-07-25,http://static.cninfo.com.cn/finalpage/2025-07-25/1224282011.PDF,1224282011,会计师事务所
688172,燕东微,燕东微：北京德皓国际会计师事务所(特殊普通合伙)关于北京燕东微电子股份有限公司向特定对象发行股票验资报告,2025-07-25,http://static.cninfo.com.cn/finalpage/2025-07-25/1224281854.PDF,1224281854,会计师事务所
688323,瑞华泰,瑞华泰：深圳瑞华泰薄膜科技股份有限公司会计师事务所选聘制度,2025-07-25,http://static.cninfo.com.cn/finalpage/2025-07-25/1224282358.PDF,1224282358,会计师事务所
301607,富特科技,富特科技：会计师事务所选聘制度,2025-07-25,http://static.cninfo.com.cn/finalpage/2025-07-25/1224281619.PDF,1224281619,会计师事务所
002047,*ST宝鹰,*ST宝鹰：安礼华粤（广东）会计师事务所（特殊普通合伙）关于旦华复能（珠海）新能源科技有限公司审计报告,2025-07-25,http://static.cninfo.com.cn/finalpage/2025-07-25/1224282948.PDF,1224282948,会计师事务所
836221,易实精密,[临时公告]易实精密:会计师事务所选聘制度,2025-07-25,http://static.cninfo.com.cn/finalpage/2025-07-25/1224300967.PDF,1224300967,会计师事务所
839493,并行科技,[临时公告]并行科技:会计师事务所选聘制度,2025-07-25,http://static.cninfo.com.cn/finalpage/2025-07-25/1224301496.PDF,1224301496,会计师事务所
600328,中盐化工,中盐化工：立信会计师事务所关于中盐（内蒙古）碱业有限公司的审计报告,2025-07-24,http://static.cninfo.com.cn/finalpage/2025-07-24/1224270211.PDF,1224270211,会计师事务所
301608,博实结,博实结：会计师事务所选聘制度（2025年7月）,2025-07-24,http://static.cninfo.com.cn/finalpage/2025-07-24/1224269750.PDF,1224269750,会计师事务所
002284,亚太股份,亚太股份：会计师事务所选聘制度（2025年7月）,2025-07-24,http://static.cninfo.com.cn/finalpage/2025-07-24/1224268852.PDF,1224268852,会计师事务所
002700,万憬能源,万憬能源：公司会计师事务所选聘管理办法,2025-07-24,http://static.cninfo.com.cn/finalpage/2025-07-24/1224269418.PDF,1224269418,会计师事务所
001359,平安电工,平安电工：会计师事务所选聘制度,2025-07-24,http://static.cninfo.com.cn/finalpage/2025-07-24/1224269937.PDF,1224269937,会计师事务所
300660,江苏雷利,江苏雷利：会计师事务所选聘制度（2025年7月）,2025-07-24,http://static.cninfo.com.cn/finalpage/2025-07-24/1224268639.PDF,1224268639,会计师事务所
603199,九华旅游,九华旅游：容诚会计师事务所（特殊普通合伙）关于安徽九华山旅游发展股份有限公司向特定对象发行股票申请文件的审核问询函的回复,2025-07-24,http://static.cninfo.com.cn/finalpage/2025-07-24/1224270082.PDF,1224270082,会计师事务所
836149,旭杰科技,[临时公告]旭杰科技:会计师事务所选聘制度,2025-07-24,http://static.cninfo.com.cn/finalpage/2025-07-24/1224283101.PDF,1224283101,会计师事务所
920027,交大铁发,[临时公告]交大铁发:会计师事务所选聘制度,2025-07-24,http://static.cninfo.com.cn/finalpage/2025-07-24/1225293921.PDF,1225293921,会计师事务所
600328,中盐化工,中盐化工：立信会计师事务所关于中盐内蒙古化工股份有限公司本次重大资产重组前业绩异常的专项核查意见,2025-07-24,http://static.cninfo.com.cn/finalpage/2025-07-24/1224270228.PDF,1224270228,会计师事务所
833914,远航精密,[临时公告]远航精密:会计师事务所选聘制度,2025-07-24,http://static.cninfo.com.cn/finalpage/2025-07-24/1224282996.PDF,1224282996,会计师事务所
920027,交大铁发,[临时公告]交大铁发:会计师事务所选聘制度,2025-07-24,http://static.cninfo.com.cn/finalpage/2025-07-24/1224282959.PDF,1224282959,会计师事务所
300542,新晨科技,新晨科技：会计师事务所选聘制度（2025年7月）,2025-07-24,http://static.cninfo.com.cn/finalpage/2025-07-24/1224269052.PDF,1224269052,会计师事务所
605365,立达信,立达信：立达信物联科技股份有限公司会计师事务所选聘制度（2025年7月修订）,2025-07-24,http://static.cninfo.com.cn/finalpage/2025-07-24/1224269010.PDF,1224269010,会计师事务所
603728,鸣志电器,鸣志电器：年审会计师事务所关于对上海证券交易所对公司2024年年报问询函的回复,2025-07-24,http://static.cninfo.com.cn/finalpage/2025-07-24/1224268712.PDF,1224268712,会计师事务所
301632,广东建科,广东建科：立信会计师事务所（特殊普通合伙）关于公司首次公开发行股票并在创业板上市的财务报表及审计报告,2025-07-24,http://static.cninfo.com.cn/finalpage/2025-07-24/1224270196.PDF,1224270196,会计师事务所
600719,大连热电,大连热电：大连热电股份有限公司会计师事务所选聘管理制度,2025-07-24,http://static.cninfo.com.cn/finalpage/2025-07-24/1224268434.PDF,1224268434,会计师事务所
600590,泰豪科技,泰豪科技：大信会计师事务所关于对泰豪科技股份有限公司2024年年度报告的信息披露监管工作函的回复,2025-07-24,http://static.cninfo.com.cn/finalpage/2025-07-24/1224269265.PDF,1224269265,会计师事务所
300968,格林精密,格林精密：关于续聘会计师事务所的公告,2025-07-24,http://static.cninfo.com.cn/finalpage/2025-07-24/1224269434.PDF,1224269434,会计师事务所
603301,振德医疗,振德医疗：振德医疗会计师事务所选聘制度,2025-07-24,http://static.cninfo.com.cn/finalpage/2025-07-24/1224269689.PDF,1224269689,会计师事务所
600289,ST信通,ST信通：亿阳信通会计师事务所选聘制度（2025年7月修订）,2025-07-23,http://static.cninfo.com.cn/finalpage/2025-07-23/1224255847.PDF,1224255847,会计师事务所
600073,光明肉业,光明肉业：光明肉业关于续聘会计师事务所的公告,2025-07-23,http://static.cninfo.com.cn/finalpage/2025-07-23/1224255957.PDF,1224255957,会计师事务所
600299,安迪苏,安迪苏：毕马威华振会计师事务所 (特殊普通合伙) 关于蓝星安迪苏股份有限公司向特定对象发行股票申请文件的审核问询函回复的专项说明,2025-07-23,http://static.cninfo.com.cn/finalpage/2025-07-23/1224256157.PDF,1224256157,会计师事务所
603906,龙蟠科技,龙蟠科技：江苏龙蟠科技集团股份有限公司会计师事务所选聘制度,2025-07-23,http://static.cninfo.com.cn/finalpage/2025-07-23/1224256067.PDF,1224256067,会计师事务所
000958,电投产融,电投产融：立信会计师事务所（特殊普通合伙）关于国家电投集团产融控股股份有限公司审核问询函的回复,2025-07-23,http://static.cninfo.com.cn/finalpage/2025-07-23/1224255610.PDF,1224255610,会计师事务所
837403,康农种业,[临时公告]康农种业:中喜会计师事务所（特殊普通合伙）关于对湖北康农种业股份有限公司2024 年年报问询函的回复,2025-07-23,http://static.cninfo.com.cn/finalpage/2025-07-23/1224269588.PDF,1224269588,会计师事务所
873693,阿为特,[临时公告]阿为特:会计师事务所选聘制度,2025-07-23,http://static.cninfo.com.cn/finalpage/2025-07-23/1224269510.PDF,1224269510,会计师事务所
000973,佛塑科技,佛塑科技：华兴会计师事务所（特殊普通合伙）关于佛山佛塑科技集团股份有限公司发行股份购买资产并募集配套资金申请的审核问询函回复之专项核查意见,2025-07-23,http://static.cninfo.com.cn/finalpage/2025-07-23/1224255792.PDF,1224255792,会计师事务所
600831,ST广网,ST广网：中兴华会计师事务所关于陕西广电网络传媒(集团)股份有限公司2024年度年报问询函的专项说明,2025-07-23,http://static.cninfo.com.cn/finalpage/2025-07-23/1224256750.PDF,1224256750,会计师事务所
603359,东珠生态,东珠生态：东珠生态环保股份有限公司会计师事务所选聘制度（2025年7月修订）,2025-07-23,http://static.cninfo.com.cn/finalpage/2025-07-23/1224255695.PDF,1224255695,会计师事务所
300921,南凌科技,南凌科技：会计师事务所选聘制度（2025年7月）,2025-07-23,http://static.cninfo.com.cn/finalpage/2025-07-23/1224255433.PDF,1224255433,会计师事务所
300396,迪瑞医疗,迪瑞医疗：关于公司续聘会计师事务所的公告,2025-07-23,http://static.cninfo.com.cn/finalpage/2025-07-23/1224256182.PDF,1224256182,会计师事务所
600822,上海物贸,上海物贸：立信会计师事务所关于公司2024年年度报告的信息披露监管问询函回复的核查意见,2025-07-23,http://static.cninfo.com.cn/finalpage/2025-07-23/1224255506.PDF,1224255506,会计师事务所
003037,三和管桩,三和管桩：会计师事务所选聘制度（2025年7月修订）,2025-07-23,http://static.cninfo.com.cn/finalpage/2025-07-23/1224255317.PDF,1224255317,会计师事务所
601816,京沪高铁,京沪高铁：公司选聘会计师事务所管理办法,2025-07-23,http://static.cninfo.com.cn/finalpage/2025-07-23/1224256129.PDF,1224256129,会计师事务所
300740,水羊股份,水羊股份：会计师事务所选聘制度（2025年7月）,2025-07-23,http://static.cninfo.com.cn/finalpage/2025-07-23/1224256683.PDF,1224256683,会计师事务所
002307,北新路桥,北新路桥：希格玛会计师事务所（特殊普通合伙）关于新疆北新路桥集团股份有限公司2023年度向特定对象发行股票会后事项承诺函,2025-07-23,http://static.cninfo.com.cn/finalpage/2025-07-23/1224256576.PDF,1224256576,会计师事务所
603359,东珠生态,东珠生态：东珠生态环保股份有限公司关于续聘会计师事务所的公告,2025-07-23,http://static.cninfo.com.cn/finalpage/2025-07-23/1224255691.PDF,1224255691,会计师事务所
300717,华信新材,华信新材：会计师事务所选聘制度,2025-07-22,http://static.cninfo.com.cn/finalpage/2025-07-22/1224235898.PDF,1224235898,会计师事务所
688218,江苏北人,江苏北人：中汇会计师事务所（特殊普通合伙）《关于对江苏北人智能制造科技股份有限公司2024年年度报告信息披露监管问询函》所涉事项的核查意见,2025-07-22,http://static.cninfo.com.cn/finalpage/2025-07-22/1224236710.PDF,1224236710,会计师事务所
688148,芳源股份,芳源股份：芳源股份会计师事务所选聘制度（2025年7修订）,2025-07-22,http://static.cninfo.com.cn/finalpage/2025-07-22/1224237482.PDF,1224237482,会计师事务所
833873,中设咨询,[临时公告]中设咨询:大信会计师事务所（特殊普通合伙）关于对中设工程咨询(重庆)股份有限公司2024年年报问询函的回复的专项说明,2025-07-22,http://static.cninfo.com.cn/finalpage/2025-07-22/1224256915.PDF,1224256915,会计师事务所
430300,辰光医疗,[临时公告]辰光医疗:中汇会计师事务所（特殊普通合伙）关于北京证券交易所《关于对上海辰光医疗科技股份有限公司的年报问询函》有关财务问题回复的专项说明,2025-07-22,http://static.cninfo.com.cn/finalpage/2025-07-22/1224256906.PDF,1224256906,会计师事务所
836547,无锡晶海,[临时公告]无锡晶海:会计师事务所选聘制度,2025-07-22,http://static.cninfo.com.cn/finalpage/2025-07-22/1224256874.PDF,1224256874,会计师事务所
871694,中裕科技,[临时公告]中裕科技:会计师事务所选聘制度,2025-07-22,http://static.cninfo.com.cn/finalpage/2025-07-22/1224256852.PDF,1224256852,会计师事务所
002379,宏创控股,宏创控股：信永中和会计师事务所（特殊普通合伙）关于《发行股份购买资产的审核问询函的回复》之核查意见,2025-07-22,http://static.cninfo.com.cn/finalpage/2025-07-22/1224237743.PDF,1224237743,会计师事务所
603773,沃格光电,沃格光电：江西沃格光电集团股份有限公司会计师事务所选聘制度,2025-07-22,http://static.cninfo.com.cn/finalpage/2025-07-22/1224237253.PDF,1224237253,会计师事务所
300909,汇创达,汇创达：会计师事务所选聘制度,2025-07-22,http://static.cninfo.com.cn/finalpage/2025-07-22/1224237050.PDF,1224237050,会计师事务所
002239,奥特佳,奥特佳：中审众环会计师事务所对奥特佳新能源科技股份有限公司前次募集资金使用情况的鉴证报告,2025-07-22,http://static.cninfo.com.cn/finalpage/2025-07-22/1224237945.PDF,1224237945,会计师事务所
600053,九鼎投资,九鼎投资：北京兴华会计师事务所（特殊普通合伙）关于昆吾九鼎投资控股股份有限公司2024年年度报告的信息披露监管问询函的回复,2025-07-22,http://static.cninfo.com.cn/finalpage/2025-07-22/1224237574.PDF,1224237574,会计师事务所
871396,常辅股份,[临时公告]常辅股份:会计师事务所选聘制度,2025-07-22,http://static.cninfo.com.cn/finalpage/2025-07-22/1224256213.PDF,1224256213,会计师事务所
603773,沃格光电,沃格光电：江西沃格光电集团股份有限公司关于续聘会计师事务所的公告,2025-07-22,http://static.cninfo.com.cn/finalpage/2025-07-22/1224237258.PDF,1224237258,会计师事务所
301109,军信股份,军信股份：会计师事务所选聘制度,2025-07-22,http://static.cninfo.com.cn/finalpage/2025-07-22/1224235748.PDF,1224235748,会计师事务所
688697,纽威数控,纽威数控：纽威数控会计师事务所选聘制度,2025-07-22,http://static.cninfo.com.cn/finalpage/2025-07-22/1224236098.PDF,1224236098,会计师事务所
600395,盘江股份,盘江股份：中审众环会计师事务所关于对贵州盘江精煤股份有限公司关于上海证券交易所问询函的回复,2025-07-22,http://static.cninfo.com.cn/finalpage/2025-07-22/1224236804.PDF,1224236804,会计师事务所
688109,品茗科技,品茗科技：会计师事务所选聘制度（2025年7月）,2025-07-22,http://static.cninfo.com.cn/finalpage/2025-07-22/1224236054.PDF,1224236054,会计师事务所
835670,数字人,[临时公告]数字人:信永中和会计师事务所关于对山东数字人科技股份有限公司问询函的专项说明,2025-07-22,http://static.cninfo.com.cn/finalpage/2025-07-22/1224256920.PDF,1224256920,会计师事务所
600272,开开实业,开开实业：上会会计师事务所关于使用募集资金置换已支付发行相关费用自筹资金的鉴证报告,2025-07-22,http://static.cninfo.com.cn/finalpage/2025-07-22/1224236791.PDF,1224236791,会计师事务所
301678,新恒汇,新恒汇：立信会计师事务所（特殊普通合伙）关于新恒汇电子股份有限公司募集资金置换专项鉴证报告,2025-07-21,http://static.cninfo.com.cn/finalpage/2025-07-21/1224237948.PDF,1224237948,会计师事务所
300763,锦浪科技,锦浪科技：天健会计师事务所（特殊普通合伙）关于锦浪科技股份有限公司申请向不特定对象发行可转换公司债券审核问询函中有关财务事项的说明（修订稿）,2025-07-21,http://static.cninfo.com.cn/finalpage/2025-07-21/1224237136.PDF,1224237136,会计师事务所
301489,思泉新材,思泉新材：会计师事务所选聘制度（2025年7月）,2025-07-21,http://static.cninfo.com.cn/finalpage/2025-07-21/1224237644.PDF,1224237644,会计师事务所
002438,江苏神通,江苏神通：会计师事务所选聘制度（2025年7月修订）,2025-07-21,http://static.cninfo.com.cn/finalpage/2025-07-21/1224225328.PDF,1224225328,会计师事务所
870866,绿亨科技,[临时公告]绿亨科技:致同会计师事务所关于对绿亨科技集团股份有限公司的年报问询函的回复,2025-07-21,http://static.cninfo.com.cn/finalpage/2025-07-21/1224236137.PDF,1224236137,会计师事务所
870726,鸿智科技,[临时公告]鸿智科技:会计师事务所选聘制度,2025-07-21,http://static.cninfo.com.cn/finalpage/2025-07-21/1224236616.PDF,1224236616,会计师事务所
603338,浙江鼎力,浙江鼎力：浙江鼎力机械股份有限公司会计师事务所选聘制度（2025年7月）,2025-07-19,http://static.cninfo.com.cn/finalpage/2025-07-19/1224214634.PDF,1224214634,会计师事务所
300235,方直科技,方直科技：关于续聘2025年度会计师事务所的公告,2025-07-19,http://static.cninfo.com.cn/finalpage/2025-07-19/1224214389.PDF,1224214389,会计师事务所
600215,派斯林,派斯林：中兴财光华会计师事务所（特殊普通合伙）《关于对派斯林数字科技股份有限公司2024年年度报告的信息披露监管工作函》之回复,2025-07-19,http://static.cninfo.com.cn/finalpage/2025-07-19/1224215481.PDF,1224215481,会计师事务所
300612,宣亚国际,宣亚国际：关于拟续聘2025年度会计师事务所的公告,2025-07-19,http://static.cninfo.com.cn/finalpage/2025-07-19/1224216185.PDF,1224216185,会计师事务所
603338,浙江鼎力,浙江鼎力：浙江鼎力机械股份有限公司关于续聘会计师事务所的公告,2025-07-19,http://static.cninfo.com.cn/finalpage/2025-07-19/1224214648.PDF,1224214648,会计师事务所
002197,ST证通,ST证通：会计师事务所选聘制度（2025年7月）,2025-07-19,http://static.cninfo.com.cn/finalpage/2025-07-19/1224216015.PDF,1224216015,会计师事务所
300042,朗科科技,朗科科技：会计师事务所选聘制度（2025年7月）,2025-07-19,http://static.cninfo.com.cn/finalpage/2025-07-19/1224216413.PDF,1224216413,会计师事务所
600303,曙光股份,曙光股份：北京德皓国际会计师事务所（特殊普通合伙）关于辽宁曙光汽车集团股份有限公司向特定对象发行A股股票的财务报告和审计报告,2025-07-19,http://static.cninfo.com.cn/finalpage/2025-07-19/1224214082.PDF,1224214082,会计师事务所
002806,华锋股份,华锋股份：关于拟续聘会计师事务所的公告,2025-07-19,http://static.cninfo.com.cn/finalpage/2025-07-19/1224214819.PDF,1224214819,会计师事务所
688502,茂莱光学,茂莱光学：公证天业会计师事务所（特殊普通合伙）关于南京茂莱光学科技股份有限公司向不特定对象发行可转换公司债券申请文件的审核问询函的回复,2025-07-19,http://static.cninfo.com.cn/finalpage/2025-07-19/1224215578.PDF,1224215578,会计师事务所
603922,金鸿顺,金鸿顺：华兴会计师事务所（特殊普通合伙）关于苏州金鸿顺汽车部件股份有限公司2024 年年度报告的信息披露监管问询函的回复,2025-07-19,http://static.cninfo.com.cn/finalpage/2025-07-19/1224215730.PDF,1224215730,会计师事务所
300612,宣亚国际,宣亚国际：《会计师事务所选聘制度》（2025年7月）,2025-07-19,http://static.cninfo.com.cn/finalpage/2025-07-19/1224216173.PDF,1224216173,会计师事务所
002915,中欣氟材,中欣氟材：会计师事务所选聘制度（2025年7月）,2025-07-19,http://static.cninfo.com.cn/finalpage/2025-07-19/1224216476.PDF,1224216476,会计师事务所
001258,立新能源,立新能源：中兴华会计师事务所（特殊普通合伙）关于新疆立新能源股份有限公司申请向特定对象发行股票的审核问询函的回复,2025-07-19,http://static.cninfo.com.cn/finalpage/2025-07-19/1224215276.PDF,1224215276,会计师事务所
301511,德福科技,德福科技：会计师事务所选聘制度,2025-07-19,http://static.cninfo.com.cn/finalpage/2025-07-19/1224214767.PDF,1224214767,会计师事务所
688069,德林海,德林海：德林海会计师事务所选聘制度（2025年7月修订）,2025-07-19,http://static.cninfo.com.cn/finalpage/2025-07-19/1224215964.PDF,1224215964,会计师事务所
600545,卓郎智能,卓郎智能：天衡会计师事务所（特殊普通合伙）关于卓郎智能技术股份有限公司2024年年度报告的信息披露监管工作函的回复,2025-07-19,http://static.cninfo.com.cn/finalpage/2025-07-19/1224216742.PDF,1224216742,会计师事务所
603089,正裕工业,正裕工业：天健会计师事务所出具的《前次募集资金使用情况鉴证报告》,2025-07-19,http://static.cninfo.com.cn/finalpage/2025-07-19/1224215698.PDF,1224215698,会计师事务所
688545,兴福电子,兴福电子：湖北兴福电子材料股份有限公司关于聘任会计师事务所的公告,2025-07-19,http://static.cninfo.com.cn/finalpage/2025-07-19/1224215602.PDF,1224215602,会计师事务所
002005,ST德豪,ST德豪：关于变更会计师事务所的公告,2025-07-19,http://static.cninfo.com.cn/finalpage/2025-07-19/1224214750.PDF,1224214750,会计师事务所
688256,寒武纪,寒武纪：天健会计师事务所（特殊普通合伙）关于中科寒武纪科技股份有限公司向特定对象发行股票申请文件的审核问询函中有关财务事项的说明,2025-07-18,http://static.cninfo.com.cn/finalpage/2025-07-18/1224203815.PDF,1224203815,会计师事务所
873726,卓兆点胶,[临时公告]卓兆点胶:立信会计师事务所（特殊普通合伙）关于对苏州卓兆点胶股份有限公司的年报问询函的回复,2025-07-18,http://static.cninfo.com.cn/finalpage/2025-07-18/1224216826.PDF,1224216826,会计师事务所
688216,气派科技,气派科技：气派科技股份有限公司会计师事务所选聘制度,2025-07-18,http://static.cninfo.com.cn/finalpage/2025-07-18/1224202907.PDF,1224202907,会计师事务所
300904,威力传动,威力传动：天健会计师事务所（特殊普通合伙）关于银川威力传动技术股份有限公司前次募集资金使用情况鉴证报告,2025-07-18,http://static.cninfo.com.cn/finalpage/2025-07-18/1224203191.PDF,1224203191,会计师事务所
600581,八一钢铁,八一钢铁：天健会计师事务所（特殊普通合伙）关于八一钢铁2024年年度报告的信息披露监管问询函回复的专项说明,2025-07-18,http://static.cninfo.com.cn/finalpage/2025-07-18/1224201978.PDF,1224201978,会计师事务所
688143,长盈通,长盈通：中审众环会计师事务所（特殊普通合伙）关于武汉长盈通光电技术股份有限公司发行股份及支付现金购买资产申请的审核问询函的回复,2025-07-18,http://static.cninfo.com.cn/finalpage/2025-07-18/1224202715.PDF,1224202715,会计师事务所
839719,宁新新材,[临时公告]宁新新材:大华会计师事务所（特殊普通合伙）关于对江西宁新新材料股份有限公司的年报问询函中有关财务事项的说明,2025-07-18,http://static.cninfo.com.cn/finalpage/2025-07-18/1224216836.PDF,1224216836,会计师事务所
835185,贝特瑞,[临时公告]贝特瑞:中审众环会计师事务所（特殊普通合伙）关于《关于对贝特瑞新材料集团股份有限公司的年报问询函》的回复,2025-07-18,http://static.cninfo.com.cn/finalpage/2025-07-18/1224216785.PDF,1224216785,会计师事务所
430017,星昊医药,[临时公告]星昊医药:会计师事务所选聘制度,2025-07-18,http://static.cninfo.com.cn/finalpage/2025-07-18/1224216755.PDF,1224216755,会计师事务所
600429,三元股份,三元股份：三元股份选聘会计师事务所管理办法,2025-07-18,http://static.cninfo.com.cn/finalpage/2025-07-18/1224202806.PDF,1224202806,会计师事务所
832786,骑士乳业,[临时公告]骑士乳业:天职国际会计师事务所（特殊普通合伙）关于内蒙古骑士乳业集团股份有限公司年报问询函的回复,2025-07-18,http://static.cninfo.com.cn/finalpage/2025-07-18/1224216734.PDF,1224216734,会计师事务所
301491,汉桑科技,汉桑科技：天健会计师事务所（特殊普通合伙）关于公司首次公开发行股票并在创业板上市的财务报表及审计报告,2025-07-17,http://static.cninfo.com.cn/finalpage/2025-07-17/1224189899.PDF,1224189899,会计师事务所
300473,德尔股份,德尔股份：众华会计师事务所（特殊普通合伙）关于深圳证券交易所《关于阜新德尔汽车部件股份有限公司发行股份购买资产并募集配套资金申请的审核问询函》之回复,2025-07-17,http://static.cninfo.com.cn/finalpage/2025-07-17/1224189400.PDF,1224189400,会计师事务所
603721,*ST天择,*ST天择：中广天择关于变更会计师事务所的公告,2025-07-17,http://static.cninfo.com.cn/finalpage/2025-07-17/1224188726.PDF,1224188726,会计师事务所
688362,甬矽电子,甬矽电子：天健会计师事务所（特殊普通合伙）关于甬矽电子(宁波)股份有限公司以自筹资金预先投入募投项目及支付发行费用的鉴证报告-天健审〔2025〕15587号,2025-07-17,http://static.cninfo.com.cn/finalpage/2025-07-17/1224189599.PDF,1224189599,会计师事务所
600689,上海三毛,上海三毛：上海三毛企业（集团）股份有限公司关于拟续聘2025年度会计师事务所的公告,2025-07-17,http://static.cninfo.com.cn/finalpage/2025-07-17/1224188454.PDF,1224188454,会计师事务所
837821,则成电子,[临时公告]则成电子:会计师事务所选聘制度,2025-07-17,http://static.cninfo.com.cn/finalpage/2025-07-17/1224203743.PDF,1224203743,会计师事务所
833429,康比特,[临时公告]康比特:《会计师事务所选聘制度》,2025-07-17,http://static.cninfo.com.cn/finalpage/2025-07-17/1224203709.PDF,1224203709,会计师事务所
600469,风神股份,风神股份：容诚会计师事务所（特殊普通合伙）关于风神轮胎股份有限公司内部控制审计报告,2025-07-17,http://static.cninfo.com.cn/finalpage/2025-07-17/1224189056.PDF,1224189056,会计师事务所
600469,风神股份,风神股份：容诚会计师事务所（特殊普通合伙）关于风神轮胎股份有限公司前次募集资金使用情况鉴证报告,2025-07-17,http://static.cninfo.com.cn/finalpage/2025-07-17/1224189058.PDF,1224189058,会计师事务所
300456,赛微电子,赛微电子：会计师事务所选聘制度（2025年7月）,2025-07-17,http://static.cninfo.com.cn/finalpage/2025-07-17/1224190039.PDF,1224190039,会计师事务所
603007,*ST花王,*ST花王：立信中联会计师事务所关于对花王生态工程股份有限公司重大资产购买草案的问询函的回复,2025-07-17,http://static.cninfo.com.cn/finalpage/2025-07-17/1224189952.PDF,1224189952,会计师事务所
831152,昆工科技,[临时公告]昆工科技:会计师事务所选聘制度,2025-07-17,http://static.cninfo.com.cn/finalpage/2025-07-17/1224203393.PDF,1224203393,会计师事务所
600469,风神股份,风神股份：容诚会计师事务所（特殊普通合伙）关于风神轮胎股份有限公司审计报告,2025-07-17,http://static.cninfo.com.cn/finalpage/2025-07-17/1224189055.PDF,1224189055,会计师事务所
600469,风神股份,风神股份：容诚会计师事务所（特殊普通合伙）关于风神轮胎股份有限公司非经常性损益鉴证报告,2025-07-17,http://static.cninfo.com.cn/finalpage/2025-07-17/1224189059.PDF,1224189059,会计师事务所
600058,五矿发展,五矿发展：五矿发展股份有限公司关于变更会计师事务所的公告,2025-07-17,http://static.cninfo.com.cn/finalpage/2025-07-17/1224188834.PDF,1224188834,会计师事务所
688607,康众医疗,康众医疗：康众医疗会计师事务所选聘制度,2025-07-17,http://static.cninfo.com.cn/finalpage/2025-07-17/1224189655.PDF,1224189655,会计师事务所
002925,盈趣科技,盈趣科技：会计师事务所选聘制度（2025年7月）,2025-07-17,http://static.cninfo.com.cn/finalpage/2025-07-17/1224190170.PDF,1224190170,会计师事务所
920016,中草香料,[临时公告]中草香料:会计师事务所选聘制度,2025-07-17,http://static.cninfo.com.cn/finalpage/2025-07-17/1224203353.PDF,1224203353,会计师事务所
430198,微创光电,[临时公告]微创光电:大信会计师事务所（特殊普通合伙）关于武汉微创光电股份有限公司年报问询函的回复,2025-07-17,http://static.cninfo.com.cn/finalpage/2025-07-17/1224203441.PDF,1224203441,会计师事务所
301298,东利机械,东利机械：会计师事务所选聘制度,2025-07-16,http://static.cninfo.com.cn/finalpage/2025-07-16/1224178263.PDF,1224178263,会计师事务所
002252,上海莱士,上海莱士：关于拟聘任2025年度会计师事务所的公告,2025-07-16,http://static.cninfo.com.cn/finalpage/2025-07-16/1224178208.PDF,1224178208,会计师事务所
300847,中船汉光,中船汉光：中船汉光科技股份有限公司会计师事务所选聘制度,2025-07-16,http://static.cninfo.com.cn/finalpage/2025-07-16/1224177857.PDF,1224177857,会计师事务所
688203,海正生材,海正生材：浙江海正生物材料股份有限公司会计师事务所选聘制度（2025年7月修订）,2025-07-16,http://static.cninfo.com.cn/finalpage/2025-07-16/1224177035.PDF,1224177035,会计师事务所
002856,美芝股份,美芝股份：关于拟续聘会计师事务所的公告,2025-07-16,http://static.cninfo.com.cn/finalpage/2025-07-16/1224177821.PDF,1224177821,会计师事务所
834062,科润智控,[临时公告]科润智控:会计师事务所选聘制度,2025-07-16,http://static.cninfo.com.cn/finalpage/2025-07-16/1224190120.PDF,1224190120,会计师事务所
300527,中船应急,中船应急：关于变更会计师事务所的公告,2025-07-16,http://static.cninfo.com.cn/finalpage/2025-07-16/1224177442.PDF,1224177442,会计师事务所
300399,天利科技,天利科技：会计师事务所选聘管理办法（2025年7月）,2025-07-16,http://static.cninfo.com.cn/finalpage/2025-07-16/1224177091.PDF,1224177091,会计师事务所
603991,至正股份,至正股份：德勤华永会计师事务所(特殊普通合伙)关于重组问询函的回复（德师报(函)字(25)第Q00992号）,2025-07-16,http://static.cninfo.com.cn/finalpage/2025-07-16/1224177964.PDF,1224177964,会计师事务所
688455,科捷智能,科捷智能：关于续聘会计师事务所的公告,2025-07-16,http://static.cninfo.com.cn/finalpage/2025-07-16/1224178137.PDF,1224178137,会计师事务所
835640,富士达,[临时公告]富士达:大信会计师事务所（特殊普通合伙）关于对中航富士达科技股份有限公司的2024年年报问询函有关财务问题的专项说明回复,2025-07-16,http://static.cninfo.com.cn/finalpage/2025-07-16/1224190200.PDF,1224190200,会计师事务所
600135,乐凯胶片,乐凯胶片：立信会计师事务所（特殊普通合伙）关于乐凯胶片股份有限公司2024年年度报告的信息披露监管问询事项回复(修改版),2025-07-16,http://static.cninfo.com.cn/finalpage/2025-07-16/1224176295.PDF,1224176295,会计师事务所
600615,丰华股份,丰华股份：重庆丰华（集团）股份有限公司会计师事务所选聘制度（2025年7月修订）,2025-07-16,http://static.cninfo.com.cn/finalpage/2025-07-16/1224177469.PDF,1224177469,会计师事务所
600307,酒钢宏兴,酒钢宏兴：中审众环会计师事务所（特殊普通合伙）关于甘肃酒钢集团宏兴钢铁股份有限公司2024年年度报告信息披露监管问询函回复,2025-07-16,http://static.cninfo.com.cn/finalpage/2025-07-16/1224177371.PDF,1224177371,会计师事务所
688655,迅捷兴,迅捷兴：会计师事务所选聘制度,2025-07-16,http://static.cninfo.com.cn/finalpage/2025-07-16/1224177557.PDF,1224177557,会计师事务所
002272,川润股份,川润股份：四川川润股份有限公司会计师事务所选聘制度,2025-07-16,http://static.cninfo.com.cn/finalpage/2025-07-16/1224177340.PDF,1224177340,会计师事务所
600918,中泰证券,中泰证券：容诚会计师事务所(特殊普通合伙)关于中泰证券股份有限公司向特定对象发行股票申请文件审核问询函中有关财务会计问题的专项说明,2025-07-16,http://static.cninfo.com.cn/finalpage/2025-07-16/1224176261.PDF,1224176261,会计师事务所
300366,创意信息,创意信息：会计师事务所选聘制度（2025年7月）,2025-07-16,http://static.cninfo.com.cn/finalpage/2025-07-16/1224176827.PDF,1224176827,会计师事务所
603822,嘉澳环保,嘉澳环保：立信中联会计师事务所(特殊普通合伙)《关于浙江嘉澳环保科技股份有限公司2024 年年度报告的信息披露监管问询函》的回复,2025-07-16,http://static.cninfo.com.cn/finalpage/2025-07-16/1224177169.PDF,1224177169,会计师事务所
300378,鼎捷数智,鼎捷数智：上会会计师事务所（特殊普通合伙）关于鼎捷数智股份有限公司向不特定对象发行可转换公司债券的第二轮审核问询函的回复,2025-07-15,http://static.cninfo.com.cn/finalpage/2025-07-15/1224177594.PDF,1224177594,会计师事务所
688502,茂莱光学,茂莱光学：公证天业会计师事务所（特殊普通合伙）关于南京茂莱光学科技股份有限公司向不特定对象发行可转换公司债券申请文件的审核问询函的回复,2025-07-15,http://static.cninfo.com.cn/finalpage/2025-07-15/1224165085.PDF,1224165085,会计师事务所
837006,晟楠科技,[临时公告]晟楠科技:中审众环会计师事务所(特殊普通合伙)关于江苏晟楠电子科技股份有限公司2024年年报问询函的回复,2025-07-15,http://static.cninfo.com.cn/finalpage/2025-07-15/1224178033.PDF,1224178033,会计师事务所
605011,杭州热电,杭州热电：杭州热电集团股份有限公司关于续聘容诚会计师事务所（特殊普通合伙）为公司2025年财务报告及内部控制的审计机构的公告,2025-07-15,http://static.cninfo.com.cn/finalpage/2025-07-15/1224162494.PDF,1224162494,会计师事务所
605588,冠石科技,冠石科技：信永中和会计师事务所（特殊普通合伙）关于对南京冠石科技股份有限公司2024年年度报告上海证券交易所问询函的专项说明,2025-07-15,http://static.cninfo.com.cn/finalpage/2025-07-15/1224164533.PDF,1224164533,会计师事务所
603887,城地香江,城地香江：容诚会计师事务所（特殊普通合伙）关于上海城地香江数据科技股份有限公司2024年年度报告的信息披露监管问询函的专项说明（容诚专字[2025]200Z0743号）,2025-07-15,http://static.cninfo.com.cn/finalpage/2025-07-15/1224164758.PDF,1224164758,会计师事务所
603165,荣晟环保,荣晟环保：立信会计师事务所(特殊普通合伙)关于浙江荣晟环保纸业股份有限公司2024年年度报告的信息披露监管问询函的回复,2025-07-15,http://static.cninfo.com.cn/finalpage/2025-07-15/1224162285.PDF,1224162285,会计师事务所
603377,ST东时,ST东时：北京德皓国际会计师事务所(特殊普通合伙)关于东方时尚驾驶学校股份有限公司2024 年年度报告的信息披露监管问询函回复,2025-07-15,http://static.cninfo.com.cn/finalpage/2025-07-15/1224164980.PDF,1224164980,会计师事务所
603656,泰禾智能,泰禾智能：会计师事务所选聘制度（2025年7月）,2025-07-15,http://static.cninfo.com.cn/finalpage/2025-07-15/1224162860.PDF,1224162860,会计师事务所
601212,白银有色,白银有色：北京澄宇会计师事务所（特殊普通合伙）关于白银有色集团股份有限公司2024年年度报告的信息披露监管问询函的回复,2025-07-15,http://static.cninfo.com.cn/finalpage/2025-07-15/1224164232.PDF,1224164232,会计师事务所
688521,芯原股份,芯原股份：德勤华永会计师事务所（特殊普通合伙）关于芯原微电子(上海)股份有限公司以自筹资金预先投入募集资金投资项目和支付发行费用情况的审核报告,2025-07-15,http://static.cninfo.com.cn/finalpage/2025-07-15/1224163756.PDF,1224163756,会计师事务所
603366,日出东方,日出东方：容诚会计师事务所（特殊普通合伙）关于日出东方控股股份有限公司收到上海证券交易所2024年年度报告的信息披露监管问询函中有关财务会计问题的专项说明,2025-07-15,http://static.cninfo.com.cn/finalpage/2025-07-15/1224163920.PDF,1224163920,会计师事务所
688669,聚石化学,聚石化学：会计师事务所选聘制度（2025年7月）,2025-07-15,http://static.cninfo.com.cn/finalpage/2025-07-15/1224164846.PDF,1224164846,会计师事务所
688090,瑞松科技,瑞松科技：立信会计师事务所关于瑞松科技2024年年度报告的信息披露监管问询函的回复,2025-07-15,http://static.cninfo.com.cn/finalpage/2025-07-15/1224164645.PDF,1224164645,会计师事务所
600643,爱建集团,爱建集团：立信会计师事务所（特殊普通合伙）关于上海爱建集团股份有限公司年报问询函的回复,2025-07-15,http://static.cninfo.com.cn/finalpage/2025-07-15/1224165267.PDF,1224165267,会计师事务所
603286,日盈电子,日盈电子：会计师事务所选聘制度（2025年7月修订）,2025-07-15,http://static.cninfo.com.cn/finalpage/2025-07-15/1224162293.PDF,1224162293,会计师事务所
832662,方盛股份,[临时公告]方盛股份:会计师事务所选聘制度,2025-07-15,http://static.cninfo.com.cn/finalpage/2025-07-15/1224178072.PDF,1224178072,会计师事务所
872895,花溪科技,[临时公告]花溪科技:中兴财光华会计师事务所（特殊普通合伙）关于新乡市花溪科技股份有限公司2024年年报问询函的回复,2025-07-15,http://static.cninfo.com.cn/finalpage/2025-07-15/1224178098.PDF,1224178098,会计师事务所
601619,嘉泽新能,嘉泽新能：嘉泽新能源股份有限公司关于续聘会计师事务所的公告,2025-07-15,http://static.cninfo.com.cn/finalpage/2025-07-15/1224164936.PDF,1224164936,会计师事务所
601212,白银有色,白银有色：永拓会计师事务所（特殊普通合伙）关于白银有色集团股份有限公司2024年年度报告的信息披露监管问询函的回复,2025-07-15,http://static.cninfo.com.cn/finalpage/2025-07-15/1224164234.PDF,1224164234,会计师事务所
688287,*ST观典,*ST观典：大信会计师事务所（特殊普通合伙）关于《关于观典防务技术股份有限公司2024年度报告的信息披露监管问询函》有关问题的回复说明,2025-07-15,http://static.cninfo.com.cn/finalpage/2025-07-15/1224164244.PDF,1224164244,会计师事务所
872392,佳合科技,[临时公告]佳合科技:会计师事务所选聘制度,2025-07-15,http://static.cninfo.com.cn/finalpage/2025-07-15/1224177726.PDF,1224177726,会计师事务所
002173,创新医疗,创新医疗：创新医疗管理股份有限公司会计师事务所选聘制度,2025-07-15,http://static.cninfo.com.cn/finalpage/2025-07-15/1224163782.PDF,1224163782,会计师事务所
603978,深圳新星,深圳新星：容诚会计师事务所(特殊普通合伙)关于深圳市新星轻合金材料股份有限公司2024年年度报告的信息披露监管问询函中有关问题的专项说明,2025-07-15,http://static.cninfo.com.cn/finalpage/2025-07-15/1224164043.PDF,1224164043,会计师事务所
000565,渝三峡Ａ,渝三峡Ａ：拟续聘会计师事务所的公告,2025-07-15,http://static.cninfo.com.cn/finalpage/2025-07-15/1224162661.PDF,1224162661,会计师事务所
688521,芯原股份,芯原股份：会计师事务所选聘制度（2025年7月修订）,2025-07-15,http://static.cninfo.com.cn/finalpage/2025-07-15/1224163726.PDF,1224163726,会计师事务所
832149,利尔达,[临时公告]利尔达:天健会计师事务所（特殊普通合伙）关于利尔达科技集团股份有限公司2024年年报问询函回复的核查意见,2025-07-14,http://static.cninfo.com.cn/finalpage/2025-07-14/1224164968.PDF,1224164968,会计师事务所
832278,鹿得医疗,[临时公告]鹿得医疗:会计师事务所选聘制度,2025-07-14,http://static.cninfo.com.cn/finalpage/2025-07-14/1224164895.PDF,1224164895,会计师事务所
920128,胜业电气,[临时公告]胜业电气:会计师事务所选聘制度,2025-07-14,http://static.cninfo.com.cn/finalpage/2025-07-14/1224164791.PDF,1224164791,会计师事务所
920008,成电光信,[临时公告]成电光信:信永中和会计师事务所（特殊普通合伙）关于成都成电光信科技股份有限公司2024年年报问询函之回复,2025-07-14,http://static.cninfo.com.cn/finalpage/2025-07-14/1224164954.PDF,1224164954,会计师事务所
688184,ST帕瓦,ST帕瓦：天健会计师事务所（特殊普通合伙）关于浙江帕瓦新能源股份有限公司2024年报的信息披露监管问询函的回复,2025-07-14,http://static.cninfo.com.cn/finalpage/2025-07-14/1224157999.PDF,1224157999,会计师事务所
832469,富恒新材,[临时公告]富恒新材:中审众环会计师事务所（特殊普通合伙）关于对深圳市富恒新材料股份有限公司2024年年报问询函的回复,2025-07-14,http://static.cninfo.com.cn/finalpage/2025-07-14/1224164956.PDF,1224164956,会计师事务所
830896,旺成科技,[临时公告]旺成科技:会计师事务所选聘制度,2025-07-14,http://static.cninfo.com.cn/finalpage/2025-07-14/1224165225.PDF,1224165225,会计师事务所
002307,北新路桥,北新路桥：关于向特定对象发行股票变更会计师事务所及签字会计师暨关联交易的公告,2025-07-12,http://static.cninfo.com.cn/finalpage/2025-07-12/1224144888.PDF,1224144888,会计师事务所
002514,宝馨科技,宝馨科技：会计师事务所选聘制度（2025年7月）,2025-07-12,http://static.cninfo.com.cn/finalpage/2025-07-12/1224145598.PDF,1224145598,会计师事务所
603813,*ST原尚,*ST原尚：广东原尚物流股份有限公司变更会计师事务所的公告,2025-07-12,http://static.cninfo.com.cn/finalpage/2025-07-12/1224145966.PDF,1224145966,会计师事务所
600155,华创云信,华创云信：北京德皓国际会计师事务所（特殊普通合伙）关于对华创云信2024 年年报信息披露监管问询函的回复,2025-07-12,http://static.cninfo.com.cn/finalpage/2025-07-12/1224145442.PDF,1224145442,会计师事务所
688343,云天励飞,云天励飞：会计师事务所选聘制度,2025-07-12,http://static.cninfo.com.cn/finalpage/2025-07-12/1224145270.PDF,1224145270,会计师事务所
603059,倍加洁,倍加洁：立信会计师事务所（特殊普通合伙）关于倍加洁集团股份有限公司2024年年度报告的信息披露监管问询函的回复,2025-07-12,http://static.cninfo.com.cn/finalpage/2025-07-12/1224144195.PDF,1224144195,会计师事务所
688155,先惠技术,先惠技术：上海先惠自动化技术股份有限公司会计师事务所选聘制度,2025-07-12,http://static.cninfo.com.cn/finalpage/2025-07-12/1224145203.PDF,1224145203,会计师事务所
688211,中科微至,中科微至：毕马威华振会计师事务所（特殊普通合伙）关于中科微至科技股份有限公司2024年年度报告的信息披露监管问询函回复的专项说明,2025-07-12,http://static.cninfo.com.cn/finalpage/2025-07-12/1224145248.PDF,1224145248,会计师事务所
002592,ST八菱,ST八菱：会计师事务所选聘制度(2025年修订）,2025-07-12,http://static.cninfo.com.cn/finalpage/2025-07-12/1224146201.PDF,1224146201,会计师事务所
688130,晶华微,晶华微：晶华微会计师事务所选聘管理制度,2025-07-12,http://static.cninfo.com.cn/finalpage/2025-07-12/1224146627.PDF,1224146627,会计师事务所
605081,*ST太和,*ST太和：希格玛会计师事务所关于对上海太和水科技发展股份有限公司2024年年报的监管工作函问的专项说明,2025-07-12,http://static.cninfo.com.cn/finalpage/2025-07-12/1224146557.PDF,1224146557,会计师事务所
002891,中宠股份,中宠股份：会计师事务所选聘制度,2025-07-12,http://static.cninfo.com.cn/finalpage/2025-07-12/1224143627.PDF,1224143627,会计师事务所
002197,ST证通,ST证通：中勤万信会计师事务所（特殊普通合伙）关于深圳市证通电子股份有限公司深圳证券交易所问询函中有关事项的说明,2025-07-12,http://static.cninfo.com.cn/finalpage/2025-07-12/1224146795.PDF,1224146795,会计师事务所
603220,中贝通信,中贝通信：天健会计师事务所（特殊普通合伙）关于中贝通信集团股份有限公司2024年年度报告的信息披露监管问询函的专项说明,2025-07-12,http://static.cninfo.com.cn/finalpage/2025-07-12/1224145774.PDF,1224145774,会计师事务所
300804,广康生化,广康生化：会计师事务所选聘制度（2025年7月）,2025-07-12,http://static.cninfo.com.cn/finalpage/2025-07-12/1224146460.PDF,1224146460,会计师事务所
688083,中望软件,中望软件：会计师事务所选聘制度,2025-07-12,http://static.cninfo.com.cn/finalpage/2025-07-12/1224146300.PDF,1224146300,会计师事务所
688556,高测股份,高测股份：会计师事务所选聘制度,2025-07-12,http://static.cninfo.com.cn/finalpage/2025-07-12/1224146117.PDF,1224146117,会计师事务所
301155,海力风电,海力风电：会计师事务所选聘制度,2025-07-12,http://static.cninfo.com.cn/finalpage/2025-07-12/1224144785.PDF,1224144785,会计师事务所
688280,精进电动,精进电动：致同会计师事务所（特殊普通合伙）关于精进电动科技股份有限公司非经营性损益明细表的核验报告,2025-07-12,http://static.cninfo.com.cn/finalpage/2025-07-12/1224146839.PDF,1224146839,会计师事务所
688556,高测股份,高测股份：关于续聘会计师事务所的公告,2025-07-12,http://static.cninfo.com.cn/finalpage/2025-07-12/1224146857.pdf,1224146857,会计师事务所
002316,ST亚联,ST亚联：会计师事务所选聘制度（2025年7月）,2025-07-12,http://static.cninfo.com.cn/finalpage/2025-07-12/1224146396.PDF,1224146396,会计师事务所
603666,亿嘉和,亿嘉和：亿嘉和科技股份有限公司会计师事务所选聘制度,2025-07-12,http://static.cninfo.com.cn/finalpage/2025-07-12/1224146271.PDF,1224146271,会计师事务所
600636,*ST国化,*ST国化：立信会计师事务所(特殊普通合伙)关于国新文化控股股份有限公司2024 年年度报告的信息披露监管问询函的回复,2025-07-12,http://static.cninfo.com.cn/finalpage/2025-07-12/1224145027.PDF,1224145027,会计师事务所
600330,天通股份,天通股份：天健会计师事务所（特殊普通合伙）关于天通股份2024年年度报告的信息披露监管问询函专项说明,2025-07-12,http://static.cninfo.com.cn/finalpage/2025-07-12/1224146165.PDF,1224146165,会计师事务所
603778,国晟科技,国晟科技：中审众环会计师事务所关于国晟世安科技股份有限公司 2024 年年度报告的信息披露监管问询函的回复,2025-07-12,http://static.cninfo.com.cn/finalpage/2025-07-12/1224146092.PDF,1224146092,会计师事务所
603165,荣晟环保,荣晟环保：立信会计师事务所(特殊普通合伙)关于浙江荣晟环保纸业股份有限公司2024年年度报告的信息披露监管问询函的回复,2025-07-12,http://static.cninfo.com.cn/finalpage/2025-07-12/1224146178.PDF,1224146178,会计师事务所
688535,华海诚科,华海诚科：中汇会计师事务所（特殊普通合伙）关于《关于江苏华海诚科新材料股份有限公司发行股份、可转换公司债券及支付现金购买资产并募集配套资金申请的审核问询函》之回复,2025-07-12,http://static.cninfo.com.cn/finalpage/2025-07-12/1224146535.PDF,1224146535,会计师事务所
688022,瀚川智能,瀚川智能：会计师事务所关于瀚川智能2024年年度报告信息披露监管问询函中有关问题的专项说明,2025-07-12,http://static.cninfo.com.cn/finalpage/2025-07-12/1224146479.PDF,1224146479,会计师事务所
300772,运达股份,运达股份：关于拟变更会计师事务所的公告,2025-07-12,http://static.cninfo.com.cn/finalpage/2025-07-12/1224144847.PDF,1224144847,会计师事务所
300436,广生堂,广生堂：北京德皓国际会计师事务所（特殊普通合伙）关于福建广生堂药业股份有限公司申请向特定对象发行股票的审核问询函有关财务事项的说明,2025-07-12,http://static.cninfo.com.cn/finalpage/2025-07-12/1224145362.PDF,1224145362,会计师事务所
688151,华强科技,华强科技：立信会计师事务所（特殊普通合伙）关于湖北华强科技股份有限公司2024年年度报告的信息披露监管问询函的回复,2025-07-11,http://static.cninfo.com.cn/finalpage/2025-07-11/1224130788.PDF,1224130788,会计师事务所
836263,中航泰达,[临时公告]中航泰达:中审亚太会计师事务所（特殊普通合伙）关于对北京中航泰达环保科技股份有限公司2024年年度报告问询函的回复,2025-07-11,http://static.cninfo.com.cn/finalpage/2025-07-11/1224146983.PDF,1224146983,会计师事务所
835207,众诚科技,[临时公告]众诚科技:天健会计师事务所（特殊普通合伙）关于河南众诚信息科技股份有限公司2024年年报问询函的专项说明,2025-07-11,http://static.cninfo.com.cn/finalpage/2025-07-11/1224146989.PDF,1224146989,会计师事务所
836720,吉冈精密,[临时公告]吉冈精密:会计师事务所选聘制度,2025-07-11,http://static.cninfo.com.cn/finalpage/2025-07-11/1224147035.PDF,1224147035,会计师事务所
600272,开开实业,开开实业：上会会计师事务所（特殊普通合伙）关于上海开开实业股份有限公司向特定对象发行股票认购资金到位情况验证报告,2025-07-11,http://static.cninfo.com.cn/finalpage/2025-07-11/1224130199.PDF,1224130199,会计师事务所
600272,开开实业,开开实业：上会会计师事务所（特殊普通合伙）关于上海开开实业股份有限公司向特定对象发行股票募集资金验资报告,2025-07-11,http://static.cninfo.com.cn/finalpage/2025-07-11/1224130203.PDF,1224130203,会计师事务所
301566,达利凯普,达利凯普：会计师事务所选聘制度,2025-07-11,http://static.cninfo.com.cn/finalpage/2025-07-11/1224131474.PDF,1224131474,会计师事务所
600483,福能股份,福能股份：致同会计师事务所（特殊普通合伙）关于福建福能股份有限公司向不特定对象发行可转换公司债券的审核中心意见落实函的回复,2025-07-11,http://static.cninfo.com.cn/finalpage/2025-07-11/1224131382.PDF,1224131382,会计师事务所
001221,悍高集团,悍高集团：华兴会计师事务所（特殊普通合伙）关于公司首次公开发行股票并在主板上市的财务报表及审计报告,2025-07-11,http://static.cninfo.com.cn/finalpage/2025-07-11/1224130431.PDF,1224130431,会计师事务所
600641,万业企业,万业企业：众华会计师事务所（特殊普通合伙）出具的《关于上海万业企业股份有限公司2024年年报的问询函之回复》,2025-07-11,http://static.cninfo.com.cn/finalpage/2025-07-11/1224130368.PDF,1224130368,会计师事务所
603117,万林物流,万林物流：北京国府嘉盈会计师事务所（特殊普通合伙）关于公司工作函的专项说明,2025-07-11,http://static.cninfo.com.cn/finalpage/2025-07-11/1224130920.PDF,1224130920,会计师事务所
600525,ST长园,ST长园：上会会计师事务所（特殊普通合伙）对《关于长园集团2024年年度报告的信息披露监管问询函》的回复,2025-07-11,http://static.cninfo.com.cn/finalpage/2025-07-11/1224131236.PDF,1224131236,会计师事务所
837821,则成电子,[临时公告]则成电子:大华会计师事务所（特殊普通合伙）关于深圳市则成电子股份有限公司2024年年报问询函的回复,2025-07-11,http://static.cninfo.com.cn/finalpage/2025-07-11/1224146999.PDF,1224146999,会计师事务所
600530,交大昂立,交大昂立：山东舜天信诚会计师事务所（特殊普通合伙）关于公司2024年度报告的信息披露监管工作函的回复,2025-07-11,http://static.cninfo.com.cn/finalpage/2025-07-11/1224129243.PDF,1224129243,会计师事务所
839792,东和新材,[临时公告]东和新材:容诚会计师事务所关于辽宁东和新材料股份有限公司2024年年报问询函有关问题的回复,2025-07-11,http://static.cninfo.com.cn/finalpage/2025-07-11/1224146982.PDF,1224146982,会计师事务所
601388,怡球资源,怡球资源：容诚会计师事务所（特殊普通合伙）关于怡球资源2024年年报问询函相关问题的核查意见,2025-07-11,http://static.cninfo.com.cn/finalpage/2025-07-11/1224129889.PDF,1224129889,会计师事务所
839946,华阳变速,[临时公告]华阳变速:中喜会计师事务所（特殊普通合伙）关于对湖北华阳汽车变速系统股份有限公司2024年年报问询函的回复,2025-07-11,http://static.cninfo.com.cn/finalpage/2025-07-11/1224147001.PDF,1224147001,会计师事务所
600745,闻泰科技,闻泰科技：众华会计师事务所（特殊普通合伙）关于上海证券交易所《关于闻泰科技股份有限公司2024年年度报告的信息披露监管问询函》有关财务问题回复的专项说明,2025-07-10,http://static.cninfo.com.cn/finalpage/2025-07-10/1224119487.PDF,1224119487,会计师事务所
600418,江淮汽车,江淮汽车：天健会计师事务所（特殊普通合伙）关于安徽江淮汽车集团股份有限公司向特定对象发行股票申请文件的审核问询函的回复(修订稿),2025-07-10,http://static.cninfo.com.cn/finalpage/2025-07-10/1224120257.PDF,1224120257,会计师事务所
600418,江淮汽车,江淮汽车：容诚会计师事务所（特殊普通合伙）关于安徽江淮汽车集团股份有限公司向特定对象发行股票申请文件的审核问询函的回复(修订稿),2025-07-10,http://static.cninfo.com.cn/finalpage/2025-07-10/1224120255.PDF,1224120255,会计师事务所
600738,丽尚国潮,丽尚国潮：立信中联会计师事务所（特殊普通合伙）关于对兰州丽尚国潮实业集团股份有限公司年报问询函的回复,2025-07-10,http://static.cninfo.com.cn/finalpage/2025-07-10/1224119593.PDF,1224119593,会计师事务所
603350,安乃达,安乃达：容诚会计师事务所（特殊普通合伙）关于安乃达驱动技术（上海）股份有限公司2024年年度报告的信息披露监管问询函之回复专项核查意见,2025-07-10,http://static.cninfo.com.cn/finalpage/2025-07-10/1224119991.PDF,1224119991,会计师事务所
688173,希荻微,希荻微：立信会计师事务所（特殊普通合伙）《关于希荻微电子集团股份有限公司发行股份及支付现金购买资产并募集配套资金申请的审核问询函》的回复,2025-07-10,http://static.cninfo.com.cn/finalpage/2025-07-10/1224120116.PDF,1224120116,会计师事务所
603375,盛景微,盛景微：容诚会计师事务所(特殊普通合伙)关于无锡盛景微电子股份有限公司2024年年度报告的信息披露监管问询函中有关财务会计问题的专项说明,2025-07-10,http://static.cninfo.com.cn/finalpage/2025-07-10/1224119979.PDF,1224119979,会计师事务所
833575,康乐卫士,[临时公告]康乐卫士:安永华明会计师事务所（特殊普通合伙）关于对北京康乐卫士生物技术股份有限公司2024年年报问询函第1-7项涉及财务报表项目问询意见的专项说明,2025-07-10,http://static.cninfo.com.cn/finalpage/2025-07-10/1224130976.PDF,1224130976,会计师事务所
000973,佛塑科技,佛塑科技：佛塑科技关于拟续聘会计师事务所的公告,2025-07-10,http://static.cninfo.com.cn/finalpage/2025-07-10/1224119664.PDF,1224119664,会计师事务所
000973,佛塑科技,佛塑科技：佛塑科技关于2024年度会计师事务所履职情况评估及审计监察委员会履行监督职责情况的报告,2025-07-10,http://static.cninfo.com.cn/finalpage/2025-07-10/1224119667.PDF,1224119667,会计师事务所
002657,中科金财,中科金财：关于变更会计师事务所的公告,2025-07-10,http://static.cninfo.com.cn/finalpage/2025-07-10/1224119792.PDF,1224119792,会计师事务所
688173,希荻微,希荻微：立信会计师事务所（特殊普通合伙）关于希荻微电子集团股份有限公司本次重大资产重组前业绩异常的专项核查意见,2025-07-10,http://static.cninfo.com.cn/finalpage/2025-07-10/1224120113.PDF,1224120113,会计师事务所
600476,湘邮科技,湘邮科技：中审众环会计师事务所（特殊普通合伙）出具的《关于湖南湘邮科技股份有限公司2024年年报问询函的回复》,2025-07-10,http://static.cninfo.com.cn/finalpage/2025-07-10/1224120281.PDF,1224120281,会计师事务所
603032,德新科技,德新科技：立信会计师事务所（特殊普通合伙）关于德力西新能源科技股份有限公司2024年年度报告的信息披露监管问询函的回复,2025-07-10,http://static.cninfo.com.cn/finalpage/2025-07-10/1224118985.PDF,1224118985,会计师事务所
601619,嘉泽新能,嘉泽新能：信永中和会计师事务所（特殊普通合伙）关于嘉泽新能源股份有限公司申请向特定对象发行股票的审核中心意见落实函之回复,2025-07-10,http://static.cninfo.com.cn/finalpage/2025-07-10/1224118976.PDF,1224118976,会计师事务所
832110,雷特科技,[临时公告]雷特科技:会计师事务所选聘制度,2025-07-10,http://static.cninfo.com.cn/finalpage/2025-07-10/1224130184.PDF,1224130184,会计师事务所
871478,巨能股份,[临时公告]巨能股份:和信会计师事务所（特殊普通合伙）关于宁夏巨能机器人股份有限公司2024年年报问询函的回复,2025-07-10,http://static.cninfo.com.cn/finalpage/2025-07-10/1224130951.PDF,1224130951,会计师事务所
430300,辰光医疗,[临时公告]辰光医疗:会计师事务所选聘制度,2025-07-10,http://static.cninfo.com.cn/finalpage/2025-07-10/1224130992.PDF,1224130992,会计师事务所
300720,海川智能,海川智能：会计师事务所选聘制度,2025-07-10,http://static.cninfo.com.cn/finalpage/2025-07-10/1224118791.PDF,1224118791,会计师事务所
301590,优优绿能,优优绿能：会计师事务所选聘制度,2025-07-10,http://static.cninfo.com.cn/finalpage/2025-07-10/1224119362.PDF,1224119362,会计师事务所
600076,康欣新材,康欣新材：中喜会计师事务所（特殊普通合伙）关于康欣新材料股份有限公司2024年年度报告的信息披露监管问询函反馈问询函中有关财务事项的回复,2025-07-10,http://static.cninfo.com.cn/finalpage/2025-07-10/1224118046.PDF,1224118046,会计师事务所
688196,卓越新能,卓越新能：利安达会计师事务所(特殊普通合伙)关于龙岩卓越新能源股份有限公司前次募集资金使用情况的鉴证报告,2025-07-09,http://static.cninfo.com.cn/finalpage/2025-07-09/1224103768.PDF,1224103768,会计师事务所
300978,东箭科技,东箭科技：会计师事务所选聘制度（2025年7月修订）,2025-07-09,http://static.cninfo.com.cn/finalpage/2025-07-09/1224104562.PDF,1224104562,会计师事务所
920082,方正阀门,[临时公告]方正阀门:会计师事务所选聘制度,2025-07-09,http://static.cninfo.com.cn/finalpage/2025-07-09/1224119689.PDF,1224119689,会计师事务所
600841,动力新科,动力新科：德勤华永会计师事务所（特殊普通合伙）关于对上海证券交易所《关于上海新动力汽车科技股份有限公司2024年年度报告的信息披露监管问询函》的回复,2025-07-09,http://static.cninfo.com.cn/finalpage/2025-07-09/1224102491.PDF,1224102491,会计师事务所
605005,合兴股份,合兴股份：合兴汽车电子股份有限公司会计师事务所选聘管理制度（2025年7月）,2025-07-09,http://static.cninfo.com.cn/finalpage/2025-07-09/1224102625.PDF,1224102625,会计师事务所
603863,松炀资源,松炀资源：大华会计师事务所（特殊普通合伙）：《关于广东松炀再生资源股份有限公司2024年年度报告的信息披露监管问询函》中有关财务事项的说明,2025-07-09,http://static.cninfo.com.cn/finalpage/2025-07-09/1224103038.PDF,1224103038,会计师事务所
600382,广东明珠,广东明珠：利安达会计师事务所（特殊普通合伙）关于上海证券交易所《关于广东明珠集团股份有限公司2024年年度报告的信息披露监管问询函》的回复,2025-07-09,http://static.cninfo.com.cn/finalpage/2025-07-09/1224103097.PDF,1224103097,会计师事务所
603108,润达医疗,润达医疗：众华会计师事务所（特殊普通合伙）关于润达医疗2024年度报告的事后审核问询函的专项说明,2025-07-09,http://static.cninfo.com.cn/finalpage/2025-07-09/1224103219.PDF,1224103219,会计师事务所
002729,好利科技,好利科技：会计师事务所选聘制度（2025年7月修订草案）,2025-07-09,http://static.cninfo.com.cn/finalpage/2025-07-09/1224104172.PDF,1224104172,会计师事务所
600135,乐凯胶片,乐凯胶片：立信会计师事务所（特殊普通合伙）关于乐凯胶片股份有限公司2024年年度报告的信息披露监管问询事项回复_信会师函字[2025]第ZG141号,2025-07-09,http://static.cninfo.com.cn/finalpage/2025-07-09/1224103201.PDF,1224103201,会计师事务所
688196,卓越新能,卓越新能：利安达会计师事务所(特殊普通合伙)关于龙岩卓越新能源股份有限公司非经常性损益专项核查报告,2025-07-09,http://static.cninfo.com.cn/finalpage/2025-07-09/1224103764.PDF,1224103764,会计师事务所
300535,达威股份,达威股份：会计师事务所选聘制度,2025-07-09,http://static.cninfo.com.cn/finalpage/2025-07-09/1224104039.PDF,1224104039,会计师事务所
605286,同力日升,同力日升：天衡会计师事务所（特殊普通合伙）关于北京天启鸿源新能源科技有限公司2022-2024年度业绩承诺完成情况的专项审核报告,2025-07-09,http://static.cninfo.com.cn/finalpage/2025-07-09/1224102354.PDF,1224102354,会计师事务所
600129,太极集团,太极集团：太极集团关于变更会计师事务所的公告,2025-07-09,http://static.cninfo.com.cn/finalpage/2025-07-09/1224103338.PDF,1224103338,会计师事务所
688011,新光光电,新光光电：信永中和会计师事务所（特殊普通合伙）关于对哈尔滨新光光电科技股份有限公司2024 年年度报告的信息披露监管问询函的回复,2025-07-09,http://static.cninfo.com.cn/finalpage/2025-07-09/1224103515.PDF,1224103515,会计师事务所
688196,卓越新能,卓越新能：利安达会计师事务所(特殊普通合伙)关于龙岩卓越新能源股份有限公司2024年度内部控制审计报告,2025-07-09,http://static.cninfo.com.cn/finalpage/2025-07-09/1224103755.PDF,1224103755,会计师事务所
300535,达威股份,达威股份：关于拟续聘2025年度会计师事务所的公告,2025-07-09,http://static.cninfo.com.cn/finalpage/2025-07-09/1224104047.PDF,1224104047,会计师事务所
688327,云从科技,云从科技：天健会计师事务所（特殊普通合伙）关于云从科技集团股份有限公司2024年年度报告的信息披露监管问询函的专项说明,2025-07-09,http://static.cninfo.com.cn/finalpage/2025-07-09/1224104339.PDF,1224104339,会计师事务所
300677,英科医疗,英科医疗：会计师事务所选聘制度,2025-07-09,http://static.cninfo.com.cn/finalpage/2025-07-09/1224104362.PDF,1224104362,会计师事务所
603077,和邦生物,和邦生物：四川华信（集团）会计师事务所（特殊普通合伙）关于上海证券交易所对四川和邦生物科技股份有限公司2024年年度报告的信息披露监管问询函的回复,2025-07-09,http://static.cninfo.com.cn/finalpage/2025-07-09/1224103036.PDF,1224103036,会计师事务所
688196,卓越新能,卓越新能：利安达会计师事务所(特殊普通合伙)关于龙岩卓越新能源股份有限公司2024年度财务审计报告,2025-07-09,http://static.cninfo.com.cn/finalpage/2025-07-09/1224103772.PDF,1224103772,会计师事务所
603488,展鹏科技,展鹏科技：展鹏科技股份有限公司会计师事务所选聘制度,2025-07-09,http://static.cninfo.com.cn/finalpage/2025-07-09/1224103922.PDF,1224103922,会计师事务所
002079,苏州固锝,苏州固锝：立信会计师事务所关于苏州固锝申请向特定对象发行股票的审核问询函的回复,2025-07-08,http://static.cninfo.com.cn/finalpage/2025-07-08/1224091530.PDF,1224091530,会计师事务所
688110,东芯股份,东芯股份：立信会计师事务所（特殊普通合伙）关于东芯半导体股份有限公司2024年年度报告的信息披露监管问询函的回复,2025-07-08,http://static.cninfo.com.cn/finalpage/2025-07-08/1224091687.PDF,1224091687,会计师事务所
301279,金道科技,金道科技：会计师事务所选聘制度,2025-07-08,http://static.cninfo.com.cn/finalpage/2025-07-08/1224090506.PDF,1224090506,会计师事务所
301349,信德新材,信德新材：会计师事务所选聘制度（2025年7月）,2025-07-08,http://static.cninfo.com.cn/finalpage/2025-07-08/1224090590.PDF,1224090590,会计师事务所
603079,圣达生物,圣达生物：天健会计师事务所（特殊普通合伙）关于浙江圣达生物药业股份有限公司以自筹资金预先投入募投项目及支付发行费用的鉴证报告,2025-07-08,http://static.cninfo.com.cn/finalpage/2025-07-08/1224091084.PDF,1224091084,会计师事务所
603165,荣晟环保,荣晟环保：浙江荣晟环保纸业股份有限公司会计师事务所选聘制度（2025年7月修订）,2025-07-08,http://static.cninfo.com.cn/finalpage/2025-07-08/1224090228.PDF,1224090228,会计师事务所
688573,信宇人,信宇人：政旦志远（深圳）会计师事务所（特殊普通合伙）关于深圳市信宇人科技股份有限公司2024 年年度报告的信息披露监管问询函回复的核查意见,2025-07-08,http://static.cninfo.com.cn/finalpage/2025-07-08/1224091933.PDF,1224091933,会计师事务所
600960,渤海汽车,渤海汽车：立信会计师事务所（特殊普通合伙）关于《渤海汽车系统股份有限公司2024年年度报告信息披露监管问询函》的回复,2025-07-08,http://static.cninfo.com.cn/finalpage/2025-07-08/1224091070.PDF,1224091070,会计师事务所
603236,移远通信,移远通信：立信会计师事务所(特殊普通合伙)关于上海移远通信技术股份有限公司向特定对象发行股票申请文件的审核问询函的回复,2025-07-08,http://static.cninfo.com.cn/finalpage/2025-07-08/1224091472.PDF,1224091472,会计师事务所
300440,运达科技,运达科技：会计师事务所选聘制度,2025-07-08,http://static.cninfo.com.cn/finalpage/2025-07-08/1224091734.PDF,1224091734,会计师事务所
920111,聚星科技,[临时公告]聚星科技:会计师事务所选聘制度公告,2025-07-08,http://static.cninfo.com.cn/finalpage/2025-07-08/1224104723.PDF,1224104723,会计师事务所
834033,康普化学,[临时公告]康普化学:天健会计师事务所（特殊普通合伙）关于重庆康普化学工业股份有限公司2024年年报问询函的专项说明,2025-07-08,http://static.cninfo.com.cn/finalpage/2025-07-08/1224104861.PDF,1224104861,会计师事务所
600186,莲花控股,莲花控股：中兴财光华会计师事务所（特殊普通合伙）关于对莲花控股股份有限公司2024年年度报告的信息披露监管问询函相关问题的核查意见,2025-07-08,http://static.cninfo.com.cn/finalpage/2025-07-08/1224089559.PDF,1224089559,会计师事务所
300296,利亚德,利亚德：关于续聘会计师事务所的公告,2025-07-08,http://static.cninfo.com.cn/finalpage/2025-07-08/1224090116.PDF,1224090116,会计师事务所
301279,金道科技,金道科技：关于续聘会计师事务所的公告,2025-07-08,http://static.cninfo.com.cn/finalpage/2025-07-08/1224090502.PDF,1224090502,会计师事务所
600789,鲁抗医药,鲁抗医药：和信会计师事务所（特殊普通合伙）关于山东鲁抗医药股份有限公司向特定对象发行股票申请文件的审核问询函的回复（修订稿）,2025-07-08,http://static.cninfo.com.cn/finalpage/2025-07-08/1224090876.PDF,1224090876,会计师事务所
605268,王力安防,王力安防：王力安防关于变更会计师事务所的公告,2025-07-08,http://static.cninfo.com.cn/finalpage/2025-07-08/1224089602.PDF,1224089602,会计师事务所
688026,洁特生物,洁特生物：天健会计师事务所（特殊普通合伙）关于广州洁特生物过滤股份有限公司2024年年度报告的信息披露监管问询函专项说明,2025-07-08,http://static.cninfo.com.cn/finalpage/2025-07-08/1224090900.PDF,1224090900,会计师事务所
832471,美邦科技,[临时公告]美邦科技:大信会计师事务所（特殊普通合伙）关于河北美邦工程科技股份有限公司2024年年报问询函相关问题的核查意见,2025-07-08,http://static.cninfo.com.cn/finalpage/2025-07-08/1224104758.PDF,1224104758,会计师事务所
833533,骏创科技,[临时公告]骏创科技:会计师事务所选聘制度,2025-07-08,http://static.cninfo.com.cn/finalpage/2025-07-08/1224104782.PDF,1224104782,会计师事务所
833394,民士达,[临时公告]民士达:会计师事务所选聘制度,2025-07-08,http://static.cninfo.com.cn/finalpage/2025-07-08/1224104851.PDF,1224104851,会计师事务所
300659,中孚信息,中孚信息：中孚信息选聘会计师事务所管理办法（2025年7月）,2025-07-08,http://static.cninfo.com.cn/finalpage/2025-07-08/1224091690.PDF,1224091690,会计师事务所
600026,中远海能,中远海能：信永中和会计师事务所（特殊普通合伙）关于中远海运能源运输股份有限公司向特定对象发行股票申请文件的审核问询函的回复（修订稿）,2025-07-08,http://static.cninfo.com.cn/finalpage/2025-07-08/1224091464.PDF,1224091464,会计师事务所
01138,中远海能,中远海能：信永中和会计师事务所（特殊普通合夥）关於中远海运能源运输股份有限公司向特定对象发行股票申请文件的审核问询函的回覆（修订稿）,2025-07-07,http://static.cninfo.com.cn/finalpage/2025-07-07/1224091766.PDF,1224091766,会计师事务所
002653,海思科,海思科：信永中和会计师事务所关于海思科医药集团股份有限公司向特定对象发行股票的财务报告及审计报告,2025-07-07,http://static.cninfo.com.cn/finalpage/2025-07-07/1224088627.PDF,1224088627,会计师事务所
600718,东软集团,东软集团：立信会计师事务所(特殊普通合伙)关于东软集团2024年年度报告的信息披露监管问询函的回复,2025-07-07,http://static.cninfo.com.cn/finalpage/2025-07-07/1224085996.PDF,1224085996,会计师事务所
835857,百甲科技,[临时公告]百甲科技:容诚会计师事务所（特殊普通合伙）关于徐州中煤百甲重钢科技股份有限公司年报问询函回复的专项说明,2025-07-07,http://static.cninfo.com.cn/finalpage/2025-07-07/1224091873.PDF,1224091873,会计师事务所
603386,骏亚科技,骏亚科技：骏亚科技：容诚会计师事务所（特殊普通合伙）关于广东骏亚电子科技股份有限公司2024年年度报告的信息披露监管问询函的回复,2025-07-07,http://static.cninfo.com.cn/finalpage/2025-07-07/1224086006.PDF,1224086006,会计师事务所
832876,慧为智能,[临时公告]慧为智能:政旦志远（深圳）会计师事务所（特殊普通合伙）关于深圳市慧为智能科技股份有限公司2024年年报问询函中有关财务事项的说明,2025-07-07,http://static.cninfo.com.cn/finalpage/2025-07-07/1224091951.PDF,1224091951,会计师事务所
873679,前进科技,[临时公告]前进科技:会计师事务所选聘制度,2025-07-07,http://static.cninfo.com.cn/finalpage/2025-07-07/1224091825.PDF,1224091825,会计师事务所
833427,华维设计,[临时公告]华维设计:鹏盛会计师事务所（特殊普通合伙）关于对华维设计集团股份有限公司2024年年报问询函的回复,2025-07-07,http://static.cninfo.com.cn/finalpage/2025-07-07/1224091787.PDF,1224091787,会计师事务所
300311,ST任子行,ST任子行：会计师事务所选聘制度（2025年7月）,2025-07-07,http://static.cninfo.com.cn/finalpage/2025-07-07/1224086063.PDF,1224086063,会计师事务所
600666,奥瑞德,奥瑞德：中审亚太会计师事务所关于公司2024年年度报告的信息披露监管工作函回复,2025-07-05,http://static.cninfo.com.cn/finalpage/2025-07-05/1224085234.PDF,1224085234,会计师事务所
603789,*ST星农,*ST星农：上会会计师事务所（特殊普通合伙）关于上海证券交易所《关于对星光农机股份有限公司2024年年度报告的信息披露监管问询函》的回复,2025-07-05,http://static.cninfo.com.cn/finalpage/2025-07-05/1224084200.PDF,1224084200,会计师事务所
688613,奥精医疗,奥精医疗：立信会计师事务所关于奥精医疗科技股份有限公司2024年年度报告的信息披露监管问询函的回复,2025-07-05,http://static.cninfo.com.cn/finalpage/2025-07-05/1224083931.PDF,1224083931,会计师事务所
600777,ST新潮,ST新潮：董事会审计委员会对会计师事务所2024年度履行监督职责情况报告,2025-07-05,http://static.cninfo.com.cn/finalpage/2025-07-05/1224085723.PDF,1224085723,会计师事务所
603682,锦和商管,锦和商管：立信会计师事务所（特殊普通合伙）《关于上海锦和商业经营管理股份有限公司2024年年度报告的信息披露监管问询函》的年审会计师回复,2025-07-05,http://static.cninfo.com.cn/finalpage/2025-07-05/1224084708.PDF,1224084708,会计师事务所
301381,赛维时代,赛维时代：会计师事务所选聘制度,2025-07-05,http://static.cninfo.com.cn/finalpage/2025-07-05/1224084143.PDF,1224084143,会计师事务所
002015,协鑫能科,协鑫能科：会计师事务所选聘制度（2025年7月修订）,2025-07-05,http://static.cninfo.com.cn/finalpage/2025-07-05/1224085045.PDF,1224085045,会计师事务所
600479,千金药业,千金药业：天健会计师事务所（特殊普通合伙）关于株洲千金药业股份有限公司发行股份及支付现金购买资产暨关联交易申请的审核问询函之问询问题中有关财务事项的说明（修订稿）,2025-07-05,http://static.cninfo.com.cn/finalpage/2025-07-05/1224085442.PDF,1224085442,会计师事务所
603666,亿嘉和,亿嘉和：天衡会计师事务所（特殊普通合伙）关于亿嘉和科技股份有限公司2024 年年度报告的信息披露监管问询函的回复,2025-07-05,http://static.cninfo.com.cn/finalpage/2025-07-05/1224085558.PDF,1224085558,会计师事务所
603629,利通电子,利通电子：603629：天健会计师事务所关于利通电子2024年年报问询函之专项说明,2025-07-05,http://static.cninfo.com.cn/finalpage/2025-07-05/1224083002.PDF,1224083002,会计师事务所
600107,ST尔雅,ST尔雅：中审众环会计师事务所（特殊普通合伙）关于湖北美尔雅股份有限公司2024年年度报告信息披露监管工作函的回复,2025-07-05,http://static.cninfo.com.cn/finalpage/2025-07-05/1224084369.PDF,1224084369,会计师事务所
600193,*ST创兴,*ST创兴：中兴财光华会计师事务所（特殊普通合伙）关于上海创兴资源开发股份有限公司2024年年度报告信息披露监管工作函的专项说明,2025-07-05,http://static.cninfo.com.cn/finalpage/2025-07-05/1224084173.PDF,1224084173,会计师事务所
301153,中科江南,中科江南：关于拟变更会计师事务所的公告,2025-07-05,http://static.cninfo.com.cn/finalpage/2025-07-05/1224083720.PDF,1224083720,会计师事务所
600777,ST新潮,ST新潮：对会计师事务所2024年度履职情况评估报告,2025-07-05,http://static.cninfo.com.cn/finalpage/2025-07-05/1224085729.PDF,1224085729,会计师事务所
600531,豫光金铅,豫光金铅：河南豫光金铅股份有限公司会计师事务所选聘制度,2025-07-05,http://static.cninfo.com.cn/finalpage/2025-07-05/1224085101.PDF,1224085101,会计师事务所
600232,金鹰股份,金鹰股份：天健会计师事务所（特殊普通合伙）关于浙江金鹰股份有限公司2024年年度报告的信息披露监管问询函的专项说明,2025-07-05,http://static.cninfo.com.cn/finalpage/2025-07-05/1224084081.PDF,1224084081,会计师事务所
603069,海汽集团,海汽集团：致同会计师事务所（特殊普通合伙）关于海南海汽运输集团股份有限公司2024年年报问询函的回复,2025-07-05,http://static.cninfo.com.cn/finalpage/2025-07-05/1224084193.PDF,1224084193,会计师事务所
000953,河化股份,河化股份：会计师事务所选聘制度（2025年修订）,2025-07-05,http://static.cninfo.com.cn/finalpage/2025-07-05/1224084494.PDF,1224084494,会计师事务所
301292,海科新源,海科新源：山东海科新源材料科技股份有限公司会计师事务所选聘制度,2025-07-05,http://static.cninfo.com.cn/finalpage/2025-07-05/1224083948.PDF,1224083948,会计师事务所
603360,百傲化学,百傲化学：致同会计师事务所（特殊普通合伙）关于大连百傲化学股份有限公司2024年年报问询函的回复,2025-07-05,http://static.cninfo.com.cn/finalpage/2025-07-05/1224085289.PDF,1224085289,会计师事务所
688793,倍轻松,倍轻松：天健会计师事务所（特殊普通合伙）关于深圳市倍轻松科技股份有限公司2024年年度报告的信息披露监管问询函的专项说明,2025-07-05,http://static.cninfo.com.cn/finalpage/2025-07-05/1224085303.PDF,1224085303,会计师事务所
688320,禾川科技,禾川科技：天健会计师事务所（特殊普通合伙）关于浙江禾川科技股份有限公司2024年年度报告的信息披露监管问询函专项说明,2025-07-05,http://static.cninfo.com.cn/finalpage/2025-07-05/1224083240.PDF,1224083240,会计师事务所
603033,三维股份,三维股份：天健会计师事务所问询函专项说明〔2025〕739号,2025-07-05,http://static.cninfo.com.cn/finalpage/2025-07-05/1224085453.PDF,1224085453,会计师事务所
688293,奥浦迈,奥浦迈：立信会计师事务所（特殊普通合伙）关于上海奥浦迈生物科技股份有限公司2024年年度报告的信息披露监管问询函的回复,2025-07-05,http://static.cninfo.com.cn/finalpage/2025-07-05/1224084431.PDF,1224084431,会计师事务所
605199,ST葫芦娃,ST葫芦娃：立信会计师事务所（特殊普通合伙）关于2024年年度报告的信息披露监管问询函的回复,2025-07-05,http://static.cninfo.com.cn/finalpage/2025-07-05/1224084713.PDF,1224084713,会计师事务所
688175,高凌信息,高凌信息：珠海高凌信息科技股份有限公司会计师事务所选聘制度（2025年7月）,2025-07-05,http://static.cninfo.com.cn/finalpage/2025-07-05/1224084740.PDF,1224084740,会计师事务所
002913,奥士康,奥士康：会计师事务所选聘制度（2025年7月）,2025-07-05,http://static.cninfo.com.cn/finalpage/2025-07-05/1224084338.PDF,1224084338,会计师事务所
000788,北大医药,北大医药：关于拟续聘会计师事务所的公告,2025-07-05,http://static.cninfo.com.cn/finalpage/2025-07-05/1224083257.PDF,1224083257,会计师事务所
605368,蓝天燃气,蓝天燃气：中兴财光华会计师事务所（特殊普通合伙）关于蓝天燃气2024年年度报告问询函的回复,2025-07-05,http://static.cninfo.com.cn/finalpage/2025-07-05/1224082649.PDF,1224082649,会计师事务所
002486,嘉麟杰,嘉麟杰：会计师事务所选聘制度（2025年7月）,2025-07-05,http://static.cninfo.com.cn/finalpage/2025-07-05/1224084667.PDF,1224084667,会计师事务所
603255,鼎际得,鼎际得：天健会计师事务所关于辽宁鼎际得石化股份有限公司问询函专项说明,2025-07-05,http://static.cninfo.com.cn/finalpage/2025-07-05/1224085554.PDF,1224085554,会计师事务所
600153,建发股份,建发股份：容诚会计师事务所关于厦门建发股份有限公司2024年年报问询函专项说明,2025-07-05,http://static.cninfo.com.cn/finalpage/2025-07-05/1224085387.PDF,1224085387,会计师事务所
600072,中船科技,中船科技：致同会计师事务所（特殊普通合伙）关于中船科技股份有限公司2024年年度报告的信息披露监管问询函的回复,2025-07-05,http://static.cninfo.com.cn/finalpage/2025-07-05/1224085480.PDF,1224085480,会计师事务所
688793,倍轻松,倍轻松：关于会计师事务所出具的《非经营性资金占用及其他关联资金往来情况汇总表的专项审计报告》的更正公告,2025-07-05,http://static.cninfo.com.cn/finalpage/2025-07-05/1224085304.PDF,1224085304,会计师事务所
838810,"春光智能,春光药装",[临时公告]春光智能:大华会计师事务所（特殊普通合伙）关于对辽宁春光智能装备集团股份有限公司2024年年报问询函的回复,2025-07-04,http://static.cninfo.com.cn/finalpage/2025-07-04/1224085893.PDF,1224085893,会计师事务所
603222,济民健康,济民健康：天健会计师事务所(特殊普通合伙)关于济民健康管理股份有限公司2024年年度报告的信息披露监管问询函专项说明,2025-07-04,http://static.cninfo.com.cn/finalpage/2025-07-04/1224070947.PDF,1224070947,会计师事务所
600238,*ST椰岛,*ST椰岛：中审亚太会计师事务所（特殊普通合伙）《关于海南椰岛(集团)股份有限公司2024年年度报告的信息披露监管工作函》有关问题的回复,2025-07-04,http://static.cninfo.com.cn/finalpage/2025-07-04/1224071820.PDF,1224071820,会计师事务所
870199,倍益康,[临时公告]倍益康:会计师事务所选聘制度,2025-07-04,http://static.cninfo.com.cn/finalpage/2025-07-04/1224085779.PDF,1224085779,会计师事务所
605298,必得科技,必得科技：容诚会计师事务所（特殊普通合伙）关于江苏必得科技股份有限公司2024年年度报告的信息披露监管问询函的回复,2025-07-04,http://static.cninfo.com.cn/finalpage/2025-07-04/1224071697.PDF,1224071697,会计师事务所
605333,沪光股份,沪光股份：选聘会计师事务所专项制度（2025年7月修订）,2025-07-04,http://static.cninfo.com.cn/finalpage/2025-07-04/1224071220.PDF,1224071220,会计师事务所
835184,国源科技,[临时公告]国源科技:天健会计师事务所关于对北京世纪国源科技股份有限公司2024年年报问询函回复的专项说明,2025-07-04,http://static.cninfo.com.cn/finalpage/2025-07-04/1224085175.PDF,1224085175,会计师事务所
688310,迈得医疗,迈得医疗：天健会计师事务所（特殊普通合伙）关于迈得医疗工业设备股份有限公司2024年年度报告的信息披露监管问询函的专项说明,2025-07-04,http://static.cninfo.com.cn/finalpage/2025-07-04/1224071970.PDF,1224071970,会计师事务所
603843,*ST正平,*ST正平：大华会计师事务所（特殊普通合伙）关于正平路桥建设股份有限公司2024 年年度报告信息披露监管工作函的部分回复（大华核字[2025]0011007396号）,2025-07-04,http://static.cninfo.com.cn/finalpage/2025-07-04/1224072110.PDF,1224072110,会计师事务所
600133,东湖高新,东湖高新：关于拟续聘会计师事务所的公告,2025-07-04,http://static.cninfo.com.cn/finalpage/2025-07-04/1224070932.PDF,1224070932,会计师事务所
605077,华康股份,华康股份：天健会计师事务所（特殊普通合伙）关于浙江华康药业股份有限公司发行股份及支付现金购买资产暨关联交易申请的审核问询函之问询问题中有关财务事项的说明,2025-07-04,http://static.cninfo.com.cn/finalpage/2025-07-04/1224072150.PDF,1224072150,会计师事务所
870656,海昇药业,[临时公告]海昇药业:会计师事务所选聘制度,2025-07-04,http://static.cninfo.com.cn/finalpage/2025-07-04/1224085835.PDF,1224085835,会计师事务所
300899,*ST凯鑫,*ST凯鑫：会计师事务所选聘制度,2025-07-04,http://static.cninfo.com.cn/finalpage/2025-07-04/1224071638.PDF,1224071638,会计师事务所
301609,山大电力,山大电力：容诚会计师事务所（特殊普通合伙）关于公司首次公开发行股票并在创业板上市的财务报表及审计报告,2025-07-04,http://static.cninfo.com.cn/finalpage/2025-07-04/1224070304.PDF,1224070304,会计师事务所
600381,*ST春天,*ST春天：政旦志远（深圳）会计师事务所（特殊普通合伙）对上海证券交易所《关于青海春天2024年年度报告的信息披露监管工作函》的回复,2025-07-04,http://static.cninfo.com.cn/finalpage/2025-07-04/1224072089.PDF,1224072089,会计师事务所
835174,五新隧装,[临时公告]五新隧装:天健会计师事务所关于湖南五新隧道智能装备股份有限公司2024年年报问询函的专项说明,2025-07-04,http://static.cninfo.com.cn/finalpage/2025-07-04/1224083708.PDF,1224083708,会计师事务所
301310,鑫宏业,鑫宏业：会计师事务所选聘制度（2025年7月）,2025-07-04,http://static.cninfo.com.cn/finalpage/2025-07-04/1224070544.PDF,1224070544,会计师事务所
301408,华人健康,华人健康：会计师事务所选聘制度,2025-07-03,http://static.cninfo.com.cn/finalpage/2025-07-03/1224069384.PDF,1224069384,会计师事务所
001283,豪鹏科技,豪鹏科技：会计师事务所选聘制度,2025-07-03,http://static.cninfo.com.cn/finalpage/2025-07-03/1224068251.PDF,1224068251,会计师事务所
603106,恒银科技,恒银科技：信永中和会计师事务所（特殊普通合伙）关于恒银金融科技股份有限公司2024年年度报告的信息披露监管问询函的专项说明,2025-07-03,http://static.cninfo.com.cn/finalpage/2025-07-03/1224069011.PDF,1224069011,会计师事务所
688357,建龙微纳,建龙微纳：立信会计师事务所（特殊普通合伙）关于洛阳建龙微纳新材料股份有限公司2024年年度报告的信息披露监管问询函的回复,2025-07-03,http://static.cninfo.com.cn/finalpage/2025-07-03/1224069260.PDF,1224069260,会计师事务所
688611,杭州柯林,杭州柯林：天健会计师事务所(特殊普通合伙)关于杭州柯林电气股份有限公司2024年年度报告的信息披露监管问询函的专项说明,2025-07-03,http://static.cninfo.com.cn/finalpage/2025-07-03/1224068765.PDF,1224068765,会计师事务所
833171,国航远洋,[临时公告]国航远洋:中审众环会计师事务所(特殊普通合伙)关于国航远洋向特定对象发行股票申请文件的审核问询函的回复,2025-07-03,http://static.cninfo.com.cn/finalpage/2025-07-03/1224072025.PDF,1224072025,会计师事务所
688018,乐鑫科技,乐鑫科技：天职国际会计师事务所（特殊普通合伙）关于乐鑫信息科技（上海）股份有限公司申请向特定对象发行股票审核问询函的回复报告,2025-07-03,http://static.cninfo.com.cn/finalpage/2025-07-03/1224069229.PDF,1224069229,会计师事务所
688231,隆达股份,隆达股份：中汇会计师事务所（特殊普通合伙）关于对江苏隆达超合金股份有限公司2024年年度报告的信息披露监管问询函有关财务问题回复的专项说明,2025-07-03,http://static.cninfo.com.cn/finalpage/2025-07-03/1224069203.PDF,1224069203,会计师事务所
600136,ST明诚,ST明诚：中审众环会计师事务所（特殊普通合伙）关于对武汉明诚文化体育集团股份有限公司2024年年度报告的信息披露监管工作函的回复,2025-07-03,http://static.cninfo.com.cn/finalpage/2025-07-03/1224066308.PDF,1224066308,会计师事务所
833266,生物谷,[临时公告]生物谷:信永中和会计师事务所（特殊普通合伙）关于对云南生物谷药业股份有限公司2024 年年报问询函的回复,2025-07-03,http://static.cninfo.com.cn/finalpage/2025-07-03/1224072036.PDF,1224072036,会计师事务所
002177,御银股份,御银股份：会计师事务所选聘制度（2025年修订）,2025-07-03,http://static.cninfo.com.cn/finalpage/2025-07-03/1224068638.PDF,1224068638,会计师事务所
605058,澳弘电子,澳弘电子：容诚会计师事务所(特殊普通合伙)关于常州澳弘电子股份有限公司向不特定对象发行可转换公司债券申请文件的审核问询函中有关财务会计问题的专项说明,2025-07-03,http://static.cninfo.com.cn/finalpage/2025-07-03/1224068879.PDF,1224068879,会计师事务所
688345,博力威,博力威：大信会计师事务所关于广东博力威科技股份有限公司2024年年报问询函相关问题的核查意见,2025-07-03,http://static.cninfo.com.cn/finalpage/2025-07-03/1224068829.PDF,1224068829,会计师事务所
000705,浙江震元,浙江震元：天健会计师事务所关于浙江震元股份有限公司申请向特定对象发行股票的审核问询函中有关财务事项的说明（修订稿）（豁免版）,2025-07-03,http://static.cninfo.com.cn/finalpage/2025-07-03/1224067967.PDF,1224067967,会计师事务所
600603,ST广物,ST广物：广汇物流股份有限公司会计师事务所选聘制度（2025年7月修订）,2025-07-03,http://static.cninfo.com.cn/finalpage/2025-07-03/1224068167.PDF,1224068167,会计师事务所
603199,九华旅游,九华旅游：容诚会计师事务所(特殊普通合伙)关于安徽九华山旅游发展股份有限公司2025年度向特定对象发行A股股票的审计报告和财务报表,2025-07-02,http://static.cninfo.com.cn/finalpage/2025-07-02/1224057399.PDF,1224057399,会计师事务所
000595,*ST宝实,*ST宝实：利安达会计师事务所（特殊普通合伙）关于深圳证券交易所《关于对宝塔实业股份有限公司重大资产置换及支付现金购买资产暨关联交易的问询函》的回复,2025-07-02,http://static.cninfo.com.cn/finalpage/2025-07-02/1224058997.PDF,1224058997,会计师事务所
300225,*ST金泰,金力泰：董事会审计委员会对会计师事务所2024年度履职情况评估及履行监督职责情况的报告,2025-07-02,http://static.cninfo.com.cn/finalpage/2025-07-02/1224059037.PDF,1224059037,会计师事务所
834021,"流金岁月,流金科技",[临时公告]流金科技:容诚专字[2025]100Z1544号-容诚会计师事务所(特殊普通合伙)关于对北京流金岁月传媒科技股份有限公司的年报问询函的回复,2025-07-02,http://static.cninfo.com.cn/finalpage/2025-07-02/1224068949.PDF,1224068949,会计师事务所
920060,万源通,[临时公告]万源通:容诚会计师事务所（特殊普通合伙）关于昆山万源通电子科技股份有限公司的年报问询函中有关财务会计问题的专项说明,2025-07-02,http://static.cninfo.com.cn/finalpage/2025-07-02/1224068973.PDF,1224068973,会计师事务所
605488,福莱新材,福莱新材：会计师事务所选聘制度,2025-07-02,http://static.cninfo.com.cn/finalpage/2025-07-02/1224058027.PDF,1224058027,会计师事务所
688685,迈信林,迈信林：立信会计师事务所（特殊普通合伙）关于对江苏迈信林航空科技股份有限公司2024年年度报告的信息披露监管问询函的回复,2025-07-02,http://static.cninfo.com.cn/finalpage/2025-07-02/1224058234.PDF,1224058234,会计师事务所
000598,兴蓉环境,兴蓉环境：关于拟续聘会计师事务所的公告,2025-07-02,http://static.cninfo.com.cn/finalpage/2025-07-02/1224058560.PDF,1224058560,会计师事务所
002880,卫光生物,卫光生物：深圳市卫光生物制品股份有限公司会计师事务所选聘制度,2025-07-02,http://static.cninfo.com.cn/finalpage/2025-07-02/1224058672.PDF,1224058672,会计师事务所
300969,恒帅股份,恒帅股份：会计师事务所聘任制度 2025年7月,2025-07-02,http://static.cninfo.com.cn/finalpage/2025-07-02/1224058371.PDF,1224058371,会计师事务所
688788,科思科技,科思科技：选聘会计师事务所制度,2025-07-02,http://static.cninfo.com.cn/finalpage/2025-07-02/1224058741.PDF,1224058741,会计师事务所
300789,唐源电气,唐源电气：会计师事务所选聘制度（2025年6月）,2025-07-02,http://static.cninfo.com.cn/finalpage/2025-07-02/1224058846.PDF,1224058846,会计师事务所
000728,国元证券,国元证券：国元证券股份有限公司选聘会计师事务所管理办法,2025-07-02,http://static.cninfo.com.cn/finalpage/2025-07-02/1224057182.PDF,1224057182,会计师事务所
605388,均瑶健康,均瑶健康：中审众环会计师事务所（特殊普通合伙）关于湖北均瑶大健康饮品股份有限公司2024年年度报告的信息披露监管问询函的回复众环专字(2025)2300451号,2025-07-02,http://static.cninfo.com.cn/finalpage/2025-07-02/1224059066.PDF,1224059066,会计师事务所
600241,时代万恒,时代万恒：致同会计师事务所（特殊普通合伙）关于辽宁时代万恒股份有限公司2024年报告的信息披露监管工作函的回复,2025-07-02,http://static.cninfo.com.cn/finalpage/2025-07-02/1224057625.PDF,1224057625,会计师事务所
601188,龙江交通,龙江交通：中兴财光华会计师事务所（特殊普通合伙）关于黑龙江交通发展股份有限公司2024年年度报告的信息披露监管问询函回复,2025-07-02,http://static.cninfo.com.cn/finalpage/2025-07-02/1224057052.PDF,1224057052,会计师事务所
600696,*ST岩石,*ST岩石：中兴财光华会计师事务所(特殊普通合伙)关于2024年度财务审计报告出具保留意见的专项说明,2025-07-02,http://static.cninfo.com.cn/finalpage/2025-07-02/1224058597.PDF,1224058597,会计师事务所
600829,人民同泰,人民同泰：致同会计师事务所关于公司2024年年度报告的信息披露监管问询函的回复,2025-07-02,http://static.cninfo.com.cn/finalpage/2025-07-02/1224058135.PDF,1224058135,会计师事务所
300644,南京聚隆,南京聚隆：会计师事务所选聘制度（2025年7月）,2025-07-02,http://static.cninfo.com.cn/finalpage/2025-07-02/1224058423.PDF,1224058423,会计师事务所
831641,格利尔,[临时公告]格利尔:立信会计师事务所（特殊普通合伙）关于格利尔数码科技股份有限公司2024年年度报告的信息披露监管问询函回复的核查意见,2025-07-02,http://static.cninfo.com.cn/finalpage/2025-07-02/1224068941.PDF,1224068941,会计师事务所
301366,一博科技,一博科技：一博科技会计师事务所选聘管理制度（2025年7月）,2025-07-01,http://static.cninfo.com.cn/finalpage/2025-07-01/1224056148.PDF,1224056148,会计师事务所
000963,华东医药,华东医药：会计师事务所选聘制度,2025-07-01,http://static.cninfo.com.cn/finalpage/2025-07-01/1224041883.PDF,1224041883,会计师事务所
688592,司南导航,司南导航：立信会计师事务所（特殊普通合伙）关于上海司南导航技术股份有限公司2024年年度报告的信息披露监管问询函的回复,2025-07-01,http://static.cninfo.com.cn/finalpage/2025-07-01/1224039582.PDF,1224039582,会计师事务所
832000,安徽凤凰,[临时公告]安徽凤凰:会计师事务所选聘制度,2025-07-01,http://static.cninfo.com.cn/finalpage/2025-07-01/1224057975.PDF,1224057975,会计师事务所
603052,可川科技,可川科技：中审众环会计师事务所（特殊普通合伙）关于苏州可川电子科技股份有限公司《向不特定对象发行可转换公司债券申请文件的审核问询函》的回复（修订稿）,2025-07-01,http://static.cninfo.com.cn/finalpage/2025-07-01/1224038149.PDF,1224038149,会计师事务所
688200,华峰测控,华峰测控：大信会计师事务所（特殊普通合伙）关于北京华峰测控技术股份有限公司向不特定对象发行可转换公司债券申请文件的审核问询函的回复,2025-07-01,http://static.cninfo.com.cn/finalpage/2025-07-01/1224041405.PDF,1224041405,会计师事务所
688363,华熙生物,华熙生物：致同会计师事务所（特殊普通合伙）关于华熙生物科技股份有限公司2024年年度报告的信息披露监管问询函中有关财务会计问题的专项说明,2025-07-01,http://static.cninfo.com.cn/finalpage/2025-07-01/1224043012.PDF,1224043012,会计师事务所
430139,华岭股份,[临时公告]华岭股份:安永华明会计师事务所(特殊普通合伙)就上海华岭集成电路技术股份有限公司2024年年报问询函财务事项的专项说明,2025-07-01,http://static.cninfo.com.cn/finalpage/2025-07-01/1224058971.PDF,1224058971,会计师事务所
831305,海希通讯,[临时公告]海希通讯:中兴华会计师事务所（特殊普通合伙）关于上海海希工业通讯股份有限公司2024年年报问询函的专项说明,2025-07-01,http://static.cninfo.com.cn/finalpage/2025-07-01/1224058946.PDF,1224058946,会计师事务所
603385,惠达卫浴,惠达卫浴：会计师事务所选聘制度（2025年6月修订）,2025-07-01,http://static.cninfo.com.cn/finalpage/2025-07-01/1224038166.PDF,1224038166,会计师事务所
002515,金字火腿,金字火腿：会计师事务所选聘制度,2025-07-01,http://static.cninfo.com.cn/finalpage/2025-07-01/1224037576.PDF,1224037576,会计师事务所
002728,特一药业,特一药业：会计师事务所选聘制度,2025-07-01,http://static.cninfo.com.cn/finalpage/2025-07-01/1224039020.PDF,1224039020,会计师事务所
300098,高新兴,高新兴：高新兴科技集团股份有限公司会计师事务所选聘制度（2025年6月修订）,2025-07-01,http://static.cninfo.com.cn/finalpage/2025-07-01/1224038330.PDF,1224038330,会计师事务所
002905,金逸影视,金逸影视：会计师事务所选聘制度（2025年6月）,2025-07-01,http://static.cninfo.com.cn/finalpage/2025-07-01/1224041534.PDF,1224041534,会计师事务所
688678,福立旺,福立旺：福立旺精密机电（中国）股份有限公司会计师事务所选聘制度,2025-07-01,http://static.cninfo.com.cn/finalpage/2025-07-01/1224041176.PDF,1224041176,会计师事务所
300782,卓胜微,卓胜微：会计师事务所选聘制度,2025-07-01,http://static.cninfo.com.cn/finalpage/2025-07-01/1224043375.PDF,1224043375,会计师事务所
600423,柳化股份,柳化股份：立信会计师事务所（特殊普通合伙）关于柳州化工股份有限公司2024年年度报告的信息披露监管问询函的回复,2025-07-01,http://static.cninfo.com.cn/finalpage/2025-07-01/1224040144.PDF,1224040144,会计师事务所
600246,万通发展,万通发展：致同会计师事务所（特殊普通合伙）关于北京万通新发展集团股份有限公司2024年年度报告的信息披露监管问询函要求会计师发表意见的有关问题的专项说明,2025-07-01,http://static.cninfo.com.cn/finalpage/2025-07-01/1224040496.PDF,1224040496,会计师事务所
300252,金信诺,金信诺：会计师事务所选聘制度（2025年6月）（修订）,2025-07-01,http://static.cninfo.com.cn/finalpage/2025-07-01/1224039141.PDF,1224039141,会计师事务所
159605,中概互联ETF,中概互联ETF：广发基金管理有限公司关于旗下部分基金改聘会计师事务所的公告,2025-12-25,http://static.cninfo.com.cn/finalpage/2025-12-25/1224896806.PDF,1224896806,会计事务所
002653,海思科,海思科：信永中和会计师事务所关于海思科医药集团股份有限公司申请向特定对象发行股票的审核问询函之回复报告,2025-12-16,http://static.cninfo.com.cn/finalpage/2025-12-16/1224877303.PDF,1224877303,会计事务所
002655,共达电声,共达电声：共达电声股份有限公司会计师事务所选聘制度,2025-12-16,http://static.cninfo.com.cn/finalpage/2025-12-16/1224878984.PDF,1224878984,会计事务所
600363,联创光电,联创光电：会计师事务所选聘制度（2025年12月修订）,2025-12-16,http://static.cninfo.com.cn/finalpage/2025-12-16/1224878115.PDF,1224878115,会计事务所
000156,华数传媒,华数传媒：关于拟变更会计师事务所的公告,2025-12-16,http://static.cninfo.com.cn/finalpage/2025-12-16/1224877934.PDF,1224877934,会计事务所
000813,德展健康,德展健康：关于拟聘任年审会计师事务所的公告,2025-12-13,http://static.cninfo.com.cn/finalpage/2025-12-13/1224874526.PDF,1224874526,会计事务所
300807,天迈科技,天迈科技：郑州天迈科技股份有限公司会计师事务所选聘制度,2025-12-13,http://static.cninfo.com.cn/finalpage/2025-12-13/1224873837.PDF,1224873837,会计事务所
300360,炬华科技,炬华科技：《会计师事务所选聘制度》（2025年12月）,2025-12-13,http://static.cninfo.com.cn/finalpage/2025-12-13/1224874054.PDF,1224874054,会计事务所
002268,电科网安,电科网安：拟变更会计师事务所的公告,2025-12-13,http://static.cninfo.com.cn/finalpage/2025-12-13/1224874671.PDF,1224874671,会计事务所
003035,南网能源,南网能源：关于拟变更会计师事务所的公告,2025-12-13,http://static.cninfo.com.cn/finalpage/2025-12-13/1224875850.PDF,1224875850,会计事务所
601127,赛力斯,赛力斯：关于聘任会计师事务所的公告,2025-12-13,http://static.cninfo.com.cn/finalpage/2025-12-13/1224876011.PDF,1224876011,会计事务所
688277,天智航,天智航：会计师事务所选聘制度（2025年12月）,2025-12-13,http://static.cninfo.com.cn/finalpage/2025-12-13/1224876193.PDF,1224876193,会计事务所
603717,天域生物,天域生物：众华会计师事务所（特殊普通合伙）关于天域生物科技股份有限公司向特定对象发行股票的财务报告及审计报告,2025-12-13,http://static.cninfo.com.cn/finalpage/2025-12-13/1224871931.PDF,1224871931,会计事务所
600168,武汉控股,武汉控股：中审众环会计事务所（特殊普通合伙）关于武汉三镇实业控股股份有限公司发行股份及支付现金购买资产并募集配套资金申请的审核问询函的回复,2025-12-12,http://static.cninfo.com.cn/finalpage/2025-12-12/1224870656.PDF,1224870656,会计事务所
603300,海南华铁,海南华铁：浙江海控南科华铁数智科技股份有限公司关于续聘会计师事务所的公告,2025-12-10,http://static.cninfo.com.cn/finalpage/2025-12-10/1224862932.PDF,1224862932,会计事务所
301383,天键股份,天键股份：《会计师事务所选聘制度》（2025年12月）,2025-12-10,http://static.cninfo.com.cn/finalpage/2025-12-10/1224863695.PDF,1224863695,会计事务所
920682,球冠电缆,[临时公告]球冠电缆:拟续聘2025年度会计师事务所公告,2025-12-10,http://static.cninfo.com.cn/finalpage/2025-12-10/1224866217.PDF,1224866217,会计事务所
002091,江苏国泰,江苏国泰：会计师事务所选聘制度（2025年12月）,2025-12-06,http://static.cninfo.com.cn/finalpage/2025-12-06/1224853231.PDF,1224853231,会计事务所
000793,ST华闻,ST华闻：关于2025年度续聘会计师事务所的公告,2025-12-05,http://static.cninfo.com.cn/finalpage/2025-12-05/1224850734.PDF,1224850734,会计事务所
688061,灿瑞科技,灿瑞科技：会计师事务所选聘制度,2025-12-04,http://static.cninfo.com.cn/finalpage/2025-12-04/1224848266.PDF,1224848266,会计事务所
600059,古越龙山,古越龙山：古越龙山会计师事务所选聘制度（2025年12月修订）,2025-12-03,http://static.cninfo.com.cn/finalpage/2025-12-03/1224844593.PDF,1224844593,会计事务所
000600,建投能源,建投能源：利安达会计师事务所（特殊普通合伙）关于《河北建投能源投资股份有限公司申请向特定对象发行股票的审核问询函》的回复,2025-12-03,http://static.cninfo.com.cn/finalpage/2025-12-03/1224844284.PDF,1224844284,会计事务所
002963,豪尔赛,豪尔赛：关于续聘会计师事务所的公告,2025-12-03,http://static.cninfo.com.cn/finalpage/2025-12-03/1224845297.PDF,1224845297,会计事务所
002124,天邦食品,天邦食品：会计师事务所选聘制度（2025年12月）,2025-12-02,http://static.cninfo.com.cn/finalpage/2025-12-02/1224839686.PDF,1224839686,会计事务所
300906,日月明,日月明：会计师事务所选聘制度（2025年11月）,2025-11-29,http://static.cninfo.com.cn/finalpage/2025-11-29/1224835765.PDF,1224835765,会计事务所
688173,希荻微,希荻微：立信会计师事务所（特殊普通合伙）关于希荻微电子集团股份有限公司本次重大资产重组前业绩异常的专项核查意见,2025-11-28,http://static.cninfo.com.cn/finalpage/2025-11-28/1224831896.PDF,1224831896,会计事务所
300712,永福股份,永福股份：关于续聘会计师事务所的公告,2025-11-27,http://static.cninfo.com.cn/finalpage/2025-11-27/1224829610.PDF,1224829610,会计事务所
002304,洋河股份,洋河股份：会计师事务所选聘制度（2025年11月）,2025-11-27,http://static.cninfo.com.cn/finalpage/2025-11-27/1224829031.PDF,1224829031,会计事务所
000937,冀中能源,冀中能源：关于聘请会计师事务所的公告,2025-11-22,http://static.cninfo.com.cn/finalpage/2025-11-22/1224820243.PDF,1224820243,会计事务所
300277,海联讯,海联讯：会计师事务所选聘制度,2025-11-22,http://static.cninfo.com.cn/finalpage/2025-11-22/1224819243.PDF,1224819243,会计事务所
600886,国投电力,国投电力：国投电力控股股份有限公司关于续聘会计师事务所的公告,2025-11-14,http://static.cninfo.com.cn/finalpage/2025-11-14/1224804659.PDF,1224804659,会计事务所
301123,奕东电子,奕东电子：会计师事务所选聘制度,2025-11-12,http://static.cninfo.com.cn/finalpage/2025-11-12/1224799307.PDF,1224799307,会计事务所
601611,中国核建,中国核建：中国核建关于续聘会计师事务所的公告,2025-10-31,http://static.cninfo.com.cn/finalpage/2025-10-31/1224772802.PDF,1224772802,会计事务所
688559,海目星,海目星：海目星：关于续聘会计师事务所的公告,2025-10-31,http://static.cninfo.com.cn/finalpage/2025-10-31/1224777312.PDF,1224777312,会计事务所
605303,园林股份,园林股份：《会计师事务所选聘制度》（2025年10月修订）,2025-10-31,http://static.cninfo.com.cn/finalpage/2025-10-31/1224777344.PDF,1224777344,会计事务所
000523,红棉股份,红棉股份：关于续聘会计师事务所的公告,2025-10-31,http://static.cninfo.com.cn/finalpage/2025-10-31/1224769830.PDF,1224769830,会计事务所
002992,宝明科技,宝明科技：关于续聘会计师事务所的公告,2025-10-31,http://static.cninfo.com.cn/finalpage/2025-10-31/1224769064.PDF,1224769064,会计事务所
000014,沙河股份,沙河股份：沙河股份会计师事务所选聘制度（2025年10月）,2025-10-31,http://static.cninfo.com.cn/finalpage/2025-10-31/1224770304.PDF,1224770304,会计事务所
603308,应流股份,应流股份：天健会计师事务所（特殊普通合伙）关于安徽应流机电股份有限公司以自筹资金预先投入募投项目及支付发行费用的鉴证报告,2025-10-31,http://static.cninfo.com.cn/finalpage/2025-10-31/1224769642.PDF,1224769642,会计事务所
600588,用友网络,用友网络：用友网络关于聘任会计师事务所的公告,2025-10-31,http://static.cninfo.com.cn/finalpage/2025-10-31/1224769704.PDF,1224769704,会计事务所
002030,达安基因,达安基因：会计师事务所选聘制度（2025年10月）,2025-10-31,http://static.cninfo.com.cn/finalpage/2025-10-31/1224768866.PDF,1224768866,会计事务所
002983,芯瑞达,芯瑞达：关于拟续聘会计师事务所的公告,2025-10-31,http://static.cninfo.com.cn/finalpage/2025-10-31/1224769010.PDF,1224769010,会计事务所
600613,神奇制药,神奇制药：立信会计师事务所关于上海神奇制药投资管理股份有限公司2023年度前期会计差错更正专项说明的鉴证报告,2025-10-31,http://static.cninfo.com.cn/finalpage/2025-10-31/1224771626.PDF,1224771626,会计事务所
603225,新凤鸣,新凤鸣：新凤鸣集团股份有限公司会计师事务所选聘制度（2025年10月）,2025-10-31,http://static.cninfo.com.cn/finalpage/2025-10-31/1224771654.PDF,1224771654,会计事务所
688017,绿的谐波,绿的谐波：会计师事务所选聘制度,2025-10-31,http://static.cninfo.com.cn/finalpage/2025-10-31/1224770942.PDF,1224770942,会计事务所
688606,奥泰生物,奥泰生物：《会计师事务所选聘制度》(2025年10月）,2025-10-31,http://static.cninfo.com.cn/finalpage/2025-10-31/1224770991.PDF,1224770991,会计事务所
002441,众业达,众业达：会计师事务所选聘制度（2025年10月）,2025-10-31,http://static.cninfo.com.cn/finalpage/2025-10-31/1224768933.PDF,1224768933,会计事务所
603270,金帝股份,金帝股份：上会会计师事务所（特殊普通合伙）关于山东金帝精密机械科技股份有限公司前次募集资金使用情况的鉴证报告,2025-10-30,http://static.cninfo.com.cn/finalpage/2025-10-30/1224762504.PDF,1224762504,会计事务所
603718,海利生物,海利生物：海利生物关于变更会计师事务所的公告,2025-10-30,http://static.cninfo.com.cn/finalpage/2025-10-30/1224762522.PDF,1224762522,会计事务所
600255,鑫科材料,鑫科材料：鑫科材料关于变更会计师事务所的公告,2025-10-30,http://static.cninfo.com.cn/finalpage/2025-10-30/1224762116.PDF,1224762116,会计事务所
002792,通宇通讯,通宇通讯：关于续聘会计师事务所的公告,2025-10-30,http://static.cninfo.com.cn/finalpage/2025-10-30/1224766659.PDF,1224766659,会计事务所
001287,中电港,中电港：关于拟续聘会计师事务所的公告,2025-10-30,http://static.cninfo.com.cn/finalpage/2025-10-30/1224763815.PDF,1224763815,会计事务所
300684,中石科技,中石科技：会计师事务所选聘制度（2025年10月）,2025-10-30,http://static.cninfo.com.cn/finalpage/2025-10-30/1224765908.PDF,1224765908,会计事务所
300684,中石科技,中石科技：关于拟变更会计师事务所的公告,2025-10-30,http://static.cninfo.com.cn/finalpage/2025-10-30/1224765927.PDF,1224765927,会计事务所
300834,星辉环材,星辉环材：关于拟续聘会计师事务所的公告,2025-10-30,http://static.cninfo.com.cn/finalpage/2025-10-30/1224759875.PDF,1224759875,会计事务所
300013,新宁物流,新宁物流：关于拟变更会计师事务所的公告,2025-10-30,http://static.cninfo.com.cn/finalpage/2025-10-30/1224760793.PDF,1224760793,会计事务所
002446,盛路通信,盛路通信：关于拟续聘会计师事务所的公告,2025-10-30,http://static.cninfo.com.cn/finalpage/2025-10-30/1224760436.PDF,1224760436,会计事务所
301066,万事利,万事利：会计师事务所选聘制度(2025年10月修订),2025-10-30,http://static.cninfo.com.cn/finalpage/2025-10-30/1224760838.PDF,1224760838,会计事务所
300478,杭州高新,杭州高新：会计师事务所选聘管理制度（2025年10月),2025-10-30,http://static.cninfo.com.cn/finalpage/2025-10-30/1224760937.PDF,1224760937,会计事务所
002017,东信和平,东信和平：关于拟变更会计师事务所的公告,2025-10-29,http://static.cninfo.com.cn/finalpage/2025-10-29/1224752245.PDF,1224752245,会计事务所
301533,威马农机,威马农机：会计师事务所选聘制度,2025-10-29,http://static.cninfo.com.cn/finalpage/2025-10-29/1224750349.PDF,1224750349,会计事务所
300602,飞荣达,飞荣达：会计师事务所选聘制度（2025年10月）,2025-10-29,http://static.cninfo.com.cn/finalpage/2025-10-29/1224751154.PDF,1224751154,会计事务所
600990,四创电子,四创电子：四创电子关于续聘2025年度会计师事务所的公告,2025-10-29,http://static.cninfo.com.cn/finalpage/2025-10-29/1224752721.PDF,1224752721,会计事务所
300346,南大光电,南大光电：关于续聘会计师事务所的公告,2025-10-29,http://static.cninfo.com.cn/finalpage/2025-10-29/1224751812.PDF,1224751812,会计事务所
603137,恒尚节能,恒尚节能：恒尚节能：会计师事务所选聘制度（2025年10月修订）,2025-10-29,http://static.cninfo.com.cn/finalpage/2025-10-29/1224753015.PDF,1224753015,会计事务所
000062,深圳华强,深圳华强：会计师事务所选聘制度（2025年10月）,2025-10-29,http://static.cninfo.com.cn/finalpage/2025-10-29/1224750278.PDF,1224750278,会计事务所
920249,利尔达,[临时公告]利尔达:拟续聘2025年度会计师事务所公告,2025-10-29,http://static.cninfo.com.cn/finalpage/2025-10-29/1224764997.PDF,1224764997,会计事务所
002893,京能热力,京能热力：关于拟续聘会计师事务所的公告,2025-10-28,http://static.cninfo.com.cn/finalpage/2025-10-28/1224742152.PDF,1224742152,会计事务所
688400,凌云光,凌云光：天健会计师事务所（特殊普通合伙）关于凌云光技术股份有限公司向特定对象发行股票的财务报告及审计报告,2025-10-28,http://static.cninfo.com.cn/finalpage/2025-10-28/1224744175.PDF,1224744175,会计事务所
300154,瑞凌股份,瑞凌股份：选聘会计师事务所专项制度（2025年10月）,2025-10-28,http://static.cninfo.com.cn/finalpage/2025-10-28/1224746447.PDF,1224746447,会计事务所
300570,太辰光,太辰光：会计师事务所选聘制度（2025年10月修订）,2025-10-28,http://static.cninfo.com.cn/finalpage/2025-10-28/1224747425.PDF,1224747425,会计事务所
688683,莱尔科技,莱尔科技：会计师事务所选聘制度,2025-10-28,http://static.cninfo.com.cn/finalpage/2025-10-28/1224747681.PDF,1224747681,会计事务所
002119,康强电子,康强电子：会计师事务所选聘制度（2025年10月）,2025-10-28,http://static.cninfo.com.cn/finalpage/2025-10-28/1224742992.PDF,1224742992,会计事务所
002243,力合科创,力合科创：选聘会计师事务所专项制度（2025年10月）,2025-10-28,http://static.cninfo.com.cn/finalpage/2025-10-28/1224741635.PDF,1224741635,会计事务所
301201,诚达药业,诚达药业：会计师事务所选聘制度,2025-10-28,http://static.cninfo.com.cn/finalpage/2025-10-28/1224739156.PDF,1224739156,会计事务所
000812,陕西金叶,陕西金叶：陕西金叶科教集团股份有限公司会计师事务所选聘制度（2025年10月）,2025-10-28,http://static.cninfo.com.cn/finalpage/2025-10-28/1224747135.PDF,1224747135,会计事务所
002200,*ST交投,*ST交投：关于续聘会计师事务所的公告,2025-10-28,http://static.cninfo.com.cn/finalpage/2025-10-28/1224747227.PDF,1224747227,会计事务所
688128,中国电研,中国电研：中国电研关于变更会计师事务所的公告,2025-10-28,http://static.cninfo.com.cn/finalpage/2025-10-28/1224740537.PDF,1224740537,会计事务所
300964,本川智能,本川智能：会计师事务所选聘制度（2025年10月）,2025-10-28,http://static.cninfo.com.cn/finalpage/2025-10-28/1224742075.PDF,1224742075,会计事务所
300385,雪浪环境,雪浪环境：会计师事务所选聘制度（2025年10月）,2025-10-28,http://static.cninfo.com.cn/finalpage/2025-10-28/1224741799.PDF,1224741799,会计事务所
002650,ST加加,ST加加：会计师事务所选聘制度,2025-10-28,http://static.cninfo.com.cn/finalpage/2025-10-28/1224741435.PDF,1224741435,会计事务所
000019,深粮控股,深粮控股：深圳市深粮控股股份有限公司关于续聘致同会计师事务所（特殊普通合伙）为2025年审计机构的公告,2025-10-28,http://static.cninfo.com.cn/finalpage/2025-10-28/1224741656.PDF,1224741656,会计事务所
603967,中创物流,中创物流：中创物流股份有限公司会计师事务所选聘制度,2025-10-28,http://static.cninfo.com.cn/finalpage/2025-10-28/1224741918.PDF,1224741918,会计事务所
920370,新安洁,[临时公告]新安洁:拟续聘2025年度会计师事务所公告,2025-10-27,http://static.cninfo.com.cn/finalpage/2025-10-27/1224744837.PDF,1224744837,会计事务所
159607,中概互联网ETF,中概互联网ETF：嘉实基金管理有限公司关于旗下基金改聘会计师事务所的公告,2025-10-25,http://static.cninfo.com.cn/finalpage/2025-10-25/1224731372.PDF,1224731372,会计事务所
159852,软件ETF,软件ETF：嘉实基金管理有限公司关于旗下基金改聘会计师事务所的公告,2025-10-25,http://static.cninfo.com.cn/finalpage/2025-10-25/1224731376.PDF,1224731376,会计事务所
000078,海王生物,海王生物：会计师事务所选聘制度（2025年10月）,2025-10-25,http://static.cninfo.com.cn/finalpage/2025-10-25/1224737372.PDF,1224737372,会计事务所
000610,西安旅游,西安旅游：关于续聘会计师事务所的公告,2025-10-25,http://static.cninfo.com.cn/finalpage/2025-10-25/1224737279.PDF,1224737279,会计事务所
301235,华康洁净,华康洁净：会计师事务所选聘制度,2025-10-25,http://static.cninfo.com.cn/finalpage/2025-10-25/1224732726.PDF,1224732726,会计事务所
300912,凯龙高科,凯龙高科：关于续聘会计师事务所的公告,2025-10-25,http://static.cninfo.com.cn/finalpage/2025-10-25/1224736635.PDF,1224736635,会计事务所
688146,中船特气,中船特气：中船特气关于变更会计师事务所的公告,2025-10-25,http://static.cninfo.com.cn/finalpage/2025-10-25/1224737012.pdf,1224737012,会计事务所
600257,大湖股份,大湖股份：中审众环会计师事务所（特殊普通合伙）关于对大湖水殖股份有限公司2025年半年度报告的信息披露监管问询函的专项说明（众环专字(2025)1100628号）,2025-10-25,http://static.cninfo.com.cn/finalpage/2025-10-25/1224737798.PDF,1224737798,会计事务所
301185,鸥玛软件,鸥玛软件：《会计师事务所选聘制度》,2025-10-23,http://static.cninfo.com.cn/finalpage/2025-10-23/1224724337.PDF,1224724337,会计事务所
002402,和而泰,和而泰：会计师事务所选聘制度（2025年10月）,2025-10-23,http://static.cninfo.com.cn/finalpage/2025-10-23/1224726095.PDF,1224726095,会计事务所
603822,嘉澳环保,嘉澳环保：董事会审计委员会关于公司续聘会计师事务所的书面审核意见,2025-10-18,http://static.cninfo.com.cn/finalpage/2025-10-18/1224717894.PDF,1224717894,会计事务所
603657,春光科技,春光科技：春光科技会计师事务所选聘制度（2025年10月修订）,2025-10-17,http://static.cninfo.com.cn/finalpage/2025-10-17/1224716008.PDF,1224716008,会计事务所
300250,初灵信息,初灵信息：关于续聘2025年度会计师事务所的公告,2025-09-30,http://static.cninfo.com.cn/finalpage/2025-09-30/1224691810.PDF,1224691810,会计事务所
300443,金雷股份,金雷股份：会计师事务所选聘制度,2025-09-30,http://static.cninfo.com.cn/finalpage/2025-09-30/1224691159.PDF,1224691159,会计事务所
001228,永泰运,永泰运：天职国际会计师事务所（特殊普通合伙）关于《关于永泰运化工物流股份有限公司申请向特定对象发行股票的审核问询函》的回复,2025-09-30,http://static.cninfo.com.cn/finalpage/2025-09-30/1224693345.PDF,1224693345,会计事务所
002209,达 意 隆,达 意 隆：《选聘会计师事务所管理办法》(2025年修订）,2025-09-30,http://static.cninfo.com.cn/finalpage/2025-09-30/1224693555.PDF,1224693555,会计事务所
601113,华鼎股份,华鼎股份：北京兴华会计师事务所(特殊普通合伙)关于义乌华鼎锦纶股份有限公司2024年度财务报表审计报告,2025-09-27,http://static.cninfo.com.cn/finalpage/2025-09-27/1224687269.PDF,1224687269,会计事务所
600459,贵研铂业,贵研铂业：信永中和会计师事务所关于公司前次募集资金使用情况鉴证报告,2025-09-23,http://static.cninfo.com.cn/finalpage/2025-09-23/1224674326.PDF,1224674326,会计事务所
603160,汇顶科技,汇顶科技：会计师事务所选聘管理制度（2025年9月修订）,2025-09-13,http://static.cninfo.com.cn/finalpage/2025-09-13/1224655908.PDF,1224655908,会计事务所
301362,民爆光电,民爆光电：关于续聘会计师事务所的公告,2025-09-13,http://static.cninfo.com.cn/finalpage/2025-09-13/1224655301.PDF,1224655301,会计事务所
600206,有研新材,有研新材：信永中和会计师事务所（特殊普通合伙）关于有研新材料股份有限公司向特定对象发行股票申请文件的审核问询函的回复,2025-09-13,http://static.cninfo.com.cn/finalpage/2025-09-13/1224655543.PDF,1224655543,会计事务所
001239,永达股份,永达股份：湘潭永达机械制造股份有限公司会计师事务所选聘制度,2025-09-10,http://static.cninfo.com.cn/finalpage/2025-09-10/1224646174.PDF,1224646174,会计事务所
834770,艾能聚,[临时公告]艾能聚:会计师事务所选聘制度,2025-09-09,http://static.cninfo.com.cn/finalpage/2025-09-09/1224647557.PDF,1224647557,会计事务所
872374,云里物里,[临时公告]云里物里:会计师事务所选聘制度,2025-09-09,http://static.cninfo.com.cn/finalpage/2025-09-09/1224647780.PDF,1224647780,会计事务所
002715,登云股份,登云股份：会计师事务所选聘制度,2025-09-02,http://static.cninfo.com.cn/finalpage/2025-09-02/1224632202.PDF,1224632202,会计事务所
688777,中控技术,中控技术：中控技术股份有限公司会计师事务所选聘制度（2025年8月修订）,2025-08-30,http://static.cninfo.com.cn/finalpage/2025-08-30/1224623930.PDF,1224623930,会计事务所
601696,中银证券,中银证券：关于续聘会计师事务所的公告,2025-08-30,http://static.cninfo.com.cn/finalpage/2025-08-30/1224624065.PDF,1224624065,会计事务所
600256,广汇能源,广汇能源：广汇能源股份有限公司会计师事务所选聘制度,2025-08-30,http://static.cninfo.com.cn/finalpage/2025-08-30/1224618853.PDF,1224618853,会计事务所
003030,祖名股份,祖名股份：会计师事务所选聘制度（2025年8月）,2025-08-30,http://static.cninfo.com.cn/finalpage/2025-08-30/1224618050.PDF,1224618050,会计事务所
603050,科林电气,科林电气：关于聘任会计师事务所的公告,2025-08-30,http://static.cninfo.com.cn/finalpage/2025-08-30/1224627961.PDF,1224627961,会计事务所
688056,莱伯泰科,莱伯泰科：关于续聘会计师事务所的公告,2025-08-29,http://static.cninfo.com.cn/finalpage/2025-08-29/1224602605.PDF,1224602605,会计事务所
002732,燕塘乳业,燕塘乳业：关于拟续聘会计师事务所的公告,2025-08-29,http://static.cninfo.com.cn/finalpage/2025-08-29/1224605035.PDF,1224605035,会计事务所
000669,ST金鸿,ST金鸿：关于变更会计师事务所的公告,2025-08-29,http://static.cninfo.com.cn/finalpage/2025-08-29/1224605794.PDF,1224605794,会计事务所
300819,聚杰微纤,聚杰微纤：会计师事务所选聘制度,2025-08-29,http://static.cninfo.com.cn/finalpage/2025-08-29/1224607229.PDF,1224607229,会计事务所
301558,三态股份,三态股份：会计师事务所选聘制度（2025年8月）,2025-08-29,http://static.cninfo.com.cn/finalpage/2025-08-29/1224611204.PDF,1224611204,会计事务所
688253,英诺特,英诺特：北京英诺特生物技术股份有限公司会计师事务所选聘制度（2025年8月修订）,2025-08-29,http://static.cninfo.com.cn/finalpage/2025-08-29/1224615129.PDF,1224615129,会计事务所
300460,惠伦晶体,惠伦晶体：会计师事务所选聘制度（2025年8月）,2025-08-29,http://static.cninfo.com.cn/finalpage/2025-08-29/1224612490.PDF,1224612490,会计事务所
603218,日月股份,日月股份：日月重工股份有限公司会计师事务所选聘制度(2025年8月修订),2025-08-29,http://static.cninfo.com.cn/finalpage/2025-08-29/1224615971.PDF,1224615971,会计事务所
600428,中远海特,中远海特：中远海运特种运输股份有限公司关于变更会计师事务所的公告,2025-08-29,http://static.cninfo.com.cn/finalpage/2025-08-29/1224616601.PDF,1224616601,会计事务所
605116,奥锐特,奥锐特：奥锐特药业股份有限公司会计师事务所选聘制度（2025年8月修订）,2025-08-29,http://static.cninfo.com.cn/finalpage/2025-08-29/1224601358.PDF,1224601358,会计事务所
301222,浙江恒威,浙江恒威：会计师事务所选聘制度,2025-08-29,http://static.cninfo.com.cn/finalpage/2025-08-29/1224610709.PDF,1224610709,会计事务所
688435,英方软件,英方软件：会计师事务所选聘制度（2025年8月修订）,2025-08-29,http://static.cninfo.com.cn/finalpage/2025-08-29/1224603230.PDF,1224603230,会计事务所
000709,河钢股份,河钢股份：关于续聘会计师事务所的公告,2025-08-29,http://static.cninfo.com.cn/finalpage/2025-08-29/1224608319.PDF,1224608319,会计事务所
605218,伟时电子,伟时电子：伟时电子股份有限公司选聘会计师事务所管理办法（2025年8月修订）,2025-08-29,http://static.cninfo.com.cn/finalpage/2025-08-29/1224612721.PDF,1224612721,会计事务所
600933,爱柯迪,爱柯迪：会计师事务所选聘制度（2025年8月修订）,2025-08-29,http://static.cninfo.com.cn/finalpage/2025-08-29/1224605273.PDF,1224605273,会计事务所
300870,欧陆通,欧陆通：会计师事务所选聘制度,2025-08-29,http://static.cninfo.com.cn/finalpage/2025-08-29/1224611712.PDF,1224611712,会计事务所
688358,祥生医疗,祥生医疗：无锡祥生医疗科技股份有限公司会计师事务所选聘制度,2025-08-29,http://static.cninfo.com.cn/finalpage/2025-08-29/1224614336.PDF,1224614336,会计事务所
301004,嘉益股份,嘉益股份：关于续聘会计师事务所的公告,2025-08-29,http://static.cninfo.com.cn/finalpage/2025-08-29/1224612025.PDF,1224612025,会计事务所
301004,嘉益股份,嘉益股份：会计师事务所选聘制度（2025年8月修订）,2025-08-29,http://static.cninfo.com.cn/finalpage/2025-08-29/1224612042.PDF,1224612042,会计事务所
300359,全通教育,全通教育：会计师事务所选聘制度,2025-08-29,http://static.cninfo.com.cn/finalpage/2025-08-29/1224602878.PDF,1224602878,会计事务所
688659,元琛科技,元琛科技：关于续聘会计师事务所的公告,2025-08-29,http://static.cninfo.com.cn/finalpage/2025-08-29/1224607339.PDF,1224607339,会计事务所
688592,司南导航,司南导航：会计师事务所选聘管理制度,2025-08-29,http://static.cninfo.com.cn/finalpage/2025-08-29/1224607155.PDF,1224607155,会计事务所
301169,零点有数,零点有数：会计师事务所选聘制度,2025-08-29,http://static.cninfo.com.cn/finalpage/2025-08-29/1224604538.PDF,1224604538,会计事务所
600865,百大集团,百大集团：百大集团股份有限公司关于变更会计师事务所的公告,2025-08-29,http://static.cninfo.com.cn/finalpage/2025-08-29/1224609800.PDF,1224609800,会计事务所
301300,远翔新材,远翔新材：会计师事务所选聘制度,2025-08-29,http://static.cninfo.com.cn/finalpage/2025-08-29/1224604576.PDF,1224604576,会计事务所
003016,欣贺股份,欣贺股份：会计师事务所选聘制度（2025年8月）,2025-08-29,http://static.cninfo.com.cn/finalpage/2025-08-29/1224604673.PDF,1224604673,会计事务所
603507,振江股份,振江股份：会计师事务所选聘制度(2025年8月修订),2025-08-29,http://static.cninfo.com.cn/finalpage/2025-08-29/1224613168.PDF,1224613168,会计事务所
300436,广生堂,广生堂：北京德皓国际会计师事务所（特殊普通合伙）关于福建广生堂药业股份有限公司申请向特定对象发行股票的审核问询函有关财务事项的说明,2025-08-29,http://static.cninfo.com.cn/finalpage/2025-08-29/1224608766.PDF,1224608766,会计事务所
002309,中利集团,中利集团：关于拟聘任会计师事务所的公告,2025-08-29,http://static.cninfo.com.cn/finalpage/2025-08-29/1224608821.PDF,1224608821,会计事务所
830946,森萱医药,[临时公告]森萱医药:会计师事务所选聘制度,2025-08-29,http://static.cninfo.com.cn/finalpage/2025-08-29/1224624255.PDF,1224624255,会计事务所
688349,三一重能,三一重能：三一重能股份有限公司会计师事务所选聘制度（2025年8月）,2025-08-29,http://static.cninfo.com.cn/finalpage/2025-08-29/1224612373.PDF,1224612373,会计事务所
002758,浙农股份,浙农股份：会计师事务所选聘制度（2025年8月）,2025-08-29,http://static.cninfo.com.cn/finalpage/2025-08-29/1224607834.PDF,1224607834,会计事务所
002747,埃斯顿,埃斯顿：关于续聘会计师事务所的公告,2025-08-29,http://static.cninfo.com.cn/finalpage/2025-08-29/1224607271.PDF,1224607271,会计事务所
002144,宏达高科,宏达高科：会计师事务所选聘制度,2025-08-29,http://static.cninfo.com.cn/finalpage/2025-08-29/1224607291.PDF,1224607291,会计事务所
300681,英搏尔,英搏尔：会计师事务所选聘制度,2025-08-29,http://static.cninfo.com.cn/finalpage/2025-08-29/1224606699.PDF,1224606699,会计事务所
300814,中富电路,中富电路：《会计师事务所选聘制度（2025年8月修订）》,2025-08-29,http://static.cninfo.com.cn/finalpage/2025-08-29/1224612440.PDF,1224612440,会计事务所
301389,隆扬电子,隆扬电子：会计师事务所选聘制度（2025.08）,2025-08-29,http://static.cninfo.com.cn/finalpage/2025-08-29/1224612201.PDF,1224612201,会计事务所
300351,永贵电器,永贵电器：浙江永贵电器股份有限公司会计师事务所选聘制度（2025年8月）,2025-08-29,http://static.cninfo.com.cn/finalpage/2025-08-29/1224611021.PDF,1224611021,会计事务所
300548,长芯博创,长芯博创：长芯博创科技股份有限公司关于续聘2025年度会计师事务所的公告,2025-08-29,http://static.cninfo.com.cn/finalpage/2025-08-29/1224611971.PDF,1224611971,会计事务所
601116,三江购物,三江购物：三江购物关于续聘会计师事务所公告,2025-08-29,http://static.cninfo.com.cn/finalpage/2025-08-29/1224607201.PDF,1224607201,会计事务所
300737,科顺股份,科顺股份：会计师事务所选聘制度（2025年8月）,2025-08-29,http://static.cninfo.com.cn/finalpage/2025-08-29/1224607055.PDF,1224607055,会计事务所
300737,科顺股份,科顺股份：关于拟变更会计师事务所的公告,2025-08-29,http://static.cninfo.com.cn/finalpage/2025-08-29/1224607070.PDF,1224607070,会计事务所
688317,之江生物,之江生物：之江生物：会计师事务所选聘制度,2025-08-29,http://static.cninfo.com.cn/finalpage/2025-08-29/1224610815.PDF,1224610815,会计事务所
002747,埃斯顿,埃斯顿：董事会审计委员会关于续聘会计师事务所的审核意见,2025-08-29,http://static.cninfo.com.cn/finalpage/2025-08-29/1224607274.PDF,1224607274,会计事务所
688356,键凯科技,键凯科技：会计师事务所选聘制度（2025年8月）,2025-08-29,http://static.cninfo.com.cn/finalpage/2025-08-29/1224603166.PDF,1224603166,会计事务所
600918,中泰证券,中泰证券：容诚会计师事务所(特殊普通合伙)关于中泰证券股份有限公司向特定对象发行股票的审核中心意见落实函中有关财务会计问题的专项说明,2025-08-29,http://static.cninfo.com.cn/finalpage/2025-08-29/1224614809.PDF,1224614809,会计事务所
300468,四方精创,四方精创：会计师事务所选聘制度（2025.08),2025-08-29,http://static.cninfo.com.cn/finalpage/2025-08-29/1224610974.PDF,1224610974,会计事务所
603288,海天味业,海天味业：海天味业会计师事务所选聘制度（2025年9月修订）,2025-08-29,http://static.cninfo.com.cn/finalpage/2025-08-29/1224616063.PDF,1224616063,会计事务所
002927,泰永长征,泰永长征：会计师事务所选聘制度（2025年8月）,2025-08-29,http://static.cninfo.com.cn/finalpage/2025-08-29/1224614566.PDF,1224614566,会计事务所
002229,鸿博股份,鸿博股份：会计师事务所选聘制度,2025-08-29,http://static.cninfo.com.cn/finalpage/2025-08-29/1224615249.PDF,1224615249,会计事务所
603368,柳药集团,柳药集团：广西柳药集团股份有限公司选聘会计师事务所管理制度（2025年8月修订）,2025-08-29,http://static.cninfo.com.cn/finalpage/2025-08-29/1224616377.PDF,1224616377,会计事务所
002867,周大生,周大生：关于拟续聘会计师事务所的公告,2025-08-28,http://static.cninfo.com.cn/finalpage/2025-08-28/1224587516.PDF,1224587516,会计事务所
600381,*ST春天,*ST春天：政旦志远（深圳）会计师事务所（特殊普通合伙）关于青海春天出具带强调事项段的无保留意见涉及事项影响已消除的审核报告,2025-08-28,http://static.cninfo.com.cn/finalpage/2025-08-28/1224590612.PDF,1224590612,会计事务所
603366,日出东方,日出东方：容诚会计师事务所（特殊普通合伙）关于日出东方控股股份有限公司收到上海证券交易所2024年年度报告的信息披露监管问询函中有关财务会计问题的专项说明,2025-08-28,http://static.cninfo.com.cn/finalpage/2025-08-28/1224593989.PDF,1224593989,会计事务所
603801,志邦家居,志邦家居：会计师事务所选聘制度（2025年8月）,2025-08-28,http://static.cninfo.com.cn/finalpage/2025-08-28/1224593276.PDF,1224593276,会计事务所
688197,首药控股,首药控股：首药控股（北京）股份有限公司会计师事务所选聘管理办法（2025年8月）,2025-08-28,http://static.cninfo.com.cn/finalpage/2025-08-28/1224591383.PDF,1224591383,会计事务所
688020,方邦股份,方邦股份：会计师事务所选聘制度,2025-08-28,http://static.cninfo.com.cn/finalpage/2025-08-28/1224591676.PDF,1224591676,会计事务所
603107,上海汽配,上海汽配：上海汽车空调配件股份有限公司选聘会计师事务所管理制度,2025-08-28,http://static.cninfo.com.cn/finalpage/2025-08-28/1224590955.PDF,1224590955,会计事务所
603607,京华激光,京华激光：京华激光会计师事务所选聘制度（2025年8月）,2025-08-28,http://static.cninfo.com.cn/finalpage/2025-08-28/1224592758.PDF,1224592758,会计事务所
600997,开滦股份,开滦股份：《开滦能源化工股份有限公司选聘会计师事务所管理办法》（2025年修订）,2025-08-28,http://static.cninfo.com.cn/finalpage/2025-08-28/1224593327.PDF,1224593327,会计事务所
600081,东风科技,东风科技：东风电子科技股份有限公司关于变更会计师事务所的公告,2025-08-28,http://static.cninfo.com.cn/finalpage/2025-08-28/1224590430.PDF,1224590430,会计事务所
688507,索辰科技,索辰科技：会计师事务所选聘制度,2025-08-28,http://static.cninfo.com.cn/finalpage/2025-08-28/1224589304.PDF,1224589304,会计事务所
301322,绿通科技,绿通科技：关于续聘2025年度会计师事务所的公告,2025-08-28,http://static.cninfo.com.cn/finalpage/2025-08-28/1224589432.PDF,1224589432,会计事务所
600651,飞乐音响,飞乐音响：飞乐音响：飞乐音响公司会计师事务所选聘制度（2025年修订）,2025-08-28,http://static.cninfo.com.cn/finalpage/2025-08-28/1224594190.PDF,1224594190,会计事务所
600893,航发动力,航发动力：中国航发动力股份有限公司关于续聘会计师事务所的公告,2025-08-28,http://static.cninfo.com.cn/finalpage/2025-08-28/1224591718.PDF,1224591718,会计事务所
688335,复洁环保,复洁环保：会计师事务所选聘制度（2025年8月修订）,2025-08-28,http://static.cninfo.com.cn/finalpage/2025-08-28/1224587463.PDF,1224587463,会计事务所
603712,七一二,七一二：天津七一二通信广播股份有限公司关于续聘会计师事务所的公告,2025-08-28,http://static.cninfo.com.cn/finalpage/2025-08-28/1224589720.PDF,1224589720,会计事务所
600079,人福医药,人福医药：人福医药关于续聘会计师事务所的公告,2025-08-28,http://static.cninfo.com.cn/finalpage/2025-08-28/1224589311.PDF,1224589311,会计事务所
688353,华盛锂电,华盛锂电：江苏华盛锂电池材料股份有限公司会计师事务所选聘制度（2025年8月）,2025-08-28,http://static.cninfo.com.cn/finalpage/2025-08-28/1224589160.PDF,1224589160,会计事务所
688201,信安世纪,信安世纪：容诚会计师事务所（特殊普通合伙）关于北京信安世纪科技股份有限公司向不特定对象发行可转换公司债券的财务报告及审计报告,2025-08-28,http://static.cninfo.com.cn/finalpage/2025-08-28/1224588690.PDF,1224588690,会计事务所
002614,奥佳华,奥佳华：会计师事务所选聘制度,2025-08-28,http://static.cninfo.com.cn/finalpage/2025-08-28/1224599474.PDF,1224599474,会计事务所
002454,松芝股份,松芝股份：会计师事务所选聘制度（2025年8月）,2025-08-28,http://static.cninfo.com.cn/finalpage/2025-08-28/1224600163.PDF,1224600163,会计事务所
000501,武商集团,武商集团：关于拟变更会计师事务所的公告,2025-08-27,http://static.cninfo.com.cn/finalpage/2025-08-27/1224582196.PDF,1224582196,会计事务所
600300,维维股份,维维股份：维维食品饮料股份有限公司关于续聘会计师事务所的公告,2025-08-27,http://static.cninfo.com.cn/finalpage/2025-08-27/1224584896.PDF,1224584896,会计事务所
920489,佳先股份,[临时公告]佳先股份:会计师事务所选聘制度,2025-08-27,http://static.cninfo.com.cn/finalpage/2025-08-27/1224600774.PDF,1224600774,会计事务所
300504,天邑股份,天邑股份：会计师事务所选聘制度（2025年8月）,2025-08-27,http://static.cninfo.com.cn/finalpage/2025-08-27/1224585172.PDF,1224585172,会计事务所
301329,信音电子,信音电子：会计师事务所选聘制度,2025-08-27,http://static.cninfo.com.cn/finalpage/2025-08-27/1224584970.PDF,1224584970,会计事务所
688273,麦澜德,麦澜德：《会计师事务所选聘制度》（2025年8月）,2025-08-27,http://static.cninfo.com.cn/finalpage/2025-08-27/1224585803.PDF,1224585803,会计事务所
600857,宁波中百,宁波中百：宁波中百股份有限公司关于续聘会计师事务所的公告,2025-08-26,http://static.cninfo.com.cn/finalpage/2025-08-26/1224567857.PDF,1224567857,会计事务所
600152,维科技术,维科技术：维科技术关于续聘会计师事务所的公告,2025-08-26,http://static.cninfo.com.cn/finalpage/2025-08-26/1224563991.PDF,1224563991,会计事务所
600152,维科技术,维科技术：会计师事务所选聘制度（2025年8月修订）,2025-08-26,http://static.cninfo.com.cn/finalpage/2025-08-26/1224564031.PDF,1224564031,会计事务所
688403,汇成股份,汇成股份：关于聘任2025年度会计师事务所的公告,2025-08-26,http://static.cninfo.com.cn/finalpage/2025-08-26/1224565041.PDF,1224565041,会计事务所
300628,亿联网络,亿联网络：会计师事务所选聘制度（2025年8月）,2025-08-26,http://static.cninfo.com.cn/finalpage/2025-08-26/1224569307.PDF,1224569307,会计事务所
301355,南王科技,南王科技：关于拟续聘2025年度会计师事务所的公告,2025-08-26,http://static.cninfo.com.cn/finalpage/2025-08-26/1224569327.PDF,1224569327,会计事务所
002347,泰尔股份,泰尔股份：选聘会计事务所专项制度（2025年8月）,2025-08-23,http://static.cninfo.com.cn/finalpage/2025-08-23/1224558999.PDF,1224558999,会计事务所
688321,微芯生物,微芯生物：毕马威华振会计师事务所 (特殊普通合伙)关于深圳微芯生物科技股份有限公司向特定对象发行股票的财务报告及审计报告,2025-08-23,http://static.cninfo.com.cn/finalpage/2025-08-23/1224556904.PDF,1224556904,会计事务所
603268,*ST松发,*ST松发：中汇会计师事务所（特殊普通合伙）关于广东松发陶瓷股份有限公司以自筹资金预先投入募集资金投资项目的鉴证报告,2025-08-23,http://static.cninfo.com.cn/finalpage/2025-08-23/1224554374.PDF,1224554374,会计事务所
688599,天合光能,天合光能：天合光能股份有限公司会计师事务所选聘制度,2025-08-23,http://static.cninfo.com.cn/finalpage/2025-08-23/1224562105.PDF,1224562105,会计事务所
000042,中洲控股,中洲控股：关于拟聘请2025年度会计师事务所的公告,2025-08-22,http://static.cninfo.com.cn/finalpage/2025-08-22/1224535745.PDF,1224535745,会计事务所
300050,世纪鼎利,世纪鼎利：会计师事务所选聘制度（2025年8月）,2025-08-22,http://static.cninfo.com.cn/finalpage/2025-08-22/1224532807.PDF,1224532807,会计事务所
002322,理工能科,理工能科：《会计师事务所选聘制度》（2025年8月修订）,2025-08-22,http://static.cninfo.com.cn/finalpage/2025-08-22/1224532648.PDF,1224532648,会计事务所
688517,金冠电气,金冠电气：会计师事务所选聘制度（2025年8月）,2025-08-22,http://static.cninfo.com.cn/finalpage/2025-08-22/1224534007.PDF,1224534007,会计事务所
300752,隆利科技,隆利科技：会计师事务所选聘制度,2025-08-22,http://static.cninfo.com.cn/finalpage/2025-08-22/1224534051.PDF,1224534051,会计事务所
688676,金盘科技,金盘科技：中汇会计师事务所（特殊普通合伙）关于海南金盘智能科技股份有限公司向不特定对象发行可转换公司债券的财务报告及审计报告,2025-08-20,http://static.cninfo.com.cn/finalpage/2025-08-20/1224519466.PDF,1224519466,会计事务所
300855,图南股份,图南股份：会计师事务所选聘制度,2025-08-16,http://static.cninfo.com.cn/finalpage/2025-08-16/1224497100.PDF,1224497100,会计事务所
603095,越剑智能,越剑智能：会计师事务所选聘制度（2025年8月修订）,2025-08-16,http://static.cninfo.com.cn/finalpage/2025-08-16/1224497832.PDF,1224497832,会计事务所
688661,和林微纳,和林微纳：会计师事务所选聘管理办法,2025-08-16,http://static.cninfo.com.cn/finalpage/2025-08-16/1224497186.PDF,1224497186,会计事务所
600643,爱建集团,爱建集团：爱建集团关于续聘会计师事务所公告,2025-08-14,http://static.cninfo.com.cn/finalpage/2025-08-14/1224473632.PDF,1224473632,会计事务所
000757,浩物股份,浩物股份：《会计师事务所选聘制度》（2025年8月修订）,2025-08-12,http://static.cninfo.com.cn/finalpage/2025-08-12/1224445674.PDF,1224445674,会计事务所
300565,科信技术,科信技术：会计事务所选聘制度（2025年7月）,2025-08-02,http://static.cninfo.com.cn/finalpage/2025-08-02/1224368200.PDF,1224368200,会计事务所
000736,*ST中地,*ST中地：安永华明会计师事务所关于深圳证券交易所关于对中交地产股份有限公司重大资产出售暨关联交易草案的问询函回复之专项说明,2025-07-26,http://static.cninfo.com.cn/finalpage/2025-07-26/1224300986.PDF,1224300986,会计事务所
600301,华锡有色,华锡有色：广西华锡有色金属股份有限公司关于变更2025年度会计师事务所的公告,2025-07-25,http://static.cninfo.com.cn/finalpage/2025-07-25/1224282273.PDF,1224282273,会计事务所
605133,嵘泰股份,嵘泰股份：嵘泰股份会计师事务所选聘制度,2025-07-17,http://static.cninfo.com.cn/finalpage/2025-07-17/1224189228.PDF,1224189228,会计事务所
300055,万邦达,万邦达：会计师事务所选聘制度（2025年7月）,2025-07-15,http://static.cninfo.com.cn/finalpage/2025-07-15/1224164441.PDF,1224164441,会计事务所
002378,章源钨业,章源钨业：会计师事务所选聘制度,2025-07-15,http://static.cninfo.com.cn/finalpage/2025-07-15/1224162103.PDF,1224162103,会计事务所
688115,思林杰,思林杰：天健会计师事务所（特殊普通合伙）关于思林杰2024年年度报告信息披露监管问询函的专项说明,2025-07-15,http://static.cninfo.com.cn/finalpage/2025-07-15/1224164152.PDF,1224164152,会计事务所
600867,通化东宝,通化东宝：北京德皓国际会计师事务所关于对通化东宝2024年年报的信息披露监管问询函的回复,2025-07-12,http://static.cninfo.com.cn/finalpage/2025-07-12/1224144788.PDF,1224144788,会计事务所
605189,富春染织,富春染织：富春染织会计师事务所选聘制度（2025年7月修订）,2025-07-10,http://static.cninfo.com.cn/finalpage/2025-07-10/1224118179.PDF,1224118179,会计事务所
688800,瑞可达,瑞可达：容诚会计师事务所（特殊普通合伙）关于苏州瑞可达连接系统股份有限公司向不特定对象发行可转换公司债券的审计报告及财务报表,2025-07-10,http://static.cninfo.com.cn/finalpage/2025-07-10/1224118215.PDF,1224118215,会计事务所
688663,新风光,新风光：立信会计事务所（特殊普通合伙）关于新风光电子科技股份有限公司2024年年度报告的信息披露监管问询函的回复,2025-07-03,http://static.cninfo.com.cn/finalpage/2025-07-03/1224066937.PDF,1224066937,会计事务所
300735,光弘科技,光弘科技：致同会计师事务（特殊普通合伙）关于惠州光弘科技股份有限公司申请向特定对象发行股票的审核问询函的回复（修订稿）,2025-12-17,http://static.cninfo.com.cn/finalpage/2025-12-17/1224883803.PDF,1224883803,会计师事务
002065,东华软件,东华软件：关于拟变更会计师事务所的公告,2025-12-13,http://static.cninfo.com.cn/finalpage/2025-12-13/1224871220.PDF,1224871220,会计师事务
603329,上海雅仕,上海雅仕：关于变更会计师事务所的公告,2025-10-30,http://static.cninfo.com.cn/finalpage/2025-10-30/1224757926.PDF,1224757926,会计师事务
688267,中触媒,中触媒：中触媒新材料股份有限公司会计师事务所选聘制度,2025-10-30,http://static.cninfo.com.cn/finalpage/2025-10-30/1224757734.PDF,1224757734,会计师事务
002775,文科股份,文科股份：关于拟变更会计师事务所的公告,2025-10-25,http://static.cninfo.com.cn/finalpage/2025-10-25/1224735256.PDF,1224735256,会计师事务
300735,光弘科技,光弘科技：致同会计师事务（特殊普通合伙）关于惠州光弘科技股份有限公司申请向特定对象发行股票的审核问询函的回复,2025-09-22,http://static.cninfo.com.cn/finalpage/2025-09-22/1224673893.PDF,1224673893,会计师事务
000069,华侨城Ａ,华侨城Ａ：关于变更2025年度会计师事务所的公告,2025-08-30,http://static.cninfo.com.cn/finalpage/2025-08-30/1224625447.PDF,1224625447,会计师事务
605287,德才股份,德才股份：德才装饰股份有限公司会计师事务所选聘制度,2025-08-30,http://static.cninfo.com.cn/finalpage/2025-08-30/1224625676.PDF,1224625676,会计师事务
300083,创世纪,创世纪：天职国际会计师事务所（特殊普通合伙）关于广东创世纪智能装备集团股份有限公司向特定对象发行股票问询函中有关事项的专项说明,2025-08-30,http://static.cninfo.com.cn/finalpage/2025-08-30/1224628982.PDF,1224628982,会计师事务
300263,隆华科技,隆华科技：会计师事务所选聘制度（2025年8月）,2025-08-28,http://static.cninfo.com.cn/finalpage/2025-08-28/1224592611.PDF,1224592611,会计师事务
000722,湖南发展,湖南发展：天健会计师事务所对于交易标的业绩真实性的专项核查意见,2025-08-26,http://static.cninfo.com.cn/finalpage/2025-08-26/1224573816.PDF,1224573816,会计师事务
830964,润农节水,[临时公告]润农节水:会计师事务所选聘制度,2025-08-26,http://static.cninfo.com.cn/finalpage/2025-08-26/1224583114.PDF,1224583114,会计师事务
836871,派特尔,[临时公告]派特尔:会计师事务所选聘制度,2025-08-26,http://static.cninfo.com.cn/finalpage/2025-08-26/1224583553.PDF,1224583553,会计师事务
430425,乐创技术,[临时公告]乐创技术:会计师事务所选聘制度,2025-08-26,http://static.cninfo.com.cn/finalpage/2025-08-26/1224584223.PDF,1224584223,会计师事务
001696,宗申动力,宗申动力：公司会计师事务所选聘评价制度,2025-08-26,http://static.cninfo.com.cn/finalpage/2025-08-26/1224565198.PDF,1224565198,会计师事务
002406,远东传动,远东传动：会计师事务所选聘制度（2025年8月）,2025-08-26,http://static.cninfo.com.cn/finalpage/2025-08-26/1224567454.PDF,1224567454,会计师事务
301106,骏成科技,骏成科技：关于拟变更会计师事务所的公告,2025-08-26,http://static.cninfo.com.cn/finalpage/2025-08-26/1224568280.PDF,1224568280,会计师事务
300738,奥飞数据,奥飞数据：广东司农会计师事务（特殊普通合伙）关于广东奥飞数据科技股份有限公司申请向特定对象发行股票的审核问询函有关问题的专项说明,2025-08-20,http://static.cninfo.com.cn/finalpage/2025-08-20/1224526044.PDF,1224526044,会计师事务
603725,天安新材,天安新材：天安新材关于变更会计师事务所的公告,2025-08-15,http://static.cninfo.com.cn/finalpage/2025-08-15/1224487190.PDF,1224487190,会计师事务
02068,中铝国际,中铝国际：中铝国际工程股份有限公司关於变更签字注册会计师的公告,2025-12-31,http://static.cninfo.com.cn/finalpage/2025-12-31/1224914555.PDF,1224914555,会计师
300022,吉峰科技,吉峰科技：关于变更签字注册会计师的公告,2025-12-31,http://static.cninfo.com.cn/finalpage/2025-12-31/1224913380.PDF,1224913380,会计师
300210,森远股份,森远股份：关于变更签字注册会计师及质量控制复核人的公告,2025-12-31,http://static.cninfo.com.cn/finalpage/2025-12-31/1224912498.PDF,1224912498,会计师
002224,三 力 士,三 力 士：关于变更签字注册会计师的公告,2025-12-31,http://static.cninfo.com.cn/finalpage/2025-12-31/1224908521.PDF,1224908521,会计师
002626,金达威,金达威：关于签字注册会计师变更的公告,2025-12-31,http://static.cninfo.com.cn/finalpage/2025-12-31/1224908031.PDF,1224908031,会计师
688433,华曙高科,华曙高科：关于变更签字会计师的公告,2025-12-31,http://static.cninfo.com.cn/finalpage/2025-12-31/1224908040.PDF,1224908040,会计师
000601,韶能股份,韶能股份：广东韶能集团股份有限公司关于变更签字注册会计师的公告,2025-12-31,http://static.cninfo.com.cn/finalpage/2025-12-31/1224908416.PDF,1224908416,会计师
000881,中广核技,中广核技：关于公司总会计师辞职的公告,2025-12-31,http://static.cninfo.com.cn/finalpage/2025-12-31/1224909396.PDF,1224909396,会计师
002592,ST八菱,ST八菱：关于变更审计项目合伙人及签字注册会计师的公告,2025-12-31,http://static.cninfo.com.cn/finalpage/2025-12-31/1224910803.PDF,1224910803,会计师
920086,科马材料,科马材料:经注册会计师鉴证的非经常性损益明细表,2025-12-31,http://static.cninfo.com.cn/finalpage/2025-12-31/1225287828.PDF,1225287828,会计师
300567,精测电子,精测电子：武汉精测电子集团股份有限公司关于变更签字会计师的公告,2025-12-31,http://static.cninfo.com.cn/finalpage/2025-12-31/1224908666.PDF,1224908666,会计师
300945,曼卡龙,曼卡龙：关于更换签字注册会计师的公告,2025-12-31,http://static.cninfo.com.cn/finalpage/2025-12-31/1224909743.PDF,1224909743,会计师
600538,国发股份,国发股份：关于变更签字注册会计师的公告,2025-12-31,http://static.cninfo.com.cn/finalpage/2025-12-31/1224907824.PDF,1224907824,会计师
688478,晶升股份,晶升股份：南京晶升装备股份有限公司关于变更签字注册会计师的公告,2025-12-31,http://static.cninfo.com.cn/finalpage/2025-12-31/1224909107.PDF,1224909107,会计师
920227,美登科技,[临时公告]美登科技:关于变更签字注册会计师的公告,2025-12-31,http://static.cninfo.com.cn/finalpage/2025-12-31/1224913844.PDF,1224913844,会计师
688680,海优新材,海优新材：关于变更签字注册会计师的公告,2025-12-31,http://static.cninfo.com.cn/finalpage/2025-12-31/1224910316.PDF,1224910316,会计师
600653,申华控股,申华控股：申华控股关于变更签字注册会计师的公告,2025-12-31,http://static.cninfo.com.cn/finalpage/2025-12-31/1224910508.PDF,1224910508,会计师
002017,东信和平,东信和平：关于变更签字注册会计师的公告,2025-12-31,http://static.cninfo.com.cn/finalpage/2025-12-31/1224911510.PDF,1224911510,会计师
603626,科森科技,科森科技：关于变更签字注册会计师的公告,2025-12-31,http://static.cninfo.com.cn/finalpage/2025-12-31/1224908632.PDF,1224908632,会计师
600369,西南证券,西南证券：西南证券股份有限公司关于变更签字注册会计师的公告,2025-12-31,http://static.cninfo.com.cn/finalpage/2025-12-31/1224910084.PDF,1224910084,会计师
600203,福日电子,福日电子：福日电子关于变更签字会计师的公告,2025-12-31,http://static.cninfo.com.cn/finalpage/2025-12-31/1224908045.PDF,1224908045,会计师
300219,鸿利智汇,鸿利智汇：关于变更签字注册会计师的公告,2025-12-30,http://static.cninfo.com.cn/finalpage/2025-12-30/1224910436.PDF,1224910436,会计师
300772,运达股份,运达股份：关于变更签字注册会计师的公告,2025-12-30,http://static.cninfo.com.cn/finalpage/2025-12-30/1224908076.PDF,1224908076,会计师
300435,中泰股份,中泰股份：中泰股份关于变更签字注册会计师的公告,2025-12-30,http://static.cninfo.com.cn/finalpage/2025-12-30/1224908067.PDF,1224908067,会计师
300732,设研院,设研院：关于变更签字注册会计师的公告,2025-12-30,http://static.cninfo.com.cn/finalpage/2025-12-30/1224907648.PDF,1224907648,会计师
301206,三元生物,三元生物：关于变更签字会计师的公告,2025-12-30,http://static.cninfo.com.cn/finalpage/2025-12-30/1224907568.PDF,1224907568,会计师
300314,戴维医疗,戴维医疗：关于变更签字注册会计师的公告,2025-12-30,http://static.cninfo.com.cn/finalpage/2025-12-30/1224907580.PDF,1224907580,会计师
920132,泰鹏智能,[临时公告]泰鹏智能:关于变更签字注册会计师及项目质量复核人的公告,2025-12-30,http://static.cninfo.com.cn/finalpage/2025-12-30/1224911749.PDF,1224911749,会计师
603079,圣达生物,圣达生物：浙江圣达生物药业股份有限公司关于变更签字注册会计师的公告,2025-12-30,http://static.cninfo.com.cn/finalpage/2025-12-30/1224903113.PDF,1224903113,会计师
002664,信质集团,信质集团：关于变更签字注册会计师的公告,2025-12-30,http://static.cninfo.com.cn/finalpage/2025-12-30/1224903669.PDF,1224903669,会计师
000629,钒钛股份,钒钛股份：关于变更签字注册会计师的公告,2025-12-30,http://static.cninfo.com.cn/finalpage/2025-12-30/1224904888.PDF,1224904888,会计师
603871,嘉友国际,嘉友国际：关于变更签字注册会计师的公告,2025-12-30,http://static.cninfo.com.cn/finalpage/2025-12-30/1224904393.PDF,1224904393,会计师
00826,天工国际,天工国际：天工股份 - 关於变更签字注册会计师的公告,2025-12-29,http://static.cninfo.com.cn/finalpage/2025-12-29/1224906812.PDF,1224906812,会计师
920175,东方碳素,[临时公告]东方碳素:平顶山东方碳素股份有限公司关于变更签字注册会计师及项目质量控制复核人的公告,2025-12-29,http://static.cninfo.com.cn/finalpage/2025-12-29/1224903959.PDF,1224903959,会计师
920077,吉林碳谷,[临时公告]吉林碳谷:关于变更签字项目合伙人和签字注册会计师的公告,2025-12-29,http://static.cninfo.com.cn/finalpage/2025-12-29/1224904833.PDF,1224904833,会计师
920068,天工股份,[临时公告]天工股份:关于变更签字注册会计师的公告,2025-12-29,http://static.cninfo.com.cn/finalpage/2025-12-29/1224906592.PDF,1224906592,会计师
688593,新相微,新相微：新相微关于变更签字注册会计师的公告,2025-12-27,http://static.cninfo.com.cn/finalpage/2025-12-27/1224901870.PDF,1224901870,会计师
688403,汇成股份,汇成股份：关于变更签字注册会计师的公告,2025-12-27,http://static.cninfo.com.cn/finalpage/2025-12-27/1224899694.PDF,1224899694,会计师
688286,敏芯股份,敏芯股份：苏州敏芯微电子技术股份有限公司关于变更签字注册会计师的公告,2025-12-27,http://static.cninfo.com.cn/finalpage/2025-12-27/1224900280.PDF,1224900280,会计师
002264,新 华 都,新 华 都：关于变更签字注册会计师的公告,2025-12-27,http://static.cninfo.com.cn/finalpage/2025-12-27/1224900216.PDF,1224900216,会计师
000750,国海证券,国海证券：国海证券股份有限公司关于变更签字注册会计师的公告,2025-12-27,http://static.cninfo.com.cn/finalpage/2025-12-27/1224902164.PDF,1224902164,会计师
688171,纬德信息,纬德信息：关于变更签字注册会计师及确定项目质量控制复核人的公告,2025-12-27,http://static.cninfo.com.cn/finalpage/2025-12-27/1224899690.PDF,1224899690,会计师
603565,中谷物流,中谷物流：关于变更签字注册会计师的公告,2025-12-27,http://static.cninfo.com.cn/finalpage/2025-12-27/1224902057.PDF,1224902057,会计师
603185,弘元绿能,弘元绿能：关于变更签字项目合伙人和签字注册会计师的公告,2025-12-27,http://static.cninfo.com.cn/finalpage/2025-12-27/1224901851.PDF,1224901851,会计师
688275,万润新能,万润新能：关于变更项目合伙人及签字注册会计师的公告,2025-12-27,http://static.cninfo.com.cn/finalpage/2025-12-27/1224900289.PDF,1224900289,会计师
300390,天华新能,天华新能：关于变更签字注册会计师的公告,2025-12-26,http://static.cninfo.com.cn/finalpage/2025-12-26/1224902312.PDF,1224902312,会计师
300065,海兰信,海兰信：致同会计师关于上市公司最近一期的审阅报告,2025-12-26,http://static.cninfo.com.cn/finalpage/2025-12-26/1224901767.PDF,1224901767,会计师
603393,新天然气,新天然气：新天然气-关于签字注册会计师变更的公告,2025-12-26,http://static.cninfo.com.cn/finalpage/2025-12-26/1224897589.PDF,1224897589,会计师
300304,云意电气,云意电气：关于变更签字会计师的公告,2025-12-26,http://static.cninfo.com.cn/finalpage/2025-12-26/1224898803.PDF,1224898803,会计师
601388,怡球资源,怡球资源：关于变更签字注册会计师的公告,2025-12-26,http://static.cninfo.com.cn/finalpage/2025-12-26/1224897766.PDF,1224897766,会计师
688261,东微半导,东微半导：苏州东微半导体股份有限公司关于变更签字注册会计师的公告,2025-12-26,http://static.cninfo.com.cn/finalpage/2025-12-26/1224898680.PDF,1224898680,会计师
603598,引力传媒,引力传媒：引力传媒：关于变更签字注册会计师的公告,2025-12-26,http://static.cninfo.com.cn/finalpage/2025-12-26/1224898060.PDF,1224898060,会计师
002396,星网锐捷,星网锐捷：关于变更2025年度审计签字注册会计师及质量控制复核人的公告,2025-12-26,http://static.cninfo.com.cn/finalpage/2025-12-26/1224898011.PDF,1224898011,会计师
688314,康拓医疗,康拓医疗：西安康拓医疗技术股份有限公司关于变更签字注册会计师的公告,2025-12-26,http://static.cninfo.com.cn/finalpage/2025-12-26/1224897634.PDF,1224897634,会计师
603366,日出东方,日出东方：日出东方控股股份有限公司关于变更签字注册会计师的公告,2025-12-26,http://static.cninfo.com.cn/finalpage/2025-12-26/1224897623.PDF,1224897623,会计师
920971,天马新材,[临时公告]天马新材:关于变更签字注册会计师的公告,2025-12-26,http://static.cninfo.com.cn/finalpage/2025-12-26/1224901827.PDF,1224901827,会计师
601208,东材科技,东材科技：四川东材科技集团股份有限公司关于变更签字会计师的公告,2025-12-26,http://static.cninfo.com.cn/finalpage/2025-12-26/1224898108.PDF,1224898108,会计师
600452,涪陵电力,涪陵电力：涪陵电力关于变更签字注册会计师的公告,2025-12-26,http://static.cninfo.com.cn/finalpage/2025-12-26/1224897670.PDF,1224897670,会计师
600987,航民股份,航民股份：航民股份关于变更签字注册会计师的公告,2025-12-26,http://static.cninfo.com.cn/finalpage/2025-12-26/1224897578.PDF,1224897578,会计师
603015,弘讯科技,弘讯科技：关于变更签字注册会计师的公告,2025-12-26,http://static.cninfo.com.cn/finalpage/2025-12-26/1224897711.PDF,1224897711,会计师
601001,晋控煤业,晋控煤业：晋能控股山西煤业股份有限公司关于变更签字注册会计师的公告,2025-12-26,http://static.cninfo.com.cn/finalpage/2025-12-26/1224898847.PDF,1224898847,会计师
920593,鼎智科技,[临时公告]鼎智科技:关于变更项目合伙人及签字会计师的公告,2025-12-26,http://static.cninfo.com.cn/finalpage/2025-12-26/1224899960.PDF,1224899960,会计师
601825,沪农商行,沪农商行：上海农村商业银行股份有限公司关于变更2025年度审计项目合伙人及签字注册会计师的公告,2025-12-26,http://static.cninfo.com.cn/finalpage/2025-12-26/1224897668.PDF,1224897668,会计师
688163,赛伦生物,赛伦生物：赛伦生物：关于变更签字注册会计师的公告,2025-12-26,http://static.cninfo.com.cn/finalpage/2025-12-26/1224897583.PDF,1224897583,会计师
002109,兴化股份,兴化股份：关于变更签字注册会计师的公告,2025-12-26,http://static.cninfo.com.cn/finalpage/2025-12-26/1224898735.PDF,1224898735,会计师
300055,万邦达,万邦达：关于审计机构变更签字注册会计师的公告,2025-12-25,http://static.cninfo.com.cn/finalpage/2025-12-25/1224899374.PDF,1224899374,会计师
301165,锐捷网络,锐捷网络：关于变更2025年度审计签字注册会计师及质量控制复核人的公告,2025-12-25,http://static.cninfo.com.cn/finalpage/2025-12-25/1224898023.PDF,1224898023,会计师
300931,通用电梯,通用电梯：关于变更签字注册会计师的公告,2025-12-25,http://static.cninfo.com.cn/finalpage/2025-12-25/1224897566.PDF,1224897566,会计师
603619,中曼石油,中曼石油：中曼石油天然气集团股份有限公司关于变更签字会计师及质量控制复核人的公告,2025-12-25,http://static.cninfo.com.cn/finalpage/2025-12-25/1224895849.PDF,1224895849,会计师
605056,咸亨国际,咸亨国际：咸亨国际：关于变更签字注册会计师的公告,2025-12-25,http://static.cninfo.com.cn/finalpage/2025-12-25/1224895987.PDF,1224895987,会计师
000626,远大控股,远大控股：关于审计机构变更签字注册会计师的公告,2025-12-25,http://static.cninfo.com.cn/finalpage/2025-12-25/1224896976.PDF,1224896976,会计师
601728,中国电信,中国电信：中国电信股份有限公司关于变更签字注册会计师的公告,2025-12-25,http://static.cninfo.com.cn/finalpage/2025-12-25/1224896100.PDF,1224896100,会计师
688053,ST思科瑞,ST思科瑞：成都思科瑞微电子股份有限公司关于变更签字注册会计师的公告,2025-12-25,http://static.cninfo.com.cn/finalpage/2025-12-25/1224895985.PDF,1224895985,会计师
002392,北京利尔,北京利尔：关于增加签字注册会计师的公告,2025-12-25,http://static.cninfo.com.cn/finalpage/2025-12-25/1224895629.PDF,1224895629,会计师
603767,中马传动,中马传动：关于变更签字注册会计师及项目质量复核人员的公告,2025-12-25,http://static.cninfo.com.cn/finalpage/2025-12-25/1224895350.PDF,1224895350,会计师
002055,得润电子,得润电子：关于变更签字注册会计师的公告,2025-12-25,http://static.cninfo.com.cn/finalpage/2025-12-25/1224895345.PDF,1224895345,会计师
301272,英华特,英华特：苏州英华特涡旋技术股份有限公司关于变更签字注册会计师的公告,2025-12-25,http://static.cninfo.com.cn/finalpage/2025-12-25/1224895944.PDF,1224895944,会计师
00728,中国电信,中国电信：海外监管公告 - 中国电信股份有限公司关於变更签字注册会计师的公告,2025-12-24,http://static.cninfo.com.cn/finalpage/2025-12-24/1224896637.PDF,1224896637,会计师
300757,罗博特科,罗博特科：关于变更签字会计师的公告,2025-12-24,http://static.cninfo.com.cn/finalpage/2025-12-24/1224895791.PDF,1224895791,会计师
301389,隆扬电子,隆扬电子：关于变更签字注册会计师和项目质量控制复核人的公告,2025-12-24,http://static.cninfo.com.cn/finalpage/2025-12-24/1224895655.PDF,1224895655,会计师
688212,澳华内镜,澳华内镜：关于变更签字注册会计师的公告,2025-12-24,http://static.cninfo.com.cn/finalpage/2025-12-24/1224894647.PDF,1224894647,会计师
002394,联发股份,联发股份：关于变更签字注册会计师的公告,2025-12-24,http://static.cninfo.com.cn/finalpage/2025-12-24/1224893180.PDF,1224893180,会计师
600988,赤峰黄金,赤峰黄金：赤峰黄金关于变更签字会计师的公告,2025-12-24,http://static.cninfo.com.cn/finalpage/2025-12-24/1224893209.PDF,1224893209,会计师
002658,雪迪龙,雪迪龙：雪迪龙关于变更签字注册会计师的公告,2025-12-24,http://static.cninfo.com.cn/finalpage/2025-12-24/1224893062.PDF,1224893062,会计师
605268,王力安防,王力安防：王力安防关于变更签字注册会计师的公告,2025-12-24,http://static.cninfo.com.cn/finalpage/2025-12-24/1224893030.PDF,1224893030,会计师
002259,升达林业,升达林业：关于调整签字注册会计师的公告,2025-12-24,http://static.cninfo.com.cn/finalpage/2025-12-24/1224893440.PDF,1224893440,会计师
002072,凯瑞德,凯瑞德：关于审计机构变更签字注册会计师的公告,2025-12-24,http://static.cninfo.com.cn/finalpage/2025-12-24/1224894196.PDF,1224894196,会计师
001378,德冠新材,德冠新材：关于变更签字会计师的公告,2025-12-24,http://static.cninfo.com.cn/finalpage/2025-12-24/1224893624.PDF,1224893624,会计师
002108,沧州明珠,沧州明珠：沧州明珠关于年度审计机构更换签字注册会计师的公告,2025-12-24,http://static.cninfo.com.cn/finalpage/2025-12-24/1224893001.PDF,1224893001,会计师
688443,智翔金泰,智翔金泰：关于变更签字注册会计师的公告,2025-12-24,http://static.cninfo.com.cn/finalpage/2025-12-24/1224893183.PDF,1224893183,会计师
920123,芭薇股份,[临时公告]芭薇股份:关于变更签字注册会计师的公告,2025-12-24,http://static.cninfo.com.cn/finalpage/2025-12-24/1224896075.PDF,1224896075,会计师
300561,*ST汇科,*ST汇科：关于变更签字注册会计师的公告,2025-12-23,http://static.cninfo.com.cn/finalpage/2025-12-23/1224893670.PDF,1224893670,会计师
06693,赤峰黄金,赤峰黄金：赤峰吉隆黄金矿业股份有限公司关於变更签字会计师的公告,2025-12-23,http://static.cninfo.com.cn/finalpage/2025-12-23/1224893468.PDF,1224893468,会计师
300284,苏交科,苏交科：关于变更签字注册会计师的公告,2025-12-23,http://static.cninfo.com.cn/finalpage/2025-12-23/1224893289.PDF,1224893289,会计师
603706,东方环宇,东方环宇：东方环宇关于变更签字会计师的公告,2025-12-23,http://static.cninfo.com.cn/finalpage/2025-12-23/1224890223.PDF,1224890223,会计师
000570,苏常柴Ａ,苏常柴Ａ：关于变更签字会计师的公告,2025-12-23,http://static.cninfo.com.cn/finalpage/2025-12-23/1224892020.PDF,1224892020,会计师
001212,中旗新材,中旗新材：关于变更签字会计师的公告,2025-12-23,http://static.cninfo.com.cn/finalpage/2025-12-23/1224890605.PDF,1224890605,会计师
688231,隆达股份,隆达股份：关于变更签字会计师的公告,2025-12-23,http://static.cninfo.com.cn/finalpage/2025-12-23/1224890945.PDF,1224890945,会计师
002323,雅博股份,雅博股份：关于审计机构变更签字注册会计师的公告,2025-12-23,http://static.cninfo.com.cn/finalpage/2025-12-23/1224890356.PDF,1224890356,会计师
601699,潞安环能,潞安环能：潞安环能关于审计机构变更签字会计师的公告,2025-12-23,http://static.cninfo.com.cn/finalpage/2025-12-23/1224890359.PDF,1224890359,会计师
000679,大连友谊,大连友谊：关于变更签字会计师的公告,2025-12-23,http://static.cninfo.com.cn/finalpage/2025-12-23/1224890736.PDF,1224890736,会计师
600295,鄂尔多斯,鄂尔多斯：内蒙古鄂尔多斯资源股份有限公司关于审计机构变更签字注册会计师的公告,2025-12-23,http://static.cninfo.com.cn/finalpage/2025-12-23/1224891091.PDF,1224891091,会计师
920116,星图测控,[临时公告]星图测控:关于变更签字注册会计师以及质量控制复核人的公告,2025-12-23,http://static.cninfo.com.cn/finalpage/2025-12-23/1224894003.PDF,1224894003,会计师
601996,丰林集团,丰林集团：广西丰林木业集团股份有限公司关于变更签字注册会计师的公告,2025-12-23,http://static.cninfo.com.cn/finalpage/2025-12-23/1224890958.PDF,1224890958,会计师
002158,汉钟精机,汉钟精机：关于变更签字注册会计师的公告,2025-12-23,http://static.cninfo.com.cn/finalpage/2025-12-23/1224890244.PDF,1224890244,会计师
920112,巴兰仕,[临时公告]巴兰仕:关于变更签字注册会计师的公告,2025-12-23,http://static.cninfo.com.cn/finalpage/2025-12-23/1224893430.PDF,1224893430,会计师
300446,航天智造,航天智造：关于变更审计项目合伙人及签字注册会计师的公告,2025-12-22,http://static.cninfo.com.cn/finalpage/2025-12-22/1224891325.PDF,1224891325,会计师
300695,兆丰股份,兆丰股份：关于变更签字注册会计师的公告,2025-12-22,http://static.cninfo.com.cn/finalpage/2025-12-22/1224890303.PDF,1224890303,会计师
920179,凯德石英,[临时公告]凯德石英:关于变更签字注册会计师的公告,2025-12-22,http://static.cninfo.com.cn/finalpage/2025-12-22/1224890982.PDF,1224890982,会计师
688352,颀中科技,颀中科技：合肥颀中科技股份有限公司关于变更签字注册会计师的公告,2025-12-22,http://static.cninfo.com.cn/finalpage/2025-12-22/1224889052.PDF,1224889052,会计师
301167,建研设计,建研设计：关于变更签字注册会计师的公告,2025-12-20,http://static.cninfo.com.cn/finalpage/2025-12-20/1224887801.PDF,1224887801,会计师
002520,日发精机,日发精机：关于变更签字注册会计师的公告,2025-12-20,http://static.cninfo.com.cn/finalpage/2025-12-20/1224887284.PDF,1224887284,会计师
301380,挖金客,挖金客：关于变更签字注册会计师的公告,2025-12-20,http://static.cninfo.com.cn/finalpage/2025-12-20/1224887805.PDF,1224887805,会计师
600343,航天动力,航天动力：航天动力关于变更签字注册会计师的公告,2025-12-20,http://static.cninfo.com.cn/finalpage/2025-12-20/1224887043.PDF,1224887043,会计师
001223,欧克科技,欧克科技：关于变更签字注册会计师的公告,2025-12-20,http://static.cninfo.com.cn/finalpage/2025-12-20/1224887016.PDF,1224887016,会计师
002637,赞宇科技,赞宇科技：关于变更签字注册会计师的公告,2025-12-20,http://static.cninfo.com.cn/finalpage/2025-12-20/1224886806.PDF,1224886806,会计师
301045,天禄科技,天禄科技：关于变更签字注册会计师的公告,2025-12-19,http://static.cninfo.com.cn/finalpage/2025-12-19/1224887325.PDF,1224887325,会计师
300644,南京聚隆,南京聚隆：关于变更签字注册会计师及质量控制复核人的公告,2025-12-19,http://static.cninfo.com.cn/finalpage/2025-12-19/1224887232.PDF,1224887232,会计师
688720,艾森股份,艾森股份：关于变更签字注册会计师的公告,2025-12-19,http://static.cninfo.com.cn/finalpage/2025-12-19/1224885015.PDF,1224885015,会计师
920045,蘅东光,蘅东光:经注册会计师鉴证的非经常性损益明细表,2025-12-19,http://static.cninfo.com.cn/finalpage/2025-12-19/1225287839.PDF,1225287839,会计师
301043,绿岛风,绿岛风：关于更换签字注册会计师的公告,2025-12-19,http://static.cninfo.com.cn/finalpage/2025-12-19/1224884500.PDF,1224884500,会计师
000055,方大集团,方大集团：关于变更签字注册会计师的公告,2025-12-19,http://static.cninfo.com.cn/finalpage/2025-12-19/1224885210.PDF,1224885210,会计师
301077,星华新材,星华新材：关于变更签字注册会计师的公告,2025-12-18,http://static.cninfo.com.cn/finalpage/2025-12-18/1224886060.PDF,1224886060,会计师
603177,德创环保,德创环保：603177：德创环保关于变更签字注册会计师的公告,2025-12-18,http://static.cninfo.com.cn/finalpage/2025-12-18/1224883126.PDF,1224883126,会计师
688022,瀚川智能,瀚川智能：关于变更签字注册会计师及项目质量控制复核人的公告,2025-12-18,http://static.cninfo.com.cn/finalpage/2025-12-18/1224883990.PDF,1224883990,会计师
600435,北方导航,北方导航：北方导航关于变更签字会计师的公告,2025-12-18,http://static.cninfo.com.cn/finalpage/2025-12-18/1224882895.PDF,1224882895,会计师
688317,之江生物,之江生物：之江生物：关于变更签字注册会计师及项目质量控制复核人的公告,2025-12-18,http://static.cninfo.com.cn/finalpage/2025-12-18/1224882560.PDF,1224882560,会计师
920225,利通科技,[临时公告]利通科技:关于变更签字注册会计师的公告,2025-12-18,http://static.cninfo.com.cn/finalpage/2025-12-18/1224884570.PDF,1224884570,会计师
603888,新华网,新华网：新华网股份有限公司关于变更签字注册会计师的公告,2025-12-18,http://static.cninfo.com.cn/finalpage/2025-12-18/1224883954.PDF,1224883954,会计师
688259,创耀科技,创耀科技：关于变更签字会计师的公告,2025-12-18,http://static.cninfo.com.cn/finalpage/2025-12-18/1224882554.PDF,1224882554,会计师
920706,铁拓机械,[临时公告]铁拓机械:关于变更签字注册会计师的公告,2025-12-18,http://static.cninfo.com.cn/finalpage/2025-12-18/1224885860.PDF,1224885860,会计师
002562,兄弟科技,兄弟科技：关于变更签字注册会计师的公告,2025-12-18,http://static.cninfo.com.cn/finalpage/2025-12-18/1224882510.PDF,1224882510,会计师
603076,乐惠国际,乐惠国际：关于审计机构变更签字注册会计师的公告,2025-12-18,http://static.cninfo.com.cn/finalpage/2025-12-18/1224882559.PDF,1224882559,会计师
301330,熵基科技,熵基科技：关于变更签字注册会计师的公告,2025-12-17,http://static.cninfo.com.cn/finalpage/2025-12-17/1224883829.PDF,1224883829,会计师
300008,天海防务,天海防务：关于变更签字注册会计师的公告,2025-12-17,http://static.cninfo.com.cn/finalpage/2025-12-17/1224883208.PDF,1224883208,会计师
301292,海科新源,海科新源：关于变更签字注册会计师的公告,2025-12-17,http://static.cninfo.com.cn/finalpage/2025-12-17/1224882746.PDF,1224882746,会计师
300643,万通智控,万通智控：关于变更签字注册会计师的公告,2025-12-17,http://static.cninfo.com.cn/finalpage/2025-12-17/1224882742.PDF,1224882742,会计师
300056,中创环保,中创环保：关于变更审计机构签字合伙人、签字注册会计师及项目质量复核人员的公告,2025-12-17,http://static.cninfo.com.cn/finalpage/2025-12-17/1224882675.PDF,1224882675,会计师
603612,索通发展,索通发展：索通发展股份有限公司关于变更签字注册会计师的公告,2025-12-17,http://static.cninfo.com.cn/finalpage/2025-12-17/1224880936.PDF,1224880936,会计师
600230,沧州大化,沧州大化：沧州大化股份有限公司关于变更签字注册会计师的公告,2025-12-17,http://static.cninfo.com.cn/finalpage/2025-12-17/1224880754.PDF,1224880754,会计师
301578,辰奕智能,辰奕智能：关于变更签字注册会计师的公告,2025-12-17,http://static.cninfo.com.cn/finalpage/2025-12-17/1224881422.PDF,1224881422,会计师
603353,和顺石油,和顺石油：和顺石油关于变更签字注册会计师的公告,2025-12-17,http://static.cninfo.com.cn/finalpage/2025-12-17/1224880627.PDF,1224880627,会计师
600234,科新发展,科新发展：山西科新发展股份有限公司关于审计机构变更签字注册会计师的公告,2025-12-17,http://static.cninfo.com.cn/finalpage/2025-12-17/1224880720.PDF,1224880720,会计师
300151,昌红科技,昌红科技：关于变更签字注册会计师的公告,2025-12-17,http://static.cninfo.com.cn/finalpage/2025-12-17/1224880680.PDF,1224880680,会计师
300350,华鹏飞,华鹏飞：关于变更签字注册会计师的公告,2025-12-16,http://static.cninfo.com.cn/finalpage/2025-12-16/1224881208.PDF,1224881208,会计师
301193,家联科技,家联科技：关于变更签字注册会计师的公告,2025-12-16,http://static.cninfo.com.cn/finalpage/2025-12-16/1224881027.PDF,1224881027,会计师
300235,方直科技,方直科技：关于变更签字项目合伙人及签字注册会计师的公告,2025-12-16,http://static.cninfo.com.cn/finalpage/2025-12-16/1224880790.PDF,1224880790,会计师
300441,鲍斯股份,鲍斯股份：关于更换签字注册会计师的公告,2025-12-16,http://static.cninfo.com.cn/finalpage/2025-12-16/1224880748.PDF,1224880748,会计师
301395,仁信新材,仁信新材：关于变更签字会计师的公告,2025-12-16,http://static.cninfo.com.cn/finalpage/2025-12-16/1224880751.PDF,1224880751,会计师
601969,海南矿业,海南矿业：海南矿业股份有限公司关于变更项目合伙人、签字注册会计师的公告,2025-12-16,http://static.cninfo.com.cn/finalpage/2025-12-16/1224877317.PDF,1224877317,会计师
688699,明微电子,明微电子：关于变更签字注册会计师的公告,2025-12-16,http://static.cninfo.com.cn/finalpage/2025-12-16/1224878293.PDF,1224878293,会计师
002553,南方精工,南方精工：关于变更签字会计师及项目质控复核人的公告,2025-12-16,http://static.cninfo.com.cn/finalpage/2025-12-16/1224877312.PDF,1224877312,会计师
600702,舍得酒业,舍得酒业：舍得酒业关于变更签字注册会计师的公告,2025-12-16,http://static.cninfo.com.cn/finalpage/2025-12-16/1224876961.PDF,1224876961,会计师
300497,富祥药业,富祥药业：关于变更签字注册会计师的公告,2025-12-15,http://static.cninfo.com.cn/finalpage/2025-12-15/1224877727.PDF,1224877727,会计师
300504,天邑股份,天邑股份：天邑股份：关于变更签字会计师及质量控制复核人的公告,2025-12-15,http://static.cninfo.com.cn/finalpage/2025-12-15/1224877423.PDF,1224877423,会计师
301157,华塑科技,华塑科技：关于变更签字注册会计师的公告,2025-12-15,http://static.cninfo.com.cn/finalpage/2025-12-15/1224877472.PDF,1224877472,会计师
301052,果麦文化,果麦文化：关于变更签字注册会计师的公告,2025-12-15,http://static.cninfo.com.cn/finalpage/2025-12-15/1224877427.PDF,1224877427,会计师
301575,艾芬达,艾芬达：关于变更签字注册会计师及项目质量控制复核人的公告,2025-12-15,http://static.cninfo.com.cn/finalpage/2025-12-15/1224876882.PDF,1224876882,会计师
301076,新瀚新材,新瀚新材：关于变更签字注册会计师的公告,2025-12-15,http://static.cninfo.com.cn/finalpage/2025-12-15/1224876427.PDF,1224876427,会计师
603577,汇金通,汇金通：汇金通关于变更签字注册会计师的公告,2025-12-13,http://static.cninfo.com.cn/finalpage/2025-12-13/1224870846.PDF,1224870846,会计师
002566,益盛药业,益盛药业：关于更换签字会计师的公告,2025-12-13,http://static.cninfo.com.cn/finalpage/2025-12-13/1224870796.PDF,1224870796,会计师
600351,亚宝药业,亚宝药业：亚宝药业集团股份有限公司关于年度审计机构更换签字注册会计师及质量控制复核人的公告,2025-12-13,http://static.cninfo.com.cn/finalpage/2025-12-13/1224870825.PDF,1224870825,会计师
000869,张  裕Ａ,张  裕Ａ：关于2025年度财务报表审计项目签字注册会计师变更的公告,2025-12-13,http://static.cninfo.com.cn/finalpage/2025-12-13/1224870907.PDF,1224870907,会计师
000952,广济药业,广济药业：关于变更签字注册会计师的公告,2025-12-13,http://static.cninfo.com.cn/finalpage/2025-12-13/1224872563.PDF,1224872563,会计师
001379,腾达科技,腾达科技：关于变更签字注册会计师的公告,2025-12-13,http://static.cninfo.com.cn/finalpage/2025-12-13/1224873268.PDF,1224873268,会计师
600782,新钢股份,新钢股份：新钢股份关于更换签字会计师的公告,2025-12-13,http://static.cninfo.com.cn/finalpage/2025-12-13/1224874715.PDF,1224874715,会计师
605365,立达信,立达信：关于变更签字注册会计师的公告,2025-12-12,http://static.cninfo.com.cn/finalpage/2025-12-12/1224868162.PDF,1224868162,会计师
002564,天沃科技,天沃科技：关于变更签字注册会计师的公告,2025-12-12,http://static.cninfo.com.cn/finalpage/2025-12-12/1224868044.PDF,1224868044,会计师
603967,中创物流,中创物流：中创物流股份有限公司关于变更签字注册会计师的公告,2025-12-12,http://static.cninfo.com.cn/finalpage/2025-12-12/1224868075.PDF,1224868075,会计师
920273,一致魔芋,[临时公告]一致魔芋:关于变更项目合伙人及签字注册会计师的公告,2025-12-12,http://static.cninfo.com.cn/finalpage/2025-12-12/1224871851.PDF,1224871851,会计师
920856,浩淼科技,[临时公告]浩淼科技:关于变更签字注册会计师的公告,2025-12-12,http://static.cninfo.com.cn/finalpage/2025-12-12/1224871570.PDF,1224871570,会计师
600476,湘邮科技,湘邮科技：湖南湘邮科技股份有限公司关于变更签字注册会计师的公告,2025-12-12,http://static.cninfo.com.cn/finalpage/2025-12-12/1224868286.PDF,1224868286,会计师
688153,唯捷创芯,唯捷创芯：关于变更签字注册会计师及项目质量控制复核人的公告,2025-12-12,http://static.cninfo.com.cn/finalpage/2025-12-12/1224870121.PDF,1224870121,会计师
002480,新筑股份,新筑股份：关于变更签字会计师的公告,2025-12-12,http://static.cninfo.com.cn/finalpage/2025-12-12/1224869208.PDF,1224869208,会计师
301687,新广益,新广益：经注册会计师鉴证的非经常性损益明细表,2025-12-12,http://static.cninfo.com.cn/finalpage/2025-12-12/1224870511.PDF,1224870511,会计师
002251,步步高,步步高：关于变更签字注册会计师的公告,2025-12-12,http://static.cninfo.com.cn/finalpage/2025-12-12/1224870224.PDF,1224870224,会计师
920171,志晟信息,[临时公告]志晟信息:关于变更签字注册会计师的公告,2025-12-12,http://static.cninfo.com.cn/finalpage/2025-12-12/1224873745.PDF,1224873745,会计师
920121,江天科技,江天科技:经注册会计师鉴证的非经常性损益明细表,2025-12-12,http://static.cninfo.com.cn/finalpage/2025-12-12/1225287856.PDF,1225287856,会计师
300613,富瀚微,富瀚微：关于变更签字注册会计师的公告,2025-12-11,http://static.cninfo.com.cn/finalpage/2025-12-11/1224869282.PDF,1224869282,会计师
301522,上大股份,上大股份：关于变更签字注册会计师的公告,2025-12-11,http://static.cninfo.com.cn/finalpage/2025-12-11/1224868446.PDF,1224868446,会计师
001396,誉帆科技,誉帆科技：经注册会计师鉴证的非经常性损益明细表,2025-12-11,http://static.cninfo.com.cn/finalpage/2025-12-11/1224866151.PDF,1224866151,会计师
600778,友好集团,友好集团：友好集团关于变更签字注册会计师的公告,2025-12-11,http://static.cninfo.com.cn/finalpage/2025-12-11/1224865810.PDF,1224865810,会计师
001369,双欣环保,双欣环保：经注册会计师鉴证的非经常性损益明细表,2025-12-11,http://static.cninfo.com.cn/finalpage/2025-12-11/1224865754.PDF,1224865754,会计师
600681,百川能源,百川能源：百川能源关于审计机构变更签字注册会计师的公告,2025-12-11,http://static.cninfo.com.cn/finalpage/2025-12-11/1224864550.PDF,1224864550,会计师
000631,顺发恒能,顺发恒能：关于审计机构变更项目合伙人及签字注册会计师的公告,2025-12-11,http://static.cninfo.com.cn/finalpage/2025-12-11/1224865128.PDF,1224865128,会计师
688683,莱尔科技,莱尔科技：关于变更签字会计师的公告,2025-12-11,http://static.cninfo.com.cn/finalpage/2025-12-11/1224865137.PDF,1224865137,会计师
300668,杰恩设计,杰恩设计：关于变更签字注册会计师的公告,2025-12-10,http://static.cninfo.com.cn/finalpage/2025-12-10/1224864142.PDF,1224864142,会计师
300162,雷曼光电,雷曼光电：关于变更签字注册会计师的公告,2025-12-10,http://static.cninfo.com.cn/finalpage/2025-12-10/1224864135.PDF,1224864135,会计师
000710,贝瑞基因,贝瑞基因：会计师事务所选聘制度,2025-12-10,http://static.cninfo.com.cn/finalpage/2025-12-10/1224863562.PDF,1224863562,会计师
002766,索菱股份,索菱股份：会计师事务所选聘制度（2025年12月）,2025-12-10,http://static.cninfo.com.cn/finalpage/2025-12-10/1224863238.PDF,1224863238,会计师
600744,华银电力,华银电力：大唐华银电力股份有限公司关于变更签字注册会计师的公告,2025-12-10,http://static.cninfo.com.cn/finalpage/2025-12-10/1224860588.PDF,1224860588,会计师
002190,成飞集成,成飞集成：关于变更签字注册会计师的公告,2025-12-10,http://static.cninfo.com.cn/finalpage/2025-12-10/1224860788.PDF,1224860788,会计师
920003,中诚咨询,[临时公告]中诚咨询:会计师选聘制度,2025-12-10,http://static.cninfo.com.cn/finalpage/2025-12-10/1224866610.PDF,1224866610,会计师
605111,新洁能,新洁能：关于变更2025年度审计项目签字会计师的公告,2025-12-10,http://static.cninfo.com.cn/finalpage/2025-12-10/1224860636.PDF,1224860636,会计师
002872,ST天圣,ST天圣：关于变更签字会计师的公告,2025-12-10,http://static.cninfo.com.cn/finalpage/2025-12-10/1224861385.PDF,1224861385,会计师
688570,天玛智控,天玛智控：天玛智控关于变更签字注册会计师的公告,2025-12-10,http://static.cninfo.com.cn/finalpage/2025-12-10/1224862130.PDF,1224862130,会计师
002946,新乳业,新乳业：关于变更审计项目合伙人及签字注册会计师的公告,2025-12-10,http://static.cninfo.com.cn/finalpage/2025-12-10/1224860854.PDF,1224860854,会计师
301225,恒勃股份,恒勃股份：关于变更签字注册会计师的公告,2025-12-09,http://static.cninfo.com.cn/finalpage/2025-12-09/1224860401.PDF,1224860401,会计师
002500,山西证券,山西证券：关于变更签字注册会计师的公告,2025-12-09,http://static.cninfo.com.cn/finalpage/2025-12-09/1224859506.PDF,1224859506,会计师
688318,财富趋势,财富趋势：关于变更签字注册会计师的公告,2025-12-09,http://static.cninfo.com.cn/finalpage/2025-12-09/1224859411.PDF,1224859411,会计师
688006,杭可科技,杭可科技：浙江杭可科技股份有限公司关于变更签字注册会计师的公告,2025-12-09,http://static.cninfo.com.cn/finalpage/2025-12-09/1224857123.PDF,1224857123,会计师
601698,中国卫通,中国卫通：中国卫通关于变更签字注册会计师的公告,2025-12-09,http://static.cninfo.com.cn/finalpage/2025-12-09/1224857653.PDF,1224857653,会计师
601016,节能风电,节能风电：中节能风力发电股份有限公司关于变更签字注册会计师的公告,2025-12-09,http://static.cninfo.com.cn/finalpage/2025-12-09/1224857503.PDF,1224857503,会计师
002552,宝鼎科技,宝鼎科技：关于变更签字注册会计师的公告,2025-12-09,http://static.cninfo.com.cn/finalpage/2025-12-09/1224857052.PDF,1224857052,会计师
001205,盛航股份,盛航股份：关于变更项目合伙人及签字注册会计师的公告,2025-12-09,http://static.cninfo.com.cn/finalpage/2025-12-09/1224858358.PDF,1224858358,会计师
300867,圣元环保,圣元环保：关于变更签字注册会计师的公告,2025-12-08,http://static.cninfo.com.cn/finalpage/2025-12-08/1224857755.PDF,1224857755,会计师
601881,中国银河,中国银河：中国银河：关于变更签字注册会计师的公告,2025-12-06,http://static.cninfo.com.cn/finalpage/2025-12-06/1224853096.PDF,1224853096,会计师
603519,立霸股份,立霸股份：立霸股份：关于2025年报审计变更签字注册会计师、质量控制复核人的公告,2025-12-06,http://static.cninfo.com.cn/finalpage/2025-12-06/1224852851.PDF,1224852851,会计师
600708,光明地产,光明地产：光明地产关于变更2025年签字注册会计师的公告,2025-12-06,http://static.cninfo.com.cn/finalpage/2025-12-06/1224854675.PDF,1224854675,会计师
002786,银宝山新,银宝山新：关于变更签字注册会计师的公告,2025-12-06,http://static.cninfo.com.cn/finalpage/2025-12-06/1224853066.PDF,1224853066,会计师
600594,益佰制药,益佰制药：贵州益佰制药股份有限公司关于年度审计机构变更签字注册会计师的公告,2025-12-06,http://static.cninfo.com.cn/finalpage/2025-12-06/1224854415.PDF,1224854415,会计师
000761,本钢板材,本钢板材：本钢板材股份有限公司关于变更2025年度审计项目合伙人及签字注册会计师的公告,2025-12-06,http://static.cninfo.com.cn/finalpage/2025-12-06/1224852806.PDF,1224852806,会计师
000898,鞍钢股份,鞍钢股份：鞍钢股份关于变更签字会计师及质量控制复核人的公告,2025-12-06,http://static.cninfo.com.cn/finalpage/2025-12-06/1224853872.PDF,1224853872,会计师
000586,汇源通信,汇源通信：关于年度审计机构更换签字注册会计师的公告,2025-12-06,http://static.cninfo.com.cn/finalpage/2025-12-06/1224853586.PDF,1224853586,会计师
00347,鞍钢股份,鞍钢股份：海外监管公告 - 关於变更签字会计师及质量控制覆核人的公告,2025-12-05,http://static.cninfo.com.cn/finalpage/2025-12-05/1224856255.PDF,1224856255,会计师
300490,华自科技,华自科技：关于变更签字会计师的公告,2025-12-05,http://static.cninfo.com.cn/finalpage/2025-12-05/1224852677.PDF,1224852677,会计师
000788,北大医药,北大医药：关于变更签字注册会计师的公告,2025-12-05,http://static.cninfo.com.cn/finalpage/2025-12-05/1224851277.PDF,1224851277,会计师
001325,元创股份,元创股份：经注册会计师鉴证的非经常性损益明细表,2025-12-05,http://static.cninfo.com.cn/finalpage/2025-12-05/1224851660.PDF,1224851660,会计师
920876,慧为智能,[临时公告]慧为智能:关于变更签字注册会计师的公告,2025-12-05,http://static.cninfo.com.cn/finalpage/2025-12-05/1224854086.PDF,1224854086,会计师
920124,南特科技,[临时公告]南特科技:会计师选聘制度,2025-12-05,http://static.cninfo.com.cn/finalpage/2025-12-05/1224855352.PDF,1224855352,会计师
920088,科力股份,[临时公告]科力股份:关于变更签字注册会计师及项目质量控制复核人的公告,2025-12-05,http://static.cninfo.com.cn/finalpage/2025-12-05/1224855692.PDF,1224855692,会计师
300248,新开普,新开普：关于变更签字注册会计师的公告,2025-12-04,http://static.cninfo.com.cn/finalpage/2025-12-04/1224850956.PDF,1224850956,会计师
603002,宏昌电子,宏昌电子：宏昌电子关于变更签字注册会计师的公告,2025-12-04,http://static.cninfo.com.cn/finalpage/2025-12-04/1224846732.PDF,1224846732,会计师
920810,春光智能,[临时公告]春光智能:关于变更签字注册会计师的公告,2025-12-04,http://static.cninfo.com.cn/finalpage/2025-12-04/1224851275.PDF,1224851275,会计师
600248,陕建股份,陕建股份：陕西建工集团股份有限公司关于变更签字注册会计师的公告,2025-12-04,http://static.cninfo.com.cn/finalpage/2025-12-04/1224846238.PDF,1224846238,会计师
605009,豪悦护理,豪悦护理：关于变更签字注册会计师的公告,2025-12-04,http://static.cninfo.com.cn/finalpage/2025-12-04/1224846249.PDF,1224846249,会计师
603989,艾华集团,艾华集团：湖南艾华集团股份有限公司关于变更项目合伙人、签字注册会计师的公告,2025-12-04,http://static.cninfo.com.cn/finalpage/2025-12-04/1224846254.PDF,1224846254,会计师
301449,天溯计量,天溯计量：经注册会计师鉴证的非经常性损益明细表,2025-12-04,http://static.cninfo.com.cn/finalpage/2025-12-04/1224847580.PDF,1224847580,会计师
301502,华阳智能,华阳智能：关于变更签字注册会计师的公告,2025-12-04,http://static.cninfo.com.cn/finalpage/2025-12-04/1224846205.PDF,1224846205,会计师
603089,正裕工业,正裕工业：关于变更签字注册会计师的公告,2025-12-04,http://static.cninfo.com.cn/finalpage/2025-12-04/1224846243.PDF,1224846243,会计师
300483,首华燃气,首华燃气：关于变更签字注册会计师的公告,2025-12-04,http://static.cninfo.com.cn/finalpage/2025-12-04/1224847711.PDF,1224847711,会计师
300016,北陆药业,北陆药业：关于变更签字注册会计师的公告,2025-12-03,http://static.cninfo.com.cn/finalpage/2025-12-03/1224846580.PDF,1224846580,会计师
688285,高铁电气,高铁电气：高铁电气：关于变更签字注册会计师的公告,2025-12-03,http://static.cninfo.com.cn/finalpage/2025-12-03/1224843118.PDF,1224843118,会计师
002842,翔鹭钨业,翔鹭钨业：会计师关于审核问询函的回复,2025-12-03,http://static.cninfo.com.cn/finalpage/2025-12-03/1224845804.PDF,1224845804,会计师
002204,大连重工,大连重工：关于变更项目合伙人及签字注册会计师的公告,2025-12-03,http://static.cninfo.com.cn/finalpage/2025-12-03/1224842736.PDF,1224842736,会计师
600578,京能电力,京能电力：京能电力：关于变更签字注册会计师的公告,2025-12-03,http://static.cninfo.com.cn/finalpage/2025-12-03/1224842790.PDF,1224842790,会计师
002709,天赐材料,天赐材料：关于变更签字注册会计师的公告,2025-12-03,http://static.cninfo.com.cn/finalpage/2025-12-03/1224843853.PDF,1224843853,会计师
688508,芯朋微,芯朋微：关于变更签字注册会计师的公告,2025-12-02,http://static.cninfo.com.cn/finalpage/2025-12-02/1224839637.PDF,1224839637,会计师
000426,兴业银锡,兴业银锡：关于变更签字注册会计师的公告,2025-12-02,http://static.cninfo.com.cn/finalpage/2025-12-02/1224842152.PDF,1224842152,会计师
600416,湘电股份,湘电股份：湘潭电机股份有限公司关于变更签字会计师的公告,2025-12-02,http://static.cninfo.com.cn/finalpage/2025-12-02/1224840104.PDF,1224840104,会计师
920751,惠同新材,[临时公告]惠同新材:关于变更签字注册会计师的公告,2025-12-02,http://static.cninfo.com.cn/finalpage/2025-12-02/1224843058.PDF,1224843058,会计师
600236,桂冠电力,桂冠电力：广西桂冠电力股份有限公司关于更换签字会计师的公告,2025-12-02,http://static.cninfo.com.cn/finalpage/2025-12-02/1224839716.PDF,1224839716,会计师
688087,英科再生,英科再生：英科再生资源股份有限公司关于变更签字注册会计师的公告,2025-12-02,http://static.cninfo.com.cn/finalpage/2025-12-02/1224841255.PDF,1224841255,会计师
002169,智光电气,智光电气：关于变更签字注册会计师的公告,2025-12-02,http://static.cninfo.com.cn/finalpage/2025-12-02/1224840982.PDF,1224840982,会计师
920357,雅葆轩,[临时公告]雅葆轩:关于变更签字注册会计师的公告,2025-12-01,http://static.cninfo.com.cn/finalpage/2025-12-01/1224839923.PDF,1224839923,会计师
600356,恒丰纸业,恒丰纸业：中银国际证券股份有限公司关于牡丹江恒丰纸业股份有限公司发行股份购买资产项目变更签字会计师的专项说明,2025-11-29,http://static.cninfo.com.cn/finalpage/2025-11-29/1224835564.PDF,1224835564,会计师
600356,恒丰纸业,恒丰纸业：恒丰纸业关于发行股份购买资产项目变更签字会计师的专项说明,2025-11-29,http://static.cninfo.com.cn/finalpage/2025-11-29/1224835581.PDF,1224835581,会计师
000423,东阿阿胶,东阿阿胶：关于变更审计项目合伙人、签字注册会计师的公告,2025-11-29,http://static.cninfo.com.cn/finalpage/2025-11-29/1224836234.PDF,1224836234,会计师
002972,科安达,科安达：2025-053 关于变更签字注册会计师的公告,2025-11-29,http://static.cninfo.com.cn/finalpage/2025-11-29/1224834310.PDF,1224834310,会计师
600121,郑州煤电,郑州煤电：郑州煤电股份有限公司关于变更签字会计师的公告,2025-11-29,http://static.cninfo.com.cn/finalpage/2025-11-29/1224832751.PDF,1224832751,会计师
603630,拉芳家化,拉芳家化：关于变更签字注册会计师的公告,2025-11-29,http://static.cninfo.com.cn/finalpage/2025-11-29/1224833515.PDF,1224833515,会计师
002360,同德化工,同德化工：关于变更签字注册会计师的公告,2025-11-29,http://static.cninfo.com.cn/finalpage/2025-11-29/1224833824.PDF,1224833824,会计师
603261,*ST立航,*ST立航：成都立航科技股份有限公司关于变更签字注册会计师的公告,2025-11-29,http://static.cninfo.com.cn/finalpage/2025-11-29/1224833842.PDF,1224833842,会计师
603919,金徽酒,金徽酒：金徽酒股份有限公司关于变更签字注册会计师的公告,2025-11-29,http://static.cninfo.com.cn/finalpage/2025-11-29/1224834174.PDF,1224834174,会计师
600356,恒丰纸业,恒丰纸业：恒丰纸业发行股份购买资产项目变更签字会计师的公告,2025-11-29,http://static.cninfo.com.cn/finalpage/2025-11-29/1224835587.PDF,1224835587,会计师
002339,积成电子,积成电子：关于变更签字注册会计师的公告,2025-11-29,http://static.cninfo.com.cn/finalpage/2025-11-29/1224833053.PDF,1224833053,会计师
002228,合兴包装,合兴包装：关于变更签字会计师的公告,2025-11-29,http://static.cninfo.com.cn/finalpage/2025-11-29/1224834608.PDF,1224834608,会计师
300625,三雄极光,三雄极光：关于变更签字注册会计师的公告,2025-11-28,http://static.cninfo.com.cn/finalpage/2025-11-28/1224832963.PDF,1224832963,会计师
300535,达威股份,达威股份：关于变更签字注册会计师的公告,2025-11-28,http://static.cninfo.com.cn/finalpage/2025-11-28/1224832672.PDF,1224832672,会计师
601766,中国中车,中国中车：关于中国中车股份有限公司分拆所属子公司中车戚墅堰机车车辆工艺研究所股份有限公司至深圳证券交易所创业板上市说明的会计师专项报告,2025-11-28,http://static.cninfo.com.cn/finalpage/2025-11-28/1224831431.PDF,1224831431,会计师
600397,江钨装备,江钨装备：江钨装备关于变更签字注册会计师的公告,2025-11-28,http://static.cninfo.com.cn/finalpage/2025-11-28/1224831036.PDF,1224831036,会计师
01766,中国中车,中国中车：海外监管公告 - 关於中国中车股份有限公司分拆所属子公司中车戚墅堰机车车辆工艺研究所股份有限公司至深圳证券交易所创业板上市说明的会计师专项报告,2025-11-27,http://static.cninfo.com.cn/finalpage/2025-11-27/1224832259.PDF,1224832259,会计师
600956,新天绿能,新天绿能：新天绿能关于变更签字注册会计师的公告,2025-11-27,http://static.cninfo.com.cn/finalpage/2025-11-27/1224827896.PDF,1224827896,会计师
603677,奇精机械,奇精机械：关于变更签字会计师的公告,2025-11-27,http://static.cninfo.com.cn/finalpage/2025-11-27/1224828050.PDF,1224828050,会计师
688182,灿勤科技,灿勤科技：江苏灿勤科技股份有限公司关于变更签字注册会计师的公告,2025-11-27,http://static.cninfo.com.cn/finalpage/2025-11-27/1224827477.PDF,1224827477,会计师
000058,深 赛 格,深 赛 格：关于变更签字注册会计师的公告,2025-11-27,http://static.cninfo.com.cn/finalpage/2025-11-27/1224827448.PDF,1224827448,会计师
301667,纳百川,纳百川：经注册会计师鉴证的非经常性损益明细表,2025-11-27,http://static.cninfo.com.cn/finalpage/2025-11-27/1224827505.PDF,1224827505,会计师
920689,克莱特,[临时公告]克莱特:大华会计师关于克莱特第一轮问询的回复,2025-11-27,http://static.cninfo.com.cn/finalpage/2025-11-27/1224832293.PDF,1224832293,会计师
002338,奥普光电,奥普光电：关于变更签字会计师的公告,2025-11-27,http://static.cninfo.com.cn/finalpage/2025-11-27/1224829316.PDF,1224829316,会计师
300624,万兴科技,万兴科技：关于审计机构变更签字会计师的公告,2025-11-26,http://static.cninfo.com.cn/finalpage/2025-11-26/1224829317.PDF,1224829317,会计师
300647,超频三,超频三：关于变更签字注册会计师的公告,2025-11-26,http://static.cninfo.com.cn/finalpage/2025-11-26/1224828481.PDF,1224828481,会计师
00956,新天绿色能源,新天绿色能源：海外监管公告-关於变更签字注册会计师的公告,2025-11-26,http://static.cninfo.com.cn/finalpage/2025-11-26/1224828042.PDF,1224828042,会计师
003032,*ST传智,*ST传智：关于签字注册会计师变更的公告,2025-11-26,http://static.cninfo.com.cn/finalpage/2025-11-26/1224825609.PDF,1224825609,会计师
603023,威帝股份,威帝股份：哈尔滨威帝电子股份有限公司关于变更签字注册会计师的公告,2025-11-26,http://static.cninfo.com.cn/finalpage/2025-11-26/1224824489.PDF,1224824489,会计师
002921,联诚精密,联诚精密：关于变更签字注册会计师的公告,2025-11-26,http://static.cninfo.com.cn/finalpage/2025-11-26/1224824363.PDF,1224824363,会计师
301479,弘景光电,弘景光电：关于变更签字注册会计师的公告,2025-11-26,http://static.cninfo.com.cn/finalpage/2025-11-26/1224824624.PDF,1224824624,会计师
600178,东安动力,东安动力：哈尔滨东安汽车动力股份有限公司关于变更审计项目合伙人、签字注册会计师的公告,2025-11-26,http://static.cninfo.com.cn/finalpage/2025-11-26/1224825035.PDF,1224825035,会计师
688020,方邦股份,方邦股份：关于变更审计机构项目合伙人及签字注册会计师的公告,2025-11-26,http://static.cninfo.com.cn/finalpage/2025-11-26/1224825212.PDF,1224825212,会计师
300537,广信材料,广信材料：关于变更签字会计师的公告,2025-11-25,http://static.cninfo.com.cn/finalpage/2025-11-25/1224824880.PDF,1224824880,会计师
301212,联盛化学,联盛化学：浙江联盛化学股份有限公司关于变更签字注册会计师的公告,2025-11-25,http://static.cninfo.com.cn/finalpage/2025-11-25/1224824715.PDF,1224824715,会计师
001216,华瓷股份,华瓷股份：发行人会计师关于华瓷股份申请向特定对象发行股票的审核问询函的专项说明（2025年三季报财务数据更新稿）（豁免版）,2025-11-25,http://static.cninfo.com.cn/finalpage/2025-11-25/1224822269.PDF,1224822269,会计师
603912,佳力图,佳力图：603912：佳力图关于变更项目合伙人、签字注册会计师及项目质量控制复核人的公告,2025-11-25,http://static.cninfo.com.cn/finalpage/2025-11-25/1224821833.PDF,1224821833,会计师
920879,基康技术,[临时公告]基康技术:关于变更签字注册会计师的公告,2025-11-25,http://static.cninfo.com.cn/finalpage/2025-11-25/1224825132.PDF,1224825132,会计师
920522,纳科诺尔,[临时公告]纳科诺尔:关于变更签字注册会计师及项目质量控制复核人的公告,2025-11-25,http://static.cninfo.com.cn/finalpage/2025-11-25/1224825107.PDF,1224825107,会计师
301048,金鹰重工,金鹰重工：关于公司总会计师离任的公告,2025-11-24,http://static.cninfo.com.cn/finalpage/2025-11-24/1224822413.PDF,1224822413,会计师
301048,金鹰重工,金鹰重工：关于聘任总会计师的公告,2025-11-24,http://static.cninfo.com.cn/finalpage/2025-11-24/1224822412.PDF,1224822412,会计师
920363,莱赛激光,[临时公告]莱赛激光:关于变更签字会计师及项目质量控制复核人的公告,2025-11-24,http://static.cninfo.com.cn/finalpage/2025-11-24/1224821909.PDF,1224821909,会计师
920270,天铭科技,[临时公告]天铭科技:关于变更签字注册会计师的公告,2025-11-24,http://static.cninfo.com.cn/finalpage/2025-11-24/1224822456.PDF,1224822456,会计师
600459,贵研铂业,贵研铂业：会计师关于云南省贵金属新材料控股集团股份有限公司向特定对象发行股票申请文件的审核问询函的回复,2025-11-22,http://static.cninfo.com.cn/finalpage/2025-11-22/1224820557.PDF,1224820557,会计师
003005,竞业达,竞业达：关于变更签字注册会计师的公告,2025-11-22,http://static.cninfo.com.cn/finalpage/2025-11-22/1224820265.PDF,1224820265,会计师
300024,机器人,机器人：关于变更签字注册会计师的公告,2025-11-21,http://static.cninfo.com.cn/finalpage/2025-11-21/1224819411.PDF,1224819411,会计师
301587,中瑞股份,中瑞股份：关于变更签字注册会计师的公告,2025-11-21,http://static.cninfo.com.cn/finalpage/2025-11-21/1224819229.PDF,1224819229,会计师
300581,晨曦航空,晨曦航空：西安晨曦航空科技股份有限公司关于变更签字注册会计师的公告,2025-11-21,http://static.cninfo.com.cn/finalpage/2025-11-21/1224818612.PDF,1224818612,会计师
300627,华测导航,华测导航：关于变更签字注册会计师的公告,2025-11-21,http://static.cninfo.com.cn/finalpage/2025-11-21/1224818609.PDF,1224818609,会计师
301003,江苏博云,江苏博云：关于变更签字会计师的公告,2025-11-21,http://static.cninfo.com.cn/finalpage/2025-11-21/1224818614.PDF,1224818614,会计师
002810,山东赫达,山东赫达：关于变更签字注册会计师的公告,2025-11-21,http://static.cninfo.com.cn/finalpage/2025-11-21/1224816781.PDF,1224816781,会计师
600655,豫园股份,豫园股份：上海豫园旅游商城（集团）股份有限公司关于变更签字注册会计师的公告,2025-11-21,http://static.cninfo.com.cn/finalpage/2025-11-21/1224817340.PDF,1224817340,会计师
603039,泛微网络,泛微网络：泛微网络关于变更签字注册会计师的公告,2025-11-21,http://static.cninfo.com.cn/finalpage/2025-11-21/1224816538.PDF,1224816538,会计师
603333,尚纬股份,尚纬股份：尚纬股份有限公司关于变更签字会计师的公告,2025-11-21,http://static.cninfo.com.cn/finalpage/2025-11-21/1224818077.PDF,1224818077,会计师
300169,天晟新材,天晟新材：关于变更签字注册会计师的公告,2025-11-20,http://static.cninfo.com.cn/finalpage/2025-11-20/1224817475.PDF,1224817475,会计师
688129,东来技术,东来技术：关于变更签字会计师及项目质量复核人员的公告,2025-11-20,http://static.cninfo.com.cn/finalpage/2025-11-20/1224814401.PDF,1224814401,会计师
300882,万胜智能,万胜智能：关于变更签字注册会计师的公告,2025-11-19,http://static.cninfo.com.cn/finalpage/2025-11-19/1224813696.PDF,1224813696,会计师
002548,金新农,金新农：关于变更签字注册会计师的公告,2025-11-19,http://static.cninfo.com.cn/finalpage/2025-11-19/1224813639.PDF,1224813639,会计师
600750,江中药业,江中药业：江中药业关于变更审计项目合伙人、签字会计师及质量控制复核人的公告,2025-11-19,http://static.cninfo.com.cn/finalpage/2025-11-19/1224813130.PDF,1224813130,会计师
603048,浙江黎明,浙江黎明：关于变更签字注册会计师的公告,2025-11-18,http://static.cninfo.com.cn/finalpage/2025-11-18/1224810434.PDF,1224810434,会计师
000768,中航西飞,中航西飞：关于变更签字注册会计师的公告,2025-11-18,http://static.cninfo.com.cn/finalpage/2025-11-18/1224810557.PDF,1224810557,会计师
600523,贵航股份,贵航股份：贵州贵航汽车零部件股份有限公司关于变更签字注册会计师的公告,2025-11-18,http://static.cninfo.com.cn/finalpage/2025-11-18/1224808859.PDF,1224808859,会计师
302132,中航成飞,中航成飞：关于变更签字注册会计师的公告,2025-11-17,http://static.cninfo.com.cn/finalpage/2025-11-17/1224809516.PDF,1224809516,会计师
603680,今创集团,今创集团：关于变更签字注册会计师的公告,2025-11-17,http://static.cninfo.com.cn/finalpage/2025-11-17/1224808412.PDF,1224808412,会计师
603608,天创时尚,天创时尚：关于变更公司年审报告签字注册会计师的公告,2025-11-15,http://static.cninfo.com.cn/finalpage/2025-11-15/1224805438.PDF,1224805438,会计师
301265,华新环保,华新环保：关于审计机构变更签字会计师的公告,2025-11-14,http://static.cninfo.com.cn/finalpage/2025-11-14/1224805448.PDF,1224805448,会计师
920035,精创电气,精创电气:经注册会计师鉴证的非经常性损益明细表,2025-11-14,http://static.cninfo.com.cn/finalpage/2025-11-14/1225287882.PDF,1225287882,会计师
603020,爱普股份,爱普股份：爱普香料集团股份有限公司关于变更签字注册会计师的公告,2025-11-13,http://static.cninfo.com.cn/finalpage/2025-11-13/1224800952.PDF,1224800952,会计师
605166,聚合顺,聚合顺：聚合顺新材料股份有限公司关于变更签字注册会计师的公告,2025-11-13,http://static.cninfo.com.cn/finalpage/2025-11-13/1224801255.PDF,1224801255,会计师
603105,芯能科技,芯能科技：浙江芯能光伏科技股份有限公司关于变更签字注册会计师的公告,2025-11-13,http://static.cninfo.com.cn/finalpage/2025-11-13/1224799998.PDF,1224799998,会计师
688313,仕佳光子,仕佳光子：关于变更签字注册会计师的公告,2025-11-13,http://static.cninfo.com.cn/finalpage/2025-11-13/1224800712.PDF,1224800712,会计师
002580,圣阳股份,圣阳股份：关于变更签字注册会计师的公告,2025-11-13,http://static.cninfo.com.cn/finalpage/2025-11-13/1224800058.PDF,1224800058,会计师
001280,中国铀业,中国铀业：经注册会计师鉴证的非经常性损益明细表,2025-11-13,http://static.cninfo.com.cn/finalpage/2025-11-13/1224802650.PDF,1224802650,会计师
688586,江航装备,江航装备：江航装备关于聘任总会计师的公告,2025-11-12,http://static.cninfo.com.cn/finalpage/2025-11-12/1224797469.PDF,1224797469,会计师
600862,中航高科,中航高科：中航航空高科技股份有限公司关于变更签字注册会计师的公告,2025-11-12,http://static.cninfo.com.cn/finalpage/2025-11-12/1224797421.PDF,1224797421,会计师
300294,博雅生物,博雅生物：公司关于变更签字注册会计师的公告,2025-11-11,http://static.cninfo.com.cn/finalpage/2025-11-11/1224797594.PDF,1224797594,会计师
301203,国泰环保,国泰环保：关于审计机构变更签字会计师的公告,2025-11-11,http://static.cninfo.com.cn/finalpage/2025-11-11/1224797553.PDF,1224797553,会计师
000949,新乡化纤,新乡化纤：关于变更签字会计师的公告,2025-11-11,http://static.cninfo.com.cn/finalpage/2025-11-11/1224794637.PDF,1224794637,会计师
688021,奥福科技,奥福科技：山东奥福环保科技股份有限公司关于变更签字会计师的公告,2025-11-11,http://static.cninfo.com.cn/finalpage/2025-11-11/1224794698.PDF,1224794698,会计师
920509,同惠电子,[临时公告]同惠电子:关于变更签字注册会计师的公告,2025-11-11,http://static.cninfo.com.cn/finalpage/2025-11-11/1224799156.PDF,1224799156,会计师
603136,天目湖,天目湖：江苏天目湖旅游股份有限公司关于变更签字注册会计师的公告,2025-11-11,http://static.cninfo.com.cn/finalpage/2025-11-11/1224795308.PDF,1224795308,会计师
002996,顺博合金,顺博合金：关于变更签字注册会计师的公告,2025-11-11,http://static.cninfo.com.cn/finalpage/2025-11-11/1224794647.PDF,1224794647,会计师
688256,寒武纪,寒武纪：关于变更签字注册会计师的公告,2025-11-11,http://static.cninfo.com.cn/finalpage/2025-11-11/1224797015.PDF,1224797015,会计师
300065,海兰信,海兰信：北京海兰信数据科技股份有限公司关于变更签字注册会计师的专项说明,2025-11-10,http://static.cninfo.com.cn/finalpage/2025-11-10/1224795726.PDF,1224795726,会计师
300065,海兰信,海兰信：国泰海通证券股份有限公司关于北京海兰信数据科技股份有限公司发行股份及支付现金购买资产并募集配套资金项目签字注册会计师变更情况的核查意见,2025-11-10,http://static.cninfo.com.cn/finalpage/2025-11-10/1224795727.PDF,1224795727,会计师
300310,宜通世纪,宜通世纪：关于变更签字注册会计师的公告,2025-11-07,http://static.cninfo.com.cn/finalpage/2025-11-07/1224791940.PDF,1224791940,会计师
920124,南特科技,南特科技:经注册会计师鉴证的非经常性损益明细表,2025-11-07,http://static.cninfo.com.cn/finalpage/2025-11-07/1225287893.PDF,1225287893,会计师
603106,恒银科技,恒银科技：恒银金融科技股份有限公司关于变更签字项目合伙人及签字注册会计师的公告,2025-11-07,http://static.cninfo.com.cn/finalpage/2025-11-07/1224790020.PDF,1224790020,会计师
300470,中密控股,中密控股：关于变更签字注册会计师的公告,2025-11-06,http://static.cninfo.com.cn/finalpage/2025-11-06/1224791088.PDF,1224791088,会计师
600133,东湖高新,东湖高新：关于变更签字注册会计师的公告,2025-11-06,http://static.cninfo.com.cn/finalpage/2025-11-06/1224788360.PDF,1224788360,会计师
000937,冀中能源,冀中能源：关于指定公司总会计师代行董事会秘书职责的公告,2025-11-06,http://static.cninfo.com.cn/finalpage/2025-11-06/1224787925.PDF,1224787925,会计师
600378,昊华科技,昊华科技：昊华科技关于增加签字注册会计师的公告,2025-11-06,http://static.cninfo.com.cn/finalpage/2025-11-06/1224788080.PDF,1224788080,会计师
001233,海安集团,海安集团：经注册会计师鉴证的非经常性损益明细表,2025-11-06,http://static.cninfo.com.cn/finalpage/2025-11-06/1224788876.PDF,1224788876,会计师
600660,福耀玻璃,福耀玻璃：福耀玻璃关于审计机构变更项目合伙人及签字注册会计师的公告,2025-11-05,http://static.cninfo.com.cn/finalpage/2025-11-05/1224786090.PDF,1224786090,会计师
688586,江航装备,江航装备：江航装备关于公司副总经理、总会计师辞职的公告,2025-11-05,http://static.cninfo.com.cn/finalpage/2025-11-05/1224786132.PDF,1224786132,会计师
03606,福耀玻璃,福耀玻璃：关於审计机构变更专案合夥人及签字注册会计师的公告,2025-11-04,http://static.cninfo.com.cn/finalpage/2025-11-04/1224786478.PDF,1224786478,会计师
603803,瑞斯康达,瑞斯康达：关于变更签字注册会计师的公告,2025-11-04,http://static.cninfo.com.cn/finalpage/2025-11-04/1224784247.PDF,1224784247,会计师
920091,大鹏工业,大鹏工业:经注册会计师鉴证的非经常性损益明细表,2025-11-03,http://static.cninfo.com.cn/finalpage/2025-11-03/1225287909.PDF,1225287909,会计师
000876,新 希 望,新 希 望：关于变更签字注册会计师的公告,2025-10-31,http://static.cninfo.com.cn/finalpage/2025-10-31/1224770086.PDF,1224770086,会计师
605179,一鸣食品,一鸣食品：关于变更签字会计师的公告,2025-10-31,http://static.cninfo.com.cn/finalpage/2025-10-31/1224773828.PDF,1224773828,会计师
603378,亚士创能,亚士创能：亚士创能关于变更签字会计师的公告,2025-10-31,http://static.cninfo.com.cn/finalpage/2025-10-31/1224775949.PDF,1224775949,会计师
600563,法拉电子,法拉电子：法拉电子关于变更签字会计师的公告,2025-10-31,http://static.cninfo.com.cn/finalpage/2025-10-31/1224770212.PDF,1224770212,会计师
920992,中科美菱,[临时公告]中科美菱:关于变更签字注册会计师的公告,2025-10-31,http://static.cninfo.com.cn/finalpage/2025-10-31/1224780767.PDF,1224780767,会计师
300488,恒锋工具,恒锋工具：关于变更签字注册会计师的公告,2025-10-30,http://static.cninfo.com.cn/finalpage/2025-10-30/1224772153.PDF,1224772153,会计师
301252,同星科技,同星科技：关于变更签字注册会计师的公告,2025-10-30,http://static.cninfo.com.cn/finalpage/2025-10-30/1224770717.PDF,1224770717,会计师
002687,乔治白,乔治白：关于变更签字注册会计师的公告,2025-10-30,http://static.cninfo.com.cn/finalpage/2025-10-30/1224768717.PDF,1224768717,会计师
920160,北矿检测,北矿检测:经注册会计师鉴证的非经常性损益明细表,2025-10-30,http://static.cninfo.com.cn/finalpage/2025-10-30/1225287925.PDF,1225287925,会计师
601000,唐山港,唐山港：唐山港集团股份有限公司关于变更签字会计师的公告,2025-10-30,http://static.cninfo.com.cn/finalpage/2025-10-30/1224761779.PDF,1224761779,会计师
603170,宝立食品,宝立食品：关于变更签字注册会计师的公告,2025-10-30,http://static.cninfo.com.cn/finalpage/2025-10-30/1224768524.pdf,1224768524,会计师
301638,南网数字,南网数字：经注册会计师鉴证的非经常性损益明细表,2025-10-30,http://static.cninfo.com.cn/finalpage/2025-10-30/1224767324.PDF,1224767324,会计师
688288,鸿泉物联,鸿泉物联：鸿泉物联：关于变更签字注册会计师的公告,2025-10-29,http://static.cninfo.com.cn/finalpage/2025-10-29/1224751505.PDF,1224751505,会计师
002152,广电运通,广电运通：关于变更签字注册会计师的公告,2025-10-29,http://static.cninfo.com.cn/finalpage/2025-10-29/1224751185.PDF,1224751185,会计师
000403,派林生物,派林生物：关于变更签字注册会计师的公告,2025-10-29,http://static.cninfo.com.cn/finalpage/2025-10-29/1224752379.PDF,1224752379,会计师
920022,世昌股份,[临时公告]世昌股份:关于变更签字注册会计师的公告,2025-10-29,http://static.cninfo.com.cn/finalpage/2025-10-29/1224765769.PDF,1224765769,会计师
600113,浙江东日,浙江东日：光大证券关于浙江东日2023年度向特定对象发行A股股票项目变更签字会计师的专项说明,2025-10-28,http://static.cninfo.com.cn/finalpage/2025-10-28/1224745397.PDF,1224745397,会计师
600113,浙江东日,浙江东日：浙江东日关于公司2023年度向特定对象发行A股股票项目变更签字会计师的专项说明,2025-10-28,http://static.cninfo.com.cn/finalpage/2025-10-28/1224745395.PDF,1224745395,会计师
600113,浙江东日,浙江东日：浙江东日股份有限公司关于变更签字注册会计师的公告,2025-10-28,http://static.cninfo.com.cn/finalpage/2025-10-28/1224745394.PDF,1224745394,会计师
002738,中矿资源,中矿资源：公司关于变更签字注册会计师的公告,2025-10-28,http://static.cninfo.com.cn/finalpage/2025-10-28/1224746646.PDF,1224746646,会计师
603219,富佳股份,富佳股份：宁波富佳实业股份有限公司关于变更签字注册会计师的公告,2025-10-28,http://static.cninfo.com.cn/finalpage/2025-10-28/1224738831.PDF,1224738831,会计师
000728,国元证券,国元证券：国元证券股份有限公司关于变更签字注册会计师的公告,2025-10-28,http://static.cninfo.com.cn/finalpage/2025-10-28/1224744945.PDF,1224744945,会计师
300967,晓鸣股份,晓鸣股份：关于变更审计机构签字会计师的公告,2025-10-27,http://static.cninfo.com.cn/finalpage/2025-10-27/1224738365.PDF,1224738365,会计师
301469,恒达新材,恒达新材：关于变更签字注册会计师的公告,2025-10-27,http://static.cninfo.com.cn/finalpage/2025-10-27/1224730142.PDF,1224730142,会计师
000821,京山轻机,京山轻机：关于更换签字会计师的公告,2025-10-25,http://static.cninfo.com.cn/finalpage/2025-10-25/1224735198.PDF,1224735198,会计师
920003,中诚咨询,中诚咨询:经注册会计师鉴证的非经常性损益明细表,2025-10-24,http://static.cninfo.com.cn/finalpage/2025-10-24/1225287932.PDF,1225287932,会计师
688247,宣泰医药,宣泰医药：关于变更签字注册会计师的公告,2025-10-22,http://static.cninfo.com.cn/finalpage/2025-10-22/1224722531.PDF,1224722531,会计师
000650,仁和药业,仁和药业：仁和药业股份有限公司关于变更签字注册会计师的公告,2025-10-22,http://static.cninfo.com.cn/finalpage/2025-10-22/1224722343.PDF,1224722343,会计师
688187,时代电气,时代电气：株洲中车时代电气股份有限公司关于变更签字注册会计师的公告,2025-10-22,http://static.cninfo.com.cn/finalpage/2025-10-22/1224723013.PDF,1224723013,会计师
03898,时代电气,时代电气：海外监管公告-株洲中车时代电气股份有限公司关於变更签字注册会计师的公告,2025-10-21,http://static.cninfo.com.cn/finalpage/2025-10-21/1224723099.PDF,1224723099,会计师
920009,丹娜生物,丹娜生物:经注册会计师鉴证的非经常性损益明细表,2025-10-20,http://static.cninfo.com.cn/finalpage/2025-10-20/1225287950.PDF,1225287950,会计师
001216,华瓷股份,华瓷股份：发行人会计师关于华瓷股份申请向特定对象发行股票的审核问询函的专项说明（修订稿）（豁免版）,2025-10-18,http://static.cninfo.com.cn/finalpage/2025-10-18/1224717579.PDF,1224717579,会计师
603955,大千生态,大千生态：大千生态关于变更签字会计师的公告,2025-10-18,http://static.cninfo.com.cn/finalpage/2025-10-18/1224718264.PDF,1224718264,会计师
000862,银星能源,银星能源：关于变更签字会计师的公告,2025-10-17,http://static.cninfo.com.cn/finalpage/2025-10-17/1224715961.PDF,1224715961,会计师
603344,星德胜,星德胜：关于变更签字注册会计师的公告,2025-10-16,http://static.cninfo.com.cn/finalpage/2025-10-16/1224712907.PDF,1224712907,会计师
002891,中宠股份,中宠股份：关于变更签字注册会计师的公告,2025-10-14,http://static.cninfo.com.cn/finalpage/2025-10-14/1224707445.PDF,1224707445,会计师
301279,金道科技,金道科技：关于变更签字注册会计师的公告,2025-10-13,http://static.cninfo.com.cn/finalpage/2025-10-13/1224707418.PDF,1224707418,会计师
920020,泰凯英,泰凯英:经注册会计师鉴证的非经常性损益明细表,2025-10-13,http://static.cninfo.com.cn/finalpage/2025-10-13/1225287961.PDF,1225287961,会计师
000888,峨眉山Ａ,峨眉山Ａ：关于变更签字注册会计师的公告,2025-10-10,http://static.cninfo.com.cn/finalpage/2025-10-10/1224701687.PDF,1224701687,会计师
301260,格力博,格力博：关于变更签字注册会计师及项目质量控制合伙人的公告,2025-10-09,http://static.cninfo.com.cn/finalpage/2025-10-09/1224701392.PDF,1224701392,会计师
300798,锦鸡股份,锦鸡股份：关于变更签字注册会计师的公告,2025-09-30,http://static.cninfo.com.cn/finalpage/2025-09-30/1224694825.PDF,1224694825,会计师
001386,马可波罗,马可波罗：经注册会计师鉴证的非经常性损益明细表,2025-09-25,http://static.cninfo.com.cn/finalpage/2025-09-25/1224679221.PDF,1224679221,会计师
920158,长江能科,长江能科:经注册会计师鉴证的非经常性损益明细表,2025-09-22,http://static.cninfo.com.cn/finalpage/2025-09-22/1225287979.PDF,1225287979,会计师
001216,华瓷股份,华瓷股份：发行人会计师关于华瓷股份申请向特定对象发行股票的审核问询函的专项说明(豁免版）,2025-09-19,http://static.cninfo.com.cn/finalpage/2025-09-19/1224669219.PDF,1224669219,会计师
920080,奥美森,奥美森:经注册会计师鉴证的非经常性损益明细表,2025-09-18,http://static.cninfo.com.cn/finalpage/2025-09-18/1225288001.PDF,1225288001,会计师
870976,视声智能,[临时公告]视声智能:《会计师选聘制度》,2025-09-15,http://static.cninfo.com.cn/finalpage/2025-09-15/1224662037.PDF,1224662037,会计师
920015,锦华新材,锦华新材:经注册会计师鉴证的非经常性损益明细表,2025-09-12,http://static.cninfo.com.cn/finalpage/2025-09-12/1225288010.PDF,1225288010,会计师
00826,天工国际,天工国际：天工股份 - 会计师选聘制度,2025-09-11,http://static.cninfo.com.cn/finalpage/2025-09-11/1224653986.PDF,1224653986,会计师
301563,云汉芯城,云汉芯城：经注册会计师鉴证的非经常性损益明细表,2025-09-11,http://static.cninfo.com.cn/finalpage/2025-09-11/1224651119.PDF,1224651119,会计师
001285,瑞立科密,瑞立科密：经注册会计师鉴证的非经常性损益明细表,2025-09-11,http://static.cninfo.com.cn/finalpage/2025-09-11/1224651587.PDF,1224651587,会计师
688307,中润光学,中润光学：关于变更签字会计师的公告,2025-09-11,http://static.cninfo.com.cn/finalpage/2025-09-11/1224649339.PDF,1224649339,会计师
920068,天工股份,[临时公告]天工股份:会计师选聘制度,2025-09-11,http://static.cninfo.com.cn/finalpage/2025-09-11/1224653424.PDF,1224653424,会计师
920100,三协电机,[临时公告]三协电机:会计师选聘制度,2025-09-11,http://static.cninfo.com.cn/finalpage/2025-09-11/1224653922.PDF,1224653922,会计师
301584,建发致新,建发致新：经注册会计师鉴证的非经常性损益明细表,2025-09-05,http://static.cninfo.com.cn/finalpage/2025-09-05/1224639885.PDF,1224639885,会计师
920022,世昌股份,世昌股份:经注册会计师鉴证的非经常性损益明细表,2025-09-05,http://static.cninfo.com.cn/finalpage/2025-09-05/1225288029.PDF,1225288029,会计师
301656,联合动力,联合动力：经注册会计师鉴证的非经常性损益明细表,2025-09-05,http://static.cninfo.com.cn/finalpage/2025-09-05/1224638529.PDF,1224638529,会计师
688549,中巨芯,中巨芯：关于变更签字注册会计师的公告,2025-09-03,http://static.cninfo.com.cn/finalpage/2025-09-03/1224633901.PDF,1224633901,会计师
603179,新泉股份,新泉股份：江苏新泉汽车饰件股份有限公司关于变更签字注册会计师的公告,2025-08-30,http://static.cninfo.com.cn/finalpage/2025-08-30/1224619142.PDF,1224619142,会计师
600737,中粮糖业,中粮糖业：中粮糖业控股股份有限公司关于更换总会计师的公告,2025-08-30,http://static.cninfo.com.cn/finalpage/2025-08-30/1224621959.PDF,1224621959,会计师
836208,青矩技术,[临时公告]青矩技术:会计师选聘制度,2025-08-29,http://static.cninfo.com.cn/finalpage/2025-08-29/1224624821.PDF,1224624821,会计师
600221,海航控股,海航控股：海航控股：关于重大资产重组项目变更签字注册会计师的专项说明,2025-08-28,http://static.cninfo.com.cn/finalpage/2025-08-28/1224595166.PDF,1224595166,会计师
839719,宁新新材,[临时公告]宁新新材:会计师选聘制度,2025-08-28,http://static.cninfo.com.cn/finalpage/2025-08-28/1224614632.PDF,1224614632,会计师
833030,立方控股,[临时公告]立方控股:会计师选聘制度,2025-08-28,http://static.cninfo.com.cn/finalpage/2025-08-28/1224615490.PDF,1224615490,会计师
600221,海航控股,海航控股：中国银河证券股份有限公司关于海南航空控股股份有限公司重大资产重组项目变更签字注册会计师的专项说明,2025-08-28,http://static.cninfo.com.cn/finalpage/2025-08-28/1224595170.PDF,1224595170,会计师
835179,凯德石英,[临时公告]凯德石英:会计师选聘制度,2025-08-28,http://static.cninfo.com.cn/finalpage/2025-08-28/1224615842.PDF,1224615842,会计师
301668,昊创瑞通,昊创瑞通：经注册会计师鉴证的非经常性损益明细表,2025-08-28,http://static.cninfo.com.cn/finalpage/2025-08-28/1224598838.PDF,1224598838,会计师
600221,海航控股,海航控股：海航控股：关于重大资产重组项目变更签字注册会计师的公告,2025-08-28,http://static.cninfo.com.cn/finalpage/2025-08-28/1224595162.PDF,1224595162,会计师
000599,青岛双星,青岛双星：青岛双星股份有限公司关于发行股份及支付现金购买资产并募集配套资金项目签字注册会计师变更的专项说明,2025-08-28,http://static.cninfo.com.cn/finalpage/2025-08-28/1224598723.PDF,1224598723,会计师
603659,璞泰来,璞泰来：上海璞泰来新能源科技股份有限公司关于安永华明变更签字注册会计师的公告,2025-08-28,http://static.cninfo.com.cn/finalpage/2025-08-28/1224589175.PDF,1224589175,会计师
920007,酉立智能,[临时公告]酉立智能:会计师选聘制度,2025-08-26,http://static.cninfo.com.cn/finalpage/2025-08-26/1224584881.PDF,1224584881,会计师
831641,格利尔,[临时公告]格利尔:会计师选聘制度,2025-08-26,http://static.cninfo.com.cn/finalpage/2025-08-26/1224581856.PDF,1224581856,会计师
688049,炬芯科技,炬芯科技：关于变更签字注册会计师的公告,2025-08-25,http://static.cninfo.com.cn/finalpage/2025-08-25/1224562287.PDF,1224562287,会计师
830809,安达科技,[临时公告]安达科技:会计师选聘制度,2025-08-25,http://static.cninfo.com.cn/finalpage/2025-08-25/1224571963.PDF,1224571963,会计师
873833,美心翼申,[临时公告]美心翼申:会计师选聘制度,2025-08-25,http://static.cninfo.com.cn/finalpage/2025-08-25/1224571059.PDF,1224571059,会计师
002180,纳思达,纳思达：会计师事务所选聘制度,2025-08-23,http://static.cninfo.com.cn/finalpage/2025-08-23/1224560992.PDF,1224560992,会计师
920100,三协电机,三协电机:经注册会计师鉴证的非经常性损益明细表,2025-08-22,http://static.cninfo.com.cn/finalpage/2025-08-22/1225288046.PDF,1225288046,会计师
837344,三元基因,[临时公告]三元基因:会计师选聘制度,2025-08-22,http://static.cninfo.com.cn/finalpage/2025-08-22/1224561929.PDF,1224561929,会计师
871857,泓禧科技,[临时公告]泓禧科技:会计师选聘制度,2025-08-22,http://static.cninfo.com.cn/finalpage/2025-08-22/1224560838.PDF,1224560838,会计师
833284,灵鸽科技,[临时公告]灵鸽科技:会计师选聘制度,2025-08-22,http://static.cninfo.com.cn/finalpage/2025-08-22/1224561956.PDF,1224561956,会计师
301575,艾芬达,艾芬达：经注册会计师鉴证的非经常性损益明细表,2025-08-21,http://static.cninfo.com.cn/finalpage/2025-08-21/1224525319.PDF,1224525319,会计师
832802,保丽洁,[临时公告]保丽洁:会计师选聘制度,2025-08-20,http://static.cninfo.com.cn/finalpage/2025-08-20/1224526230.PDF,1224526230,会计师
301059,金三江,金三江：关于变更签字注册会计师的公告,2025-08-18,http://static.cninfo.com.cn/finalpage/2025-08-18/1224502691.pdf,1224502691,会计师
836414,欧普泰,[临时公告]欧普泰:会计师选聘制度,2025-08-15,http://static.cninfo.com.cn/finalpage/2025-08-15/1224500734.PDF,1224500734,会计师
920112,巴兰仕,巴兰仕:经注册会计师鉴证的非经常性损益明细表,2025-08-15,http://static.cninfo.com.cn/finalpage/2025-08-15/1225288085.PDF,1225288085,会计师
873593,鼎智科技,[临时公告]鼎智科技:会计师选聘制度,2025-08-12,http://static.cninfo.com.cn/finalpage/2025-08-12/1224462525.PDF,1224462525,会计师
920167,同享科技,[临时公告]同享科技:会计师选聘制度,2025-08-12,http://static.cninfo.com.cn/finalpage/2025-08-12/1224462661.PDF,1224462661,会计师
835184,国源科技,[临时公告]国源科技:会计师选聘制度,2025-08-11,http://static.cninfo.com.cn/finalpage/2025-08-11/1224445446.PDF,1224445446,会计师
920056,能之光,能之光:经注册会计师鉴证的非经常性损益明细表,2025-08-11,http://static.cninfo.com.cn/finalpage/2025-08-11/1225288537.PDF,1225288537,会计师
873167,新赣江,[临时公告]新赣江:会计师选聘制度,2025-08-07,http://static.cninfo.com.cn/finalpage/2025-08-07/1224426542.PDF,1224426542,会计师
920018,宏远股份,宏远股份:经注册会计师鉴证的非经常性损益明细表,2025-08-07,http://static.cninfo.com.cn/finalpage/2025-08-07/1225288752.PDF,1225288752,会计师
920108,宏海科技,[临时公告]宏海科技:会计师选聘制度,2025-08-04,http://static.cninfo.com.cn/finalpage/2025-08-04/1224387414.PDF,1224387414,会计师
920101,志高机械,志高机械:经注册会计师鉴证的非经常性损益明细表,2025-08-01,http://static.cninfo.com.cn/finalpage/2025-08-01/1225289619.PDF,1225289619,会计师
601588,北辰实业,北辰实业：北辰实业关于聘任总会计师的公告,2025-07-30,http://static.cninfo.com.cn/finalpage/2025-07-30/1224329420.PDF,1224329420,会计师
833455,汇隆活塞,[临时公告]汇隆活塞:会计师选聘制度,2025-07-30,http://static.cninfo.com.cn/finalpage/2025-07-30/1224342220.PDF,1224342220,会计师
00588,北京北辰实业股份,北京北辰实业股份：聘任总会计师,2025-07-29,http://static.cninfo.com.cn/finalpage/2025-07-29/1224329575.PDF,1224329575,会计师
002615,哈尔斯,哈尔斯：中银国际证券股份有限公司关于浙江哈尔斯真空器皿股份有限公司向特定对象发行股票项目变更签字会计师的专项说明,2025-07-26,http://static.cninfo.com.cn/finalpage/2025-07-26/1224300207.PDF,1224300207,会计师
002615,哈尔斯,哈尔斯：关于变更签字会计师的公告,2025-07-26,http://static.cninfo.com.cn/finalpage/2025-07-26/1224300205.PDF,1224300205,会计师
002615,哈尔斯,哈尔斯：浙江哈尔斯真空器皿股份有限公司关于向特定对象发行股票项目变更签字会计师的专项说明,2025-07-26,http://static.cninfo.com.cn/finalpage/2025-07-26/1224300206.PDF,1224300206,会计师
920007,酉立智能,酉立智能:经注册会计师鉴证的非经常性损益明细表,2025-07-25,http://static.cninfo.com.cn/finalpage/2025-07-25/1225294289.PDF,1225294289,会计师
301632,广东建科,广东建科：经注册会计师鉴证的非经常性损益明细表,2025-07-24,http://static.cninfo.com.cn/finalpage/2025-07-24/1224270203.PDF,1224270203,会计师
920098,科隆新材,[临时公告]科隆新材:会计师选聘制度,2025-07-23,http://static.cninfo.com.cn/finalpage/2025-07-23/1224270168.PDF,1224270168,会计师
831087,秋乐种业,[临时公告]秋乐种业:会计师选聘制度,2025-07-23,http://static.cninfo.com.cn/finalpage/2025-07-23/1224269980.PDF,1224269980,会计师
836826,盖世食品,[临时公告]盖世食品:会计师选聘制度,2025-07-22,http://static.cninfo.com.cn/finalpage/2025-07-22/1224256794.PDF,1224256794,会计师
600765,中航重机,中航重机：中航重机关于更换总会计师的公告,2025-07-21,http://static.cninfo.com.cn/finalpage/2025-07-21/1224225223.PDF,1224225223,会计师
837046,亿能电力,[临时公告]亿能电力:会计师选聘制度,2025-07-21,http://static.cninfo.com.cn/finalpage/2025-07-21/1224236183.PDF,1224236183,会计师
920005,鼎佳精密,鼎佳精密:经注册会计师鉴证的非经常性损益明细表,2025-07-18,http://static.cninfo.com.cn/finalpage/2025-07-18/1225294488.PDF,1225294488,会计师
600429,三元股份,三元股份：三元股份关于公司总会计师变更的公告,2025-07-18,http://static.cninfo.com.cn/finalpage/2025-07-18/1224202804.PDF,1224202804,会计师
301491,汉桑科技,汉桑科技：经注册会计师鉴证的非经常性损益明细表,2025-07-17,http://static.cninfo.com.cn/finalpage/2025-07-17/1224189903.PDF,1224189903,会计师
03996,中国能源建设,中国能源建设：董事会专门委员会成员变更及聘任总会计师,2025-07-14,http://static.cninfo.com.cn/finalpage/2025-07-14/1224165022.PDF,1224165022,会计师
838030,德众汽车,[临时公告]德众汽车:会计师选聘制度,2025-07-14,http://static.cninfo.com.cn/finalpage/2025-07-14/1224165187.PDF,1224165187,会计师
002096,易普力,易普力：关于总会计师辞职的公告,2025-07-12,http://static.cninfo.com.cn/finalpage/2025-07-12/1224146005.PDF,1224146005,会计师
001221,悍高集团,悍高集团：经注册会计师鉴证的非经常性损益明细表,2025-07-11,http://static.cninfo.com.cn/finalpage/2025-07-11/1224130416.PDF,1224130416,会计师
600011,华能国际,华能国际：华能国际关于聘任公司总会计师的公告,2025-07-11,http://static.cninfo.com.cn/finalpage/2025-07-11/1224130890.PDF,1224130890,会计师
00902,华能国际电力股份,华能国际电力股份：委任总会计师,2025-07-10,http://static.cninfo.com.cn/finalpage/2025-07-10/1224131586.PDF,1224131586,会计师
600778,友好集团,友好集团：友好集团关于变更签字注册会计师的公告,2025-07-09,http://static.cninfo.com.cn/finalpage/2025-07-09/1224103213.PDF,1224103213,会计师
831010,凯添燃气,[临时公告]凯添燃气:会计师选聘制度,2025-07-09,http://static.cninfo.com.cn/finalpage/2025-07-09/1224120033.PDF,1224120033,会计师
600694,大商股份,大商股份：大商股份有限公司关于变更签字注册会计师的公告,2025-07-09,http://static.cninfo.com.cn/finalpage/2025-07-09/1224102489.PDF,1224102489,会计师
601698,中国卫通,中国卫通：中国卫通关于总会计师离任暨聘任总会计师的公告,2025-07-09,http://static.cninfo.com.cn/finalpage/2025-07-09/1224103031.PDF,1224103031,会计师
870436,大地电气,[临时公告]大地电气:会计师选聘制度,2025-07-09,http://static.cninfo.com.cn/finalpage/2025-07-09/1224120091.PDF,1224120091,会计师
600482,中国动力,中国动力：中国船舶重工集团动力股份有限公司关于聘任公司总会计师、董事会秘书的公告,2025-07-04,http://static.cninfo.com.cn/finalpage/2025-07-04/1224069632.PDF,1224069632,会计师
301609,山大电力,山大电力：经注册会计师鉴证的非经常性损益明细表,2025-07-04,http://static.cninfo.com.cn/finalpage/2025-07-04/1224070310.PDF,1224070310,会计师
688778,厦钨新能,厦钨新能：厦门厦钨新能源材料股份有限公司关于变更签字注册会计师的公告,2025-07-03,http://static.cninfo.com.cn/finalpage/2025-07-03/1224066170.PDF,1224066170,会计师
002660,茂硕电源,茂硕电源：关于变更签字注册会计师的公告,2025-07-01,http://static.cninfo.com.cn/finalpage/2025-07-01/1224040243.PDF,1224040243,会计师
000404,长虹华意,长虹华意：关于公司总会计师辞职暨聘任总会计师的公告,2025-07-01,http://static.cninfo.com.cn/finalpage/2025-07-01/1224036601.PDF,1224036601,会计师
301522,上大股份,上大股份：关于审计机构变更质量控制复核人的公告,2025-12-31,http://static.cninfo.com.cn/finalpage/2025-12-31/1224912535.PDF,1224912535,审计机构
601799,星宇股份,星宇股份：星宇股份关于聘请H股发行并上市审计机构的公告,2025-12-31,http://static.cninfo.com.cn/finalpage/2025-12-31/1224909243.PDF,1224909243,审计机构
688334,西高院,西高院：关于审计机构变更项目质量控制复核人的公告,2025-12-31,http://static.cninfo.com.cn/finalpage/2025-12-31/1224907804.PDF,1224907804,审计机构
605117,德业股份,德业股份：关于聘请公司发行H股股票并上市的审计机构的公告,2025-12-31,http://static.cninfo.com.cn/finalpage/2025-12-31/1224908791.PDF,1224908791,审计机构
000409,云鼎科技,云鼎科技：关于拟变更2025年度财务审计机构和内部控制审计机构的公告,2025-12-31,http://static.cninfo.com.cn/finalpage/2025-12-31/1224909868.PDF,1224909868,审计机构
002683,广东宏大,广东宏大：关于拟变更2025年度审计机构的公告,2025-12-31,http://static.cninfo.com.cn/finalpage/2025-12-31/1224910426.PDF,1224910426,审计机构
300199,翰宇药业,翰宇药业：关于更换公司2025年度审计机构的公告,2025-12-31,http://static.cninfo.com.cn/finalpage/2025-12-31/1224910106.PDF,1224910106,审计机构
300607,拓斯达,拓斯达：关于聘请H股发行并上市审计机构的公告,2025-12-31,http://static.cninfo.com.cn/finalpage/2025-12-31/1224910021.PDF,1224910021,审计机构
603119,浙江荣泰,浙江荣泰：浙江荣泰电工器材股份有限公司关于聘请H股发行及上市的审计机构的公告,2025-12-31,http://static.cninfo.com.cn/finalpage/2025-12-31/1224909827.PDF,1224909827,审计机构
002430,杭氧股份,杭氧股份：关于审计机构变更质量控制复核人的公告,2025-12-31,http://static.cninfo.com.cn/finalpage/2025-12-31/1224907618.PDF,1224907618,审计机构
002381,双箭股份,双箭股份：关于完成董事会换届选举并聘任高级管理人员及内部审计机构负责人的公告,2025-12-30,http://static.cninfo.com.cn/finalpage/2025-12-30/1224906750.PDF,1224906750,审计机构
002514,宝馨科技,宝馨科技：关于拟变更公司2025年度审计机构的公告,2025-12-30,http://static.cninfo.com.cn/finalpage/2025-12-30/1224905657.PDF,1224905657,审计机构
002848,*ST高斯,*ST高斯：关于聘请2025年度审计机构的公告,2025-12-30,http://static.cninfo.com.cn/finalpage/2025-12-30/1224904227.PDF,1224904227,审计机构
149794,22火炬02,22火炬02：厦门火炬集团有限公司关于审计机构发生变更的公告,2025-12-29,http://static.cninfo.com.cn/finalpage/2025-12-29/1224903299.PDF,1224903299,审计机构
524327,25火炬02,25火炬02：厦门火炬集团有限公司关于审计机构发生变更的公告,2025-12-29,http://static.cninfo.com.cn/finalpage/2025-12-29/1224903294.PDF,1224903294,审计机构
148539,23火炬K2,23火炬K2：厦门火炬集团有限公司关于审计机构发生变更的公告,2025-12-29,http://static.cninfo.com.cn/finalpage/2025-12-29/1224903296.PDF,1224903296,审计机构
148618,24火炬01,24火炬01：厦门火炬集团有限公司关于审计机构发生变更的公告,2025-12-29,http://static.cninfo.com.cn/finalpage/2025-12-29/1224903297.PDF,1224903297,审计机构
148619,24火炬02,24火炬02：厦门火炬集团有限公司关于审计机构发生变更的公告,2025-12-29,http://static.cninfo.com.cn/finalpage/2025-12-29/1224903298.PDF,1224903298,审计机构
148283,23火炬02,23火炬02：厦门火炬集团有限公司关于审计机构发生变更的公告,2025-12-29,http://static.cninfo.com.cn/finalpage/2025-12-29/1224903295.PDF,1224903295,审计机构
524326,25火炬01,25火炬01：厦门火炬集团有限公司关于审计机构发生变更的公告,2025-12-29,http://static.cninfo.com.cn/finalpage/2025-12-29/1224903300.PDF,1224903300,审计机构
603179,新泉股份,新泉股份：江苏新泉汽车饰件股份有限公司关于聘请H股发行及上市的审计机构的公告,2025-12-27,http://static.cninfo.com.cn/finalpage/2025-12-27/1224901388.PDF,1224901388,审计机构
600684,珠江股份,珠江股份：关于审计机构变更质量控制复核人的公告,2025-12-27,http://static.cninfo.com.cn/finalpage/2025-12-27/1224902079.PDF,1224902079,审计机构
301606,绿联科技,绿联科技：关于聘请H股发行上市审计机构的公告,2025-12-27,http://static.cninfo.com.cn/finalpage/2025-12-27/1224900014.PDF,1224900014,审计机构
148629,24广晟K01,24广晟K01：广发证券股份有限公司关于广东省广晟控股集团有限公司变更审计机构事项的受托管理事务临时报告,2025-12-26,http://static.cninfo.com.cn/finalpage/2025-12-26/1224900602.PDF,1224900602,审计机构
148457,23广晟K03,23广晟K03：广发证券股份有限公司关于广东省广晟控股集团有限公司变更审计机构事项的受托管理事务临时报告,2025-12-26,http://static.cninfo.com.cn/finalpage/2025-12-26/1224900601.PDF,1224900601,审计机构
524191,25广晟K01,25广晟K01：广发证券股份有限公司关于广东省广晟控股集团有限公司变更审计机构事项的受托管理事务临时报告,2025-12-26,http://static.cninfo.com.cn/finalpage/2025-12-26/1224900600.PDF,1224900600,审计机构
524448,25赣金Y1,25赣金Y1：兴业证券股份有限公司关于江西省金融资产管理股份有限公司审计机构发生变更的临时受托管理事务报告,2025-12-26,http://static.cninfo.com.cn/finalpage/2025-12-26/1224899749.PDF,1224899749,审计机构
148970,24赣金Y1,24赣金Y1：兴业证券股份有限公司关于江西省金融资产管理股份有限公司审计机构发生变更的临时受托管理事务报告,2025-12-26,http://static.cninfo.com.cn/finalpage/2025-12-26/1224899750.PDF,1224899750,审计机构
000812,陕西金叶,陕西金叶：关于更换公司2025年度审计机构的公告,2025-12-26,http://static.cninfo.com.cn/finalpage/2025-12-26/1224898231.PDF,1224898231,审计机构
148059,22赣金02,22赣金02：东兴证券股份有限公司关于江西省金融资产管理股份有限公司公司债券临时受托管理事务报告(审计机构发生变更),2025-12-25,http://static.cninfo.com.cn/finalpage/2025-12-25/1224898185.PDF,1224898185,审计机构
148766,24赣金01,24赣金01：东兴证券股份有限公司关于江西省金融资产管理股份有限公司公司债券临时受托管理事务报告(审计机构发生变更),2025-12-25,http://static.cninfo.com.cn/finalpage/2025-12-25/1224898188.PDF,1224898188,审计机构
148222,23赣金G1,23赣金G1：东兴证券股份有限公司关于江西省金融资产管理股份有限公司公司债券临时受托管理事务报告(审计机构发生变更),2025-12-25,http://static.cninfo.com.cn/finalpage/2025-12-25/1224898186.PDF,1224898186,审计机构
524368,25赣金01,25赣金01：东兴证券股份有限公司关于江西省金融资产管理股份有限公司公司债券临时受托管理事务报告(审计机构发生变更),2025-12-25,http://static.cninfo.com.cn/finalpage/2025-12-25/1224898184.PDF,1224898184,审计机构
148279,23赣金公开02,23赣金公开02：东兴证券股份有限公司关于江西省金融资产管理股份有限公司公司债券临时受托管理事务报告(审计机构发生变更),2025-12-25,http://static.cninfo.com.cn/finalpage/2025-12-25/1224898187.PDF,1224898187,审计机构
524263,25榕金01,25榕金01：华福证券股份有限公司关于福州市金融控股集团有限公司审计机构发生变更的临时受托管理事务报告,2025-12-25,http://static.cninfo.com.cn/finalpage/2025-12-25/1224898031.PDF,1224898031,审计机构
524340,25榕金K1,25榕金K1：华福证券股份有限公司关于福州市金融控股集团有限公司审计机构发生变更的临时受托管理事务报告,2025-12-25,http://static.cninfo.com.cn/finalpage/2025-12-25/1224898030.PDF,1224898030,审计机构
148749,24榕金02,24榕金02：中信证券股份有限公司关于福州市金融控股集团有限公司审计机构发生变更的临时受托管理事务报告,2025-12-25,http://static.cninfo.com.cn/finalpage/2025-12-25/1224897645.PDF,1224897645,审计机构
148325,23榕金01,23榕金01：中信证券股份有限公司关于福州市金融控股集团有限公司审计机构发生变更的临时受托管理事务报告,2025-12-25,http://static.cninfo.com.cn/finalpage/2025-12-25/1224897643.PDF,1224897643,审计机构
148881,24榕金03,24榕金03：中信证券股份有限公司关于福州市金融控股集团有限公司审计机构发生变更的临时受托管理事务报告,2025-12-25,http://static.cninfo.com.cn/finalpage/2025-12-25/1224897642.PDF,1224897642,审计机构
148708,24榕金01,24榕金01：中信证券股份有限公司关于福州市金融控股集团有限公司审计机构发生变更的临时受托管理事务报告,2025-12-25,http://static.cninfo.com.cn/finalpage/2025-12-25/1224897644.PDF,1224897644,审计机构
688192,迪哲医药,迪哲医药：迪哲医药：关于公司聘请H股股票发行并上市审计机构的公告,2025-12-25,http://static.cninfo.com.cn/finalpage/2025-12-25/1224896104.PDF,1224896104,审计机构
600184,光电股份,光电股份：北方光电股份有限公司关于变更审计机构项目合伙人的公告,2025-12-25,http://static.cninfo.com.cn/finalpage/2025-12-25/1224895353.PDF,1224895353,审计机构
000856,冀东装备,冀东装备：关于变更审计机构质量控制复核人的公告,2025-12-25,http://static.cninfo.com.cn/finalpage/2025-12-25/1224896705.PDF,1224896705,审计机构
002175,东方智造,东方智造：关于审计机构变更签字项目合伙人的公告,2025-12-24,http://static.cninfo.com.cn/finalpage/2025-12-24/1224894800.PDF,1224894800,审计机构
688060,云涌科技,云涌科技：云涌科技关于审计机构变更质量控制复核人的公告,2025-12-24,http://static.cninfo.com.cn/finalpage/2025-12-24/1224893029.PDF,1224893029,审计机构
002805,丰元股份,丰元股份：关于审计机构变更项目质量控制复核人的公告,2025-12-24,http://static.cninfo.com.cn/finalpage/2025-12-24/1224893158.PDF,1224893158,审计机构
603026,石大胜华,石大胜华：石大胜华关于审计机构变更项目合伙人的公告,2025-12-24,http://static.cninfo.com.cn/finalpage/2025-12-24/1224894861.PDF,1224894861,审计机构
603026,石大胜华,石大胜华：石大胜华关于公司聘请H股发行并上市的审计机构的公告,2025-12-24,http://static.cninfo.com.cn/finalpage/2025-12-24/1224894859.PDF,1224894859,审计机构
688613,奥精医疗,奥精医疗：奥精医疗：关于审计机构变更项目质量控制复核人的公告,2025-12-24,http://static.cninfo.com.cn/finalpage/2025-12-24/1224893035.PDF,1224893035,审计机构
300481,濮阳惠成,濮阳惠成：关于变更审计机构质量控制复核人的公告,2025-12-23,http://static.cninfo.com.cn/finalpage/2025-12-23/1224893671.PDF,1224893671,审计机构
149413,21粤垦01,21粤垦01：关于广东省农垦集团公司审计机构发生变更的临时受托管理事务报告,2025-12-23,http://static.cninfo.com.cn/finalpage/2025-12-23/1224893117.PDF,1224893117,审计机构
601717,中创智领,中创智领：中创智领（郑州）工业技术集团股份有限公司关于A股审计机构变更项目质量控制复核人的公告,2025-12-23,http://static.cninfo.com.cn/finalpage/2025-12-23/1224892072.PDF,1224892072,审计机构
688503,聚和材料,聚和材料：关于公司聘请H股发行及上市的审计机构的公告,2025-12-23,http://static.cninfo.com.cn/finalpage/2025-12-23/1224891686.PDF,1224891686,审计机构
00638,广和通,广和通：(I)於2025年12月22日举行的2025年第四次临时股东大会的投票表决结果；(II)变更注册资本、取消监事会、修订《公司章程》及其附件并进行工商登记变更；(III)续聘2025年度审计机构；(IV)修订公司部分治理制度；及(V)选举职工代表董事,2025-12-22,http://static.cninfo.com.cn/finalpage/2025-12-22/1224892717.PDF,1224892717,审计机构
00564,中创智领,中创智领：中创智领（郑州）工业技术集团股份有限公司关於A股审计机构变更项目质量控制覆核人的公告,2025-12-22,http://static.cninfo.com.cn/finalpage/2025-12-22/1224892464.PDF,1224892464,审计机构
03903,瀚华金控,瀚华金控：选举及委任第五届董事会非独立董事及独立非执行董事 审议及批准第五届董事会董事薪酬 选举及委任程涓女士为本公司法定代表人 续聘财务审计机构 及 2026年第一次临时股东会通告,2025-12-22,http://static.cninfo.com.cn/finalpage/2025-12-22/1224891339.PDF,1224891339,审计机构
524448,25赣金Y1,25赣金Y1：江西省金融资产管理股份有限公司关于审计机构发生变更的公告,2025-12-22,http://static.cninfo.com.cn/finalpage/2025-12-22/1224890556.PDF,1224890556,审计机构
148970,24赣金Y1,24赣金Y1：江西省金融资产管理股份有限公司关于审计机构发生变更的公告,2025-12-22,http://static.cninfo.com.cn/finalpage/2025-12-22/1224890557.PDF,1224890557,审计机构
148766,24赣金01,24赣金01：江西省金融资产管理股份有限公司关于审计机构发生变更的公告,2025-12-22,http://static.cninfo.com.cn/finalpage/2025-12-22/1224890393.PDF,1224890393,审计机构
148222,23赣金G1,23赣金G1：江西省金融资产管理股份有限公司关于审计机构发生变更的公告,2025-12-22,http://static.cninfo.com.cn/finalpage/2025-12-22/1224890391.PDF,1224890391,审计机构
148279,23赣金公开02,23赣金公开02：江西省金融资产管理股份有限公司关于审计机构发生变更的公告,2025-12-22,http://static.cninfo.com.cn/finalpage/2025-12-22/1224890392.PDF,1224890392,审计机构
524368,25赣金01,25赣金01：江西省金融资产管理股份有限公司关于审计机构发生变更的公告,2025-12-22,http://static.cninfo.com.cn/finalpage/2025-12-22/1224890389.PDF,1224890389,审计机构
148059,22赣金02,22赣金02：江西省金融资产管理股份有限公司关于审计机构发生变更的公告,2025-12-22,http://static.cninfo.com.cn/finalpage/2025-12-22/1224890390.PDF,1224890390,审计机构
524340,25榕金K1,25榕金K1：福州市金融控股集团有限公司关于审计机构发生变更的公告,2025-12-22,http://static.cninfo.com.cn/finalpage/2025-12-22/1224890189.PDF,1224890189,审计机构
524263,25榕金01,25榕金01：福州市金融控股集团有限公司关于审计机构发生变更的公告,2025-12-22,http://static.cninfo.com.cn/finalpage/2025-12-22/1224890190.PDF,1224890190,审计机构
148708,24榕金01,24榕金01：福州市金融控股集团有限公司关于审计机构发生变更的公告,2025-12-22,http://static.cninfo.com.cn/finalpage/2025-12-22/1224890175.PDF,1224890175,审计机构
148749,24榕金02,24榕金02：福州市金融控股集团有限公司关于审计机构发生变更的公告,2025-12-22,http://static.cninfo.com.cn/finalpage/2025-12-22/1224890176.PDF,1224890176,审计机构
148881,24榕金03,24榕金03：福州市金融控股集团有限公司关于审计机构发生变更的公告,2025-12-22,http://static.cninfo.com.cn/finalpage/2025-12-22/1224890173.PDF,1224890173,审计机构
148325,23榕金01,23榕金01：福州市金融控股集团有限公司关于审计机构发生变更的公告,2025-12-22,http://static.cninfo.com.cn/finalpage/2025-12-22/1224890174.PDF,1224890174,审计机构
920675,秉扬科技,[临时公告]秉扬科技:关于审计机构变更质量控制复核人的公告,2025-12-22,http://static.cninfo.com.cn/finalpage/2025-12-22/1224891772.PDF,1224891772,审计机构
002595,豪迈科技,豪迈科技：关于审计机构变更项目合伙人的公告,2025-12-20,http://static.cninfo.com.cn/finalpage/2025-12-20/1224887082.PDF,1224887082,审计机构
688708,佳驰科技,佳驰科技：关于审计机构变更质量控制复核人的公告,2025-12-20,http://static.cninfo.com.cn/finalpage/2025-12-20/1224886851.PDF,1224886851,审计机构
300194,福安药业,福安药业：关于变更公司2025年度审计机构的公告,2025-12-20,http://static.cninfo.com.cn/finalpage/2025-12-20/1224887231.PDF,1224887231,审计机构
149413,21粤垦01,21粤垦01：广东省农垦集团公司关于审计机构发生变更的公告,2025-12-18,http://static.cninfo.com.cn/finalpage/2025-12-18/1224884675.PDF,1224884675,审计机构
300080,易成新能,易成新能：关于变更2025年度审计机构的公告,2025-12-18,http://static.cninfo.com.cn/finalpage/2025-12-18/1224882949.PDF,1224882949,审计机构
001335,信凯科技,信凯科技：关于变更2025年度审计机构项目质量控制复核人的公告,2025-12-18,http://static.cninfo.com.cn/finalpage/2025-12-18/1224882618.PDF,1224882618,审计机构
000886,海南高速,海南高速：关于审计机构变更质量控制复核人的公告,2025-12-18,http://static.cninfo.com.cn/finalpage/2025-12-18/1224883178.PDF,1224883178,审计机构
300377,赢时胜,赢时胜：关于聘任2025年度审计机构的公告,2025-12-18,http://static.cninfo.com.cn/finalpage/2025-12-18/1224883720.PDF,1224883720,审计机构
300049,福瑞医科,福瑞股份：福瑞股份关于聘请H股发行并上市审计机构的公告,2025-12-18,http://static.cninfo.com.cn/finalpage/2025-12-18/1224884168.PDF,1224884168,审计机构
300953,震裕科技,震裕科技：关于变更审计机构质量控制复核人的公告,2025-12-17,http://static.cninfo.com.cn/finalpage/2025-12-17/1224883551.PDF,1224883551,审计机构
300306,远方信息,远方信息：关于审计机构变更质量控制复核人的公告,2025-12-17,http://static.cninfo.com.cn/finalpage/2025-12-17/1224882530.PDF,1224882530,审计机构
002512,达华智能,达华智能：关于年度审计机构变更项目质量复核人的公告,2025-12-17,http://static.cninfo.com.cn/finalpage/2025-12-17/1224881585.PDF,1224881585,审计机构
148866,24赣担Y1,24赣担Y1：中信证券股份有限公司关于江西省信用融资担保集团股份有限公司关于审计机构发生变更之临时受托管理事务报告,2025-12-16,http://static.cninfo.com.cn/finalpage/2025-12-16/1224880982.PDF,1224880982,审计机构
002205,国统股份,国统股份：新疆国统管道股份有限公司关于聘任公司2025年度财务审计机构的公告,2025-12-16,http://static.cninfo.com.cn/finalpage/2025-12-16/1224877075.PDF,1224877075,审计机构
300364,中文在线,中文在线：关于聘请H股发行上市审计机构的公告,2025-12-16,http://static.cninfo.com.cn/finalpage/2025-12-16/1224879340.PDF,1224879340,审计机构
002331,皖通科技,皖通科技：关于续聘2025年度审计机构的公告,2025-12-16,http://static.cninfo.com.cn/finalpage/2025-12-16/1224876773.PDF,1224876773,审计机构
300364,中文在线,中文在线：关于续聘2025年度A股审计机构的公告,2025-12-16,http://static.cninfo.com.cn/finalpage/2025-12-16/1224879393.PDF,1224879393,审计机构
920493,并行科技,[临时公告]并行科技:关于审计机构变更质量控制复核人的公告,2025-12-16,http://static.cninfo.com.cn/finalpage/2025-12-16/1224882093.PDF,1224882093,审计机构
300291,百纳千成,百纳千成：关于续聘2025年度审计机构的公告,2025-12-16,http://static.cninfo.com.cn/finalpage/2025-12-16/1224880125.PDF,1224880125,审计机构
000838,财信发展,财信发展：关于续聘2025年度财务报告及内部控制审计机构的公告,2025-12-16,http://static.cninfo.com.cn/finalpage/2025-12-16/1224878603.PDF,1224878603,审计机构
002947,恒铭达,恒铭达：关于拟变更2025年度审计机构的公告,2025-12-16,http://static.cninfo.com.cn/finalpage/2025-12-16/1224877230.PDF,1224877230,审计机构
301128,强瑞技术,强瑞技术：关于续聘2025年度审计机构的公告,2025-12-16,http://static.cninfo.com.cn/finalpage/2025-12-16/1224878942.PDF,1224878942,审计机构
300298,三诺生物,三诺生物：关于拟续聘2025年度审计机构的公告,2025-12-16,http://static.cninfo.com.cn/finalpage/2025-12-16/1224878477.PDF,1224878477,审计机构
688507,索辰科技,索辰科技：关于年度审计机构变更项目质量控制复核人员的公告,2025-12-16,http://static.cninfo.com.cn/finalpage/2025-12-16/1224876853.PDF,1224876853,审计机构
06049,保利物业,保利物业：(1)须予披露及持续关连交易(2)建议委任2025年度审计机构及2025年第三次临时股东大会通告,2025-12-15,http://static.cninfo.com.cn/finalpage/2025-12-15/1224877182.PDF,1224877182,审计机构
000931,中 关 村,中 关 村：关于变更2025年度审计机构的公告,2025-12-13,http://static.cninfo.com.cn/finalpage/2025-12-13/1224872513.PDF,1224872513,审计机构
600996,贵广网络,贵广网络：关于续聘2025年度审计机构的公告,2025-12-13,http://static.cninfo.com.cn/finalpage/2025-12-13/1224874695.PDF,1224874695,审计机构
002731,萃华珠宝,萃华珠宝：关于续聘2025年度审计机构的公告,2025-12-13,http://static.cninfo.com.cn/finalpage/2025-12-13/1224871549.PDF,1224871549,审计机构
300587,天铁科技,天铁科技：浙江天铁科技股份有限公司关于聘任2025年度外部审计机构的公告,2025-12-13,http://static.cninfo.com.cn/finalpage/2025-12-13/1224871243.PDF,1224871243,审计机构
301555,惠柏新材,惠柏新材：关于拟续聘2025年度审计机构的公告,2025-12-13,http://static.cninfo.com.cn/finalpage/2025-12-13/1224873571.PDF,1224873571,审计机构
002659,凯文教育,凯文教育：关于续聘公司2025年度审计机构的公告,2025-12-13,http://static.cninfo.com.cn/finalpage/2025-12-13/1224872015.PDF,1224872015,审计机构
002314,南山控股,南山控股：关于聘请2025年度审计机构的公告,2025-12-13,http://static.cninfo.com.cn/finalpage/2025-12-13/1224871286.PDF,1224871286,审计机构
002875,安奈儿,安奈儿：关于聘任2025年度审计机构的公告,2025-12-13,http://static.cninfo.com.cn/finalpage/2025-12-13/1224872305.PDF,1224872305,审计机构
600189,泉阳泉,泉阳泉：关于续聘2025年度公司审计机构的公告,2025-12-13,http://static.cninfo.com.cn/finalpage/2025-12-13/1224872906.PDF,1224872906,审计机构
688520,神州细胞,神州细胞：神州细胞关于续聘公司2025年度审计机构的公告,2025-12-13,http://static.cninfo.com.cn/finalpage/2025-12-13/1224876265.PDF,1224876265,审计机构
148866,24赣担Y1,24赣担Y1：江西省信用融资担保集团股份有限公司关于审计机构发生变更的公告,2025-12-12,http://static.cninfo.com.cn/finalpage/2025-12-12/1224870873.PDF,1224870873,审计机构
300338,ST开元,ST开元：关于续聘2025年度审计机构的公告,2025-12-12,http://static.cninfo.com.cn/finalpage/2025-12-12/1224868956.PDF,1224868956,审计机构
300037,新宙邦,新宙邦：关于聘请H股股票发行并上市审计机构的公告,2025-12-12,http://static.cninfo.com.cn/finalpage/2025-12-12/1224870379.PDF,1224870379,审计机构
688629,华丰科技,华丰科技：关于变更2025年度审计机构的公告,2025-12-12,http://static.cninfo.com.cn/finalpage/2025-12-12/1224869534.PDF,1224869534,审计机构
000927,中国铁物,中国铁物：关于拟续聘2025年度财务及内部控制审计机构的公告,2025-12-12,http://static.cninfo.com.cn/finalpage/2025-12-12/1224869298.PDF,1224869298,审计机构
688228,开普云,开普云：关于续聘2025年度审计机构的公告,2025-12-12,http://static.cninfo.com.cn/finalpage/2025-12-12/1224869431.PDF,1224869431,审计机构
688008,澜起科技,澜起科技：澜起科技关于聘任2025年度财务及内部控制审计机构的公告,2025-12-11,http://static.cninfo.com.cn/finalpage/2025-12-11/1224867661.PDF,1224867661,审计机构
600803,新奥股份,新奥股份：新奥股份关于聘任2025年度H股审计机构的公告,2025-12-11,http://static.cninfo.com.cn/finalpage/2025-12-11/1224864561.PDF,1224864561,审计机构
300048,合康新能,合康新能：关于拟续聘2025年度审计机构的公告,2025-12-11,http://static.cninfo.com.cn/finalpage/2025-12-11/1224866390.PDF,1224866390,审计机构
601778,晶科科技,晶科科技：关于续聘2025年度审计机构的公告,2025-12-11,http://static.cninfo.com.cn/finalpage/2025-12-11/1224867346.PDF,1224867346,审计机构
000711,ST京蓝,ST京蓝：关于拟变更公司2025年度审计机构的公告,2025-12-11,http://static.cninfo.com.cn/finalpage/2025-12-11/1224865300.PDF,1224865300,审计机构
600556,天下秀,天下秀：天下秀数字科技（集团）股份有限公司关于聘请H股发行及上市审计机构的公告,2025-12-11,http://static.cninfo.com.cn/finalpage/2025-12-11/1224864800.PDF,1224864800,审计机构
300442,润泽科技,润泽科技：关于续聘公司2025年度审计机构的公告,2025-12-11,http://static.cninfo.com.cn/finalpage/2025-12-11/1224867474.PDF,1224867474,审计机构
688567,孚能科技,孚能科技：孚能科技关于续聘公司2025年度财务及内部控制审计机构的公告,2025-12-11,http://static.cninfo.com.cn/finalpage/2025-12-11/1224865966.PDF,1224865966,审计机构
002885,京泉华,京泉华：关于续聘2025年度审计机构的公告,2025-12-11,http://static.cninfo.com.cn/finalpage/2025-12-11/1224866013.PDF,1224866013,审计机构
300552,万集科技,万集科技：关于续聘公司2025年度审计机构的公告,2025-12-10,http://static.cninfo.com.cn/finalpage/2025-12-10/1224862387.PDF,1224862387,审计机构
688382,益方生物,益方生物：益方生物关于聘请H股发行及上市的审计机构的公告,2025-12-10,http://static.cninfo.com.cn/finalpage/2025-12-10/1224863099.PDF,1224863099,审计机构
000020,深华发Ａ,深华发Ａ：关于续聘2025年度财务报告审计机构和内部控制审计机构的公告,2025-12-10,http://static.cninfo.com.cn/finalpage/2025-12-10/1224862499.PDF,1224862499,审计机构
603228,景旺电子,景旺电子：景旺电子关于聘请H股股票发行并上市审计机构的公告,2025-12-10,http://static.cninfo.com.cn/finalpage/2025-12-10/1224862585.PDF,1224862585,审计机构
601599,浙文影业,浙文影业：关于续聘2025年度审计机构的公告,2025-12-09,http://static.cninfo.com.cn/finalpage/2025-12-09/1224858461.PDF,1224858461,审计机构
920300,辰光医疗,[临时公告]辰光医疗:关于审计机构变更质量控制复核人的公告,2025-12-09,http://static.cninfo.com.cn/finalpage/2025-12-09/1224862263.PDF,1224862263,审计机构
300786,国林科技,国林科技：关于续聘2025年度审计机构的公告,2025-12-09,http://static.cninfo.com.cn/finalpage/2025-12-09/1224857230.PDF,1224857230,审计机构
000099,中信海直,中信海直：关于拟续聘2025年度财务及内部控制审计机构的公告,2025-12-09,http://static.cninfo.com.cn/finalpage/2025-12-09/1224859145.PDF,1224859145,审计机构
920392,佳合科技,[临时公告]佳合科技:关于审计机构变更质量控制复核人的公告,2025-12-09,http://static.cninfo.com.cn/finalpage/2025-12-09/1224861106.PDF,1224861106,审计机构
603609,禾丰股份,禾丰股份：禾丰股份关于审计机构变更项目合伙人的公告,2025-12-09,http://static.cninfo.com.cn/finalpage/2025-12-09/1224857028.PDF,1224857028,审计机构
000779,甘咨询,甘咨询：甘肃工程咨询集团股份有限公司关于聘请2025年度审计机构的公告,2025-12-09,http://static.cninfo.com.cn/finalpage/2025-12-09/1224858420.PDF,1224858420,审计机构
002146,荣盛发展,荣盛发展：关于拟续聘2025年度审计机构的公告,2025-12-09,http://static.cninfo.com.cn/finalpage/2025-12-09/1224859676.PDF,1224859676,审计机构
00267,中信股份,中信股份：海外监管公告 - 中信海洋直升机股份有限公司关於拟续聘2025年度财务及内部控制审计机构的公告,2025-12-08,http://static.cninfo.com.cn/finalpage/2025-12-08/1224859790.PDF,1224859790,审计机构
301021,英诺激光,英诺激光：关于拟续聘2025年度公司财务审计机构的公告,2025-12-06,http://static.cninfo.com.cn/finalpage/2025-12-06/1224855406.PDF,1224855406,审计机构
000688,国城矿业,国城矿业：国城矿业股份有限公司审计机构选聘及评价制度,2025-12-06,http://static.cninfo.com.cn/finalpage/2025-12-06/1224853272.PDF,1224853272,审计机构
000970,中科三环,中科三环：中科三环关于审计机构变更质量控制复核人的公告,2025-12-06,http://static.cninfo.com.cn/finalpage/2025-12-06/1224852739.PDF,1224852739,审计机构
688697,纽威数控,纽威数控：纽威数控关于审计机构变更质量控制复核人的公告,2025-12-06,http://static.cninfo.com.cn/finalpage/2025-12-06/1224852730.PDF,1224852730,审计机构
301372,科净源,科净源：关于续聘2025年度审计机构的公告,2025-12-06,http://static.cninfo.com.cn/finalpage/2025-12-06/1224853760.PDF,1224853760,审计机构
300747,锐科激光,锐科激光：关于拟续聘2025年度审计机构的公告,2025-12-06,http://static.cninfo.com.cn/finalpage/2025-12-06/1224856159.PDF,1224856159,审计机构
688658,悦康药业,悦康药业：关于聘请H股发行并上市的审计机构的公告,2025-12-06,http://static.cninfo.com.cn/finalpage/2025-12-06/1224854159.PDF,1224854159,审计机构
002393,力生制药,力生制药：关于聘任公司2025年度审计机构的公告,2025-12-06,http://static.cninfo.com.cn/finalpage/2025-12-06/1224854467.PDF,1224854467,审计机构
688151,华强科技,华强科技：湖北华强科技股份有限公司关于聘任公司内部审计机构负责人的公告,2025-12-06,http://static.cninfo.com.cn/finalpage/2025-12-06/1224853208.PDF,1224853208,审计机构
300762,上海瀚讯,上海瀚讯：关于续聘2025年度审计机构的公告,2025-12-06,http://static.cninfo.com.cn/finalpage/2025-12-06/1224854045.PDF,1224854045,审计机构
300170,汉得信息,汉得信息：关于聘请H股发行并上市审计机构的公告,2025-12-06,http://static.cninfo.com.cn/finalpage/2025-12-06/1224855344.PDF,1224855344,审计机构
02590,极智嘉-W,极智嘉-W：(1)建议委任外部审计机构(2)建议取消监事会及修订《公司章程》(3)建议修订部分公司治理制度(4)建议授出一般授权及(5)临时股东会通告,2025-12-05,http://static.cninfo.com.cn/finalpage/2025-12-05/1224856447.PDF,1224856447,审计机构
000010,美丽生态,美丽生态：关于聘请公司2025年度审计机构的公告,2025-12-05,http://static.cninfo.com.cn/finalpage/2025-12-05/1224851282.PDF,1224851282,审计机构
002132,恒星科技,恒星科技：公司关于聘请2025年度审计机构的公告,2025-12-05,http://static.cninfo.com.cn/finalpage/2025-12-05/1224851744.PDF,1224851744,审计机构
688168,安博通,安博通：关于续聘2025年度审计机构的公告,2025-12-05,http://static.cninfo.com.cn/finalpage/2025-12-05/1224852116.PDF,1224852116,审计机构
301259,艾布鲁,艾布鲁：关于聘任2025年度审计机构的公告,2025-12-05,http://static.cninfo.com.cn/finalpage/2025-12-05/1224852221.PDF,1224852221,审计机构
02590,极智嘉-W,极智嘉-W：(1) 建议委任外部审计机构(2) 建议取消监事会及修订《公司章程》及(3) 建议修订部分公司治理制度,2025-12-04,http://static.cninfo.com.cn/finalpage/2025-12-04/1224852350.PDF,1224852350,审计机构
002795,永和智控,永和智控：关于续聘公司2025年度审计机构的公告,2025-12-04,http://static.cninfo.com.cn/finalpage/2025-12-04/1224848919.PDF,1224848919,审计机构
601606,长城军工,长城军工：安徽长城军工股份有限公司关于续聘公司2025年度审计机构的公告,2025-12-04,http://static.cninfo.com.cn/finalpage/2025-12-04/1224847532.PDF,1224847532,审计机构
002383,合众思壮,合众思壮：关于拟续聘2025年度审计机构的公告,2025-12-04,http://static.cninfo.com.cn/finalpage/2025-12-04/1224848216.PDF,1224848216,审计机构
603588,高能环境,高能环境：高能环境关于聘任H股发行上市审计机构的公告,2025-12-04,http://static.cninfo.com.cn/finalpage/2025-12-04/1224848986.PDF,1224848986,审计机构
002965,祥鑫科技,祥鑫科技：关于审计机构变更质量控制复核人的公告,2025-12-04,http://static.cninfo.com.cn/finalpage/2025-12-04/1224849294.PDF,1224849294,审计机构
688339,亿华通,亿华通：亿华通关于变更公司审计机构及在H股市场按照国际财务报告准则披露财务报表的公告,2025-12-04,http://static.cninfo.com.cn/finalpage/2025-12-04/1224847348.PDF,1224847348,审计机构
002647,*ST仁东,*ST仁东：关于聘任2025年度审计机构的公告,2025-12-04,http://static.cninfo.com.cn/finalpage/2025-12-04/1224847628.PDF,1224847628,审计机构
111990,铁道2307,铁道2307：国开证券股份有限公司关于中国国家铁路集团有限公司审计机构变更的债权代理（受托管理）事务临时报告,2025-12-03,http://static.cninfo.com.cn/finalpage/2025-12-03/1224848740.PDF,1224848740,审计机构
111995,铁道2312,铁道2312：国开证券股份有限公司关于中国国家铁路集团有限公司审计机构变更的债权代理（受托管理）事务临时报告,2025-12-03,http://static.cninfo.com.cn/finalpage/2025-12-03/1224848745.PDF,1224848745,审计机构
130006,铁道2504,铁道2504：国开证券股份有限公司关于中国国家铁路集团有限公司审计机构变更的债权代理（受托管理）事务临时报告,2025-12-03,http://static.cninfo.com.cn/finalpage/2025-12-03/1224848755.PDF,1224848755,审计机构
130001,铁道2317,铁道2317：国开证券股份有限公司关于中国国家铁路集团有限公司审计机构变更的债权代理（受托管理）事务临时报告,2025-12-03,http://static.cninfo.com.cn/finalpage/2025-12-03/1224848750.PDF,1224848750,审计机构
130011,铁道2519,铁道2519：国开证券股份有限公司关于中国国家铁路集团有限公司审计机构变更的债权代理（受托管理）事务临时报告,2025-12-03,http://static.cninfo.com.cn/finalpage/2025-12-03/1224848760.PDF,1224848760,审计机构
111975,铁道2215,铁道2215：国开证券股份有限公司关于中国国家铁路集团有限公司审计机构变更的债权代理（受托管理）事务临时报告,2025-12-03,http://static.cninfo.com.cn/finalpage/2025-12-03/1224848725.PDF,1224848725,审计机构
111992,铁道2309,铁道2309：国开证券股份有限公司关于中国国家铁路集团有限公司审计机构变更的债权代理（受托管理）事务临时报告,2025-12-03,http://static.cninfo.com.cn/finalpage/2025-12-03/1224848742.PDF,1224848742,审计机构
130002,铁道2318,铁道2318：国开证券股份有限公司关于中国国家铁路集团有限公司审计机构变更的债权代理（受托管理）事务临时报告,2025-12-03,http://static.cninfo.com.cn/finalpage/2025-12-03/1224848751.PDF,1224848751,审计机构
130005,铁道2503,铁道2503：国开证券股份有限公司关于中国国家铁路集团有限公司审计机构变更的债权代理（受托管理）事务临时报告,2025-12-03,http://static.cninfo.com.cn/finalpage/2025-12-03/1224848754.PDF,1224848754,审计机构
130008,铁道2512,铁道2512：国开证券股份有限公司关于中国国家铁路集团有限公司审计机构变更的债权代理（受托管理）事务临时报告,2025-12-03,http://static.cninfo.com.cn/finalpage/2025-12-03/1224848757.PDF,1224848757,审计机构
130010,铁道2514,铁道2514：国开证券股份有限公司关于中国国家铁路集团有限公司审计机构变更的债权代理（受托管理）事务临时报告,2025-12-03,http://static.cninfo.com.cn/finalpage/2025-12-03/1224848759.PDF,1224848759,审计机构
111970,铁道2210,铁道2210：国开证券股份有限公司关于中国国家铁路集团有限公司审计机构变更的债权代理（受托管理）事务临时报告,2025-12-03,http://static.cninfo.com.cn/finalpage/2025-12-03/1224848720.PDF,1224848720,审计机构
111988,铁道2305,铁道2305：国开证券股份有限公司关于中国国家铁路集团有限公司审计机构变更的债权代理（受托管理）事务临时报告,2025-12-03,http://static.cninfo.com.cn/finalpage/2025-12-03/1224848738.PDF,1224848738,审计机构
111993,铁道2310,铁道2310：国开证券股份有限公司关于中国国家铁路集团有限公司审计机构变更的债权代理（受托管理）事务临时报告,2025-12-03,http://static.cninfo.com.cn/finalpage/2025-12-03/1224848743.PDF,1224848743,审计机构
111960,铁道2120,铁道2120：国开证券股份有限公司关于中国国家铁路集团有限公司审计机构变更的债权代理（受托管理）事务临时报告,2025-12-03,http://static.cninfo.com.cn/finalpage/2025-12-03/1224848710.PDF,1224848710,审计机构
111965,铁道2205,铁道2205：国开证券股份有限公司关于中国国家铁路集团有限公司审计机构变更的债权代理（受托管理）事务临时报告,2025-12-03,http://static.cninfo.com.cn/finalpage/2025-12-03/1224848715.PDF,1224848715,审计机构
111985,铁道2302,铁道2302：国开证券股份有限公司关于中国国家铁路集团有限公司审计机构变更的债权代理（受托管理）事务临时报告,2025-12-03,http://static.cninfo.com.cn/finalpage/2025-12-03/1224848735.PDF,1224848735,审计机构
111994,铁道2311,铁道2311：国开证券股份有限公司关于中国国家铁路集团有限公司审计机构变更的债权代理（受托管理）事务临时报告,2025-12-03,http://static.cninfo.com.cn/finalpage/2025-12-03/1224848744.PDF,1224848744,审计机构
111997,铁道2314,铁道2314：国开证券股份有限公司关于中国国家铁路集团有限公司审计机构变更的债权代理（受托管理）事务临时报告,2025-12-03,http://static.cninfo.com.cn/finalpage/2025-12-03/1224848747.PDF,1224848747,审计机构
111998,铁道2315,铁道2315：国开证券股份有限公司关于中国国家铁路集团有限公司审计机构变更的债权代理（受托管理）事务临时报告,2025-12-03,http://static.cninfo.com.cn/finalpage/2025-12-03/1224848748.PDF,1224848748,审计机构
130009,铁道2513,铁道2513：国开证券股份有限公司关于中国国家铁路集团有限公司审计机构变更的债权代理（受托管理）事务临时报告,2025-12-03,http://static.cninfo.com.cn/finalpage/2025-12-03/1224848758.PDF,1224848758,审计机构
111980,铁道2220,铁道2220：国开证券股份有限公司关于中国国家铁路集团有限公司审计机构变更的债权代理（受托管理）事务临时报告,2025-12-03,http://static.cninfo.com.cn/finalpage/2025-12-03/1224848730.PDF,1224848730,审计机构
111989,铁道2306,铁道2306：国开证券股份有限公司关于中国国家铁路集团有限公司审计机构变更的债权代理（受托管理）事务临时报告,2025-12-03,http://static.cninfo.com.cn/finalpage/2025-12-03/1224848739.PDF,1224848739,审计机构
130007,铁道2511,铁道2511：国开证券股份有限公司关于中国国家铁路集团有限公司审计机构变更的债权代理（受托管理）事务临时报告,2025-12-03,http://static.cninfo.com.cn/finalpage/2025-12-03/1224848756.PDF,1224848756,审计机构
111999,铁道2316,铁道2316：国开证券股份有限公司关于中国国家铁路集团有限公司审计机构变更的债权代理（受托管理）事务临时报告,2025-12-03,http://static.cninfo.com.cn/finalpage/2025-12-03/1224848749.PDF,1224848749,审计机构
130003,铁道2319,铁道2319：国开证券股份有限公司关于中国国家铁路集团有限公司审计机构变更的债权代理（受托管理）事务临时报告,2025-12-03,http://static.cninfo.com.cn/finalpage/2025-12-03/1224848752.PDF,1224848752,审计机构
130004,铁道2320,铁道2320：国开证券股份有限公司关于中国国家铁路集团有限公司审计机构变更的债权代理（受托管理）事务临时报告,2025-12-03,http://static.cninfo.com.cn/finalpage/2025-12-03/1224848753.PDF,1224848753,审计机构
111961,铁道2201,铁道2201：国开证券股份有限公司关于中国国家铁路集团有限公司审计机构变更的债权代理（受托管理）事务临时报告,2025-12-03,http://static.cninfo.com.cn/finalpage/2025-12-03/1224848711.PDF,1224848711,审计机构
111967,铁道2207,铁道2207：国开证券股份有限公司关于中国国家铁路集团有限公司审计机构变更的债权代理（受托管理）事务临时报告,2025-12-03,http://static.cninfo.com.cn/finalpage/2025-12-03/1224848717.PDF,1224848717,审计机构
111977,铁道2217,铁道2217：国开证券股份有限公司关于中国国家铁路集团有限公司审计机构变更的债权代理（受托管理）事务临时报告,2025-12-03,http://static.cninfo.com.cn/finalpage/2025-12-03/1224848727.PDF,1224848727,审计机构
111983,铁道2223,铁道2223：国开证券股份有限公司关于中国国家铁路集团有限公司审计机构变更的债权代理（受托管理）事务临时报告,2025-12-03,http://static.cninfo.com.cn/finalpage/2025-12-03/1224848733.PDF,1224848733,审计机构
111986,铁道2303,铁道2303：国开证券股份有限公司关于中国国家铁路集团有限公司审计机构变更的债权代理（受托管理）事务临时报告,2025-12-03,http://static.cninfo.com.cn/finalpage/2025-12-03/1224848736.PDF,1224848736,审计机构
111940,铁道2014,铁道2014：国开证券股份有限公司关于中国国家铁路集团有限公司审计机构变更的债权代理（受托管理）事务临时报告,2025-12-03,http://static.cninfo.com.cn/finalpage/2025-12-03/1224848690.PDF,1224848690,审计机构
111950,铁道2110,铁道2110：国开证券股份有限公司关于中国国家铁路集团有限公司审计机构变更的债权代理（受托管理）事务临时报告,2025-12-03,http://static.cninfo.com.cn/finalpage/2025-12-03/1224848700.PDF,1224848700,审计机构
111959,铁道2119,铁道2119：国开证券股份有限公司关于中国国家铁路集团有限公司审计机构变更的债权代理（受托管理）事务临时报告,2025-12-03,http://static.cninfo.com.cn/finalpage/2025-12-03/1224848709.PDF,1224848709,审计机构
111962,铁道2202,铁道2202：国开证券股份有限公司关于中国国家铁路集团有限公司审计机构变更的债权代理（受托管理）事务临时报告,2025-12-03,http://static.cninfo.com.cn/finalpage/2025-12-03/1224848712.PDF,1224848712,审计机构
111963,铁道2203,铁道2203：国开证券股份有限公司关于中国国家铁路集团有限公司审计机构变更的债权代理（受托管理）事务临时报告,2025-12-03,http://static.cninfo.com.cn/finalpage/2025-12-03/1224848713.PDF,1224848713,审计机构
111968,铁道2208,铁道2208：国开证券股份有限公司关于中国国家铁路集团有限公司审计机构变更的债权代理（受托管理）事务临时报告,2025-12-03,http://static.cninfo.com.cn/finalpage/2025-12-03/1224848718.PDF,1224848718,审计机构
111969,铁道2209,铁道2209：国开证券股份有限公司关于中国国家铁路集团有限公司审计机构变更的债权代理（受托管理）事务临时报告,2025-12-03,http://static.cninfo.com.cn/finalpage/2025-12-03/1224848719.PDF,1224848719,审计机构
111971,铁道2211,铁道2211：国开证券股份有限公司关于中国国家铁路集团有限公司审计机构变更的债权代理（受托管理）事务临时报告,2025-12-03,http://static.cninfo.com.cn/finalpage/2025-12-03/1224848721.PDF,1224848721,审计机构
111973,铁道2213,铁道2213：国开证券股份有限公司关于中国国家铁路集团有限公司审计机构变更的债权代理（受托管理）事务临时报告,2025-12-03,http://static.cninfo.com.cn/finalpage/2025-12-03/1224848723.PDF,1224848723,审计机构
111976,铁道2216,铁道2216：国开证券股份有限公司关于中国国家铁路集团有限公司审计机构变更的债权代理（受托管理）事务临时报告,2025-12-03,http://static.cninfo.com.cn/finalpage/2025-12-03/1224848726.PDF,1224848726,审计机构
111978,铁道2218,铁道2218：国开证券股份有限公司关于中国国家铁路集团有限公司审计机构变更的债权代理（受托管理）事务临时报告,2025-12-03,http://static.cninfo.com.cn/finalpage/2025-12-03/1224848728.PDF,1224848728,审计机构
111979,铁道2219,铁道2219：国开证券股份有限公司关于中国国家铁路集团有限公司审计机构变更的债权代理（受托管理）事务临时报告,2025-12-03,http://static.cninfo.com.cn/finalpage/2025-12-03/1224848729.PDF,1224848729,审计机构
111932,铁道2006,铁道2006：国开证券股份有限公司关于中国国家铁路集团有限公司审计机构变更的债权代理（受托管理）事务临时报告,2025-12-03,http://static.cninfo.com.cn/finalpage/2025-12-03/1224848685.PDF,1224848685,审计机构
111957,铁道2117,铁道2117：国开证券股份有限公司关于中国国家铁路集团有限公司审计机构变更的债权代理（受托管理）事务临时报告,2025-12-03,http://static.cninfo.com.cn/finalpage/2025-12-03/1224848707.PDF,1224848707,审计机构
111981,铁道2221,铁道2221：国开证券股份有限公司关于中国国家铁路集团有限公司审计机构变更的债权代理（受托管理）事务临时报告,2025-12-03,http://static.cninfo.com.cn/finalpage/2025-12-03/1224848731.PDF,1224848731,审计机构
111991,铁道2308,铁道2308：国开证券股份有限公司关于中国国家铁路集团有限公司审计机构变更的债权代理（受托管理）事务临时报告,2025-12-03,http://static.cninfo.com.cn/finalpage/2025-12-03/1224848741.PDF,1224848741,审计机构
111945,铁道2105,铁道2105：国开证券股份有限公司关于中国国家铁路集团有限公司审计机构变更的债权代理（受托管理）事务临时报告,2025-12-03,http://static.cninfo.com.cn/finalpage/2025-12-03/1224848695.PDF,1224848695,审计机构
111954,铁道2114,铁道2114：国开证券股份有限公司关于中国国家铁路集团有限公司审计机构变更的债权代理（受托管理）事务临时报告,2025-12-03,http://static.cninfo.com.cn/finalpage/2025-12-03/1224848704.PDF,1224848704,审计机构
111964,铁道2204,铁道2204：国开证券股份有限公司关于中国国家铁路集团有限公司审计机构变更的债权代理（受托管理）事务临时报告,2025-12-03,http://static.cninfo.com.cn/finalpage/2025-12-03/1224848714.PDF,1224848714,审计机构
111987,铁道2304,铁道2304：国开证券股份有限公司关于中国国家铁路集团有限公司审计机构变更的债权代理（受托管理）事务临时报告,2025-12-03,http://static.cninfo.com.cn/finalpage/2025-12-03/1224848737.PDF,1224848737,审计机构
111955,铁道2115,铁道2115：国开证券股份有限公司关于中国国家铁路集团有限公司审计机构变更的债权代理（受托管理）事务临时报告,2025-12-03,http://static.cninfo.com.cn/finalpage/2025-12-03/1224848705.PDF,1224848705,审计机构
111958,铁道2118,铁道2118：国开证券股份有限公司关于中国国家铁路集团有限公司审计机构变更的债权代理（受托管理）事务临时报告,2025-12-03,http://static.cninfo.com.cn/finalpage/2025-12-03/1224848708.PDF,1224848708,审计机构
111966,铁道2206,铁道2206：国开证券股份有限公司关于中国国家铁路集团有限公司审计机构变更的债权代理（受托管理）事务临时报告,2025-12-03,http://static.cninfo.com.cn/finalpage/2025-12-03/1224848716.PDF,1224848716,审计机构
111972,铁道2212,铁道2212：国开证券股份有限公司关于中国国家铁路集团有限公司审计机构变更的债权代理（受托管理）事务临时报告,2025-12-03,http://static.cninfo.com.cn/finalpage/2025-12-03/1224848722.PDF,1224848722,审计机构
111974,铁道2214,铁道2214：国开证券股份有限公司关于中国国家铁路集团有限公司审计机构变更的债权代理（受托管理）事务临时报告,2025-12-03,http://static.cninfo.com.cn/finalpage/2025-12-03/1224848724.PDF,1224848724,审计机构
111982,铁道2222,铁道2222：国开证券股份有限公司关于中国国家铁路集团有限公司审计机构变更的债权代理（受托管理）事务临时报告,2025-12-03,http://static.cninfo.com.cn/finalpage/2025-12-03/1224848732.PDF,1224848732,审计机构
111984,铁道2301,铁道2301：国开证券股份有限公司关于中国国家铁路集团有限公司审计机构变更的债权代理（受托管理）事务临时报告,2025-12-03,http://static.cninfo.com.cn/finalpage/2025-12-03/1224848734.PDF,1224848734,审计机构
111996,铁道2313,铁道2313：国开证券股份有限公司关于中国国家铁路集团有限公司审计机构变更的债权代理（受托管理）事务临时报告,2025-12-03,http://static.cninfo.com.cn/finalpage/2025-12-03/1224848746.PDF,1224848746,审计机构
111904,铁道1820,铁道1820：国开证券股份有限公司关于中国国家铁路集团有限公司审计机构变更的债权代理（受托管理）事务临时报告,2025-12-03,http://static.cninfo.com.cn/finalpage/2025-12-03/1224848669.PDF,1224848669,审计机构
111924,铁道1916,铁道1916：国开证券股份有限公司关于中国国家铁路集团有限公司审计机构变更的债权代理（受托管理）事务临时报告,2025-12-03,http://static.cninfo.com.cn/finalpage/2025-12-03/1224848679.PDF,1224848679,审计机构
111929,铁道2003,铁道2003：国开证券股份有限公司关于中国国家铁路集团有限公司审计机构变更的债权代理（受托管理）事务临时报告,2025-12-03,http://static.cninfo.com.cn/finalpage/2025-12-03/1224848682.PDF,1224848682,审计机构
111930,铁道2004,铁道2004：国开证券股份有限公司关于中国国家铁路集团有限公司审计机构变更的债权代理（受托管理）事务临时报告,2025-12-03,http://static.cninfo.com.cn/finalpage/2025-12-03/1224848683.PDF,1224848683,审计机构
111944,铁道2104,铁道2104：国开证券股份有限公司关于中国国家铁路集团有限公司审计机构变更的债权代理（受托管理）事务临时报告,2025-12-03,http://static.cninfo.com.cn/finalpage/2025-12-03/1224848694.PDF,1224848694,审计机构
111947,铁道2107,铁道2107：国开证券股份有限公司关于中国国家铁路集团有限公司审计机构变更的债权代理（受托管理）事务临时报告,2025-12-03,http://static.cninfo.com.cn/finalpage/2025-12-03/1224848697.PDF,1224848697,审计机构
111952,铁道2112,铁道2112：国开证券股份有限公司关于中国国家铁路集团有限公司审计机构变更的债权代理（受托管理）事务临时报告,2025-12-03,http://static.cninfo.com.cn/finalpage/2025-12-03/1224848702.PDF,1224848702,审计机构
111912,铁道1904,铁道1904：国开证券股份有限公司关于中国国家铁路集团有限公司审计机构变更的债权代理（受托管理）事务临时报告,2025-12-03,http://static.cninfo.com.cn/finalpage/2025-12-03/1224848673.PDF,1224848673,审计机构
111936,铁道2010,铁道2010：国开证券股份有限公司关于中国国家铁路集团有限公司审计机构变更的债权代理（受托管理）事务临时报告,2025-12-03,http://static.cninfo.com.cn/finalpage/2025-12-03/1224848688.PDF,1224848688,审计机构
111938,铁道2012,铁道2012：国开证券股份有限公司关于中国国家铁路集团有限公司审计机构变更的债权代理（受托管理）事务临时报告,2025-12-03,http://static.cninfo.com.cn/finalpage/2025-12-03/1224848689.PDF,1224848689,审计机构
111948,铁道2108,铁道2108：国开证券股份有限公司关于中国国家铁路集团有限公司审计机构变更的债权代理（受托管理）事务临时报告,2025-12-03,http://static.cninfo.com.cn/finalpage/2025-12-03/1224848698.PDF,1224848698,审计机构
111906,铁道1822,铁道1822：国开证券股份有限公司关于中国国家铁路集团有限公司审计机构变更的债权代理（受托管理）事务临时报告,2025-12-03,http://static.cninfo.com.cn/finalpage/2025-12-03/1224848670.PDF,1224848670,审计机构
111916,铁道1908,铁道1908：国开证券股份有限公司关于中国国家铁路集团有限公司审计机构变更的债权代理（受托管理）事务临时报告,2025-12-03,http://static.cninfo.com.cn/finalpage/2025-12-03/1224848675.PDF,1224848675,审计机构
111920,铁道1912,铁道1912：国开证券股份有限公司关于中国国家铁路集团有限公司审计机构变更的债权代理（受托管理）事务临时报告,2025-12-03,http://static.cninfo.com.cn/finalpage/2025-12-03/1224848677.PDF,1224848677,审计机构
111928,铁道2002,铁道2002：国开证券股份有限公司关于中国国家铁路集团有限公司审计机构变更的债权代理（受托管理）事务临时报告,2025-12-03,http://static.cninfo.com.cn/finalpage/2025-12-03/1224848681.PDF,1224848681,审计机构
111931,铁道2005,铁道2005：国开证券股份有限公司关于中国国家铁路集团有限公司审计机构变更的债权代理（受托管理）事务临时报告,2025-12-03,http://static.cninfo.com.cn/finalpage/2025-12-03/1224848684.PDF,1224848684,审计机构
111941,铁道2101,铁道2101：国开证券股份有限公司关于中国国家铁路集团有限公司审计机构变更的债权代理（受托管理）事务临时报告,2025-12-03,http://static.cninfo.com.cn/finalpage/2025-12-03/1224848691.PDF,1224848691,审计机构
111949,铁道2109,铁道2109：国开证券股份有限公司关于中国国家铁路集团有限公司审计机构变更的债权代理（受托管理）事务临时报告,2025-12-03,http://static.cninfo.com.cn/finalpage/2025-12-03/1224848699.PDF,1224848699,审计机构
111951,铁道2111,铁道2111：国开证券股份有限公司关于中国国家铁路集团有限公司审计机构变更的债权代理（受托管理）事务临时报告,2025-12-03,http://static.cninfo.com.cn/finalpage/2025-12-03/1224848701.PDF,1224848701,审计机构
111953,铁道2113,铁道2113：国开证券股份有限公司关于中国国家铁路集团有限公司审计机构变更的债权代理（受托管理）事务临时报告,2025-12-03,http://static.cninfo.com.cn/finalpage/2025-12-03/1224848703.PDF,1224848703,审计机构
111956,铁道2116,铁道2116：国开证券股份有限公司关于中国国家铁路集团有限公司审计机构变更的债权代理（受托管理）事务临时报告,2025-12-03,http://static.cninfo.com.cn/finalpage/2025-12-03/1224848706.PDF,1224848706,审计机构
111914,铁道1906,铁道1906：国开证券股份有限公司关于中国国家铁路集团有限公司审计机构变更的债权代理（受托管理）事务临时报告,2025-12-03,http://static.cninfo.com.cn/finalpage/2025-12-03/1224848674.PDF,1224848674,审计机构
111922,铁道1914,铁道1914：国开证券股份有限公司关于中国国家铁路集团有限公司审计机构变更的债权代理（受托管理）事务临时报告,2025-12-03,http://static.cninfo.com.cn/finalpage/2025-12-03/1224848678.PDF,1224848678,审计机构
111926,铁道1918,铁道1918：国开证券股份有限公司关于中国国家铁路集团有限公司审计机构变更的债权代理（受托管理）事务临时报告,2025-12-03,http://static.cninfo.com.cn/finalpage/2025-12-03/1224848680.PDF,1224848680,审计机构
111943,铁道2103,铁道2103：国开证券股份有限公司关于中国国家铁路集团有限公司审计机构变更的债权代理（受托管理）事务临时报告,2025-12-03,http://static.cninfo.com.cn/finalpage/2025-12-03/1224848693.PDF,1224848693,审计机构
111918,铁道1910,铁道1910：国开证券股份有限公司关于中国国家铁路集团有限公司审计机构变更的债权代理（受托管理）事务临时报告,2025-12-03,http://static.cninfo.com.cn/finalpage/2025-12-03/1224848676.PDF,1224848676,审计机构
111933,铁道2007,铁道2007：国开证券股份有限公司关于中国国家铁路集团有限公司审计机构变更的债权代理（受托管理）事务临时报告,2025-12-03,http://static.cninfo.com.cn/finalpage/2025-12-03/1224848686.PDF,1224848686,审计机构
111934,铁道2008,铁道2008：国开证券股份有限公司关于中国国家铁路集团有限公司审计机构变更的债权代理（受托管理）事务临时报告,2025-12-03,http://static.cninfo.com.cn/finalpage/2025-12-03/1224848687.PDF,1224848687,审计机构
111942,铁道2102,铁道2102：国开证券股份有限公司关于中国国家铁路集团有限公司审计机构变更的债权代理（受托管理）事务临时报告,2025-12-03,http://static.cninfo.com.cn/finalpage/2025-12-03/1224848692.PDF,1224848692,审计机构
111946,铁道2106,铁道2106：国开证券股份有限公司关于中国国家铁路集团有限公司审计机构变更的债权代理（受托管理）事务临时报告,2025-12-03,http://static.cninfo.com.cn/finalpage/2025-12-03/1224848696.PDF,1224848696,审计机构
111908,铁道1824,铁道1824：国开证券股份有限公司关于中国国家铁路集团有限公司审计机构变更的债权代理（受托管理）事务临时报告,2025-12-03,http://static.cninfo.com.cn/finalpage/2025-12-03/1224848671.PDF,1224848671,审计机构
111910,铁道1902,铁道1902：国开证券股份有限公司关于中国国家铁路集团有限公司审计机构变更的债权代理（受托管理）事务临时报告,2025-12-03,http://static.cninfo.com.cn/finalpage/2025-12-03/1224848672.PDF,1224848672,审计机构
111902,铁道1818,铁道1818：国开证券股份有限公司关于中国国家铁路集团有限公司审计机构变更的债权代理（受托管理）事务临时报告,2025-12-03,http://static.cninfo.com.cn/finalpage/2025-12-03/1224848668.PDF,1224848668,审计机构
130012,铁道2520,铁道2520：国开证券股份有限公司关于中国国家铁路集团有限公司审计机构变更的债权代理（受托管理）事务临时报告,2025-12-03,http://static.cninfo.com.cn/finalpage/2025-12-03/1224848573.PDF,1224848573,审计机构
149997,22穗交Y1,22穗交Y1：关于广州交通投资集团有限公司审计机构发生变更的临时受托管理事务报告,2025-12-03,http://static.cninfo.com.cn/finalpage/2025-12-03/1224846947.PDF,1224846947,审计机构
524138,25穗交Y1,25穗交Y1：关于广州交通投资集团有限公司审计机构发生变更的临时受托管理事务报告,2025-12-03,http://static.cninfo.com.cn/finalpage/2025-12-03/1224846939.PDF,1224846939,审计机构
149617,21穗交03,21穗交03：关于广州交通投资集团有限公司审计机构发生变更的临时受托管理事务报告,2025-12-03,http://static.cninfo.com.cn/finalpage/2025-12-03/1224846945.PDF,1224846945,审计机构
149697,21穗交04,21穗交04：关于广州交通投资集团有限公司审计机构发生变更的临时受托管理事务报告,2025-12-03,http://static.cninfo.com.cn/finalpage/2025-12-03/1224846946.PDF,1224846946,审计机构
149348,21穗交01,21穗交01：关于广州交通投资集团有限公司审计机构发生变更的临时受托管理事务报告,2025-12-03,http://static.cninfo.com.cn/finalpage/2025-12-03/1224846944.PDF,1224846944,审计机构
148311,23穗交Y1,23穗交Y1：关于广州交通投资集团有限公司审计机构发生变更的临时受托管理事务报告,2025-12-03,http://static.cninfo.com.cn/finalpage/2025-12-03/1224846941.PDF,1224846941,审计机构
148978,24穗交Y1,24穗交Y1：关于广州交通投资集团有限公司审计机构发生变更的临时受托管理事务报告,2025-12-03,http://static.cninfo.com.cn/finalpage/2025-12-03/1224846943.PDF,1224846943,审计机构
148128,23穗交01,23穗交01：关于广州交通投资集团有限公司审计机构发生变更的临时受托管理事务报告,2025-12-03,http://static.cninfo.com.cn/finalpage/2025-12-03/1224846940.PDF,1224846940,审计机构
148379,23穗交Y2,23穗交Y2：关于广州交通投资集团有限公司审计机构发生变更的临时受托管理事务报告,2025-12-03,http://static.cninfo.com.cn/finalpage/2025-12-03/1224846942.PDF,1224846942,审计机构
148394,23漳经01,23漳经01：国信证券股份有限公司关于漳州市经济发展集团有限公司审计机构发生变更之临时受托管理事务报告,2025-12-03,http://static.cninfo.com.cn/finalpage/2025-12-03/1224846303.PDF,1224846303,审计机构
600601,方正科技,方正科技：方正科技关于变更审计机构项目质量控制复核合伙人的公告,2025-12-03,http://static.cninfo.com.cn/finalpage/2025-12-03/1224844542.PDF,1224844542,审计机构
000826,启迪环境,启迪环境：关于续聘2025年度审计机构的公告,2025-12-03,http://static.cninfo.com.cn/finalpage/2025-12-03/1224844945.PDF,1224844945,审计机构
301091,深城交,深城交：关于聘请2025年年度审计机构的公告,2025-12-03,http://static.cninfo.com.cn/finalpage/2025-12-03/1224845489.PDF,1224845489,审计机构
002291,遥望科技,遥望科技：关于拟续聘公司2025年度财务报告和内部控制审计机构的公告,2025-12-03,http://static.cninfo.com.cn/finalpage/2025-12-03/1224845603.PDF,1224845603,审计机构
603669,灵康药业,灵康药业：关于聘任2025年度审计机构的公告,2025-12-03,http://static.cninfo.com.cn/finalpage/2025-12-03/1224842941.PDF,1224842941,审计机构
524138,25穗交Y1,25穗交Y1：广州交通投资集团有限公司关于审计机构发生变更的公告,2025-12-02,http://static.cninfo.com.cn/finalpage/2025-12-02/1224844267.PDF,1224844267,审计机构
148311,23穗交Y1,23穗交Y1：广州交通投资集团有限公司关于审计机构发生变更的公告,2025-12-02,http://static.cninfo.com.cn/finalpage/2025-12-02/1224844269.PDF,1224844269,审计机构
148379,23穗交Y2,23穗交Y2：广州交通投资集团有限公司关于审计机构发生变更的公告,2025-12-02,http://static.cninfo.com.cn/finalpage/2025-12-02/1224844270.PDF,1224844270,审计机构
148128,23穗交01,23穗交01：广州交通投资集团有限公司关于审计机构发生变更的公告,2025-12-02,http://static.cninfo.com.cn/finalpage/2025-12-02/1224844268.PDF,1224844268,审计机构
148978,24穗交Y1,24穗交Y1：广州交通投资集团有限公司关于审计机构发生变更的公告,2025-12-02,http://static.cninfo.com.cn/finalpage/2025-12-02/1224844271.PDF,1224844271,审计机构
149348,21穗交01,21穗交01：广州交通投资集团有限公司关于审计机构发生变更的公告,2025-12-02,http://static.cninfo.com.cn/finalpage/2025-12-02/1224844272.PDF,1224844272,审计机构
149697,21穗交04,21穗交04：广州交通投资集团有限公司关于审计机构发生变更的公告,2025-12-02,http://static.cninfo.com.cn/finalpage/2025-12-02/1224844274.PDF,1224844274,审计机构
149617,21穗交03,21穗交03：广州交通投资集团有限公司关于审计机构发生变更的公告,2025-12-02,http://static.cninfo.com.cn/finalpage/2025-12-02/1224844273.PDF,1224844273,审计机构
149997,22穗交Y1,22穗交Y1：广州交通投资集团有限公司关于审计机构发生变更的公告,2025-12-02,http://static.cninfo.com.cn/finalpage/2025-12-02/1224844275.PDF,1224844275,审计机构
111089,20芜专01,20芜专01：芜湖市投资控股集团有限公司关于变更审计机构的公告,2025-12-02,http://static.cninfo.com.cn/finalpage/2025-12-02/1224843357.PDF,1224843357,审计机构
301080,百普赛斯,百普赛斯：关于续聘2025年度审计机构的公告,2025-12-02,http://static.cninfo.com.cn/finalpage/2025-12-02/1224840165.PDF,1224840165,审计机构
000545,金浦钛业,金浦钛业：关于拟变更公司2025年度审计机构的公告,2025-12-02,http://static.cninfo.com.cn/finalpage/2025-12-02/1224840975.PDF,1224840975,审计机构
003026,中晶科技,中晶科技：关于审计机构变更项目质量控制复核人的公告,2025-12-02,http://static.cninfo.com.cn/finalpage/2025-12-02/1224838651.PDF,1224838651,审计机构
002529,*ST海源,*ST海源：关于拟聘任公司2025年度审计机构的公告,2025-12-02,http://static.cninfo.com.cn/finalpage/2025-12-02/1224840395.PDF,1224840395,审计机构
000615,*ST美谷,*ST美谷：关于续聘2025年度审计机构的公告,2025-12-02,http://static.cninfo.com.cn/finalpage/2025-12-02/1224840513.PDF,1224840513,审计机构
300520,科大国创,科大国创：关于续聘公司2025年度审计机构的公告,2025-12-02,http://static.cninfo.com.cn/finalpage/2025-12-02/1224840385.PDF,1224840385,审计机构
000537,中绿电,中绿电：关于续聘2025年度财务审计机构及内部控制审计机构的公告,2025-12-02,http://static.cninfo.com.cn/finalpage/2025-12-02/1224840511.PDF,1224840511,审计机构
148517,23格林G1,23格林G1：国联民生证券承销保荐有限公司关于格林美股份有限公司审计机构变更的临时受托管理事务报告,2025-12-01,http://static.cninfo.com.cn/finalpage/2025-12-01/1224840481.PDF,1224840481,审计机构
002340,格林美,格林美：国联民生证券承销保荐有限公司关于格林美股份有限公司审计机构变更的临时受托管理事务报告,2025-12-01,http://static.cninfo.com.cn/finalpage/2025-12-01/1224840480.PDF,1224840480,审计机构
130008,铁道2512,铁道2512：中国国家铁路集团有限公司关于审计机构变更的公告,2025-12-01,http://static.cninfo.com.cn/finalpage/2025-12-01/1224838360.PDF,1224838360,审计机构
130003,铁道2319,铁道2319：中国国家铁路集团有限公司关于审计机构变更的公告,2025-12-01,http://static.cninfo.com.cn/finalpage/2025-12-01/1224838355.PDF,1224838355,审计机构
111977,铁道2217,铁道2217：中国国家铁路集团有限公司关于审计机构变更的公告,2025-12-01,http://static.cninfo.com.cn/finalpage/2025-12-01/1224838330.PDF,1224838330,审计机构
111987,铁道2304,铁道2304：中国国家铁路集团有限公司关于审计机构变更的公告,2025-12-01,http://static.cninfo.com.cn/finalpage/2025-12-01/1224838340.PDF,1224838340,审计机构
111982,铁道2222,铁道2222：中国国家铁路集团有限公司关于审计机构变更的公告,2025-12-01,http://static.cninfo.com.cn/finalpage/2025-12-01/1224838335.PDF,1224838335,审计机构
111992,铁道2309,铁道2309：中国国家铁路集团有限公司关于审计机构变更的公告,2025-12-01,http://static.cninfo.com.cn/finalpage/2025-12-01/1224838345.PDF,1224838345,审计机构
111997,铁道2314,铁道2314：中国国家铁路集团有限公司关于审计机构变更的公告,2025-12-01,http://static.cninfo.com.cn/finalpage/2025-12-01/1224838350.PDF,1224838350,审计机构
111957,铁道2117,铁道2117：中国国家铁路集团有限公司关于审计机构变更的公告,2025-12-01,http://static.cninfo.com.cn/finalpage/2025-12-01/1224838310.PDF,1224838310,审计机构
130010,铁道2514,铁道2514：中国国家铁路集团有限公司关于审计机构变更的公告,2025-12-01,http://static.cninfo.com.cn/finalpage/2025-12-01/1224838362.PDF,1224838362,审计机构
111962,铁道2202,铁道2202：中国国家铁路集团有限公司关于审计机构变更的公告,2025-12-01,http://static.cninfo.com.cn/finalpage/2025-12-01/1224838315.PDF,1224838315,审计机构
111995,铁道2312,铁道2312：中国国家铁路集团有限公司关于审计机构变更的公告,2025-12-01,http://static.cninfo.com.cn/finalpage/2025-12-01/1224838348.PDF,1224838348,审计机构
130002,铁道2318,铁道2318：中国国家铁路集团有限公司关于审计机构变更的公告,2025-12-01,http://static.cninfo.com.cn/finalpage/2025-12-01/1224838354.PDF,1224838354,审计机构
130007,铁道2511,铁道2511：中国国家铁路集团有限公司关于审计机构变更的公告,2025-12-01,http://static.cninfo.com.cn/finalpage/2025-12-01/1224838359.PDF,1224838359,审计机构
111998,铁道2315,铁道2315：中国国家铁路集团有限公司关于审计机构变更的公告,2025-12-01,http://static.cninfo.com.cn/finalpage/2025-12-01/1224838351.PDF,1224838351,审计机构
130001,铁道2317,铁道2317：中国国家铁路集团有限公司关于审计机构变更的公告,2025-12-01,http://static.cninfo.com.cn/finalpage/2025-12-01/1224838353.PDF,1224838353,审计机构
130004,铁道2320,铁道2320：中国国家铁路集团有限公司关于审计机构变更的公告,2025-12-01,http://static.cninfo.com.cn/finalpage/2025-12-01/1224838356.PDF,1224838356,审计机构
130011,铁道2519,铁道2519：中国国家铁路集团有限公司关于审计机构变更的公告,2025-12-01,http://static.cninfo.com.cn/finalpage/2025-12-01/1224838363.PDF,1224838363,审计机构
111952,铁道2112,铁道2112：中国国家铁路集团有限公司关于审计机构变更的公告,2025-12-01,http://static.cninfo.com.cn/finalpage/2025-12-01/1224838305.PDF,1224838305,审计机构
111988,铁道2305,铁道2305：中国国家铁路集团有限公司关于审计机构变更的公告,2025-12-01,http://static.cninfo.com.cn/finalpage/2025-12-01/1224838341.PDF,1224838341,审计机构
111994,铁道2311,铁道2311：中国国家铁路集团有限公司关于审计机构变更的公告,2025-12-01,http://static.cninfo.com.cn/finalpage/2025-12-01/1224838347.PDF,1224838347,审计机构
111999,铁道2316,铁道2316：中国国家铁路集团有限公司关于审计机构变更的公告,2025-12-01,http://static.cninfo.com.cn/finalpage/2025-12-01/1224838352.PDF,1224838352,审计机构
130006,铁道2504,铁道2504：中国国家铁路集团有限公司关于审计机构变更的公告,2025-12-01,http://static.cninfo.com.cn/finalpage/2025-12-01/1224838358.PDF,1224838358,审计机构
130009,铁道2513,铁道2513：中国国家铁路集团有限公司关于审计机构变更的公告,2025-12-01,http://static.cninfo.com.cn/finalpage/2025-12-01/1224838361.PDF,1224838361,审计机构
111967,铁道2207,铁道2207：中国国家铁路集团有限公司关于审计机构变更的公告,2025-12-01,http://static.cninfo.com.cn/finalpage/2025-12-01/1224838320.PDF,1224838320,审计机构
111972,铁道2212,铁道2212：中国国家铁路集团有限公司关于审计机构变更的公告,2025-12-01,http://static.cninfo.com.cn/finalpage/2025-12-01/1224838325.PDF,1224838325,审计机构
111990,铁道2307,铁道2307：中国国家铁路集团有限公司关于审计机构变更的公告,2025-12-01,http://static.cninfo.com.cn/finalpage/2025-12-01/1224838343.PDF,1224838343,审计机构
111993,铁道2310,铁道2310：中国国家铁路集团有限公司关于审计机构变更的公告,2025-12-01,http://static.cninfo.com.cn/finalpage/2025-12-01/1224838346.PDF,1224838346,审计机构
130005,铁道2503,铁道2503：中国国家铁路集团有限公司关于审计机构变更的公告,2025-12-01,http://static.cninfo.com.cn/finalpage/2025-12-01/1224838357.PDF,1224838357,审计机构
111910,铁道1902,铁道1902：中国国家铁路集团有限公司关于审计机构变更的公告,2025-12-01,http://static.cninfo.com.cn/finalpage/2025-12-01/1224838275.PDF,1224838275,审计机构
111929,铁道2003,铁道2003：中国国家铁路集团有限公司关于审计机构变更的公告,2025-12-01,http://static.cninfo.com.cn/finalpage/2025-12-01/1224838285.PDF,1224838285,审计机构
111947,铁道2107,铁道2107：中国国家铁路集团有限公司关于审计机构变更的公告,2025-12-01,http://static.cninfo.com.cn/finalpage/2025-12-01/1224838300.PDF,1224838300,审计机构
111958,铁道2118,铁道2118：中国国家铁路集团有限公司关于审计机构变更的公告,2025-12-01,http://static.cninfo.com.cn/finalpage/2025-12-01/1224838311.PDF,1224838311,审计机构
111961,铁道2201,铁道2201：中国国家铁路集团有限公司关于审计机构变更的公告,2025-12-01,http://static.cninfo.com.cn/finalpage/2025-12-01/1224838314.PDF,1224838314,审计机构
111963,铁道2203,铁道2203：中国国家铁路集团有限公司关于审计机构变更的公告,2025-12-01,http://static.cninfo.com.cn/finalpage/2025-12-01/1224838316.PDF,1224838316,审计机构
111964,铁道2204,铁道2204：中国国家铁路集团有限公司关于审计机构变更的公告,2025-12-01,http://static.cninfo.com.cn/finalpage/2025-12-01/1224838317.PDF,1224838317,审计机构
111969,铁道2209,铁道2209：中国国家铁路集团有限公司关于审计机构变更的公告,2025-12-01,http://static.cninfo.com.cn/finalpage/2025-12-01/1224838322.PDF,1224838322,审计机构
111976,铁道2216,铁道2216：中国国家铁路集团有限公司关于审计机构变更的公告,2025-12-01,http://static.cninfo.com.cn/finalpage/2025-12-01/1224838329.PDF,1224838329,审计机构
111996,铁道2313,铁道2313：中国国家铁路集团有限公司关于审计机构变更的公告,2025-12-01,http://static.cninfo.com.cn/finalpage/2025-12-01/1224838349.PDF,1224838349,审计机构
111970,铁道2210,铁道2210：中国国家铁路集团有限公司关于审计机构变更的公告,2025-12-01,http://static.cninfo.com.cn/finalpage/2025-12-01/1224838323.PDF,1224838323,审计机构
111973,铁道2213,铁道2213：中国国家铁路集团有限公司关于审计机构变更的公告,2025-12-01,http://static.cninfo.com.cn/finalpage/2025-12-01/1224838326.PDF,1224838326,审计机构
111981,铁道2221,铁道2221：中国国家铁路集团有限公司关于审计机构变更的公告,2025-12-01,http://static.cninfo.com.cn/finalpage/2025-12-01/1224838334.PDF,1224838334,审计机构
111983,铁道2223,铁道2223：中国国家铁路集团有限公司关于审计机构变更的公告,2025-12-01,http://static.cninfo.com.cn/finalpage/2025-12-01/1224838336.PDF,1224838336,审计机构
111989,铁道2306,铁道2306：中国国家铁路集团有限公司关于审计机构变更的公告,2025-12-01,http://static.cninfo.com.cn/finalpage/2025-12-01/1224838342.PDF,1224838342,审计机构
111991,铁道2308,铁道2308：中国国家铁路集团有限公司关于审计机构变更的公告,2025-12-01,http://static.cninfo.com.cn/finalpage/2025-12-01/1224838344.PDF,1224838344,审计机构
111920,铁道1912,铁道1912：中国国家铁路集团有限公司关于审计机构变更的公告,2025-12-01,http://static.cninfo.com.cn/finalpage/2025-12-01/1224838280.PDF,1224838280,审计机构
111960,铁道2120,铁道2120：中国国家铁路集团有限公司关于审计机构变更的公告,2025-12-01,http://static.cninfo.com.cn/finalpage/2025-12-01/1224838313.PDF,1224838313,审计机构
111984,铁道2301,铁道2301：中国国家铁路集团有限公司关于审计机构变更的公告,2025-12-01,http://static.cninfo.com.cn/finalpage/2025-12-01/1224838337.PDF,1224838337,审计机构
111934,铁道2008,铁道2008：中国国家铁路集团有限公司关于审计机构变更的公告,2025-12-01,http://static.cninfo.com.cn/finalpage/2025-12-01/1224838290.PDF,1224838290,审计机构
111966,铁道2206,铁道2206：中国国家铁路集团有限公司关于审计机构变更的公告,2025-12-01,http://static.cninfo.com.cn/finalpage/2025-12-01/1224838319.PDF,1224838319,审计机构
111971,铁道2211,铁道2211：中国国家铁路集团有限公司关于审计机构变更的公告,2025-12-01,http://static.cninfo.com.cn/finalpage/2025-12-01/1224838324.PDF,1224838324,审计机构
111974,铁道2214,铁道2214：中国国家铁路集团有限公司关于审计机构变更的公告,2025-12-01,http://static.cninfo.com.cn/finalpage/2025-12-01/1224838327.PDF,1224838327,审计机构
111975,铁道2215,铁道2215：中国国家铁路集团有限公司关于审计机构变更的公告,2025-12-01,http://static.cninfo.com.cn/finalpage/2025-12-01/1224838328.PDF,1224838328,审计机构
111978,铁道2218,铁道2218：中国国家铁路集团有限公司关于审计机构变更的公告,2025-12-01,http://static.cninfo.com.cn/finalpage/2025-12-01/1224838331.PDF,1224838331,审计机构
111980,铁道2220,铁道2220：中国国家铁路集团有限公司关于审计机构变更的公告,2025-12-01,http://static.cninfo.com.cn/finalpage/2025-12-01/1224838333.PDF,1224838333,审计机构
111942,铁道2102,铁道2102：中国国家铁路集团有限公司关于审计机构变更的公告,2025-12-01,http://static.cninfo.com.cn/finalpage/2025-12-01/1224838295.PDF,1224838295,审计机构
111953,铁道2113,铁道2113：中国国家铁路集团有限公司关于审计机构变更的公告,2025-12-01,http://static.cninfo.com.cn/finalpage/2025-12-01/1224838306.PDF,1224838306,审计机构
111955,铁道2115,铁道2115：中国国家铁路集团有限公司关于审计机构变更的公告,2025-12-01,http://static.cninfo.com.cn/finalpage/2025-12-01/1224838308.PDF,1224838308,审计机构
111959,铁道2119,铁道2119：中国国家铁路集团有限公司关于审计机构变更的公告,2025-12-01,http://static.cninfo.com.cn/finalpage/2025-12-01/1224838312.PDF,1224838312,审计机构
111965,铁道2205,铁道2205：中国国家铁路集团有限公司关于审计机构变更的公告,2025-12-01,http://static.cninfo.com.cn/finalpage/2025-12-01/1224838318.PDF,1224838318,审计机构
111968,铁道2208,铁道2208：中国国家铁路集团有限公司关于审计机构变更的公告,2025-12-01,http://static.cninfo.com.cn/finalpage/2025-12-01/1224838321.PDF,1224838321,审计机构
111979,铁道2219,铁道2219：中国国家铁路集团有限公司关于审计机构变更的公告,2025-12-01,http://static.cninfo.com.cn/finalpage/2025-12-01/1224838332.PDF,1224838332,审计机构
111985,铁道2302,铁道2302：中国国家铁路集团有限公司关于审计机构变更的公告,2025-12-01,http://static.cninfo.com.cn/finalpage/2025-12-01/1224838338.PDF,1224838338,审计机构
111986,铁道2303,铁道2303：中国国家铁路集团有限公司关于审计机构变更的公告,2025-12-01,http://static.cninfo.com.cn/finalpage/2025-12-01/1224838339.PDF,1224838339,审计机构
111906,铁道1822,铁道1822：中国国家铁路集团有限公司关于审计机构变更的公告,2025-12-01,http://static.cninfo.com.cn/finalpage/2025-12-01/1224838273.PDF,1224838273,审计机构
111928,铁道2002,铁道2002：中国国家铁路集团有限公司关于审计机构变更的公告,2025-12-01,http://static.cninfo.com.cn/finalpage/2025-12-01/1224838284.PDF,1224838284,审计机构
111930,铁道2004,铁道2004：中国国家铁路集团有限公司关于审计机构变更的公告,2025-12-01,http://static.cninfo.com.cn/finalpage/2025-12-01/1224838286.PDF,1224838286,审计机构
111933,铁道2007,铁道2007：中国国家铁路集团有限公司关于审计机构变更的公告,2025-12-01,http://static.cninfo.com.cn/finalpage/2025-12-01/1224838289.PDF,1224838289,审计机构
111943,铁道2103,铁道2103：中国国家铁路集团有限公司关于审计机构变更的公告,2025-12-01,http://static.cninfo.com.cn/finalpage/2025-12-01/1224838296.PDF,1224838296,审计机构
111945,铁道2105,铁道2105：中国国家铁路集团有限公司关于审计机构变更的公告,2025-12-01,http://static.cninfo.com.cn/finalpage/2025-12-01/1224838298.PDF,1224838298,审计机构
111956,铁道2116,铁道2116：中国国家铁路集团有限公司关于审计机构变更的公告,2025-12-01,http://static.cninfo.com.cn/finalpage/2025-12-01/1224838309.PDF,1224838309,审计机构
111902,铁道1818,铁道1818：中国国家铁路集团有限公司关于审计机构变更的公告,2025-12-01,http://static.cninfo.com.cn/finalpage/2025-12-01/1224838271.PDF,1224838271,审计机构
111931,铁道2005,铁道2005：中国国家铁路集团有限公司关于审计机构变更的公告,2025-12-01,http://static.cninfo.com.cn/finalpage/2025-12-01/1224838287.PDF,1224838287,审计机构
111938,铁道2012,铁道2012：中国国家铁路集团有限公司关于审计机构变更的公告,2025-12-01,http://static.cninfo.com.cn/finalpage/2025-12-01/1224838292.PDF,1224838292,审计机构
111948,铁道2108,铁道2108：中国国家铁路集团有限公司关于审计机构变更的公告,2025-12-01,http://static.cninfo.com.cn/finalpage/2025-12-01/1224838301.PDF,1224838301,审计机构
111950,铁道2110,铁道2110：中国国家铁路集团有限公司关于审计机构变更的公告,2025-12-01,http://static.cninfo.com.cn/finalpage/2025-12-01/1224838303.PDF,1224838303,审计机构
111916,铁道1908,铁道1908：中国国家铁路集团有限公司关于审计机构变更的公告,2025-12-01,http://static.cninfo.com.cn/finalpage/2025-12-01/1224838278.PDF,1224838278,审计机构
111918,铁道1910,铁道1910：中国国家铁路集团有限公司关于审计机构变更的公告,2025-12-01,http://static.cninfo.com.cn/finalpage/2025-12-01/1224838279.PDF,1224838279,审计机构
111924,铁道1916,铁道1916：中国国家铁路集团有限公司关于审计机构变更的公告,2025-12-01,http://static.cninfo.com.cn/finalpage/2025-12-01/1224838282.PDF,1224838282,审计机构
111946,铁道2106,铁道2106：中国国家铁路集团有限公司关于审计机构变更的公告,2025-12-01,http://static.cninfo.com.cn/finalpage/2025-12-01/1224838299.PDF,1224838299,审计机构
111908,铁道1824,铁道1824：中国国家铁路集团有限公司关于审计机构变更的公告,2025-12-01,http://static.cninfo.com.cn/finalpage/2025-12-01/1224838274.PDF,1224838274,审计机构
111912,铁道1904,铁道1904：中国国家铁路集团有限公司关于审计机构变更的公告,2025-12-01,http://static.cninfo.com.cn/finalpage/2025-12-01/1224838276.PDF,1224838276,审计机构
111914,铁道1906,铁道1906：中国国家铁路集团有限公司关于审计机构变更的公告,2025-12-01,http://static.cninfo.com.cn/finalpage/2025-12-01/1224838277.PDF,1224838277,审计机构
111922,铁道1914,铁道1914：中国国家铁路集团有限公司关于审计机构变更的公告,2025-12-01,http://static.cninfo.com.cn/finalpage/2025-12-01/1224838281.PDF,1224838281,审计机构
111926,铁道1918,铁道1918：中国国家铁路集团有限公司关于审计机构变更的公告,2025-12-01,http://static.cninfo.com.cn/finalpage/2025-12-01/1224838283.PDF,1224838283,审计机构
111932,铁道2006,铁道2006：中国国家铁路集团有限公司关于审计机构变更的公告,2025-12-01,http://static.cninfo.com.cn/finalpage/2025-12-01/1224838288.PDF,1224838288,审计机构
111936,铁道2010,铁道2010：中国国家铁路集团有限公司关于审计机构变更的公告,2025-12-01,http://static.cninfo.com.cn/finalpage/2025-12-01/1224838291.PDF,1224838291,审计机构
111949,铁道2109,铁道2109：中国国家铁路集团有限公司关于审计机构变更的公告,2025-12-01,http://static.cninfo.com.cn/finalpage/2025-12-01/1224838302.PDF,1224838302,审计机构
111951,铁道2111,铁道2111：中国国家铁路集团有限公司关于审计机构变更的公告,2025-12-01,http://static.cninfo.com.cn/finalpage/2025-12-01/1224838304.PDF,1224838304,审计机构
111954,铁道2114,铁道2114：中国国家铁路集团有限公司关于审计机构变更的公告,2025-12-01,http://static.cninfo.com.cn/finalpage/2025-12-01/1224838307.PDF,1224838307,审计机构
111940,铁道2014,铁道2014：中国国家铁路集团有限公司关于审计机构变更的公告,2025-12-01,http://static.cninfo.com.cn/finalpage/2025-12-01/1224838293.PDF,1224838293,审计机构
111941,铁道2101,铁道2101：中国国家铁路集团有限公司关于审计机构变更的公告,2025-12-01,http://static.cninfo.com.cn/finalpage/2025-12-01/1224838294.PDF,1224838294,审计机构
111944,铁道2104,铁道2104：中国国家铁路集团有限公司关于审计机构变更的公告,2025-12-01,http://static.cninfo.com.cn/finalpage/2025-12-01/1224838297.PDF,1224838297,审计机构
111904,铁道1820,铁道1820：中国国家铁路集团有限公司关于审计机构变更的公告,2025-12-01,http://static.cninfo.com.cn/finalpage/2025-12-01/1224838272.PDF,1224838272,审计机构
130012,铁道2520,铁道2520：中国国家铁路集团有限公司关于审计机构变更的公告,2025-12-01,http://static.cninfo.com.cn/finalpage/2025-12-01/1224838176.PDF,1224838176,审计机构
300904,威力传动,威力传动：关于续聘2025年度审计机构的公告,2025-11-29,http://static.cninfo.com.cn/finalpage/2025-11-29/1224835027.PDF,1224835027,审计机构
002432,九安医疗,九安医疗：关于续聘公司2025年度审计机构的公告,2025-11-29,http://static.cninfo.com.cn/finalpage/2025-11-29/1224837381.PDF,1224837381,审计机构
300638,广和通,广和通：关于续聘2025年度审计机构的公告,2025-11-29,http://static.cninfo.com.cn/finalpage/2025-11-29/1224835646.PDF,1224835646,审计机构
688045,必易微,必易微：必易微关于续聘2025年度审计机构的公告,2025-11-29,http://static.cninfo.com.cn/finalpage/2025-11-29/1224836376.PDF,1224836376,审计机构
002569,*ST步森,*ST步森：关于续聘任2025年度审计机构的公告,2025-11-29,http://static.cninfo.com.cn/finalpage/2025-11-29/1224836760.PDF,1224836760,审计机构
001201,东瑞股份,东瑞股份：关于续聘2025年度审计机构的公告,2025-11-29,http://static.cninfo.com.cn/finalpage/2025-11-29/1224833676.PDF,1224833676,审计机构
605068,明新旭腾,明新旭腾：审计机构选聘办法（尚需股东会审议）2025年11月,2025-11-29,http://static.cninfo.com.cn/finalpage/2025-11-29/1224834358.PDF,1224834358,审计机构
000672,上峰水泥,上峰水泥：关于续聘公司2025年度财务审计机构及内控审计机构的公告,2025-11-29,http://static.cninfo.com.cn/finalpage/2025-11-29/1224832879.PDF,1224832879,审计机构
000504,*ST生物,*ST生物：南华生物关于聘请2025年度审计机构的公告,2025-11-29,http://static.cninfo.com.cn/finalpage/2025-11-29/1224832930.PDF,1224832930,审计机构
002617,露笑科技,露笑科技：关于聘任2025年度审计机构的公告,2025-11-29,http://static.cninfo.com.cn/finalpage/2025-11-29/1224833632.PDF,1224833632,审计机构
300222,科大智能,科大智能：关于聘请公司发行H股股票并于香港联合交易所有限公司上市审计机构的公告,2025-11-29,http://static.cninfo.com.cn/finalpage/2025-11-29/1224834780.PDF,1224834780,审计机构
688205,德科立,德科立：无锡市德科立光电子技术股份有限公司关于聘请S股发行及上市审计机构的公告,2025-11-29,http://static.cninfo.com.cn/finalpage/2025-11-29/1224834663.PDF,1224834663,审计机构
300560,中富通,中富通：关于续聘公司2025年度审计机构的公告,2025-11-29,http://static.cninfo.com.cn/finalpage/2025-11-29/1224835011.PDF,1224835011,审计机构
300738,奥飞数据,奥飞数据：关于聘任2025年度审计机构的公告,2025-11-29,http://static.cninfo.com.cn/finalpage/2025-11-29/1224835051.PDF,1224835051,审计机构
301370,国科恒泰,国科恒泰：关于聘请2025年度审计机构的公告,2025-11-29,http://static.cninfo.com.cn/finalpage/2025-11-29/1224832650.PDF,1224832650,审计机构
00638,广和通,广和通：(1) 变更注册资本、取消监事会、修订《公司章程》及其附件并进行工商登记变更；(2) 续聘2025年度审计机构；(3) 修订公司部分治理制度；及临时股东大会通告,2025-11-28,http://static.cninfo.com.cn/finalpage/2025-11-28/1224837489.PDF,1224837489,审计机构
00638,广和通,广和通：海外监管公告 - 关於续聘2025年度审计机构的公告,2025-11-28,http://static.cninfo.com.cn/finalpage/2025-11-28/1224837060.PDF,1224837060,审计机构
148394,23漳经01,23漳经01：漳州市经济发展集团有限公司关于审计机构发生变更的公告,2025-11-28,http://static.cninfo.com.cn/finalpage/2025-11-28/1224832809.PDF,1224832809,审计机构
300626,华瑞股份,华瑞股份：关于续聘2025年度审计机构的公告,2025-11-28,http://static.cninfo.com.cn/finalpage/2025-11-28/1224829919.PDF,1224829919,审计机构
002698,博实股份,博实股份：关于董事会完成换届并聘任高级管理人员及内部审计机构负责人、证券事务代表的公告,2025-11-28,http://static.cninfo.com.cn/finalpage/2025-11-28/1224831524.PDF,1224831524,审计机构
300267,尔康制药,尔康制药：关于续聘2025年度审计机构的公告,2025-11-28,http://static.cninfo.com.cn/finalpage/2025-11-28/1224831220.PDF,1224831220,审计机构
002454,松芝股份,松芝股份：关于拟变更2025年度审计机构的公告,2025-11-28,http://static.cninfo.com.cn/finalpage/2025-11-28/1224830519.PDF,1224830519,审计机构
601059,信达证券,信达证券：信达证券股份有限公司关于审计机构变更项目质量复核人的公告,2025-11-28,http://static.cninfo.com.cn/finalpage/2025-11-28/1224831135.PDF,1224831135,审计机构
688378,奥来德,奥来德：关于聘任2025年度以简易程序向特定对象发行股票专项审计机构的公告,2025-11-27,http://static.cninfo.com.cn/finalpage/2025-11-27/1224828288.PDF,1224828288,审计机构
000883,湖北能源,湖北能源：关于聘任2025年度审计机构的公告,2025-11-27,http://static.cninfo.com.cn/finalpage/2025-11-27/1224829254.PDF,1224829254,审计机构
002868,*ST绿康,*ST绿康：关于拟续聘2025年度审计机构的公告,2025-11-27,http://static.cninfo.com.cn/finalpage/2025-11-27/1224828168.PDF,1224828168,审计机构
300076,GQY视讯,GQY视讯：关于续聘2025年度审计机构的公告,2025-11-27,http://static.cninfo.com.cn/finalpage/2025-11-27/1224827437.PDF,1224827437,审计机构
300797,钢研纳克,钢研纳克：关于聘任2025年度审计机构的公告,2025-11-27,http://static.cninfo.com.cn/finalpage/2025-11-27/1224827960.PDF,1224827960,审计机构
000612,焦作万方,焦作万方：焦作万方铝业股份有限公司关于聘任公司2025年度审计机构并决定其审计费用的公告,2025-11-27,http://static.cninfo.com.cn/finalpage/2025-11-27/1224827582.PDF,1224827582,审计机构
603990,麦迪科技,麦迪科技：麦迪科技关于续聘公司2025年度财务和内控审计机构的公告,2025-11-26,http://static.cninfo.com.cn/finalpage/2025-11-26/1224824946.PDF,1224824946,审计机构
688120,华海清科,华海清科：关于续聘2025年度审计机构的公告,2025-11-26,http://static.cninfo.com.cn/finalpage/2025-11-26/1224824534.PDF,1224824534,审计机构
688119,中钢洛耐,中钢洛耐：中钢洛耐关于续聘2025年度审计机构的公告,2025-11-26,http://static.cninfo.com.cn/finalpage/2025-11-26/1224825736.PDF,1224825736,审计机构
300773,拉卡拉,拉卡拉：关于变更年度审计机构的公告,2025-11-25,http://static.cninfo.com.cn/finalpage/2025-11-25/1224824757.PDF,1224824757,审计机构
002933,新兴装备,新兴装备：关于续聘2025年度审计机构的公告,2025-11-25,http://static.cninfo.com.cn/finalpage/2025-11-25/1224823972.PDF,1224823972,审计机构
002922,伊戈尔,伊戈尔：关于聘请H股发行及上市的审计机构的公告,2025-11-25,http://static.cninfo.com.cn/finalpage/2025-11-25/1224824110.PDF,1224824110,审计机构
000901,航天科技,航天科技：关于续聘公司2025年度财务审计机构及内部控制审计机构的公告,2025-11-25,http://static.cninfo.com.cn/finalpage/2025-11-25/1224821810.PDF,1224821810,审计机构
688401,路维光电,路维光电：路维光电关于聘任2025年度审计机构的公告,2025-11-25,http://static.cninfo.com.cn/finalpage/2025-11-25/1224823205.PDF,1224823205,审计机构
600929,雪天盐业,雪天盐业：关于变更2025年度审计机构的公告,2025-11-25,http://static.cninfo.com.cn/finalpage/2025-11-25/1224822959.PDF,1224822959,审计机构
002108,沧州明珠,沧州明珠：沧州明珠关于续聘2025年度审计机构的公告,2025-11-25,http://static.cninfo.com.cn/finalpage/2025-11-25/1224822419.PDF,1224822419,审计机构
300678,中科信息,中科信息：关于续聘公司2025年度审计机构的公告,2025-11-25,http://static.cninfo.com.cn/finalpage/2025-11-25/1224824019.PDF,1224824019,审计机构
300795,米奥会展,米奥会展：关于聘请公司H股发行并上市的审计机构的公告,2025-11-25,http://static.cninfo.com.cn/finalpage/2025-11-25/1224823165.PDF,1224823165,审计机构
300123,亚光科技,亚光科技：关于聘任2025年度审计机构的公告,2025-11-24,http://static.cninfo.com.cn/finalpage/2025-11-24/1224821714.PDF,1224821714,审计机构
300825,阿尔特,阿尔特：关于续聘2025年度审计机构的公告,2025-11-22,http://static.cninfo.com.cn/finalpage/2025-11-22/1224819471.PDF,1224819471,审计机构
600501,航天晨光,航天晨光：航天晨光股份有限公司关于聘任2025年度审计机构的公告,2025-11-22,http://static.cninfo.com.cn/finalpage/2025-11-22/1224820977.PDF,1224820977,审计机构
600603,广汇物流,广汇物流：广汇物流股份有限公司关于聘请2025年度审计机构及审计费用标准的公告,2025-11-22,http://static.cninfo.com.cn/finalpage/2025-11-22/1224819514.PDF,1224819514,审计机构
688486,龙迅股份,龙迅股份：龙迅股份关于聘请H股发行及上市的审计机构的公告,2025-11-22,http://static.cninfo.com.cn/finalpage/2025-11-22/1224821379.PDF,1224821379,审计机构
002727,一心堂,一心堂：关于公司董事会完成换届选举并聘任高级管理人员、证券事务代表、内部审计机构负责人的公告,2025-11-21,http://static.cninfo.com.cn/finalpage/2025-11-21/1224817399.PDF,1224817399,审计机构
002723,小崧股份,小崧股份：关于续聘公司2025年度审计机构的公告,2025-11-20,http://static.cninfo.com.cn/finalpage/2025-11-20/1224815157.PDF,1224815157,审计机构
002128,电投能源,电投能源：关于新聘（变更）2025年度财务决算审计中介机构公告,2025-11-19,http://static.cninfo.com.cn/finalpage/2025-11-19/1224812827.PDF,1224812827,审计机构
600061,国投资本,国投资本：国投资本股份有限公司关于续聘2025年度财务报表审计机构和内部控制审计机构的公告,2025-11-19,http://static.cninfo.com.cn/finalpage/2025-11-19/1224812885.PDF,1224812885,审计机构
600373,中文传媒,中文传媒：中文传媒关于续聘公司2025年度财务报告审计机构及内部控制审计机构的公告,2025-11-19,http://static.cninfo.com.cn/finalpage/2025-11-19/1224813564.PDF,1224813564,审计机构
301178,天亿马,天亿马：关于续聘2025年度审计机构的公告,2025-11-19,http://static.cninfo.com.cn/finalpage/2025-11-19/1224814079.PDF,1224814079,审计机构
301176,逸豪新材,逸豪新材：关于续聘公司2025年度审计机构的公告,2025-11-19,http://static.cninfo.com.cn/finalpage/2025-11-19/1224813402.PDF,1224813402,审计机构
300268,*ST佳沃,*ST佳沃：关于拟续聘2025年度审计机构的公告,2025-11-18,http://static.cninfo.com.cn/finalpage/2025-11-18/1224809557.PDF,1224809557,审计机构
300408,三环集团,三环集团：关于公司聘请H股发行并上市审计机构的公告,2025-11-18,http://static.cninfo.com.cn/finalpage/2025-11-18/1224811517.PDF,1224811517,审计机构
001230,劲旅环境,劲旅环境：关于续聘2025年度财务审计机构和内部控制审计机构的公告,2025-11-18,http://static.cninfo.com.cn/finalpage/2025-11-18/1224809692.PDF,1224809692,审计机构
000917,电广传媒,电广传媒：关于续聘公司内部控制审计机构的公告,2025-11-15,http://static.cninfo.com.cn/finalpage/2025-11-15/1224808203.PDF,1224808203,审计机构
688266,泽璟制药,泽璟制药：泽璟制药关于聘请发行H股股票并上市的审计机构的公告,2025-11-15,http://static.cninfo.com.cn/finalpage/2025-11-15/1224806185.PDF,1224806185,审计机构
600368,五洲交通,五洲交通：五洲交通关于续聘2025年年度财务报表和内部控制审计机构的公告,2025-11-15,http://static.cninfo.com.cn/finalpage/2025-11-15/1224807963.PDF,1224807963,审计机构
002989,中天精装,中天精装：关于续聘2025年度审计机构的公告,2025-11-15,http://static.cninfo.com.cn/finalpage/2025-11-15/1224808123.PDF,1224808123,审计机构
300468,四方精创,四方精创：关于聘请H股发行上市审计机构的公告,2025-11-15,http://static.cninfo.com.cn/finalpage/2025-11-15/1224807193.PDF,1224807193,审计机构
300499,高澜股份,高澜股份：关于拟续聘2025年度审计机构的公告,2025-11-15,http://static.cninfo.com.cn/finalpage/2025-11-15/1224805474.PDF,1224805474,审计机构
300318,博晖创新,博晖创新：关于续聘2025年度审计机构的公告,2025-11-14,http://static.cninfo.com.cn/finalpage/2025-11-14/1224803819.PDF,1224803819,审计机构
002366,融发核电,融发核电：关于董事会完成换届选举及聘任公司高级管理人员、内部审计机构负责人、证券事务代表的公告,2025-11-14,http://static.cninfo.com.cn/finalpage/2025-11-14/1224804902.PDF,1224804902,审计机构
06049,保利物业,保利物业：更换审计机构,2025-11-13,http://static.cninfo.com.cn/finalpage/2025-11-13/1224804546.PDF,1224804546,审计机构
300606,金太阳,金太阳：关于拟续聘2025年度审计机构的公告,2025-11-13,http://static.cninfo.com.cn/finalpage/2025-11-13/1224802805.PDF,1224802805,审计机构
688208,道通科技,道通科技：道通科技关于聘请H股发行及上市审计机构的公告,2025-11-13,http://static.cninfo.com.cn/finalpage/2025-11-13/1224801894.PDF,1224801894,审计机构
688036,传音控股,传音控股：传音控股关于聘请H股发行并上市审计机构的公告,2025-11-13,http://static.cninfo.com.cn/finalpage/2025-11-13/1224801028.PDF,1224801028,审计机构
603983,丸美生物,丸美生物：广东丸美生物技术股份有限公司关于聘请H股发行上市审计机构的公告,2025-11-13,http://static.cninfo.com.cn/finalpage/2025-11-13/1224801742.PDF,1224801742,审计机构
301511,德福科技,德福科技：关于聘任2025年度财务审计机构的公告,2025-11-12,http://static.cninfo.com.cn/finalpage/2025-11-12/1224798529.PDF,1224798529,审计机构
300866,安克创新,安克创新：关于聘请H股发行上市审计机构的公告,2025-11-12,http://static.cninfo.com.cn/finalpage/2025-11-12/1224799523.PDF,1224799523,审计机构
002880,卫光生物,卫光生物：关于续聘2025年度审计机构的公告,2025-11-12,http://static.cninfo.com.cn/finalpage/2025-11-12/1224798274.PDF,1224798274,审计机构
002930,宏川智慧,宏川智慧：关于续聘2025年度审计机构的公告,2025-11-11,http://static.cninfo.com.cn/finalpage/2025-11-11/1224796769.PDF,1224796769,审计机构
300484,蓝海华腾,蓝海华腾：关于审计机构变更质量控制复核人的公告,2025-11-08,http://static.cninfo.com.cn/finalpage/2025-11-08/1224791941.PDF,1224791941,审计机构
300021,大禹节水,大禹节水：关于续聘公司2025年度审计机构的公告,2025-11-08,http://static.cninfo.com.cn/finalpage/2025-11-08/1224791914.PDF,1224791914,审计机构
002265,建设工业,建设工业：关于内部审计机构负责人辞职的公告,2025-11-08,http://static.cninfo.com.cn/finalpage/2025-11-08/1224792564.PDF,1224792564,审计机构
000989,九芝堂,九芝堂：关于选聘2025年度审计机构的公告,2025-11-07,http://static.cninfo.com.cn/finalpage/2025-11-07/1224790571.PDF,1224790571,审计机构
688292,浩瀚深度,浩瀚深度：北京浩瀚深度信息技术股份有限公司关于改聘公司2025年度审计机构的公告,2025-11-07,http://static.cninfo.com.cn/finalpage/2025-11-07/1224790157.PDF,1224790157,审计机构
688071,华依科技,华依科技：上海华依科技集团股份有限公司关于聘任2025年度审计机构的公告,2025-11-07,http://static.cninfo.com.cn/finalpage/2025-11-07/1224790505.PDF,1224790505,审计机构
000411,英特集团,英特集团：关于续聘2025年度财务报告及内部控制审计机构的公告,2025-11-06,http://static.cninfo.com.cn/finalpage/2025-11-06/1224787735.PDF,1224787735,审计机构
600829,人民同泰,人民同泰：关于审计机构变更项目合伙人的公告,2025-11-06,http://static.cninfo.com.cn/finalpage/2025-11-06/1224787806.PDF,1224787806,审计机构
301299,卓创资讯,卓创资讯：关于聘请H股发行并上市审计机构的公告,2025-11-05,http://static.cninfo.com.cn/finalpage/2025-11-05/1224786154.PDF,1224786154,审计机构
149763,21嘉投03,21嘉投03：浙商证券股份有限公司关于浙江嘉兴国有资本投资运营有限公司面向专业投资者公开发行公司债券2025年第三次临时受托管理事务报告（关于变更审计机构的事项）,2025-11-04,http://static.cninfo.com.cn/finalpage/2025-11-04/1224785698.PDF,1224785698,审计机构
149435,21嘉投02,21嘉投02：浙商证券股份有限公司关于浙江嘉兴国有资本投资运营有限公司面向专业投资者公开发行公司债券2025年第三次临时受托管理事务报告（关于变更审计机构的事项）,2025-11-04,http://static.cninfo.com.cn/finalpage/2025-11-04/1224785700.PDF,1224785700,审计机构
149318,20嘉投02,20嘉投02：浙商证券股份有限公司关于浙江嘉兴国有资本投资运营有限公司面向专业投资者公开发行公司债券2025年第三次临时受托管理事务报告（关于变更审计机构的事项）,2025-11-04,http://static.cninfo.com.cn/finalpage/2025-11-04/1224785699.PDF,1224785699,审计机构
600988,赤峰黄金,赤峰黄金：赤峰黄金关于董事会完成换届选举暨聘任高级管理人员、证券事务代表及内部审计机构负责人的公告,2025-11-01,http://static.cninfo.com.cn/finalpage/2025-11-01/1224781054.PDF,1224781054,审计机构
002463,沪电股份,沪电股份：关于拟聘请H股发行并上市的审计机构的公告,2025-11-01,http://static.cninfo.com.cn/finalpage/2025-11-01/1224781301.PDF,1224781301,审计机构
06693,赤峰黄金,赤峰黄金：赤峰黄金关於董事会完成换届选举暨聘任高级管理人员、证券事务代表及内部审计机构负责人的公告,2025-10-31,http://static.cninfo.com.cn/finalpage/2025-10-31/1224781710.PDF,1224781710,审计机构
149318,20嘉投02,20嘉投02：浙江嘉兴国有资本投资运营有限公司关于变更审计机构的公告,2025-10-31,http://static.cninfo.com.cn/finalpage/2025-10-31/1224780168.PDF,1224780168,审计机构
149763,21嘉投03,21嘉投03：浙江嘉兴国有资本投资运营有限公司关于变更审计机构的公告,2025-10-31,http://static.cninfo.com.cn/finalpage/2025-10-31/1224780167.PDF,1224780167,审计机构
149435,21嘉投02,21嘉投02：浙江嘉兴国有资本投资运营有限公司关于变更审计机构的公告,2025-10-31,http://static.cninfo.com.cn/finalpage/2025-10-31/1224780169.PDF,1224780169,审计机构
688031,星环科技,星环科技：关于变更2025年度审计机构的公告,2025-10-31,http://static.cninfo.com.cn/finalpage/2025-10-31/1224770182.PDF,1224770182,审计机构
002791,坚朗五金,坚朗五金：关于续聘2025年度审计机构的公告,2025-10-31,http://static.cninfo.com.cn/finalpage/2025-10-31/1224771344.PDF,1224771344,审计机构
600900,长江电力,长江电力：长江电力关于变更财务报表审计机构的公告,2025-10-31,http://static.cninfo.com.cn/finalpage/2025-10-31/1224776953.PDF,1224776953,审计机构
002726,龙大美食,龙大美食：关于聘任公司2025年度审计机构的公告,2025-10-31,http://static.cninfo.com.cn/finalpage/2025-10-31/1224772646.PDF,1224772646,审计机构
002815,崇达技术,崇达技术：关于续聘2025年度审计机构的公告,2025-10-31,http://static.cninfo.com.cn/finalpage/2025-10-31/1224770169.PDF,1224770169,审计机构
688157,松井股份,松井股份：松井股份关于续聘2025年度审计机构的公告,2025-10-31,http://static.cninfo.com.cn/finalpage/2025-10-31/1224772675.PDF,1224772675,审计机构
002629,仁智股份,仁智股份：关于续聘2025年度审计机构的公告,2025-10-31,http://static.cninfo.com.cn/finalpage/2025-10-31/1224770096.PDF,1224770096,审计机构
603520,司太立,司太立：司太立关于续聘公司2025年度审计机构的公告,2025-10-31,http://static.cninfo.com.cn/finalpage/2025-10-31/1224770791.PDF,1224770791,审计机构
002654,万润科技,万润科技：关于续聘2025年度审计机构的公告,2025-10-31,http://static.cninfo.com.cn/finalpage/2025-10-31/1224776544.PDF,1224776544,审计机构
688696,极米科技,极米科技：关于改聘公司2025年度审计机构的公告,2025-10-31,http://static.cninfo.com.cn/finalpage/2025-10-31/1224776823.PDF,1224776823,审计机构
600329,达仁堂,达仁堂：达仁堂关于续聘审计机构的公告,2025-10-31,http://static.cninfo.com.cn/finalpage/2025-10-31/1224772014.PDF,1224772014,审计机构
600905,三峡能源,三峡能源：中国三峡新能源（集团）股份有限公司关于聘请2025年度财务决算审计机构的公告,2025-10-31,http://static.cninfo.com.cn/finalpage/2025-10-31/1224776003.PDF,1224776003,审计机构
600877,电科芯片,电科芯片：中电科芯片技术股份有限公司关于聘任2025年度审计机构的公告,2025-10-31,http://static.cninfo.com.cn/finalpage/2025-10-31/1224775437.PDF,1224775437,审计机构
600765,中航重机,中航重机：中航重机关于聘请2025年度审计机构的公告,2025-10-31,http://static.cninfo.com.cn/finalpage/2025-10-31/1224775496.PDF,1224775496,审计机构
688472,阿特斯,阿特斯：阿特斯阳光电力集团股份有限公司关于续聘公司2025年度审计机构的公告,2025-10-31,http://static.cninfo.com.cn/finalpage/2025-10-31/1224776308.PDF,1224776308,审计机构
688550,瑞联新材,瑞联新材：关于聘任公司2025年度审计机构的公告,2025-10-31,http://static.cninfo.com.cn/finalpage/2025-10-31/1224775443.PDF,1224775443,审计机构
688316,青云科技,青云科技：关于续聘公司2025年度审计机构的公告,2025-10-31,http://static.cninfo.com.cn/finalpage/2025-10-31/1224777500.PDF,1224777500,审计机构
688102,斯瑞新材,斯瑞新材：关于续聘公司2025年度审计机构的公告,2025-10-30,http://static.cninfo.com.cn/finalpage/2025-10-30/1224761782.PDF,1224761782,审计机构
300264,佳创视讯,佳创视讯：关于续聘2025年度审计机构的公告,2025-10-30,http://static.cninfo.com.cn/finalpage/2025-10-30/1224760964.PDF,1224760964,审计机构
688093,世华科技,世华科技：关于续聘2025年度审计机构的公告,2025-10-30,http://static.cninfo.com.cn/finalpage/2025-10-30/1224765054.PDF,1224765054,审计机构
000969,安泰科技,安泰科技：安泰科技股份有限公司关于续聘2025年度财务审计和内控审计机构的公告,2025-10-30,http://static.cninfo.com.cn/finalpage/2025-10-30/1224759471.PDF,1224759471,审计机构
002600,领益智造,领益智造：关于聘请H股发行上市审计机构的公告,2025-10-30,http://static.cninfo.com.cn/finalpage/2025-10-30/1224767004.PDF,1224767004,审计机构
002955,鸿合科技,鸿合科技：关于续聘2025年度审计机构的公告,2025-10-30,http://static.cninfo.com.cn/finalpage/2025-10-30/1224759358.PDF,1224759358,审计机构
300921,南凌科技,南凌科技：关于公司续聘2025年度审计机构的公告,2025-10-30,http://static.cninfo.com.cn/finalpage/2025-10-30/1224766054.PDF,1224766054,审计机构
300063,天龙集团,天龙集团：关于拟续聘公司2025年度审计机构的公告,2025-10-30,http://static.cninfo.com.cn/finalpage/2025-10-30/1224765576.PDF,1224765576,审计机构
300522,世名科技,世名科技：苏州世名科技股份有限公司关于续聘公司2025年度审计机构的公告,2025-10-30,http://static.cninfo.com.cn/finalpage/2025-10-30/1224762387.PDF,1224762387,审计机构
300007,汉威科技,汉威科技：关于聘请H股发行并上市审计机构的公告,2025-10-30,http://static.cninfo.com.cn/finalpage/2025-10-30/1224764039.PDF,1224764039,审计机构
002134,天津普林,天津普林：关于续聘2025年度审计机构的公告,2025-10-30,http://static.cninfo.com.cn/finalpage/2025-10-30/1224765528.PDF,1224765528,审计机构
301377,鼎泰高科,鼎泰高科：关于聘请H股发行上市审计机构的公告（2025-057）,2025-10-30,http://static.cninfo.com.cn/finalpage/2025-10-30/1224768258.PDF,1224768258,审计机构
688011,新光光电,新光光电：哈尔滨新光光电科技股份有限公司关于续聘2025年度审计机构的公告,2025-10-30,http://static.cninfo.com.cn/finalpage/2025-10-30/1224764710.PDF,1224764710,审计机构
300438,鹏辉能源,鹏辉能源：关于续聘2025年度审计机构的公告,2025-10-30,http://static.cninfo.com.cn/finalpage/2025-10-30/1224767209.PDF,1224767209,审计机构
002583,海能达,海能达：关于续聘2025年度财务审计机构和内部控制审计机构的公告,2025-10-30,http://static.cninfo.com.cn/finalpage/2025-10-30/1224766677.PDF,1224766677,审计机构
003025,思进智能,思进智能：关于聘任公司2025年度审计机构的公告,2025-10-30,http://static.cninfo.com.cn/finalpage/2025-10-30/1224764615.PDF,1224764615,审计机构
688319,欧林生物,欧林生物：成都欧林生物科技股份有限公司关于聘请发行H股并上市的审计机构的公告,2025-10-30,http://static.cninfo.com.cn/finalpage/2025-10-30/1224765311.PDF,1224765311,审计机构
603122,合富中国,合富中国：合富中国关于续聘2025年度审计机构的公告,2025-10-30,http://static.cninfo.com.cn/finalpage/2025-10-30/1224762802.PDF,1224762802,审计机构
688151,华强科技,华强科技：湖北华强科技股份有限公司关于续聘2025年度审计机构的公告,2025-10-30,http://static.cninfo.com.cn/finalpage/2025-10-30/1224765032.PDF,1224765032,审计机构
688030,山石网科,山石网科：关于续聘公司2025年度审计机构的公告,2025-10-30,http://static.cninfo.com.cn/finalpage/2025-10-30/1224762835.PDF,1224762835,审计机构
300365,恒华科技,恒华科技：关于续聘2025年度审计机构的公告,2025-10-29,http://static.cninfo.com.cn/finalpage/2025-10-29/1224749921.PDF,1224749921,审计机构
002908,德生科技,德生科技：关于续聘2025年度审计机构的公告,2025-10-29,http://static.cninfo.com.cn/finalpage/2025-10-29/1224750779.PDF,1224750779,审计机构
002634,棒杰股份,棒杰股份：关于变更内部审计机构负责人的公告,2025-10-29,http://static.cninfo.com.cn/finalpage/2025-10-29/1224753245.PDF,1224753245,审计机构
920982,锦波生物,[临时公告]锦波生物:关于审计机构变更质量控制复核人的公告,2025-10-29,http://static.cninfo.com.cn/finalpage/2025-10-29/1224767949.PDF,1224767949,审计机构
300537,广信材料,广信材料：关于拟续聘2025年度财务审计机构及内控审计机构的公告,2025-10-29,http://static.cninfo.com.cn/finalpage/2025-10-29/1224754325.PDF,1224754325,审计机构
301080,百普赛斯,百普赛斯：关于聘请公司发行H股股票并在香港联合交易所有限公司上市审计机构的公告,2025-10-29,http://static.cninfo.com.cn/finalpage/2025-10-29/1224754619.PDF,1224754619,审计机构
002779,中坚科技,中坚科技：关于聘请H股发行上市审计机构的公告,2025-10-29,http://static.cninfo.com.cn/finalpage/2025-10-29/1224752264.PDF,1224752264,审计机构
300281,金明精机,金明精机：关于续聘公司2025年度审计机构的公告,2025-10-29,http://static.cninfo.com.cn/finalpage/2025-10-29/1224752641.PDF,1224752641,审计机构
002218,拓日新能,拓日新能：关于聘任2025年度审计机构的公告,2025-10-29,http://static.cninfo.com.cn/finalpage/2025-10-29/1224755065.PDF,1224755065,审计机构
688083,中望软件,中望软件：关于年度审计机构变更项目质量控制复核人员的公告,2025-10-29,http://static.cninfo.com.cn/finalpage/2025-10-29/1224748276.PDF,1224748276,审计机构
300094,国联水产,国联水产：关于续聘2025年度审计机构的公告,2025-10-29,http://static.cninfo.com.cn/finalpage/2025-10-29/1224749321.PDF,1224749321,审计机构
002689,远大智能,远大智能：关于拟续聘2025年度审计机构的公告,2025-10-29,http://static.cninfo.com.cn/finalpage/2025-10-29/1224749647.PDF,1224749647,审计机构
002689,远大智能,远大智能：董事会审计委员会关于公司续聘2025年度审计机构的履职情况说明,2025-10-29,http://static.cninfo.com.cn/finalpage/2025-10-29/1224749648.PDF,1224749648,审计机构
002888,惠威科技,惠威科技：关于续聘2025年度审计机构的公告,2025-10-29,http://static.cninfo.com.cn/finalpage/2025-10-29/1224751196.PDF,1224751196,审计机构
301136,招标股份,招标股份：关于续聘2025年度审计机构的公告,2025-10-29,http://static.cninfo.com.cn/finalpage/2025-10-29/1224753260.PDF,1224753260,审计机构
002528,ST英飞拓,ST英飞拓：132025-055 英飞拓：关于续聘2025年度审计机构的公告,2025-10-29,http://static.cninfo.com.cn/finalpage/2025-10-29/1224751172.PDF,1224751172,审计机构
003031,中瓷电子,中瓷电子：关于聘请2025年度审计机构的公告,2025-10-29,http://static.cninfo.com.cn/finalpage/2025-10-29/1224749442.PDF,1224749442,审计机构
301381,赛维时代,赛维时代：关于续聘2025年度审计机构的公告,2025-10-29,http://static.cninfo.com.cn/finalpage/2025-10-29/1224754984.PDF,1224754984,审计机构
300446,航天智造,航天智造：关于续聘2025年度审计机构的公告,2025-10-29,http://static.cninfo.com.cn/finalpage/2025-10-29/1224752438.PDF,1224752438,审计机构
688329,艾隆科技,艾隆科技：艾隆科技关于续聘2025年度审计机构的公告,2025-10-28,http://static.cninfo.com.cn/finalpage/2025-10-28/1224739921.PDF,1224739921,审计机构
002993,奥海科技,奥海科技：关于聘任2025年度财务及内控审计机构的公告,2025-10-28,http://static.cninfo.com.cn/finalpage/2025-10-28/1224745886.PDF,1224745886,审计机构
301078,孩子王,孩子王：关于聘请H股发行并上市审计机构的公告,2025-10-28,http://static.cninfo.com.cn/finalpage/2025-10-28/1224743391.PDF,1224743391,审计机构
300506,*ST名家,*ST名家：关于续聘2025年度审计机构的公告,2025-10-28,http://static.cninfo.com.cn/finalpage/2025-10-28/1224747846.PDF,1224747846,审计机构
002315,焦点科技,焦点科技：关于续聘2025年度审计机构的公告,2025-10-28,http://static.cninfo.com.cn/finalpage/2025-10-28/1224738441.PDF,1224738441,审计机构
002139,拓邦股份,拓邦股份：关于续聘2025年度审计机构的公告,2025-10-28,http://static.cninfo.com.cn/finalpage/2025-10-28/1224745139.PDF,1224745139,审计机构
301261,恒工精密,恒工精密：关于续聘2025年度审计机构的公告,2025-10-28,http://static.cninfo.com.cn/finalpage/2025-10-28/1224740643.PDF,1224740643,审计机构
002412,汉森制药,汉森制药：关于公司拟续聘2025年度审计机构的公告,2025-10-28,http://static.cninfo.com.cn/finalpage/2025-10-28/1224741499.PDF,1224741499,审计机构
300935,盈建科,盈建科：关于续聘2025年度审计机构的公告,2025-10-28,http://static.cninfo.com.cn/finalpage/2025-10-28/1224744640.PDF,1224744640,审计机构
301486,致尚科技,致尚科技：关于续聘公司2025年度审计机构的公告,2025-10-28,http://static.cninfo.com.cn/finalpage/2025-10-28/1224745979.PDF,1224745979,审计机构
002840,华统股份,华统股份：关于变更内部审计机构负责人的公告,2025-10-28,http://static.cninfo.com.cn/finalpage/2025-10-28/1224739675.PDF,1224739675,审计机构
002881,美格智能,美格智能：关于续聘2025年度审计机构的公告,2025-10-28,http://static.cninfo.com.cn/finalpage/2025-10-28/1224742856.PDF,1224742856,审计机构
000886,海南高速,海南高速：审计机构就本次重组交易作出的声明,2025-10-28,http://static.cninfo.com.cn/finalpage/2025-10-28/1224747476.PDF,1224747476,审计机构
920491,奥迪威,[临时公告]奥迪威:关于聘请H股发行及上市审计机构的公告,2025-10-28,http://static.cninfo.com.cn/finalpage/2025-10-28/1224756170.PDF,1224756170,审计机构
688503,聚和材料,聚和材料：关于变更2025年度审计机构的公告,2025-10-28,http://static.cninfo.com.cn/finalpage/2025-10-28/1224742448.PDF,1224742448,审计机构
000025,特  力Ａ,特  力Ａ：关于续聘2025年度审计机构的公告,2025-10-28,http://static.cninfo.com.cn/finalpage/2025-10-28/1224745069.PDF,1224745069,审计机构
300570,太辰光,太辰光：关于续聘2025年度审计机构的公告,2025-10-28,http://static.cninfo.com.cn/finalpage/2025-10-28/1224747448.PDF,1224747448,审计机构
300925,法本信息,法本信息：关于续聘公司2025年度审计机构的公告,2025-10-28,http://static.cninfo.com.cn/finalpage/2025-10-28/1224740172.PDF,1224740172,审计机构
002057,中钢天源,中钢天源：关于续聘2025年度审计机构的公告,2025-10-27,http://static.cninfo.com.cn/finalpage/2025-10-27/1224732394.PDF,1224732394,审计机构
300017,网宿科技,网宿科技：关于聘请2025年度审计机构的公告,2025-10-27,http://static.cninfo.com.cn/finalpage/2025-10-27/1224734215.PDF,1224734215,审计机构
300387,富邦科技,富邦科技：关于聘任公司2025年度审计机构的公告,2025-10-27,http://static.cninfo.com.cn/finalpage/2025-10-27/1224733732.PDF,1224733732,审计机构
301512,智信精密,智信精密：关于续聘2025年度审计机构的公告,2025-10-27,http://static.cninfo.com.cn/finalpage/2025-10-27/1224735858.PDF,1224735858,审计机构
301321,翰博高新,翰博高新：关于续聘公司2025年度审计机构的公告,2025-10-27,http://static.cninfo.com.cn/finalpage/2025-10-27/1224732373.PDF,1224732373,审计机构
002438,江苏神通,江苏神通：关于聘请2025年度审计机构的公告,2025-10-27,http://static.cninfo.com.cn/finalpage/2025-10-27/1224732527.PDF,1224732527,审计机构
688088,虹软科技,虹软科技：关于续聘2025年度审计机构的公告,2025-10-25,http://static.cninfo.com.cn/finalpage/2025-10-25/1224736918.PDF,1224736918,审计机构
300317,珈伟新能,珈伟新能：关于拟续聘2025年审计机构的公告,2025-10-25,http://static.cninfo.com.cn/finalpage/2025-10-25/1224731079.PDF,1224731079,审计机构
601399,国机重装,国机重装：国机重装关于聘任2025年度财务决算审计机构和内部控制审计机构的公告,2025-10-25,http://static.cninfo.com.cn/finalpage/2025-10-25/1224731872.PDF,1224731872,审计机构
002281,光迅科技,光迅科技：武汉光迅科技股份有限公司关于拟续聘2025年度审计机构的公告,2025-10-25,http://static.cninfo.com.cn/finalpage/2025-10-25/1224733924.PDF,1224733924,审计机构
002416,爱施德,爱施德：关于续聘公司2025年度审计机构的公告,2025-10-25,http://static.cninfo.com.cn/finalpage/2025-10-25/1224735764.PDF,1224735764,审计机构
300603,立昂技术,立昂技术：关于续聘2025年度审计机构的公告,2025-10-25,http://static.cninfo.com.cn/finalpage/2025-10-25/1224733803.PDF,1224733803,审计机构
600917,重庆燃气,重庆燃气：重庆燃气关于续聘审计机构的公告,2025-10-25,http://static.cninfo.com.cn/finalpage/2025-10-25/1224731882.PDF,1224731882,审计机构
300311,ST任子行,ST任子行：关于续聘2025年度审计机构的公告,2025-10-25,http://static.cninfo.com.cn/finalpage/2025-10-25/1224734728.PDF,1224734728,审计机构
300103,达刚控股,达刚控股：关于续聘2025年度审计机构的公告,2025-10-25,http://static.cninfo.com.cn/finalpage/2025-10-25/1224733433.PDF,1224733433,审计机构
000599,青岛双星,青岛双星：关于续聘公司2025年度审计机构的公告,2025-10-25,http://static.cninfo.com.cn/finalpage/2025-10-25/1224734659.PDF,1224734659,审计机构
300778,新城市,新城市：关于续聘公司2025年度审计机构的公告,2025-10-24,http://static.cninfo.com.cn/finalpage/2025-10-24/1224732200.PDF,1224732200,审计机构
000798,中水渔业,中水渔业：关于续聘2025年度审计机构的公告,2025-10-24,http://static.cninfo.com.cn/finalpage/2025-10-24/1224727800.PDF,1224727800,审计机构
300407,凯发电气,凯发电气：关于聘任2025年度以简易程序向特定对象发行股票专项审计机构的公告,2025-10-23,http://static.cninfo.com.cn/finalpage/2025-10-23/1224724500.PDF,1224724500,审计机构
300557,理工光科,理工光科：关于续聘2025年度财务审计机构的公告,2025-10-23,http://static.cninfo.com.cn/finalpage/2025-10-23/1224724533.PDF,1224724533,审计机构
002402,和而泰,和而泰：关于续聘2025年度财务审计机构的公告,2025-10-23,http://static.cninfo.com.cn/finalpage/2025-10-23/1224726112.PDF,1224726112,审计机构
600302,标准股份,标准股份：标准股份关于审计机构变更项目质量复核人的公告,2025-10-23,http://static.cninfo.com.cn/finalpage/2025-10-23/1224726544.PDF,1224726544,审计机构
300293,蓝英装备,蓝英装备：关于续聘2025年度审计机构的公告,2025-10-23,http://static.cninfo.com.cn/finalpage/2025-10-23/1224725245.PDF,1224725245,审计机构
01354,经发物业,经发物业：(1) 於2025 年10 月22日举行之临时股东大会投票结果；(2)更换审计机构；及(3)取消监事会,2025-10-22,http://static.cninfo.com.cn/finalpage/2025-10-22/1224726799.PDF,1224726799,审计机构
300859,西域旅游,西域旅游：关于聘任2025年度财务报表和内部控制审计机构的公告,2025-10-22,http://static.cninfo.com.cn/finalpage/2025-10-22/1224723482.PDF,1224723482,审计机构
002204,大连重工,大连重工：关于续聘2025年度审计机构的公告,2025-10-22,http://static.cninfo.com.cn/finalpage/2025-10-22/1224723421.PDF,1224723421,审计机构
002016,世荣兆业,世荣兆业：关于内部审计机构负责人辞职的公告,2025-10-18,http://static.cninfo.com.cn/finalpage/2025-10-18/1224717688.PDF,1224717688,审计机构
002716,湖南白银,湖南白银：关于拟聘请2025年度审计机构的公告,2025-10-17,http://static.cninfo.com.cn/finalpage/2025-10-17/1224717054.PDF,1224717054,审计机构
600880,博瑞传播,博瑞传播：博瑞传播关于续聘2025年度财务和内部控制审计机构的公告,2025-10-17,http://static.cninfo.com.cn/finalpage/2025-10-17/1224716366.PDF,1224716366,审计机构
002628,成都路桥,成都路桥：关于续聘2025年度审计机构的公告,2025-10-17,http://static.cninfo.com.cn/finalpage/2025-10-17/1224716938.PDF,1224716938,审计机构
603698,航天工程,航天工程：航天工程公司关于聘任公司2025年度审计机构的公告,2025-10-17,http://static.cninfo.com.cn/finalpage/2025-10-17/1224716394.PDF,1224716394,审计机构
600777,*ST新潮,*ST新潮：山东新潮能源股份有限公司关于聘任2025年度审计机构的公告,2025-10-16,http://static.cninfo.com.cn/finalpage/2025-10-16/1224714320.PDF,1224714320,审计机构
688380,中微半导,中微半导：关于续聘2025年度审计机构的公告,2025-10-16,http://static.cninfo.com.cn/finalpage/2025-10-16/1224715290.PDF,1224715290,审计机构
002911,佛燃能源,佛燃能源：关于续聘公司审计机构的公告,2025-10-16,http://static.cninfo.com.cn/finalpage/2025-10-16/1224715332.PDF,1224715332,审计机构
688373,盟科药业,盟科药业：上海盟科药业股份有限公司关于聘任2025年度审计机构的公告,2025-10-16,http://static.cninfo.com.cn/finalpage/2025-10-16/1224714367.PDF,1224714367,审计机构
002384,东山精密,东山精密：关于公司聘请H股发行及上市审计机构的公告,2025-10-16,http://static.cninfo.com.cn/finalpage/2025-10-16/1224714527.PDF,1224714527,审计机构
600192,长城电工,长城电工：长城电工关于续聘2025年度审计机构的公告,2025-10-16,http://static.cninfo.com.cn/finalpage/2025-10-16/1224713000.PDF,1224713000,审计机构
688302,海创药业,海创药业：关于变更公司2025年度财务报告及内部控制审计机构的公告,2025-10-15,http://static.cninfo.com.cn/finalpage/2025-10-15/1224711384.PDF,1224711384,审计机构
300760,迈瑞医疗,迈瑞医疗：关于聘请H股发行并上市审计机构的公告,2025-10-15,http://static.cninfo.com.cn/finalpage/2025-10-15/1224712066.PDF,1224712066,审计机构
000030,富奥股份,富奥股份：关于年度审计机构变更项目质量复核合伙人的公告,2025-10-15,http://static.cninfo.com.cn/finalpage/2025-10-15/1224710613.PDF,1224710613,审计机构
600742,富维股份,富维股份：关于年度审计机构变更项目质量复核合伙人的公告,2025-10-15,http://static.cninfo.com.cn/finalpage/2025-10-15/1224711834.PDF,1224711834,审计机构
002088,鲁阳节能,鲁阳节能：关于聘任2025年度审计机构的公告,2025-10-15,http://static.cninfo.com.cn/finalpage/2025-10-15/1224712245.PDF,1224712245,审计机构
300132,青松股份,青松股份：关于拟续聘2025年度审计机构的公告,2025-10-14,http://static.cninfo.com.cn/finalpage/2025-10-14/1224710120.PDF,1224710120,审计机构
300395,菲利华,菲利华：关于聘任2025年度以简易程序向特定对象发行股票专项审计机构的公告,2025-10-14,http://static.cninfo.com.cn/finalpage/2025-10-14/1224708403.PDF,1224708403,审计机构
002671,龙泉股份,龙泉股份：关于续聘2025年度审计机构的公告,2025-10-14,http://static.cninfo.com.cn/finalpage/2025-10-14/1224708021.PDF,1224708021,审计机构
002643,万润股份,万润股份：关于续聘2025年度审计机构的公告,2025-10-14,http://static.cninfo.com.cn/finalpage/2025-10-14/1224709959.PDF,1224709959,审计机构
688426,康为世纪,康为世纪：关于续聘公司2025年度财务审计机构及内控审计机构的公告,2025-10-14,http://static.cninfo.com.cn/finalpage/2025-10-14/1224708494.PDF,1224708494,审计机构
605388,均瑶健康,均瑶健康：湖北均瑶大健康饮品股份有限公司关于聘任公司2025年度审计机构的公告,2025-10-14,http://static.cninfo.com.cn/finalpage/2025-10-14/1224709813.PDF,1224709813,审计机构
300731,科创新源,科创新源：深圳科创新源新材料股份有限公司关于续聘2025年度审计机构的公告,2025-10-11,http://static.cninfo.com.cn/finalpage/2025-10-11/1224705794.PDF,1224705794,审计机构
000676,智度股份,智度股份：关于续聘2025年度审计机构的公告,2025-10-11,http://static.cninfo.com.cn/finalpage/2025-10-11/1224706661.PDF,1224706661,审计机构
000885,城发环境,城发环境：城发环境股份有限公司关于续聘公司2025年度审计机构的公告,2025-10-11,http://static.cninfo.com.cn/finalpage/2025-10-11/1224704399.PDF,1224704399,审计机构
002285,世联行,世联行：关于续聘2025年度审计机构的公告,2025-10-11,http://static.cninfo.com.cn/finalpage/2025-10-11/1224705579.PDF,1224705579,审计机构
603605,珀莱雅,珀莱雅：珀莱雅化妆品股份有限公司关于聘请H股发行上市审计机构的公告,2025-10-11,http://static.cninfo.com.cn/finalpage/2025-10-11/1224704999.PDF,1224704999,审计机构
300850,新强联,新强联：关于续聘公司2025年度审计机构的公告,2025-10-11,http://static.cninfo.com.cn/finalpage/2025-10-11/1224706708.PDF,1224706708,审计机构
601825,沪农商行,沪农商行：上海农村商业银行股份有限公司关于副董事长、行长，总审计师任职资格获监管机构核准的公告,2025-10-10,http://static.cninfo.com.cn/finalpage/2025-10-10/1224701460.PDF,1224701460,审计机构
603213,镇洋发展,镇洋发展：浙江镇洋发展股份有限公司关于续聘2025年度财务审计机构的公告,2025-10-10,http://static.cninfo.com.cn/finalpage/2025-10-10/1224701608.PDF,1224701608,审计机构
300757,罗博特科,罗博特科：关于聘请H股发行并上市审计机构的公告,2025-10-09,http://static.cninfo.com.cn/finalpage/2025-10-09/1224701224.PDF,1224701224,审计机构
002163,海南发展,海南发展：2025-092 关于续聘2025年度审计机构的公告,2025-10-09,http://static.cninfo.com.cn/finalpage/2025-10-09/1224695519.PDF,1224695519,审计机构
001283,豪鹏科技,豪鹏科技：关于续聘公司2025年度财务报告审计机构和内部控制审计机构的公告,2025-10-09,http://static.cninfo.com.cn/finalpage/2025-10-09/1224695089.PDF,1224695089,审计机构
01354,经发物业,经发物业：有关建议更换审计机构之补充公告,2025-10-08,http://static.cninfo.com.cn/finalpage/2025-10-08/1224701108.PDF,1224701108,审计机构
01354,经发物业,经发物业：(1)建议委任审计机构(2)建议取消监事会及修订《公司章程》及(3)临时股东大会通告,2025-10-01,http://static.cninfo.com.cn/finalpage/2025-10-01/1224697796.PDF,1224697796,审计机构
01354,经发物业,经发物业：建议更换审计机构、建议取消监事会及修订《公司章程》,2025-10-01,http://static.cninfo.com.cn/finalpage/2025-10-01/1224697788.PDF,1224697788,审计机构
601678,滨化股份,滨化股份：滨化股份关于聘请发行H股股票并在香港联合交易所有限公司上市审计机构的公告,2025-10-01,http://static.cninfo.com.cn/finalpage/2025-10-01/1224696020.PDF,1224696020,审计机构
688136,科兴制药,科兴制药：关于聘请H股发行上市审计机构的公告,2025-10-01,http://static.cninfo.com.cn/finalpage/2025-10-01/1224696468.PDF,1224696468,审计机构
300765,新诺威,新诺威：关于聘请H股发行并上市审计机构的公告,2025-10-01,http://static.cninfo.com.cn/finalpage/2025-10-01/1224696529.PDF,1224696529,审计机构
688130,晶华微,晶华微：晶华微关于续聘2025年度审计机构的公告,2025-10-01,http://static.cninfo.com.cn/finalpage/2025-10-01/1224696845.PDF,1224696845,审计机构
603056,德邦股份,德邦股份：德邦物流股份有限公司关于续聘2025年度审计机构的公告,2025-10-01,http://static.cninfo.com.cn/finalpage/2025-10-01/1224696795.PDF,1224696795,审计机构
603317,天味食品,天味食品：关于聘请H股发行及上市审计机构的公告,2025-10-01,http://static.cninfo.com.cn/finalpage/2025-10-01/1224696671.PDF,1224696671,审计机构
603363,傲农生物,傲农生物：福建傲农生物科技集团股份有限公司关于续聘2025年度审计机构的公告,2025-09-30,http://static.cninfo.com.cn/finalpage/2025-09-30/1224691770.PDF,1224691770,审计机构
002059,云南旅游,云南旅游：云南旅游股份有限公司关于续聘2025年度审计机构及内部控制审计机构的公告,2025-09-30,http://static.cninfo.com.cn/finalpage/2025-09-30/1224693624.PDF,1224693624,审计机构
600336,澳柯玛,澳柯玛：澳柯玛股份有限公司关于续聘2025年度审计机构的公告,2025-09-30,http://static.cninfo.com.cn/finalpage/2025-09-30/1224690423.PDF,1224690423,审计机构
688569,铁科轨道,铁科轨道：铁科轨道关于变更2025年度审计机构的公告,2025-09-30,http://static.cninfo.com.cn/finalpage/2025-09-30/1224690218.PDF,1224690218,审计机构
000683,博源化工,博源化工：关于续聘2025年度审计机构的公告,2025-09-30,http://static.cninfo.com.cn/finalpage/2025-09-30/1224691486.PDF,1224691486,审计机构
002329,皇氏集团,皇氏集团：关于续聘2025年度审计机构的公告,2025-09-30,http://static.cninfo.com.cn/finalpage/2025-09-30/1224693475.PDF,1224693475,审计机构
002092,中泰化学,中泰化学：关于聘任2025年度审计机构的公告,2025-09-30,http://static.cninfo.com.cn/finalpage/2025-09-30/1224692713.PDF,1224692713,审计机构
300613,富瀚微,富瀚微：关于聘请H股发行并上市的审计机构的公告,2025-09-30,http://static.cninfo.com.cn/finalpage/2025-09-30/1224691493.PDF,1224691493,审计机构
300326,ST凯利,ST凯利：关于公司续聘财务审计机构的公告,2025-09-30,http://static.cninfo.com.cn/finalpage/2025-09-30/1224693301.PDF,1224693301,审计机构
001279,强邦新材,强邦新材：关于续聘 2025年度审计机构的公告,2025-09-30,http://static.cninfo.com.cn/finalpage/2025-09-30/1224688897.PDF,1224688897,审计机构
002166,莱茵生物,莱茵生物：关于变更2025年度审计机构项目质量控制复核人的公告,2025-09-30,http://static.cninfo.com.cn/finalpage/2025-09-30/1224690718.PDF,1224690718,审计机构
002809,红墙股份,红墙股份：关于续聘2025年度审计机构的公告,2025-09-30,http://static.cninfo.com.cn/finalpage/2025-09-30/1224689657.PDF,1224689657,审计机构
600900,长江电力,长江电力：长江电力关于魏玲女士不再担任内部审计机构负责人的公告,2025-09-29,http://static.cninfo.com.cn/finalpage/2025-09-29/1224687649.PDF,1224687649,审计机构
000828,东莞控股,东莞控股：关于续聘审计机构的公告,2025-09-29,http://static.cninfo.com.cn/finalpage/2025-09-29/1224687685.PDF,1224687685,审计机构
301516,中远通,中远通：关于聘任公司2025年度审计机构的公告,2025-09-29,http://static.cninfo.com.cn/finalpage/2025-09-29/1224684484.PDF,1224684484,审计机构
688166,博瑞医药,博瑞医药：关于聘请发行H股股票并在香港联合交易所有限公司上市审计机构的公告,2025-09-27,http://static.cninfo.com.cn/finalpage/2025-09-27/1224687535.PDF,1224687535,审计机构
002683,广东宏大,广东宏大：关于拟聘请2025年度审计机构的公告,2025-09-27,http://static.cninfo.com.cn/finalpage/2025-09-27/1224683633.PDF,1224683633,审计机构
688047,龙芯中科,龙芯中科：龙芯中科关于续聘2025年度审计机构的公告,2025-09-27,http://static.cninfo.com.cn/finalpage/2025-09-27/1224686351.PDF,1224686351,审计机构
600398,海澜之家,海澜之家：海澜之家集团股份有限公司关于聘请H股发行及上市审计机构的公告,2025-09-27,http://static.cninfo.com.cn/finalpage/2025-09-27/1224686353.PDF,1224686353,审计机构
300675,建科院,建科院：关于拟变更2025年度审计机构的公告,2025-09-27,http://static.cninfo.com.cn/finalpage/2025-09-27/1224684795.PDF,1224684795,审计机构
300656,民德电子,民德电子：关于续聘公司2025年度审计机构的公告,2025-09-25,http://static.cninfo.com.cn/finalpage/2025-09-25/1224681198.PDF,1224681198,审计机构
688280,精进电动,精进电动：精进电动科技股份有限公司关于续聘2025年度审计机构的公告,2025-09-25,http://static.cninfo.com.cn/finalpage/2025-09-25/1224679048.PDF,1224679048,审计机构
688160,步科股份,步科股份：关于续聘2025年度审计机构的公告,2025-09-25,http://static.cninfo.com.cn/finalpage/2025-09-25/1224679434.PDF,1224679434,审计机构
002151,北斗星通,北斗星通：关于续聘2025年度审计机构的公告,2025-09-25,http://static.cninfo.com.cn/finalpage/2025-09-25/1224678700.PDF,1224678700,审计机构
301045,天禄科技,天禄科技：关于续聘公司2025年度审计机构的公告,2025-09-25,http://static.cninfo.com.cn/finalpage/2025-09-25/1224678247.PDF,1224678247,审计机构
300987,川网传媒,川网传媒：关于公司聘任2025年度审计机构的公告,2025-09-24,http://static.cninfo.com.cn/finalpage/2025-09-24/1224677578.PDF,1224677578,审计机构
300774,倍杰特,倍杰特：关于续聘2025年度财务及内部控制审计机构的公告,2025-09-24,http://static.cninfo.com.cn/finalpage/2025-09-24/1224676303.PDF,1224676303,审计机构
300315,掌趣科技,掌趣科技：关于续聘公司2025年度审计机构的公告,2025-09-24,http://static.cninfo.com.cn/finalpage/2025-09-24/1224677676.PDF,1224677676,审计机构
688525,佰维存储,佰维存储：关于聘请H股发行并上市审计机构的公告,2025-09-23,http://static.cninfo.com.cn/finalpage/2025-09-23/1224675508.PDF,1224675508,审计机构
300480,光力科技,光力科技：光力科技股份有限公司关于续聘公司2025年度审计机构的公告,2025-09-23,http://static.cninfo.com.cn/finalpage/2025-09-23/1224673914.PDF,1224673914,审计机构
301508,中机认检,中机认检：中机寰宇认证检验股份有限公司关于聘任总工程师、副总经理和变更内部审计机构负责人的公告,2025-09-22,http://static.cninfo.com.cn/finalpage/2025-09-22/1224673856.PDF,1224673856,审计机构
301345,涛涛车业,涛涛车业：关于聘请H股股票发行并上市审计机构的公告,2025-09-20,http://static.cninfo.com.cn/finalpage/2025-09-20/1224672413.PDF,1224672413,审计机构
300313,*ST天山,*ST天山：关于聘任公司2025年度审计机构的公告,2025-09-20,http://static.cninfo.com.cn/finalpage/2025-09-20/1224671844.PDF,1224671844,审计机构
688123,聚辰股份,聚辰股份：聚辰股份关于续聘2025年度外部审计机构的公告,2025-09-20,http://static.cninfo.com.cn/finalpage/2025-09-20/1224670993.PDF,1224670993,审计机构
002774,快意电梯,快意电梯：关于拟续聘2025年度审计机构的公告,2025-09-19,http://static.cninfo.com.cn/finalpage/2025-09-19/1224669571.PDF,1224669571,审计机构
600845,宝信软件,宝信软件：续聘2025年度财务和内部控制审计机构的公告,2025-09-16,http://static.cninfo.com.cn/finalpage/2025-09-16/1224661856.PDF,1224661856,审计机构
300830,金现代,金现代：关于聘任2025年度审计机构的公告,2025-09-13,http://static.cninfo.com.cn/finalpage/2025-09-13/1224657544.PDF,1224657544,审计机构
002347,泰尔股份,泰尔股份：关于董事会完成换届选举及聘任名誉董事长、高级管理人员、证券事务代表、内部审计机构负责人的公告,2025-09-13,http://static.cninfo.com.cn/finalpage/2025-09-13/1224657927.PDF,1224657927,审计机构
002898,*ST赛隆,*ST赛隆：关于续聘公司2025年度审计机构的公告,2025-09-13,http://static.cninfo.com.cn/finalpage/2025-09-13/1224656697.PDF,1224656697,审计机构
601777,千里科技,千里科技：重庆千里科技股份有限公司关于聘请H股发行上市审计机构的公告,2025-09-13,http://static.cninfo.com.cn/finalpage/2025-09-13/1224658909.PDF,1224658909,审计机构
000723,美锦能源,美锦能源：关于聘请H股发行并上市审计机构的公告,2025-09-12,http://static.cninfo.com.cn/finalpage/2025-09-12/1224652293.PDF,1224652293,审计机构
002085,万丰奥威,万丰奥威：关于续聘公司2025年度审计机构的公告,2025-09-12,http://static.cninfo.com.cn/finalpage/2025-09-12/1224653647.PDF,1224653647,审计机构
000016,深康佳Ａ,深康佳Ａ：关于拟聘请2025年度财务报表审计机构和内部控制审计机构的公告,2025-09-12,http://static.cninfo.com.cn/finalpage/2025-09-12/1224652547.PDF,1224652547,审计机构
003001,中岩大地,中岩大地：关于董事会完成换届选举并聘任高级管理人员、证券事务代表和内部审计机构负责人的公告,2025-09-11,http://static.cninfo.com.cn/finalpage/2025-09-11/1224651337.PDF,1224651337,审计机构
300558,贝达药业,贝达药业：关于聘请H股发行并上市审计机构的公告,2025-09-11,http://static.cninfo.com.cn/finalpage/2025-09-11/1224650958.PDF,1224650958,审计机构
000985,大庆华科,大庆华科：大庆华科股份有限公司关于聘任2025年审计机构的公告,2025-09-10,http://static.cninfo.com.cn/finalpage/2025-09-10/1224648081.PDF,1224648081,审计机构
300167,ST迪威迅,ST迪威迅：关于续聘公司2025年审计机构的公告,2025-09-09,http://static.cninfo.com.cn/finalpage/2025-09-09/1224647357.PDF,1224647357,审计机构
000886,海南高速,海南高速：关于聘任2025年度财务审计和内控审计机构的公告,2025-09-09,http://static.cninfo.com.cn/finalpage/2025-09-09/1224643701.PDF,1224643701,审计机构
600100,同方股份,同方股份：同方股份有限公司关于选聘年度审计机构的公告,2025-09-09,http://static.cninfo.com.cn/finalpage/2025-09-09/1224645240.PDF,1224645240,审计机构
002131,利欧股份,利欧股份：关于公司聘请H股发行及上市的审计机构的公告,2025-09-08,http://static.cninfo.com.cn/finalpage/2025-09-08/1224643241.PDF,1224643241,审计机构
688099,晶晨股份,晶晨股份：晶晨股份关于聘请H股发行并上市审计机构的公告,2025-09-06,http://static.cninfo.com.cn/finalpage/2025-09-06/1224642395.PDF,1224642395,审计机构
688033,天宜新材,天宜新材：关于续聘2025年度审计机构的公告,2025-09-06,http://static.cninfo.com.cn/finalpage/2025-09-06/1224641123.PDF,1224641123,审计机构
002506,协鑫集成,协鑫集成：关于变更专项审计机构及相关事项的公告,2025-09-06,http://static.cninfo.com.cn/finalpage/2025-09-06/1224642580.PDF,1224642580,审计机构
000736,*ST中地,*ST中地：年度审计机构选聘及评价管理办法,2025-09-06,http://static.cninfo.com.cn/finalpage/2025-09-06/1224641498.PDF,1224641498,审计机构
301536,星宸科技,星宸科技：关于公司聘请H股发行并上市的审计机构的公告,2025-09-05,http://static.cninfo.com.cn/finalpage/2025-09-05/1224639070.PDF,1224639070,审计机构
000058,深 赛 格,深 赛 格：关于聘任2025年度审计机构的公告,2025-09-05,http://static.cninfo.com.cn/finalpage/2025-09-05/1224639187.PDF,1224639187,审计机构
688639,华恒生物,华恒生物：安徽华恒生物科技股份有限公司关于聘请H股发行并上市审计机构的公告,2025-09-05,http://static.cninfo.com.cn/finalpage/2025-09-05/1224639977.PDF,1224639977,审计机构
603026,石大胜华,石大胜华：石大胜华关于续聘2025年度审计机构的公告,2025-09-05,http://static.cninfo.com.cn/finalpage/2025-09-05/1224639951.PDF,1224639951,审计机构
688376,美埃科技,美埃科技：关于改聘公司2025年度审计机构的公告,2025-09-04,http://static.cninfo.com.cn/finalpage/2025-09-04/1224636596.PDF,1224636596,审计机构
688696,极米科技,极米科技：关于公司聘请H股发行及上市审计机构的公告,2025-09-03,http://static.cninfo.com.cn/finalpage/2025-09-03/1224634871.PDF,1224634871,审计机构
688661,和林微纳,和林微纳：关于聘请H股发行及上市审计机构的公告,2025-09-02,http://static.cninfo.com.cn/finalpage/2025-09-02/1224633067.PDF,1224633067,审计机构
000661,长春高新,长春高新：关于公司聘请H股发行及上市的审计机构的公告,2025-08-30,http://static.cninfo.com.cn/finalpage/2025-08-30/1224622564.PDF,1224622564,审计机构
603843,*ST正平,*ST正平：正平股份关于聘请2025年外部审计机构的公告,2025-08-30,http://static.cninfo.com.cn/finalpage/2025-08-30/1224625748.PDF,1224625748,审计机构
002735,王子新材,王子新材：关于续聘公司2025年度审计机构的公告,2025-08-30,http://static.cninfo.com.cn/finalpage/2025-08-30/1224619361.PDF,1224619361,审计机构
600125,铁龙物流,铁龙物流：中铁铁龙集装箱物流股份有限公司关于选聘2025年度审计机构的公告,2025-08-30,http://static.cninfo.com.cn/finalpage/2025-08-30/1224625289.PDF,1224625289,审计机构
003003,天元股份,天元股份：关于续聘公司2025年度审计机构的公告,2025-08-30,http://static.cninfo.com.cn/finalpage/2025-08-30/1224628136.PDF,1224628136,审计机构
002249,大洋电机,大洋电机：关于公司聘请H股发行上市审计机构的公告,2025-08-30,http://static.cninfo.com.cn/finalpage/2025-08-30/1224628293.PDF,1224628293,审计机构
603959,百利科技,百利科技：百利科技关于续聘2025年度审计机构的公告,2025-08-30,http://static.cninfo.com.cn/finalpage/2025-08-30/1224624614.PDF,1224624614,审计机构
600299,安迪苏,安迪苏：安迪苏关于续聘2025年财务和内部控制审计机构的公告,2025-08-30,http://static.cninfo.com.cn/finalpage/2025-08-30/1224621880.PDF,1224621880,审计机构
688560,明冠新材,明冠新材：明冠新材关于续聘公司2025年度审计机构的公告,2025-08-30,http://static.cninfo.com.cn/finalpage/2025-08-30/1224626882.PDF,1224626882,审计机构
002602,ST华通,ST华通：关于续聘2025年度审计机构的公告20250828,2025-08-30,http://static.cninfo.com.cn/finalpage/2025-08-30/1224628770.PDF,1224628770,审计机构
603060,国检集团,国检集团：国检集团关于续聘2025年度审计机构的公告,2025-08-29,http://static.cninfo.com.cn/finalpage/2025-08-29/1224612114.PDF,1224612114,审计机构
688210,统联精密,统联精密：关于续聘2025年度审计机构的公告,2025-08-29,http://static.cninfo.com.cn/finalpage/2025-08-29/1224616846.PDF,1224616846,审计机构
300661,圣邦股份,圣邦股份：关于聘请H股发行并上市审计机构的公告,2025-08-29,http://static.cninfo.com.cn/finalpage/2025-08-29/1224614924.PDF,1224614924,审计机构
300857,协创数据,协创数据：关于聘请H股发行并上市审计机构的公告,2025-08-29,http://static.cninfo.com.cn/finalpage/2025-08-29/1224612570.PDF,1224612570,审计机构
300948,冠中生态,冠中生态：关于续聘公司2025年度审计机构的公告,2025-08-29,http://static.cninfo.com.cn/finalpage/2025-08-29/1224606716.PDF,1224606716,审计机构
301419,阿莱德,阿莱德：关于续聘公司2025年审计机构的公告,2025-08-29,http://static.cninfo.com.cn/finalpage/2025-08-29/1224601752.PDF,1224601752,审计机构
688435,英方软件,英方软件：关于续聘2025年度审计机构的公告,2025-08-29,http://static.cninfo.com.cn/finalpage/2025-08-29/1224603239.PDF,1224603239,审计机构
300376,ST易事特,ST易事特：关于续聘2025年度审计机构的公告,2025-08-29,http://static.cninfo.com.cn/finalpage/2025-08-29/1224603957.PDF,1224603957,审计机构
603808,歌力思,歌力思：关于续聘2025年度审计机构的公告,2025-08-29,http://static.cninfo.com.cn/finalpage/2025-08-29/1224609878.PDF,1224609878,审计机构
002161,远 望 谷,远 望 谷：关于续聘2025年审计机构的公告,2025-08-29,http://static.cninfo.com.cn/finalpage/2025-08-29/1224611648.PDF,1224611648,审计机构
002887,绿茵生态,绿茵生态：关于续聘2025年度审计机构的公告,2025-08-29,http://static.cninfo.com.cn/finalpage/2025-08-29/1224603443.PDF,1224603443,审计机构
300460,惠伦晶体,惠伦晶体：关于续聘2025年度审计机构的公告,2025-08-29,http://static.cninfo.com.cn/finalpage/2025-08-29/1224612475.PDF,1224612475,审计机构
605116,奥锐特,奥锐特：奥锐特药业股份有限公司关于变更审计机构的公告,2025-08-29,http://static.cninfo.com.cn/finalpage/2025-08-29/1224601361.PDF,1224601361,审计机构
688101,三达膜,三达膜：关于公司聘请H股发行及上市审计机构的公告,2025-08-29,http://static.cninfo.com.cn/finalpage/2025-08-29/1224603364.PDF,1224603364,审计机构
600281,华阳新材,华阳新材：山西华阳新材料股份有限公司关于关于聘请2025年度财务报告审计机构和内部控制审计机构的公告,2025-08-29,http://static.cninfo.com.cn/finalpage/2025-08-29/1224609938.PDF,1224609938,审计机构
688249,晶合集成,晶合集成：晶合集成关于聘请H股发行并上市审计机构的公告,2025-08-29,http://static.cninfo.com.cn/finalpage/2025-08-29/1224613376.PDF,1224613376,审计机构
01763,中国同辐,中国同辐：建议聘任境内2025年度审计机构及建议中期股息,2025-08-28,http://static.cninfo.com.cn/finalpage/2025-08-28/1224616317.PDF,1224616317,审计机构
002106,莱宝高科,莱宝高科：关于公司聘请2025年度审计机构的公告,2025-08-28,http://static.cninfo.com.cn/finalpage/2025-08-28/1224592586.PDF,1224592586,审计机构
688507,索辰科技,索辰科技：关于续聘公司2025年度审计机构的公告,2025-08-28,http://static.cninfo.com.cn/finalpage/2025-08-28/1224589495.PDF,1224589495,审计机构
002243,力合科创,力合科创：关于续聘2025年度审计机构的公告,2025-08-28,http://static.cninfo.com.cn/finalpage/2025-08-28/1224587875.PDF,1224587875,审计机构
300245,天玑科技,天玑科技：关于续聘2025年度审计机构的公告,2025-08-28,http://static.cninfo.com.cn/finalpage/2025-08-28/1224594349.PDF,1224594349,审计机构
301568,思泰克,思泰克：关于续聘2025年度审计机构的公告,2025-08-28,http://static.cninfo.com.cn/finalpage/2025-08-28/1224588818.PDF,1224588818,审计机构
300490,华自科技,华自科技：关于续聘公司2025年度审计机构的公告,2025-08-28,http://static.cninfo.com.cn/finalpage/2025-08-28/1224593163.PDF,1224593163,审计机构
301311,昆船智能,昆船智能：关于聘请2025年度财务和内控审计机构的公告,2025-08-28,http://static.cninfo.com.cn/finalpage/2025-08-28/1224594070.PDF,1224594070,审计机构
300629,新劲刚,新劲刚：关于变更内部审计机构负责人的公告,2025-08-28,http://static.cninfo.com.cn/finalpage/2025-08-28/1224598160.PDF,1224598160,审计机构
301103,何氏眼科,何氏眼科：关于续聘2025年度审计机构的公告,2025-08-28,http://static.cninfo.com.cn/finalpage/2025-08-28/1224597805.PDF,1224597805,审计机构
603839,安正时尚,安正时尚：安正时尚集团股份有限公司关于续聘2025年度外部审计机构的公告,2025-08-28,http://static.cninfo.com.cn/finalpage/2025-08-28/1224600571.PDF,1224600571,审计机构
300823,建科智能,建科智能：关于续聘公司2025年度审计机构的公告,2025-08-28,http://static.cninfo.com.cn/finalpage/2025-08-28/1224598812.PDF,1224598812,审计机构
300981,中红医疗,中红医疗：关于续聘2025年度审计机构的公告,2025-08-28,http://static.cninfo.com.cn/finalpage/2025-08-28/1224589388.PDF,1224589388,审计机构
003028,振邦智能,振邦智能：关于续聘2025年度审计机构的公告,2025-08-28,http://static.cninfo.com.cn/finalpage/2025-08-28/1224596504.PDF,1224596504,审计机构
002508,老板电器,老板电器：关于续聘公司2025年度审计机构的公告,2025-08-28,http://static.cninfo.com.cn/finalpage/2025-08-28/1224590256.PDF,1224590256,审计机构
688589,力合微,力合微：关于续聘2025年度审计机构的公告,2025-08-28,http://static.cninfo.com.cn/finalpage/2025-08-28/1224597053.PDF,1224597053,审计机构
603381,永臻股份,永臻股份：关于续聘2025年度审计机构的公告,2025-08-28,http://static.cninfo.com.cn/finalpage/2025-08-28/1224598886.PDF,1224598886,审计机构
300130,新国都,新国都：关于聘请H股发行及上市审计机构的公告,2025-08-27,http://static.cninfo.com.cn/finalpage/2025-08-27/1224583700.PDF,1224583700,审计机构
300582,英飞特,英飞特：关于续聘2025年度审计机构的公告,2025-08-27,http://static.cninfo.com.cn/finalpage/2025-08-27/1224585354.PDF,1224585354,审计机构
300211,*ST亿通,*ST亿通：关于公司续聘2025年度审计机构的公告,2025-08-27,http://static.cninfo.com.cn/finalpage/2025-08-27/1224578713.PDF,1224578713,审计机构
688013,天臣医疗,天臣医疗：天臣医疗关于续聘2025年度审计机构的公告,2025-08-27,http://static.cninfo.com.cn/finalpage/2025-08-27/1224585646.PDF,1224585646,审计机构
300422,博世科,博世科：关于拟续聘2025年度审计机构的公告,2025-08-27,http://static.cninfo.com.cn/finalpage/2025-08-27/1224576766.PDF,1224576766,审计机构
000789,万年青,万年青：关于续聘公司2025年度审计机构的公告,2025-08-27,http://static.cninfo.com.cn/finalpage/2025-08-27/1224578503.PDF,1224578503,审计机构
301418,协昌科技,协昌科技：关于续聘2025年度审计机构的公告,2025-08-27,http://static.cninfo.com.cn/finalpage/2025-08-27/1224583739.PDF,1224583739,审计机构
300986,志特新材,志特新材：关于续聘2025年度审计机构的公告,2025-08-27,http://static.cninfo.com.cn/finalpage/2025-08-27/1224579311.PDF,1224579311,审计机构
001299,美能能源,美能能源：关于续聘2025年度审计机构的公告,2025-08-27,http://static.cninfo.com.cn/finalpage/2025-08-27/1224578920.PDF,1224578920,审计机构
002164,宁波东力,宁波东力：关于续聘2025年度审计机构的公告,2025-08-27,http://static.cninfo.com.cn/finalpage/2025-08-27/1224578946.PDF,1224578946,审计机构
000560,我爱我家,我爱我家：审计、资产评估、工程造价咨询等中介机构及专家管理办法（2025年8月）,2025-08-27,http://static.cninfo.com.cn/finalpage/2025-08-27/1224575201.PDF,1224575201,审计机构
301505,苏州规划,苏州规划：关于续聘2025年度审计机构的公告,2025-08-27,http://static.cninfo.com.cn/finalpage/2025-08-27/1224580737.PDF,1224580737,审计机构
002543,万和电气,万和电气：关于续聘2025年度审计机构的公告,2025-08-27,http://static.cninfo.com.cn/finalpage/2025-08-27/1224585928.PDF,1224585928,审计机构
300982,苏文电能,苏文电能：关于聘任2025年度审计机构的公告,2025-08-26,http://static.cninfo.com.cn/finalpage/2025-08-26/1224567001.PDF,1224567001,审计机构
300839,博汇股份,博汇股份：关于续聘公司2025年度审计机构的公告,2025-08-26,http://static.cninfo.com.cn/finalpage/2025-08-26/1224568589.PDF,1224568589,审计机构
001319,铭科精技,铭科精技：关于续聘公司2025年度审计机构的公告,2025-08-26,http://static.cninfo.com.cn/finalpage/2025-08-26/1224570968.PDF,1224570968,审计机构
002953,日丰股份,日丰股份：关于续聘2025年审计机构的公告,2025-08-26,http://static.cninfo.com.cn/finalpage/2025-08-26/1224571322.PDF,1224571322,审计机构
603079,圣达生物,圣达生物：浙江圣达生物药业股份有限公司关于聘任2025年度审计机构的公告,2025-08-26,http://static.cninfo.com.cn/finalpage/2025-08-26/1224569084.PDF,1224569084,审计机构
000581,威孚高科,威孚高科：关于续聘2025年度审计机构的公告,2025-08-26,http://static.cninfo.com.cn/finalpage/2025-08-26/1224563518.PDF,1224563518,审计机构
603069,海汽集团,海汽集团：海汽集团关于续聘公司2025年度审计机构的公告,2025-08-26,http://static.cninfo.com.cn/finalpage/2025-08-26/1224570391.PDF,1224570391,审计机构
831689,克莱特,[临时公告]克莱特:关于2025年度向特定对象发行可转换公司债券聘请专项审计机构的公告,2025-08-26,http://static.cninfo.com.cn/finalpage/2025-08-26/1224586172.PDF,1224586172,审计机构
300223,北京君正,北京君正：关于聘请H股发行并上市审计机构的公告,2025-08-26,http://static.cninfo.com.cn/finalpage/2025-08-26/1224572858.PDF,1224572858,审计机构
300274,阳光电源,阳光电源：关于聘请H股发行并上市审计机构的公告,2025-08-26,http://static.cninfo.com.cn/finalpage/2025-08-26/1224567940.PDF,1224567940,审计机构
300713,英可瑞,英可瑞：关于续聘公司2025年度审计机构的公告,2025-08-26,http://static.cninfo.com.cn/finalpage/2025-08-26/1224564350.PDF,1224564350,审计机构
002340,格林美,格林美：关于聘请H股发行并上市审计机构的公告,2025-08-25,http://static.cninfo.com.cn/finalpage/2025-08-25/1224562477.PDF,1224562477,审计机构
603296,华勤技术,华勤技术：华勤技术关于聘请H股发行并上市的审计机构的公告,2025-08-23,http://static.cninfo.com.cn/finalpage/2025-08-23/1224555495.PDF,1224555495,审计机构
000998,隆平高科,隆平高科：关于拟续聘公司2025年度审计机构的公告,2025-08-23,http://static.cninfo.com.cn/finalpage/2025-08-23/1224557444.PDF,1224557444,审计机构
301327,华宝新能,华宝新能：关于聘任2025年度审计机构的公告,2025-08-23,http://static.cninfo.com.cn/finalpage/2025-08-23/1224558480.PDF,1224558480,审计机构
301162,国能日新,国能日新：关于续聘2025年度审计机构的公告,2025-08-23,http://static.cninfo.com.cn/finalpage/2025-08-23/1224555908.PDF,1224555908,审计机构
301328,维峰电子,维峰电子：关于拟续聘2025年度审计机构的公告,2025-08-23,http://static.cninfo.com.cn/finalpage/2025-08-23/1224556644.PDF,1224556644,审计机构
603758,秦安股份,秦安股份：秦安股份关于续聘2025年度审计机构的公告,2025-08-23,http://static.cninfo.com.cn/finalpage/2025-08-23/1224558594.PDF,1224558594,审计机构
002055,得润电子,得润电子：关于拟续聘2025年度审计机构的公告,2025-08-23,http://static.cninfo.com.cn/finalpage/2025-08-23/1224560108.PDF,1224560108,审计机构
002492,恒基达鑫,恒基达鑫：关于续聘公司2025年度审计机构的公告,2025-08-23,http://static.cninfo.com.cn/finalpage/2025-08-23/1224559604.PDF,1224559604,审计机构
300972,万辰集团,万辰集团：关于聘请H股发行并上市审计机构的公告,2025-08-23,http://static.cninfo.com.cn/finalpage/2025-08-23/1224560457.PDF,1224560457,审计机构
002635,安洁科技,安洁科技：关于聘任2025年度审计机构的公告,2025-08-23,http://static.cninfo.com.cn/finalpage/2025-08-23/1224560185.PDF,1224560185,审计机构
688365,光云科技,光云科技：光云科技：关于续聘2025年度审计机构的公告,2025-08-23,http://static.cninfo.com.cn/finalpage/2025-08-23/1224558073.PDF,1224558073,审计机构
000403,派林生物,派林生物：关于2025年度续聘审计机构的公告,2025-08-22,http://static.cninfo.com.cn/finalpage/2025-08-22/1224533705.PDF,1224533705,审计机构
300787,海能实业,海能实业：关于续聘2025年度审计机构的公告,2025-08-22,http://static.cninfo.com.cn/finalpage/2025-08-22/1224533103.PDF,1224533103,审计机构
600750,江中药业,江中药业：江中药业关于续聘2025年度审计机构的公告,2025-08-22,http://static.cninfo.com.cn/finalpage/2025-08-22/1224533200.PDF,1224533200,审计机构
600339,中油工程,中油工程：中油工程关于续聘2025年度财务审计机构及聘任2025年度内控审计机构的公告,2025-08-22,http://static.cninfo.com.cn/finalpage/2025-08-22/1224534960.PDF,1224534960,审计机构
300854,中兰环保,中兰环保：关于续聘公司2025年度财务及内部控制审计机构的公告,2025-08-22,http://static.cninfo.com.cn/finalpage/2025-08-22/1224534950.PDF,1224534950,审计机构
688489,三未信安,三未信安：关于续聘公司2025年度审计机构的公告,2025-08-22,http://static.cninfo.com.cn/finalpage/2025-08-22/1224532385.PDF,1224532385,审计机构
301120,新特电气,新特电气：关于续聘公司2025年度审计机构的公告,2025-08-22,http://static.cninfo.com.cn/finalpage/2025-08-22/1224536191.PDF,1224536191,审计机构
688175,高凌信息,高凌信息：关于续聘2025年度审计机构的公告,2025-08-22,http://static.cninfo.com.cn/finalpage/2025-08-22/1224533298.PDF,1224533298,审计机构
688468,科美诊断,科美诊断：科美诊断技术股份有限公司关于变更2025年度审计机构的公告,2025-08-21,http://static.cninfo.com.cn/finalpage/2025-08-21/1224525156.PDF,1224525156,审计机构
600276,恒瑞医药,恒瑞医药：恒瑞医药关于聘请2025年度境外审计机构的公告,2025-08-21,http://static.cninfo.com.cn/finalpage/2025-08-21/1224526672.PDF,1224526672,审计机构
01276,恒瑞医药,恒瑞医药：海外监管公告 - 关於聘请2025年度境外审计机构的公告,2025-08-20,http://static.cninfo.com.cn/finalpage/2025-08-20/1224527039.PDF,1224527039,审计机构
600743,华远控股,华远控股：华远控股关于聘任2025年年度审计机构的公告,2025-08-20,http://static.cninfo.com.cn/finalpage/2025-08-20/1224518755.PDF,1224518755,审计机构
003010,若羽臣,若羽臣：关于聘请公司发行 H 股股票并于香港联合交易所有限公司上市审计机构的公告,2025-08-20,http://static.cninfo.com.cn/finalpage/2025-08-20/1224519504.PDF,1224519504,审计机构
002423,中粮资本,中粮资本：中粮资本控股股份有限公司关于续聘2025年度财务报告和内部控制审计机构的公告,2025-08-20,http://static.cninfo.com.cn/finalpage/2025-08-20/1224517146.pdf,1224517146,审计机构
300858,科拓生物,科拓生物：关于续聘2025年度审计机构的公告,2025-08-20,http://static.cninfo.com.cn/finalpage/2025-08-20/1224519735.PDF,1224519735,审计机构
300561,*ST汇科,*ST汇科：关于续聘公司2025年度审计机构的公告,2025-08-19,http://static.cninfo.com.cn/finalpage/2025-08-19/1224513108.pdf,1224513108,审计机构
300556,丝路视觉,丝路视觉：关于续聘2025年度财务报表审计机构及内部控制审计机构的公告,2025-08-19,http://static.cninfo.com.cn/finalpage/2025-08-19/1224502218.pdf,1224502218,审计机构
300631,久吾高科,久吾高科：关于续聘2025年度审计机构的公告,2025-08-19,http://static.cninfo.com.cn/finalpage/2025-08-19/1224505098.pdf,1224505098,审计机构
000932,华菱钢铁,华菱钢铁：关于聘请2025年度内部控制审计机构的公告,2025-08-19,http://static.cninfo.com.cn/finalpage/2025-08-19/1224503353.pdf,1224503353,审计机构
000012,南  玻Ａ,南  玻Ａ：关于续聘2025年度审计机构的公告,2025-08-19,http://static.cninfo.com.cn/finalpage/2025-08-19/1224503531.pdf,1224503531,审计机构
002853,皮阿诺,皮阿诺：关于续聘2025年度审计机构的公告,2025-08-19,http://static.cninfo.com.cn/finalpage/2025-08-19/1224502828.pdf,1224502828,审计机构
301171,易点天下,易点天下：关于续聘2025年度审计机构的公告,2025-08-19,http://static.cninfo.com.cn/finalpage/2025-08-19/1224502050.pdf,1224502050,审计机构
000932,华菱钢铁,华菱钢铁：关于续聘2025年度财务审计机构的公告,2025-08-19,http://static.cninfo.com.cn/finalpage/2025-08-19/1224503354.pdf,1224503354,审计机构
301059,金三江,金三江：关于续聘公司2025度审计机构的公告,2025-08-18,http://static.cninfo.com.cn/finalpage/2025-08-18/1224502690.pdf,1224502690,审计机构
688661,和林微纳,和林微纳：关于续聘2025年度审计机构的公告,2025-08-16,http://static.cninfo.com.cn/finalpage/2025-08-16/1224497161.PDF,1224497161,审计机构
000538,云南白药,云南白药：关于拟变更公司2025年度审计机构（含内部控制审计）的公告,2025-08-16,http://static.cninfo.com.cn/finalpage/2025-08-16/1224500262.PDF,1224500262,审计机构
000999,华润三九,华润三九：关于续聘公司2025年年度审计机构的公告,2025-08-16,http://static.cninfo.com.cn/finalpage/2025-08-16/1224498650.PDF,1224498650,审计机构
688538,和辉光电,和辉光电：上海和辉光电股份有限公司关于续聘公司2025年度审计机构的公告,2025-08-16,http://static.cninfo.com.cn/finalpage/2025-08-16/1224499850.PDF,1224499850,审计机构
603312,西典新能,西典新能：关于续聘审计机构的公告,2025-08-15,http://static.cninfo.com.cn/finalpage/2025-08-15/1224487288.PDF,1224487288,审计机构
001270,*ST铖昌,*ST铖昌：浙江铖昌科技股份有限公司关于拟续聘2025年度审计机构的公告,2025-08-15,http://static.cninfo.com.cn/finalpage/2025-08-15/1224487725.PDF,1224487725,审计机构
002565,顺灏股份,顺灏股份：关于聘请H股发行并上市审计机构的公告,2025-08-15,http://static.cninfo.com.cn/finalpage/2025-08-15/1224487467.PDF,1224487467,审计机构
688595,芯海科技,芯海科技：关于聘请H股发行并上市审计机构的公告,2025-08-15,http://static.cninfo.com.cn/finalpage/2025-08-15/1224488217.PDF,1224488217,审计机构
300354,东华测试,东华测试：关于续聘公司2025年度审计机构的公告,2025-08-15,http://static.cninfo.com.cn/finalpage/2025-08-15/1224486355.PDF,1224486355,审计机构
002617,露笑科技,露笑科技：关于聘请H股审计机构的公告,2025-08-14,http://static.cninfo.com.cn/finalpage/2025-08-14/1224481971.PDF,1224481971,审计机构
688630,芯碁微装,芯碁微装：关于聘请H股发行及上市审计机构的公告,2025-08-14,http://static.cninfo.com.cn/finalpage/2025-08-14/1224474030.PDF,1224474030,审计机构
000792,盐湖股份,盐湖股份：关于变更2025年度财务报表和内部控制审计机构的公告,2025-08-13,http://static.cninfo.com.cn/finalpage/2025-08-13/1224462175.PDF,1224462175,审计机构
688029,南微医学,南微医学：南微医学科技股份有限公司关于改聘公司2025年度审计机构的公告,2025-08-12,http://static.cninfo.com.cn/finalpage/2025-08-12/1224444835.PDF,1224444835,审计机构
301616,浙江华业,浙江华业：关于续聘公司2025年度审计机构的公告,2025-08-12,http://static.cninfo.com.cn/finalpage/2025-08-12/1224445889.PDF,1224445889,审计机构
688525,佰维存储,佰维存储：关于续聘2025年度审计机构的公告,2025-08-11,http://static.cninfo.com.cn/finalpage/2025-08-11/1224442926.PDF,1224442926,审计机构
688337,普源精电,普源精电：关于聘请H股发行并上市审计机构的公告,2025-08-09,http://static.cninfo.com.cn/finalpage/2025-08-09/1224441177.PDF,1224441177,审计机构
600497,驰宏锌锗,驰宏锌锗：驰宏锌锗关于续聘2025年度财务及内部控制审计机构的公告,2025-08-09,http://static.cninfo.com.cn/finalpage/2025-08-09/1224440895.PDF,1224440895,审计机构
301087,可孚医疗,可孚医疗：关于聘请H股审计机构的公告,2025-08-09,http://static.cninfo.com.cn/finalpage/2025-08-09/1224442372.PDF,1224442372,审计机构
300624,万兴科技,万兴科技：关于聘请H股发行并上市审计机构的公告,2025-08-09,http://static.cninfo.com.cn/finalpage/2025-08-09/1224440883.PDF,1224440883,审计机构
300773,拉卡拉,拉卡拉：拉卡拉：关于公司聘请H股发行及上市的审计机构的公告,2025-08-08,http://static.cninfo.com.cn/finalpage/2025-08-08/1224441803.PDF,1224441803,审计机构
688519,南亚新材,南亚新材：南亚新材关于公司续聘2025年度审计机构的公告,2025-08-08,http://static.cninfo.com.cn/finalpage/2025-08-08/1224425219.PDF,1224425219,审计机构
301520,万邦医药,万邦医药：关于续聘公司2025年度审计机构的公告,2025-08-06,http://static.cninfo.com.cn/finalpage/2025-08-06/1224400516.PDF,1224400516,审计机构
002496,*ST辉丰,*ST辉丰：关于拟聘任2025年度审计机构的公告,2025-08-06,http://static.cninfo.com.cn/finalpage/2025-08-06/1224400275.PDF,1224400275,审计机构
002863,今飞凯达,今飞凯达：关于审计机构变更质量控制复核人的公告,2025-08-05,http://static.cninfo.com.cn/finalpage/2025-08-05/1224385882.PDF,1224385882,审计机构
301601,惠通科技,惠通科技：关于聘请公司2025年度审计机构的公告,2025-08-04,http://static.cninfo.com.cn/finalpage/2025-08-04/1224368690.PDF,1224368690,审计机构
000833,粤桂股份,粤桂股份：关于续聘中审亚太为2025年度财务报表和内部控制审计机构的公告,2025-08-02,http://static.cninfo.com.cn/finalpage/2025-08-02/1224366435.PDF,1224366435,审计机构
002352,顺丰控股,顺丰控股：关于审计机构变更项目质量复核合伙人的公告,2025-08-02,http://static.cninfo.com.cn/finalpage/2025-08-02/1224368700.PDF,1224368700,审计机构
000820,*ST节能,*ST节能：关于续聘2025年度审计机构和内控审计机构的公告,2025-08-02,http://static.cninfo.com.cn/finalpage/2025-08-02/1224368765.PDF,1224368765,审计机构
06936,顺丰控股,顺丰控股：海外监管公告 - 关於审计机构变更项目质量覆核合夥人的公告,2025-08-01,http://static.cninfo.com.cn/finalpage/2025-08-01/1224369344.PDF,1224369344,审计机构
301518,长华化学,长华化学：关于聘任2025年度以简易程序向特定对象发行股票专项审计机构的公告,2025-08-01,http://static.cninfo.com.cn/finalpage/2025-08-01/1224354828.PDF,1224354828,审计机构
600538,国发股份,国发股份：关于聘请专项审计机构的公告,2025-08-01,http://static.cninfo.com.cn/finalpage/2025-08-01/1224354149.PDF,1224354149,审计机构
300652,雷迪克,雷迪克：关于续聘2025年度审计机构的公告,2025-07-31,http://static.cninfo.com.cn/finalpage/2025-07-31/1224341637.PDF,1224341637,审计机构
001255,博菲电气,博菲电气：关于聘任2025年度以简易程序向特定对象发行股票专项审计机构的公告,2025-07-31,http://static.cninfo.com.cn/finalpage/2025-07-31/1224341712.PDF,1224341712,审计机构
603518,锦泓集团,锦泓集团：锦泓时装集团股份有限公司关于续聘2025年度财务报告及内部控制审计机构的公告,2025-07-31,http://static.cninfo.com.cn/finalpage/2025-07-31/1224342305.PDF,1224342305,审计机构
002050,三花智控,三花智控：关于聘任境外审计机构的公告,2025-07-31,http://static.cninfo.com.cn/finalpage/2025-07-31/1224342597.PDF,1224342597,审计机构
02050,三花智控,三花智控：建议募投项目结项并将节余募集资金投入新项目及永久补充流动资金；建议聘任境外审计机构；建议调整开展外汇套期保值业务额度；建议回购注销部份限制性股票；建议修改《公司章程》；及临时股东大会通告,2025-07-30,http://static.cninfo.com.cn/finalpage/2025-07-30/1224343304.PDF,1224343304,审计机构
02050,三花智控,三花智控：建议聘任境外审计机构及建议修改《公司章程》,2025-07-30,http://static.cninfo.com.cn/finalpage/2025-07-30/1224343284.PDF,1224343284,审计机构
603530,神马电力,神马电力：关于续聘2025年度审计机构的公告,2025-07-30,http://static.cninfo.com.cn/finalpage/2025-07-30/1224330151.PDF,1224330151,审计机构
688279,峰岹科技,峰岹科技：关于聘任2025年度审计机构的公告,2025-07-30,http://static.cninfo.com.cn/finalpage/2025-07-30/1224330632.PDF,1224330632,审计机构
300476,胜宏科技,胜宏科技：关于聘请H股发行并上市审计机构的公告,2025-07-30,http://static.cninfo.com.cn/finalpage/2025-07-30/1224330882.PDF,1224330882,审计机构
600547,山东黄金,山东黄金：山东黄金矿业股份有限公司关于统一采用中国企业会计准则编制财务报告及终止续聘H股财务报告审计机构的公告,2025-07-29,http://static.cninfo.com.cn/finalpage/2025-07-29/1224317385.PDF,1224317385,审计机构
000975,山金国际,山金国际：关于公司聘请发行境外上市股份（H股）并在香港联合交易所有限公司上市的审计机构的公告,2025-07-29,http://static.cninfo.com.cn/finalpage/2025-07-29/1224318246.PDF,1224318246,审计机构
01787,山东黄金,山东黄金：建议统一采用中国企业会计准则编制财务报告及建议终止续聘H股财务报告审计机构,2025-07-28,http://static.cninfo.com.cn/finalpage/2025-07-28/1224318998.PDF,1224318998,审计机构
603727,博迈科,博迈科：博迈科海洋工程股份有限公司关于续聘2025年度审计机构的公告,2025-07-26,http://static.cninfo.com.cn/finalpage/2025-07-26/1224299168.PDF,1224299168,审计机构
301041,金百泽,金百泽：关于拟续聘2025年度审计机构的公告,2025-07-26,http://static.cninfo.com.cn/finalpage/2025-07-26/1224300473.PDF,1224300473,审计机构
601136,首创证券,首创证券：关于聘请H股发行及上市审计机构的公告,2025-07-26,http://static.cninfo.com.cn/finalpage/2025-07-26/1224301514.pdf,1224301514,审计机构
002080,中材科技,中材科技：关于续聘2025年度审计机构的公告,2025-07-26,http://static.cninfo.com.cn/finalpage/2025-07-26/1224301413.PDF,1224301413,审计机构
002190,成飞集成,成飞集成：关于拟续聘2025年度审计机构的公告,2025-07-25,http://static.cninfo.com.cn/finalpage/2025-07-25/1224282239.PDF,1224282239,审计机构
002284,亚太股份,亚太股份：关于续聘公司2025年度审计机构的公告,2025-07-24,http://static.cninfo.com.cn/finalpage/2025-07-24/1224268817.PDF,1224268817,审计机构
002475,立讯精密,立讯精密：关于聘请H股发行上市审计机构的公告,2025-07-24,http://static.cninfo.com.cn/finalpage/2025-07-24/1224269605.PDF,1224269605,审计机构
688380,中微半导,中微半导：关于聘请H股发行及上市审计机构的公告,2025-07-23,http://static.cninfo.com.cn/finalpage/2025-07-23/1224256447.PDF,1224256447,审计机构
002647,*ST仁东,*ST仁东：关于补选董事及聘任内部审计机构负责人的公告,2025-07-23,http://static.cninfo.com.cn/finalpage/2025-07-23/1224255587.PDF,1224255587,审计机构
003037,三和管桩,三和管桩：关于公司聘任2025年度审计机构的公告,2025-07-23,http://static.cninfo.com.cn/finalpage/2025-07-23/1224255351.PDF,1224255351,审计机构
301109,军信股份,军信股份：关于聘请发行H股股票并在香港联合交易所有限公司上市的审计机构的公告,2025-07-22,http://static.cninfo.com.cn/finalpage/2025-07-22/1224235734.PDF,1224235734,审计机构
301282,金禄电子,金禄电子：关于聘任2025年度审计机构的公告,2025-07-22,http://static.cninfo.com.cn/finalpage/2025-07-22/1224237118.PDF,1224237118,审计机构
688109,品茗科技,品茗科技：关于聘任2025年度审计机构的公告,2025-07-22,http://static.cninfo.com.cn/finalpage/2025-07-22/1224236057.PDF,1224236057,审计机构
600580,卧龙电驱,卧龙电驱：卧龙电驱关于聘请发行H股股票并在香港联合交易所有限公司上市审计机构的公告,2025-07-22,http://static.cninfo.com.cn/finalpage/2025-07-22/1224236897.PDF,1224236897,审计机构
603162,海通发展,海通发展：福建海通发展股份有限公司关于续聘2025年度审计机构的公告,2025-07-22,http://static.cninfo.com.cn/finalpage/2025-07-22/1224237172.PDF,1224237172,审计机构
300100,双林股份,双林股份：关于聘请H股发行及上市审计机构的公告,2025-07-19,http://static.cninfo.com.cn/finalpage/2025-07-19/1224214065.PDF,1224214065,审计机构
000581,威孚高科,威孚高科：关于聘任H股上市审计机构的公告,2025-07-19,http://static.cninfo.com.cn/finalpage/2025-07-19/1224214704.PDF,1224214704,审计机构
688031,星环科技,星环科技：关于公司聘请H股发行及上市的审计机构的公告,2025-07-18,http://static.cninfo.com.cn/finalpage/2025-07-18/1224202438.PDF,1224202438,审计机构
000680,山推股份,山推股份：关于公司聘请H股发行并上市的审计机构的公告,2025-07-17,http://static.cninfo.com.cn/finalpage/2025-07-17/1224188591.PDF,1224188591,审计机构
688261,东微半导,东微半导：苏州东微半导体股份有限公司关于变更2025年度审计机构的公告,2025-07-17,http://static.cninfo.com.cn/finalpage/2025-07-17/1224190262.PDF,1224190262,审计机构
688485,九州一轨,九州一轨：北京九州一轨环境科技股份有限公司关于续聘公司2025年度财务审计机构及内控审计机构的公告,2025-07-17,http://static.cninfo.com.cn/finalpage/2025-07-17/1224189613.PDF,1224189613,审计机构
688073,毕得医药,毕得医药：关于续聘公司2025年度审计机构的公告,2025-07-16,http://static.cninfo.com.cn/finalpage/2025-07-16/1224176616.PDF,1224176616,审计机构
300937,药易购,药易购：关于聘请公司2025年度审计机构的公告,2025-07-15,http://static.cninfo.com.cn/finalpage/2025-07-15/1224164505.PDF,1224164505,审计机构
603666,亿嘉和,亿嘉和：亿嘉和科技股份有限公司关于续聘2025年度审计机构的公告,2025-07-12,http://static.cninfo.com.cn/finalpage/2025-07-12/1224146265.PDF,1224146265,审计机构
002873,新天药业,新天药业：关于聘请2025年度财务和内部控制审计机构的公告,2025-07-12,http://static.cninfo.com.cn/finalpage/2025-07-12/1224145813.PDF,1224145813,审计机构
688343,云天励飞,云天励飞：关于聘请H股发行并上市审计机构的公告,2025-07-12,http://static.cninfo.com.cn/finalpage/2025-07-12/1224145275.PDF,1224145275,审计机构
301177,迪阿股份,迪阿股份：关于更换2025年度审计机构的公告,2025-07-11,http://static.cninfo.com.cn/finalpage/2025-07-11/1224144927.PDF,1224144927,审计机构
002865,钧达股份,钧达股份：关于续聘2025年度审计机构的公告,2025-07-10,http://static.cninfo.com.cn/finalpage/2025-07-10/1224118042.PDF,1224118042,审计机构
02865,钧达股份,钧达股份：海南钧达新能源科技股份有限公司关於续聘2025年度审计机构的公告,2025-07-09,http://static.cninfo.com.cn/finalpage/2025-07-09/1224120186.PDF,1224120186,审计机构
002709,天赐材料,天赐材料：关于聘请H股发行并上市审计机构的公告,2025-07-08,http://static.cninfo.com.cn/finalpage/2025-07-08/1224091570.PDF,1224091570,审计机构
002915,中欣氟材,中欣氟材：关于聘任2025年度以简易程序向特定对象发行股票专项审计机构的公告,2025-07-08,http://static.cninfo.com.cn/finalpage/2025-07-08/1224091989.PDF,1224091989,审计机构
001207,联科科技,联科科技：山东联科科技股份有限公司关于公司2025年度以简易程序向特定对象发行股票聘请专项审计机构的公告,2025-07-05,http://static.cninfo.com.cn/finalpage/2025-07-05/1224083186.PDF,1224083186,审计机构
300899,*ST凯鑫,*ST凯鑫：关于聘任公司2025年度审计机构的公告,2025-07-04,http://static.cninfo.com.cn/finalpage/2025-07-04/1224071639.PDF,1224071639,审计机构
300207,欣旺达,欣旺达：关于聘请H股发行及上市审计机构的公告,2025-07-02,http://static.cninfo.com.cn/finalpage/2025-07-02/1224058797.PDF,1224058797,审计机构
002647,*ST仁东,*ST仁东：关于内部审计机构负责人离职的公告,2025-07-02,http://static.cninfo.com.cn/finalpage/2025-07-02/1224057296.PDF,1224057296,审计机构
300866,安克创新,安克创新：关于续聘2025年度财务审计机构和内控审计机构的公告,2025-07-01,http://static.cninfo.com.cn/finalpage/2025-07-01/1224041974.PDF,1224041974,审计机构
600728,佳都科技,佳都科技：佳都科技关于聘请发行H股股票并在香港联合交易所有限公司上市审计机构的公告,2025-07-01,http://static.cninfo.com.cn/finalpage/2025-07-01/1224041110.PDF,1224041110,审计机构
688237,超卓航科,超卓航科：超卓航科关于续聘2025年度审计机构的公告,2025-07-01,http://static.cninfo.com.cn/finalpage/2025-07-01/1224041415.PDF,1224041415,审计机构
002515,金字火腿,金字火腿：关于续聘2025年度审计机构的公告,2025-07-01,http://static.cninfo.com.cn/finalpage/2025-07-01/1224037587.PDF,1224037587,审计机构
600018,上港集团,上港集团：上港集团关于总审计师离任的公告,2025-12-26,http://static.cninfo.com.cn/finalpage/2025-12-26/1224897585.PDF,1224897585,审计师
00107,四川成渝高速公路,四川成渝高速公路：I.非常重大的收购及关连交易－有关成雅高速扩容项目之工程合同；II.持续关连交易－施工工程及相关服务框架协议；III.建议变更本公司二?二五年度境内审计师；IV.建议委任独立非执行董事及其建议董事薪酬；及 V.临时股东会通告,2025-12-04,http://static.cninfo.com.cn/finalpage/2025-12-04/1224850486.PDF,1224850486,审计师
00576,浙江沪杭甬,浙江沪杭甬：(1) 建议委任境内审计师； (2) 建议委任非执行董事； (3) 建议修订公司章程； (4) 为项目公司提供担保； 及 (5) 临时股东大会通告,2025-12-04,http://static.cninfo.com.cn/finalpage/2025-12-04/1224850317.PDF,1224850317,审计师
00576,浙江沪杭甬,浙江沪杭甬：建议变更境内审计师,2025-10-31,http://static.cninfo.com.cn/finalpage/2025-10-31/1224781481.PDF,1224781481,审计师
600011,华能国际,华能国际：审计师履职情况评估报告,2025-10-29,http://static.cninfo.com.cn/finalpage/2025-10-29/1224756396.PDF,1224756396,审计师
00579,京能清洁能源,京能清洁能源：建议委任2025 年度之国际审计师及2025 年第二次临时股东会通告,2025-08-06,http://static.cninfo.com.cn/finalpage/2025-08-06/1224413176.PDF,1224413176,审计师
00579,京能清洁能源,京能清洁能源：建议委任国际审计师,2025-08-01,http://static.cninfo.com.cn/finalpage/2025-08-01/1224369384.PDF,1224369384,审计师
06639,瑞尔集团,瑞尔集团：(1) 建议授出发行新股份及购回股份的一般授权;(2)建议重选退任董事;(3)建议重新委任审计师;及(4)股东周年大会通告,2025-07-25,http://static.cninfo.com.cn/finalpage/2025-07-25/1224300037.PDF,1224300037,审计师
603677,奇精机械,奇精机械：内部审计工作制度（2025年12月修订）,2025-12-31,http://static.cninfo.com.cn/finalpage/2025-12-31/1224909204.PDF,1224909204,审计机
301028,鼎熔岩,东亚机械：内部审计制度,2025-12-31,http://static.cninfo.com.cn/finalpage/2025-12-31/1224908085.PDF,1224908085,审计机
603677,奇精机械,奇精机械：董事会审计委员会议事规则（2025年12月修订）,2025-12-31,http://static.cninfo.com.cn/finalpage/2025-12-31/1224909242.PDF,1224909242,审计机
301028,鼎熔岩,东亚机械：董事会审计委员会工作细则,2025-12-31,http://static.cninfo.com.cn/finalpage/2025-12-31/1224908098.PDF,1224908098,审计机
000880,潍柴重机,潍柴重机：潍柴重机股份有限公司内部审计制度,2025-12-26,http://static.cninfo.com.cn/finalpage/2025-12-26/1224897932.PDF,1224897932,审计机
600933,爱柯迪,爱柯迪：卓尔博（宁波）精密机电有限公司交割过渡期利润表的专项审计报告,2025-12-23,http://static.cninfo.com.cn/finalpage/2025-12-23/1224890819.PDF,1224890819,审计机
688297,中无人机,中无人机：中无人机董事会审计与风控委员会工作细则（2025年12月）,2025-12-17,http://static.cninfo.com.cn/finalpage/2025-12-17/1224881966.PDF,1224881966,审计机
688297,中无人机,中无人机：中无人机内部审计管理规定（2025年12月）,2025-12-17,http://static.cninfo.com.cn/finalpage/2025-12-17/1224881982.PDF,1224881982,审计机
600372,中航机载,中航机载：中航机载系统股份有限公司内部审计管理制度（2025年12月修订）,2025-12-13,http://static.cninfo.com.cn/finalpage/2025-12-13/1224874468.PDF,1224874468,审计机
600372,中航机载,中航机载：中航机载系统股份有限公司董事会审计委员会工作细则（2025年12月修订）,2025-12-13,http://static.cninfo.com.cn/finalpage/2025-12-13/1224874439.PDF,1224874439,审计机
300044,ST赛为,ST赛为：关于续聘公司2025年度审计机构的公告,2025-12-12,http://static.cninfo.com.cn/finalpage/2025-12-12/1224868501.PDF,1224868501,审计机
600967,内蒙一机,内蒙一机：内蒙古第一机械集团股份有限公司内部审计管理制度（2025年修订）,2025-12-11,http://static.cninfo.com.cn/finalpage/2025-12-11/1224866046.PDF,1224866046,审计机
600967,内蒙一机,内蒙一机：内蒙古第一机械集团股份有限公司董事会审计风险防控委员会工作细则（2025年修订）,2025-12-11,http://static.cninfo.com.cn/finalpage/2025-12-11/1224866071.PDF,1224866071,审计机
301316,慧博云通,慧博云通：宝德计算机系统股份有限公司审计报告,2025-12-05,http://static.cninfo.com.cn/finalpage/2025-12-05/1224855977.PDF,1224855977,审计机
002520,日发精机,日发精机：意大利MCM公司审计报告,2025-12-04,http://static.cninfo.com.cn/finalpage/2025-12-04/1224849548.PDF,1224849548,审计机
001395,亚联机械,亚联机械：内部审计制度（2025年12月修订）,2025-12-04,http://static.cninfo.com.cn/finalpage/2025-12-04/1224846374.PDF,1224846374,审计机
300342,天银机电,天银机电：董事会审计委员会工作细则（2025年12月）,2025-12-03,http://static.cninfo.com.cn/finalpage/2025-12-03/1224843649.PDF,1224843649,审计机
300907,康平科技,康平科技：苏州市凌臣采集计算机有限公司2025年1-9月、2024年度审计报告,2025-11-28,http://static.cninfo.com.cn/finalpage/2025-11-28/1224831209.PDF,1224831209,审计机
002126,银轮股份,银轮股份：浙江银轮机械股份有限公司内部审计制度（修订稿）,2025-11-28,http://static.cninfo.com.cn/finalpage/2025-11-28/1224831745.PDF,1224831745,审计机
002126,银轮股份,银轮股份：浙江银轮机械股份有限公司董事会审计委员会议事规则（修订稿）,2025-11-28,http://static.cninfo.com.cn/finalpage/2025-11-28/1224831747.PDF,1224831747,审计机
605555,德昌股份,德昌股份：宁波德昌电机股份有限公司内部审计制度,2025-11-27,http://static.cninfo.com.cn/finalpage/2025-11-27/1224829559.PDF,1224829559,审计机
605555,德昌股份,德昌股份：宁波德昌电机股份有限公司董事会审计委员会工作细则,2025-11-27,http://static.cninfo.com.cn/finalpage/2025-11-27/1224829557.PDF,1224829557,审计机
600549,厦门钨业,厦门钨业：厦钨电机工业公司2024年度审计报告,2025-11-26,http://static.cninfo.com.cn/finalpage/2025-11-26/1224825755.PDF,1224825755,审计机
02252,微创机器人-B,微创机器人-B：董事会审计委员会工作细则,2025-11-25,http://static.cninfo.com.cn/finalpage/2025-11-25/1224827304.PDF,1224827304,审计机
300032,金龙机电,金龙机电：董事会审计委员会工作细则（2025年11月）,2025-11-20,http://static.cninfo.com.cn/finalpage/2025-11-20/1224814975.PDF,1224814975,审计机
300032,金龙机电,金龙机电：内部审计制度（2025年11月）,2025-11-20,http://static.cninfo.com.cn/finalpage/2025-11-20/1224814986.PDF,1224814986,审计机
300032,金龙机电,金龙机电：审计委员会年报工作规程（2025年11月）,2025-11-20,http://static.cninfo.com.cn/finalpage/2025-11-20/1224814976.PDF,1224814976,审计机
000525,红太阳,红太阳：关于拟变更公司2025年度审计机构的公告,2025-11-12,http://static.cninfo.com.cn/finalpage/2025-11-12/1224799180.PDF,1224799180,审计机
000852,石化机械,石化机械：公司董事会审计委员会工作细则,2025-11-12,http://static.cninfo.com.cn/finalpage/2025-11-12/1224799424.PDF,1224799424,审计机
603912,佳力图,佳力图：南京佳力图机房环境技术股份有限公司董事会审计委员会工作细则（2025年11月）,2025-11-11,http://static.cninfo.com.cn/finalpage/2025-11-11/1224796709.pdf,1224796709,审计机
600515,海南机场,海南机场：海南机场设施股份有限公司关于增选第十届董事会审计委员会委员的公告,2025-11-11,http://static.cninfo.com.cn/finalpage/2025-11-11/1224795854.PDF,1224795854,审计机
603912,佳力图,佳力图：南京佳力图机房环境技术股份有限公司内部审计制度（2025年11月）,2025-11-11,http://static.cninfo.com.cn/finalpage/2025-11-11/1224795227.PDF,1224795227,审计机
002480,新筑股份,新筑股份：天健审〔2025〕11-343号-成都市新筑路桥机械股份有限公司与四川发展磁浮科技有限公司债权余额专项审计报告,2025-11-08,http://static.cninfo.com.cn/finalpage/2025-11-08/1224794353.PDF,1224794353,审计机
603699,纽威股份,纽威股份：吴江市东吴机械有限责任公司审计报告,2025-11-06,http://static.cninfo.com.cn/finalpage/2025-11-06/1224788506.PDF,1224788506,审计机
688356,键凯科技,键凯科技：北京键凯科技股份有限公司关于变更公司2025年度审计机构的公告,2025-10-31,http://static.cninfo.com.cn/finalpage/2025-10-31/1224771011.PDF,1224771011,审计机
301316,慧博云通,慧博云通：宝德计算机系统股份有限公司审计报告,2025-10-31,http://static.cninfo.com.cn/finalpage/2025-10-31/1224779177.PDF,1224779177,审计机
02722,重庆机电,重庆机电：董事会审计委员会职权范围,2025-10-30,http://static.cninfo.com.cn/finalpage/2025-10-30/1224777132.PDF,1224777132,审计机
300660,江苏雷利,江苏雷利：江苏雷利电机股份有限公司最近三年的财务报告及其审计报告以及最近一期的财务报告,2025-10-30,http://static.cninfo.com.cn/finalpage/2025-10-30/1224768782.PDF,1224768782,审计机
300503,昊志机电,昊志机电：审计委员会工作细则,2025-10-30,http://static.cninfo.com.cn/finalpage/2025-10-30/1224758862.pdf,1224758862,审计机
603109,神驰机电,神驰机电：董事会审计委员会工作细则（2025年10月修订）,2025-10-30,http://static.cninfo.com.cn/finalpage/2025-10-30/1224759652.PDF,1224759652,审计机
300503,昊志机电,昊志机电：内部审计制度,2025-10-30,http://static.cninfo.com.cn/finalpage/2025-10-30/1224758868.PDF,1224758868,审计机
600038,中直股份,中直股份：《中航直升机股份有限公司内部审计管理办法》,2025-10-30,http://static.cninfo.com.cn/finalpage/2025-10-30/1224764747.PDF,1224764747,审计机
300503,昊志机电,昊志机电：董事会审计委员会年报工作规程,2025-10-30,http://static.cninfo.com.cn/finalpage/2025-10-30/1224758886.PDF,1224758886,审计机
603270,金帝股份,金帝股份：山东金帝精密机械科技股份有限公司关于替换及补选董事会审计委员会委员、薪酬与考核委员会委员的公告,2025-10-30,http://static.cninfo.com.cn/finalpage/2025-10-30/1224762494.PDF,1224762494,审计机
600038,中直股份,中直股份：《中航直升机股份有限公司董事会审计委员会实施细则》,2025-10-30,http://static.cninfo.com.cn/finalpage/2025-10-30/1224764682.PDF,1224764682,审计机
300461,田中精机,田中精机：内部审计制度（2025年10月）,2025-10-29,http://static.cninfo.com.cn/finalpage/2025-10-29/1224749752.PDF,1224749752,审计机
301533,威马农机,威马农机：内部审计制度,2025-10-29,http://static.cninfo.com.cn/finalpage/2025-10-29/1224750347.PDF,1224750347,审计机
300461,田中精机,田中精机：董事会审计委员会工作细则（2025年10月）,2025-10-29,http://static.cninfo.com.cn/finalpage/2025-10-29/1224749758.PDF,1224749758,审计机
301533,威马农机,威马农机：董事会审计委员会实施细则,2025-10-29,http://static.cninfo.com.cn/finalpage/2025-10-29/1224750364.PDF,1224750364,审计机
002526,山东矿机,山东矿机：审计委员会年报工作制度,2025-10-28,http://static.cninfo.com.cn/finalpage/2025-10-28/1224743846.PDF,1224743846,审计机
002526,山东矿机,山东矿机：内部审计管理制度,2025-10-28,http://static.cninfo.com.cn/finalpage/2025-10-28/1224743853.PDF,1224743853,审计机
300024,机器人,机器人：内部审计制度（2025年10月）,2025-10-27,http://static.cninfo.com.cn/finalpage/2025-10-27/1224733762.PDF,1224733762,审计机
000528,柳    工,柳    工：广西柳工机械股份有限公司董事会审计委员会工作细则,2025-10-25,http://static.cninfo.com.cn/finalpage/2025-10-25/1224734982.PDF,1224734982,审计机
000821,京山轻机,京山轻机：董事会审计委员会实施细则,2025-10-25,http://static.cninfo.com.cn/finalpage/2025-10-25/1224735193.PDF,1224735193,审计机
002363,隆基机械,隆基机械：审计委员会工作制度（2025年10月）,2025-10-22,http://static.cninfo.com.cn/finalpage/2025-10-22/1224723934.PDF,1224723934,审计机
301138,华研精机,华研精机：《内部审计制度》（2025年10月修订）,2025-10-22,http://static.cninfo.com.cn/finalpage/2025-10-22/1224723316.PDF,1224723316,审计机
002363,隆基机械,隆基机械：董事会审计委员会年报工作规程（2025年10月）,2025-10-22,http://static.cninfo.com.cn/finalpage/2025-10-22/1224723954.PDF,1224723954,审计机
002363,隆基机械,隆基机械：内部审计管理制度（2025年10月）,2025-10-22,http://static.cninfo.com.cn/finalpage/2025-10-22/1224723938.PDF,1224723938,审计机
301138,华研精机,华研精机：《董事会审计委员会议事规则》（2025年10月修订）,2025-10-22,http://static.cninfo.com.cn/finalpage/2025-10-22/1224723320.PDF,1224723320,审计机
148302,23徐工K1,23徐工K1：中信证券股份有限公司关于徐州工程机械集团有限公司住所、经营范围变更及取消监事会并设立审计委员会之临时受托管理事务报告,2025-10-21,http://static.cninfo.com.cn/finalpage/2025-10-21/1224722572.PDF,1224722572,审计机
148742,24徐工K1,24徐工K1：中信证券股份有限公司关于徐州工程机械集团有限公司住所、经营范围变更及取消监事会并设立审计委员会之临时受托管理事务报告,2025-10-21,http://static.cninfo.com.cn/finalpage/2025-10-21/1224722571.PDF,1224722571,审计机
148742,24徐工K1,24徐工K1：徐州工程机械集团有限公司关于住所、经营范围变更及取消监事会并设立审计委员会的公告,2025-10-20,http://static.cninfo.com.cn/finalpage/2025-10-20/1224720229.PDF,1224720229,审计机
148302,23徐工K1,23徐工K1：徐州工程机械集团有限公司关于住所、经营范围变更及取消监事会并设立审计委员会的公告,2025-10-20,http://static.cninfo.com.cn/finalpage/2025-10-20/1224720230.PDF,1224720230,审计机
002176,江特电机,江特电机：内部审计制度（2025年10月制定）,2025-10-18,http://static.cninfo.com.cn/finalpage/2025-10-18/1224718557.PDF,1224718557,审计机
002890,弘宇股份,弘宇股份：山东弘宇精机股份有限公司内部审计制度,2025-10-16,http://static.cninfo.com.cn/finalpage/2025-10-16/1224714626.PDF,1224714626,审计机
002890,弘宇股份,弘宇股份：山东弘宇精机股份有限公司董事会审计委员会年报工作规程,2025-10-16,http://static.cninfo.com.cn/finalpage/2025-10-16/1224714642.PDF,1224714642,审计机
002890,弘宇股份,弘宇股份：山东弘宇精机股份有限公司董事会审计委员会工作细则,2025-10-16,http://static.cninfo.com.cn/finalpage/2025-10-16/1224714639.PDF,1224714639,审计机
603029,天鹅股份,天鹅股份：山东天鹅棉业机械股份有限公司董事会审计委员会工作细则（2025年10月修订）,2025-10-14,http://static.cninfo.com.cn/finalpage/2025-10-14/1224709164.PDF,1224709164,审计机
603029,天鹅股份,天鹅股份：山东天鹅棉业机械股份有限公司内部审计制度（2025年10月修订）,2025-10-14,http://static.cninfo.com.cn/finalpage/2025-10-14/1224709189.PDF,1224709189,审计机
002158,汉钟精机,汉钟精机：《董事会审计委员会工作细则》（2025年9月）,2025-09-30,http://static.cninfo.com.cn/finalpage/2025-09-30/1224688192.PDF,1224688192,审计机
002158,汉钟精机,汉钟精机：《内部审计制度》（2025年9月）,2025-09-30,http://static.cninfo.com.cn/finalpage/2025-09-30/1224688206.PDF,1224688206,审计机
00038,第一拖拉机股份,第一拖拉机股份：董事会审计委员会工作细则,2025-09-29,http://static.cninfo.com.cn/finalpage/2025-09-29/1224693827.PDF,1224693827,审计机
000837,秦川机床,秦川机床：内部审计制度（2025年9月修订）,2025-09-27,http://static.cninfo.com.cn/finalpage/2025-09-27/1224683906.PDF,1224683906,审计机
001225,和泰机电,和泰机电：审计委员会工作细则（2025年9月）,2025-09-26,http://static.cninfo.com.cn/finalpage/2025-09-26/1224681432.PDF,1224681432,审计机
001225,和泰机电,和泰机电：内部审计管理制度（2025年9月）,2025-09-26,http://static.cninfo.com.cn/finalpage/2025-09-26/1224681443.PDF,1224681443,审计机
301338,凯格精机,凯格精机：内部审计制度（2025年9月）,2025-09-25,http://static.cninfo.com.cn/finalpage/2025-09-25/1224679718.PDF,1224679718,审计机
301338,凯格精机,凯格精机：审计委员会工作细则（2025年9月）,2025-09-25,http://static.cninfo.com.cn/finalpage/2025-09-25/1224679712.PDF,1224679712,审计机
000410,沈阳机床,沈阳机床：沈阳机床中捷友谊厂有限公司过渡期间损益专项审计报告,2025-09-24,http://static.cninfo.com.cn/finalpage/2025-09-24/1224676615.PDF,1224676615,审计机
000410,沈阳机床,沈阳机床：沈阳中捷航空航天机床有限公司过渡期间损益专项审计报告,2025-09-24,http://static.cninfo.com.cn/finalpage/2025-09-24/1224676616.PDF,1224676616,审计机
000410,沈阳机床,沈阳机床：天津市天锻压力机有限公司过渡期间损益专项审计报告,2025-09-24,http://static.cninfo.com.cn/finalpage/2025-09-24/1224676618.PDF,1224676618,审计机
601698,中国卫通,中国卫通：中国卫通关于续聘2025年度财务报告和内部控制审计机构的公告,2025-09-24,http://static.cninfo.com.cn/finalpage/2025-09-24/1224676777.PDF,1224676777,审计机
00267,中信股份,中信股份：海外监管公告 - 中信重工机械股份有限公司关於内部审计制度（2025年9月修订）,2025-09-23,http://static.cninfo.com.cn/finalpage/2025-09-23/1224678132.PDF,1224678132,审计机
00267,中信股份,中信股份：海外监管公告 - 中信重工机械股份有限公司关於董事会审计委员会工作细则（2025年9月修订）,2025-09-23,http://static.cninfo.com.cn/finalpage/2025-09-23/1224678107.PDF,1224678107,审计机
002535,林州重机,林州重机：林州重机：内部审计工作制度,2025-09-23,http://static.cninfo.com.cn/finalpage/2025-09-23/1224673252.PDF,1224673252,审计机
002535,林州重机,林州重机：林州重机：董事会审计委员会实施细则,2025-09-23,http://static.cninfo.com.cn/finalpage/2025-09-23/1224673266.PDF,1224673266,审计机
600761,安徽合力,安徽合力：安徽江淮重型工程机械有限公司审计报告,2025-09-19,http://static.cninfo.com.cn/finalpage/2025-09-19/1224669102.PDF,1224669102,审计机
000410,沈阳机床,沈阳机床：沈阳机床股份有限公司董事会审计与风险委员会工作规则,2025-09-13,http://static.cninfo.com.cn/finalpage/2025-09-13/1224657033.PDF,1224657033,审计机
920100,三协电机,[临时公告]三协电机:内部审计制度,2025-09-11,http://static.cninfo.com.cn/finalpage/2025-09-11/1224653911.PDF,1224653911,审计机
920100,三协电机,[临时公告]三协电机:董事会审计委员会工作细则,2025-09-11,http://static.cninfo.com.cn/finalpage/2025-09-11/1224653904.PDF,1224653904,审计机
001239,永达股份,永达股份：湘潭永达机械制造股份有限公司内部审计制度,2025-09-10,http://static.cninfo.com.cn/finalpage/2025-09-10/1224646165.PDF,1224646165,审计机
833943,优机股份,[临时公告]优机股份:董事会审计委员会工作细则,2025-09-09,http://static.cninfo.com.cn/finalpage/2025-09-09/1224648304.PDF,1224648304,审计机
833943,优机股份,[临时公告]优机股份:内部审计制度,2025-09-09,http://static.cninfo.com.cn/finalpage/2025-09-09/1224648303.PDF,1224648303,审计机
002526,山东矿机,山东矿机：发行人最近一年的财务报告及其审计报告以及最近一期的财务报告,2025-09-05,http://static.cninfo.com.cn/finalpage/2025-09-05/1224639506.pdf,1224639506,审计机
000880,潍柴重机,潍柴重机：常州玻璃钢造船厂有限公司审计报告（2025年半年度财务数据更新）,2025-09-01,http://static.cninfo.com.cn/finalpage/2025-09-01/1224629658.PDF,1224629658,审计机
603638,艾迪精密,艾迪精密：烟台艾迪精密机械股份有限公司 内部审计管理制度(2025年8月),2025-08-30,http://static.cninfo.com.cn/finalpage/2025-08-30/1224622802.PDF,1224622802,审计机
002685,华东重机,华东重机：内部审计制度,2025-08-30,http://static.cninfo.com.cn/finalpage/2025-08-30/1224623286.PDF,1224623286,审计机
002249,大洋电机,大洋电机：董事会审计委员会工作细则（草案）（H股发行并上市后适用）,2025-08-30,http://static.cninfo.com.cn/finalpage/2025-08-30/1224628277.PDF,1224628277,审计机
603638,艾迪精密,艾迪精密：烟台艾迪精密机械股份有限公司 董事会审计委员会议事规则(2025年8月),2025-08-30,http://static.cninfo.com.cn/finalpage/2025-08-30/1224622794.PDF,1224622794,审计机
603638,艾迪精密,艾迪精密：烟台艾迪精密机械股份有限公司 审计委员会年报工作规程(2025年8月),2025-08-30,http://static.cninfo.com.cn/finalpage/2025-08-30/1224622800.PDF,1224622800,审计机
603289,泰瑞机器,泰瑞机器：审计委员会工作细则（2025年8月修订）,2025-08-30,http://static.cninfo.com.cn/finalpage/2025-08-30/1224621626.PDF,1224621626,审计机
002685,华东重机,华东重机：审计委员会议事规则,2025-08-30,http://static.cninfo.com.cn/finalpage/2025-08-30/1224623279.PDF,1224623279,审计机
603280,南方路机,南方路机：福建南方路面机械股份有限公司内部审计管理制度,2025-08-30,http://static.cninfo.com.cn/finalpage/2025-08-30/1224626862.PDF,1224626862,审计机
000837,秦川机床,秦川机床：董事会审计委员会工作细则(2025年8月修订）,2025-08-30,http://static.cninfo.com.cn/finalpage/2025-08-30/1224620845.PDF,1224620845,审计机
000837,秦川机床,秦川机床：审计委员会年报工作规程(2025年8月修订）,2025-08-30,http://static.cninfo.com.cn/finalpage/2025-08-30/1224620849.PDF,1224620849,审计机
603289,泰瑞机器,泰瑞机器：内部审计工作制度（2025年8月修订）,2025-08-30,http://static.cninfo.com.cn/finalpage/2025-08-30/1224621671.PDF,1224621671,审计机
002520,日发精机,日发精机：内部审计制度（2025年8月）,2025-08-29,http://static.cninfo.com.cn/finalpage/2025-08-29/1224602398.PDF,1224602398,审计机
603960,克来机电,克来机电：克来机电内部审计管理制度,2025-08-29,http://static.cninfo.com.cn/finalpage/2025-08-29/1224609119.PDF,1224609119,审计机
603270,金帝股份,金帝股份：山东金帝精密机械科技股份有限公司董事会审计委员会工作细则,2025-08-29,http://static.cninfo.com.cn/finalpage/2025-08-29/1224602558.PDF,1224602558,审计机
603109,神驰机电,神驰机电：内部审计制度,2025-08-28,http://static.cninfo.com.cn/finalpage/2025-08-28/1224588078.PDF,1224588078,审计机
600984,建设机械,建设机械：建设机械审计委员会2025年第七次会议决议,2025-08-28,http://static.cninfo.com.cn/finalpage/2025-08-28/1224592694.PDF,1224592694,审计机
873706,铁拓机械,[临时公告]铁拓机械:内部审计制度,2025-08-28,http://static.cninfo.com.cn/finalpage/2025-08-28/1224616086.PDF,1224616086,审计机
873706,铁拓机械,[临时公告]铁拓机械:董事会审计委员会工作细则,2025-08-28,http://static.cninfo.com.cn/finalpage/2025-08-28/1224616105.PDF,1224616105,审计机
300818,耐普矿机,耐普矿机：审计委员会实施细则,2025-08-27,http://static.cninfo.com.cn/finalpage/2025-08-27/1224578284.PDF,1224578284,审计机
835579,机科股份,[临时公告]机科股份:内部审计制度,2025-08-27,http://static.cninfo.com.cn/finalpage/2025-08-27/1224600252.PDF,1224600252,审计机
300818,耐普矿机,耐普矿机：内部审计制度,2025-08-27,http://static.cninfo.com.cn/finalpage/2025-08-27/1224578282.PDF,1224578282,审计机
835579,机科股份,[临时公告]机科股份:董事会审计委员会工作细则,2025-08-27,http://static.cninfo.com.cn/finalpage/2025-08-27/1224600253.PDF,1224600253,审计机
600335,国机汽车,国机汽车：《国机汽车股份有限公司董事会审计与风险管理委员会工作细则》（2025年8月修订）,2025-08-26,http://static.cninfo.com.cn/finalpage/2025-08-26/1224573137.PDF,1224573137,审计机
301508,中机认检,中机认检：中机寰宇认证检验股份有限公司董事会审计委员会工作细则,2025-08-26,http://static.cninfo.com.cn/finalpage/2025-08-26/1224567050.PDF,1224567050,审计机
001288,运机集团,运机集团：董事会审计委员会关于计提资产减值准备合理性的说明,2025-08-26,http://static.cninfo.com.cn/finalpage/2025-08-26/1224568336.PDF,1224568336,审计机
920101,志高机械,[临时公告]志高机械:内部审计制度,2025-08-25,http://static.cninfo.com.cn/finalpage/2025-08-25/1224572190.PDF,1224572190,审计机
300092,科新机电,科新机电：审计委员会年报工作规程（2025年8月修订）,2025-08-23,http://static.cninfo.com.cn/finalpage/2025-08-23/1224554203.PDF,1224554203,审计机
600698,湖南天雁,湖南天雁：湖南天雁机械股份有限公司董事会审计与监督委员会工作规则（2025年8月修订）,2025-08-23,http://static.cninfo.com.cn/finalpage/2025-08-23/1224555776.PDF,1224555776,审计机
300092,科新机电,科新机电：董事会审计委员会工作规则（2025年8月修订）,2025-08-23,http://static.cninfo.com.cn/finalpage/2025-08-23/1224554202.PDF,1224554202,审计机
300092,科新机电,科新机电：内部审计管理制度（2025年8月修订）,2025-08-23,http://static.cninfo.com.cn/finalpage/2025-08-23/1224554204.PDF,1224554204,审计机
002970,锐明技术,锐明技术：关于聘请H股发行及上市审计机构的公告,2025-08-22,http://static.cninfo.com.cn/finalpage/2025-08-22/1224536086.PDF,1224536086,审计机
920100,三协电机,三协电机:最近三年及一期的财务报告和审计报告,2025-08-22,http://static.cninfo.com.cn/finalpage/2025-08-22/1225288043.PDF,1225288043,审计机
601956,东贝集团,东贝集团：湖北东贝机电集团股份有限公司董事会审计委员会议事规则（2025年8月修订）,2025-08-22,http://static.cninfo.com.cn/finalpage/2025-08-22/1224536959.PDF,1224536959,审计机
002249,大洋电机,大洋电机：董事会审计委员会工作细则（2025年8月）,2025-08-20,http://static.cninfo.com.cn/finalpage/2025-08-20/1224517988.PDF,1224517988,审计机
002249,大洋电机,大洋电机：内部审计管理制度（2025年8月）,2025-08-20,http://static.cninfo.com.cn/finalpage/2025-08-20/1224517994.PDF,1224517994,审计机
000880,潍柴重机,潍柴重机：常州玻璃钢造船厂有限公司审计报告,2025-08-07,http://static.cninfo.com.cn/finalpage/2025-08-07/1224414694.PDF,1224414694,审计机
001288,运机集团,运机集团：董事会审计委员会工作细则（2025年8月）,2025-08-05,http://static.cninfo.com.cn/finalpage/2025-08-05/1224385962.PDF,1224385962,审计机
001288,运机集团,运机集团：内部审计制度（2025年8月）,2025-08-05,http://static.cninfo.com.cn/finalpage/2025-08-05/1224385938.PDF,1224385938,审计机
920101,志高机械,志高机械:最近三年及一期的财务报告和审计报告,2025-08-01,http://static.cninfo.com.cn/finalpage/2025-08-01/1225289615.PDF,1225289615,审计机
600933,爱柯迪,爱柯迪：卓尔博（宁波）精密机电股份有限公司审计报告及财务报表,2025-07-31,http://static.cninfo.com.cn/finalpage/2025-07-31/1224341935.PDF,1224341935,审计机
002520,日发精机,日发精机：董事会审计委员会工作细则（2025年7月）,2025-07-26,http://static.cninfo.com.cn/finalpage/2025-07-26/1224298934.PDF,1224298934,审计机
601399,国机重装,国机重装：国机重型装备集团股份有限公司董事会审计与风险管理委员会议事规则,2025-07-25,http://static.cninfo.com.cn/finalpage/2025-07-25/1224282323.PDF,1224282323,审计机
600765,中航重机,中航重机：中航重机董事会审计与风险控制委员会工作细则（2025年7月修订）,2025-07-21,http://static.cninfo.com.cn/finalpage/2025-07-21/1224225230.PDF,1224225230,审计机
603338,浙江鼎力,浙江鼎力：浙江鼎力机械股份有限公司董事会审计委员会工作规则（2025年7月）,2025-07-19,http://static.cninfo.com.cn/finalpage/2025-07-19/1224214654.PDF,1224214654,审计机
603338,浙江鼎力,浙江鼎力：浙江鼎力机械股份有限公司内部审计制度（2025年7月）,2025-07-19,http://static.cninfo.com.cn/finalpage/2025-07-19/1224214658.PDF,1224214658,审计机
833943,优机股份,[临时公告]优机股份:最近2年的财务报告和审计报告（注册稿）,2025-07-18,http://static.cninfo.com.cn/finalpage/2025-07-18/1224216804.PDF,1224216804,审计机
301298,东利机械,东利机械：内部审计制度,2025-07-16,http://static.cninfo.com.cn/finalpage/2025-07-16/1224178222.PDF,1224178222,审计机
301298,东利机械,东利机械：董事会审计委员会工作细则,2025-07-16,http://static.cninfo.com.cn/finalpage/2025-07-16/1224178237.PDF,1224178237,审计机
002046,国机精工,国机精工：国机精工集团股份有限公司审计与风险管理委员会工作细则（2025年7月）,2025-07-12,http://static.cninfo.com.cn/finalpage/2025-07-12/1224145147.PDF,1224145147,审计机
688678,福立旺,福立旺：福立旺精密机电（中国）股份有限公司内部审计制度,2025-07-01,http://static.cninfo.com.cn/finalpage/2025-07-01/1224041164.PDF,1224041164,审计机
688678,福立旺,福立旺：福立旺精密机电（中国）股份有限公司董事会审计委员会工作细则,2025-07-01,http://static.cninfo.com.cn/finalpage/2025-07-01/1224041155.PDF,1224041155,审计机
001216,华瓷股份,华瓷股份：发行人及保荐机构关于华瓷股份申请向特定对象发行股票的审核问询函的回复（2025年三季报财务数据更新稿）（豁免版）,2025-11-25,http://static.cninfo.com.cn/finalpage/2025-11-25/1224822264.PDF,1224822264,财务审机构
688177,百奥泰,百奥泰：百奥泰 关于变更项目质量控制复核人的公告,2025-12-31,http://static.cninfo.com.cn/finalpage/2025-12-31/1224909048.PDF,1224909048,质量控制复核人
920564,天润科技,[临时公告]天润科技:关于变更项目质量控制复核人的公告,2025-12-30,http://static.cninfo.com.cn/finalpage/2025-12-30/1224911714.PDF,1224911714,质量控制复核人
688717,艾罗能源,艾罗能源：关于更换审计质量控制复核人员的公告,2025-12-25,http://static.cninfo.com.cn/finalpage/2025-12-25/1224897284.PDF,1224897284,质量控制复核人
600029,南方航空,南方航空：南方航空关于变更审计项目质量控制复核人的公告,2025-08-26,http://static.cninfo.com.cn/finalpage/2025-08-26/1224565520.PDF,1224565520,质量控制复核人
600525,ST长园,ST长园：关于公司2025年度审计项目变更质量复核人员的公告,2025-11-29,http://static.cninfo.com.cn/finalpage/2025-11-29/1224837277.PDF,1224837277,质量复核人
000615,*ST美谷,*ST美谷：关于更换签字注册会计师的公告,2025-12-19,http://static.cninfo.com.cn/finalpage/2025-12-19/1224885303.PDF,1224885303,签字注册会计师
300292,吴通控股,吴通控股：关于变更签字注册会计师的公告,2025-12-13,http://static.cninfo.com.cn/finalpage/2025-12-13/1224876048.PDF,1224876048,签字注册会计师
688176,亚虹医药,亚虹医药：江苏亚虹医药科技股份有限公司关于变更签字注册会计师的公告,2025-11-29,http://static.cninfo.com.cn/finalpage/2025-11-29/1224833285.PDF,1224833285,签字注册会计师
920060,万源通,[临时公告]万源通:关于变更签字注册会计师的公告,2025-11-20,http://static.cninfo.com.cn/finalpage/2025-11-20/1224817490.PDF,1224817490,签字注册会计师
001225,和泰机电,和泰机电：关于变更签字注册会计师的公告,2025-10-31,http://static.cninfo.com.cn/finalpage/2025-10-31/1224771431.PDF,1224771431,签字注册会计师
301177,迪阿股份,迪阿股份：关于变更签字注册会计师的公告,2025-10-30,http://static.cninfo.com.cn/finalpage/2025-10-30/1224763473.PDF,1224763473,签字注册会计师
002590,万安科技,万安科技：关于变更签字注册会计师的公告,2025-10-18,http://static.cninfo.com.cn/finalpage/2025-10-18/1224717705.PDF,1224717705,签字注册会计师
002468,申通快递,申通快递：关于变更签字注册会计师的公告,2025-08-29,http://static.cninfo.com.cn/finalpage/2025-08-29/1224612829.PDF,1224612829,签字注册会计师
000599,青岛双星,青岛双星：中国国际金融股份有限公司关于青岛双星股份有限公司发行股份及支付现金购买资产并募集配套资金项目签字注册会计师变更情况的核查意见,2025-08-28,http://static.cninfo.com.cn/finalpage/2025-08-28/1224598725.PDF,1224598725,签字注册会计师
603049,中策橡胶,中策橡胶：中策橡胶：关于变更签字会计师的公告,2025-12-25,http://static.cninfo.com.cn/finalpage/2025-12-25/1224895848.PDF,1224895848,签字会计师
600596,新安股份,新安股份：新安股份关于变更签字会计师的公告,2025-12-13,http://static.cninfo.com.cn/finalpage/2025-12-13/1224872157.PDF,1224872157,签字会计师
