secCode,secName,title,date,url,announcementId,keyword
000002,万  科Ａ,万科A：关于会计师事务所变更质量控制复核人的公告,2024-08-07,http://static.cninfo.com.cn/finalpage/2024-08-07/1220806999.PDF,1220806999,会计师事务所
000004,国华网安,国华网安：关于拟续聘会计师事务所的公告,2024-11-28,http://static.cninfo.com.cn/finalpage/2024-11-28/1221864962.PDF,1221864962,会计师事务所
000007,全新好,全新好：关于拟续聘会计师事务所的公告,2024-10-12,http://static.cninfo.com.cn/finalpage/2024-10-12/1221367172.PDF,1221367172,会计师事务所
000008,神州高铁,神州高铁：关于聘任公司总法律顾问及内部审计机构负责人的公告,2024-10-23,http://static.cninfo.com.cn/finalpage/2024-10-23/1221473944.PDF,1221473944,审计机构
000008,神州高铁,神州高铁：关于续聘会计师事务所的公告,2024-12-12,http://static.cninfo.com.cn/finalpage/2024-12-12/1221997867.PDF,1221997867,会计师事务所
000011,深物业A,深物业A：关于拟变更会计师事务所的公告,2024-10-31,http://static.cninfo.com.cn/finalpage/2024-10-31/1221574388.PDF,1221574388,会计师事务所
000012,南  玻Ａ,南  玻Ａ：关于续聘2024年度审计机构的公告,2024-10-09,http://static.cninfo.com.cn/finalpage/2024-10-09/1221342403.PDF,1221342403,审计机构
000014,沙河股份,沙河股份：关于拟变更会计师事务所的公告,2024-12-14,http://static.cninfo.com.cn/finalpage/2024-12-14/1222015611.PDF,1222015611,会计师事务所
000019,深粮控股,深粮控股：深圳市深粮控股股份有限公司关于续聘致同会计师事务所（特殊普通合伙）为2024年审计机构的公告,2024-10-29,http://static.cninfo.com.cn/finalpage/2024-10-29/1221541466.PDF,1221541466,会计师
000021,深科技,深科技：关于续聘会计师事务所的公告,2024-10-30,http://static.cninfo.com.cn/finalpage/2024-10-30/1221558138.PDF,1221558138,会计师事务所
000025,特  力Ａ,特  力Ａ：关于续聘2024年度审计机构的公告,2024-10-24,http://static.cninfo.com.cn/finalpage/2024-10-24/1221490536.PDF,1221490536,审计机构
000026,飞亚达,飞亚达：会计师事务所选聘制度（2024年11月）,2024-11-09,http://static.cninfo.com.cn/finalpage/2024-11-09/1221661360.PDF,1221661360,会计师事务所
000026,飞亚达,飞亚达：关于拟变更会计师事务所的公告,2024-11-09,http://static.cninfo.com.cn/finalpage/2024-11-09/1221661359.PDF,1221661359,会计师事务所
000028,国药一致,国药一致：关于变更会计师事务所的公告,2024-09-26,http://static.cninfo.com.cn/finalpage/2024-09-26/1221291053.PDF,1221291053,会计师事务所
000029,深深房Ａ,深深房Ａ：关于拟续聘会计师事务所的公告,2024-08-03,http://static.cninfo.com.cn/finalpage/2024-08-03/1220787013.PDF,1220787013,会计师事务所
000032,深桑达Ａ,深桑达Ａ：关于续聘2024年度会计师事务所的公告,2024-12-14,http://static.cninfo.com.cn/finalpage/2024-12-14/1222015577.PDF,1222015577,会计师事务所
000037,深南电A,深南电A：拟续聘会计师事务所的公告,2024-11-26,http://static.cninfo.com.cn/finalpage/2024-11-26/1221836568.PDF,1221836568,会计师事务所
000037,深南电A,深南电A：选聘会计师事务所管理制度（草案）,2024-11-26,http://static.cninfo.com.cn/finalpage/2024-11-26/1221836571.PDF,1221836571,会计师事务所
000037,深南电A,深南电A：选聘会计师事务所管理制度,2024-12-13,http://static.cninfo.com.cn/finalpage/2024-12-13/1222006140.PDF,1222006140,会计师事务所
000040,东旭蓝天,东旭蓝天：对会计师事务所2023年度履职情况评估及审计委员会对会计师事务所履行监督职责的报告,2024-07-05,http://static.cninfo.com.cn/finalpage/2024-07-05/1220543386.PDF,1220543386,会计师事务所
000042,中洲控股,中洲控股：关于拟聘请2024年度会计师事务所的公告,2024-09-10,http://static.cninfo.com.cn/finalpage/2024-09-10/1221178586.PDF,1221178586,会计师事务所
000048,京基智农,京基智农：关于变更会计师事务所的公告,2024-10-31,http://static.cninfo.com.cn/finalpage/2024-10-31/1221574650.PDF,1221574650,会计师事务所
000049,德赛电池,德赛电池：会计师事务所选聘制度（2024年10月）,2024-10-31,http://static.cninfo.com.cn/finalpage/2024-10-31/1221571229.PDF,1221571229,会计师事务所
000049,德赛电池,德赛电池：关于变更会计师事务所的公告,2024-11-06,http://static.cninfo.com.cn/finalpage/2024-11-06/1221635976.PDF,1221635976,会计师事务所
000050,深天马Ａ,深天马Ａ：关于聘任2024年度会计师事务所的公告,2024-10-31,http://static.cninfo.com.cn/finalpage/2024-10-31/1221574205.PDF,1221574205,会计师事务所
000050,深天马Ａ,深天马Ａ：中信证券股份有限公司关于天马微电子股份有限公司聘任审计机构之临时受托管理事务报告,2024-11-22,http://static.cninfo.com.cn/finalpage/2024-11-22/1221815562.PDF,1221815562,审计机构
000050,深天马Ａ,深天马Ａ：中国银河证券股份有限公司关于天马微电子股份有限公司聘任审计机构的临时受托管理事务报告,2024-11-22,http://static.cninfo.com.cn/finalpage/2024-11-22/1221815561.PDF,1221815561,审计机构
000055,方大集团,方大集团：关于变更签字注册会计师的公告,2024-11-14,http://static.cninfo.com.cn/finalpage/2024-11-14/1221712968.PDF,1221712968,会计师
000056,皇庭国际,皇庭国际：关于拟变更会计师事务所的公告,2024-10-29,http://static.cninfo.com.cn/finalpage/2024-10-29/1221538964.PDF,1221538964,会计师事务所
000056,皇庭国际,皇庭国际：关于拟变更会计师事务所的公告,2024-12-14,http://static.cninfo.com.cn/finalpage/2024-12-14/1222019064.PDF,1222019064,会计师事务所
000058,深 赛 格,深 赛 格：关于续聘2024年度审计机构的公告,2024-08-28,http://static.cninfo.com.cn/finalpage/2024-08-28/1221000899.PDF,1221000899,审计机构
000059,华锦股份,华锦股份：关于拟聘任会计师事务所的公告（更新前）,2024-12-18,http://static.cninfo.com.cn/finalpage/2024-12-18/1222047412.PDF,1222047412,会计师事务所
000059,华锦股份,华锦股份：关于拟聘任会计师事务所的公告（更新后）,2024-12-21,http://static.cninfo.com.cn/finalpage/2024-12-21/1222090028.PDF,1222090028,会计师事务
000061,农 产 品,农 产 品：关于聘请2024年度会计师事务所的公告,2024-11-21,http://static.cninfo.com.cn/finalpage/2024-11-21/1221789424.PDF,1221789424,会计师事务所
000062,深圳华强,深圳华强：关于续聘会计师事务所的公告,2024-09-26,http://static.cninfo.com.cn/finalpage/2024-09-26/1221289881.PDF,1221289881,会计师事务所
000065,北方国际,北方国际：关于续聘会计师事务所的公告,2024-10-31,http://static.cninfo.com.cn/finalpage/2024-10-31/1221576642.PDF,1221576642,会计师事务所
000066,中国长城,中国长城：关于拟续聘会计师事务所的公告,2024-08-31,http://static.cninfo.com.cn/finalpage/2024-08-31/1221082526.PDF,1221082526,会计师事务所
000068,华控赛格,华控赛格：关于拟续聘2024年年审会计师事务所的公告,2024-11-15,http://static.cninfo.com.cn/finalpage/2024-11-15/1221726517.PDF,1221726517,会计师事务所
000088,盐 田 港,盐 田 港：关于拟聘任公司2024年度审计机构的公告,2024-11-22,http://static.cninfo.com.cn/finalpage/2024-11-22/1221803926.PDF,1221803926,审计机构
000090,天健集团,天健集团：关于变更2024年度公司财务、内控审计机构的公告,2024-12-28,http://static.cninfo.com.cn/finalpage/2024-12-28/1222165269.PDF,1222165269,审计机构
000099,中信海直,中信海直：关于拟续聘2024年度财务及内部控制审计机构的公告,2024-12-31,http://static.cninfo.com.cn/finalpage/2024-12-31/1222182513.PDF,1222182513,审计机构
000100,TCL科技,TCL科技：关于聘任会计师事务所的公告,2024-10-30,http://static.cninfo.com.cn/finalpage/2024-10-30/1221556085.PDF,1221556085,会计师事务所
000100,TCL科技,TCL科技：中信证券股份有限公司关于TCL科技集团股份有限公司聘任会计师事务所的临时受托管理事务报告,2024-11-07,http://static.cninfo.com.cn/finalpage/2024-11-07/1221648259.PDF,1221648259,会计师事务所
000151,中成股份,中成股份：中成进出口股份有限公司关于拟变更会计师事务所的公告,2024-12-24,http://static.cninfo.com.cn/finalpage/2024-12-24/1222113659.PDF,1222113659,会计师事务所
000155,川能动力,川能动力：关于续聘2024年度审计机构的公告,2024-08-30,http://static.cninfo.com.cn/finalpage/2024-08-30/1221056644.PDF,1221056644,审计机构
000156,华数传媒,华数传媒：关于续聘2024年度会计师事务所的公告,2024-08-31,http://static.cninfo.com.cn/finalpage/2024-08-31/1221085260.PDF,1221085260,会计师事务所
000158,常山北明,常山北明：会计师事务所选聘制度,2024-10-28,http://static.cninfo.com.cn/finalpage/2024-10-28/1221523058.PDF,1221523058,会计师事务所
000158,常山北明,常山北明：关于聘任2024年度会计师事务所的公告,2024-11-13,http://static.cninfo.com.cn/finalpage/2024-11-13/1221699408.PDF,1221699408,会计师事务所
000166,申万宏源,申万宏源：申万宏源集团股份有限公司关于变更会计师事务所的公告,2024-09-28,http://static.cninfo.com.cn/finalpage/2024-09-28/1221313955.PDF,1221313955,会计师事务所
000400,许继电气,许继电气：关于续聘会计师事务所的公告,2024-09-27,http://static.cninfo.com.cn/finalpage/2024-09-27/1221306712.PDF,1221306712,会计事务所
000401,冀东水泥,冀东水泥：关于聘任2024年度会计师事务所的公告,2024-08-31,http://static.cninfo.com.cn/finalpage/2024-08-31/1221088091.PDF,1221088091,会计师事务所
000402,金 融 街,金 融 街：关于对2023年度会计师事务所履职情况的评估报告,2024-10-08,http://static.cninfo.com.cn/finalpage/2024-10-08/1221329824.PDF,1221329824,会计师事务所
000402,金 融 街,金 融 街：拟续聘会计师事务所的公告,2024-10-08,http://static.cninfo.com.cn/finalpage/2024-10-08/1221329820.PDF,1221329820,会计师事务所
000402,金 融 街,金 融 街：董事会审计委员会对会计师事务所2023年度履行监督职责情况的报告,2024-10-08,http://static.cninfo.com.cn/finalpage/2024-10-08/1221329822.PDF,1221329822,会计师事务所
000402,金 融 街,金 融 街：关于变更签字注册会计师的公告,2024-12-18,http://static.cninfo.com.cn/finalpage/2024-12-18/1222047682.PDF,1222047682,会计师
000403,派林生物,派林生物：关于续聘会计师事务所的公告,2024-12-07,http://static.cninfo.com.cn/finalpage/2024-12-07/1221958344.PDF,1221958344,会计师事务所
000410,沈阳机床,沈阳机床：沈阳机床股份有限公司关于拟变更会计师事务所的公告,2024-11-30,http://static.cninfo.com.cn/finalpage/2024-11-30/1221891495.PDF,1221891495,会计师事务所
000413,东旭光电,东旭光电：审计委员会关于会计师事务所23年度履职情况评估及履行监督职责的报告,2024-07-05,http://static.cninfo.com.cn/finalpage/2024-07-05/1220543322.PDF,1220543322,会计师事务所
000419,通程控股,通程控股：通程控股关于变更签字注册会计师的公告,2024-10-26,http://static.cninfo.com.cn/finalpage/2024-10-26/1221520308.PDF,1221520308,会计师
000426,兴业银锡,兴业银锡：关于变更签字注册会计师的公告,2024-12-12,http://static.cninfo.com.cn/finalpage/2024-12-12/1221997474.PDF,1221997474,会计师
000430,张家界,张家界：关于变更会计师事务所的公告,2024-10-29,http://static.cninfo.com.cn/finalpage/2024-10-29/1221540461.PDF,1221540461,会计师事务所
000503,国新健康,国新健康：关于拟变更会计师事务所的公告,2024-12-06,http://static.cninfo.com.cn/finalpage/2024-12-06/1221940069.PDF,1221940069,会计师事务所
000504,南华生物,南华生物：南华生物关于续聘2024年度审计机构的公告,2024-09-19,http://static.cninfo.com.cn/finalpage/2024-09-19/1221235550.PDF,1221235550,审计机构
000506,*ST中润,*ST中润：关于拟续聘会计师事务所的公告,2024-12-31,http://static.cninfo.com.cn/finalpage/2024-12-31/1222182425.PDF,1222182425,会计师事务所
000507,珠海港,珠海港：关于拟变更会计师事务所的公告,2024-11-14,http://static.cninfo.com.cn/finalpage/2024-11-14/1221713327.PDF,1221713327,会计师事务所
000507,珠海港,珠海港：国泰君安证券股份有限公司关于珠海港股份有限公司变更会计师事务所的临时受托管理事务报告,2024-12-05,http://static.cninfo.com.cn/finalpage/2024-12-05/1221939670.PDF,1221939670,会计师事务所
000510,新金路,新金路：关于变更年审签字注册会计师的公告,2024-12-19,http://static.cninfo.com.cn/finalpage/2024-12-19/1222063278.PDF,1222063278,会计师
000514,渝 开 发,渝 开 发：拟续聘会计师事务所的公告,2024-10-29,http://static.cninfo.com.cn/finalpage/2024-10-29/1221539470.PDF,1221539470,会计师事务所
000517,荣安地产,荣安地产：荣安地产股份有限公司关于续聘会计师事务所的公告,2024-08-28,http://static.cninfo.com.cn/finalpage/2024-08-28/1221007649.PDF,1221007649,会计师事务所
000518,四环生物,四环生物：江苏四环生物股份有限公司关于变更签字注册会计师的公告,2024-11-28,http://static.cninfo.com.cn/finalpage/2024-11-28/1221864700.PDF,1221864700,会计师
000519,中兵红箭,中兵红箭：拟续聘会计师事务所的公告,2024-10-28,http://static.cninfo.com.cn/finalpage/2024-10-28/1221523167.PDF,1221523167,会计师事务所
000520,凤凰航运,凤凰航运：凤凰航运关于拟变更2024年度审计机构的公告,2024-11-09,http://static.cninfo.com.cn/finalpage/2024-11-09/1221661362.PDF,1221661362,审计机构
000523,红棉股份,红棉股份：会计师事务所选聘制度,2024-08-27,http://static.cninfo.com.cn/finalpage/2024-08-27/1220982804.PDF,1220982804,会计师事务所
000523,红棉股份,红棉股份：关于续聘会计师事务所的公告,2024-11-19,http://static.cninfo.com.cn/finalpage/2024-11-19/1221766168.PDF,1221766168,会计师事务所
000524,岭南控股,岭南控股：关于拟变更会计师事务所的公告,2024-10-31,http://static.cninfo.com.cn/finalpage/2024-10-31/1221576946.PDF,1221576946,会计师事务所
000525,*ST红阳,*ST红阳：关于变更签字注册会计师的公告,2024-12-13,http://static.cninfo.com.cn/finalpage/2024-12-13/1222007207.PDF,1222007207,会计师
000529,广弘控股,广弘控股：广东广弘控股股份有限公司会计师事务所选聘制度,2024-08-26,http://static.cninfo.com.cn/finalpage/2024-08-26/1220980073.PDF,1220980073,会计师事务所
000529,广弘控股,广弘控股：关于聘任华兴会计师事务所（特殊普通合伙）的公告,2024-11-15,http://static.cninfo.com.cn/finalpage/2024-11-15/1221725475.PDF,1221725475,会计师事务所
000531,穗恒运Ａ,穗恒运Ａ：关于拟变更会计师事务所的公告,2024-08-30,http://static.cninfo.com.cn/finalpage/2024-08-30/1221055571.PDF,1221055571,会计师事务所
000533,顺钠股份,顺钠股份：关于拟聘任会计师事务所的公告,2024-11-27,http://static.cninfo.com.cn/finalpage/2024-11-27/1221854565.PDF,1221854565,会计师事务所
000534,万泽股份,万泽股份：万泽股份关于续聘政旦志远（深圳）会计师事务所（特殊普通合伙）为公司2024年度审计机构的公告,2024-12-07,http://static.cninfo.com.cn/finalpage/2024-12-07/1221956401.PDF,1221956401,会计师事务所
000536,华映科技,华映科技：关于变更会计师事务所的公告,2024-11-28,http://static.cninfo.com.cn/finalpage/2024-11-28/1221866868.PDF,1221866868,会计事务所
000537,中绿电,中绿电：关于续聘年度审计机构及内部控制审计机构的公告,2024-12-11,http://static.cninfo.com.cn/finalpage/2024-12-11/1221983476.PDF,1221983476,审计机构
000538,云南白药,云南白药：云南白药集团股份有限公司会计师事务所选聘制度（2024年8月）,2024-08-27,http://static.cninfo.com.cn/finalpage/2024-08-27/1220987164.PDF,1220987164,会计师事务所
000538,云南白药,云南白药：关于拟续聘2024年度审计机构（含内部控制审计）的公告,2024-08-27,http://static.cninfo.com.cn/finalpage/2024-08-27/1220987172.PDF,1220987172,审计机构
000541,佛山照明,佛山照明：关于续聘2024年度会计师事务所的公告,2024-10-29,http://static.cninfo.com.cn/finalpage/2024-10-29/1221544152.PDF,1221544152,会计师事务所
000544,中原环保,中原环保：关于变更签字注册会计师的公告,2024-12-10,http://static.cninfo.com.cn/finalpage/2024-12-10/1221965155.PDF,1221965155,会计师
000545,金浦钛业,金浦钛业：关于续聘2024年度财务审计机构及内部控制审计机构的公告,2024-10-17,http://static.cninfo.com.cn/finalpage/2024-10-17/1221407679.PDF,1221407679,审计机构
000546,金圆股份,金圆股份：关于拟变更会计师事务所的公告,2024-10-31,http://static.cninfo.com.cn/finalpage/2024-10-31/1221575244.PDF,1221575244,会计师事务所
000547,航天发展,航天发展：关于续聘会计师事务所的公告,2024-12-05,http://static.cninfo.com.cn/finalpage/2024-12-05/1221925172.PDF,1221925172,会计师事务所
000550,江铃汽车,江铃汽车：江铃汽车拟变更会计师事务所的公告,2024-10-15,http://static.cninfo.com.cn/finalpage/2024-10-15/1221384135.PDF,1221384135,会计师事务所
000551,创元科技,创元科技：关于变更签字会计师的公告,2024-12-20,http://static.cninfo.com.cn/finalpage/2024-12-20/1222075938.PDF,1222075938,会计师
000552,甘肃能化,甘肃能化：关于拟变更会计师事务所的公告,2024-10-31,http://static.cninfo.com.cn/finalpage/2024-10-31/1221569457.PDF,1221569457,会计师事务所
000558,莱茵体育,莱茵体育：关于聘任2024年度会计师事务所的公告,2024-09-19,http://static.cninfo.com.cn/finalpage/2024-09-19/1221233275.PDF,1221233275,会计师事务所
000560,我爱我家,我爱我家：关于拟续聘2024年度会计师事务所的公告,2024-10-31,http://static.cninfo.com.cn/finalpage/2024-10-31/1221568979.PDF,1221568979,会计师事务所
000561,烽火电子,烽火电子：关于聘任公司总会计师的公告,2024-10-31,http://static.cninfo.com.cn/finalpage/2024-10-31/1221572767.PDF,1221572767,会计师
000561,烽火电子,烽火电子：关于拟变更会计师事务所的公告,2024-12-14,http://static.cninfo.com.cn/finalpage/2024-12-14/1222019115.PDF,1222019115,会计师事务所
000563,陕国投Ａ,陕国投Ａ：选聘会计师事务所管理办法,2024-07-12,http://static.cninfo.com.cn/finalpage/2024-07-12/1220615939.PDF,1220615939,会计师事务所
000563,陕国投Ａ,陕国投Ａ：拟续聘会计师事务所的公告,2024-08-27,http://static.cninfo.com.cn/finalpage/2024-08-27/1220986959.PDF,1220986959,会计师事务所
000564,供销大集,供销大集：关于续聘信永中和会计师事务所的公告,2024-12-07,http://static.cninfo.com.cn/finalpage/2024-12-07/1221957883.PDF,1221957883,会计事务所
000566,海南海药,海南海药：关于续聘会计师事务所的公告,2024-12-03,http://static.cninfo.com.cn/finalpage/2024-12-03/1221909325.PDF,1221909325,会计师事务所
000568,泸州老窖,泸州老窖：中国国际金融股份有限公司关于泸州老窖股份有限公司变更会计师事务所的受托管理事务临时报告,2024-07-05,http://static.cninfo.com.cn/finalpage/2024-07-05/1220540028.PDF,1220540028,会计师事务所
000570,苏常柴Ａ,苏常柴Ａ：关于拟变更会计师事务所的公告,2024-07-13,http://static.cninfo.com.cn/finalpage/2024-07-13/1220628423.PDF,1220628423,会计师事务所
000571,新大洲Ａ,新大洲A：关于拟续聘会计师事务所的公告,2024-12-17,http://static.cninfo.com.cn/finalpage/2024-12-17/1222036085.PDF,1222036085,会计师事务所
000572,海马汽车,海马汽车：关于变更签字注册会计师的公告,2024-12-04,http://static.cninfo.com.cn/finalpage/2024-12-04/1221918159.PDF,1221918159,会计师
000581,威孚高科,威孚高科：关于聘任2024年度审计机构的公告,2024-08-22,http://static.cninfo.com.cn/finalpage/2024-08-22/1220936000.PDF,1220936000,审计机构
000584,*ST工智,*ST工智：关于拟聘请2024年度会计师事务所的公告,2024-11-26,http://static.cninfo.com.cn/finalpage/2024-11-26/1221835057.PDF,1221835057,会计师事务所
000586,汇源通信,汇源通信：四川汇源光通信股份有限公司关于拟续聘会计师事务所的公告,2024-08-27,http://static.cninfo.com.cn/finalpage/2024-08-27/1220983090.PDF,1220983090,会计师事务所
000589,贵州轮胎,贵州轮胎：关于拟变更会计师事务所的公告,2024-08-31,http://static.cninfo.com.cn/finalpage/2024-08-31/1221083229.PDF,1221083229,会计师事务所
000591,太阳能,太阳能：关于变更2024年度财务审计机构和内部控制审计机构的公告,2024-10-30,http://static.cninfo.com.cn/finalpage/2024-10-30/1221557304.PDF,1221557304,审计机构
000591,太阳能,太阳能：中国国际金融股份有限公司关于中节能太阳能股份有限公司变更2024年度财务审计机构和内部控制审计机构之受托管理事务临时报告,2024-11-25,http://static.cninfo.com.cn/finalpage/2024-11-25/1221833953.PDF,1221833953,审计机构
000595,宝塔实业,宝塔实业：关于拟续聘会计师事务所的公告,2024-12-03,http://static.cninfo.com.cn/finalpage/2024-12-03/1221908138.PDF,1221908138,会计师事务所
000598,兴蓉环境,兴蓉环境：中信建投证券股份有限公司关于成都市兴蓉环境股份有限公司变更会计师事务所的临时受托管理事务报告,2024-07-15,http://static.cninfo.com.cn/finalpage/2024-07-15/1220646517.PDF,1220646517,会计师事务所
000599,青岛双星,青岛双星：关于拟变更会计师事务所的公告,2024-08-15,http://static.cninfo.com.cn/finalpage/2024-08-15/1220871521.PDF,1220871521,会计师事务所
000601,韶能股份,韶能股份：关于拟变更会计师事务所暨聘任公司2024年度审计机构的公告,2024-10-29,http://static.cninfo.com.cn/finalpage/2024-10-29/1221543740.PDF,1221543740,会计师事务所
000603,盛达资源,盛达资源：关于续聘会计师事务所的公告,2024-11-30,http://static.cninfo.com.cn/finalpage/2024-11-30/1221893023.PDF,1221893023,会计师事务所
000605,渤海股份,渤海股份：关于变更会计师事务所的公告,2024-12-07,http://static.cninfo.com.cn/finalpage/2024-12-07/1221957839.PDF,1221957839,会计师事务所
000605,渤海股份,渤海股份：关于2023年度会计师事务所的履职情况评估报告及审计委员会履行监督职责情况报告,2024-12-07,http://static.cninfo.com.cn/finalpage/2024-12-07/1221957840.PDF,1221957840,会计师事务所
000607,华媒控股,华媒控股：关于拟变更会计师事务所的公告,2024-09-27,http://static.cninfo.com.cn/finalpage/2024-09-27/1221307209.PDF,1221307209,会计师事务所
000608,阳光股份,阳光股份：关于拟变更会计师事务所的公告,2024-10-31,http://static.cninfo.com.cn/finalpage/2024-10-31/1221572277.PDF,1221572277,会计师事务所
000609,*ST中迪,*ST中迪：中迪投资关于续聘2024年度财务审计机构及内部控制审计机构的公告,2024-11-02,http://static.cninfo.com.cn/finalpage/2024-11-02/1221604111.PDF,1221604111,审计机构
000610,西安旅游,西安旅游：关于续聘会计师事务所的公告,2024-08-10,http://static.cninfo.com.cn/finalpage/2024-08-10/1220835589.PDF,1220835589,会计师事务所
000612,焦作万方,焦作万方：焦作万方铝业股份有限公司关于聘任公司2024年度审计机构并决定其审计费用的公告,2024-10-30,http://static.cninfo.com.cn/finalpage/2024-10-30/1221560859.PDF,1221560859,审计机构
000615,ST美谷,ST美谷：关于续聘2024年度审计机构的公告,2024-11-23,http://static.cninfo.com.cn/finalpage/2024-11-23/1221817286.PDF,1221817286,审计机构
000622,*ST恒立,*ST恒立：关于改聘会计师事务所的公告,2024-12-31,http://static.cninfo.com.cn/finalpage/2024-12-31/1222183630.PDF,1222183630,会计师事务所
000623,吉林敖东,吉林敖东：关于变更会计师事务所的公告,2024-12-10,http://static.cninfo.com.cn/finalpage/2024-12-10/1221966700.PDF,1221966700,会计师事务所
000625,长安汽车,长安汽车：董事会审计委员会对会计师事务所2023年度履职情况评估及履行监督职责情况的报告,2024-08-31,http://static.cninfo.com.cn/finalpage/2024-08-31/1221088020.PDF,1221088020,会计师事务所
000629,钒钛股份,钒钛股份：关于年度审计机构变更质量控制复核人的公告,2024-12-31,http://static.cninfo.com.cn/finalpage/2024-12-31/1222182324.PDF,1222182324,审计机构
000630,铜陵有色,铜陵有色：关于续聘2024年度审计机构的公告,2024-08-28,http://static.cninfo.com.cn/finalpage/2024-08-28/1221003170.PDF,1221003170,审计机构
000630,铜陵有色,铜陵有色：铜陵有色金属集团股份有限公司会计师事务所选聘制度,2024-11-23,http://static.cninfo.com.cn/finalpage/2024-11-23/1221815297.PDF,1221815297,会计师事务所
000633,合金投资,合金投资：关于拟续聘2024年度会计师事务所的公告,2024-11-22,http://static.cninfo.com.cn/finalpage/2024-11-22/1221804413.PDF,1221804413,会计师事务所
000633,合金投资,合金投资：会计师事务所选聘制度（2024年11月）,2024-11-22,http://static.cninfo.com.cn/finalpage/2024-11-22/1221804408.PDF,1221804408,会计师事务所
000636,风华高科,风华高科：关于拟聘任会计师事务所的公告,2024-12-07,http://static.cninfo.com.cn/finalpage/2024-12-07/1221958316.PDF,1221958316,会计师事务所
000650,仁和药业,仁和药业：公司关于会计师事务所名称变更的公告,2024-12-07,http://static.cninfo.com.cn/finalpage/2024-12-07/1221954575.PDF,1221954575,会计师事务所
000650,仁和药业,仁和药业：公司关于变更签字注册会计师的公告,2024-12-31,http://static.cninfo.com.cn/finalpage/2024-12-31/1222178637.PDF,1222178637,会计师
000655,金岭矿业,金岭矿业：关于变更会计师事务所的公告,2024-09-12,http://static.cninfo.com.cn/finalpage/2024-09-12/1221204000.PDF,1221204000,会计师事务所
000657,中钨高新,中钨高新：关于续聘2024年度财务和内控审计机构的公告,2024-12-21,http://static.cninfo.com.cn/finalpage/2024-12-21/1222091688.PDF,1222091688,审计机构
000663,永安林业,永安林业：关于续聘年审会计师事务所的公告,2024-12-11,http://static.cninfo.com.cn/finalpage/2024-12-11/1221982230.PDF,1221982230,会计师事务所
000665,湖北广电,湖北广电：关于拟变更2024年年度审计机构的公告,2024-12-13,http://static.cninfo.com.cn/finalpage/2024-12-13/1222004302.PDF,1222004302,审计机构
000670,盈方微,盈方微：拟续聘会计师事务所的公告,2024-12-11,http://static.cninfo.com.cn/finalpage/2024-12-11/1221984479.PDF,1221984479,会计师事务所
000672,上峰水泥,上峰水泥：关于续聘公司2024年度财务审计机构及内控审计机构的公告,2024-10-30,http://static.cninfo.com.cn/finalpage/2024-10-30/1221559029.PDF,1221559029,审计机构
000676,智度股份,智度股份：关于续聘2024年度审计机构的公告,2024-10-26,http://static.cninfo.com.cn/finalpage/2024-10-26/1221524146.PDF,1221524146,审计机构
000682,东方电子,东方电子：关于拟变更会计师事务所的公告,2024-10-31,http://static.cninfo.com.cn/finalpage/2024-10-31/1221571881.PDF,1221571881,会计师事务所
000683,远兴能源,远兴能源：关于聘任2024年度审计机构的公告,2024-09-28,http://static.cninfo.com.cn/finalpage/2024-09-28/1221314866.PDF,1221314866,审计机构
000683,远兴能源,远兴能源：选聘会计师事务所制度,2024-12-31,http://static.cninfo.com.cn/finalpage/2024-12-31/1222183635.PDF,1222183635,会计师事务所
000685,中山公用,中山公用：关于拟续聘会计师事务所的公告,2024-09-24,http://static.cninfo.com.cn/finalpage/2024-09-24/1221276693.PDF,1221276693,会计师事务所
000690,宝新能源,宝新能源：拟变更2024年度审计会计师事务所的公告,2024-10-29,http://static.cninfo.com.cn/finalpage/2024-10-29/1221540806.PDF,1221540806,会计师事务所
000691,亚太实业,亚太实业：关于变更签字注册会计师的公告,2024-10-25,http://static.cninfo.com.cn/finalpage/2024-10-25/1221505184.PDF,1221505184,会计师
000698,沈阳化工,沈阳化工：沈阳化工股份有限公司关于拟续聘会计师事务所的公告,2024-08-16,http://static.cninfo.com.cn/finalpage/2024-08-16/1220883136.PDF,1220883136,会计师事务所
000701,厦门信达,厦门信达：厦门信达股份有限公司关于拟续聘会计师事务所的公告,2024-10-26,http://static.cninfo.com.cn/finalpage/2024-10-26/1221523323.PDF,1221523323,会计师事务所
000702,正虹科技,正虹科技：关于续聘会计师事务所的公告,2024-08-28,http://static.cninfo.com.cn/finalpage/2024-08-28/1221001224.PDF,1221001224,会计师事务所
000703,恒逸石化,恒逸石化：关于续聘会计师事务所的公告,2024-11-02,http://static.cninfo.com.cn/finalpage/2024-11-02/1221604099.PDF,1221604099,会计师事务所
000705,浙江震元,浙江震元：天健会计师事务所关于浙江震元股份有限公司最近一年的财务报告及其审计报告以及最近一期的财务报告,2024-10-28,http://static.cninfo.com.cn/finalpage/2024-10-28/1221531413.PDF,1221531413,会计师事务所
000707,双环科技,双环科技：大信会计师事务所（特殊普通合伙）关于湖北双环科技股份有限公司2023年度向特定对象发行A股股票的财务报告及审计报告,2024-08-13,http://static.cninfo.com.cn/finalpage/2024-08-13/1220847986.PDF,1220847986,会计师事务所
000707,双环科技,双环科技：关于变更会计师事务所的公告,2024-12-06,http://static.cninfo.com.cn/finalpage/2024-12-06/1221939133.PDF,1221939133,会计师事务所
000709,河钢股份,河钢股份：关于拟变更会计师事务所的公告,2024-09-19,http://static.cninfo.com.cn/finalpage/2024-09-19/1221234054.PDF,1221234054,会计师事务所
000709,河钢股份,河钢股份：国开证券股份有限公司 关于河钢股份有限公司拟变更会计师事务所的临时受托管理事务报告,2024-09-24,http://static.cninfo.com.cn/finalpage/2024-09-24/1221280972.PDF,1221280972,会计师事务所
000709,河钢股份,河钢股份：中信建投证券股份有限公司 关于河钢股份有限公司拟变更会计师事务所的临时受托管理事务报告,2024-09-24,http://static.cninfo.com.cn/finalpage/2024-09-24/1221280970.PDF,1221280970,会计师事务所
000709,河钢股份,河钢股份：华泰联合证券有限责任公司 关于河钢股份有限公司拟变更会计师事务所的受托管理事务临时报告,2024-09-24,http://static.cninfo.com.cn/finalpage/2024-09-24/1221280971.PDF,1221280971,会计师事务所
000709,河钢股份,河钢股份：光大证券股份有限公司 关于河钢股份有限公司拟变更会计师事务所的临时受托管理事务报告,2024-09-24,http://static.cninfo.com.cn/finalpage/2024-09-24/1221280969.PDF,1221280969,会计师事务所
000709,河钢股份,河钢股份：华泰联合证券有限责任公司关于河钢股份有限公司变更会计师事务所的受托管理事务临时报告,2024-10-17,http://static.cninfo.com.cn/finalpage/2024-10-17/1221418365.PDF,1221418365,会计师事务所
000709,河钢股份,河钢股份：国开证券股份有限公司关于河钢股份有限公司变更会计师事务所的临时受托管理事务报告,2024-10-17,http://static.cninfo.com.cn/finalpage/2024-10-17/1221418363.PDF,1221418363,会计师事务所
000709,河钢股份,河钢股份：中信建投关于河钢股份有限公司变更会计师事务所的临时受托管理事务报告,2024-10-17,http://static.cninfo.com.cn/finalpage/2024-10-17/1221418364.PDF,1221418364,会计师事务所
000709,河钢股份,河钢股份：光大证券股份有限公司关于河钢股份有限公司变更会计师事务所的临时受托管理事务报告,2024-10-17,http://static.cninfo.com.cn/finalpage/2024-10-17/1221418362.PDF,1221418362,会计师事务所
000711,*ST京蓝,*ST京蓝：关于续聘公司2024年度审计机构的公告,2024-12-17,http://static.cninfo.com.cn/finalpage/2024-12-17/1222036979.PDF,1222036979,审计机构
000713,丰乐种业,丰乐种业：关于拟变更会计师事务所的公告,2024-08-30,http://static.cninfo.com.cn/finalpage/2024-08-30/1221058534.PDF,1221058534,会计师事务所
000716,黑芝麻,黑芝麻：关于拟续聘2024年度会计师事务所的公告,2024-11-27,http://static.cninfo.com.cn/finalpage/2024-11-27/1221854728.PDF,1221854728,会计师事务所
000717,中南股份,中南股份：关于拟续聘2024年会计师事务所的公告,2024-12-14,http://static.cninfo.com.cn/finalpage/2024-12-14/1222015400.PDF,1222015400,会计师事务所
000725,京东方Ａ,京东方Ａ：会计师事务所选聘管理办法（2024年7月）,2024-07-09,http://static.cninfo.com.cn/finalpage/2024-07-09/1220559452.PDF,1220559452,会计师事务所
000725,京东方Ａ,京东方Ａ：关于聘任2025年度审计机构的公告,2024-10-31,http://static.cninfo.com.cn/finalpage/2024-10-31/1221575962.PDF,1221575962,审计机构
000727,冠捷科技,冠捷科技：关于续聘会计师事务所的公告,2024-12-12,http://static.cninfo.com.cn/finalpage/2024-12-12/1221999578.PDF,1221999578,会计师事务所
000733,振华科技,振华科技：关于拟续聘会计师事务所的公告,2024-09-21,http://static.cninfo.com.cn/finalpage/2024-09-21/1221258184.PDF,1221258184,会计师事务所
000735,罗 牛 山,罗 牛 山：关于续聘会计师事务所的公告,2024-10-26,http://static.cninfo.com.cn/finalpage/2024-10-26/1221522702.PDF,1221522702,会计师事务所
000736,中交地产,中交地产：关于拟续聘会计师事务所的公告,2024-10-31,http://static.cninfo.com.cn/finalpage/2024-10-31/1221570881.PDF,1221570881,会计师事务所
000736,中交地产,中交地产：第九届董事会审计委员会关于续聘会计师事务所的审核意见,2024-10-31,http://static.cninfo.com.cn/finalpage/2024-10-31/1221570882.PDF,1221570882,会计师事务所
000737,北方铜业,北方铜业：关于聘任会计师事务所的公告,2024-12-06,http://static.cninfo.com.cn/finalpage/2024-12-06/1221940172.PDF,1221940172,会计师事务所
000738,航发控制,航发控制：关于拟变更会计师事务所的公告,2024-12-05,http://static.cninfo.com.cn/finalpage/2024-12-05/1221926988.PDF,1221926988,会计师事务所
000752,ST西发,ST西发：关于拟续聘会计师事务所的公告,2024-10-26,http://static.cninfo.com.cn/finalpage/2024-10-26/1221521589.PDF,1221521589,会计师事务所
000757,浩物股份,浩物股份：关于拟变更会计师事务所的公告,2024-10-30,http://static.cninfo.com.cn/finalpage/2024-10-30/1221559094.PDF,1221559094,会计师事务所
000759,中百集团,中百集团：关于拟变更会计师事务所的公告,2024-08-15,http://static.cninfo.com.cn/finalpage/2024-08-15/1220872217.PDF,1220872217,会计师事务所
000761,本钢板材,本钢板材：本钢板材股份有限公司关于变更2024年度审计项目合伙人及签字注册会计师的公告,2024-12-12,http://static.cninfo.com.cn/finalpage/2024-12-12/1221996834.PDF,1221996834,会计师
000762,西藏矿业,西藏矿业：关于续聘会计师事务所的公告,2024-08-21,http://static.cninfo.com.cn/finalpage/2024-08-21/1220923844.PDF,1220923844,会计师事务所
000768,中航西飞,中航西飞：关于变更会计师事务所的公告,2024-10-31,http://static.cninfo.com.cn/finalpage/2024-10-31/1221573943.PDF,1221573943,会计师事务所
000777,中核科技,中核科技：关于选聘会计师事务所的公告,2024-10-25,http://static.cninfo.com.cn/finalpage/2024-10-25/1221509486.PDF,1221509486,会计师事务所
000778,新兴铸管,新兴铸管：关于变更会计师事务所的公告,2024-12-14,http://static.cninfo.com.cn/finalpage/2024-12-14/1222019066.PDF,1222019066,会计师事务所
000778,新兴铸管,新兴铸管：光大证券股份有限公司关于新兴铸管股份有限公司变更会计师事务所的临时受托管理事务报告,2024-12-19,http://static.cninfo.com.cn/finalpage/2024-12-19/1222075957.PDF,1222075957,会计师事务所
000789,万年青,万年青：中信证券股份有限公司关于江西万年青水泥股份有限公司审计机构发生变更的临时受托管理事务报告,2024-07-11,http://static.cninfo.com.cn/finalpage/2024-07-11/1220614292.PDF,1220614292,审计机构
000791,甘肃能源,甘肃能源：关于续聘2024年度会计师事务所的公告,2024-10-29,http://static.cninfo.com.cn/finalpage/2024-10-29/1221539583.PDF,1221539583,会计师事务所
000791,甘肃能源,甘肃能源：选聘会计师事务所管理办法（2024年10月）,2024-10-29,http://static.cninfo.com.cn/finalpage/2024-10-29/1221539586.PDF,1221539586,会计师事务所
000792,盐湖股份,盐湖股份：关于续聘公司2024年度财务报表和内部控制审计机构的公告,2024-08-30,http://static.cninfo.com.cn/finalpage/2024-08-30/1221059272.PDF,1221059272,审计机构
000793,华闻集团,华闻集团：关于变更会计师事务所的公告,2024-12-04,http://static.cninfo.com.cn/finalpage/2024-12-04/1221919291.PDF,1221919291,会计师事务所
000796,ST凯撒,ST凯撒：关于拟续聘公司2024年度会计师事务所的公告,2024-10-12,http://static.cninfo.com.cn/finalpage/2024-10-12/1221368982.PDF,1221368982,会计师事务所
000797,中国武夷,中国武夷：年审会计师事务所选聘管理制度,2024-10-29,http://static.cninfo.com.cn/finalpage/2024-10-29/1221542012.PDF,1221542012,会计师事务所
000797,中国武夷,中国武夷：关于公司变更会计师事务所暨聘任2024年度审计机构的公告,2024-11-27,http://static.cninfo.com.cn/finalpage/2024-11-27/1221854676.PDF,1221854676,会计师事务所
000798,中水渔业,中水渔业：关于拟变更会计师事务所的公告,2024-12-12,http://static.cninfo.com.cn/finalpage/2024-12-12/1221998235.PDF,1221998235,会计师事务所
000800,一汽解放,一汽解放：关于拟续聘会计师事务所的公告,2024-11-14,http://static.cninfo.com.cn/finalpage/2024-11-14/1221712211.PDF,1221712211,会计师事务所
000801,四川九洲,四川九洲：四川九洲电器股份有限公司会计师事务所选聘制度,2024-08-27,http://static.cninfo.com.cn/finalpage/2024-08-27/1220985138.PDF,1220985138,会计师事务所
000801,四川九洲,四川九洲：四川九洲电器股份有限公司关于续聘会计师事务所的公告,2024-10-31,http://static.cninfo.com.cn/finalpage/2024-10-31/1221576411.PDF,1221576411,会计师事务所
000801,四川九洲,四川九洲：四川九洲电器股份有限公司关于变更公司副总经理、总会计师的公告,2024-10-31,http://static.cninfo.com.cn/finalpage/2024-10-31/1221575345.PDF,1221575345,会计师
000802,北京文化,北京文化：关于变更2024年度会计师事务所的公告,2024-12-07,http://static.cninfo.com.cn/finalpage/2024-12-07/1221955211.PDF,1221955211,会计师事务所
000803,山高环能,山高环能：关于续聘会计师事务所的公告,2024-08-28,http://static.cninfo.com.cn/finalpage/2024-08-28/1221001165.PDF,1221001165,会计师事务所
000807,云铝股份,云铝股份：云南铝业股份有限公司关于拟变更会计师事务所的公告,2024-12-13,http://static.cninfo.com.cn/finalpage/2024-12-13/1222006054.PDF,1222006054,会计师事务所
000809,*ST和展,*ST和展：关于拟变更会计师事务所的公告,2024-11-06,http://static.cninfo.com.cn/finalpage/2024-11-06/1221637475.PDF,1221637475,会计师事务所
000810,创维数字,创维数字：关于拟变更2024年度财务报告审计机构及内部控制审计机构的公告,2024-11-30,http://static.cninfo.com.cn/finalpage/2024-11-30/1221893193.PDF,1221893193,审计机构
000812,陕西金叶,陕西金叶：关于续聘公司2024年度审计机构的公告,2024-10-26,http://static.cninfo.com.cn/finalpage/2024-10-26/1221524414.PDF,1221524414,审计机构
000813,德展健康,德展健康：德展大健康股份有限公司会计师事务所选聘制度,2024-10-31,http://static.cninfo.com.cn/finalpage/2024-10-31/1221576873.PDF,1221576873,会计师事务所
000813,德展健康,德展健康：关于续聘会计师事务所的公告,2024-10-31,http://static.cninfo.com.cn/finalpage/2024-10-31/1221576872.PDF,1221576872,会计师事务所
000815,美利云,美利云：中冶美利云产业投资股份有限公司关于变更会计师事务所的公告,2024-11-16,http://static.cninfo.com.cn/finalpage/2024-11-16/1221742068.PDF,1221742068,会计师事务所
000820,神雾节能,神雾节能：关于续聘2024年度审计机构和内控审计机构的公告,2024-08-30,http://static.cninfo.com.cn/finalpage/2024-08-30/1221055957.PDF,1221055957,审计机构
000825,太钢不锈,太钢不锈：关于拟续聘会计师事务所的公告,2024-08-31,http://static.cninfo.com.cn/finalpage/2024-08-31/1221090373.PDF,1221090373,会计师事务所
000828,东莞控股,东莞控股：关于聘任2024年度审计机构的公告,2024-12-16,http://static.cninfo.com.cn/finalpage/2024-12-16/1222018819.PDF,1222018819,审计机构
000831,中国稀土,中国稀土：关于变更会计师事务所的公告,2024-12-11,http://static.cninfo.com.cn/finalpage/2024-12-11/1221977750.PDF,1221977750,会计师事务所
000833,粤桂股份,粤桂股份：关于变更会计师事务所的公告,2024-09-13,http://static.cninfo.com.cn/finalpage/2024-09-13/1221218070.PDF,1221218070,会计师事务所
000833,粤桂股份,粤桂股份：关于变更签字会计师的公告,2024-11-01,http://static.cninfo.com.cn/finalpage/2024-11-01/1221587971.PDF,1221587971,会计师
000838,财信发展,财信发展：关于续聘2024年度财务报告及内部控制审计机构的公告,2024-12-14,http://static.cninfo.com.cn/finalpage/2024-12-14/1222017740.PDF,1222017740,审计机构
000856,冀东装备,冀东装备：董事会审计委员会关于公司拟聘任会计师事务所的意见,2024-08-29,http://static.cninfo.com.cn/finalpage/2024-08-29/1221032623.PDF,1221032623,会计师事务所
000856,冀东装备,冀东装备：关于聘任2024年度审计机构的公告,2024-08-29,http://static.cninfo.com.cn/finalpage/2024-08-29/1221032624.PDF,1221032624,审计机构
000859,国风新材,国风新材：关于拟变更会计师事务所的公告,2024-10-31,http://static.cninfo.com.cn/finalpage/2024-10-31/1221571346.PDF,1221571346,会计师事务所
000860,顺鑫农业,顺鑫农业：关于会计师事务所更名及签字注册会计师变更的公告,2024-11-23,http://static.cninfo.com.cn/finalpage/2024-11-23/1221817236.PDF,1221817236,会计师事务所
000862,银星能源,银星能源：关于拟变更会计师事务所的公告,2024-11-20,http://static.cninfo.com.cn/finalpage/2024-11-20/1221777669.PDF,1221777669,会计师事务所
000868,安凯客车,安凯客车：关于拟变更会计师事务所的公告,2024-10-26,http://static.cninfo.com.cn/finalpage/2024-10-26/1221520058.PDF,1221520058,会计师事务所
000875,吉电股份,吉电股份：关于续聘2024年度财务报告及内控审计机构的公告,2024-10-30,http://static.cninfo.com.cn/finalpage/2024-10-30/1221559519.PDF,1221559519,审计机构
000877,天山股份,天山股份：关于拟续聘会计师事务所的公告,2024-12-05,http://static.cninfo.com.cn/finalpage/2024-12-05/1221926695.PDF,1221926695,会计师事务所
000877,天山股份,天山股份：会计师事务所选聘制度（2024年12月）,2024-12-05,http://static.cninfo.com.cn/finalpage/2024-12-05/1221926696.PDF,1221926696,会计师事务所
000878,云南铜业,云南铜业：关于续聘会计师事务所的公告,2024-12-11,http://static.cninfo.com.cn/finalpage/2024-12-11/1221982841.PDF,1221982841,会计师事务所
000881,中广核技,中广核技：关于拟续聘会计师事务所的公告,2024-08-30,http://static.cninfo.com.cn/finalpage/2024-08-30/1221047330.PDF,1221047330,会计师事务所
000885,城发环境,城发环境：城发环境股份有限公司关于拟变更会计师事务所及聘请2024年度审计机构的公告,2024-09-11,http://static.cninfo.com.cn/finalpage/2024-09-11/1221190459.PDF,1221190459,会计师事务所
000885,城发环境,城发环境：中勤万信会计师事务所（特殊普通合伙）关于城发环境股份有限公司会计估计变更的专项说明,2024-12-07,http://static.cninfo.com.cn/finalpage/2024-12-07/1221955491.PDF,1221955491,会计师事务所
000886,海南高速,海南高速：关于聘任2024年度财务审计和内控审计机构的公告,2024-09-06,http://static.cninfo.com.cn/finalpage/2024-09-06/1221146529.PDF,1221146529,审计机构
000893,亚钾国际,亚钾国际：关于拟续聘会计师事务所的公告,2024-12-11,http://static.cninfo.com.cn/finalpage/2024-12-11/1221980900.PDF,1221980900,会计师事务所
000897,津滨发展,津滨发展：拟变更会计师事务所的公告,2024-09-21,http://static.cninfo.com.cn/finalpage/2024-09-21/1221256508.PDF,1221256508,会计师事务所
000898,鞍钢股份,鞍钢股份：鞍钢股份关于变更签字会计师及质量控制复核人的公告,2024-12-06,http://static.cninfo.com.cn/finalpage/2024-12-06/1221940699.PDF,1221940699,会计师
000901,航天科技,航天科技：关于续聘公司2024年度财务审计机构及内部控制审计机构的公告,2024-10-30,http://static.cninfo.com.cn/finalpage/2024-10-30/1221555414.PDF,1221555414,审计机构
000905,厦门港务,厦门港务：厦门港务发展股份有限公司会计师事务所选聘制度,2024-08-29,http://static.cninfo.com.cn/finalpage/2024-08-29/1221025353.PDF,1221025353,会计师事务所
000906,浙商中拓,浙商中拓：关于拟变更会计师事务所的公告,2024-12-11,http://static.cninfo.com.cn/finalpage/2024-12-11/1221979430.PDF,1221979430,会计师事务所
000908,*ST景峰,*ST景峰：会计师事务所选聘制度,2024-09-27,http://static.cninfo.com.cn/finalpage/2024-09-27/1221306439.PDF,1221306439,会计师事务所
000908,*ST景峰,*ST景峰：关于拟续聘会计师事务所的公告,2024-11-12,http://static.cninfo.com.cn/finalpage/2024-11-12/1221685551.PDF,1221685551,会计师事务所
000909,ST数源,ST数源：关于续聘会计师事务所的公告,2024-08-31,http://static.cninfo.com.cn/finalpage/2024-08-31/1221083980.PDF,1221083980,会计师事务所
000911,广农糖业,广农糖业：广西农投糖业集团股份有限公司关于续聘会计师事务所的公告,2024-10-25,http://static.cninfo.com.cn/finalpage/2024-10-25/1221505177.PDF,1221505177,会计师事务所
000917,电广传媒,电广传媒：关于续聘公司内部控制审计机构的公告,2024-12-12,http://static.cninfo.com.cn/finalpage/2024-12-12/1221998317.PDF,1221998317,审计机构
000917,电广传媒,电广传媒：关于续聘公司年报审计机构的公告,2024-12-12,http://static.cninfo.com.cn/finalpage/2024-12-12/1221998318.PDF,1221998318,审计机构
000920,沃顿科技,沃顿科技：关于拟续聘会计师事务所的公告,2024-12-14,http://static.cninfo.com.cn/finalpage/2024-12-14/1222016795.PDF,1222016795,会计师事务所
000923,河钢资源,河钢资源：关于拟变更会计师事务所的公告,2024-10-31,http://static.cninfo.com.cn/finalpage/2024-10-31/1221575363.PDF,1221575363,会计师事务所
000927,中国铁物,中国铁物：关于拟变更2024年度财务及内部控制审计机构的公告,2024-12-14,http://static.cninfo.com.cn/finalpage/2024-12-14/1222018764.PDF,1222018764,审计机构
000928,中钢国际,中钢国际：关于续聘会计师事务所的公告,2024-08-29,http://static.cninfo.com.cn/finalpage/2024-08-29/1221034158.PDF,1221034158,会计师事务所
000929,兰州黄河,兰州黄河：关于拟变更会计师事务所的公告,2024-12-17,http://static.cninfo.com.cn/finalpage/2024-12-17/1222037878.PDF,1222037878,会计师事务所
000930,中粮科技,中粮科技：董事会审计委员会关于公司聘请会计师事务所的专项意见,2024-09-03,http://static.cninfo.com.cn/finalpage/2024-09-03/1221113995.PDF,1221113995,会计师事务所
000932,华菱钢铁,华菱钢铁：关于续聘2024年度内部控制审计机构的公告2024-31,2024-07-13,http://static.cninfo.com.cn/finalpage/2024-07-13/1220625919.PDF,1220625919,审计机构
000932,华菱钢铁,华菱钢铁：关于变更签字会计师的公告,2024-11-09,http://static.cninfo.com.cn/finalpage/2024-11-09/1221661515.PDF,1221661515,会计师
000933,神火股份,神火股份：河南神火煤电股份有限公司关于总会计师辞职暨聘任总会计师的公告,2024-07-24,http://static.cninfo.com.cn/finalpage/2024-07-24/1220712133.PDF,1220712133,会计师
000933,神火股份,神火股份：河南神火煤电股份有限公司关于审计机构变更项目质量控制复核人的公告,2024-10-21,http://static.cninfo.com.cn/finalpage/2024-10-21/1221442920.PDF,1221442920,审计机构
000936,华西股份,华西股份：关于拟续聘会计师事务所的公告,2024-07-31,http://static.cninfo.com.cn/finalpage/2024-07-31/1220753823.PDF,1220753823,会计师事务所
000948,南天信息,南天信息：关于续聘会计师事务所的公告,2024-11-29,http://static.cninfo.com.cn/finalpage/2024-11-29/1221878664.PDF,1221878664,会计师事务所
000949,新乡化纤,新乡化纤：关于拟聘任会计师事务所的公告,2024-10-31,http://static.cninfo.com.cn/finalpage/2024-10-31/1221569449.PDF,1221569449,会计师事务所
000952,广济药业,广济药业：关于变更签字注册会计师的公告,2024-12-28,http://static.cninfo.com.cn/finalpage/2024-12-28/1222166374.PDF,1222166374,会计师
000953,河化股份,河化股份：关于续聘会计师事务所的公告,2024-08-23,http://static.cninfo.com.cn/finalpage/2024-08-23/1220950387.PDF,1220950387,会计师事务所
000959,首钢股份,首钢股份：北京首钢股份有限公司关于拟变更会计师事务所的公告,2024-10-30,http://static.cninfo.com.cn/finalpage/2024-10-30/1221555662.PDF,1221555662,会计事务所
000960,锡业股份,锡业股份：云南锡业股份有限公司关于拟续聘会计师事务所的公告,2024-08-24,http://static.cninfo.com.cn/finalpage/2024-08-24/1220962050.PDF,1220962050,会计师事务所
000965,天保基建,天保基建：关于拟续聘会计师事务所的公告,2024-09-26,http://static.cninfo.com.cn/finalpage/2024-09-26/1221292224.PDF,1221292224,会计师事务所
000966,长源电力,长源电力：关于拟续聘财务审计会计师事务所的公告,2024-10-30,http://static.cninfo.com.cn/finalpage/2024-10-30/1221558994.PDF,1221558994,会计师事务所
000966,长源电力,长源电力：关于拟变更内部控制审计会计师事务所的公告,2024-10-30,http://static.cninfo.com.cn/finalpage/2024-10-30/1221558997.PDF,1221558997,会计师事务所
000966,长源电力,长源电力：关于拟续聘财务审计会计师事务所的更正公告,2024-12-07,http://static.cninfo.com.cn/finalpage/2024-12-07/1221956399.PDF,1221956399,会计师事务所
000968,蓝焰控股,蓝焰控股：关于续聘2024年度会计师事务所的公告,2024-10-26,http://static.cninfo.com.cn/finalpage/2024-10-26/1221524228.PDF,1221524228,会计师事务所
000970,中科三环,中科三环：中科三环关于拟变更会计师事务所的公告,2024-10-18,http://static.cninfo.com.cn/finalpage/2024-10-18/1221419045.PDF,1221419045,会计师事务所
000972,中基健康,中基健康：关于公司拟变更会计师事务所的公告,2024-08-15,http://static.cninfo.com.cn/finalpage/2024-08-15/1220871509.PDF,1220871509,会计师事务所
000973,佛塑科技,佛塑科技：佛塑科技关于拟续聘会计师事务所的公告,2024-08-17,http://static.cninfo.com.cn/finalpage/2024-08-17/1220895125.PDF,1220895125,会计师事务所
000975,山金国际,山金国际：关于拟续聘会计师事务所的公告,2024-12-20,http://static.cninfo.com.cn/finalpage/2024-12-20/1222075921.PDF,1222075921,会计师事务所
000977,浪潮信息,浪潮信息：关于聘任2024年度审计机构的公告,2024-12-07,http://static.cninfo.com.cn/finalpage/2024-12-07/1221958670.PDF,1221958670,审计机构
000985,大庆华科,大庆华科：大庆华科股份有限公司关于拟续聘2024年度审计机构的公告,2024-10-26,http://static.cninfo.com.cn/finalpage/2024-10-26/1221523927.PDF,1221523927,审计机构
000987,越秀资本,越秀资本：关于拟续聘会计师事务所的公告,2024-10-31,http://static.cninfo.com.cn/finalpage/2024-10-31/1221576261.PDF,1221576261,会计师事务所
000988,华工科技,华工科技：关于拟变更会计师事务所的公告,2024-07-13,http://static.cninfo.com.cn/finalpage/2024-07-13/1220626328.PDF,1220626328,会计师事务所
000989,ST九芝,ST九芝：关于拟续聘公司2024年度审计机构的公告,2024-08-28,http://static.cninfo.com.cn/finalpage/2024-08-28/1220999758.PDF,1220999758,审计机构
000993,闽东电力,闽东电力：关于续聘2024年度审计机构的公告,2024-07-11,http://static.cninfo.com.cn/finalpage/2024-07-11/1220600912.PDF,1220600912,审计机构
000995,皇台酒业,皇台酒业：关于续聘会计师事务所的公告,2024-11-29,http://static.cninfo.com.cn/finalpage/2024-11-29/1221879976.PDF,1221879976,会计师事务所
000998,隆平高科,隆平高科：天健会计师事务所关于袁隆平农业高科技股份有限公司最近一年的财务报告及其审计报告以及最近一期的财务报告,2024-10-21,http://static.cninfo.com.cn/finalpage/2024-10-21/1221442902.PDF,1221442902,会计师事务所
000998,隆平高科,隆平高科：天健会计师事务所关于袁隆平农业高科技股份有限公司最近一年的财务报告及其审计报告以及最近一期的财务报告,2024-12-04,http://static.cninfo.com.cn/finalpage/2024-12-04/1221919311.PDF,1221919311,会计师事务所
000999,华润三九,华润三九：关于续聘公司2024年年度审计机构的公告,2024-08-24,http://static.cninfo.com.cn/finalpage/2024-08-24/1220965004.PDF,1220965004,审计机构
001202,炬申股份,炬申股份：关于续聘会计师事务所的公告,2024-08-28,http://static.cninfo.com.cn/finalpage/2024-08-28/1221003808.PDF,1221003808,会计师事务所
001208,华菱线缆,华菱线缆：天健会计师事务所（特殊普通合伙）关于湖南华菱线缆股份有限公司向特定对象发行股票变更签字会计师的承诺函,2024-12-21,http://static.cninfo.com.cn/finalpage/2024-12-21/1222090919.PDF,1222090919,会计师事务所
001208,华菱线缆,华菱线缆：中信证券股份有限公司关于湖南华菱线缆股份有限公司向特定对象发行A股股票变更签字会计师的专项说明,2024-12-21,http://static.cninfo.com.cn/finalpage/2024-12-21/1222090918.PDF,1222090918,会计师
001208,华菱线缆,华菱线缆：湖南华菱线缆股份有限公司关于变更签字会计师的公告,2024-12-21,http://static.cninfo.com.cn/finalpage/2024-12-21/1222090920.PDF,1222090920,会计师
001208,华菱线缆,华菱线缆：湖南华菱线缆股份有限公司关于变更向特定对象发行股票签字会计师的专项说明,2024-12-21,http://static.cninfo.com.cn/finalpage/2024-12-21/1222090917.PDF,1222090917,会计师
001212,中旗新材,中旗新材：关于变更签字会计师的公告,2024-12-13,http://static.cninfo.com.cn/finalpage/2024-12-13/1222004692.PDF,1222004692,会计师
001215,千味央厨,千味央厨：关于聘任会计师事务所的公告,2024-08-28,http://static.cninfo.com.cn/finalpage/2024-08-28/1221003099.PDF,1221003099,会计师事务所
001222,源飞宠物,源飞宠物：关于董事会、监事会完成换届选举及聘任高级管理人员、证券事务代表、内部审计机构负责人的公告,2024-12-05,http://static.cninfo.com.cn/finalpage/2024-12-05/1221927480.PDF,1221927480,审计机构
001230,劲旅环境,劲旅环境：会计师事务所选聘制度（2024年8月）,2024-08-27,http://static.cninfo.com.cn/finalpage/2024-08-27/1220982817.PDF,1220982817,会计师事务所
001230,劲旅环境,劲旅环境：关于续聘 2024年度财务审计机构和内部控制审计机构的公告,2024-08-27,http://static.cninfo.com.cn/finalpage/2024-08-27/1220982829.PDF,1220982829,审计机构
001258,立新能源,立新能源：新疆立新能源股份有限公司关于拟变更会计师事务所的公告,2024-07-26,http://static.cninfo.com.cn/finalpage/2024-07-26/1220731939.PDF,1220731939,会计师事务所
001266,宏英智能,宏英智能：关于续聘会计师事务所的公告,2024-12-07,http://static.cninfo.com.cn/finalpage/2024-12-07/1221957209.PDF,1221957209,会计师事务所
001268,联合精密,联合精密：关于拟变更会计师事务所的公告,2024-10-31,http://static.cninfo.com.cn/finalpage/2024-10-31/1221576552.PDF,1221576552,会计事务所
001270,铖昌科技,铖昌科技：浙江铖昌科技股份有限公司关于改聘会计师事务所的公告,2024-10-29,http://static.cninfo.com.cn/finalpage/2024-10-29/1221542342.PDF,1221542342,会计师事务所
001277,速达股份,速达股份：天健会计师事务所（特殊普通合伙）关于公司首次公开发行股票并在主板上市的财务报表及审计报告,2024-08-21,http://static.cninfo.com.cn/finalpage/2024-08-21/1220927879.PDF,1220927879,会计师事务所
001279,强邦新材,强邦新材：容诚会计师事务所（特殊普通合伙）关于公司首次公开发行股票并在主板上市的财务报表及审计报告,2024-09-13,http://static.cninfo.com.cn/finalpage/2024-09-13/1221215581.PDF,1221215581,会计师事务所
001279,强邦新材,强邦新材：关于续聘 2024 年度审计机构的公告,2024-11-06,http://static.cninfo.com.cn/finalpage/2024-11-06/1221638169.PDF,1221638169,审计机构
001282,三联锻造,三联锻造：关于续聘会计师事务所的公告,2024-10-31,http://static.cninfo.com.cn/finalpage/2024-10-31/1221573291.PDF,1221573291,会计师事务所
001282,三联锻造,三联锻造：董事会审计委员会关于续聘会计师事务所的说明,2024-10-31,http://static.cninfo.com.cn/finalpage/2024-10-31/1221573296.PDF,1221573296,会计师事务所
001286,陕西能源,陕西能源：关于公司聘任会计师事务所的公告,2024-12-07,http://static.cninfo.com.cn/finalpage/2024-12-07/1221956690.PDF,1221956690,会计师事务所
001287,中电港,中电港：关于拟续聘会计师事务所的公告,2024-08-28,http://static.cninfo.com.cn/finalpage/2024-08-28/1221008473.PDF,1221008473,会计师事务所
001298,好上好,好上好：关于变更会计师事务所的公告,2024-09-28,http://static.cninfo.com.cn/finalpage/2024-09-28/1221314359.PDF,1221314359,会计师事务所
001301,尚太科技,尚太科技：关于拟续聘会计师事务所的公告,2024-12-04,http://static.cninfo.com.cn/finalpage/2024-12-04/1221920133.PDF,1221920133,会计师事务所
001308,康冠科技,康冠科技：关于会计师事务所更名及变更项目质量复核人员的公告,2024-12-13,http://static.cninfo.com.cn/finalpage/2024-12-13/1222004436.PDF,1222004436,会计师事务所
001309,德明利,德明利：关于续聘2024年度会计师事务所的公告,2024-10-31,http://static.cninfo.com.cn/finalpage/2024-10-31/1221574731.PDF,1221574731,会计师事务所
001311,多利科技,多利科技：关于变更签字会计师的公告,2024-12-07,http://static.cninfo.com.cn/finalpage/2024-12-07/1221955393.PDF,1221955393,会计师
001313,粤海饲料,粤海饲料：关于聘任2024年度会计师事务所的公告,2024-10-30,http://static.cninfo.com.cn/finalpage/2024-10-30/1221560152.PDF,1221560152,会计师事务所
001313,粤海饲料,粤海饲料：关于聘任2024年度会计师事务所的公告,2024-12-09,http://static.cninfo.com.cn/finalpage/2024-12-09/1221958925.PDF,1221958925,会计师事务所
001316,润贝航科,润贝航科：润贝航空科技股份有限公司关于续聘2024年度会计师事务所的公告,2024-07-10,http://static.cninfo.com.cn/finalpage/2024-07-10/1220589194.PDF,1220589194,会计师事务所
001318,阳光乳业,阳光乳业：江西阳光乳业股份有限公司会计师事务所选聘制度,2024-10-29,http://static.cninfo.com.cn/finalpage/2024-10-29/1221540447.PDF,1221540447,会计师事务所
001318,阳光乳业,阳光乳业：关于变更会计师事务所的公告,2024-12-04,http://static.cninfo.com.cn/finalpage/2024-12-04/1221917274.PDF,1221917274,会计师事务所
001319,铭科精技,铭科精技：关于续聘公司2024年度审计机构的公告,2024-10-29,http://static.cninfo.com.cn/finalpage/2024-10-29/1221543730.PDF,1221543730,审计机构
001324,长青科技,长青科技：关于聘请2024年度会计师事务所的公告,2024-08-30,http://static.cninfo.com.cn/finalpage/2024-08-30/1221059953.PDF,1221059953,会计师事务所
001326,联域股份,联域股份：深圳市联域光电股份有限公司会计师事务所选聘制度,2024-08-28,http://static.cninfo.com.cn/finalpage/2024-08-28/1221005724.PDF,1221005724,会计师事务所
001328,登康口腔,登康口腔：会计师事务所选聘制度,2024-08-28,http://static.cninfo.com.cn/finalpage/2024-08-28/1221001830.PDF,1221001830,会计师事务所
001332,锡装股份,锡装股份：关于聘任2024年度审计机构的公告,2024-12-10,http://static.cninfo.com.cn/finalpage/2024-12-10/1221965368.PDF,1221965368,审计机构
001336,楚环科技,楚环科技：会计师事务所选聘制度,2024-08-31,http://static.cninfo.com.cn/finalpage/2024-08-31/1221079673.PDF,1221079673,会计师事务所
001338,永顺泰,永顺泰：关于拟变更会计师事务所的公告,2024-08-20,http://static.cninfo.com.cn/finalpage/2024-08-20/1220907337.PDF,1220907337,会计师事务所
001339,智微智能,智微智能：关于续聘2024年度会计师事务所的公告,2024-07-31,http://static.cninfo.com.cn/finalpage/2024-07-31/1220754427.PDF,1220754427,会计师事务所
001359,平安电工,平安电工：会计师事务所选聘制度,2024-08-15,http://static.cninfo.com.cn/finalpage/2024-08-15/1220872341.PDF,1220872341,会计师事务所
001360,南矿集团,南矿集团：关于年审会计师事务所变更项目合伙人及质量控制复核人的公告,2024-12-21,http://static.cninfo.com.cn/finalpage/2024-12-21/1222092011.PDF,1222092011,会计师事务所
001367,海森药业,海森药业：关于变更项目签字合伙人、签字注册会计师的公告,2024-12-28,http://static.cninfo.com.cn/finalpage/2024-12-28/1222166204.PDF,1222166204,会计师
001368,通达创智,通达创智：会计师事务所选聘制度（2024年8月）,2024-08-29,http://static.cninfo.com.cn/finalpage/2024-08-29/1221032982.PDF,1221032982,会计师事务所
001368,通达创智,通达创智：关于变更会计师事务所的公告,2024-11-16,http://static.cninfo.com.cn/finalpage/2024-11-16/1221742299.PDF,1221742299,会计师事务所
001373,翔腾新材,翔腾新材：关于变更项目合伙人及签字注册会计师的公告,2024-11-26,http://static.cninfo.com.cn/finalpage/2024-11-26/1221834791.PDF,1221834791,会计师
001389,广合科技,广合科技：会计师事务所选聘制度,2024-08-17,http://static.cninfo.com.cn/finalpage/2024-08-17/1220891816.PDF,1220891816,会计师事务所
001389,广合科技,广合科技：关于拟变更会计师事务所的公告,2024-08-17,http://static.cninfo.com.cn/finalpage/2024-08-17/1220891798.PDF,1220891798,会计师事务所
001391,国货航,国货航：德勤华永会计师事务所（特殊普通合伙）关于公司首次公开发行股票并在主板上市的财务报表及审计报告,2024-12-11,http://static.cninfo.com.cn/finalpage/2024-12-11/1221985342.PDF,1221985342,会计师事务所
001872,招商港口,招商港口：中信证券股份有限公司关于招商局港口集团股份有限公司变更会计师事务所的临时受托管理事务报告,2024-07-12,http://static.cninfo.com.cn/finalpage/2024-07-12/1220615402.PDF,1220615402,会计师事务所
001965,招商公路,招商公路：关于聘请会计师事务所为公司年度审计机构的公告,2024-12-11,http://static.cninfo.com.cn/finalpage/2024-12-11/1221978653.PDF,1221978653,会计师事务所
001979,招商蛇口,招商蛇口：中信证券股份有限公司关于招商局蛇口工业区控股股份有限公司变更会计师事务所的临时受托管理事务报告,2024-07-03,http://static.cninfo.com.cn/finalpage/2024-07-03/1220525055.PDF,1220525055,会计师事务所
002005,ST德豪,ST德豪：关于续聘会计师事务所的公告,2024-09-27,http://static.cninfo.com.cn/finalpage/2024-09-27/1221307438.PDF,1221307438,会计师事务所
002012,凯恩股份,凯恩股份：关于拟续聘会计师事务所的公告,2024-10-29,http://static.cninfo.com.cn/finalpage/2024-10-29/1221539497.PDF,1221539497,会计师事务所
002015,协鑫能科,协鑫能科：关于续聘2024年度审计机构的公告,2024-12-07,http://static.cninfo.com.cn/finalpage/2024-12-07/1221957255.PDF,1221957255,审计机构
002017,东信和平,东信和平：关于拟续聘会计师事务所的公告,2024-10-28,http://static.cninfo.com.cn/finalpage/2024-10-28/1221524408.PDF,1221524408,会计师事务所
002022,科华生物,科华生物：关于拟变更会计师事务所的公告,2024-11-09,http://static.cninfo.com.cn/finalpage/2024-11-09/1221661398.PDF,1221661398,会计师事务所
002024,ST易购,ST易购：关于拟聘任会计师事务所的公告,2024-10-31,http://static.cninfo.com.cn/finalpage/2024-10-31/1221572857.PDF,1221572857,会计师事务所
002025,航天电器,航天电器：贵州航天电器股份有限公司选聘会计师事务所管理办法,2024-09-27,http://static.cninfo.com.cn/finalpage/2024-09-27/1221306706.PDF,1221306706,会计师事务所
002025,航天电器,航天电器：贵州航天电器股份有限公司关于续聘2024年度会计师事务所的公告,2024-11-21,http://static.cninfo.com.cn/finalpage/2024-11-21/1221791334.PDF,1221791334,会计师事务所
002028,思源电气,思源电气：关于聘任2024年度审计机构的公告,2024-10-18,http://static.cninfo.com.cn/finalpage/2024-10-18/1221418255.PDF,1221418255,审计机构
002031,巨轮智能,巨轮智能：关于变更会计师事务所的公告,2024-12-14,http://static.cninfo.com.cn/finalpage/2024-12-14/1222014432.PDF,1222014432,会计师事务所
002035,华帝股份,华帝股份：关于拟续聘会计师事务所的公告,2024-10-31,http://static.cninfo.com.cn/finalpage/2024-10-31/1221572279.PDF,1221572279,会计师事务所
002037,保利联合,保利联合：关于聘任公司2024年度审计机构的公告,2024-10-31,http://static.cninfo.com.cn/finalpage/2024-10-31/1221574285.PDF,1221574285,审计机构
002038,双鹭药业,双鹭药业：北京双鹭药业股份有限公司拟续聘会计师事务所的公告,2024-11-22,http://static.cninfo.com.cn/finalpage/2024-11-22/1221804281.PDF,1221804281,会计师事务所
002040,南 京 港,南 京 港：南京港股份有限公司关于续聘2024年度审计机构的公告,2024-08-28,http://static.cninfo.com.cn/finalpage/2024-08-28/1221005729.PDF,1221005729,审计机构
002041,登海种业,登海种业：关于变更会计师事务所的公告,2024-10-30,http://static.cninfo.com.cn/finalpage/2024-10-30/1221554692.PDF,1221554692,会计师事务所
002042,华孚时尚,华孚时尚：关于会计师事务所变更名称的公告,2024-12-21,http://static.cninfo.com.cn/finalpage/2024-12-21/1222092108.PDF,1222092108,会计师事务所
002043,兔 宝 宝,兔 宝 宝：关于变更公司财务总监、内部审计机构负责人及补选非职工监事的公告,2024-09-20,http://static.cninfo.com.cn/finalpage/2024-09-20/1221243963.PDF,1221243963,审计机构
002046,国机精工,国机精工：关于续聘会计师事务所的公告,2024-10-19,http://static.cninfo.com.cn/finalpage/2024-10-19/1221432562.PDF,1221432562,会计师事务所
002047,宝鹰股份,宝鹰股份：会计师事务所选聘制度（2024年11月）,2024-11-30,http://static.cninfo.com.cn/finalpage/2024-11-30/1221893082.PDF,1221893082,会计师事务所
002047,宝鹰股份,宝鹰股份：关于续聘2024年度会计师事务所的公告,2024-12-14,http://static.cninfo.com.cn/finalpage/2024-12-14/1222019264.PDF,1222019264,会计师事务所
002050,三花智控,三花智控：关于变更签字注册会计师的公告,2024-12-31,http://static.cninfo.com.cn/finalpage/2024-12-31/1222184595.PDF,1222184595,会计师
002053,云南能投,云南能投：云南能源投资股份有限公司关于拟变更会计师事务所的公告,2024-10-12,http://static.cninfo.com.cn/finalpage/2024-10-12/1221367189.PDF,1221367189,会计师事务所
002055,得润电子,得润电子：关于续聘2024年度审计机构的公告,2024-10-30,http://static.cninfo.com.cn/finalpage/2024-10-30/1221557996.PDF,1221557996,审计机构
002057,中钢天源,中钢天源：关于董事会、监事会完成换届选举及聘任高级管理人员、证券事务代表、内部审计机构负责人的公告,2024-10-16,http://static.cninfo.com.cn/finalpage/2024-10-16/1221396892.PDF,1221396892,审计机构
002057,中钢天源,中钢天源：关于续聘2024年度审计机构的公告,2024-10-29,http://static.cninfo.com.cn/finalpage/2024-10-29/1221537850.PDF,1221537850,审计机构
002058,威尔泰,威尔泰：关于聘任2024年度审计机构的公告,2024-11-21,http://static.cninfo.com.cn/finalpage/2024-11-21/1221789582.PDF,1221789582,审计机构
002060,广东建工,广东建工：关于更换会计师事务所的公告,2024-12-14,http://static.cninfo.com.cn/finalpage/2024-12-14/1222014025.PDF,1222014025,会计师事务所
002061,浙江交科,浙江交科：会计师事务所选聘制度,2024-10-31,http://static.cninfo.com.cn/finalpage/2024-10-31/1221572177.PDF,1221572177,会计师事务所
002061,浙江交科,浙江交科：关于拟变更会计师事务所的公告,2024-10-31,http://static.cninfo.com.cn/finalpage/2024-10-31/1221572181.PDF,1221572181,会计事务所
002062,宏润建设,宏润建设：关于拟变更2024年度审计机构的公告,2024-12-14,http://static.cninfo.com.cn/finalpage/2024-12-14/1222016804.PDF,1222016804,审计机构
002065,东华软件,东华软件：关于变更签字会计师的公告,2024-12-28,http://static.cninfo.com.cn/finalpage/2024-12-28/1222164686.PDF,1222164686,会计师
002068,黑猫股份,黑猫股份：董事会审计委员会关于续聘2024年度审计机构的意见,2024-12-05,http://static.cninfo.com.cn/finalpage/2024-12-05/1221927827.PDF,1221927827,审计机构
002068,黑猫股份,黑猫股份：关于续聘2024年度审计机构的公告,2024-12-05,http://static.cninfo.com.cn/finalpage/2024-12-05/1221927825.PDF,1221927825,审计机
002069,獐子岛,獐子岛：关于拟续聘会计师事务所的公告,2024-08-30,http://static.cninfo.com.cn/finalpage/2024-08-30/1221050293.PDF,1221050293,会计师事务所
002072,凯瑞德,凯瑞德：关于变更会计师事务所的公告,2024-09-12,http://static.cninfo.com.cn/finalpage/2024-09-12/1221205298.PDF,1221205298,会计师事务所
002076,星光股份,星光股份：关于公司续聘会计师事务所的公告,2024-11-20,http://static.cninfo.com.cn/finalpage/2024-11-20/1221778124.PDF,1221778124,会计师事务所
002077,大港股份,大港股份：关于变更2024年度会计师事务所的公告,2024-11-12,http://static.cninfo.com.cn/finalpage/2024-11-12/1221685580.PDF,1221685580,会计师事务所
002078,太阳纸业,太阳纸业：关于变更签字注册会计师的公告,2024-12-07,http://static.cninfo.com.cn/finalpage/2024-12-07/1221956263.PDF,1221956263,会计师
002079,苏州固锝,苏州固锝：关于变更签字注册会计师的公告,2024-10-12,http://static.cninfo.com.cn/finalpage/2024-10-12/1221366269.PDF,1221366269,会计师
002084,海鸥住工,海鸥住工：关于变更签字注册会计师的公告,2024-12-12,http://static.cninfo.com.cn/finalpage/2024-12-12/1221998576.PDF,1221998576,会计师
002085,万丰奥威,万丰奥威：关于续聘公司2024年度审计机构的公告,2024-09-27,http://static.cninfo.com.cn/finalpage/2024-09-27/1221305141.PDF,1221305141,审计机构
002086,东方海洋,东方海洋：会计师事务所选聘制度,2024-12-04,http://static.cninfo.com.cn/finalpage/2024-12-04/1221918995.PDF,1221918995,会计师事务所
002090,金智科技,金智科技：关于变更签字注册会计师的公告,2024-12-31,http://static.cninfo.com.cn/finalpage/2024-12-31/1222180696.PDF,1222180696,会计师
002092,ST中泰,ST中泰：关于聘任2024年度审计机构的公告,2024-10-19,http://static.cninfo.com.cn/finalpage/2024-10-19/1221432765.PDF,1221432765,审计机构
002100,天康生物,天康生物：关于变更会计师事务所的公告,2024-09-20,http://static.cninfo.com.cn/finalpage/2024-09-20/1221243039.PDF,1221243039,会计师事务所
002101,广东鸿图,广东鸿图：关于续聘2024年度审计机构的公告,2024-11-19,http://static.cninfo.com.cn/finalpage/2024-11-19/1221768770.PDF,1221768770,审计机构
002102,能特科技,能特科技：关于制订《会计师事务所选聘制度》的公告,2024-08-27,http://static.cninfo.com.cn/finalpage/2024-08-27/1220981137.PDF,1220981137,会计师事务所
002102,能特科技,能特科技：会计师事务所选聘制度,2024-08-27,http://static.cninfo.com.cn/finalpage/2024-08-27/1220981128.PDF,1220981128,会计师事务所
002102,能特科技,能特科技：关于聘任公司2024年度审计机构的公告,2024-10-28,http://static.cninfo.com.cn/finalpage/2024-10-28/1221521748.PDF,1221521748,审计机构
002105,信隆健康,信隆健康：会计师事务所选聘制度,2024-09-28,http://static.cninfo.com.cn/finalpage/2024-09-28/1221312445.PDF,1221312445,会计师事务所
002105,信隆健康,信隆健康：关于拟续聘会计师事务所的公告,2024-09-28,http://static.cninfo.com.cn/finalpage/2024-09-28/1221312447.PDF,1221312447,会计师事务所
002108,沧州明珠,沧州明珠：沧州明珠关于续聘2024年度审计机构的公告,2024-09-25,http://static.cninfo.com.cn/finalpage/2024-09-25/1221281020.PDF,1221281020,审计机构
002109,兴化股份,兴化股份：关于变更会计师事务所暨聘任公司2024年度财务审计机构及内控审计机构的公告,2024-10-31,http://static.cninfo.com.cn/finalpage/2024-10-31/1221571895.PDF,1221571895,会计事务所
002110,三钢闽光,三钢闽光：会计师事务所选聘制度,2024-07-17,http://static.cninfo.com.cn/finalpage/2024-07-17/1220653548.PDF,1220653548,会计师事务所
002112,三变科技,三变科技：会计师事务所选聘制度,2024-10-31,http://static.cninfo.com.cn/finalpage/2024-10-31/1221570023.PDF,1221570023,会计师事务所
002112,三变科技,三变科技：关于续聘公司2024年度审计机构的公告,2024-10-31,http://static.cninfo.com.cn/finalpage/2024-10-31/1221570019.PDF,1221570019,审计机构
002114,罗平锌电,罗平锌电：关于变更签字注册会计师的公告,2024-11-30,http://static.cninfo.com.cn/finalpage/2024-11-30/1221890590.PDF,1221890590,会计师
002116,中国海诚,中国海诚：关于续聘会计师事务所的公告,2024-12-06,http://static.cninfo.com.cn/finalpage/2024-12-06/1221940822.PDF,1221940822,会计师事务所
002120,韵达股份,韵达股份：关于续聘会计师事务所的公告,2024-09-19,http://static.cninfo.com.cn/finalpage/2024-09-19/1221235860.PDF,1221235860,会计师事务所
002121,科陆电子,科陆电子：关于变更会计师事务所的公告,2024-10-26,http://static.cninfo.com.cn/finalpage/2024-10-26/1221525014.PDF,1221525014,会计师事务所
002122,汇洲智能,汇洲智能：关于续聘2024年度审计机构的公告,2024-10-30,http://static.cninfo.com.cn/finalpage/2024-10-30/1221556300.PDF,1221556300,审计机构
002128,电投能源,电投能源：关于续聘2024年度审计中介机构公告,2024-11-29,http://static.cninfo.com.cn/finalpage/2024-11-29/1221880944.PDF,1221880944,审计机构
002129,TCL中环,TCL中环：关于拟变更会计师事务所的公告,2024-12-28,http://static.cninfo.com.cn/finalpage/2024-12-28/1222167957.PDF,1222167957,会计师事务所
002130,沃尔核材,沃尔核材：关于聘任会计师事务所的公告,2024-12-05,http://static.cninfo.com.cn/finalpage/2024-12-05/1221928094.PDF,1221928094,会计师事务所
002130,沃尔核材,沃尔核材：选聘会计师事务所专项制度,2024-12-05,http://static.cninfo.com.cn/finalpage/2024-12-05/1221928095.PDF,1221928095,会计师事务所
002133,广宇集团,广宇集团：广宇集团股份有限公司会计师事务所选聘制度（2024年12月）,2024-12-21,http://static.cninfo.com.cn/finalpage/2024-12-21/1222090264.PDF,1222090264,会计师事务所
002134,天津普林,天津普林：关于聘任2024年度审计机构的公告,2024-10-29,http://static.cninfo.com.cn/finalpage/2024-10-29/1221542860.PDF,1221542860,审计机构
002137,实益达,实益达：关于拟变更会计师事务所的公告,2024-08-20,http://static.cninfo.com.cn/finalpage/2024-08-20/1220911385.PDF,1220911385,会计师事务所
002139,拓邦股份,拓邦股份：选聘会计师事务所管理办法,2024-10-17,http://static.cninfo.com.cn/finalpage/2024-10-17/1221407801.PDF,1221407801,会计师事务所
002139,拓邦股份,拓邦股份：关于拟变更会计师事务所暨聘任公司2024年度审计机构的公告,2024-10-17,http://static.cninfo.com.cn/finalpage/2024-10-17/1221407803.PDF,1221407803,会计师事务所
002140,东华科技,东华科技：东华科技董事会审计与风险管理委员会关于聘请北京大地泰华会计师事务所（特殊普通合伙）为公司2024年度审计机构事项的意见,2024-12-14,http://static.cninfo.com.cn/finalpage/2024-12-14/1222019237.PDF,1222019237,会计师事务所
002140,东华科技,东华科技：东华科技关于聘请北京大地泰华会计师事务所（特殊普通合伙）为公司2024年度审计机构的公告,2024-12-14,http://static.cninfo.com.cn/finalpage/2024-12-14/1222019239.PDF,1222019239,会计师事务所
002141,*ST贤丰,*ST贤丰：关于聘任会计师事务所的公告,2024-11-30,http://static.cninfo.com.cn/finalpage/2024-11-30/1221893318.PDF,1221893318,会计师事务所
002141,*ST贤丰,*ST贤丰：关于聘任会计师事务所的公告,2024-12-25,http://static.cninfo.com.cn/finalpage/2024-12-25/1222129512.PDF,1222129512,会计师事务所
002142,宁波银行,宁波银行：宁波银行股份有限公司关于变更会计师事务所的公告,2024-08-29,http://static.cninfo.com.cn/finalpage/2024-08-29/1221032451.PDF,1221032451,会计师事务所
002146,荣盛发展,荣盛发展：关于拟续聘2024年度审计机构的公告,2024-12-10,http://static.cninfo.com.cn/finalpage/2024-12-10/1221966706.PDF,1221966706,审计机构
002148,北纬科技,北纬科技：关于聘任2024年度审计机构的公告,2024-08-22,http://static.cninfo.com.cn/finalpage/2024-08-22/1220937685.PDF,1220937685,审计机构
002149,西部材料,西部材料：西部材料关于聘任2024年度审计机构的公告,2024-10-31,http://static.cninfo.com.cn/finalpage/2024-10-31/1221575779.PDF,1221575779,审计机构
002158,汉钟精机,汉钟精机：关于聘任2024年度审计机构的公告,2024-10-26,http://static.cninfo.com.cn/finalpage/2024-10-26/1221519812.PDF,1221519812,审计机构
002159,三特索道,三特索道：武汉三特索道集团股份有限公司会计师事务所选聘管理办法,2024-08-30,http://static.cninfo.com.cn/finalpage/2024-08-30/1221045532.PDF,1221045532,会计师事务所
002159,三特索道,三特索道：关于续聘会计师事务所的公告,2024-10-30,http://static.cninfo.com.cn/finalpage/2024-10-30/1221553807.PDF,1221553807,会计师事务所
002160,常铝股份,常铝股份：江苏常铝铝业集团股份有限公司会计师事务所选聘制度（2024年7月）,2024-07-18,http://static.cninfo.com.cn/finalpage/2024-07-18/1220662957.PDF,1220662957,会计师事务所
002160,常铝股份,常铝股份：关于聘请2024年度会计师事务所的公告,2024-10-09,http://static.cninfo.com.cn/finalpage/2024-10-09/1221342198.PDF,1221342198,会计师事务所
002161,远 望 谷,远 望 谷：会计师事务所选聘制度,2024-08-15,http://static.cninfo.com.cn/finalpage/2024-08-15/1220872668.PDF,1220872668,会计师事务所
002161,远 望 谷,远 望 谷：关于续聘2024年审计机构的公告,2024-08-15,http://static.cninfo.com.cn/finalpage/2024-08-15/1220872724.PDF,1220872724,审计机构
002163,海南发展,海南发展：选聘会计师事务所管理办法,2024-08-27,http://static.cninfo.com.cn/finalpage/2024-08-27/1220983676.PDF,1220983676,会计师事务所
002163,海南发展,海南发展：关于拟变更会计师事务所的公告,2024-10-19,http://static.cninfo.com.cn/finalpage/2024-10-19/1221432393.PDF,1221432393,会计师事务所
002164,宁波东力,宁波东力：关于续聘2024年度会计师事务所的公告,2024-08-26,http://static.cninfo.com.cn/finalpage/2024-08-26/1220958266.PDF,1220958266,会计师事务所
002166,莱茵生物,莱茵生物：关于变更2024年度审计项目合伙人及签字注册会计师的公告,2024-11-01,http://static.cninfo.com.cn/finalpage/2024-11-01/1221588755.PDF,1221588755,会计师
002167,东方锆业,东方锆业：关于聘任会计师事务所的公告,2024-11-23,http://static.cninfo.com.cn/finalpage/2024-11-23/1221817048.PDF,1221817048,会计师事务所
002168,ST惠程,ST惠程：关于拟续聘会计师事务所的公告,2024-10-31,http://static.cninfo.com.cn/finalpage/2024-10-31/1221575673.PDF,1221575673,会计师事务所
002174,游族网络,游族网络：关于变更2024年度审计机构的公告,2024-10-30,http://static.cninfo.com.cn/finalpage/2024-10-30/1221556169.PDF,1221556169,审计机构
002176,江特电机,江特电机：关于变更会计师事务所的公告,2024-11-28,http://static.cninfo.com.cn/finalpage/2024-11-28/1221866002.PDF,1221866002,会计师事务所
002176,江特电机,江特电机：会计师事务所选聘制度,2024-11-28,http://static.cninfo.com.cn/finalpage/2024-11-28/1221866000.PDF,1221866000,会计师事务所
002179,中航光电,中航光电：关于变更会计师事务所的公告,2024-10-30,http://static.cninfo.com.cn/finalpage/2024-10-30/1221558279.PDF,1221558279,会计师事务所
002182,宝武镁业,宝武镁业：关于聘任公司2024年度会计师事务所的公告,2024-07-31,http://static.cninfo.com.cn/finalpage/2024-07-31/1220754111.PDF,1220754111,会计师事务所
002182,宝武镁业,宝武镁业：独立董事关于同意聘任众华会计师事务所(特殊普通合伙)为公司2024年度审计机构并提交董事会审议的意见,2024-07-31,http://static.cninfo.com.cn/finalpage/2024-07-31/1220754115.PDF,1220754115,会计师事务所
002186,全 聚 德,全 聚 德：关于公司拟续聘会计师事务所的公告,2024-08-20,http://static.cninfo.com.cn/finalpage/2024-08-20/1220908118.PDF,1220908118,会计师事务所
002187,广百股份,广百股份：拟变更会计师事务所的公告,2024-10-12,http://static.cninfo.com.cn/finalpage/2024-10-12/1221367303.PDF,1221367303,会计师事务所
002189,中光学,中光学：关于拟聘任会计师事务所的公告,2024-11-21,http://static.cninfo.com.cn/finalpage/2024-11-21/1221791330.PDF,1221791330,会计师事务所
002190,成飞集成,成飞集成：关于拟变更会计师事务所的公告,2024-10-30,http://static.cninfo.com.cn/finalpage/2024-10-30/1221557230.PDF,1221557230,会计师事务所
002192,融捷股份,融捷股份：关于拟续聘会计师事务所的公告,2024-10-30,http://static.cninfo.com.cn/finalpage/2024-10-30/1221555658.PDF,1221555658,会计师事务所
002192,融捷股份,融捷股份：《选聘会计师事务所管理制度》,2024-10-30,http://static.cninfo.com.cn/finalpage/2024-10-30/1221555660.PDF,1221555660,会计师事务所
002193,如意集团,如意集团：关于拟聘任会计师事务所的公告,2024-12-31,http://static.cninfo.com.cn/finalpage/2024-12-31/1222181635.PDF,1222181635,会计师事务所
002197,ST证通,ST证通：关于续聘2024年度审计机构的公告,2024-12-11,http://static.cninfo.com.cn/finalpage/2024-12-11/1221980907.PDF,1221980907,审计机构
002198,嘉应制药,嘉应制药：关于拟续聘会计师事务所的公告,2024-11-19,http://static.cninfo.com.cn/finalpage/2024-11-19/1221767166.PDF,1221767166,会计师事务所
002200,ST交投,ST交投：关于续聘会计师事务所的公告,2024-11-14,http://static.cninfo.com.cn/finalpage/2024-11-14/1221712963.PDF,1221712963,会计师事务所
002201,正威新材,正威新材：会计师事务所选聘制度,2024-08-31,http://static.cninfo.com.cn/finalpage/2024-08-31/1221092730.PDF,1221092730,会计师事务所
002201,正威新材,正威新材：关于公司续聘会计师事务所的公告,2024-11-26,http://static.cninfo.com.cn/finalpage/2024-11-26/1221837533.PDF,1221837533,会计师事务所
002205,国统股份,国统股份：新疆国统管道股份有限公司关于聘任公司2024年度财务审计机构的公告,2024-12-14,http://static.cninfo.com.cn/finalpage/2024-12-14/1222016811.PDF,1222016811,审计机构
002211,宏达新材,宏达新材：关于续聘会计师事务所的公告,2024-10-18,http://static.cninfo.com.cn/finalpage/2024-10-18/1221418957.PDF,1221418957,会计师事务所
002212,天融信,天融信：关于拟变更2024年度审计机构的公告,2024-11-05,http://static.cninfo.com.cn/finalpage/2024-11-05/1221625399.PDF,1221625399,审计机构
002213,大为股份,大为股份：关于拟续聘会计师事务所的公告,2024-11-20,http://static.cninfo.com.cn/finalpage/2024-11-20/1221776993.PDF,1221776993,会计师事务所
002215,诺 普 信,诺 普 信：关于会计师事务所名称变更的公告,2024-09-20,http://static.cninfo.com.cn/finalpage/2024-09-20/1221244230.PDF,1221244230,会计师事务所
002217,*ST合泰,*ST合泰：合力泰科技股份有限公司会计师事务所选聘制度,2024-12-07,http://static.cninfo.com.cn/finalpage/2024-12-07/1221958757.PDF,1221958757,会计师事务所
002217,*ST合泰,*ST合泰：拟变更会计师事务所的公告,2024-12-11,http://static.cninfo.com.cn/finalpage/2024-12-11/1221983034.PDF,1221983034,会计师事务所
002218,拓日新能,拓日新能：关于聘任2024年度审计机构的公告,2024-10-26,http://static.cninfo.com.cn/finalpage/2024-10-26/1221524217.PDF,1221524217,审计机构
002219,新里程,新里程：关于变更会计师事务所的公告,2024-11-21,http://static.cninfo.com.cn/finalpage/2024-11-21/1221790425.PDF,1221790425,会计师事务所
002222,福晶科技,福晶科技：关于改聘会计师事务所的公告,2024-11-30,http://static.cninfo.com.cn/finalpage/2024-11-30/1221892835.PDF,1221892835,会计师事务所
002226,江南化工,江南化工：关于拟变更会计师事务所的公告,2024-10-26,http://static.cninfo.com.cn/finalpage/2024-10-26/1221522692.PDF,1221522692,会计师事务所
002227,奥 特 迅,奥 特 迅：关于变更会计师事务所的公告,2024-10-23,http://static.cninfo.com.cn/finalpage/2024-10-23/1221475947.PDF,1221475947,会计师事务所
002227,奥 特 迅,奥 特 迅：选聘会计师事务所专项制度（2024年10月）,2024-10-23,http://static.cninfo.com.cn/finalpage/2024-10-23/1221475941.PDF,1221475941,会计师事务所
002229,鸿博股份,鸿博股份：关于续聘公司2024年度审计机构的公告,2024-11-12,http://static.cninfo.com.cn/finalpage/2024-11-12/1221684646.PDF,1221684646,审计机构
002232,启明信息,启明信息：关于续聘会计师事务所的公告,2024-12-13,http://static.cninfo.com.cn/finalpage/2024-12-13/1222006833.PDF,1222006833,会计师事务所
002234,民和股份,民和股份：关于续聘审计机构的公告,2024-08-24,http://static.cninfo.com.cn/finalpage/2024-08-24/1220959042.PDF,1220959042,审计机构
002235,安妮股份,安妮股份：厦门安妮股份有限公司关于续聘会计师事务所的公告,2024-09-28,http://static.cninfo.com.cn/finalpage/2024-09-28/1221315474.PDF,1221315474,会计师事务所
002238,天威视讯,天威视讯：天威视讯关于拟变更会计师事务所的公告,2024-07-04,http://static.cninfo.com.cn/finalpage/2024-07-04/1220526034.PDF,1220526034,会计师事务所
002239,奥特佳,奥特佳：关于拟聘任公司2024年年度审计机构的公告,2024-10-08,http://static.cninfo.com.cn/finalpage/2024-10-08/1221330099.PDF,1221330099,审计机构
002240,盛新锂能,盛新锂能：会计师事务所选聘制度（2024年12月）,2024-12-11,http://static.cninfo.com.cn/finalpage/2024-12-11/1221979415.PDF,1221979415,会计师事务所
002240,盛新锂能,盛新锂能：关于续聘2024年度审计机构的公告,2024-12-11,http://static.cninfo.com.cn/finalpage/2024-12-11/1221979418.PDF,1221979418,审计机构
002243,力合科创,力合科创：关于续聘2024年度审计机构的公告,2024-08-28,http://static.cninfo.com.cn/finalpage/2024-08-28/1221002734.PDF,1221002734,审计机构
002243,力合科创,力合科创：选聘会计师事务所专项制度（2024年10月）,2024-10-15,http://static.cninfo.com.cn/finalpage/2024-10-15/1221382904.PDF,1221382904,会计师事务所
002246,北化股份,北化股份：关于聘任2024年度审计机构的公告,2024-11-26,http://static.cninfo.com.cn/finalpage/2024-11-26/1221835415.PDF,1221835415,审计机构
002247,聚力文化,聚力文化：关于续聘公司2024年度审计机构的公告,2024-09-19,http://static.cninfo.com.cn/finalpage/2024-09-19/1221233023.PDF,1221233023,审计机构
002247,聚力文化,聚力文化：关于审计机构变更质量控制复核人的公告,2024-12-04,http://static.cninfo.com.cn/finalpage/2024-12-04/1221918148.PDF,1221918148,审计机构
002248,华东数控,华东数控：关于变更会计师事务所的公告,2024-08-28,http://static.cninfo.com.cn/finalpage/2024-08-28/1220999782.PDF,1220999782,会计师事务所
002254,泰和新材,泰和新材：关于变更签字注册会计师的公告,2024-12-24,http://static.cninfo.com.cn/finalpage/2024-12-24/1222112816.PDF,1222112816,会计师
002255,海陆重工,海陆重工：关于聘任2024年度审计机构的公告,2024-11-13,http://static.cninfo.com.cn/finalpage/2024-11-13/1221698742.PDF,1221698742,审计机构
002256,兆新股份,兆新股份：关于续聘2024年度会计师事务所的公告,2024-11-02,http://static.cninfo.com.cn/finalpage/2024-11-02/1221604541.PDF,1221604541,会计师
002258,利尔化学,利尔化学：关于拟聘任2024年度审计机构的公告,2024-07-31,http://static.cninfo.com.cn/finalpage/2024-07-31/1220754124.PDF,1220754124,审计机构
002265,建设工业,建设工业：关于拟续聘会计师事务所的公告,2024-10-28,http://static.cninfo.com.cn/finalpage/2024-10-28/1221521327.PDF,1221521327,会计师事务所
002267,陕天然气,陕天然气：关于拟续聘会计师事务所的公告,2024-11-12,http://static.cninfo.com.cn/finalpage/2024-11-12/1221684688.PDF,1221684688,会计师事务所
002268,电科网安,电科网安：关于续聘会计师事务所的公告,2024-10-30,http://static.cninfo.com.cn/finalpage/2024-10-30/1221559104.PDF,1221559104,会计师事务所
002268,电科网安,电科网安：关于会计所事务所变更质量控制复核人的公告,2024-12-21,http://static.cninfo.com.cn/finalpage/2024-12-21/1222091859.PDF,1222091859,会计事务所
002269,美邦服饰,美邦服饰：变更会计师事务所的公告,2024-11-19,http://static.cninfo.com.cn/finalpage/2024-11-19/1221767180.PDF,1221767180,会计师事务所
002270,华明装备,华明装备：关于拟续聘会计师事务所的公告,2024-08-09,http://static.cninfo.com.cn/finalpage/2024-08-09/1220823204.PDF,1220823204,会计师事务所
002279,久其软件,久其软件：会计师事务所选聘制度,2024-11-26,http://static.cninfo.com.cn/finalpage/2024-11-26/1221836543.PDF,1221836543,会计师事务所
002279,久其软件,久其软件：关于续聘2024年度审计机构的公告,2024-11-26,http://static.cninfo.com.cn/finalpage/2024-11-26/1221836261.PDF,1221836261,审计机构
002281,光迅科技,光迅科技：武汉光迅科技股份有限公司关于拟变更会计师事务所的公告,2024-10-08,http://static.cninfo.com.cn/finalpage/2024-10-08/1221331263.PDF,1221331263,会计师事务所
002285,世联行,世联行：会计师事务所选聘制度（2024年8月）,2024-08-29,http://static.cninfo.com.cn/finalpage/2024-08-29/1221029416.PDF,1221029416,会计师事务所
002285,世联行,世联行：关于聘任2024年度审计机构的公告,2024-10-08,http://static.cninfo.com.cn/finalpage/2024-10-08/1221330938.PDF,1221330938,审计机构
002289,ST宇顺,ST宇顺：关于拟变更会计师事务所的公告,2024-12-14,http://static.cninfo.com.cn/finalpage/2024-12-14/1222018138.PDF,1222018138,会计师事务所
002291,遥望科技,遥望科技：关于拟续聘公司2024年度财务报告和内部控制审计机构的公告,2024-11-13,http://static.cninfo.com.cn/finalpage/2024-11-13/1221698693.PDF,1221698693,审计机构
002293,罗莱生活,罗莱生活：关于续聘2024年度审计机构的公告,2024-11-09,http://static.cninfo.com.cn/finalpage/2024-11-09/1221662889.PDF,1221662889,审计机构
002295,精艺股份,精艺股份：关于变更会计师事务所的公告,2024-12-03,http://static.cninfo.com.cn/finalpage/2024-12-03/1221906540.PDF,1221906540,会计师事务所
002296,辉煌科技,辉煌科技：关于续聘会计师事务所的公告,2024-12-06,http://static.cninfo.com.cn/finalpage/2024-12-06/1221941065.PDF,1221941065,会计师事务所
002298,中电兴发,中电兴发：关于变更会计师事务所的公告,2024-11-20,http://static.cninfo.com.cn/finalpage/2024-11-20/1221778137.PDF,1221778137,会计师事务所
002301,齐心集团,齐心集团：会计师事务所选聘制度,2024-11-30,http://static.cninfo.com.cn/finalpage/2024-11-30/1221890677.PDF,1221890677,会计师事务所
002301,齐心集团,齐心集团：关于聘任会计师事务所的公告,2024-11-30,http://static.cninfo.com.cn/finalpage/2024-11-30/1221890671.PDF,1221890671,会计师事务所
002302,西部建设,西部建设：拟续聘会计师事务所的公告,2024-07-25,http://static.cninfo.com.cn/finalpage/2024-07-25/1220720477.PDF,1220720477,会计师事务所
002305,南国置业,南国置业：关于变更会计师事务所的公告,2024-12-13,http://static.cninfo.com.cn/finalpage/2024-12-13/1222004519.PDF,1222004519,会计师事务所
002306,中科云网,中科云网：会计师事务所选聘制度,2024-08-17,http://static.cninfo.com.cn/finalpage/2024-08-17/1220895280.PDF,1220895280,会计师事务所
002306,中科云网,中科云网：关于拟变更会计师事务所的公告,2024-11-28,http://static.cninfo.com.cn/finalpage/2024-11-28/1221866219.PDF,1221866219,会计师事务所
002307,北新路桥,北新路桥：关于拟变更会计师事务所的公告,2024-11-07,http://static.cninfo.com.cn/finalpage/2024-11-07/1221640224.PDF,1221640224,会计师事务所
002310,*ST东园,*ST东园：关于续聘中兴华会计师事务所为公司2024年度审计机构的公告,2024-12-05,http://static.cninfo.com.cn/finalpage/2024-12-05/1221927453.PDF,1221927453,会计师事务所
002311,海大集团,海大集团：关于续聘致同会计师事务所（特殊普通合伙）为公司2024年度审计机构的公告,2024-10-19,http://static.cninfo.com.cn/finalpage/2024-10-19/1221432206.PDF,1221432206,会计师事务所
002313,日海智能,日海智能：关于续聘2023年度审计机构的公告,2024-09-26,http://static.cninfo.com.cn/finalpage/2024-09-26/1221291604.PDF,1221291604,审计机构
002315,焦点科技,焦点科技：关于续聘2024年度审计机构的公告,2024-08-31,http://static.cninfo.com.cn/finalpage/2024-08-31/1221078390.PDF,1221078390,审计机构
002316,ST亚联,ST亚联：关于续聘会计师事务所的公告,2024-12-04,http://static.cninfo.com.cn/finalpage/2024-12-04/1221919982.PDF,1221919982,会计师事务所
002318,久立特材,久立特材：关于审计机构变更项目质量控制复核人的公告,2024-11-29,http://static.cninfo.com.cn/finalpage/2024-11-29/1221878284.PDF,1221878284,审计机构
002319,乐通股份,乐通股份：关于变更专项审计机构及相关事项的公告,2024-09-14,http://static.cninfo.com.cn/finalpage/2024-09-14/1221221781.PDF,1221221781,审计机构
002321,华英农业,华英农业：关于变更会计师事务所的公告,2024-11-08,http://static.cninfo.com.cn/finalpage/2024-11-08/1221650096.PDF,1221650096,会计师事务所
002323,雅博股份,雅博股份：关于拟聘任2024年度审计机构的公告,2024-12-14,http://static.cninfo.com.cn/finalpage/2024-12-14/1222019169.PDF,1222019169,审计机构
002324,普利特,普利特：关于续聘会计师事务所的公告,2024-11-29,http://static.cninfo.com.cn/finalpage/2024-11-29/1221880242.PDF,1221880242,会计事务所
002329,皇氏集团,皇氏集团：关于变更会计师事务所暨聘请2024年度审计机构的的公告,2024-08-15,http://static.cninfo.com.cn/finalpage/2024-08-15/1220872951.PDF,1220872951,会计师事务所
002330,得利斯,得利斯：山东得利斯食品股份有限公司会计师事务所选聘制度,2024-10-31,http://static.cninfo.com.cn/finalpage/2024-10-31/1221572738.PDF,1221572738,会计师事务所
002330,得利斯,得利斯：关于续聘会计师事务所的公告,2024-11-30,http://static.cninfo.com.cn/finalpage/2024-11-30/1221891713.PDF,1221891713,会计师事务所
002331,皖通科技,皖通科技：关于聘任2024年度审计机构的公告,2024-11-30,http://static.cninfo.com.cn/finalpage/2024-11-30/1221890910.PDF,1221890910,审计机构
002332,仙琚制药,仙琚制药：关于续聘公司2024年度审计机构的公告,2024-08-27,http://static.cninfo.com.cn/finalpage/2024-08-27/1220987262.PDF,1220987262,审计机构
002332,仙琚制药,仙琚制药：关于拟变更会计师事务所的公告,2024-12-27,http://static.cninfo.com.cn/finalpage/2024-12-27/1222155090.PDF,1222155090,会计师事务所
002333,罗普斯金,罗普斯金：会计师事务所选聘制度,2024-10-29,http://static.cninfo.com.cn/finalpage/2024-10-29/1221540416.PDF,1221540416,会计师事务
002335,科华数据,科华数据：关于续聘会计师事务所的公告,2024-08-30,http://static.cninfo.com.cn/finalpage/2024-08-30/1221056761.PDF,1221056761,会计师事务所
002337,赛象科技,赛象科技：关于聘任公司2024年度审计机构的公告,2024-08-29,http://static.cninfo.com.cn/finalpage/2024-08-29/1221023639.PDF,1221023639,审计机构
002338,奥普光电,奥普光电：关于拟变更会计师事务所的公告,2024-10-26,http://static.cninfo.com.cn/finalpage/2024-10-26/1221525943.PDF,1221525943,会计师事务所
002340,格林美,格林美：关于续聘2024年度财务审计机构的公告,2024-09-28,http://static.cninfo.com.cn/finalpage/2024-09-28/1221313968.PDF,1221313968,审计机构
002342,巨力索具,巨力索具：关于变更签字项目合伙人和注册会计师的公告,2024-10-25,http://static.cninfo.com.cn/finalpage/2024-10-25/1221506763.PDF,1221506763,会计师
002346,柘中股份,柘中股份：关于变更会计师事务所的公告,2024-11-13,http://static.cninfo.com.cn/finalpage/2024-11-13/1221698997.PDF,1221698997,会计师事务所
002350,北京科锐,北京科锐：关于拟续聘会计师事务所的公告,2024-09-19,http://static.cninfo.com.cn/finalpage/2024-09-19/1221235868.PDF,1221235868,会计师事务所
002351,漫步者,漫步者：关于变更会计师事务所的公告,2024-09-19,http://static.cninfo.com.cn/finalpage/2024-09-19/1221235464.PDF,1221235464,会计师事务所
002354,天娱数科,天娱数科：关于拟续聘会计师事务所的公告,2024-12-13,http://static.cninfo.com.cn/finalpage/2024-12-13/1222004757.PDF,1222004757,会计师事务所
002357,富临运业,富临运业：《会计师事务所选聘制度（2024年8月修订）》,2024-08-27,http://static.cninfo.com.cn/finalpage/2024-08-27/1220984993.PDF,1220984993,会计师事务所
002367,康力电梯,康力电梯：关于变更签字注册会计师的公告,2024-11-27,http://static.cninfo.com.cn/finalpage/2024-11-27/1221853090.PDF,1221853090,会计师
002368,太极股份,太极股份：关于拟聘任会计师事务所的公告,2024-12-06,http://static.cninfo.com.cn/finalpage/2024-12-06/1221938816.PDF,1221938816,会计师事务所
002369,卓翼科技,卓翼科技：关于拟续聘2024年度会计师事务所的公告,2024-11-12,http://static.cninfo.com.cn/finalpage/2024-11-12/1221685448.PDF,1221685448,会计师事务所
002371,北方华创,北方华创：关于拟变更会计师事务所的公告,2024-10-30,http://static.cninfo.com.cn/finalpage/2024-10-30/1221555086.PDF,1221555086,会计师事务所
002371,北方华创,北方华创：会计师事务所选聘管理办法,2024-10-30,http://static.cninfo.com.cn/finalpage/2024-10-30/1221555087.PDF,1221555087,会计师事务
002378,章源钨业,章源钨业：关于续聘公司2024年审计机构的公告,2024-08-27,http://static.cninfo.com.cn/finalpage/2024-08-27/1220986380.PDF,1220986380,审计机构
002379,宏创控股,宏创控股：关于变更签字注册会计师的公告,2024-12-18,http://static.cninfo.com.cn/finalpage/2024-12-18/1222046522.PDF,1222046522,会计师
002380,科远智慧,科远智慧：关于变更签字注册会计师及项目质量复核人员的公告,2024-12-27,http://static.cninfo.com.cn/finalpage/2024-12-27/1222154868.PDF,1222154868,会计师
002383,合众思壮,合众思壮：关于聘任2024年度审计机构的公告,2024-12-06,http://static.cninfo.com.cn/finalpage/2024-12-06/1221940074.PDF,1221940074,审计机构
002387,维信诺,维信诺：会计师事务所选聘管理制度,2024-11-16,http://static.cninfo.com.cn/finalpage/2024-11-16/1221740815.PDF,1221740815,会计师事务所
002387,维信诺,维信诺：关于聘任2024年度审计机构的公告,2024-11-16,http://static.cninfo.com.cn/finalpage/2024-11-16/1221740807.PDF,1221740807,审计机构
002388,ST新亚,ST新亚：关于拟聘任会计师事务所的公告,2024-12-14,http://static.cninfo.com.cn/finalpage/2024-12-14/1222018114.PDF,1222018114,会计师事务所
002389,航天彩虹,航天彩虹：关于聘任会计师事务所的公告,2024-10-26,http://static.cninfo.com.cn/finalpage/2024-10-26/1221525163.PDF,1221525163,会计师事务所
002394,联发股份,联发股份：关于变更会计师事务所的公告,2024-10-25,http://static.cninfo.com.cn/finalpage/2024-10-25/1221505419.PDF,1221505419,会计师事务所
002395,双象股份,双象股份：关于拟变更会计师事务所的公告,2024-10-25,http://static.cninfo.com.cn/finalpage/2024-10-25/1221506656.PDF,1221506656,会计师事务所
002396,星网锐捷,星网锐捷：关于续聘公司2024年度审计机构的公告,2024-12-07,http://static.cninfo.com.cn/finalpage/2024-12-07/1221956038.PDF,1221956038,审计机构
002397,梦洁股份,梦洁股份：关于聘任2024年度审计机构的公告,2024-12-11,http://static.cninfo.com.cn/finalpage/2024-12-11/1221984938.PDF,1221984938,审计机构
002398,垒知集团,垒知集团：会计师事务所聘任制度,2024-08-20,http://static.cninfo.com.cn/finalpage/2024-08-20/1220908039.PDF,1220908039,会计师事务所
002398,垒知集团,垒知集团：关于制定《会计师事务所聘任制度》的公告,2024-08-20,http://static.cninfo.com.cn/finalpage/2024-08-20/1220908033.PDF,1220908033,会计师事务所
002400,省广集团,省广集团：关于续聘会计师事务所的公告,2024-11-23,http://static.cninfo.com.cn/finalpage/2024-11-23/1221817604.PDF,1221817604,会计师事务所
002402,和而泰,和而泰：关于拟变更会计师事务所暨聘任公司2024年度审计机构的公告,2024-10-29,http://static.cninfo.com.cn/finalpage/2024-10-29/1221542712.PDF,1221542712,会计师事务所
002406,远东传动,远东传动：拟续聘会计师事务所的公告,2024-11-28,http://static.cninfo.com.cn/finalpage/2024-11-28/1221865505.PDF,1221865505,会计师事务所
002407,多氟多,多氟多：关于续聘2024年度财务审计和内部控制审计机构的公告,2024-12-04,http://static.cninfo.com.cn/finalpage/2024-12-04/1221920364.PDF,1221920364,审计机构
002409,雅克科技,雅克科技：关于拟变更会计师事务所的公告,2024-10-28,http://static.cninfo.com.cn/finalpage/2024-10-28/1221522408.PDF,1221522408,会计师事务所
002412,汉森制药,汉森制药：关于公司拟续聘2024年度审计机构的公告,2024-10-29,http://static.cninfo.com.cn/finalpage/2024-10-29/1221540520.PDF,1221540520,审计机构
002412,汉森制药,汉森制药：关于公司拟续聘2024年度审计机构的更正公告,2024-11-23,http://static.cninfo.com.cn/finalpage/2024-11-23/1221815371.PDF,1221815371,审计机构
002412,汉森制药,汉森制药：关于公司拟续聘2024年度审计机构的公告（更正后）,2024-11-23,http://static.cninfo.com.cn/finalpage/2024-11-23/1221815370.PDF,1221815370,审计机构
002413,雷科防务,雷科防务：关于续聘会计师事务所的公告,2024-10-24,http://static.cninfo.com.cn/finalpage/2024-10-24/1221489975.PDF,1221489975,会计师事务所
002419,天虹股份,天虹股份：关于聘请会计师事务所的公告,2024-10-26,http://static.cninfo.com.cn/finalpage/2024-10-26/1221521603.PDF,1221521603,会计师事务所
002420,毅昌科技,毅昌科技：关于续聘会计师事务所的公告,2024-10-25,http://static.cninfo.com.cn/finalpage/2024-10-25/1221508526.PDF,1221508526,会计师事务所
002421,达实智能,达实智能：关于续聘会计师事务所的公告,2024-10-30,http://static.cninfo.com.cn/finalpage/2024-10-30/1221557353.PDF,1221557353,会计师事务所
002423,中粮资本,中粮资本：中粮资本控股股份有限公司关于续聘2024年度财务报告和内部控制审计机构的公告,2024-10-30,http://static.cninfo.com.cn/finalpage/2024-10-30/1221559069.PDF,1221559069,审计机构
002426,胜利精密,胜利精密：关于公司聘任会计师事务所的公告,2024-11-27,http://static.cninfo.com.cn/finalpage/2024-11-27/1221854519.PDF,1221854519,会计师事务所
002426,胜利精密,胜利精密：会计师事务所选聘制度（2024年11月修订）,2024-11-27,http://static.cninfo.com.cn/finalpage/2024-11-27/1221854481.PDF,1221854481,会计师事务所
002429,兆驰股份,兆驰股份：关于续聘2024年度审计机构的公告,2024-12-10,http://static.cninfo.com.cn/finalpage/2024-12-10/1221968491.PDF,1221968491,审计机构
002431,棕榈股份,棕榈股份：关于拟变更会计师事务所的公告,2024-11-19,http://static.cninfo.com.cn/finalpage/2024-11-19/1221768543.PDF,1221768543,会计师事务所
002432,九安医疗,九安医疗：关于聘任公司2024年度审计机构的公告,2024-12-11,http://static.cninfo.com.cn/finalpage/2024-12-11/1221982457.PDF,1221982457,审计机构
002438,江苏神通,江苏神通：会计师事务所选聘制度,2024-11-23,http://static.cninfo.com.cn/finalpage/2024-11-23/1221816112.PDF,1221816112,会计师事务所
002438,江苏神通,江苏神通：关于变更2024年度审计机构的公告,2024-11-23,http://static.cninfo.com.cn/finalpage/2024-11-23/1221816125.PDF,1221816125,审计机构
002439,启明星辰,启明星辰：关于变更签字注册会计师的公告,2024-11-26,http://static.cninfo.com.cn/finalpage/2024-11-26/1221836266.PDF,1221836266,会计师
002442,龙星化工,龙星化工：龙星化工  选聘会计师事务所管理办法,2024-11-08,http://static.cninfo.com.cn/finalpage/2024-11-08/1221649315.PDF,1221649315,会计师事务所
002442,龙星化工,龙星化工：龙星化工  关于变更会计师事务所的公告,2024-11-08,http://static.cninfo.com.cn/finalpage/2024-11-08/1221649314.PDF,1221649314,会计师事务所
002446,盛路通信,盛路通信：关于拟变更会计师事务所的公告,2024-10-29,http://static.cninfo.com.cn/finalpage/2024-10-29/1221542003.PDF,1221542003,会计师事务所
002448,中原内配,中原内配：关于续聘会计师事务所的公告,2024-12-03,http://static.cninfo.com.cn/finalpage/2024-12-03/1221908354.PDF,1221908354,会计师事务所
002449,国星光电,国星光电：关于续聘会计师事务所的公告,2024-12-14,http://static.cninfo.com.cn/finalpage/2024-12-14/1222019579.PDF,1222019579,会计师事务所
002453,华软科技,华软科技：关于拟变更会计师事务所的公告,2024-12-05,http://static.cninfo.com.cn/finalpage/2024-12-05/1221927023.PDF,1221927023,会计师事务所
002455,百川股份,百川股份：关于选聘会计师事务所的公告,2024-11-13,http://static.cninfo.com.cn/finalpage/2024-11-13/1221699314.PDF,1221699314,会计师事务所
002456,欧菲光,欧菲光：会计师事务所选聘制度（2024年10月）,2024-10-31,http://static.cninfo.com.cn/finalpage/2024-10-31/1221576768.PDF,1221576768,会计师事务所
002456,欧菲光,欧菲光：关于拟变更会计师事务所的公告,2024-10-31,http://static.cninfo.com.cn/finalpage/2024-10-31/1221576784.PDF,1221576784,会计师事务所
002459,晶澳科技,晶澳科技：关于续聘2024年度会计师事务所的公告,2024-08-31,http://static.cninfo.com.cn/finalpage/2024-08-31/1221088100.PDF,1221088100,会计师事务所
002462,嘉事堂,嘉事堂：关于变更会计师事务所的公告,2024-07-06,http://static.cninfo.com.cn/finalpage/2024-07-06/1220541020.PDF,1220541020,会计师事务所
002462,嘉事堂,嘉事堂：董事会审计委员会对会计师事务所2023年度履职情况评估暨履行监督职责情况的报告,2024-07-06,http://static.cninfo.com.cn/finalpage/2024-07-06/1220541019.PDF,1220541019,会计师事务所
002463,沪电股份,沪电股份：会计师事务所选聘制度(2024年8月),2024-08-23,http://static.cninfo.com.cn/finalpage/2024-08-23/1220955314.PDF,1220955314,会计师事务所
002463,沪电股份,沪电股份：关于变更会计师事务所的公告,2024-10-25,http://static.cninfo.com.cn/finalpage/2024-10-25/1221507333.PDF,1221507333,会计师事务所
002467,二六三,二六三：关于变更签字注册会计师的公告,2024-12-28,http://static.cninfo.com.cn/finalpage/2024-12-28/1222162901.PDF,1222162901,会计师
002468,申通快递,申通快递：关于拟变更会计师事务所的公告,2024-10-31,http://static.cninfo.com.cn/finalpage/2024-10-31/1221572707.PDF,1221572707,会计事务所
002469,三维化学,三维化学：关于聘任会计师事务所的公告,2024-11-13,http://static.cninfo.com.cn/finalpage/2024-11-13/1221696331.PDF,1221696331,会计师事务所
002476,宝莫股份,宝莫股份：拟续聘2024年度审计机构的公告,2024-07-02,http://static.cninfo.com.cn/finalpage/2024-07-02/1220512751.PDF,1220512751,审计机构
002476,宝莫股份,宝莫股份：致同会计师事务所(特殊普通合伙)关于山东宝莫生物化工股份有限公司最近一年的财务报告及其审计报告以及最近一期的财务报告,2024-11-11,http://static.cninfo.com.cn/finalpage/2024-11-11/1221675772.PDF,1221675772,会计师事务所
002480,新筑股份,新筑股份：关于变更会计师事务所的公告,2024-08-09,http://static.cninfo.com.cn/finalpage/2024-08-09/1220823213.PDF,1220823213,会计师事务所
002481,双塔食品,双塔食品：关于聘任会计师事务所的公告,2024-09-20,http://static.cninfo.com.cn/finalpage/2024-09-20/1221244321.PDF,1221244321,会计师事务所
002483,润邦股份,润邦股份：关于聘任公司2024年度财务审计机构的公告,2024-08-31,http://static.cninfo.com.cn/finalpage/2024-08-31/1221075926.PDF,1221075926,审计机构
002486,嘉麟杰,嘉麟杰：关于续聘会计师事务所的公告,2024-11-23,http://static.cninfo.com.cn/finalpage/2024-11-23/1221817506.PDF,1221817506,会计师事务所
002490,ST墨龙,ST墨龙：会计师事务所选聘制度,2024-08-30,http://static.cninfo.com.cn/finalpage/2024-08-30/1221049626.PDF,1221049626,会计事务所
002490,ST墨龙,ST墨龙：关于变更2024年度审计机构的公告,2024-08-30,http://static.cninfo.com.cn/finalpage/2024-08-30/1221049914.PDF,1221049914,审计机构
002491,通鼎互联,通鼎互联：关于审计机构变更项目合伙人及签字注册会计师的公告,2024-11-23,http://static.cninfo.com.cn/finalpage/2024-11-23/1221818108.PDF,1221818108,会计师
002492,恒基达鑫,恒基达鑫：关于聘任公司2024年度审计机构的公告,2024-11-13,http://static.cninfo.com.cn/finalpage/2024-11-13/1221699418.PDF,1221699418,审计机构
002494,华斯股份,华斯股份：关于会计师事务所名称变更的公告,2024-10-28,http://static.cninfo.com.cn/finalpage/2024-10-28/1221519403.PDF,1221519403,会计师事务所
002495,佳隆股份,佳隆股份：关于续聘会计师事务所的公告,2024-08-29,http://static.cninfo.com.cn/finalpage/2024-08-29/1221024594.PDF,1221024594,会计师事务所
002498,汉缆股份,汉缆股份：《会计师事务所选聘制度》,2024-08-31,http://static.cninfo.com.cn/finalpage/2024-08-31/1221086496.PDF,1221086496,会计师事务所
002501,利源股份,利源股份：关于续聘会计师事务所的公告,2024-12-14,http://static.cninfo.com.cn/finalpage/2024-12-14/1222018271.PDF,1222018271,会计师事务所
002506,协鑫集成,协鑫集成：关于变更专项审计机构及相关事项的公告,2024-08-31,http://static.cninfo.com.cn/finalpage/2024-08-31/1221085635.PDF,1221085635,审计机构
002510,天汽模,天汽模：会计师事务所选聘制度,2024-10-31,http://static.cninfo.com.cn/finalpage/2024-10-31/1221570129.PDF,1221570129,会计师事务所
002510,天汽模,天汽模：关于变更会计师事务所的公告,2024-10-31,http://static.cninfo.com.cn/finalpage/2024-10-31/1221570123.PDF,1221570123,会计师事务所
002511,中顺洁柔,中顺洁柔：关于聘任会计师事务所的公告,2024-09-11,http://static.cninfo.com.cn/finalpage/2024-09-11/1221191724.PDF,1221191724,会计师事务所
002513,蓝丰生化,蓝丰生化：关于续聘公司2024年度审计机构的公告,2024-08-21,http://static.cninfo.com.cn/finalpage/2024-08-21/1220926253.PDF,1220926253,审计机构
002514,宝馨科技,宝馨科技：关于拟变更会计师事务所的公告,2024-10-31,http://static.cninfo.com.cn/finalpage/2024-10-31/1221574254.PDF,1221574254,会计师事务所
002518,科士达,科士达：关于变更签字注册会计师的公告,2024-12-04,http://static.cninfo.com.cn/finalpage/2024-12-04/1221917127.PDF,1221917127,会计师
002520,日发精机,日发精机：关于拟变更会计师事务所的公告,2024-10-30,http://static.cninfo.com.cn/finalpage/2024-10-30/1221553135.PDF,1221553135,会计师事务所
002522,浙江众成,浙江众成：关于拟变更公司2024年度审计机构的公告,2024-08-28,http://static.cninfo.com.cn/finalpage/2024-08-28/1221001858.PDF,1221001858,审计机构
002527,新时达,新时达：关于拟变更会计师事务所的公告,2024-10-30,http://static.cninfo.com.cn/finalpage/2024-10-30/1221557354.PDF,1221557354,会计师事务所
002528,ST英飞拓,ST英飞拓：关于续聘2024年度审计机构的公告,2024-12-03,http://static.cninfo.com.cn/finalpage/2024-12-03/1221908951.PDF,1221908951,审计机构
002529,海源复材,海源复材：关于变更签字会计师的公告,2024-12-21,http://static.cninfo.com.cn/finalpage/2024-12-21/1222089918.PDF,1222089918,会计师
002536,飞龙股份,飞龙股份：关于变更会计师事务所的公告,2024-10-15,http://static.cninfo.com.cn/finalpage/2024-10-15/1221383741.PDF,1221383741,会计师事务所
002538,司尔特,司尔特：关于聘任会计师事务所的公告,2024-10-29,http://static.cninfo.com.cn/finalpage/2024-10-29/1221543745.PDF,1221543745,会计师事务所
002542,中化岩土,中化岩土：关于续聘会计师事务所的公告,2024-11-19,http://static.cninfo.com.cn/finalpage/2024-11-19/1221767698.PDF,1221767698,会计师事务所
002543,万和电气,万和电气：关于续聘2024年度审计机构的公告,2024-08-24,http://static.cninfo.com.cn/finalpage/2024-08-24/1220962699.PDF,1220962699,审计机构
002544,普天科技,普天科技：关于续聘会计师事务所的公告,2024-09-21,http://static.cninfo.com.cn/finalpage/2024-09-21/1221258261.PDF,1221258261,会计师事务所
002544,普天科技,普天科技：董事会审计委员会有关续聘会计师事务所事项的说明,2024-09-21,http://static.cninfo.com.cn/finalpage/2024-09-21/1221258245.PDF,1221258245,会计师事务所
002544,普天科技,普天科技：关于审计机构变更质量控制复核人的公告,2024-12-20,http://static.cninfo.com.cn/finalpage/2024-12-20/1222075362.PDF,1222075362,审计机构
002547,春兴精工,春兴精工：关于聘任2024年度审计机构的公告,2024-11-09,http://static.cninfo.com.cn/finalpage/2024-11-09/1221661443.PDF,1221661443,审计机构
002550,千红制药,千红制药：千红制药：关于拟续聘2024年度会计师事务所的公告,2024-10-18,http://static.cninfo.com.cn/finalpage/2024-10-18/1221419060.PDF,1221419060,会计师事务所
002551,尚荣医疗,尚荣医疗：关于变更会计师事务所的公告,2024-11-07,http://static.cninfo.com.cn/finalpage/2024-11-07/1221639996.PDF,1221639996,会计师事务所
002552,宝鼎科技,宝鼎科技：关于审计机构变更项目合伙人及签字注册会计师的公告,2024-12-05,http://static.cninfo.com.cn/finalpage/2024-12-05/1221924958.PDF,1221924958,会计师
002553,南方精工,南方精工：关于续聘会计师事务所公告,2024-08-31,http://static.cninfo.com.cn/finalpage/2024-08-31/1221082533.PDF,1221082533,会计师事务所
002554,惠博普,惠博普：关于拟续聘会计师事务所的公告,2024-12-20,http://static.cninfo.com.cn/finalpage/2024-12-20/1222076412.PDF,1222076412,会计师事务所
002556,辉隆股份,辉隆股份：公司关于变更会计师事务所的公告,2024-11-02,http://static.cninfo.com.cn/finalpage/2024-11-02/1221602119.PDF,1221602119,会计师事务所
002564,*ST天沃,*ST天沃：关于拟变更会计师事务所的公告,2024-10-28,http://static.cninfo.com.cn/finalpage/2024-10-28/1221522163.PDF,1221522163,会计师事务所
002567,唐人神,唐人神：关于改聘会计师事务所的公告,2024-12-10,http://static.cninfo.com.cn/finalpage/2024-12-10/1221967577.PDF,1221967577,会计师事务所
002569,ST步森,ST步森：关于披露前期会计差错更正事项会计师事务所专项鉴证意见暨补充更正相关年度定期报告的提示性公告,2024-09-07,http://static.cninfo.com.cn/finalpage/2024-09-07/1221158954.PDF,1221158954,会计师事务所
002569,ST步森,ST步森：关于聘任2024年度审计机构的公告,2024-10-31,http://static.cninfo.com.cn/finalpage/2024-10-31/1221570487.PDF,1221570487,审计机构
002570,贝因美,贝因美：关于聘任会计师事务所的公告,2024-10-31,http://static.cninfo.com.cn/finalpage/2024-10-31/1221573604.PDF,1221573604,会计师事务所
002573,清新环境,清新环境：关于拟续聘会计师事务所的公告,2024-09-25,http://static.cninfo.com.cn/finalpage/2024-09-25/1221283745.PDF,1221283745,会计师事务所
002575,群兴玩具,群兴玩具：关于变更会计师事务所的公告,2024-12-16,http://static.cninfo.com.cn/finalpage/2024-12-16/1222017331.PDF,1222017331,会计师事务所
002578,闽发铝业,闽发铝业：会计师事务所选聘管理制度,2024-08-30,http://static.cninfo.com.cn/finalpage/2024-08-30/1221049502.PDF,1221049502,会计事务所
002578,闽发铝业,闽发铝业：关于续聘会计师事务所的公告,2024-10-26,http://static.cninfo.com.cn/finalpage/2024-10-26/1221523002.PDF,1221523002,会计师事务所
002581,未名医药,未名医药：关于续聘2024年度会计师事务所的公告,2024-10-30,http://static.cninfo.com.cn/finalpage/2024-10-30/1221557421.PDF,1221557421,会计师事务所
002583,海能达,海能达：关于续聘2024年度财务审计机构和内部控制审计机构的公告,2024-10-12,http://static.cninfo.com.cn/finalpage/2024-10-12/1221368944.PDF,1221368944,审计机构
002584,西陇科学,西陇科学：关于拟续聘会计师事务所的公告,2024-11-30,http://static.cninfo.com.cn/finalpage/2024-11-30/1221892215.PDF,1221892215,会计师事务所
002586,*ST围海,*ST围海：关于续聘会计师事务所的公告,2024-08-27,http://static.cninfo.com.cn/finalpage/2024-08-27/1220986630.PDF,1220986630,会计师事务所
002586,*ST围海,*ST围海：浙江省围海建设集团股份有限公司会计师事务所选聘制度修改对照表,2024-08-27,http://static.cninfo.com.cn/finalpage/2024-08-27/1220986640.PDF,1220986640,会计师事务所
002586,*ST围海,*ST围海：浙江省围海建设集团股份有限公司会计师事务所选聘制度（2024年8月）,2024-08-27,http://static.cninfo.com.cn/finalpage/2024-08-27/1220986625.PDF,1220986625,会计师事务所
002587,奥拓电子,奥拓电子：关于拟续聘会计师事务所的公告,2024-10-29,http://static.cninfo.com.cn/finalpage/2024-10-29/1221540564.PDF,1221540564,会计师事务所
002589,瑞康医药,瑞康医药：关于续聘会计师事务所的公告,2024-11-21,http://static.cninfo.com.cn/finalpage/2024-11-21/1221790547.PDF,1221790547,会计师事务所
002592,ST八菱,ST八菱：会计师事务所选聘制度(2024年修订）,2024-10-29,http://static.cninfo.com.cn/finalpage/2024-10-29/1221540959.PDF,1221540959,会计师事务所
002592,ST八菱,ST八菱：关于拟续聘会计师事务所的公告,2024-10-29,http://static.cninfo.com.cn/finalpage/2024-10-29/1221540952.PDF,1221540952,会计师事务所
002600,领益智造,领益智造：关于变更专项审计机构及相关事项的公告,2024-08-03,http://static.cninfo.com.cn/finalpage/2024-08-03/1220788438.PDF,1220788438,审计机构
002600,领益智造,领益智造：关于拟变更会计师事务所的公告,2024-10-31,http://static.cninfo.com.cn/finalpage/2024-10-31/1221574234.PDF,1221574234,会计师事务所
002601,龙佰集团,龙佰集团：关于续聘会计师事务所的公告,2024-10-29,http://static.cninfo.com.cn/finalpage/2024-10-29/1221540155.PDF,1221540155,会计师事务所
002602,ST华通,ST华通：关于拟变更会计师事务所的公告,2024-12-03,http://static.cninfo.com.cn/finalpage/2024-12-03/1221908835.PDF,1221908835,会计师事务所
002602,ST华通,ST华通：会计师事务所选聘制度（2024年12月）,2024-12-03,http://static.cninfo.com.cn/finalpage/2024-12-03/1221908837.PDF,1221908837,会计师事务所
002608,江苏国信,江苏国信：关于拟变更会计师事务所的公告,2024-11-30,http://static.cninfo.com.cn/finalpage/2024-11-30/1221891535.PDF,1221891535,会计师事务所
002614,奥佳华,奥佳华：会计师事务所选聘制度,2024-10-30,http://static.cninfo.com.cn/finalpage/2024-10-30/1221559970.PDF,1221559970,会计师事务所
002617,露笑科技,露笑科技：关于聘任2024年度审计机构的公告,2024-11-18,http://static.cninfo.com.cn/finalpage/2024-11-18/1221742000.PDF,1221742000,审计机构
002620,瑞和股份,瑞和股份：关于更换会计师事务所的公告,2024-08-31,http://static.cninfo.com.cn/finalpage/2024-08-31/1221085637.PDF,1221085637,会计师事务所
002620,瑞和股份,瑞和股份：关于更换会计师事务所的公告,2024-12-12,http://static.cninfo.com.cn/finalpage/2024-12-12/1221998615.PDF,1221998615,会计师事务所
002625,光启技术,光启技术：关于续聘会计师事务所的公告,2024-12-04,http://static.cninfo.com.cn/finalpage/2024-12-04/1221917341.PDF,1221917341,会计师事务所
002627,三峡旅游,三峡旅游：关于变更会计师事务所的公告,2024-10-21,http://static.cninfo.com.cn/finalpage/2024-10-21/1221432377.PDF,1221432377,会计师事务所
002628,成都路桥,成都路桥：会计师事务所选聘制度,2024-10-31,http://static.cninfo.com.cn/finalpage/2024-10-31/1221574318.PDF,1221574318,会计师事务所
002628,成都路桥,成都路桥：关于续聘2024年度审计机构的公告,2024-12-04,http://static.cninfo.com.cn/finalpage/2024-12-04/1221919625.PDF,1221919625,审计机构
002629,仁智股份,仁智股份：关于拟续聘2024年度审计机构的公告,2024-09-13,http://static.cninfo.com.cn/finalpage/2024-09-13/1221218834.PDF,1221218834,审计机构
002630,华西能源,华西能源：关于变更会计师事务所的公告,2024-12-11,http://static.cninfo.com.cn/finalpage/2024-12-11/1221981409.PDF,1221981409,会计师事务所
002635,安洁科技,安洁科技：关于聘任2024年度审计机构的公告,2024-09-19,http://static.cninfo.com.cn/finalpage/2024-09-19/1221232951.PDF,1221232951,审计机构
002639,雪人股份,雪人股份：关于拟聘任会计师事务所的公告,2024-12-06,http://static.cninfo.com.cn/finalpage/2024-12-06/1221939383.PDF,1221939383,会计师事务所
002642,荣联科技,荣联科技：关于拟续聘会计事务所的公告,2024-11-16,http://static.cninfo.com.cn/finalpage/2024-11-16/1221741163.PDF,1221741163,会计事务所
002644,佛慈制药,佛慈制药：关于聘任会计师事务所的公告,2024-12-31,http://static.cninfo.com.cn/finalpage/2024-12-31/1222179631.PDF,1222179631,会计师事务所
002649,博彦科技,博彦科技：会计师事务所选聘制度（2024年8月）,2024-08-30,http://static.cninfo.com.cn/finalpage/2024-08-30/1221051533.PDF,1221051533,会计师事务所
002649,博彦科技,博彦科技：关于续聘2024年度审计机构的公告,2024-08-30,http://static.cninfo.com.cn/finalpage/2024-08-30/1221051580.PDF,1221051580,审计机构
002654,万润科技,万润科技：会计师事务所选聘制度（2024年10月）,2024-10-31,http://static.cninfo.com.cn/finalpage/2024-10-31/1221576547.PDF,1221576547,会计师事务所
002654,万润科技,万润科技：关于续聘2024年度审计机构的公告,2024-10-31,http://static.cninfo.com.cn/finalpage/2024-10-31/1221576539.PDF,1221576539,审计机构
002655,共达电声,共达电声：共达电声股份有限公司关于变更签字注册会计师的公告,2024-11-01,http://static.cninfo.com.cn/finalpage/2024-11-01/1221586896.PDF,1221586896,会计师
002658,雪迪龙,雪迪龙：雪迪龙关于会计师事务所更名及变更项目质量控制复核人的公告,2024-12-05,http://static.cninfo.com.cn/finalpage/2024-12-05/1221925048.PDF,1221925048,会计师事务所
002659,凯文教育,凯文教育：关于聘任公司2024年度审计机构的公告,2024-12-12,http://static.cninfo.com.cn/finalpage/2024-12-12/1221996541.PDF,1221996541,审计机构
002666,德联集团,德联集团：关于聘任公司2024年度审计机构的公告,2024-11-27,http://static.cninfo.com.cn/finalpage/2024-11-27/1221853671.PDF,1221853671,审计机构
002667,威领股份,威领股份：申港证券股份有限公司关于威领新能源股份有限公司发行股份及支付现金购买资产并募集配套资金项目变更会计师事务所及签字注册会计师相关事项的专项说明,2024-07-18,http://static.cninfo.com.cn/finalpage/2024-07-18/1220662106.PDF,1220662106,会计师事务所
002667,威领股份,威领股份：关于变更专项审计机构及相关事项的公告,2024-07-18,http://static.cninfo.com.cn/finalpage/2024-07-18/1220662110.PDF,1220662110,审计机构
002668,TCL智家,TCL智家：关于拟变更会计师事务所的公告,2024-10-30,http://static.cninfo.com.cn/finalpage/2024-10-30/1221559096.PDF,1221559096,会计师事务所
002668,TCL智家,TCL智家：会计师事务所选聘制度,2024-10-30,http://static.cninfo.com.cn/finalpage/2024-10-30/1221560029.PDF,1221560029,会计师事务所
002670,国盛金控,国盛金控：关于变更会计师事务所的公告,2024-09-28,http://static.cninfo.com.cn/finalpage/2024-09-28/1221314616.PDF,1221314616,会计师事务所
002670,国盛金控,国盛金控：选聘会计师事务所管理办法,2024-12-07,http://static.cninfo.com.cn/finalpage/2024-12-07/1221955898.PDF,1221955898,会计师事务所
002671,龙泉股份,龙泉股份：关于续聘2024年度审计机构的公告,2024-08-30,http://static.cninfo.com.cn/finalpage/2024-08-30/1221050860.PDF,1221050860,审计机构
002675,东诚药业,东诚药业：关于变更会计师事务所的公告,2024-12-13,http://static.cninfo.com.cn/finalpage/2024-12-13/1222004687.PDF,1222004687,会计师事务所
002678,珠江钢琴,珠江钢琴：关于续聘会计师事务所的公告,2024-08-31,http://static.cninfo.com.cn/finalpage/2024-08-31/1221079278.PDF,1221079278,会计师事务所
002681,奋达科技,奋达科技：关于续聘会计师事务所的公告,2024-10-31,http://static.cninfo.com.cn/finalpage/2024-10-31/1221570131.PDF,1221570131,会计事务所
002682,龙洲股份,龙洲股份：关于拟变更会计师事务所的公告,2024-10-12,http://static.cninfo.com.cn/finalpage/2024-10-12/1221368678.PDF,1221368678,会计师事务所
002683,广东宏大,广东宏大：关于拟续聘2024年度审计机构的公告,2024-10-24,http://static.cninfo.com.cn/finalpage/2024-10-24/1221489531.PDF,1221489531,审计机构
002688,金河生物,金河生物：关于续聘会计师事务所的公告,2024-09-24,http://static.cninfo.com.cn/finalpage/2024-09-24/1221275362.PDF,1221275362,会计师事务所
002689,远大智能,远大智能：董事会审计委员会关于公司续聘2024年度审计机构的履职情况说明,2024-08-28,http://static.cninfo.com.cn/finalpage/2024-08-28/1221005675.PDF,1221005675,审计机构
002689,远大智能,远大智能：关于拟续聘2024年度审计机构的公告,2024-08-28,http://static.cninfo.com.cn/finalpage/2024-08-28/1221005676.PDF,1221005676,审计机构
002689,远大智能,远大智能：关于变更签字注册会计师的公告,2024-12-28,http://static.cninfo.com.cn/finalpage/2024-12-28/1222162896.PDF,1222162896,会计师
002690,美亚光电,美亚光电：关于变更会计师事务所的公告,2024-08-22,http://static.cninfo.com.cn/finalpage/2024-08-22/1220937429.PDF,1220937429,会计师事务所
002692,远程股份,远程股份：中兴华会计师事务所关于远程电缆股份有限公司最近一年的财务报告及其审计报告以及最近一期的财务报告,2024-10-26,http://static.cninfo.com.cn/finalpage/2024-10-26/1221521343.PDF,1221521343,会计师事务所
002694,顾地科技,顾地科技：关于拟变更会计师事务所的公告,2024-08-29,http://static.cninfo.com.cn/finalpage/2024-08-29/1221029968.PDF,1221029968,会计师事务所
002696,百洋股份,百洋股份：8-5-1会计师事务所选聘管理实施办法（2024年7月）,2024-07-06,http://static.cninfo.com.cn/finalpage/2024-07-06/1220540178.PDF,1220540178,会计师事务所
002697,红旗连锁,红旗连锁：关于变更签字注册会计师的公告,2024-12-21,http://static.cninfo.com.cn/finalpage/2024-12-21/1222088781.PDF,1222088781,会计师
002700,ST浩源,ST浩源：新疆浩源天然气股份有限公司会计师事务所选聘管理办法,2024-08-28,http://static.cninfo.com.cn/finalpage/2024-08-28/1221006941.PDF,1221006941,会计师事务所
002700,ST浩源,ST浩源：公司关于拟变更会计师事务所的公告,2024-11-26,http://static.cninfo.com.cn/finalpage/2024-11-26/1221834495.PDF,1221834495,会计师事务所
002702,海欣食品,海欣食品：关于拟变更会计师事务所的公告,2024-11-19,http://static.cninfo.com.cn/finalpage/2024-11-19/1221766985.PDF,1221766985,会计师事务所
002703,浙江世宝,浙江世宝：关于变更签字注册会计师的公告,2024-10-29,http://static.cninfo.com.cn/finalpage/2024-10-29/1221539560.PDF,1221539560,签字注册会计师
002705,新宝股份,新宝股份：关于拟变更会计师事务所的公告,2024-10-29,http://static.cninfo.com.cn/finalpage/2024-10-29/1221541328.PDF,1221541328,会计师事务所
002712,思美传媒,思美传媒：思美传媒股份有限公司选聘会计师事务所制度,2024-08-24,http://static.cninfo.com.cn/finalpage/2024-08-24/1220961991.PDF,1220961991,会计师事务所
002712,思美传媒,思美传媒：思美传媒股份有限公司关于续聘会计师事务所的公告,2024-12-12,http://static.cninfo.com.cn/finalpage/2024-12-12/1221998167.PDF,1221998167,会计师事务所
002713,东易日盛,东易日盛：关于变更会计师事务所的公告,2024-12-20,http://static.cninfo.com.cn/finalpage/2024-12-20/1222077651.PDF,1222077651,会计师事务所
002716,湖南白银,湖南白银：关于续聘天健会计师事务所（特殊普通合伙）为公司2024年度审计机构的公告,2024-08-28,http://static.cninfo.com.cn/finalpage/2024-08-28/1221007307.PDF,1221007307,会计师事务所
002717,岭南股份,岭南股份：关于聘任公司2024年度会计师事务所的公告,2024-12-14,http://static.cninfo.com.cn/finalpage/2024-12-14/1222017657.PDF,1222017657,会计师事务所
002719,麦趣尔,麦趣尔：关于续聘2024年度审计机构的公告,2024-08-27,http://static.cninfo.com.cn/finalpage/2024-08-27/1220986732.PDF,1220986732,审计机构
002721,ST金一,ST金一：关于拟续聘会计师事务所的公告,2024-10-31,http://static.cninfo.com.cn/finalpage/2024-10-31/1221572168.PDF,1221572168,会计师事务所
002722,物产金轮,物产金轮：关于变更会计师事务所的公告,2024-10-11,http://static.cninfo.com.cn/finalpage/2024-10-11/1221360016.PDF,1221360016,会计师事务所
002722,物产金轮,物产金轮：关于变更签字会计师的公告,2024-11-19,http://static.cninfo.com.cn/finalpage/2024-11-19/1221766675.PDF,1221766675,会计师
002723,小崧股份,小崧股份：关于续聘公司2024年度审计机构的公告,2024-12-03,http://static.cninfo.com.cn/finalpage/2024-12-03/1221909820.PDF,1221909820,审计机构
002727,一心堂,一心堂：关于聘任内部审计机构负责人的公告,2024-10-12,http://static.cninfo.com.cn/finalpage/2024-10-12/1221368276.PDF,1221368276,审计机构
002727,一心堂,一心堂：关于续聘任会计师事务所的公告,2024-11-27,http://static.cninfo.com.cn/finalpage/2024-11-27/1221855248.PDF,1221855248,会计师事务所
002728,特一药业,特一药业：关于拟续聘会计师事务所的公告,2024-12-03,http://static.cninfo.com.cn/finalpage/2024-12-03/1221908790.PDF,1221908790,会计师事务所
002731,萃华珠宝,萃华珠宝：关于续聘2024年度审计机构的公告,2024-12-12,http://static.cninfo.com.cn/finalpage/2024-12-12/1221996507.PDF,1221996507,审计机构
002732,燕塘乳业,燕塘乳业：关于拟聘请会计师事务所的公告,2024-07-31,http://static.cninfo.com.cn/finalpage/2024-07-31/1220755568.PDF,1220755568,会计师事务所
002736,国信证券,国信证券：董事会审计委员会2023年度对会计师事务所履职情况的评估报告,2024-12-07,http://static.cninfo.com.cn/finalpage/2024-12-07/1221958878.PDF,1221958878,会计师事务所
002736,国信证券,国信证券：拟变更会计师事务所的公告,2024-12-07,http://static.cninfo.com.cn/finalpage/2024-12-07/1221958884.PDF,1221958884,会计师事务所
002736,国信证券,国信证券：董事会审计委员会2023年度对会计师事务所履行监督职责的情况报告,2024-12-07,http://static.cninfo.com.cn/finalpage/2024-12-07/1221958873.PDF,1221958873,会计师事务所
002736,国信证券,国信证券：平安证券股份有限公司关于国信证券股份有限公司变更会计师事务所的临时受托管理事务报告,2024-12-30,http://static.cninfo.com.cn/finalpage/2024-12-30/1222180548.PDF,1222180548,会计师事务所
002736,国信证券,国信证券：中信证券股份有限公司关于国信证券股份有限公司变更会计师事务所的临时受托管理事务报告,2024-12-31,http://static.cninfo.com.cn/finalpage/2024-12-31/1222189080.PDF,1222189080,会计师事务所
002736,国信证券,国信证券：国泰君安证券股份有限公司关于国信证券股份有限公司变更会计师事务所的临时受托管理事务报告,2024-12-31,http://static.cninfo.com.cn/finalpage/2024-12-31/1222189079.PDF,1222189079,会计师事务所
002748,ST世龙,ST世龙：关于聘任2024年度审计机构的公告,2024-08-29,http://static.cninfo.com.cn/finalpage/2024-08-29/1221024567.PDF,1221024567,审计机构
002748,ST世龙,ST世龙：关于审计机构变更签字注册会计师的公告,2024-12-19,http://static.cninfo.com.cn/finalpage/2024-12-19/1222065224.PDF,1222065224,会计师
002750,*ST龙津,*ST龙津：关于拟续聘会计师事务所的公告,2024-12-11,http://static.cninfo.com.cn/finalpage/2024-12-11/1221978903.PDF,1221978903,会计师事务所
002753,永东股份,永东股份：关于拟续聘会计师事务所的公告,2024-11-20,http://static.cninfo.com.cn/finalpage/2024-11-20/1221777689.PDF,1221777689,会计师事务所
002757,南兴股份,南兴股份：关于聘任公司2024年度审计机构的公告,2024-10-31,http://static.cninfo.com.cn/finalpage/2024-10-31/1221573368.PDF,1221573368,审计机构
002758,浙农股份,浙农股份：关于变更会计师事务所的公告,2024-10-26,http://static.cninfo.com.cn/finalpage/2024-10-26/1221525855.PDF,1221525855,会计师事务所
002759,天际股份,天际股份：会计师事务所选聘制度,2024-08-13,http://static.cninfo.com.cn/finalpage/2024-08-13/1220847977.PDF,1220847977,会计师事务所
002759,天际股份,天际股份：关于聘任信永中和会计师事务所（特殊普通合伙）为公司2024年度审计机构的公告,2024-09-24,http://static.cninfo.com.cn/finalpage/2024-09-24/1221275356.PDF,1221275356,会计师事务所
002761,浙江建投,浙江建投：关于变更会计师事务所的公告,2024-12-12,http://static.cninfo.com.cn/finalpage/2024-12-12/1221999274.PDF,1221999274,会计师事务所
002761,浙江建投,浙江建投：中国国际金融股份有限公司关于浙江省建设投资集团股份有限公司变更会计师事务所的临时受托管理事务报告,2024-12-18,http://static.cninfo.com.cn/finalpage/2024-12-18/1222064297.PDF,1222064297,会计师事务所
002761,浙江建投,浙江建投：招商证券股份有限公司关于浙江省建设投资集团股份有限公司变更会计师事务所的临时受托管理事务报告,2024-12-18,http://static.cninfo.com.cn/finalpage/2024-12-18/1222064299.PDF,1222064299,会计师事务所
002766,索菱股份,索菱股份：关于拟续聘会计师事务所的公告,2024-09-27,http://static.cninfo.com.cn/finalpage/2024-09-27/1221304871.PDF,1221304871,会计师事务所
002767,先锋电子,先锋电子：杭州先锋电子技术股份有限公司会计师事务所选聘制度,2024-07-24,http://static.cninfo.com.cn/finalpage/2024-07-24/1220711201.PDF,1220711201,会计师事务所
002772,众兴菌业,众兴菌业：关于会计师事务所变更项目质量控制复核人的公告,2024-12-27,http://static.cninfo.com.cn/finalpage/2024-12-27/1222155485.PDF,1222155485,会计师事务所
002774,快意电梯,快意电梯：关于拟续聘2024年度审计机构的公告,2024-07-10,http://static.cninfo.com.cn/finalpage/2024-07-10/1220588832.PDF,1220588832,审计机构
002775,文科股份,文科股份：关于续聘会计师事务所的公告,2024-10-30,http://static.cninfo.com.cn/finalpage/2024-10-30/1221559795.PDF,1221559795,会计师事务所
002777,久远银海,久远银海：选聘会计师事务所管理办法,2024-08-05,http://static.cninfo.com.cn/finalpage/2024-08-05/1220786714.PDF,1220786714,会计师事务所
002777,久远银海,久远银海：关于聘任2024年度审计机构的公告,2024-11-20,http://static.cninfo.com.cn/finalpage/2024-11-20/1221777355.PDF,1221777355,审计机构
002780,三夫户外,三夫户外：关于拟续聘会计师事务所的公告,2024-12-19,http://static.cninfo.com.cn/finalpage/2024-12-19/1222065740.PDF,1222065740,会计师事务所
002783,凯龙股份,凯龙股份：关于拟变更会计师事务所的公告,2024-10-19,http://static.cninfo.com.cn/finalpage/2024-10-19/1221432372.PDF,1221432372,会计师事务所
002783,凯龙股份,凯龙股份：关于聘任2024年度内部控制审计机构的公告,2024-12-10,http://static.cninfo.com.cn/finalpage/2024-12-10/1221966542.PDF,1221966542,审计机构
002785,万里石,万里石：政旦志远（深圳）会计师事务所关于万锂（厦门）新能源资源有限公司审计报告,2024-10-11,http://static.cninfo.com.cn/finalpage/2024-10-11/1221358107.PDF,1221358107,会计师事务所
002785,万里石,万里石：关于变更公司2024年度财务审计机构及内部控制审计机构的公告,2024-12-06,http://static.cninfo.com.cn/finalpage/2024-12-06/1221940470.PDF,1221940470,审计机构
002786,银宝山新,银宝山新：鹏盛会计师事务所（特殊普通合伙）关于惠州市银宝山新实业有限公司审计报告,2024-08-08,http://static.cninfo.com.cn/finalpage/2024-08-08/1220815011.PDF,1220815011,会计师事务所
002786,银宝山新,银宝山新：关于拟变更会计师事务所的公告,2024-11-20,http://static.cninfo.com.cn/finalpage/2024-11-20/1221776220.PDF,1221776220,会计师事务所
002789,建艺集团,建艺集团：关于拟聘任2024年度会计师事务所的公告,2024-11-27,http://static.cninfo.com.cn/finalpage/2024-11-27/1221855142.PDF,1221855142,会计师事务所
002791,坚朗五金,坚朗五金：会计师事务所选聘制度,2024-10-30,http://static.cninfo.com.cn/finalpage/2024-10-30/1221557255.PDF,1221557255,会计师事务所
002791,坚朗五金,坚朗五金：关于聘任2024年度审计机构的公告,2024-10-30,http://static.cninfo.com.cn/finalpage/2024-10-30/1221557951.PDF,1221557951,审计机构
002792,通宇通讯,通宇通讯：关于拟变更会计师事务所的公告,2024-10-30,http://static.cninfo.com.cn/finalpage/2024-10-30/1221560373.PDF,1221560373,会计事务所
002793,罗欣药业,罗欣药业：关于变更签字注册会计师的公告,2024-11-27,http://static.cninfo.com.cn/finalpage/2024-11-27/1221853244.PDF,1221853244,会计师
002795,永和智控,永和智控：会计师事务所选聘制度（2024年12月制订）,2024-12-12,http://static.cninfo.com.cn/finalpage/2024-12-12/1221999214.PDF,1221999214,会计师事务所
002795,永和智控,永和智控：关于续聘公司2024年度审计机构的公告,2024-12-12,http://static.cninfo.com.cn/finalpage/2024-12-12/1221999220.PDF,1221999220,审计机构
002796,世嘉科技,世嘉科技：关于变更签字注册会计师的公告,2024-11-09,http://static.cninfo.com.cn/finalpage/2024-11-09/1221660406.PDF,1221660406,会计师
002798,帝欧家居,帝欧家居：关于续聘会计师事务所的公告,2024-08-24,http://static.cninfo.com.cn/finalpage/2024-08-24/1220962297.PDF,1220962297,会计师事务所
002798,帝欧家居,帝欧家居：关于变更签字注册会计师的公告,2024-12-21,http://static.cninfo.com.cn/finalpage/2024-12-21/1222090377.PDF,1222090377,会计师
002799,环球印务,环球印务：关于续聘2024年度审计及内控审计机构的公告,2024-10-09,http://static.cninfo.com.cn/finalpage/2024-10-09/1221343109.PDF,1221343109,审计机构
002800,天顺股份,天顺股份：关于续聘会计师事务所的公告,2024-12-05,http://static.cninfo.com.cn/finalpage/2024-12-05/1221927447.PDF,1221927447,会计师事务所
002806,华锋股份,华锋股份：关于聘任会计师事务所的公告,2024-10-15,http://static.cninfo.com.cn/finalpage/2024-10-15/1221382635.PDF,1221382635,会计师事务所
002809,红墙股份,红墙股份：关于续聘2024年度审计机构的公告,2024-10-25,http://static.cninfo.com.cn/finalpage/2024-10-25/1221504551.PDF,1221504551,审计机构
002812,恩捷股份,恩捷股份：选聘会计师事务所管理办法,2024-10-17,http://static.cninfo.com.cn/finalpage/2024-10-17/1221407430.PDF,1221407430,会计师事务所
002812,恩捷股份,恩捷股份：关于拟变更会计师事务所的公告,2024-10-30,http://static.cninfo.com.cn/finalpage/2024-10-30/1221560363.PDF,1221560363,会计师事务所
002813,路畅科技,路畅科技：关于续聘会计师事务所的公告,2024-08-27,http://static.cninfo.com.cn/finalpage/2024-08-27/1220987954.PDF,1220987954,会计师事务所
002815,崇达技术,崇达技术：关于续聘2024年度审计机构的公告,2024-09-14,http://static.cninfo.com.cn/finalpage/2024-09-14/1221220930.PDF,1221220930,审计机构
002816,*ST和科,*ST和科：关于拟续聘会计师事务所的公告,2024-08-28,http://static.cninfo.com.cn/finalpage/2024-08-28/1221003313.PDF,1221003313,会计师事务所
002817,黄山胶囊,黄山胶囊：关于聘任2024年度会计师事务所的公告,2024-11-30,http://static.cninfo.com.cn/finalpage/2024-11-30/1221892370.PDF,1221892370,会计师事务所
002819,东方中科,东方中科：关于续聘会计师事务所的公告,2024-10-29,http://static.cninfo.com.cn/finalpage/2024-10-29/1221542665.PDF,1221542665,会计师事务所
002820,桂发祥,桂发祥：关于审计机构变更项目签字合伙人的公告,2024-10-11,http://static.cninfo.com.cn/finalpage/2024-10-11/1221358758.PDF,1221358758,审计机构
002823,凯中精密,凯中精密：会计师事务所选聘制度（2024年8月）,2024-08-29,http://static.cninfo.com.cn/finalpage/2024-08-29/1221029932.PDF,1221029932,会计师事务所
002823,凯中精密,凯中精密：关于变更会计师事务所的公告,2024-10-08,http://static.cninfo.com.cn/finalpage/2024-10-08/1221332610.PDF,1221332610,会计师事务所
002827,高争民爆,高争民爆：关于续聘2024年审计机构的公告,2024-10-22,http://static.cninfo.com.cn/finalpage/2024-10-22/1221450738.PDF,1221450738,审计机构
002836,新宏泽,新宏泽：关于变更会计师事务所的公告,2024-08-21,http://static.cninfo.com.cn/finalpage/2024-08-21/1220924491.PDF,1220924491,会计师事务所
002837,英维克,英维克：关于拟续聘会计师事务所的公告,2024-11-20,http://static.cninfo.com.cn/finalpage/2024-11-20/1221776306.PDF,1221776306,会计师事务所
002840,华统股份,华统股份：关于变更内部审计机构负责人的公告,2024-08-29,http://static.cninfo.com.cn/finalpage/2024-08-29/1221032533.PDF,1221032533,审计机构
002840,华统股份,华统股份：关于续聘2024年度审计机构的公告,2024-12-17,http://static.cninfo.com.cn/finalpage/2024-12-17/1222037297.PDF,1222037297,审计机构
002845,同兴达,同兴达：深圳同兴达科技股份有限公司关于拟变更会计师事务所的公告,2024-11-16,http://static.cninfo.com.cn/finalpage/2024-11-16/1221740518.PDF,1221740518,会计师事务所
002845,同兴达,同兴达：深圳同兴达科技股份有限公司关于拟变更会计师事务所的公告 （更正后）,2024-11-19,http://static.cninfo.com.cn/finalpage/2024-11-19/1221767264.PDF,1221767264,会计师事务所
002846,英联股份,英联股份：关于聘任2024年度审计机构的公告,2024-10-31,http://static.cninfo.com.cn/finalpage/2024-10-31/1221571452.PDF,1221571452,审计机构
002850,科达利,科达利：关于聘任会计师事务所的公告,2024-08-17,http://static.cninfo.com.cn/finalpage/2024-08-17/1220892394.PDF,1220892394,会计师事务所
002852,道道全,道道全：关于拟变更会计师事务所的公告,2024-11-12,http://static.cninfo.com.cn/finalpage/2024-11-12/1221685380.PDF,1221685380,会计师事务所
002853,皮阿诺,皮阿诺：关于聘任2024年度审计机构的公告,2024-10-15,http://static.cninfo.com.cn/finalpage/2024-10-15/1221385341.PDF,1221385341,审计机构
002855,捷荣技术,捷荣技术：关于聘任公司2024年度审计机构的公告,2024-11-02,http://static.cninfo.com.cn/finalpage/2024-11-02/1221605020.PDF,1221605020,审计机构
002861,瀛通通讯,瀛通通讯：关于续聘会计师事务所的公告,2024-10-28,http://static.cninfo.com.cn/finalpage/2024-10-28/1221525796.PDF,1221525796,会计师事务所
002866,传艺科技,传艺科技：会计师事务所选聘制度（2024年8月）,2024-08-31,http://static.cninfo.com.cn/finalpage/2024-08-31/1221083925.PDF,1221083925,会计师事务所
002866,传艺科技,传艺科技：关于续聘公司2024年度审计机构的公告,2024-08-31,http://static.cninfo.com.cn/finalpage/2024-08-31/1221080178.PDF,1221080178,审计机构
002868,绿康生化,绿康生化：关于拟续聘2024年度审计机构的公告,2024-08-09,http://static.cninfo.com.cn/finalpage/2024-08-09/1220824949.PDF,1220824949,审计机构
002870,香山股份,香山股份：广东香山衡器集团股份有限公司会计师事务所选聘制度,2024-08-22,http://static.cninfo.com.cn/finalpage/2024-08-22/1220936104.PDF,1220936104,会计师事务所
002870,香山股份,香山股份：关于续聘会计师事务所的公告,2024-10-10,http://static.cninfo.com.cn/finalpage/2024-10-10/1221355970.PDF,1221355970,会计师事务所
002871,伟隆股份,伟隆股份：关于变更签字注册会计师的公告,2024-10-10,http://static.cninfo.com.cn/finalpage/2024-10-10/1221354936.PDF,1221354936,会计师
002875,安奈儿,安奈儿：关于拟续聘会计师事务所的公告,2024-10-29,http://static.cninfo.com.cn/finalpage/2024-10-29/1221542496.PDF,1221542496,会计师事务所
002880,卫光生物,卫光生物：关于续聘2024年度审计机构的公告,2024-11-27,http://static.cninfo.com.cn/finalpage/2024-11-27/1221854050.PDF,1221854050,审计机构
002881,美格智能,美格智能：关于聘任2024年度审计机构的公告,2024-10-29,http://static.cninfo.com.cn/finalpage/2024-10-29/1221539510.PDF,1221539510,审计机构
002884,凌霄泵业,凌霄泵业：关于变更注册会计师的公告,2024-12-25,http://static.cninfo.com.cn/finalpage/2024-12-25/1222138625.PDF,1222138625,会计师
002885,京泉华,京泉华：会计师事务所选聘制度,2024-10-26,http://static.cninfo.com.cn/finalpage/2024-10-26/1221522783.PDF,1221522783,会计师事务所
002885,京泉华,京泉华：关于续聘2024年度审计机构的公告,2024-11-19,http://static.cninfo.com.cn/finalpage/2024-11-19/1221767032.PDF,1221767032,审计机构
002887,绿茵生态,绿茵生态：关于续聘2024年度审计机构的公告,2024-12-14,http://static.cninfo.com.cn/finalpage/2024-12-14/1222014604.PDF,1222014604,审计机构
002888,惠威科技,惠威科技：关于续聘2024年度审计机构的公告,2024-07-26,http://static.cninfo.com.cn/finalpage/2024-07-26/1220731677.PDF,1220731677,审计机构
002888,惠威科技,惠威科技：关于变更2024年度审计机构的公告,2024-11-30,http://static.cninfo.com.cn/finalpage/2024-11-30/1221892587.PDF,1221892587,审计机构
002893,京能热力,京能热力：关于拟变更会计师事务所的公告,2024-12-14,http://static.cninfo.com.cn/finalpage/2024-12-14/1222017282.PDF,1222017282,会计师事务所
002895,川恒股份,川恒股份：拟续聘2024年度会计师事务所的公告,2024-08-29,http://static.cninfo.com.cn/finalpage/2024-08-29/1221026089.PDF,1221026089,会计师事务所
002898,赛隆药业,赛隆药业：关于续聘公司2024年度审计机构的公告,2024-08-29,http://static.cninfo.com.cn/finalpage/2024-08-29/1221024259.PDF,1221024259,审计机构
002898,赛隆药业,赛隆药业：关于变更签字注册会计师的公告,2024-12-20,http://static.cninfo.com.cn/finalpage/2024-12-20/1222075187.PDF,1222075187,会计师
002902,铭普光磁,铭普光磁：关于拟续聘会计师事务所的公告,2024-09-26,http://static.cninfo.com.cn/finalpage/2024-09-26/1221292020.PDF,1221292020,会计师事务所
002906,华阳集团,华阳集团：关于变更审计项目合伙人及签字注册会计师的公告,2024-10-29,http://static.cninfo.com.cn/finalpage/2024-10-29/1221541044.PDF,1221541044,会计师
002907,华森制药,华森制药：关于公司续聘2024年度会计师事务所的公告,2024-12-06,http://static.cninfo.com.cn/finalpage/2024-12-06/1221939462.PDF,1221939462,会计师事务所
002907,华森制药,华森制药：重庆华森制药股份有限公司会计师事务所选聘制度,2024-12-06,http://static.cninfo.com.cn/finalpage/2024-12-06/1221939460.PDF,1221939460,会计师事务所
002911,佛燃能源,佛燃能源：会计师事务所选聘制度,2024-08-09,http://static.cninfo.com.cn/finalpage/2024-08-09/1220822630.PDF,1220822630,会计师事务所
002911,佛燃能源,佛燃能源：关于续聘公司审计机构的公告,2024-08-09,http://static.cninfo.com.cn/finalpage/2024-08-09/1220822628.PDF,1220822628,审计机构
002913,奥士康,奥士康：关于聘任会计师事务所的公告,2024-12-12,http://static.cninfo.com.cn/finalpage/2024-12-12/1221998719.PDF,1221998719,会计师事务所
002916,深南电路,深南电路：关于变更会计师事务所的公告,2024-10-29,http://static.cninfo.com.cn/finalpage/2024-10-29/1221541079.PDF,1221541079,会计师事务
002917,金奥博,金奥博：关于续聘2024年度会计师事务所的公告,2024-10-29,http://static.cninfo.com.cn/finalpage/2024-10-29/1221541726.PDF,1221541726,会计师事务所
002918,蒙娜丽莎,蒙娜丽莎：关于变更签字注册会计师的公告,2024-11-01,http://static.cninfo.com.cn/finalpage/2024-11-01/1221588437.PDF,1221588437,会计师
002920,德赛西威,德赛西威：关于公司拟续聘会计师事务所的公告,2024-08-21,http://static.cninfo.com.cn/finalpage/2024-08-21/1220926739.PDF,1220926739,会计师事务所
002923,润都股份,润都股份：关于聘任2024年度审计机构的公告,2024-12-04,http://static.cninfo.com.cn/finalpage/2024-12-04/1221919794.PDF,1221919794,审计机构
002926,华西证券,华西证券：关于拟变更会计师事务所的公告,2024-12-11,http://static.cninfo.com.cn/finalpage/2024-12-11/1221981756.PDF,1221981756,会计师事务所
002927,泰永长征,泰永长征：关于拟聘任2024年度会计师事务所的公告,2024-10-30,http://static.cninfo.com.cn/finalpage/2024-10-30/1221558109.PDF,1221558109,会计师事务所
002929,润建股份,润建股份：关于拟聘任会计师事务所的公告,2024-12-10,http://static.cninfo.com.cn/finalpage/2024-12-10/1221967774.PDF,1221967774,会计师事务所
002930,宏川智慧,宏川智慧：关于续聘2024年度审计机构的公告,2024-10-29,http://static.cninfo.com.cn/finalpage/2024-10-29/1221542335.PDF,1221542335,审计机构
002931,锋龙股份,锋龙股份：会计师事务所选聘制度,2024-08-31,http://static.cninfo.com.cn/finalpage/2024-08-31/1221079411.PDF,1221079411,会计师事务所
002931,锋龙股份,锋龙股份：关于续聘公司2024年度审计机构的公告,2024-08-31,http://static.cninfo.com.cn/finalpage/2024-08-31/1221079403.PDF,1221079403,审计机构
002933,新兴装备,新兴装备：关于聘任会计师事务所的公告,2024-11-12,http://static.cninfo.com.cn/finalpage/2024-11-12/1221686438.PDF,1221686438,会计师事务所
002935,天奥电子,天奥电子：拟续聘会计师事务所的公告,2024-11-16,http://static.cninfo.com.cn/finalpage/2024-11-16/1221743058.PDF,1221743058,会计师事务所
002936,郑州银行,郑州银行：郑州银行股份有限公司关于拟变更会计师事务所的公告,2024-11-28,http://static.cninfo.com.cn/finalpage/2024-11-28/1221867373.PDF,1221867373,会计师事务所
002939,长城证券,长城证券：关于拟续聘会计师事务所的公告,2024-09-03,http://static.cninfo.com.cn/finalpage/2024-09-03/1221112936.PDF,1221112936,会计师事务所
002941,新疆交建,新疆交建：关于拟变更会计师事务所的公告,2024-11-26,http://static.cninfo.com.cn/finalpage/2024-11-26/1221836585.PDF,1221836585,会计师事务所
002942,新农股份,新农股份：会计师事务所选聘制度,2024-08-28,http://static.cninfo.com.cn/finalpage/2024-08-28/1221002331.PDF,1221002331,会计师事务所
002945,华林证券,华林证券：关于变更会计师事务所的公告,2024-08-31,http://static.cninfo.com.cn/finalpage/2024-08-31/1221082839.PDF,1221082839,会计师事务所
002946,新乳业,新乳业：关于审计机构变更项目质量控制复核人的公告,2024-11-20,http://static.cninfo.com.cn/finalpage/2024-11-20/1221776085.PDF,1221776085,审计机构
002949,华阳国际,华阳国际：会计师事务所选聘制度,2024-08-30,http://static.cninfo.com.cn/finalpage/2024-08-30/1221049131.PDF,1221049131,会计师事务所
002949,华阳国际,华阳国际：关于公司续聘2024年度会计师事务所的公告,2024-09-07,http://static.cninfo.com.cn/finalpage/2024-09-07/1221160265.PDF,1221160265,会计师事务所
002951,*ST金时,*ST金时：关于年度审计机构变更项目质量复核人员的公告,2024-12-30,http://static.cninfo.com.cn/finalpage/2024-12-30/1222166383.PDF,1222166383,审计机构
002953,日丰股份,日丰股份：广东日丰电缆股份有限公司对会计师事务所履职情况的评估报告,2024-07-31,http://static.cninfo.com.cn/finalpage/2024-07-31/1220754402.PDF,1220754402,会计师事务所
002953,日丰股份,日丰股份：关于续聘2024年审计机构的公告,2024-07-31,http://static.cninfo.com.cn/finalpage/2024-07-31/1220754403.PDF,1220754403,审计机构
002955,鸿合科技,鸿合科技：关于聘任2024年度审计机构的公告,2024-10-08,http://static.cninfo.com.cn/finalpage/2024-10-08/1221331071.PDF,1221331071,审计机构
002956,西麦食品,西麦食品：关于拟续聘会计师事务所的公告,2024-12-07,http://static.cninfo.com.cn/finalpage/2024-12-07/1221958013.PDF,1221958013,会计师事务所
002958,青农商行,青农商行：关于拟变更会计师事务所的公告,2024-09-12,http://static.cninfo.com.cn/finalpage/2024-09-12/1221203882.PDF,1221203882,会计师事务所
002960,青鸟消防,青鸟消防：关于聘任会计师事务所的公告,2024-11-30,http://static.cninfo.com.cn/finalpage/2024-11-30/1221891623.PDF,1221891623,会计师事务所
002961,瑞达期货,瑞达期货：关于聘任2024年度审计机构的公告,2024-12-28,http://static.cninfo.com.cn/finalpage/2024-12-28/1222167297.PDF,1222167297,审计机构
002963,豪尔赛,豪尔赛：关于变更会计师事务所的公告,2024-12-03,http://static.cninfo.com.cn/finalpage/2024-12-03/1221909802.PDF,1221909802,会计师事务所
002965,祥鑫科技,祥鑫科技：关于变更签字注册会计师的公告,2024-12-06,http://static.cninfo.com.cn/finalpage/2024-12-06/1221938786.PDF,1221938786,会计师
002966,苏州银行,苏州银行：关于变更会计师事务所的公告,2024-08-31,http://static.cninfo.com.cn/finalpage/2024-08-31/1221076074.PDF,1221076074,会计师事务所
002970,锐明技术,锐明技术：会计师事务所选聘制度,2024-10-23,http://static.cninfo.com.cn/finalpage/2024-10-23/1221475266.PDF,1221475266,会计师事务所
002970,锐明技术,锐明技术：关于续聘会计师事务所的公告,2024-12-11,http://static.cninfo.com.cn/finalpage/2024-12-11/1221981460.PDF,1221981460,会计师事务所
002972,科安达,科安达：关于变更签字注册会计师的公告,2024-12-11,http://static.cninfo.com.cn/finalpage/2024-12-11/1221982575.PDF,1221982575,会计师
002976,瑞玛精密,瑞玛精密：关于变更签字注册会计师及质量控制复核人的公告,2024-12-27,http://static.cninfo.com.cn/finalpage/2024-12-27/1222155046.PDF,1222155046,会计师
002980,华盛昌,华盛昌：会计师事务所选聘制度,2024-12-07,http://static.cninfo.com.cn/finalpage/2024-12-07/1221956251.PDF,1221956251,会计师事务所
002981,朝阳科技,朝阳科技：关于续聘2024年度会计师事务所的公告,2024-08-31,http://static.cninfo.com.cn/finalpage/2024-08-31/1221091520.PDF,1221091520,会计师事务所
002983,芯瑞达,芯瑞达：关于拟续聘会计师事务所的公告,2024-08-29,http://static.cninfo.com.cn/finalpage/2024-08-29/1221033544.PDF,1221033544,会计师事务所
002983,芯瑞达,芯瑞达：关于变更签字注册会计师的公告,2024-12-17,http://static.cninfo.com.cn/finalpage/2024-12-17/1222036447.PDF,1222036447,会计师
002984,森麒麟,森麒麟：关于续聘公司2024年度会计师事务所的公告,2024-12-12,http://static.cninfo.com.cn/finalpage/2024-12-12/1221998180.PDF,1221998180,会计师事务所
002987,京北方,京北方：关于变更会计师事务所的公告,2024-10-29,http://static.cninfo.com.cn/finalpage/2024-10-29/1221542254.PDF,1221542254,会计师事务所
002989,中天精装,中天精装：深圳中天精装股份有限公司拟变更会计师事务所的公告,2024-10-31,http://static.cninfo.com.cn/finalpage/2024-10-31/1221569926.PDF,1221569926,会计师事务所
002989,中天精装,中天精装：深圳中天精装股份有限公司会计师事务所选聘制度,2024-10-31,http://static.cninfo.com.cn/finalpage/2024-10-31/1221569931.PDF,1221569931,会计师事务所
002992,宝明科技,宝明科技：关于拟变更会计师事务所的公告,2024-09-12,http://static.cninfo.com.cn/finalpage/2024-09-12/1221202617.PDF,1221202617,会计师事务所
002993,奥海科技,奥海科技：关于聘任2024年度财务及内控审计机构的公告,2024-10-29,http://static.cninfo.com.cn/finalpage/2024-10-29/1221543808.PDF,1221543808,审计机构
002995,天地在线,天地在线：关于改聘会计师事务所的公告,2024-08-28,http://static.cninfo.com.cn/finalpage/2024-08-28/1221003118.PDF,1221003118,会计师事务所
002996,顺博合金,顺博合金：关于变更会计师事务所项目质量复核合伙人的公告,2024-12-31,http://static.cninfo.com.cn/finalpage/2024-12-31/1222179650.PDF,1222179650,会计师事务所
002996,顺博合金,顺博合金：关于变更内部审计机构负责人的公告,2024-12-31,http://static.cninfo.com.cn/finalpage/2024-12-31/1222179665.PDF,1222179665,审计机构
003004,声迅股份,声迅股份：会计师事务所选聘制度(2024年10月）,2024-10-30,http://static.cninfo.com.cn/finalpage/2024-10-30/1221557695.PDF,1221557695,会计师事务所
003004,声迅股份,声迅股份：关于续聘2024年度会计师事务所的公告,2024-10-30,http://static.cninfo.com.cn/finalpage/2024-10-30/1221557694.PDF,1221557694,会计师事务所
003006,百亚股份,百亚股份：关于变更会计师事务所的公告,2024-11-08,http://static.cninfo.com.cn/finalpage/2024-11-08/1221649306.PDF,1221649306,会计师事务所
003009,中天火箭,中天火箭：陕西中天火箭技术股份有限公司关于聘任容诚会计师事务所（特殊普通合伙）为公司2024年度审计服务机构的公告,2024-12-12,http://static.cninfo.com.cn/finalpage/2024-12-12/1221997631.PDF,1221997631,会计师事务所
003010,若羽臣,若羽臣：会计师事务所选聘制度,2024-10-31,http://static.cninfo.com.cn/finalpage/2024-10-31/1221570953.PDF,1221570953,会计师事务所
003013,地铁设计,地铁设计：关于拟聘请会计师事务所的公告,2024-10-15,http://static.cninfo.com.cn/finalpage/2024-10-15/1221383875.PDF,1221383875,会计师事务所
003019,宸展光电,宸展光电：关于更换签字注册会计师的公告,2024-12-14,http://static.cninfo.com.cn/finalpage/2024-12-14/1222016885.PDF,1222016885,会计师
003027,同兴环保,同兴环保：关于续聘2024年度审计机构的公告,2024-10-31,http://static.cninfo.com.cn/finalpage/2024-10-31/1221575757.PDF,1221575757,审计机构
003028,振邦智能,振邦智能：会计师事务所选聘制度（2024年10月）,2024-10-29,http://static.cninfo.com.cn/finalpage/2024-10-29/1221542352.PDF,1221542352,会计师事务所
003028,振邦智能,振邦智能：关于变更2024年度审计机构的公告,2024-10-29,http://static.cninfo.com.cn/finalpage/2024-10-29/1221543904.PDF,1221543904,审计机构
003031,中瓷电子,中瓷电子：关于续聘2024年度审计机构的公告,2024-11-19,http://static.cninfo.com.cn/finalpage/2024-11-19/1221766783.PDF,1221766783,审计机构
003032,传智教育,传智教育：会计师事务所选聘管理办法（2024年9月）,2024-09-21,http://static.cninfo.com.cn/finalpage/2024-09-21/1221258732.PDF,1221258732,会计师事务所
003032,传智教育,传智教育：关于变更签字注册会计师的公告,2024-11-16,http://static.cninfo.com.cn/finalpage/2024-11-16/1221739352.PDF,1221739352,会计师
003035,南网能源,南网能源：关于拟续聘会计师事务所的公告,2024-10-26,http://static.cninfo.com.cn/finalpage/2024-10-26/1221525213.PDF,1221525213,会计师事务所
003037,三和管桩,三和管桩：关于公司聘任2024年度审计机构的公告,2024-07-11,http://static.cninfo.com.cn/finalpage/2024-07-11/1220601223.PDF,1220601223,审计机构
003040,楚天龙,楚天龙：关于拟续聘会计师事务所的公告,2024-12-05,http://static.cninfo.com.cn/finalpage/2024-12-05/1221926716.PDF,1221926716,会计师事务所
003043,华亚智能,华亚智能：天衡会计师事务所关于苏州冠鸿智能装备有限公司资产重组过渡期损益情况的专项审计报告,2024-11-12,http://static.cninfo.com.cn/finalpage/2024-11-12/1221683499.PDF,1221683499,会计师事务所
003043,华亚智能,华亚智能：关于变更签字会计师的公告,2024-12-12,http://static.cninfo.com.cn/finalpage/2024-12-12/1221999623.PDF,1221999623,会计师
300006,莱美药业,莱美药业：关于拟变更会计师事务所的公告,2024-11-22,http://static.cninfo.com.cn/finalpage/2024-11-22/1221804021.PDF,1221804021,会计师事务所
300007,汉威科技,汉威科技：会计师事务所选聘制度,2024-10-24,http://static.cninfo.com.cn/finalpage/2024-10-24/1221490325.PDF,1221490325,会计师事务所
300007,汉威科技,汉威科技：关于拟聘任会计师事务所的公告,2024-10-24,http://static.cninfo.com.cn/finalpage/2024-10-24/1221490326.PDF,1221490326,会计师事务所
300008,天海防务,天海防务：会计师事务所选聘制度（2024.11修订）,2024-11-20,http://static.cninfo.com.cn/finalpage/2024-11-20/1221778277.PDF,1221778277,会计师事务所
300008,天海防务,天海防务：关于聘请容诚会计师事务所（特殊普通合伙）为公司2024年度审计机构的公告,2024-11-20,http://static.cninfo.com.cn/finalpage/2024-11-20/1221778281.PDF,1221778281,会计师事务所
300010,豆神教育,豆神教育：关于聘任2024年度会计师事务所的公告,2024-10-25,http://static.cninfo.com.cn/finalpage/2024-10-25/1221507756.PDF,1221507756,会计师事务所
300011,鼎汉技术,鼎汉技术：关于拟续聘立信会计师事务所（特殊普通合伙）为公司2024年度审计机构的公告,2024-08-03,http://static.cninfo.com.cn/finalpage/2024-08-03/1220788333.PDF,1220788333,会计师事务所
300021,大禹节水,大禹节水：关于续聘公司2024年度审计机构的公告,2024-08-22,http://static.cninfo.com.cn/finalpage/2024-08-22/1220936653.PDF,1220936653,审计机构
300021,大禹节水,大禹节水：关于拟改聘会计师事务所的公告,2024-12-14,http://static.cninfo.com.cn/finalpage/2024-12-14/1222017639.PDF,1222017639,会计师事务所
300021,大禹节水,大禹节水：会计师事务所选聘制度（2024年12月）,2024-12-14,http://static.cninfo.com.cn/finalpage/2024-12-14/1222017636.PDF,1222017636,会计师事务所
300024,机器人,机器人：会计师事务所选聘制度（2024年7月）,2024-07-30,http://static.cninfo.com.cn/finalpage/2024-07-30/1220745155.PDF,1220745155,会计师事务所
300024,机器人,机器人：关于公司修订《公司章程》及制定《会计师事务所选聘制度》的公告,2024-07-30,http://static.cninfo.com.cn/finalpage/2024-07-30/1220745151.PDF,1220745151,会计师事务所
300027,华谊兄弟,华谊兄弟：关于变更会计师事务所的公告,2024-07-20,http://static.cninfo.com.cn/finalpage/2024-07-20/1220690283.PDF,1220690283,会计师事务所
300027,华谊兄弟,华谊兄弟：会计师事务所选聘制度,2024-07-20,http://static.cninfo.com.cn/finalpage/2024-07-20/1220690290.PDF,1220690290,会计师事务所
300027,华谊兄弟,华谊兄弟：关于聘任向特定对象发行股票事项审计服务机构及变更年审服务会计师事务所的公告,2024-12-14,http://static.cninfo.com.cn/finalpage/2024-12-14/1222017323.PDF,1222017323,会计师事务所
300029,ST天龙,ST天龙：关于拟续聘会计师事务所的公告,2024-10-24,http://static.cninfo.com.cn/finalpage/2024-10-24/1221488359.PDF,1221488359,会计师事务所
300029,ST天龙,ST天龙：中兴华会计师事务所(特殊普通合伙)关于辽宁国盛能源发展有限公司的审计报告,2024-11-06,http://static.cninfo.com.cn/finalpage/2024-11-06/1221635518.PDF,1221635518,会计师事务所
300035,中科电气,中科电气：关于变更签字注册会计师的公告,2024-11-28,http://static.cninfo.com.cn/finalpage/2024-11-28/1221880700.PDF,1221880700,会计师
300035,中科电气,中科电气：湖南中科电气股份有限公司会计师事务所选聘制度,2024-12-28,http://static.cninfo.com.cn/finalpage/2024-12-28/1222167712.PDF,1222167712,会计师事务所
300036,超图软件,超图软件：中汇会计师事务所（特殊普通合伙）关于北京超图软件股份有限公司会计估计变更的鉴证报告,2024-11-09,http://static.cninfo.com.cn/finalpage/2024-11-09/1221661583.PDF,1221661583,会计师事务所
300042,朗科科技,朗科科技：关于拟续聘会计师事务所的公告,2024-07-23,http://static.cninfo.com.cn/finalpage/2024-07-23/1220702179.PDF,1220702179,会计师事务所
300044,赛为智能,赛为智能：关于聘任公司2024年度审计机构的公告,2024-12-13,http://static.cninfo.com.cn/finalpage/2024-12-13/1222004390.PDF,1222004390,审计机构
300046,台基股份,台基股份：关于聘任会计师事务所的公告,2024-11-22,http://static.cninfo.com.cn/finalpage/2024-11-22/1221804758.PDF,1221804758,会计师事务所
300048,合康新能,合康新能：关于拟续聘2024年度审计机构的公告,2024-12-11,http://static.cninfo.com.cn/finalpage/2024-12-11/1221983806.PDF,1221983806,审计机构
300049,福瑞股份,福瑞股份：关于聘任会计师事务所的公告,2024-12-25,http://static.cninfo.com.cn/finalpage/2024-12-25/1222129227.PDF,1222129227,会计师事务所
300050,世纪鼎利,世纪鼎利：关于聘任2024年度会计师事务所的公告,2024-08-27,http://static.cninfo.com.cn/finalpage/2024-08-27/1220983066.PDF,1220983066,会计师事务所
300051,琏升科技,琏升科技：会计师事务所选聘制度（2024年10月）,2024-10-18,http://static.cninfo.com.cn/finalpage/2024-10-18/1221420882.PDF,1221420882,会计师事务所
300051,琏升科技,琏升科技：关于拟续聘会计师事务所的公告,2024-10-18,http://static.cninfo.com.cn/finalpage/2024-10-18/1221420885.PDF,1221420885,会计师事务所
300052,中青宝,中青宝：关于续聘会计师事务所的公告,2024-08-29,http://static.cninfo.com.cn/finalpage/2024-08-29/1221024082.PDF,1221024082,会计师事务所
300055,万邦达,万邦达：会计师事务所选聘制度（2024年11月）,2024-11-19,http://static.cninfo.com.cn/finalpage/2024-11-19/1221767696.PDF,1221767696,会计师事务所
300055,万邦达,万邦达：关于聘任2024年度审计机构的公告,2024-11-19,http://static.cninfo.com.cn/finalpage/2024-11-19/1221767700.PDF,1221767700,审计机构
300056,中创环保,中创环保：关于续聘会计师事务所的公告,2024-11-22,http://static.cninfo.com.cn/finalpage/2024-11-22/1221803936.PDF,1221803936,会计师事务所
300061,旗天科技,旗天科技：关于拟续聘会计师事务所的公告,2024-10-30,http://static.cninfo.com.cn/finalpage/2024-10-30/1221554275.PDF,1221554275,会计师事务
300063,天龙集团,天龙集团：关于拟续聘公司2024年度审计机构的公告,2024-11-28,http://static.cninfo.com.cn/finalpage/2024-11-28/1221864522.PDF,1221864522,审计机构
300070,碧水源,碧水源：关于变更2024年度审计项目合伙人及签字注册会计师的公告,2024-11-08,http://static.cninfo.com.cn/finalpage/2024-11-08/1221662250.PDF,1221662250,会计师
300071,福石控股,福石控股：会计师事务所选聘制度,2024-07-13,http://static.cninfo.com.cn/finalpage/2024-07-13/1220625295.PDF,1220625295,会计师事务所
300071,福石控股,福石控股：会计师事务所选聘制度,2024-07-31,http://static.cninfo.com.cn/finalpage/2024-07-31/1220765201.PDF,1220765201,会计师事务所
300071,福石控股,福石控股：关于拟续聘会计师事务所的公告,2024-10-15,http://static.cninfo.com.cn/finalpage/2024-10-15/1221382572.PDF,1221382572,会计师事务所
300072,海新能科,海新能科：关于拟变更公司2024年度会计师事务所的公告,2024-09-14,http://static.cninfo.com.cn/finalpage/2024-09-14/1221223598.PDF,1221223598,会计师事务所
300073,当升科技,当升科技：关于聘任天健会计师事务所(特殊普通合伙)为公司2024年度财务审计机构及内部控制审计机构的公告,2024-12-10,http://static.cninfo.com.cn/finalpage/2024-12-10/1221967074.PDF,1221967074,会计师事务所
300074,华平股份,华平股份：关于续聘会计师事务所的公告,2024-08-27,http://static.cninfo.com.cn/finalpage/2024-08-27/1220984036.PDF,1220984036,会计师事务所
300076,GQY视讯,GQY视讯：关于续聘2024年度审计机构的公告,2024-12-03,http://static.cninfo.com.cn/finalpage/2024-12-03/1221908464.PDF,1221908464,审计机构
300079,数码视讯,数码视讯：数码视讯关于聘请会计师事务所的公告,2024-11-16,http://static.cninfo.com.cn/finalpage/2024-11-16/1221740398.PDF,1221740398,会计师事务所
300080,易成新能,易成新能：关于聘任公司 2024 年度审计机构的公告,2024-10-25,http://static.cninfo.com.cn/finalpage/2024-10-25/1221504838.PDF,1221504838,审计机构
300081,恒信东方,恒信东方：关于续聘2024年度会计师事务所的公告,2024-10-25,http://static.cninfo.com.cn/finalpage/2024-10-25/1221509699.PDF,1221509699,会计师事务所
300084,海默科技,海默科技：关于拟聘任会计师事务所的公告,2024-12-09,http://static.cninfo.com.cn/finalpage/2024-12-09/1221966955.PDF,1221966955,会计师事务所
300084,海默科技,海默科技：《会计师事务所选聘制度》（2024年12月）,2024-12-10,http://static.cninfo.com.cn/finalpage/2024-12-10/1221970465.PDF,1221970465,会计师事务所
300085,银之杰,银之杰：关于聘任会计师事务所的公告,2024-10-30,http://static.cninfo.com.cn/finalpage/2024-10-30/1221560511.PDF,1221560511,会计师事务所
300087,荃银高科,荃银高科：会计师事务所选聘制度,2024-10-26,http://static.cninfo.com.cn/finalpage/2024-10-26/1221521936.PDF,1221521936,会计师事务所
300087,荃银高科,荃银高科：关于变更会计师事务所的公告,2024-10-26,http://static.cninfo.com.cn/finalpage/2024-10-26/1221521911.PDF,1221521911,会计师事务所
300091,金通灵,金通灵：会计师事务所选聘制度（2024年9月制定）,2024-10-01,http://static.cninfo.com.cn/finalpage/2024-10-01/1221333020.PDF,1221333020,会计师事务所
300091,金通灵,金通灵：关于拟变更会计师事务所的公告,2024-10-01,http://static.cninfo.com.cn/finalpage/2024-10-01/1221333021.PDF,1221333021,会计师事务所
300095,华伍股份,华伍股份：关于聘任2024年度会计师事务所的公告,2024-12-03,http://static.cninfo.com.cn/finalpage/2024-12-03/1221910172.PDF,1221910172,会计师事务所
300096,ST易联众,ST易联众：关于聘任2024年度审计机构的公告,2024-12-07,http://static.cninfo.com.cn/finalpage/2024-12-07/1221957050.PDF,1221957050,审计机构
300097,智云股份,智云股份：关于拟变更会计师事务所的公告,2024-10-30,http://static.cninfo.com.cn/finalpage/2024-10-30/1221555838.PDF,1221555838,会计师事务所
300098,高新兴,高新兴：关于续聘会计师事务所的公告,2024-10-30,http://static.cninfo.com.cn/finalpage/2024-10-30/1221554366.PDF,1221554366,会计师事务所
300103,达刚控股,达刚控股：关于续聘2024年度审计机构的公告,2024-11-29,http://static.cninfo.com.cn/finalpage/2024-11-29/1221879709.PDF,1221879709,审计机构
300105,龙源技术,龙源技术：关于续聘中兴华会计师事务所为公司2024年度审计机构的公告,2024-08-17,http://static.cninfo.com.cn/finalpage/2024-08-17/1220894218.PDF,1220894218,会计师事务所
300114,中航电测,中航电测：中航电测仪器股份有限公司关于变更会计师事务所的公告,2024-12-13,http://static.cninfo.com.cn/finalpage/2024-12-13/1222006999.PDF,1222006999,会计师事务所
300115,长盈精密,长盈精密：天健会计师事务所（特殊普通合伙）关于深圳市长盈精密技术股份有限公司会计估计变更的说明（天健函〔2024〕3-85号）,2024-07-20,http://static.cninfo.com.cn/finalpage/2024-07-20/1220690863.PDF,1220690863,会计师事务所
300118,东方日升,东方日升：会计师事务所选聘制度（2024年8月）,2024-08-27,http://static.cninfo.com.cn/finalpage/2024-08-27/1220985069.PDF,1220985069,会计师事务所
300118,东方日升,东方日升：关于拟聘任会计师事务所的公告,2024-11-30,http://static.cninfo.com.cn/finalpage/2024-11-30/1221890837.PDF,1221890837,会计师事务所
300121,阳谷华泰,阳谷华泰：会计师事务所选聘制度（2024年10月）,2024-10-29,http://static.cninfo.com.cn/finalpage/2024-10-29/1221544056.PDF,1221544056,会计师事务所
300121,阳谷华泰,阳谷华泰：关于拟变更会计师事务所的公告,2024-10-29,http://static.cninfo.com.cn/finalpage/2024-10-29/1221544070.PDF,1221544070,会计师事务所
300123,亚光科技,亚光科技：会计师事务所选聘制度,2024-12-13,http://static.cninfo.com.cn/finalpage/2024-12-13/1222007413.PDF,1222007413,会计师事务所
300123,亚光科技,亚光科技：关于续聘2024年度审计机构的公告,2024-12-13,http://static.cninfo.com.cn/finalpage/2024-12-13/1222007414.PDF,1222007414,审计机构
300124,汇川技术,汇川技术：关于变更签字注册会计师的公告,2024-11-06,http://static.cninfo.com.cn/finalpage/2024-11-06/1221639852.PDF,1221639852,会计师
300125,ST聆达,ST聆达：关于续聘2024年度审计机构的公告,2024-08-29,http://static.cninfo.com.cn/finalpage/2024-08-29/1221032269.PDF,1221032269,审计机构
300130,新国都,新国都：关于拟变更会计师事务所的公告,2024-11-28,http://static.cninfo.com.cn/finalpage/2024-11-28/1221866987.PDF,1221866987,会计师事务所
300130,新国都,新国都：《会计师事务所选聘制度》,2024-11-28,http://static.cninfo.com.cn/finalpage/2024-11-28/1221866992.PDF,1221866992,会计师事务所
300131,英唐智控,英唐智控：关于变更签字会计师的公告,2024-12-19,http://static.cninfo.com.cn/finalpage/2024-12-19/1222076543.PDF,1222076543,会计师
300132,青松股份,青松股份：关于拟变更2024年度审计机构的公告,2024-12-11,http://static.cninfo.com.cn/finalpage/2024-12-11/1221978798.PDF,1221978798,审计机构
300133,华策影视,华策影视：关于变更签字注册会计师的公告,2024-12-30,http://static.cninfo.com.cn/finalpage/2024-12-30/1222183393.PDF,1222183393,会计师
300137,先河环保,先河环保：关于变更签字注册会计师的公告,2024-10-25,http://static.cninfo.com.cn/finalpage/2024-10-25/1221505405.PDF,1221505405,签字注册会计师
300138,晨光生物,晨光生物：关于变更签字注册会计师的公告,2024-12-27,http://static.cninfo.com.cn/finalpage/2024-12-27/1222155635.PDF,1222155635,会计师
300140,节能环境,节能环境：关于拟变更会计师事务所的公告,2024-12-21,http://static.cninfo.com.cn/finalpage/2024-12-21/1222089477.PDF,1222089477,会计师事务所
300145,中金环境,中金环境：关于拟续聘会计师事务所的公告,2024-07-04,http://static.cninfo.com.cn/finalpage/2024-07-04/1220527379.PDF,1220527379,会计事务所
300147,香雪制药,香雪制药：关于续聘会计师事务所的公告,2024-12-14,http://static.cninfo.com.cn/finalpage/2024-12-14/1222016194.PDF,1222016194,会计师事务所
300149,睿智医药,睿智医药：会计师事务所选聘制度,2024-10-30,http://static.cninfo.com.cn/finalpage/2024-10-30/1221558239.PDF,1221558239,会计事务所
300149,睿智医药,睿智医药：关于拟变更会计师事务所的公告,2024-12-10,http://static.cninfo.com.cn/finalpage/2024-12-10/1221964997.PDF,1221964997,会计师事务所
300151,昌红科技,昌红科技：关于续聘2024年度审计机构的公告,2024-08-13,http://static.cninfo.com.cn/finalpage/2024-08-13/1220849505.PDF,1220849505,审计机构
300151,昌红科技,昌红科技：关于2024年年度审计机构变更质量控制复核人的公告,2024-12-17,http://static.cninfo.com.cn/finalpage/2024-12-17/1222036269.PDF,1222036269,审计机构
300152,新动力,新动力：关于续聘会计师事务所的公告,2024-12-24,http://static.cninfo.com.cn/finalpage/2024-12-24/1222112901.PDF,1222112901,会计师事务所
300153,科泰电源,科泰电源：上海科泰电源股份有限公司会计师事务所选聘制度,2024-10-24,http://static.cninfo.com.cn/finalpage/2024-10-24/1221489143.PDF,1221489143,会计师事务所
300153,科泰电源,科泰电源：关于聘任公司2024年度审计机构的公告,2024-12-12,http://static.cninfo.com.cn/finalpage/2024-12-12/1221997529.PDF,1221997529,审计机构
300160,秀强股份,秀强股份：关于拟变更会计师事务所的公告,2024-11-22,http://static.cninfo.com.cn/finalpage/2024-11-22/1221803931.PDF,1221803931,会计师事务所
300161,华中数控,华中数控：关于聘任会计师事务所的公告,2024-12-14,http://static.cninfo.com.cn/finalpage/2024-12-14/1222015148.PDF,1222015148,会计师事务所
300162,雷曼光电,雷曼光电：关于聘任2024年度内控审计机构的公告,2024-12-14,http://static.cninfo.com.cn/finalpage/2024-12-14/1222018144.PDF,1222018144,审计机构
300165,天瑞仪器,天瑞仪器：关于续聘会计师事务所的公告,2024-10-28,http://static.cninfo.com.cn/finalpage/2024-10-28/1221519322.PDF,1221519322,会计师事务所
300166,东方国信,东方国信：关于拟变更会计师事务所的公告,2024-11-25,http://static.cninfo.com.cn/finalpage/2024-11-25/1221816116.PDF,1221816116,会计师事务所
300168,万达信息,万达信息：关于拟聘任2024年度会计师事务所的公告,2024-07-26,http://static.cninfo.com.cn/finalpage/2024-07-26/1220731758.PDF,1220731758,会计师事务所
300169,天晟新材,天晟新材：会计师事务所选聘制度（2024年11月）,2024-11-30,http://static.cninfo.com.cn/finalpage/2024-11-30/1221892108.PDF,1221892108,会计师事务所
300169,天晟新材,天晟新材：关于拟聘任2024年度会计师事务所的公告,2024-11-30,http://static.cninfo.com.cn/finalpage/2024-11-30/1221892110.PDF,1221892110,会计师事务所
300172,中电环保,中电环保：关于聘任内部审计机构负责人的公告,2024-08-27,http://static.cninfo.com.cn/finalpage/2024-08-27/1220987387.PDF,1220987387,审计机构
300173,福能东方,福能东方：关于续聘会计师事务所的公告,2024-08-24,http://static.cninfo.com.cn/finalpage/2024-08-24/1220961915.PDF,1220961915,会计师事务所
300176,派生科技,派生科技：关于续聘2024年度审计机构的公告,2024-10-25,http://static.cninfo.com.cn/finalpage/2024-10-25/1221505314.PDF,1221505314,审计机构
300177,中海达,中海达：关于变更签字会计师的公告,2024-12-14,http://static.cninfo.com.cn/finalpage/2024-12-14/1222014152.PDF,1222014152,会计师
300181,佐力药业,佐力药业：关于变更签字注册会计师及质量控制复核人的公告,2024-12-05,http://static.cninfo.com.cn/finalpage/2024-12-05/1221939222.PDF,1221939222,会计师
300183,东软载波,东软载波：会计师事务所选聘制度,2024-08-15,http://static.cninfo.com.cn/finalpage/2024-08-15/1220870578.PDF,1220870578,会计师事务所
300183,东软载波,东软载波：关于续聘会计师事务所的公告,2024-09-06,http://static.cninfo.com.cn/finalpage/2024-09-06/1221146420.PDF,1221146420,会计师事务所
300185,通裕重工,通裕重工：关于拟续聘2024年度审计机构的公告,2024-12-21,http://static.cninfo.com.cn/finalpage/2024-12-21/1222090224.PDF,1222090224,审计机构
300187,永清环保,永清环保：关于拟变更会计师事务所的公告,2024-12-07,http://static.cninfo.com.cn/finalpage/2024-12-07/1221957823.PDF,1221957823,会计师事务所
300193,佳士科技,佳士科技：关于变更会计师事务所的公告,2024-08-29,http://static.cninfo.com.cn/finalpage/2024-08-29/1221025023.PDF,1221025023,会计师事务所
300193,佳士科技,佳士科技：关于变更签字注册会计师与项目质量控制复核人的公告,2024-12-25,http://static.cninfo.com.cn/finalpage/2024-12-25/1222141821.PDF,1222141821,会计师
300197,节能铁汉,节能铁汉：关于拟变更会计师事务所的公告,2024-12-13,http://static.cninfo.com.cn/finalpage/2024-12-13/1222006286.PDF,1222006286,会计师事务所
300198,纳川股份,纳川股份：关于续聘会计师事务所的公告,2024-07-09,http://static.cninfo.com.cn/finalpage/2024-07-09/1220561175.PDF,1220561175,会计师事务所
300199,翰宇药业,翰宇药业：会计师事务所选聘制度,2024-10-30,http://static.cninfo.com.cn/finalpage/2024-10-30/1221555767.PDF,1221555767,会计师事务所
300199,翰宇药业,翰宇药业：关于拟聘任2024年度会计师事务所的公告,2024-10-30,http://static.cninfo.com.cn/finalpage/2024-10-30/1221555786.PDF,1221555786,会计师事务所
300199,翰宇药业,翰宇药业：审计委员会关于拟聘任2024年度会计师事务所的审核意见,2024-10-30,http://static.cninfo.com.cn/finalpage/2024-10-30/1221555790.PDF,1221555790,会计师事务所
300203,聚光科技,聚光科技：关于审计机构变更项目质量控制复核人的公告,2024-12-18,http://static.cninfo.com.cn/finalpage/2024-12-18/1222064088.PDF,1222064088,审计机构
300207,欣旺达,欣旺达：会计师事务所选聘制度（2024年10月）,2024-10-30,http://static.cninfo.com.cn/finalpage/2024-10-30/1221559610.PDF,1221559610,会计师事务所
300207,欣旺达,欣旺达：关于变更会计师事务所的公告,2024-10-30,http://static.cninfo.com.cn/finalpage/2024-10-30/1221559601.PDF,1221559601,会计师事务所
300208,*ST中程,*ST中程：关于续聘公司2024年度审计机构的公告,2024-10-26,http://static.cninfo.com.cn/finalpage/2024-10-26/1221526546.PDF,1221526546,审计机构
300209,*ST有树,*ST有树：关于拟变更会计师事务所的公告,2024-12-07,http://static.cninfo.com.cn/finalpage/2024-12-07/1221957064.PDF,1221957064,会计师事务所
300215,电科院,电科院：关于改聘会计师事务所的公告,2024-12-04,http://static.cninfo.com.cn/finalpage/2024-12-04/1221918645.PDF,1221918645,会计师事务所
300217,东方电热,东方电热：关于变更会计师事务所的公告,2024-09-10,http://static.cninfo.com.cn/finalpage/2024-09-10/1221175422.PDF,1221175422,会计师事务所
300218,安利股份,安利股份：关于拟变更会计师事务所的公告,2024-10-25,http://static.cninfo.com.cn/finalpage/2024-10-25/1221505555.PDF,1221505555,会计师事务所
300220,金运激光,金运激光：关于会计师事务所名称变更的公告,2024-09-13,http://static.cninfo.com.cn/finalpage/2024-09-13/1221221987.PDF,1221221987,会计师事务所
300220,金运激光,金运激光：关于审计机构变更签字注册会计师及项目质量复核人员的公告,2024-12-30,http://static.cninfo.com.cn/finalpage/2024-12-30/1222179729.PDF,1222179729,会计师
300221,银禧科技,银禧科技：关于变更审计机构项目合伙人及质量控制复核人员的公告,2024-11-20,http://static.cninfo.com.cn/finalpage/2024-11-20/1221788312.PDF,1221788312,审计机构
300225,金力泰,金力泰：关于拟变更会计师事务所的公告,2024-12-07,http://static.cninfo.com.cn/finalpage/2024-12-07/1221955656.PDF,1221955656,会计师事务所
300227,光韵达,光韵达：关于变更会计师事务所的公告,2024-12-14,http://static.cninfo.com.cn/finalpage/2024-12-14/1222019086.PDF,1222019086,会计师事务所
300229,拓尔思,拓尔思：立信会计师事务所（特殊普通合伙）关于拓尔思信息技术股份有限公司2023年度向特定对象发行股票会后事项承诺函,2024-09-02,http://static.cninfo.com.cn/finalpage/2024-09-02/1221113728.PDF,1221113728,会计师事务所
300229,拓尔思,拓尔思：关于审计机构变更签字注册会计师和质量控制复核人的公告,2024-12-24,http://static.cninfo.com.cn/finalpage/2024-12-24/1222113971.PDF,1222113971,会计师
300230,永利股份,永利股份：关于拟聘任公司2024年度审计机构的公告,2024-11-21,http://static.cninfo.com.cn/finalpage/2024-11-21/1221790794.PDF,1221790794,审计机构
300232,洲明科技,洲明科技：关于续聘公司2024年度会计师事务所的公告,2024-08-26,http://static.cninfo.com.cn/finalpage/2024-08-26/1220962285.PDF,1220962285,会计师事务所
300232,洲明科技,洲明科技：会计师事务所选聘制度（2024年8月）,2024-08-26,http://static.cninfo.com.cn/finalpage/2024-08-26/1220961099.PDF,1220961099,会计师事务所
300236,上海新阳,上海新阳：会计师事务所选聘制度,2024-10-12,http://static.cninfo.com.cn/finalpage/2024-10-12/1221368577.PDF,1221368577,会计师事务所
300240,飞力达,飞力达：关于变更签字注册会计师及项目质量复核人员的公告,2024-12-27,http://static.cninfo.com.cn/finalpage/2024-12-27/1222162892.PDF,1222162892,会计师
300246,宝莱特,宝莱特：关于拟变更会计师事务所的公告,2024-10-28,http://static.cninfo.com.cn/finalpage/2024-10-28/1221520874.PDF,1221520874,会计师事务所
300248,新开普,新开普：关于变更签字注册会计师的公告,2024-11-26,http://static.cninfo.com.cn/finalpage/2024-11-26/1221854174.PDF,1221854174,会计师
300250,初灵信息,初灵信息：会计师事务所选聘制度,2024-11-29,http://static.cninfo.com.cn/finalpage/2024-11-29/1221878014.PDF,1221878014,会计师事务所
300250,初灵信息,初灵信息：关于续聘2024年度会计师事务所的公告,2024-11-29,http://static.cninfo.com.cn/finalpage/2024-11-29/1221878018.PDF,1221878018,会计事务所
300256,星星科技,星星科技：关于拟续聘会计师事务所的公告,2024-12-04,http://static.cninfo.com.cn/finalpage/2024-12-04/1221918652.PDF,1221918652,会计师事务所
300258,精锻科技,精锻科技：关于变更2024年度财务审计报告签字注册会计师的公告,2024-12-03,http://static.cninfo.com.cn/finalpage/2024-12-03/1221918534.PDF,1221918534,会计师
300260,新莱应材,新莱应材：关于变更审计机构暨聘任2024年度审计机构的公告,2024-10-25,http://static.cninfo.com.cn/finalpage/2024-10-25/1221507245.PDF,1221507245,审计机构
300261,雅本化学,雅本化学：关于拟变更审计机构暨聘请2024年度审计机构的公告,2024-11-28,http://static.cninfo.com.cn/finalpage/2024-11-28/1221866947.PDF,1221866947,审计机构
300264,佳创视讯,佳创视讯：关于续聘2024年度审计机构的公告,2024-10-24,http://static.cninfo.com.cn/finalpage/2024-10-24/1221487717.PDF,1221487717,审计机构
300267,尔康制药,尔康制药：关于续聘2024年度审计机构的公告,2024-11-29,http://static.cninfo.com.cn/finalpage/2024-11-29/1221879777.PDF,1221879777,审计机构
300268,ST佳沃,ST佳沃：关于续聘2024年度审计机构的公告,2024-10-10,http://static.cninfo.com.cn/finalpage/2024-10-10/1221353841.PDF,1221353841,审计机构
300269,联建光电,联建光电：关于拟续聘会计师事务所的公告,2024-12-05,http://static.cninfo.com.cn/finalpage/2024-12-05/1221926857.PDF,1221926857,会计师事务所
300270,中威电子,中威电子：会计师事务所选聘制度,2024-08-28,http://static.cninfo.com.cn/finalpage/2024-08-28/1221008186.PDF,1221008186,会计师事务所
300270,中威电子,中威电子：关于变更会计师事务所的公告,2024-08-28,http://static.cninfo.com.cn/finalpage/2024-08-28/1221008188.PDF,1221008188,会计师事务所
300271,华宇软件,华宇软件：会计师事务所选聘制度,2024-10-26,http://static.cninfo.com.cn/finalpage/2024-10-26/1221519808.PDF,1221519808,会计师事务所
300271,华宇软件,华宇软件：关于续聘会计师事务所的公告,2024-11-30,http://static.cninfo.com.cn/finalpage/2024-11-30/1221889987.PDF,1221889987,会计师事务所
300277,海联讯,海联讯：致同会计师事务所（特殊普通合伙）关于公司2023年度会计差错更正的专项鉴证报告,2024-08-02,http://static.cninfo.com.cn/finalpage/2024-08-02/1220779013.PDF,1220779013,会计师事务所
300277,海联讯,海联讯：关于续聘会计师事务所的公告,2024-08-22,http://static.cninfo.com.cn/finalpage/2024-08-22/1220936861.PDF,1220936861,会计师事务所
300284,苏交科,苏交科：关于拟变更会计师事务所的公告,2024-07-30,http://static.cninfo.com.cn/finalpage/2024-07-30/1220746789.PDF,1220746789,会计师事务所
300286,安科瑞,安科瑞：天健会计师事务所（特殊普通合伙）关于安科瑞2023年度向特定对象发行股票审核问询函的回复意见,2024-07-05,http://static.cninfo.com.cn/finalpage/2024-07-05/1220539154.PDF,1220539154,会计师事务所
300288,朗玛信息,朗玛信息：关于续聘会计师事务所的公告,2024-11-25,http://static.cninfo.com.cn/finalpage/2024-11-25/1221816974.PDF,1221816974,会计师事务所
300291,百纳千成,百纳千成：关于续聘2024年度审计机构的公告,2024-12-03,http://static.cninfo.com.cn/finalpage/2024-12-03/1221908477.PDF,1221908477,审计机构
300293,蓝英装备,蓝英装备：关于续聘2024年度审计机构的公告,2024-10-25,http://static.cninfo.com.cn/finalpage/2024-10-25/1221508689.PDF,1221508689,审计机构
300296,利亚德,利亚德：关于聘任2024年度内控审计机构的公告,2024-10-23,http://static.cninfo.com.cn/finalpage/2024-10-23/1221488723.PDF,1221488723,审计机构
300298,三诺生物,三诺生物：关于拟续聘2024年度审计机构的公告,2024-11-08,http://static.cninfo.com.cn/finalpage/2024-11-08/1221649689.PDF,1221649689,审计机构
300299,富春股份,富春股份：关于聘任会计师事务所的公告,2024-11-16,http://static.cninfo.com.cn/finalpage/2024-11-16/1221740381.PDF,1221740381,会计师事务所
300304,云意电气,云意电气：关于拟变更会计师事务所的公告,2024-08-21,http://static.cninfo.com.cn/finalpage/2024-08-21/1220938961.PDF,1220938961,会计师事务所
300313,ST天山,ST天山：关于续聘公司2024年度审计机构的公告,2024-08-28,http://static.cninfo.com.cn/finalpage/2024-08-28/1220999938.PDF,1220999938,审计机构
300315,掌趣科技,掌趣科技：关于续聘公司2024年度审计机构的公告,2024-11-23,http://static.cninfo.com.cn/finalpage/2024-11-23/1221816027.PDF,1221816027,审计机构
300316,晶盛机电,晶盛机电：关于续聘会计师事务所的公告,2024-08-21,http://static.cninfo.com.cn/finalpage/2024-08-21/1220924935.PDF,1220924935,会计师事务所
300317,珈伟新能,珈伟新能：关于聘任公司2024年度审计机构的公告,2024-10-29,http://static.cninfo.com.cn/finalpage/2024-10-29/1221540188.PDF,1221540188,审计机构
300318,博晖创新,博晖创新：关于续聘2024年度审计机构的公告,2024-12-10,http://static.cninfo.com.cn/finalpage/2024-12-10/1221967688.PDF,1221967688,审计机构
300319,麦捷科技,麦捷科技：关于拟续聘会计师事务所的公告,2024-10-25,http://static.cninfo.com.cn/finalpage/2024-10-25/1221508550.PDF,1221508550,会计师事务所
300320,海达股份,海达股份：关于变更签字注册会计师及项目质量复核人员的公告,2024-12-26,http://static.cninfo.com.cn/finalpage/2024-12-26/1222142790.PDF,1222142790,会计师
300326,凯利泰,凯利泰：关于公司聘任财务审计机构的公告,2024-08-28,http://static.cninfo.com.cn/finalpage/2024-08-28/1221001689.PDF,1221001689,审计机构
300328,宜安科技,宜安科技：宜安科技会计师事务所选聘制度（2024年10月）,2024-10-26,http://static.cninfo.com.cn/finalpage/2024-10-26/1221521308.PDF,1221521308,会计师事务所
300328,宜安科技,宜安科技：宜安科技关于变更公司2024年度审计机构的公告,2024-10-26,http://static.cninfo.com.cn/finalpage/2024-10-26/1221521335.PDF,1221521335,审计机构
300334,津膜科技,津膜科技：关于聘任 2024 年度内控审计机构的公告,2024-11-29,http://static.cninfo.com.cn/finalpage/2024-11-29/1221891953.PDF,1221891953,审计机构
300337,银邦股份,银邦股份：银邦股份关于审计机构变更签字注册会计师和质量复核人员的公告,2024-12-25,http://static.cninfo.com.cn/finalpage/2024-12-25/1222141835.PDF,1222141835,会计师
300338,*ST开元,*ST开元：关于更换会计师事务所的公告,2024-12-10,http://static.cninfo.com.cn/finalpage/2024-12-10/1221968549.PDF,1221968549,会计师事务所
300339,润和软件,润和软件：关于续聘2024年度审计机构的公告,2024-08-27,http://static.cninfo.com.cn/finalpage/2024-08-27/1220988049.PDF,1220988049,审计机构
300340,科恒股份,科恒股份：关于续聘2024年度会计师事务所的公告,2024-09-28,http://static.cninfo.com.cn/finalpage/2024-09-28/1221314651.PDF,1221314651,会计师事务所
300340,科恒股份,科恒股份：关于变更会计师事务所的公告,2024-12-14,http://static.cninfo.com.cn/finalpage/2024-12-14/1222019344.PDF,1222019344,会计师事务所
300341,麦克奥迪,麦克奥迪：拟续聘会计师事务所的公告,2024-12-07,http://static.cninfo.com.cn/finalpage/2024-12-07/1221955225.PDF,1221955225,会计师事务所
300343,联创股份,联创股份：关于续聘会计师事务所的公告,2024-10-25,http://static.cninfo.com.cn/finalpage/2024-10-25/1221507256.PDF,1221507256,会计师事务所
300346,南大光电,南大光电：关于续聘会计师事务所的公告,2024-08-30,http://static.cninfo.com.cn/finalpage/2024-08-30/1221051258.PDF,1221051258,会计师事务所
300348,长亮科技,长亮科技：《会计师事务所选聘制度（2024年9月）》,2024-09-20,http://static.cninfo.com.cn/finalpage/2024-09-20/1221245189.PDF,1221245189,会计师事务所
300352,北信源,北信源：关于续聘2024年度审计机构的公告,2024-10-30,http://static.cninfo.com.cn/finalpage/2024-10-30/1221556680.PDF,1221556680,审计机构
300357,我武生物,我武生物：关于变更会计师事务所的公告,2024-11-21,http://static.cninfo.com.cn/finalpage/2024-11-21/1221789114.PDF,1221789114,会计师事务所
300359,全通教育,全通教育：会计师事务所选聘制度,2024-08-30,http://static.cninfo.com.cn/finalpage/2024-08-30/1221053941.PDF,1221053941,会计师事务所
300365,恒华科技,恒华科技：关于变更会计师事务所的公告,2024-11-19,http://static.cninfo.com.cn/finalpage/2024-11-19/1221766419.PDF,1221766419,会计师事务所
300366,创意信息,创意信息：会计师事务所选聘制度（2024年8月）,2024-08-28,http://static.cninfo.com.cn/finalpage/2024-08-28/1220998910.PDF,1220998910,会计事务所
300366,创意信息,创意信息：关于公司续聘会计师事务所的公告,2024-10-12,http://static.cninfo.com.cn/finalpage/2024-10-12/1221368411.PDF,1221368411,会计师事务所
300368,ST汇金,ST汇金：关于拟变更会计师事务所的公告,2024-12-12,http://static.cninfo.com.cn/finalpage/2024-12-12/1221998171.PDF,1221998171,会计师事务所
300368,ST汇金,ST汇金：《河北汇金集团股份有限公司会计师事务所选聘制度》,2024-12-12,http://static.cninfo.com.cn/finalpage/2024-12-12/1221998176.PDF,1221998176,会计师事务所
300369,绿盟科技,绿盟科技：关于聘任2024年度审计机构的公告,2024-08-27,http://static.cninfo.com.cn/finalpage/2024-08-27/1220986040.PDF,1220986040,审计机构
300370,安控科技,安控科技：会计师事务所选聘制度,2024-09-30,http://static.cninfo.com.cn/finalpage/2024-09-30/1221329163.PDF,1221329163,会计师事务所
300370,安控科技,安控科技：2024-065 关于聘任会计师事务所的公告,2024-11-05,http://static.cninfo.com.cn/finalpage/2024-11-05/1221626836.PDF,1221626836,会计师事务所
300374,中铁装配,中铁装配：关于变更会计师事务所的公告,2024-10-24,http://static.cninfo.com.cn/finalpage/2024-10-24/1221489619.PDF,1221489619,会计师事务所
300375,鹏翎股份,鹏翎股份：会计师事务所选聘制度（2024年8月）,2024-08-28,http://static.cninfo.com.cn/finalpage/2024-08-28/1221000152.PDF,1221000152,会计师事务所
300375,鹏翎股份,鹏翎股份：关于拟续聘2024年度会计师事务所的公告,2024-10-30,http://static.cninfo.com.cn/finalpage/2024-10-30/1221555603.PDF,1221555603,会计师事务所
300377,赢时胜,赢时胜：关于变更专项审计机构及相关事项的公告,2024-09-19,http://static.cninfo.com.cn/finalpage/2024-09-19/1221245944.PDF,1221245944,审计机构
300377,赢时胜,赢时胜：关于聘任2024年度审计机构的公告,2024-11-30,http://static.cninfo.com.cn/finalpage/2024-11-30/1221891318.PDF,1221891318,审计机构
300378,鼎捷软件,鼎捷软件：关于聘任公司2024年度会计师事务所的公告,2024-08-10,http://static.cninfo.com.cn/finalpage/2024-08-10/1220835319.PDF,1220835319,会计师事务所
300387,富邦股份,富邦股份：关于续聘公司2024年度审计机构的公告,2024-10-30,http://static.cninfo.com.cn/finalpage/2024-10-30/1221554878.PDF,1221554878,审计机构
300388,节能国祯,节能国祯：59 关于续聘公司2024年度审计机构的公告,2024-10-25,http://static.cninfo.com.cn/finalpage/2024-10-25/1221506001.PDF,1221506001,审计机构
300389,艾比森,艾比森：关于拟聘任会计师事务所的公告,2024-08-12,http://static.cninfo.com.cn/finalpage/2024-08-12/1220849928.PDF,1220849928,会计师事务所
300390,天华新能,天华新能：关于变更签字注册会计师的公告,2024-12-25,http://static.cninfo.com.cn/finalpage/2024-12-25/1222144287.PDF,1222144287,会计师
300400,劲拓股份,劲拓股份：关于续聘2024年度审计机构的公告,2024-11-19,http://static.cninfo.com.cn/finalpage/2024-11-19/1221767885.PDF,1221767885,审计机构
300401,花园生物,花园生物：关于会计师事务所名称变更的公告,2024-12-20,http://static.cninfo.com.cn/finalpage/2024-12-20/1222089438.PDF,1222089438,会计师事务所
300402,宝色股份,宝色股份：关于聘任2024年度会计师事务所的公告,2024-10-23,http://static.cninfo.com.cn/finalpage/2024-10-23/1221474908.PDF,1221474908,会计师事务所
300403,汉宇集团,汉宇集团：拟续聘会计师事务所的公告,2024-10-28,http://static.cninfo.com.cn/finalpage/2024-10-28/1221521359.PDF,1221521359,会计师事务所
300404,博济医药,博济医药：关于拟续聘会计师事务所的公告,2024-08-27,http://static.cninfo.com.cn/finalpage/2024-08-27/1220983537.PDF,1220983537,会计师事务所
300409,道氏技术,道氏技术：关于续聘2024年度会计师事务所的公告,2024-12-21,http://static.cninfo.com.cn/finalpage/2024-12-21/1222092976.PDF,1222092976,会计师事务所
300413,芒果超媒,芒果超媒：会计师事务所选聘制度,2024-08-22,http://static.cninfo.com.cn/finalpage/2024-08-22/1220937412.PDF,1220937412,会计师事务所
300419,ST浩丰,ST浩丰：关于聘任会计师事务所的公告,2024-11-22,http://static.cninfo.com.cn/finalpage/2024-11-22/1221803042.PDF,1221803042,会计师事务所
300425,中建环能,中建环能：关于续聘会计师事务所的公告,2024-11-26,http://static.cninfo.com.cn/finalpage/2024-11-26/1221835737.PDF,1221835737,会计师事务所
300426,唐德影视,唐德影视：关于拟续聘会计师事务所的公告,2024-12-11,http://static.cninfo.com.cn/finalpage/2024-12-11/1221979434.PDF,1221979434,会计师事务所
300427,红相股份,红相股份：关于续聘2024年度财务审计机构及聘任内控审计机构的公告,2024-11-27,http://static.cninfo.com.cn/finalpage/2024-11-27/1221855446.PDF,1221855446,审计机构
300436,广生堂,广生堂：关于聘任会计师事务所的公告,2024-11-23,http://static.cninfo.com.cn/finalpage/2024-11-23/1221815835.PDF,1221815835,会计师事务所
300437,清水源,清水源：会计师事务所选聘制度（2024年8月）,2024-08-28,http://static.cninfo.com.cn/finalpage/2024-08-28/1221005900.PDF,1221005900,会计师事务所
300437,清水源,清水源：关于拟续聘会计师事务所的公告,2024-10-22,http://static.cninfo.com.cn/finalpage/2024-10-22/1221450877.PDF,1221450877,会计师事务所
300438,鹏辉能源,鹏辉能源：关于续聘2024年度审计机构的公告,2024-11-20,http://static.cninfo.com.cn/finalpage/2024-11-20/1221777413.PDF,1221777413,审计机构
300442,润泽科技,润泽科技：关于续聘公司2024年度审计机构的公告,2024-12-12,http://static.cninfo.com.cn/finalpage/2024-12-12/1221999065.PDF,1221999065,审计机构
300443,金雷股份,金雷股份：会计师事务所选聘制度,2024-10-30,http://static.cninfo.com.cn/finalpage/2024-10-30/1221557649.PDF,1221557649,会计师事务所
300443,金雷股份,金雷股份：关于续聘会计师事务所的公告,2024-10-30,http://static.cninfo.com.cn/finalpage/2024-10-30/1221557650.PDF,1221557650,会计师事务所
300446,航天智造,航天智造：航天智造科技股份有限公司关于聘任公司2024年度审计机构的公告,2024-12-04,http://static.cninfo.com.cn/finalpage/2024-12-04/1221918657.PDF,1221918657,审计机构
300448,浩云科技,浩云科技：关于续聘公司2024年度审计机构的公告,2024-08-23,http://static.cninfo.com.cn/finalpage/2024-08-23/1220952143.PDF,1220952143,审计机构
300448,浩云科技,浩云科技：关于变更签字注册会计师的公告,2024-10-25,http://static.cninfo.com.cn/finalpage/2024-10-25/1221503130.PDF,1221503130,会计师
300449,汉邦高科,汉邦高科：关于续聘2024年度会计师事务所的公告,2024-12-14,http://static.cninfo.com.cn/finalpage/2024-12-14/1222015106.PDF,1222015106,会计师事务所
300452,山河药辅,山河药辅：关于聘任2024年度审计机构的公告,2024-07-16,http://static.cninfo.com.cn/finalpage/2024-07-16/1220648775.PDF,1220648775,审计机构
300452,山河药辅,山河药辅：关于拟变更会计师事务所的公告,2024-10-23,http://static.cninfo.com.cn/finalpage/2024-10-23/1221473261.PDF,1221473261,会计师事务所
300455,航天智装,航天智装：关于变更会计师事务所的公告,2024-12-10,http://static.cninfo.com.cn/finalpage/2024-12-10/1221967368.PDF,1221967368,会计师事务所
300460,惠伦晶体,惠伦晶体：关于聘任2024年度审计机构的公告,2024-12-10,http://static.cninfo.com.cn/finalpage/2024-12-10/1221964789.PDF,1221964789,审计机
300462,华铭智能,华铭智能：会计师事务所选聘制度（2024年8月）,2024-08-29,http://static.cninfo.com.cn/finalpage/2024-08-29/1221027820.PDF,1221027820,会计师事务所
300462,华铭智能,华铭智能：关于拟续聘会计师事务所的公告,2024-12-10,http://static.cninfo.com.cn/finalpage/2024-12-10/1221966788.PDF,1221966788,会计师事务所
300463,迈克生物,迈克生物：关于变更签字注册会计师的公告,2024-12-23,http://static.cninfo.com.cn/finalpage/2024-12-23/1222114515.PDF,1222114515,会计师
300466,赛摩智能,赛摩智能：关于续聘2024年度外部审计机构的公告,2024-08-27,http://static.cninfo.com.cn/finalpage/2024-08-27/1220982887.PDF,1220982887,审计机构
300472,新元科技,新元科技：关于续聘会计师事务所的公告,2024-12-14,http://static.cninfo.com.cn/finalpage/2024-12-14/1222018038.PDF,1222018038,会计师事务所
300477,合纵科技,合纵科技：关于聘任会计师事务所的公告,2024-12-03,http://static.cninfo.com.cn/finalpage/2024-12-03/1221910036.PDF,1221910036,会计师事务所
300479,神思电子,神思电子：关于选聘会计师事务所的公告,2024-08-09,http://static.cninfo.com.cn/finalpage/2024-08-09/1220823661.PDF,1220823661,会计师事务所
300480,光力科技,光力科技：光力科技股份有限公司关于续聘公司2024年度审计机构的公告,2024-12-13,http://static.cninfo.com.cn/finalpage/2024-12-13/1222005404.PDF,1222005404,审计机构
300481,濮阳惠成,濮阳惠成：关于变更审计机构签字注册会计师和质量控制复核人的公告,2024-12-12,http://static.cninfo.com.cn/finalpage/2024-12-12/1222006628.PDF,1222006628,会计师
300494,盛天网络,盛天网络：关于拟变更会计师事务所的公告,2024-08-29,http://static.cninfo.com.cn/finalpage/2024-08-29/1221033085.PDF,1221033085,会计事务所
300499,高澜股份,高澜股份：关于拟续聘2024年度审计机构的公告,2024-08-23,http://static.cninfo.com.cn/finalpage/2024-08-23/1220952130.PDF,1220952130,审计机构
300501,海顺新材,海顺新材：关于变更签字注册会计师的公告,2024-12-05,http://static.cninfo.com.cn/finalpage/2024-12-05/1221938655.PDF,1221938655,会计师
300502,新易盛,新易盛：关于拟变更2024年度会计师事务所的公告,2024-10-25,http://static.cninfo.com.cn/finalpage/2024-10-25/1221504367.PDF,1221504367,会计师事务所
300505,川金诺,川金诺：关于续聘2024年度外部审计机构的公告,2024-08-28,http://static.cninfo.com.cn/finalpage/2024-08-28/1221002142.PDF,1221002142,审计机构
300506,*ST名家,*ST名家：关于续聘2024年度审计机构的公告,2024-12-12,http://static.cninfo.com.cn/finalpage/2024-12-12/1221999811.PDF,1221999811,审计机构
300507,苏奥传感,苏奥传感：会计师事务所选聘制度,2024-11-29,http://static.cninfo.com.cn/finalpage/2024-11-29/1221879887.PDF,1221879887,会计师事务所
300507,苏奥传感,苏奥传感：关于变更会计师事务所的公告,2024-11-29,http://static.cninfo.com.cn/finalpage/2024-11-29/1221879893.PDF,1221879893,会计师事务所
300509,新美星,新美星：关于审计机构变更签字注册会计师及项目质量控制复核人的公告,2024-12-27,http://static.cninfo.com.cn/finalpage/2024-12-27/1222165331.PDF,1222165331,会计师
300511,雪榕生物,雪榕生物：上海雪榕生物科技股份有限公司关于拟变更会计师事务所的公告,2024-11-21,http://static.cninfo.com.cn/finalpage/2024-11-21/1221789210.PDF,1221789210,会计师事务所
300512,中亚股份,中亚股份：关于聘任2024年度内控审计机构的公告,2024-10-29,http://static.cninfo.com.cn/finalpage/2024-10-29/1221539443.PDF,1221539443,审计机构
300513,恒实科技,恒实科技：关于续聘会计师事务所的公告,2024-11-22,http://static.cninfo.com.cn/finalpage/2024-11-22/1221803902.PDF,1221803902,会计师事务所
300514,友讯达,友讯达：关于会计师事务所名称变更的公告,2024-09-12,http://static.cninfo.com.cn/finalpage/2024-09-12/1221216540.PDF,1221216540,会计师事务所
300516,久之洋,久之洋：关于变更签字会计师的公告,2024-12-13,http://static.cninfo.com.cn/finalpage/2024-12-13/1222016423.PDF,1222016423,会计师
300518,新迅达,新迅达：关于拟聘任会计师事务所的公告,2024-10-16,http://static.cninfo.com.cn/finalpage/2024-10-16/1221397432.PDF,1221397432,会计师事务所
300521,爱司凯,爱司凯：关于续聘2024年度审计机构的公告,2024-12-10,http://static.cninfo.com.cn/finalpage/2024-12-10/1221966919.PDF,1221966919,审计机构
300522,世名科技,世名科技：苏州世名科技股份有限公司关于续聘公司2024年度审计机构的公告,2024-08-30,http://static.cninfo.com.cn/finalpage/2024-08-30/1221058743.PDF,1221058743,审计机构
300525,博思软件,博思软件：关于聘任2024年度审计机构的公告,2024-11-15,http://static.cninfo.com.cn/finalpage/2024-11-15/1221725029.PDF,1221725029,审计机构
300527,中船应急,中船应急：关于聘任总会计师、总法律顾问的公告,2024-08-29,http://static.cninfo.com.cn/finalpage/2024-08-29/1221027315.PDF,1221027315,会计师
300527,中船应急,中船应急：关于续聘2024年度审计机构的公告,2024-12-11,http://static.cninfo.com.cn/finalpage/2024-12-11/1221981983.PDF,1221981983,审计机构
300530,领湃科技,领湃科技：关于拟变更会计师事务所的公告,2024-08-28,http://static.cninfo.com.cn/finalpage/2024-08-28/1221008783.PDF,1221008783,会计师事务所
300534,陇神戎发,陇神戎发：关于续聘2024年度会计师事务所的公告,2024-12-14,http://static.cninfo.com.cn/finalpage/2024-12-14/1222017487.PDF,1222017487,会计师事务所
300535,达威股份,达威股份：关于续聘2024年度会计师事务所的公告,2024-10-28,http://static.cninfo.com.cn/finalpage/2024-10-28/1221524913.PDF,1221524913,会计师事务所
300535,达威股份,达威股份：会计师事务所选聘制度,2024-10-28,http://static.cninfo.com.cn/finalpage/2024-10-28/1221524910.PDF,1221524910,会计师事务所
300536,*ST农尚,*ST农尚：关于聘任会计师事务所的公告,2024-07-30,http://static.cninfo.com.cn/finalpage/2024-07-30/1220746751.PDF,1220746751,会计师事务所
300536,*ST农尚,*ST农尚：关于变更会计师事务所的公告,2024-12-27,http://static.cninfo.com.cn/finalpage/2024-12-27/1222168003.PDF,1222168003,会计师事务所
300537,广信材料,广信材料：关于拟续聘2024年度财务审计机构及聘任内控审计机构的公告,2024-10-29,http://static.cninfo.com.cn/finalpage/2024-10-29/1221540218.PDF,1221540218,审计机构
300540,蜀道装备,蜀道装备：关于聘任会计师事务所的公告,2024-10-30,http://static.cninfo.com.cn/finalpage/2024-10-30/1221555032.PDF,1221555032,会计师事务所
300542,新晨科技,新晨科技：会计师事务所选聘制度（2024年11月）,2024-11-28,http://static.cninfo.com.cn/finalpage/2024-11-28/1221866314.PDF,1221866314,会计师事务所
300542,新晨科技,新晨科技：关于聘请2024年度会计师事务所的公告,2024-11-28,http://static.cninfo.com.cn/finalpage/2024-11-28/1221866316.PDF,1221866316,会计师事务所
300543,朗科智能,朗科智能：关于会计师事务所变更名称的公告,2024-09-25,http://static.cninfo.com.cn/finalpage/2024-09-25/1221291761.PDF,1221291761,会计师事务所
300545,联得装备,联得装备：关于续聘大信会计师事务所（特殊普通合伙）为公司2024年度审计机构的公告,2024-12-14,http://static.cninfo.com.cn/finalpage/2024-12-14/1222017624.PDF,1222017624,会计师事务所
300546,雄帝科技,雄帝科技：关于拟续聘会计师事务所的公告,2024-08-24,http://static.cninfo.com.cn/finalpage/2024-08-24/1220962856.PDF,1220962856,会计师事务所
300549,优德精密,优德精密：关于聘任2024年度会计师事务所的公告,2024-10-30,http://static.cninfo.com.cn/finalpage/2024-10-30/1221559401.PDF,1221559401,会计师事务所
300549,优德精密,优德精密：会计师事务所选聘制度,2024-12-14,http://static.cninfo.com.cn/finalpage/2024-12-14/1222014966.PDF,1222014966,会计师事务所
300551,古鳌科技,古鳌科技：会计师事务所选聘制度,2024-08-29,http://static.cninfo.com.cn/finalpage/2024-08-29/1221026164.PDF,1221026164,会计师事务所
300551,古鳌科技,古鳌科技：关于拟聘任2024年度会计师事务所的公告,2024-11-14,http://static.cninfo.com.cn/finalpage/2024-11-14/1221712147.PDF,1221712147,会计师事务所
300552,万集科技,万集科技：关于续聘公司2024年度审计机构的公告,2024-12-20,http://static.cninfo.com.cn/finalpage/2024-12-20/1222075812.PDF,1222075812,审计机构
300554,三超新材,三超新材：关于续聘会计师事务所的公告,2024-08-30,http://static.cninfo.com.cn/finalpage/2024-08-30/1221050482.PDF,1221050482,会计师事务所
300554,三超新材,三超新材：会计师事务所选聘制度,2024-08-30,http://static.cninfo.com.cn/finalpage/2024-08-30/1221049023.PDF,1221049023,会计事务所
300555,ST路通,ST路通：无锡路通视信网络股份有限公司关于拟续聘2024年度会计师事务所的公告,2024-11-12,http://static.cninfo.com.cn/finalpage/2024-11-12/1221685295.PDF,1221685295,会计师事务所
300556,丝路视觉,丝路视觉：关于会计师事务所名称变更的公告,2024-09-14,http://static.cninfo.com.cn/finalpage/2024-09-14/1221220603.PDF,1221220603,会计师事务所
300556,丝路视觉,丝路视觉：关于变更审计机构签字注册会计师及项目质量复核人员的公告,2024-12-26,http://static.cninfo.com.cn/finalpage/2024-12-26/1222142709.PDF,1222142709,会计师
300557,理工光科,理工光科：关于拟变更会计师事务所的公告,2024-09-03,http://static.cninfo.com.cn/finalpage/2024-09-03/1221114473.PDF,1221114473,会计师事务所
300560,中富通,中富通：2024-073 关于续聘公司2024年度审计机构的公告,2024-12-11,http://static.cninfo.com.cn/finalpage/2024-12-11/1221979706.PDF,1221979706,审计机构
300567,精测电子,精测电子：武汉精测电子集团股份有限公司关于审计机构变更项目质量控制复核人的公告,2024-11-29,http://static.cninfo.com.cn/finalpage/2024-11-29/1221878675.PDF,1221878675,审计机构
300569,天能重工,天能重工：青岛天能重工股份有限公司关于拟续聘会计师事务所的公告,2024-10-26,http://static.cninfo.com.cn/finalpage/2024-10-26/1221523936.PDF,1221523936,会计师事务所
300572,安车检测,安车检测：会计师事务所选聘制度,2024-11-20,http://static.cninfo.com.cn/finalpage/2024-11-20/1221778029.PDF,1221778029,会计师事务所
300572,安车检测,安车检测：关于聘任公司2024年度审计机构的公告,2024-11-20,http://static.cninfo.com.cn/finalpage/2024-11-20/1221778036.PDF,1221778036,审计机构
300573,兴齐眼药,兴齐眼药：关于变更签字注册会计师的公告,2024-11-20,http://static.cninfo.com.cn/finalpage/2024-11-20/1221788310.PDF,1221788310,会计师
300578,会畅通讯,会畅通讯：关于续聘会计师事务所的公告,2024-12-04,http://static.cninfo.com.cn/finalpage/2024-12-04/1221919465.PDF,1221919465,会计师事务所
300579,数字认证,数字认证：关于拟变更会计师事务所的公告,2024-08-30,http://static.cninfo.com.cn/finalpage/2024-08-30/1221049736.PDF,1221049736,会计师事务所
300585,奥联电子,奥联电子：关于续聘会计师事务所的公告,2024-10-29,http://static.cninfo.com.cn/finalpage/2024-10-29/1221539274.PDF,1221539274,会计师事务所
300586,美联新材,美联新材：关于续聘会计师事务所的公告,2024-12-14,http://static.cninfo.com.cn/finalpage/2024-12-14/1222015306.PDF,1222015306,会计师事务所
300587,天铁股份,天铁股份：浙江天铁实业股份有限公司关于聘任2024年度外部审计机构的公告,2024-12-14,http://static.cninfo.com.cn/finalpage/2024-12-14/1222015334.PDF,1222015334,审计机构
300588,熙菱信息,熙菱信息：关于变更签字会计师的公告,2024-12-13,http://static.cninfo.com.cn/finalpage/2024-12-13/1222013728.PDF,1222013728,会计师
300588,熙菱信息,熙菱信息：会计师事务所选聘制度（2024年12月）,2024-12-31,http://static.cninfo.com.cn/finalpage/2024-12-31/1222182330.PDF,1222182330,会计师事务所
300591,万里马,万里马：关于拟续聘会计师事务所的公告,2024-07-04,http://static.cninfo.com.cn/finalpage/2024-07-04/1220526240.PDF,1220526240,会计师事务所
300594,朗进科技,朗进科技：山东朗进科技股份有限公司关于拟续聘会计师事务所的公告,2024-08-30,http://static.cninfo.com.cn/finalpage/2024-08-30/1221051036.PDF,1221051036,会计师事务所
300595,欧普康视,欧普康视：关于拟续聘会计师事务所的公告,2024-10-26,http://static.cninfo.com.cn/finalpage/2024-10-26/1221525176.PDF,1221525176,会计师事务所
300597,吉大通信,吉大通信：吉大通信关于续聘2024年度审计机构的公告,2024-10-30,http://static.cninfo.com.cn/finalpage/2024-10-30/1221559109.PDF,1221559109,审计机构
300599,雄塑科技,雄塑科技：关于拟变更会计师事务所的公告,2024-07-09,http://static.cninfo.com.cn/finalpage/2024-07-09/1220560827.PDF,1220560827,会计师事务所
300599,雄塑科技,雄塑科技：广东雄塑科技集团股份有限公司会计师事务所选聘制度（2024年7月）,2024-07-09,http://static.cninfo.com.cn/finalpage/2024-07-09/1220560833.PDF,1220560833,会计师事务所
300600,ST瑞科,ST瑞科：拟变更公司会计师事务所的公告,2024-08-29,http://static.cninfo.com.cn/finalpage/2024-08-29/1221032879.PDF,1221032879,会计师事务所
300602,飞荣达,飞荣达：关于续聘2024年度会计师事务所的公告,2024-08-20,http://static.cninfo.com.cn/finalpage/2024-08-20/1220907659.PDF,1220907659,会计师事务所
300603,立昂技术,立昂技术：关于续聘2024年度审计机构的公告,2024-10-26,http://static.cninfo.com.cn/finalpage/2024-10-26/1221524672.PDF,1221524672,审计机构
300606,金太阳,金太阳：关于拟续聘2024年度会计师事务所的公告,2024-10-30,http://static.cninfo.com.cn/finalpage/2024-10-30/1221558965.PDF,1221558965,会计师事务所
300613,富瀚微,富瀚微：会计师事务所选聘制度（2024年8月）,2024-08-29,http://static.cninfo.com.cn/finalpage/2024-08-29/1221028880.PDF,1221028880,会计师事务所
300613,富瀚微,富瀚微：关于变更会计师事务所的公告,2024-08-29,http://static.cninfo.com.cn/finalpage/2024-08-29/1221031999.PDF,1221031999,会计师事务所
300614,百川畅银,百川畅银：关于拟续聘2024年度会计师事务所的公告,2024-12-07,http://static.cninfo.com.cn/finalpage/2024-12-07/1221955226.PDF,1221955226,会计师事务所
300615,欣天科技,欣天科技：关于续聘公司2024年度审计机构的公告,2024-10-29,http://static.cninfo.com.cn/finalpage/2024-10-29/1221544246.PDF,1221544246,审计机构
300616,尚品宅配,尚品宅配：关于续聘会计师事务所的公告,2024-07-23,http://static.cninfo.com.cn/finalpage/2024-07-23/1220700600.PDF,1220700600,会计师事务所
300618,寒锐钴业,寒锐钴业：关于拟续聘2024年度会计师事务所的公告,2024-12-05,http://static.cninfo.com.cn/finalpage/2024-12-05/1221926321.PDF,1221926321,会计师事务所
300619,金银河,金银河：关于改聘会计师事务所的公告,2024-12-03,http://static.cninfo.com.cn/finalpage/2024-12-03/1221909007.PDF,1221909007,会计师事务所
300619,金银河,金银河：会计师事务所选聘制度,2024-12-03,http://static.cninfo.com.cn/finalpage/2024-12-03/1221909010.PDF,1221909010,会计师事务所
300620,光库科技,光库科技：会计师事务所选聘制度,2024-08-20,http://static.cninfo.com.cn/finalpage/2024-08-20/1220910485.PDF,1220910485,会计师事务所
300620,光库科技,光库科技：关于拟变更会计师事务所的公告,2024-09-19,http://static.cninfo.com.cn/finalpage/2024-09-19/1221235645.PDF,1221235645,会计师事务所
300621,维业股份,维业股份：关于拟变更会计师事务所的公告,2024-09-25,http://static.cninfo.com.cn/finalpage/2024-09-25/1221282489.PDF,1221282489,会计师事务所
300621,维业股份,维业股份：关于拟变更会计师事务所的公告,2024-09-25,http://static.cninfo.com.cn/finalpage/2024-09-25/1221282280.PDF,1221282280,会计师事务所
300621,维业股份,维业股份：关于拟变更会计师事务所的公告,2024-12-14,http://static.cninfo.com.cn/finalpage/2024-12-14/1222015101.PDF,1222015101,会计师事务所
300623,捷捷微电,捷捷微电：江苏捷捷微电子股份有限公司关于变更签字注册会计师的公告,2024-12-27,http://static.cninfo.com.cn/finalpage/2024-12-27/1222163602.PDF,1222163602,会计师
300624,万兴科技,万兴科技：关于变更2024年度会计师事务所的公告,2024-11-14,http://static.cninfo.com.cn/finalpage/2024-11-14/1221712540.PDF,1221712540,会计师事务所
300626,华瑞股份,华瑞股份：关于续聘2024年度审计机构的公告,2024-11-27,http://static.cninfo.com.cn/finalpage/2024-11-27/1221854538.PDF,1221854538,审计机构
300627,华测导航,华测导航：关于变更签字注册会计师的公告,2024-10-30,http://static.cninfo.com.cn/finalpage/2024-10-30/1221571714.PDF,1221571714,会计师
300629,新劲刚,新劲刚：关于选举公司董事长暨聘任高级管理人员、证券事务代表、内部审计机构负责人的公告,2024-07-05,http://static.cninfo.com.cn/finalpage/2024-07-05/1220542686.PDF,1220542686,审计机构
300630,普利制药,普利制药：董事会审计委员会对会计师事务所2023年度履职情况评估及履行监督职责情况的报告,2024-07-05,http://static.cninfo.com.cn/finalpage/2024-07-05/1220543577.PDF,1220543577,会计师事务所
300630,普利制药,普利制药：海南普利制药股份有限公司会计师事务所选聘制度,2024-07-05,http://static.cninfo.com.cn/finalpage/2024-07-05/1220543553.PDF,1220543553,会计师事务所
300630,普利制药,普利制药：关于续聘会计师事务所的公告,2024-11-01,http://static.cninfo.com.cn/finalpage/2024-11-01/1221588713.PDF,1221588713,会计师事务所
300631,久吾高科,久吾高科：关于续聘2024年度审计机构的公告,2024-08-27,http://static.cninfo.com.cn/finalpage/2024-08-27/1220982364.PDF,1220982364,审计机构
300632,光莆股份,光莆股份：关于拟续聘会计师事务所的公告,2024-10-26,http://static.cninfo.com.cn/finalpage/2024-10-26/1221525540.PDF,1221525540,会计师事务所
300638,广和通,广和通：关于续聘会计师事务所的公告,2024-10-29,http://static.cninfo.com.cn/finalpage/2024-10-29/1221539457.PDF,1221539457,会计师事务所
300640,德艺文创,德艺文创：关于变更签字注册会计师的公告,2024-12-31,http://static.cninfo.com.cn/finalpage/2024-12-31/1222188506.PDF,1222188506,会计师
300643,万通智控,万通智控：万通智控科技股份有限公司会计师事务所选聘制度,2024-07-05,http://static.cninfo.com.cn/finalpage/2024-07-05/1220541442.PDF,1220541442,会计师事务所
300652,雷迪克,雷迪克：关于续聘2024年度审计机构的公告,2024-10-31,http://static.cninfo.com.cn/finalpage/2024-10-31/1221571863.PDF,1221571863,审计机构
300656,民德电子,民德电子：关于续聘公司2024年度审计机构的公告,2024-09-19,http://static.cninfo.com.cn/finalpage/2024-09-19/1221243406.PDF,1221243406,审计机构
300657,弘信电子,弘信电子：关于变更2024年度审计机构的公告,2024-11-14,http://static.cninfo.com.cn/finalpage/2024-11-14/1221712718.PDF,1221712718,审计机构
300659,中孚信息,中孚信息：中孚信息关于拟变更会计师事务所的公告,2024-09-25,http://static.cninfo.com.cn/finalpage/2024-09-25/1221282364.PDF,1221282364,会计师事务所
300662,科锐国际,科锐国际：关于变更签字注册会计师的公告,2024-12-10,http://static.cninfo.com.cn/finalpage/2024-12-10/1221977880.PDF,1221977880,会计师
300663,科蓝软件,科蓝软件：关于拟续聘会计师事务所的公告,2024-12-14,http://static.cninfo.com.cn/finalpage/2024-12-14/1222015438.PDF,1222015438,会计师事务所
300667,必创科技,必创科技：关于拟变更会计师事务所的公告,2024-11-19,http://static.cninfo.com.cn/finalpage/2024-11-19/1221767745.PDF,1221767745,会计师事务所
300668,杰恩设计,杰恩设计：关于续聘会计师事务所的公告,2024-08-29,http://static.cninfo.com.cn/finalpage/2024-08-29/1221031087.PDF,1221031087,会计师事务所
300671,富满微,富满微：关于公司续聘会计师事务所的公告,2024-12-07,http://static.cninfo.com.cn/finalpage/2024-12-07/1221957237.PDF,1221957237,会计师事务所
300672,国科微,国科微：关于续聘公司2024年度审计机构的公告,2024-12-30,http://static.cninfo.com.cn/finalpage/2024-12-30/1222182093.PDF,1222182093,审计机构
300675,建科院,建科院：关于拟续聘2024年度审计机构的公告,2024-12-10,http://static.cninfo.com.cn/finalpage/2024-12-10/1221965473.PDF,1221965473,审计机构
300677,英科医疗,英科医疗：关于聘任2024年度会计师事务所的公告,2024-07-19,http://static.cninfo.com.cn/finalpage/2024-07-19/1220689584.PDF,1220689584,会计师事务所
300677,英科医疗,英科医疗：英科医疗科技股份有限公司会计师事务所选聘制度,2024-07-20,http://static.cninfo.com.cn/finalpage/2024-07-20/1220689965.PDF,1220689965,会计师事务所
300677,英科医疗,英科医疗：关于变更2024年度会计师事务所的公告,2024-10-29,http://static.cninfo.com.cn/finalpage/2024-10-29/1221538201.PDF,1221538201,会计师事务所
300678,中科信息,中科信息：会计师事务所选聘管理办法,2024-08-28,http://static.cninfo.com.cn/finalpage/2024-08-28/1221003911.PDF,1221003911,会计师事务所
300678,中科信息,中科信息：关于聘任公司2024年度审计机构的公告,2024-10-24,http://static.cninfo.com.cn/finalpage/2024-10-24/1221488874.PDF,1221488874,审计机构
300678,中科信息,中科信息：关于变更签字注册会计师的公告,2024-12-26,http://static.cninfo.com.cn/finalpage/2024-12-26/1222155307.PDF,1222155307,会计师
300679,电连技术,电连技术：关于变更2024年度会计师事务所的公告,2024-12-05,http://static.cninfo.com.cn/finalpage/2024-12-05/1221941060.PDF,1221941060,会计师事务所
300680,隆盛科技,隆盛科技：关于续聘会计师事务所的公告,2024-11-28,http://static.cninfo.com.cn/finalpage/2024-11-28/1221867062.PDF,1221867062,会计师事务所
300682,朗新集团,朗新集团：关于变更本次交易专项审计机构的公告,2024-11-04,http://static.cninfo.com.cn/finalpage/2024-11-04/1221627592.PDF,1221627592,审计机构
300682,朗新集团,朗新集团：关于变更2024年度会计师事务所的公告,2024-11-19,http://static.cninfo.com.cn/finalpage/2024-11-19/1221768148.PDF,1221768148,会计师事务所
300686,智动力,智动力：关于续聘公司2024年度会计师事务所的公告,2024-10-12,http://static.cninfo.com.cn/finalpage/2024-10-12/1221367855.PDF,1221367855,会计师事务所
300689,澄天伟业,澄天伟业：关于续聘会计师事务所的公告,2024-11-20,http://static.cninfo.com.cn/finalpage/2024-11-20/1221777869.PDF,1221777869,会计师事务所
300691,联合光电,联合光电：关于续聘会计师事务所的公告,2024-08-29,http://static.cninfo.com.cn/finalpage/2024-08-29/1221031094.PDF,1221031094,会计师事务所
300693,盛弘股份,盛弘股份：关于更换签字注册会计师的公告,2024-12-31,http://static.cninfo.com.cn/finalpage/2024-12-31/1222188437.PDF,1222188437,会计师
300697,电工合金,电工合金：关于变更会计师事务所的公告,2024-11-14,http://static.cninfo.com.cn/finalpage/2024-11-14/1221710890.PDF,1221710890,会计师事务所
300699,光威复材,光威复材：威海光威复合材料股份有限公司会计师事务所选聘制度,2024-10-28,http://static.cninfo.com.cn/finalpage/2024-10-28/1221520102.PDF,1221520102,会计师事务所
300701,森霸传感,森霸传感：关于变更会计师事务所的公告,2024-11-14,http://static.cninfo.com.cn/finalpage/2024-11-14/1221713117.PDF,1221713117,会计师事务所
300703,创源股份,创源股份：关于公司2024年度拟续聘会计师事务所的公告,2024-08-20,http://static.cninfo.com.cn/finalpage/2024-08-20/1220907697.PDF,1220907697,会计师事务所
300707,威唐工业,威唐工业：关于拟变更审计机构暨聘请2024年度审计机构的公告,2024-10-30,http://static.cninfo.com.cn/finalpage/2024-10-30/1221554442.PDF,1221554442,审计机构
300710,万隆光电,万隆光电：会计师事务所选聘制度（2024年10月）,2024-10-25,http://static.cninfo.com.cn/finalpage/2024-10-25/1221508078.PDF,1221508078,会计师事务所
300712,永福股份,永福股份：关于续聘会计师事务所的公告,2024-11-29,http://static.cninfo.com.cn/finalpage/2024-11-29/1221880915.PDF,1221880915,会计师事务所
300713,英可瑞,英可瑞：关于续聘公司2024年度审计机构的公告,2024-10-29,http://static.cninfo.com.cn/finalpage/2024-10-29/1221542252.PDF,1221542252,审计机构
300716,泉为科技,泉为科技：关于拟续聘会计师事务所的公告,2024-10-29,http://static.cninfo.com.cn/finalpage/2024-10-29/1221544745.PDF,1221544745,会计师事务所
300722,新余国科,新余国科：关于续聘2024年度审计机构的公告,2024-10-26,http://static.cninfo.com.cn/finalpage/2024-10-26/1221524366.PDF,1221524366,审计机构
300726,宏达电子,宏达电子：会计师事务所选聘制度（2024年8月）,2024-08-29,http://static.cninfo.com.cn/finalpage/2024-08-29/1221029036.PDF,1221029036,会计师事务所
300731,科创新源,科创新源：深圳科创新源新材料股份有限公司关于续聘2024年度审计机构的公告,2024-10-30,http://static.cninfo.com.cn/finalpage/2024-10-30/1221560497.PDF,1221560497,审计机构
300732,设研院,设研院：中审众环会计师事务所关于设研院2020 至 2023 年度财务报表更正事项的专项鉴证报告,2024-10-31,http://static.cninfo.com.cn/finalpage/2024-10-31/1221574189.PDF,1221574189,会计师事务所
300738,奥飞数据,奥飞数据：关于聘任2024年度审计机构的公告,2024-12-19,http://static.cninfo.com.cn/finalpage/2024-12-19/1222065442.PDF,1222065442,审计机构
300740,水羊股份,水羊股份：会计师事务所选聘制度（2024年12月）,2024-12-31,http://static.cninfo.com.cn/finalpage/2024-12-31/1222184012.PDF,1222184012,会计师事务所
300745,欣锐科技,欣锐科技：会计师事务所选聘制度（2024年7月）,2024-07-24,http://static.cninfo.com.cn/finalpage/2024-07-24/1220710271.PDF,1220710271,会计师事务所
300745,欣锐科技,欣锐科技：关于续聘公司2024年度审计机构的公告,2024-10-30,http://static.cninfo.com.cn/finalpage/2024-10-30/1221559331.PDF,1221559331,审计机构
300747,锐科激光,锐科激光：关于续聘2024年度审计机构的公告,2024-12-13,http://static.cninfo.com.cn/finalpage/2024-12-13/1222006165.PDF,1222006165,审计机
300749,顶固集创,顶固集创：会计师事务所选聘制度,2024-07-11,http://static.cninfo.com.cn/finalpage/2024-07-11/1220603431.PDF,1220603431,会计师事务所
300749,顶固集创,顶固集创：关于聘任 2024 年度审计机构的公告,2024-07-11,http://static.cninfo.com.cn/finalpage/2024-07-11/1220603414.PDF,1220603414,审计机构
300752,隆利科技,隆利科技：关于2023年度会计师事务所的履职情况评估报告及审计委员会履行监督职责情况报告,2024-10-30,http://static.cninfo.com.cn/finalpage/2024-10-30/1221555152.PDF,1221555152,会计事务所
300757,罗博特科,罗博特科：罗博特科：会计师事务所选聘制度（2024年7月）,2024-07-04,http://static.cninfo.com.cn/finalpage/2024-07-04/1220525868.PDF,1220525868,会计师事务所
300757,罗博特科,罗博特科：天健会计师事务所（特殊普通合伙）关于罗博特科智能科技股份有限公司发行股份及支付现金购买资产并募集配套资金项目变更签字注册会计师的承诺函,2024-11-09,http://static.cninfo.com.cn/finalpage/2024-11-09/1221663081.PDF,1221663081,会计师事务所
300757,罗博特科,罗博特科：东方证券股份有限公司关于罗博特科智能科技股份有限公司发行股份及支付现金购买资产并募集配套资金项目签字注册会计师变更情况的核查意见,2024-11-09,http://static.cninfo.com.cn/finalpage/2024-11-09/1221663091.PDF,1221663091,会计师
300757,罗博特科,罗博特科：罗博特科智能科技股份有限公司关于发行股份及支付现金购买资产并募集配套资金项目签字注册会计师变更的专项说明,2024-11-09,http://static.cninfo.com.cn/finalpage/2024-11-09/1221663090.PDF,1221663090,会计师
300758,七彩化学,七彩化学：关于变更签字会计师的公告,2024-11-27,http://static.cninfo.com.cn/finalpage/2024-11-27/1221863914.PDF,1221863914,会计师
300759,康龙化成,康龙化成：关于拟续聘2024年度境内财务及内控审计机构的公告,2024-08-28,http://static.cninfo.com.cn/finalpage/2024-08-28/1221005288.PDF,1221005288,审计机构
300761,立华股份,立华股份：关于变更签字会计师的公告,2024-12-25,http://static.cninfo.com.cn/finalpage/2024-12-25/1222142191.PDF,1222142191,会计师
300762,上海瀚讯,上海瀚讯：关于续聘2024年度审计机构的公告,2024-12-11,http://static.cninfo.com.cn/finalpage/2024-12-11/1221984428.PDF,1221984428,审计机构
300767,震安科技,震安科技：震安科技股份有限公司定期报告审计会计师事务所选聘制度,2024-07-20,http://static.cninfo.com.cn/finalpage/2024-07-20/1220689539.PDF,1220689539,会计师事务所
300767,震安科技,震安科技：震安科技股份有限公司定期报告审计会计师事务所选聘制度,2024-08-06,http://static.cninfo.com.cn/finalpage/2024-08-06/1220795860.PDF,1220795860,会计师事务所
300770,新媒股份,新媒股份：关于拟续聘2024年度会计师事务所的公告,2024-08-30,http://static.cninfo.com.cn/finalpage/2024-08-30/1221055457.PDF,1221055457,会计师事务所
300770,新媒股份,新媒股份：会计师事务所选聘办法,2024-10-26,http://static.cninfo.com.cn/finalpage/2024-10-26/1221524657.PDF,1221524657,会计师事务所
300771,智莱科技,智莱科技：关于续聘会计师事务所的公告,2024-08-29,http://static.cninfo.com.cn/finalpage/2024-08-29/1221034186.PDF,1221034186,会计师事务所
300772,运达股份,运达股份：关于拟续聘会计师事务所的公告,2024-10-28,http://static.cninfo.com.cn/finalpage/2024-10-28/1221524568.PDF,1221524568,会计师事务所
300774,倍杰特,倍杰特：关于聘任2024年度财务及内部控制审计机构的公告,2024-11-26,http://static.cninfo.com.cn/finalpage/2024-11-26/1221836129.PDF,1221836129,审计机构
300775,三角防务,三角防务：关于变更会计师事务所的公告,2024-12-28,http://static.cninfo.com.cn/finalpage/2024-12-28/1222166498.PDF,1222166498,会计师事务所
300777,中简科技,中简科技：拟聘任会计师事务所的公告,2024-08-29,http://static.cninfo.com.cn/finalpage/2024-08-29/1221031035.PDF,1221031035,会计师事务所
300778,新城市,新城市：关于续聘公司2024年度审计机构的公告,2024-10-19,http://static.cninfo.com.cn/finalpage/2024-10-19/1221432750.PDF,1221432750,审计机构
300779,惠城环保,惠城环保：关于变更签字注册会计师及质量控制复核人的公告,2024-11-27,http://static.cninfo.com.cn/finalpage/2024-11-27/1221865268.PDF,1221865268,会计师
300781,因赛集团,因赛集团：会计师事务所选聘制度（2024年10月）,2024-10-29,http://static.cninfo.com.cn/finalpage/2024-10-29/1221543167.PDF,1221543167,会计师事务所
300781,因赛集团,因赛集团：关于拟变更会计师事务所的公告,2024-10-29,http://static.cninfo.com.cn/finalpage/2024-10-29/1221543161.PDF,1221543161,会计师事务所
300786,国林科技,国林科技：会计师事务所选聘制度,2024-10-30,http://static.cninfo.com.cn/finalpage/2024-10-30/1221553141.PDF,1221553141,会计师事务所
300786,国林科技,国林科技：关于续聘2024年度审计机构的公告,2024-12-10,http://static.cninfo.com.cn/finalpage/2024-12-10/1221965771.PDF,1221965771,审计机构
300787,海能实业,海能实业：会计师事务所选聘制度,2024-10-29,http://static.cninfo.com.cn/finalpage/2024-10-29/1221538512.PDF,1221538512,会计师事务所
300787,海能实业,海能实业：关于续聘2024年度审计机构的公告,2024-11-27,http://static.cninfo.com.cn/finalpage/2024-11-27/1221854420.PDF,1221854420,审计机构
300788,中信出版,中信出版：关于变更会计师事务所的公告,2024-09-20,http://static.cninfo.com.cn/finalpage/2024-09-20/1221246290.PDF,1221246290,会计师事务所
300791,仙乐健康,仙乐健康：关于续聘2024年度审计机构的公告,2024-07-03,http://static.cninfo.com.cn/finalpage/2024-07-03/1220521105.PDF,1220521105,审计机构
300797,钢研纳克,钢研纳克：关于拟变更年度审计机构的公告,2024-11-28,http://static.cninfo.com.cn/finalpage/2024-11-28/1221879712.PDF,1221879712,审计机构
300805,电声股份,电声股份：拟续聘会计师事务所的公告,2024-08-30,http://static.cninfo.com.cn/finalpage/2024-08-30/1221052919.PDF,1221052919,会计师事务所
300807,天迈科技,天迈科技：郑州天迈科技股份有限公司会计师事务所选聘制度（2024年10月修订）,2024-10-29,http://static.cninfo.com.cn/finalpage/2024-10-29/1221544270.PDF,1221544270,会计师事务所
300807,天迈科技,天迈科技：郑州天迈科技股份有限公司关于聘任会计师事务所的公告,2024-10-29,http://static.cninfo.com.cn/finalpage/2024-10-29/1221544275.PDF,1221544275,会计师事务所
300808,久量股份,久量股份：关于拟变更会计师事务所的公告,2024-10-28,http://static.cninfo.com.cn/finalpage/2024-10-28/1221523857.PDF,1221523857,会计师事务所
300812,易天股份,易天股份：会计师事务所选聘制度,2024-10-26,http://static.cninfo.com.cn/finalpage/2024-10-26/1221523837.PDF,1221523837,会计师事务所
300814,中富电路,中富电路：关于拟聘任会计师事务所的公告,2024-11-14,http://static.cninfo.com.cn/finalpage/2024-11-14/1221712282.PDF,1221712282,会计师事务所
300815,玉禾田,玉禾田：关于续聘公司2024年度会计师事务所的公告,2024-07-02,http://static.cninfo.com.cn/finalpage/2024-07-02/1220511493.PDF,1220511493,会计师事务所
300818,耐普矿机,耐普矿机：江西耐普矿机股份有限公司会计师事务所选聘制度,2024-11-29,http://static.cninfo.com.cn/finalpage/2024-11-29/1221879510.PDF,1221879510,会计师事务所
300818,耐普矿机,耐普矿机：关于拟变更2024年度财务报告审计机构的公告,2024-11-29,http://static.cninfo.com.cn/finalpage/2024-11-29/1221879645.PDF,1221879645,审计机构
300820,英杰电气,英杰电气：关于续聘会计师事务所的公告,2024-07-10,http://static.cninfo.com.cn/finalpage/2024-07-10/1220587396.PDF,1220587396,会计师事务所
300822,贝仕达克,贝仕达克：会计师事务所选聘制度（2024年12月）,2024-12-23,http://static.cninfo.com.cn/finalpage/2024-12-23/1222113786.PDF,1222113786,会计师事务所
300823,建科智能,建科智能：关于拟聘任2024年度会计师事务所的公告,2024-11-15,http://static.cninfo.com.cn/finalpage/2024-11-15/1221724592.PDF,1221724592,会计师事务所
300825,阿尔特,阿尔特：关于续聘2024年度审计机构的公告,2024-11-13,http://static.cninfo.com.cn/finalpage/2024-11-13/1221698934.PDF,1221698934,审计机构
300829,金丹科技,金丹科技：关于拟续聘2024年度会计师事务所的公告,2024-11-27,http://static.cninfo.com.cn/finalpage/2024-11-27/1221854551.PDF,1221854551,会计师事务所
300831,派瑞股份,派瑞股份：拟变更会计师事务所的公告,2024-09-20,http://static.cninfo.com.cn/finalpage/2024-09-20/1221243866.PDF,1221243866,会计师事务所
300832,新产业,新产业：会计师事务所选聘制度（2024年8月）,2024-08-23,http://static.cninfo.com.cn/finalpage/2024-08-23/1220948943.PDF,1220948943,会计师事务所
300832,新产业,新产业：关于审计机构变更签字注册会计师及项目质量复核人的公告,2024-12-27,http://static.cninfo.com.cn/finalpage/2024-12-27/1222163409.PDF,1222163409,会计师
300833,浩洋股份,浩洋股份：关于拟续聘会计师事务所的公告,2024-11-28,http://static.cninfo.com.cn/finalpage/2024-11-28/1221865495.PDF,1221865495,会计师事务所
300836,佰奥智能,佰奥智能：会计师事务所选聘制度,2024-08-28,http://static.cninfo.com.cn/finalpage/2024-08-28/1221001393.PDF,1221001393,会计师事务所
300836,佰奥智能,佰奥智能：关于续聘会计师事务所的公告,2024-11-19,http://static.cninfo.com.cn/finalpage/2024-11-19/1221767058.PDF,1221767058,会计师事务所
300839,博汇股份,博汇股份：关于续聘公司2024年度审计机构的公告,2024-08-29,http://static.cninfo.com.cn/finalpage/2024-08-29/1221026218.PDF,1221026218,审计机构
300841,康华生物,康华生物：关于变更签字注册会计师的公告,2024-12-23,http://static.cninfo.com.cn/finalpage/2024-12-23/1222113916.PDF,1222113916,会计师
300845,捷安高科,捷安高科：关于年度审计机构变更质量控制复核人的公告,2024-11-28,http://static.cninfo.com.cn/finalpage/2024-11-28/1221879064.PDF,1221879064,审计机构
300846,首都在线,首都在线：关于续聘2024年度审计机构的公告,2024-12-10,http://static.cninfo.com.cn/finalpage/2024-12-10/1221966718.PDF,1221966718,审计机构
300847,中船汉光,中船汉光：关于拟变更会计师事务所的公告,2024-08-15,http://static.cninfo.com.cn/finalpage/2024-08-15/1220873046.PDF,1220873046,会计师事务所
300850,新强联,新强联：会计师事务所选聘制度（2024年12月）,2024-12-07,http://static.cninfo.com.cn/finalpage/2024-12-07/1221955547.PDF,1221955547,会计师事务所
300850,新强联,新强联：关于续聘会计师事务所的公告,2024-12-07,http://static.cninfo.com.cn/finalpage/2024-12-07/1221955553.PDF,1221955553,会计师事务所
300851,交大思诺,交大思诺：关于变更签字注册会计师的公告,2024-11-22,http://static.cninfo.com.cn/finalpage/2024-11-22/1221814636.PDF,1221814636,会计师
300853,申昊科技,申昊科技：关于变更2024年度审计机构的公告,2024-12-20,http://static.cninfo.com.cn/finalpage/2024-12-20/1222092386.PDF,1222092386,审计机构
300861,美畅股份,美畅股份：关于续聘2024年度审计机构的公告,2024-12-10,http://static.cninfo.com.cn/finalpage/2024-12-10/1221966733.PDF,1221966733,审计机构
300862,蓝盾光电,蓝盾光电：会计师事务所选聘制度（2024年10月制定）,2024-10-23,http://static.cninfo.com.cn/finalpage/2024-10-23/1221472413.PDF,1221472413,会计师事务所
300868,杰美特,杰美特：关于续聘大信会计师事务所（特殊普通合伙）为公司2024年度审计机构的公告,2024-12-07,http://static.cninfo.com.cn/finalpage/2024-12-07/1221955307.PDF,1221955307,会计师事务所
300872,天阳科技,天阳科技：关于拟续聘2024年度审计机构的公告,2024-12-11,http://static.cninfo.com.cn/finalpage/2024-12-11/1221981415.PDF,1221981415,审计机构
300875,捷强装备,捷强装备：关于续聘会计师事务所的公告,2024-08-30,http://static.cninfo.com.cn/finalpage/2024-08-30/1221049796.PDF,1221049796,会计师事务所
300876,蒙泰高新,蒙泰高新：关于拟变更会计师事务所的公告,2024-10-19,http://static.cninfo.com.cn/finalpage/2024-10-19/1221432722.PDF,1221432722,会计师事务所
300880,迦南智能,迦南智能：《会计师事务所选聘制度》,2024-08-13,http://static.cninfo.com.cn/finalpage/2024-08-13/1220850935.PDF,1220850935,会计师事务所
300880,迦南智能,迦南智能：关于拟聘任会计师事务所的公告,2024-12-13,http://static.cninfo.com.cn/finalpage/2024-12-13/1222005297.PDF,1222005297,会计师事务所
300881,盛德鑫泰,盛德鑫泰：盛德鑫泰新材料股份有限公司关于续聘2024年度审计机构的公告,2024-10-24,http://static.cninfo.com.cn/finalpage/2024-10-24/1221488064.PDF,1221488064,审计机构
300885,海昌新材,海昌新材：关于续聘2024年度审计机构的公告,2024-12-05,http://static.cninfo.com.cn/finalpage/2024-12-05/1221925001.PDF,1221925001,审计机
300886,华业香料,华业香料：关于拟变更会计师事务所的公告,2024-08-22,http://static.cninfo.com.cn/finalpage/2024-08-22/1220938072.PDF,1220938072,会计师事务所
300888,稳健医疗,稳健医疗：关于聘任2024年度会计师事务所的公告,2024-07-24,http://static.cninfo.com.cn/finalpage/2024-07-24/1220720296.PDF,1220720296,会计师事务所
300891,惠云钛业,惠云钛业：关于拟聘任2024年度会计师事务所的公告,2024-11-13,http://static.cninfo.com.cn/finalpage/2024-11-13/1221698906.PDF,1221698906,会计师事务所
300894,火星人,火星人：关于年度审计机构变更项目质量复核人的公告,2024-10-28,http://static.cninfo.com.cn/finalpage/2024-10-28/1221520043.PDF,1221520043,审计机构
300895,铜牛信息,铜牛信息：关于拟续聘2024年度会计师事务所的公告,2024-11-09,http://static.cninfo.com.cn/finalpage/2024-11-09/1221661237.PDF,1221661237,会计师事务所
300896,爱美客,爱美客：会计师事务所选聘制度,2024-10-24,http://static.cninfo.com.cn/finalpage/2024-10-24/1221489632.PDF,1221489632,会计师事务所
300896,爱美客,爱美客：关于拟变更会计师事务所的公告,2024-10-24,http://static.cninfo.com.cn/finalpage/2024-10-24/1221489633.PDF,1221489633,会计师事务所
300899,上海凯鑫,上海凯鑫：关于聘任会计师事务所的公告,2024-08-27,http://static.cninfo.com.cn/finalpage/2024-08-27/1220982189.PDF,1220982189,会计师事务所
300900,广联航空,广联航空：关于变更会计师事务所的公告,2024-11-28,http://static.cninfo.com.cn/finalpage/2024-11-28/1221864136.PDF,1221864136,会计师事务所
300900,广联航空,广联航空：会计师事务所选聘制度,2024-11-28,http://static.cninfo.com.cn/finalpage/2024-11-28/1221864139.PDF,1221864139,会计师事务所
300904,威力传动,威力传动：关于续聘2024年度审计机构的公告,2024-11-12,http://static.cninfo.com.cn/finalpage/2024-11-12/1221684145.PDF,1221684145,审计机构
300905,宝丽迪,宝丽迪：关于变更签字会计师的公告,2024-12-12,http://static.cninfo.com.cn/finalpage/2024-12-12/1222004033.PDF,1222004033,会计师
300906,日月明,日月明：关于变更会计师事务所的公告,2024-11-23,http://static.cninfo.com.cn/finalpage/2024-11-23/1221817641.PDF,1221817641,会计师事务所
300909,汇创达,汇创达：关于拟变更会计师事务所的公告,2024-10-29,http://static.cninfo.com.cn/finalpage/2024-10-29/1221540117.PDF,1221540117,会计师事务所
300912,凯龙高科,凯龙高科：关于变更会计师事务所的公告,2024-08-29,http://static.cninfo.com.cn/finalpage/2024-08-29/1221025566.PDF,1221025566,会计师事务所
300912,凯龙高科,凯龙高科：会计师事务所选聘制度,2024-08-29,http://static.cninfo.com.cn/finalpage/2024-08-29/1221025557.PDF,1221025557,会计师事务所
300916,朗特智能,朗特智能：关于拟续聘会计师事务所的公告,2024-10-25,http://static.cninfo.com.cn/finalpage/2024-10-25/1221504234.PDF,1221504234,会计师事务所
300917,特发服务,特发服务：关于聘任会计师事务所的公告,2024-12-04,http://static.cninfo.com.cn/finalpage/2024-12-04/1221927254.PDF,1221927254,会计师事务所
300918,南山智尚,南山智尚：和信会计师事务所（特殊普通合伙）关于山东南山智尚科技股份有限公司申请向特定对象发行股票的审核问询函的回复(修订稿）（2024年半年度财务数据更新版）,2024-10-16,http://static.cninfo.com.cn/finalpage/2024-10-16/1221405946.PDF,1221405946,会计师事务所
300919,中伟股份,中伟股份：关于变更会计师事务所的公告,2024-12-14,http://static.cninfo.com.cn/finalpage/2024-12-14/1222018169.PDF,1222018169,会计师事务所
300921,南凌科技,南凌科技：会计师事务所选聘制度（2024年8月）,2024-08-28,http://static.cninfo.com.cn/finalpage/2024-08-28/1221007513.PDF,1221007513,会计师事务所
300921,南凌科技,南凌科技：会计师事务所选聘制度（2024年9月）,2024-09-13,http://static.cninfo.com.cn/finalpage/2024-09-13/1221223971.PDF,1221223971,会计师事务所
300921,南凌科技,南凌科技：关于公司续聘2024年度审计机构的公告,2024-10-30,http://static.cninfo.com.cn/finalpage/2024-10-30/1221560627.PDF,1221560627,审计机构
300945,曼卡龙,曼卡龙：关于更换签字注册会计师的公告,2024-12-07,http://static.cninfo.com.cn/finalpage/2024-12-07/1221957747.PDF,1221957747,会计师
300961,深水海纳,深水海纳：关于会计师事务所名称变更的公告,2024-12-19,http://static.cninfo.com.cn/finalpage/2024-12-19/1222077034.PDF,1222077034,会计师事务所
300962,中金辐照,中金辐照：中金辐照股份有限公司关于续聘2024年度审计机构的公告,2024-10-28,http://static.cninfo.com.cn/finalpage/2024-10-28/1221519912.PDF,1221519912,审计机构
300968,格林精密,格林精密：关于续聘会计师事务所的公告,2024-07-20,http://static.cninfo.com.cn/finalpage/2024-07-20/1220690199.PDF,1220690199,会计师事务所
300969,恒帅股份,恒帅股份：关于变更专项审计机构及相关事项的公告,2024-09-02,http://static.cninfo.com.cn/finalpage/2024-09-02/1221111645.PDF,1221111645,审计机构
300969,恒帅股份,恒帅股份：关于变更会计师事务所的公告,2024-12-11,http://static.cninfo.com.cn/finalpage/2024-12-11/1221984398.PDF,1221984398,会计师事务所
300977,深圳瑞捷,深圳瑞捷：董事会审计委员会对会计师事务所2023年度履职情况评估及履行监督职责情况的报告,2024-08-30,http://static.cninfo.com.cn/finalpage/2024-08-30/1221047278.PDF,1221047278,会计师事务所
300977,深圳瑞捷,深圳瑞捷：关于拟续聘会计师事务所的公告,2024-10-30,http://static.cninfo.com.cn/finalpage/2024-10-30/1221559631.PDF,1221559631,会计师事务所
300983,尤安设计,尤安设计：上海尤安建筑设计股份有限公司会计师事务所选聘制度,2024-09-14,http://static.cninfo.com.cn/finalpage/2024-09-14/1221222981.PDF,1221222981,会计师事务所
300985,致远新能,致远新能：关于续聘2024年度审计机构的公告,2024-11-26,http://static.cninfo.com.cn/finalpage/2024-11-26/1221835740.PDF,1221835740,审计机构
300986,志特新材,志特新材：关于续聘2024年度审计机构的公告,2024-10-24,http://static.cninfo.com.cn/finalpage/2024-10-24/1221490108.PDF,1221490108,审计机构
300987,川网传媒,川网传媒：关于公司聘任2024年度审计机构的公告,2024-10-29,http://static.cninfo.com.cn/finalpage/2024-10-29/1221538488.PDF,1221538488,审计机构
300995,奇德新材,奇德新材：关于续聘2024年度会计师事务所的公告,2024-10-30,http://static.cninfo.com.cn/finalpage/2024-10-30/1221560688.PDF,1221560688,会计师事务所
300996,普联软件,普联软件：关于续聘2024年度审计机构的公告,2024-07-09,http://static.cninfo.com.cn/finalpage/2024-07-09/1220558993.PDF,1220558993,审计机构
300997,欢乐家,欢乐家：关于拟续聘2024年度审计机构的公告,2024-08-27,http://static.cninfo.com.cn/finalpage/2024-08-27/1220984809.PDF,1220984809,审计机构
301006,迈拓股份,迈拓股份：会计师事务所选聘制度,2024-12-16,http://static.cninfo.com.cn/finalpage/2024-12-16/1222035893.PDF,1222035893,会计师事务所
301007,德迈仕,德迈仕：关于聘任2024年度会计师事务所的公告,2024-11-18,http://static.cninfo.com.cn/finalpage/2024-11-18/1221741313.PDF,1221741313,会计师事务所
301015,百洋医药,百洋医药：拟续聘会计师事务所的公告,2024-08-09,http://static.cninfo.com.cn/finalpage/2024-08-09/1220825089.PDF,1220825089,会计师事务所
301015,百洋医药,百洋医药：关于变更项目合伙人、签字注册会计师及质量控制复核人的公告,2024-12-10,http://static.cninfo.com.cn/finalpage/2024-12-10/1221978408.PDF,1221978408,会计师
301019,宁波色母,宁波色母：关于续聘公司2024年度审计机构的公告,2024-08-30,http://static.cninfo.com.cn/finalpage/2024-08-30/1221058084.PDF,1221058084,审计机构
301021,英诺激光,英诺激光：关于拟续聘2024年度公司审计机构的公告,2024-12-05,http://static.cninfo.com.cn/finalpage/2024-12-05/1221926787.PDF,1221926787,审计机构
301022,海泰科,海泰科：关于变更签字注册会计师的公告,2024-12-19,http://static.cninfo.com.cn/finalpage/2024-12-19/1222077322.PDF,1222077322,会计师
301038,深水规院,深水规院：关于拟变更会计师事务所的公告,2024-08-27,http://static.cninfo.com.cn/finalpage/2024-08-27/1220988924.PDF,1220988924,会计师事务所
301040,中环海陆,中环海陆：会计师事务所选聘制度（2024年9月）,2024-09-23,http://static.cninfo.com.cn/finalpage/2024-09-23/1221276882.PDF,1221276882,会计师事务所
301041,金百泽,金百泽：关于聘任2024年度审计机构的公告,2024-12-10,http://static.cninfo.com.cn/finalpage/2024-12-10/1221967519.PDF,1221967519,审计机构
301042,安联锐视,安联锐视：关于变更会计师事务所的公告,2024-10-28,http://static.cninfo.com.cn/finalpage/2024-10-28/1221522019.PDF,1221522019,会计师事务所
301043,绿岛风,绿岛风：关于续聘2024年度会计师事务所的公告,2024-08-29,http://static.cninfo.com.cn/finalpage/2024-08-29/1221023836.PDF,1221023836,会计师事务所
301045,天禄科技,天禄科技：关于续聘公司2024年度审计机构的公告,2024-11-21,http://static.cninfo.com.cn/finalpage/2024-11-21/1221790553.PDF,1221790553,审计机构
301045,天禄科技,天禄科技：会计师事务所选聘制度,2024-12-24,http://static.cninfo.com.cn/finalpage/2024-12-24/1222127281.PDF,1222127281,会计师事务所
301046,能辉科技,能辉科技：关于变更签字注册会计师的公告,2024-12-14,http://static.cninfo.com.cn/finalpage/2024-12-14/1222016835.PDF,1222016835,会计师
301051,信濠光电,信濠光电：会计师事务所选聘制度,2024-10-28,http://static.cninfo.com.cn/finalpage/2024-10-28/1221523978.PDF,1221523978,会计师事务所
301052,果麦文化,果麦文化：关于聘任2024年度会计师事务所的公告,2024-12-11,http://static.cninfo.com.cn/finalpage/2024-12-11/1221978290.PDF,1221978290,会计师事务所
301060,兰卫医学,兰卫医学：关于续聘会计师事务所的公告,2024-08-28,http://static.cninfo.com.cn/finalpage/2024-08-28/1220999114.PDF,1220999114,会计师事务所
301065,本立科技,本立科技：关于续聘2024年度会计师事务所的的公告,2024-08-30,http://static.cninfo.com.cn/finalpage/2024-08-30/1221060402.PDF,1221060402,会计师事务所
301066,万事利,万事利：天健会计师事务所（特殊普通合伙）关于杭州万事利丝绸文化股份有限公司向特定对象发行股票审核问询函中有关财务事项的说明（2024年半年度财务数据更新版）,2024-10-22,http://static.cninfo.com.cn/finalpage/2024-10-22/1221475631.PDF,1221475631,会计师事务所
301070,开勒股份,开勒股份：会计师事务所选聘制度_2024年08月,2024-08-20,http://static.cninfo.com.cn/finalpage/2024-08-20/1220910126.PDF,1220910126,会计师事务所
301071,力量钻石,力量钻石：关于续聘会计师事务所的公告,2024-12-03,http://static.cninfo.com.cn/finalpage/2024-12-03/1221908524.PDF,1221908524,会计师事务所
301072,中捷精工,中捷精工：关于公司聘请2024年度会计师事务所的公告,2024-08-28,http://static.cninfo.com.cn/finalpage/2024-08-28/1221003929.PDF,1221003929,会计师事务所
301075,多瑞医药,多瑞医药：关于变更签字注册会计师的公告,2024-12-11,http://static.cninfo.com.cn/finalpage/2024-12-11/1221997470.PDF,1221997470,会计师
301077,星华新材,星华新材：会计师事务所选聘制度,2024-08-27,http://static.cninfo.com.cn/finalpage/2024-08-27/1220985994.PDF,1220985994,会计师事务所
301077,星华新材,星华新材：关于续聘公司2024年度审计机构的公告,2024-08-27,http://static.cninfo.com.cn/finalpage/2024-08-27/1220985960.PDF,1220985960,审计机构
301077,星华新材,星华新材：关于变更签字注册会计师的公告,2024-12-18,http://static.cninfo.com.cn/finalpage/2024-12-18/1222064467.PDF,1222064467,会计师
301079,邵阳液压,邵阳液压：《会计师事务所选聘制度》,2024-09-27,http://static.cninfo.com.cn/finalpage/2024-09-27/1221305055.PDF,1221305055,会计师事务所
301080,百普赛斯,百普赛斯：关于续聘2024年度审计机构的公告,2024-11-23,http://static.cninfo.com.cn/finalpage/2024-11-23/1221816150.PDF,1221816150,审计机构
301083,百胜智能,百胜智能：2024-047 关于变更2024年度会计师事务所的公告,2024-12-06,http://static.cninfo.com.cn/finalpage/2024-12-06/1221940329.PDF,1221940329,会计师事务所
301093,华兰股份,华兰股份：关于拟聘任会计师事务所的公告,2024-11-30,http://static.cninfo.com.cn/finalpage/2024-11-30/1221892050.PDF,1221892050,会计师事务所
301098,金埔园林,金埔园林：关于拟改聘会计师事务所的公告,2024-08-20,http://static.cninfo.com.cn/finalpage/2024-08-20/1220923372.PDF,1220923372,会计师事务所
301100,风光股份,风光股份：营口风光新材料股份有限公司拟续聘会计师事务所的公告,2024-12-07,http://static.cninfo.com.cn/finalpage/2024-12-07/1221958916.PDF,1221958916,会计师事务所
301103,何氏眼科,何氏眼科：关于续聘2024年度审计机构的公告,2024-08-30,http://static.cninfo.com.cn/finalpage/2024-08-30/1221047375.PDF,1221047375,审计机构
301105,鸿铭股份,鸿铭股份：关于变更签字注册会计师的公告,2024-12-05,http://static.cninfo.com.cn/finalpage/2024-12-05/1221938656.PDF,1221938656,会计师
301107,瑜欣电子,瑜欣电子：关于拟续聘会计师事务所的公告,2024-10-28,http://static.cninfo.com.cn/finalpage/2024-10-28/1221519882.PDF,1221519882,会计师事务所
301108,洁雅股份,洁雅股份：关于续聘2024年度审计机构的公告,2024-08-28,http://static.cninfo.com.cn/finalpage/2024-08-28/1221001164.PDF,1221001164,审计机构
301108,洁雅股份,洁雅股份：关于变更签字注册会计师的公告,2024-12-31,http://static.cninfo.com.cn/finalpage/2024-12-31/1222188440.PDF,1222188440,会计师
301112,信邦智能,信邦智能：关于续聘2024年度审计机构的公告,2024-08-28,http://static.cninfo.com.cn/finalpage/2024-08-28/1221001549.PDF,1221001549,审计机构
301117,佳缘科技,佳缘科技：关于变更签字会计师的公告,2024-12-31,http://static.cninfo.com.cn/finalpage/2024-12-31/1222188914.PDF,1222188914,会计师
301118,恒光股份,恒光股份：关于变更2024年度会计师事务所的公告,2024-12-14,http://static.cninfo.com.cn/finalpage/2024-12-14/1222015423.PDF,1222015423,会计师事务所
301121,紫建电子,紫建电子：关于公司聘请2024年度会计师事务所的公告,2024-08-28,http://static.cninfo.com.cn/finalpage/2024-08-28/1221001125.PDF,1221001125,会计师事务所
301128,强瑞技术,强瑞技术：关于聘任2024年度审计机构的公告,2024-12-14,http://static.cninfo.com.cn/finalpage/2024-12-14/1222017379.PDF,1222017379,审计机构
301129,瑞纳智能,瑞纳智能：关于审计机构变更签字注册会计师的公告,2024-12-17,http://static.cninfo.com.cn/finalpage/2024-12-17/1222036038.PDF,1222036038,会计师
301130,西点药业,西点药业：关于聘任2024年度会计师事务所的公告,2024-11-22,http://static.cninfo.com.cn/finalpage/2024-11-22/1221803228.PDF,1221803228,会计师事务所
301131,聚赛龙,聚赛龙：关于续聘2024年度会计师事务所的公告,2024-10-30,http://static.cninfo.com.cn/finalpage/2024-10-30/1221556256.PDF,1221556256,会计师事务所
301136,招标股份,招标股份：关于续聘2024年度审计机构的公告,2024-12-14,http://static.cninfo.com.cn/finalpage/2024-12-14/1222016050.PDF,1222016050,审计机构
301137,哈焊华通,哈焊华通：关于拟聘任2024年度会计师事务所的公告,2024-11-26,http://static.cninfo.com.cn/finalpage/2024-11-26/1221834298.PDF,1221834298,会计师事务所
301139,元道通信,元道通信：关于续聘会计师事务所的公告,2024-12-13,http://static.cninfo.com.cn/finalpage/2024-12-13/1222004781.PDF,1222004781,会计师事务所
301148,嘉戎技术,嘉戎技术：关于续聘会计师事务所的公告,2024-08-29,http://static.cninfo.com.cn/finalpage/2024-08-29/1221032367.PDF,1221032367,会计师事务所
301150,中一科技,中一科技：关于审计机构变更项目质量控制复核人的公告,2024-12-12,http://static.cninfo.com.cn/finalpage/2024-12-12/1222005468.PDF,1222005468,审计机构
301151,冠龙节能,冠龙节能：关于聘任公司2024年度会计师事务所的公告,2024-10-30,http://static.cninfo.com.cn/finalpage/2024-10-30/1221557082.PDF,1221557082,会计师事务所
301152,天力锂能,天力锂能：天力锂能集团股份有限公司关于续聘2024年度审计机构的公告,2024-12-03,http://static.cninfo.com.cn/finalpage/2024-12-03/1221909085.PDF,1221909085,审计机构
301153,中科江南,中科江南：关于拟续聘会计师事务所的公告,2024-10-29,http://static.cninfo.com.cn/finalpage/2024-10-29/1221539335.PDF,1221539335,会计师事务所
301162,国能日新,国能日新：立信会计师事务所（特殊普通合伙）关于国能日新科技股份有限公司最近一年的财务报告及其审计报告以及最近一期的财务报告（申报稿）,2024-10-24,http://static.cninfo.com.cn/finalpage/2024-10-24/1221492790.PDF,1221492790,会计师事务所
301162,国能日新,国能日新：立信会计师事务所（特殊普通合伙）关于国能日新科技股份有限公司最近一年审计报告及财务报表以及最近一期财务报表,2024-12-10,http://static.cninfo.com.cn/finalpage/2024-12-10/1221978339.PDF,1221978339,会计师事务所
301165,锐捷网络,锐捷网络：关于续聘公司2024年度审计机构的公告,2024-12-07,http://static.cninfo.com.cn/finalpage/2024-12-07/1221955668.PDF,1221955668,审计机构
301166,优宁维,优宁维：关于聘任2024年度会计师事务所的公告,2024-11-07,http://static.cninfo.com.cn/finalpage/2024-11-07/1221640051.PDF,1221640051,会计师事务所
301169,零点有数,零点有数：会计师事务所选聘制度,2024-08-29,http://static.cninfo.com.cn/finalpage/2024-08-29/1221027590.PDF,1221027590,会计师事务所
301169,零点有数,零点有数：关于续聘2024年度审计机构的公告,2024-08-29,http://static.cninfo.com.cn/finalpage/2024-08-29/1221027589.PDF,1221027589,审计机构
301172,君逸数码,君逸数码：关于变更签字注册会计师的公告,2024-11-12,http://static.cninfo.com.cn/finalpage/2024-11-12/1221696269.PDF,1221696269,会计师
301175,中科环保,中科环保：关于变更会计师事务所的公告,2024-12-05,http://static.cninfo.com.cn/finalpage/2024-12-05/1221926941.PDF,1221926941,会计师事务所
301178,天亿马,天亿马：关于续聘2024年度审计机构的公告,2024-12-12,http://static.cninfo.com.cn/finalpage/2024-12-12/1221997934.PDF,1221997934,审计机构
301181,标榜股份,标榜股份：关于聘任2024年度会计师事务所的公告,2024-11-20,http://static.cninfo.com.cn/finalpage/2024-11-20/1221777174.PDF,1221777174,会计师事务所
301185,鸥玛软件,鸥玛软件：关于续聘公司2024年度会计师事务所的公告,2024-12-11,http://static.cninfo.com.cn/finalpage/2024-12-11/1221978334.PDF,1221978334,会计师事务所
301187,欧圣电气,欧圣电气：关于续聘会计师事务所的公告,2024-08-16,http://static.cninfo.com.cn/finalpage/2024-08-16/1220880839.PDF,1220880839,会计师事务所
301188,力诺特玻,力诺特玻：关于聘任会计师事务所的公告,2024-08-16,http://static.cninfo.com.cn/finalpage/2024-08-16/1220881489.PDF,1220881489,会计师事务所
301190,善水科技,善水科技：关于变更会计师事务所的公告,2024-12-06,http://static.cninfo.com.cn/finalpage/2024-12-06/1221940567.PDF,1221940567,会计师事务所
301196,唯科科技,唯科科技：关于拟聘用会计师事务所的公告,2024-11-14,http://static.cninfo.com.cn/finalpage/2024-11-14/1221725932.PDF,1221725932,会计师事务所
301200,大族数控,大族数控：关于变更签字注册会计师的公告,2024-12-24,http://static.cninfo.com.cn/finalpage/2024-12-24/1222113332.PDF,1222113332,会计师
301205,联特科技,联特科技：关于续聘会计师事务所的公告,2024-08-29,http://static.cninfo.com.cn/finalpage/2024-08-29/1221032489.PDF,1221032489,会计师事务所
301206,三元生物,三元生物：关于拟变更会计师事务所的公告,2024-08-30,http://static.cninfo.com.cn/finalpage/2024-08-30/1221048186.PDF,1221048186,会计师事务所
301206,三元生物,三元生物：关于取消续聘2024年度审计机构的公告,2024-08-30,http://static.cninfo.com.cn/finalpage/2024-08-30/1221048175.PDF,1221048175,审计机构
301213,观想科技,观想科技：关于拟变更会计师事务所的公告,2024-10-25,http://static.cninfo.com.cn/finalpage/2024-10-25/1221508462.PDF,1221508462,会计师事务所
301217,铜冠铜箔,铜冠铜箔：会计师事务所选聘制度,2024-12-17,http://static.cninfo.com.cn/finalpage/2024-12-17/1222047237.PDF,1222047237,会计师事务所
301217,铜冠铜箔,铜冠铜箔：关于变更签字注册会计师的公告,2024-12-31,http://static.cninfo.com.cn/finalpage/2024-12-31/1222188806.PDF,1222188806,会计师
301221,光庭信息,光庭信息：关于续聘2024年度审计机构的公告,2024-08-03,http://static.cninfo.com.cn/finalpage/2024-08-03/1220787054.PDF,1220787054,审计机构
301226,祥明智能,祥明智能：关于续聘会计师事务所的公告,2024-10-29,http://static.cninfo.com.cn/finalpage/2024-10-29/1221541278.PDF,1221541278,会计师事务所
301226,祥明智能,祥明智能：会计师事务所选聘制度（2024年10月）,2024-10-29,http://static.cninfo.com.cn/finalpage/2024-10-29/1221541279.PDF,1221541279,会计师事务所
301228,实朴检测,实朴检测：关于拟变更会计师事务所的公告,2024-10-17,http://static.cninfo.com.cn/finalpage/2024-10-17/1221407319.PDF,1221407319,会计师事务所
301231,荣信文化,荣信文化：关于续聘容诚会计师事务所（特殊普通合伙）为公司2024年度审计机构的公告,2024-10-30,http://static.cninfo.com.cn/finalpage/2024-10-30/1221559548.PDF,1221559548,会计师事务所
301235,华康医疗,华康医疗：关于续聘公司2024年度审计机构的公告,2024-08-30,http://static.cninfo.com.cn/finalpage/2024-08-30/1221052727.PDF,1221052727,审计机构
301246,宏源药业,宏源药业：关于续聘2024年度审计机构的公告,2024-10-25,http://static.cninfo.com.cn/finalpage/2024-10-25/1221505321.PDF,1221505321,审计机构
301251,威尔高,威尔高：关于变更会计师事务所的公告,2024-12-06,http://static.cninfo.com.cn/finalpage/2024-12-06/1221941553.PDF,1221941553,会计师事务所
301259,艾布鲁,艾布鲁：关于续聘2024年度审计机构的公告,2024-08-29,http://static.cninfo.com.cn/finalpage/2024-08-29/1221024424.PDF,1221024424,审计机构
301260,格力博,格力博：关于变更签字注册会计师的公告,2024-12-19,http://static.cninfo.com.cn/finalpage/2024-12-19/1222076540.PDF,1222076540,会计师
301261,恒工精密,恒工精密：会计师事务所选聘制度（2024年11月）,2024-11-29,http://static.cninfo.com.cn/finalpage/2024-11-29/1221879643.PDF,1221879643,会计师事务所
301261,恒工精密,恒工精密：关于续聘2024年度审计机构的公告,2024-11-29,http://static.cninfo.com.cn/finalpage/2024-11-29/1221879641.PDF,1221879641,审计机构
301268,铭利达,铭利达：关于公司聘任上会会计师事务所（特殊普通合伙）为2024年度审计机构的公告,2024-11-26,http://static.cninfo.com.cn/finalpage/2024-11-26/1221852563.PDF,1221852563,会计师事务所
301270,汉仪股份,汉仪股份：关于续聘会计师事务所的公告,2024-09-14,http://static.cninfo.com.cn/finalpage/2024-09-14/1221223618.PDF,1221223618,会计师事务所
301272,英华特,英华特：苏州英华特涡旋技术股份有限公司会计师事务所选聘制度,2024-08-24,http://static.cninfo.com.cn/finalpage/2024-08-24/1220963386.PDF,1220963386,会计师事务所
301272,英华特,英华特：苏州英华特涡旋技术股份有限公司关于续聘公司2024年度审计机构的公告,2024-08-24,http://static.cninfo.com.cn/finalpage/2024-08-24/1220962078.PDF,1220962078,审计机构
301279,金道科技,金道科技：关于续聘会计师事务所的公告,2024-10-30,http://static.cninfo.com.cn/finalpage/2024-10-30/1221556740.PDF,1221556740,会计师事务所
301282,金禄电子,金禄电子：会计师事务所选聘制度（2024年11月）,2024-11-23,http://static.cninfo.com.cn/finalpage/2024-11-23/1221817307.PDF,1221817307,会计师事务所
301282,金禄电子,金禄电子：关于聘任2024年度审计机构的公告,2024-11-23,http://static.cninfo.com.cn/finalpage/2024-11-23/1221817336.PDF,1221817336,审计机构
301283,聚胶股份,聚胶股份：关于变更签字注册会计师的公告,2024-12-07,http://static.cninfo.com.cn/finalpage/2024-12-07/1221957615.PDF,1221957615,会计师
301288,清研环境,清研环境：《会计师事务所选聘制度》（2024年8月制订）,2024-08-28,http://static.cninfo.com.cn/finalpage/2024-08-28/1221005779.PDF,1221005779,会计师事务所
301288,清研环境,清研环境：关于变更公司2024年度会计师事务所的公告,2024-11-12,http://static.cninfo.com.cn/finalpage/2024-11-12/1221685776.PDF,1221685776,会计师事务所
301289,国缆检测,国缆检测：上海国缆检测股份有限公司关于公司续聘2024年度会计师事务所的公告-35,2024-08-28,http://static.cninfo.com.cn/finalpage/2024-08-28/1221008751.PDF,1221008751,会计师事务所
301289,国缆检测,国缆检测：上海国缆检测股份有限公司会计师事务所选聘制度,2024-08-28,http://static.cninfo.com.cn/finalpage/2024-08-28/1221008758.PDF,1221008758,会计师事务所
301291,明阳电气,明阳电气：关于续聘会计师事务所的公告,2024-10-30,http://static.cninfo.com.cn/finalpage/2024-10-30/1221554829.PDF,1221554829,会计师事务所
301293,三博脑科,三博脑科：关于续聘2024年度审计机构的公告,2024-07-17,http://static.cninfo.com.cn/finalpage/2024-07-17/1220652375.PDF,1220652375,审计机构
301300,远翔新材,远翔新材：关于续聘2024年度会计师事务所的公告,2024-08-03,http://static.cninfo.com.cn/finalpage/2024-08-03/1220788806.PDF,1220788806,会计师事务所
301301,川宁生物,川宁生物：伊犁川宁生物技术股份有限公司关于审计机构变更签字注册会计师的公告,2024-10-31,http://static.cninfo.com.cn/finalpage/2024-10-31/1221586274.PDF,1221586274,会计师
301303,真兰仪表,真兰仪表：关于续聘2024年度审计机构的公告,2024-10-29,http://static.cninfo.com.cn/finalpage/2024-10-29/1221542983.PDF,1221542983,审计机构
301309,万得凯,万得凯：关于变更签字注册会计师的公告,2024-10-22,http://static.cninfo.com.cn/finalpage/2024-10-22/1221472869.PDF,1221472869,会计师
301314,科瑞思,科瑞思：关于拟续聘会计师事务所的公告,2024-10-28,http://static.cninfo.com.cn/finalpage/2024-10-28/1221525034.PDF,1221525034,会计师事务所
301318,维海德,维海德：关于拟续聘会计师事务所的公告,2024-08-29,http://static.cninfo.com.cn/finalpage/2024-08-29/1221035647.PDF,1221035647,会计师事务所
301319,唯特偶,唯特偶：关于变更签字项目合伙人、签字注册会计师及质量控制复核人的公告,2024-11-27,http://static.cninfo.com.cn/finalpage/2024-11-27/1221855117.PDF,1221855117,会计师
301321,翰博高新,翰博高新：关于拟续聘公司2024年度审计机构的公告,2024-09-30,http://static.cninfo.com.cn/finalpage/2024-09-30/1221331686.PDF,1221331686,审计机构
301322,绿通科技,绿通科技：关于变更2024年度会计师事务所的公告,2024-11-29,http://static.cninfo.com.cn/finalpage/2024-11-29/1221878672.PDF,1221878672,会计师事务所
301325,曼恩斯特,曼恩斯特：关于变更会计师事务所的公告,2024-12-13,http://static.cninfo.com.cn/finalpage/2024-12-13/1222007299.PDF,1222007299,会计师事务所
301326,捷邦科技,捷邦科技：关于聘任2024年度会计师事务所的公告,2024-12-10,http://static.cninfo.com.cn/finalpage/2024-12-10/1221979256.PDF,1221979256,会计师事务所
301328,维峰电子,维峰电子：关于拟变更会计师事务所的公告,2024-10-26,http://static.cninfo.com.cn/finalpage/2024-10-26/1221523893.PDF,1221523893,会计师事务所
301329,信音电子,信音电子：关于变更会计师事务所的公告,2024-10-31,http://static.cninfo.com.cn/finalpage/2024-10-31/1221574654.PDF,1221574654,会计师事务所
301330,熵基科技,熵基科技：关于拟变更会计师事务所的公告,2024-10-30,http://static.cninfo.com.cn/finalpage/2024-10-30/1221554405.PDF,1221554405,会计师事务所
301338,凯格精机,凯格精机：关于续聘2024年度会计师事务所的公告,2024-08-30,http://static.cninfo.com.cn/finalpage/2024-08-30/1221056437.PDF,1221056437,会计师事务所
301339,通行宝,通行宝：关于续聘中天运会计师事务所（特殊普通合伙）为公司2024年度审计机构的公告,2024-07-03,http://static.cninfo.com.cn/finalpage/2024-07-03/1220521897.PDF,1220521897,会计师事务所
301353,普莱得,普莱得：关于拟续聘会计师事务所的公告,2024-08-28,http://static.cninfo.com.cn/finalpage/2024-08-28/1221001755.PDF,1221001755,会计师事务所
301355,南王科技,南王科技：关于拟聘任2024年度会计师事务所的公告,2024-11-16,http://static.cninfo.com.cn/finalpage/2024-11-16/1221740492.PDF,1221740492,会计师事务所
301356,天振股份,天振股份：关于变更签字注册会计师的公告,2024-12-09,http://static.cninfo.com.cn/finalpage/2024-12-09/1221966488.PDF,1221966488,会计师
301357,北方长龙,北方长龙：会计师事务所选聘制度,2024-08-28,http://static.cninfo.com.cn/finalpage/2024-08-28/1221002928.PDF,1221002928,会计师事务所
301357,北方长龙,北方长龙：关于续聘公司2024年度审计机构的公告,2024-09-27,http://static.cninfo.com.cn/finalpage/2024-09-27/1221305075.PDF,1221305075,审计机构
301370,国科恒泰,国科恒泰：会计师事务所选聘制度,2024-11-05,http://static.cninfo.com.cn/finalpage/2024-11-05/1221636738.PDF,1221636738,会计师事务所
301370,国科恒泰,国科恒泰：关于变更2024年度审计机构的公告,2024-12-07,http://static.cninfo.com.cn/finalpage/2024-12-07/1221956957.PDF,1221956957,审计机构
301373,凌玮科技,凌玮科技：关于聘任2024年度内部控制审计机构的公告,2024-10-24,http://static.cninfo.com.cn/finalpage/2024-10-24/1221490973.PDF,1221490973,审计机构
301376,致欧科技,致欧科技：关于拟变更会计师事务所的公告,2024-12-14,http://static.cninfo.com.cn/finalpage/2024-12-14/1222019236.PDF,1222019236,会计师事务所
301377,鼎泰高科,鼎泰高科：关于拟变更会计师事务所的公告,2024-12-05,http://static.cninfo.com.cn/finalpage/2024-12-05/1221925006.PDF,1221925006,会计师事务所
301380,挖金客,挖金客：关于变更签字注册会计师的公告,2024-12-31,http://static.cninfo.com.cn/finalpage/2024-12-31/1222180895.PDF,1222180895,会计师
301381,赛维时代,赛维时代：会计师事务所选聘制度,2024-08-24,http://static.cninfo.com.cn/finalpage/2024-08-24/1220960459.PDF,1220960459,会计师事务所
301381,赛维时代,赛维时代：关于续聘2024年度审计机构的公告,2024-08-24,http://static.cninfo.com.cn/finalpage/2024-08-24/1220960425.PDF,1220960425,审计机构
301383,天键股份,天键股份：会计师事务所选聘制度,2024-10-29,http://static.cninfo.com.cn/finalpage/2024-10-29/1221543018.PDF,1221543018,会计师事务所
301383,天键股份,天键股份：关于改聘会计师事务所的公告,2024-10-29,http://static.cninfo.com.cn/finalpage/2024-10-29/1221543012.PDF,1221543012,会计师事务所
301390,经纬股份,经纬股份：关于拟续聘会计师事务所的公告,2024-11-28,http://static.cninfo.com.cn/finalpage/2024-11-28/1221866944.PDF,1221866944,会计师事务所
301391,卡莱特,卡莱特：关于拟聘任会计师事务所的公告,2024-11-09,http://static.cninfo.com.cn/finalpage/2024-11-09/1221662449.PDF,1221662449,会计师事务所
301418,协昌科技,协昌科技：关于续聘2024年度审计机构的公告,2024-11-12,http://static.cninfo.com.cn/finalpage/2024-11-12/1221685961.PDF,1221685961,审计机构
301419,阿莱德,阿莱德：关于聘任公司2024年审计机构的公告,2024-08-28,http://static.cninfo.com.cn/finalpage/2024-08-28/1221003796.PDF,1221003796,审计机构
301421,波长光电,波长光电：会计师事务所选聘制度,2024-08-20,http://static.cninfo.com.cn/finalpage/2024-08-20/1220909512.PDF,1220909512,会计师事务所
301421,波长光电,波长光电：关于制定公司《会计师事务所选聘制度》的公告,2024-08-20,http://static.cninfo.com.cn/finalpage/2024-08-20/1220909513.PDF,1220909513,会计师事务所
301429,森泰股份,森泰股份：关于变更签字注册会计师的公告,2024-12-23,http://static.cninfo.com.cn/finalpage/2024-12-23/1222090018.PDF,1222090018,会计师
301448,开创电气,开创电气：关于续聘会计师事务所的公告,2024-08-28,http://static.cninfo.com.cn/finalpage/2024-08-28/1221007127.PDF,1221007127,会计师事务所
301456,盘古智能,盘古智能：会计师事务所选聘管理实施办法,2024-08-28,http://static.cninfo.com.cn/finalpage/2024-08-28/1221006047.PDF,1221006047,会计师事务所
301458,钧崴电子,钧崴电子：安永华明会计师事务所（特殊普通合伙）关于公司首次公开发行股票并在创业板上市的财务报表及审计报告,2024-12-20,http://static.cninfo.com.cn/finalpage/2024-12-20/1222076624.PDF,1222076624,会计师事务所
301468,博盈特焊,博盈特焊：关于续聘2024年度会计师事务所的公告,2024-08-09,http://static.cninfo.com.cn/finalpage/2024-08-09/1220823426.PDF,1220823426,会计师事务所
301505,苏州规划,苏州规划：苏州规划设计研究院股份有限公司会计师事务所选聘制度,2024-08-29,http://static.cninfo.com.cn/finalpage/2024-08-29/1221029561.PDF,1221029561,会计师事务所
301505,苏州规划,苏州规划：关于聘任2024年度审计机构的公告,2024-08-29,http://static.cninfo.com.cn/finalpage/2024-08-29/1221028944.PDF,1221028944,审计机构
301508,中机认检,中机认检：中机寰宇认证检验股份有限公司关于变更会计师事务所的公告,2024-12-03,http://static.cninfo.com.cn/finalpage/2024-12-03/1221908562.PDF,1221908562,会计师事务所
301508,中机认检,中机认检：关于选举董事长、专门委员会委员、监事会主席及聘任高级管理人员、证券事务代表和内部审计机构负责人的公告,2024-12-19,http://static.cninfo.com.cn/finalpage/2024-12-19/1222075152.PDF,1222075152,审计机构
301509,金凯生科,金凯生科：会计师事务所选聘制度（2024年8月）,2024-08-27,http://static.cninfo.com.cn/finalpage/2024-08-27/1220981108.PDF,1220981108,会计师事务所
301510,固高科技,固高科技：关于聘任公司2024年度会计师事务所的公告,2024-12-05,http://static.cninfo.com.cn/finalpage/2024-12-05/1221927470.PDF,1221927470,会计师事务所
301512,智信精密,智信精密：关于续聘2024年度审计机构的公告,2024-11-07,http://static.cninfo.com.cn/finalpage/2024-11-07/1221641794.PDF,1221641794,审计机构
301516,中远通,中远通：关于聘任公司2024年度内部控制审计机构的公告,2024-08-27,http://static.cninfo.com.cn/finalpage/2024-08-27/1220984687.PDF,1220984687,审计机构
301517,陕西华达,陕西华达：关于续聘会计师事务所的公告,2024-12-12,http://static.cninfo.com.cn/finalpage/2024-12-12/1221999611.PDF,1221999611,会计师事务所
301518,长华化学,长华化学：长华化学科技股份有限公司会计师事务所选聘制度,2024-08-27,http://static.cninfo.com.cn/finalpage/2024-08-27/1220985699.PDF,1220985699,会计师事务所
301518,长华化学,长华化学：关于续聘会计师事务所的公告,2024-08-27,http://static.cninfo.com.cn/finalpage/2024-08-27/1220988061.PDF,1220988061,会计事务所
301519,舜禹股份,舜禹股份：《会计师事务所选聘制度》,2024-10-25,http://static.cninfo.com.cn/finalpage/2024-10-25/1221505453.PDF,1221505453,会计师事务所
301520,万邦医药,万邦医药：关于聘任公司2024年度审计机构的公告,2024-08-23,http://static.cninfo.com.cn/finalpage/2024-08-23/1220951817.PDF,1220951817,审计机构
301522,上大股份,上大股份：立信会计师事务所（特殊普通合伙）关于公司首次公开发行股票并在创业板上市的财务报表及审计报告,2024-09-20,http://static.cninfo.com.cn/finalpage/2024-09-20/1221246325.PDF,1221246325,会计师事务所
301529,福赛科技,福赛科技：会计师事务所选聘制度,2024-08-29,http://static.cninfo.com.cn/finalpage/2024-08-29/1221028491.PDF,1221028491,会计师事务所
301536,星宸科技,星宸科技：会计师事务所选聘制度,2024-07-10,http://static.cninfo.com.cn/finalpage/2024-07-10/1220589058.PDF,1220589058,会计师事务所
301551,无线传媒,无线传媒：致同会计师事务所（特殊普通合伙）关于公司首次公开发行股票并在创业板上市的财务报表及审计报告,2024-09-05,http://static.cninfo.com.cn/finalpage/2024-09-05/1221139732.PDF,1221139732,会计师事务所
301551,无线传媒,无线传媒：会计师事务所选聘制度,2024-10-29,http://static.cninfo.com.cn/finalpage/2024-10-29/1221539105.PDF,1221539105,会计师事务所
301551,无线传媒,无线传媒：关于续聘2024年度会计师事务所的公告,2024-12-10,http://static.cninfo.com.cn/finalpage/2024-12-10/1221965481.PDF,1221965481,会计师事务所
301552,科力装备,科力装备：会计师事务所选聘制度,2024-08-16,http://static.cninfo.com.cn/finalpage/2024-08-16/1220878231.PDF,1220878231,会计师事务所
301555,惠柏新材,惠柏新材：关于拟续聘会计师事务所的公告,2024-10-24,http://static.cninfo.com.cn/finalpage/2024-10-24/1221489568.PDF,1221489568,会计师事务所
301556,托普云农,托普云农：立信会计师事务所(特殊普通合伙)关于公司首次公开发行股票并在创业板上市的财务报表及审计报告,2024-09-20,http://static.cninfo.com.cn/finalpage/2024-09-20/1221243275.PDF,1221243275,会计师事务所
301559,中集环科,中集环科：关于续聘2024年审计机构的公告,2024-12-14,http://static.cninfo.com.cn/finalpage/2024-12-14/1222019171.PDF,1222019171,审计机构
301565,中仑新材,中仑新材：会计师事务所选聘制度,2024-07-24,http://static.cninfo.com.cn/finalpage/2024-07-24/1220710754.PDF,1220710754,会计师事务所
301568,思泰克,思泰克：会计师事务所选聘制度,2024-08-29,http://static.cninfo.com.cn/finalpage/2024-08-29/1221031454.PDF,1221031454,会计师事务所
301568,思泰克,思泰克：关于续聘2024年度审计机构的公告,2024-08-29,http://static.cninfo.com.cn/finalpage/2024-08-29/1221031430.PDF,1221031430,审计机构
301571,国科天成,国科天成：致同会计师事务所（特殊普通合伙）关于公司首次公开发行股票并在创业板上市的财务报表及审计报告,2024-08-02,http://static.cninfo.com.cn/finalpage/2024-08-02/1220779464.PDF,1220779464,会计师事务所
301581,黄山谷捷,黄山谷捷：中审众环会计师事务所（特殊普通合伙）关于公司首次公开发行股票并在创业板上市的财务报表及审计报告,2024-12-19,http://static.cninfo.com.cn/finalpage/2024-12-19/1222066309.PDF,1222066309,会计师事务所
301585,蓝宇股份,蓝宇股份：中汇会计师事务所（特殊普通合伙）关于公司首次公开发行股票并在创业板上市的财务报表及审计报告,2024-11-28,http://static.cninfo.com.cn/finalpage/2024-11-28/1221867213.PDF,1221867213,会计师事务所
301586,佳力奇,佳力奇：立信会计师事务所（特殊普通合伙）关于公司首次公开发行股票并在创业板上市的财务报表及审计报告,2024-08-09,http://static.cninfo.com.cn/finalpage/2024-08-09/1220824495.PDF,1220824495,会计师事务所
301589,诺瓦星云,诺瓦星云：关于续聘会计师事务所的公告,2024-12-13,http://static.cninfo.com.cn/finalpage/2024-12-13/1222005105.PDF,1222005105,会计师事务所
301591,肯特股份,肯特股份：关于变更签字注册会计师及项目质量复核人员的公告,2024-12-26,http://static.cninfo.com.cn/finalpage/2024-12-26/1222154072.PDF,1222154072,会计师
301592,六九一二,六九一二：大信会计师事务所（特殊普通合伙）关于公司首次公开发行股票并在创业板上市的财务报表及审计报告,2024-10-09,http://static.cninfo.com.cn/finalpage/2024-10-09/1221342758.PDF,1221342758,会计师事务所
301598,博科测试,博科测试：容诚会计师事务所（特殊普通合伙）关于公司首次公开发行股票并在创业板上市的财务报表及审计报告,2024-12-05,http://static.cninfo.com.cn/finalpage/2024-12-05/1221928459.PDF,1221928459,会计师事务所
301600,慧翰股份,慧翰股份：容诚会计师事务所（特殊普通合伙）关于公司首次公开发行股票并在创业板上市的财务报告及审计报告,2024-08-29,http://static.cninfo.com.cn/finalpage/2024-08-29/1221028729.PDF,1221028729,会计师事务所
301601,惠通科技,惠通科技：中天运会计师事务所（特殊普通合伙）关于公司首次公开发行股票并在创业板上市的财务报表及审计报告,2024-12-26,http://static.cninfo.com.cn/finalpage/2024-12-26/1222144330.PDF,1222144330,会计师事务所
301603,乔锋智能,乔锋智能：关于续聘2024年度审计机构的公告,2024-10-25,http://static.cninfo.com.cn/finalpage/2024-10-25/1221506215.PDF,1221506215,审计机构
301606,绿联科技,绿联科技：容诚会计师事务所（特殊普通合伙）关于公司首次公开发行股票并在创业板上市的财务报表及审计报告,2024-07-05,http://static.cninfo.com.cn/finalpage/2024-07-05/1220536027.PDF,1220536027,会计师事务所
301607,富特科技,富特科技：天健会计师事务所(特殊普通合伙)关于公司首次公开发行股票并在创业板上市的财务报表及审计报告,2024-08-16,http://static.cninfo.com.cn/finalpage/2024-08-16/1220882966.PDF,1220882966,会计师事务所
301608,博实结,博实结：中汇会计师事务所（特殊普通合伙）关于公司首次公开发行股票并在创业板上市的财务报表及审计报告,2024-07-12,http://static.cninfo.com.cn/finalpage/2024-07-12/1220616441.PDF,1220616441,会计师事务所
301608,博实结,博实结：关于聘任2024年度审计机构的公告,2024-10-28,http://static.cninfo.com.cn/finalpage/2024-10-28/1221521951.PDF,1221521951,审计机构
301611,珂玛科技,珂玛科技：普华永道中天会计师事务所（特殊普通合伙）关于公司首次公开发行股票并在创业板上市的财务报表及审计报告,2024-07-26,http://static.cninfo.com.cn/finalpage/2024-07-26/1220731074.PDF,1220731074,会计师事务所
301611,珂玛科技,珂玛科技：会计师事务所选聘制度,2024-09-11,http://static.cninfo.com.cn/finalpage/2024-09-11/1221202524.PDF,1221202524,会计师事务所
301611,珂玛科技,珂玛科技：关于变更会计师事务所的公告,2024-10-25,http://static.cninfo.com.cn/finalpage/2024-10-25/1221507684.PDF,1221507684,会计师事务所
301613,新铝时代,新铝时代：立信会计师事务所（特殊普通合伙）关于公司首次公开发行股票并在创业板上市的财务报表及审计报告,2024-09-26,http://static.cninfo.com.cn/finalpage/2024-09-26/1221292277.PDF,1221292277,会计师事务所
301613,新铝时代,新铝时代：关于拟续聘会计师事务所的公告,2024-12-09,http://static.cninfo.com.cn/finalpage/2024-12-09/1221965429.PDF,1221965429,会计师事务所
301617,博苑股份,博苑股份：天健会计师事务所（特殊普通合伙）关于公司首次公开发行股票并在创业板上市的财务报表及审计报告,2024-11-20,http://static.cninfo.com.cn/finalpage/2024-11-20/1221776703.PDF,1221776703,会计师事务所
301618,长联科技,长联科技：信永中和会计师事务所（特殊普通合伙）关于公司首次公开发行股票并在创业板上市的财务报表及审计报告,2024-09-13,http://static.cninfo.com.cn/finalpage/2024-09-13/1221218923.PDF,1221218923,会计师事务所
301618,长联科技,长联科技：会计师事务所选聘制度,2024-10-30,http://static.cninfo.com.cn/finalpage/2024-10-30/1221559284.PDF,1221559284,会计师事务所
301622,英思特,英思特：容诚会计师事务所（特殊普通合伙）关于公司首次公开发行股票并在创业板上市的财务报表及审计报告,2024-11-14,http://static.cninfo.com.cn/finalpage/2024-11-14/1221712103.PDF,1221712103,会计师事务所
301622,英思特,英思特：会计师事务所选聘制度,2024-12-31,http://static.cninfo.com.cn/finalpage/2024-12-31/1222184233.PDF,1222184233,会计师事务所
301626,苏州天脉,苏州天脉：公证天业会计师事务所（特殊普通合伙）关于公司首次公开发行股票并在创业板上市的财务报表及审计报告,2024-09-27,http://static.cninfo.com.cn/finalpage/2024-09-27/1221304604.PDF,1221304604,会计师事务所
301626,苏州天脉,苏州天脉：《会计师事务所选聘制度》,2024-12-20,http://static.cninfo.com.cn/finalpage/2024-12-20/1222091848.PDF,1222091848,会计师事务所
301628,强达电路,强达电路：中汇会计师事务所（特殊普通合伙）关于公司首次公开发行股票并在创业板上市的财务报表及审计报告,2024-10-17,http://static.cninfo.com.cn/finalpage/2024-10-17/1221409213.PDF,1221409213,会计师事务所
301631,壹连科技,壹连科技：容诚会计师事务所（特殊普通合伙）关于公司首次公开发行股票并在创业板上市的财务报表及审计报告,2024-10-31,http://static.cninfo.com.cn/finalpage/2024-10-31/1221577930.PDF,1221577930,会计师
301633,港迪技术,港迪技术：天健会计师事务所（特殊普通合伙）关于公司首次公开发行股票并在创业板上市的财务报表及审计报告,2024-10-23,http://static.cninfo.com.cn/finalpage/2024-10-23/1221475370.PDF,1221475370,会计师事务所
600007,中国国贸,中国国贸：中国国贸关于变更会计师事务所的公告,2024-10-31,http://static.cninfo.com.cn/finalpage/2024-10-31/1221571922.PDF,1221571922,会计师事务所
600008,首创环保,首创环保：首创环保关于变更会计师事务所的公告,2024-07-26,http://static.cninfo.com.cn/finalpage/2024-07-26/1220731585.PDF,1220731585,会计师事务所
600010,包钢股份,包钢股份：包钢股份关于变更会计师事务所的公告,2024-11-23,http://static.cninfo.com.cn/finalpage/2024-11-23/1221816068.PDF,1221816068,会计师事务所
600011,华能国际,华能国际：会计师事务所履职情况评估报告,2024-10-30,http://static.cninfo.com.cn/finalpage/2024-10-30/1221560725.PDF,1221560725,会计师事务所
600011,华能国际,华能国际：华能国际关于聘任公司2025年度审计师的公告,2024-10-30,http://static.cninfo.com.cn/finalpage/2024-10-30/1221560723.PDF,1221560723,审计师
600016,民生银行,民生银行：中国民生银行关于聘任审计会计师事务所的公告,2024-09-28,http://static.cninfo.com.cn/finalpage/2024-09-28/1221314512.PDF,1221314512,会计师事务所
600018,上港集团,上港集团：上港集团关于审计机构变更项目质量复核合伙人的公告,2024-07-24,http://static.cninfo.com.cn/finalpage/2024-07-24/1220709893.PDF,1220709893,审计机构
600019,宝钢股份,宝钢股份：宝钢股份关于续聘会计师事务所的公告,2024-08-28,http://static.cninfo.com.cn/finalpage/2024-08-28/1221003368.PDF,1221003368,会计师事务所
600023,浙能电力,浙能电力：关于变更会计师事务所的公告,2024-08-30,http://static.cninfo.com.cn/finalpage/2024-08-30/1221045844.PDF,1221045844,会计师事务所
600026,中远海能,中远海能：中远海能关于建议变更公司2024年度境外审计机构的公告,2024-10-31,http://static.cninfo.com.cn/finalpage/2024-10-31/1221575057.PDF,1221575057,审计机构
600029,南方航空,南方航空：南方航空关于变更审计项目质量控制复核人的公告,2024-12-24,http://static.cninfo.com.cn/finalpage/2024-12-24/1222114376.PDF,1222114376,质量控制复核人
600032,浙江新能,浙江新能：浙江新能关于变更签字注册会计师的公告,2024-10-29,http://static.cninfo.com.cn/finalpage/2024-10-29/1221540002.PDF,1221540002,会计师
600035,楚天高速,楚天高速：湖北楚天智能交通股份有限公司关于续聘会计师事务所的公告,2024-08-01,http://static.cninfo.com.cn/finalpage/2024-08-01/1220764547.PDF,1220764547,会计师事务所
600038,中直股份,中直股份：中航直升机股份有限公司关于变更会计师事务所的公告,2024-10-30,http://static.cninfo.com.cn/finalpage/2024-10-30/1221561056.PDF,1221561056,会计师事务所
600039,四川路桥,四川路桥：四川路桥关于聘请会计师事务所的公告,2024-11-20,http://static.cninfo.com.cn/finalpage/2024-11-20/1221777580.PDF,1221777580,会计师事务所
600048,保利发展,保利发展：保利发展控股集团股份有限公司关于变更会计师事务所的公告,2024-11-06,http://static.cninfo.com.cn/finalpage/2024-11-06/1221638217.PDF,1221638217,会计师事务所
600054,黄山旅游,黄山旅游：黄山旅游会计师事务所选聘制度,2024-10-31,http://static.cninfo.com.cn/finalpage/2024-10-31/1221570132.PDF,1221570132,会计师事务所
600056,中国医药,中国医药：关于变更会计师事务所的公告,2024-11-28,http://static.cninfo.com.cn/finalpage/2024-11-28/1221866627.PDF,1221866627,会计师事务所
600058,五矿发展,五矿发展：五矿发展股份有限公司关于变更会计师事务所的公告,2024-12-10,http://static.cninfo.com.cn/finalpage/2024-12-10/1221967733.PDF,1221967733,会计师事务所
600061,国投资本,国投资本：国投资本股份有限公司关于续聘2024年度财务报表审计机构和内部控制审计机构的公告,2024-12-05,http://static.cninfo.com.cn/finalpage/2024-12-05/1221927735.PDF,1221927735,审计机构
600070,*ST富润,*ST富润： 关于变更会计师事务所的公告,2024-12-21,http://static.cninfo.com.cn/finalpage/2024-12-21/1222092034.PDF,1222092034,会计师事务所
600072,中船科技,中船科技：中船科技股份有限公司关于续聘会计师事务所的公告,2024-11-13,http://static.cninfo.com.cn/finalpage/2024-11-13/1221697806.PDF,1221697806,会计师事务所
600073,光明肉业,光明肉业：光明肉业关于变更会计师事务所的公告,2024-10-31,http://static.cninfo.com.cn/finalpage/2024-10-31/1221571041.PDF,1221571041,会计师事务所
600075,新疆天业,新疆天业：新疆天业股份有限公司关于续聘会计师事务所的公告,2024-10-23,http://static.cninfo.com.cn/finalpage/2024-10-23/1221473275.PDF,1221473275,会计师事务所
600076,康欣新材,康欣新材：康欣新材关于变更会计师事务所的公告,2024-10-29,http://static.cninfo.com.cn/finalpage/2024-10-29/1221541764.PDF,1221541764,会计师事务所
600078,澄星股份,澄星股份：江苏澄星磷化工股份有限公司会计师事务所选聘制度,2024-11-16,http://static.cninfo.com.cn/finalpage/2024-11-16/1221739762.PDF,1221739762,会计师事务所
600078,澄星股份,澄星股份：江苏澄星磷化工股份有限公司关于变更会计师事务所的公告,2024-11-21,http://static.cninfo.com.cn/finalpage/2024-11-21/1221789871.PDF,1221789871,会计师事务所
600079,人福医药,人福医药：人福医药关于变更签字注册会计师的公告,2024-12-11,http://static.cninfo.com.cn/finalpage/2024-12-11/1221978267.PDF,1221978267,会计师
600081,东风科技,东风科技：东风电子科技股份有限公司关于续聘2024年度会计师事务所的公告,2024-08-29,http://static.cninfo.com.cn/finalpage/2024-08-29/1221028564.PDF,1221028564,会计师事务所
600082,海泰发展,海泰发展：信永中和会计师事务所关于《关于天津海泰科技发展股份有限公司2023年年度报告的信息披露监管工作函》的回复,2024-07-04,http://static.cninfo.com.cn/finalpage/2024-07-04/1220527590.PDF,1220527590,会计师事务所
600082,海泰发展,海泰发展：天津海泰科技发展股份有限公司关于聘任会计师事务所的公告,2024-12-14,http://static.cninfo.com.cn/finalpage/2024-12-14/1222018055.PDF,1222018055,会计师事务所
600084,中信尼雅,中信尼雅：中信尼雅葡萄酒股份有限公司关于聘任会计师事务所的公告,2024-10-01,http://static.cninfo.com.cn/finalpage/2024-10-01/1221329047.PDF,1221329047,会计师事务所
600085,同仁堂,同仁堂：同仁堂 关于变更会计师事务所的公告,2024-10-30,http://static.cninfo.com.cn/finalpage/2024-10-30/1221555853.PDF,1221555853,会计师事务所
600096,云天化,云天化：云天化关于变更会计师事务所的公告,2024-07-10,http://static.cninfo.com.cn/finalpage/2024-07-10/1220587684.PDF,1220587684,会计师事务所
600097,开创国际,开创国际：开创国际会计师事务所选聘制度,2024-11-15,http://static.cninfo.com.cn/finalpage/2024-11-15/1221724551.PDF,1221724551,会计师事务所
600097,开创国际,开创国际：开创国际关于聘任会计师事务所的公告,2024-11-16,http://static.cninfo.com.cn/finalpage/2024-11-16/1221740938.PDF,1221740938,会计师事务所
600100,同方股份,同方股份：同方股份有限公司关于变更年度审计机构的公告,2024-10-30,http://static.cninfo.com.cn/finalpage/2024-10-30/1221559986.PDF,1221559986,审计机构
600103,青山纸业,青山纸业：关于变更会计师事务所的公告,2024-08-20,http://static.cninfo.com.cn/finalpage/2024-08-20/1220908551.PDF,1220908551,会计师事务所
600103,青山纸业,青山纸业：关于变更签字注册会计师的公告,2024-11-23,http://static.cninfo.com.cn/finalpage/2024-11-23/1221815417.PDF,1221815417,会计师
600104,上汽集团,上汽集团：普华永道中天会计师事务所（特殊普通合伙）关于对上海汽车集团股份有限公司2023年年度报告信息披露监管工作函回复的专项说明,2024-07-20,http://static.cninfo.com.cn/finalpage/2024-07-20/1220689599.PDF,1220689599,会计师事务所
600105,永鼎股份,永鼎股份：中兴华会计师事务所（特殊普通合伙）关于江苏永鼎股份有限公司2023年度年报问询函的专项说明,2024-07-04,http://static.cninfo.com.cn/finalpage/2024-07-04/1220527296.PDF,1220527296,会计师事务所
600105,永鼎股份,永鼎股份：中兴华会计师事务所（特殊普通合伙）关于江苏永鼎股份有限公司会计估计变更事项专项说明的审核报告,2024-10-26,http://static.cninfo.com.cn/finalpage/2024-10-26/1221526487.PDF,1221526487,会计师事务所
600107,美尔雅,美尔雅：中审众环会计师事务所（特殊普通合伙）关于湖北美尔雅股份有限公司2023年年度报告信息披露监管工作函的回复,2024-07-09,http://static.cninfo.com.cn/finalpage/2024-07-09/1220560750.PDF,1220560750,会计师事务所
600110,诺德股份,诺德股份：诺德新材料股份有限公司关于续聘会计师事务所的公告,2024-12-07,http://static.cninfo.com.cn/finalpage/2024-12-07/1221955820.PDF,1221955820,会计师事务所
600111,北方稀土,北方稀土：北方稀土关于变更会计师事务所的公告,2024-12-07,http://static.cninfo.com.cn/finalpage/2024-12-07/1221956302.PDF,1221956302,会计师事务所
600112,*ST天成,*ST天成：中审亚太会计师事务所（特殊普通合伙）关于贵州长征天成控股股份有限公司2023年年度报告的信息披露工作函的回复,2024-07-10,http://static.cninfo.com.cn/finalpage/2024-07-10/1220588538.PDF,1220588538,会计师事务所
600112,*ST天成,*ST天成：中审亚太会计师事务所（特殊普通合伙）财务报表非标准审计意见的专项说明（修订版）,2024-07-16,http://static.cninfo.com.cn/finalpage/2024-07-16/1220647199.PDF,1220647199,会计师事务所
600115,中国东航,中国东航：中国东方航空股份有限公司公司选聘会计师事务所管理办法,2024-08-31,http://static.cninfo.com.cn/finalpage/2024-08-31/1221092376.PDF,1221092376,会计师事务所
600115,中国东航,中国东航：中国东方航空股份有限公司关于改聘2024年度会计师事务所的公告,2024-10-09,http://static.cninfo.com.cn/finalpage/2024-10-09/1221342274.PDF,1221342274,会计师事务所
600116,三峡水利,三峡水利：重庆三峡水利电力（集团）股份有限公司关于续聘会计师事务所的公告,2024-12-12,http://static.cninfo.com.cn/finalpage/2024-12-12/1221996966.PDF,1221996966,会计师事务所
600117,西宁特钢,西宁特钢：西宁特殊钢股份有限公司关于拟变更会计师事务所暨聘任公司2024年度审计机构的公告,2024-11-14,http://static.cninfo.com.cn/finalpage/2024-11-14/1221712174.PDF,1221712174,会计师事务所
600118,中国卫星,中国卫星：中国东方红卫星股份有限公司变更会计师事务所公告,2024-10-25,http://static.cninfo.com.cn/finalpage/2024-10-25/1221507102.PDF,1221507102,会计师事务所
600119,长江投资,长江投资：长江投资：关于续聘会计师事务所的公告,2024-10-31,http://static.cninfo.com.cn/finalpage/2024-10-31/1221570543.PDF,1221570543,会计师事务所
600120,浙江东方,浙江东方：浙江东方金融控股集团股份有限公司关于聘任会计师事务所的公告,2024-11-21,http://static.cninfo.com.cn/finalpage/2024-11-21/1221790453.PDF,1221790453,会计师事务所
600126,杭钢股份,杭钢股份：杭州钢铁股份有限公司关于聘请年审会计师事务所的公告,2024-10-30,http://static.cninfo.com.cn/finalpage/2024-10-30/1221554901.PDF,1221554901,会计师事务所
600127,金健米业,金健米业：金健米业关于变更会计师事务所的公告,2024-12-07,http://static.cninfo.com.cn/finalpage/2024-12-07/1221957305.PDF,1221957305,会计师事务所
600133,东湖高新,东湖高新：武汉东湖高新集团股份有限公司会计师事务所选聘管理办法,2024-07-24,http://static.cninfo.com.cn/finalpage/2024-07-24/1220712305.PDF,1220712305,会计师事务所
600133,东湖高新,东湖高新：关于选聘会计师事务所的公告,2024-10-31,http://static.cninfo.com.cn/finalpage/2024-10-31/1221571936.PDF,1221571936,会计师事务所
600135,乐凯胶片,乐凯胶片：乐凯胶片股份有限公司变更会计师事务所的公告,2024-11-13,http://static.cninfo.com.cn/finalpage/2024-11-13/1221698541.PDF,1221698541,会计师事务所
600136,ST明诚,ST明诚：大信会计师事务所（特殊普通合伙）关于湖北嘉里传媒有限公司审计报告,2024-08-13,http://static.cninfo.com.cn/finalpage/2024-08-13/1220851946.PDF,1220851946,会计师事务所
600136,ST明诚,ST明诚：武汉当代明诚文化体育集团股份有限公司会计师事务所选聘制度,2024-08-31,http://static.cninfo.com.cn/finalpage/2024-08-31/1221085382.PDF,1221085382,会计师事务所
600136,ST明诚,ST明诚：公司关于修订《会计师事务所选聘制度》的公告,2024-08-31,http://static.cninfo.com.cn/finalpage/2024-08-31/1221085384.PDF,1221085384,会计师事务所
600136,ST明诚,ST明诚：公司关于续聘会计师事务所的公告,2024-11-26,http://static.cninfo.com.cn/finalpage/2024-11-26/1221835682.PDF,1221835682,会计师事务所
600141,兴发集团,兴发集团：湖北兴发化工集团股份有限公司会计师事务所选聘制度（2024年8月）,2024-08-20,http://static.cninfo.com.cn/finalpage/2024-08-20/1220908576.PDF,1220908576,会计师事务所
600141,兴发集团,兴发集团：湖北兴发化工集团股份有限公司关于变更会计师事务所的公告,2024-10-26,http://static.cninfo.com.cn/finalpage/2024-10-26/1221521145.PDF,1221521145,会计师事务所
600143,金发科技,金发科技：金发科技关于变更会计师事务所的公告,2024-08-27,http://static.cninfo.com.cn/finalpage/2024-08-27/1220985169.PDF,1220985169,会计师事务所
600143,金发科技,金发科技：金发科技股份有限公司会计师事务所选聘制度,2024-08-27,http://static.cninfo.com.cn/finalpage/2024-08-27/1220985165.PDF,1220985165,会计事务所
600148,长春一东,长春一东：长春一东离合器股份有限公司关于续聘会计师事务所的公告,2024-10-22,http://static.cninfo.com.cn/finalpage/2024-10-22/1221451093.PDF,1221451093,会计师事务所
600151,航天机电,航天机电：关于变更公司2024年度年审会计师事务所和内控审计机构的公告,2024-11-23,http://static.cninfo.com.cn/finalpage/2024-11-23/1221815418.PDF,1221815418,会计师事务所
600151,航天机电,航天机电：关于变更签字会计师的公告,2024-12-04,http://static.cninfo.com.cn/finalpage/2024-12-04/1221916823.PDF,1221916823,会计师
600152,维科技术,维科技术：维科技术关于变更会计师事务所的公告,2024-08-27,http://static.cninfo.com.cn/finalpage/2024-08-27/1220988631.PDF,1220988631,会计师事务所
600153,建发股份,建发股份：容诚会计师事务所（特殊普通合伙）关于厦门建发股份有限公司向原股东配售股份申请文件的审核问询函有关财务会计问题的专项说明（修订稿）（2024年半年度财务数据更新版）,2024-09-12,http://static.cninfo.com.cn/finalpage/2024-09-12/1221204343.PDF,1221204343,会计师事务所
600156,华升股份,华升股份：华升股份关于变更会计师事务所的公告,2024-10-16,http://static.cninfo.com.cn/finalpage/2024-10-16/1221395580.PDF,1221395580,会计师事务所
600158,中体产业,中体产业：中体产业集团股份有限公司关于聘任会计师事务所的公告,2024-08-27,http://static.cninfo.com.cn/finalpage/2024-08-27/1220984843.PDF,1220984843,会计师事务所
600159,大龙地产,大龙地产：关于会计师事务所名称变更的公告,2024-08-31,http://static.cninfo.com.cn/finalpage/2024-08-31/1221076533.PDF,1221076533,会计师事务所
600160,巨化股份,巨化股份：巨化股份选聘年报审计会计师事务所管理办法,2024-07-23,http://static.cninfo.com.cn/finalpage/2024-07-23/1220700350.PDF,1220700350,会计师事务所
600160,巨化股份,巨化股份：巨化股份关于聘任会计师事务所的公告,2024-08-23,http://static.cninfo.com.cn/finalpage/2024-08-23/1220951293.PDF,1220951293,会计师事务所
600162,香江控股,香江控股：香江控股关于续聘会计师事务所的公告,2024-10-31,http://static.cninfo.com.cn/finalpage/2024-10-31/1221568836.PDF,1221568836,会计师事务所
600163,中闽能源,中闽能源：中闽能源关于变更会计师事务所暨聘任2024年度审计机构的公告,2024-10-16,http://static.cninfo.com.cn/finalpage/2024-10-16/1221396283.PDF,1221396283,会计师事务所
600165,*ST宁科,*ST宁科：*ST宁科关于续聘会计师事务所的公告,2024-12-04,http://static.cninfo.com.cn/finalpage/2024-12-04/1221919670.PDF,1221919670,会计师事务所
600166,福田汽车,福田汽车：关于续聘会计师事务所的公告,2024-08-15,http://static.cninfo.com.cn/finalpage/2024-08-15/1220871256.PDF,1220871256,会计师事务所
600168,武汉控股,武汉控股：武汉三镇实业控股股份有限公司会计师事务所选聘管理制度,2024-08-26,http://static.cninfo.com.cn/finalpage/2024-08-26/1220975738.PDF,1220975738,会计师事务所
600168,武汉控股,武汉控股：武汉三镇实业控股股份有限公司变更会计师事务所的公告,2024-10-12,http://static.cninfo.com.cn/finalpage/2024-10-12/1221368834.PDF,1221368834,会计师事务所
600169,太原重工,太原重工：利安达会计师事务所（特殊普通合伙）关于太原重工股份有限公司2023年年度报告的监管工作函之回复,2024-07-26,http://static.cninfo.com.cn/finalpage/2024-07-26/1220732118.PDF,1220732118,会计师事务所
600170,上海建工,上海建工：上海建工关于变更会计师事务所的公告,2024-10-31,http://static.cninfo.com.cn/finalpage/2024-10-31/1221569201.PDF,1221569201,会计师事务所
600172,黄河旋风,黄河旋风：河南黄河旋风股份有限公司关于续聘会计师事务所的公告,2024-11-30,http://static.cninfo.com.cn/finalpage/2024-11-30/1221891242.PDF,1221891242,会计师事务所
600178,东安动力,东安动力：东安动力关于公司变更会计师事务所暨聘请2024年度审计机构的公告,2024-11-28,http://static.cninfo.com.cn/finalpage/2024-11-28/1221864764.PDF,1221864764,会计师事务所
600179,安通控股,安通控股：关于拟改聘会计师事务所的公告,2024-08-03,http://static.cninfo.com.cn/finalpage/2024-08-03/1220788114.PDF,1220788114,会计师事务所
600184,光电股份,光电股份：北方光电股份有限公司关于续聘2024年度审计机构的公告,2024-10-25,http://static.cninfo.com.cn/finalpage/2024-10-25/1221505494.PDF,1221505494,审计机构
600185,格力地产,格力地产：关于续聘会计师事务所的公告,2024-08-14,http://static.cninfo.com.cn/finalpage/2024-08-14/1220862756.PDF,1220862756,会计师事务所
600186,莲花控股,莲花控股：中兴财光华会计师事务所(特殊普通合伙)关于《关于莲花控股股份有限公司2023年年度报告的信息披露工作函》的回复,2024-07-09,http://static.cninfo.com.cn/finalpage/2024-07-09/1220561191.PDF,1220561191,会计师事务所
600186,莲花控股,莲花控股：莲花控股股份有限公司关于续聘会计师事务所的公告,2024-09-12,http://static.cninfo.com.cn/finalpage/2024-09-12/1221203086.PDF,1221203086,会计师事务所
600186,莲花控股,莲花控股：莲花控股股份有限公司关于续聘会计师事务所的更正公告,2024-12-31,http://static.cninfo.com.cn/finalpage/2024-12-31/1222182658.PDF,1222182658,会计师事务所
600189,泉阳泉,泉阳泉：关于中标结果暨聘任2024年度公司审计机构的公告,2024-12-12,http://static.cninfo.com.cn/finalpage/2024-12-12/1221996687.PDF,1221996687,审计机构
600191,华资实业,华资实业：华资实业关于续聘会计师事务的公告,2024-11-12,http://static.cninfo.com.cn/finalpage/2024-11-12/1221683721.PDF,1221683721,会计师事务
600193,创兴资源,创兴资源：上海创兴资源开发股份有限公司关于变更会计师事务所的公告,2024-11-30,http://static.cninfo.com.cn/finalpage/2024-11-30/1221891424.PDF,1221891424,会计师事务所
600195,中牧股份,中牧股份：中牧实业股份有限公司关于变更会计师事务所的公告,2024-12-10,http://static.cninfo.com.cn/finalpage/2024-12-10/1221967226.PDF,1221967226,会计师事务所
600197,伊力特,伊力特：新疆伊力特实业股份有限公司续聘会计师事务所的公告,2024-07-24,http://static.cninfo.com.cn/finalpage/2024-07-24/1220710643.PDF,1220710643,会计师事务所
600197,伊力特,伊力特：新疆伊力特实业股份有限公司变更会计师事务所公告,2024-10-30,http://static.cninfo.com.cn/finalpage/2024-10-30/1221557417.PDF,1221557417,会计事务所
600198,大唐电信,大唐电信：大华会计师事务所关于大唐电信科技股份有限公司2023年年度报告的信息披露监管工作函的回复,2024-07-03,http://static.cninfo.com.cn/finalpage/2024-07-03/1220521619.PDF,1220521619,会计师事务所
600198,大唐电信,大唐电信：大唐电信科技股份有限公司续聘会计师事务所公告,2024-12-03,http://static.cninfo.com.cn/finalpage/2024-12-03/1221910298.PDF,1221910298,会计师事务所
600199,金种子酒,金种子酒：关于变更签字注册会计师的公告,2024-11-01,http://static.cninfo.com.cn/finalpage/2024-11-01/1221587383.PDF,1221587383,会计师
600200,江苏吴中,江苏吴中：江苏吴中医药发展股份有限公司关于续聘会计师事务所的公告,2024-11-05,http://static.cninfo.com.cn/finalpage/2024-11-05/1221624355.PDF,1221624355,会计师事务所
600202,哈空调,哈空调：哈尔滨空调股份有限公司《选聘会计师事务所管理办法,2024-10-30,http://static.cninfo.com.cn/finalpage/2024-10-30/1221552968.PDF,1221552968,会计师事务所
600203,福日电子,福日电子：福建福日电子股份有限公司关于变更会计师事务所的公告,2024-08-22,http://static.cninfo.com.cn/finalpage/2024-08-22/1220936666.PDF,1220936666,会计师事务所
600212,绿能慧充,绿能慧充：绿能慧充独立董事关于续聘2024年度会计师事务所的独立意见,2024-08-30,http://static.cninfo.com.cn/finalpage/2024-08-30/1221051275.PDF,1221051275,会计师事务所
600212,绿能慧充,绿能慧充：绿能慧充关于续聘会计师事务所的公告,2024-08-30,http://static.cninfo.com.cn/finalpage/2024-08-30/1221051273.PDF,1221051273,会计师事务所
600213,*ST亚星,*ST亚星：中兴华会计师事务所（特殊普通合伙）关于扬州亚星客车股份有限公司2023年度年报问询函的专项说明,2024-07-06,http://static.cninfo.com.cn/finalpage/2024-07-06/1220540876.PDF,1220540876,会计师事务所
600215,派斯林,派斯林：派斯林关于2024年度续聘会计师事务所的公告,2024-10-30,http://static.cninfo.com.cn/finalpage/2024-10-30/1221558724.PDF,1221558724,会计师事务所
600217,中再资环,中再资环：中再资环关于聘任2024年度审计机构的公告,2024-11-06,http://static.cninfo.com.cn/finalpage/2024-11-06/1221637628.PDF,1221637628,审计机构
600218,全柴动力,全柴动力：全柴动力关于续聘会计师事务所的公告,2024-08-28,http://static.cninfo.com.cn/finalpage/2024-08-28/1221000778.PDF,1221000778,会计师事务所
600221,海航控股,海航控股：海航控股：关于聘任会计师事务所的公告,2024-11-12,http://static.cninfo.com.cn/finalpage/2024-11-12/1221686171.PDF,1221686171,会计师事务所
600222,太龙药业,太龙药业：太龙药业关于聘任会计师事务所的公告,2024-10-15,http://static.cninfo.com.cn/finalpage/2024-10-15/1221383026.PDF,1221383026,会计师事务所
600222,太龙药业,太龙药业：太龙药业关于审计机构变更项目质量控制复核人的公告,2024-12-14,http://static.cninfo.com.cn/finalpage/2024-12-14/1222015188.PDF,1222015188,审计机构
600225,卓朗科技,卓朗科技：中兴财光华会计师事务所关于对天津卓朗信息科技股份有限公司2023年度财务报表出具保留意见审计报告的专项说明（修订版）,2024-07-20,http://static.cninfo.com.cn/finalpage/2024-07-20/1220688401.PDF,1220688401,会计师事务所
600231,凌钢股份,凌钢股份：凌源钢铁股份有限公司关于续聘会计师事务所的公告,2024-11-14,http://static.cninfo.com.cn/finalpage/2024-11-14/1221712293.PDF,1221712293,会计师事务所
600231,凌钢股份,凌钢股份：凌源钢铁股份有限公司关于会计师事务所项目质控复核人变更公告,2024-12-24,http://static.cninfo.com.cn/finalpage/2024-12-24/1222113672.PDF,1222113672,会计师事务所
600234,*ST科新,*ST科新：会计师事务所选聘制度（2024年9月）,2024-09-27,http://static.cninfo.com.cn/finalpage/2024-09-27/1221305465.PDF,1221305465,会计师事务所
600234,*ST科新,*ST科新：山西科新发展股份有限公司关于拟聘任会计师事务所的公告,2024-12-12,http://static.cninfo.com.cn/finalpage/2024-12-12/1221997979.PDF,1221997979,会计师事务所
600237,铜峰电子,铜峰电子：铜峰电子关于续聘会计师事务所的公告,2024-09-26,http://static.cninfo.com.cn/finalpage/2024-09-26/1221290698.PDF,1221290698,会计师事务所
600237,铜峰电子,铜峰电子：铜峰电子会计师事务所选聘制度（2024年9月）,2024-09-26,http://static.cninfo.com.cn/finalpage/2024-09-26/1221290699.PDF,1221290699,会计师事务所
600239,云南城投,云南城投：云南城投置业股份有限公司关于聘任“信永中和会计师事务所（特殊普通合伙）”为公司2024年度审计机构的公告,2024-10-29,http://static.cninfo.com.cn/finalpage/2024-10-29/1221542072.PDF,1221542072,会计师事务
600241,时代万恒,时代万恒：辽宁时代万恒股份有限公司关于变更2024年度审计机构的公告,2024-07-20,http://static.cninfo.com.cn/finalpage/2024-07-20/1220690315.PDF,1220690315,审计机构
600246,万通发展,万通发展：关于聘任会计师事务所的公告,2024-11-05,http://static.cninfo.com.cn/finalpage/2024-11-05/1221626160.PDF,1221626160,会计师事务所
600249,两面针,两面针：两面针关于续聘会计师事务所的公告,2024-10-12,http://static.cninfo.com.cn/finalpage/2024-10-12/1221366858.PDF,1221366858,会计师事务所
600249,两面针,两面针：两面针关于续聘会计师事务所的更正公告,2024-10-15,http://static.cninfo.com.cn/finalpage/2024-10-15/1221382200.PDF,1221382200,会计师事务所
600250,南京商旅,南京商旅：南京商旅关于变更会计师事务所的公告,2024-08-06,http://static.cninfo.com.cn/finalpage/2024-08-06/1220797004.PDF,1220797004,会计师事务所
600252,中恒集团,中恒集团：广西梧州中恒集团股份有限公司关于变更2024年度会计师事务所的公告,2024-08-31,http://static.cninfo.com.cn/finalpage/2024-08-31/1221086895.PDF,1221086895,会计师事务所
600255,鑫科材料,鑫科材料：鑫科材料关于续聘会计师事务所的公告,2024-10-30,http://static.cninfo.com.cn/finalpage/2024-10-30/1221552985.PDF,1221552985,会计师事务所
600256,广汇能源,广汇能源：广汇能源股份有限公司关于聘任会计师事务所的公告,2024-11-09,http://static.cninfo.com.cn/finalpage/2024-11-09/1221661611.PDF,1221661611,会计师事务所
600259,广晟有色,广晟有色：广晟有色金属股份有限公司关于拟聘请会计师事务所的公告,2024-12-03,http://static.cninfo.com.cn/finalpage/2024-12-03/1221906617.PDF,1221906617,会计师事务所
600262,北方股份,北方股份：内蒙古北方重型汽车股份有限公司关于续聘会计师事务所的公告,2024-11-01,http://static.cninfo.com.cn/finalpage/2024-11-01/1221586337.PDF,1221586337,会计师事务所
600265,景谷林业,景谷林业：会计师事务所选聘制度（2024年修订）,2024-07-26,http://static.cninfo.com.cn/finalpage/2024-07-26/1220730852.PDF,1220730852,会计师事务所
600265,景谷林业,景谷林业：关于续聘会计师事务所的公告,2024-11-09,http://static.cninfo.com.cn/finalpage/2024-11-09/1221660335.PDF,1221660335,会计师事务所
600265,景谷林业,景谷林业：中审众环会计师事务所（特殊普通合伙）关于云南景谷林业股份有限公司向特定对象发行股票的财务报告及审计报告,2024-12-12,http://static.cninfo.com.cn/finalpage/2024-12-12/1221999734.PDF,1221999734,会计师事务所
600265,景谷林业,景谷林业：关于审计机构变更项目质量控制复核合伙人的公告,2024-12-25,http://static.cninfo.com.cn/finalpage/2024-12-25/1222127478.PDF,1222127478,审计机构
600267,海正药业,海正药业：浙江海正药业股份有限公司会计师事务所选聘制度,2024-12-28,http://static.cninfo.com.cn/finalpage/2024-12-28/1222164857.PDF,1222164857,会计师事务所
600269,赣粤高速,赣粤高速：赣粤高速关于变更会计师事务所的公告,2024-11-14,http://static.cninfo.com.cn/finalpage/2024-11-14/1221711613.PDF,1221711613,会计师事务所
600271,航天信息,航天信息：航天信息股份有限公司关于续聘2024年度会计师事务所的公告,2024-12-07,http://static.cninfo.com.cn/finalpage/2024-12-07/1221957934.PDF,1221957934,会计师事务所
600272,开开实业,开开实业：上会会计师事务所（特殊普通合伙）关于关于上海开开实业股份有限公司向特定对象发行股票的财务报告及审计报告,2024-10-10,http://static.cninfo.com.cn/finalpage/2024-10-10/1221354954.PDF,1221354954,会计师事务所
600272,开开实业,开开实业：关于年度审计机构变更质量控制复核人的公告,2024-12-13,http://static.cninfo.com.cn/finalpage/2024-12-13/1222004314.PDF,1222004314,审计机构
600273,嘉化能源,嘉化能源：关于变更签字注册会计师的公告,2024-08-27,http://static.cninfo.com.cn/finalpage/2024-08-27/1220980822.PDF,1220980822,会计师
600277,ST亿利,ST亿利：致同会计师事务所关于亿利洁能股份有限公司2023年年度报告的信息披露监管问询函要求会计师发表意见的有关问题的专项说明,2024-07-03,http://static.cninfo.com.cn/finalpage/2024-07-03/1220521384.PDF,1220521384,会计师事务所
600279,重庆港,重庆港：重庆港关于变更会计师事务所的公告,2024-12-12,http://static.cninfo.com.cn/finalpage/2024-12-12/1221998623.PDF,1221998623,会计师事务所
600281,华阳新材,华阳新材：华阳新材关于续聘公司2024年度财务报告审计机构和内部控制审计机构的公告,2024-10-30,http://static.cninfo.com.cn/finalpage/2024-10-30/1221554480.PDF,1221554480,审计机构
600282,南钢股份,南钢股份：南京钢铁股份有限公司关于审计机构变更质量控制复核人的公告,2024-12-27,http://static.cninfo.com.cn/finalpage/2024-12-27/1222154988.PDF,1222154988,审计机构
600284,浦东建设,浦东建设：浦东建设关于续聘会计师事务所的公告,2024-07-12,http://static.cninfo.com.cn/finalpage/2024-07-12/1220614658.PDF,1220614658,会计师事务所
600285,羚锐制药,羚锐制药： 羚锐制药关于续聘会计师事务所的公告,2024-11-30,http://static.cninfo.com.cn/finalpage/2024-11-30/1221891664.PDF,1221891664,会计师事务所
600287,ST舜天,ST舜天：江苏舜天关于续聘会计师事务所的公告,2024-12-10,http://static.cninfo.com.cn/finalpage/2024-12-10/1221966974.PDF,1221966974,会计师事务所
600288,大恒科技,大恒科技：北京兴华会计师事务所（特殊普通合伙）关于大恒新纪元科技股份有限公司2023年年度报告的信息披露监管工作函相关事项的回复,2024-08-10,http://static.cninfo.com.cn/finalpage/2024-08-10/1220835639.PDF,1220835639,会计师事务所
600289,*ST信通,*ST信通：亿阳信通关于续聘会计师事务所的公告,2024-12-14,http://static.cninfo.com.cn/finalpage/2024-12-14/1222016950.PDF,1222016950,会计师事务所
600295,鄂尔多斯,鄂尔多斯：内蒙古鄂尔多斯资源股份有限公司关于续聘会计师事务所的公告,2024-08-30,http://static.cninfo.com.cn/finalpage/2024-08-30/1221049957.PDF,1221049957,会计师事务所
600295,鄂尔多斯,鄂尔多斯：内蒙古鄂尔多斯资源股份有限公司关于审计机构变更签字注册会计师和质量控制复核人的公告,2024-12-07,http://static.cninfo.com.cn/finalpage/2024-12-07/1221957309.PDF,1221957309,会计师
600300,维维股份,维维股份：维维食品饮料股份有限公司关于续聘会计师事务所的公告,2024-08-31,http://static.cninfo.com.cn/finalpage/2024-08-31/1221082667.PDF,1221082667,会计师事务所
600301,华锡有色,华锡有色：广西华锡有色金属股份有限公司关于审计机构变更项目合伙人、签字注册会计师及项目质量控制复核人的公告,2024-12-07,http://static.cninfo.com.cn/finalpage/2024-12-07/1221955826.PDF,1221955826,会计师
600302,标准股份,标准股份：希格玛会计师事务所关于对西安标准工业股份有限公司2023年年度报告的信息披露监管问询函的答复,2024-08-17,http://static.cninfo.com.cn/finalpage/2024-08-17/1220892405.PDF,1220892405,会计师事务所
600302,标准股份,标准股份：标准股份关于聘任会计师事务所的公告,2024-08-23,http://static.cninfo.com.cn/finalpage/2024-08-23/1220950481.PDF,1220950481,会计师事务所
600303,ST曙光,ST曙光：ST曙光关于拟变更会计师事务所的公告,2024-11-14,http://static.cninfo.com.cn/finalpage/2024-11-14/1221713091.PDF,1221713091,会计师事务所
600307,酒钢宏兴,酒钢宏兴：酒钢宏兴关于选聘会计师事务所的公告,2024-11-16,http://static.cninfo.com.cn/finalpage/2024-11-16/1221742401.PDF,1221742401,会计师事务所
600312,平高电气,平高电气：河南平高电气股份有限公司会计师事务所选聘管理办法（试行）,2024-08-30,http://static.cninfo.com.cn/finalpage/2024-08-30/1221055636.PDF,1221055636,会计师事务所
600312,平高电气,平高电气：河南平高电气股份有限公司关于变更会计师事务所的公告,2024-12-10,http://static.cninfo.com.cn/finalpage/2024-12-10/1221967098.PDF,1221967098,会计师事务所
600313,农发种业,农发种业：中农发种业集团股份有限公司关于变更会计师事务所公告,2024-12-21,http://static.cninfo.com.cn/finalpage/2024-12-21/1222089188.PDF,1222089188,会计师事务所
600316,洪都航空,洪都航空：江西洪都航空工业股份有限公司关于变更会计师事务所的公告,2024-11-20,http://static.cninfo.com.cn/finalpage/2024-11-20/1221775871.PDF,1221775871,会计师事务所
600325,华发股份,华发股份：华发股份关于聘任会计师事务所的公告,2024-10-15,http://static.cninfo.com.cn/finalpage/2024-10-15/1221383932.PDF,1221383932,会计师事务所
600326,西藏天路,西藏天路：信永中和会计师事务所（特殊普通合伙）《关于西藏天路股份有限公司2023年年度报告的信息披露监管工作函》的回复,2024-07-31,http://static.cninfo.com.cn/finalpage/2024-07-31/1220755612.PDF,1220755612,会计师事务所
600326,西藏天路,西藏天路：中天运会计师事务所（特殊普通合伙）《关于西藏天路股份有限公司2023年年度报告的信息披露监管工作函》的回复,2024-07-31,http://static.cninfo.com.cn/finalpage/2024-07-31/1220755614.PDF,1220755614,会计师事务所
600329,达仁堂,达仁堂：达仁堂关于续聘审计机构的公告,2024-08-15,http://static.cninfo.com.cn/finalpage/2024-08-15/1220870863.PDF,1220870863,审计机构
600338,西藏珠峰,西藏珠峰：中审亚太会计师事务所（特殊普通合伙）关于西藏珠峰资源股份有限公司上海证券交易所对公司2023年年度报告的信息披露监管工作函的回复,2024-07-26,http://static.cninfo.com.cn/finalpage/2024-07-26/1220732176.PDF,1220732176,会计师事务所
600338,西藏珠峰,西藏珠峰：关于变更会计师事务所的公告,2024-12-12,http://static.cninfo.com.cn/finalpage/2024-12-12/1221998890.PDF,1221998890,会计师事务所
600343,航天动力,航天动力：航天动力关于变更会计师事务所的公告,2024-10-29,http://static.cninfo.com.cn/finalpage/2024-10-29/1221538263.PDF,1221538263,会计事务所
600345,长江通信,长江通信：长江通信关于变更会计师事务所的公告,2024-09-12,http://static.cninfo.com.cn/finalpage/2024-09-12/1221204463.PDF,1221204463,会计师事务所
600345,长江通信,长江通信：长江通信关于审计机构变更项目质量控制复核人的公告,2024-12-04,http://static.cninfo.com.cn/finalpage/2024-12-04/1221918586.PDF,1221918586,审计机构
600354,敦煌种业,敦煌种业： 甘肃省敦煌种业集团股份有限公司关于变更签字会计师的公告,2024-12-20,http://static.cninfo.com.cn/finalpage/2024-12-20/1222075844.PDF,1222075844,会计师
600356,恒丰纸业,恒丰纸业：恒丰纸业关于续聘天健会计师事务所（特殊普通合伙）为公司审计机构的公告,2024-08-21,http://static.cninfo.com.cn/finalpage/2024-08-21/1220923943.PDF,1220923943,会计师事务所
600358,国旅联合,国旅联合：国旅文化投资集团股份有限公司关于公司续聘2024年度财务决算和内控审计会计师事务所的公告,2024-07-26,http://static.cninfo.com.cn/finalpage/2024-07-26/1220731018.PDF,1220731018,会计师事务所
600359,新农开发,新农开发：新疆塔里木农业综合开发股份有限公司关于续聘会计师事务所的公告,2024-08-17,http://static.cninfo.com.cn/finalpage/2024-08-17/1220893170.PDF,1220893170,会计师事务所
600360,ST华微,ST华微：吉林华微电子股份有限公司独立董事关于变更会计师事务所的独立意见,2024-12-13,http://static.cninfo.com.cn/finalpage/2024-12-13/1222007123.PDF,1222007123,会计师事务所
600360,ST华微,ST华微：吉林华微电子股份有限公司关于变更会计师事务所的公告,2024-12-13,http://static.cninfo.com.cn/finalpage/2024-12-13/1222007125.PDF,1222007125,会计师事务所
600361,创新新材,创新新材：关于续聘会计师事务所的公告,2024-09-27,http://static.cninfo.com.cn/finalpage/2024-09-27/1221305484.PDF,1221305484,会计师事务所
600363,联创光电,联创光电：中兴华会计师事务所（特殊普通合伙）关于江西联创光电超导应用有限公司2024年1-3月财务报表审计报告书,2024-08-06,http://static.cninfo.com.cn/finalpage/2024-08-06/1220797272.PDF,1220797272,会计师事务所
600363,联创光电,联创光电：中兴华会计师事务所（特殊普通合伙）关于江西联创光电超导应用有限公司2023年度财务报表审计报告书,2024-08-06,http://static.cninfo.com.cn/finalpage/2024-08-06/1220797275.PDF,1220797275,会计师事务所
600363,联创光电,联创光电：关于变更会计师事务所的公告,2024-12-14,http://static.cninfo.com.cn/finalpage/2024-12-14/1222019700.PDF,1222019700,会计师事务所
600367,红星发展,红星发展：红星发展关于变更签字会计师的公告,2024-12-19,http://static.cninfo.com.cn/finalpage/2024-12-19/1222063559.PDF,1222063559,会计师
600368,五洲交通,五洲交通：五洲交通关于变更2024年年度财务报告和内部控制审计机构的公告,2024-12-13,http://static.cninfo.com.cn/finalpage/2024-12-13/1222003936.PDF,1222003936,审计机构
600369,西南证券,西南证券：西南证券股份有限公司续聘会计师事务所公告,2024-09-11,http://static.cninfo.com.cn/finalpage/2024-09-11/1221191475.PDF,1221191475,会计师事务所
600370,三房巷,三房巷：江苏三房巷聚材股份有限公司关于变更会计师事务所的公告,2024-11-28,http://static.cninfo.com.cn/finalpage/2024-11-28/1221864219.PDF,1221864219,会计师事务所
600372,中航机载,中航机载：中航机载关于变更会计师事务所的公告,2024-10-30,http://static.cninfo.com.cn/finalpage/2024-10-30/1221557424.PDF,1221557424,会计师事务所
600373,中文传媒,中文传媒：中文传媒关于续聘公司2024年度财务报告审计机构及内部控制审计机构的公告,2024-11-23,http://static.cninfo.com.cn/finalpage/2024-11-23/1221815912.PDF,1221815912,审计机构
600376,首开股份,首开股份：首开股份关于变更会计师事务所的公告,2024-10-22,http://static.cninfo.com.cn/finalpage/2024-10-22/1221450921.PDF,1221450921,会计师事务所
600378,昊华科技,昊华科技：天健会计师事务所关于中化蓝天集团有限公司资产交割过渡期合并利润表的专项审计报告,2024-11-01,http://static.cninfo.com.cn/finalpage/2024-11-01/1221587265.PDF,1221587265,会计师事务所
600379,宝光股份,宝光股份：宝光股份关于续聘2024年度年审会计师事务所的公告,2024-10-30,http://static.cninfo.com.cn/finalpage/2024-10-30/1221555884.PDF,1221555884,会计师事务所
600380,健康元,健康元：健康元药业集团股份有限公司关于变更审计项目合伙人及签字注册会计师的公告,2024-11-09,http://static.cninfo.com.cn/finalpage/2024-11-09/1221660221.PDF,1221660221,会计师
600381,ST春天,ST春天：修订版-大信会计师事务所（特殊普通合伙）关于对青海春天2023年度财务报表审计出具非标准审计意见报告的专项说明,2024-07-13,http://static.cninfo.com.cn/finalpage/2024-07-13/1220627137.PDF,1220627137,会计师事务所
600381,ST春天,ST春天：青海春天关于聘任会计师事务所的公告,2024-12-10,http://static.cninfo.com.cn/finalpage/2024-12-10/1221966314.PDF,1221966314,会计师事务所
600382,广东明珠,广东明珠：广东明珠集团股份有限公司关于续聘会计师事务所的公告,2024-07-16,http://static.cninfo.com.cn/finalpage/2024-07-16/1220647545.PDF,1220647545,会计师事务所
600382,广东明珠,广东明珠：广东明珠集团股份有限公司关于变更签字项目合伙人及签字注册会计师的公告,2024-12-27,http://static.cninfo.com.cn/finalpage/2024-12-27/1222154997.PDF,1222154997,会计师
600386,北巴传媒,北巴传媒：北京巴士传媒股份有限公司关于变更会计师事务所的公告,2024-10-31,http://static.cninfo.com.cn/finalpage/2024-10-31/1221568417.PDF,1221568417,会计师事务所
600386,北巴传媒,北巴传媒：北京巴士传媒股份有限公司会计师事务所选聘制度,2024-10-31,http://static.cninfo.com.cn/finalpage/2024-10-31/1221568415.PDF,1221568415,会计师事务所
600387,*ST海越,*ST海越：海越能源关于续聘会计师事务所的公告,2024-12-28,http://static.cninfo.com.cn/finalpage/2024-12-28/1222165903.PDF,1222165903,会计师事务所
600389,江山股份,江山股份：信永中和会计师事务所关于对公司2023年年度报告的信息披露监管工作函涉及会计师问题的回复,2024-07-20,http://static.cninfo.com.cn/finalpage/2024-07-20/1220688929.PDF,1220688929,会计师事务所
600389,江山股份,江山股份：江山股份关于变更会计师事务所的公告,2024-09-21,http://static.cninfo.com.cn/finalpage/2024-09-21/1221257197.PDF,1221257197,会计师事务所
600390,五矿资本,五矿资本：五矿资本股份有限公司关于变更会计师事务所的公告,2024-12-12,http://static.cninfo.com.cn/finalpage/2024-12-12/1221998953.PDF,1221998953,会计师事务所
600391,航发科技,航发科技：中国航发航空科技股份有限公司关于变更会计师事务所公告,2024-11-29,http://static.cninfo.com.cn/finalpage/2024-11-29/1221878621.PDF,1221878621,会计师事务所
600395,盘江股份,盘江股份：盘江股份关于聘任会计师事务所的公告,2024-10-26,http://static.cninfo.com.cn/finalpage/2024-10-26/1221522559.PDF,1221522559,会计师事务所
600397,安源煤业,安源煤业：安源煤业关于变更签字注册会计师的公告,2024-12-18,http://static.cninfo.com.cn/finalpage/2024-12-18/1222046530.PDF,1222046530,会计师
600398,海澜之家,海澜之家：天衡会计师事务所（特殊普通合伙）关于海澜之家集团股份有限公司2023年年度报告的信息披露监管工作函的回复,2024-08-17,http://static.cninfo.com.cn/finalpage/2024-08-17/1220895154.PDF,1220895154,会计师事务所
600400,红豆股份,红豆股份：红豆股份关于审计机构变更项目质量复核人员的公告,2024-12-25,http://static.cninfo.com.cn/finalpage/2024-12-25/1222128362.PDF,1222128362,审计机构
600415,小商品城,小商品城：关于变更会计师事务所的公告,2024-08-16,http://static.cninfo.com.cn/finalpage/2024-08-16/1220880456.PDF,1220880456,会计师事务所
600415,小商品城,小商品城：《选聘会计师事务所管理办法》,2024-08-16,http://static.cninfo.com.cn/finalpage/2024-08-16/1220880450.PDF,1220880450,会计师事务所
600418,江淮汽车,江淮汽车：江淮汽车关于选聘会计师事务所的公告,2024-10-01,http://static.cninfo.com.cn/finalpage/2024-10-01/1221333524.PDF,1221333524,会计师事务所
600419,天润乳业,天润乳业：新疆天润乳业股份有限公司会计师事务所选聘管理办法,2024-08-23,http://static.cninfo.com.cn/finalpage/2024-08-23/1220950994.PDF,1220950994,会计师事务所
600419,天润乳业,天润乳业：新疆天润乳业股份有限公司关于变更会计师事务所的公告,2024-11-22,http://static.cninfo.com.cn/finalpage/2024-11-22/1221803170.PDF,1221803170,会计师事务所
600422,昆药集团,昆药集团：昆药集团关于续聘会计师事务所的公告,2024-08-23,http://static.cninfo.com.cn/finalpage/2024-08-23/1220950748.PDF,1220950748,会计师事务所
600425,青松建化,青松建化：青松建化关于更换审计质量复核人员的公告,2024-12-26,http://static.cninfo.com.cn/finalpage/2024-12-26/1222142118.PDF,1222142118,质量复核人
600433,冠豪高新,冠豪高新：冠豪高新关于续聘2024年度会计师事务所的公告,2024-10-26,http://static.cninfo.com.cn/finalpage/2024-10-26/1221519012.PDF,1221519012,会计师事务所
600435,北方导航,北方导航：北方导航关于选聘会计师事务所的公告,2024-10-25,http://static.cninfo.com.cn/finalpage/2024-10-25/1221503768.PDF,1221503768,会计师事务所
600436,片仔癀,片仔癀：漳州片仔癀药业股份有限公司关于变更签字注册会计师的公告,2024-12-31,http://static.cninfo.com.cn/finalpage/2024-12-31/1222184304.PDF,1222184304,会计师
600449,宁夏建材,宁夏建材：宁夏建材关于续聘会计师事务所的公告,2024-12-11,http://static.cninfo.com.cn/finalpage/2024-12-11/1221980555.PDF,1221980555,会计师事务所
600455,博通股份,博通股份：博通股份续聘会计师事务所公告,2024-10-30,http://static.cninfo.com.cn/finalpage/2024-10-30/1221554084.PDF,1221554084,会计师事务所
600455,博通股份,博通股份：博通股份董事会审计委员会关于续聘2024年度会计师事务所的审查意见,2024-10-30,http://static.cninfo.com.cn/finalpage/2024-10-30/1221554086.PDF,1221554086,会计师事务所
600455,博通股份,博通股份：关于续聘2024年度会计师事务所的议案,2024-10-30,http://static.cninfo.com.cn/finalpage/2024-10-30/1221554083.PDF,1221554083,会计师事务所
600458,时代新材,时代新材：毕马威华振会计师事务所（特殊普通合伙）关于时代新材向特定对象发行股票的财务报告及审计报告（2024年半年度财务数据更新版）,2024-09-07,http://static.cninfo.com.cn/finalpage/2024-09-07/1221159373.PDF,1221159373,会计师事务所
600459,贵研铂业,贵研铂业：云南省贵金属新材料控股集团股份有限公司关于变更签字注册会计师的公告,2024-12-11,http://static.cninfo.com.cn/finalpage/2024-12-11/1221977841.PDF,1221977841,会计师
600462,*ST九有,*ST九有：湖北九有投资股份有限公司关于续聘会计师事务所的公告,2024-08-20,http://static.cninfo.com.cn/finalpage/2024-08-20/1220908682.PDF,1220908682,会计师事务所
600463,空港股份,空港股份：空港股份关于续聘会计师事务所的公告,2024-12-11,http://static.cninfo.com.cn/finalpage/2024-12-11/1221984118.PDF,1221984118,会计师事务所
600475,华光环能,华光环能：临2024-065 无锡华光环保能源集团股份有限公司关于聘请会计师事务所的公告,2024-08-30,http://static.cninfo.com.cn/finalpage/2024-08-30/1221057919.PDF,1221057919,会计师事务所
600478,科力远,科力远：上会会计师事务所关于对湖南科力远新能源股份有限公司2023年年度报告的信息披露监管工作函的回复,2024-10-01,http://static.cninfo.com.cn/finalpage/2024-10-01/1221332278.PDF,1221332278,会计师事务所
600480,凌云股份,凌云股份：凌云股份关于续聘会计师事务所的公告,2024-10-26,http://static.cninfo.com.cn/finalpage/2024-10-26/1221521870.PDF,1221521870,会计事务所
600480,凌云股份,凌云股份：凌云股份关于审计机构变更项目质量控制复核人的公告,2024-12-28,http://static.cninfo.com.cn/finalpage/2024-12-28/1222164352.PDF,1222164352,审计机构
600482,中国动力,中国动力：中国船舶重工集团动力股份有限公司关于变更项目质量复核人员的公告,2024-12-13,http://static.cninfo.com.cn/finalpage/2024-12-13/1222007042.PDF,1222007042,质量复核人
600483,福能股份,福能股份：会计师事务所关于福建福能股份有限公司向不特定对象发行可转换公司债券的财务报告及审计报告,2024-10-30,http://static.cninfo.com.cn/finalpage/2024-10-30/1221557772.PDF,1221557772,会计师事务所
600486,扬农化工,扬农化工：关于变更会计师事务所的公告,2024-08-27,http://static.cninfo.com.cn/finalpage/2024-08-27/1220984084.PDF,1220984084,会计师事务所
600495,晋西车轴,晋西车轴：晋西车轴关于续聘会计师事务所的公告,2024-10-30,http://static.cninfo.com.cn/finalpage/2024-10-30/1221557776.PDF,1221557776,会计师事务所
600497,驰宏锌锗,驰宏锌锗：驰宏锌锗关于续聘2024年度财务及内部控制审计机构的公告,2024-08-30,http://static.cninfo.com.cn/finalpage/2024-08-30/1221048589.PDF,1221048589,审计机构
600498,烽火通信,烽火通信：烽火通信科技股份有限公司关于拟改聘会计师事务所的公告,2024-09-12,http://static.cninfo.com.cn/finalpage/2024-09-12/1221203209.PDF,1221203209,会计师事务所
600500,中化国际,中化国际：中化国际关于续聘会计师事务所的公告,2024-10-31,http://static.cninfo.com.cn/finalpage/2024-10-31/1221570169.PDF,1221570169,会计师事务所
600501,航天晨光,航天晨光：航天晨光股份有限公司关于聘任2024年度审计机构的公告,2024-11-22,http://static.cninfo.com.cn/finalpage/2024-11-22/1221803334.PDF,1221803334,审计机构
600502,安徽建工,安徽建工：安徽建工关于续聘会计师事务所的公告,2024-10-26,http://static.cninfo.com.cn/finalpage/2024-10-26/1221524301.PDF,1221524301,会计师事务所
600506,统一股份,统一股份：统一低碳科技（新疆）股份有限公司关于续聘会计师事务所的公告,2024-10-24,http://static.cninfo.com.cn/finalpage/2024-10-24/1221488806.PDF,1221488806,会计师事务所
600511,国药股份,国药股份：国药股份变更会计师事务所的公告,2024-10-24,http://static.cninfo.com.cn/finalpage/2024-10-24/1221489195.PDF,1221489195,会计师事务所
600515,海南机场,海南机场：海南机场设施股份有限公司关于续聘会计师事务所的公告,2024-07-13,http://static.cninfo.com.cn/finalpage/2024-07-13/1220626865.PDF,1220626865,会计师事务所
600516,方大炭素,方大炭素：方大炭素关于聘任会计师事务所的公告,2024-12-10,http://static.cninfo.com.cn/finalpage/2024-12-10/1221964958.PDF,1221964958,会计师事务所
600517,国网英大,国网英大：国网英大关于续聘2024年度审计机构的公告,2024-08-28,http://static.cninfo.com.cn/finalpage/2024-08-28/1221000372.PDF,1221000372,审计机构
600518,康美药业,康美药业：康美药业关于选聘会计师事务所的公告,2024-10-31,http://static.cninfo.com.cn/finalpage/2024-10-31/1221575823.PDF,1221575823,会计师事务所
600520,文一科技,文一科技：文一科技关于续聘2024年度会计师事务所的公告,2024-08-28,http://static.cninfo.com.cn/finalpage/2024-08-28/1220998744.PDF,1220998744,会计师事务所
600523,贵航股份,贵航股份：关于聘用容诚会计师事务所（特殊普通合伙）的公告,2024-11-12,http://static.cninfo.com.cn/finalpage/2024-11-12/1221684097.PDF,1221684097,会计师事务所
600525,长园集团,长园集团：关于续聘会计师事务所的公告,2024-10-17,http://static.cninfo.com.cn/finalpage/2024-10-17/1221408444.PDF,1221408444,会计师事务所
600525,长园集团,长园集团：会计师事务所选聘制度,2024-11-02,http://static.cninfo.com.cn/finalpage/2024-11-02/1221604756.PDF,1221604756,会计师事务所
600526,菲达环保,菲达环保：天健会计师事务所（特殊普通合伙）关于浙江菲达环保科技股份有限公司2023年年度报告的信息披露监管工作函回复的专项说明,2024-07-12,http://static.cninfo.com.cn/finalpage/2024-07-12/1220615808.PDF,1220615808,会计师事务所
600526,菲达环保,菲达环保：浙江菲达环保科技股份有限公司关于变更会计师事务所的公告,2024-11-21,http://static.cninfo.com.cn/finalpage/2024-11-21/1221789374.PDF,1221789374,会计师事务所
600530,交大昂立,交大昂立：山东舜天信诚会计师事务所关于对公司2023年度财务报表出具保留意见审计报告的专项说明,2024-07-13,http://static.cninfo.com.cn/finalpage/2024-07-13/1220625184.PDF,1220625184,会计师事务所
600530,交大昂立,交大昂立：关于续聘会计师事务所的公告,2024-10-12,http://static.cninfo.com.cn/finalpage/2024-10-12/1221366716.PDF,1221366716,会计师事务所
600531,豫光金铅,豫光金铅：河南豫光金铅股份有限公司会计师事务所选聘制度,2024-07-09,http://static.cninfo.com.cn/finalpage/2024-07-09/1220559874.PDF,1220559874,会计师事务所
600531,豫光金铅,豫光金铅：河南豫光金铅股份有限公司关于聘任会计师事务所的公告,2024-10-11,http://static.cninfo.com.cn/finalpage/2024-10-11/1221358797.PDF,1221358797,会计师事务所
600531,豫光金铅,豫光金铅：河南豫光金铅股份有限公司关于变更签字会计师的公告,2024-12-26,http://static.cninfo.com.cn/finalpage/2024-12-26/1222142284.PDF,1222142284,会计师
600536,中国软件,中国软件：中国软件续聘会计师事务所公告,2024-11-27,http://static.cninfo.com.cn/finalpage/2024-11-27/1221854592.PDF,1221854592,会计师事务所
600537,亿晶光电,亿晶光电：亿晶光电科技股份有限公司会计师事务所选聘实施细则,2024-08-31,http://static.cninfo.com.cn/finalpage/2024-08-31/1221091652.PDF,1221091652,会计师事务所
600537,亿晶光电,亿晶光电：亿晶光电科技股份有限公司关于续聘会计师事务所的公告,2024-08-31,http://static.cninfo.com.cn/finalpage/2024-08-31/1221091655.PDF,1221091655,会计师事务所
600539,狮头股份,狮头股份：关于变更签字注册会计师的公告,2024-12-10,http://static.cninfo.com.cn/finalpage/2024-12-10/1221965342.PDF,1221965342,会计师
600540,新赛股份,新赛股份：新疆赛里木现代农业股份有限公司关于续聘2024年度财务报告审计机构和内部控制审计机构的公告,2024-10-22,http://static.cninfo.com.cn/finalpage/2024-10-22/1221450381.PDF,1221450381,审计机构
600545,卓郎智能,卓郎智能：关于续聘会计师事务所的公告,2024-12-16,http://static.cninfo.com.cn/finalpage/2024-12-16/1222028108.PDF,1222028108,会计师事务所
600550,保变电气,保变电气：保定天威保变电气股份有限公司关于续聘会计师事务所的公告,2024-12-12,http://static.cninfo.com.cn/finalpage/2024-12-12/1221996728.PDF,1221996728,会计师事务所
600551,时代出版,时代出版：容诚会计师事务所（特殊普通合伙）对《关于时代出版传媒股份有限公司2023年年度报告的信息披露监管工作函》的回复,2024-07-10,http://static.cninfo.com.cn/finalpage/2024-07-10/1220589091.PDF,1220589091,会计师事务所
600551,时代出版,时代出版：时代出版变更会计师事务所公告,2024-10-26,http://static.cninfo.com.cn/finalpage/2024-10-26/1221521160.PDF,1221521160,会计师事务所
600552,凯盛科技,凯盛科技：凯盛科技股份有限公司关于续聘会计师事务所的公告,2024-08-30,http://static.cninfo.com.cn/finalpage/2024-08-30/1221048599.PDF,1221048599,会计师事务所
600559,老白干酒,老白干酒：河北衡水老白干酒业股份有限公司关于聘任会计师事务所的公告,2024-08-29,http://static.cninfo.com.cn/finalpage/2024-08-29/1221024150.PDF,1221024150,会计师事务所
600560,金自天正,金自天正：北京金自天正智能控制股份有限公司关于变更2024年度会计师事务所的公告,2024-12-14,http://static.cninfo.com.cn/finalpage/2024-12-14/1222016223.PDF,1222016223,会计师事务所
600561,江西长运,江西长运：江西长运续聘会计师事务所公告,2024-08-28,http://static.cninfo.com.cn/finalpage/2024-08-28/1220999630.PDF,1220999630,会计师事务所
600562,国睿科技,国睿科技：国睿科技股份有限公司会计师事务所选聘制度,2024-08-24,http://static.cninfo.com.cn/finalpage/2024-08-24/1220958845.PDF,1220958845,会计师事务所
600562,国睿科技,国睿科技：国睿科技股份有限公司关于聘任会计师事务所的公告,2024-11-14,http://static.cninfo.com.cn/finalpage/2024-11-14/1221712385.PDF,1221712385,会计师事务所
600567,山鹰国际,山鹰国际：关于续聘会计师事务所的公告,2024-10-31,http://static.cninfo.com.cn/finalpage/2024-10-31/1221572886.PDF,1221572886,会计师事务所
600568,ST中珠,ST中珠：大华会计师事务所(特殊普通合伙)关于中珠医疗控股股份有限公司2023 年年度报告的信息披露监管工作函的回复,2024-07-13,http://static.cninfo.com.cn/finalpage/2024-07-13/1220628488.PDF,1220628488,会计师事务所
600568,ST中珠,ST中珠：中珠医疗控股股份有限公司关于续聘2024年度会计师事务所的公告,2024-11-19,http://static.cninfo.com.cn/finalpage/2024-11-19/1221768267.PDF,1221768267,会计师事务所
600569,安阳钢铁,安阳钢铁：安阳钢铁股份有限公司关于聘请2024年度会计师事务所的公告,2024-10-01,http://static.cninfo.com.cn/finalpage/2024-10-01/1221332833.PDF,1221332833,会计师事务所
600572,康恩贝,康恩贝：关于续聘会计师事务所的公告,2024-08-01,http://static.cninfo.com.cn/finalpage/2024-08-01/1220765321.PDF,1220765321,会计师事务所
600578,京能电力,京能电力：京能电力：关于变更会计师事务所的公告,2024-11-23,http://static.cninfo.com.cn/finalpage/2024-11-23/1221817012.PDF,1221817012,会计师事务所
600579,克劳斯,克劳斯：克劳斯玛菲股份有限公司关于续聘会计师事务所的公告,2024-12-14,http://static.cninfo.com.cn/finalpage/2024-12-14/1222018676.PDF,1222018676,会计师事务所
600581,八一钢铁,八一钢铁：八一钢铁关于续聘会计师事务所的公告,2024-11-13,http://static.cninfo.com.cn/finalpage/2024-11-13/1221696564.PDF,1221696564,会计师事务所
600582,天地科技,天地科技：天地科技关于变更会计师事务所的公告,2024-08-28,http://static.cninfo.com.cn/finalpage/2024-08-28/1220998381.PDF,1220998381,会计师事务所
600583,海油工程,海油工程：海油工程关于变更会计师事务所的公告,2024-10-28,http://static.cninfo.com.cn/finalpage/2024-10-28/1221531179.PDF,1221531179,会计师事务所
600584,长电科技,长电科技：江苏长电科技股份有限公司变更会计师事务所公告,2024-11-30,http://static.cninfo.com.cn/finalpage/2024-11-30/1221892757.PDF,1221892757,会计师事务所
600588,用友网络,用友网络：安永华明会计师事务所关于用友网络科技股份有限公司2023年年度报告的信息披露监管工作函的回复,2024-07-11,http://static.cninfo.com.cn/finalpage/2024-07-11/1220604495.PDF,1220604495,会计师事务所
600589,大位科技,大位科技：关于续聘会计师事务所的公告,2024-12-04,http://static.cninfo.com.cn/finalpage/2024-12-04/1221919229.PDF,1221919229,会计师事务所
600590,泰豪科技,泰豪科技：大信会计师事务所关于上海证券交易所就泰豪科技2023年年度报告的信息披露监管工作函的回复,2024-07-08,http://static.cninfo.com.cn/finalpage/2024-07-08/1220552586.PDF,1220552586,会计师事务所
600590,泰豪科技,泰豪科技：大信会计师事务所（特殊普通合伙）关于泰豪科技股份有限公司2023年度审计报告保留意见涉及事项影响已消除的专项审核报告（大信专审字[2024]第6-00041号）,2024-11-09,http://static.cninfo.com.cn/finalpage/2024-11-09/1221661967.PDF,1221661967,会计师事务所
600597,光明乳业,光明乳业：光明乳业会计师事务所选聘制度,2024-08-31,http://static.cninfo.com.cn/finalpage/2024-08-31/1221078822.PDF,1221078822,会计师事务所
600597,光明乳业,光明乳业：光明乳业关于聘任2024年度财务审计和内控审计机构的公告,2024-11-15,http://static.cninfo.com.cn/finalpage/2024-11-15/1221725216.PDF,1221725216,审计机构
600604,市北高新,市北高新：市北高新关于续聘会计师事务所公告,2024-10-30,http://static.cninfo.com.cn/finalpage/2024-10-30/1221554914.PDF,1221554914,会计师事务所
600608,ST沪科,ST沪科：中审众环会计师事务所（特殊普通合伙）对《关于上海宽频科技股份有限公司2023年年度报告的信息披露监管工作函》的回复,2024-07-11,http://static.cninfo.com.cn/finalpage/2024-07-11/1220602837.PDF,1220602837,会计师事务所
600608,ST沪科,ST沪科：ST沪科关于聘任会计师事务所的公告,2024-09-14,http://static.cninfo.com.cn/finalpage/2024-09-14/1221223883.PDF,1221223883,会计师事务所
600609,金杯汽车,金杯汽车：金杯汽车关于变更会计师事务所的公告,2024-10-31,http://static.cninfo.com.cn/finalpage/2024-10-31/1221573727.PDF,1221573727,会计师事务所
600610,中毅达,中毅达：贵州中毅达股份有限公司会计师事务所选聘制度（2024年9月),2024-09-21,http://static.cninfo.com.cn/finalpage/2024-09-21/1221255512.PDF,1221255512,会计师事务所
600610,中毅达,中毅达：中毅达：关于变更会计师事务所的公告,2024-09-21,http://static.cninfo.com.cn/finalpage/2024-09-21/1221255510.PDF,1221255510,会计师事务所
600616,金枫酒业,金枫酒业：金枫酒业会计师事务所选聘制度,2024-08-31,http://static.cninfo.com.cn/finalpage/2024-08-31/1221079553.PDF,1221079553,会计师事务所
600616,金枫酒业,金枫酒业：金枫酒业关于变更会计师事务所的公告.,2024-10-31,http://static.cninfo.com.cn/finalpage/2024-10-31/1221571984.PDF,1221571984,会计师事务所
600617,国新能源,国新能源：山西省国新能源股份有限公司关于变更会计师事务所的公告,2024-11-29,http://static.cninfo.com.cn/finalpage/2024-11-29/1221880192.PDF,1221880192,会计师事务所
600619,海立股份,海立股份：海立股份关于变更会计师事务所的公告,2024-10-18,http://static.cninfo.com.cn/finalpage/2024-10-18/1221420018.PDF,1221420018,会计师事务所
600622,光大嘉宝,光大嘉宝：光大嘉宝股份有限公司关于变更会计师事务所的公告,2024-12-07,http://static.cninfo.com.cn/finalpage/2024-12-07/1221957004.PDF,1221957004,会计师事务所
600623,华谊集团,华谊集团：关于变更年审会计师事务所项目合伙人及质量控制复核人的公告,2024-12-31,http://static.cninfo.com.cn/finalpage/2024-12-31/1222181334.PDF,1222181334,会计师事务所
600630,龙头股份,龙头股份：龙头股份关于续聘会计师事务所的公告,2024-11-12,http://static.cninfo.com.cn/finalpage/2024-11-12/1221683512.PDF,1221683512,会计师事务所
600633,浙数文化,浙数文化：浙数文化关于续聘会计师事务所的公告,2024-07-23,http://static.cninfo.com.cn/finalpage/2024-07-23/1220701232.PDF,1220701232,会计师事务所
600636,国新文化,国新文化：国新文化控股股份有限公司关于变更会计师事务所的公告,2024-12-04,http://static.cninfo.com.cn/finalpage/2024-12-04/1221916835.PDF,1221916835,会计师事务所
600637,东方明珠,东方明珠：东方明珠关于变更会计师事务所的公告,2024-11-20,http://static.cninfo.com.cn/finalpage/2024-11-20/1221776612.PDF,1221776612,会计师事务所
600644,乐山电力,乐山电力：乐山电力股份有限公司关于变更会计师事务所的公告,2024-11-29,http://static.cninfo.com.cn/finalpage/2024-11-29/1221879847.PDF,1221879847,会计师事务所
600644,乐山电力,乐山电力：中天运会计师事务所（特殊普通合伙）关于乐山电力股份有限公司以简易程序向特定对象发行A股股票的财务报告及审计报告,2024-12-18,http://static.cninfo.com.cn/finalpage/2024-12-18/1222048781.PDF,1222048781,会计师事务所
600645,中源协和,中源协和：中源协和细胞基因工程股份有限公司会计师事务所选聘制度,2024-08-10,http://static.cninfo.com.cn/finalpage/2024-08-10/1220832494.PDF,1220832494,会计师事务所
600645,中源协和,中源协和：中源协和细胞基因工程股份有限公司关于聘任会计师事务所的公告,2024-09-10,http://static.cninfo.com.cn/finalpage/2024-09-10/1221174805.PDF,1221174805,会计师事务所
600651,飞乐音响,飞乐音响：飞乐音响关于总会计师辞职及聘任总会计师的公告,2024-08-30,http://static.cninfo.com.cn/finalpage/2024-08-30/1221048617.PDF,1221048617,会计师
600653,申华控股,申华控股：辽宁申华控股股份有限公司会计师事务所选聘制度（2024年9月）,2024-09-19,http://static.cninfo.com.cn/finalpage/2024-09-19/1221232445.PDF,1221232445,会计师事务所
600653,申华控股,申华控股：申华控股关于聘请会计师事务所的公告,2024-10-15,http://static.cninfo.com.cn/finalpage/2024-10-15/1221383033.PDF,1221383033,会计师事务所
600654,中安科,中安科：关于更换会计师事务所的公告,2024-10-12,http://static.cninfo.com.cn/finalpage/2024-10-12/1221366864.PDF,1221366864,会计师事务所
600657,信达地产,信达地产：信达地产关于变更会计师事务所的公告,2024-07-05,http://static.cninfo.com.cn/finalpage/2024-07-05/1220535150.PDF,1220535150,会计师事务所
600660,福耀玻璃,福耀玻璃：福耀玻璃关于拟变更会计师事务所的公告,2024-08-07,http://static.cninfo.com.cn/finalpage/2024-08-07/1220805179.PDF,1220805179,会计师事务所
600661,昂立教育,昂立教育：昂立教育关于变更签字注册会计师的公告,2024-12-14,http://static.cninfo.com.cn/finalpage/2024-12-14/1222015492.PDF,1222015492,会计师
600664,哈药股份,哈药股份：哈药集团股份有限公司关于变更签字注册会计师、质量控制复核人的公告,2024-12-31,http://static.cninfo.com.cn/finalpage/2024-12-31/1222181839.PDF,1222181839,会计师
600665,天地源,天地源：天地源股份有限公司关于选聘公司会计师事务所的公告,2024-09-21,http://static.cninfo.com.cn/finalpage/2024-09-21/1221257744.PDF,1221257744,会计师事务所
600666,奥瑞德,奥瑞德：奥瑞德关于续聘会计师事务所的公告,2024-10-22,http://static.cninfo.com.cn/finalpage/2024-10-22/1221451552.PDF,1221451552,会计师事务所
600671,ST目药,ST目药：杭州天目山药业股份有限公司关于续聘会计师事务所的公告,2024-10-11,http://static.cninfo.com.cn/finalpage/2024-10-11/1221360044.PDF,1221360044,会计师事务所
600676,交运股份,交运股份：上海交运集团股份有限公司变更会计师事务所公告,2024-10-11,http://static.cninfo.com.cn/finalpage/2024-10-11/1221358618.PDF,1221358618,会计师事务所
600678,四川金顶,四川金顶：中审亚太会计师事务所关于四川金顶2024年半年度报告的信息披露监管工作函的回复,2024-10-29,http://static.cninfo.com.cn/finalpage/2024-10-29/1221542377.PDF,1221542377,会计师事务所
600678,四川金顶,四川金顶：四川金顶（集团）股份有限公司关于续聘会计师事务所的公告,2024-10-31,http://static.cninfo.com.cn/finalpage/2024-10-31/1221573731.PDF,1221573731,会计师事务所
600679,上海凤凰,上海凤凰：上海凤凰关于聘任会计师事务所的公告,2024-08-24,http://static.cninfo.com.cn/finalpage/2024-08-24/1220962985.PDF,1220962985,会计师事务所
600681,百川能源,百川能源：百川能源关于续聘公司2024年度审计机构的公告,2024-08-30,http://static.cninfo.com.cn/finalpage/2024-08-30/1221048626.PDF,1221048626,审计机构
600682,南京新百,南京新百：南京新百关于更换会计师事务所的公告,2024-12-11,http://static.cninfo.com.cn/finalpage/2024-12-11/1221979319.PDF,1221979319,会计师事务所
600683,京投发展,京投发展：京投发展股份有限公司关于改聘会计师事务所的公告,2024-12-04,http://static.cninfo.com.cn/finalpage/2024-12-04/1221919814.PDF,1221919814,会计师事务所
600683,京投发展,京投发展：京投发展股份有限公司会计师事务所选聘制度,2024-12-04,http://static.cninfo.com.cn/finalpage/2024-12-04/1221919815.PDF,1221919815,会计师事务所
600684,珠江股份,珠江股份：大信会计师事务所（特殊普通合伙）关于广州珠江发展集团股份有限公司向特定对象发行股票的财务报告及审计报告,2024-07-06,http://static.cninfo.com.cn/finalpage/2024-07-06/1220541952.PDF,1220541952,会计师事务所
600684,珠江股份,珠江股份：大信会计师事务所（特殊普通合伙）关于广州珠江发展集团股份有限公司向特定对象发行股票的财务报告及审计报告（2024年半年报更新稿）,2024-09-06,http://static.cninfo.com.cn/finalpage/2024-09-06/1221147369.PDF,1221147369,会计师事务所
600684,珠江股份,珠江股份：关于续聘2024年度会计师事务所的公告,2024-12-05,http://static.cninfo.com.cn/finalpage/2024-12-05/1221926438.PDF,1221926438,会计师事务所
600686,金龙汽车,金龙汽车：容诚会计师事务所关于金龙汽车2024年半年度报告的信息披露监管工作函涉及会计师核查事项的专项说明,2024-11-15,http://static.cninfo.com.cn/finalpage/2024-11-15/1221726494.PDF,1221726494,会计师事务所
600686,金龙汽车,金龙汽车：金龙汽车关于续聘会计师事务所的公告,2024-12-06,http://static.cninfo.com.cn/finalpage/2024-12-06/1221941861.PDF,1221941861,会计师事务所
600689,上海三毛,上海三毛：上海三毛企业（集团）股份有限公司关于拟续聘2024年度会计师事务所的公告,2024-08-31,http://static.cninfo.com.cn/finalpage/2024-08-31/1221076562.PDF,1221076562,会计师事务所
600689,上海三毛,上海三毛：上海三毛企业（集团）股份有限公司会计师事务所选聘制度【待生效】,2024-08-31,http://static.cninfo.com.cn/finalpage/2024-08-31/1221076563.PDF,1221076563,会计师事务所
600689,上海三毛,上海三毛：上海三毛企业（集团）股份有限公司会计师事务所选聘制度（2024年9月）,2024-09-25,http://static.cninfo.com.cn/finalpage/2024-09-25/1221283050.PDF,1221283050,会计师事务所
600689,上海三毛,上海三毛：上海三毛企业（集团）股份有限公司关于审计机构变更签字项目合伙人及签字注册会计师的公告,2024-12-24,http://static.cninfo.com.cn/finalpage/2024-12-24/1222112461.PDF,1222112461,会计师
600692,亚通股份,亚通股份：亚通股份变更会计师事务所公告,2024-10-19,http://static.cninfo.com.cn/finalpage/2024-10-19/1221433456.PDF,1221433456,会计师事务所
600697,欧亚集团,欧亚集团：长春欧亚集团股份有限公司关于变更2024年度签字注册会计师的公告,2024-12-18,http://static.cninfo.com.cn/finalpage/2024-12-18/1222046950.PDF,1222046950,会计师
600698,湖南天雁,湖南天雁：湖南天雁机械股份有限公司关于变更会计师事务所的公告,2024-11-14,http://static.cninfo.com.cn/finalpage/2024-11-14/1221711391.PDF,1221711391,会计师事务所
600699,均胜电子,均胜电子：均胜电子关于续聘会计师事务所的公告,2024-09-26,http://static.cninfo.com.cn/finalpage/2024-09-26/1221291886.PDF,1221291886,会计师事务所
600702,舍得酒业,舍得酒业：舍得酒业关于变更签字注册会计师的公告,2024-12-05,http://static.cninfo.com.cn/finalpage/2024-12-05/1221925351.PDF,1221925351,会计师
600704,物产中大,物产中大：物产中大关于变更会计师事务所公告,2024-09-11,http://static.cninfo.com.cn/finalpage/2024-09-11/1221191387.PDF,1221191387,会计师事务所
600705,中航产融,中航产融：中航产融关于变更会计师事务所的公告,2024-10-31,http://static.cninfo.com.cn/finalpage/2024-10-31/1221575604.PDF,1221575604,会计师事务所
600706,曲江文旅,曲江文旅：西安曲江文化旅游股份有限公司关于续聘会计师事务所的公告,2024-12-16,http://static.cninfo.com.cn/finalpage/2024-12-16/1222028109.PDF,1222028109,会计师事务所
600707,彩虹股份,彩虹股份：彩虹股份关于聘任会计师事务所的公告,2024-08-29,http://static.cninfo.com.cn/finalpage/2024-08-29/1221023440.PDF,1221023440,会计师事务所
600708,光明地产,光明地产：光明地产关于变更2024年项目质量控制复核人的公告,2024-12-31,http://static.cninfo.com.cn/finalpage/2024-12-31/1222178699.PDF,1222178699,质量控制复核人
600711,ST盛屯,ST盛屯：信永中和会计师事务所(特殊普通合伙)关于华玮镍业有限公司2023年度、2024年1-3月审计报告,2024-08-13,http://static.cninfo.com.cn/finalpage/2024-08-13/1220851525.PDF,1220851525,会计师事务所
600711,ST盛屯,ST盛屯：盛屯矿业集团股份有限公司关于续聘会计师事务所的公告,2024-09-20,http://static.cninfo.com.cn/finalpage/2024-09-20/1221244753.PDF,1221244753,会计师事务所
600714,金瑞矿业,金瑞矿业：青海金瑞矿业发展股份有限公司关于续聘会计师事务所的公告,2024-10-22,http://static.cninfo.com.cn/finalpage/2024-10-22/1221450178.PDF,1221450178,会计师事务所
600715,*ST文投,*ST文投：文投控股股份有限公司关于续聘会计师事务所的公告,2024-12-14,http://static.cninfo.com.cn/finalpage/2024-12-14/1222017550.PDF,1222017550,会计师事务所
600716,凤凰股份,凤凰股份：江苏凤凰置业投资股份有限公司关于变更签字会计师的公告,2024-08-16,http://static.cninfo.com.cn/finalpage/2024-08-16/1220878570.PDF,1220878570,会计师
600717,天津港,天津港：天津港股份有限公司关于续聘会计师事务所的公告,2024-11-13,http://static.cninfo.com.cn/finalpage/2024-11-13/1221696572.PDF,1221696572,会计师事务所
600720,中交设计,中交设计：中交设计关于聘任2024年度财务决算和内部控制审计会计师事务所的公告,2024-08-30,http://static.cninfo.com.cn/finalpage/2024-08-30/1221053140.PDF,1221053140,会计师事务所
600725,云维股份,云维股份：云维股份关于变更签字注册会计师的公告,2024-12-12,http://static.cninfo.com.cn/finalpage/2024-12-12/1221996737.PDF,1221996737,会计师
600729,重庆百货,重庆百货：重庆百货大楼股份有限公司关于续聘会计师事务所的公告,2024-12-13,http://static.cninfo.com.cn/finalpage/2024-12-13/1222005368.PDF,1222005368,会计师事务所
600730,中国高科,中国高科：中国高科关于续聘会计师事务所的公告,2024-10-31,http://static.cninfo.com.cn/finalpage/2024-10-31/1221571519.PDF,1221571519,会计师事务所
600733,北汽蓝谷,北汽蓝谷：关于续聘2024年度财务和内控审计会计师事务所的公告,2024-11-14,http://static.cninfo.com.cn/finalpage/2024-11-14/1221712581.PDF,1221712581,会计师事务所
600734,实达集团,实达集团：福建实达集团股份有限公司关于变更签字会计师的公告,2024-12-10,http://static.cninfo.com.cn/finalpage/2024-12-10/1221966796.PDF,1221966796,会计师
600735,新华锦,新华锦：中天运会计师事务所关于上海证券交易所对公司2023年年度报告的信息披露监管工作函的回复,2024-07-04,http://static.cninfo.com.cn/finalpage/2024-07-04/1220527662.PDF,1220527662,会计师事务所
600735,新华锦,新华锦：新华锦关于变更会计师事务所的公告,2024-12-11,http://static.cninfo.com.cn/finalpage/2024-12-11/1221979013.PDF,1221979013,会计师事务所
600737,中粮糖业,中粮糖业：中粮糖业控股股份有限公司关于变更会计师事务所的公告,2024-08-31,http://static.cninfo.com.cn/finalpage/2024-08-31/1221090290.PDF,1221090290,会计师事务所
600738,丽尚国潮,丽尚国潮：天健会计师事务所（特殊普通合伙）关于兰州丽尚国潮实业集团股份有限公司向特定对象发行股票的财务报告及审计报告,2024-10-31,http://static.cninfo.com.cn/finalpage/2024-10-31/1221572920.PDF,1221572920,会计师事务所
600739,辽宁成大,辽宁成大：辽宁成大股份有限公司关于变更会计师事务所的公告,2024-10-08,http://static.cninfo.com.cn/finalpage/2024-10-08/1221336528.PDF,1221336528,会计师事务所
600742,一汽富维,一汽富维：关于变更签字注册会计师的公告,2024-12-14,http://static.cninfo.com.cn/finalpage/2024-12-14/1222013834.PDF,1222013834,会计师
600743,华远地产,华远地产：华远地产续聘会计师事务所公告,2024-12-10,http://static.cninfo.com.cn/finalpage/2024-12-10/1221964403.PDF,1221964403,会计师事务所
600748,上实发展,上实发展：上实发展关于续聘2024年度审计机构的公告,2024-07-16,http://static.cninfo.com.cn/finalpage/2024-07-16/1220647859.PDF,1220647859,审计机构
600751,海航科技,海航科技：海航科技股份有限公司选聘会计师事务所管理办法,2024-12-10,http://static.cninfo.com.cn/finalpage/2024-12-10/1221965554.PDF,1221965554,会计师事务所
600753,庚星股份,庚星股份：庚星股份关于续聘会计师事务所的公告,2024-10-31,http://static.cninfo.com.cn/finalpage/2024-10-31/1221575843.PDF,1221575843,会计师事务所
600754,锦江酒店,锦江酒店：锦江酒店关于变更会计师事务所的公告,2024-08-31,http://static.cninfo.com.cn/finalpage/2024-08-31/1221086915.PDF,1221086915,会计师事务所
600757,长江传媒,长江传媒：长江传媒关于变更会计师事务所的公告,2024-10-29,http://static.cninfo.com.cn/finalpage/2024-10-29/1221541522.PDF,1221541522,会计师事务所
600759,洲际油气,洲际油气：洲际油气股份有限公司关于续聘会计师事务所公告,2024-11-30,http://static.cninfo.com.cn/finalpage/2024-11-30/1221890269.PDF,1221890269,会计师事务所
600760,中航沈飞,中航沈飞：中航沈飞股份有限公司董事会审计委员会关于公司变更会计师事务所的审核意见,2024-10-31,http://static.cninfo.com.cn/finalpage/2024-10-31/1221573745.PDF,1221573745,会计师事务所
600760,中航沈飞,中航沈飞：中航沈飞股份有限公司关于变更会计师事务所的公告,2024-10-31,http://static.cninfo.com.cn/finalpage/2024-10-31/1221573740.PDF,1221573740,会计师事务所
600760,中航沈飞,中航沈飞：大信会计师事务所（特殊普通合伙）关于中航沈飞股份有限公司2023年度向特定对象发行A股股票的财务报告及审计报告,2024-12-06,http://static.cninfo.com.cn/finalpage/2024-12-06/1221938381.PDF,1221938381,会计师事务所
600764,中国海防,中国海防：中国海防关于续聘会计师事务所的公告,2024-10-30,http://static.cninfo.com.cn/finalpage/2024-10-30/1221556348.PDF,1221556348,会计师事务
600765,中航重机,中航重机：中航重机关于变更会计师事务所暨聘任2024年度审计机构的公告,2024-10-29,http://static.cninfo.com.cn/finalpage/2024-10-29/1221541160.PDF,1221541160,会计师事务所
600768,宁波富邦,宁波富邦：立信会计师事务所（特殊普通合伙）关于上海证券交易所《关于宁波富邦2023年年度报告的信息披露监管工作函》的专项说明,2024-07-02,http://static.cninfo.com.cn/finalpage/2024-07-02/1220512570.PDF,1220512570,会计师事务所
600768,宁波富邦,宁波富邦：宁波富邦关于变更会计师事务所的公告,2024-12-10,http://static.cninfo.com.cn/finalpage/2024-12-10/1221968361.PDF,1221968361,会计师事务所
600769,祥龙电业,祥龙电业： 武汉祥龙电业股份有限公司关于变更会计师事务所的公告,2024-07-30,http://static.cninfo.com.cn/finalpage/2024-07-30/1220744745.PDF,1220744745,会计师事务所
600775,南京熊猫,南京熊猫：南京熊猫关于审计机构变更签字注册会计师、项目质量复核人员的公告,2024-12-19,http://static.cninfo.com.cn/finalpage/2024-12-19/1222063578.PDF,1222063578,会计师
600776,东方通信,东方通信：东方通信股份有限公司关于续聘会计师事务所的公告,2024-10-30,http://static.cninfo.com.cn/finalpage/2024-10-30/1221556840.PDF,1221556840,会计师事务所
600778,友好集团,友好集团：大华会计师事务所（特殊普通合伙）《关于友好集团2023年年度报告的信息披露监管工作函》的专项说明（大华核字[2024]0011014775号）,2024-07-17,http://static.cninfo.com.cn/finalpage/2024-07-17/1220654504.PDF,1220654504,会计师事务所
600778,友好集团,友好集团：友好集团关于续聘会计师事务所的公告,2024-12-04,http://static.cninfo.com.cn/finalpage/2024-12-04/1221919354.PDF,1221919354,会计师事务所
600779,水井坊,水井坊：水井坊关于变更会计师事务所的公告,2024-09-28,http://static.cninfo.com.cn/finalpage/2024-09-28/1221313775.PDF,1221313775,会计师事务所
600780,通宝能源,通宝能源：山西通宝能源股份有限公司关于变更会计师事务所的公告,2024-11-27,http://static.cninfo.com.cn/finalpage/2024-11-27/1221852854.PDF,1221852854,会计师事务所
600787,中储股份,中储股份：中储发展股份有限公司关于续聘会计师事务所的公告,2024-11-26,http://static.cninfo.com.cn/finalpage/2024-11-26/1221834746.PDF,1221834746,会计师事务所
600791,京能置业,京能置业：京能置业股份有限公司关于续聘2024年度会计师事务所的公告,2024-12-10,http://static.cninfo.com.cn/finalpage/2024-12-10/1221966436.PDF,1221966436,会计师事务所
600792,云煤能源,云煤能源：云南煤业能源股份有限公司关于续聘公司2024年度会计师事务所的公告,2024-10-29,http://static.cninfo.com.cn/finalpage/2024-10-29/1221540651.PDF,1221540651,会计师事务所
600793,宜宾纸业,宜宾纸业：临2024-041 变更会计师事务所的公告.doc,2024-08-31,http://static.cninfo.com.cn/finalpage/2024-08-31/1221076007.PDF,1221076007,会计师事务所
600793,宜宾纸业,宜宾纸业：宜宾纸业股份有限公司选聘会计师事务所管理办法,2024-08-31,http://static.cninfo.com.cn/finalpage/2024-08-31/1221076004.PDF,1221076004,会计师事务所
600794,保税科技,保税科技：张家港保税科技（集团）股份有限公司关于续聘会计师事务所的公告,2024-12-06,http://static.cninfo.com.cn/finalpage/2024-12-06/1221938796.PDF,1221938796,会计师事务所
600795,国电电力,国电电力：国电电力关于年审会计师事务所变更项目合伙人及质量控制复核人的公告,2024-12-18,http://static.cninfo.com.cn/finalpage/2024-12-18/1222047765.PDF,1222047765,会计师事务所
600796,钱江生化,钱江生化：钱江生化会计师事务所选聘制度,2024-10-29,http://static.cninfo.com.cn/finalpage/2024-10-29/1221537648.PDF,1221537648,会计师事务所
600798,宁波海运,宁波海运：宁波海运股份有限公司关于变更审计机构的公告,2024-08-28,http://static.cninfo.com.cn/finalpage/2024-08-28/1221003961.PDF,1221003961,审计机构
600804,*ST鹏博,*ST鹏博：鹏博士关于续聘会计师事务所的公告,2024-08-03,http://static.cninfo.com.cn/finalpage/2024-08-03/1220789038.PDF,1220789038,会计师事务所
600804,*ST鹏博,*ST鹏博：鹏博士关于变更会计师事务所的公告,2024-12-06,http://static.cninfo.com.cn/finalpage/2024-12-06/1221941778.PDF,1221941778,会计师事务所
600807,济南高新,济南高新：中兴华会计师事务所关于济南高新向特定对象发行股票申请文件的审核问询函的回复（修订稿）（2024年半年度财务数据更新版）,2024-09-18,http://static.cninfo.com.cn/finalpage/2024-09-18/1221229457.PDF,1221229457,会计师事务所
600807,济南高新,济南高新：济南高新关于拟聘任2024年度会计师事务所的公告,2024-10-31,http://static.cninfo.com.cn/finalpage/2024-10-31/1221572931.PDF,1221572931,会计事务所
600808,马钢股份,马钢股份：马鞍山钢铁股份有限公司关于变更2024年度审计师的公告,2024-10-31,http://static.cninfo.com.cn/finalpage/2024-10-31/1221571524.PDF,1221571524,审计师
600809,山西汾酒,山西汾酒：关于变更会计师事务所的公告,2024-09-24,http://static.cninfo.com.cn/finalpage/2024-09-24/1221275880.PDF,1221275880,会计师事务所
600811,东方集团,东方集团：东方集团关于续聘会计师事务所的公告,2024-12-12,http://static.cninfo.com.cn/finalpage/2024-12-12/1221997589.PDF,1221997589,会计师事务所
600819,耀皮玻璃,耀皮玻璃：耀皮玻璃关于年度审计机构变更质量控制复核人的公告,2024-12-18,http://static.cninfo.com.cn/finalpage/2024-12-18/1222046539.PDF,1222046539,审计机构
600820,隧道股份,隧道股份：上海隧道工程股份有限公司关于会计师事务所项目质控复核人变更公告,2024-09-14,http://static.cninfo.com.cn/finalpage/2024-09-14/1221220367.PDF,1221220367,会计师事务所
600821,金开新能,金开新能：金开新能源股份有限公司会计师事务所选聘制度,2024-08-10,http://static.cninfo.com.cn/finalpage/2024-08-10/1220833981.PDF,1220833981,会计师事务所
600821,金开新能,金开新能：关于续聘会计师事务所的公告,2024-08-10,http://static.cninfo.com.cn/finalpage/2024-08-10/1220833983.PDF,1220833983,会计师事务所
600822,上海物贸,上海物贸：关于变更签字注册会计师的公告,2024-10-22,http://static.cninfo.com.cn/finalpage/2024-10-22/1221449250.PDF,1221449250,会计师
600828,茂业商业,茂业商业：茂业商业关于聘任会计师事务所的公告,2024-08-17,http://static.cninfo.com.cn/finalpage/2024-08-17/1220893409.PDF,1220893409,会计师事务所
600830,香溢融通,香溢融通：香溢融通控股集团股份有限公司关于审计机构变更项目质量控制复核人的公告,2024-10-17,http://static.cninfo.com.cn/finalpage/2024-10-17/1221406744.PDF,1221406744,审计机构
600831,ST广网,ST广网：董事会审计委员会关于改聘2024年度会计师事务所的意见,2024-12-14,http://static.cninfo.com.cn/finalpage/2024-12-14/1222016737.PDF,1222016737,会计师事务所
600831,ST广网,ST广网：关于改聘2024年度会计师事务所的公告,2024-12-14,http://static.cninfo.com.cn/finalpage/2024-12-14/1222016743.PDF,1222016743,会计师事务所
600833,第一医药,第一医药：上海第一医药股份有限公司关于变更签字注册会计师的公告,2024-12-02,http://static.cninfo.com.cn/finalpage/2024-12-02/1221902450.PDF,1221902450,会计师
600835,上海机电,上海机电：上海机电关于变更会计师事务所的公告,2024-10-12,http://static.cninfo.com.cn/finalpage/2024-10-12/1221366241.PDF,1221366241,会计师事务所
600845,宝信软件,宝信软件：续聘2024年度财务和内部控制审计机构的公告,2024-08-28,http://static.cninfo.com.cn/finalpage/2024-08-28/1221007379.PDF,1221007379,审计机构
600850,电科数字,电科数字：中电科数字技术股份有限公司关于变更会计师事务所的公告,2024-08-08,http://static.cninfo.com.cn/finalpage/2024-08-08/1220816413.PDF,1220816413,会计师事务所
600853,龙建股份,龙建股份：龙建股份关于续聘会计师事务所的公告,2024-10-29,http://static.cninfo.com.cn/finalpage/2024-10-29/1221541530.PDF,1221541530,会计师事务所
600855,航天长峰,航天长峰：北京航天长峰股份有限公司关于聘任2024年度会计师事务所的公告,2024-12-14,http://static.cninfo.com.cn/finalpage/2024-12-14/1222019710.PDF,1222019710,会计师事务所
600859,王府井,王府井：王府井关于续聘会计师事务所的公告,2024-07-16,http://static.cninfo.com.cn/finalpage/2024-07-16/1220648593.PDF,1220648593,会计师事务所
600861,北京人力,北京人力：北京人力关于聘请会计师事务所的公告,2024-11-23,http://static.cninfo.com.cn/finalpage/2024-11-23/1221816366.PDF,1221816366,会计师事务所
600862,中航高科,中航高科：中航航空高科技股份有限公司关于变更公司2024年度财务和内控审计机构的公告,2024-11-09,http://static.cninfo.com.cn/finalpage/2024-11-09/1221662350.PDF,1221662350,审计机构
600865,百大集团,百大集团：百大集团股份有限公司关于变更会计师事务所的公告,2024-08-17,http://static.cninfo.com.cn/finalpage/2024-08-17/1220893804.PDF,1220893804,会计师事务所
600867,通化东宝,通化东宝：通化东宝会计师事务所选聘制度,2024-12-03,http://static.cninfo.com.cn/finalpage/2024-12-03/1221905455.PDF,1221905455,会计师事务所
600867,通化东宝,通化东宝：通化东宝关于变更会计师事务所的公告,2024-12-03,http://static.cninfo.com.cn/finalpage/2024-12-03/1221905459.PDF,1221905459,会计事务所
600868,梅雁吉祥,梅雁吉祥：广东梅雁吉祥水电股份有限公司关于续聘会计师事务所的公告,2024-08-30,http://static.cninfo.com.cn/finalpage/2024-08-30/1221051805.PDF,1221051805,会计师事务所
600875,东方电气,东方电气：立信会计师事务所关于东方电气股份有限公司会计估计变更情况专项说明的专项报告,2024-12-20,http://static.cninfo.com.cn/finalpage/2024-12-20/1222075054.PDF,1222075054,会计师事务所
600877,电科芯片,电科芯片：中电科芯片技术股份有限公司关于变更2024年度审计机构的公告,2024-10-29,http://static.cninfo.com.cn/finalpage/2024-10-29/1221541177.PDF,1221541177,审计机构
600879,航天电子,航天电子：航天时代电子技术股份有限公司关于续聘会计师事务所的公告,2024-10-30,http://static.cninfo.com.cn/finalpage/2024-10-30/1221556858.PDF,1221556858,会计事务所
600880,博瑞传播,博瑞传播：博瑞传播关于变更2024年度内部控制审计机构的公告,2024-11-09,http://static.cninfo.com.cn/finalpage/2024-11-09/1221661733.PDF,1221661733,审计机构
600880,博瑞传播,博瑞传播：博瑞传播关于续聘2024年度财务报告审计机构的公告,2024-11-09,http://static.cninfo.com.cn/finalpage/2024-11-09/1221661735.PDF,1221661735,审计机构
600881,亚泰集团,亚泰集团：吉林亚泰（集团）股份有限公司关于聘任副总裁及总会计师变更的公告,2024-12-12,http://static.cninfo.com.cn/finalpage/2024-12-12/1221999107.PDF,1221999107,会计师
600884,杉杉股份,杉杉股份：立信会计师事务所（特殊普通合伙）关于宁波杉杉股份有限公司2023年年度报告的信息披露监管工作函的回复（信会师函字[2024]第ZA215号）,2024-08-03,http://static.cninfo.com.cn/finalpage/2024-08-03/1220786643.PDF,1220786643,会计师事务所
600884,杉杉股份,杉杉股份：关于变更会计师事务所的公告,2024-12-17,http://static.cninfo.com.cn/finalpage/2024-12-17/1222035876.PDF,1222035876,会计师事务所
600884,杉杉股份,杉杉股份：杉杉股份关于变更会计师事务所的公告,2024-12-31,http://static.cninfo.com.cn/finalpage/2024-12-31/1222184138.PDF,1222184138,会计师事务所
600886,国投电力,国投电力：立信会计师事务所（特殊普通合伙）关于国投电力控股股份有限公司2024年度向特定对象全国社会保障基金理事会发行A股股票的财务报告及审计报告,2024-10-21,http://static.cninfo.com.cn/finalpage/2024-10-21/1221442734.PDF,1221442734,会计师事务所
600886,国投电力,国投电力：国投电力控股股份有限公司关于续聘会计师事务所的公告,2024-11-19,http://static.cninfo.com.cn/finalpage/2024-11-19/1221766310.PDF,1221766310,会计师事务所
600887,伊利股份,伊利股份：内蒙古伊利实业集团股份有限公司关于变更会计师事务所的公告,2024-09-21,http://static.cninfo.com.cn/finalpage/2024-09-21/1221256483.PDF,1221256483,会计师事务所
600888,新疆众和,新疆众和：新疆众和股份有限公司关于聘任2024年度审计机构并确定其报酬的公告,2024-08-30,http://static.cninfo.com.cn/finalpage/2024-08-30/1221049289.PDF,1221049289,审计机构
600893,航发动力,航发动力：中国航发动力股份有限公司关于更换会计师事务所的公告,2024-11-20,http://static.cninfo.com.cn/finalpage/2024-11-20/1221777818.PDF,1221777818,会计师事务所
600894,广日股份,广日股份：广州广日股份有限公司关于变更会计师事务所的公告,2024-09-19,http://static.cninfo.com.cn/finalpage/2024-09-19/1221234828.PDF,1221234828,会计师事务所
600898,*ST美讯,*ST美讯：国美通讯设备股份有限公司关于续聘2024年度会计师事务所的公告,2024-10-26,http://static.cninfo.com.cn/finalpage/2024-10-26/1221525770.PDF,1221525770,会计师事务所
600898,*ST美讯,*ST美讯：国美通讯设备股份有限公司会计师事务所选聘制度,2024-10-26,http://static.cninfo.com.cn/finalpage/2024-10-26/1221525764.PDF,1221525764,会计师事务所
600903,贵州燃气,贵州燃气：贵州燃气集团股份有限公司关于变更会计师事务所的公告,2024-10-30,http://static.cninfo.com.cn/finalpage/2024-10-30/1221555283.PDF,1221555283,会计师事务所
600905,三峡能源,三峡能源：中国三峡新能源（集团）股份有限公司关于续聘2024年度财务决算审计机构的公告,2024-11-27,http://static.cninfo.com.cn/finalpage/2024-11-27/1221854072.PDF,1221854072,审计机构
600905,三峡能源,三峡能源：中国三峡新能源（集团）股份有限公司关于聘任公司总会计师的公告,2024-12-10,http://static.cninfo.com.cn/finalpage/2024-12-10/1221966438.PDF,1221966438,会计师
600917,重庆燃气,重庆燃气：重庆燃气关于续聘审计机构的公告,2024-12-05,http://static.cninfo.com.cn/finalpage/2024-12-05/1221925377.PDF,1221925377,审计机构
600926,杭州银行,杭州银行：杭州银行关于变更会计师事务所的公告,2024-07-04,http://static.cninfo.com.cn/finalpage/2024-07-04/1220525409.PDF,1220525409,会计师事务所
600927,永安期货,永安期货：永安期货股份有限公司关于变更会计师事务所的公告,2024-10-30,http://static.cninfo.com.cn/finalpage/2024-10-30/1221558412.PDF,1221558412,会计事务所
600935,华塑股份,华塑股份：容诚会计师事务所（特殊普通合伙）关于安徽华塑股份有限公司2024年度向特定对象发行A股股票的财务报告,2024-10-12,http://static.cninfo.com.cn/finalpage/2024-10-12/1221368836.PDF,1221368836,会计师事务所
600939,重庆建工,重庆建工：重庆建工关于聘请公司2024年度会计师事务所的公告,2024-10-30,http://static.cninfo.com.cn/finalpage/2024-10-30/1221559464.PDF,1221559464,会计师事务所
600955,维远股份,维远股份：信永中和会计师事务所（特殊普通合伙）关于《利华益维远化学股份有限公司2023年年度报告的信息披露监管工作函》的专项说明,2024-07-13,http://static.cninfo.com.cn/finalpage/2024-07-13/1220627731.PDF,1220627731,会计师事务所
600956,新天绿能,新天绿能：新天绿能关于变更签字注册会计师的公告,2024-07-30,http://static.cninfo.com.cn/finalpage/2024-07-30/1220745719.PDF,1220745719,会计师
600963,岳阳林纸,岳阳林纸：岳阳林纸股份有限公司关于续聘天健会计师事务所（特殊普通合伙）为公司2024年度财务审计机构及内控审计机构的公告,2024-10-26,http://static.cninfo.com.cn/finalpage/2024-10-26/1221522581.PDF,1221522581,会计师事务所
600967,内蒙一机,内蒙一机：内蒙古第一机械集团股份有限公司变更会计师事务所公告,2024-11-19,http://static.cninfo.com.cn/finalpage/2024-11-19/1221767656.PDF,1221767656,会计师事务所
600968,海油发展,海油发展：关于变更会计师事务所的公告,2024-10-29,http://static.cninfo.com.cn/finalpage/2024-10-29/1221537933.PDF,1221537933,会计师事务所
600970,中材国际,中材国际：中国中材国际工程股份有限公司关于续聘会计师事务所的公告,2024-12-07,http://static.cninfo.com.cn/finalpage/2024-12-07/1221958227.PDF,1221958227,会计师事务所
600971,恒源煤电,恒源煤电：恒源煤电关于变更会计师事务所的公告,2024-10-19,http://static.cninfo.com.cn/finalpage/2024-10-19/1221433499.PDF,1221433499,会计师事务所
600975,新五丰,新五丰：湖南新五丰股份有限公司关于拟续聘天健会计师事务所（特殊普通合伙）为公司2024年度财务、内控审计机构的公告,2024-10-29,http://static.cninfo.com.cn/finalpage/2024-10-29/1221540663.PDF,1221540663,会计师事务所
600976,健民集团,健民集团：健民集团关于聘任2024年度审计机构的公告,2024-09-14,http://static.cninfo.com.cn/finalpage/2024-09-14/1221223502.PDF,1221223502,审计机构
600980,北矿科技,北矿科技：北矿科技关于变更会计师事务所的公告,2024-12-10,http://static.cninfo.com.cn/finalpage/2024-12-10/1221964828.PDF,1221964828,会计师事务所
600982,宁波能源,宁波能源：中汇会计师事务所(特殊普通合伙)关于宁波能源集团股份有限公司会计估计变更的鉴证报告,2024-08-31,http://static.cninfo.com.cn/finalpage/2024-08-31/1221088208.PDF,1221088208,会计师事务所
600985,淮北矿业,淮北矿业：淮北矿业控股股份有限公司选聘会计师事务所管理制度,2024-08-30,http://static.cninfo.com.cn/finalpage/2024-08-30/1221056047.PDF,1221056047,会计师事务所
600985,淮北矿业,淮北矿业：淮北矿业控股股份有限公司关于续聘2024年度外部审计机构的公告,2024-08-30,http://static.cninfo.com.cn/finalpage/2024-08-30/1221056050.PDF,1221056050,审计机构
600986,浙文互联,浙文互联：浙文互联关于变更会计师事务所的公告,2024-08-31,http://static.cninfo.com.cn/finalpage/2024-08-31/1221082050.PDF,1221082050,会计师事务所
600990,四创电子,四创电子：四创电子关于续聘会计师事务所的公告,2024-12-12,http://static.cninfo.com.cn/finalpage/2024-12-12/1221997176.PDF,1221997176,会计师事务所
600997,开滦股份,开滦股份：开滦能源化工股份有限公司变更会计师事务所的公告,2024-08-31,http://static.cninfo.com.cn/finalpage/2024-08-31/1221080053.PDF,1221080053,会计师事务所
600997,开滦股份,开滦股份：开滦能源化工股份有限公司变更签字注册会计师的公告,2024-12-31,http://static.cninfo.com.cn/finalpage/2024-12-31/1222178903.PDF,1222178903,会计师
601000,唐山港,唐山港：唐山港集团股份有限公司关于变更签字会计师的公告,2024-08-30,http://static.cninfo.com.cn/finalpage/2024-08-30/1221058216.PDF,1221058216,会计师
601006,大秦铁路,大秦铁路：大秦铁路关于聘任公司总会计师的公告,2024-12-12,http://static.cninfo.com.cn/finalpage/2024-12-12/1221997595.PDF,1221997595,会计师
601007,金陵饭店,金陵饭店：金陵饭店股份有限公司选聘会计师事务所管理办法,2024-08-30,http://static.cninfo.com.cn/finalpage/2024-08-30/1221051335.PDF,1221051335,会计师事务所
601007,金陵饭店,金陵饭店：金陵饭店股份有限公司关于续聘会计师事务所的公告,2024-12-11,http://static.cninfo.com.cn/finalpage/2024-12-11/1221979323.PDF,1221979323,会计师事务所
601008,连云港,连云港：江苏连云港港口股份有限公司关于变更会计师事务所的公告,2024-10-30,http://static.cninfo.com.cn/finalpage/2024-10-30/1221555302.PDF,1221555302,会计师事务
601012,隆基绿能,隆基绿能：关于变更2024年度会计师事务所的公告,2024-12-11,http://static.cninfo.com.cn/finalpage/2024-12-11/1221980567.PDF,1221980567,会计师事务所
601016,节能风电,节能风电：中节能风力发电股份有限公司关于变更签字注册会计师的公告,2024-10-25,http://static.cninfo.com.cn/finalpage/2024-10-25/1221505872.PDF,1221505872,签字注册会计师
601019,山东出版,山东出版：山东出版关于续聘会计师事务所的公告,2024-09-10,http://static.cninfo.com.cn/finalpage/2024-09-10/1221175378.PDF,1221175378,会计师事务所
601021,春秋航空,春秋航空：春秋航空股份有限公司会计师事务所选聘制度,2024-10-31,http://static.cninfo.com.cn/finalpage/2024-10-31/1221574452.PDF,1221574452,会计师事务所
601021,春秋航空,春秋航空：春秋航空关于拟变更2024年度财务报告审计师以及内部控制审计师的公告,2024-10-31,http://static.cninfo.com.cn/finalpage/2024-10-31/1221574457.PDF,1221574457,审计师
601028,玉龙股份,玉龙股份：关于变更会计师事务所的公告,2024-12-03,http://static.cninfo.com.cn/finalpage/2024-12-03/1221906627.PDF,1221906627,会计师事务所
601033,永兴股份,永兴股份：永兴股份关于聘任会计师事务所的公告,2024-10-30,http://static.cninfo.com.cn/finalpage/2024-10-30/1221556867.PDF,1221556867,会计师事务所
601069,西部黄金,西部黄金：中审华会计师事务所（特殊普通合伙）关于西部黄金2023年年度报告的信息披露监管工作函问题的回复,2024-08-02,http://static.cninfo.com.cn/finalpage/2024-08-02/1220776910.PDF,1220776910,会计师事务所
601069,西部黄金,西部黄金：西部黄金股份有限公司关于变更会计师事务所的公告,2024-08-28,http://static.cninfo.com.cn/finalpage/2024-08-28/1221007390.PDF,1221007390,会计师事务所
601083,锦江航运,锦江航运：锦江航运关于审计机构变更项目质量复核合伙人的公告,2024-07-24,http://static.cninfo.com.cn/finalpage/2024-07-24/1220711462.PDF,1220711462,审计机构
601096,宏盛华源,宏盛华源：宏盛华源关于变更会计师事务所公告,2024-11-26,http://static.cninfo.com.cn/finalpage/2024-11-26/1221836199.PDF,1221836199,会计师事务所
601100,恒立液压,恒立液压：江苏恒立液压股份有限公司关于续聘会计师事务所的公告,2024-10-29,http://static.cninfo.com.cn/finalpage/2024-10-29/1221538903.PDF,1221538903,会计事务所
601117,中国化学,中国化学：中国化学关于聘任2024年度审计机构的公告,2024-12-11,http://static.cninfo.com.cn/finalpage/2024-12-11/1221982327.PDF,1221982327,审计机构
601118,海南橡胶,海南橡胶：天健会计师事务所关于海南橡胶2023年年度报告信息披露监管工作函的专项说明,2024-07-25,http://static.cninfo.com.cn/finalpage/2024-07-25/1220721115.PDF,1220721115,会计师事务所
601118,海南橡胶,海南橡胶：关于续聘会计师事务所的公告,2024-10-31,http://static.cninfo.com.cn/finalpage/2024-10-31/1221573767.PDF,1221573767,会计师事务所
601121,宝地矿业,宝地矿业：关于聘任会计师事务所的公告,2024-07-04,http://static.cninfo.com.cn/finalpage/2024-07-04/1220525592.PDF,1220525592,会计师事务所
601133,柏诚股份,柏诚股份：关于变更签字注册会计师的公告,2024-12-13,http://static.cninfo.com.cn/finalpage/2024-12-13/1222004039.PDF,1222004039,会计师
601136,首创证券,首创证券：关于续聘会计师事务所的公告,2024-07-04,http://static.cninfo.com.cn/finalpage/2024-07-04/1220527667.PDF,1220527667,会计师事务所
601136,首创证券,首创证券：变更会计师事务所公告,2024-12-06,http://static.cninfo.com.cn/finalpage/2024-12-06/1221940201.PDF,1221940201,会计师事务所
601139,深圳燃气,深圳燃气：深圳燃气关于变更会计师事务所的公告,2024-10-22,http://static.cninfo.com.cn/finalpage/2024-10-22/1221451245.PDF,1221451245,会计师事务所
601155,新城控股,新城控股：新城控股关于聘任会计师事务所的公告,2024-11-08,http://static.cninfo.com.cn/finalpage/2024-11-08/1221649005.PDF,1221649005,会计师事务所
601158,重庆水务,重庆水务：重庆水务关于聘任会计师事务所的公告,2024-11-28,http://static.cninfo.com.cn/finalpage/2024-11-28/1221865906.PDF,1221865906,会计师事务所
601162,天风证券,天风证券：天风证券股份有限公司关于续聘会计师事务所的公告,2024-10-31,http://static.cninfo.com.cn/finalpage/2024-10-31/1221574476.PDF,1221574476,会计师事务所
601168,西部矿业,西部矿业：西部矿业关于聘用2024年度会计师事务所的公告,2024-09-07,http://static.cninfo.com.cn/finalpage/2024-09-07/1221160114.PDF,1221160114,会计师事务所
601187,厦门银行,厦门银行：厦门银行股份有限公司关于变更会计师事务所的公告,2024-10-31,http://static.cninfo.com.cn/finalpage/2024-10-31/1221574070.PDF,1221574070,会计师事务所
601198,东兴证券,东兴证券：东兴证券股份有限公司关于变更会计师事务所的公告,2024-10-08,http://static.cninfo.com.cn/finalpage/2024-10-08/1221336538.PDF,1221336538,会计师事务所
601212,白银有色,白银有色：白银有色集团股份有限公司关于续聘2024年度审计机构的公告,2024-12-10,http://static.cninfo.com.cn/finalpage/2024-12-10/1221965904.PDF,1221965904,审计机构
601216,君正集团,君正集团：君正集团关于选聘会计师事务所的公告,2024-12-06,http://static.cninfo.com.cn/finalpage/2024-12-06/1221938638.PDF,1221938638,会计事务所
601229,上海银行,上海银行：上海银行关于变更会计师事务所的公告,2024-11-13,http://static.cninfo.com.cn/finalpage/2024-11-13/1221698797.PDF,1221698797,会计师事务所
601231,环旭电子,环旭电子：关于审计机构变更质量控制复核人的公告,2024-09-24,http://static.cninfo.com.cn/finalpage/2024-09-24/1221274517.PDF,1221274517,审计机构
601311,骆驼股份,骆驼股份：骆驼股份关于变更签字会计师的公告,2024-12-21,http://static.cninfo.com.cn/finalpage/2024-12-21/1222089804.PDF,1222089804,会计师
601326,秦港股份,秦港股份：秦皇岛港股份有限公司关于变更签字注册会计师的公告,2024-08-30,http://static.cninfo.com.cn/finalpage/2024-08-30/1221058562.PDF,1221058562,会计师
601330,绿色动力,绿色动力：关于变更会计师事务所的公告,2024-10-31,http://static.cninfo.com.cn/finalpage/2024-10-31/1221574479.PDF,1221574479,会计师事务所
601360,三六零,三六零：三六零安全科技股份有限公司关于续聘会计师事务所的公告,2024-08-31,http://static.cninfo.com.cn/finalpage/2024-08-31/1221088799.PDF,1221088799,会计师事务所
601368,绿城水务,绿城水务：广西绿城水务股份有限公司关于续聘会计师事务所的公告,2024-11-13,http://static.cninfo.com.cn/finalpage/2024-11-13/1221697696.PDF,1221697696,会计师事务所
601369,陕鼓动力,陕鼓动力：西安陕鼓动力股份有限公司关于变更会计师事务所的公告,2024-08-23,http://static.cninfo.com.cn/finalpage/2024-08-23/1220950200.PDF,1220950200,会计师事务所
601375,中原证券,中原证券：中原证券股份有限公司关于变更2024年中期报告审阅会计师事务所的公告,2024-07-20,http://static.cninfo.com.cn/finalpage/2024-07-20/1220690680.PDF,1220690680,会计师事务所
601375,中原证券,中原证券：中原证券股份有限公司关于变更2024年年审会计师事务所的公告,2024-12-03,http://static.cninfo.com.cn/finalpage/2024-12-03/1221909049.PDF,1221909049,会计师事务所
601388,怡球资源,怡球资源：关于聘任公司2024年度会计师事务所的公告,2024-11-28,http://static.cninfo.com.cn/finalpage/2024-11-28/1221864256.PDF,1221864256,会计师事务所
601398,工商银行,工商银行：工商银行关于聘任会计师事务所的公告,2024-08-08,http://static.cninfo.com.cn/finalpage/2024-08-08/1220815752.PDF,1220815752,会计师事务所
601399,国机重装,国机重装：国机重装关于变更签字注册会计师的公告,2024-12-05,http://static.cninfo.com.cn/finalpage/2024-12-05/1221925386.PDF,1221925386,会计师
601500,通用股份,通用股份：江苏通用科技股份有限公司关于变更签字注册会计师的公告,2024-12-26,http://static.cninfo.com.cn/finalpage/2024-12-26/1222142127.PDF,1222142127,会计师
601518,吉林高速,吉林高速：吉林高速公路股份有限公司关于续聘会计师事务所的公告,2024-12-03,http://static.cninfo.com.cn/finalpage/2024-12-03/1221905102.PDF,1221905102,会计师事务所
601528,瑞丰银行,瑞丰银行：立信会计师事务所（特殊普通合伙）关于浙江绍兴瑞丰农村商业银行股份有限公司向不特定对象发行可转换公司债券的财务报告及审计报告,2024-09-11,http://static.cninfo.com.cn/finalpage/2024-09-11/1221191702.PDF,1221191702,会计师事务所
601579,会稽山,会稽山：会稽山绍兴酒股份有限公司关于2024年度审计机构变更项目质量复核人的公告,2024-12-14,http://static.cninfo.com.cn/finalpage/2024-12-14/1222014517.PDF,1222014517,审计机构
601599,浙文影业,浙文影业：关于续聘2024年度审计机构的公告,2024-08-23,http://static.cninfo.com.cn/finalpage/2024-08-23/1220950531.PDF,1220950531,审计机构
601600,中国铝业,中国铝业：中审众环会计师事务所（特殊普通合伙）出具的对中铝中州铝业有限公司的审计报告,2024-10-30,http://static.cninfo.com.cn/finalpage/2024-10-30/1221557844.PDF,1221557844,会计师事务所
601600,中国铝业,中国铝业：中国铝业关于拟变更会计师事务所的公告,2024-10-30,http://static.cninfo.com.cn/finalpage/2024-10-30/1221557846.PDF,1221557846,会计师事务所
601600,中国铝业,中国铝业：中审众环会计师事务所（特殊普通合伙）出具的对中铝山东有限公司的审计报告,2024-10-30,http://static.cninfo.com.cn/finalpage/2024-10-30/1221557847.PDF,1221557847,会计师事务所
601606,长城军工,长城军工：安徽长城军工股份有限公司关于拟变更会计师事务所的公告,2024-12-13,http://static.cninfo.com.cn/finalpage/2024-12-13/1222005515.PDF,1222005515,会计师事务所
601611,中国核建,中国核建：中国核建关于续聘会计师事务所的公告,2024-11-28,http://static.cninfo.com.cn/finalpage/2024-11-28/1221866472.PDF,1221866472,会计师事务所
601615,明阳智能,明阳智能：关于续聘会计师事务所的公告,2024-10-31,http://static.cninfo.com.cn/finalpage/2024-10-31/1221569257.PDF,1221569257,会计师事务所
601616,广电电气,广电电气：关于变更会计师事务所的公告,2024-08-29,http://static.cninfo.com.cn/finalpage/2024-08-29/1221024706.PDF,1221024706,会计师事务所
601618,中国中冶,中国中冶：中国中冶关于年度审计机构变更签字注册会计师的公告,2024-12-11,http://static.cninfo.com.cn/finalpage/2024-12-11/1221978827.PDF,1221978827,会计师
601619,嘉泽新能,嘉泽新能：宁夏嘉泽新能源股份有限公司关于续聘会计师事务所的公告,2024-08-14,http://static.cninfo.com.cn/finalpage/2024-08-14/1220862975.PDF,1220862975,会计师事务所
601658,邮储银行,邮储银行：中国邮政储蓄银行股份有限公司关于变更会计师事务所的公告,2024-10-01,http://static.cninfo.com.cn/finalpage/2024-10-01/1221332574.PDF,1221332574,会计师事务所
601669,中国电建,中国电建：中国电力建设股份有限公司关于聘任2024年度会计师事务所的公告,2024-12-10,http://static.cninfo.com.cn/finalpage/2024-12-10/1221966332.PDF,1221966332,会计师事务所
601677,明泰铝业,明泰铝业：明泰铝业关于续聘会计师事务所的公告,2024-11-30,http://static.cninfo.com.cn/finalpage/2024-11-30/1221891450.PDF,1221891450,会计师事务所
601686,友发集团,友发集团：天津友发钢管集团股份有限公司会计师事务所选聘制度,2024-12-14,http://static.cninfo.com.cn/finalpage/2024-12-14/1222017591.PDF,1222017591,会计师事务所
601686,友发集团,友发集团：关于续聘会计师事务所的公告,2024-12-14,http://static.cninfo.com.cn/finalpage/2024-12-14/1222017593.PDF,1222017593,会计师事务所
601696,中银证券,中银证券：关于变更会计师事务所的公告,2024-12-07,http://static.cninfo.com.cn/finalpage/2024-12-07/1221957664.PDF,1221957664,会计师事务所
601698,中国卫通,中国卫通：中国卫通关于变更公司2024年度财务报告及内部控制审计机构的公告,2024-12-06,http://static.cninfo.com.cn/finalpage/2024-12-06/1221938740.PDF,1221938740,审计机构
601718,际华集团,际华集团：大华会计师事务所关于对际华集团股份有限公司2023年年度报告的信息披露监管工作函的回复,2024-07-16,http://static.cninfo.com.cn/finalpage/2024-07-16/1220648955.PDF,1220648955,会计师事务所
601718,际华集团,际华集团：际华集团关于聘任会计师事务所的公告,2024-12-07,http://static.cninfo.com.cn/finalpage/2024-12-07/1221958540.PDF,1221958540,会计师事务所
601727,上海电气,上海电气：上海电气关于变更会计师事务所的公告,2024-09-28,http://static.cninfo.com.cn/finalpage/2024-09-28/1221313629.PDF,1221313629,会计师事务所
601728,中国电信,中国电信：中国电信股份有限公司关于变更会计师事务所的公告,2024-07-31,http://static.cninfo.com.cn/finalpage/2024-07-31/1220754981.PDF,1220754981,会计师事务所
601728,中国电信,中国电信：中国电信股份有限公司董事会审核委员会关于变更2024年度外部审计师的审核意见,2024-07-31,http://static.cninfo.com.cn/finalpage/2024-07-31/1220754982.PDF,1220754982,审计师
601778,晶科科技,晶科科技：关于续聘2024年度审计机构的公告,2024-08-31,http://static.cninfo.com.cn/finalpage/2024-08-31/1221088820.PDF,1221088820,审计机构
601801,皖新传媒,皖新传媒：皖新传媒关于变更会计师事务所的公告,2024-09-28,http://static.cninfo.com.cn/finalpage/2024-09-28/1221312164.PDF,1221312164,会计师事务所
601818,光大银行,光大银行：中国光大银行股份有限公司关于会计师事务所变更项目质量控制复核人的公告,2024-08-21,http://static.cninfo.com.cn/finalpage/2024-08-21/1220923058.PDF,1220923058,会计师事务所
601865,福莱特,福莱特：福莱特玻璃集团股份有限公司会计师事务所选聘制度,2024-08-28,http://static.cninfo.com.cn/finalpage/2024-08-28/1221002856.PDF,1221002856,会计师事务所
601882,海天精工,海天精工：宁波海天精工股份有限公司关于续聘2024年度审计机构的公告,2024-10-31,http://static.cninfo.com.cn/finalpage/2024-10-31/1221568867.PDF,1221568867,审计机构
601919,中远海控,中远海控：中远海控关于变更境外会计师事务所的公告,2024-10-21,http://static.cninfo.com.cn/finalpage/2024-10-21/1221443136.PDF,1221443136,会计师事务所
601921,浙版传媒,浙版传媒：浙江出版传媒股份有限公司关于续聘会计师事务所的公告,2024-09-06,http://static.cninfo.com.cn/finalpage/2024-09-06/1221145829.PDF,1221145829,会计师事务所
601928,凤凰传媒,凤凰传媒：凤凰传媒关于变更2024年度审计机构的公告,2024-10-31,http://static.cninfo.com.cn/finalpage/2024-10-31/1221574091.PDF,1221574091,审计机构
601933,永辉超市,永辉超市：安永华明会计师事务所关于永辉超市股份有限公司2023年年度报告的信息披露监管工作函的回复,2024-07-03,http://static.cninfo.com.cn/finalpage/2024-07-03/1220521847.PDF,1220521847,会计师事务所
601968,宝钢包装,宝钢包装：关于变更会计师事务所的公告,2024-09-28,http://static.cninfo.com.cn/finalpage/2024-09-28/1221313135.PDF,1221313135,会计师事务所
601985,中国核电,中国核电：立信会计师事务所（特殊普通合伙）关于中国核能电力股份有限公司2024年度向特定对象发行A股股票的财务报告及审计报告,2024-08-31,http://static.cninfo.com.cn/finalpage/2024-08-31/1221084723.PDF,1221084723,会计师事务所
601985,中国核电,中国核电：中国核电关于续聘会计师事务所的公告,2024-12-11,http://static.cninfo.com.cn/finalpage/2024-12-11/1221978832.PDF,1221978832,会计师事务所
601988,中国银行,中国银行：中国银行股份有限公司关于变更会计师事务所的公告,2024-08-20,http://static.cninfo.com.cn/finalpage/2024-08-20/1220912094.PDF,1220912094,会计师事务所
601989,中国重工,中国重工：中国船舶重工股份有限公司会计师事务所选聘管理办法,2024-07-27,http://static.cninfo.com.cn/finalpage/2024-07-27/1220740666.PDF,1220740666,会计师事务所
601989,中国重工,中国重工：中国重工续聘会计师事务所公告,2024-07-27,http://static.cninfo.com.cn/finalpage/2024-07-27/1220740669.PDF,1220740669,会计师事务所
601996,丰林集团,丰林集团：广西丰林木业集团股份有限公司续聘会计师事务所公告,2024-07-06,http://static.cninfo.com.cn/finalpage/2024-07-06/1220541813.PDF,1220541813,会计师事务所
601997,贵阳银行,贵阳银行：安永华明会计师事务所关于贵阳银行股份有限公司2023年年度报告的信息披露监管工作函的回复,2024-07-05,http://static.cninfo.com.cn/finalpage/2024-07-05/1220535452.PDF,1220535452,会计师事务所
603005,晶方科技,晶方科技：晶方科技关于变更签字注册会计师的公告,2024-10-29,http://static.cninfo.com.cn/finalpage/2024-10-29/1221538546.PDF,1221538546,会计师
603006,联明股份,联明股份：关于变更会计师事务所的公告,2024-10-26,http://static.cninfo.com.cn/finalpage/2024-10-26/1221519025.PDF,1221519025,会计师事务所
603007,*ST花王,*ST花王：关于变更会计师事务所的公告,2024-11-28,http://static.cninfo.com.cn/finalpage/2024-11-28/1221866924.PDF,1221866924,会计师事务所
603012,创力集团,创力集团：创力集团关于变更签字注册会计师的公告,2024-10-26,http://static.cninfo.com.cn/finalpage/2024-10-26/1221524688.PDF,1221524688,会计师
603016,新宏泰,新宏泰：关于聘任公司2024年度审计机构的公告,2024-12-07,http://static.cninfo.com.cn/finalpage/2024-12-07/1221955624.PDF,1221955624,审计机构
603017,中衡设计,中衡设计：会计师事务所选聘制度,2024-08-27,http://static.cninfo.com.cn/finalpage/2024-08-27/1220984882.PDF,1220984882,会计师事务所
603017,中衡设计,中衡设计：中衡设计关于续聘会计师事务所的公告,2024-08-27,http://static.cninfo.com.cn/finalpage/2024-08-27/1220984880.PDF,1220984880,会计师事务所
603019,中科曙光,中科曙光：曙光信息产业股份有限公司会计师事务所选聘制度（202408）,2024-08-23,http://static.cninfo.com.cn/finalpage/2024-08-23/1220953539.PDF,1220953539,会计师事务所
603023,*ST威帝,*ST威帝：哈尔滨威帝电子股份有限公司变更会计师事务所公告,2024-09-14,http://static.cninfo.com.cn/finalpage/2024-09-14/1221220390.PDF,1221220390,会计师事务所
603026,石大胜华,石大胜华：石大胜华关于年度审计机构变更质量控制复核人的公告,2024-12-07,http://static.cninfo.com.cn/finalpage/2024-12-07/1221955632.PDF,1221955632,审计机构
603029,天鹅股份,天鹅股份：山东天鹅棉业机械股份有限公司关于变更会计师事务所的公告,2024-11-30,http://static.cninfo.com.cn/finalpage/2024-11-30/1221891851.PDF,1221891851,会计师事务所
603030,全筑股份,全筑股份：关于续聘会计师事务所的公告,2024-11-16,http://static.cninfo.com.cn/finalpage/2024-11-16/1221740454.PDF,1221740454,会计师事务所
603033,三维股份,三维股份：2024-101+三维控股集团股份有限公司关于变更签字会计师的公告,2024-12-25,http://static.cninfo.com.cn/finalpage/2024-12-25/1222127308.PDF,1222127308,会计师
603035,常熟汽饰,常熟汽饰：江苏常熟汽饰集团股份有限公司关于续聘会计师事务所的公告,2024-10-26,http://static.cninfo.com.cn/finalpage/2024-10-26/1221521209.PDF,1221521209,会计师事务所
603037,凯众股份,凯众股份：众华会计师事务所（特殊普通合伙）关于上海凯众材料科技股份有限公司向不特定对象发行可转换公司债券的财务报告及审计报告,2024-10-25,http://static.cninfo.com.cn/finalpage/2024-10-25/1221508141.PDF,1221508141,会计师事务所
603038,华立股份,华立股份：关于续聘2024年度审计机构的公告,2024-11-29,http://static.cninfo.com.cn/finalpage/2024-11-29/1221878333.PDF,1221878333,审计机构
603039,泛微网络,泛微网络：泛微网络关于变更签字注册会计师的公告,2024-12-09,http://static.cninfo.com.cn/finalpage/2024-12-09/1221959419.PDF,1221959419,会计师
603042,华脉科技,华脉科技：永拓会计师事务所关于华脉科技2023年年度报告的信息披露监管问询函的回复,2024-07-16,http://static.cninfo.com.cn/finalpage/2024-07-16/1220648958.PDF,1220648958,会计师事务所
603042,华脉科技,华脉科技：关于变更签字项目合伙人及签字注册会计师的公告,2024-11-12,http://static.cninfo.com.cn/finalpage/2024-11-12/1221683590.PDF,1221683590,会计师
603045,福达合金,福达合金：关于变更会计师事务所的公告,2024-08-28,http://static.cninfo.com.cn/finalpage/2024-08-28/1221000810.PDF,1221000810,会计师事务所
603051,鹿山新材,鹿山新材：广州鹿山新材料股份有限公司关于审计机构变更项目质量控制复核人的公告,2024-12-03,http://static.cninfo.com.cn/finalpage/2024-12-03/1221906360.PDF,1221906360,审计机构
603053,成都燃气,成都燃气：成都燃气关于续聘会计师事务所的公告,2024-08-17,http://static.cninfo.com.cn/finalpage/2024-08-17/1220893435.PDF,1220893435,会计师事务所
603056,德邦股份,德邦股份：德邦物流股份有限公司关于续聘2024年度审计机构的公告,2024-08-16,http://static.cninfo.com.cn/finalpage/2024-08-16/1220880682.PDF,1220880682,审计机构
603060,国检集团,国检集团：国检集团关于续聘2024年度审计机构的公告,2024-07-11,http://static.cninfo.com.cn/finalpage/2024-07-11/1220603612.PDF,1220603612,审计机构
603061,金海通,金海通：容诚会计师事务所关于金海通2023年年度报告的信息披露监管工作函的回复的专项说明,2024-07-04,http://static.cninfo.com.cn/finalpage/2024-07-04/1220526000.PDF,1220526000,会计师事务所
603061,金海通,金海通：关于变更签字注册会计师的公告,2024-12-25,http://static.cninfo.com.cn/finalpage/2024-12-25/1222127309.PDF,1222127309,会计师
603065,宿迁联盛,宿迁联盛：立信会计师事务所（特殊普通合伙）关于宿迁联盛科技股份有限公司2023年年度报告的信息披露监管工作函的回复,2024-07-09,http://static.cninfo.com.cn/finalpage/2024-07-09/1220560380.PDF,1220560380,会计师事务所
603068,博通集成,博通集成：博通集成关于续聘会计师事务所的公告,2024-12-14,http://static.cninfo.com.cn/finalpage/2024-12-14/1222016541.PDF,1222016541,会计师事务所
603069,海汽集团,海汽集团：海南海汽运输集团股份有限公司会计师事务所选聘管理办法,2024-11-29,http://static.cninfo.com.cn/finalpage/2024-11-29/1221879999.PDF,1221879999,会计师事务所
603071,物产环能,物产环能：浙江物产环保能源股份有限公司关于变更会计师事务所的公告,2024-09-28,http://static.cninfo.com.cn/finalpage/2024-09-28/1221311991.PDF,1221311991,会计事务所
603075,热威股份,热威股份：关于增加签字注册会计师的公告,2024-12-14,http://static.cninfo.com.cn/finalpage/2024-12-14/1222013841.PDF,1222013841,会计师
603079,圣达生物,圣达生物：天健会计师事务所（特殊普通合伙）关于浙江圣达生物药业股份有限公司向特定对象发行股票申请文件的审核问询函中有关财务事项的说明（修订稿）（2024年半年度财务数据更新版）,2024-09-19,http://static.cninfo.com.cn/finalpage/2024-09-19/1221232972.PDF,1221232972,会计师事务所
603082,北自科技,北自科技：关于变更会计师事务所的公告,2024-12-11,http://static.cninfo.com.cn/finalpage/2024-12-11/1221980609.PDF,1221980609,会计师事务所
603083,剑桥科技,剑桥科技：关于变更会计师事务所的公告,2024-09-28,http://static.cninfo.com.cn/finalpage/2024-09-28/1221313139.PDF,1221313139,会计师事务所
603087,甘李药业,甘李药业：关于聘任公司2024年度审计机构的公告,2024-10-23,http://static.cninfo.com.cn/finalpage/2024-10-23/1221473019.PDF,1221473019,审计机构
603095,越剑智能,越剑智能：关于变更签字注册会计师的公告,2024-12-26,http://static.cninfo.com.cn/finalpage/2024-12-26/1222142302.PDF,1222142302,会计师
603097,江苏华辰,江苏华辰：天健会计师事务所（特殊普通合伙）关于江苏华辰变压器股份有限公司向不特定对象发行可转换公司债券的财务报告及审计报告,2024-10-12,http://static.cninfo.com.cn/finalpage/2024-10-12/1221367376.PDF,1221367376,会计师事务所
603100,川仪股份,川仪股份：川仪股份关于续聘年度财务审计及内控审计会计师事务所的公告,2024-08-24,http://static.cninfo.com.cn/finalpage/2024-08-24/1220961334.PDF,1220961334,会计师事务所
603101,汇嘉时代,汇嘉时代：关于续聘会计师事务所的公告,2024-12-19,http://static.cninfo.com.cn/finalpage/2024-12-19/1222065528.PDF,1222065528,会计师事务所
603107,上海汽配,上海汽配：上海汽车空调配件股份有限公司关于续聘会计师事务所的公告,2024-10-30,http://static.cninfo.com.cn/finalpage/2024-10-30/1221557859.PDF,1221557859,会计师事务所
603107,上海汽配,上海汽配：上海汽车空调配件股份有限公司选聘会计师事务所管理制度,2024-10-30,http://static.cninfo.com.cn/finalpage/2024-10-30/1221557864.PDF,1221557864,会计事务所
603108,润达医疗,润达医疗：关于变更会计师事务所的公告,2024-12-05,http://static.cninfo.com.cn/finalpage/2024-12-05/1221925754.PDF,1221925754,会计师事务所
603111,康尼机电,康尼机电：康尼机电关于变更公司2024年度审计机构的公告,2024-12-10,http://static.cninfo.com.cn/finalpage/2024-12-10/1221964967.PDF,1221964967,审计机构
603117,ST万林,ST万林：亚太（集团）会计师事务所（特殊普通合伙）关于江苏万林现代物流股份有限公司2023年年度报告的信息披露监管工作函的专项说明,2024-07-13,http://static.cninfo.com.cn/finalpage/2024-07-13/1220628132.PDF,1220628132,会计师事务所
603117,ST万林,ST万林：亚太（集团）会计师事务所（特殊普通合伙）关于江苏万林现代物流股份有限公司2023年度财务报表非标准审计意见的专项说明（修订稿）,2024-07-13,http://static.cninfo.com.cn/finalpage/2024-07-13/1220628131.PDF,1220628131,会计师事务所
603117,ST万林,ST万林：亚太（集团）会计师事务所（特殊普通合伙）关于公司2023年度审计报告保留意见涉及事项影响消除的专项审核报告,2024-07-19,http://static.cninfo.com.cn/finalpage/2024-07-19/1220676460.PDF,1220676460,会计师事务所
603117,万林物流,万林物流：江苏万林现代物流股份有限公司关于变更会计师事务所的公告,2024-10-31,http://static.cninfo.com.cn/finalpage/2024-10-31/1221576303.PDF,1221576303,会计师事务所
603117,万林物流,万林物流：江苏万林现代物流股份有限公司关于变更签字注册会计师的公告,2024-11-21,http://static.cninfo.com.cn/finalpage/2024-11-21/1221788646.PDF,1221788646,会计师
603118,共进股份,共进股份：关于变更会计师事务所的公告,2024-12-12,http://static.cninfo.com.cn/finalpage/2024-12-12/1221998435.PDF,1221998435,会计师事务所
603121,华培动力,华培动力：华培动力：关于变更会计师事务所的公告,2024-09-26,http://static.cninfo.com.cn/finalpage/2024-09-26/1221291727.PDF,1221291727,会计师事务所
603128,华贸物流,华贸物流：港中旅华贸国际物流股份有限公司关于变更会计师事务所的公告,2024-12-10,http://static.cninfo.com.cn/finalpage/2024-12-10/1221965354.PDF,1221965354,会计师事务所
603130,云中马,云中马：浙江云中马股份有限公司关于变更签字会计师的公告,2024-10-29,http://static.cninfo.com.cn/finalpage/2024-10-29/1221539666.PDF,1221539666,会计师
603137,恒尚节能,恒尚节能：恒尚节能：关于续聘2024年度会计师事务所的公告,2024-11-26,http://static.cninfo.com.cn/finalpage/2024-11-26/1221834761.PDF,1221834761,会计师事务所
603155,新亚强,新亚强：关于续聘2024年度审计机构的公告,2024-12-11,http://static.cninfo.com.cn/finalpage/2024-12-11/1221980230.PDF,1221980230,审计机构
603159,上海亚虹,上海亚虹：上海亚虹模具股份有限公司关于变更会计师事务所的公告,2024-08-23,http://static.cninfo.com.cn/finalpage/2024-08-23/1220951032.PDF,1220951032,会计师事务所
603160,汇顶科技,汇顶科技：深圳市汇顶科技股份有限公司会计师事务所选聘管理制度,2024-09-07,http://static.cninfo.com.cn/finalpage/2024-09-07/1221159781.PDF,1221159781,会计师事务所
603160,汇顶科技,汇顶科技：关于变更会计师事务所的公告,2024-09-07,http://static.cninfo.com.cn/finalpage/2024-09-07/1221159783.PDF,1221159783,会计师事务所
603162,海通发展,海通发展：福建海通发展股份有限公司关于续聘2024年度审计机构的公告,2024-07-25,http://static.cninfo.com.cn/finalpage/2024-07-25/1220719511.PDF,1220719511,审计机构
603169,兰石重装,兰石重装：兰石重装关于聘任会计师事务所的公告,2024-10-19,http://static.cninfo.com.cn/finalpage/2024-10-19/1221433683.PDF,1221433683,会计师事务所
603176,汇通集团,汇通集团：汇通集团关于变更签字注册会计师的公告,2024-12-18,http://static.cninfo.com.cn/finalpage/2024-12-18/1222047514.PDF,1222047514,会计师
603178,圣龙股份,圣龙股份：圣龙股份关于续聘天健会计师事务所为公司2024年度审计机构的公告,2024-08-27,http://static.cninfo.com.cn/finalpage/2024-08-27/1220987283.PDF,1220987283,会计师事务所
603181,皇马科技,皇马科技：皇马科技关于变更签字注册会计师的公告,2024-10-18,http://static.cninfo.com.cn/finalpage/2024-10-18/1221418543.PDF,1221418543,会计师
603189,网达软件,网达软件：上海网达软件股份有限公司会计师事务所选聘制度（2024年8月）,2024-08-12,http://static.cninfo.com.cn/finalpage/2024-08-12/1220843781.PDF,1220843781,会计师事务所
603190,亚通精工,亚通精工：会计师事务所选聘制度,2024-08-30,http://static.cninfo.com.cn/finalpage/2024-08-30/1221046325.PDF,1221046325,会计师事务所
603190,亚通精工,亚通精工：关于续聘会计师事务所的公告,2024-10-31,http://static.cninfo.com.cn/finalpage/2024-10-31/1221569814.PDF,1221569814,会计师事务所
603191,望变电气,望变电气：关于变更会计师事务所的公告,2024-08-30,http://static.cninfo.com.cn/finalpage/2024-08-30/1221056528.PDF,1221056528,会计师事务所
603192,汇得科技,汇得科技：汇得科技关于审计机构变更项目合伙人及签字注册会计师的公告,2024-08-24,http://static.cninfo.com.cn/finalpage/2024-08-24/1220958911.PDF,1220958911,会计师
603192,汇得科技,汇得科技：汇得科技会计师事务所选聘制度,2024-09-11,http://static.cninfo.com.cn/finalpage/2024-09-11/1221191254.PDF,1221191254,会计师事务所
603193,润本股份,润本股份：关于续聘会计师事务所的公告,2024-10-23,http://static.cninfo.com.cn/finalpage/2024-10-23/1221474505.PDF,1221474505,会计师事务所
603199,九华旅游,九华旅游：九华旅游关于续聘会计师事务所的公告,2024-10-29,http://static.cninfo.com.cn/finalpage/2024-10-29/1221540691.PDF,1221540691,会计师事务所
603208,江山欧派,江山欧派：江山欧派关于变更签字会计师的公告,2024-12-24,http://static.cninfo.com.cn/finalpage/2024-12-24/1222113271.PDF,1222113271,会计师
603216,梦天家居,梦天家居：梦天家居关于续聘会计师事务所的公告,2024-08-29,http://static.cninfo.com.cn/finalpage/2024-08-29/1221029195.PDF,1221029195,会计师事务所
603216,梦天家居,梦天家居：会计师事务所选聘制度,2024-08-29,http://static.cninfo.com.cn/finalpage/2024-08-29/1221029193.PDF,1221029193,会计师事务所
603227,雪峰科技,雪峰科技：新疆雪峰科技（集团）股份有限公司关于聘任2024年度会计师事务所的公告,2024-10-18,http://static.cninfo.com.cn/finalpage/2024-10-18/1221418240.PDF,1221418240,会计师事务所
603230,内蒙新华,内蒙新华：内蒙古新华发行集团股份有限公司关于续聘会计师事务所的公告,2024-10-30,http://static.cninfo.com.cn/finalpage/2024-10-30/1221556909.PDF,1221556909,会计师事务所
603231,索宝蛋白,索宝蛋白：关于变更会计师事务所的公告,2024-12-03,http://static.cninfo.com.cn/finalpage/2024-12-03/1221909500.PDF,1221909500,会计师事务所
603232,格尔软件,格尔软件：格尔软件股份有限公司关于续聘会计师事务所的公告,2024-10-31,http://static.cninfo.com.cn/finalpage/2024-10-31/1221568879.PDF,1221568879,会计师事务所
603260,合盛硅业,合盛硅业：天健会计师事务所（特殊普通合伙）关于合盛硅业股份有限公司2023年年度报告的信息披露监管工作函回复的专项说明,2024-07-13,http://static.cninfo.com.cn/finalpage/2024-07-13/1220627753.PDF,1220627753,会计师事务所
603272,联翔股份,联翔股份：会计师事务所选聘制度,2024-08-29,http://static.cninfo.com.cn/finalpage/2024-08-29/1221030759.PDF,1221030759,会计师事务所
603273,天元智能,天元智能：关于更换会计师事务所的公告,2024-11-12,http://static.cninfo.com.cn/finalpage/2024-11-12/1221685884.PDF,1221685884,会计师事务所
603279,景津装备,景津装备：景津装备股份有限公司关于续聘会计师事务所的公告,2024-10-22,http://static.cninfo.com.cn/finalpage/2024-10-22/1221449835.PDF,1221449835,会计师事务所
603282,亚光股份,亚光股份：亚光股份：关于聘任2024年度审计机构的公告,2024-08-24,http://static.cninfo.com.cn/finalpage/2024-08-24/1220960121.PDF,1220960121,审计机构
603286,日盈电子,日盈电子：关于变更会计师事务所的公告,2024-08-29,http://static.cninfo.com.cn/finalpage/2024-08-29/1221022872.PDF,1221022872,会计师事务所
603296,华勤技术,华勤技术：华勤技术股份有限公司会计师事务所选聘制度,2024-08-27,http://static.cninfo.com.cn/finalpage/2024-08-27/1220983671.PDF,1220983671,会计师事务所
603296,华勤技术,华勤技术：华勤技术关于聘任会计师事务所的公告,2024-08-27,http://static.cninfo.com.cn/finalpage/2024-08-27/1220983677.PDF,1220983677,会计师事务所
603299,苏盐井神,苏盐井神：江苏苏盐井神股份有限公司会计师事务所选聘制度,2024-08-27,http://static.cninfo.com.cn/finalpage/2024-08-27/1220981791.PDF,1220981791,会计师事务所
603299,苏盐井神,苏盐井神：江苏苏盐井神股份有限公司关于聘任2024年度审计机构的公告,2024-10-31,http://static.cninfo.com.cn/finalpage/2024-10-31/1221571124.PDF,1221571124,审计机构
603300,海南华铁,海南华铁：浙江海控南科华铁数智科技股份有限公司关于续聘会计师事务所的公告,2024-12-10,http://static.cninfo.com.cn/finalpage/2024-12-10/1221965911.PDF,1221965911,会计师事务所
603307,扬州金泉,扬州金泉：关于续聘会计师事务所的公告,2024-11-29,http://static.cninfo.com.cn/finalpage/2024-11-29/1221879696.PDF,1221879696,会计师事务所
603307,扬州金泉,扬州金泉：扬州金泉旅游用品股份有限公司会计师事务所选聘管理办法,2024-11-29,http://static.cninfo.com.cn/finalpage/2024-11-29/1221879695.PDF,1221879695,会计师事务所
603312,西典新能,西典新能：关于续聘审计机构的公告,2024-08-13,http://static.cninfo.com.cn/finalpage/2024-08-13/1220849656.PDF,1220849656,审计机构
603316,诚邦股份,诚邦股份：诚邦生态环境股份有限公司关于聘任会计师事务所的公告,2024-11-29,http://static.cninfo.com.cn/finalpage/2024-11-29/1221879856.PDF,1221879856,会计师事务所
603318,水发燃气,水发燃气：关于续聘公司2024年度审计机构的公告,2024-09-12,http://static.cninfo.com.cn/finalpage/2024-09-12/1221203056.PDF,1221203056,审计机构
603322,超讯通信,超讯通信：超讯通信：信永中和会计师事务所（特殊普通合伙）关于公司2023年年度报告的信息披露监管工作函的回复意见,2024-07-18,http://static.cninfo.com.cn/finalpage/2024-07-18/1220664849.PDF,1220664849,会计师事务所
603324,盛剑科技,盛剑科技：盛剑科技关于续聘2024年度财务审计机构和内部控制审计机构的公告,2024-08-28,http://static.cninfo.com.cn/finalpage/2024-08-28/1221003446.PDF,1221003446,审计机构
603324,盛剑科技,盛剑科技：中汇会计师事务所（特殊普通合伙）关于上海盛剑科技股份有限公司向不特定对象发行可转换公司债券的财务报告及审计报告,2024-12-11,http://static.cninfo.com.cn/finalpage/2024-12-11/1221982779.PDF,1221982779,会计师事务所
603325,博隆技术,博隆技术：上海博隆装备技术股份有限公司会计师事务所选聘制度,2024-08-27,http://static.cninfo.com.cn/finalpage/2024-08-27/1220983279.PDF,1220983279,会计师事务所
603325,博隆技术,博隆技术：关于续聘会计师事务所的公告,2024-11-23,http://static.cninfo.com.cn/finalpage/2024-11-23/1221817190.PDF,1221817190,会计师事务所
603327,福蓉科技,福蓉科技：会计师事务所选聘管理办法,2024-08-22,http://static.cninfo.com.cn/finalpage/2024-08-22/1220935572.PDF,1220935572,会计师事务所
603327,福蓉科技,福蓉科技：关于聘任会计师事务所的公告,2024-10-30,http://static.cninfo.com.cn/finalpage/2024-10-30/1221556936.PDF,1221556936,会计师事务所
603327,福蓉科技,福蓉科技：兴业证券关于福蓉科技变更2024年度审计机构的临时受托管理事务报告,2024-11-19,http://static.cninfo.com.cn/finalpage/2024-11-19/1221765678.PDF,1221765678,审计机构
603329,上海雅仕,上海雅仕：立信会计师事务所（特殊普通合伙）关于上海雅仕投资发展股份有限公司向特定对象发行股票的财务报告及审计报告,2024-12-07,http://static.cninfo.com.cn/finalpage/2024-12-07/1221956441.PDF,1221956441,会计师事务所
603336,宏辉果蔬,宏辉果蔬：关于续聘会计师事务所的公告,2024-08-30,http://static.cninfo.com.cn/finalpage/2024-08-30/1221053234.PDF,1221053234,会计师事务所
603348,文灿股份,文灿股份：《文灿集团股份有限公司会计师事务所选聘制度》（2024年8月制定）,2024-08-20,http://static.cninfo.com.cn/finalpage/2024-08-20/1220909987.PDF,1220909987,会计师事务所
603348,文灿股份,文灿股份：关于审计机构变更质量控制复核人的公告,2024-10-09,http://static.cninfo.com.cn/finalpage/2024-10-09/1221341606.PDF,1221341606,审计机构
603350,安乃达,安乃达：会计师事务所选聘制度,2024-08-30,http://static.cninfo.com.cn/finalpage/2024-08-30/1221051357.PDF,1221051357,会计师事务所
603355,莱克电气,莱克电气：信永中和会计师事务所（特殊普通合伙）《关于莱克电气股份有限公司2023年年度报告的信息披露监管工作函》专项回复,2024-07-10,http://static.cninfo.com.cn/finalpage/2024-07-10/1220587599.PDF,1220587599,会计师事务所
603359,东珠生态,东珠生态：东珠生态环保股份有限公司关于变更签字注册会计师的公告,2024-11-30,http://static.cninfo.com.cn/finalpage/2024-11-30/1221889745.PDF,1221889745,会计师
603360,百傲化学,百傲化学：致同会计师事务所（特殊普通合伙）关于大连百傲化学股份有限公司2023年度报告信息披露监管工作函的回复,2024-07-18,http://static.cninfo.com.cn/finalpage/2024-07-18/1220664747.PDF,1220664747,会计师事务所
603360,百傲化学,百傲化学：大连百傲化学股份有限公司关于续聘会计师事务所的公告,2024-10-30,http://static.cninfo.com.cn/finalpage/2024-10-30/1221558842.PDF,1221558842,会计事务所
603365,水星家纺,水星家纺：上海水星家用纺织品股份有限公司续聘会计师事务所公告,2024-10-29,http://static.cninfo.com.cn/finalpage/2024-10-29/1221540064.PDF,1221540064,会计师事务所
603375,盛景微,盛景微：关于续聘会计师事务所的公告,2024-10-30,http://static.cninfo.com.cn/finalpage/2024-10-30/1221557516.PDF,1221557516,会计师事务所
603379,三美股份,三美股份：浙江三美化工股份有限公司关于变更签字注册会计师的公告,2024-12-31,http://static.cninfo.com.cn/finalpage/2024-12-31/1222179958.PDF,1222179958,会计师
603380,易德龙,易德龙：苏州易德龙科技股份有限公司关于拟变更会计师事务所暨聘任公司2024年度审计机构的公告,2024-10-30,http://static.cninfo.com.cn/finalpage/2024-10-30/1221557522.PDF,1221557522,会计师事务所
603381,永臻股份,永臻股份：会计师事务所选聘制度,2024-08-21,http://static.cninfo.com.cn/finalpage/2024-08-21/1220926469.PDF,1220926469,会计师事务所
603386,骏亚科技,骏亚科技：骏亚科技：关于变更会计师事务所的公告,2024-10-28,http://static.cninfo.com.cn/finalpage/2024-10-28/1221531196.PDF,1221531196,会计师事务所
603389,亚振家居,亚振家居：天健会计师事务所（特殊普通合伙）关于亚振家居2023年年度报告的信息披露监管工作函专项说明,2024-07-17,http://static.cninfo.com.cn/finalpage/2024-07-17/1220654584.PDF,1220654584,会计师事务所
603392,万泰生物,万泰生物：万泰生物会计师事务所选聘制度,2024-10-25,http://static.cninfo.com.cn/finalpage/2024-10-25/1221506864.PDF,1221506864,会计师事务所
603395,红四方,红四方：红四方关于续聘会计师事务所的公告,2024-12-11,http://static.cninfo.com.cn/finalpage/2024-12-11/1221980623.PDF,1221980623,会计师事务所
603396,金辰股份,金辰股份：营口金辰机械股份有限公司关于变更签字会计师的公告,2024-10-18,http://static.cninfo.com.cn/finalpage/2024-10-18/1221418398.PDF,1221418398,会计师
603398,沐邦高科,沐邦高科：江西沐邦高科股份有限公司关于续聘会计师事务所的公告,2024-11-26,http://static.cninfo.com.cn/finalpage/2024-11-26/1221834764.PDF,1221834764,会计师事务所
603399,永杉锂业,永杉锂业：永杉锂业关于续聘公司2024年度外部审计机构的公告,2024-12-13,http://static.cninfo.com.cn/finalpage/2024-12-13/1222006208.PDF,1222006208,审计机构
603408,建霖家居,建霖家居：厦门建霖健康家居股份有限公司关于变更会计师事务所的公告,2024-10-26,http://static.cninfo.com.cn/finalpage/2024-10-26/1221520289.PDF,1221520289,会计师事务所
603416,信捷电气,信捷电气：信永中和会计师事务所(特殊普通合伙)关于无锡信捷电气股份有限公司向特定对象发行股票的财务报告及审计报告,2024-10-16,http://static.cninfo.com.cn/finalpage/2024-10-16/1221395486.PDF,1221395486,会计师事务所
603421,鼎信通讯,鼎信通讯：安永华明会计师事务所（特殊普通合伙）关于鼎信通讯2023年年度报告的信息披露监管工作函的专项说明,2024-07-27,http://static.cninfo.com.cn/finalpage/2024-07-27/1220740588.PDF,1220740588,会计师事务所
603421,鼎信通讯,鼎信通讯：鼎信通讯关于变更会计师事务所的公告,2024-11-29,http://static.cninfo.com.cn/finalpage/2024-11-29/1221879221.PDF,1221879221,会计师事务所
603444,吉比特,吉比特：毕马威华振会计师事务所(特殊普通合伙)关于厦门吉比特网络技术股份有限公司2023年年度报告信息披露监管工作函回复的专项说明,2024-07-09,http://static.cninfo.com.cn/finalpage/2024-07-09/1220560056.PDF,1220560056,会计师事务所
603477,巨星农牧,巨星农牧：四川华信(集团)会计师事务所（特殊普通合伙）关于乐山巨星农牧股份有限公司2023年度向特定对象发行股票的财务报告及审计报告,2024-12-06,http://static.cninfo.com.cn/finalpage/2024-12-06/1221940669.PDF,1221940669,会计师事务所
603488,展鹏科技,展鹏科技：展鹏科技股份有限公司会计师事务所选聘制度,2024-08-16,http://static.cninfo.com.cn/finalpage/2024-08-16/1220880024.PDF,1220880024,会计师事务所
603499,翔港科技,翔港科技：关于拟变更会计师事务所的公告,2024-10-18,http://static.cninfo.com.cn/finalpage/2024-10-18/1221418800.PDF,1221418800,会计师事务所
603499,翔港科技,翔港科技：深圳华众杰会计师事务所(普通合伙)关于深圳市金泰克半导体有限公司(合并)的审计报告(2024年1-6月份),2024-11-02,http://static.cninfo.com.cn/finalpage/2024-11-02/1221602168.PDF,1221602168,会计事务所
603508,思维列控,思维列控：思维列控：关于变更2024年度会计师事务所的公告,2024-08-20,http://static.cninfo.com.cn/finalpage/2024-08-20/1220909314.PDF,1220909314,会计师事务所
603518,锦泓集团,锦泓集团：锦泓时装集团股份有限公司关于变更签字会计师的公告,2024-12-28,http://static.cninfo.com.cn/finalpage/2024-12-28/1222163227.PDF,1222163227,会计师
603529,爱玛科技,爱玛科技：爱玛科技关于续聘2024年会计师事务所的公告,2024-08-23,http://static.cninfo.com.cn/finalpage/2024-08-23/1220950784.PDF,1220950784,会计师事务所
603530,神马电力,神马电力：关于变更会计师事务所的公告,2024-08-17,http://static.cninfo.com.cn/finalpage/2024-08-17/1220896680.PDF,1220896680,会计师事务所
603535,嘉诚国际,嘉诚国际：关于续聘会计师事务所的公告,2024-12-14,http://static.cninfo.com.cn/finalpage/2024-12-14/1222016273.PDF,1222016273,会计师事务所
603557,ST起步,ST起步：ST起步：关于变更2024年度会计师事务所的公告,2024-12-07,http://static.cninfo.com.cn/finalpage/2024-12-07/1221958684.PDF,1221958684,会计师事务所
603559,*ST通脉,*ST通脉：致同会计师事务所（特殊普通合伙）关于中通国脉通信股份有限公司2023年年度报告的信息披露监管工作函的部分回复【致同专字（2024）第 320A016173 号】,2024-08-07,http://static.cninfo.com.cn/finalpage/2024-08-07/1220806427.PDF,1220806427,会计师事务所
603577,汇金通,汇金通：汇金通关于变更会计师事务所的公告,2024-11-16,http://static.cninfo.com.cn/finalpage/2024-11-16/1221739341.PDF,1221739341,会计师事务所
603578,三星新材,三星新材：天健会计师事务所(特殊普通合伙)关于浙江三星新材股份有限公司向特定对象发行股票申请文件的审核问询函中有关财务事项的说明（2024年半年度数据更新版）,2024-09-14,http://static.cninfo.com.cn/finalpage/2024-09-14/1221220402.PDF,1221220402,会计师事务所
603580,艾艾精工,艾艾精工：艾艾精工关于变更会计师事务所的公告,2024-09-26,http://static.cninfo.com.cn/finalpage/2024-09-26/1221291118.PDF,1221291118,会计师事务所
603585,苏利股份,苏利股份：苏利股份关于聘任会计师事务所的公告,2024-10-11,http://static.cninfo.com.cn/finalpage/2024-10-11/1221359462.PDF,1221359462,会计师事务所
603590,康辰药业,康辰药业：华兴会计师事务所关于对北京康辰药业股份有限公司2023年度财务报表出具带强调事项段无保留意见审计报告的专项说明（修订版）,2024-07-13,http://static.cninfo.com.cn/finalpage/2024-07-13/1220627983.PDF,1220627983,会计师事务所
603590,康辰药业,康辰药业：康辰药业关于续聘会计师事务所的公告,2024-08-28,http://static.cninfo.com.cn/finalpage/2024-08-28/1221006178.PDF,1221006178,会计师事务所
603590,康辰药业,康辰药业：北京康辰药业股份有限公司会计师事务所选聘制度,2024-08-28,http://static.cninfo.com.cn/finalpage/2024-08-28/1221006177.PDF,1221006177,会计师事务所
603595,东尼电子,东尼电子：公证天业会计师事务所（特殊普通合伙）对《关于浙江东尼电子股份有限公司2024年半年度报告的信息披露监管工作函》的回复,2024-11-07,http://static.cninfo.com.cn/finalpage/2024-11-07/1221641020.PDF,1221641020,会计师事务所
603596,伯特利,伯特利：容诚会计师事务所（特殊普通合伙）关于芜湖伯特利汽车安全系统股份有限公司向不特定对象发行可转换公司债券的财务报告及其审计报告,2024-08-01,http://static.cninfo.com.cn/finalpage/2024-08-01/1220766351.PDF,1220766351,会计师事务所
603599,广信股份,广信股份：关于变更签字注册会计师的公告,2024-11-21,http://static.cninfo.com.cn/finalpage/2024-11-21/1221788353.PDF,1221788353,会计师
603601,再升科技,再升科技：再升科技关于聘任会计师事务所的公告,2024-10-09,http://static.cninfo.com.cn/finalpage/2024-10-09/1221343280.PDF,1221343280,会计师事务所
603602,纵横通信,纵横通信：纵横通信关于续聘会计师事务所的公告,2024-10-19,http://static.cninfo.com.cn/finalpage/2024-10-19/1221433735.PDF,1221433735,会计师事务所
603608,*ST天创,*ST天创：关于变更会计师事务所的公告,2024-11-08,http://static.cninfo.com.cn/finalpage/2024-11-08/1221649606.PDF,1221649606,会计师事务所
603609,禾丰股份,禾丰股份：禾丰股份关于变更会计师事务所的公告,2024-08-16,http://static.cninfo.com.cn/finalpage/2024-08-16/1220878586.PDF,1220878586,会计师事务所
603610,麒盛科技,麒盛科技：麒盛科技关于续聘会计师事务所的公告,2024-09-25,http://static.cninfo.com.cn/finalpage/2024-09-25/1221280866.PDF,1221280866,会计师事务所
603612,索通发展,索通发展：立信会计师事务所（特殊普通合伙）关于索通发展股份有限公司2023年年度报告的信息披露监管工作函回复的核查意见,2024-07-06,http://static.cninfo.com.cn/finalpage/2024-07-06/1220541965.PDF,1220541965,会计师事务所
603612,索通发展,索通发展：索通发展股份有限公司关于续聘会计师事务所的公告,2024-10-24,http://static.cninfo.com.cn/finalpage/2024-10-24/1221489989.PDF,1221489989,会计师事务所
603615,茶花股份,茶花股份：关于变更会计师事务所的公告,2024-12-03,http://static.cninfo.com.cn/finalpage/2024-12-03/1221905803.PDF,1221905803,会计师事务所
603616,韩建河山,韩建河山：信永中和会计师事务所（特殊普通合伙）关于北京韩建河山管业股份有限公司2023年年度报告的信息披露监管工作函回复,2024-07-09,http://static.cninfo.com.cn/finalpage/2024-07-09/1220560408.PDF,1220560408,会计师事务所
603628,清源股份,清源股份：容诚会计师事务所（特殊普通合伙）关于清源科技股份有限公司向不特定对象发行可转换公司债券的审计报告及财务报表,2024-11-09,http://static.cninfo.com.cn/finalpage/2024-11-09/1221662973.PDF,1221662973,会计师事务所
603628,清源股份,清源股份：关于变更签字会计师的公告,2024-12-26,http://static.cninfo.com.cn/finalpage/2024-12-26/1222142508.PDF,1222142508,会计师
603636,南威软件,南威软件：南威软件：大华会计师事务所(特殊普通合伙)关于南威软件股份有限公司2023年年度报告的信息披露监管工作函的回复,2024-08-15,http://static.cninfo.com.cn/finalpage/2024-08-15/1220870266.PDF,1220870266,会计师事务所
603636,南威软件,南威软件：南威软件：关于变更会计师事务所的公告,2024-12-11,http://static.cninfo.com.cn/finalpage/2024-12-11/1221983353.PDF,1221983353,会计师事务所
603637,镇海股份,镇海股份：镇海石化工程股份有限公司关于变更签字注册会计师的公告,2024-12-17,http://static.cninfo.com.cn/finalpage/2024-12-17/1222034805.PDF,1222034805,会计师
603655,朗博科技,朗博科技：会计师事务所选聘制度,2024-08-28,http://static.cninfo.com.cn/finalpage/2024-08-28/1220999304.PDF,1220999304,会计师事务所
603662,柯力传感,柯力传感：柯力传感关于续聘2024年度会计师事务所的公告,2024-08-30,http://static.cninfo.com.cn/finalpage/2024-08-30/1221048680.PDF,1221048680,会计师事务所
603666,亿嘉和,亿嘉和：公证天业会计师事务所（特殊普通合伙）关于亿嘉和科技股份有限公司2023年年度报告的信息披露监管工作函的回复,2024-07-13,http://static.cninfo.com.cn/finalpage/2024-07-13/1220627288.PDF,1220627288,会计师事务所
603666,亿嘉和,亿嘉和：亿嘉和科技股份有限公司关于变更会计师事务所暨聘请2024年度审计机构的公告,2024-10-31,http://static.cninfo.com.cn/finalpage/2024-10-31/1221573808.PDF,1221573808,会计师事务所
603666,亿嘉和,亿嘉和：亿嘉和科技股份有限公司会计师事务所选聘制度（2024年修订）,2024-10-31,http://static.cninfo.com.cn/finalpage/2024-10-31/1221573809.PDF,1221573809,会计师事务所
603677,奇精机械,奇精机械：关于聘任公司2024年度审计机构的公告,2024-09-12,http://static.cninfo.com.cn/finalpage/2024-09-12/1221203064.PDF,1221203064,审计机构
603688,石英股份,石英股份：江苏太平洋石英股份有限公司关于变更签字注册会计师的公告,2024-12-06,http://static.cninfo.com.cn/finalpage/2024-12-06/1221938910.PDF,1221938910,会计师
603689,皖天然气,皖天然气：关于变更会计师事务所的公告,2024-11-28,http://static.cninfo.com.cn/finalpage/2024-11-28/1221864291.PDF,1221864291,会计师事务所
603690,至纯科技,至纯科技：众华会计师事务所（特殊普通合伙）对《关于上海至纯洁净系统科技股份有限公司2023年年度报告的信息披露监管工作函》中相关问题的专项说明,2024-07-09,http://static.cninfo.com.cn/finalpage/2024-07-09/1220561048.PDF,1220561048,会计师事务所
603693,江苏新能,江苏新能：江苏新能关于变更会计师事务所的公告,2024-10-30,http://static.cninfo.com.cn/finalpage/2024-10-30/1221554581.PDF,1221554581,会计师事务所
603698,航天工程,航天工程：航天工程公司关于变更会计师事务所的公告,2024-10-30,http://static.cninfo.com.cn/finalpage/2024-10-30/1221559474.PDF,1221559474,会计事务所
603701,德宏股份,德宏股份：浙江德宏汽车电子电器股份有限公司关于变更会计师事务所的公告,2024-09-28,http://static.cninfo.com.cn/finalpage/2024-09-28/1221311999.PDF,1221311999,会计师事务所
603712,七一二,七一二：立信会计师事务所（特殊普通合伙）关于对天津七一二通信广播股份有限公司2023年年度报告的信息披露监管工作函专项说明,2024-07-27,http://static.cninfo.com.cn/finalpage/2024-07-27/1220739263.PDF,1220739263,会计师事务所
603716,塞力医疗,塞力医疗：中审众环会计师事务所(特殊普通合伙)关于塞力医疗2023年度财务报告非标准审计意见的专项说明(修订版),2024-07-12,http://static.cninfo.com.cn/finalpage/2024-07-12/1220614982.PDF,1220614982,会计师事务所
603716,塞力医疗,塞力医疗：中审众环会计师事务所（特殊普通合伙）关于塞力医疗2023年年度报告的信息披露监管工作函的补充回复,2024-07-12,http://static.cninfo.com.cn/finalpage/2024-07-12/1220614983.PDF,1220614983,会计师事务所
603718,海利生物,海利生物：海利生物关于变更签字注册会计师的公告,2024-11-16,http://static.cninfo.com.cn/finalpage/2024-11-16/1221739698.PDF,1221739698,签字注册会计师
603721,中广天择,中广天择：容诚会计师事务所关于中广天择2023 年度报告的信息披露监管工作函的专项说明,2024-07-10,http://static.cninfo.com.cn/finalpage/2024-07-10/1220589966.PDF,1220589966,会计师事务所
603721,中广天择,中广天择：中广天择关于续聘会计师事务所的公告,2024-08-29,http://static.cninfo.com.cn/finalpage/2024-08-29/1221027510.PDF,1221027510,会计师事务所
603725,天安新材,天安新材：天安新材关于续聘会计师事务所的公告,2024-08-17,http://static.cninfo.com.cn/finalpage/2024-08-17/1220892725.PDF,1220892725,会计师事务所
603725,天安新材,天安新材：广东天安新材料股份有限公司会计师事务所选聘制度,2024-08-17,http://static.cninfo.com.cn/finalpage/2024-08-17/1220892719.PDF,1220892719,会计师事务所
603729,龙韵股份,龙韵股份：上海龙韵文创科技集团股份有限公司关于续聘会计师事务所的公告,2024-12-11,http://static.cninfo.com.cn/finalpage/2024-12-11/1221979030.PDF,1221979030,会计师事务所
603733,仙鹤股份,仙鹤股份：仙鹤股份关于公司续聘2024年度审计机构的公告,2024-10-30,http://static.cninfo.com.cn/finalpage/2024-10-30/1221556974.PDF,1221556974,审计机构
603755,日辰股份,日辰股份：青岛日辰食品股份有限公司选聘会计师事务所管理办法（2024年8月）,2024-08-22,http://static.cninfo.com.cn/finalpage/2024-08-22/1220936962.PDF,1220936962,会计师事务所
603755,日辰股份,日辰股份：青岛日辰食品股份有限公司关于续聘2024年度会计师事务所的公告,2024-08-22,http://static.cninfo.com.cn/finalpage/2024-08-22/1220936960.PDF,1220936960,会计师事务所
603758,秦安股份,秦安股份：秦安股份关于续聘2024年度审计机构的公告,2024-08-20,http://static.cninfo.com.cn/finalpage/2024-08-20/1220909383.PDF,1220909383,审计机构
603766,隆鑫通用,隆鑫通用：信永中和会计师事务所关于对隆鑫通用2023年年度报告的信息披露监管工作函中需要会计师发表意见的说明,2024-07-24,http://static.cninfo.com.cn/finalpage/2024-07-24/1220710516.PDF,1220710516,会计师事务所
603773,沃格光电,沃格光电：江西沃格光电股份有限公司关于聘任会计师事务所的公告,2024-08-20,http://static.cninfo.com.cn/finalpage/2024-08-20/1220909390.PDF,1220909390,会计师事务所
603778,国晟科技,国晟科技：关于续聘2024年度审计机构的公告,2024-08-30,http://static.cninfo.com.cn/finalpage/2024-08-30/1221047103.PDF,1221047103,审计机构
603778,国晟科技,国晟科技：董事会审计委员会关于续聘公司2024年度审计机构的书面审核意见,2024-08-30,http://static.cninfo.com.cn/finalpage/2024-08-30/1221047104.PDF,1221047104,审计机构
603789,星光农机,星光农机：天职国际会计师事务所（特殊普通合伙）关于星光农机股份有限公司2023年年度报告的信息披露监管工作函的回复,2024-07-09,http://static.cninfo.com.cn/finalpage/2024-07-09/1220560121.PDF,1220560121,会计师事务所
603789,星光农机,星光农机：星光农机关于变更2024年度审计机构的公告,2024-11-28,http://static.cninfo.com.cn/finalpage/2024-11-28/1221865036.PDF,1221865036,审计机构
603790,雅运股份,雅运股份：上海雅运纺织化工股份有限公司关于变更签字注册会计师的公告,2024-11-29,http://static.cninfo.com.cn/finalpage/2024-11-29/1221878217.PDF,1221878217,会计师
603799,华友钴业,华友钴业：天健会计师事务所（特殊普通合伙）关于浙江华友钴业股份有限公司2024年半年度报告的信息披露监管工作函中有关财务事项的说明,2024-11-08,http://static.cninfo.com.cn/finalpage/2024-11-08/1221649534.PDF,1221649534,会计师事务所
603800,道森股份,道森股份：立信会计师事务所(特殊普通合伙)关于江苏洪田科技股份有限公司2023年年度报告的信息披露监管工作函的回复,2024-07-19,http://static.cninfo.com.cn/finalpage/2024-07-19/1220675165.PDF,1220675165,会计师事务所
603800,洪田股份,洪田股份：关于续聘2024年度会计师事务所的公告,2024-11-29,http://static.cninfo.com.cn/finalpage/2024-11-29/1221878757.PDF,1221878757,会计师事务所
603801,志邦家居,志邦家居：关于向不特定对象发行可转换公司债券变更专项审计机构及相关事项的公告,2024-07-11,http://static.cninfo.com.cn/finalpage/2024-07-11/1220601250.PDF,1220601250,审计机构
603801,志邦家居,志邦家居：天健会计师事务所（特殊普通合伙）关于志邦家居股份有限公司向不特定对象发行可转换公司债券申请文件的审核问询函的回复（2024年半年度财务数据更新版）,2024-09-12,http://static.cninfo.com.cn/finalpage/2024-09-12/1221203306.PDF,1221203306,会计师事务所
603801,志邦家居,志邦家居：关于聘任2024年度审计机构的公告,2024-10-30,http://static.cninfo.com.cn/finalpage/2024-10-30/1221555408.PDF,1221555408,审计机构
603808,歌力思,歌力思：关于续聘2024年度审计机构的公告,2024-10-30,http://static.cninfo.com.cn/finalpage/2024-10-30/1221558496.PDF,1221558496,审计机构
603811,诚意药业,诚意药业：浙江诚意药业股份有限公司会计师事务所选聘制度,2024-10-29,http://static.cninfo.com.cn/finalpage/2024-10-29/1221537684.PDF,1221537684,会计师事务所
603811,诚意药业,诚意药业：浙江诚意药业股份有限公司关于续聘会计师事务所的公告,2024-10-29,http://static.cninfo.com.cn/finalpage/2024-10-29/1221537686.PDF,1221537686,会计师事务所
603813,原尚股份,原尚股份：原尚股份关于续聘会计师事务所的公告,2024-10-30,http://static.cninfo.com.cn/finalpage/2024-10-30/1221553081.PDF,1221553081,会计师事务所
603817,海峡环保,海峡环保：海峡环保关于续聘会计师事务所的公告,2024-08-23,http://static.cninfo.com.cn/finalpage/2024-08-23/1220950550.PDF,1220950550,会计师事务所
603822,嘉澳环保,嘉澳环保：续聘会计师事务所公告,2024-10-31,http://static.cninfo.com.cn/finalpage/2024-10-31/1221572991.PDF,1221572991,会计师事务所
603822,嘉澳环保,嘉澳环保：董事会审计委员会关于公司续聘会计师事务所的书面审核意见,2024-10-31,http://static.cninfo.com.cn/finalpage/2024-10-31/1221572994.PDF,1221572994,会计师事务所
603825,华扬联众,华扬联众：中兴财光华会计师事务所（特殊普通合伙）关于华扬联众数字技术股份有限公司2023年年度报告的信息披露监管工作函的回复,2024-07-11,http://static.cninfo.com.cn/finalpage/2024-07-11/1220602398.PDF,1220602398,会计师事务所
603826,坤彩科技,坤彩科技：关于变更会计师事务所的公告,2024-11-16,http://static.cninfo.com.cn/finalpage/2024-11-16/1221742286.PDF,1221742286,会计师事务所
603828,ST柯利达,ST柯利达：容诚会计师事务所关于柯利达2023年年度报告的信息披露监管工作函的专项说明,2024-07-05,http://static.cninfo.com.cn/finalpage/2024-07-05/1220535465.PDF,1220535465,会计师事务所
603828,ST柯利达,ST柯利达：柯利达关于变更会计师事务所的公告,2024-12-21,http://static.cninfo.com.cn/finalpage/2024-12-21/1222093077.PDF,1222093077,会计师事务所
603833,欧派家居,欧派家居：欧派家居关于续聘会计师事务所的公告,2024-10-29,http://static.cninfo.com.cn/finalpage/2024-10-29/1221539710.PDF,1221539710,会计师事务所
603836,海程邦达,海程邦达：关于变更审计机构项目合伙人、签字注册会计师及质量控制复核人的公告,2024-12-13,http://static.cninfo.com.cn/finalpage/2024-12-13/1222003953.PDF,1222003953,会计师
603839,安正时尚,安正时尚：安正时尚集团股份有限公司关于续聘2024年度外部审计机构的公告,2024-08-29,http://static.cninfo.com.cn/finalpage/2024-08-29/1221032592.PDF,1221032592,审计机构
603858,步长制药,步长制药：信永中和会计师事务所（特殊普通合伙）关于山东步长制药股份有限公司2023年年度报告的信息披露监管工作函的回复意见,2024-07-09,http://static.cninfo.com.cn/finalpage/2024-07-09/1220560125.PDF,1220560125,会计师事务所
603860,中公高科,中公高科：中公高科关于续聘会计师事务所的公告,2024-08-30,http://static.cninfo.com.cn/finalpage/2024-08-30/1221045339.PDF,1221045339,会计师事务所
603863,松炀资源,松炀资源：广东松炀再生资源股份有限公司关于聘任会计师事务所的公告,2024-11-28,http://static.cninfo.com.cn/finalpage/2024-11-28/1221865540.PDF,1221865540,会计师事务所
603869,ST智知,ST智知：毕马威华振会计师事务所（特殊普通合伙）关于新智认知数字科技股份有限公司2023年度报告的信息披露监管工作函回复的专项说明,2024-08-16,http://static.cninfo.com.cn/finalpage/2024-08-16/1220883176.PDF,1220883176,会计师事务所
603869,ST智知,ST智知：新智认知数字科技股份有限公司关于续聘会计师事务所的公告,2024-08-23,http://static.cninfo.com.cn/finalpage/2024-08-23/1220953564.PDF,1220953564,会计师事务所
603877,太平鸟,太平鸟：关于变更会计师事务所的公告,2024-08-01,http://static.cninfo.com.cn/finalpage/2024-08-01/1220763739.PDF,1220763739,会计师事务所
603885,吉祥航空,吉祥航空：上海吉祥航空股份有限公司关于拟变更会计师事务所的公告,2024-10-15,http://static.cninfo.com.cn/finalpage/2024-10-15/1221383973.PDF,1221383973,会计师事务所
603887,城地香江,城地香江：天职国际会计师事务所（特殊普通合伙）关于上海城地香江数据科技股份有限公司2023年年度报告的信息披露监管工作函的回复-天职业字[2024]42787号,2024-07-11,http://static.cninfo.com.cn/finalpage/2024-07-11/1220602970.PDF,1220602970,会计师事务所
603887,城地香江,城地香江：上海城地香江数据科技股份有限公司关于更换会计师事务所的公告,2024-11-23,http://static.cninfo.com.cn/finalpage/2024-11-23/1221817195.PDF,1221817195,会计师事务所
603893,瑞芯微,瑞芯微：关于续聘会计师事务所的公告,2024-10-23,http://static.cninfo.com.cn/finalpage/2024-10-23/1221474893.PDF,1221474893,会计师事务所
603898,好莱客,好莱客：广州好莱客创意家居股份有限公司关于续聘会计师事务所的公告,2024-08-29,http://static.cninfo.com.cn/finalpage/2024-08-29/1221028635.PDF,1221028635,会计师事务所
603901,永创智能,永创智能：关于更换审计质量控制复核人员的公告,2024-12-13,http://static.cninfo.com.cn/finalpage/2024-12-13/1222004204.PDF,1222004204,质量控制复核人
603903,中持股份,中持股份：中持水务股份有限公司关于续聘会计师事务所的公告,2024-10-31,http://static.cninfo.com.cn/finalpage/2024-10-31/1221573823.PDF,1221573823,会计师事务所
603906,龙蟠科技,龙蟠科技：江苏龙蟠科技股份有限公司会计师事务所选聘制度,2024-10-01,http://static.cninfo.com.cn/finalpage/2024-10-01/1221331457.PDF,1221331457,会计师事务所
603909,建发合诚,建发合诚：建发合诚关于聘任2024年度会计师事务所的公告,2024-08-22,http://static.cninfo.com.cn/finalpage/2024-08-22/1220937974.PDF,1220937974,会计师事务所
603916,苏博特,苏博特：立信会计师事务所（特殊普通合伙）关于江苏苏博特新材料股份有限公司2023年年度报告的信息披露监管工作函有关问题的回复,2024-07-02,http://static.cninfo.com.cn/finalpage/2024-07-02/1220510307.PDF,1220510307,会计师事务所
603920,世运电路,世运电路：世运电路关于变更签字注册会计师的公告,2024-12-03,http://static.cninfo.com.cn/finalpage/2024-12-03/1221905487.PDF,1221905487,会计师
603922,金鸿顺,金鸿顺：华兴会计师事务所(特殊普通合伙)关于金鸿顺2023年年度报告的信息披露监管工作函的回复,2024-07-27,http://static.cninfo.com.cn/finalpage/2024-07-27/1220738248.PDF,1220738248,会计师事务所
603929,亚翔集成,亚翔集成：亚翔集成-关于变更2024年年度会计师事务所及其审计费用的公告,2024-10-31,http://static.cninfo.com.cn/finalpage/2024-10-31/1221571608.PDF,1221571608,会计师事务所
603933,睿能科技,睿能科技：睿能科技会计师事务所选聘制度（2024年8月）,2024-08-24,http://static.cninfo.com.cn/finalpage/2024-08-24/1220960877.PDF,1220960877,会计师事务所
603936,博敏电子,博敏电子：立信中联会计师事务所（特殊普通合伙）关于博敏电子股份有限公司2023年年度报告的信息披露监管工作函的回复意见,2024-07-31,http://static.cninfo.com.cn/finalpage/2024-07-31/1220755862.PDF,1220755862,会计师事务所
603936,博敏电子,博敏电子：博敏电子关于续聘会计师事务所的公告,2024-11-19,http://static.cninfo.com.cn/finalpage/2024-11-19/1221767375.PDF,1221767375,会计师事务所
603936,博敏电子,博敏电子：博敏电子会计师事务所选聘制度（2024年12月修订）,2024-12-05,http://static.cninfo.com.cn/finalpage/2024-12-05/1221926292.PDF,1221926292,会计师事务所
603938,三孚股份,三孚股份：三孚股份：关于续聘会计师事务所的公告,2024-08-20,http://static.cninfo.com.cn/finalpage/2024-08-20/1220909526.PDF,1220909526,会计师事务所
603938,三孚股份,三孚股份：三孚股份：会计师事务所选聘制度,2024-08-20,http://static.cninfo.com.cn/finalpage/2024-08-20/1220909528.PDF,1220909528,会计师事务所
603949,雪龙集团,雪龙集团：雪龙集团股份有限公司关于审计机构变更质量控制复核人的公告,2024-12-27,http://static.cninfo.com.cn/finalpage/2024-12-27/1222154622.PDF,1222154622,审计机构
603956,威派格,威派格：威派格关于选聘会计师事务所的公告,2024-09-24,http://static.cninfo.com.cn/finalpage/2024-09-24/1221275144.PDF,1221275144,会计师事务所
603958,哈森股份,哈森股份：哈森股份关于续聘会计师事务所的公告,2024-10-12,http://static.cninfo.com.cn/finalpage/2024-10-12/1221367979.PDF,1221367979,会计师事务所
603959,ST百利,ST百利：大华会计师事务所关于对百利科技2023年度财务报表出具保留意见涉及事项的专项说明（修订版）,2024-07-17,http://static.cninfo.com.cn/finalpage/2024-07-17/1220652956.PDF,1220652956,会计师事务所
603969,银龙股份,银龙股份：天津银龙预应力材料股份有限公司关于会计师事务所名称变更及签字项目合伙人变更的公告,2024-12-13,http://static.cninfo.com.cn/finalpage/2024-12-13/1222003957.PDF,1222003957,会计师事务所
603977,国泰集团,国泰集团：江西国泰集团股份有限公司关于改聘2024年度会计师事务所的公告,2024-08-28,http://static.cninfo.com.cn/finalpage/2024-08-28/1221006551.PDF,1221006551,会计师事务所
603979,金诚信,金诚信：中汇会计师事务所（特殊普通合伙）关于金诚信矿业管理股份有限公司向不特定对象发行可转换公司债券的财务报告及审计报告,2024-11-21,http://static.cninfo.com.cn/finalpage/2024-11-21/1221789245.PDF,1221789245,会计师事务所
603985,恒润股份,恒润股份：江阴市恒润重工股份有限公司关于变更会计师事务所的公告,2024-08-24,http://static.cninfo.com.cn/finalpage/2024-08-24/1220962650.PDF,1220962650,会计师事务所
603986,兆易创新,兆易创新：兆易创新会计师事务所选聘管理制度（2024年10月）,2024-10-26,http://static.cninfo.com.cn/finalpage/2024-10-26/1221525462.PDF,1221525462,会计师事务所
603986,兆易创新,兆易创新：兆易创新关于续聘会计师事务所的公告,2024-10-26,http://static.cninfo.com.cn/finalpage/2024-10-26/1221525459.PDF,1221525459,会计师事务所
603987,康德莱,康德莱：上海康德莱企业发展集团股份有限公司会计师事务所选聘制度,2024-11-29,http://static.cninfo.com.cn/finalpage/2024-11-29/1221878225.PDF,1221878225,会计师事务所
603988,中电电机,中电电机：中电电机关于续聘会计师事务所的公告,2024-08-24,http://static.cninfo.com.cn/finalpage/2024-08-24/1220964523.PDF,1220964523,会计师事务所
603990,麦迪科技,麦迪科技：中汇会计师事务所（特殊普通合伙）关于上海证券交易所《关于对苏州麦迪斯顿医疗科技股份有限公司2023 年年度报告的信息披露监管工作函》有关财务问题回复的专项说明,2024-07-03,http://static.cninfo.com.cn/finalpage/2024-07-03/1220521523.PDF,1220521523,会计师事务所
603990,麦迪科技,麦迪科技：麦迪科技关于续聘公司2024年度财务和内控审计机构的公告,2024-08-17,http://static.cninfo.com.cn/finalpage/2024-08-17/1220895687.PDF,1220895687,审计机构
603991,至正股份,至正股份：至正股份关于聘任2024年度会计师事务所的公告,2024-09-28,http://static.cninfo.com.cn/finalpage/2024-09-28/1221311395.PDF,1221311395,会计师事务所
605005,合兴股份,合兴股份：合兴汽车电子股份有限公司关于变更签字会计师的公告,2024-12-17,http://static.cninfo.com.cn/finalpage/2024-12-17/1222034811.PDF,1222034811,会计师
605007,五洲特纸,五洲特纸：天健会计师事务所（特殊普通合伙）关于五洲特种纸业集团股份有限公司向特定对象发行股票申请文件的审核问询函中有关财务事项的说明（修订稿）（2024年半年度财务数据更新版）,2024-08-30,http://static.cninfo.com.cn/finalpage/2024-08-30/1221048720.PDF,1221048720,会计师事务所
605008,长鸿高科,长鸿高科：立信中联会计师事务所（特殊普通合伙）《关于宁波长鸿高分子科技股份有限公司2023年年度报告的信息披露监管工作函的回复,2024-07-20,http://static.cninfo.com.cn/finalpage/2024-07-20/1220689631.PDF,1220689631,会计师事务所
605028,世茂能源,世茂能源：宁波世茂能源股份有限公司关于续聘2024年度会计师事务所的公告,2024-08-24,http://static.cninfo.com.cn/finalpage/2024-08-24/1220963022.PDF,1220963022,会计师事务所
605028,世茂能源,世茂能源：宁波世茂能源股份有限公司关于变更签字会计师的公告,2024-12-23,http://static.cninfo.com.cn/finalpage/2024-12-23/1222102852.PDF,1222102852,会计师
605058,澳弘电子,澳弘电子：澳弘电子关于变更会计师事务所的公告,2024-11-22,http://static.cninfo.com.cn/finalpage/2024-11-22/1221803361.PDF,1221803361,会计师事务所
605066,天正电气,天正电气：会计师事务所选聘制度,2024-08-20,http://static.cninfo.com.cn/finalpage/2024-08-20/1220909557.PDF,1220909557,会计师事务所
605066,天正电气,天正电气：关于续聘2024年度会计师事务所的公告,2024-08-20,http://static.cninfo.com.cn/finalpage/2024-08-20/1220909569.PDF,1220909569,会计师事务所
605069,正和生态,正和生态：北京德皓国际会计师事务所(特殊普通合伙)关于公司2023年年度及2024年一季度报告的信息披露监管工作函的回复,2024-07-03,http://static.cninfo.com.cn/finalpage/2024-07-03/1220521668.PDF,1220521668,会计师事务所
605069,正和生态,正和生态：关于续聘会计师事务所的公告,2024-12-12,http://static.cninfo.com.cn/finalpage/2024-12-12/1221999123.PDF,1221999123,会计师事务所
605077,华康股份,华康股份：天健会计师事务所（特殊普通合伙）关于华康股份2023年年度报告的信息披露监管工作函专项说明,2024-07-10,http://static.cninfo.com.cn/finalpage/2024-07-10/1220589895.PDF,1220589895,会计师事务所
605081,太和水,太和水：容诚会计师事务所（特殊普通合伙）关于上海太和水科技发展股份有限公司2023年年度报告的信息披露监管工作函回复的核查报告,2024-07-27,http://static.cninfo.com.cn/finalpage/2024-07-27/1220740467.PDF,1220740467,会计师事务所
605081,太和水,太和水：上海太和水科技发展股份有限公司关于选聘会计师事务所的公告,2024-11-30,http://static.cninfo.com.cn/finalpage/2024-11-30/1221892291.PDF,1221892291,会计师事务所
605086,龙高股份,龙高股份：龙岩高岭土股份有限公司关于续聘会计师事务所的公告,2024-10-23,http://static.cninfo.com.cn/finalpage/2024-10-23/1221473329.PDF,1221473329,会计师事务所
605100,华丰股份,华丰股份：华丰动力股份有限公司关于续聘会计师事务所的公告,2024-08-31,http://static.cninfo.com.cn/finalpage/2024-08-31/1221077218.PDF,1221077218,会计师事务所
605117,德业股份,德业股份：关于续聘会计师事务所的公告,2024-07-19,http://static.cninfo.com.cn/finalpage/2024-07-19/1220676816.PDF,1220676816,会计师事务所
605118,力鼎光电,力鼎光电：力鼎光电关于变更会计师事务所的公告,2024-11-22,http://static.cninfo.com.cn/finalpage/2024-11-22/1221803364.PDF,1221803364,会计师事务所
605136,丽人丽妆,丽人丽妆：关于变更2024年度审计机构的公告,2024-08-29,http://static.cninfo.com.cn/finalpage/2024-08-29/1221031870.PDF,1221031870,审计机构
605162,新中港,新中港：会计师事务所选聘制度（2024年8月）,2024-08-24,http://static.cninfo.com.cn/finalpage/2024-08-24/1220960898.PDF,1220960898,会计师事务所
605162,新中港,新中港：关于变更签字会计师的公告,2024-12-04,http://static.cninfo.com.cn/finalpage/2024-12-04/1221916867.PDF,1221916867,会计师
605167,利柏特,利柏特：中汇会计师事务所（特殊普通合伙）关于江苏利柏特股份有限公司向不特定对象发行可转换公司债券的财务报告及其审计报告,2024-09-26,http://static.cninfo.com.cn/finalpage/2024-09-26/1221291531.PDF,1221291531,会计师事务所
605168,三人行,三人行：三人行：关于变更会计师事务所的公告,2024-11-16,http://static.cninfo.com.cn/finalpage/2024-11-16/1221740470.PDF,1221740470,会计师事务所
605178,时空科技,时空科技：关于变更签字注册会计师的公告,2024-12-05,http://static.cninfo.com.cn/finalpage/2024-12-05/1221925435.PDF,1221925435,会计师
605198,安德利,安德利：安德利：关于更换会计师事务所的公告,2024-11-27,http://static.cninfo.com.cn/finalpage/2024-11-27/1221852873.PDF,1221852873,会计师事务所
605199,葫芦娃,葫芦娃：海南葫芦娃药业集团股份有限公司关于变更会计师事务所公告,2024-11-12,http://static.cninfo.com.cn/finalpage/2024-11-12/1221684725.PDF,1221684725,会计师事务所
605208,永茂泰,永茂泰：天健会计师事务所（特殊普通合伙）《关于上海永茂泰汽车科技股份有限公司2023年年度报告的信息披露监管工作函》的专项说明,2024-07-16,http://static.cninfo.com.cn/finalpage/2024-07-16/1220648831.PDF,1220648831,会计师事务所
605218,伟时电子,伟时电子：伟时电子股份有限公司关于选聘会计师事务所的公告,2024-08-29,http://static.cninfo.com.cn/finalpage/2024-08-29/1221025337.PDF,1221025337,会计师事务所
605289,罗曼股份,罗曼股份：罗曼股份：关于变更会计师事务所的公告,2024-11-27,http://static.cninfo.com.cn/finalpage/2024-11-27/1221853985.PDF,1221853985,会计师事务所
605319,无锡振华,无锡振华：天健会计师事务所（特殊普通合伙）关于无锡市振华汽车部件股份有限公司向不特定对象发行可转换公司债券的财务报告及审计报告,2024-09-07,http://static.cninfo.com.cn/finalpage/2024-09-07/1221160130.PDF,1221160130,会计师事务所
605358,立昂微,立昂微：杭州立昂微电子股份有限公司会计师事务所选聘制度,2024-08-29,http://static.cninfo.com.cn/finalpage/2024-08-29/1221025938.PDF,1221025938,会计师事务所
605358,立昂微,立昂微：立昂微续聘会计师事务所的公告,2024-08-29,http://static.cninfo.com.cn/finalpage/2024-08-29/1221025941.PDF,1221025941,会计师事务所
605365,立达信,立达信：立达信物联科技股份有限公司会计师事务所选聘制度（2024年8月）,2024-08-13,http://static.cninfo.com.cn/finalpage/2024-08-13/1220850276.PDF,1220850276,会计师事务所
605368,蓝天燃气,蓝天燃气：蓝天燃气续聘会计师事务所公告,2024-08-20,http://static.cninfo.com.cn/finalpage/2024-08-20/1220909590.PDF,1220909590,会计师事务所
605388,均瑶健康,均瑶健康：湖北均瑶大健康饮品股份有限公司关于聘任公司2024年度审计机构的公告,2024-08-26,http://static.cninfo.com.cn/finalpage/2024-08-26/1220975772.PDF,1220975772,审计机构
605399,晨光新材,晨光新材：晨光新材关于变更2024年度会计师事务所的公告,2024-10-31,http://static.cninfo.com.cn/finalpage/2024-10-31/1221570656.PDF,1221570656,会计师事务所
605399,晨光新材,晨光新材：晨光新材会计师事务所选聘制度,2024-10-31,http://static.cninfo.com.cn/finalpage/2024-10-31/1221570659.PDF,1221570659,会计师事务所
605499,东鹏饮料,东鹏饮料：东鹏饮料（集团）股份有限公司关于变更会计师事务所的公告,2024-07-16,http://static.cninfo.com.cn/finalpage/2024-07-16/1220647560.PDF,1220647560,会计师事务所
605499,东鹏饮料,东鹏饮料：德勤华永会计师事务所（特殊普通合伙）关于东鹏饮料（集团）股份有限公司2024年半年度审计报告【德师报(审)字(24)第S00557号】,2024-08-31,http://static.cninfo.com.cn/finalpage/2024-08-31/1221085476.PDF,1221085476,会计师事务所
605500,森林包装,森林包装：中汇会计师事务所（特殊普通合伙）关于森林包装集团股份有限公司会计估计变更的鉴证报告,2024-12-19,http://static.cninfo.com.cn/finalpage/2024-12-19/1222063664.PDF,1222063664,会计师事务所
605599,菜百股份,菜百股份：北京菜市口百货股份有限公司续聘会计师事务所公告,2024-08-13,http://static.cninfo.com.cn/finalpage/2024-08-13/1220849693.PDF,1220849693,会计师事务所
688003,天准科技,天准科技：关于续聘会计师事务所的公告,2024-10-18,http://static.cninfo.com.cn/finalpage/2024-10-18/1221420227.PDF,1221420227,会计师事务所
688004,博汇科技,博汇科技：博汇科技关于变更会计师事务所的公告,2024-11-11,http://static.cninfo.com.cn/finalpage/2024-11-11/1221675713.PDF,1221675713,会计师事务所
688004,博汇科技,博汇科技：博汇科技会计师事务所选聘制度,2024-11-11,http://static.cninfo.com.cn/finalpage/2024-11-11/1221675656.PDF,1221675656,会计师事务所
688007,光峰科技,光峰科技：关于公司续聘2024年度财务和内部控制审计机构的公告,2024-08-31,http://static.cninfo.com.cn/finalpage/2024-08-31/1221088268.PDF,1221088268,审计机构
688008,澜起科技,澜起科技：澜起科技关于聘任2024年度财务及内部控制审计机构的公告,2024-09-03,http://static.cninfo.com.cn/finalpage/2024-09-03/1221115008.PDF,1221115008,审计机构
688010,福光股份,福光股份：华兴会计师事务所（特殊普通合伙）关于福建福光股份有限公司2023年年度报告的信息披露监管问询函的回复,2024-07-26,http://static.cninfo.com.cn/finalpage/2024-07-26/1220731998.PDF,1220731998,会计师事务所
688011,新光光电,新光光电：哈尔滨新光光电科技股份有限公司关于续聘2024年度审计机构的公告,2024-12-26,http://static.cninfo.com.cn/finalpage/2024-12-26/1222144235.PDF,1222144235,审计机构
688013,天臣医疗,天臣医疗：天臣医疗关于续聘2024年度审计机构的公告,2024-08-29,http://static.cninfo.com.cn/finalpage/2024-08-29/1221035178.PDF,1221035178,审计机构
688016,心脉医疗,心脉医疗：心脉医疗：关于变更会计师事务所的公告,2024-10-30,http://static.cninfo.com.cn/finalpage/2024-10-30/1221560422.PDF,1221560422,会计师事务所
688018,乐鑫科技,乐鑫科技：乐鑫科技会计师事务所选聘制度,2024-08-21,http://static.cninfo.com.cn/finalpage/2024-08-21/1220925228.PDF,1220925228,会计师事务所
688022,瀚川智能,瀚川智能：容诚会计师事务所(特殊普通合伙)关于苏州瀚川智能科技股份有限公司2023年年度报告的信息披露监管问询函中有关问题的专项说明,2024-07-09,http://static.cninfo.com.cn/finalpage/2024-07-09/1220561284.PDF,1220561284,会计师事务所
688022,瀚川智能,瀚川智能：容诚会计师事务所(特殊普通合伙)关于瀚川智能非经营性资金占用及其他关联资金往来情况汇总表的专项审计报告（修订版）,2024-07-11,http://static.cninfo.com.cn/finalpage/2024-07-11/1220601584.PDF,1220601584,会计事务所
688025,杰普特,杰普特：会计师事务所选聘制度,2024-08-24,http://static.cninfo.com.cn/finalpage/2024-08-24/1220966725.PDF,1220966725,会计师事务所
688025,杰普特,杰普特：关于续聘2024年度审计机构的公告,2024-08-24,http://static.cninfo.com.cn/finalpage/2024-08-24/1220966733.PDF,1220966733,审计机构
688026,洁特生物,洁特生物：关于续聘2024年度会计师事务所的公告,2024-12-31,http://static.cninfo.com.cn/finalpage/2024-12-31/1222179983.PDF,1222179983,会计师事务所
688028,沃尔德,沃尔德：会计师事务所选聘制度（2024年12月修订）,2024-12-21,http://static.cninfo.com.cn/finalpage/2024-12-21/1222090737.PDF,1222090737,会计师事务
688030,山石网科,山石网科：关于续聘公司2024年度审计机构的公告,2024-10-30,http://static.cninfo.com.cn/finalpage/2024-10-30/1221557000.PDF,1221557000,审计机构
688031,星环科技,星环科技：关于变更签字注册会计师的公告,2024-11-23,http://static.cninfo.com.cn/finalpage/2024-11-23/1221817203.PDF,1221817203,会计师
688033,天宜上佳,天宜上佳：关于续聘2024年度审计机构的公告,2024-08-20,http://static.cninfo.com.cn/finalpage/2024-08-20/1220911249.PDF,1220911249,审计机构
688045,必易微,必易微：必易微关于聘任2024年度审计机构的公告,2024-10-29,http://static.cninfo.com.cn/finalpage/2024-10-29/1221539720.PDF,1221539720,审计机构
688047,龙芯中科,龙芯中科：龙芯中科关于拟变更2024年度会计师事务所的公告,2024-09-24,http://static.cninfo.com.cn/finalpage/2024-09-24/1221277253.PDF,1221277253,会计师事务所
688051,佳华科技,佳华科技：关于续聘会计师事务所的公告,2024-12-14,http://static.cninfo.com.cn/finalpage/2024-12-14/1222017030.PDF,1222017030,会计师事务所
688056,莱伯泰科,莱伯泰科：关于续聘会计师事务所的公告,2024-08-28,http://static.cninfo.com.cn/finalpage/2024-08-28/1221005653.PDF,1221005653,会计师事务所
688057,金达莱,金达莱：中审众环会计师事务所（特殊普通合伙）《关于江西金达莱环保股份有限公司2023年年度报告信息披露的监管问询函》的回复,2024-07-20,http://static.cninfo.com.cn/finalpage/2024-07-20/1220691352.PDF,1220691352,会计师事务所
688057,金达莱,金达莱：关于续聘会计师事务所的公告,2024-11-21,http://static.cninfo.com.cn/finalpage/2024-11-21/1221789984.PDF,1221789984,会计师事务所
688059,华锐精密,华锐精密：关于向特定对象发行A股股票变更专项审计机构的公告,2024-10-10,http://static.cninfo.com.cn/finalpage/2024-10-10/1221355950.PDF,1221355950,审计机构
688060,云涌科技,云涌科技：云涌科技关于变更签字注册会计师的公告,2024-11-30,http://static.cninfo.com.cn/finalpage/2024-11-30/1221889760.PDF,1221889760,会计师
688061,灿瑞科技,灿瑞科技：关于续聘会计师事务所的公告,2024-08-01,http://static.cninfo.com.cn/finalpage/2024-08-01/1220766268.PDF,1220766268,会计师事务所
688066,航天宏图,航天宏图：关于聘任2024年年度会计师事务所的公告,2024-10-19,http://static.cninfo.com.cn/finalpage/2024-10-19/1221433812.PDF,1221433812,会计师事务所
688073,毕得医药,毕得医药：关于续聘公司2024年度审计机构的公告,2024-10-15,http://static.cninfo.com.cn/finalpage/2024-10-15/1221383295.PDF,1221383295,审计机构
688073,毕得医药,毕得医药：关于变更签字注册会计师的公告,2024-12-13,http://static.cninfo.com.cn/finalpage/2024-12-13/1222005141.PDF,1222005141,签字注册会计师
688076,诺泰生物,诺泰生物：诺泰生物：关于续聘会计师事务所的公告,2024-10-23,http://static.cninfo.com.cn/finalpage/2024-10-23/1221474524.PDF,1221474524,会计师事务所
688077,大地熊,大地熊：容诚会计师事务所关于对大地熊2023年年度报告的事后审核问询函的回复,2024-07-18,http://static.cninfo.com.cn/finalpage/2024-07-18/1220664391.PDF,1220664391,会计师事务所
688082,盛美上海,盛美上海：立信会计师事务所（特殊普通合伙）关于盛美半导体设备（上海）股份有限公司向特定对象发行股票的财务报告及审计报告,2024-11-12,http://static.cninfo.com.cn/finalpage/2024-11-12/1221685361.PDF,1221685361,会计师事务所
688083,中望软件,中望软件：关于制订《会计师事务所选聘管理制度》及修订《董事会议事规则》《募集资金管理制度》的公告,2024-08-17,http://static.cninfo.com.cn/finalpage/2024-08-17/1220893818.PDF,1220893818,会计师事务所
688083,中望软件,中望软件：会计师事务所选聘制度,2024-08-17,http://static.cninfo.com.cn/finalpage/2024-08-17/1220893825.PDF,1220893825,会计师事务所
688083,中望软件,中望软件：关于续聘会计师事务所公告,2024-09-20,http://static.cninfo.com.cn/finalpage/2024-09-20/1221244375.PDF,1221244375,会计师事务所
688084,晶品特装,晶品特装：大华会计师事务所（特殊普通合伙）关于北京晶品特装科技股份有限公司2023年年度报告的信息披露监管问询函的回复,2024-07-11,http://static.cninfo.com.cn/finalpage/2024-07-11/1220600757.PDF,1220600757,会计师事务所
688084,晶品特装,晶品特装：关于聘任会计师事务所的公告,2024-12-10,http://static.cninfo.com.cn/finalpage/2024-12-10/1221964287.PDF,1221964287,会计师事务所
688085,三友医疗,三友医疗：关于变更会计师事务所的公告,2024-12-14,http://static.cninfo.com.cn/finalpage/2024-12-14/1222013876.PDF,1222013876,会计师事务所
688087,英科再生,英科再生：英科再生资源股份有限公司关于变更签字注册会计师的公告,2024-11-18,http://static.cninfo.com.cn/finalpage/2024-11-18/1221757526.PDF,1221757526,会计师
688088,虹软科技,虹软科技：会计师事务所选聘制度,2024-10-30,http://static.cninfo.com.cn/finalpage/2024-10-30/1221559486.PDF,1221559486,会计师事务所
688088,虹软科技,虹软科技：关于续聘2024年度审计机构的公告,2024-12-04,http://static.cninfo.com.cn/finalpage/2024-12-04/1221920077.PDF,1221920077,审计机构
688093,世华科技,世华科技：关于续聘2024年度审计机构的公告,2024-10-25,http://static.cninfo.com.cn/finalpage/2024-10-25/1221505231.PDF,1221505231,审计机构
688096,京源环保,京源环保：关于变更公司2024年度审计机构的公告,2024-11-16,http://static.cninfo.com.cn/finalpage/2024-11-16/1221742157.PDF,1221742157,审计机构
688098,申联生物,申联生物：关于聘任会计师事务所的公告,2024-12-04,http://static.cninfo.com.cn/finalpage/2024-12-04/1221919604.PDF,1221919604,会计师事务所
688101,三达膜,三达膜：三达膜关于续聘会计师事务所的公告,2024-10-30,http://static.cninfo.com.cn/finalpage/2024-10-30/1221553914.PDF,1221553914,会计师事务所
688102,斯瑞新材,斯瑞新材：关于续聘公司2024年度审计机构的公告,2024-10-30,http://static.cninfo.com.cn/finalpage/2024-10-30/1221560021.PDF,1221560021,审计机构
688106,金宏气体,金宏气体：金宏气体：会计师事务所选聘制度（2024年9月制定）,2024-09-27,http://static.cninfo.com.cn/finalpage/2024-09-27/1221304439.PDF,1221304439,会计师事务所
688106,金宏气体,金宏气体：金宏气体：关于续聘会计师事务所的公告,2024-09-27,http://static.cninfo.com.cn/finalpage/2024-09-27/1221304443.PDF,1221304443,会计师事务所
688113,联测科技,联测科技：江苏联测机电科技股份有限公司关于续聘会计师事务所的公告,2024-10-31,http://static.cninfo.com.cn/finalpage/2024-10-31/1221575879.PDF,1221575879,会计师事务所
688113,联测科技,联测科技：江苏联测机电科技股份有限公司关于制定《会计师事务所选聘制度》的公告,2024-10-31,http://static.cninfo.com.cn/finalpage/2024-10-31/1221575878.PDF,1221575878,会计师事务所
688113,联测科技,联测科技：江苏联测机电科技股份有限公司会计师事务所选聘制度,2024-10-31,http://static.cninfo.com.cn/finalpage/2024-10-31/1221575881.PDF,1221575881,会计师事务所
688113,联测科技,联测科技：江苏联测机电科技股份有限公司关于会计师事务所项目质控复核人变更的公告,2024-12-26,http://static.cninfo.com.cn/finalpage/2024-12-26/1222142512.PDF,1222142512,会计师事务所
688119,中钢洛耐,中钢洛耐：中钢洛耐关于续聘2024年度审计机构的公告,2024-11-06,http://static.cninfo.com.cn/finalpage/2024-11-06/1221635724.PDF,1221635724,审计机构
688120,华海清科,华海清科：关于续聘2024年度审计机构的公告,2024-11-30,http://static.cninfo.com.cn/finalpage/2024-11-30/1221892020.PDF,1221892020,审计机构
688122,西部超导,西部超导：关于变更会计师事务所的公告,2024-08-07,http://static.cninfo.com.cn/finalpage/2024-08-07/1220805751.PDF,1220805751,会计师事务所
688123,聚辰股份,聚辰股份：聚辰股份关于续聘2024年度外部审计机构的公告,2024-09-03,http://static.cninfo.com.cn/finalpage/2024-09-03/1221114064.PDF,1221114064,审计机构
688125,安达智能,安达智能：关于续聘会计师事务所的公告,2024-08-29,http://static.cninfo.com.cn/finalpage/2024-08-29/1221027557.PDF,1221027557,会计师事务所
688130,晶华微,晶华微：晶华微关于续聘2024年度审计机构的公告,2024-09-20,http://static.cninfo.com.cn/finalpage/2024-09-20/1221246304.PDF,1221246304,审计机构
688132,邦彦技术,邦彦技术：关于续聘会计师事务所的公告,2024-08-28,http://static.cninfo.com.cn/finalpage/2024-08-28/1221005122.PDF,1221005122,会计师事务所
688132,邦彦技术,邦彦技术：关于制定《会计师事务所选聘制度》的公告,2024-08-28,http://static.cninfo.com.cn/finalpage/2024-08-28/1221005128.PDF,1221005128,会计师事务所
688132,邦彦技术,邦彦技术：会计师事务所选聘制度,2024-08-28,http://static.cninfo.com.cn/finalpage/2024-08-28/1221005127.PDF,1221005127,会计师事务所
688135,利扬芯片,利扬芯片：关于拟聘请2024年度会计师事务所的公告,2024-11-22,http://static.cninfo.com.cn/finalpage/2024-11-22/1221803750.PDF,1221803750,会计师事务所
688136,科兴制药,科兴制药：关于变更会计师事务所的公告,2024-10-12,http://static.cninfo.com.cn/finalpage/2024-10-12/1221367518.PDF,1221367518,会计师事务所
688138,清溢光电,清溢光电：天健会计师事务所（特殊普通合伙）关于深圳清溢光电股份有限公司向特定对象发行股票的财务报告及审计报告,2024-08-10,http://static.cninfo.com.cn/finalpage/2024-08-10/1220834922.PDF,1220834922,会计师事务所
688138,清溢光电,清溢光电：天健会计师事务所（特殊普通合伙）关于深圳清溢光电股份有限公司2023年度向特定对象发行A股股票申请文件的审核问询函的回复,2024-09-28,http://static.cninfo.com.cn/finalpage/2024-09-28/1221315033.PDF,1221315033,会计师事务所
688138,清溢光电,清溢光电：天健会计师事务所（特殊普通合伙）关于深圳清溢光电股份有限公司2023年度向特定对象发行A股股票申请文件的审核问询函的回复（修订稿）,2024-10-30,http://static.cninfo.com.cn/finalpage/2024-10-30/1221560200.PDF,1221560200,会计师事务所
688139,海尔生物,海尔生物：海尔生物关于变更签字注册会计师的公告,2024-10-25,http://static.cninfo.com.cn/finalpage/2024-10-25/1221506507.PDF,1221506507,会计师
688141,杰华特,杰华特：天健会计师事务所（特殊普通合伙）对《关于杰华特微电子股份有限公司2023年年度报告的信息披露监管问询函》的回复,2024-07-10,http://static.cninfo.com.cn/finalpage/2024-07-10/1220588903.PDF,1220588903,会计师事务所
688146,中船特气,中船特气：中船特气关于续聘会计师事务所的公告,2024-12-03,http://static.cninfo.com.cn/finalpage/2024-12-03/1221904958.PDF,1221904958,会计师事务所
688147,微导纳米,微导纳米：中兴华会计师事务所（特殊普通合伙）关于江苏微导纳米科技股份有限公司向不特定对象发行可转换公司债券的审计报告及财务报表,2024-11-16,http://static.cninfo.com.cn/finalpage/2024-11-16/1221742292.PDF,1221742292,会计师事务所
688148,芳源股份,芳源股份： 芳源股份关于续聘会计师事务所的公告,2024-11-23,http://static.cninfo.com.cn/finalpage/2024-11-23/1221817833.PDF,1221817833,会计师事务所
688151,华强科技,华强科技：天职国际会计师事务所关于湖北华强科技股份有限公司2023年年度报告的信息披露监管问询函的回复,2024-07-23,http://static.cninfo.com.cn/finalpage/2024-07-23/1220703260.PDF,1220703260,会计师事务所
688151,华强科技,华强科技：湖北华强科技股份有限公司关于变更会计师事务所的公告,2024-11-27,http://static.cninfo.com.cn/finalpage/2024-11-27/1221853631.PDF,1221853631,会计师事务所
688155,先惠技术,先惠技术：上海先惠自动化技术股份有限公司关于续聘会计师事务所的公告,2024-11-30,http://static.cninfo.com.cn/finalpage/2024-11-30/1221892658.PDF,1221892658,会计师事务所
688156,路德环境,路德环境：会计师事务所选聘制度,2024-10-26,http://static.cninfo.com.cn/finalpage/2024-10-26/1221523297.PDF,1221523297,会计师事务所
688157,松井股份,松井股份：松井新材料集团股份有限公司关于变更会计师事务所的公告,2024-12-13,http://static.cninfo.com.cn/finalpage/2024-12-13/1222006006.PDF,1222006006,会计师事务所
688159,有方科技,有方科技：有方科技：信永中和会计师事务所（特殊普通合伙）关于深圳市有方科技股份有限公司2023年年度报告的信息披露监管问询函的回复专项说明,2024-07-02,http://static.cninfo.com.cn/finalpage/2024-07-02/1220512943.PDF,1220512943,会计师事务所
688159,有方科技,有方科技：有方科技：关于变更会计师事务所的公告,2024-12-11,http://static.cninfo.com.cn/finalpage/2024-12-11/1221983728.PDF,1221983728,会计师事务所
688160,步科股份,步科股份：天健会计师事务所（特殊普通合伙）关于上海步科自动化股份有限公司2023年度向特定对象发行A股股票之问询函专项说明（修订稿）,2024-07-10,http://static.cninfo.com.cn/finalpage/2024-07-10/1220589754.PDF,1220589754,会计师事务所
688160,步科股份,步科股份：会计师事务所选聘制度（2024年8月）,2024-08-28,http://static.cninfo.com.cn/finalpage/2024-08-28/1221000844.PDF,1221000844,会计师事务所
688160,步科股份,步科股份：关于续聘2024年度审计机构的公告,2024-08-28,http://static.cninfo.com.cn/finalpage/2024-08-28/1221000852.PDF,1221000852,审计机构
688160,步科股份,步科股份：天健会计师事务所（特殊普通合伙）关于上海步科自动化股份有限公司2023年度向特定对象发行A股股票之问询函专项说明（修订稿）,2024-12-28,http://static.cninfo.com.cn/finalpage/2024-12-28/1222167228.PDF,1222167228,会计师事务所
688161,威高骨科,威高骨科：山东威高骨科材料股份有限公司关于拟聘请会计师事务所的公告,2024-10-31,http://static.cninfo.com.cn/finalpage/2024-10-31/1221573040.PDF,1221573040,会计师事务所
688165,埃夫特,埃夫特：埃夫特关于续聘会计师事务所的公告,2024-08-30,http://static.cninfo.com.cn/finalpage/2024-08-30/1221054479.PDF,1221054479,会计师事务所
688169,石头科技,石头科技：北京石头世纪科技股份有限公司关于变更2024年度会计师事务所的公告,2024-10-31,http://static.cninfo.com.cn/finalpage/2024-10-31/1221573463.PDF,1221573463,会计师事务所
688171,纬德信息,纬德信息：天健会计师事务所（特殊普通合伙）关于广东纬德信息科技股份有限公司2023年年度报告的信息披露监管问询函的专项说明,2024-07-06,http://static.cninfo.com.cn/finalpage/2024-07-06/1220540340.PDF,1220540340,会计师事务所
688171,纬德信息,纬德信息：关于续聘2024年度会计师事务所的公告,2024-07-18,http://static.cninfo.com.cn/finalpage/2024-07-18/1220663494.PDF,1220663494,会计师事务所
688173,希荻微,希荻微：立信会计师事务所（特殊普通合伙）对《关于希荻微电子集团股份有限公司2023年年度报告的信息披露监管问询函》的回复,2024-07-10,http://static.cninfo.com.cn/finalpage/2024-07-10/1220588911.PDF,1220588911,会计师事务所
688173,希荻微,希荻微：希荻微关于续聘会计师事务所的公告,2024-09-25,http://static.cninfo.com.cn/finalpage/2024-09-25/1221282797.PDF,1221282797,会计师事务所
688179,阿拉丁,阿拉丁：阿拉丁关于变更会计师事务所的公告,2024-08-31,http://static.cninfo.com.cn/finalpage/2024-08-31/1221076673.PDF,1221076673,会计师事务所
688182,灿勤科技,灿勤科技：立信中联会计师事务所（特殊普通合伙）关于上海证券交易所对江苏灿勤科技股份有限公司2023年年度报告的信息披露监管问询函的回复,2024-07-06,http://static.cninfo.com.cn/finalpage/2024-07-06/1220540900.PDF,1220540900,会计师事务所
688182,灿勤科技,灿勤科技：江苏灿勤科技股份有限公司关于变更签字注册会计师的公告,2024-12-26,http://static.cninfo.com.cn/finalpage/2024-12-26/1222143915.PDF,1222143915,会计师
688184,帕瓦股份,帕瓦股份：浙江帕瓦新能源股份有限公司关于拟变更会计师事务所的公告,2024-12-31,http://static.cninfo.com.cn/finalpage/2024-12-31/1222184191.PDF,1222184191,会计师事务所
688189,南新制药,南新制药：关于续聘会计师事务所的公告,2024-12-12,http://static.cninfo.com.cn/finalpage/2024-12-12/1221998758.PDF,1221998758,会计师事务所
688190,云路股份,云路股份：关于变更2024年度会计师事务所的公告,2024-12-05,http://static.cninfo.com.cn/finalpage/2024-12-05/1221926926.PDF,1221926926,会计师事务所
688192,迪哲医药,迪哲医药：迪哲医药：关于变更会计师事务所的公告,2024-08-30,http://static.cninfo.com.cn/finalpage/2024-08-30/1221050055.PDF,1221050055,会计师事务所
688193,仁度生物,仁度生物：关于续聘2024年度会计师事务所的公告,2024-08-30,http://static.cninfo.com.cn/finalpage/2024-08-30/1221050077.PDF,1221050077,会计师事务所
688196,卓越新能,卓越新能：龙岩卓越新能源股份有限公司会计师事务所选聘制度（2024年10月）,2024-10-29,http://static.cninfo.com.cn/finalpage/2024-10-29/1221539731.PDF,1221539731,会计师事务所
688196,卓越新能,卓越新能：卓越新能关于续聘会计师事务所的公告,2024-10-29,http://static.cninfo.com.cn/finalpage/2024-10-29/1221539728.PDF,1221539728,会计师事务所
688197,首药控股,首药控股：首药控股（北京）股份有限公司关于续聘会计师事务所的公告,2024-08-26,http://static.cninfo.com.cn/finalpage/2024-08-26/1220975822.PDF,1220975822,会计师事务所
688199,久日新材,久日新材：天津久日新材料股份有限公司关于变更会计师事务所的公告,2024-10-29,http://static.cninfo.com.cn/finalpage/2024-10-29/1221542625.PDF,1221542625,会计师事务所
688202,美迪西,美迪西：美迪西：关于变更签字注册会计师的公告,2024-12-28,http://static.cninfo.com.cn/finalpage/2024-12-28/1222167859.PDF,1222167859,会计师
688207,格灵深瞳,格灵深瞳：格灵深瞳会计师事务所选聘制度,2024-08-01,http://static.cninfo.com.cn/finalpage/2024-08-01/1220764925.PDF,1220764925,会计师事务所
688207,格灵深瞳,格灵深瞳：格灵深瞳关于续聘公司2024年度审计机构的公告,2024-08-01,http://static.cninfo.com.cn/finalpage/2024-08-01/1220764923.PDF,1220764923,审计机构
688209,英集芯,英集芯：英集芯关于续聘容诚会计师事务所（特殊普通合伙）为公司2024年度审计机构的公告,2024-10-29,http://static.cninfo.com.cn/finalpage/2024-10-29/1221542156.PDF,1221542156,会计师事务所
688210,统联精密,统联精密：关于变更2024年度审计机构的公告,2024-12-14,http://static.cninfo.com.cn/finalpage/2024-12-14/1222017274.PDF,1222017274,审计机构
688217,睿昂基因,睿昂基因：睿昂基因关于续聘会计师事务所的公告,2024-12-14,http://static.cninfo.com.cn/finalpage/2024-12-14/1222015245.PDF,1222015245,会计师事务所
688222,成都先导,成都先导：成都先导药物开发股份有限公司关于续聘公司2024年度财务及内部控制审计机构的公告,2024-08-29,http://static.cninfo.com.cn/finalpage/2024-08-29/1221026491.PDF,1221026491,审计机构
688223,晶科能源,晶科能源：晶科能源股份有限公司会计师事务所选聘制度（2024年7月修订）,2024-07-27,http://static.cninfo.com.cn/finalpage/2024-07-27/1220740545.PDF,1220740545,会计师事务所
688223,晶科能源,晶科能源：晶科能源关于续聘会计师事务所的公告,2024-08-31,http://static.cninfo.com.cn/finalpage/2024-08-31/1221085487.PDF,1221085487,会计师事务所
688223,晶科能源,晶科能源：天健会计师事务所（特殊普通合伙）关于晶科能源股份有限公司境外发行全球存托凭证新增境内基础A股股份的财务报告及审计报告,2024-12-14,http://static.cninfo.com.cn/finalpage/2024-12-14/1222017957.PDF,1222017957,会计师事务所
688228,开普云,开普云：关于续聘2024年度审计机构的公告,2024-12-11,http://static.cninfo.com.cn/finalpage/2024-12-11/1221979969.PDF,1221979969,审计机构
688229,博睿数据,博睿数据：关于续聘会计师事务所的公告,2024-11-20,http://static.cninfo.com.cn/finalpage/2024-11-20/1221777056.PDF,1221777056,会计师事务所
688232,新点软件,新点软件：新点软件关于续聘会计师事务所的公告,2024-10-26,http://static.cninfo.com.cn/finalpage/2024-10-26/1221522896.PDF,1221522896,会计师事务所
688234,天岳先进,天岳先进：关于续聘公司2024年度审计机构的公告,2024-12-28,http://static.cninfo.com.cn/finalpage/2024-12-28/1222166459.PDF,1222166459,审计机构
688237,超卓航科,超卓航科：超卓航科关于变更公司2024年度审计机构的公告,2024-09-07,http://static.cninfo.com.cn/finalpage/2024-09-07/1221158390.PDF,1221158390,审计机构
688246,嘉和美康,嘉和美康：嘉和美康关于变更会计师事务所的公告,2024-12-04,http://static.cninfo.com.cn/finalpage/2024-12-04/1221917996.PDF,1221917996,会计师事务所
688249,晶合集成,晶合集成：晶合集成关于变更项目合伙人及签字注册会计师的公告,2024-11-06,http://static.cninfo.com.cn/finalpage/2024-11-06/1221635727.PDF,1221635727,会计师
688252,天德钰,天德钰：深圳天德钰科技股份有限公司关于变更2024年度会计师事务所的公告,2024-10-23,http://static.cninfo.com.cn/finalpage/2024-10-23/1221475005.PDF,1221475005,会计师事务所
688252,天德钰,天德钰：深圳天德钰科技股份有限公司关于变更审计项目质量控制复核人的公告,2024-12-27,http://static.cninfo.com.cn/finalpage/2024-12-27/1222155554.PDF,1222155554,质量控制复核人
688260,昀冢科技,昀冢科技：天衡会计师事务所（特殊普通合伙）对《关于对苏州昀冢电子科技股份有限公司2023年年度报告的事后审核问询函》的回复,2024-07-09,http://static.cninfo.com.cn/finalpage/2024-07-09/1220561485.PDF,1220561485,会计师事务所
688261,东微半导,东微半导：苏州东微半导体股份有限公司会计师事务所选聘制度,2024-08-30,http://static.cninfo.com.cn/finalpage/2024-08-30/1221055097.PDF,1221055097,会计师事务所
688265,南模生物,南模生物：关于变更签字注册会计师的公告,2024-12-25,http://static.cninfo.com.cn/finalpage/2024-12-25/1222127863.PDF,1222127863,会计师
688268,华特气体,华特气体：广东华特气体股份有限公司关于聘任会计师事务所的公告,2024-10-19,http://static.cninfo.com.cn/finalpage/2024-10-19/1221433846.PDF,1221433846,会计师事务所
688271,联影医疗,联影医疗：联影医疗关于变更2024年度会计师事务所的公告,2024-11-08,http://static.cninfo.com.cn/finalpage/2024-11-08/1221650272.PDF,1221650272,会计师事务所
688273,麦澜德,麦澜德：关于变更会计师事务所的公告,2024-08-22,http://static.cninfo.com.cn/finalpage/2024-08-22/1220938691.PDF,1220938691,会计师事务所
688279,峰岹科技,峰岹科技：关于聘任2024年度审计机构的公告,2024-11-21,http://static.cninfo.com.cn/finalpage/2024-11-21/1221790926.PDF,1221790926,审计机构
688280,精进电动,精进电动：精进电动科技股份有限公司关于续聘2024年度审计机构的公告,2024-11-12,http://static.cninfo.com.cn/finalpage/2024-11-12/1221683980.PDF,1221683980,审计机构
688282,*ST导航,*ST导航：信永中和会计师事务所（特殊普通合伙）关于北京理工导航控制科技股份有限公司2023年年度报告的信息披露监管问询函的回复,2024-07-04,http://static.cninfo.com.cn/finalpage/2024-07-04/1220525598.PDF,1220525598,会计师事务所
688285,高铁电气,高铁电气：高铁电气：关于选聘2024年度会计师事务所的公告,2024-12-03,http://static.cninfo.com.cn/finalpage/2024-12-03/1221906391.PDF,1221906391,会计师事务所
688287,观典防务,观典防务：大信会计师事务所(特殊普通合伙)关于《关于观典防务技术股份有限公司2023 年年度报告的信息披露监管问询函》的回复,2024-07-03,http://static.cninfo.com.cn/finalpage/2024-07-03/1220522521.PDF,1220522521,会计师事务所
688288,鸿泉物联,鸿泉物联：鸿泉物联：关于变更签字注册会计师的公告,2024-10-30,http://static.cninfo.com.cn/finalpage/2024-10-30/1221560583.PDF,1221560583,会计师
688291,金橙子,金橙子：《北京金橙子科技股份有限公司会计师事务所选聘制度》,2024-08-31,http://static.cninfo.com.cn/finalpage/2024-08-31/1221082155.PDF,1221082155,会计师事务所
688292,浩瀚深度,浩瀚深度：北京浩瀚深度信息技术股份有限公司关于续聘2024年度审计机构的公告,2024-07-06,http://static.cninfo.com.cn/finalpage/2024-07-06/1220540152.PDF,1220540152,审计机构
688297,中无人机,中无人机：中无人机关于拟变更会计师事务所的公告,2024-10-31,http://static.cninfo.com.cn/finalpage/2024-10-31/1221574857.PDF,1221574857,会计师事务所
688297,中无人机,中无人机：中无人机关于变更公司总会计师的公告,2024-11-19,http://static.cninfo.com.cn/finalpage/2024-11-19/1221766831.PDF,1221766831,会计师
688301,奕瑞科技,奕瑞科技：立信会计师事务所（特殊普通合伙）关于上海奕瑞光电子科技股份有限公司向特定对象发行股票的审计报告及财务报表,2024-10-23,http://static.cninfo.com.cn/finalpage/2024-10-23/1221475742.PDF,1221475742,会计师事务所
688303,大全能源,大全能源：大全能源关于续聘德勤华永会计师事务所（特殊普通合伙）为公司2024年度审计机构的公告,2024-11-16,http://static.cninfo.com.cn/finalpage/2024-11-16/1221741805.PDF,1221741805,会计师事务所
688307,中润光学,中润光学：关于变更签字会计师的公告,2024-07-10,http://static.cninfo.com.cn/finalpage/2024-07-10/1220587908.PDF,1220587908,会计师
688316,青云科技,青云科技：容诚会计师事务所（特殊普通合伙）关于北京青云科技股份有限公司2024年半年度报告的信息披露监管问询函回复的核查意见,2024-10-21,http://static.cninfo.com.cn/finalpage/2024-10-21/1221442908.PDF,1221442908,会计师事务所
688316,青云科技,青云科技：关于聘任公司2024年度审计机构的公告,2024-12-06,http://static.cninfo.com.cn/finalpage/2024-12-06/1221941625.PDF,1221941625,审计机构
688326,经纬恒润,经纬恒润：立信会计师事务所（特殊普通合伙） 关于《关于北京经纬恒润科技股份有限公司2023年年度报告的信息披露监管问询函》的回复说明,2024-07-06,http://static.cninfo.com.cn/finalpage/2024-07-06/1220542321.PDF,1220542321,会计师事务所
688326,经纬恒润,经纬恒润：北京经纬恒润科技股份有限公司会计师事务所选聘管理制度,2024-08-28,http://static.cninfo.com.cn/finalpage/2024-08-28/1221008442.PDF,1221008442,会计师事务所
688326,经纬恒润,经纬恒润：关于续聘会计师事务所的公告,2024-09-04,http://static.cninfo.com.cn/finalpage/2024-09-04/1221123729.PDF,1221123729,会计师事务所
688327,云从科技,云从科技：关于变更专项审计机构及相关事项的公告,2024-07-06,http://static.cninfo.com.cn/finalpage/2024-07-06/1220541398.PDF,1220541398,审计机构
688327,云从科技,云从科技：关于变更会计师事务所的公告,2024-08-07,http://static.cninfo.com.cn/finalpage/2024-08-07/1220806549.PDF,1220806549,会计师事务所
688328,深科达,深科达：关于变更会计师事务所的公告,2024-11-30,http://static.cninfo.com.cn/finalpage/2024-11-30/1221890776.PDF,1221890776,会计师事务所
688329,艾隆科技,艾隆科技：艾隆科技会计师事务所选聘制度,2024-08-27,http://static.cninfo.com.cn/finalpage/2024-08-27/1220983736.PDF,1220983736,会计师事务所
688329,艾隆科技,艾隆科技：艾隆科技关于续聘2024年度审计机构的公告,2024-08-27,http://static.cninfo.com.cn/finalpage/2024-08-27/1220983728.PDF,1220983728,审计机构
688329,艾隆科技,艾隆科技：艾隆科技关于变更签字注册会计师的公告,2024-12-28,http://static.cninfo.com.cn/finalpage/2024-12-28/1222163554.PDF,1222163554,会计师
688331,荣昌生物,荣昌生物：荣昌生物关于变更签字注册会计师的公告,2024-07-03,http://static.cninfo.com.cn/finalpage/2024-07-03/1220519750.PDF,1220519750,会计师
688332,中科蓝讯,中科蓝讯：会计师事务所选聘制度,2024-08-14,http://static.cninfo.com.cn/finalpage/2024-08-14/1220862475.PDF,1220862475,会计师事务所
688332,中科蓝讯,中科蓝讯：关于续聘公司2024年度会计师事务所的公告,2024-08-14,http://static.cninfo.com.cn/finalpage/2024-08-14/1220862486.PDF,1220862486,会计师事务所
688335,复洁环保,复洁环保：关于聘任公司2024年度财务及内部控制审计机构的公告,2024-07-13,http://static.cninfo.com.cn/finalpage/2024-07-13/1220626374.PDF,1220626374,审计机构
688337,普源精电,普源精电：会计师事务所选聘制度,2024-07-24,http://static.cninfo.com.cn/finalpage/2024-07-24/1220711467.PDF,1220711467,会计师事务所
688337,普源精电,普源精电：普源精电科技股份有限公司关于续聘2024 年度审计机构的公告,2024-07-24,http://static.cninfo.com.cn/finalpage/2024-07-24/1220711465.PDF,1220711465,审计机构
688345,博力威,博力威：广东博力威科技股份有限公司关于拟续聘2024年度会计师事务所的公告,2024-09-28,http://static.cninfo.com.cn/finalpage/2024-09-28/1221314571.PDF,1221314571,会计师事务所
688349,三一重能,三一重能：三一重能股份有限公司会计师事务所选聘制度（2024年12月）,2024-12-24,http://static.cninfo.com.cn/finalpage/2024-12-24/1222114859.PDF,1222114859,会计师事务所
688351,微电生理,微电生理：关于变更会计师事务所的公告,2024-08-22,http://static.cninfo.com.cn/finalpage/2024-08-22/1220938483.PDF,1220938483,会计师事务所
688356,键凯科技,键凯科技：关于变更公司2024年度审计机构的公告,2024-11-09,http://static.cninfo.com.cn/finalpage/2024-11-09/1221662177.PDF,1221662177,审计机构
688359,三孚新科,三孚新科：三孚新科：关于续聘会计师事务所的公告,2024-08-27,http://static.cninfo.com.cn/finalpage/2024-08-27/1220983310.PDF,1220983310,会计师事务所
688361,中科飞测,中科飞测：深圳中科飞测科技股份有限公司关于变更公司2024年度会计师事务所的公告,2024-12-07,http://static.cninfo.com.cn/finalpage/2024-12-07/1221957964.PDF,1221957964,会计师事务所
688362,甬矽电子,甬矽电子：天健会计师事务所（特殊普通合伙）关于甬矽电子（宁波）股份有限公司向不特定对象发行可转换公司债券的审计报告及财务报表,2024-09-25,http://static.cninfo.com.cn/finalpage/2024-09-25/1221282676.PDF,1221282676,会计师事务所
688362,甬矽电子,甬矽电子：关于审计机构变更项目质量控制复核人的公告,2024-10-29,http://static.cninfo.com.cn/finalpage/2024-10-29/1221544187.PDF,1221544187,审计机构
688363,华熙生物,华熙生物：华熙生物关于续聘会计师事务所的公告,2024-10-31,http://static.cninfo.com.cn/finalpage/2024-10-31/1221574869.PDF,1221574869,会计师事务所
688368,晶丰明源,晶丰明源：上海晶丰明源半导体股份有限公司关于变更签字注册会计师的公告,2024-11-13,http://static.cninfo.com.cn/finalpage/2024-11-13/1221697299.PDF,1221697299,会计师
688370,丛麟科技,丛麟科技：中汇会计师事务所（特殊普通合伙）关于上海证券交易所《关于上海丛麟环保科技股份有限公司2023年年度报告的信息披露监管问询函》有关财务问题回复的专项说明,2024-07-02,http://static.cninfo.com.cn/finalpage/2024-07-02/1220512454.PDF,1220512454,会计师事务所
688372,伟测科技,伟测科技：天健会计师事务所（特殊普通合伙）关于上海伟测半导体科技股份有限公司向不特定对象发行可转换公司债券的财务报告及审计报告,2024-08-07,http://static.cninfo.com.cn/finalpage/2024-08-07/1220806460.PDF,1220806460,会计师事务所
688372,伟测科技,伟测科技：天健会计师事务所（特殊普通合伙）关于上海伟测半导体科技股份有限公司向不特定对象发行可转换公司债券的财务报告及审计报告（2024年半年度财务数据更新版）,2024-09-12,http://static.cninfo.com.cn/finalpage/2024-09-12/1221204806.PDF,1221204806,会计师事务所
688373,盟科药业,盟科药业：上海盟科药业股份有限公司关于变更公司2024年度审计机构的公告,2024-07-13,http://static.cninfo.com.cn/finalpage/2024-07-13/1220625909.PDF,1220625909,审计机构
688373,盟科药业,盟科药业：上海盟科药业股份有限公司关于聘任公司2024年度审计机构的公告,2024-11-23,http://static.cninfo.com.cn/finalpage/2024-11-23/1221816396.PDF,1221816396,审计机构
688375,国博电子,国博电子：南京国博电子股份有限公司关于续聘2024年度财务审计机构及内控审计机构的公告,2024-08-26,http://static.cninfo.com.cn/finalpage/2024-08-26/1220975832.PDF,1220975832,审计机构
688380,中微半导,中微半导：关于续聘2024年度审计机构的公告,2024-09-28,http://static.cninfo.com.cn/finalpage/2024-09-28/1221311818.PDF,1221311818,审计机构
688382,益方生物,益方生物：益方生物关于拟变更会计师事务所的公告,2024-08-23,http://static.cninfo.com.cn/finalpage/2024-08-23/1220953160.PDF,1220953160,会计师事务所
688385,复旦微电,复旦微电：关于变更签字会计师的公告,2024-10-15,http://static.cninfo.com.cn/finalpage/2024-10-15/1221383498.PDF,1221383498,会计师
688386,泛亚微透,泛亚微透：天健会计师事务所（特殊普通合伙）关于江苏泛亚微透科技股份有限公司内部控制审计报告,2024-12-07,http://static.cninfo.com.cn/finalpage/2024-12-07/1221956336.PDF,1221956336,会计师事务所
688387,信科移动,信科移动：关于续聘会计师事务所的公告,2024-10-22,http://static.cninfo.com.cn/finalpage/2024-10-22/1221450952.PDF,1221450952,会计师事务所
688388,嘉元科技,嘉元科技：广东嘉元科技股份有限公司关于变更会计师事务所的公告,2024-10-31,http://static.cninfo.com.cn/finalpage/2024-10-31/1221573863.PDF,1221573863,会计师事务所
688388,嘉元科技,嘉元科技：广东嘉元科技股份有限公司会计师事务所选聘制度,2024-10-31,http://static.cninfo.com.cn/finalpage/2024-10-31/1221573864.PDF,1221573864,会计师事务所
688389,普门科技,普门科技：深圳普门科技股份有限公司会计师事务所选聘制度,2024-08-28,http://static.cninfo.com.cn/finalpage/2024-08-28/1220999686.PDF,1220999686,会计师事务所
688389,普门科技,普门科技：深圳普门科技股份有限公司关于续聘2024年度审计机构的公告,2024-09-11,http://static.cninfo.com.cn/finalpage/2024-09-11/1221191929.PDF,1221191929,审计机构
688396,华润微,华润微：关于变更签字注册会计师与质量控制复核人的公告,2024-12-07,http://static.cninfo.com.cn/finalpage/2024-12-07/1221954738.PDF,1221954738,会计师
688399,硕世生物,硕世生物：江苏硕世生物科技股份有限公司关于续聘会计师事务所的公告,2024-08-31,http://static.cninfo.com.cn/finalpage/2024-08-31/1221083851.PDF,1221083851,会计师事务所
688401,路维光电,路维光电：路维光电会计师事务所选聘制度,2024-08-22,http://static.cninfo.com.cn/finalpage/2024-08-22/1220938906.PDF,1220938906,会计师事务所
688401,路维光电,路维光电：路维光电关于变更公司专项审计机构的公告,2024-08-22,http://static.cninfo.com.cn/finalpage/2024-08-22/1220938896.PDF,1220938896,审计机构
688401,路维光电,路维光电：路维光电关于变更2024年度审计机构的公告,2024-12-07,http://static.cninfo.com.cn/finalpage/2024-12-07/1221957558.PDF,1221957558,审计机构
688408,中信博,中信博：中信博关于变更会计师事务所的公告,2024-11-28,http://static.cninfo.com.cn/finalpage/2024-11-28/1221865565.PDF,1221865565,会计师事务所
688409,富创精密,富创精密：关于续聘2024年度审计机构的公告,2024-10-18,http://static.cninfo.com.cn/finalpage/2024-10-18/1221420871.PDF,1221420871,审计机构
688419,耐科装备,耐科装备：安徽耐科装备科技股份有限公司关于变更签字注册会计师的公告,2024-12-11,http://static.cninfo.com.cn/finalpage/2024-12-11/1221978556.PDF,1221978556,会计师
688420,美腾科技,美腾科技：天津美腾科技股份有限公司关于续聘会计师事务所的公告,2024-08-29,http://static.cninfo.com.cn/finalpage/2024-08-29/1221029812.PDF,1221029812,会计师事务所
688425,铁建重工,铁建重工：中国铁建重工集团股份有限公司关于变更会计师事务所的公告,2024-12-11,http://static.cninfo.com.cn/finalpage/2024-12-11/1221979042.PDF,1221979042,会计师事务所
688426,康为世纪,康为世纪：关于续聘公司2024年度财务审计机构及内控审计机构的公告,2024-12-05,http://static.cninfo.com.cn/finalpage/2024-12-05/1221927635.PDF,1221927635,审计机构
688429,时创能源,时创能源：常州时创能源股份有限公司关于续聘天健会计师事务所（特殊普通合伙）为公司2024年度审计机构的公告,2024-07-19,http://static.cninfo.com.cn/finalpage/2024-07-19/1220676224.PDF,1220676224,会计师事务所
688439,振华风光,振华风光：贵州振华风光半导体股份有限公司关于续聘会计师事务所的公告,2024-10-30,http://static.cninfo.com.cn/finalpage/2024-10-30/1221560066.PDF,1221560066,会计师事务
688448,磁谷科技,磁谷科技：《南京磁谷科技股份有限公司会计师事务所选聘制度》（2024年12月）,2024-12-31,http://static.cninfo.com.cn/finalpage/2024-12-31/1222180675.PDF,1222180675,会计师事务所
688455,科捷智能,科捷智能：关于聘任会计师事务所的公告,2024-09-20,http://static.cninfo.com.cn/finalpage/2024-09-20/1221245162.PDF,1221245162,会计师事务所
688459,哈铁科技,哈铁科技：关于聘用会计师事务所公告,2024-10-15,http://static.cninfo.com.cn/finalpage/2024-10-15/1221383314.PDF,1221383314,会计师事务所
688478,晶升股份,晶升股份：南京晶升装备股份有限公司关于续聘会计师事务所的公告,2024-07-15,http://static.cninfo.com.cn/finalpage/2024-07-15/1220640189.PDF,1220640189,会计师事务所
688480,赛恩斯,赛恩斯：赛恩斯环保股份有限公司关于续聘会计师事务所的公告,2024-11-21,http://static.cninfo.com.cn/finalpage/2024-11-21/1221789893.PDF,1221789893,会计师事务所
688484,南芯科技,南芯科技：南芯科技关于续聘会计师事务所的公告,2024-08-09,http://static.cninfo.com.cn/finalpage/2024-08-09/1220824977.PDF,1220824977,会计师事务所
688485,九州一轨,九州一轨：北京九州一轨环境科技股份有限公司会计师事务所选聘制度,2024-07-10,http://static.cninfo.com.cn/finalpage/2024-07-10/1220587278.PDF,1220587278,会计师事务所
688485,九州一轨,九州一轨：北京九州一轨环境科技股份有限公司关于续聘公司2024年度财务审计机构及内控审计机构的公告,2024-08-27,http://static.cninfo.com.cn/finalpage/2024-08-27/1220983748.PDF,1220983748,审计机构
688486,龙迅股份,龙迅股份：龙迅股份关于续聘会计师事务所的公告,2024-08-24,http://static.cninfo.com.cn/finalpage/2024-08-24/1220963448.PDF,1220963448,会计师事务所
688488,艾迪药业,艾迪药业：艾迪药业关于续聘会计师事务所的公告,2024-10-31,http://static.cninfo.com.cn/finalpage/2024-10-31/1221574877.PDF,1221574877,会计事务所
688489,三未信安,三未信安：关于变更签字会计师的公告,2024-11-30,http://static.cninfo.com.cn/finalpage/2024-11-30/1221891282.PDF,1221891282,会计师
688496,清越科技,清越科技：立信会计师事务所（特殊普通合伙）关于苏州清越光电科技股份有限公司2023年年度报告的信息披露监管问询函的核查意见,2024-07-06,http://static.cninfo.com.cn/finalpage/2024-07-06/1220542555.PDF,1220542555,会计师事务所
688496,清越科技,清越科技：清越科技关于续聘2024年度审计机构的公告,2024-08-29,http://static.cninfo.com.cn/finalpage/2024-08-29/1221028674.PDF,1221028674,审计机构
688498,源杰科技,源杰科技：立信会计师事务所(特殊普通合伙)关于陕西源杰半导体科技股份有限公司会计估计变更情况专项说明的审核报告,2024-08-30,http://static.cninfo.com.cn/finalpage/2024-08-30/1221050757.PDF,1221050757,会计师事务所
688499,利元亨,利元亨：广东利元亨智能装备股份有限公司关于续聘会计师事务所的公告,2024-07-18,http://static.cninfo.com.cn/finalpage/2024-07-18/1220664224.PDF,1220664224,会计师事务所
688500,慧辰股份,慧辰股份：关于续聘会计师事务所的公告,2024-12-03,http://static.cninfo.com.cn/finalpage/2024-12-03/1221907252.PDF,1221907252,会计师事务所
688502,茂莱光学,茂莱光学：关于续聘会计师事务所的公告,2024-07-25,http://static.cninfo.com.cn/finalpage/2024-07-25/1220719951.PDF,1220719951,会计师事务所
688503,聚和材料,聚和材料：关于续聘2024年度审计机构的公告,2024-08-01,http://static.cninfo.com.cn/finalpage/2024-08-01/1220765634.PDF,1220765634,审计机构
688507,索辰科技,索辰科技：会计师事务所选聘制度,2024-10-30,http://static.cninfo.com.cn/finalpage/2024-10-30/1221554203.PDF,1221554203,会计师事务所
688507,索辰科技,索辰科技：关于续聘公司2024年度审计机构的公告,2024-10-30,http://static.cninfo.com.cn/finalpage/2024-10-30/1221554198.PDF,1221554198,审计机构
688508,芯朋微,芯朋微：关于变更会计师事务所的公告,2024-11-16,http://static.cninfo.com.cn/finalpage/2024-11-16/1221742165.PDF,1221742165,会计师事务所
688509,正元地信,正元地信：正元地信关于变更会计师事务所暨聘请2024年度审计机构的公告,2024-12-12,http://static.cninfo.com.cn/finalpage/2024-12-12/1221999139.PDF,1221999139,会计师事务所
688510,航亚科技,航亚科技：无锡航亚科技股份有限公司关于变更签字注册会计师的公告,2024-12-27,http://static.cninfo.com.cn/finalpage/2024-12-27/1222154442.PDF,1222154442,会计师
688511,天微电子,天微电子：四川华信（集团）会计师事务所（特殊普通合伙）关于四川天微电子股份有限公司2024年半年度报告的信息披露监管问询函的回复,2024-10-17,http://static.cninfo.com.cn/finalpage/2024-10-17/1221407837.PDF,1221407837,会计师事务所
688513,苑东生物,苑东生物：苑东生物：会计师事务所选聘制度,2024-08-14,http://static.cninfo.com.cn/finalpage/2024-08-14/1220862488.PDF,1220862488,会计师事务所
688513,苑东生物,苑东生物：苑东生物：关于聘任会计师事务所的公告,2024-10-01,http://static.cninfo.com.cn/finalpage/2024-10-01/1221329542.PDF,1221329542,会计师事务所
688516,奥特维,奥特维：无锡奥特维科技股份有限公司关于变更签字注册会计师的公告,2024-12-21,http://static.cninfo.com.cn/finalpage/2024-12-21/1222089091.PDF,1222089091,会计师
688517,金冠电气,金冠电气：关于续聘公司2024年度审计机构的公告,2024-10-25,http://static.cninfo.com.cn/finalpage/2024-10-25/1221504078.PDF,1221504078,审计机构
688519,南亚新材,南亚新材：南亚新材关于续聘2024年度审计机构的公告,2024-10-29,http://static.cninfo.com.cn/finalpage/2024-10-29/1221539299.PDF,1221539299,审计机
688520,神州细胞,神州细胞：神州细胞关于变更公司2024年度审计机构的公告,2024-12-14,http://static.cninfo.com.cn/finalpage/2024-12-14/1222015526.PDF,1222015526,审计机构
688525,佰维存储,佰维存储：天健会计师事务所（特殊普通合伙）关于深圳佰维存储科技股份有限公司向特定对象发行股票的财务报告及审计报告,2024-10-10,http://static.cninfo.com.cn/finalpage/2024-10-10/1221356743.PDF,1221356743,会计师事务所
688525,佰维存储,佰维存储：关于续聘2024年度审计机构的公告,2024-11-13,http://static.cninfo.com.cn/finalpage/2024-11-13/1221698436.PDF,1221698436,审计机构
688525,佰维存储,佰维存储：天健会计师事务所（特殊普通合伙）关于深圳佰维存储科技股份有限公司2023年度向特定对象发行A股股票申请文件的审核问询函的回复,2024-11-29,http://static.cninfo.com.cn/finalpage/2024-11-29/1221880486.PDF,1221880486,会计事务所
688525,佰维存储,佰维存储：天健会计师事务所（特殊普通合伙）关于深圳佰维存储科技股份有限公司2023年度向特定对象发行A股股票申请文件的审核问询函的回复（修订稿）,2024-12-24,http://static.cninfo.com.cn/finalpage/2024-12-24/1222115643.PDF,1222115643,会计师事务所
688535,华海诚科,华海诚科：江苏华海诚科新材料股份有限公司关于续聘会计师事务所的公告,2024-08-22,http://static.cninfo.com.cn/finalpage/2024-08-22/1220936723.PDF,1220936723,会计师事务所
688536,思瑞浦,思瑞浦：关于变更2024年度财务及内部控制审计机构的公告,2024-10-30,http://static.cninfo.com.cn/finalpage/2024-10-30/1221556020.PDF,1221556020,审计机构
688536,思瑞浦,思瑞浦：容诚会计师事务所（特殊普通合伙）关于深圳市创芯微微电子有限公司过渡期损益专项审计报告,2024-12-14,http://static.cninfo.com.cn/finalpage/2024-12-14/1222014540.PDF,1222014540,会计师事务所
688539,高华科技,高华科技：高华科技关于拟变更2024年度审计机构的公告,2024-10-30,http://static.cninfo.com.cn/finalpage/2024-10-30/1221556586.PDF,1221556586,审计机构
688549,中巨芯,中巨芯：关于续聘会计师事务所的公告,2024-11-08,http://static.cninfo.com.cn/finalpage/2024-11-08/1221650079.PDF,1221650079,会计师事务所
688552,航天南湖,航天南湖：关于续聘会计师事务所的公告,2024-11-18,http://static.cninfo.com.cn/finalpage/2024-11-18/1221757773.PDF,1221757773,会计师事务所
688553,汇宇制药,汇宇制药：天健会计师事务所（特殊普通合伙）关于四川汇宇制药股份有限公司2023年年度报告的信息披露监管问询函的有关问题专项说明,2024-07-09,http://static.cninfo.com.cn/finalpage/2024-07-09/1220560617.PDF,1220560617,会计师事务所
688556,高测股份,高测股份：关于续聘会计师事务所的公告,2024-07-16,http://static.cninfo.com.cn/finalpage/2024-07-16/1220647719.PDF,1220647719,会计师事务所
688559,海目星,海目星：海目星：关于续聘会计师事务所的公告,2024-10-15,http://static.cninfo.com.cn/finalpage/2024-10-15/1221383855.PDF,1221383855,会计师事务所
688561,奇安信,奇安信：奇安信关于续聘2024年度会计师事务所的公告,2024-12-02,http://static.cninfo.com.cn/finalpage/2024-12-02/1221902510.PDF,1221902510,会计师事务所
688562,航天软件,航天软件：北京神舟航天软件技术股份有限公司关于选聘会计师事务所的公告,2024-12-27,http://static.cninfo.com.cn/finalpage/2024-12-27/1222154643.PDF,1222154643,会计师事务所
688563,航材股份,航材股份：关于2024年度变更会计师事务所的公告,2024-12-12,http://static.cninfo.com.cn/finalpage/2024-12-12/1221997770.PDF,1221997770,会计师事务所
688567,孚能科技,孚能科技：孚能科技关于聘任2024年度财务及内部控制审计机构的公告,2024-10-31,http://static.cninfo.com.cn/finalpage/2024-10-31/1221573883.PDF,1221573883,审计机构
688569,铁科轨道,铁科轨道：铁科轨道关于续聘2024年度审计机构的公告,2024-10-29,http://static.cninfo.com.cn/finalpage/2024-10-29/1221543626.PDF,1221543626,审计机构
688570,天玛智控,天玛智控：天玛智控关于变更会计师事务所的公告,2024-08-28,http://static.cninfo.com.cn/finalpage/2024-08-28/1221007084.PDF,1221007084,会计事务所
688570,天玛智控,天玛智控：天玛智控关于聘任公司总会计师暨财务负责人的公告,2024-10-18,http://static.cninfo.com.cn/finalpage/2024-10-18/1221418086.PDF,1221418086,会计师
688571,杭华股份,杭华股份：杭华油墨股份有限公司关于续聘2024年度会计师事务所的公告,2024-08-28,http://static.cninfo.com.cn/finalpage/2024-08-28/1221004639.PDF,1221004639,会计师事务所
688573,信宇人,信宇人：关于聘任会计师事务所的公告,2024-12-07,http://static.cninfo.com.cn/finalpage/2024-12-07/1221956093.PDF,1221956093,会计师事务所
688575,亚辉龙,亚辉龙：关于聘任会计师事务所的公告,2024-11-30,http://static.cninfo.com.cn/finalpage/2024-11-30/1221892456.PDF,1221892456,会计师事务所
688576,西山科技,西山科技：重庆西山科技股份有限公司关于续聘会计师事务所的公告,2024-11-13,http://static.cninfo.com.cn/finalpage/2024-11-13/1221698162.PDF,1221698162,会计师事务所
688577,浙海德曼,浙海德曼：天健会计师事务所（特殊普通合伙）关于浙江海德曼智能装备股份有限公司向特定对象发行股票的财务报告及审计报告,2024-07-30,http://static.cninfo.com.cn/finalpage/2024-07-30/1220746037.PDF,1220746037,会计师事务所
688578,艾力斯,艾力斯： 上海艾力斯医药科技股份有限公司关于变更会计师事务所的公告,2024-11-09,http://static.cninfo.com.cn/finalpage/2024-11-09/1221662178.PDF,1221662178,会计师事务所
688585,上纬新材,上纬新材：上纬新材关于变更签字注册会计师的公告,2024-10-31,http://static.cninfo.com.cn/finalpage/2024-10-31/1221569312.PDF,1221569312,会计师
688585,上纬新材,上纬新材：上纬新材关于变更签字注册会计师的公告,2024-12-28,http://static.cninfo.com.cn/finalpage/2024-12-28/1222163048.PDF,1222163048,会计师
688586,江航装备,江航装备：江航装备关于变更会计师事务所的公告,2024-12-13,http://static.cninfo.com.cn/finalpage/2024-12-13/1222004502.PDF,1222004502,会计师事务所
688588,凌志软件,凌志软件：凌志软件续聘会计师事务所公告,2024-08-30,http://static.cninfo.com.cn/finalpage/2024-08-30/1221058241.PDF,1221058241,会计师事务所
688591,泰凌微,泰凌微：关于变更会计师事务所的公告,2024-08-21,http://static.cninfo.com.cn/finalpage/2024-08-21/1220926487.PDF,1220926487,会计师事务所
688592,司南导航,司南导航：关于续聘会计师事务所的公告,2024-10-30,http://static.cninfo.com.cn/finalpage/2024-10-30/1221561161.PDF,1221561161,会计师事务所
688593,新相微,新相微：新相微关于变更会计师事务所的公告,2024-11-18,http://static.cninfo.com.cn/finalpage/2024-11-18/1221757564.PDF,1221757564,会计师事务所
688595,芯海科技,芯海科技：关于续聘会计师事务所的公告,2024-11-28,http://static.cninfo.com.cn/finalpage/2024-11-28/1221867085.PDF,1221867085,会计师事务所
688595,芯海科技,芯海科技：会计师事务所选聘制度（20241126制订）,2024-11-28,http://static.cninfo.com.cn/finalpage/2024-11-28/1221867096.PDF,1221867096,会计事务所
688601,力芯微,力芯微：关于聘任2024年度审计机构的公告,2024-10-31,http://static.cninfo.com.cn/finalpage/2024-10-31/1221572624.PDF,1221572624,审计机构
688602,康鹏科技,康鹏科技：关于聘任公司2024年度会计师事务所公告,2024-08-20,http://static.cninfo.com.cn/finalpage/2024-08-20/1220910089.PDF,1220910089,会计师事务所
688609,九联科技,九联科技：广东九联科技股份有限公司会计师事务所选聘制度,2024-12-10,http://static.cninfo.com.cn/finalpage/2024-12-10/1221968164.PDF,1221968164,会计师事务所
688610,埃科光电,埃科光电：容诚会计师事务所（特殊普通合伙）关于对合肥埃科光电科技股份有限公司2023年年度报告的信息披露监管问询函相关问题的核查意见,2024-07-11,http://static.cninfo.com.cn/finalpage/2024-07-11/1220602135.PDF,1220602135,会计师事务所
688610,埃科光电,埃科光电：会计师事务所选聘制度,2024-08-27,http://static.cninfo.com.cn/finalpage/2024-08-27/1220984499.PDF,1220984499,会计师事务所
688610,埃科光电,埃科光电：关于续聘会计师事务所的公告,2024-08-27,http://static.cninfo.com.cn/finalpage/2024-08-27/1220984501.PDF,1220984501,会计师事务所
688612,威迈斯,威迈斯：关于拟续聘会计师事务所的公告,2024-08-24,http://static.cninfo.com.cn/finalpage/2024-08-24/1220963101.PDF,1220963101,会计师事务所
688616,西力科技,西力科技：杭州西力智能科技股份有限公司关于续聘会计师事务所的公告,2024-08-27,http://static.cninfo.com.cn/finalpage/2024-08-27/1220985857.PDF,1220985857,会计师事务所
688618,三旺通信,三旺通信：关于聘任会计师事务所的公告,2024-10-31,http://static.cninfo.com.cn/finalpage/2024-10-31/1221572149.PDF,1221572149,会计师事务所
688619,罗普特,罗普特：罗普特科技集团股份有限公司关于续聘会计师事务所的公告,2024-11-30,http://static.cninfo.com.cn/finalpage/2024-11-30/1221891289.PDF,1221891289,会计师事务所
688621,阳光诺和,阳光诺和：会计师事务所选聘制度,2024-10-29,http://static.cninfo.com.cn/finalpage/2024-10-29/1221538952.PDF,1221538952,会计师事务所
688621,阳光诺和,阳光诺和：关于变更会计师事务所的公告,2024-12-14,http://static.cninfo.com.cn/finalpage/2024-12-14/1222015690.PDF,1222015690,会计师事务所
688626,翔宇医疗,翔宇医疗：翔宇医疗关于变更项目合伙人和质量控制复核人的公告,2024-12-28,http://static.cninfo.com.cn/finalpage/2024-12-28/1222167945.PDF,1222167945,质量控制复核人
688627,精智达,精智达：关于续聘2024年度会计师事务所的公告,2024-12-12,http://static.cninfo.com.cn/finalpage/2024-12-12/1221997782.PDF,1221997782,会计师事务所
688629,华丰科技,华丰科技：关于续聘会计师事务所的公告,2024-12-04,http://static.cninfo.com.cn/finalpage/2024-12-04/1221919521.PDF,1221919521,会计师事务
688631,莱斯信息,莱斯信息：莱斯信息关于2024年续聘会计师事务所的公告,2024-12-11,http://static.cninfo.com.cn/finalpage/2024-12-11/1221985091.PDF,1221985091,会计师事务所
688638,誉辰智能,誉辰智能：深圳市誉辰智能装备股份有限公司关于变更2024年度会计师事务所的公告,2024-11-16,http://static.cninfo.com.cn/finalpage/2024-11-16/1221743540.PDF,1221743540,会计师事务所
688648,中邮科技,中邮科技：中邮科技股份有限公司会计师事务所选聘制度,2024-11-28,http://static.cninfo.com.cn/finalpage/2024-11-28/1221864340.PDF,1221864340,会计师事务所
688651,盛邦安全,盛邦安全：关于变更会计师事务所的公告,2024-09-19,http://static.cninfo.com.cn/finalpage/2024-09-19/1221235571.PDF,1221235571,会计师事务所
688655,迅捷兴,迅捷兴：关于续聘会计师事务所的公告,2024-10-30,http://static.cninfo.com.cn/finalpage/2024-10-30/1221557020.PDF,1221557020,会计师事务所
688656,浩欧博,浩欧博：江苏浩欧博生物医药股份有限公司关于变更签字注册会计师的公告,2024-08-27,http://static.cninfo.com.cn/finalpage/2024-08-27/1220985872.PDF,1220985872,会计师
688657,浩辰软件,浩辰软件：关于续聘会计师事务所的公告,2024-08-26,http://static.cninfo.com.cn/finalpage/2024-08-26/1220975899.PDF,1220975899,会计师事务所
688657,浩辰软件,浩辰软件：会计师事务所选聘制度,2024-08-26,http://static.cninfo.com.cn/finalpage/2024-08-26/1220975873.PDF,1220975873,会计师事务所
688659,元琛科技,元琛科技：关于变更签字注册会计师的公告,2024-10-31,http://static.cninfo.com.cn/finalpage/2024-10-31/1221569856.PDF,1221569856,会计师
688660,电气风电,电气风电：变更会计师事务所的公告,2024-10-12,http://static.cninfo.com.cn/finalpage/2024-10-12/1221367987.PDF,1221367987,会计师事务所
688663,新风光,新风光：关于聘任2024年度审计机构的公告,2024-08-23,http://static.cninfo.com.cn/finalpage/2024-08-23/1220950224.PDF,1220950224,审计机构
688668,鼎通科技,鼎通科技：关于续聘2024年度会计师事务所的公告,2024-12-02,http://static.cninfo.com.cn/finalpage/2024-12-02/1221902596.PDF,1221902596,会计师事务所
688669,聚石化学,聚石化学：中兴华会计师事务所（特殊普通合伙）关于聚石化学2023年年度报告的信息披露监管问询函答复,2024-07-12,http://static.cninfo.com.cn/finalpage/2024-07-12/1220616159.PDF,1220616159,会计师事务所
688669,聚石化学,聚石化学：关于续聘会计师事务所的公告,2024-08-27,http://static.cninfo.com.cn/finalpage/2024-08-27/1220984183.PDF,1220984183,会计师事务所
688670,金迪克,金迪克：深圳大华国际会计师事务所(特殊普通合伙)关于江苏金迪克生物技术股份有限公司2024年半年度报告的信息披露监管问询函的回复（大华国际核字第2401000号）,2024-09-04,http://static.cninfo.com.cn/finalpage/2024-09-04/1221125283.PDF,1221125283,会计师事务所
688671,碧兴物联,碧兴物联：关于续聘会计师事务所的公告,2024-10-01,http://static.cninfo.com.cn/finalpage/2024-10-01/1221330583.PDF,1221330583,会计师事务所
688679,通源环境,通源环境：容诚会计师事务所关于安徽省通源环境节能股份有限公司2023年年度报告的信息披露监管问询函的专项说明,2024-07-06,http://static.cninfo.com.cn/finalpage/2024-07-06/1220542078.PDF,1220542078,会计师事务所
688683,莱尔科技,莱尔科技：会计师事务所选聘制度,2024-08-23,http://static.cninfo.com.cn/finalpage/2024-08-23/1220952275.PDF,1220952275,会计师事务所
688683,莱尔科技,莱尔科技：关于变更签字会计师的公告,2024-12-20,http://static.cninfo.com.cn/finalpage/2024-12-20/1222075556.PDF,1222075556,会计师
688685,迈信林,迈信林：立信会计师事务所（特殊普通合伙）关于对江苏迈信林航空科技股份有限公司2023年年度报告的信息披露监管问询函的回复,2024-07-06,http://static.cninfo.com.cn/finalpage/2024-07-06/1220543283.PDF,1220543283,会计师事务所
688685,迈信林,迈信林：江苏迈信林航空科技股份有限公司续聘会计师事务所的公告,2024-08-29,http://static.cninfo.com.cn/finalpage/2024-08-29/1221029862.PDF,1221029862,会计师事务所
688690,纳微科技,纳微科技：苏州纳微科技股份有限公司关于续聘2024年度财务及内部控制审计机构的公告,2024-08-28,http://static.cninfo.com.cn/finalpage/2024-08-28/1221007628.PDF,1221007628,审计机构
688692,达梦数据,达梦数据：关于变更公司2024年年度会计师事务所的公告,2024-07-17,http://static.cninfo.com.cn/finalpage/2024-07-17/1220654539.PDF,1220654539,会计师事务所
688692,达梦数据,达梦数据：关于聘任公司2024年度会计师事务所的公告,2024-09-24,http://static.cninfo.com.cn/finalpage/2024-09-24/1221277101.PDF,1221277101,会计师事务所
688695,中创股份,中创股份：山东中创软件商用中间件股份有限公司关于聘任2024年度审计机构的公告,2024-12-14,http://static.cninfo.com.cn/finalpage/2024-12-14/1222015695.PDF,1222015695,审计机构
688696,极米科技,极米科技：关于续聘会计师事务所的公告,2024-10-31,http://static.cninfo.com.cn/finalpage/2024-10-31/1221575899.PDF,1221575899,会计师事务所
688697,纽威数控,纽威数控：纽威数控关于变更签字注册会计师的公告,2024-10-25,http://static.cninfo.com.cn/finalpage/2024-10-25/1221503219.PDF,1221503219,会计师
688699,明微电子,明微电子：关于续聘会计师事务所的公告,2024-07-04,http://static.cninfo.com.cn/finalpage/2024-07-04/1220527510.PDF,1220527510,会计师事务所
688707,振华新材,振华新材：关于续聘会计师事务所公告,2024-10-26,http://static.cninfo.com.cn/finalpage/2024-10-26/1221523823.PDF,1221523823,会计师事务所
688707,振华新材,振华新材：关于年度审计机构变更项目质量复核人员的公告,2024-11-29,http://static.cninfo.com.cn/finalpage/2024-11-29/1221878163.PDF,1221878163,审计机构
688709,成都华微,成都华微：成都华微电子科技股份有限公司关于续聘会计师事务所的公告,2024-12-10,http://static.cninfo.com.cn/finalpage/2024-12-10/1221967624.PDF,1221967624,会计师事务所
688710,益诺思,益诺思：关于续聘会计师事务所的公告,2024-10-16,http://static.cninfo.com.cn/finalpage/2024-10-16/1221397545.PDF,1221397545,会计师事务所
688716,中研股份,中研股份：吉林省中研高分子材料股份有限公司关于变更会计师事务所的公告,2024-12-10,http://static.cninfo.com.cn/finalpage/2024-12-10/1221965264.PDF,1221965264,会计师事务所
688718,唯赛勃,唯赛勃：关于续聘公司2024年度审计机构的公告,2024-10-30,http://static.cninfo.com.cn/finalpage/2024-10-30/1221557577.PDF,1221557577,审计机构
688719,爱科赛博,爱科赛博：西安爱科赛博电气股份有限公司关于续聘会计事务所的公告,2024-08-27,http://static.cninfo.com.cn/finalpage/2024-08-27/1220982109.PDF,1220982109,会计事务所
688720,艾森股份,艾森股份：关于续聘公司2024年度审计机构的公告,2024-08-17,http://static.cninfo.com.cn/finalpage/2024-08-17/1220893893.PDF,1220893893,审计机构
688721,龙图光罩,龙图光罩：深圳市龙图光罩股份有限公司关于变更2024年度审计机构的公告,2024-12-13,http://static.cninfo.com.cn/finalpage/2024-12-13/1222006008.PDF,1222006008,审计机构
688722,同益中,同益中：同益中关于变更会计师事务所的公告,2024-12-11,http://static.cninfo.com.cn/finalpage/2024-12-11/1221984302.PDF,1221984302,会计师事务所
688739,成大生物,成大生物：辽宁成大生物股份有限公司关于变更会计师事务所的公告,2024-10-30,http://static.cninfo.com.cn/finalpage/2024-10-30/1221557586.PDF,1221557586,会计师事务所
688750,金天钛业,金天钛业：关于公司聘请会计师事务所的公告,2024-12-26,http://static.cninfo.com.cn/finalpage/2024-12-26/1222143837.PDF,1222143837,会计师事务所
688767,博拓生物,博拓生物：博拓生物关于变更签字会计师的公告,2024-12-27,http://static.cninfo.com.cn/finalpage/2024-12-27/1222154654.PDF,1222154654,会计师
688787,海天瑞声,海天瑞声：海天瑞声关于变更会计师事务所的公告,2024-11-23,http://static.cninfo.com.cn/finalpage/2024-11-23/1221817341.PDF,1221817341,会计师事务所
688793,倍轻松,倍轻松：天健会计师事务所(特殊普通合伙) 关于上海证券交易所《关于对深圳市倍轻松科技股份有限公司2023年年度报告的信息披露监管问询函》专项说明,2024-07-11,http://static.cninfo.com.cn/finalpage/2024-07-11/1220603624.PDF,1220603624,会计师事务所
688798,艾为电子,艾为电子：艾为电子关于续聘2024年度财务和内部控制审计机构的公告,2024-08-20,http://static.cninfo.com.cn/finalpage/2024-08-20/1220909723.PDF,1220909723,审计机构
688799,华纳药厂,华纳药厂：关于拟续聘会计师事务所的公告,2024-08-31,http://static.cninfo.com.cn/finalpage/2024-08-31/1221086226.PDF,1221086226,会计师事务所
688799,华纳药厂,华纳药厂：天健会计师事务所（特殊普通合伙）关于湖南华纳大药厂股份有限公司会计估计变更的专项审核报告,2024-08-31,http://static.cninfo.com.cn/finalpage/2024-08-31/1221086234.PDF,1221086234,会计师事务所
