code,date,aid,title,eqr_new,still_miss,frag
000019,2022-11-22,1215166625,深粮控股：深圳市深粮控股股份有限公司关于年度审计机构变更项目质量控制复核人的公告,,True,年度审计机构变更项目质量控制复核人的公告本公司及董事会全体成员保证信息 || 的《关于变更公司项目质量控制复核人的函》，现将具体情况公告如下：一、本 || 派张帆先生为公司项目质量控制复核人，鉴于立信内部工作调整，为更好地完成 || 报表审计工作，对项目质量控制复核人进行变更，拟指派王红娜女士为项目质量 || 指派王红娜女士为项目质量控制复核人。二、变更后的项目质量复核人信息王红 || 二、变更后的项目质量复核人信息王红娜女士，中国注册会计师。20
000020,2022-04-26,1213102239,深华发Ａ：关于续聘2022年度财务报告审计机构和内部控制审计机构的公告,,True,单位兼职。拟安排项目质量控制复核人员：汤艳群汤艳群从2010年3月至今 || 签字注册会计师及质量控制复核人员近三年不存在因执业行为受到刑事处罚 || 签字注册会计师及质量控制复核人员不存在违反《中国注册会计师职业道德
000020,2024-04-23,1219740644,深华发Ａ：关于续聘2024年度财务报告审计机构和内部控制审计机构的议案,,True,单位兼职。拟安排项目质量控制复核人员：汤艳群（特殊普通合伙）汤艳群从2 || 签字注册会计师及质量控制复核人员近三年不存在因执业行为受到刑事处罚 || 签字注册会计师及质量控制复核人员不存在违反《中国注册会计师职业道德
000020,2023-04-25,1216550969,深华发Ａ：关于续聘2023年度财务报告审计机构和内部控制审计机构的公告,,True,单位兼职。拟安排项目质量控制复核人员：汤艳群汤艳群从2010年3月至今 || 签字注册会计师及质量控制复核人员近三年不存在因执业行为受到刑事处罚 || 签字注册会计师及质量控制复核人员不存在违反《中国注册会计师职业道德
000025,2021-08-28,1210897820,特  力Ａ：关于续聘2021年度审计机构的公告,,True,三年复核过特发制复核人会计师服务等10家以上上市公司审计报 || 签字注册会计师、项目质量控制复核人近三年不存在因执业行为受到刑事处罚， || 签字注册会计师、项目质量控制复核人不存违反《中国注册会计师职业道德守则
000025,2022-09-30,1214711407,特  力Ａ：关于续聘2022年度审计机构的公告,,True,业；近三年签陶亮复核人计师署或复核过华谊嘉信、捷捷微电、万 || 册会计师秦昌明、项目质量控制复核人陶亮近三年不存在因执业行为受到刑事处 || 签字注册会计师、项目质量控制复核人不存违反《中国注册会计师职业道德守则
000025,2023-02-03,1215756231,特  力Ａ：关于续聘2022年度审计机构的公告,,True,会计师事务陶亮制复核人会计师所执业；近三年签署或复核过华谊 || 册会计师秦昌明、项目质量控制复核人陶亮近三年不存在因执业行为受到刑事处 || 签字注册会计师、项目质量控制复核人不存违反《中国注册会计师职业道德守则
000029,2023-10-28,1218181632,深深房Ａ：关于拟聘任2023年度会计师事务所的公告,,True,（603177）复核人众望布艺（605003）等2.诚信记 || 签字注册会计师、项目质量控制复核人近三年不存在因执业行为受到刑事处罚， || 签字注册会计师、项目质量控制复核人不存在可能影响独立性的情形。4.审计
000031,2024-04-27,1219863729,大悦城：关于拟续聘会计师事务所的公告,,True,册会计师、拟担任独立复核合伙人均具有相应资质和专业胜任能力，具体如 || 公司1家。拟担任质量复核合伙人：汤其美先生，1996年获得中国注册 || 签字注册会计师、项目质量控制复核人近三年无执业行为受到刑事处罚、受到证 || 签字注册会计师、项目质量控制复核人等从业人员不存在违反《中国注册会计师
000034,2020-03-31,1207431284,神州数码：关于续聘公司2020年度会计师事务所的公告,,True,师是无13年项目独立复核合伙人-谭小青：时间工作单位职务1989.
000046,2021-01-13,1209088352,泛海控股：关于拟变更会计师事务所的公告,,True,限公司。本次审计项目质量控制复核人为马向军、徐克美，相关情况如下：马向 || 签字注册会计师、项目质量控制复核人近三年不存在因执业行为受到刑事处罚， || 签字注册会计师、项目质量控制复核人，不存在违反《中国注册会计师职业道德
000045,2020-08-20,1208206439,深纺织Ａ：关于拟聘任会计师事务所的公告,,True,序，李继明拟担任项目质量控制复核人。李继明从事证券服务业务12年，负责
000048,2020-04-30,1207681437,京基智农：关于续聘会计师事务所的公告,,True,立性要求的情形。项目质量控制负责人（风险管理合伙人）包铁军拥有中国注册
000050,2020-03-18,1207381324,深天马Ａ：关于续聘2020年度审计机构的公告,,True,，周全龙先生担任项目质量控制负责人。周全龙先生从事证券服务业务15年，
000058,2023-08-31,1217709105,深 赛 格：关于续聘2023年度审计机构的公告,,True,签字注册会计师、项目质量控制复核人近三年不存在因执业行为受到刑事处罚， || 签字注册会计师、项目质量控制复核人不存在可能影响独立性的情形。三、拟续
000062,2020-03-26,1207405182,深圳华强：关于续聘会计师事务所的公告,,True,事审计及质20年复核人量控制复核工作拟签字李联同上同上同上
000060,2023-12-21,1218673245,中金岭南：关于年度审计机构变更项目质量控制复核合伙人的公告,,True,审计机构变更项目质量控制复核合伙人的公告本公司及董事会全体成员保证信息 || 本次更换审计项目质量控制复核合伙人的情况近日，公司收到中审众环《关于更 || 股份有限公司项目质量控制复核合伙人的联系函》。中审众环作为公司2023 || 平先生为公司项目质量控制复核合伙人，根据相关准则要求及事务所内部工作安 || 度审计服务的项目质量控制复核合伙人。二、本次变更的审计项目质量控制复核 || 次变更的审计项目质量控制复核合伙人信息崔松宁，1994年成为中国注册会
000062,2023-03-15,1216116564,深圳华强：关于续聘会计师事务所的公告,,True,签字注册会计师、项目质量控制复核人近三年不存在因执业行为受到刑事处罚， || 签字注册会计师、项目质量控制复核人不存在可能影响独立性的情形。三、拟续 || 签字注册会计师、项目质量控制复核人等不存在可能影响独立性的情形，且具备 || 签字注册会计师、项目质量控制复核人等不存在可能影响独立性的情形，具备足
000062,2022-03-11,1212541480,深圳华强：关于续聘会计师事务所的公告,,True,签字注册会计师、项目质量控制复核人近三年不存在因执业行为受到刑事处罚， || 签字注册会计师、项目质量控制复核人不存在可能影响独立性的情形。三、拟续 || 签字注册会计师、项目质量控制复核人等不存在可能影响独立性的情形，且具备 || 签字注册会计师、项目质量控制复核人等不存在可能影响独立性的情形，具备足
000062,2021-03-10,1209359815,深圳华强：关于续聘会计师事务所的公告,,True,签字注册会计师、项目质量控制复核人不存在可能影响独立性的情形。项目组成 || 英教育等上市公司复核人亚2018年度审计报告；2018年度 || 2）项目合伙人、项目质量控制复核人、拟签字注册会计师项目合伙人、项目质 || 计师项目合伙人、项目质量控制复核人、拟签字注册会计师近三年不存在因执业 || 签字注册会计师、项目质量控制复核人等不存在可能影响独立性的情形，且具备 || 签字注册会计师、项目质量控制复核人等不存在可能影响独立性的情形，具备足
000065,2020-11-21,1208774382,北方国际：关于续聘会计师事务所的公告,,True,签字项目合伙人、项目质量控制负责人、拟签字注册会计师具备证券执业资质。
000078,2021-04-27,1209816323,海王生物：关于续聘2021年度审计机构的公告,,True,程序，杨志拟担任项目质量控制复核人。杨志2004年起在本所执业，负责审
000078,2020-04-28,1207637620,海王生物：关于续聘2020年度审计机构的公告,,True,程序，杨志拟担任项目质量控制复核人。杨志从事证券服务业务16年，负责审
000078,2022-04-29,1213202005,海王生物：关于续聘2022年度审计机构的公告,,True,程序，杨志拟担任项目质量控制复核人。杨志2004年起在本所执业，负责审
000099,2020-03-24,1207393260,中信海直：关于拟续聘2020年度会计师事务所的公告,,True,汤振峰先生为项目质量复核合伙人。上述人员从业经历如下：陈建翔先生于
000150,2023-03-16,1216126418,*ST宜康：关于变更签字注册会计师的公告,,True,签字注册会计师，项目质量控制复核人张丽丹维持不变。二、变更后签字会计师
000153,2020-04-24,1207586077,丰原药业：关于续聘2020年度审计机构的公告,,True,控经理陈立梅担任项目质量控制复核人，陈立梅于2004年9月至2017年 || 会计师2刘阳阳和质量控制复核人陈立梅不存在违反《中国注册会计师职业 || 会计师2刘阳阳和质量控制复核人陈立梅最近三年未受（收）到刑事处罚、
000153,2021-04-23,1209774039,丰原药业：关于续聘2021年度审计机构的公告,,True,经理王虎先生担任项目质量控制复核人。王虎先生，于2004年10月入职中 || 册会计师2王鑫和质量控制复核人王虎不存在违反《中国注册会计师职业道 || 册会计师2王鑫和质量控制复核人王虎最近三年未受（收）到刑事处罚、行
000153,2022-04-29,1213211102,丰原药业：关于续聘2022年度审计机构的公告,,True,签字注册会计师、项目质量控制复核人近三年（最近三年完整自然年度及当年） || 签字注册会计师、项目质量控制复核人等从业人员不存在违反《中国注册会计师
000153,2022-02-25,1212452283,丰原药业：关于变更签字注册会计师的公告,,True,，王虎先生拟担任项目质量控制复核人。鉴于原签字注册会计师王鑫先生工作调 || 冬先生，质量质控复核人为王虎先生。二、本次变更人员基本信息
000153,2024-04-26,1219825295,丰原药业：关于续聘2024年度审计机构的公告,,True,签字注册会计师、项目质量控制复核人近三年（最近三个完整自然年度及当年） || 注册会计师、项目质量复核人等从业人员不存在违反《中国注册会计师
000155,2021-04-23,1209777193,川能动力：关于续聘2021年度审计机构的公告,,True,主任23年-2-复核人会计师会计师助理，47岁，硕士，注册 || 签字注册会计师、项目质量控制复核人近三年不存在因执业行为受到刑事处罚， || 签字注册会计师、项目质量控制复核人等不存在可能影响独立性的情形。4、审
000153,2023-04-20,1216475898,丰原药业：关于续聘2023年度审计机构的公告,,True,签字注册会计师、项目质量控制复核人近三年（最近三个完整自然年度及当年） || 注册会计师、项目质量复核人等从业人员不存在违反《中国注册会计师
000155,2022-04-21,1213000880,川能动力：关于续聘2022年度审计机构的公告,,True,最李福琼17年制复核人计师近三年主要复核的上市公司有重庆啤 || 签字注册会计师、项目质量控制复核人近三年不存在因执业行为受到刑事处罚， || 签字注册会计师、项目质量控制复核人等不存在可能影响独立性的情形。4、审
000156,2020-04-30,1207683873,华数传媒：关于续聘2020年度会计师事务所的公告,,True,道中天会17年2复核人计师事务所、安永华明会计师事务所、天
000156,2021-04-30,1209870010,华数传媒：关于续聘2021年度会计师事务所的公告,,True,签字注册会计师、项目质量控制复核人近三年不存在因执业行为受到刑事处罚， || 签字注册会计师、项目质量控制复核人不存在可能影响独立性的情形。4、审计
000156,2022-12-10,1215318813,华数传媒：关于续聘2022年度会计师事务所的公告,,True,签字注册会计师、项目质量控制复核人近三年不存在因执业行为受到刑事处罚， || 签字注册会计师、项目质量控制复核人不存在可能影响独立性的情形。4、审计
000155,2023-03-31,1216280873,川能动力：关于续聘2023年度审计机构的公告,,True,核李福琼18年制复核人计师的上市公司有重庆啤酒、三峡油漆、 || 签字注册会计师、项目质量控制复核人近三年不存在因执业行为受到刑事处罚， || 签字注册会计师、项目质量控制复核人等不存在可能影响独立性的情形。4、审
000156,2023-04-29,1216691916,华数传媒：关于续聘2023年度会计师事务所的公告,,True,签字注册会计师、项目质量控制复核人近三年不存在因执业行为受到刑事处罚， || 签字注册会计师、项目质量控制复核人不存在可能影响独立性的情形。。4、审
000159,2022-04-12,1212882871,国际实业：关于续聘2022年审计机构的公告,,True,"务所项目合伙人、质量控制复核人和本期签字会计师的基本信息如下：项目 || 业审计报告。质控复核人李威,2006年开始从事审计工作，2 || 签字注册会计师、项目质量控制复核人近三年未受到刑事处罚，未受到证监会及 || 签字注册会计师、项目质量控制复核人等不存在可能影响独立性的情形。4、审"
000159,2020-04-29,1207660319,国际实业：关于续聘会计师事务所的公告,,True,1）项目合伙人、质量控制复核人和本期签字会计师的执业资质、从业经历 || 作至今孔繁萍质控复核人2000年事务所成立注册会计师是否工
000159,2021-04-20,1209724788,国际实业：关于续聘2021年审计机构的公告,,True,"务所项目合伙人、质量控制复核人和本期签字会计师的基本信息如下：项目 || 份审计报告。质控复核人孔繁萍,2001年开始从事审计工作， || 签字注册会计师、项目质量控制复核人近三年未受到刑事处罚，未受到证监会及 || 签字注册会计师、项目质量控制复核人等不存在可能影响独立性的情形。4、审"
000333,2020-04-30,1207684797,美的集团：关于续聘会计师事务所的公告,,True,何国辉先生为项目质量复核合伙人，其从业经历如下：姚文平先生，中国注
000400,2020-04-10,1207474263,许继电气：拟聘任会计师事务所的公告,,True,形，项目合伙人、项目质量控制负责人、拟签字注册会计师的从业经历、执业资
000402,2020-04-30,1207682144,金 融 街：拟聘任会计师事务所的公告,,True,序，范晓红拟担任项目质量控制复核人。范晓红从事证券服务业务17年，负责
000409,2020-03-28,1207417234,ST地矿：关于拟续聘会计师事务所的公告,,True,拟任项目合伙人、质量控制负责人、签字注册会计师均具有中国注册会计师
000411,2022-10-26,1214900497,英特集团：关于变更年度审计机构及内部控制审计机构的公告,,True,签字注册会计师、项目质量控制复核人近三年不存在因执业行为受到刑事处罚， || 签字注册会计师、项目质量控制复核人不存在可能影响独立性的情形。4、审计
000411,2023-04-29,1216682941,英特集团：关于续聘2023年度财务报告及内部控制审计机构的公告,,True,12年2022年复核人金科股份等多家上市公司审计报告。2、 || 签字注册会计师、项目质量控制复核人近三年不存在因执业行为受到刑事处罚， || 签字注册会计师、项目质量控制复核人不存在可能影响独立性的情形。三、拟续
000411,2024-04-20,1219688870,英特集团：关于续聘2024年度财务报告及内部控制审计机构的公告,,True,签字注册会计师、项目质量复核人员近三年不存在因执业行为受到刑事处罚， || 签字注册会计师、项目质量复核人员不存在可能影响独立性的情形。三、拟续
000421,2021-04-16,1209697040,南京公用：关于续聘会计师事务所的公告,,True,程序，梁锋拟担任项目质量控制复核人。梁锋具备27年证券业务及审计经验，
000419,2024-04-20,1219700762,通程控股：通程控股关于续聘财务审计机构的公告,,True,人签字注册会计师项目质量复核人员姓名张恩学周娅闾力华何时成为注册会计 || 签字注册会计师、项目质量控制复核人近三年不存在因执业行为受到刑事处罚， || 签字注册会计师、项目质量控制复核人不存在可能影响独立性的情形。4、审计
000426,2020-04-30,1207680817,兴业矿业：关于拟续聘2020年度会计师事务所的公告,,True,涛，葛惠平为项目质量复核合伙人。上述人员从业经历如下：宋朝晖：天衡
000426,2021-04-30,1209871825,兴业矿业：关于拟续聘2021年度会计师事务所的公告,,True,涛，葛惠平为项目质量复核合伙人。上述人员从业经历如下：宋朝晖：天衡 || 签字注册会计师、项目质量控制复核人近三年不存在因执业行为受到刑事处罚， || 签字注册会计师、项目质量控制复核人不存在可能影响独立性的情形。4、审计
000428,2020-03-30,1207416631,华天酒店：关于续聘会计师事务所的公告,,True,市陈中江17年制复核人会计师公司审计等证券服务业务，具备相
000428,2023-04-28,1216657289,华天酒店：关于续聘会计师事务所的公告,,True,股份、巨化股份、复核人五洲新春、久祺股份2.诚信记录项目合 || 签字注册会计师、项目质量控制复核人近三年未因执业行为受到刑事处罚，未受 || 签字注册会计师、项目质量控制复核人不存在可能影响独立性的情形。4.审计
000426,2022-04-30,1213260005,兴业矿业：关于拟续聘2022年度会计师事务所的公告,,True,焕，牛志红为项目质量复核合伙人。上述人员从业经历如下：宋朝晖：天衡 || 签字注册会计师、项目质量控制复核人近三年不存在因执业行为受到刑事处罚， || 签字注册会计师、项目质量控制复核人不存在可能影响独立性的情形。4、审计
000429,2022-03-16,1212581220,粤高速Ａ：拟续聘会计师事务所的公告,,True,签字注册会计师、项目质量控制复核人近三年（最近三个完整3自然年度及当年 || 签字注册会计师、项目质量控制复核人，不存在违反《中国注册会计师职业道德
000429,2023-03-21,1216170498,粤高速Ａ：拟续聘会计师事务所的公告,,True,签字注册会计师、项目质量控制复核人近三年（最近三个完整3自然年度及当年 || 签字注册会计师、项目质量控制复核人，不存在违反《中国注册会计师职业道德
000488,2023-03-31,1216280358,晨鸣纸业：关于聘任2023年度审计机构的公告,,True,9年2022年制复核人计报告5份2、诚信记录项目合伙人、签 || 会计师及项目控制复核人近三年未受（收）到刑事处罚、行政处罚 || 注册会计师江磊、项目质量控制复核人黄志斌不存在违反《中国注册会计师职业
000488,2022-03-31,1212748513,晨鸣纸业：关于聘任2022年度审计机构的公告,,True,01年2019年复核人计报告6份2、诚信记录项目合伙人、签 || 会计师及项目控制复核人近三年未受（收）到刑事处罚、行政处罚 || 注册会计师江磊、项目质量控制复核人倪军不存在违反《中国注册会计师职业道
000429,2024-03-16,1219312799,粤高速Ａ：拟续聘会计师事务所的公告,,True,签字注册会计师、项目质量控制复核人近三年（最近三个完整3自然年度及当年 || 签字注册会计师、项目质量控制复核人，不存在违反《中国注册会计师职业道德
000488,2020-03-28,1207418321,晨鸣纸业：关于聘任2020年度审计机构的公告,,True,，其项目合伙人、项目质量控制负责人、拟签字注册会计师的从业经历、执业资
000488,2021-03-26,1209453887,晨鸣纸业：关于聘任2021年度审计机构的公告,,True,01年2019年复核人计报告6份2、诚信记录项目合伙人、签 || 会计师及项目控制复核人近三年未受（收）到刑事处罚、行政处罚 || 注册会计师江磊、项目质量控制复核人倪军不存在违反《中国注册会计师职业道
000488,2024-03-29,1219444225,晨鸣纸业：关于续聘2024年度审计机构的公告,,True,1年2019年制复核人审计报告6份2、诚信记录项目合伙人、 || 签字注册会计师及项目质量控制复核人近三年未受到刑事处罚，未受到证监会及 || 签字注册会计师、项目质量控制复核人不存在可能影响独立性的情形。4、审计
000504,2021-03-31,1209488439,ST生物：关于拟续聘会计师事务所的公告,,True,签字注册会计师、项目质量控制复核人近三年不存在因执业行为受到刑事处罚， || 签字注册会计师、项目质量控制复核人不存在可能影响独立性的情形。3三、拟
000504,2022-10-31,1214966049,南华生物：南华生物关于续聘2022年度审计机构的公告,,True,星新材2020年复核人度审计报告；2020年，签署道通科技 || 签字注册会计师、项目质量控制复核人近三年不存在因执业行为受到刑事处罚， || 签字注册会计师、项目质量控制复核人等不存在可能影响《中国注册会计师职业
000504,2020-04-27,1207607033,*ST生物：关于拟聘任会计师事务所的公告,,True,所承担质量控制及复核人师复核工作，具备相应专业胜任能力。拟
000507,2021-07-20,1210512579,珠海港：关于拟续聘会计师事务所的公告,,True,审计报告。（3）项目质量控制复核人：张之祥，注册会计师，2006年开始 || 签字注册会计师和质量控制复核人最近三年不存在因执业行为受到刑事处罚
000507,2022-09-10,1214576143,珠海港：关于拟续聘会计师事务所的公告,,True,审计报告。（3）项目质量控制复核人：张之祥，注册会计师，2006年开始 || 签字注册会计师和质量控制复核人最近三年不存在因执业行为受到刑事处罚
000513,2020-03-26,1207404333,丽珠集团：拟聘任会计师事务所的公告,,True,序，刘立宇拟担任项目质量控制复核人。刘立宇从事证券服务业务多年，负责审
000514,2020-03-26,1207404531,渝 开 发：拟续聘会计师事务所的公告,,True,1194520年复核人众合科技、士兰微等多家上市公司的年报
000514,2021-11-16,1211586608,渝 开 发：聘请会计师事务所公告,,True,司审计报告情况。质量控制复核人情况：张世平，中国注册会计师，199 || 签字注册会计师、质量控制复核人近三年未因执业行为受到刑事处罚，受到 || 签字注册会计师、项目质量控制复核人不存在违反《中国注册会计师执业道德守
000517,2022-08-31,1214472968,荣安地产：关于续聘会计师事务所的公告,,True,荣安地产。（3）质量控制复核人：顾春华顾春华2005年成为注册会计 || 签字注册会计师及质量复核人员未持有和买卖公司股票，也不存在影响独 || 签字注册会计师、质量复核人员未受到过刑事处罚、行政处罚、行政监管
000514,2022-09-14,1214585768,渝 开 发：拟续聘会计师事务所的公告,,True,021年开始从事复核人上市公司审计业务。2021年为本公发 || 签字注册会计师、质量控制复核人近三年未因执业行为受到刑事处罚，未受 || 签字注册会计师、项目质量控制复核人不存在违反《中国注册会计师执业道德守
000514,2023-03-25,1216221765,渝 开 发：拟续聘会计师事务所的公告,,True,熟悉国家会计、审复核人执业资质证书计、税收等相关法律法规， || 签字注册会计师、质量控制复核人近三年未因执业行为受到刑事处罚，未受 || 签字注册会计师、项目质量控制复核人不存在可能影响独立性的情形。4、审计
000517,2021-09-08,1210983158,荣安地产：关于续聘会计师事务所的公告,,True,能、固德威。2.质量控制复核人：顾春华顾春华2005年成为注册会计 || 签字注册会计师及质量复核人员未持有和买卖公司股票，也不存在影响独 || 签字注册会计师、质量复核人员未受到过刑事处罚、行政处罚、行政监管
000519,2022-01-20,1212218236,中兵红箭：关于审计机构变更质量控制复核人的公告,,True,关于审计机构变更质量控制复核人的公告本公司及董事会全体成员保证信息 || 会审议通过。一、质量控制复核人变更情况2022年1月19日，公司收 || 出具的《关于变更项目质量复核人员的函》，天健会计师事务所作为公司20 || 指派楼胜亚女士为项目质量控制复核人，现因工作调整，天健会计师事务所指派 || 1年度审计项目的质量控制复核人。二、本次变更后的质量控制复核人信息 || 二、本次变更后的质量控制复核人信息1.基本信息梁志勇，天健会计师事
000525,2021-01-16,1209114712,红 太 阳：关于变更公司2020年度会计师事务所的公告,,True,胜任能力。（3）质量控制复核人：根据立信中联的质量控制流程，合伙人 || 合伙人赵琤拟担任项目质量控制复核人。赵琤，合伙人，2001年成为注册会 || 册会计师张文兵及质量控制复核人赵琤最近三年未受（收）到刑事处罚、行
000525,2021-04-30,1209871218,红 太 阳：关于续聘公司2021年度审计机构的公告,,True,胜任能力。（3）质量控制复核人：根据立信中联的质量控制流程，合伙人 || 合伙人赵琤拟担任项目质量控制复核人。赵琤，合伙人，2001年成为注册会 || 册会计师张文兵及质量控制复核人赵琤最近三年未受（收）到刑事处罚、行
000528,2020-04-30,1207684429,柳    工：关于续聘2020年度财务报告及内部控制审计机构的公告,,True,序，储燕涛拟担任项目质量控制复核人。储燕涛从事证券服务业务多年，负责审
000532,2023-03-24,1216202429,华金资本：009 关于拟续聘会计师事务所的公告,,True,计报告情况4个。项目质量控制复核人：程罗铭：2017年8月成为注册会计 || 签字注册会计师、项目质量控制复核人近三年未因执业行为受到刑事处罚，受到 || 签字注册会计师、项目质量控制复核人能够在执行本项目审计工作时保持独立性
000533,2021-03-30,1209475155,顺钠股份：广东顺钠电气股份有限公司关于续聘会计师事务所的公告,,True,5个。（3）项目质量复核人（项目质量控制负责人）包铁军，199 || 项目质量复核人（项目质量控制负责人）包铁军，1998年12月成为注册会 || 签字注册会计师、项目质量控制复核人近三年未因执业行为受到刑事处罚，受到 || 签字注册会计师、项目质量控制复核人能够在执行本项目审计工作时保持独立性
000533,2023-02-07,1215778289,顺钠股份：关于变更签字注册会计师和项目质量复核人员的公告,,True,签字注册会计师和项目质量复核人员的公告本公司及董事会全体成员保证信息 || 字注册会计师以及项目质量复核人员的函》，现将有关情况公告如下：一、签 || 字注册会计师以及项目质量复核人员的变更情况大华会计师事务所作为公司2 || 时委派王曙晖担任项目质量复核人员。鉴于大华会计师事务所内部人员工作调 || 娟代替王曙晖担任项目质量复核人员。二、本次变更后的签字注册会计师和项 || 签字注册会计师和项目质量复核人员信息项目签字注册会计师李韩冰：于19
000534,2023-01-19,1215649852,万泽股份：万泽股份关于审计机构变更项目质量复核人员的公告,,True,关于审计机构变更项目质量复核人员的公告本公司及董事会全体成员保证信息 || 公告如下：限公司项目质量复核人员的函》一、本次变更事项的基本情况大华 || 原委派王曙晖担任项目质量复核人员，鉴于大华会计师事务所内部工作调整， || 内部工作调整，对项目质量控制复核人进行变更，拟指派赖其寿为项目质量控制 || ，拟指派赖其寿为项目质量控制复核人。二、本次变更人员的情况1、基本信息 || 情况1、基本信息项目质量控制复核人：赖其寿，2015年12月成为注册会
000536,2020-04-28,1207643827,华映科技：关于公司2020年度续聘华兴会计师事务所（特殊普通合伙）的公告,,True,程序，杨俏拟担任项目质量控制复核人。杨俏从事证券服务业务多年，负责审计
000534,2023-02-28,1215991365,万泽股份：万泽股份关于续聘大华会计师事务所（特殊普通合伙）为公司2023年度审计机构的公告,,True,审计报告1家次。项目质量控制复核人：赖其寿，2015年12月成为注册会 || 签字注册会计师、项目质量控制复核人近三年未因执业行为受到刑事处罚，受到 || 字注册会计师、3项目质量控制复核人能够在执行本项目审计工作时保持独立性
000538,2024-03-20,1219345717,云南白药：关于变更项目质量控制复核合伙人的公告,,True,公司关于变更项目质量控制复核合伙人的公告本公司及董事会全体成员保证信息 || 19）。一、项目质量控制复核合伙人的变更情况2024年3月19日，公司 || 股份有限公司项目质量控制复核合伙人的函》，中审众环作为公司2023年度 || 杨健女士作为项目质量控制复核合伙人。因杨健女士个人客观原因退伙，根据《 || 不再符合担任项目质量控制复核合伙人的资格，中审众环委派王文政先生接替杨 || 女士作为公司项目质量控制复核合伙人。二、本次变更的质量控制复核合伙人的
000541,2021-11-09,1211536179,佛山照明：关于续聘 2021年度审计机构的公告,,True,经理邵富霞拟担任项目质量控制复核人。邵富霞，中国注册会计师，于2006 || 会计师2黎琼倩和质量控制复核人邵富霞不存在违反《中国注册会计师职业
000541,2020-09-30,1208514402,佛山照明：关于续聘2020年度审计机构的公告,,True,控经理陈翔拟担任项目质量控制复核人。陈翔，中国注册会计师，于2004年
000544,2023-03-03,1216039846,中原环保：关于变更签字注册会计师、质量控制复核人的公告,,True,签字注册会计师、质量控制复核人的公告本公司及董事会全体成员保证信息 || 签字注册会计师、质量控制复核人的变更函》，具体内容如下：一、变更情 || 人）、常明先生为质量控制复核人、张婉秋女士为签字注册会计师，现因靖 || 生接替常明先生为质量控制复核人，继续完成相关工作。变更后的签字注册 || 秋女士，变更后的质量控制复核人为肖常和先生。相关工作安排已有序交接 || 更后签字会计师、质量控制复核人信息（一）基本信息2013开始在立信
000546,2022-03-30,1212730566,金圆股份：关于续聘会计师事务所的公告,,True,任能力：是（2）质量控制复核人：朱敏执业资质：注册会计师从业经历： || 签字注册会计师、项目质量控制复核人近三年不存在因执业行为受到刑事处罚， || 签字注册会计师、项目质量控制复核人不存在可能影响独立性的情形。三、拟续
000546,2023-04-29,1216693682,金圆股份：关于续聘会计师事务所的公告,,True,任能力：是（2）质量控制复核人：许菊萍执业资质：注册会计师从业经历 || 签字注册会计师、项目质量控制复核人近三年不存在因执业行为受到刑事处罚， || 签字注册会计师、项目质量控制复核人不存在可能影响独立性的情形。三、拟续
000546,2021-07-06,1210416314,金圆股份：关于续聘会计师事务所的公告,,True,任能力：是（2）质量控制复核人：朱敏执业资质：注册会计师从业经历： || 签字注册会计师、项目质量控制复核人近三年不存在因执业行为受到刑事处罚， || 签字注册会计师、项目质量控制复核人不存在可能影响独立性的情形。三、拟续
000544,2023-03-31,1216269168,中原环保：关于拟续聘会计师事务所的公告,,True,15年2020年质量控制复核人肖常和2006年2007年2008年 || 司高级经理（3）质量控制复核人近三年从业情况：姓名：肖常和时间上市 || 股份有限公司部门复核人2022年中原环保股份有限公司部门复 || 股份有限公司部门复核人2、项目组成员独立性和诚信记录情况项 || 签字注册会计师和质量控制复核人不存在违反《中国注册会计师职业道德守
000547,2023-08-31,1217710799,航天发展：关于续聘会计师事务所的公告,,True,报告2份。（3）项目质量控制复核人关黎明关黎明：1995年成为注册会计 || 签字注册会计师、项目质量控制复核人近三年未因执业行为受到刑事处罚，未受 || 签字注册会计师、项目质量控制复核人不存在可能影响独立性的情形。4.审计
000547,2022-10-19,1214823670,航天发展：关于续聘会计师事务所的公告,,True,同所执业。（3）项目质量控制复核人关黎明关黎明：1995年成为注册会计 || 签字注册会计师、项目质量控制复核人近三年未因执业行为受2到刑事处罚，未 || 签字注册会计师、项目质量控制复核人不存在可能影响独立性的情形。4.审计
000548,2020-03-28,1207416989,湖南投资：关于拟续聘会计师事务所的公告,,True,陈宏兰14年控制复核人会计师审计工作。1998年起从事注册
000548,2021-04-02,1209624228,湖南投资：湖南投资关于拟续聘会计师事务所的公告,,True,飞注册16年控制复核人始为本公司（湖南投资）提供审计服会计 || 签字注册会计师、项目质量控制复核人近三年存在因执业行为受到证监会派出机 || 签字注册会计师、项目质量控制复核人等从业人员不不存在违反《中国注册会计
000548,2022-04-02,1212808573,湖南投资：湖南投资关于拟续聘会计师事务所的公告,,True,飞注册17年控制复核人年开始为本公司提供审计服务，近三会计 || 签字注册会计师、项目质量控制复核人近三年存在因执业行为受到证监会派出机 || 签字注册会计师、项目质量控制复核人等从业人员不存在违反《中国注册会计师
000551,2020-10-20,1208584511,创元科技：关于拟聘任会计师事务所的公告,,True,所拟委派孙伟担任项目质量控制负责人，孙伟具有中国注册会计师执业资格，从
000548,2023-03-30,1216256326,湖南投资：湖南投资关于拟续聘会计师事务所的公告,,True,飞注册18年控制复核人年开始为本公司提供审计服务，近三会计 || 签字注册会计师、项目质量控制复核人近三年（2020年-2022年）不存 || 签字注册会计师、项目质量控制复核人等从业人员不存在违反《中国注册会计师
000551,2021-03-23,1209425697,创元科技：关于拟续聘会计师事务所的公告,,True,。拟委派孙伟担任项目质量控制负责人，拥有注册会计师执业资质。1996年 || 签字注册会计师及质量控制复核人员近三年不存在因执业行为受到刑事处罚 || 签字注册会计师及质量控制复核人员不存在违反《中国注册会计师职业道德
000551,2022-04-12,1212883708,创元科技：关于拟续聘会计师事务所的公告,,True,。拟委派孙伟担任项目质量控制负责人，拥有注册会计师执业资质。1996年 || 签字注册会计师及质量控制复核人员近三年不存在因执业行为受到刑事处罚 || 签字注册会计师及质量控制复核人员不存在违反《中国注册会计师职业道德
000551,2024-04-09,1219538070,创元科技：关于拟续聘会计师事务所的公告,,True,审计报告。拟委派质量控制负责人吕丛平：拥有注册会计师执业资质。20 || 签字注册会计师及质量控制复核人员近三年不存在因执业行为受到刑事处罚 || 签字注册会计师及质量控制复核人员不存在违反《中国注册会计师职业道德
000551,2023-04-11,1216369587,创元科技：关于拟续聘会计师事务所的公告,,True,。拟委派孙伟担任项目质量控制负责人，拥有注册会计师执业资质。1996年 || 签字注册会计师及质量控制复核人员近三年不存在因执业行为受到刑事处罚 || 签字注册会计师及质量控制复核人员不存在违反《中国注册会计师职业道德
000555,2020-03-31,1207430001,神州信息：关于拟续聘2020年度审计机构的公告,,True,合伙人（2）项目独立复核合伙人-谭小青：时间工作单位职务1989.
000554,2022-06-02,1213589910,泰山石油：关于续聘会计师事务所的公告,,True,序，纪小健拟担任项目质量控制复核人。纪小健从事证券服务业务10年，负责
000554,2020-04-30,1207678873,泰山石油：关于续聘会计师事务所的公告,,True,序，纪小健拟担任项目质量控制复核人。纪小健从事证券服务业务9年，负责审
000559,2022-03-30,1212731684,万向钱潮：关于拟续聘会计师事务所的公告,,True,019年[注2]质量控制复核人暂未确定[注1]:2018年，签署华
000559,2020-04-20,1207524210,万向钱潮：关于拟续聘会计师事务所的公告,,True,限：14年。2、项目质量控制复核人：李太华执业资质：中国注册会计师从业
000559,2024-04-30,1219908784,万向钱潮：关于拟续聘会计师事务所的公告,,True,人签字注册会计师项目质量复核人员姓名刘江杰余红健滕培彬何时成为注册会 || 签字注册会计师、项目质量复核人员近三年不存在因执业行为受到刑事处罚， || 签字注册会计师、项目质量复核人员不存在可能影响独立性的情形。4.审计
000563,2020-04-28,1207640103,陕国投Ａ：关于拟续聘信永中和会计师事务所（特殊普通合伙）的公告,,True,项目负责合伙人、独立复核合伙人、项目负责经理（签字注册会计师）均具
000565,2022-03-31,1212746619,渝三峡Ａ：拟续聘会计师事务所的公告,,True,公司年度审计报告质量控制复核人暂未确定注:由于天健会计师事务所(特 || 通合伙)正在开展项目质量复核人员独立性轮换工作，因此目前尚无法确定公 || 2年度审计项目的质量复核人员。2.诚信记录项目合伙人、签字注册会 || 签字注册会计师、项目质量控制复核人近三年不存在因执业行为受到刑事处罚， || 签字注册会计师、项目质量控制复核人不存在可能影响独立性的情形。4.审计
000568,2023-04-29,1216686513,泸州老窖：拟续聘会计师事务所的公告,,True,等。（4）拟安排质量控制复核人员：张美琳，2020年6月成为注册会 || 册会计师唐方模及项目质量控制复核人张美琳近三年未因执业行为受到刑事处罚 || 签字注册会计师、项目质量控制复核人均不存在影响项目独立性的情况。4.审
000570,2022-04-13,1212898972,苏常柴Ａ：拟续聘2021年度会计师事务所的公告,,True,册会计师姓名项目复核人王文凯秦志军王微何时成为注册会计师1 || 司年度审计报告；质量控制复核人王微近三年复核的上市公司有华光环能（ || 签字注册会计师、项目质量控制复核人近三年不存在因执业行为受到刑事处罚， || 签字注册会计师、项目质量控制复核人等均不存在违反《中国注册会计师职业道
000568,2022-06-08,1213630007,泸州老窖：拟续聘会计师事务所的公告,,True,个。（4）拟安排质量控制复核人员：张美琳，2020年6月成为注册会 || 签字注册会计师、项目质量控制复核人近三年未因执业行为受到刑事处罚，证监 || 签字注册会计师、项目质量控制复核人不存在影响项目独立性的情况。4.审计
000568,2021-06-05,1210167406,泸州老窖：拟续聘会计师事务所的公告,,True,个。（4）拟安排质量控制复核人员：刘均，1997年11月成为注册会 || 册会计师李武林和项目质量控制复核人刘均最近三年未因执业受到刑事处罚、行 || 签字注册会计师、项目质量控制复核人不存在可能影响项目独立性的情况。4.
000570,2023-07-26,1217385081,苏常柴Ａ：拟续聘2023年度会计师事务所的公告,,True,册会计师姓名项目复核人王文凯秦志军张雷何时成为注册会计师1 || 02550)等；质量控制复核人张雷近三年复核的上市公司有芯朋微(6 || 签字注册会计师、项目质量控制复核人近三年因执业行为受到刑事处罚，受到证 || 签字注册会计师、项目质量控制复核人等均不存在违反《中国注册会计师职业道
000573,2020-04-14,1207490712,粤宏远Ａ：拟聘任会计师事务所的公告,,True,序，岑嘉文拟担任项目质量控制复核人。岑嘉文从事证券服务业务多年，负责审
000576,2020-03-28,1207417306,广东甘化：关于续聘会计师事务所的公告,,True,拟委派冉红艳担任项目质量控制负责人，冉红艳从事证券服务业务19年，负责
000584,2020-04-30,1207686331,哈工智能：关于拟续聘2020年度财务报告及内部控制审计机构的公告,,True,签字注册会计师和质量控制复核人不存在违反《中国注册会计师职业道德守
000584,2022-04-15,1212923093,哈工智能：关于拟续聘2022年度会计师事务所的公告,,True,业务经验。（3）项目质量控制复核人：汤加全汤加全，自1993年开始在天 || 签字注册会计师、项目质量控制复核人近三年不存在因执业行为受到刑事处罚， || 签字注册会计师、项目质量控制复核人能够在执行本项目审计工作时保持独立性
000587,2021-01-05,1209041989,*ST金洲：关于拟变更会计师事务所公告,,True,或项目经理。3、质量控制复核人：谭玉次执业资质：注册会计师从业经历 || 册会计师万寿昌及质量控制复核人谭玉次不存在违反《中国注册会计师职业
000587,2022-04-30,1213265748,*ST金洲：续聘2022年度审计机构公告,,True,胜任能力。（3）质量控制复核人王荣前硕士，注册会计师、注册资产评估 || 签字注册会计师、项目质量控制复核人等不存在可能影响《中国注册会计师职业
000591,2024-05-15,1220060601,太阳能：中国国际金融股份有限公司关于中节能太阳能股份有限公司变更会计师事务所的受托管理事务临时报告,,True,签字注册会计师、项目质量控制复核人近三年未因执业行为受到刑事处罚，受到
000592,2021-04-30,1209867759,平潭发展：关于续聘会计师事务所的公告,,True,签字注册会计师、项目质量控制复核人不存在可能影响独立性的情形。4、审计
000593,2021-04-30,1209869751,大通燃气：关于续聘会计师事务所的公告,,True,等。（4）拟安排质量控制复核人员：唐方模，注册会计师注册时间为19 || 签字注册会计师和项目质量控制复核人最近三年未因执业行为受到刑事处罚，未 || 注册会计师、项目质量控制复核合伙人不存在违反《中国注册会计师职业道德守
000593,2022-04-15,1212923747,德龙汇能：关于续聘会计师事务所的公告,,True,签字注册会计师和项目质量控制负责人均具备相应专业胜任能力。6、诚信记录 || 等。（4）拟安排质量控制复核人员：唐方模，注册会计师注册时间为19 || 签字注册会计师和项目质量控制复核人最近三年未因执业行为受到刑事处罚，未 || 注册会计师、项目质量控制复核合伙人不存在违反《中国注册会计师职业道德守
000593,2024-04-27,1219862688,德龙汇能：关于续聘会计师事务所的公告,,True,等。（4）拟安排质量控制复核人员：唐方模，注册会计师注册时间为19 || 签字注册会计师和项目质量控制复核人最近三年未因执业行为受到刑事处罚，未 || 注册会计师、项目质量控制复核合伙人不存在违反《中国注册会计师职业道德守
000593,2023-03-31,1216274532,德龙汇能：关于续聘会计师事务所的公告,,True,等。（4）拟安排质量控制复核人员：唐方模，注册会计师注册时间为19 || 签字注册会计师和项目质量控制复核人最近三年未因执业行为受到刑事处罚，未 || 注册会计师、项目质量控制复核合伙人不存在违反《中国注册会计师职业道德守
000597,2020-04-20,1207526146,东北制药：关于拟续聘公司2020年度审计机构的公告,,True,序，韩志馨拟担任项目质量控制复核人。韩志馨从事证券期货业务25年，负责
000598,2024-06-15,1220358624,兴蓉环境：关于拟聘任会计师事务所的公告,,True,签字注册会计师、项目质量复核人员近三年不存在因执业行为受到刑事处罚， || 签字注册会计师、项目质量复核人员不存在可能影响独立性的情形。4、审计
000607,2020-04-28,1207632969,华媒控股：关于拟续聘会计师事务所的公告,,True,任能力：是（2）质量控制复核人：李会英执业资质：注册会计师、注册资
000617,2021-04-02,1209624845,中油资本：关于续聘2021年度会计师事务所的公告,,True,16年12月10复核人2．诚信记录立信表示项目合伙人、拟签 || 签字注册会计师、项目质量控制复核人近三年不存在因执业行为受到刑事处罚， || 签字注册会计师、项目质量控制复核人不存在可能影响独立性的情形。4．审计
000619,2020-03-21,1207390782,海螺型材：关于拟续聘2020年度审计机构的公告,,True,序，熊亚菊拟担任项目质量控制复核人。熊亚菊从事证券服务业务超过20年， || 签字注册会计师及项目质量控制复核人最近三年均无不良记录。三、拟续聘会计
000619,2023-03-25,1216222162,海螺新材：关于拟续聘2023年度审计机构的公告,,True,。（3）王春媛（项目质量控制复核人），2003年7月成为注册会计师，2 || 册会计师王传兵、项目质量控制复核人王春媛最近三年未受到刑事处罚、行政处 || 册会计师王传兵、项目质量控制复核人王春媛不存在违反《中国注册会计师职业
000619,2021-03-23,1209425948,海螺型材：关于拟续聘2021年度审计机构的公告,,True,。（3）李海成（项目质量控制复核人），2002年2月成为注册会计师，2 || 册会计师王传兵、项目质量控制复核人李海成最近三年未受到刑事处罚、行政处 || 册会计师王传兵、项目质量控制复核人李海成不存在违反《中国注册会计师职业
000619,2022-03-26,1212688110,海螺型材：关于拟续聘2022年度审计机构的公告,,True,。（3）李海成（项目质量控制复核人），2002年2月成为注册会计师，2 || 册会计师王传兵、项目质量控制复核人李海成最近三年未受到刑事处罚、行政处 || 册会计师王传兵、项目质量控制复核人李海成不存在违反《中国注册会计师职业
000619,2024-03-23,1219391098,海螺新材：关于拟续聘2024年度审计机构的公告,,True,家。（3）陈林（项目质量控制复核人），1997年12月成为注册会计师， || 册会计师胡金金、项目质量控制复核人陈林最近三年未受到刑事处罚、行政处罚 || 册会计师胡金金、项目质量控制复核人陈林不存在违反《中国注册会计师职业道
000627,2020-04-16,1207506266,天茂集团：拟聘任会计师事务所的公告,,True,在其他单位兼职。质量控制复核人员：刘仁勇，中国注册会计师，合伙人， || 签字注册会计师及质量控制复核人员未持有和买卖公司股票，也不存在影响
000628,2024-06-08,1220301341,高新发展：关于聘任2024年度审计机构的公告,,True,24年[注4]制复核人员[注1]：近三年共签署和复核上市公 || 签字注册会计师、项目质量控制复核人近三年未因执业行为受到刑事处罚，受到 || 签字注册会计师、项目质量控制复核人等不存在可能影响独立性的情形。4、审
000631,2020-03-26,1207404887,顺发恒业：关于拟续聘会计师事务所的公告,,True,胜任能力：是2、质量控制复核人：束哲民执业资质：注册会计师、注册税
000632,2020-04-30,1207681160,三木集团：关于拟续聘2020年度会计师事务所的公告,,True,程序，张玉拟担任项目质量控制复核人。张玉从事证券服务业务多年，负责审计
000633,2020-12-11,1208886737,合金投资：关于续聘2020年度财务及内部控制审计机构的公告,,True,的专业服务工作。项目质量控制复核人从业经历：王侠女士，现任希格玛会计师
000633,2022-01-28,1212296812,合金投资：关于续聘2021年度财务及内部控制审计机构的公告,,True,市公司报告1份。项目质量控制复核人从业经历：王侠女士，现任希格玛会计师
000635,2022-01-28,1212297653,英 力 特：关于聘任公司2021年度财务报告审计机构的公告,,True,单位兼职。拟安排项目质量复核人员：宋治忠宋治忠从1997年11月至今 || 签字注册会计师及质量复核人员近三年不存在因执业行为受到刑事处罚， || 签字注册会计师及质量复核人员不存在违反《中国注册会计师职业道德守
000637,2020-03-05,1207344612,茂化实华：关于拟续聘会计师事务所的公告,,True,序，程连木拟担任项目质量控制复核人。程连木从事证券服务业务多年，负责审
000638,2020-06-29,1207962305,万方发展：关于续聘2020年度财务及内部控制审计机构的公告,,True,他单位兼职。2、质量控制复核人员：李海臣李海臣，担任项目质量复核人 || 海臣李海臣，担任项目质量复核人员，拥有注册会计师资质，具有多年证券业 || 签字注册会计师及质量控制复核人员未持有和买卖公司股票，也不存在影响
000637,2020-04-29,1207661211,茂化实华：关于拟续聘会计师事务所的公告,,True,序，程连木拟担任项目质量控制复核人。程连木从事证券服务业务多年，负责审
000637,2023-12-12,1218583432,ST实华：2023-101  关于拟变更会计师事务所的公告,,True,力。（4）拟安排项目质量控制复核人员：谢中梁中国注册会计师，1999年 || 册会计师周春利、项目质量控制复核人谢中梁近三年未曾因执业行为受到刑事处 || 签字注册会计师、项目质量控制复核人等从业人员不存在违反《中国注册会计师
000650,2022-09-30,1214708842,仁和药业：公司关于变更签字注册会计师的公告,,True,，李海成先生担任项目质量控制复核人。鉴于原签字注册会计师帅亮先生工作调 || 王继文，质量质控复核人为李海成。二、本次变更人员基本信息签
000652,2020-04-10,1207474780,泰达股份：拟聘任会计师事务所的公告,,True,，贾娜女士为项目质量复核合伙人，上述三人均为注册会计师协会执业会员
000656,2023-04-29,1216698188,金科股份：关于拟续聘会计师事务所的公告,,True,签字注册会计师、项目质量控制复核人近三年不存在因执业行为受到刑事处罚， || 签字注册会计师、项目质量控制复核人不存在可能影响独立性的情形。三、拟续
000656,2024-04-30,1219928642,*ST金科：关于拟续聘会计师事务所的公告,,True,签字注册会计师、项目质量控制复核人近三年不存在因执业行为受到刑事处罚， || 签字注册会计师、项目质量控制复核人不存在可能影响独立性的情形。三、拟续
000661,2020-03-27,1207411277,长春高新：关于拟续聘2020年度会计师事务所的公告,,True,其他单位无兼职。质量控制复核人员：冯发明先生，中国注册会计师，合伙 || 签字注册会计师及质量复核人员未持有和买卖公司股票，也不存在影响独
000661,2022-03-17,1212594362,长春高新：关于拟续聘2022年度会计师事务所的公告,,True,其他单位无兼职。质量控制复核人员：冯发明先生拥有注册会计师执业资质 || 签字注册会计师及质量控制复核人员不存在违反《中国注册会计师职业道德
000661,2023-03-30,1216258969,长春高新：关于拟续聘2023年度会计师事务所的公告,,True,在其他单位兼职。质量控制复核人员：吴秀英女士拥有注册会计师执业资质 || 签字注册会计师及质量复核人员不存在违反《中国注册会计师职业道德守
000663,2020-04-30,1207686890,永安林业：关于拟续聘会计师事务所的公告,,True,序，邱连强拟担任项目质量控制复核人。邱连强从事证券服务业务21年，20 || 大资产重组审计的项目质量控制复核人，具备相应专业胜任能力。5、诚信记录
000670,2022-07-28,1214149058,*ST盈方：拟续聘会计师事务所的公告,,True,签字注册会计师、项目质量控制复核人近三年不存在因执业行为受到刑事处罚， || 签字注册会计师、项目质量控制复核人不存在可能影响独立性的情形。4、审计
000670,2021-05-11,1209950323,*ST盈方：拟续聘会计师事务所的公告,,True,2018年度，签复核人署上海钢联、上海钢银、复娱文化等上市 || 签字注册会计师、项目质量控制复核人近三年不存在因执业行为受到刑事处罚， || 签字注册会计师、项目质量控制复核人不存在可能影响独立性的情形。4、审计
000670,2020-12-03,1208843108,*ST盈方：拟聘任会计师事务所的公告,,True,会计师事务9年制复核人所，审计相关工作。详见2.签字注册会
000670,2023-07-31,1217418883,盈方微：拟续聘会计师事务所的公告,,True,上海钢联2021复核人年审计报告；2021年，复核三花智能 || 签字注册会计师、项目质量控制复核人近三年不存在因执业行为受到刑事处罚， || 签字注册会计师、项目质量控制复核人不存在可能影响独立性的情形。4、审计
000672,2021-01-16,1209114574,上峰水泥：关于拟续聘会计师事务所的公告,,True,司审计报告1份。项目质量控制复核人：梁轶男，2014年成为注册会计师， || 册会计师陈黎明、项目质量控制复核人梁轶男近三年未因执业行为受到刑事处罚 || 册会计师陈黎明、项目质量控制复核人梁轶男不存在可能影响独立性的情形。4
000672,2022-12-01,1215242420,上峰水泥：关于续聘公司2022年度财务审计机构及内控审计机构的公告,,True,司审计报告1份。项目质量控制复核人：梁轶男，2014年成为注册会计师， || 签字注册会计师、项目质量控制复核人近三年未因执业行为受到刑事处罚，未受 || 签字注册会计师、项目质量控制复核人不存在可能影响独立性的情形。4、审计
000672,2022-02-18,1212393401,上峰水泥：关于续聘公司2021年度财务审计机构及内控审计机构的公告,,True,司审计报告0份。项目质量控制复核人：梁轶男，2014年成为注册会计师， || 签字注册会计师、项目质量控制复核人近三年未因执业行为受到刑事处罚，未受 || 签字注册会计师、项目质量控制复核人不存在可能影响独立性的情形。4、审计
000672,2024-01-23,1218969005,上峰水泥：关于续聘公司2023年度财务审计机构及内控审计机构的公告,,True,司审计报告2份。项目质量控制复核人：梁轶男，2014年成为注册会计师， || 签字注册会计师、项目质量控制复核人近三年未因执业行为受到刑事处罚，未受 || 签字注册会计师、项目质量控制复核人不存在可能影响独立性的情形。4、审计
000673,2022-02-22,1212411661,*ST当代：关于拟聘任会计师事务所的公告,,True,册会计师丁春晨、项目质量控制复核人邱程红最近三年未受到刑事处罚、行政处
000677,2023-04-26,1216575969,恒天海龙：恒天海龙股份有限公司关于续聘会计师事务所的公告,,True,签字注册会计师、项目质量控制复核人近三年不存在因执业行为受到刑事处罚， || 签字注册会计师、项目质量控制复核人等不存在违反《中国注册会计师职业道德
000677,2022-04-22,1213019125,恒天海龙：恒天海龙股份有限公司关于续聘永拓会计师事务所的公告,,True,胜任能力。（3）项目质量控制复核人马向军：1998年成为注册会计师，2 || 签字注册会计师、项目质量控制复核人近三年不存在因执业行为受到刑事处罚， || 签字注册会计师、项目质量控制复核人等不存在违反《中国注册会计师职业道德
000677,2021-04-23,1209768454,恒天海龙：恒天海龙股份有限公司关于续聘永拓会计师事务所的公告,,True,签字注册会计师、项目质量控制复核人永拓未受到刑事处罚、行政处罚和自律处 || 签字注册会计师、项目质量控制复核人不存在影响独立性的情形。4.审计收费
000677,2024-04-12,1219579299,恒天海龙：恒天海龙股份有限公司关于续聘永拓会计师事务所的公告,,True,签字注册会计师、项目质量控制复核人近三年不存在因执业行为受到刑事处罚， || 签字注册会计师、项目质量控制复核人等不存在违反《中国注册会计师职业道德
000688,2024-04-27,1219867992,国城矿业：关于续聘2024年度财务报告及内部控制审计机构的公告,,True,签字注册会计师、质量控制复核人不存在可能影响独立性的情形。（三）审
000690,2020-04-21,1207540237,宝新能源：拟续聘会计师事务所的公告,,True,合伙人陈荭拟担任项目质量控制复核人。陈荭从事证券服务业务多年，负责审计 || 签字注册会计师及质量控制复核人最近三年未受（收）到刑事处罚、行政处
000688,2022-03-08,1212522667,国城矿业：关于续聘2022年度财务报告及内部控制审计机构的公告,,True,年2020年见下质量控制复核人暂未确定梁正勇：2021年，签署贵州 || 8年度审计报告。质量控制复核人：由于天健会计师事务所正在开展项目质 || 师事务所正在开展项目质量复核人员独立性轮换工作，因此目前尚无法确定公 || 2年度审计项目的质量复核人员。公司将在天健会计师事务所确定项目质 || 会计师事务所确定项目质量复核人员后及时披露相关人员信息。2、诚信记录 || 计师事务所将确保质量控制复核人不存在可能影响独立性的情形，公司也将
000692,2020-05-06,1207702809,惠天热电：关于拟续聘公司2020年度审计机构公告的更正公告,,True,序，程卫国拟担任项目质量控制复核人，其从事证券服务业务13年，负责审计
000692,2020-05-06,1207702810,惠天热电：关于拟续聘公司2020年度审计机构的公告（更新后）,,True,序，程卫国拟担任项目质量控制复核人，其从事证券服务业务13年，负责审计
000700,2024-01-27,1219011586,模塑科技：模塑科技关于变更签字注册会计师的公告,,True,会计师，王微作为项目质量复核人员共同为公司提供审计服务。因内部工作调
000702,2022-04-08,1212836831,正虹科技：关于续聘会计师事务所的公告,,True,签字注册会计师、项目质量控制复核人近三年不存在因执业行为受到刑事处罚， || 签字注册会计师、项目质量控制复核人不存在可能影响独立性的情形。三、拟续
000702,2021-04-02,1209614955,正虹科技：关于续聘会计师事务所的公告,,True,签字注册会计师、项目质量控制复核人近三年不存在因执业行为受到刑事处罚， || 签字注册会计师、项目质量控制复核人不存在可能影响独立性的情形。三、拟续
000705,2020-04-15,1207498401,浙江震元：拟聘任会计师事务所的公告,,True,注册会计师16制复核人事务所，审计相关工作拟签字注册宋鑫注
000702,2020-04-03,1207451261,正虹科技：关于续聘会计师事务所的公告,,True,计黄灿坤23年制复核人册会计师业务，一直从事IPO和师上市
000705,2022-04-09,1212854388,浙江震元：浙江震元股份有限公司拟聘任会计师事务所的公告,,True,签字注册会计师、项目质量控制复核人近三年不存在因执业行为受到刑事处罚， || 签字注册会计师、项目质量控制复核人不存在可能影响独立性的情形。二、拟续
000705,2021-03-27,1209464686,浙江震元：浙江震元股份有限公司拟聘任会计师事务所的公告,,True,签字注册会计师、项目质量控制复核人近三年不存在因执业行为受到刑事处罚， || 签字注册会计师、项目质量控制复核人不存在可能影响独立性的情形。二、拟续
000705,2023-04-22,1216524716,浙江震元：浙江震元股份有限公司拟聘任会计师事务所的公告,,True,签字注册会计师、项目质量控制复核人近三年不存在因执业行为受到刑事处罚， || 签字注册会计师、项目质量控制复核人不存在可能影响独立性的情形。4.审计
000705,2024-03-22,1219375958,浙江震元：浙江震元股份有限公司拟变更会计师事务所的公告,,True,签字注册会计师、项目质量控制复核人近三年内未曾因执业行为受到刑事处罚、
000711,2023-04-28,1216661944,京蓝科技：关于续聘公司2023年度审计机构的公告,,True,供过年报审计、新复核人李秀华计师资质三板申报审计等证券服务
000715,2020-04-02,1207448980,中兴商业：关于拟续聘公司2020年度审计机构的公告,,True,程序，王娟拟担任项目质量控制复核人。王娟从事证券服务业务19年，负责审
000712,2021-03-16,1209384231,锦龙股份：拟续聘会计师事务所的公告,,True,股份、达安基徐聃项目质量控制复核人2001年2004年2012年202 || 签字注册会计师、项目质量控制复核人近三年不存在因执业行为受到刑事处罚， || 签字注册会计师、项目质量控制复核人不存在可能影响独立性的情形。4．审计
000712,2022-03-09,1212526997,锦龙股份：拟续聘会计师事务所的公告,,True,技、棕榈股王耀华项目质量控制复核人2005年2000年2012年201 || 签字注册会计师、项目质量控制复核人近三年不存在因执业行为受到刑事处罚， || 签字注册会计师、项目质量控制复核人不存在可能影响独立性的情形。4．审计
000718,2020-04-15,1207499416,苏宁环球：关于拟续聘财务及内控审计机构的公告,,True,胜任能力：是2、质量控制复核人：宿雷阳执业资质：注册会计师从业经历
000718,2020-04-18,1207522368,苏宁环球：关于拟续聘财务及内控审计机构的补充公告,,True,胜任能力：是2、质量控制复核人：宿雷阳执业资质：注册会计师从业经历
000722,2022-07-07,1213973087,湖南发展：关于续聘公司2022年度审计机构的公告,,True,92年2021年复核人宇科技等上市公司年度审计报告2、诚信 || 签字注册会计师、项目质量控制复核人近三年不存在因执业行为受到刑事处罚， || 签字注册会计师、项目质量控制复核人不存在可能影响独立性的情形。4、审计
000722,2023-03-30,1216258208,湖南发展：关于续聘公司2023年度审计机构的公告,,True,赞宇科技等上市制复核人公司年度审计报告2、诚信记录3项目合 || 签字注册会计师、项目质量控制复核人近三年不存在因执业行为受到刑事处罚， || 签字注册会计师、项目质量控制复核人不存在可能影响独立性的情形。4、审计
000726,2021-03-31,1209487097,鲁  泰Ａ：关于续聘2021年度财务报告及内部控制审计机构的公告,,True,序，王洪婕拟担任项目质量控制复核人。王洪婕1988年起从事注册会计师业 || 010年成为质控独立复核人合伙人，具备相应专业胜任能力。5.诚
000729,2020-04-28,1207634737,燕京啤酒：拟聘任会计师事务所的公告,,True,序，程连木拟担任项目质量控制复核人。程连木，中国注册会计师，自1996 || 措施、纪律处分。质量控制复核人程连木近三年未受（收）到刑事处罚、行
000726,2020-05-06,1207703493,鲁  泰Ａ：关于续聘2020年度财务报告及内部控制审计机构的公告,,True,序，王洪婕拟担任项目质量控制复核人。王洪婕1988年起从事注册会计师业 || 010年成为质控独立复核人合伙人，具备相应专业胜任能力。5.诚
000732,2020-12-26,1208997016,泰禾集团：关于拟聘任会计师事务所的公告,,True,能力。4、拟担任项目质量控制复核人刘锦英：注册会计师，2001年取得执 || 形。项目合伙人、项目质量控制负责人、拟签字注册会计师均从事过证券服务业
000733,2021-11-18,1211616461,振华科技：关于拟续聘会计师事务所的公告,,True,任能力：是（3）项目质量控制负责人的从业经历刘红卫，北京市注册会计师协 || 目管理经验丰厚。项目质量控制负责人的执业资质：中国注册会计师项目质量控 || ：中国注册会计师项目质量控制负责人是否从事过证券服务业务：是项目质量控 || 证券服务业务：是项目质量控制负责人从事证券服务业务的年限：24年项目质 || 务的年限：24年项目质量控制负责人是否具备相应的专业胜任能力：是2.诚
000737,2020-04-01,1207441136,ST南风：关于续聘会计师事务所的公告,,True,业胜任能力：是②项目质量控制负责人：张丽宾执业资质：中国注册会计师、注
000753,2020-04-29,1207658908,漳州发展：关于聘任2020年度审计机构的公告,,True,程序，杨俏拟担任项目质量控制复核人。杨俏从事证券服务业务多年，负责审计
000760,2020-03-14,1207373180,*ST斯太：关于变更会计师事务所的公告,,True,程序，梅春拟担任项目质量控制复核人。梅春从事证券服务业务多年，担任过多
000762,2020-04-22,1207550680,西藏矿业：关于续聘会计师事务所的公告,,True,"供审计相关服务。质量控制复核人从业经历：鲍琼,中国注册会计师。在多 || 项目签字合伙人、独立复核合伙人、项目签字注册会计师均具有丰富的行业 || 形。项目合伙人、项目质量控制负责人、拟签字注册会计师的具有注册会计师资"
000760,2020-12-08,1208865222,*ST斯太：关于拟变更会计师事务所的公告,,True,胜任能力：是3、质量控制复核人：刘润斌执业资质：注册会计师从业经历 || 册会计师谭玉次及质量控制复核人刘润斌不存在违反《中国注册会计师职业
000762,2021-08-27,1210877013,西藏矿业：关于聘任会计师事务所的公告,,True,签字注册会计师、项目质量控制复核人近三年不存在因执业行为受到刑事处罚， || 签字注册会计师、项目质量控制复核人不存在可能影响独立性的情形。4.审计
000762,2022-08-25,1214383612,西藏矿业：关于聘任会计师事务所的公告,,True,签字注册会计师、项目质量控制复核人近三年不存在因执业行为受到刑事处罚， || 签字注册会计师、项目质量控制复核人不存在可能影响独立性的情形。4.审计
000762,2023-08-30,1217699649,西藏矿业：关于续聘会计师事务所的公告,,True,签字注册会计师、项目质量控制复核人近三年不存在因执业行为受到刑事处罚， || 签字注册会计师、项目质量控制复核人不存在可能影响独立性的情形。4.审计
000778,2023-03-08,1216064420,新兴铸管：关于审计机构项目合伙人及项目质量复核人员变更的公告,,True,机构项目合伙人及项目质量复核人员变更的公告本公司及董事会全体成员保证 || 项目签字合伙人及项目质量复核人员的函》，现将有关情况公告如下：一、本 || 项目合伙人及项目质量复核人的情况大华会计师事务所原委派签字合伙 || 计服务，熊亚菊为项目质量复核人员为公司的审计服务项目提供复核工作。鉴 || 字合伙人王景波及项目质量复核人员熊亚菊工作调整，大华会计师事务所现委 || 册会计师，马宁为项目质量复核人员，负责公司2022年度财务报表和内部
000788,2022-04-29,1213208453,北大医药：关于拟续聘会计师事务所的公告,,True,签字注册会计师、项目质量控制复核人近三年不存在因执业行为受到刑事处罚， || 签字注册会计师、项目质量控制复核人不存在可能影响独立性的情形。4.审计
000788,2024-04-26,1219829194,北大医药：关于拟续聘会计师事务所的公告,,True,人签字注册会计师项目质量复核人员姓名赵兴明黄娜钱仲先何时成为注册会计 || 签字注册会计师、项目质量复核人员近三年不存在因执业行为受到刑事处罚， || 签字注册会计师、项目质量复核人员不存在可能影响独立性的情形。4、审计
000788,2023-04-28,1216648397,北大医药：关于拟续聘会计师事务所的公告,,True,度审计报告；复核复核人过渝三峡、正川股份、华康股份等上市公 || 签字注册会计师、项目质量控制复核人近三年不存在因执业行为受到刑事处罚， || 签字注册会计师、项目质量控制复核人不存在可能影响独立性的情形。4.审计
000797,2020-04-23,1207558601,中国武夷：关于拟续聘2020年度审计中介机构的公告,,True,序，陈佳佳拟担任项目质量控制复核人。陈佳佳从事证券服务业务多年，负责审
000800,2020-10-24,1208607373,一汽解放：关于拟续聘会计师事务所的公告,,True,序，高利萍拟担任项目质量控制复核人。高利萍，注册会计师，1992年起从 || 市公司年报审计的项目质量控制复核人，具备相应专业胜任能力。5、诚信记录
000801,2023-04-20,1216477247,四川九洲：关于续聘会计师事务所的公告,,True,21年4家李会英质量控制复核人2004年2003年2017年1月2 || 签字注册会计师、项目质量控制复核人近三年不存在因执业行为受到刑事处罚， || 签字注册会计师、项目质量控制复核人不存在可能影响独立性的情形。4、审计
000801,2022-04-20,1212978023,四川九洲：关于续聘会计师事务所的公告,,True,21年1家李会英质量控制复核人2004年2003年2017年1月2 || 签字注册会计师、项目质量控制复核人近三年不存在因执业行为受到刑事处罚， || 签字注册会计师、项目质量控制复核人不存在可能影响独立性的情形。4、审计
000806,2021-04-30,1209871360,*ST银河：关于聘任2021年度财务审计机构和内部控制审计机构的公告,,True,签字注册会计师、项目质量控制复核人等不存在可能影响《中国注册会计师职业
000809,2022-04-28,1213163292,铁岭新城：关于续聘会计师事务所的公告,,True,会计师。2拟担任项目质量控制复核人李晓思：2006年取得执业注册会计师 || 2015年起担任质量控制复核人，至今复核过多家上市公司年报审计和重 || 签字注册会计师及项目质量控制复核人最近三年均未因执业行为受到刑事处罚， || 签字注册会计师、项目质量控制复核人等不存在因违反《中国注册会计师职业道
000809,2021-04-24,1209791487,铁岭新城：关于续聘会计师事务所的公告,,True,字会计师。拟担任项目质量控制复核人李晓思：2006年取得执业注册会计师 || 2015年起担任质量控制复核人，至今复核过多家上市公司年报审计和重 || 签字注册会计师及项目质量控制复核人最近三年均未因执业行为受到刑事处罚， || 签字注册会计师、项目质量控制复核人等不存在因违反《中国注册会计师职业道
000809,2023-04-29,1216693737,ST新城：关于续聘会计师事务所的公告,,True,字会计师。拟担任项目质量控制复核人孙宇：2014年11月成为注册会计师 || 签字注册会计师及项目质量控制复核人最近三年均未因执业行为受到刑事处罚， || 签字注册会计师、项目质量控制复核人等不存在因违反《中国注册会计师职业道
000812,2021-07-31,1210613648,陕西金叶：关于续聘公司2021年度审计机构的公告,,True,工作项目合伙人、质量控制复核人和签字注册会计师不存在违反《中国注册 || 形。项目合伙人、质量控制复核人、拟签字注册会计师均为从业经历丰富、
000812,2020-04-29,1207664233,陕西金叶：关于续聘2020年度审计机构的公告,,True,工作项目合伙人、质量控制复核人和签字注册会计师不存在违反《中国注册 || 形。项目合伙人、质量控制复核人、拟签字注册会计师均为从业经历丰富、
000812,2023-12-02,1218497917,陕西金叶：关于续聘公司2023年度审计机构的公告,,True,提供服务。（3）项目质量控制复核人：3史春生，从2004年10月开始在 || 注册会计师、审计项目质量控制复核人近三年不存在因执业行为受到刑事处罚、 || 签字注册会计师、项目质量控制复核人符合《中国注册会计师职业道德守则》对 || 形。项目合伙人、质量控制复核人、拟签字注册会计师均为从业经历丰富、
000812,2022-10-26,1214901555,陕西金叶：关于续聘公司2022年度审计机构的公告,,True,有限公10月月月复核人司、山东矿机集团股份有限公司河北福成 || 会计师、项目质控复核人等不存在可能影响独立性的情形。（三） || 形。项目合伙人、质量控制复核人、拟签字注册会计师均为从业经历丰富、
000816,2020-04-28,1207641778,ST慧业：关于拟续聘2020年度审计机构的公告,,True,周薇英团队拟担任项目质量控制复核人。周薇英从事证券服务业务多年，负责审 || 计师周垚、拟担任项目质量控制复核人周薇英最近三年无刑事处罚、行政处罚、
000818,2022-04-28,1213163146,航锦科技：关于续聘2022年度会计师事务所的公告,,True,任能力：是（2）质量控制复核人：刘仁勇执业资质：注册会计师从业经历 || 目合伙人李朝鸿、质量控制复核人刘仁勇及签字注册会计师何杰最近三年无 || 签字注册会计师及质量控制复核人员不存在违反《中国注册会计师职业道德
000818,2020-04-07,1207457984,航锦科技：拟聘任会计师事务所的公告,,True,任能力：是（2）质量控制复核人：许菊萍执业资质：注册会计师、注册税
000818,2024-03-14,1219301126,航锦科技：关于续聘2024年度会计师事务所的公告,,True,818)。（3）质量控制复核人：刘仁勇执业资质：注册会计师从业经历 || 目合伙人李朝鸿、质量控制复核人刘仁勇及签字注册会计师何杰最近三年无 || 签字注册会计师及质量控制复核人员不存在违反《中国注册会计师职业道德
000818,2023-04-28,1216647305,航锦科技：关于续聘2023年度会计师事务所的公告,,True,任能力：是（2）质量控制复核人：刘仁勇执业资质：注册会计师从业经历 || 目合伙人李朝鸿、质量控制复核人刘仁勇及拟签字注册会计师何杰最近三年 || 签字注册会计师及质量控制复核人员不存在违反《中国注册会计师职业道德
000822,2020-04-02,1207446208,山东海化：关于拟聘任会计师事务所的公告,,True,程序，于涛拟担任项目质量控制复核人。于涛从事证券服务业务19年，负责审
000823,2024-03-28,1219424764,超声电子：超声电子关于2024年度续聘信天健计师事务所（特殊普通合伙）为本公司审计中介机构及内部控制审计中介机构的公告,,True,签字注册会计项目质量复核人师人员姓名禤文欣翁祖桂沈云强何时成为 || 签字注册会计师、项目质量复核人员近三年不存在因执业行为受到刑事处罚， || 签字注册会计师、项目质量复核人员不存在可能影响独立性的情形。4.审计
000825,2023-04-22,1216522449,太钢不锈：关于拟续聘会计师事务所的公告,,True,上述项目合伙人、质量控制复核人和本期签字会计师不存在违反《中国注册 || 签字注册会计师、项目质量控制复核人等不存在违反《中国注册会计师职业道德
000823,2023-12-14,1218604537,超声电子：超声电子关于拟变更会计师事务所的公告,,True,公司将在天健确定项目质量控制复核人后及时披露相关人员制复核信息。人2. || 签字注册会计师、项目质量控制复核人近三年不存在因执业行为受到刑事处罚， || 签字注册会计师、项目质量控制复核人不存在可能影响独立性的情形。4.审计
000825,2022-09-29,1214704446,太钢不锈：关于拟变更会计师事务所的公告,,True,上述项目合伙人、质量控制复核人和本期签字会计师不存在违反《中国注册 || 签字注册会计师、项目质量控制复核人等不存在违反《中国注册会计师职业道德
000829,2023-04-14,1216405777,天音控股：关于拟续聘会计师事务所的公告,,True,签字注册会计师及项目质量控制复核人的具体情况如下：（1）签字注册会计师 || 64）等。（3）项目质量控制复核人：李威执业资质：中国注册会计师是否从 || 签字注册会计师、项目质量控制复核人近三年未因执业行为受到刑事处罚，未受 || 注册会计师、签字项目质量控制复核人，不存在影响审计独立性的情形。4、审
000829,2021-04-30,1209869958,天音控股：关于拟续聘会计师事务所的公告,,True,签字注册会计师及项目质量控制复核人的具体情况如下：（1）签字注册会计师 || 投资公司。（3）项目质量控制复核人：赵益辉执业资质：中国注册会计师是否 || （特殊普通合伙）质量控制复核人，2009年成为注册会计师、2008 || 签字注册会计师、项目质量控制复核人近三年未因执业行为受到刑事处罚，未受 || 注册会计师、签字项目质量控制复核人，不存在影响审计独立性的情形。4、审
000829,2020-04-30,1207685089,天音控股：关于拟续聘会计师事务所的公告,,True,签字注册会计师及项目质量控制复核人的具体情况如下：（1）签字注册会计师 || 投资公司。（3）项目质量控制复核人：苏琪执业资质：中国注册会计师是否从 || （特殊普通合伙）质量控制复核人，从事注册会计师行业近15年，曾参与 || 等上市公司审计的质量控制复核人。（三）业务信息中审华事务所2019
000829,2022-04-22,1213026448,天音控股：关于拟续聘会计师事务所的公告,,True,签字注册会计师及项目质量控制复核人的具体情况如下：（1）签字注册会计师 || 64）等。（3）项目质量控制复核人：赵益辉执业资质：中国注册会计师是否 || 签字注册会计师、项目质量控制复核人近三年未因执业行为受到刑事处罚，未受 || 注册会计师、签字项目质量控制复核人，不存在影响审计独立性的情形。4、审
000829,2024-04-29,1219863354,天音控股：关于拟续聘会计师事务所的公告,,True,签字注册会计师及项目质量控制复核人的具体情况如下：（1）签字注册会计师 || 64）等。（3）项目质量控制复核人：李威执业资质：中国注册会计师是否从 || 签字注册会计师、项目质量控制复核人近三年未因执业行为受到刑事处罚，未受 || 注册会计师、签字项目质量控制复核人，不存在影响审计独立性的情形。4、审
000836,2022-04-28,1213165777,富通信息：关于拟续聘会计师事务所的公告,,True,股份、中新科技、复核人大连圣亚、富通信息2、诚信记录项目合 || 签字注册会计师、项目质量控制复核人近三年均未因执业行为受到刑事处罚，未 || 签字注册会计师、项目质量控制复核人不存在违反《中国注册会计师职业道德守
000836,2024-04-30,1219927239,富通信息：关于拟续聘会计师事务所的公告,,True,签字注册会计师、项目质量控制复核人近三年均未因执业行为受到刑事处罚，未 || 签字注册会计师、项目质量控制复核人不存在违反《中国注册会计师职业道德守
000836,2023-08-29,1217676514,富通信息：关于拟续聘会计师事务所的公告,,True,签字注册会计师、项目质量控制复核人近三年均未因执业行为受到刑事处罚，未 || 签字注册会计师、项目质量控制复核人不存在违反《中国注册会计师职业道德守
000839,2020-04-30,1207681380,中信国安：关于拟聘任2020年度会计师事务所的公告,,True,0年。（2）拟任质量控制复核人：根据致同会计师事务所（特殊普通合伙 || 程序，李洋拟担任项目质量控制复核人。李洋从事证券服务业务超过15年，负
000838,2021-12-21,1211970498,财信发展：关于拟续聘会计师事务所的公告,,True,07年2018年复核人弘讯科技2、诚信记录项目合伙人、签字 || 签字注册会计师、项目质量控制复核人近三年不存在因执业行为受到刑事处罚， || 签字注册会计师、项目质量控制复核人不存在可能影响独立性的情形。4、审计
000838,2022-12-24,1215440586,财信发展：关于拟续聘会计师事务所的公告,,True,07年2018年复核人弘讯科技2、诚信记录项目合伙人、签字 || 签字注册会计师、项目质量控制复核人近三年不存在因执业行为受到刑事处罚， || 签字注册会计师、项目质量控制复核人不存在可能影响独立性的情形。4、审计
000851,2021-12-09,1211850863,高鸿股份：关于续聘会计师事务所的公告,,True,亚太项目合伙人、项目质量控制复核人、拟签字注册会计师具备相应专业胜任能 || 控制项目合伙人师复核人姓名曾云孙君亮崔江涛何时成为注册会计 || 签字注册会计师、项目质量控制复核人近三年（最近三个完整自然年度及当年） || 签字注册会计师、项目质量控制复核人等不存在因违反《中国注册会计师职业道
000851,2022-12-09,1215305916,高鸿股份：关于续聘特会计师事务所的公告,,True,亚太项目合伙人、项目质量控制复核人、拟签字注册会计师具备相应专业胜任能 || 控制项目合伙人师复核人姓名曾云孙君亮崔江涛何时成为注册会计 || 签字注册会计师、项目质量控制复核人近三年（最近三个完整自然年度及当年） || 签字注册会计师、项目质量控制复核人等不存在因违反《中国注册会计师职业道
000858,2021-04-28,1209837827,五 粮 液：关于拟续聘会计师事务所的公告,,True,兼职。（4）拟任质量控制复核人员：何均中国注册会计师，1997年成 || 签字注册会计师和项目质量控制复核人最近三年未因执业行为受到刑事处罚，未 || 注册会计师、项目质量控制复核合伙人不存在违反《中国注册会计师职业道德守
000860,2020-04-25,1207608173,顺鑫农业：关于拟续聘会计师事务所的公告,,True,伙人刘志坚拟担任项目质量控制复核人。刘志坚从事证券服务业务多年，负责审 || 计师）、刘志坚（质量控制复核人）最近三年未受（收）到刑事处罚、行政
000858,2020-04-28,1207640821,五 粮 液：关于拟续聘会计师事务所的公告,,True,位兼职（2）拟任质量控制复核人：何均①执业资质：中国注册会计师2② || 签字注册会计师和项目质量控制复核人最近三年未受到刑事处罚、行政处罚、行
000851,2024-01-19,1218945129,高鸿股份：关于续聘会计师事务所的公告,,True,亚太项目合伙人、项目质量控制复核人、拟签字注册会计师具备相应专业胜任能 || 控制项目合伙人师复核人姓名曾云孙君亮陈静何时成为注册会计师 || 签字注册会计师、项目质量控制复核人近三年（最近三个完整自然年度及当年） || 签字注册会计师、项目质量控制复核人等不存在因违反《中国注册会计师职业道
000858,2023-04-29,1216689061,五 粮 液：关于拟续聘会计师事务所的公告,,True,职。（4）拟安排质量控制复核人员：何均中国注册会计师，1997年成 || 签字注册会计师和项目质量控制复核人最近三年未因执业行为受到刑事处罚，未 || 注册会计师、项目质量控制复核合伙人不存在违反《中国注册会计师职业道德守
000861,2022-04-29,1213209293,海印股份：关于公司2022年续聘会计师事务所的公告,,True,单位兼职。（3）质量控制复核人员：冯发明，拥有注册会计师执业资质。 || 签字注册会计师及质量控制复核人员近三年不存在因执业行为受到刑事处罚 || 签字注册会计师及质量控制复核人员不存在违反《中国注册会计师执业道德
000861,2021-04-29,1209847975,海印股份：关于公司2021年续聘会计师事务所的公告,,True,单位兼职。（3）质量控制复核人员：冯发明，拥有注册会计师执业资质。 || 签字注册会计师及质量控制复核人员近三年不存在因执业行为受到刑事处罚 || 签字注册会计师及质量控制复核人员不存在违反《中国注册会计师执业道德
000861,2023-04-26,1216588592,海印股份：关于公司2023年续聘会计师事务所的公告,,True,单位兼职。（3）质量控制复核人员：冯发明，拥有注册会计师执业资质。 || 签字注册会计师及质量控制复核人员近三年不存在因执业行为受到刑事处罚 || 签字注册会计师及质量控制复核人员不存在违反《中国注册会计师执业道德
000876,2021-04-30,1209869137,新 希 望：关于续聘会计师事务所的公告,,True,司。（4）拟安排质量控制复核人员：赵勇军中国注册会计师，注册时间为 || 签字注册会计师、项目质量控制复核人近三年不存在因执业行为受到刑事处罚， || 注册会计师、项目质量控制复核合伙人不存在违反《中国注册会计师职业道德守
000876,2023-04-29,1216700117,新 希 望：关于续聘会计师事务所的公告,,True,务。（4）拟安排质量控制复核人员：赵勇军中国注册会计师，注册时间为 || 签字注册会计师、项目质量控制复核人近三年不存在因执业行为受到刑事处罚， || 注册会计师、项目质量控制复核合伙人不存在违反《中国注册会计师职业道德守
000876,2022-04-28,1213172519,新 希 望：关于续聘会计师事务所的公告,,True,司。（4）拟安排质量控制复核人员：赵勇军中国注册会计师，注册时间为 || 签字注册会计师、项目质量控制复核人近三年不存在因执业行为受到刑事处罚， || 注册会计师、项目质量控制复核合伙人不存在违反《中国注册会计师职业道德守
000876,2024-04-30,1219915562,新 希 望：关于续聘会计师事务所的公告,,True,务。（4）拟安排质量控制复核人员：赵勇军中国注册会计师，注册时间为 || 签字注册会计师、项目质量控制复核人近三年不存在因执业行为受到刑事处罚， || 注册会计师、项目质量控制复核合伙人不存在违反《中国注册会计师职业道德守
000877,2021-12-10,1211866718,天山股份：关于拟续聘会计师事务所的公告,,True,艳及其团队拟担任项目质量控制复核人。齐春艳，2011年成为注册会计师， || 签字注册会计师、项目质量控制复核人近三年不存在因执业行为受到刑事处罚， || 签字注册会计师、项目质量控制复核人等不存在可能影响独立性的情形。三、拟
000882,2020-04-29,1207663057,华联股份：关于续聘会计师事务所的公告,,True,伙人汪孝玲拟担任项目质量控制复核人。汪孝玲从事证券服务业务23年，具备
000881,2022-01-18,1212203158,中广核技：关于拟续聘会计师事务所的公告,,True,签字注册会计师、项目质量控制复核人近三年不存在执业行为受到刑事处罚，受 || 签字注册会计师和质量控制复核人不存在违反《中国注册会计师职业道德守
000890,2024-04-26,1219842390,法尔胜：关于续聘会计师事务所的公告,,True,012年/法尔胜复核人2、诚信记录拟签字项目合伙人孙国伟、 || 杨王森、拟任项目质量复核人许洪磊近三年未受到刑事处罚，无因执业 || 签字注册会计师、项目质量控制复核人等不存在可能影响独立性的情形。4、审
000895,2024-02-06,1219096393,双汇发展：关于内部控制审计机构变更项目质量控制复核合伙人的公告,,True,审计机构变更项目质量控制复核合伙人的公告本公司及董事会全体成员保证信息 || 内部控制审计项目质量控制复核合伙人的函》，现将具体情况公告如下：一、变 || 郑卫军先生为项目质量控制复核合伙人，因信永中和内部工作安排调整，现委任 || 内部控制审计项目质量控制复核合伙人。二、变更后的项目质量控制复核合伙人 || 二、变更后的项目质量控制复核合伙人信息11、基本信息孙政军先生，199 || 内部控制审计项目质量控制复核合伙人的函》；2、深圳证券交易所要求的其他
000901,2021-03-31,1209489301,航天科技：关于续聘会计师事务所的公告,,True,签字注册会计师、项目质量控制复核人近三年未因执业行为受到刑事处罚，未受 || 签字注册会计师、项目质量控制复核人等不存在可能影响独立性的情形。4.审
000901,2022-03-31,1212742565,航天科技：关于续聘会计师事务所的公告,,True,同、执业。（3）项目质量控制复核人杨志杨志：2008年成为注册会计师并 || 签字注册会计师、项目质量控制复核人近三年未因执业行为受到刑事处罚，未受 || 签字注册会计师、项目质量控制复核人等不3存在可能影响独立性的情形。4.
000906,2022-04-22,1213025828,浙商中拓：关于续聘会计师事务所的公告,,True,成为注册会计师，项目质量控制复核人：2000年开始从事上市公司和挂牌公 || 签字注册会计师、项目质量控制复核人近三年未因执业行为受到刑事处罚，受到 || 签字注册会计师、项目质量控制复核人能够在执行本项目审计工作时保持独立性
000906,2020-04-29,1207664159,浙商中拓：关于续聘会计师事务所的公告,,True,开始从事审计业制复核人务，专注于企业资产重组、上市公司及央
000909,2020-03-11,1207360806,数源科技：拟续聘会计师事务所的公告,,True,任能力：是（2）质量控制复核人：林鹏飞执业资质：注册会计师从业经历
000908,2020-12-03,1208842041,景峰医药：关于拟续聘会计师事务所的公告,,True,务所包梅庭14年复核人会计师（特殊普通合伙）任合伙人中国注
000906,2023-04-22,1216517630,浙商中拓：关于续聘会计师事务所的公告,,True,成为注册会计师，项目质量控制复核人：2000年开始从事上市公司和挂牌公 || 签字注册会计师、项目质量控制复核人近三年未因执业行为受到刑事处罚，受到 || 签字注册会计师、项目质量控制复核人能够在执行本项目审计工作时保持独立性
000909,2022-04-30,1213258809,数源科技：关于拟续聘会计师事务所的公告,,True,市公司审计报告。项目质量控制复核人：王其超，2001年成为注册会计师、 || 签字注册会计师、项目质量控制复核人近三年不存在因执业行为受到刑事处罚， || 签字注册会计师、项目质量控制复核人不存在可能影响独立性的情形。三、拟续
000912,2022-04-23,1213059344,泸天化：关于续聘会计师事务所的公告,,True,等。（4）拟安排质量控制复核人员：张美琳中国注册会计师，2018年 || 会计胡敏、凡波和项目质量控制复核人张美琳最近三年未因执业受到刑事处罚、 || 签字注册会计师、项目质量控制复核人不存在影响项目独立性的情况。（三）审
000913,2022-04-28,1213163544,钱江摩托：关于续聘会计师事务所的公告,,True,他单位兼职。2、质量控制复核人员：郝学花拥有注册会计师执业资质。2 || 签字注册会计师及质量复核人员未持有和买卖公司股票，也不存在影响独
000912,2024-04-25,1219798692,泸天化：关于拟变更会计师事务所的公告,,True,签字注册会计师、项目质量控制复核人近三年（最近三个完整自然年度及当年） || 签字注册会计师、项目质量控制复核人，不存在违反《中国注册会计师职业道德
000913,2023-04-29,1216691967,钱江摩托：关于续聘会计师事务所的公告,,True,他单位兼职。2、质量控制复核人员：郝学花拥有注册会计师执业资质。2 || 签字注册会计师及质量复核人员未持有和买卖公司股票，也不存在影响独
000913,2024-04-18,1219652148,钱江摩托：关于续聘会计师事务所的公告,,True,他单位兼职。2、质量控制复核人员：郝学花拥有注册会计师执业资质。2 || 签字注册会计师及质量复核人员近三年不存在因执业行为受到刑事处罚，
000917,2021-01-14,1209103010,电广传媒：关于续聘公司财务报告审计机构的公告,,True,，天健会计19年复核人会计师师事务所，审计相关工作刘利亚2
000917,2022-01-26,1212278202,电广传媒：关于续聘公司财务报告审计机构的公告,,True,签字注册会计师、项目质量控制复核人近三年不存在因执业行为受到刑事处罚， || 签字注册会计师、项目质量控制复核人不存在可能影响独立性的情形。三、拟续
000917,2023-03-08,1216064252,电广传媒：关于续聘公司年报审计机构的公告,,True,签字注册会计师、项目质量控制复核人近三年不存在因执业行为受到刑事处罚， || 签字注册会计师、项目质量控制复核人不存在可能影响独立性的情形。4.审计
000917,2023-04-28,1216657318,电广传媒：关于续聘公司年报审计机构的公告,,True,、巨星科技、合盛复核人硅业、英科医疗等年度审计报告2.诚信 || 签字注册会计师、项目质量控制复核人近三年不存在因执业行为受到刑事处罚， || 签字注册会计师、项目质量控制复核人不存在可能影响独立性的情形。(三)审
000919,2020-03-31,1207426992,金陵药业：关于拟续聘2020年度会计师事务所的公告,,True,荆建明先生为项目质量复核合伙人。上述人员从业经历如下：荆建明先生：
000920,2020-10-30,1208647949,南方汇通：关于拟聘任会计师事务所的公告,,True,市公司提供过10复核人财务报表审计等证券服务。-2-199
000921,2020-04-15,1207500696,海信家电：关于拟续聘会计师事务所的公告,,True,伙人，汪洋先生为项目质量控制负责人，张洪涛先生为签字注册会计师。是否从 || 签字项目合伙人、项目质量控制负责人和签字注册会计师均具有多年从事证券业
000920,2021-08-26,1210857852,南方汇通：关于拟续聘会计师事务所的公告,,True,签字注册会计师、项目质量控制复核人近三年不存在因执业行为受到刑事处罚， || 签字注册会计师、项目质量控制复核人不存在可能影响独立性的情形。4、审计
000926,2020-04-30,1207685557,福星股份：关于续聘公司2020年度审计机构的公告,,True,在其他公司兼职。项目质量控制负责人谢峰：中国注册会计师，中注协资深会员 || 签字项目合伙人、质量控制复核人和拟签字注册会计师最近3年未受到刑事
000925,2024-04-27,1219868114,众合科技：关于续聘2024年度会计师事务所的公告,,True,021年[注2]质量控制复核人王其超2001年1998年2021年 || 签字注册会计师、项目质量控制复核人近三年不存在因执业行为受到刑事处罚， || 签字注册会计师、项目质量控制复核人不存在可能影响独立性的情形。4、审计
000925,2021-11-13,1211572035,众合科技：关于变更会计师事务所的公告,,True,021年[注3]复核人[注1]近三年签署及复核过6家上市公 || 签字注册会计师、项目质量控制复核人近三年不存在因执业行为受到刑事处罚， || 签字注册会计师、项目质量控制复核人等不存在可能影响独立性的情况。4、审
000925,2021-04-28,1209836147,众合科技：关于续聘会计师事务所的公告,,True,019年[注3]复核人[注1]2020年度，签署洁美科技、 || 签字注册会计师、项目质量控制复核人近三年不存在因执业行为受到刑事处罚， || 计师、项目2/4质量控制复核人不存在可能影响独立性的情形。4、审计
000930,2023-04-27,1216611110,中粮科技：董事会审计委员会关于公司续聘会计师事务所的专项意见,,True,解了项目合伙人、项目质量控制负责人、拟签字注册会计师的从业经历、执业资
000930,2022-04-29,1213194974,中粮科技：董事会审计委员会关于公司续聘会计师事务所的专项意见,,True,解了项目合伙人、项目质量控制负责人、拟签字注册会计师的从业经历、执业资
000932,2020-08-27,1208261633,华菱钢铁：关于续聘2020年度财务审计机构的公告,,True,务业28年会计师复核人务，具备相应专业胜任能力。1997年
000932,2021-08-28,1210895544,华菱钢铁：关于续聘2021年度内部控制审计机构的公告,,True,胜任能力。23、项目质量控制复核人王军：根据天职国际质量控制政策和程序 || 军及其团队拟担任项目质量控制复核人。王军从事证券服务业务多年，负责审计 || 签字注册会计师、项目质量控制复核人近三年不存在因执业行为受到刑事处罚， || 签字注册会计师、项目质量控制复核人等不存在可能影响独立性的情形。三、拟
000932,2022-08-25,1214388154,华菱钢铁：关于续聘2022年度财务审计机构的公告,,True,92年2021年复核人为联等上市公司年度审计报告2、诚信记 || 签字注册会计师、项目质量控制复核人近三年（最近三个完整自然年度及当年） || 签字注册会计师、项目质量控制复核人不存在可能影响独立性的情形。4、审计
000932,2021-08-28,1210895535,华菱钢铁：关于续聘2021年度财务审计机构的公告,,True,92年2021年复核人为联、金健米业等上市公司年度审计报告 || 签字注册会计师、项目质量控制复核人近三年存在因执业行为2受到证监会派出 || 签字注册会计师、项目质量控制复核人不存在可能影响独立性的情形。三、拟续
000932,2023-08-24,1217617185,华菱钢铁：关于续聘2023年度财务审计机构的公告,,True,92年2021年复核人为联等上市公司年度审计报告2、诚信记 || 签字注册会计师、项目质量控制复核人近三年（最近三个完整自然年度及当年） || 签字注册会计师、项目质量控制复核人不存在可能影响独立性的情形。4、审计
000932,2023-08-24,1217617189,华菱钢铁：关于续聘2023年度内部控制审计机构的公告,,True,92年2022年复核人为联等上市公司年度审计报告2、诚信记 || 签字注册会计师、项目质量控制复核人近三年（最近三个完整自然年度及当年） || 签字注册会计师、项目质量控制复核人不存在可能影响独立性的情形。4、审计
000936,2022-01-21,1212226083,华西股份：关于审计机构变更项目质量控制复核人的公告,,True,关于审计机构变更项目质量控制复核人的公告本公司及董事会全体成员保证信息 || -039）。一、质量控制复核人变更情况近日，公司收到天衡所《变更项 || 收到天衡所《变更项目质量控制复核人的函》，具体情况如下：天衡所作为本公 || 及其他专项报告的质量控制复核人，现因骆竞女士达到法定退休年龄，结合 || 及其他专项报告的质量控制复核人，委派陆德忠先生作为公司2021年度 || 及其他专项报告的质量控制复核人。二、本次变更的质量控制复核人信息1
000936,2020-04-30,1207679207,华西股份：关于续聘会计师事务所的公告,,True,所拟委派骆竞担任项目质量控制负责人，骆竞具有中国注册会计师执业资格，从
000936,2021-04-30,1209863645,华西股份：关于拟续聘会计师事务所的公告,,True,600287）等项目质量控制复核人。拟签字注册会计师张旭：拥有注册会计 || 。拟委派骆竞担任项目质量控制负责人，拥有注册会计师执业资质。拥有注册会 || 签字注册会计师及质量控制复核人员近三年不存在因执业行为受到刑事处罚 || 签字注册会计师及质量控制复核人员不存在违反《中国注册会计师职业道德
000959,2020-04-24,1207584253,首钢股份：拟续聘会计师事务所的公告,,True,程序，金鑫拟担任项目质量控制复核人。金鑫从事证券服务业务24年，负责审
000961,2020-04-28,1207644096,中南建设：关于拟续聘2020年度会计师事务所的公告,,True,序，邱连强拟担任项目质量控制复核人。邱连强1998年起从事注册会计师业 || 大资产重组审计的项目质量控制复核人，具备相应专业胜任能力。5.诚信记录
000963,2022-04-28,1213170762,华东医药：关于拟续聘会计师事务所的公告,,True,0年度审计报告，复核人华东医药、九洲集团等2020年度审计 || 签字注册会计师、项目质量控制复核人近三年不存在因执业行为受到刑事处罚， || 签字注册会计师、项目质量控制复核人不存在可能影响独立性的情形。4、审计
000963,2020-04-28,1207643140,华东医药：关于拟续聘会计师事务所的公告,,True,审计、上市18制复核人会计师公司年报审计和重大资产重组等证
000963,2023-04-14,1216406686,华东医药：关于续聘会计师事务所的公告,,True,0年度审计报告，复核人华东医药、九洲集团等2020年度审计 || 签字注册会计师、项目质量控制复核人近三年不存在因执业行为受到刑事处罚， || 签字注册会计师、项目质量控制复核人不存在可能影响独立性的情形。44、审
000963,2024-04-18,1219652517,华东医药：关于续聘会计师事务所的公告,,True,注册会计师、项目质量复核人近三年不存在因执业行为受到刑事处罚， || 注册会计师、项目质量复核人不存在可能影响独立性的情形。4、审计
000966,2020-08-15,1208178928,长源电力：关于拟聘任内控审计会计师事务所的公告,,True,序，孙奇先生担任项目质量控制负责人。孙奇先生从事证券服务业务多年，负责
000967,2022-04-30,1213256151,盈峰环境：关于续聘会计师事务所的公告,,True,签字注册会计师、项目质量控制复核人近三年不存在因执业行为受到刑事处罚， || 签字注册会计师、项目质量控制复核人不存在可能影响独立性的情形。二、拟续
000967,2024-04-29,1219865607,盈峰环境：关于续聘会计师事务所的公告,,True,签字注册会计师、项目质量控制复核人近三年不存在因执业行为受到刑事处罚， || 签字注册会计师、项目质量复核人员不存在可能影响独立性的情形。4、审计
000967,2020-04-25,1207606510,盈峰环境：关于续聘会计师事务所的公告,,True,审计相肖莹23制复核人注册税务师关工作；2014年3月至今
000967,2021-04-23,1209772789,盈峰环境：关于续聘会计师事务所的公告,,True,14年2017年复核人农公司等2019年度审计报告2.诚信 || 签字注册会计师、项目质量控制复核人近三年不存在因执业行为受到刑事处罚， || 签字注册会计师、项目质量控制复核人不存在可能影响独立性的情形。4、审计
000967,2023-04-25,1216550176,盈峰环境：关于续聘会计师事务所的公告,,True,签字注册会计师、项目质量控制复核人近三年不存在因执业行为受到刑事处罚， || 签字注册会计师、项目质量控制复核人不存在可能影响独立性的情形。4、审计
000970,2020-04-25,1207598932,中科三环：关于续聘会计师事务所的公告,,True,程序，苏洋拟担任项目质量控制复核人。苏洋，注册会计师，1995年起从事 || 大资产重组审计的项目质量控制复核人，具备相应专业胜任能力。－2－5、诚
000978,2020-03-26,1207404462,桂林旅游：拟聘任会计师事务所的公告,,True,任能力。宋治忠（质量控制复核人员），大信会计师事务所合伙人，拥有注 || 签字注册会计师及质量复核人员未持有和买卖公司股票，也不存在影响独
000978,2022-03-31,1212748369,桂林旅游：拟续聘会计师事务所的公告,,True,泰。（3）拟安排项目质量控制复核人员：汤艳群汤艳群从2010年3月至今 || 签字注册会计师及质量控制复核人员近三年不存在因执业行为受到刑事处罚 || 签字注册会计师、项目质量控制复核人不存在违反《中国注册会计师职业道德守
000978,2023-04-15,1216416375,桂林旅游：拟续聘会计师事务所的公告,,True,职。（3）拟安排项目质量复核人员：汤艳群汤艳群从2010年3月至今在 || 签字注册会计师及质量控制复核人员近三年不存在因执业行为受到刑事处罚 || 签字注册会计师、项目质量控制复核人不存在违反《中国注册会计师职业道德守
000981,2023-04-29,1216698750,山子股份：关于续聘天健会计师事务所（特殊普通合伙）为本公司2023年度财务报告及内部控制审计机构的公告,,True,签字注册会计师、项目质量控制复核人近三年存在因执业行为受到刑事处罚，受 || 签字注册会计师、项目质量控制复核人不存在可能影响独立性的情形。三、拟续
000981,2021-04-30,1209871463,*ST银亿：关于续聘天健会计师事务所（特殊普通合伙）为本公司2021年度财务报告及内部控制审计机构的公告,,True,签字注册会计师、项目质量控制复核人近三年不存在因执业行为受到刑事处罚， || 签字注册会计师、项目质量控制复核人不存在可能影响独立性的情形。三、拟续
000981,2024-04-30,1219924321,山子高科：关于续聘天健会计师事务所（特殊普通合伙）为本公司2024年度财务报告及内部控制审计机构的公告,,True,签字注册会计师、项目质量控制复核人近三年不存在因执业行为受到刑事处罚， || 签字注册会计师、项目质量控制复核人不存在可能影响独立性的情形。4、审计
000981,2022-04-30,1213266939,*ST银亿：关于续聘天健会计师事务所（特殊普通合伙）为本公司2022年度财务报告及内部控制审计机构的公告,,True,签字注册会计师、项目质量控制复核人近三年不存在因执业行为受到刑事处罚， || 签字注册会计师、项目质量控制复核人不存在可能影响独立性的情形。三、拟续
000985,2022-12-08,1215296263,大庆华科：关于聘任公司2022年度审计机构的公告,,True,签字注册会计师、项目质量控制复核人近三年不存在因执业行为受到刑事处罚， || 签字注册会计师、项目质量控制复核人能够在执行本项目审计工作时保持独立性
000985,2021-04-24,1209788293,大庆华科：大庆华科股份有限公司关于续聘2021年度审计机构的公告,,True,签字注册会计师、项目质量控制复核人能够在执行本项目审计工作时保持独立性
000985,2023-08-26,1217653872,大庆华科：大庆华科股份有限公司关于拟续聘2023年度审计机构的公告,,True,签字注册会计师、项目质量控制复核人近三年不存在因执业行为受到刑事处罚， || 签字注册会计师、项目质量控制复核人能够在执行本项目审计工作时保持独立性
000985,2022-12-10,1215314983,大庆华科：大庆华科股份有限公司关于聘任2022年审计机构的公告（更正后）,,True,签字注册会计师、项目质量控制复核人近三年不存在因执业行为受到刑事处罚， || 签字注册会计师、项目质量控制复核人能够在执行本项目审计工作时保持独立性
000997,2024-04-23,1219737260,新 大 陆：关于续聘会计师事务所的公告,,True,注册会计师、项目质量复核人近三年因执业行为受到刑事处罚，受到证
000998,2024-04-29,1219866203,隆平高科：关于拟续聘公司2024年度审计机构的公告,,True,0年2023年制复核人高科等上市公司年度审计报告签署南华生 || 签字注册会计师、项目质量控制复核人近三年不存在因执业行3为受到刑事处罚 || 签字注册会计师、项目质量控制复核人等不存在可能影响独立性的情形。4.审
000998,2023-04-29,1216694427,隆平高科：关于拟续聘公司2023年度审计机构的公告,,True,0年2023年制复核人都、锋龙股份等上市公司审计报告近三年 || 签字注册会计师、项目质量控制复核人近三年不存在因执业行为受到刑事处罚， || 签字注册会计师、项目质量控制复核人等不存在可能影响独立性的情形。4、审
001202,2021-12-09,1211847568,炬申股份：关于续聘会计师事务所的公告,,True,签字注册会计师、项目质量控制复核人近三年不存在因执业行为受到刑事处罚， || 签字注册会计师、项目质量控制复核人不存在可能影响独立性的情形。4.审计
001202,2023-10-27,1218163677,炬申股份：关于续聘会计师事务所的公告,,True,签字注册会计师、项目质量控制复核人近三年不存在因执业行为受到刑事处罚， || 签字注册会计师、项目质量控制复核人不存在可能影响独立性的情形。4．审计
001202,2022-10-27,1214919956,炬申股份：关于续聘会计师事务所的公告,,True,签字注册会计师、项目质量控制复核人近三年不存在因执业行为受到刑事处罚， || 签字注册会计师、项目质量控制复核人不存在可能影响独立性的情形。4.审计
001203,2022-03-04,1212503228,大中矿业：关于续聘会计师事务所的公告,,True,签字注册会计师、项目质量控制复核人近三年不存在因执业行为受到刑事处罚， || 签字注册会计师、项目质量控制复核人等从业人员不存在违反《中国注册会计师
001203,2023-12-30,1218772399,大中矿业：关于变更签字会计师及质量控制复核人的公告,,True,变更签字会计师及质量控制复核人的公告本公司及董事会全体成员保证信息 || 变更签字会计师及质量控制复核人的告知函》，现将具体情况公告如下：一 || 会计师、黄蕾蕾为质量控制复核人为公司提供2023年度审计服务。因中 || 锋接替黄蕾蕾担任质量控制复核人，继续完成公司2023年度财务报告审 || 签字注册会计师、质量控制复核人分别为杨建平、苏展和严海锋。二、变更 || 后的签字会计师及质量控制复核人信息1、基本信息成为注册开始从事上市
001203,2023-03-30,1216261588,大中矿业：关于续聘会计师事务所的公告,,True,签字注册会计师、项目质量控制复核人近三年不存在因执业2行为受到刑事处罚 || 签字注册会计师、项目质量控制复核人等从业人员不存在违反《中国注册会计师
001203,2024-03-19,1219330826,大中矿业：关于续聘会计师事务所的公告,,True,签字注册会计师、项目质量控制复核人近三年不存在因执业行为受到刑事处罚， || 签字注册会计师、项目质量控制复核人等从业人员不存在违反《中国注册会计师
001205,2024-04-26,1219826908,盛航股份：关于续聘2024年度审计机构的公告,,True,审计报告。（3）项目质量控制复核人：应镇魁应镇魁，自2000年开始在天 || 签字注册会计师、质量控制复核人近三年无因执业行为受到刑事处罚，受到 || 签字注册会计师、项目质量控制复核人能够在执行本项目审计工作时保持独立性
001207,2024-03-08,1219255577,联科科技：山东联科科技股份有限公司关于续聘公司2024年度审计机构的公告,,True,签字注册会计师、项目质量控制复核人近三年不存在因执业行为受到刑事处罚， || 签字注册会计师、项目质量控制复核人等不存在违反《中国注册会计师职业道德
001208,2023-04-28,1216656084,华菱线缆：湖南华菱线缆股份有限公司关于续聘2023年度审计机构的公告,,True,签字注册会计师、项目质量控制复核人近三年存在因执业行为受到证监会派出机 || 签字注册会计师、项目质量控制复核人不存在可能影响独立性的情形。三、续聘
001207,2023-02-28,1215990892,联科科技：山东联科科技股份有限公司关于续聘公司2023年度审计机构的公告,,True,永拓会计师事务所质量控制复核人，中国注册会计师。2016年1月28 || 签字注册会计师、项目质量控制复核人近三年不存在因执业行为受到刑事处罚， || 签字注册会计师、项目质量控制复核人等不存在违反《中国注册会计师职业道德
001208,2024-03-30,1219472752,华菱线缆：2024-028 湖南华菱线缆股份有限公司关于续聘2024年度审计机构的公告,,True,人签字注册会计师项目质量复核人员姓名刘钢跃邓梦婕林旺何时成为注册会计 || 签字注册会计师、项目质量控制复核人近三年不存在因执业行为受到证监会派出 || 签字注册会计师、项目质量控制复核人不存在可能影响独立性的情形。三、续聘
001210,2024-04-29,1219854818,金房能源：关于公司续聘2024年度会计师事务所的公告,,True,08年2021年复核人度审计报告；2023年签署一鸣食品、 || 签字注册会计师、项目质量控制复核人近三年不存在因执业行为受到刑事处罚， || 签字注册会计师、项目质量控制复核人不存在可能影响独立性的情形。4.审计
001210,2022-04-29,1213207126,金房节能：关于续聘2022年度会计师事务所的公告,,True,签字注册会计师、项目质量控制复核人近三年不存在因执业行为受到刑事处罚， || 签字注册会计师、项目质量控制复核人不存在可能影响独立性的情形。4、审计
001210,2023-04-28,1216659330,金房节能：关于公司续聘2023年度会计师事务所的公告,,True,签字注册会计师、项目质量控制复核人近三年不存在因执业行为受到刑事处罚， || 签字注册会计师、项目质量控制复核人不存在可能影响独立性的情形。4.审计
001216,2023-10-26,1218147251,华瓷股份：湖南华联瓷业股份有限公司关于续聘2023年度审计机构的公告,,True,、天地数码、锋龙复核人电气等公司审计报告。（2）诚信记录项 || 签字注册会计师、项目质量控制复核人近三年不存在因执业行为受到刑事处罚， || 签字注册会计师、项目质量控制复核人不存在可能影响独立性的情形。（4）审
001216,2022-03-19,1212625180,华瓷股份：湖南华联瓷业股份有限公司关于续聘2022年度审计机构的公告,,True,务所目前正在开展项目质量复核人员独立性轮换工作，因此目前尚无法确质量 || 2022年度审计项目质量复核人员。公司将在天健会计师事务所确定项目质 || 会计师事务所确定项目质量复核人员后及时披复核人露相关人员信息。（2） || 复核人员后及时披复核人露相关人员信息。（2）诚信记录项目合 || 签字注册会计师、项目质量控制复核人近三年不存在因执业行为受到刑事处罚， || 签字注册会计师、项目质量控制复核人不存在可能影响独立性的情形。（4）审
001216,2024-03-29,1219440177,华瓷股份：华瓷股份关于续聘2023年度审计机构的公告,,True,质量控制暂未确定复核人（2）诚信记录项目合伙人、签字注册会
001225,2023-04-04,1216320280,和泰机电：关于续聘会计师事务所的公告,,True,质量控制暂未确定复核人注:由于天健会计师事务所（特殊普通合 || 通合伙）正在开展项目质量复核人员独立性轮换工作，因此目前尚无法确定公 || 3年度审计项目的质量复核人员。2、诚信记录项目合伙人、签字注册会 || 签字注册会计师、项目质量控制复核人近三年不存在因执业行为受到刑事处罚， || 签字注册会计师、项目质量控制复核人不存在可能影响独立性的情形。4、审计
001223,2023-04-20,1216473390,欧克科技：关于拟续聘会计师事务所的公告,,True,签字注册会计师、项目质量控制复核人近三年不存在因执业行为受到刑事处罚， || 签字注册会计师、项目质量控制复核人不存在可能影响独立性的情形。（4）审
001225,2024-02-22,1219147809,和泰机电：关于续聘会计师事务所的公告,,True,质量控制暂未确定复核人注：由于天健会计师事务所（特殊普通合 || 通合伙）正在开展项目质量复核人员独立性轮换工作，因此目前尚无法确定公 || 4年度审计项目的质量复核人员。2、诚信记录项目合伙人、签字注册会 || 签字注册会计师、项目质量控制复核人近三年不存在因执业行为受到刑事处罚， || 签字注册会计师、项目质量控制复核人不存在可能影响独立性的情形。4、审计
001226,2023-04-18,1216443353,拓山重工：关于拟续聘会计师事务所的公告,,True,签字注册会计师、项目质量控制复核人近三年不存在因执业行为受到刑事处罚， || 签字注册会计师、项目质量控制复核人不存在可能影响独立性的情形。4、审计
001223,2024-04-12,1219582479,欧克科技：关于拟续聘会计师事务所的公告,,True,签字注册会计师、项目质量控制复核人近三年不存在因执业行为受到刑事处罚， || 签字注册会计师、项目质量控制复核人不存在可能影响独立性的情形。（4）审
001226,2024-04-18,1219649903,拓山重工：关于续聘会计师事务所的公告,,True,签字注册会计师、项目质量复核人员近三年（存在/不存在）因执业行为受到 || 签字注册会计师、项目质量复核人员不存在可能影响独立性的情形。4、审计
001230,2024-01-26,1219001455,劲旅环境：关于变更签字注册会计师的公告,,True,会计师）、王荐（质量控制复核人）共同为公司提供审计服务。因容诚所内
001228,2023-12-02,1218495434,永泰运：关于拟变更会计师事务所的公告,,True,8年2023年制复核人金等上市公司审计报告2、诚信记录2项 || 签字注册会计师、项目质量控制复核人近三年不存在因执业行为受到刑事处罚， || 签字注册会计师、项目质量控制复核人等不存在影响独立性的情形。4、审计收
001228,2023-04-17,1216412099,永泰运：关于续聘2023年度会计师事务所的公告,,True,源科技及通明股制复核人份年度审计报告。2、诚信记录项目合伙 || 签字注册会计师、项目质量控制复核人近三年不存在因执业行为受到刑事处罚， || 签字注册会计师、项目质量控制复核人能够在执行本项目审计工作时保持独立性
001231,2023-04-28,1216656476,农心科技：农心作物科技股份有限公司关于拟续聘2023年度审计机构的公告,,True,98年2022年复核人通程控股等上市公司审计报告2、诚信记 || 签字注册会计师、项目质量控制复核人近三年不存在因执业行为受到刑事处罚， || 签字注册会计师、项目质量控制复核人不存在可能影响独立性的情形。4、审计
001238,2024-04-30,1219903180,浙江正特：关于续聘2024年度会计师事务所的公告,,True,人签字注册会计师项目质量复核人员姓名林旺刘雨禤文欣何时成为注册会计师 || 签字注册会计师、项目质量控制复核人近三年不存在因执业行为受到刑事处罚， || 签字注册会计师、项目质量控制复核人不存在可能影响独立性的情形。4、审计
001238,2023-04-28,1216661343,浙江正特：关于续聘2023年度会计师事务所的公告,,True,云科技、原尚股制复核人份等公司年度审计报告2、诚信记录项目 || 签字注册会计师、项目质量控制复核人近三年不存在因执业行为受到刑事处罚， || 签字注册会计师、项目质量控制复核人不存在可能影响独立性的情形。4、审计
001289,2022-04-28,1213166885,龙源电力：关于龙源电力集团股份有限公司关于续聘会计师事务所的公告,,True,市公司和挂牌公司复核人12月1月12月12月审计报告超过5 || 签字注册会计师和项目质量控制复核人最近三年均未因执业行为受到任何刑事处 || 签字注册会计师、项目质量控制复核人能够在执行本项目审计工作时保持独立性
001289,2023-11-21,1218382325,龙源电力：龙源电力集团股份有限公司关于聘任境内审计会计师事务所的公告,,True,计师徐立志和项目质量控制复核合伙人赵云杰最近三年均未因执业行为受到任何 || 计师徐立志、项目质量控制复核合伙人赵云杰能够在执行本项目审计工作时保持
001289,2024-03-28,1219426714,龙源电力：龙源电力集团股份有限公司关于聘任境内会计师事务所的公告,,True,计师徐立志和项目质量控制复核合伙人赵云杰最近三年均未因执业行为受到任何 || 计师徐立志、项目质量控制复核合伙人赵云杰能够在执行本项目审计工作时保持
001234,2022-04-25,1213057251,泰慕士：关于续聘公司2022年度审计机构的公告,,True,签字注册会计师和质量控制复核人不存在违反《中国注册会计师职业道德守 || 签字注册会计师和质量控制复核人近三年未曾受到刑事处罚、行政处罚和自
001289,2024-04-26,1219823332,龙源电力：龙源电力集团股份有限公司关于聘任境外审计会计师事务所的公告,,True,注册会计师和项目质量控制复核合伙人最近三年均未因执业行为受到任何刑事处 || 注册会计师、项目质量控制复核合伙人能够按照职业道德守则的规定保持独立性
001306,2024-04-19,1219667698,夏厦精密：关于续聘2024年度会计师事务所的公告,,True,人签字注册会计师项目质量复核人员姓名伍贤春邱麟凯郑生军何时成为注册会 || 签字注册会计师、项目质量复核人员近三年不存在因执业行为受到刑事处罚， || 签字注册会计师、项目质量控制复核人不存在可能影响独立性的情形。4、审计
001311,2024-04-19,1219666978,多利科技：关于续聘2024年度会计师事务所的公告,,True,24年0家路春霞质量控制复核人2009年2006年2017年01月 || 签字注册会计师、项目质量控制复核人近三年不存在因执业行为受到刑事处罚， || 签字注册会计师、项目质量控制复核人不存在可能影响独立性的情形。4、审计
001311,2023-04-25,1216546780,多利科技：关于续聘2023年度会计师事务所的公告,,True,019年0家朱敏质量控制复核人1995年1993年2011年11月 || 签字注册会计师、项目质量控制复核人近三年不存在因执业行为受到刑事处罚， || 签字注册会计师、项目质量控制复核人不存在可能影响独立性的情形。4、审计
001326,2024-04-17,1219635862,联域股份：关于续聘会计师事务所的公告,,True,司提供服务。项目质量复核人余芳芳：2013年成为注册会计师。自 || 签字注册会计师、项目质量控制复核人近三年不存在因执业行为受到刑事处罚， || 签字注册会计师、项目质量控制复核人不存在可能影响独立性的情形。4、审计
001317,2024-04-27,1219870633,三羊马：关于续聘2024年年度审计机构的公告,,True,报告，复核日盈电复核人年子、奥翔药业、江苏华辰等上市公司年 || 签字注册会计师、项目质量控制复核人近三年不存在因执业行为受到刑事处罚， || 签字注册会计师、项目质量控制复核人不存在可能影响独立性的情形。三、拟续
001317,2023-04-27,1216620629,三羊马：关于续聘2023年年度审计机构的公告,,True,报告，复核过日盈复核人年电子、奥翔药业、江苏华辰等上市公司 || 签字注册会计师、项目质量控制复核人近三年不存在因执业行为受到刑事处罚， || 签字注册会计师、项目质量控制复核人不存在可能影响独立性的情形。三、拟续
001333,2023-04-25,1216550212,光华股份：关于续聘会计师事务所的公告,,True,22年普爱思、申复核人科股份、仙琚制药、浙江医药、滨江集团 || 签字注册会计师、项目质量控制复核人近三年不存在因执业行为受到刑事处罚， || 签字注册会计师、项目质量控制复核人不存在可能影响独立性的情形。（四）审
001333,2024-04-25,1219796863,光华股份：关于拟续聘2024年度会计师事务所的公告,,True,22年普爱思、申复核人科股份、仙琚制药、浙江医药、滨江集团 || 签字注册会计师、项目质量控制复核人近三年不存在因执业行为受到刑事处罚， || 签字注册会计师、项目质量控制复核人不存在可能影响独立性的情形。（四）审
001336,2023-04-15,1216416810,楚环科技：关于续聘会计师事务所的公告,,True,2022年度审计项目质量控制复核人，由于天健会计师事务所（特殊普通合伙 || 通合伙）正在开展项目质量复核人员独立性轮换工作，因此天健会计师事务所 || 3年度审计项目的质量复核人员，故决定暂时由李振华担任。2、诚信记 || 签字注册会计师、项目质量控制复核人近三年不存在因执业行为受到刑事处罚， || 签字注册会计师、项目质量控制复核人不存在可能影响独立性的情形。4、审计
001336,2024-05-14,1220040687,楚环科技：关于续聘会计师事务所的公告,,True,08年2022年复核人华益昌、好想你、博敏电子等上市公司2 || 签字注册会计师、项目质量控制复核人近三年不存在因执业行为受到刑事处罚， || 签字注册会计师、项目质量控制复核人不存在可能影响独立性的情形。4、审计
001359,2024-04-25,1219799829,平安电工：关于续聘2024年度审计机构的公告,,True,签字注册会计师、项目质量控制复核人近三年不存在因执业行为受到刑事处罚， || 签字注册会计师、项目质量控制复核人不存在可能影响独立性的情形。（五）审 || 12年2023年复核人泰、思亿欧、信展通二、聘任会计师事务
001337,2023-03-25,1216219477,四川黄金：关于拟续聘会计师事务所的公告,,True,签字注册会计师、项目质量控制复核人近三年不存在因执业行为受到刑事处罚， || 签字注册会计师、项目质量控制复核人不存在可能影响独立性的情形。4、审计
001337,2024-03-30,1219466717,四川黄金：关于拟续聘会计师事务所的公告,,True,项目基本信息项目质量复核人基本信息项目合伙人签字注册会计师员姓 || 计项目质司审计量复核人员独立何时开始在本所执业1996年2 || 三年签署云图控量复核人员近三年签署或复核上黄金（00133 || 签字注册会计师、项目质量复核人员近三年不存在因执业行为受到刑事处罚， || 签字注册会计师、项目质量复核人员不存在可能影响独立性的情形。4、审计
001339,2023-02-14,1215856029,智微智能：关于续聘会计师事务所的公告,,True,网络、蔚蓝锂芯；复核人2021年报审计：荣盛石化、金固股份 || 签字注册会计师、项目质量控制复核人近三年不存在因执业行为受到刑事处罚， || 签字注册会计师及质量复核人员不存在违反《中国注册会计师职业道德守
001339,2023-08-30,1217698388,智微智能：关于拟续聘2023年度会计师事务所的公告,,True,签字注册会计师、项目质量控制复核人近三年不存在因执业行为受到刑事处罚， || 签字注册会计师及质量复核人员不存在违反《中国注册会计师职业道德守
001366,2024-04-29,1219862759,播恩集团：关于续聘2024年度会计师事务所的公告,,True,2020年2朱敏质量控制复核人1995年1993年2011年11月 || 签字注册会计师、项目质量控制复核人近三年均不存在因执业行为受到刑事处罚 || 签字注册会计师、项目质量控制复核人不存在可能影响独立性的情形。4、审计
001373,2024-04-25,1219794331,翔腾新材：关于续聘2024年度审计机构的公告,,True,册会计师赵海荣、项目质量控制复核人徐春艳近三年未因执业行为受到刑事处罚 || 签字注册会计师、项目质量控制复核人等不存在可能影响独立性的情形。4、审
001366,2023-04-12,1216379673,播恩集团：关于续聘2023年度会计师事务所的公告,,True,020年2许菊萍质量控制复核人2002年2000年2002年5月2 || 签字注册会计师、项目质量控制复核人近三年均不存在因执业行为受到刑事处罚 || 签字注册会计师、项目质量控制复核人不存在可能影响独立性的情形。4、审计
001376,2024-03-15,1219307659,百通能源：关于续聘会计师事务所的公告,,True,年2021年5家复核人2、诚信记录拟签字项目合伙人、签字注 || 签字注册会计师、项目质量控制复核人近三年未因执业行为受到刑事处罚，受到 || 签字注册会计师、项目质量控制复核人不存在可能影响独立性的情形。4、审计
001696,2024-03-30,1219467516,宗申动力：关于续聘2024年度审计机构的公告,,True,签字注册会计师、项目质量控制复核人近三年不存在因执业行为受到刑事处罚， || 签字注册会计师、项目质量控制复核人不存在可能影响独立性的情形。4.审计
001696,2020-03-28,1207416190,宗申动力：关于聘任2020年度审计机构的公告,,True,单位兼职。拟安排质量控制复核人员：何均从业经历：中国注册会计师，1 || 签字注册会计师和项目质量控制复核人）最近三年未受到刑事处罚、行政处罚、
001914,2021-03-23,1209427331,招商积余：关于拟续聘2021年度财务及内控审计机构的公告,,True,，刘立宇女士担任项目质量控制负责人。刘立宇女士从事证券服务业务超过20
001696,2023-06-27,1217139559,宗申动力：关于拟变更会计师事务所的公告,,True,082023注3复核人注1：2020-2022年，签署金新 || 签字注册会计师、项目质量控制复核人近三年不存在因执业行为受到刑事处罚， || 签字注册会计师、项目质量控制复核人不存在可能影响独立性的情形。4．审计
001914,2020-08-25,1208235366,招商积余：关于拟续聘2020年度财务及内控审计机构的公告,,True,，刘立宇女士担任项目质量控制负责人。刘立宇女士从事证券服务业务超过20
002001,2021-03-31,1209486372,新 和 成：关于续聘会计师事务所的公告,,True,签字注册会计师、项目质量控制复核人近三年不存在因执业行为受到刑事处罚， || 签字注册会计师、项目质量控制复核人不存在可能影响独立性的情形。4、审计
002001,2022-04-15,1212923802,新 和 成：关于续聘会计师事务所的公告,,True,签字注册会计师、项目质量控制复核人近三年不存在因执业行为受到刑事处罚， || 签字注册会计师、项目质量控制复核人不存在可能影响独立性的情形。4、审计
002001,2020-04-28,1207636769,新 和 成：关于续聘会计师事务所的公告,,True,通合伙），11年复核人会计师审计相关工作2004年7月至今
002003,2022-04-16,1212942127,伟星股份：拟续聘会计师事务所的公告,,True,9年度审计报告；复核人复核物产中大2018年度审计报告。2 || 签字注册会计师、项目质量控制复核人近三年不存在因执业行为受到刑事处罚， || 签字注册会计师、项目质量控制复核人不存在可能影响独立性的情形。4、审计
002003,2021-04-02,1209625198,伟星股份：拟续聘会计师事务所的公告,,True,19年2020年复核人年度审计报告。2、诚信记录项目合伙人 || 签字注册会计师、项目质量控制复核人近三年不存在因执业行为受到刑事处罚， || 签字注册会计师、项目质量控制复核人不存在可能影响独立性的情形。24、审
002001,2023-04-21,1216489579,新 和 成：关于续聘会计师事务所的公告,,True,签字注册会计师、项目质量控制复核人近三年不存在因执业行为受到刑事处罚， || 签字注册会计师、项目质量控制复核人不存在可能影响独立性的情形。4、审计
002003,2024-04-18,1219651976,伟星股份：拟续聘会计师事务所的公告,,True,签字注册会计师、项目质量控制复核人近三年不存在因执业行为受到刑事处罚， || 签字注册会计师、项目质量控制复核人不存在可能影响独立性的情形。4、审计
002003,2020-04-29,1207654142,伟星股份：关于拟续聘2020年度审计机构的公告,,True,文计师证14年制复核人计和多家上市公司提供过年报审计、重大
002004,2020-04-15,1207499702,华邦健康：关于续聘2020年度审计机构的公告,,True,职。（3）拟安排质量控制复核人员：何均中国注册会计师，1999年起 || 签字注册会计师和项目质量控制复核人最近三年未受到刑事处罚、行政处罚、行
002003,2023-03-22,1216181397,伟星股份：拟续聘会计师事务所的公告,,True,签字注册会计师、项目质量控制复核人近三年不存在因执业行为受到刑事处罚， || 签字注册会计师、项目质量控制复核人不存在可能影2响独立性的情形。4、审
002004,2021-04-01,1209566089,华邦健康：关于续聘2021年度审计机构的公告,,True,司等。3、拟安排质量控制复核人员何均：注册会计师注册时间为1997 || 签字注册会计师和项目质量控制复核人最近三年未受到刑事处罚、行政处罚和行
002004,2023-04-27,1216612857,华邦健康：关于续聘2023年度审计机构的公告,,True,公司。3、拟安排质量控制复核人员何均：注册会计师注册时间为1997 || 签字注册会计师和项目质量控制复核人最近三年未受到刑事处罚、行政处罚和行 || 签字注册会计师和项目质量控制复核人受到证监会及其派出机构的监督管理措施
002004,2022-03-19,1212626908,华邦健康：关于续聘2022年度审计机构的公告,,True,公司。3、拟安排质量控制复核人员何均：注册会计师注册时间为1997 || 签字注册会计师和项目质量控制复核人最近三年未受到刑事处罚、行政处罚和行 || 签字注册会计师和项目质量控制复核人受到证监会及其派出机构的监督管理措施
002004,2024-04-27,1219858673,华邦健康：关于续聘2024年度审计机构的公告,,True,司。（3）拟安排质量控制复核人员廖群：2000年获得中国注册会计师 || 签字注册会计师和项目质量控制复核人最近三年未受到刑事处罚、行政处罚和行 || 签字注册会计师和项目质量控制复核人受到证监会及其派出机构的监督管理措施
002006,2020-04-16,1207506626,精功科技：关于拟续聘2020年度审计机构的公告,,True,凯注册会计师23复核人务所重庆分所，审计相关工作2002年
002006,2022-03-25,1212668436,精功科技：关于拟续聘2022年度审计机构的公告,,True,通合伙）正在开展项目质量复核人员独立性轮质量控制复换工作，因此目前尚 || 2年度审计项目的质量复核人员。公司将核人在天健会计师事务所（特殊 || 殊普通合伙）确定项目质量复核人员后及时披露相关人员信息。2、诚信记录
002006,2021-04-17,1209713869,精功科技：关于拟续聘2021年度审计机构的公告,,True,签字注册会计师、项目质量控制复核人近三年不存在因执业行为受到刑事处罚， || 签字注册会计师、项目质量控制复核人不存在可能影响独立性的情形。三、拟续
002006,2023-04-21,1216488409,精工科技：关于拟续聘2023年度审计机构的公告,,True,2年2019年制复核人辉丰股份等审计报告。2、诚信记录项目 || 签字注册会计师、项目质量控制复核人近三年不存在因执业行为受到刑事处罚， || 签字注册会计师、项目质量控制复核人不存在可能影响独立性的情形。三、拟续
002008,2020-04-30,1207683331,大族激光：关于续聘天健会计师事务所（特殊普通合伙）为公司2020年度审计机构的公告,,True,起从事注25年制复核人册会计师业务，一直从事IPO和上市公
002009,2024-04-26,1219828672,天奇股份：关于续聘2024年度审计机构的公告,,True,签字注册会计师、项目质量控制复核人基本信息何时成何时开始何时开何时开始 || 册会计师马露露、项目质量控制复核人陈彩琴近三年不存在因执业行为受到刑事 || 签字注册会计师、项目质量控制复核人不存在可能影响独立性的情形。4、审计
002010,2024-04-23,1219739965,传化智联：关于续聘会计师事务所的公告,,True,（000419）复核人潭电化（002125）等2、诚信记录 || 签字注册会计师、项目质量复核人员近三年不存在因执业行为受到刑事处罚， || 签字注册会计师、项目质量控制复核人不存在可能影响独立性的情形。4、审计
002009,2020-04-29,1207662842,天奇股份：关于续聘2020年审计机构的公告,,True,累了丰富15年制复核人的审计经验，具备相应专业胜任能力。拟
002011,2021-04-23,1209774330,盾安环境：关于续聘2021年度审计机构的公告,,True,签字注册会计师、项目质量控制复核人近三年不存在因执业行为受到刑事处罚， || 签字注册会计师、项目质量控制复核人不存在可能影响独立性的情形。4、审计
002011,2022-04-08,1212839623,盾安环境：关于续聘2022年度审计机构的公告,,True,签字注册会计师、项目质量控制复核人近三年不存在因执业行为受到刑事处罚， || 签字注册会计师、项目质量控制复核人不存在可能影响独立性的情形。三、拟续
002011,2020-03-21,1207390187,盾安环境：关于续聘2020年度审计机构的公告,,True,7000213年复核人务，目前在事务所承担质量控制及复核工
002012,2021-08-24,1210828216,凯恩股份：拟续聘会计师事务所的公告,,True,签字注册会计师、项目质量控制复核人近三年不存在因执业行为受到刑事处罚， || 签字注册会计师、项目质量控制复核人不存在可能影响独立性的情形。4、审计
002012,2023-01-03,1215512753,凯恩股份：关于拟续聘会计师事务所的公告,,True,签字注册会计师、项目质量控制复核人近三年不存在因执业行为受到刑事处罚， || 签字注册会计师、项目质量控制复核人不存在可能影响独立性的情形。4、审计
002013,2021-05-08,1209938609,中航机电：中航机电拟变更会计师事务所的公告2021-021,,True,在其他单位兼职。质量控制复核人员：李洪拥有中国注册会计师、澳洲注册 || 签字注册会计师及质量控制复核人员近三年不存在因执业行为受到刑事处罚 || 签字注册会计师及质量控制复核人员不存在违反《中国注册会计师职业道德
002013,2022-03-16,1212580133,中航机电：拟续聘会计师事务所的公告,,True,在其他单位兼职。质量控制复核人员：李洪1999年成为注册会计师，2 || 签字注册会计师及质量控制复核人员近三年不存在因执业行为受到刑事处罚 || 签字注册会计师及质量控制复核人员不存在违反《中国注册会计师职业道德
002012,2023-11-30,1218477756,凯恩股份：关于拟续聘会计师事务所的公告,,True,签字注册会计师、项目质量控制复核人近三年不存在因执业行为受到刑事处罚， || 签字注册会计师、项目质量控制复核人不存在可能影响独立性的情形。4、审计
002022,2023-11-11,1218304741,科华生物：关于拟续聘会计师事务所的公告,,True,570）、威尔泰复核人（002058）等上市公司的审计报告 || 签字注册会计师和质量控制复核人近三年不存在因执业行为受到刑事处罚， || 签字注册会计师和质量控制复核人不存在违反《中国注册会计师职业道德守
002023,2020-03-31,1207430612,海特高新：关于续聘2020年度审计机构的公告,,True,普通合伙）（3）独立复核人从业经历时间工作单位职务1995年5
002029,2020-04-18,1207522501,七 匹 狼：关于拟续聘会计师事务所的公告,,True,程序，张玉拟担任项目质量控制复核人。张玉从事证券服务业务多年，负责审计
002031,2021-04-10,1209668971,巨轮智能：关于续聘信永中和会计师事务所（特殊普通合伙）为公司2021年度审计机构的公告,,True,签字注册会计师、项目质量控制复核人近三年无执业行为受到刑事处罚，受到证 || 签字注册会计师、项目质量控制复核人等从业人员不存在违反《中国注册会计师
002034,2021-04-29,1209851884,旺能环境：关于拟聘任2021年度会计师事务所的公告,,True,签字注册会计师、项目质量控制复核人近三年不存在因执业行为受到刑事处罚， || 签字注册会计师、项目质量控制复核人不存在可能影响独立性的情形。三、拟续
002034,2020-04-29,1207664589,旺能环境：关于拟聘任2020年度会计师事务所的公告,,True,国注册会计师12复核人券服务工作。1992年至今，在天健会
002034,2022-04-28,1213165254,旺能环境：关于拟续聘2022年度会计师事务所的公告,,True,签字注册会计师、项目质量控制复核人近三年不存在因执业行为受到刑事处罚， || 、项目质3量控制复核人不存在可能影响独立性的情形。4.审计
002034,2024-04-27,1219863158,旺能环境：关于续聘2024年度会计师事务所的公告,,True,息签字注册会计师项目质量复核人员会计师姓名沈培强戚铁桥卢玲玉何时成为 || 签字注册会计师、项目质量复核人员近三年不存在因执业行为受到刑事处罚， || 签字注册会计师、项目质量复核人员不存在可能影响独立性的情形。4.审计
002034,2023-04-20,1216472511,旺能环境：关于拟续聘2023年度会计师事务所的公告,,True,复核德宏股份、旺复核人能环境、杭华股份2020年度审计报告 || 签字注册会计师、项目质量控制复核人近三年不存在因执业行为受到刑事处罚， || 、项目质3量控制复核人不存在可能影响独立性的情形。4.审计
002035,2020-04-29,1207664320,华帝股份：关于续聘会计师事务所的公告,,True,形，项目合伙人、项目质量控制负责人、拟签字注册会计师的从业经历、执业资 || 税务师盛浩娟质控复核人从事注册会计师业务10中国注册会计师
002036,2020-04-28,1207639473,联创电子：关于拟续聘公司2020年度审计机构的公告,,True,界享有盛名。2.项目质量控制负责人简历包铁军先生：现任大华会计师事务所
002040,2022-07-23,1214121635,南 京 港：南京港股份有限公司关于续聘2022年度审计机构的公告,,True,签字注册会计师、项目质量控制复核人近三年不存在因执业行为受到刑事处罚， || 签字注册会计师、项目质量控制复核人不存在违反《中国注册会计师职业道德守
002043,2021-04-20,1209723400,兔 宝 宝：关于续聘会计师事务所的公告,,True,签字注册会计师、项目质量控制复核人近三年不存在因执业行为受到刑事处罚， || 签字注册会计师、项目质量控制复核人不存在可能影响独立性的情形。4.审计
002040,2024-01-30,1219028640,南 京 港：南京港股份有限公司关于2023年度审计机构变更质量控制复核人的公告,,True,年度审计机构变更质量控制复核人的公告本公司及董事会全体成员保证公告 || 天衡出具的《关于质量控制复核人变更的告知函》，现将有关情况公告如下 || 况公告如下：一、质量控制复核人变更情况天衡作为公司2023年度财务 || 原委派章能金作为项目质量控制复核人。鉴于天衡内部人员发生工作调整，章能 || ，章能金不再担任项目质量控制复核人，经天衡委派，由金炜担任项目质量控制 || 委派，由金炜担任项目质量控制复核人。二、本次变更后质量控制复核人的基本
002043,2022-04-28,1213164731,兔 宝 宝：关于续聘会计师事务所的公告,,True,签字注册会计师、项目质量控制复核人近三年不存在因执业行为受到刑事处罚， || 签字注册会计师、项目质量控制复核人不存在可能影响独立性的情形。4.审计
002043,2023-04-28,1216643682,兔 宝 宝：关于续聘会计师事务所的公告,,True,：签署通程控股、复核人隆平高科、新五丰、高能环境2020年 || 签字注册会计师、项目质量控制复核人近三年不存在因执业行为受到刑事处罚， || 签字注册会计师、项目质量控制复核人不存在可能影响独立性的情形。4.审计
002043,2020-04-28,1207638011,兔 宝 宝：关于续聘会计师事务所的公告,,True,3年为多家拟上市复核人公司提供过IPO审计和多家上市公司提
002043,2024-04-25,1219787404,兔 宝 宝：关于续聘会计师事务所的公告,,True,09年2020年复核人环境、大参林等上市公司年度审计报告。 || 签字注册会计师、项目质量控制复核人近三年不存在因执业行为受到刑事处罚， || 签字注册会计师、项目质量控制复核人不存在可能影响独立性的情形。4.审计
002048,2024-04-26,1219833473,宁波华翔：关于续聘2024年度审计机构的公告,,True,9年2024年制复核人扬芯片、格林精密、长盈精密、博杰股份 || 签字注册会计师、项目质量控制复核人不存在可能影响独立性的情形。4、审计
002050,2020-04-29,1207656487,三花智控：关于续聘2020年度审计机构的公告,,True,核多家上市20年复核人师。公司，具备相应专业胜任能力。19
002050,2023-04-29,1216687231,三花智控：关于聘任2023年度审计机构的公告,,True,023年签署均普复核人智能、上海钢联2022年度审计报告； || 签字注册会计师、项目质量控制复核人近三年存在因执业行为受到刑事处罚，受 || 签字注册会计师、项目质量控制复核人不存在可能影响独立性的情形。4．审计
002050,2022-03-25,1212667571,三花智控：关于聘任2022年度审计机构的公告,,True,供审计服务。项目质量复核人：由于天健会计师事务所正在开展项目质 || 师事务所正在开展项目质量复核人员独立性轮换工作，目前尚无法确定公司2 || 2年度审计项目的质量复核人员。公司将在天健会计师事务所项目质量复 || 天健会计师事务所项目质量复核人员后及时披露相关人员信息。2．诚信记录 || 签字注册会计师、项目质量控制复核人近三年存在因执业行为受到刑事处罚，受 || 签字注册会计师、项目质量控制复核人不存在可能影响独立性的情形。4．审计
002055,2021-11-20,1211640296,得润电子：关于聘任2021年度审计机构的公告,,True,业胜任能力。质控复核人陈翔，2000年取得注册会计师资格， || 注册会计师肖玲、项目质量控制复核人陈翔近三年不存在因执业行为受到刑事处 || 签字注册会计师、项目质量控制复核人不存在违反《中国注册会计师职业道德守
002055,2022-08-27,1214426007,得润电子：关于续聘2022年度审计机构的公告,,True,业胜任能力。质控复核人陈翔，2000年取得注册会计师资格， || 注册会计师周敏、项目质量控制复核人陈翔近三年不存在因执业行为受到刑事处 || 签字注册会计师、项目质量控制复核人不存在违反《中国注册会计师职业道德守
002055,2023-11-30,1218479779,得润电子：关于续聘2023年度审计机构的公告,,True,业胜任能力。质控复核人樊晓鹏，2023年成为中国注册会计师 || 注册会计师肖玲、项目质量控制复核人樊晓鹏近三年，均不存在因执业行为受到 || 签字注册会计师、项目质量控制复核人不存在违反《中国注册会计师职业道德守
002056,2022-03-11,1212541147,横店东磁：关于续聘2022年度审计机构的公告,,True,签字注册会计师、项目质量控制复核人近三年不存在因执业行为受到刑事处罚， || 签字注册会计师、项目质量控制复核人不存在可能影响独立性的情形。4、审计
002056,2023-03-09,1216074280,横店东磁：关于续聘2023年度审计机构的公告,,True,尔、步步高、宇新复核人股份等2、诚信记录项目合伙人、签字注 || 签字注册会计师、项目质量控制复核人近三年不存在因执业行为受到刑事处罚， || 签字注册会计师、项目质量控制复核人不存在可能影响独立2性的情形。4、审
002056,2020-03-12,1207365071,横店东磁：关于续聘2020年度审计机构的公告,,True,计师事务所20年复核人会计师工作1998至今，在天健中国注
002056,2024-03-09,1219266943,横店东磁：关于续聘2024年度审计机构的公告,,True,签字注册会计师、项目质量控制复核人近三年不存在因执业行为受到刑事处罚， || 签字注册会计师、项目质量控制复核人不存在可能影响独立性的情形。4、审计
002056,2021-03-12,1209370703,横店东磁：关于续聘2021年度审计机构的公告,,True,金健米业等上市公复核人司2018年度审计报告。2018年： || 签字注册会计师、项目质量控制复核人近三年不存在因执业行为受到刑事处罚， || 签字注册会计师、项目质量控制复核人不存在可能影响独立性的情形。4、审计
002059,2021-04-22,1209759261,云南旅游：关于续聘2021年度审计机构的公告,,True,超过3家。拟担任独立复核合伙人：汤其美先生，1996年获得中国注册 || 签字注册会计师、项目质量控制复核人近三年无执业行为受到刑事处罚，受到证 || 签字注册会计师、项目质量控制复核人等从业人员不存在违反《中国注册会计师
002060,2023-02-03,1215755654,粤 水 电：关于变更签字注册会计师及项目质量复核人员的公告,,True,签字注册会计师及项目质量复核人员的公告本公司及董事会全体成员保证信息 || 签字注册会计师及项目质量复核人员的函》，具体情况如下：一、签字注册会 || 签字注册会计师及项目质量复核人员变更情况大华会计师事务所作为公司20 || 计服务，包铁军为项目质量复核人员为公司的审计服务项目提供复核工作。鉴 || 册会计师王建华及项目质量复核人员包铁军工作调整，大华会计师事务所现委 || 册会计师，秦睿为项目质量复核人员，负责公司2022年度财务报表及内部
002061,2021-04-29,1209852147,浙江交科：关于续聘公司2021年度会计师事务所的公告,,True,签字注册会计师、项目质量控制复核人近三年不存在因执业行为受到刑事处罚， || 签字注册会计师、项目质量控制复核人不存在可能影响独立性的情形。三、拟续
002061,2022-04-29,1213214536,浙江交科：关于续聘公司2022年度会计师事务所的公告,,True,签字注册会计师、项目质量控制复核人近三年不存在因执业行为受到刑事处罚， || 签字注册会计师、项目质量控制复核人不存在可能影响独立性的情形。三、拟续
002061,2020-04-28,1207636843,浙江交科：关于续聘2020年度审计机构的公告,,True,作为签字中国注册项目质量控制复核人李振华人参与过博敏电14会计师子、罗
002061,2023-04-19,1216458861,浙江交科：关于续聘公司2023年度会计师事务所的公告,,True,签字注册会计师、项目质量控制复核人近三年不存在因执业行为受到刑事处罚， || 签字注册会计师、项目质量控制复核人不存在可能影响独立性的情形。三、拟续
002060,2023-12-09,1218564328,粤 水 电：关于续聘2023年度财务报告审计机构及内部控制审计机构的公告,,True,的专业胜任能力。项目质量控制复核人秦睿：注册会计师，2006年1月开始 || 册会计师朱文岳、项目质量控制复核人秦睿不存在违反《中国注册会计师职业道 || 签字注册会计师、项目质量控制复核人能够在执行本项目财务报告和内部控制审
002062,2021-04-23,1209769025,宏润建设：关于续聘2021年度会计师事务所的公告,,True,签字注册会计师、项目质量控制复核人近三年存在因执业行为受到刑事处罚，受 || 签字注册会计师、项目质量控制复核人不存在可能影响独立性的情形。三、拟续
002062,2021-01-08,1209063712,宏润建设：关于续聘2020年度会计师事务所的公告,,True,审计和多宋鑫16复核人会计师家上市公司提供过年报审计服务，
002063,2020-10-28,1208626520,远光软件：关于续聘审计机构的公告,,True,序，刘志永拟担任项目质量控制复核人。刘志永从事证券服务业务多年，负责审
002067,2020-04-03,1207451398,景兴纸业：关于拟续聘会计师事务所的公告,,True,册会计师14控制复核人责多家大型国有企业及上市公司年报审计
002066,2020-03-31,1207431312,瑞泰科技：拟续聘会计师事务所的公告,,True,单位兼职。（3）质量控制复核人从业经历：孟庆祥，中国注册会计师，合 || 签字注册会计师和质量控制复核人不存在违反《中国注册会计师职业道德守
002067,2021-04-22,1209756273,景兴纸业：关于拟续聘会计师事务所的公告,,True,签字注册会计师、项目质量控制复核人近三年存在因执业行为受到刑事处罚，受 || 签字注册会计师、项目质量控制复核人不存在可能影响独立性的情形。（4）审
002067,2023-04-29,1216685526,景兴纸业：关于拟续聘会计师事务所的公告,,True,告；复核祖名股份复核人等公司2020年度审计报告。2020 || 签字注册会计师、项目质量控制复核人近三年不存在因执业行为受到刑事处罚， || 签字注册会计师、项目质量控制复核人不存在可能影响独立性的情形。（4）审
002067,2024-04-27,1219863896,景兴纸业：关于拟续聘会计师事务所的公告,,True,人签字注册会计师项目质量复核人员姓名张颖修鸿儒姜波何时成为注册会计师 || 签字注册会计师、项目质量复核人员近三年不存在因执业行为受到刑事处罚， || 签字注册会计师、项目质量复核人员不存在可能影响独立性的情形。（4）审
002067,2022-04-16,1212941409,景兴纸业：关于拟续聘会计师事务所的公告,,True,签字注册会计师、项目质量控制复核人近三年存在因执业行为受到刑事处罚，受 || 签字注册会计师、项目质量控制复核人不存在可能影响独立性的情形。（4）审
002069,2020-04-30,1207687662,獐子岛：关于续聘会计师事务所的公告,,True,司等。（2）项目质量控制复核合伙人：梅春（3）签字注册会计师：曾双女士
002069,2021-04-29,1209860367,獐子岛：关于续聘会计师事务所的公告,,True,司等。（2）项目质量控制复核合伙人：王松格（3）签字注册会计师：曾双女
002072,2024-01-02,1218770703,凯瑞德：关于变更签字注册会计师的公告,,True,计师，申利超作为项目质量复核人员共同为公司提供审计服务。亚太因内部工
002075,2021-08-31,1210924910,沙钢股份：关于续聘公司2021年度财务审计机构的公告,,True,项目合伙人）担任项目质量控制负责人，孙伟2先生具有中国注册会计师执业资
002076,2023-02-04,1215766963,*ST雪莱：关于变更签字注册会计师的公告,,True,签字注册会计师、项目质量控制复核人近三年因执业行为受到刑事处罚，受到证
002075,2020-09-25,1208490341,沙钢股份：关于续聘公司2020年度财务审计机构的补充公告,,True,委派孙伟先生担任项目质量控制负责人，孙伟先生具有中国注册会计师执业资格
002078,2020-04-21,1207539483,太阳纸业：关于续聘2020年度审计机构的公告,,True,，其项目合伙人、项目质量控制负责人、拟签字注册会计师的从业经历、执业资
002082,2020-06-20,1207945265,万邦德：关于续聘公司2020年度审计机构的公告,,True,所（特殊普通24复核人计师合伙），审计相关工作。中国注册会
002084,2021-04-13,1209676296,海鸥住工：关于拟续聘立信会计师事务所（特殊普通合伙）的公告,,True,签字注册会计师、项目质量控制复核人近三年不存在因执业行为受到刑事处罚， || 签字注册会计师、项目质量控制复核人等不存在可能影响独立性的情形。4、审
002084,2022-04-15,1212924064,海鸥住工：关于拟续聘立信会计师事务所（特殊普通合伙）的公告,,True,签字注册会计师、项目质量控制复核人近三年不存在因执业行为受到刑事处罚， || 签字注册会计师、项目质量控制复核人等不存在可能影响独立性的情形。4、审
002084,2020-03-31,1207429639,海鸥住工：关于拟续聘立信会计师事务所（特殊普通合伙）的公告,,True,签字注册会计师和质量控制复核人不存在违反《中国注册会计师职业道德守
002084,2023-04-20,1216478301,海鸥住工：关于拟续聘立信会计师事务所（特殊普通合伙）的公告,,True,签字注册会计师、项目质量控制复核人近三年不存在因执业行为受到刑事处罚， || 签字注册会计师、项目质量控制复核人等不存在可能影响独立性的情形。4、审
002087,2022-12-08,1215295811,新野纺织：关于聘任2022年度财务审计机构的公告,,True,鹤注册会计师14复核人三板提供过年报审计、并购重组审计等证 || 政监管措施1次；项目质量控制复核人贾小鹤及拟签字注册会计师宋新军未受到
002087,2020-04-25,1207602005,新野纺织：关于聘任2020年度财务审计机构的公告,,True,鹤注册会计师12复核人提供过年报审计、并购重组审计等证券相
002087,2021-12-11,1211873848,新野纺织：关于聘任公司2021年度财务审计机构的公告,,True,鹤注册会计师13复核人提供过年报审计、并购重组审计等证券相 || 提交了整改报告；项目质量控制复核人贾小鹤及拟签字注册会计师赵灿未受到刑
002089,2020-12-25,1208980182,ST新海：关于聘请会计师事务所的公告,,True,目的项目合伙人、项目质量控制负责人、拟签字注册会计师的从业经历、执业资
002087,2023-10-16,1218042056,*ST新纺：关于聘任前期会计差错更正会计师事务所的公告,,True,年取得注册会15复核人计师资格，从事证券服务业务15年，2 || 到行政监管措施；项目质量控制复核人梁冬玲及拟签字注册会计师李强龙、胡方
002094,2020-04-29,1207659857,青岛金王：关于拟续聘2020年度会计师事务所的公告,,True,胜任能力。拟担任项目质量控制复核人杨勇：注册会计师，从2000年起从事
002094,2021-04-30,1209870889,青岛金王：关于续聘2021年度会计师事务所的公告,,True,胜任能力。拟担任项目质量控制复核人杨勇：注册会计师，从2000年起从事
002098,2020-04-30,1207687275,浔兴股份：关于拟续聘会计师事务所的公告,,True,程序，张玉拟担任项目质量控制复核人。张玉从事证券服务业务多年，负责审计
002099,2022-04-23,1213053040,海翔药业：关于续聘会计师事务所的公告,,True,签字注册会计师、项目质量控制复核人近三年存在因执业行为受到刑事处罚，受 || 签字注册会计师、项目质量控制复核人不存在可能影响独立性的情形。4、审计
002099,2021-04-29,1209851158,海翔药业：关于续聘会计师事务所的公告,,True,签字注册会计师、项目质量控制复核人近三年存在因执业行为受到刑事处罚，受 || 签字注册会计师、项目质量控制复核人不存在可能影响独立性的情形。4、审计
002102,2021-04-20,1209723075,ST冠福：关于续聘会计师事务所的公告,,True,签字注册会计师、项目质量控制复核人等不存在可能影响《中国注册会计师职业
002099,2023-04-25,1216553829,海翔药业：关于续聘会计师事务所的公告,,True,签字注册会计师、项目质量控制复核人近三年不存在因执业行为受到刑事处罚， || 签字注册会计师、项目质量控制复核人不存在可能影响独立性的情形。4、审计
002102,2022-04-19,1212959208,ST冠福：关于续聘会计师事务所的公告,,True,签字注册会计师、项目质量控制复核人等不存在可能影响《中国注册会计师职业
002103,2021-04-24,1209791344,广博股份：关于续聘会计师事务所的公告,,True,开始在本所执业。项目质量控制复核人：王其超，2001年成为注册会计师、 || 签字注册会计师、项目质量控制复核人近三年不存在因执业行为受到刑事处罚， || 签字注册会计师、项目质量控制复核人不存在可能影响独立性的情形。4.审计
002102,2023-04-18,1216436634,ST冠福：关于续聘公司2023年度审计机构的公告,,True,年年报冠福股份制复核人2、诚信记录近三年未受到刑事处罚，因 || 签字注册会计师、项目质量控制复核人等不存在可能影响《中国注册会计师职业
002104,2020-04-28,1207643360,恒宝股份：关于续聘会计师事务所的公告,,True,长期从事逾25年复核人证券服务业务，曾为多家上市公司提供审
002105,2020-04-29,1207663261,信隆健康：拟聘任会计师事务所的公告,,True,自律处分的记录。项目质量控制负责人：郭文令执业资质：注册会计师、注册税
002104,2020-10-30,1208653166,恒宝股份：关于变更会计师事务所的公告,,True,团有限公司审计部复核人副经理；2016年10月至2018年
002109,2022-03-03,1212492381,兴化股份：关于变更签字注册会计师和项目质量控制复核人的公告,,True,签字注册会计师和项目质量控制复核人的公告本公司及董事会全体成员保证信息 || 报告项目合伙人、项目质量控制复核人的函》，希格玛作为公司2021年度审 || 计师，邱程红作为项目质量控制复核人为公司年报项目提供审计服务。因原委派 || 册会计师王铁军、项目质量控制复核人邱程红工作内容调整，希格玛现指派杜敏 || 民替换邱程红作为项目质量控制复核人继续为公司提供审计服务。二、变更签字 || 签字注册会计师、项目质量控制复核人的基本情况（一）变更签字注册会计师基
002106,2021-03-31,1209489202,莱宝高科：关于续聘会计师事务所的公告,,True,签字注册会计师、项目质量控制复核人近三年存在因执业行为受到证监会及其派 || 签字注册会计师、项目质量控制复核人不存在可能影响独立性的情形。4.审计
002106,2020-04-11,1207482616,莱宝高科：关于续聘会计师事务所的公告,,True,O审计服务，15复核人会计师为多家上市公司提供过年报审计服
002111,2021-04-20,1209724265,威海广泰：关于拟续聘会计师事务所的公告,,True,兼职情况。（3）项目质量控制复核人尹淑英：2004年取得注册会计师资格 || 的专业胜任能力。项目质量控制复核人的执业资质：注册会计师项目质量控制复 || 资质：注册会计师项目质量控制复核人是否从事过证券服务业务：是项目质量控 || 证券服务业务：是项目质量控制复核人是否具有相应的专业胜任能力：是2、诚
002111,2022-04-26,1213102849,威海广泰：关于拟续聘会计师事务所的公告,,True,兼职情况。（4）项目质量控制复核人尹淑英：2004年成为注册会计师，2 || 的专业胜任能力。项目质量控制复核人的执业资质：注册会计师项目质量控制复 || 资质：注册会计师项目质量控制复核人是否从事过证券服务业务：是项目质量控 || 证券服务业务：是项目质量控制复核人是否具有相应的专业胜任能力：是2、诚 || 高维耀、徐克峰和项目质量控制复核人尹淑英最近三年无刑事处罚、行政处罚、
002111,2023-04-11,1216371657,威海广泰：关于拟续聘会计师事务所的公告,,True,兼职情况。（3）项目质量控制复核人尹淑英：2004年成为注册会计师，2 || 的专业胜任能力。项目质量控制复核人的执业资质：注册会计师项目质量控制复 || 资质：注册会计师项目质量控制复核人是否从事过证券服务业务：是项目质量控 || 证券服务业务：是项目质量控制复核人是否具有相应的专业胜任能力：是2、诚 || 李江山、高维耀和项目质量控制复核人尹淑英最近三年无刑事处罚、行政处罚、
002113,2020-04-28,1207642401,ST天润：关于续聘公司2020年度审计机构的公告,,True,形，项目合伙人、项目质量控制负责人、拟签字注册会计师的情况说明如下：项
002111,2024-04-23,1219737939,威海广泰：关于拟续聘会计师事务所的公告,,True,报告6份。（3）项目质量控制复核人尹淑英：2004年成为注册会计师，2 || 的专业胜任能力。项目质量控制复核人的执业资质：注册会计师项目质量控制复 || 资质：注册会计师项目质量控制复核人是否从事过证券服务业务：是项目质量控 || 证券服务业务：是项目质量控制复核人是否具有相应的专业胜任能力：是2、诚 || 册会计师高维耀和项目质量控制复核人尹淑英最近三年无刑事处罚、行政处罚、
002117,2020-04-14,1207490413,东港股份：关于拟聘任会计师事务所的公告,,True,目。本期拟安排的项目质量控制负责人从业经历：董秦川先生，信永中和会计师
002116,2023-12-01,1218483981,中国海诚：关于拟聘任会计师事务所的公告,,True,签字注册会计师、项目质量控制复核人近三年不存在因执业行为受到刑事处罚， || 签字注册会计师、项目质量控制复核人不存在可能影响独立性的情形。4.审计
002119,2021-03-23,1209427459,康强电子：关于拟续聘会计师事务所的公告,,True,务的年限：8年.项目质量控制复核人：王其超，自1998年7月开始从事审 || 签字注册会计师、项目质量控制复核人近三年不存在因执业行为受到刑事处罚， || 签字注册会计师、项目质量控制复核人不存在可能影响独立性的情形。4.审计
002119,2024-03-26,1219405241,康强电子：关于拟续聘会计师事务所的公告,,True,月2021年朱敏质量控制复核人1995年1993年2011年11月 || 签字注册会计师、项目质量控制复核人近三年不存在因执业行为受到刑事处罚， || 签字注册会计师、项目质量控制复核人不存在可能影响独立性的情形。4.审计
002119,2023-03-28,1216237798,康强电子：关于拟续聘会计师事务所的公告,,True,月2021年朱敏质量控制复核人1995年1993年2011年11月 || 签字注册会计师、项目质量控制复核人近三年不存在因执业行为受到刑事处罚， || 签字注册会计师、项目质量控制复核人不存在可能影响独立性的情形。4.审计
002119,2020-03-24,1207394019,康强电子：关于拟续聘会计师事务所的公告,,True,任能力：是（2）质量控制复核人：王其超执业资质：注册会计师从业经历
002119,2022-03-28,1212687716,康强电子：关于拟续聘会计师事务所的公告,,True,的年限：近8年.项目质量控制复核人：王其超，自1998年7月开始从事审 || 签字注册会计师、项目质量控制复核人近三年不存在因执业行为受到刑事处罚， || 签字注册会计师、项目质量控制复核人不存在可能影响独立性的情形。4.审计
002122,2020-04-29,1207662870,*ST天马：关于续聘公司2020年度审计机构的公告,,True,序，王丽岩拟担任项目质量控制复核人。王丽岩为中国注册会计师，从事证券服
002125,2022-04-20,1212978628,湘潭电化：关于续聘会计师事务所的公告,,True,签字注册会计师、项目质量控制复核人近三年不存在因执业行为受到刑事处罚， || 签字注册会计师、项目质量控制复核人不存在可能影响独立性的情形。4、审计
002125,2021-02-27,1209311867,湘潭电化：关于续聘会计师事务所的公告,,True,签字注册会计师、项目质量控制复核人近三年不存在因执业行为受到刑事处罚， || 签字注册会计师、项目质量控制复核人不存在可能影响独立性的情形。4、审计
002125,2020-04-23,1207558257,湘潭电化：关于聘任会计师事务所的公告,,True,，目前在20年制复核人会计师事务所承担质量控制及复核工作，
002131,2024-04-29,1219866043,利欧股份：关于续聘2024年度审计机构公告,,True,签字注册会计师、项目质量复核人员近三年不存在因执业行为受到刑事处罚， || 签字注册会计师、项目质量控制复核人不存在可能影响独立性的情形。4、审计
002135,2021-02-24,1209296411,东南网架：关于续聘2021年度审计机构的公告,,True,2007年不适用复核人报；2018年，签署司太立、仙琚制药 || 签字注册会计师、项目质量控制复核人近三年不存在因执业行为受到刑事处罚， || 签字注册会计师、项目质量控制复核人不存在可能影响独立性的情形。3三、拟
002135,2022-04-12,1212883219,东南网架：关于续聘2022年度审计机构的公告,,True,春晖智控2020复核人年度审计报告2020年签署司太立、浙 || 签字注册会计师、项目质量控制复核人近三年（最近三个完整自然年度及当年） || 签字注册会计师、项目质量控制复核人不存在可能影响独立性的情形。4．审计
002135,2023-04-25,1216550614,东南网架：关于续聘2023年度审计机构的公告,,True,签字注册会计师、项目质量控制复核人近三年不存在因执业行为受到刑事处罚， || 签字注册会计师、项目质量控制复核人不存在可能影响独立性的情形。4．审计
002135,2024-04-23,1219738757,东南网架：关于续聘2024年度审计机构的公告,,True,人签字注册会计师项目质量复核人员姓名金闻何思超丁锡锋何时成为注册会计 || 签字注册会计师、项目质量复核人员近三年不存在因执业行为受到刑事处罚， || 签字注册会计师、项目质量复核人员不存在可能影响独立性的情形。4.审计
002141,2020-04-30,1207685948,贤丰控股：拟聘任会计师事务所的公告,,True,券服务业17计师复核人务，具备相应专业胜任能力拟签字肖瑞峰
002144,2020-04-22,1207551726,宏达高科：关于公司续聘2020年度审计机构的公告,,True,，从事审24年制复核人会计师计相关工作2000年起至今，天
002144,2021-04-20,1209729057,宏达高科：关于公司续聘2021年度审计机构的公告,,True,签字注册会计师、项目质量控制复核人近三年不存在因执业行为受到刑事处罚， || 签字注册会计师、项目质量控制复核人不存在可能影响独立性的情形。4.审计
002144,2022-04-23,1213053705,宏达高科：关于公司续聘2022年度审计机构的公告,,True,签字注册会计师、项目质量控制复核人近三年不存在因执业行为受到刑事处罚， || 签字注册会计师、项目质量控制复核人不存在可能影响独立性的情形。4.审计
002144,2023-04-26,1216581893,宏达高科：关于公司续聘2023年度审计机构的公告,,True,签字注册会计师、项目质量控制复核人近三年不存在因执业行为受到刑事处罚， || 签字注册会计师、项目质量控制复核人不存在可能影响独立性的情形。4.审计
002144,2024-04-26,1219824265,宏达高科：关于公司续聘2024年度审计机构的公告,,True,人签字注册会计师项目质量复核人员姓名唐彬彬马俊涛禤文欣何时成为注册会 || 签字注册会计师、项目质量控制复核人近三年不存在因执业行为受到刑事处罚， || 签字注册会计师、项目质量控制复核人不存在可能影响独立性的情形。4.审计
002151,2024-01-06,1218815858,北斗星通：关于变更签字会计师及项目质量复核人的公告,,True,签字会计师及项目质量复核人的公告本公司及董事会全体成员保证信息 || 时委派徐士宝担任项目质量复核人员。鉴于原签字注册会计师叶金福和原项目 || 会计师叶金福和原项目质量复核人员徐士宝工作调整，经大华会计师事务所安 || 东接替徐士宝担任项目质量复核人员继续完成相关工作。二、本次变更人员情
002150,2023-04-27,1216612894,通润装备：关于拟变更会计师事务所的公告,,True,9年2023年制复核人设、恒丰纸业等上市公司年度审计报告2 || 签字注册会计师、项目质量控制复核人近三年不存在因执业行为受到刑事处罚， || 签字注册会计师、项目质量控制复核人不存在可能影响独立性的情形。4、审计
002150,2024-04-25,1219789776,通润装备：关于续聘会计师事务所的公告,,True,息签字注册会计师项目质量复核人员签字注册会计师姓名吴懿忻葛爱平谢军何 || 签字注册会计师、项目质量控制复核人近三年不存在因执业行为受到刑事处罚， || 签字注册会计师、项目质量复核人员不存在可能影响独立性的情形。4、审计
002152,2024-03-30,1219469631,广电运通：关于拟续聘会计师事务所的公告,,True,人签字注册会计师项目质量复核人员姓名王振周杰何时成为注册会计师201 || 、圣龙股份、目的质量复核人。公百达精工、明新旭腾2022年度审 || 年，签署禾望电目质量复核人后及2023年，签署禾近三年签署或复
002152,2023-08-02,1217444674,广电运通：关于拟变更会计师事务所的公告,,True,3年度审计项目的质量控制复核人。公司将在天健确定项目质量控制复核人 || 公司将在天健确定项目质量控制复核人后及制复核时披露相关人员信息。人2、
002156,2020-03-31,1207430503,通富微电：拟聘任会计师事务所的公告,,True,伙人范晓红拟担任项目质量控制复核人。范晓红从事证券服务业务17年，负责
002161,2020-04-28,1207645693,远 望 谷：关于续聘2020年审计机构的公告,,True,481）等。3、质量控制复核人姓名：严臻执业资质：中国注册会计师是 || 等上市公司审计的质量控制复核人。4、独立性和诚信记录签字注册会计师 || 凌松梅、龚小寒，质量控制复核人严臻符合独立性要求，近三年未受到刑事
002162,2020-03-28,1207415801,悦心健康：关于拟聘任会计师事务所的公告,,True,签字注册会计师、质量控制复核人不存在违反《中国注册会计师职业道德守 || 中国注册会计陈瑜质量控制复核人是23无师（五）诚信记录近三年，信永
002164,2023-04-29,1216683442,宁波东力：关于续聘会计师事务所的公告,,True,二）项目信息1、项目质量复核人员基本信息杨铭姝，2006年成为注册会 || 、刑事处罚。3、项目质量复核人员诚信记录项目质量复核人员近三年（20 || 复核人员诚信记录项目质量复核人员近三年（2020年至今）不存在因执业 || 处分的情形。4、项目质量复核人员独立性项目质量复核人员不存在可能影响 || 量复核人员独立性项目质量复核人员不存在可能影响独立性的情形。三、拟续
002168,2021-11-05,1211492153,惠程科技：关于拟聘任会计师事务所的公告,,True,应专业胜任能力。质量控制复核人情况：邓显敏，中国注册会计师，200 || 签字注册会计师、质量控制复核人近三年未因执业行为受到刑事处罚，未受 || 签字注册会计师、项目质量控制复核人不存在违反《中国注册会计师执业道德守
002168,2022-01-20,1212218907,惠程科技：关于拟变更会计师事务所的公告,,True,单位兼职。拟安排项目质量复核人员：冯发明中国注册会计师，高级合伙人。 || 签字注册会计师及质量复核人员近三年不存在因执业行为受到刑事处罚， || 签字注册会计师及质量复核人员不存在违反《中国注册会计师职业道德守
002169,2021-04-15,1209689572,智光电气：关于续聘会计师事务所的公告,,True,程序，张玉拟担任项目质量控制复核人。张玉从事证券服务业务多年，负责审计
002169,2022-04-30,1213249463,智光电气：关于续聘会计师事务所的公告,,True,程序，茅莘拟担任项目质量控制复核人。茅莘从事证券服务业务多年，负责审计
002171,2020-04-24,1207584457,楚江新材：关于上市公司续聘会计师事务所的公告,,True,年。项目合伙人、项目质量控制负责人、拟签字注册会计师均为从业经历丰富、
002184,2022-04-29,1213213770,海得控制：关于续聘众华会计师事务所（特殊普通合伙）为公司2022年度财务报告审计机构的公告,,True,市公司审计报告。质量控制复核人：林德伟执业资质：中国注册会计师是否 || 签字注册会计师、项目质量控制复核人近三年未因执业行为受到刑事处罚，未受 || 签字注册会计师、项目质量控制复核人等从业人员不存在违反《中国注册会计师
002184,2020-04-25,1207605981,海得控制：关于续聘众华会计师事务所（特殊普通合伙）为公司2020年度财务报告审计机构的公告,,True,项专业服务。3、质量控制复核人：林德伟执业资质：中国注册会计师是否 || 的专业胜任能力。项目质量控制复核人林德伟：中国注册会计师，具有十五年以
002184,2021-04-10,1209666834,海得控制：关于续聘众华会计师事务所（特殊普通合伙）为公司2021年度财务报告审计机构的公告,,True,职情况：无（3）质量控制复核人：林德伟执业资质：中国注册会计师是否 || 等上市公司审计的质量控制复核人。2.诚信记录拟签字注册会计师最近三 || 签字注册会计师、项目质量控制复核人等不存在可能影响独立性的情形。4.审
002186,2020-04-14,1207492193,全 聚 德：拟聘任2020年度会计师事务所的公告,,True,序，李继明拟担任项目质量控制复核人。李继明从事证券服务业务25年，负责
002188,2020-04-25,1207608889,*ST巴士：关于续聘会计师事务所的公告,,True,任能力：是（2）质量控制复核人：许菊萍执业资质：注册会计师、注册税
002188,2023-03-18,1216145374,中天服务：关于拟续聘会计师事务所的公告,,True,二）项目信息1.项目质量复核人员信息杨铭姝，2006年成为注册会计师 || 签字注册会计师、项目质量控制复核人近三年因执业行为受到刑事处罚，受到证 || 签字注册会计师、项目质量控制复核人不存在可能影响独立性的情形。5.审计
002188,2022-01-29,1212307050,*ST巴士：关于拟续聘会计师事务所的公告,,True,力。3.诚信记录项目质量控制复核人、两位拟签字注册会计师近三年不存在因 || 的情形4.独立性项目质量控制复核人不存在可能影响独立性的情形。5.审计
002190,2020-07-24,1208061025,成飞集成：关于拟聘任会计师事务所的公告,,True,序，李炜先生担任项目质量控制负责人。李炜先生从事证券服务业务多年，负责
002188,2024-03-13,1219296003,中天服务：关于拟续聘会计师事务所的公告,,True,二）项目信息1.项目质量复核人员信息杨铭姝，2006年成为注册会计师 || 签字注册会计师、项目质量控制复核人近三年因执业行为受到刑事处罚，受到证 || 签字注册会计师、项目质量控制复核人不存在可能影响独立性的情形。5.审计
002190,2021-08-26,1210858627,成飞集成：关于拟变更2021年度审计机构的公告,,True,签字注册会计师、项目质量控制复核人近三年不存在因执业行为受到刑事处罚， || 签字注册会计师、项目质量控制复核人等不存在可能影响独立性的情形。4、审
002190,2022-03-15,1212568769,成飞集成：关于拟续聘会计师事务所的公告,,True,签字注册会计师、项目质量控制复核人近三年不存在因执业行为受到刑事处罚， || 签字注册会计师、项目质量控制复核人不存在可能影响独立性的情形。4.审计
002190,2023-08-10,1217501084,成飞集成：关于拟变更2023年度审计机构的公告,,True,签字注册会计师、项目质量控制复核人近三年不存在因执业行为受到刑事处罚， || 签字注册会计师、项目质量控制复核人等不存在可能影响独立性的情形。4.审
002192,2022-04-26,1213102935,融捷股份：关于拟续聘2022年度会计师事务所的公告,,True,公司提供审计控制复核人计师服务，近三年签署或复核3家上市公 || 项目合伙人黄辉、项目质量控制复核人张学锋和拟签字注册会计师肖国强近三年 || 项目合伙人黄辉、项目质量控制复核人张学锋和拟签字注册会计师肖国强不存在
002192,2023-03-28,1216234271,融捷股份：关于拟续聘2023年度会计师事务所的公告,,True,署或复核3家控制复核人计师上市公司审计报告。中国注册会黄辉 || 项目合伙人黄辉、项目质量控制复核人张学锋和拟签字注册会计师肖国强近三年 || 项目合伙人黄辉、项目质量控制复核人张学锋和拟签字注册会计师肖国强不存在
002195,2020-04-30,1207680366,二三四五：关于续聘会计师事务所的公告,,True,）高级经理（3）项目质量控制负责人王伟青任职时间工作单位职务2000. || 签字注册会计师和质量控制复核人不存在违反《中国注册会计师职业道德守
002196,2021-04-30,1209869396,方正电机：关于续聘会计师事务所的公告,,True,合伙人【高飞】、质量控制复核人【宋崇岭】、拟签字注册会计师【陈颖】
002196,2022-04-15,1212924993,方正电机：2022-036关于续聘会计师事务所的公告,,True,合伙人【高飞】、质量控制复核人【万思宁】、拟签字注册会计师【戴思敏
002196,2020-04-28,1207641486,方正电机：关于续聘会计师事务所的公告,,True,合伙人【曾涛】、质量控制复核人【宋崇岭】、拟签字注册会计师【高飞】
002196,2023-04-29,1216695414,方正电机：关于续聘会计师事务所的公告,,True,合伙人【曾涛】、质量控制复核人【万思宁】、拟签字注册会计师【戴思敏
002198,2020-10-24,1208606804,嘉应制药：关于拟聘任会计师事务所的公告,,True,胜任能力。拟担任项目质量控制复核人李萍：注册会计师，从2001年起从事
002198,2021-07-16,1210497404,嘉应制药：关于拟续聘会计师事务所的公告,,True,胜任能力。拟担任项目质量控制复核人李萍：注册会计师，从2001年起从事 || 签字注册会计师、项目质量控制复核人近三年不存在因执业行为受到刑事处罚， || 签字注册会计师、项目质量控制复核人不存在可能影响独立性的情形4、审计收
002203,2022-08-30,1214450022,海亮股份：关于拟续聘2022年度审计机构的公告,,True,他单位兼职。2、质量控制复核人员：郝学花拥有注册会计师执业资质。2 || 签字注册会计师及质量复核人员未持有和买卖公司股票，也不存在影响独
002203,2021-04-30,1209869855,海亮股份：关于拟续聘2021年度审计机构的公告,,True,他单位兼职。2、质量控制复核人员：郝学花拥有注册会计师执业资质。2 || 签字注册会计师及质量复核人员未持有和买卖公司股票，也不存在影响独
002203,2024-04-30,1219910384,海亮股份：关于续聘公司2024年度审计机构的公告,,True,签字注册会计师、项目质量复核人员近三年不存在因执业行为受到刑事处罚， || 签字注册会计师、项目质量复核人员不存在可能影响独立性的情形。4、审计
002206,2023-03-31,1216271357,海 利 得：关于拟续聘2023年度会计师事务所的公告,,True,签字注册会计师、项目质量控制复核人近三年不存在因执业行为受到刑事处罚， || 签字注册会计师、项目质量控制复核人不存在可能影响独立性的情形。4、审计
002206,2024-04-15,1219596307,海 利 得：关于拟续聘2024年度会计师事务所的公告,,True,人签字注册会计师项目质量复核人员姓名沃巍勇罗联玬尹志彬何时成为注册会 || 签字注册会计师、项目质量控制复核人近三年不存在因执业行为受到刑事处罚， || 签字注册会计师、项目质量控制复核人不存在可能影响独立性的情形。4、审计
002207,2021-04-27,1209807463,准油股份：关于拟聘任会计师事务所的公告,,True,签字注册会计师、项目质量控制复核人近三年不存在因执业行为受到刑事处罚， || 签字注册会计师、项目质量控制复核人不存在可能影响独立性的情形。4、审计
002210,2020-12-31,1209024545,*ST飞马：关于拟聘任会计师事务所的公告,,True,签字注册会计师和项目质量控制负责人均—2—具备相应专业胜任能力。1、拟 || 兼职。4、拟安排质量控制复核人员：廖群中国注册会计师，1997年起
002214,2024-04-27,1219867917,大立科技：浙江大立科技股份有限公司关于拟续聘2024年度审计机构的公告,,True,签字注册会计师、项目质量复核人员近三年不存在因执业行为受到刑事处罚， || 签字注册会计师、项目质量复核人员不存在可能影响独立性的情形。4、审计
002214,2022-04-23,1213054371,大立科技：浙江大立科技股份有限公司关于拟续聘2022年度审计机构的公告,,True,签字注册会计师、项目质量控制复核人近三年不存在因执业行为受到刑事处罚， || 签字注册会计师、项目质量控制复核人不存在可能影响独立性的情形。4、审计
002214,2021-04-22,1209758558,大立科技：浙江大立科技股份有限公司关于拟续聘2021年度审计机构的公告,,True,02年2020年复核人2019年：签署华菱钢铁、湖南发展、 || 签字注册会计师、项目质量控制复核人近三年不存在因执业行为受到刑事处罚， || 签字注册会计师、项目质量控制复核人不存在可能影响独立性的情形。4、审计
002214,2023-04-22,1216523022,大立科技：浙江大立科技股份有限公司关于拟续聘2023年度审计机构的公告,,True,签字注册会计师、项目质量控制复核人近三年不存在因执业行为受到刑事处罚， || 签字注册会计师、项目质量控制复核人不存在可能影响独立性的情形。4、审计
002235,2020-04-29,1207663747,安妮股份：关于拟续聘会计师事务所的公告,,True,他单位兼职。3.质量控制复核人员：宋治忠大信事务所合伙人，大信深圳 || 签字注册会计师及质量复核人员未持有和买卖公司股票，也不存在影响独
002235,2021-04-27,1209813962,安妮股份：关于续聘会计师事务所的公告,,True,单位兼职。（3）质量控制复核人：宋治忠宋治忠从1997年11月至今 || 签字注册会计师及质量控制复核人员近三年不存在因执业行为受到刑事处罚 || 签字注册会计师及质量控制复核人员不存在违反《中国注册会计师职业道德
002235,2022-06-25,1213821171,安妮股份：厦门安妮股份有限公司关于续聘会计师事务所的公告,,True,单位兼职。拟安排项目质量复核人员：宋治忠宋治忠从1997年11月至今 || 签字注册会计师及质量复核人员近三年不存在因执业行为受到刑事处罚， || 签字注册会计师及质量复核人员不存在违反《中国注册会计师职业道德守
002235,2023-04-29,1216698442,安妮股份：关于续聘会计师事务所的公告,,True,单位兼职。拟安排项目质量复核人员：汤艳群汤艳群从2010年3月至今在 || 签字注册会计师及质量复核人员近三年不存在因执业行为受到刑事处罚， || 签字注册会计师及质量复核人员不存在违反《中国注册会计师职业道德守
002241,2021-03-27,1209465910,歌尔股份：关于续聘2021年度审计机构的审查意见,,True,公司年审合伙人、独立复核合伙人、项目负责经理（签字注册会计师）的专
002241,2022-03-30,1212730341,歌尔股份：关于续聘会计师事务所的公告,,True,审计报告。（2）项目质量控制复核人：刘新培执业资质：1999年6月成为 || 签字注册会计师、项目质量控制复核人近三年均不存在因执业行为受到刑事处罚 || 签字注册会计师及质量控制复核人员均不存在违反《中国注册会计师职业道
002241,2023-04-18,1216438914,歌尔股份：审计委员会关于续聘会计师事务所的审查意见,,True,公司年审合伙人、独立复核合伙人、项目负责经理（签字注册会计师）的专
002241,2023-04-18,1216438910,歌尔股份：关于续聘会计师事务所的公告,,True,审计报告。（2）项目质量控制复核人：张利萍执业资质：1995年1月成为 || 签字注册会计师、项目质量控制复核人近三年均不存在因执业行为受到刑事处罚 || 签字注册会计师及质量控制复核人员均不存在违反《中国注册会计师职业道
002242,2020-04-01,1207440823,九阳股份：关于续聘公司2020年度审计机构的公告,,True,起至今，中国注册项目质量控制复核人张帅益天健会计师事务所，11会计师审
002242,2021-04-30,1209867492,九阳股份：关于续聘公司2021年度会计师事务所的公告,,True,今，天健中国注册项目质量控制复核人张骥会计师事务所，审计9年会计师相关 || 签字注册会计师、项目质量控制复核人近三年不存在因执业行为受到刑事处罚，
002242,2022-03-30,1212730052,九阳股份：关于续聘公司2022年度会计师事务所的公告,,True,2021年度审计项目质量控制复核人，由于天健会计师事务所正在开展项目质 || 师事务所正在开展项目质量复核人员独立性轮换工作，因此天健会计师事务所 || 2年度审计项目的质量复核人员，故决定暂时由张骥担任。证券服务业项 || 今，天健中国注册项目质量控制复核人张骥会计师事务所，审计10年会计师相 || 签字注册会计师、项目质量控制复核人近三年不存在因执业行为受到刑事处罚，
002242,2024-03-29,1219448862,九阳股份：关于续聘公司2024年度会计师事务所的公告,,True,签字注册会计师、项目质量复核人员不存在可能影响独立性的情形。（2）项 || 2023年度审计项目质量控制复核人，由于天健会计师事务所正在开展项目质 || 师事务所正在开展项目质量复核人员独立性轮换工作，因此天健会计师事务所 || 4年度审计项目的质量复核人员，故决定暂时由金顺兴担任。证券服务业 || ，审计相关16年复核人会计师工作1997年11月起至今，天 || 签字注册会计师、项目质量控制复核人近三年不存在因执业行为受到刑事处罚，
002244,2022-04-30,1213249277,滨江集团：关于续聘会计师事务所的公告,,True,签字注册会计师、项目质量控制复核人近三年不存在因执业行为受到刑事处罚， || 签字注册会计师、项目质量控制复核人不存在可能影响独立性的情形。4.审计
002244,2021-04-29,1209847116,滨江集团：关于续聘会计师事务所的公告,,True,签字注册会计师、项目质量控制复核人近三年不存在因执业行为受到刑事处罚， || 签字注册会计师、项目质量控制复核人不存在可能影响独立性的情形。4.审计
002245,2021-02-09,1209260508,蔚蓝锂芯：关于拟续聘会计师事务所的公告,,True,签字注册会计师、项目质量控制复核人近三年不存在因执业行为受到刑事处罚， || 签字注册会计师、项目质量控制复核人不存在可能影响独立性的情形。三、拟续
002244,2020-04-25,1207605510,滨江集团：关于续聘会计师事务所的公告,,True,普通合伙），10复核人审计相关工作蒋舒媚注册会计师详见拟签
002245,2022-03-22,1212634896,蔚蓝锂芯：关于拟续聘会计师事务所的公告,,True,签字注册会计师、项目质量控制复核人近三年不存在因执业行为受到刑事处罚， || 签字注册会计师、项目质量控制复核人不存在可能影响独立性的情形。4、审计
002245,2024-04-03,1219503686,蔚蓝锂芯：关于拟续聘会计师事务所的公告,,True,签字注册会计师、项目质量复核人员近三年不存在因执业行为受到刑事处罚， || 签字注册会计师、项目质量复核人员不存在可能影响独立性的情形。4、审计
002245,2023-04-25,1216551469,蔚蓝锂芯：关于拟续聘会计师事务所的公告,,True,签字注册会计师、项目质量控制复核人近三年不存在因执业行为受到刑事处罚， || 签字注册会计师、项目质量控制复核人不存在可能影响独立性的情形。4、审计
002247,2022-03-31,1212742334,聚力文化：关于续聘公司2022年度审计机构的公告,,True,8年2021年无质量控制复核人[注3][注1]近三年签署过伟星新材 || 师事务所正在开展项目质量复核人员独立性轮换工作，因此目前尚无法确定公 || 2年度审计项目的质量复核人员。2.诚信记录项目合伙人、签字注册会
002251,2021-04-21,1209739003,步 步 高：关于拟续聘会计师事务所的公告,,True,签字注册会计师、项目质量控制复核人近三年不存在因执业行为受到刑事处罚， || 签字注册会计师、项目质量控制复核人不存在可能影响独立性的情形。4、审计
002251,2020-04-28,1207633589,步 步 高：关于拟续聘会计师事务所的公告,,True,在事务所承14年复核人会计师担质量控制及复核工作，具备相应
002251,2024-04-30,1219924935,*ST步高：关于续聘会计师事务所的公告,,True,人签字注册会计师项目质量复核人员姓名李永利杨钒叶喜撑何时成为注册会计 || 签字注册会计师、项目质量复核人员近三年不存在因执业行为受到刑事处罚， || 签字注册会计师、项目质量复核人员不存在可能影响独立性的情形。4、审计
002251,2023-11-18,1218369130,*ST步高：关于续聘会计师事务所的公告,,True,签字注册会计师、项目质量控制复核人近三年不存在因执业行为受到刑事处罚， || 册会计师、项目3质量控制复核人不存在可能影响独立性的情形。4、审计
002259,2021-03-31,1209491901,*ST升达：关于续聘2021年度审计机构的公告,,True,职。（4）拟安排质量控制复核人员：廖群，中国注册会计师，2001年 || 签字注册会计师和项目质量控制复核人最近三年未受到刑事处罚、行政处罚、行
002259,2020-04-30,1207687213,*ST升达：关于续聘2020年度审计机构的公告,,True,职。（3）拟安排质量控制复核人员：廖群，中国注册会计师，2001年 || 签字注册会计师和项目质量控制复核人最近三年未受到刑事处罚、行政处罚、行
002261,2020-04-14,1207491787,拓维信息：关于续聘会计师事务所的公告,,True,业胜任能力。2）项目质量控制负责人：根据致同所质量控制政策和程序，马沁 || ，马沁女士拟担任项目质量控制复核人。马沁女士，注册会计师，2002年起 || 上市公司年报审计项目质量控制复核人。alkweb拓维信息系统股份有限公
002261,2021-04-30,1209868772,拓维信息：关于续聘会计师事务所的公告,,True,业胜任能力。2）项目质量控制负责人：根据致同所质量控制政策和程序，马沁 || ，马沁女士拟担任项目质量控制复核人。马沁女士，注册会计师，2002年起 || 上市公司年报审计项目质量控制复核人。3）拟签字注册会计师：刘勇先生，从
002264,2021-04-17,1209712865,新 华 都：新华都购物广场股份有限公司关于续聘2021年度审计机构的公告,,True,2017年度审计复核人报告；2019年，签署正元智慧等20 || 签字注册会计师、项目质量控制复核人近三年不存在因执业行为受到刑事处罚， || 签字注册会计师、项目质量控制复核人不存在可能影响独立性的情形。4、审计
002264,2022-03-30,1212729602,新 华 都：关于续聘2022年度审计机构的公告,,True,00年2019年复核人审计报告，2021年签署镇海股份等审 || 签字注册会计师、项目质量控制复核人近三年不存在因执业行为受到刑事处罚， || 签字注册会计师、项目质量控制复核人不存在可能影响独立性的情形。4、审计
002264,2020-04-25,1207605945,新 华 都：关于续聘2020年度审计机构的公告,,True,师事务所工21制复核人作2006-2013年，在中审国际会
002264,2023-04-26,1216576990,新 华 都：关于续聘2023年度审计机构的公告,,True,年管道、镇海股份复核人等审计报告。2022年签署晶盛机电、 || 签字注册会计师、项目质量控制复核人近三年存在因执业行为受到刑事处罚，受 || 签字注册会计师、项目质量控制复核人不存在可能影响独立性的情形。4、审计
002266,2020-04-30,1207685703,浙富控股：关于拟续聘会计师事务所的公告,,True,15年计相关工作复核人拟签字倪国君中国注册会计师见2、人员
002266,2022-04-30,1213259338,浙富控股：关于拟续聘会计师事务所的公告,,True,签字注册会计师、项目质量控制复核人近三年存在因执业行为受到证监会及其派 || 签字注册会计师、项目质量控制复核人不存在可能影响独立性的情形。4、审计
002264,2024-04-13,1219593719,新 华 都：关于续聘2024年度审计机构的公告,,True,人签字注册会计师项目质量复核人员姓名陈祖珍吴芳芳潘晶晶何时成为注册会 || 签字注册会计师、项目质量复核人员近三年存在因执业行为受到刑事处罚，受 || 签字注册会计师、项目质量复核人员不存在可能影响独立性的情形。4、审计
002266,2021-04-29,1209853597,浙富控股：关于拟续聘会计师事务所的公告,,True,签字注册会计师、项目质量控制复核人近三年存在因执业行为受到证监会及其派 || 签字注册会计师、项目质量控制复核人不存在可能影响独立性的情形。4、审计
002272,2021-03-31,1209492396,川润股份：关于续聘2021年度会计师事务所的公告,,True,合伙人陈荭拟担任项目质量控制复核人。陈荭从事证券服务业务多年，负责审计 || 会计师）、陈荭（质量控制复核人）最近三年未受（收）到刑事处罚、行政
002271,2020-04-24,1207586262,东方雨虹：关于拟聘任会计师事务所的公告,,True,形。项目合伙人、项目质量控制负责人、拟签字注册会计师均具备相应专业胜任 || 业胜任能力。2、项目质量控制负责人根据致同所质量控制政策和程序，卫俏嫔 || 卫俏嫔女士拟担任项目质量控制复核人。卫俏嫔女士从事证券服务业务22年，
002272,2020-04-27,1207609389,川润股份：关于续聘会计师事务所的公告,,True,伙人刘志坚拟担任项目质量控制复核人。刘志坚从事证券服务业务多年，负责审 || 计师）、刘志坚（质量控制复核人）最近三年未受（收）到刑事处罚、行政
002273,2020-04-25,1207601455,水晶光电：关于续聘会计师事务所的公告,,True,具备相应专业胜任复核人能力。自2003年6月至今，在天健会
002273,2021-04-08,1209648378,水晶光电：关于续聘会计师事务所的公告,,True,签字注册会计师、项目质量控制复核人近三年存在因执业行为受到刑事处罚，受 || 签字注册会计师、项目质量控制复核人不存在可能影响独立性的情形。4、审计
002273,2024-03-22,1219373218,水晶光电：关于续聘会计师事务所的公告,,True,人签字注册会计师项目质量复核人员姓名陈志维沈飞英游小辉何时成为注册会 || 签字注册会计师、项目质量复核人员近三年不存在因执业行为受到刑事处罚， || 签字注册会计师、项目质量复核人员不存在可能影响独立性的情形。4、审计
002275,2022-04-27,1213129386,桂林三金：关于续聘会计师事务所的公告,,True,签字注册会计师、项目质量控制复核人近三年不存在因执业行为受到刑事处罚， || 签字注册会计师、项目质量控制复核人不存在可能影响独立性的情形。4、审计
002275,2023-04-28,1216646879,桂林三金：关于续聘会计师事务所的公告,,True,签字注册会计师、项目质量控制复核人近三年不存在因执业行为受到刑事处罚， || 签字注册会计师、项目质量控制复核人不存在可能影响独立性的情形。第3页共
002275,2024-04-26,1219821391,桂林三金：关于续聘会计师事务所的公告,,True,签字注册会计师、项目质量复核人员近三年不存在因执业行为受到刑事处罚， || 签字注册会计师、项目质量复核人员不存在可能影响独立性的情形。4.审计
002279,2020-04-25,1207607517,久其软件：关于续聘2020年度审计机构的公告,,True,程序，李洋拟担任项目质量控制复核人。李洋从事证券服务业务17年，负责多
002279,2021-04-17,1209714305,久其软件：关于续聘2021年度审计机构的公告,,True,程序，李洋拟担任项目质量控制复核人。李洋从事证券服务业务18年，负责多
002282,2021-04-20,1209730001,博深股份：博深股份有限公司关于续聘公司2021年度财务审计机构的公告,,True,审计等证券服务。质量控制复核人：肖逸肖逸从事证券服务业务18年，负 || 册会计师胡登峰、质量控制复核人肖逸最近三年未受到刑事处罚、行政处罚
002282,2020-04-21,1207539375,博深股份：关于续聘公司2020年度财务审计机构的公告,,True,审计等证券服务。质量控制复核人：肖逸肖逸从事证券服务业务18年，负 || 册会计师胡登峰、质量控制复核人肖逸最近三年未受到刑事处罚、行政处罚
002282,2023-04-28,1216648107,博深股份：博深股份有限公司关于续聘公司2023年度财务审计机构的公告,,True,报告1家。（3）项目质量控制复核人：宋连勇宋连勇，2002年8月成为注 || 签字注册会计师及质量控制复核人最近三年未受到刑事处罚、行政处罚、行 || 签字注册会计师和质量控制复核人不存在违反《中国注册会计师职业道德守
002283,2021-03-30,1209476401,天润工业：拟聘任会计师事务所的公告,,True,上市公司年报20复核人会计师审计工作，主持并参与多家公司的
002282,2024-03-19,1219329538,博深股份：博深股份有限公司关于续聘公司2024年度财务审计机构的公告,,True,报告1家。（3）项目质量控制复核人：宋连勇宋连勇，2002年8月成为注 || 签字注册会计师及质量控制复核人最近三年未受到刑事处罚、行政处罚、行 || 签字注册会计师和质量控制复核人不存在违反《中国注册会计师职业道德守
002283,2022-03-15,1212568840,天润工业：拟聘任会计师事务所的公告,,True,师事务所正在开展项目质量复核人员独立性轮换工作，因此目前尚无法确定公 || 2年度审计项目的质量复核人员。2.诚信记录序号姓名处理处罚日期处 || 签字注册会计师、项目质量控制复核人不存在可能影响独立性的情形。4、审计
002284,2021-04-23,1209771154,亚太股份：关于续聘公司2021年度审计机构的公告,,True,签字注册会计师、项目质量控制复核人近三年不存在因执业行为受到刑事处罚， || 签字注册会计师、项目质量控制复核人不存在可能影响独立性的情形。4、审计
002283,2020-04-21,1207540026,天润曲轴：拟聘任会计师事务所的公告,,True,上市公司年报17复核人会计师审计工作，主持并参与多家公司的
002283,2024-03-20,1219348189,天润工业：关于续聘会计师事务所的公告,,True,年报上市公司审计项目质量复核人员独立性轮换核人工作尚在进行中，因此暂 || 司2024年具体项目质量复核人员。2.诚信记录2序号姓名处理处罚日期 || 通合伙）正在开展项目质量复核人员独立性轮换工作，因此目前尚无法确定公 || 4年度审计项目的质量复核人员。3.独立性天健会计师事务所（特殊普 || 签字注册会计师、项目质量复核人员不存在可能影响独立性的情形。4.审计
002283,2023-03-21,1216169538,天润工业：拟聘任会计师事务所的公告,,True,签字注册会计师、项目质量控制复核人不存在可能影响独立性的情形。4.审计
002284,2022-04-20,1212976386,亚太股份：关于续聘公司2022年度审计机构的公告,,True,签字注册会计师、项目质量控制复核人近三年不存在因执业行为受到刑事处罚， || 签字注册会计师、项目质量控制复核人不存在可能影响独立性的情形。4.审计
002284,2023-04-18,1216436188,亚太股份：关于续聘公司2023年度审计机构的公告,,True,签字注册会计师、项目质量控制复核人近三年不存在因执业行为受到刑事处罚， || 签字注册会计师、项目质量控制复核人不存在可能影响独立性的情形。4.审计
002284,2020-04-29,1207657333,亚太股份：关于续聘公司2020年度审计机构的议案,,True,，天健会计24制复核人师事务所，审计相关工作2004年起至
002284,2024-04-18,1219646790,亚太股份：关于续聘公司2024年度审计机构的公告,,True,本信息项目合伙人项目质量复核人员计师姓名李伟海郑宇青孙涛何时成为注册 || 签字注册会计师、项目质量复核人员近三年存在因执业行为受到刑事处罚，受 || 签字注册会计师、项目质量复核人员不存在可能影响独立性的情形。4.审计
002285,2020-03-31,1207431256,世联行：关于续聘2020年会计师事务所的公告,,True,事证券业务13年复核人册会计师业务1994年开始从事王建新
002292,2020-04-10,1207474418,奥飞娱乐：关于续聘会计师事务所的公告,,True,程序，杨俏拟担任项目质量控制复核人。杨俏从事证券服务业务多年，负责审计
002294,2020-04-11,1207482669,信立泰：关于拟续聘2020年度审计机构的公告,,True,单位兼职。（3）质量控制复核人员：宋治忠大信事务所合伙人，大信深圳 || 签字注册会计师及质量复核人员未持有和买卖公司股票，也不存在影响独
002297,2021-12-13,1211886412,博云新材：关于续聘会计师事务所的公告,,True,签字注册会计师、项目质量控制复核人基本信息如下：项目合伙人及签字注册会 || 军及其团队拟担任项目质量控制复核人。王军从事证券服务业务多年，负责审计 || 签字注册会计师、项目质量控制复核人等不存在可能影响独立性的情形。三、拟
002297,2023-06-09,1217022239,博云新材：关于续聘会计师事务所的公告,,True,签字注册会计师、项目质量控制复核人基本信息如下：项目合伙人/拟签字会计 || 司审计报告0家。质量控制复核人的信息：根据立信质量控制政策和程序， || 斌及其团队拟担任项目质量控制复核人。郑斌2004年成为中国注册会计师， || 签字注册会计师和质量控制复核人不存在违反《中国注册会计师职业道德守 || 签字注册会计师、项目质量控制复核人不存在可能影响独立性的情形。三、拟续
002297,2024-04-03,1219504208,博云新材：关于续聘会计师事务所的公告,,True,签字注册会计师、项目质量控制复核人基本信息如下：项目合伙人/拟签字会计 || 司审计报告0家。质量控制复核人的信息：根据立信质量控制政策和程序， || 斌及其团队拟担任项目质量控制复核人。郑斌2004年成为中国注册会计师， || 签字注册会计师和质量控制复核人不存在违反《中国注册会计师职业道德守 || 签字注册会计师、项目质量控制复核人不存在可能影响独立性的情形。三、拟续
002300,2020-04-10,1207473302,太阳电缆：关于拟聘任华兴会计师事务所（特殊普通合伙）为公司2020年度审计机构的公告,,True,程序，张玉拟担任项目质量控制复核人。张玉从事证券服务业务多年，负责审计
002304,2020-04-29,1207657190,洋河股份：关于拟续聘会计师事务所的公告,,True,力。王宜峻，拟任项目质量控制复核人，中国注册会计师，从事注册会计师审计
002304,2022-04-29,1213205673,洋河股份：关于拟续聘会计师事务所的公告,,True,2家。王宜峻，拟项目质量控制复核人：1996年开始从事注册会计师行业， || 签字注册会计师、项目质量控制复核人近三年不存在因执业行为受到刑事处罚， || 签字注册会计师、项目质量控制复核人不存在违反《中国注册会计师职业道德守
002307,2021-04-23,1209770081,北新路桥：关于续聘会计师事务所的公告,,True,供审计服务。2．项目质量控制负责人简历曹爱民先生：现任希格玛会计师事务
002307,2023-04-25,1216559276,北新路桥：关于续聘会计师事务所的公告,,True,供审计服务。2．项目质量控制负责人简历曹爱民先生：现任希格玛会计师事务
002308,2020-04-18,1207524958,威创股份：关于拟聘任会计师事务所的公告,,True,报审计工作。3、质量控制负责人姓名：孙立倩执业资质：中国注册会计师 || 师文爱凤、王培，质量控制负责人孙立倩符合独立性要求，近三年未受到刑
002307,2022-04-20,1212979278,北新路桥：关于续聘会计师事务所的公告,,True,供审计服务。2．项目质量控制负责人简历曹爱民先生：现任希格玛会计师事务
002309,2022-04-27,1213137790,中利集团：关于续聘公司2022年度会计师事务所的公告,,True,任过5家上市公司项目质量控制复核人。上述人员不存在违反《中国注册会计师
002309,2023-08-22,1217597478,ST中利：关于拟续聘2023年度会计师事务所的公告,,True,亚金诚执业，是是复核人近三年复核上市公司24家，挂牌公司2 || 上述签字会计师和质量控制复核人近三年未因执业行为受到刑事处罚、行政 || 签字注册会计师、质量控制复核人不存在可能违反《中国注册会计师职业道
002309,2022-11-22,1215166688,ST中利：关于拟变更会计师事务所的公告,,True,事上市钱小祥是是复核人公司审计，2008年开始在苏亚金诚执 || 过20家上市公司项目质量控制复核人。2、诚信记录上述签字会计师和质量控 || 上述签字会计师和质量控制复核人近三年未因执业行为受到刑事处罚、行政 || 签字注册会计师、质量控制复核人不存在可能违反《中国注册会计师职业道
002309,2024-04-24,1219775266,ST中利：关于拟续聘2024年度会计师事务所的公告,,True,亚金诚执业，是是复核人近三年复核上市公司24家，IPO公司 || 上述签字会计师和质量控制复核人近三年未因执业行为受到刑事处罚、行政 || 签字注册会计师、质量控制复核人不存在可能违反《中国注册会计师职业道
002311,2020-10-27,1208614056,海大集团：关于续聘致同会计师事务所（特殊普通合伙）为公司2020年度审计机构的公告,,True,龙传喜先生拟担任项目质量控制复核人。龙传喜先生从事证券服务业务21年，
002312,2022-04-13,1212898005,川发龙蟒：关于续聘2022年度审计机构的公告,,True,告。（4）拟安排质量控制复核人员：廖群2000年成为注册会计师，自 || 签字注册会计师和项目质量控制复核人不存在违反《中国注册会计师职业道德守 || 签字注册会计师和项目质量控制复核人最近三年均未受到刑事处罚、行政处罚、
002312,2021-08-19,1210782634,川发龙蟒：关于续聘2021年度审计机构的公告,,True,职。（4）拟安排质量控制复核人员：廖群中国注册会计师，注册时间为2 || 签字注册会计师和项目质量控制复核人不存在违反《中国注册会计师职业道德守 || 签字注册会计师和项目质量控制复核人最近三年均未受到刑事处罚、行政处罚、
002312,2023-08-10,1217502336,川发龙蟒：关于续聘2023年度审计机构的公告,,True,告。（4）拟安排质量控制复核人员：廖群中国注册会计师，注册时间为2 || 签字注册会计师、项目质量控制复核人不存在可能影响独立性的情形。其中：拟 || 签字注册会计师和项目质量控制复核人最近三年均未受到刑事处罚、行政处罚、
002312,2024-05-28,1220172565,川发龙蟒：关于续聘2024年度审计机构的公告,,True,等。（4）拟安排质量控制复核人员：李静中国注册会计师，2017年开 || 签字注册会计师和项目质量控制复核人最近三年均未受到刑事处罚、行政处罚、 || 签字注册会计师、项目质量控制复核人不存在可能影响独立性的情形。4、审计
002315,2020-03-21,1207390820,焦点科技：关于续聘2020年度审计机构的公告,,True,量控制严臻22年复核人计师负责多家上市公司和新三板公司审计 || 戎凯宇、梁裕佳，质量控制复核人严臻符合独立性要求，近三年未受到刑事
002313,2023-04-17,1216419909,*ST日海：关于续聘2023年度审计机构的公告,,True,拟委派王伟庆担任项目质量控制负责人，王伟庆具有证券业务服务经验，从事注 || 签字注册会计师、项目质量控制复核人近三年因执业行为受到刑事处罚，受到证 || 签字注册会计师、项目质量控制复核人等不存在可能影响独立性的情形。4．审
002315,2021-03-20,1209418363,焦点科技：关于续聘2021年度审计机构的公告,,True,量控制严臻23年复核人师负责多家上市公司和新三板公司审计注 || 戎凯宇、章亚婷，质量控制复核人严臻符合独立性要求，近三年未受到刑事
002315,2022-03-19,1212625069,焦点科技：关于续聘2022年度审计机构的公告,,True,)执业，2019复核人年开始为本公司提供审计服务；近三年签 || 林德伟、章亚婷，质量控制复核人严臻符合独立性要求，近三证券代码：0
002315,2023-02-28,1215990629,焦点科技：关于续聘2023年度审计机构的公告,,True,）执业；近三年复复核人核4家上市公司审计报告。2008年成 || 林德伟、王阿英，质量控制复核人刘磊符合独立性要求，近三年未受到刑事
002317,2020-04-28,1207643087,众生药业：关于续聘会计师事务所的公告,,True,现场负责人。3、质量控制负责人姓名：孙立倩执业资质：中国注册会计师 || 等上市公司审计的质量控制复核人。第3页共5页证券代码：002317 || 文爱凤、李煜培，质量控制负责人孙立倩符合独立性要求，近三年未受到刑
002318,2021-04-27,1209808647,久立特材：关于公司续聘2021年度审计机构的公告,,True,家上市公司提14复核人供质量控制复核工作。拟签字注册会王强 || 签字注册会计师、项目质量控制复核人近三年不存在因执业行为受到刑事处罚，
002318,2023-03-21,1216169205,久立特材：关于续聘2023年度审计机构的公告,,True,签字注册会计师、项目质量控制复核人近三年不存在因执业行为受到刑事处罚， || 签字注册会计师、项目质量控制复核人不存在可能影响独立性的情形。4、审计
002318,2024-04-30,1219908865,久立特材：关于续聘2024年度会计师事务所的公告,,True,人签字注册会计师项目质量复核人员姓名赵静娴陈梦兰耿振何时成为注册会计 || 签字注册会计师、项目质量复核人员近三年不存在因执业行为受到刑事处罚， || 签字注册会计师、项目质量复核人员不存在可能影响独立性的情形。三、拟续
002320,2021-03-27,1209462029,海峡股份：关于拟续聘2021年度审计机构的公告,,True,签字注册会计师、项目质量控制复核人基本信息如下：项目合伙人及签字注册会 || 英及其团队拟担任项目质量控制复核人。周薇英，2005年成为注册会计师， || 签字注册会计师、项目质量控制复核人近三年因执业行为受到刑事处罚，受到证 || 签字注册会计师、项目质量控制复核人等不存在可能影响独立性的情形。三、拟
002322,2021-04-24,1209789449,理工环科：关于续聘天健会计师事务所（特殊普通合伙）为公司2021年度审计机构的公告,,True,目合伙人李正卫、项目质量控制复核人金敬玉近三年各收（受）行政监管措施1 || 签字注册会计师、项目质量控制复核人不存在可能影响独立性的情形。审计委员
002321,2021-04-29,1209860405,华英农业：关于拟聘任会计师事务所的公告,,True,能力。（3）拟任质量控制复核人：陶永元陶永元，中国注册会计师，20
002321,2020-10-17,1208578865,华英农业：关于公司变更2020年度审计机构及内部控制审计机构的公告,,True,能力。（3）拟任质量控制复核人：陶永元陶永元，中国注册会计师，参与
002322,2020-04-25,1207604222,理工环科：关于续聘天健会计师事务所（特殊普通合伙）为公司2020年度审计机构的公告,,True,健会计师142制复核人事务所至今，从事审计工作。详见拟签字
002322,2024-04-12,1219584551,理工能科：关于续聘天健会计师事务所（特殊普通合伙）为公司2024年度审计机构的公告,,True,人签字注册会计师项目质量复核人员姓名李正卫姚敏薛志娟何时成为注册会计 || 签字注册会计师、项目质量复核人员近三年不存在因执业行为受到刑事处罚， || 签字注册会计师、项目质量复核人员不存在可能影响独立性的情形。4、审计
002322,2023-04-27,1216616731,理工能科：关于续聘天健会计师事务所（特殊普通合伙）为公司2023年度审计机构的公告,,True,签字注册会计师、项目质量控制复核人近三年不存在因执业行为受到刑事处罚， || 签字注册会计师、项目质量控制复核人不存在可能影响独立性的情形。三、拟续
002325,2020-04-30,1207686750,洪涛股份：关于续聘公司2020年度审计机构的公告,,True,胜任能力：是2、项目质量控制负责人：黄继佳执业资质：注册会计师从业经历
002329,2020-10-28,1208625081,皇氏集团：关于续聘会计师事务所的公告,,True,胜任能力：是2．质量控制复核人：宿雷阳执业资质：注册会计师从业经历
002332,2020-04-25,1207604793,仙琚制药：关于续聘天健会计师事务所（特殊普通合伙）为公司2020年度审计机构的公告,,True,倪侃侃20年控制复核人会计师师事务所工作。中国注册2001
002331,2020-08-27,1208259318,皖通科技：关于续聘2020年度审计机构的公告,,True,项目合伙人吴琳、质量控制负责人李海成及拟签字注册会计师王海涛，均为
002335,2022-04-30,1213261596,科华数据：关于续聘会计师事务所的公告,,True,市公司审计报告。项目质量控制复核人：林灵慧（拟），2015年成为中国注 || 郭清艺、陈文艺，项目质量控制复核人林灵慧近三年内未曾因执业行为受到刑事
002336,2023-04-15,1216412410,人人乐：关于续聘2023年度审计机构的公告,,True,签字注册会计师。项目质量控制复核人崔江涛：2002年11月成为注册会计 || 开始，成为事务所项目质量控制复核人。2、诚信记录项目合伙人、签字注册会 || 签字注册会计师、项目质量控制复核人近三年（最近三个完整自然年度及当年）
002336,2021-04-29,1209855020,ST人乐：关于续聘会计师事务所的公告,,True,签字注册会计师。项目质量控制复核人崔江涛：于2002年11月成为注册会 || 开始，成为事务所项目质量控制复核人。2、诚信记录项目合伙人、签字注册会 || 签字注册会计师、项目质量控制复核人近三年（最近三个完整3人人乐连锁商业
002336,2021-01-28,1209203932,ST人乐：关于变更会计师事务所的公告,,True,签字注册会计师。项目质量控制复核人崔江涛：于2002年11月成为注册会 || 开始，作为本公司项目质量控制复核人。2、诚信记录项目合伙人、签字注册会 || 签字注册会计师、项目质量控制复核人近三年（最近三个完整自然年度及当年）
002336,2022-04-15,1212923231,人人乐：关于续聘会计师事务所的公告,,True,签字注册会计师。项目质量控制复核人崔江涛：2002年11月成为注册会计 || 开始，成为事务所项目质量控制复核人。2、诚信记录项目合伙人、签字注册会 || 签字注册会计师、项目质量控制复核人近三年（最近三个完整自然年度及当年）
002336,2024-04-19,1219675091,人人乐：关于续聘2024年度审计机构的公告,,True,字注册会计师。拟项目质量控制复核人马玉婧：2014年5月成为注册会计师 || 年开始，作为公司项目质量控制复核人。2、诚信记录项目合伙人、签字注册会 || 签字注册会计师、项目质量控制复核人近三年不存在因执业行为受到刑事处罚， || 签字注册会计师、项目质量控制复核人不存在可能影响独立性的情形。4、审计
002341,2021-12-09,1211847715,新纶新材：关于续聘公司2021年度审计机构的公告,,True,控经理陈翔拟担任项目质量控制复核人。陈翔，中国注册会计师，于2004年 || 注册会计师肖玲和质量控制复核人陈翔不存在违反《中国注册会计师职业道
002341,2023-01-20,1215668774,新纶新材：关于续聘公司2022年度审计机构的公告,,True,控经理陈翔拟担任项目质量控制复核人。陈翔，中国注册会计师，于2004年 || 注册会计师肖玲和质量控制复核人陈翔不存在违反《中国注册会计师职业道
002343,2021-06-05,1210167976,慈文传媒：关于变更会计师事务所的公告,,True,他单位兼职。3、质量控制复核人（1）姓名：赖华林（2）执业资质：中 || 冯丽娟、舒佳敏，质量控制复核人赖华林不存在违反《中国注册会计师职业
002343,2022-04-27,1213131767,慈文传媒：关于拟续聘会计师事务所的公告,,True,他单位兼职。3．质量控制复核人（1）姓名：赖华林（2）执业资质：中 || 冯丽娟、舒佳敏，质量控制复核人赖华林不存在违反《中国注册会计师职业
002343,2020-04-29,1207662750,慈文传媒：关于聘任会计师事务所的公告,,True,等上市公司审计的质量控制复核人。2、签字注册会计师2（1）姓名：高 || 块审计经验。3、质量控制复核人（1）姓名：孙立倩（2）执业资质：中 || 等上市公司审计的质量控制复核人。4、独立性和诚信记录签字注册会计师 || 蒋红薇、高咏梅，质量控制复核人孙立倩符合独立性要求，近三年未受到刑
002343,2024-04-19,1219671122,慈文传媒：关于续聘会计师事务所的公告,,True,单位兼职。（3）质量控制复核人姓名：赖华林执业资质：中国注册会计师 || 舒佳敏、杨睿泽，质量控制复核人赖华林不存在违反《中国注册会计师职业 || 签字注册会计师、项目质量控制复核人能够在执行本项目审计工作时保持独立性 || 签字注册会计师、项目质量控制复核人不存在违反《中国注册会计师职业道德守
002343,2023-04-25,1216550640,慈文传媒：关于续聘会计师事务所的公告,,True,他单位兼职。4．质量控制复核人（1）姓名：赖华林（2）执业资质：中 || 舒佳敏、杨睿泽，质量控制复核人赖华林不存在违反《中国注册会计师职业
002344,2020-04-11,1207482631,海宁皮城：关于续聘天健会计师事务所为公司审计机构的公告,,True,所，审计12年制复核人相关工作。2005年7月起至今，天黄
002344,2022-04-16,1212944993,海宁皮城：海宁皮城关于续聘天健会计师事务所为公司审计机构的公告,,True,签字注册会计师、项目质量控制复核人近三年因执业行为受到刑事处罚，受到证 || 签字注册会计师、项目质量控制复核人不存在可能影响独立性的情形。4、审计
002344,2021-04-17,1209713336,海宁皮城：海宁皮城关于续聘天健会计师事务所为公司审计机构的公告,,True,签字注册会计师和项目质量控制复核人近三年不存在因执业行为受到刑事处罚， || 签字注册会计师、项目质量控制复核人不存在可能影响独立性的情形。4、审计
002344,2023-04-20,1216477738,海宁皮城：海宁皮城关于续聘天健会计师事务所为公司审计机构的公告,,True,签字注册会计师、项目质量控制复核人近三年因执业行为受到刑事处罚，受到证 || 签字注册会计师、项目质量控制复核人不存在可能影响独立性的情形。4、审计
002345,2020-04-29,1207661590,潮宏基：关于聘任2020年度会计师事务所的公告,,True,字注册会计师以及项目质量控制复核人尚未确定具体人员。5、诚信记录华兴会
002349,2020-04-29,1207660709,精华制药：关于续聘会计师事务所的公告,,True,荆建明先生为项目质量复核合伙人。上述人员从业经历如下：荆建明先生：
002347,2020-04-23,1207558348,泰尔股份：关于续聘会计师事务所的公告,,True,IPO和上市18复核人公司审计等证券服务业务。详见人员信息
002349,2022-03-30,1212726102,精华制药：关于续聘会计师事务所的公告,,True,荆建明先生为项目质量复核合伙人。上述人员从业经历如下：荆建明先生：
002349,2020-10-30,1208653566,精华制药：关于续聘会计师事务所的公告,,True,荆建明先生为项目质量复核合伙人。上述人员从业经历如下：荆建明先生：
002349,2023-10-30,1218183982,精华制药：关于续聘会计师事务所的公告,,True,顾晓蓉女士为项目质量复核合伙人。上述人员从业经历如下：邱平女士：天 || 措施和自律处分。项目质量控制复核人近三年（最近三个完整自然年度及当年）
002349,2023-02-16,1215870325,精华制药：关于续聘会计师事务所的公告,,True,汪焕新先生为项目质量复核合伙人。上述人员从业经历如下：汪焕新先生：
002357,2020-04-30,1207686046,富临运业：关于续聘会计师事务所的公告,,True,合伙人何勇先生、项目质量控制负责人张为先生、拟签字注册会计师王莉女士均
002357,2021-04-29,1209851667,富临运业：关于续聘会计师事务所的公告,,True,超过5家。拟担任独立复核合伙人：张为先生，1996年获得中国注册会 || 记录项目合伙人、项目质量控制复核人近三年无执业行为刑事处罚，无证监会及 || 签字注册会计师、项目质量控制复核人等从业人员不存在违反《中国注册会计师
002356,2021-01-20,1209142935,*ST赫美：关于拟变更会计师事务所的公告,,True,组负责人。（3）质量控制复核人：刘润斌执业资质：注册会计师从业经历 || 会计师谭玉次以及质量控制复核人刘润斌不存在违反《中国注册会计师职业
002360,2020-04-21,1207539047,同德化工：关于拟续聘会计师事务所的的公告,,True,程序，闫磊拟担任项目质量控制复核人。闫磊从事证券服务业务16年，负责多
002360,2021-04-13,1209674613,同德化工：关于续聘会计师事务所的公告,,True,程序，闫磊拟担任项目质量控制复核人。闫磊从事证券服务业务17年，负责多 || 签字注册会计师、项目质量控制复核人近三年未因执业行为受到刑事处罚，未受 || 签字注册会计师、项目质量控制复核人不存在可能影响独立性的情形。三、拟续
002364,2023-04-29,1216685245,中恒电气：关于续聘会计师事务所的公告,,True,022年4家控制复核人2、诚信记录项目合伙人、签字注册会计 || 签字注册会计师、项目质量控制复核人近三年不存在因执业行为受到刑事处罚， || 签字注册会计师、项目质量控制复核人不存在可能影响独立性的情形。4、审计
002364,2024-04-27,1219857571,中恒电气：关于拟续聘会计师事务所的公告,,True,022年3家控制复核人2、诚信记录项目合伙人、签字注册会计 || 签字注册会计师、项目质量控制复核人近三年不存在因执业行为受到刑事处罚， || 签字注册会计师、项目质量控制复核人不存在可能影响独立性的情形。4、审计
002365,2020-04-28,1207644576,永安药业：关于拟聘任会计师事务所的公告,,True,签字注册会计师和质量控制复核人不存在违反《中国注册会计师职业道德守
002370,2020-03-14,1207373304,亚太药业：关于拟续聘2020年度审计机构的公告,,True,计张芹22年控制复核人会计师师事务所工作。中国注册2000
002370,2021-03-27,1209464456,亚太药业：关于拟续聘2021年度审计机构的公告,,True,签字注册会计师、项目质量控制复核人近三年不存在因执业行为受到刑事处罚， || 签字注册会计师、项目质量控制复核人不存在可能影响独立性的情形。4、审计
002370,2024-03-30,1219471001,亚太药业：关于拟续聘会计师事务所的公告,,True,年2022年告；复核人2022年签署富通信息2021年审计 || 签字注册会计师、项目质量控制复核人近三年不存在因执业行为受到刑事处罚， || 签字注册会计师、项目质量控制复核人不存在可能影响独立性的情形。4、审计
002370,2022-11-22,1215166680,亚太药业：关于拟变更会计师事务所的公告,,True,20年审计报告；复核人2020年签署中新科技2019年审计 || 签字注册会计师、项目质量控制复核人近三年不存在因执业行为受到刑事处罚， || 字注3册会计师、项目质量控制复核人不存在可能影响独立性的情形。4、审计
002372,2021-04-17,1209714376,伟星新材：拟续聘会计师事务所的公告,,True,、全志科技、章源复核人钨业2018年度审计报告；签署2兆驰 || 签字注册会计师、项目质量控制复核人近三年不存在因执业行为受到刑事处罚， || 签字注册会计师、项目质量控制复核人不存在可能影响独立性的情形。4、审计
002372,2022-03-31,1212750325,伟星新材：拟续聘会计师事务所的公告,,True,9年度审计报告；复核人签署兆驰股份、全志科技、章源钨业20 || 签字注册会计师、项目质量控制复核人近三年不存在因执业行为受到刑事处罚， || 签字注册会计师、项目质量控制复核人不存在可能影响独立性的情形。4、审计
002370,2023-06-06,1216991909,亚太药业：关于拟续聘2023年度审计机构的公告,,True,2022年报告；复核人2022年签署富通信息2021年审计 || 签字注册会计师、项目质量控制复核人近三年不存在因执业行为受到刑事处罚， || 签字注册会计师、项目质量控制复核人不存在可能影响独立性的情形。4、审计
002372,2020-04-17,1207514757,伟星新材：关于拟续聘2020年度审计机构的公告,,True,务，目前16年制复核人承担质量控制及复核工作，具备相应专业
002372,2023-04-21,1216497078,伟星新材：拟续聘会计师事务所的公告,,True,；签署兆驰股份、复核人全志科技、章源钨业2019年度审计报 || 签字注册会计师、项目质量控制复核人近三年不存在因执业行为受到刑事处罚， || 签字注册会计师、项目质量控制复核人不存在可能影响独立性的情形。4、审计
002372,2024-04-09,1219540551,伟星新材：拟续聘会计师事务所的公告,,True,；近三年复核年年复核人上市公司包括伟星新材、昂利2康、巨化 || 签字注册会计师、项目质量控制复核人近三年不存在因执业行为受到刑事处罚， || 签字注册会计师、项目质量控制复核人不存在可能影响独立性的情形。4、审计
002375,2020-04-17,1207515322,亚厦股份：关于续聘容诚会计师事务所（特殊普通合伙）为公司2020年度财务审计机构的公告,,True,验。项目合伙人、项目质量控制负责人、拟签字注册会计师均为从业经历丰富、
002378,2020-04-28,1207634528,章源钨业：关于续聘公司2020年审计机构的公告,,True,师事徐晓峰16年复核人会计师务所从事审计相关工作。天健会计
002378,2022-04-19,1212959546,章源钨业：关于续聘公司2022年审计机构的公告,,True,械、金固股份、天复核人奇股份、章源钨业、罗欣药业、科益气体 || 签字注册会计师、项目质量控制复核人近三年不存在因执业行为受到刑事处罚， || 签字注册会计师、项目质量控制复核人不存在可能影响独立性的情形。4.审计
002378,2021-04-27,1209806566,章源钨业：关于续聘公司2021年审计机构的公告,,True,签字注册会计师、项目质量控制复核人近三年不存在因执业行为受到刑事处罚， || 签字注册会计师、项目质量控制复核人不存在可能影响独立性的情形。4.审计
002378,2023-04-18,1216437678,章源钨业：关于续聘公司2023年审计机构的公告,,True,械、金固股份、天复核人奇股份、章源钨业、罗欣药业、科益气体 || 签字注册会计师、项目质量控制复核人近三年不存在因执业行为受到刑事处罚， || 签字注册会计师、项目质量控制复核人不存在可能影响独立性的情形。4.审计
002381,2020-04-25,1207599770,双箭股份：关于拟续聘公司2020年度审计机构的公告,,True,注册会计师24制复核人注册会计师业务。详见拟签字注册会计沈
002381,2021-02-27,1209310032,双箭股份：关于续聘公司2021年度审计机构的公告,,True,签字注册会计师、项目质量控制复核人近三年不存在因执业行为受到刑事处罚， || 签字注册会计师、项目质量控制复核人不存在可能影响独立性的情形。三、拟续
002381,2022-04-23,1213042377,双箭股份：关于续聘公司2022年度审计机构的公告,,True,签字注册会计师、项目质量控制复核人近三年不存在因执业行为受到刑事处罚， || 签字注册会计师、项目质量控制复核人不存在可能影响独立性的情形。三、拟续
002381,2024-03-28,1219426143,双箭股份：关于续聘公司2024年度审计机构的公告,,True,质量何时开始为本复核人员独公司提供审计2019年2019年 || 签字注册会计师、项目质量复核人员近三年不存在因执业行为受到刑事处罚， || 签字注册会计师、项目质量复核人员不存在可能影响独立性的情形。4、审计
002381,2023-04-19,1216454471,双箭股份：关于续聘公司2023年度审计机构的公告,,True,签字注册会计师、项目质量控制复核人近三年不存在因执业行为受到刑事处罚， || 签字注册会计师、项目质量控制复核人不存在可能影响独立性的情形。4、审计
002384,2020-04-23,1207557748,东山精密：关于续聘2020年度审计机构的公告,,True,9月在浙中国注册项目质量控制复核人吕安吉江正大会计师事务所从事审19会
002383,2022-04-15,1212924666,合众思壮：关于续聘会计师事务所的公告,,True,020年5家以上复核人2、诚信记录项目合伙人、签字注册会计 || 签字注册会计师、项目质量控制复核人近三年无因执业行为受到刑事处罚，受到 || 签字注册会计师、项目质量控制复核人等从业人员不存在违反《中国注册会计师
002383,2023-12-12,1218583116,合众思壮：关于聘任2023年度审计机构的公告,,True,签字注册会计师、项目质量控制复核人近三年未因执业行为受到刑事处罚，受到 || 签字注册会计师、项目质量控制复核人等从业人员不存在违反《中国注册会计师
002383,2020-05-29,1207873171,合众思壮：关于续聘会计师事务所的公告,,True,胜任能力。（3）质量控制复核人姓名：吴韧执业资质：中国注册会计师是 || 唐玉荣、胡卫升，质量控制复核合伙人吴韧符合独立性要求，近三年未受到刑事
002384,2023-04-21,1216496393,东山精密：关于续聘2023年度审计机构的公告,,True,签字注册会计师、项目质量控制复核人近三年不存在因执业行为受到刑事处罚， || 签字注册会计师、项目质量控制复核人不存在可能影响独立性的情形。4、审计
002384,2024-04-18,1219652442,东山精密：关于续聘2024年度审计机构的公告,,True,告；复核了鸿路钢复核人构、淮河能源等上市公司年度审计报告2 || 签字注册会计师、项目质量控制复核人近三年不存在因执业行为受到刑事处罚， || 签字注册会计师、项目质量控制复核人不存在可能影响独立性的情形。4、审计
002390,2020-04-30,1207682910,信邦制药：关于续聘2020年度审计机构的公告,,True,根据项目合伙人、项目质量控制负责人、拟签字注册会计师的从业经历、执业资
002396,2020-03-27,1207409023,星网锐捷：关于拟续聘华兴会计师事务所（特殊普通合伙）为公司2020年度审计机构的公告,,True,序，陈佳佳拟担任项目质量控制复核人。陈佳佳从事证券服务业务多年，负责审
002406,2020-04-25,1207611222,远东传动：关于拟续聘会计师事务所的公告,,True,应专业胜任能力。项目质量控制负责人李琪友：注册会计师，合伙人，2001
002414,2020-04-28,1207641852,高德红外：关于续聘会计师事务所的公告,,True,解了项目合伙人、项目质量控制负责人、拟签字注册会计师的从业经历、执业资
002419,2020-10-21,1208591025,天虹股份：关于续聘致同会计师事务所（特殊普通合伙）为公司2020年度外部审计及内部控制审计机构的公告,,True,奚大伟先生拟担任项目质量控制复核人，奚大伟先生2001年起从事注册会计
002417,2020-04-21,1207540939,深南股份：关于续聘会计师事务所的公告,,True,立性要求的情形。项目质量控制负责人（风险管理合伙人）包铁军拥有中国注册
002419,2023-02-07,1215779273,天虹股份：关于变更公司签字注册会计师及质量复核人员的公告,,True,签字注册会计师及项目质量复核人员的公告本公司及董事会全体成员保证信息 || 签字注册会计师及项目质量复核人员的函》，具体情况如下：一、本次签字会 || 本次签字会计师及项目质量复核人员变更的基本情况大华会计师事务所作为公 || 计服务、唐卫强为项目质量复核人员为公司的审计服务项目提供复核工作。鉴 || 注册会计师龙娇及项目质量复核人员唐卫强工作调整，根据大华会计师事务所 || 会计师，张二勇为项目质量复核人员，负责公司2022年度财务报表及内部
002420,2023-11-10,1218293797,毅昌科技：关于续聘会计师事务所的公告,,True,会计师公司（3）项目质量控制复核人近三年从业情况：时间上市公司名称职务 || 限2020年年报项目质量控制复核人公司中国船舶重工集团动力2021-2 || -2022年年报项目质量控制复核人股份有限公司北京大豪科技股份有限20 || -2022年年报项目质量控制复核人公司贵州振华新材料股份有2022年年 || 有2022年年报项目质量控制复核人限公司广州毅昌科技股份有限2022年 || 限2022年年报项目质量控制复核人公司2.诚信记录最近三年，签字项目合
002424,2023-04-29,1216702029,贵州百灵：关于续聘2023年度财务审计机构及内部控制审计机构的公告,,True,签字注册会计师、项目质量控制复核人近三年不存在因执业行为受到刑事处罚， || 签字注册会计师、项目质量控制复核人不存在可能影响独立性的情形。4、审计
002424,2022-04-23,1213056079,贵州百灵：关于续聘2022年度财务审计机构及内部控制鉴证机构的公告,,True,签字注册会计师、项目质量控制复核人近三年不存在因执业行为受到刑事处罚， || 签字注册会计师、项目质量控制复核人不存在可能影响独立性的情形。4、审计
002424,2024-04-30,1219927541,贵州百灵：关于续聘2024年度财务审计机构及内部控制审计机构的公告,,True,记录项目合伙人、项目质量控制复核人近三年不存在因执业行为受到刑事处罚， || 签字注册会计师、项目质量控制复核人不存在可能影响独立性的情形。4、审计
002429,2021-01-26,1209187918,兆驰股份：关于2020年度审计机构变更拟签字注册会计师的公告,,True,审计相关21年制复核人工作。2009年12月起至今，天苏晓
002429,2020-04-11,1207483125,兆驰股份：关于续聘2020年度会计师事务所的公告,,True,审计相关21年制复核人工作。2008年1月起至今，天健拟签
002429,2023-02-02,1215749028,兆驰股份：关于续聘2022年度会计师事务所的公告,,True,签字注册会计师、项目质量控制复核人近三年不存在因执业行为受到刑事处罚， || 签字注册会计师、项目质量控制复核人不存在可能影响独立性的情形。4、审计
002430,2024-03-28,1219427878,杭氧股份：关于续聘会计师事务所的公告,,True,签字注册会计师、项目质量控制复核人近三年不存在因执业行为受到刑事处罚， || 签字注册会计师、项目质量控制复核人不存在可能影响独立性的情形。4、审计
002429,2023-11-30,1218479081,兆驰股份：关于续聘2023年度审计机构的公告,,True,签字注册会计师、项目质量控制复核人近三年不存在因执业行为受到刑事处罚， || 签字注册会计师、项目质量控制复核人不存在可能影响独立性的情形。4．审计
002434,2021-04-20,1209723645,万里扬：关于续聘会计师事务所的公告,,True,签字注册会计师、项目质量控制复核人近三年不存在因执业行为受到刑事处罚， || 签字注册会计师、项目质量控制复核人不存在可能影响独立性的情形。三、拟续
002434,2024-04-25,1219794941,万里扬：关于续聘会计师事务所的公告,,True,签字注册会计师、项目质量复核人员近三年不存在因执业行为受到刑事处罚， || 签字注册会计师、项目质量复核人员不存在可能影响独立性的情形。4．审计
002434,2023-04-25,1216559182,万里扬：关于续聘会计师事务所的公告,,True,签字注册会计师、项目质量控制复核人近三年不存在因执业行为受到刑事处罚， || 签字注册会计师、项目质量控制复核人不存在可能影响独立性的情形。3．审计
002436,2021-10-21,1211336394,兴森科技：关于拟聘任2021年度审计机构的公告,,True,年近三年签署或制复核人（2011年）起开始从事审计业务，2 || 册会计师区伟杰及质量控制复核人陈佳佳近三年不存在因执业行为受到刑事 || 签字注册会计师、项目质量控制复核人均不存在违反《中国注册会计师职业道德
002436,2024-04-25,1219790501,兴森科技：关于拟续聘年度审计机构的公告,,True,册会计师区伟杰及质量控制复核人陈敏近三年不存在因执业行为受到刑事处 || 签字注册会计师、项目质量控制复核人均不存在违反《中国注册会计师职业道德
002436,2023-08-03,1217451766,兴森科技：关于拟续聘会计师事务所的公告,,True,册会计师区伟杰及质量控制复核人陈敏近三年不存在因执业行为受到刑事处 || 签字注册会计师、项目质量控制复核人均不存在违反《中国注册会计师职业道德
002436,2022-04-19,1212959686,兴森科技：关于拟续聘会计师事务所的公告,,True,近三年签署或复制复核人（2011年）年起开始从事审计业务， || 册会计师区伟杰及质量控制复核人陈佳佳近三年不存在因执业行为受到刑事 || 签字注册会计师、项目质量控制复核人均不存在违反《中国注册会计师职业道德
002441,2020-04-15,1207497595,众业达：关于续聘会计师事务所的公告,,True,江拟委派邓红担任项目质量控制负责人，邓红从事证券服务业务超过20年，负
002441,2020-05-06,1207702899,众业达：关于变更会计师事务所的公告,,True,字注册会计师以及项目质量控制复核人尚未确定具体人员。23、业务信息致同
002444,2024-04-25,1219788248,巨星科技：关于续聘会计师事务所的公告,,True,签字注册会计师、项目质量复核人员近三年不存在因执业行为受到刑事处罚， || 签字注册会计师、项目质量控制复核人不存在可能影响独立性的情形。4、审计
002447,2020-04-30,1207687235,晨鑫科技：关于续聘会计师事务所的公告,,True,序，任一优拟担任项目质量控制复核人。任一优从事证券服务业务20年，负责
002444,2023-04-22,1216519661,巨星科技：关于续聘会计师事务所的公告,,True,签字注册会计师、项目质量控制复核人近三年不存在因执业行为受到刑事处罚， || 签字注册会计师、项目质量控制复核人不存在可能影响独立性的情形。三、拟续
002447,2021-03-20,1209418822,*ST晨鑫：关于续聘会计师事务所的公告,,True,序，任一优拟担任项目质量控制复核人。任一优从事证券服务业务20年，负责
002449,2020-09-17,1208450491,国星光电：关于续聘会计师事务所的公告,,True,控经理陈翔拟担任项目质量控制复核人。陈翔，中国注册会计师，2004年1 || 册会计师2冯维和质量控制复核人陈翔不存在违反《中国注册会计师职业道
002449,2021-09-07,1210978000,国星光电：关于续聘会计师事务所的公告,,True,经理邵富霞拟担任项目质量控制复核人。邵富霞，中国注册会计师，2006年 || 册会计师2黄立和质量控制复核人邵富霞不存在违反《中国注册会计师职业 || 签字注册会计师、项目质量控制复核人不存在违反《中国注册会计师职业道德守
002450,2020-06-30,1207969832,*ST康得：关于拟续聘会计师事务所的公告,,True,，一直在王微是否复核人会计师公证天业会计师事务所（特殊普通
002464,2020-03-20,1207386548,众应互联：关于公司拟聘任会计师事务所的公告,,True,序，张学锋拟担任项目质量控制复核人。张学锋从事证券服务业务多年，负责审
002465,2023-08-25,1217635620,海格通信：关于拟变更会计师事务所的公告,,True,签字注册会计师、项目质量控制复核人近三年不存在因执业行为受到刑事处罚， || 签字注册会计师、项目质量控制复核人不存在可能影响独立性的情形。4、审计
002465,2024-03-29,1219447840,海格通信：关于拟续聘会计师事务所的公告,,True,本信息项目合伙人项目质量复核人员计师姓名吴志辉陈倩玲王建甫何时成为注 || 签字注册会计师和项目质量复核人员近三年不存在因执业行为受到刑事处罚， || 签字注册会计师、项目质量控制复核人不存在可能影响独立性的情形。4．审计
002468,2020-04-30,1207683721,申通快递：关于续聘公司2020年度审计机构的公告,,True,签字注册会计师及质量复核人员未持有和买卖公司股票，也不存在影响独
002465,2021-03-20,1209419331,海格通信：关于拟聘任会计师事务所的公告,,True,18年广州万孚生复核人物技术股份有限公司22．诚信记录序号 || 签字注册会计师和质量控制复核人不存在违反《中国注册会计师职业道德守
002470,2022-04-30,1213264216,ST金正：关于续聘会计师事务所的公告,,True,署审计报告。2.质量控制复核人员:王进。2010年成为中国执业注册
002470,2023-04-25,1216555080,ST金正：关于续聘会计师事务所的公告,,True,署审计报告。2、质量控制复核人员:王进。2010年成为中国执业注册
002470,2024-04-30,1219923348,金正大：关于续聘会计师事务所的公告,,True,业胜任能力。2、质量控制复核人员质量控制复核人员：王进。中国注册会 || 质量控制复核人员质量控制复核人员：王进。中国注册会计师，从事证券服
002472,2022-04-27,1213137977,双环传动：关于续聘会计师事务所的公告,,True,签字注册会计师、项目质量控制复核人近三年不存在因执业行为受到刑事处罚， || 签字注册会计师、项目质量控制复核人不存在可能影响独立性的情形。4、审计
002472,2024-04-12,1219583550,双环传动：关于续聘会计师事务所的公告,,True,签字注册会计师、项目质量控制复核人近三年不存在因执业行为受到刑事处罚， || 签字注册会计师、项目质量控制复核人不存在可能影响独立性的情形。4、审计
002472,2021-03-31,1209492278,双环传动：关于续聘2021年度审计机构的公告,,True,签字注册会计师、项目质量控制复核人近三年不存在因执业行为受到刑事处罚， || 签字注册会计师、项目质量控制复核人不存在可能影响独立性的情形。4、审计
002472,2023-04-20,1216479380,双环传动：关于续聘会计师事务所的公告,,True,签字注册会计师、项目质量控制复核人近三年不存在因执业行为受到刑事处罚， || 签字注册会计师、项目质量控制复核人不存在可能影响独立性的情形。4、审计
002473,2020-04-30,1207684878,圣莱达：关于拟续聘2020年度审计机构的公告,,True,券业务质量控控制复核人册会计制复核工作，曾任西部资源、恒星
002465,2022-03-26,1212688180,海格通信：关于拟聘任会计师事务所的公告,,True,20年广州万孚生复核人物技术股份有限公司2．诚信记录序号姓 || 签字注册会计师和质量控制复核人不存在违反《中国注册会计师职业道德守
002476,2020-04-24,1207589372,宝莫股份：拟聘任会计师事务所的公告,,True,序，陈广清拟担任项目质量控制复核人。陈广清从事证券服务业务24年，负责
002476,2023-04-20,1216475921,宝莫股份：拟聘任会计师事务所的公告,,True,司审计报告0份。项目质量控制复核人：蔡志良：1995年成为注册会计师。 || 签字注册会计师、项目质量控制复核人近三年未因执业行为受到刑事处罚，未受 || 签字注册会计师、项目质量控制复核人不存在可能影响独立性的情形。4、审计
002476,2022-04-20,1212975131,宝莫股份：拟聘任会计师事务所的公告,,True,司审计报告2份。项目质量控制复核人：蔡志良：1995年成为注册会计师。 || 签字注册会计师、项目质量控制复核人近三年未因执业行为受到刑事处罚，未受 || 签字注册会计师、项目质量控制复核人不存在可能影响独立性的情形。24、审
002479,2024-04-10,1219550878,富春环保：关于续聘会计师事务所的公告,,True,人签字注册会计师项目质量复核人员姓名沈佳盈叶思思何时成为注册会计师2 || 通合伙）正在开展项目质量复核人员独立性轮换工作，因此目前尚无法确定公 || 4年度审计项目的质量复核人员。2、诚信记录项目合伙人、签字注册会 || 签字注册会计师、项目质量复核人员近三年不存在因执业行为受到刑事处罚， || 签字注册会计师、项目质量控制复核人不存在可能影响独立性的情形。4、审计
002479,2022-03-31,1212745450,富春环保：关于关于聘任会计师事务所的公告,,True,质量控制暂未确定复核人注：由于天健会计师事务所（特殊普通合 || 通合伙）正在开展项目质量复核人员独立性轮换工作，因此目前尚无法确定公 || 2年度审计项目的质量复核人员。2、诚信记录项目合伙人、签字注册会 || 签字注册会计师、项目质量控制复核人近三年不存在因执业行为受到刑事处罚， || 签字注册会计师、项目质量控制复核人不存在可能影响独立性的情形。三、拟续
002479,2021-09-15,1211055405,富春环保：关于关于聘任会计师事务所的公告-049,,True,018年度审计报复核人告。2020年，复核济民药业、富春环 || 签字注册会计师、项目质量控制复核人近三年不存在因执业行为受到刑事处罚， || 签字注册会计师、项目质量控制复核人不存在可能影响独立性的情形。三、拟续
002479,2023-04-11,1216368519,富春环保：关于关于聘任会计师事务所的公告,,True,通合伙）正在开展项目质量复核人员独立性轮换工作，因此目前尚无法确定公 || 3年度审计项目的质量复核人员。2、诚信记录项目合伙人、签字注册会 || 签字注册会计师、项目质量控制复核人不存在可能影响独立性的情形。三、拟续
002483,2021-10-26,1211371953,润邦股份：关于拟续聘2021年度审计机构的公告,,True,程序，闫磊拟担任项目质量控制复核人。闫磊，注册会计师，2004年起从事 || 册会计师张希建、质量控制复核人闫磊最近三年未受（收）到刑事处罚、行
002483,2020-04-28,1207634099,润邦股份：关于拟续聘2020年度审计机构的公告,,True,程序，闫磊拟担任项目质量控制复核人。闫磊，注册会计师，2004年起从事 || 注册会计师孙超、质量控制复核人闫磊最近三年未受（收）到刑事处罚、行
002483,2022-08-24,1214368584,润邦股份：关于拟续聘2022年度审计机构的公告,,True,程序，闫磊拟担任项目质量控制复核人。闫磊，注册会计师，2004年起从事 || 签字注册会计师、项目质量控制复核人近三年未因执业行为受到刑事处罚，未受 || 签字注册会计师、项目质量控制复核人不存在可能影响审计独立性的情形。4、
002485,2021-08-28,1210891817,雪松发展：关于续聘会计师事务所的公告,,True,杨勇：本期（拟）质量控制复核人，注册会计师，自2000年起从事审计
002483,2023-04-04,1216315778,润邦股份：关于拟续聘2023年度审计机构的公告,,True,程序，闫磊拟担任项目质量控制复核人。闫磊，注册会计师，2004年起从事 || 签字注册会计师、项目质量控制复核人近三年未因执业行为受到刑事处罚，未受 || 签字注册会计师、项目质量控制复核人不存在可能影响审计独立性的情形。4、
002484,2024-04-12,1219579438,江海股份：南通江海电容器股份有限公司关于续聘 2024年度审计机构的公告,,True,年报审计和重无是复核人计师大资产重组审计等证券服务业务质量
002484,2022-03-25,1212667697,江海股份：南通江海电容器股份有限公司关于续聘2022年度审计机构的公告,,True,报审计和重大无是复核人计师资产重组审计等证券服务业务质量控
002485,2020-04-28,1207637415,希努尔：关于续聘会计师事务所的公告,,True,应专业胜任能力。项目质量控制复核人杨勇：注册会计师，从2000年起从事
002488,2021-04-29,1209855989,金固股份：关于续聘会计师事务所的公告,,True,签字注册会计师、项目质量控制复核人近三年不存在因执业行为受到刑事处罚， || 签字注册会计师、项目质量控制复核人不存在可能影响独立性的情形。4.审计
002484,2023-03-30,1216256750,江海股份：南通江海电容器股份有限公司关于续聘2023年度审计机构的公告,,True,报审计和重大无是复核人计师资产重组审计等证券服务业务质量控
002488,2023-04-04,1216319971,金固股份：关于续聘会计师事务所的公告,,True,签字注册会计师、项目质量控制复核人近三年不存在因执业行为受到刑事处罚， || 签字注册会计师、项目质量控制复核人不存在可能影响独立性的情形。4.审计
002488,2020-04-30,1207685587,金固股份：拟聘任会计师事务所的公告,,True,册1999年起至项目质量控制复核人贺梦然会计今，审计相20年师关工作2
002488,2024-04-29,1219863093,金固股份：关于续聘会计师事务所的公告,,True,签字注册会计师、项目质量控制复核人近三年不存在因执业行为受到证监会派出 || 签字注册会计师、项目质量控制复核人不存在可能影响独立性的情形。三、拟续
002493,2021-04-15,1209689751,荣盛石化：关于聘任会计师事务所的公告,,True,通程控股等上市公复核人年年司年度审计报告。2、诚信记录项目 || 签字注册会计师、项目质量控制复核人近三年不存在因执业行为受到刑事处罚， || 签字注册会计师、项目质量控制复核人不存在可能影响独立性的情形。4、审计
002493,2022-04-26,1213105272,荣盛石化：关于续聘会计师事务所的公告,,True,签字注册会计师、项目质量控制复核人近三年不存在因执业行为受到刑事处罚， || 签字注册会计师、项目质量控制复核人不存在可能影响独立性的情形。4、审计
002494,2023-02-03,1215756460,华斯股份：关于更换签字注册会计师和项目质量复核人员的公告,,True,签字注册会计师和项目质量复核人员的公告项目质量复核人员的公告本公司及 || 量复核人员的公告项目质量复核人员的公告本公司及董事会全体成员保证信息 || 签字注册会计师及项目质量控制复核人的更换情况公司于近日收到大华会计师事 || 签字注册会计师及项目质量复核人员的函》大华会计师事务所（特殊普通合伙 || 计服务，包铁军为项目质量复核人员为公司的审计服务项目提供复核工作。鉴 || 册会计师覃业贵及项目质量复核人员包铁军工作调整，现委派邱俊洲、陈磊为
002494,2020-04-08,1207461870,华斯股份：拟聘任会计师事务所的公告,,True,业胜任能力。2、质量控制复核人【项目质量控制负责人】：包铁军，注册 || 质量控制复核人【项目质量控制负责人】：包铁军，注册会计师，合伙人，19
002493,2023-04-20,1216478208,荣盛石化：关于续聘会计师事务所的公告,,True,2020年度审计复核人报告；2020年度，签署大参林、通程 || 签字注册会计师、项目质量控制复核人近三年存在因执业行为受到刑事处罚，受 || 签字注册会计师、项目质量控制复核人不存在可能影响独立性的情形。4、审计
002493,2024-04-26,1219827977,荣盛石化：关于续聘会计师事务所的公告,,True,境、湖南裕能等上复核人市公司年度审计报告。2、诚信记录项目 || 签字注册会计师、项目质量控制复核人近三年存在因执业行为受到刑事处罚，受 || 签字注册会计师、项目质量控制复核人不存在可能影响独立性的情形。4、审计
002496,2024-04-25,1219798446,辉丰股份：关于续聘2024年度审计机构的公告,,True,人签字注册会计师项目质量复核人员姓名闾力华张春洋陈丘刚何时成为注册会 || 签字注册会计师、项目质量复核人员近三年不存在因执业行为受到刑事处罚， || 签字注册会计师、项目质量复核人员不存在可能影响独立性的情形。三、拟聘
002499,2021-08-16,1210748388,*ST科林：关于续聘会计师事务所的公告,,True,签字注册会计师、项目质量控制复核人近三年不存在因执业行为受到刑事处罚， || 签字注册会计师、项目质量控制复核人不存在可能影响独立性的情形。4、审计
002501,2023-10-31,1218203668,利源股份：关于续聘会计师事务所的公告,,True,市公司审计报告。项目质量控制复核人：刘其东，2002年9月成为注册会计 || 签字注册会计师、项目质量控制复核人近三年未因执业行为受到刑事处罚，受到 || 签字注册会计师、项目质量控制复核人能够在执行本项目审计工作时保持独立性
002502,2020-04-29,1207667029,鼎龙文化：关于拟续聘2020年度审计机构的公告,,True,务超过5年。3、项目质量控制复核人：张学锋（1）执业资质：中国注册会计
002505,2020-04-29,1207666309,大康农业：关于续聘2020年度审计机构的公告,,True,册会计师16年制复核人务所，审计相关工作。1999年起从事
002506,2021-04-30,1209871643,协鑫集成：关于拟续聘会计师事务所的公告,,True,8.1017家制复核人拟签字注册邓雪雷2015.11201 || 签字注册会计师、项目质量控制复核人近三年不存在因执业行为受到刑事处罚， || 签字注册会计师、项目质量控制复核人不存在可能影响独立性的情形。4、审计
002506,2022-04-30,1213265786,协鑫集成：关于拟续聘会计师事务所的公告,,True,8.1020家制复核人拟签字注册许三春2019.12201 || 签字注册会计师、项目质量控制复核人近三年不存在因执业行为受到刑事处罚， || 签字注册会计师、项目质量控制复核人不存在可能影响独立性的情形。4、审计
002506,2023-04-27,1216621810,协鑫集成：关于拟续聘会计师事务所的公告,,True,2.1012家制复核人拟签字注册许三春2019.12201 || 签字注册会计师、项目质量控制复核人近三年不存在因执业行为受到刑事处罚， || 签字注册会计师、项目质量控制复核人不存在可能影响独立性的情形。4、审计
002506,2024-04-27,1219861534,协鑫集成：关于拟续聘会计师事务所的公告,,True,10公司1家，制复核人挂牌公司29家拟签字注册许三春201 || 签字注册会计师、项目质量控制复核人近三年不存在因执业行为受到刑事处罚， || 签字注册会计师、项目质量控制复核人不存在可能影响独立性的情形。4、审计
002507,2021-04-29,1209847154,涪陵榨菜：关于续聘会计师事务所的公告,,True,拟签字注册会计师项目质量控制复核人字注册会计师姓名李青龙李小燕倪春华何 || 签字注册会计师、项目质量控制复核人不存在可能影响独立性的情形。4.审计
002507,2023-03-25,1216218311,涪陵榨菜：关于续聘会计师事务所的公告,,True,拟签字注册会计师项目质量控制复核人字注册会计师姓名赵兴明李小燕唐彬彬何 || 签字注册会计师、项目质量控制复核人近三年不存在因执业行为受到刑事处罚， || 签字注册会计师、项目质量控制复核人不存在可能影响独立性的情形。4.审计
002512,2020-04-29,1207662590,达华智能：关于续聘2020年审计机构的公告,,True,政部检查等工作。质量控制复核人【项目质量控制负责人】：包铁军，注册 || 质量控制复核人【项目质量控制负责人】：包铁军，注册会计师，合伙人，19
002515,2023-04-25,1216548913,金字火腿：关于续聘2023年度审计机构的公告,,True,签字注册会计师、项目质量控制复核人近三年不存在因执业行为受到刑事处罚， || 签字注册会计师、项目质量控制复核人不存在可能影响独立性的情形。4.审计
002515,2020-04-24,1207586599,金字火腿：关于续聘2020年度审计机构的公告,,True,计相关工29控制复核人师作2000年8月至今，天健会注册会
002515,2024-04-23,1219744557,金字火腿：关于续聘2024年度审计机构的公告,,True,年2024年注3复核人注1：近三年签署或复核上市公司审计报 || 签字注册会计师、项目质量控制复核人近三年不存在因执业行为受到刑事处罚， || 签字注册会计师、项目质量控制复核人不存在可能影响独立性的情形。4.审计
002516,2020-04-21,1207538480,旷达科技：关于续聘2020年度审计机构的公告,,True,序，周玉薇拟担任项目质量控制复核人。周玉薇从事证券服务业务17年，负责
002515,2022-03-16,1212579926,金字火腿：关于续聘2022年度审计机构的公告,,True,签字注册会计师、项目质量控制复核人近三年不存在因执业行为受到刑事处罚， || 签字注册会计师、项目质量控制复核人不存在可能影响独立性的情形。4.审计
002516,2022-04-12,1212883304,旷达科技：关于续聘2022年度审计机构的公告,,True,报告1份。（3）项目质量控制复核人周玉薇：2009年成为注册会计师，2 || 签字注册会计师、项目质量控制复核人不存在可能影响独立性的情形。4、审计
002516,2023-03-31,1216269947,旷达科技：关于续聘2023年度审计机构的公告,,True,审计报告10份。项目质量控制复核人周玉薇：2009年成为注册会计师，2 || 注册会计师郭锐、项目质量控制复核人周雨薇近三年未因执业行为受到刑事处罚 || 签字注册会计师、项目质量控制复核人不存在可能影响独立性的情形。4、审计
002520,2020-04-29,1207653762,日发精机：关于续聘2020年度审计机构的公告,,True,倪侃侃20年控制复核人会计师师事务所工作。中国注册2001
002520,2021-04-28,1209830847,日发精机：关于聘任2021年度审计机构的公告,,True,10年2020年复核人银业2018年度审计报告；2020年 || 签字注册会计师、项目质量控制复核人近三年不存在因执业行为受到刑事处罚， || 签字注册会计师、项目质量控制复核人不存在可能影响独立性的情形。三、拟聘
002521,2021-12-11,1211877812,齐峰新材：关于变更会计师事务所的公告,,True,家。（3）拟安排项目质量控制复核人员：韩赟云上会会计师事务所合伙人，经 || 签字注册会计师、项目质量控制复核人近三年不存在因执业行为受到刑事处罚， || 签字注册会计师、项目质量控制复核人不存在可能影响独立性的情形。4.审计
002523,2022-08-06,1214230393,天桥起重：关于续聘2022年度审计机构的公告,,True,签字注册会计师、项目质量控制复核人基本信息如下：项目合伙人及签字注册会 || 军及其团队拟担任项目质量控制复核人。王军，1998年成为注册会计师，2 || 签字注册会计师、项目质量控制复核人近三年不存在因执业行为受到2刑事处罚 || 签字注册会计师、项目质量控制复核人等不存在可能影响独立性的情形。4．审
002523,2023-08-30,1217700820,天桥起重：关于续聘2023年度审计机构的公告,,True,签字注册会计师、项目质量控制复核人基本信息如下：项目合伙人及签字注册会 || 军及其团队拟担任项目质量控制复核人。王军，1998年成为注册会计师，2 || 签字注册会计师、项目质量控制复核人近三年不存在因执业行为受到刑事处罚， || 签字注册会计师、项目质量控制复核人等不存在可能影响独立性的情形。4．审
002526,2023-04-21,1216488158,山东矿机：关于续聘会计师事务所的公告,,True,永拓会计师事务所质量控制复核人，中国注册会计师。2016年1月28 || 签字注册会计师、项目质量控制复核人近三年不存在因执业行为受到刑事处罚， || 签字注册会计师、项目质量控制复核人等不存在违反《中国注册会计师职业道德
002526,2024-04-24,1219767513,山东矿机：关于续聘会计师事务所的公告,,True,永拓会计师事务所质量控制复核人，中国注册会计师。2016年1月28 || 签字注册会计师、项目质量控制复核人近三年不存在因执业行为受到刑事处罚， || 签字注册会计师、项目质量控制复核人等不存在违反《中国注册会计师职业道德
002529,2021-04-29,1209857030,*ST海源：关于续聘公司2021年度审计机构的公告,,True,注册会计师王燕、项目质量控制负责人邱程红最近三年未受到刑事处罚、行政处
002529,2022-04-26,1213118833,海源复材：关于续聘公司2022年度审计机构的公告,,True,册会计师查文婷、项目质量控制负责人邱程红最近三年未受到刑事处罚、行政处
002529,2023-04-27,1216618075,海源复材：关于续聘公司2023年度审计机构的公告,,True,注册会计师周峰、项目质量控制负责人邱程红最近三年未受到刑事处罚、行政处
002530,2021-04-28,1209827928,金财互联：关于拟续聘会计师事务所的公告,,True,4无是控制会计师复核人执业，并开始为本所提供审计服务，先后 || 卞文漪、赵海蓉，质量控制复核人刘文华符合独立性要求，近三年未受到刑
002530,2020-04-28,1207637038,金财互联：关于拟续聘会计师事务所的公告,,True,企业26无是控制复核人IPO的流程和运作程序，对现代独立审 || 卞文漪、赵海蓉，质量控制复核人陆士敏符合独立性要求，近三年未受到刑
002529,2024-04-29,1219869889,海源复材：关于续聘公司2024年度审计机构的公告,,True,注册会计师周峰、项目质量控制负责人高靖杰最近三年未受到刑事处罚、行政处
002530,2022-04-29,1213201393,金财互联：关于拟续聘会计师事务所的公告,,True,20年10家控制复核人2、诚信记录3证券代码：002530 || 签字注册会计师、项目质量控制复核人近三年未受到刑事处罚、行政处罚、行政 || 签字注册会计师、项目质量控制复核人不存在可能影响独立性的情形。4、审计
002532,2020-04-30,1207681628,新界泵业：关于拟续聘2020年度审计机构的公告,,True,2018年至今7复核人计师在天健会计师事务所工作2006年
002532,2023-03-18,1216149888,天山铝业：关于续聘会计师事务所的公告,,True,册会计师刘艳林、项目质量控制复核人2/4陈家作近三年不存在因执业行为受 || 册会计师刘艳林、项目质量控制复核人陈家作不存在可能影响独立性的情形。4
002532,2022-04-08,1212837069,天山铝业：关于续聘会计师事务所的公告,,True,15年2019年复核人近3年复核3家上市公司审计报告2.诚 || 册会计师肖明明、项目质量控制复核人罗跃龙近三年不存在因执业行为受到刑事 || 册会计师肖明明、项目质量控制复核人罗跃龙不存在可能影响独立性的情形。4
002532,2024-04-09,1219534489,天山铝业：关于续聘会计师事务所的公告,,True,册会计师刘艳林、项目质量控制复核人高云川近三年不存在因执业行为受到刑事 || 册会计师刘艳林、项目质量控制复核人高云川不存在可能影响独立性的情形。4
002532,2021-04-08,1209648358,天山铝业：关于续聘会计师事务所的公告,,True,9年审计报告、最复核人近3年复核8家上市公司2/4审计报告 || 册会计师肖明明、项目质量控制复核人罗跃龙近三年不存在因执业行为受到刑事 || 册会计师肖明明、项目质量控制复核人罗跃龙不存在可能影响独立性的情形。4
002535,2020-04-30,1207687160,林州重机：关于拟聘任会计师事务所的公告,,True,程，郭国卫拟担任项目质量控制复核人。郭国卫，中国注册会计师、高级会计师 || 计师）、郭国卫（质量控制复核人）不存在违反《中国注册会计师职业道德
002534,2024-03-30,1219473735,西子洁能：关于续聘天健会计师事务所（特殊普通合伙）为公司2024年度审计机构的公告,,True,签字注册会计项目质量复核人基本信息项目合伙人师员姓名闾力华张春 || 开始从事上市公量复核人员独立2004年2011年司审计性轮 || 年签署或复核上目质量复核人注1注2员。市公司审计报告情况注1： || 签字注册会计师、项目质量复核人员近三年不存在因执业行为受到刑事处罚， || 签字注册会计师、项目质量复核人员不存在可能影响独立性的情形。特此公告
002534,2022-03-31,1212750375,西子洁能：关于续聘天健会计师事务所（特殊普通合伙）为公司2022年度审计机构的公告,,True,签字注册会计师、项目质量控制复核人近三年不存在因执业行为受到刑事处罚， || 签字注册会计师、项目质量控制复核人不存在可能影响独立性的情形。三、拟续
002535,2021-04-30,1209871511,*ST林重：关于拟续聘会计师事务所的公告,,True,程，郭国卫拟担任项目质量控制复核人。郭国卫，中国注册会计师、高级会计师 || 计师）、郭国卫（质量控制复核人）不存在违反《中国注册会计师职业道德
002539,2022-04-15,1212918999,云图控股：关于续聘2022年度审计机构的公告,,True,签字注册会计师、项目质量控制复核人近三年不存在因执业行为受到刑事处罚， || 签字注册会计师、项目质量控制复核人等不存在可能影响独立性的情形。4、审
002539,2021-03-20,1209418735,云图控股：关于续聘2021年度审计机构的公告,,True,签字注册会计师、项目质量控制复核人近三年不存在因执业行为受到刑事处罚， || 签字注册会计师、项目质量控制复核人等不存在可能影响独立性的情形。4、审
002539,2020-04-28,1207635499,云图控股：关于续聘2020年度审计机构的公告,,True,计于波成19年制复核人计师师事务所，从事审计相关工作。19
002539,2023-04-08,1216356599,云图控股：关于续聘2023年度审计机构的公告,,True,股、华图山鼎等制复核人上市公司2020年度审计报告；202 || 签字注册会计师、项目质量控制复核人近三年不存在因执业行为受到刑事处罚， || 签字注册会计师、项目质量控制复核人等不存在可能影响独立性的情形。4、审
002539,2024-04-13,1219593511,云图控股：关于续聘2024年度审计机构的公告,,True,签字注册会计师、项目质量控制复核人近三年不存在因执业行为受到刑事处罚， || 签字注册会计师、项目质量控制复核人等不存在可能影响独立性的情形。4、审
002541,2022-03-31,1212744482,鸿路钢构：关于续聘2022年度审计机构的公告,,True,签字注册会计师、项目质量控制复核人近三年存在因执业行为受到刑事处罚，受 || 签字注册会计师、项目质量控制复核人不存在可能影响独立性的情形。4、审计
002541,2023-03-31,1216275414,鸿路钢构：关于续聘2023年度审计机构的公告,,True,签字注册会计师、项目质量控制复核人近三年不存在因执业行为受到刑事处罚， || 签字注册会计师、项目质量控制复核人不存在可能影响独立性的情形。4、审计
002542,2020-04-23,1207558019,中化岩土：关于续聘2020年度审计机构的公告,,True,业胜任能力。2、项目质量控制复核人：根据致同所质量控制政策和程序，关黎 || 序，关黎明拟担任项目质量控制复核人。关黎明，注册会计师，1993年起从
002541,2024-03-30,1219468482,鸿路钢构：关于续聘2024年度审计机构的公告,,True,人签字注册会计师项目质量复核人员姓名孙涛许念来郑俭何时成为注册会计师 || 签字注册会计师、项目质量控制复核人近三年不存在因执业行为受到刑事处罚， || 签字注册会计师、项目质量控制复核人不存在可能影响独立性的情形。4、审计
002542,2022-04-12,1212884823,中化岩土：关于续聘2022年度审计机构的公告,,True,，复核上市公司审复核人计报告5份2．诚信记录项目合伙人、签 || 签字注册会计师、项目质量控制复核人近三年未因执业行为受到刑事处罚，未受 || 签字注册会计师、项目质量控制复核人不存在可能影响独立性的情形。4．审计
002543,2023-04-04,1216315175,万和电气：关于审计机构变更项目质量控制复核人的公告,,True,关于审计机构变更项目质量控制复核人的公告本公司及董事会全体成员保证信息 || 出具的《关于年审项目质量控制复核人变更的函》，现将具体内容公告如下：一 || 下：一、本次变更项目质量控制复核人的基本情况致同事务所作为公司2022 || 师，童登书先生为项目质量控制复核人，为公司提供审计服务，因致同事务所内 || 2年度审计项目的项目质量控制复核人，继续完成相关工作。二、变更后的项目 || 作。二、变更后的项目质量控制复核人信息1、基本信息注册会计师开始从事上
002542,2023-04-17,1216414486,中化岩土：关于续聘2023年度审计机构的公告,,True,，复核上市公司审复核人计报告5份2．诚信记录项目合伙人、签 || 签字注册会计师、项目质量控制复核人近三年未因执业行为受到刑事处罚，未受 || 签字注册会计师、项目质量控制复核人不存在可能影响独立性的情形。4．审计
002543,2021-04-29,1209855115,万和电气：关于续聘2021年度审计机构的公告,,True,7年2019年制复核人复核上市公司审计报告6家、新三板挂牌 || 签字注册会计师、项目质量控制复核人不存在违反《中国注册会计师职业道德守
002543,2022-04-30,1213262871,万和电气：关于续聘2022年度审计机构的公告,,True,7年2022年制复核人上市公司审计报告超20份2、诚信记录 || 签字注册会计师、项目质量控制复核人不存在违反《中国注册会计师职业道德守
002546,2023-12-26,1218727363,新联电子：关于变更签字注册会计师的公告,,True,会计师，张雷作为项目质量复核人员共同为公司提供审计服务。公证天业因内
002548,2021-04-28,1209836666,金新农：关于续聘公司2021年度审计机构的公告,,True,签字注册会计师、项目质量控制复核人近三年不存在因执业行为受到刑事处罚， || 签字注册会计师、项目质量控制复核人不存在可能影响独立性的情形。4、审计
002548,2020-04-18,1207524711,金新农：关于续聘公司2020年度审计机构的公告,,True,参加工作，20制复核人注册税务师先后在立信、德勤从事审计相
002548,2022-04-26,1213109813,金新农：关于续聘公司2022年度审计机构的公告,,True,签字注册会计师、项目质量控制复核人近三年不存在因执业行为受到刑事处罚、 || 签字注册会计师、项目质量控制复核人不存在可能影响独立性的情形。4、审计
002548,2024-04-30,1219919091,金新农：关于续聘会计师事务所的公告,,True,签字注册会计师、项目质量控制复核人近三年不存在因执业行为受到刑事处罚、 || 签字注册会计师、项目质量控制复核人不存在可能影响独立性的情形。4、审计
002548,2023-04-29,1216685003,金新农：关于续聘公司2023年度审计机构的公告,,True,签字注册会计师、项目质量控制复核人近三年不存在因执业行为受到刑事处罚、 || 签字注册会计师、项目质量控制复核人不存在可能影响独立性的情形。4、审计
002549,2020-04-29,1207655984,凯美特气：关于拟续聘会计师事务所的公告,,True,序，邱连强拟担任项目质量控制复核人。邱连强1998年起从事注册会计师业 || 大资产重组审计的项目质量控制复核人，具备相应专业胜任能力。6、独立性和
002552,2023-03-17,1216135172,宝鼎科技：关于年度审计机构变更项目质量复核人员的公告,,True,年度审计机构变更项目质量复核人员的公告本公司及董事会全体成员保证信息 || 签字注册会计师及项目质量复核人员的函》，具体内容如下：一、本次变更项 || 下：一、本次变更项目质量复核人员的情况大华会计师事务所作为公司202 || 计服务、李峻雄为项目质量复核人员为公司的审计服务项目提供复核工作。鉴 || 复核工作。鉴于原项目质量复核人员李峻雄工作调整，根据大华会计师事务所 || ，现委派朴仁花为项目质量复核人员，负责公司2022年度财务报表及内部
002554,2020-04-28,1207639953,惠博普：关于续聘公司2020年度审计机构的公告,,True,胜任能力。拟担任项目质量控制复核人王祖诚：注册会计师，从2003年起从
002554,2021-04-28,1209829085,惠博普：关于续聘公司2021年度审计机构的公告,,True,签字注册会计师、项目质量控制复核人不存在违反《中国注册会计师职业道德守 || 胜任能力。拟担任项目质量控制复核人王祖诚：注册会计师，从2003年起从
002555,2020-04-02,1207447602,三七互娱：关于聘任会计师事务所的公告,,True,程序，张玉拟担任项目质量控制复核人。张玉从事证券服务业务多年，负责审计
002559,2020-04-21,1207538038,亚威股份：关于续聘会计师事务所的公告,,True,力；薛婉如，拟任项目质量控制复核人，中国注册会计师，从事注册会计师审计
002559,2023-08-12,1217523308,亚威股份：关于续聘会计师事务所的公告,,True,计师许旭珍及拟任项目质量控制复核人薛婉如近三年不存在因执业行为受到刑事 || 签字注册会计师、项目质量控制复核人等与公司、实际控制人、控股股东、董事
002561,2020-03-28,1207415983,徐家汇：关于拟续聘2020年度审计机构的公告,,True,等上市公司审计的质量控制复核人。项目质量控制合伙人是否从事过证券服 || 签字注册会计师和质量控制复核人不存在违反《中国注册会计师职业道德守
002562,2021-04-29,1209851259,兄弟科技：关于续聘会计师事务所的公告,,True,科技2018年审复核人计报告；2018年，签署奥康国际、裕 || 签字注册会计师、项目质量控制复核人近三年存在因执业行为受到刑事处罚，受 || 签字注册会计师、项目质量控制复核人不存在可能影响独立性的情形。三、相关
002562,2023-03-31,1216280729,兄弟科技：关于续聘会计师事务所的公告,,True,7年2022年制复核人年审计报告；2020年签署开立医疗、 || 签字注册会计师、项目质量控制复核人近三年不存在因执业行为受到刑事处罚， || 纪律处分的情况；项目质量控制复核人近三年不存在受到证监会及其派出机构、 || 签字注册会计师、项目质量控制复核人不存在可能影响独立性的情形。三、相关
002562,2022-04-28,1213167134,兄弟科技：关于续聘会计师事务所的公告,,True,签字注册会计师、项目质量控制复核人近三年不存在因执业行为受到刑事处罚， || 签字注册会计师、项目质量控制复核人不存在可能影响独立性的情形。三、相关
002562,2020-04-20,1207524174,兄弟科技：关于续聘会计师事务所的公告,,True,师事务黄志恒23复核人计师所，审计相关工作。拟签字注册会中
002563,2021-04-13,1209674163,森马服饰：关于拟聘请会计师事务所的公告,,True,签字会计师（3）质量控制复核人近三年从业情况：时间上市公司名称职务 || 签字注册会计师、质量控制复核人不存在违反《中国注册会计师职业道德守
002562,2024-04-20,1219702905,兄弟科技：关于续聘会计师事务所的公告,,True,人签字注册会计师项目质量复核人员姓名胡青何冰青杨兰何时成为注册会计师 || 签字注册会计师、项目质量复核人员近三年不存在因执业行为受到刑事处罚， || 签字注册会计师、项目质量复核人员不存在可能影响独立性的情形。4、审计
002563,2022-03-31,1212742976,森马服饰：关于拟聘请会计师事务所的公告,,True,9年2021年制复核人（1）项目合伙人近三年从业情况：时间 || 签字会计师（3）项目质量控制复核人近三年从业情况：时间上市公司名称职务 || 签字注册会计师、质量控制复核人不存在违反《中国注册会计师职业道德守
002563,2024-04-02,1219489507,森马服饰：关于拟聘请会计师事务所的公告,,True,9年2021年制复核人（1）项目合伙人近三年从业情况：时间 || 签字会计师（3）项目质量控制复核人近三年从业情况：时间上市公司名称职务 || 服饰股份有限公司质量控制复核人2023年浙江新柴股份有限公司质量控 || 新柴股份有限公司质量控制复核人2、诚信记录拟签字注册会计师最近三年 || 签字注册会计师、质量控制复核人不存在违反《中国注册会计师职业道德守
002564,2020-08-28,1208279150,天沃科技：关于拟续聘2020年度会计师事务所的公告,,True,凌松梅、郭卫娜，质量控制复核人林德伟符合独立性要求，近3证券代码：
002564,2021-03-17,1209393901,天沃科技：关于拟续聘2021年度会计师事务所的公告,,True,郝世明、豆国梁，质量控制复核人林德伟符合独立性要求，近三年未受到刑
002569,2022-12-14,1215342341,ST步森：关于续聘2022年度审计机构的补充更正公告,,True,签字注册会计师、项目质量控制复核人近三年未因执业行为受到刑事处罚，未受 || 签字注册会计师、项目质量控制复核人近三年未因执业行为受到刑事处罚，未受 || 签字注册会计师、项目质量控制复核人近三年未受到证监会及其派出机构、行业
002570,2020-04-28,1207643490,贝因美：关于续聘会计师事务所的公告,,True,在天健会王晨9年复核人会计师计师事务所从事审计相关工作。详
002570,2020-10-29,1208638045,贝因美：关于变更会计师事务所的公告,,True,场相关李虹13年复核人师服务，曾负责审计和复核多家上市公司
002570,2021-10-30,1211438244,贝因美：关于聘任会计师事务所的公告,,True,市公司、21年制复核人央企及其他公司的年度审计工作。201
002574,2023-04-29,1216697450,明牌珠宝：关于拟续聘会计师事务所的公告,,True,签字注册会计师、项目质量控制复核人近三年不存在因执业行为受到刑事处罚， || 签字注册会计师、项目质量控制复核人不存在可能影响独立性的情形。4、审计
002574,2024-04-26,1219827531,明牌珠宝：关于续聘公司2024年度审计机构的公告,,True,签字注册会计师、项目质量复核人员近三年不存在因执业行为受到刑事处罚， || 签字注册会计师、项目质量复核人员不存在可能影响独立性的情形。4、审计
002574,2022-04-29,1213205279,明牌珠宝：关于拟续聘会计师事务所的公告,,True,签字注册会计师、项目质量控制复核人近三年不存在因执业行为受到刑事处罚， || 签字注册会计师、项目质量控制复核人不存在可能影响独立性的情形。4、审计
002577,2020-04-28,1207644519,雷柏科技：关于拟续聘会计师事务所的公告,,True,等多家上20年制复核人市公司的年报审计，积累了比较丰富的注
002577,2022-03-30,1212730237,雷柏科技：关于拟续聘会计师事务所的公告,,True,册会计师吴亚亚、项目质量控制复核人郭晓鹏近三年未因执业行为受到刑事处罚
002577,2021-10-27,1211388668,雷柏科技：关于拟续聘会计师事务所的公告,,True,计师事务所执业，项目质量控制复核人郭晓鹏近三年签署或复核过火炬电子、国 || 册会计师吴亚亚、项目质量控制复核人郭晓鹏近三年未因执业行为受到刑事处罚
002577,2023-04-08,1216357582,雷柏科技：关于拟续聘会计师事务所的公告,,True,册会计师贺志雄、项目质量控制复核人郭晓鹏近三年内未曾因执业行为受到刑事 || 签字会计师、项目复核人具体审计业务的签字注册会计师身份证件
002579,2022-04-26,1213109027,中京电子：关于续聘2022年度会计师事务所的公告,,True,签字注册会计师、项目质量控制复核人近三年不存在因执业行为受到刑事处罚， || 签字注册会计师、项目质量控制复核人不存在可能影响独立性的情形。三、续聘
002579,2021-04-23,1209773827,中京电子：关于续聘2021年度会计师事务所的公告,,True,签字注册会计师、项目质量控制复核人近三年不存在因执业行为受到刑事处罚， || 签字注册会计师、项目质量控制复核人不存在可能影响独立性的情形。三、续聘
002579,2023-04-21,1216493050,中京电子：关于续聘2023年度会计师事务所的公告,,True,签字注册会计师、项目质量控制复核人近三年不存在因执业行为受到刑事处罚， || 签字注册会计师、项目质量控制复核人不存在可能影响独立性的情形。三、续聘
002579,2024-04-26,1219825524,中京电子：13-关于续聘2024年度会计师事务所的公告,,True,签字注册会计师、项目质量控制复核人近三年不存在因执业行为受到刑事处罚， || 签字注册会计师、项目质量控制复核人不存在可能影响独立性的情形。4、审计
002579,2020-04-10,1207474435,中京电子：关于续聘2020年度会计师事务所的公告,,True,，目前在23年制复核人坤会计师事务所承担质量控制及复核工作
002582,2021-04-29,1209855502,好想你：关于续聘2021年度审计机构的公告,,True,册会计师孙慧敏、项目质量控制复核人蒋晓东近三年不存在因执业行为受到刑事
002582,2024-04-26,1219836201,好想你：关于续聘2024年度审计机构的公告,,True,洁美科技、龙马环复核人卫、杭汽轮中控技术、博威合金、济民医 || 签字注册会计师、项目质量控制复核人近三年不存在因执业行为受到刑事处罚，
002582,2022-04-29,1213207116,好想你：关于续聘2022年度审计机构的公告,,True,93年2019年复核人卫、杭汽轮等（二）诚信记录签字注册会 || 注册会计师张娟、项目质量控制复核人蒋晓东近三年不存在因执业行为受到刑事
002583,2020-12-26,1208995627,海能达：关于续聘致同会计师事务所为公司2020年度审计机构的公告,,True,序，童登书拟担任项目质量控制复核人。童登书从事证券服务业务20年以上，
002583,2023-12-05,1218510827,海能达：关于续聘2023年度财务审计机构和内部控制审计机构的公告,,True,签字注册会计师、项目质量控制复核人近三年无执业行为受到刑事处罚，受到证 || 签字注册会计师、项目质量控制复核人能够在执行本项目审计工作时保持独立性
002582,2023-04-28,1216661537,好想你：关于续聘2023年度审计机构的公告,,True,93年2019年复核人卫、杭汽轮等（二）诚信记录项目合伙人 || 签字注册会计师、项目质量控制复核人近三年不存在因执业行为受到刑事处罚，
002583,2021-10-30,1211438350,海能达：关于续聘致同会计师事务所为公司2021年度审计机构的公告,,True,序，童登书拟担任项目质量控制复核人。童登书从事证券服务业务20年以上，
002583,2022-10-25,1214882317,海能达：关于续聘2022年度财务审计机构和内部控制审计机构的公告,,True,签字注册会计师、项目质量控制复核人近三年无执业行为受到刑事处罚，受到证 || 签字注册会计师、项目质量控制复核人能够在执行本项目审计工作时保持独立性
002585,2021-03-30,1209476922,双星新材：关于续聘2021年审计机构的公告,,True,报审计工作。3、质量控制复核人姓名：戎凯宇执业资质：中国注册会计师 || 莫旭巍、徐西蕊，质量控制复核人戎凯宇符合独立性要求，近三年未受到刑
002586,2022-04-30,1213267768,*ST围海：关于续聘 2022 年度审计机构的公告,,True,技李大胜14年制复核人师、华丽家族（600503.SH）（ || 签字注册会计师、项目质量控制复核人近三年不存在因执业行为受到刑事处罚， || 签字注册会计师、项目质量控制复核人等不存在可能影响《中国注册会计师职业
002586,2023-04-29,1216704167,ST围海：关于续聘 2023 年度审计机构的公告,,True,、华丽家15年制复核人胜计师族（600503.SH）、风范 || 签字注册会计师、项目质量控制复核人近三年不存在因执业行为受到刑事处罚， || 签字注册会计师、项目质量控制复核人等不存在可能影响《中国注册会计师职业
002585,2020-04-29,1207659131,双星新材：关于续聘2020年审计机构的公告,,True,司年报审计、3、质量控制复核人姓名：戎凯宇执业资质：中国注册会计师 || 师莫旭巍、李明，质量控制复核人戎凯宇符合独立性要求，近三年未受到刑
002588,2020-04-29,1207656611,史丹利：关于续聘2020年度审计机构的公告,,True,序，童登书拟担任项目质量控制复核人。童登书自1987年起从事注册会计师
002590,2024-03-23,1219386374,万安科技：关于变更签字注册会计师及质控复核人的公告,,True,注册会计师及质控复核人的公告本公司及董事会全体成员保证本公 || 一、签字会计师、质量控制复核人变更情况立信会计师事务所（特殊普通合 || 师，陈科举先生为项目质量控制复核人。鉴于立信内部工作调整，为更好地完成 || 改派邓红玉先生为项目质量控制复核人，继续完成公司2023年度审计相关工 || 注册会计师及质控复核人的基本信息施杰先生，2024年2月成 || 注册会计师及质控复核人的独立性和诚信情况施杰先生、邓红玉先
002591,2022-04-12,1212884501,恒大高新：关于续聘2022年度审计机构的公告,,True,签字注册会计师及质量复核人员近三年不存在因执业行为受到刑事处罚， || 签字注册会计师及质量复核人员不存在违反《中国注册会计师职业道德守
002591,2021-04-30,1209868243,恒大高新：关于续聘2021年度审计机构的公告,,True,签字注册会计师及质量控制复核人员近三年不存在因执业行为受到刑事处罚
002598,2022-03-31,1212747959,山东章鼓：关于公司续聘2022年度会计师事务所的公告,,True,签字注册会计师、项目质量控制复核人近三年（最近三个完整自然年度及当年） || 签字注册会计师、项目质量控制复核人，不存在违反《中国注册会计师职业道德
002598,2024-04-23,1219741268,山东章鼓：关于公司续聘2024年度会计师事务所的公告,,True,签字注册会计师、项目质量控制复核人近三年（最近三个完整自然年度及当年） || 签字注册会计师、项目质量控制复核人，不存在违反《中国注册会计师职业道德
002603,2021-04-09,1209658031,以岭药业：关于聘任2021年度财务审计机构的公告,,True,审计等证券服务。质量控制复核人：倪俊倪俊从事证券服务业务超过20年 || 册会计师孙红玉、质量控制复核人倪俊最近三年未受到刑事处罚、行政处罚
002603,2020-04-28,1207638471,以岭药业：关于聘任2020年度财务审计机构的公告,,True,审计等证券服务。质量控制复核人：龙哲龙哲从事证券服务业务18年，负 || 册会计师孙红玉、质量控制复核人龙哲最近三年未受到刑事处罚、行政处罚
002606,2021-04-23,1209773524,大连电瓷：关于拟续聘会计师事务所的公告,,True,审计报告。（3）质量控制复核人从业经历：朱敏，中国注册会计师，合伙 || 签字注册会计师和质量控制复核人不存在违反《中国注册会计师职业道德守
002605,2020-04-28,1207642516,姚记科技：关于续聘2020年度审计机构的公告,,True,合伙），从9年师复核人事审计相关工作。中国注册会计梁志勇同
002606,2023-04-27,1216611526,大连电瓷：关于拟续聘会计师事务所的公告,,True,签字注册会计师、项目质量控制复核人近三年不存在因执业行为受到刑事处罚，
002606,2020-04-28,1207638915,大连电瓷：关于拟续聘会计师事务所的公告,,True,审计经验。（3）质量控制复核人从业经历：许菊萍，中国注册会计师，合 || 签字注册会计师和质量控制复核人不存在违反《中国注册会计师职业道德守
002606,2022-04-22,1213026414,大连电瓷：关于拟续聘会计师事务所的公告,,True,签字注册会计师、项目质量控制复核人近三年不存在因执业行为受到刑事处罚，
002606,2024-04-25,1219799779,大连电瓷：关于拟续聘会计师事务所的公告,,True,22年0家李会英质量控制复核人2004年2003年2017年1月2 || 签字注册会计师、项目质量控制复核人近三年不存在因执业行为受到刑事处罚， || 签字注册会计师、项目质量控制复核人不存在可能影响独立性的情形。（三）审
002609,2021-04-24,1209795752,捷顺科技：关于续聘2021年度审计机构的公告,,True,签字注册会计师、项目质量控制复核人近三年不存在因执业行为受到刑事处罚， || 签字注册会计师、项目质量控制复核人不存在可能影响独立性的情形。4、审计
002609,2020-04-25,1207606241,捷顺科技：关于聘任2020年度审计机构的公告,,True,会计王柳CPA8复核人师事务所，审计相关工作。2012年2
002609,2022-04-23,1213055642,捷顺科技：关于续聘2022年度审计机构的公告,,True,签字注册会计师、项目质量控制复核人近三年不存在因执业行为受到刑事处罚， || 签字注册会计师、项目质量控制复核人不存在可能影响独立性的情形。4、审计
002609,2023-01-18,1215640601,捷顺科技：关于拟变更会计师事务所的公告（更新前）,,True,签字注册会计师、项目质量控制复核人近三年不存在因执业行为受到刑事处罚， || 签字注册会计师、项目质量控制复核人不存在违反《中国注册会计师职业道德守
002609,2024-04-27,1219863596,捷顺科技：关于续聘2024年度审计机构的公告,,True,签字注册会计师、项目质量控制复核人近三年不存在因执业行为受到刑事处罚， || 签字注册会计师、项目质量控制复核人不存在违反《中国注册会计师职业道德守
002609,2023-02-04,1215768703,捷顺科技：关于拟变更会计师事务所的公告（更新后）,,True,签字注册会计师、项目质量控制复核人近三年不存在因执业行为受到刑事处罚， || 签字注册会计师、项目质量控制复核人不存在违反《中国注册会计师职业道德守
002609,2023-04-26,1216591316,捷顺科技：关于续聘2023年度审计机构的公告,,True,签字注册会计师、项目质量控制复核人近三年不存在因执业行为受到刑事处罚， || 签字注册会计师、项目质量控制复核人不存在违反《中国注册会计师职业道德守
002613,2021-04-29,1209846315,北玻股份：关于续聘会计师事务所的公告,,True,公司2家。拟担任质量控制复核人（项目独立复核合伙人）：王建新先生， || 控制复核人（项目独立复核合伙人）：王建新先生，注册会计师，2004 || 项目签字合伙人、项目质量控制复核人、项目签字注册会计师近三年无执业行为 || 签字注册会计师、项目质量控制复核人等从业人员不存在违反《中国注册会计师
002613,2020-04-28,1207638729,北玻股份：关于续聘会计师事务所的公告,,True,存在兼职情形：否质量控制复核人（项目独立复核合伙人）：王建新从业经 || 控制复核人（项目独立复核合伙人）：王建新从业经历：王建新，中国注册 || 项目项目合伙人、质量控制复核人和本期签字会计师均具有丰富的证券服务 || 项目签字合伙人、项目质量控制复核人、项目签字注册会计师最近三年均未受到
002615,2021-08-20,1210795001,哈尔斯：关于拟续聘2021年度会计师事务所的公告,,True,09年2020年复核人司审计报告5家2、诚信记录项目合伙人 || 签字注册会计师、项目质量控制复核人近三年不存在因执业行为受到刑事处罚， || 签字注册会计师、项目质量控制复核人不存在可能影响独立性的情形。4、审计
002615,2022-04-26,1213117200,哈尔斯：关于提议续聘2022年度会计师事务所的公告,,True,020年【注2】复核人【注1】2020年签署科顺股份、弘讯 || 签字注册会计师、项目质量控制复核人近三年不存在因执业行为受到刑事处罚， || 签字注册会计师、项目质量控制复核人不存在可能影响独立性的情形。4、审计
002615,2023-04-25,1216549412,哈尔斯：关于提议续聘会计师事务所的公告,,True,020年【注3】复核人【注1】2021年签署滨江集团、思进 || 签字注册会计师、项目质量控制复核人近三年不存在因执业行为受到刑事处罚， || 签字注册会计师、项目质量控制复核人不存在可能影响独立性的情形。4、审计
002617,2024-04-16,1219617335,露笑科技：关于变更签字会计师的公告,,True,计服务、程银春为项目质量复核人员为贵公司的审计服务项目提供复核工作。 || 会计师，程银春为项目质量复核人员，负责公司2023年度财务报表及内部
002615,2024-04-02,1219491115,哈尔斯：2024-019 关于提议续聘会计师事务所的公告,,True,020年【注2】复核人【注1】近三年签署或复核上市公司包括 || 签字注册会计师、项目质量控制复核人近三年不存在因执业行为受到刑事处罚， || 签字注册会计师、项目质量控制复核人不存在可能影响独立性的情形。4、审计
002618,2022-03-03,1212492245,*ST丹邦：关于拟变更会计师事务所的公告,,True,签字注册会计师、项目质量控制复核人等不存在可能影响独立性的情形。（七）
002618,2021-11-27,1211712017,*ST丹邦：关于拟聘任会计师事务所的公告,,True,签字注册会计师、项目质量控制复核人等不存在可能影响独立性的情形。（七）
002622,2021-04-30,1209868632,融钰集团：关于续聘会计师事务所的公告,,True,的审计经验。3、质量控制复核人姓名：蒋红薇执业资质：中国注册会计师 || 新三板公司审计的质量控制复核人。拟签字注册会计师蒯薏苡、贾舜豪符合
002622,2022-04-29,1213212768,融钰集团：关于续聘会计师事务所的公告,,True,的审计经验。3、质量控制复核人姓名：蒋红薇执业资质：中国注册会计师 || 新三板公司审计的质量控制复核人。拟签字注册会计师蒯薏苡、贾舜豪符合
002622,2023-04-29,1216693059,皓宸医疗：关于续聘会计师事务所的公告,,True,师贾舜豪、拟定的项目质量控制复核人蒋红薇近三年无因执业行为受到刑事处罚 || 签字注册会计师、项目质量控制复核人等不存在可能影响独立性的情形。4、审
002628,2023-01-05,1215527213,成都路桥：关于年度审计机构变更项目质量控制复核人的公告,,True,年度审计机构变更项目质量控制复核人的公告本公司及董事会全体成员保证信息 || 工程股份有限公司项目质量控制复核人的函》，现将具体情况公告如下：一、本 || 李峻雄先生为公司项目质量控制复核人，鉴于大华会计师事务所（特殊普通合伙 || 内部工作调整，对项目质量控制复核人进行变更，拟指派张宇锋先生为项目质量 || 指派张宇锋先生为项目质量控制复核人。二、变更后的项目质量复核人信息1、 || 二、变更后的项目质量复核人信息1、张宇锋先生2013年8月成为
002631,2022-04-20,1212978685,德尔未来：关于续聘2022年度会计师事务所的公告,,True,告共5家。拟担任独立复核合伙人唐其勇先生，2004年成为注册会计师 || 签字注册会计师、项目质量控制复核人近三年无执业行为受到刑事处罚，受到证 || 签字注册会计师、项目质量控制复核人等从业人员不存在违反《中国注册会计师
002631,2020-04-28,1207638667,德尔未来：关于聘请2020年度会计师事务所的公告,,True,务。拟安排的项目独立复核合伙人唐其勇先生，中国注册会计师，现为信永 || 项目签字合伙人、独立复核合伙人、项目签字注册会计师最近三年均未有受
002631,2021-04-16,1209702528,德尔未来：关于续聘2021年度会计师事务所的公告,,True,过10家。拟担任独立复核合伙人唐其勇先生，2004年成为注册会计师 || 注册会计师、项目独立复核合伙人近三年不存在因执业行为受到刑事处罚， || 注册会计师、项目独立复核合伙人等不存在可能影响独立性的情形。4、审
002631,2023-04-18,1216440957,德尔未来：关于续聘2023年度会计师事务所的公告,,True,过10家。拟担任独立复核合伙人：唐其勇先生，2004年获得中国注册 || 签字注册会计师、项目质量控制复核人近三年无执业行为受到刑事处罚，无受到 || 签字注册会计师、项目质量控制复核人等从业人员不存在违反《中国注册会计师
002633,2021-04-21,1209739058,申科股份：关于续聘会计师事务所的公告,,True,签字注册会计师、项目质量控制复核人近三年不存在因执业行为受到刑事处罚， || 签字注册会计师、项目质量控制复核人不存在可能影响独立性的情形。三、拟续
002632,2020-04-25,1207601159,道明光学：关于续聘公司2020年度审计机构的公告,,True,计师事倪侃侃20复核人会计师务所，审计相关工作关于续聘公司
002632,2024-04-30,1219908571,道明光学：关于续聘公司2024年度审计机构的公告,,True,人签字注册会计师项目质量复核人员姓名曹毅杜将龙孙锦华何时成为注册会计 || 签字注册会计师、项目质量复核人员近三年不存在因执业行为受到刑事处罚， || 签字注册会计师、项目质量复核人员不存在可能影响独立性的情形。4.公司
002633,2022-04-22,1213022089,申科股份：关于续聘会计师事务所的公告,,True,签字注册会计师、项目质量控制复核人近三年不存在因执业行为受到刑事处罚， || 签字注册会计师、项目质量控制复核人不存在可能影响独立性的情形。4、审计
002632,2022-04-26,1213103960,道明光学：关于续聘公司2022年度审计机构的公告,,True,年102019年质量控制复核人曹小勤[注3]12月7月月10月3关 || 签字注册会计师、项目质量控制复核人近三年不存在因执业行为受到刑事处罚， || 签字注册会计师、项目质量控制复核人不存在可能影响独立性的情形。4.审计
002632,2021-03-26,1209452464,道明光学：关于续聘公司2021年度审计机构的公告,,True,02019年12复核人7月月10月月[注1]2020年度， || 签字注册会计师、项目质量控制复核人近三年不存在因执业行为受到刑事处罚， || 签字注册会计师、项目质量控制复核人不存在可能影响独立性的情形。4．审计
002633,2020-04-28,1207645668,申科股份：关于续聘天健会计师事务所为2020年度审计机构的公告,,True,市公司提供过25复核人会计师IPO申报审计、上市公司年报审
002635,2022-10-27,1214924899,安洁科技：关于聘任2022年度审计机构的公告,,True,人签字注册会计师项目质量控制复核人项目丁春荣顾勇薛敏何时成为注册会计师 || ）年度审计报告；质量控制复核人薛敏近三年复核了远东股份（60086 || 签字注册会计师、项目质量控制复核人近三年无因执业行为受到刑事处罚，受到 || 签字注册会计师、项目质量控制复核人等均不存在违反《中国注册会计师职业道
002635,2021-10-27,1211385769,安洁科技：关于聘任2021年度审计机构的公告,,True,天业执业，近三年复核人复核天孚通信、斯莱克、苏州龙杰等上市 || 签字注册会计师、项目质量控制复核人近三年无因执业行为受到刑事处罚，受到 || 签字注册会计师、项目质量控制复核人等均不存在违反《中国注册会计师职业道
002635,2023-09-26,1217948130,安洁科技：关于聘任2023年度审计机构的公告,,True,人签字注册会计师项目质量控制复核人项目丁春荣顾勇薛敏何时成为注册会计师 || ）年度审计报告；质量控制复核人薛敏近三年复核了航亚科技(68851 || 签字注册会计师、项目质量控制复核人近三年无因执业行为受到刑事处罚，受到 || 签字注册会计师、项目质量控制复核人等均不存在违反《中国注册会计师职业道
002637,2021-04-10,1209667618,赞宇科技：关于续聘2021年度审计机构的公告,,True,签字注册会计师、项目质量控制复核人近三年不存在因执业行为受到刑事处罚， || 签字注册会计师、项目质量控制复核人不存在可能影响独立性的情形。三、拟续
002637,2022-04-20,1212978912,赞宇科技：关于续聘2022年度审计机构的公告,,True,签字注册会计师、项目质量控制复核人近三年不存在因执业行为受到刑事处罚， || 签字注册会计师、项目质量控制复核人不存在可能影响独立性的情形。4、审计
002637,2023-04-26,1216581328,赞宇科技：关于续聘2023年度审计机构的公告,,True,签字注册会计师、项目质量控制复核人近三年不存在因执业行为受到刑事处罚， || 签字注册会计师、项目质量控制复核人不存在可能影响独立性的情形。4.审计
002637,2024-04-19,1219668389,赞宇科技：关于续聘2024年度审计机构的公告,,True,人签字注册会计师项目质量复核人员姓名胡青顾海营沈颖玲何时成为注册会计 || 签字注册会计师、项目质量控制复核人近三年不存在因执业行为受到刑事处罚， || 签字注册会计师、项目质量控制复核人不存在可能影响独立性的情形。4.审计
002638,2020-03-21,1207390135,勤上股份：关于变更会计师事务所暨聘任2019年度审计机构的公告,,True,签字注册会计师及项目质量控制复核人的具体情况如下：1、签字注册会计师（ || 债等项目等。3、项目质量控制复核人：奚晓茵执业资质：中国注册会计师是否 || 等上市公司审计的质量控制复核人。（三）独立性和诚信记录众华所不存在 || 杨格、钟章魁以及质量控制复核人奚晓茵符合独立性要求，近三年未受到刑
002641,2020-04-28,1207641595,永高股份：关于续聘2020年度审计机构的公告,,True,册会计师18年制复核人会计师事务所工作2007年至今，在天
002641,2023-07-20,1217331376,公元股份：关于续聘2023年度审计机构的公告,,True,魔芋、湖北广电制复核人等公司的签署和复核2、诚信记录项目合 || 签字注册会计师、项目质量控制复核人近三年不存在因执业行为受到刑事处罚， || 签字注册会计师、项目质量控制复核人不存在可能影响独立性的情形。4、审计
002641,2024-04-26,1219822456,公元股份：关于续聘2024年度审计机构的公告,,True,人签字注册会计师项目质量复核人员姓名陈中江许超宋军何时成为注册会计师 || 签字注册会计师、项目质量复核人员近三年不存在因执业行为受到刑事处罚， || 签字注册会计师、项目质量控制复核人不存在可能影响独立性的情形。4、审计
002646,2020-04-28,1207637819,青青稞酒：关于续聘大信会计师事务所（特殊普通合伙）为公司2020年度审计机构的公告,,True,司独立董事。2、质量控制复核人员拟安排冯发明担任项目质量复核人员， || 拟安排冯发明担任项目质量复核人员，冯发明先生，中国注册会计师，合伙人
002650,2020-04-24,1207588929,加加食品：关于续聘会计师事务所的公告,,True,任能力：是（2）质量控制复核人：李会英执业资质：注册会计师从业经历
002652,2021-10-21,1211339554,扬子新材：关于变更会计师事务所的公告,,True,业胜任能力。3.项目质量控制负责人证券代码：002652证券简称：扬子
002655,2022-12-15,1215358102,共达电声：共达电声股份有限公司关于变更签字注册会计师及质控复核人的公告,,True,注册会计师及质控复核人的公告本公司及董事会全体成员保证信息 || 注册会计师及质控复核人变更告知函》，现将具体内容公告如下： || 注册会计师及质控复核人的基本情况容诚会计师事务所（特殊普通 || 师，谭代明先生为项目质量控制复核人，为公司提供审计服务，因内部工作调整 || 师，梁艳霞女士为项目质量控制复核人，继续完成相关工作。证券代码：002 || 注册会计师及质控复核人情况介绍喻希，签字注册会计师，202
002656,2021-12-31,1212063533,ST摩登：关于变更签字注册会计师和项目质量控制复核人的公告,,True,签字注册会计师和项目质量控制复核人的公告证券代码：002656证券简称 || 签字注册会计师和项目质量控制复核人的公告本公司及董事会全体成员保证信息 || 签字注册会计师和项目质量控制复核人的联系函》，现将具体情况公告如下：一 || 签字注册会计师、项目质量控制复核人的基本情况中审众环作为公司2021年 || 师、王兵先生作为项目质量控制复核人为公司提供审计服务。因中审众环工作安 || 师、李玲女士作为项目质量控制复核人继续完成相关审计服务工作。二、本次变
002657,2020-04-24,1207586580,中科金财：关于拟聘任会计师事务所的公告,,True,）北京分所（3）质量控制复核人从业经历：时间工作单位职务北京鼎新立 || 签字注册会计师和质量控制复核人不存在违反《中国注册会计师职业道德守
002659,2020-10-30,1208652412,凯文教育：关于变更公司2020年度审计机构的公告,,True,字项目合伙人。拟项目质量控制复核人邹品爱：证券服务业务从业年限19年。
002659,2021-10-19,1211316230,凯文教育：关于续聘公司2021年度审计机构的公告,,True,从业年限6年。拟项目质量控制复核人邹品爱：现从事上市公司等证券业务质量 || 会计师王郧第和拟项目质量控制复核人邹品爱最近三年未受到过刑事处罚、行政 || 会计师王郧第和拟项目质量控制复核人邹品爱不存在可能影响独立性的情形。4
002659,2022-10-28,1214939299,凯文教育：关于续聘公司2022年度审计机构的公告,,True,从业年限7年。拟项目质量控制复核人朱育平：2009年起就职于会计师事务 || 会计师王郧第和拟项目质量控制复核人朱育平最近三年未受到过刑事处罚、行政 || 会计师王郧第和拟项目质量控制复核人朱育平不存在可能影响独立性的情形。4
002659,2023-10-28,1218184604,凯文教育：关于续聘公司2023年度审计机构的公告,,True,公司提供服务。拟项目质量控制复核人张庆栾：2005年起就职于会计师事务 || 会计师王郧第和拟项目质量控制复核人张庆栾最近三年未受到过刑事处罚、行政 || 会计师王郧第和拟项目质量控制复核人张庆栾不存在可能影响独立性的情形。4
002661,2021-04-20,1209723806,克明面业：关于续聘天健会计师事务所（特殊普通合伙）为公司2021年度审计机构的公告,,True,签字注册会计师、项目质量控制复核人不存在可能影响独立性的情形。天健会计 || 签字注册会计师、项目质量控制复核人近三年存在因执业行为受到证监会派出机
002661,2020-04-20,1207524027,克明面业：关于续聘天健会计师事务所（特殊普通合伙）为公司2020年度审计机构的公告,,True,册会计师17年制复核人师事务所，审计相关工作。1997年2
002661,2023-04-26,1216586874,克明食品：关于公司拟续聘会计师事务所的公告,,True,签字注册会计师、项目质量控制复核人近三年存在因执业行为受到证监会派出机 || 签字注册会计师、项目质量控制复核人不存在可能影响独立性的情形。4、审计
002661,2022-11-19,1215149799,克明食品：关于聘任2022年度内控审计机构的公告,,True,签字注册会计师、项目质量控制复核人近三年存在因执业行为受到证监会派出机 || 签字注册会计师、项目质量控制复核人不存在可能影响独立性的情形。4、审计
002661,2022-04-26,1213100345,克明食品：关于续聘天健会计师事务所（特殊普通合伙）为公司2022年度审计机构的公告,,True,签字注册会计师、项目质量控制复核人近三年存在因执业行为受到证监会派出机 || 签字注册会计师、项目质量控制复核人不存在可能影响独立性的情形。4、审计
002662,2020-04-29,1207660432,京威股份：关于拟聘任会计师事务所的公告,,True,有限公司等。2）独立复核合伙人姓名：张富根执业资质：中国注册会计师
002661,2024-03-16,1219312894,克明食品：关于公司拟续聘会计师事务所的公告,,True,签字注册会计师、项目质量控制复核人近三年不存在因执业行为受到证监会派出 || 签字注册会计师、项目质量控制复核人不存在可能影响独立性的情形。4、审计
002662,2022-03-24,1212650736,京威股份：关于拟续聘会计师事务所的公告,,True,超过10家。2）独立复核合伙人姓名：毕强执业资质：中国注册会计师从 || 签字注册会计师、项目质量控制复核人近三年无执业行为受到刑事处罚，未受到 || 签字注册会计师、项目质量控制复核人等从业人员不存在违反《中国注册会计师
002662,2021-03-27,1209463066,京威股份：关于拟续聘会计师事务所的公告,,True,超过10家。2）独立复核合伙人姓名：张富根执业资质：中国注册会计师 || 签字注册会计师、项目质量控制复核人近三年无执业行为受到刑事处罚，未受到 || 签字注册会计师、项目质量控制复核人等从业人员不存在违反《中国注册会计师
002662,2023-03-30,1216260538,京威股份：关于拟续聘会计师事务所的公告,,True,司超过8家。2）项目质量控制复核人姓名：毕强执业资质：中国注册会计师从 || 签字注册会计师、项目质量控制复核人近三年无执业行为受到刑事处罚，未受到 || 签字注册会计师、项目质量控制复核人等从业人员不存在违反《中国注册会计师
002666,2020-04-29,1207660372,德联集团：关于续聘公司2020年度审计机构的公告,,True,程序，张玉拟担任项目质量控制复核人。张玉从事证券服务业务多年，负责审计
002676,2020-04-28,1207639765,顺威股份：关于聘请会计师事务所的公告,,True,职情形：否（2）质量控制复核人（项目独立复核合伙人）：莫旭巍从业经 || 控制复核人（项目独立复核合伙人）：莫旭巍从业经历：1996年起从事 || 上述项目合伙人、质量控制复核人和本期签字会计师均具有丰富的证券服务
002675,2022-04-29,1213201303,东诚药业：关于续聘中天运会计师事务所（特殊普通合伙）为公司2022年度审计机构的公告,,True,签字注册会计师、项目质量控制复核人近三年均不存在因执业行为受到刑事处罚 || 册会计师鞠录波、项目质量控制复核人王红梅不存在可能影响独立性的情形。（
002675,2024-04-27,1219862159,东诚药业：关于续聘中天运会计师事务所（特殊普通合伙）为公司2024年度审计机构的公告,,True,上市公司审计报制复核人告2、上述相关人员的诚信记录情况项目 || 签字注册会计师、项目质量控制复核人近三年因执业行为受到刑事处罚，受到证 || 册会计师鞠录波、项目质量控制复核人贾丽娜不存在可能影响独立性的情形。（
002675,2023-04-29,1216691037,东诚药业：关于续聘中天运会计师事务所（特殊普通合伙）为公司2023年度审计机构的公告,,True,02023.1制复核人告，复核了0家上市公司审计报告2、上 || 签字注册会计师、项目质量控制复核人近三年均不存在因执业行为受到刑事处罚 || 册会计师鞠录波、项目质量控制复核人娄新洁不存在可能影响独立性的情形。（
002677,2023-04-21,1216493022,浙江美大：关于拟续聘会计师事务所的公告,,True,88081）、制复核人高能环境（603588）等上市公司审 || 签字注册会计师、项目质量控制复核人近三年不存在因执业行为受到刑事处罚， || 签字注册会计师、项目质量控制复核人不存在可能影响独立性的情形。4、审计
002677,2024-04-19,1219661986,浙江美大：关于拟续聘会计师事务所的公告,,True,人签字注册会计师项目质量复核人员姓名黄元喜朱逸宁赵娇何时成为注册会计 || 签字注册会计师、项目质量复核人员近三年存在因执业行为受到刑事处罚，受 || 签字注册会计师、项目质量复核人员不存在可能影响独立性的情形。4、审计
002678,2021-04-15,1209691306,珠江钢琴：关于变更会计师事务所的公告,,True,签字注册会计师、项目质量控制复核人近三年未因执业行为受到刑事处罚，未受 || 签字注册会计师、项目质量控制复核人不存在违反《中国注册会计师职业道德守
002684,2020-06-20,1207945346,*ST猛狮：关于续聘会计师事务所的公告,,True,胜任能力。（2）项目质量控制负责人姓名王增明技术职称注册会计师兼职情况 || 形。项目合伙人、项目质量控制负责人、签字注册会计师曾为多家上市公司提供
002684,2021-04-29,1209856803,ST猛狮：关于续聘会计师事务所的公告,,True,胜任能力。（3）项目质量控制负责人姓名滕友平技术职称注册会计师、注册评 || 签字注册会计师、项目质量控制负责人等不存在可能影响独立性的情形。（三） || 形。项目合伙人、项目质量控制负责人、签字注册会计师曾为多家上市公司提供
002689,2023-03-16,1216127176,远大智能：关于拟续聘2023年度审计机构的公告,,True,签字注册会计师、项目质量控制复核人近三年未有因执业行为受到刑事处罚，受 || 签字注册会计师、项目质量控制复核人等不存在违反《中国注册会计师职业道德
002689,2022-04-13,1212899363,远大智能：关于拟续聘2022年度审计机构的公告,,True,签字注册会计师、项目质量控制复核人近三年未有因执业行为受到刑事处罚，受 || 签字注册会计师、项目质量控制复核人等不存在违反《中国注册会计师职业道德
002692,2020-07-02,1207992291,ST远程：关于拟续聘会计师事务所的公告,,True,普通合伙）从事证复核人会计师券业务相关审计工作3、业务信息 || 计师）、周航英（质量控制复核人）均具备注册会计师执业资格，从事过证 || 计师）、周航英（质量控制复核人）最近三年无刑事处罚、行政处罚、行政
002698,2020-04-22,1207549123,博实股份：关于续聘2020年度审计机构的公告,,True,序，叶聿稳拟担任项目质量控制复核人。叶聿稳从事证券服务业务13年，负责
002703,2020-04-24,1207583825,浙江世宝：拟续聘会计师事务所的公告,,True,从事审计相注册会项目质量控制复核人冯可棣关工作，201314计师年至今
002703,2024-03-29,1219442283,浙江世宝：拟续聘会计师事务所的公告,,True,人签字注册会计师项目质量复核人员姓名徐海泓翁宗将陈瑛瑛何时成为注册会 || 签字注册会计师、项目质量复核人员近三年存在因执业行为受到刑事处罚，受 || 签字注册会计师、项目质量复核人员不存在可能影响独立性的情形。(三)审
002703,2021-03-29,1209462812,浙江世宝：拟续聘会计师事务所的公告,,True,签字注册会计师、项目质量控制复核人近三年不存在因执业行为受到刑事处罚， || 签字注册会计师、项目质量控制复核人不存在可能影响独立性的情形。4、审计
002703,2023-03-20,1216145036,浙江世宝：拟续聘会计师事务所的公告,,True,签字注册会计师、项目质量控制复核人近三年不存在因执业行为受到刑事处罚， || 签字注册会计师、项目质量控制复核人不存在可能影响独立性的情形。2（三）
002703,2022-03-28,1212684058,浙江世宝：拟续聘会计师事务所的公告,,True,师事务所正在开展项目质量复核人员独立性轮换工作，因此目前尚无法确定公 || 2年度审计项目的质量复核人员。公司将在天健会计师事务所确定项目质 || 会计师事务所确定项目质量复核人员后及时披露相关人员信息。2、诚信记录 || 签字注册会计师、项目质量控制复核人近三年不存在因执业行2为受到刑事处罚 || 签字注册会计师、项目质量控制复核人不存在可能影响独立性的情形。4、审计
002705,2021-04-28,1209828058,新宝股份：关于拟续聘会计师事务所的公告,,True,明股份有限公司；复核人何其瑞2020年12月月10月201 || 签字注册会计师和质量控制复核人不存在违反《中国注册会计师职业道德守
002707,2022-04-16,1212943857,众信旅游：关于续聘会计师事务所的公告,,True,报审计的会计师、项目质量控制复核人情况签字注册会计师1：李朝辉担任项目 || 应专业胜任能力。项目质量控制复核人：邵富霞根据中证天通质量控制政策和程 || 经理邵富霞拟担任项目质量控制复核人。邵富霞，中国注册会计师，于2006 || 师李朝辉、戴波和质量控制复核人邵富霞不存在违反《中国注册会计师职业
002707,2021-04-29,1209856627,众信旅游：关于续聘会计师事务所的公告,,True,报审计的会计师、项目质量控制复核人情况签字注册会计师1：李朝辉担任项目 || 应专业胜任能力。项目质量控制复核人：陈翔根据中证天通质量控制政策和程序 || 控经理陈翔拟担任项目质量控制复核人。陈翔，中国注册会计师，于2004年 || 年1月至今，作为质量控制复核人复核了益佰制药、盛屯矿业、众信旅游、 || 师李朝辉、戴波和质量控制复核人陈翔不存在违反《中国注册会计师职业道
002707,2020-04-30,1207682254,众信旅游：关于续聘会计师事务所的公告,,True,报审计的会计师、项目质量控制复核人情况签字注册会计师1：李朝辉担任项目 || 应专业胜任能力。项目质量控制复核人：陈翔根据中证天通质量控制政策和程序 || 控经理陈翔拟担任项目质量控制复核人。陈翔，中国注册会计师，于2004年 || 年1月至今，作为质量控制复核人复核了益佰制药、盛屯矿业、众信旅游、 || 李朝辉、孙太宏和质量控制复核人陈翔不存在违反《中国注册会3股票代码
002707,2023-04-29,1216692533,众信旅游：关于续聘会计师事务所的公告,,True,报审计的会计师、项目质量控制复核人情况签字注册会计师1：肖缨担任项目合 || 应专业胜任能力。项目质量控制复核人：邵富霞根据中证天通质量控制政策和程 || 经理邵富霞拟担任项目质量控制复核人。邵富霞，中国注册会计师，于2006 || 师肖缨、孙太宏和质量控制复核人邵富霞不存在违反《中国注册会计师职业
002708,2022-04-01,1212763502,光洋股份：关于变更签字注册会计师的公告,,True,签字项目合伙人、独立复核合伙人未发生变化。上述变更事项不会对公司2
002709,2021-03-25,1209444870,天赐材料：关于续聘公司2021年度审计机构的公告,,True,序，吴松林拟担任项目质量控制复核人。吴松林，2012年成为注册会计师， || 签字注册会计师、项目质量控制复核人等均不存在可能影响独立性的情形及采取
002709,2022-03-22,1212635808,天赐材料：关于续聘公司2022年度审计机构的公告,,True,程序，桑涛拟担任项目质量控制复核人。桑涛，1998年成为注册会计师，1 || 签字注册会计师、项目质量控制复核人等均不存在可能影响独立性的情形。4.
002709,2020-04-28,1207637750,天赐材料：关于关于续聘公司2020年度审计机构的公告,,True,序，吴松林拟担任项目质量控制复核人。吴松林，注册会计师，2001年起从
002709,2023-04-11,1216373091,天赐材料：关于续聘公司2023年度审计机构的公告,,True,程序，桑涛拟担任项目质量控制复核人。桑涛，1998年成为注册会计师，1 || 签字注册会计师、项目质量控制复核人等均不存在可能影响独立性的情形。4.
002709,2024-03-26,1219402771,天赐材料：关于续聘公司2024年度审计机构的公告,,True,程序，桑涛拟担任项目质量控制复核人。桑涛，1998年成为注册会计师，1 || 签字注册会计师、项目质量控制复核人等均不存在可能影响独立性的情形。4.
002711,2020-12-09,1208869578,*ST欧浦：关于续聘会计师事务所的公告,,True,胜任能力。拟担任项目质量控制复核人李萍：注册会计师，从2001年起从事
002716,2023-04-19,1216457963,金贵银业：关于续聘天健会计师事务所（特殊普通合伙）为公司2023年度审计机构的公告,,True,签字注册会计师、项目质量控制复核人近三年（最近三个完整自然年度及当年） || 签字注册会计师、项目质量控制复核人不存在可能影响独立性的情形。三、续聘
002716,2021-01-07,1209058047,*ST金贵：关于续聘天健会计师事务所（特殊普通合伙）为公司2020年度审计机构的公告,,True,册会计师16年制复核人所，审计相关工作。2004年3月起至
002716,2021-10-29,1211420680,金贵银业：关于续聘天健会计师事务所（特殊普通合伙）为公司2021年度审计机构的公告,,True,签字注册会计师、项目质量控制复核人近三年存在因执业行为受到证监会派出机 || 签字注册会计师、项目质量控制复核人不存在可能影响独立性的情形。三、续聘
002717,2020-04-28,1207644770,岭南股份：关于续聘公司2020年度审计机构的公告,,True,序，陈佳佳拟担任项目质量控制复核人。陈佳佳从事证券服务业务多年，负责审
002716,2022-04-25,1213053391,金贵银业：关于续聘天健会计师事务所（特殊普通合伙）为公司2022年度审计机构的公告,,True,签字注册会计师、项目质量控制复核人近三年（最近三个完整自然年度及当年） || 签字注册会计师、项目质量控制复核人不存在可能影响独立性的情形。三、续聘
002721,2022-12-03,1215267355,金一文化：关于拟变更会计师事务所的公告,,True,签字注册会计师、项目质量控制复核人不存在可能影响独立性的情形。4.审计
002721,2023-10-14,1218031335,*ST金一：关于拟续聘会计师事务所的公告,,True,签字注册会计师、项目质量控制复核人不存在可能影响独立性的情形。4．审计
002725,2020-04-09,1207467793,跃岭股份：关于续聘会计师事务所的公告,,True,任能力：是（2）质量控制复核人：刘彬文执业资质：注册会计师从业经历
002724,2023-11-15,1218331711,海洋王：关于拟聘任会计师事务所的公告,,True,23年[注3]制复核人[注1]项目合伙人、签字注册会计师朱 || 计报告。[注3]项目质量控制复核人闫志勇：2023年签署了菲达环保、爱 || 伟和张杨驰、项目质量复核人闫志勇近三年内未曾因执业行为受到刑事
002728,2021-12-11,1211877096,特一药业：关于续聘公司财务审计机构的公告,,True,签字注册会计师及质量控制复核人员不存在违反《中国注册会计师职业道德
002729,2020-04-29,1207657684,好利来：关于续聘2020年度审计机构的公告,,True,健会计胡燕华21复核人册会计师师事务所工作好利来拟签字注册
002729,2021-04-29,1209849178,好利来：关于续聘2021年度审计机构的公告,,True,签字注册会计师、项目质量控制复核人近三年不存在因执业行为受到刑事处罚， || 签字注册会计师、项目质量控制复核人不存在可能影响独立性的情形。三、拟续
002729,2023-03-24,1216200914,好利科技：关于续聘2023年度审计机构的公告,,True,021年3家朱敏质量控制复核人1995年1993年2011年11月 || 签字注册会计师、项目质量控制复核人近三年不存在因执业行为受到刑事处罚， || 签字注册会计师、项目质量控制复核人不存在可能影响独立性的情形。4.审计
002729,2021-10-14,1211255343,好利科技：关于拟变更2021年度审计机构的公告,,True,年9月-2家朱敏质量控制复核人1995年1993年2011年11月 || 签字注册会计师、项目质量控制复核人近三年不存在因执业行为受到刑事处罚， || 签字注册会计师、项目质量控制复核人不存在可能影响独立性的情形。4、审计
002729,2022-04-29,1213215328,好利科技：关于续聘2022年度审计机构的公告,,True,计时间时间数朱敏质量控制复核人1995年1993年2011年11月 || 签字注册会计师、项目质量控制复核人近三年不存在因执业行为受到刑事处罚， || 签字注册会计师、项目质量控制复核人不存在可能影响独立性的情形。4.审计
002730,2021-04-30,1209863436,电光科技：电光防爆科技股份有限公司关于续聘审计机构的公告,,True,签字注册会计师、项目质量控制复核人近三年存在因执业行为受到刑事处罚，受 || ）及项目合伙人、项目质量控制复核人、拟签字注册会计师不存在可能影响独立
002730,2020-04-28,1207635150,电光科技：关于续聘审计机构的公告,,True,提供质量控16制复核人制复核工作。陈志维自2003年6月至
002729,2024-04-29,1219872470,好利科技：关于续聘2024年度审计机构的公告,,True,021年3家朱敏质量控制复核人1995年1993年2011年11月 || 签字注册会计师、项目质量控制复核人近三年不存在因执业行为受到刑事处罚， || 签字注册会计师、项目质量控制复核人不存在可能影响独立性的情形。4.审计
002730,2023-04-28,1216651329,电光科技：电光防爆科技股份有限公司关于续聘审计机构的公告,,True,签字注册会计师、项目质量控制复核人近三年不存在因执业行为受到刑事处罚， || ）及项目合伙人、项目质量控制复核人、拟签字注册会计师不存在可能影响独立
002730,2022-04-28,1213161943,电光科技：电光防爆科技股份有限公司关于续聘审计机构的公告,,True,签字注册会计师、项目质量控制复核人近三年存在因执业行为受到刑事处罚，受 || ）及项目合伙人、项目质量控制复核人、拟签字注册会计师不存在可能影响独立
002730,2024-04-19,1219663314,电光科技：电光防爆科技股份有限公司关于续聘审计机构的公告,,True,签字注册会计师、项目质量控制复核人近三年不存在因执业行为受到刑事处罚， || ）及项目合伙人、项目质量控制复核人、拟签字注册会计师不存在可能影响独立
002732,2023-03-31,1216279503,燕塘乳业：关于拟续聘会计师事务所的公告,,True,15年2022年复核人和挂牌公司审计报告广东燕塘乳业股份有 || 制胡海林无无无无复核人3.独立性中审众环会计师事务所及项目 || 签字注册会计师、项目质量控制复核人能够在执行本项目审计工作时保持独立性
002734,2020-08-31,1208322505,利民股份：关于拟聘任2020年度审计机构的公告,,True,拟委派汤加全担任项目质量控制负责人，汤加全具有中国注册会计师执业资格，
002734,2021-04-28,1209825955,利民股份：公司关于拟续聘2021年度审计机构的公告,,True,拟委派汤加全担任项目质量控制负责人，汤加全具有中国注册会计师执业资格，
002732,2021-04-23,1209775096,燕塘乳业：关于续聘2021年度审计机构的公告,,True,挂牌公司审计报告复核人情况超过50家2.诚信记录处理处罚处 || 制包铁军无无无无复核人3.独立性大华会计师事务所及项目合伙 || 签字注册会计师、项目质量控制复核人能够在执行本项目审计工作时保持独立性
002733,2020-04-28,1207643530,雄韬股份：关于续聘审计机构的公告,,True,券相关报务业务。项目质量控制负责人的从业经历：邹杰拟担任项目质量控制复 || 经历：邹杰拟担任项目质量控制复核人。邹杰从事证券服务业务22年，负责审
002734,2022-04-20,1212978232,利民股份：公司关于拟续聘2022年度审计机构的公告,,True,拟委派汤加全担任项目质量控制负责人，汤加全具有中国注册会计师执业资格，
002734,2023-04-20,1216475859,利民股份：公司关于拟续聘2023年度审计机构的公告,,True,）拟委派傅磊担任项目质量控制负责人，傅磊具有中国注册会计师执业资格，从
002734,2024-04-26,1219826500,利民股份：公司关于拟续聘2024年度审计机构的公告,,True,拟委派应镇魁担任项目质量控制负责人，应镇魁具有中国注册会计师执业资格，
002733,2021-04-21,1209739609,雄韬股份：关于续聘审计机构的公告,,True,券相关报务业务。项目质量控制负责人的从业经历：邹杰拟担任项目质量控制复 || 经历：邹杰拟担任项目质量控制复核人。邹杰从事证券服务业务22年，负责审
002736,2020-03-20,1207387711,国信证券：拟聘任会计师事务所的公告,,True,积累了较丰富的注复核人册会计师审计经验。中国注册会计师，2
002736,2021-04-02,1209626471,国信证券：拟续聘会计师事务所的公告,,True,签字注册会计师、项目质量控制复核人近三年不存在因执业行为受到刑事处罚，
002738,2023-01-19,1215649641,中矿资源：关于审计机构更换质量复核人员的公告,,True,关于审计机构更换质量复核人员的公告本公司及董事会全体成员保证信息 || 会审议通过。一、项目质量复核人员变更的情况公司于近日收到大信《关于更 || 集团股份有限公司质量复核人员的函》。大信作为公司2022年度审计 || 安排冯发明为公司项目质量复核人员，因工作安排原因，大信会计师事务所（ || 2年度审计业务的项目质量复核人员。二、本次拟变更项目质量复核人员情况 || 。二、本次拟变更项目质量复核人员情况介绍（一）从业经历：1、李洪先生
002736,2022-04-30,1213260757,国信证券：拟续聘会计师事务所的公告,,True,签字注册会计师、项目质量控制复核人近三年不存在因执业行为受到刑事处罚， || 签字注册会计师、项目质量控制复核人不存在可能影响独立性的情形。4、审计
002736,2023-04-29,1216688643,国信证券：拟续聘会计师事务所的公告,,True,签字注册会计师、项目质量控制复核人近三年不存在因执业行为受到刑事处罚， || 签字注册会计师、项目质量控制复核人不存在可能影响独立性的情形。4、审计
002743,2021-04-28,1209832157,富煌钢构：关于聘任2021年度审计机构的公告,,True,事IPO和上控制复核人立董事市公司审计等证券服务业务。19 || 签字注册会计师、项目质量控制复核人近三年不存在因执业行为受到刑事处罚， || 签字注册会计师、项目质量控制复核人不存在可能影响独立性的情形。4、审计
002743,2022-04-22,1213017959,富煌钢构：关于续聘2022年度审计机构的公告,,True,务公司独立董控制复核人计师业务。事2009年成为注册会计师 || 签字注册会计师、项目质量控制复核人近三年不存在因执业行为受到刑事处罚， || 签字注册会计师、项目质量控制复核人不存在可能影响独立性的情形。4、审计
002743,2024-04-26,1219827840,富煌钢构：关于续聘2024年度审计机构的公告,,True,人签字注册会计师项目质量复核人员姓名孙涛檀华兵郑俭何时成为注册会计2 || 签字注册会计师、项目质量复核人员近三年不存在因执业行为受到刑事处罚， || 签字注册会计师、项目质量复核人员不存在可能影响独立性的情形。4、审计
002743,2020-04-28,1207638394,富煌钢构：关于聘任2020年度审计机构的公告,,True,国注册会计师控制复核人和上市公司审计独立董事等证券服务业务
002743,2023-04-26,1216582396,富煌钢构：关于续聘2023年度审计机构的公告,,True,08年2020年复核人公司、华统股份公司等上市公司年度审计 || 签字注册会计师、项目质量控制复核人近三年不存在因执业行为受到刑事处罚， || 签字注册会计师、项目质量控制复核人不存在可能影响独立性的情形。4、审计
002745,2023-02-24,1215950800,木林森：关于审计机构变更项目质量控制复核人的公告,,True,关于审计机构变更项目质量控制复核人的公告本公司及董事会全体成员保证信息 || 通合伙）出具的《项目质量控制复核人变更告知函》，现将具体内容公告如下： || 下：一、本次变更项目质量控制复核人的基本情况容诚事务所作为公司2022 || 计师，程峰先生为项目质量控制复核人，为公司提供审计服务，因容诚事务所内 || 2年度审计项目的项目质量控制复核人，继续完成相关工作。二、本次变更项目 || 作。二、本次变更项目质量控制复核人情况介绍谭代明，项目质量控制复核人，
002747,2020-04-28,1207637583,埃斯顿：关于续聘会计师事务所的公告,,True,任能力：是（2）质量控制复核人：林鹏飞执业资质：注册会计师、税务师
002750,2023-02-17,1215879348,龙津药业：关于审计机构变更审计报告项目质量控制复核合伙人的公告,,True,审计机构变更项目质量控制复核合伙人的公告本公司及董事会全体成员保证信息 || 士为审计工作项目质量控制复核合伙人。具体内容详见公司刊载于指定信息披露 || 年度审计报告项目质量控制复核合伙人的函》，根据工作安排调整，中审众环现 || 22年报审计项目质量控制复核合伙人，接替李玲女士完成相关工作。一、本次 || 年度审计报告项目质量控制复核合伙人的函；2、变更后项目质量控制复核合伙 || ；2、变更后项目质量控制复核合伙人的执业资质。特此公告。昆明龙津药业股
002749,2020-04-27,1207602687,国光股份：拟聘任会计师事务所的公告,,True,职。（3）拟安排质量控制复核人员：何均中国注册会计师，1999年起 || 签字项目合伙人和项目质量控制复核人最近三年未受到刑事处罚、行政处罚、行
002753,2021-04-29,1209855531,永东股份：关于拟聘任会计师事务所的公告,,True,胜任能力。拟担任项目质量控制复核人刘锦英：2001年取得执业注册会计师 || 签字注册会计师、项目质量控制复核人等不存在可能影响独立性的情形。三、拟
002753,2022-04-29,1213211544,永东股份：关于拟聘任会计师事务所的公告,,True,胜任能力。拟担任项目质量控制复核人刘锦英：2001年取得执业注册会计师 || 签字注册会计师、项目质量控制复核人等不存在可能影响独立性的情形。三、拟
002756,2022-04-26,1213099884,永兴材料：关于续聘2022年度审计机构的公告,,True,签字注册会计师、项目质量控制复核人近三年不存在因执业行为受到刑事处罚， || 签字注册会计师、项目质量控制复核人不存在可能影响独立性的情形。4、审计
002756,2020-03-20,1207386775,永兴材料：关于续聘2020年度审计机构的公告,,True,限14年；杨熹，项目质量控制复核人，中国注册会计师，2001年起从事注
002753,2020-04-29,1207663371,永东股份：关于拟聘任会计师事务所的公告,,True,胜任能力。拟担任项目质量控制复核人刘锦英：2001年取得执业注册会计师
002756,2023-03-21,1216166973,永兴材料：关于续聘2023年度审计机构的公告,,True,签字注册会计师、项目质量控制复核人近三年不存在因执业行为受到刑事处罚， || 签字注册会计师、项目质量控制复核人不存在可能影响独立性的情形。4、审计
002756,2024-04-30,1219908514,永兴材料：关于续聘2024年度审计机构的公告,,True,签字注册会计师、项目质量控制复核人近三年不存在因执业行为受到刑事处罚， || 签字注册会计师、项目质量控制复核人不存在可能影响独立性的情形。4、审计
002756,2021-04-27,1209811655,永兴材料：关于续聘2021年度审计机构的公告,,True,签字注册会计师、项目质量控制复核人近三年不存在因执业行为受到刑事处罚， || 签字注册会计师、项目质量控制复核人不存在可能影响独立性的情形。4、审计
002759,2020-03-31,1207427590,天际股份：关于续聘2020年度审计机构的公告,,True,根据项目合伙人、项目质量控制负责人、拟签字注册会计师的从业经历、执业资
002765,2020-04-28,1207636071,蓝黛传动：关于续聘会计师事务所的公告,,True,职。（3）拟安排质量控制复核人员：曾红拥有20年以上审计工作经验， || 签字注册会计师和项目质量控制复核人最近三年未受到刑事处罚、行政处罚、行
002763,2024-03-30,1219465280,汇洁股份：关于拟聘任2024年度会计师事务所的公告,,True,2年2024年制复核人上市公司审计报告逾10份2、独立性和 || 签字注册会计师和项目质量控制复核人不存在违反《中国注册会计师职业道德守
002765,2021-11-25,1211695461,蓝黛科技：关于变更会计师事务所的公告,,True,司审计报告情况。质量控制复核人情况：邓显敏，中国注册会计师，200 || 签字注册会计师、项目质量控制复核人近三年未因执业行为受到刑事处罚，未受 || 签字注册会计师、项目质量控制复核人不存在违反《中国注册会计师执业道德守
002763,2023-04-28,1216644560,汇洁股份：关于拟续聘2023年度会计师事务所的公告,,True,股份有限公月月制复核人司等2、独立性和诚信记录立信及项目合 || 签字注册会计师和质量控制复核人不存在违反《中国注册会计师职业道德守
002765,2021-04-27,1209809486,蓝黛科技：关于续聘会计师事务所的公告,,True,况。（4）拟安排质量控制复核人员：张美琳注册会计师注册时间为202 || 签字注册会计师和项目质量控制复核人最近三年未受到刑事处罚；未受到中国证 || 签字注册会计师、项目质量控制复核人不存在可能影响独立性的情形。4、审计
002765,2022-03-22,1212633937,蓝黛科技：关于聘任2022年度审计机构的公告,,True,司提供审计服务。质量控制复核人情况：邓显敏，中国注册会计师，200 || 签字注册会计师和项目质量控制复核人最近三年未因执业行为受到刑事处罚，未 || 签字注册会计师、项目质量控制复核人不存在违反《中国注册会计师执业道德守
002765,2023-03-28,1216234060,蓝黛科技：关于聘任2023年度审计机构的公告,,True,司。（3）拟安排质量控制复核人员：邓显敏，中国注册会计师，2001 || 签字注册会计师和项目质量控制复核人最近三年未受到刑事处罚、行政处罚和行 || 签字注册会计师、项目质量控制复核人不存在可能影响独立性的情形，康华事务
002765,2024-03-29,1219442620,蓝黛科技：关于聘任2024年度审计机构的公告,,True,司。（3）拟安排质量控制复核人员：邓显敏，中国注册会计师，2001 || 签字注册会计师和项目质量控制复核人最近三年未受到刑事处罚、行政处罚和行 || 签字注册会计师、项目质量控制复核人不存在可能影响独立性的情形，康华事务
002766,2023-07-15,1217303420,索菱股份：关于拟续聘会计师事务所的公告,,True,的专业胜任能力。项目质量控制复核人杨继明：现任尤尼泰振青会计师事务所（ || 行政处罚各1次。项目质量控制复核人近三年内因执业受到中国证券监督管理委 || 签字注册会计师、项目质量控制复核人不存在可能影响独立性的情形。4．审计
002769,2021-04-29,1209853197,普路通：关于拟续聘2021年度审计机构的公告,,True,为本公司提供复核复核人工作，近三年复核上市公司和挂牌公司审 || 签字注册会计师、项目质量控制复核人近三年不存在因执业行为受到刑事处罚， || 签字注册会计师、项目质量控制复核人能够在执行本项目审计工作时保持独立性
002763,2021-04-23,1209768344,汇洁股份：关于拟续聘2021年度会计师事务所的公告,,True,月2020年度制复核人2018-2019年度、筑博设计股份 || 签字注册会计师和质量控制复核人不存在违反《中国注册会计师职业道德守
002769,2022-04-30,1213262447,普路通：关于拟续聘2022年度审计机构的公告,,True,开始为本公司提供复核人复核工作，近三年承做或复核的上市公司 || 签字注册会计师、项目质量控制复核人近三年因执业行为受到刑事处罚，受到证 || 签字注册会计师、项目质量控制复核人能够在执行本项目审计工作时保持独立性
002769,2023-04-28,1216663014,普路通：关于拟续聘2023年度审计机构的公告,,True,始从事复核工作，复核人近三年承做或复核的上市公司和挂牌公司 || 签字注册会计师、项目质量控制复核人近三年因执业行为受到刑事处罚，受到证 || 签字注册会计师、项目质量控制复核人能够在执行本项目审计工作时保持独立性
002771,2020-03-25,1207398823,真视通：关于续聘会计师事务所的公告,,True,序，潘文中拟担任项目质量控制复核人。潘文中从事证券服务业务25年，负责
002775,2021-04-16,1209702071,文科园林：关于续聘会计师事务所的公告,,True,业有限公司、9制复核人大华会计师事务所（特殊普通合伙），2
002775,2020-04-30,1207683050,文科园林：关于续聘会计师事务所的公告,,True,喜会计师事10制复核人务所（特殊普通合伙），从事过证券服务
002763,2022-04-28,1213172946,汇洁股份：关于拟续聘2022年度会计师事务所的公告,,True,食品股份有限公制复核人司2021年度审计报告等2、独立性和 || 签字注册会计师和质量控制复核人不存在违反《中国注册会计师职业道德守
002779,2020-04-27,1207603706,中坚科技：关于拟聘任会计师事务所的公告,,True,伙人刘志坚拟担任项目质量控制复核人。刘志坚从事证券服务业务多年，负责审 || 计师）、刘志坚（质量控制复核人）最近三年未受（收）到刑事处罚、行政
002779,2021-04-30,1209865395,中坚科技：关于拟聘任会计师事务所的公告,,True,控制流程，拟担任项目质量控制复核人。陈荭从事证券服务业经验丰富，20余 || 会计师）、陈荭（质量控制复核人）最近三年未受（收）到刑事处罚、行政
002758,2021-04-27,1209811274,浙农股份：关于续聘2021年度会计师事务所的公告,,True,签字注册会计师、项目质量控制复核人近三年未出现因执业行为受到刑事处罚，
002787,2023-04-21,1216487925,华源控股：关于续聘天健会计师事务所（特殊普通合伙）为公司2023年度审计机构的公告,,True,1年2019年制复核人华源控股、雄帝科技、山西华翔2、诚信 || 签字注册会计师、项目质量控制复核人近三年存在因执业行为受到刑事处罚，受 || 签字注册会计师、项目质量控制复核人不存在可能影响独立性的情形。4、审计
002788,2024-04-16,1219617492,鹭燕医药：关于拟续聘2024年度财务审计机构与内部控制审计机构的公告,,True,司审计业务，项目质量复核人（拟）2019年开始在容诚会计师事务 || 计师董炜炜、项目质量复核人沈重近三年内未曾因执业行为受到刑事处
002793,2020-04-28,1207640867,东音股份：关于续聘2020年度审计机构的公告,,True,1199617年复核人前在事务所承担质量控制及复核工作，具
002793,2023-04-28,1216650078,罗欣药业：关于续聘2023年度审计机构的公告,,True,签字注册会计师、项目质量控制复核人近三年不存在因执业行为受到刑事处罚， || 签字注册会计师、项目质量控制复核人不存在可能影响独立性的情形。4、审计
002793,2021-04-29,1209849880,罗欣药业：关于续聘2021年度审计机构的公告,,True,签字注册会计师、项目质量控制复核人近三年不存在因执业行为受到刑事处罚， || 签字注册会计师、项目质量控制复核人不存在可能影响独立性的情形。4、审计
002793,2022-03-05,1212509110,罗欣药业：关于续聘2022年度审计机构的公告,,True,签字注册会计师、项目质量控制复核人近三年不存在因执业行为受到刑事处罚， || 签字注册会计师、项目质量控制复核人不存在可能影响独立性的情形。4、审计
002793,2024-04-27,1219856628,罗欣药业：关于续聘2024年度审计机构的公告,,True,签字注册会计师、项目质量控制复核人近三年存在因执业行为受到刑事处罚，受 || 签字注册会计师、项目质量控制复核人不存在可能影响独立性的情形。4、审计
002796,2024-03-15,1219305975,世嘉科技：关于变更签字注册会计师的公告,,True,洪淼波先生，审计项目质量控制复核人未发生变更。本次变更签字注册会计师过
002796,2022-02-26,1212457390,世嘉科技：关于变更签字注册会计师的公告,,True,王立鑫先生，审计项目质量控制复核人未发生变更。本次变更签字注册会计师过
002800,2020-12-23,1208965221,天顺股份：关于续聘会计师事务所的公告,,True,单位兼职。（3）质量控制复核人员：冯发明先生拥有注册会计师执业资质
002801,2022-04-14,1212911656,微光股份：关于确定2022年度审计机构项目质量控制复核人的公告,,True,22年度审计机构项目质量控制复核人的公告本公司及董事会全体成员保证本公 || 通合伙）正在开展项目质量控制复核人独立性轮换工作，因此暂无法确定202 || 确定2022年度项目质量控制复核人。近日，公司收到天健会计师事务所（特 || 确定2022年度项目质量控制复核人的通知，现将相关信息公告如下：1、基 || 计报告。2019复核人年签署三利谱、世运电路、金徽酒201 || 诚信记录和独立性项目质量控制复核人近三年不存在因执业行为受到刑事处罚，
002801,2020-03-19,1207382998,微光股份：关于续聘2020年度审计机构的公告,,True,注册会计师14制复核人2013年至今，在天健会计师事务所工
002801,2022-03-23,1212642633,微光股份：关于拟续聘2022年度审计机构的公告,,True,师事务所正在开展项目质量控制复核人独立性轮换工作，因此目质量控制复前尚 || 2年度审计项目的质量控制复核人。公司将在天健会计师事务所确定核人项 || 师事务所确定核人项目质量控制复核人后及时披露其信息。2、诚信记录项目合 || 会计师事务所确定项目质量控制复核人后及时披露其诚信记录。3、独立性天健 || 会计师事务所确定项目质量控制复核人后及时披露其独立性情况。4、审计收费
002801,2024-04-30,1219906686,微光股份：关于拟续聘2024年度审计机构的公告,,True,人签字注册会计师项目质量复核人员姓名吴慧顾海营龙琦何时成为注册会计师 || 签字注册会计师、项目质量复核人员近三年不存在因执业行为受到刑事处第2 || 签字注册会计师、项目质量复核人员不存在可能影响独立性的情形。4、审计
002801,2023-03-29,1216243954,微光股份：关于拟续聘2023年度审计机构的公告,,True,徽酒、法本信息制复核人2020年度审计报告；2020年签署 || 签字注册会计师、项目质量控制复核人近三年不存在因执业行为受到刑事处罚， || 签字注册会计师、项目质量控制复核人不存在可能影响独立性的情形。4、审计
002802,2023-04-08,1216355125,洪汇新材：关于续聘会计师事务所的公告,,True,签字注册会计师、项目质量控制复核人近三年因执业行为受到刑事处罚，受到证 || 签字注册会计师、项目质量控制复核人等均不存在违反《中国注册会计师职业道
002802,2024-04-27,1219858905,洪汇新材：关于续聘会计师事务所的公告,,True,签字注册会计师、项目质量控制复核人近三年不存在因执业行为受到刑事处罚， || 签字注册会计师、项目质量控制复核人等均不存在违反《中国注册会计师职业道
002806,2020-04-28,1207644197,华锋股份：关于聘任2020年度审计机构的公告,,True,应专业胜任能力。项目质量控制复核人尚未确定具体人员。5.诚信记录华兴会
002808,2023-10-28,1218188255,ST恒久：关于拟变更会计师事务所的公告,,True,字会计师。（3）项目质量控制复核人：吴美红吴美红，2009年8月成为注 || 签字注册会计师、项目质量控制复核人近三年未因执业行为受到刑事处罚，受到 || 签字注册会计师、项目质量控制复核人不存在可能影响独立性的情形。4、审计
002808,2024-04-27,1219873499,ST恒久：关于续聘2024年度会计师事务所的公告,,True,字会计师。（3）项目质量控制复核人：吴美红吴美红，2009年8月成为注 || 签字注册会计师、项目质量控制复核人近三年未因执业行为受到刑事处罚，受到 || 签字注册会计师、项目质量控制复核人不存在可能影响独立性的情形。4、审计
002815,2021-08-25,1210842104,崇达技术：关于续聘2021年度审计机构的公告,,True,注册会计师刘恺、项目质量控制复核人缪志坚近三年不存在因执业行为受到刑事 || 签字注册会计师、项目质量控制复核人不存在可能影响独立性的情形。4、审计
002815,2023-10-27,1218165022,崇达技术：关于续聘2023年度审计机构的公告,,True,签字注册会计师、项目质量控制复核人近三年不存在因执业行为受到刑事处罚， || 签字注册会计师、项目质量控制复核人不存在可能影响独立性的情形。4、审计
002815,2022-11-12,1215083605,崇达技术：关于续聘2022年度审计机构的公告,,True,签字注册会计师、项目质量控制复核人近三年不存在因执业行为受到刑事处罚， || 签字注册会计师、项目质量控制复核人不存在可能影响独立性的情形。4、审计
002815,2020-12-12,1208893626,崇达技术：关于续聘2020年度审计机构的公告,,True,计和缪志坚19制复核人计师多家上市公司提供过年报审计服务，
002820,2023-04-21,1216491325,桂发祥：关于拟续聘2023年度审计机构的公告,,True,签字会计师（3）质量控制复核人张帆近三年从业情况：时间上市公司名称 || 科技股份有限公司质量控制复核人2021年-2022年晋西车轴股份有 || 车轴股份有限公司质量控制复核人2021年-2022年天津桂发祥十八 || 食品股份有限公司质量控制复核人2021年-2022年中国核能电力股 || 电力股份有限公司质量控制复核人2020年-2021年内蒙古鄂尔多斯 || 资源股份有限公司质量控制复核人2020年-2021年拓尔思信息技术
002825,2022-04-19,1212963947,纳尔股份：关于续聘2022年度审计机构的公告,,True,12年2020年复核人电2019年度审计报告；2019年， || 签字注册会计师、项目质量控制复核人近三年不存在因执业行为受到刑事处罚， || 签字注册会计师、项目质量控制复核人不存在可能影响独立性的情形。三、拟新
002825,2020-04-16,1207507226,纳尔股份：关于拟续聘2020年度审计机构的补充公告,,True,，审计相关19年复核人计师工作2005年7月至今，天健中国
002825,2023-04-25,1216561529,纳尔股份：关于续聘2023年度审计机构的公告,,True,2021年度签署复核人上市公司浩云科技2020年度审计报告 || 签字注册会计师、项目质量控制复核人近三年不存在因执业行为受到刑事处罚， || 签字注册会计师、项目质量控制复核人不存在可能影响独立性的情形。4.审计
002825,2021-03-23,1209427971,纳尔股份：关于续聘2021年度审计机构的公告,,True,签字注册会计师、项目质量控制复核人近三年不存在因执业行为受到刑事处罚， || 签字注册会计师、项目质量控制复核人不存在可能影响独立性的情形。三、拟新
002825,2024-04-23,1219747869,纳尔股份：关于续聘2024年度审计机构的公告,,True,人签字注册会计师项目质量复核人员姓名林旺王蕾曹俊炜何时成为注册会计师 || 签字注册会计师、项目质量复核人员近三年不存在因执业行为受到刑事处罚， || 签字注册会计师、项目质量复核人员不存在可能影响独立性的情形。4.审计
002829,2020-04-16,1207507347,星网宇达：关于聘任2020年度审计机构的公告,,True,普通合伙）（3）质量控制复核人从业经历：丁彭凯时间工作单位职务20 || 签字注册会计师和质量控制复核人不存在违反《中国注册会计师职业道德守
002830,2022-04-02,1212808535,名雕股份：关于变更签字注册会计师的公告,,True,先生、赵文女士；项目质量控制复核人仍为：吴虹女士。二、本次变更的签字注 || 签字注册会计师、项目质量控制复核人未发生变化。上述变更事项不会对公司2
002830,2020-04-25,1207605642,名雕股份：关于续聘公司2020年度审计机构的公告,,True,序，倪明昭拟担任项目质量控制复核人。倪明昭从事证券服务业务多年，负责审 || 签字注册会计师和质量控制复核人不存在违反《中国注册会计师职业道德守
002831,2022-04-27,1213134288,裕同科技：关于拟聘任2022年度会计师事务所的公告,,True,宋鑫册会计18制复核人多家企业改制上市或再师融资审计业务，
002831,2021-04-28,1209828708,裕同科技：关于拟聘任2021年度会计师事务所的公告,,True,宋鑫册会计17制复核人多家企业改制上市或再师融资审计业务，
002831,2023-04-27,1216618394,裕同科技：关于拟聘任2023年度会计师事务所的公告,,True,盛赛车宋鑫19年复核人会计师等十多家企业改制上市或再融资审
002831,2024-04-26,1219830720,裕同科技：关于拟聘任2024年度会计师事务所的公告,,True,改制上宋鑫20年复核人会计师市或再融资审计业务，积累了比较
002831,2020-04-27,1207607676,裕同科技：关于拟聘任2020年度会计师事务所的公告,,True,宋鑫册会计16制复核人多家企业改制上市或再师融资审计业务，
002832,2020-09-26,1208497672,比音勒芬：关于聘任2020年度会计师事务所的公告,,True,程序，岑嘉文拟任项目质量控制复核人，岑嘉文从事证券服务业务18年，负责 || 会计师何婷、拟任项目质量控制复核人岑嘉文近三年未受到刑事处罚、行政处罚
002836,2022-04-29,1213218657,新宏泽：关于续聘会计师事务所的公告,,True,始从事上市公司审项目质量控制复核人程峰计业务，2019年开始在容诚会计 || 任小超、何汶峰、项目质量控制复核人程峰近三年内未曾因执业行为受到刑事处
002836,2021-09-30,1211181308,新宏泽：关于变更会计师事务所的公告,,True,从事上市公司审计项目质量控制复核人谭代明业务，2019年开始在容诚会计 || 册会计师任小超、项目质量控制复核人谭代明近三年内未曾因执业行为受到刑事
002840,2021-04-16,1209701091,华统股份：关于续聘2021年度审计机构的公告,,True,签字注册会计师、项目质量控制复核人不存在可能影响独立性的情形。项目合伙
002836,2023-04-28,1216649689,新宏泽：关于续聘会计师事务所的公告,,True,业；近三年复核过项目质量控制复核人谭代明安纳达（002136）、顺络电 || 任小超、吴定权、项目质量控制复核人谭代明近三年内未曾因执业行为受到刑事
002840,2023-04-28,1216658463,华统股份：关于续聘2023年度审计机构的公告,,True,签字注册会计师、项目质量控制复核人近三年不存在因执业行为受到刑事处罚， || 签字注册会计师、项目质量控制复核人不存在可能影响独立性的情形。4、审计
002842,2020-04-29,1207658869,翔鹭钨业：关于聘任公司2020年度审计机构的公告,,True,字注册会计师以及项目质量控制复核人尚未确定具体人员。（三）业务信息华兴
002840,2022-08-29,1214428173,华统股份：关于续聘2022年度审计机构的公告,,True,签字注册会计师、项目质量控制复核人近三年不存在因执业行为受到刑事处罚， || 签字注册会计师、项目质量控制复核人不存在可能影响独立性的情形。4、审计
002845,2020-03-18,1207381206,同兴达：关于拟续聘公司2020年度审计机构的公告,,True,咨询等业务。2、项目质量控制负责人简历包铁军先生：现任大华会计师事务所
002845,2023-02-03,1215755872,同兴达：深圳同兴达科技股份有限公司关于变更年审签字注册会计师及项目质量复核人员的公告,,True,签字注册会计师及项目质量复核人员的公告本公司及董事会全体成员保证信息 || 签字注册会计师及项目质量复核人员的函》，大华作为公司2022年度财务 || 计服务、包铁军为项目质量复核人员为公司的审计服务项目提供复核工作。鉴 || 师唐娟、陈鑫生及项目质量复核人员包铁军内部工作调整原因，根据大华《业 || 册会计师，陈勇为项目质量复核人员，负责公司2022年度财务报表及内部 || 签字注册会计师及项目质量复核人员情况项目签字注册会计师赖其寿：于20
002845,2024-03-06,1219242483,同兴达：深圳同兴达科技股份有限公司关于变更年审签字注册会计师及项目质量复核人员的公告,,True,签字注册会计师及项目质量复核人员的公告本公司及董事会全体成员保证信息 || 签字注册会计师及项目质量复核人员的函》，大华作为公司2023年度财务 || 审计服务、陈勇为项目质量复核人员为贵公司的审计服务项目提供复核工作。 || 册会计师赖其寿及项目质量复核人员陈勇工作调整原因，根据大华《业务质量 || 会计师，胡志刚为项目质量复核人员，负责公司2023年度财务报表及内部 || 签字注册会计师及项目质量复核人员情况项目签字注册会计师王海第：于20
002845,2023-03-31,1216278430,同兴达：深圳同兴达科技股份有限公司关于续聘2023年度审计机构的公告,,True,牌公司审计报告。项目质量复核人员陈勇：于2007年12月成为注册会计 || 无不良诚信记录。项目质量复核人员陈勇不存在违反《中国注册会计师职业道 || 签字注册会计师、项目质量控制复核人能够在执行本项目审计工作时保持独立性
002846,2022-04-26,1213118690,英联股份：关于变更签字注册会计师和项目质量控制复核人的公告,,True,签字注册会计师和项目质量控制复核人的公告本公司及全体董事会成员保证信息 || 签字注册会计师和项目质量控制复核人变更情况近日，公司收到了信永中和出具 || 会计师，陈洪涛为独立复核合伙人为公司提供审计服务。鉴于原独立复核合 || 审计服务。鉴于原独立复核合伙人陈洪涛及签字会计师蒋行行工作调整，现 || ，现指派贺春海为独立复核合伙人、肖威为签字会计师，负责贵公司202
002847,2022-03-31,1212750942,盐津铺子：关于拟续聘2022年度会计师事务所的公告,,True,务所目前正在开展项目质量复核人员独立性轮换工作，因此目前尚控制无法确 || 2022年度审计项目质量复核人员。公司将在天健会计师事务所确定项目质 || 所确定项目质量复复核人核人员后及时披露相关人员信息。2.诚 || 签字注册会计师、项目质量控制复核人近三年不存在因执业行为受到刑事处罚， || 签字注册会计师、项目质量控制复核人不存在可能影响独立性的情形。4、审计
002847,2020-03-07,1207350899,盐津铺子：关于续聘2020年度审计机构的公告,,True,在事务所承23年复核人会计师担质量控制及复核工作，具备相应
002847,2023-04-15,1216420054,盐津铺子：关于拟续聘2023年度会计师事务所的公告,,True,科技、新光药业、复核人鸿泉物联、杭州高新等公司年度审计报告 || 签字注册会计师、项目质量控制复核人近三年不存在因执业行为受到刑事处罚， || 签字注册会计师、项目质量控制复核人不存在可能影响独立性的情形。4、审计
002847,2024-03-27,1219410198,盐津铺子：关于拟续聘2024年度会计师事务所的公告,,True,科技、新光药业、复核人鸿泉物联、杭州高新等公司年度审计报告 || 签字注册会计师、项目质量控制复核人近三年不存在因执业行为受到刑事处罚， || 签字注册会计师、项目质量控制复核人不存在可能影响独立性的情形。4、审计
002848,2022-04-29,1213211112,高斯贝尔：关于续聘2022年度审计机构的公告,,True,份、兄弟科技、制复核人沈培强2003年2001年2003年 || 签字注册会计师、项目质量控制复核人近三年不存在因执业行为受到刑事处罚， || 签字注册会计师、项目质量控制复核人不存在可能影响独立性的情形。（4）审
002847,2021-03-31,1209492232,盐津铺子：关于续聘2021年度审计机构的公告,,True,年化、正虹科技等复核人上市公司年度审计报告2.诚信记录项目 || 签字注册会计师、项目质量控制复核人近三年不存在因执业行为受到刑事处罚， || 签字注册会计师、项目质量控制复核人不存在可能影响独立性的情形。4、审计
002848,2020-04-28,1207639525,高斯贝尔：关于续聘2020年度审计机构的公告,,True,册会计师23年制复核人务业务，目前在事务所承担质量控制及复
002848,2021-04-27,1209812486,高斯贝尔：关于续聘2021年度审计机构的公告,,True,签字注册会计师、项目质量控制复核人近三年存在因执业行为受到刑事处罚，受 || 签字注册会计师、项目质量控制复核人不存在可能影响独立性的情形。（4）审
002848,2024-04-16,1219623356,高斯贝尔：关于续聘2024年度审计机构的公告,,True,1年2023年制复核人阳股份、巨化股份、2五洲新春、久祺股 || 签字注册会计师、项目质量控制复核人近三年不存在因执业行为受到刑事处罚， || 签字注册会计师、项目质量复核人员不存在可能影响独立性的情形。（4）审
002848,2023-04-25,1216560723,高斯贝尔：关于续聘2023年度审计机构的公告,,True,份、兄弟科技、制复核人赞宇科技、凯迪股份、沈培强2003年 || 签字注册会计师、项目质量控制复核人近三年不存在因执业行为受到刑事处罚， || 签字注册会计师、项目质量控制复核人不存在可能影响独立性的情形。（4）审
002849,2022-04-28,1213164435,威星智能：关于续聘天健会计师事务所（特殊普通合伙）为公司2022年度审计机构的公告,,True,签字注册会计师、项目质量控制复核人近三年不存在因执业行为受到刑事处罚， || 签字注册会计师、项目质量控制复核人不存在可能影响独立性的情形。4、审计
002849,2021-04-28,1209832652,威星智能：关于续聘天健会计师事务所（特殊普通合伙）为公司2021年度审计机构的公告,,True,签字注册会计师、项目质量控制复核人近三年存在因执业行为受到刑事处罚，受 || 签字注册会计师、项目质量控制复核人不存在可能影响独立性的情形。4、审计
002849,2020-04-29,1207660670,威星智能：关于续聘天健会计师事务所（特殊普通合伙）为公司2020年度审计机构的公告,,True,嵩注册会计师9制复核人审计、上市公司年报审计和重大资产重组
002849,2024-04-25,1219797674,威星智能：关于续聘天健会计师事务所（特殊普通合伙）为公司2024年度审计机构的公告,,True,签字注册会计项目质量复核人基本信息项目合伙人师员姓名伍贤春朱彬 || 签字注册会计师、项目质量复核人员近三年不存在因执业行为受到刑事处罚， || 签字注册会计师、项目质量复核人员不存在可能影响独立性的情形。4、审计
002849,2023-04-26,1216584934,威星智能：关于续聘天健会计师事务所（特殊普通合伙）为公司2023年度审计机构的公告,,True,签字注册会计师、项目质量控制复核人近三年不存在因执业行为受到刑事处罚， || 签字注册会计师、项目质量控制复核人不存在可能影响独立性的情形。4、审计
002850,2022-11-04,1215025531,科达利：关于续聘会计师事务所的公告,,True,服务经验，任晓英复核人2019年开始在容诚会计师事务所执业 || 黄绍煌、陈美婷、项目质量控制复核人任晓英近三年内未曾因执业行为受到刑事
002850,2023-11-25,1218431206,科达利：关于聘任会计师事务所的公告,,True,务所执业；近三年复核人签署过天奇股份等3家上市公司审计报告 || 陈美婷、盛冬琴，项目质量控制复核人钟俊近三年内未曾因执业行为受到刑事处
002850,2021-09-23,1211131671,科达利：关于变更会计师事务所的公告,,True,所执业；近三年复复核人核过安纳达、顺络电子、华兴源创等10 || 黄绍煌、陈美婷、项目质量控制复核人谭代明近三年内未曾因执业行为受到刑事
002851,2020-04-28,1207639159,麦格米特：关于公司拟续聘会计师事务所的公告,,True,任能力：是（2）质量控制复核人：许菊萍执业资质：注册会计师、税务师
002856,2021-04-29,1209851938,美芝股份：关于拟续聘会计师事务所的公告,,True,亚太项目合伙人、项目质量控制复核人、拟签字注册会计师具备相应专业胜任能 || 签字注册会计师。项目质量控制复核人崔江涛：于2002年11月成为注册会 || 开始，作为本公司项目质量控制复核人。2.诚信记录项目合伙人、拟签字注册 || 签字注册会计师、项目质量控制复核人近三年（最近三个完整自然年度及当年） || 签字注册会计师和项目质量控制复核人不存在可能影响独立性的情形。4.审计
002856,2022-04-29,1213218686,美芝股份：关于拟续聘会计师事务所的公告,,True,务所项目合伙人、项目质量控制复核人、拟签字注册会计师具备相应专业胜任能 || 签字注册会计师。项目质量控制复核人崔江涛：于2002年11月成为注册会 || 开始，作为本公司项目质量控制复核人。2.诚信记录项目合伙人、签字注册会 || 签字注册会计师、项目质量控制复核人近三年（最近三个完整自然年度及当年）
002856,2021-03-18,1209402786,美芝股份：美芝股份关于变更会计师事务所的公告,,True,签字注册会计师。项目质量控制复核人崔江涛：于2002年11月成为注册会 || 开始，作为本公司项目质量控制复核人。2.诚信记录项目合伙人、拟签字注册 || 签字注册会计师、项目质量控制复核人近三年（最近三个完整自然年度及当年） || 签字注册会计师和项目质量控制复核人不存在可能影响独立性的情形。4.审计
002856,2024-04-29,1219873674,美芝股份：关于拟续聘会计师事务所的公告,,True,务所项目合伙人、项目质量控制复核人、拟签字注册会计师具备相应专业胜任能 || 市公司超过1家。项目质量控制复核人马玉婧：于2014年成为注册会计师， || 开始，作为本公司项目质量控制复核人。2.诚信记录项目合伙人、签字注册会 || 签字注册会计师、项目质量控制复核人近三年（最近三个完整自然年度及当年） || 签字注册会计师、项目质量控制复核人不存在违反《中国注册会计师职业道德守
002857,2021-04-23,1209773183,三晖电气：关于聘任2021年度审计机构的公告,,True,单位兼职。（3）质量控制复核人从业经历：郭健，中国注册会计师，合伙 || 签字注册会计师和质量控制复核人不存在违反《中国注册会计师职业道德守
002856,2023-04-26,1216590639,美芝股份：关于拟续聘会计师事务所的公告,,True,务所项目合伙人、项目质量控制复核人、拟签字注册会计师具备相应专业胜任能 || 签字注册会计师。项目质量控制复核人马玉婧：于2014年月成为注册会计师 || 开始，作为本公司项目质量控制复核人。2.诚信记录项目合伙人、签字注册会 || 签字注册会计师、项目质量控制复核人近三年（最近三个完整自然年度及当年）
002857,2020-04-22,1207548997,三晖电气：关于聘任2020年度审计机构的公告,,True,单位兼职。（3）质量控制复核人从业经历：孟庆祥，中国注册会计师，合 || 签字注册会计师和质量控制复核人不存在违反《中国注册会计师职业道德守
002858,2022-04-08,1212840921,力盛赛车：公司拟续聘会计师事务所的公告,,True,12年2022年复核人2020年度审计报告；签署锦鸡股份等 || 签字注册会计师、项目质量控制复核人近三年不存在因执业行为受到刑事处罚， || 签字注册会计师、项目质量控制复核人不存在可能影响独立性的情形。4、审计
002858,2021-04-15,1209691278,力盛赛车：续聘2021年度审计机构的公告,,True,都电源、力盛赛车复核人等上市公司年报。2、诚信记录项目合伙 || 签字注册会计师、项目质量控制复核人近三年不存在因执业行为受到刑事处罚， || 签字注册会计师、项目质量控制复核人不存在可能影响独立性的情形。4、审计
002858,2024-04-26,1219831146,力盛体育：拟续聘会计师事务所的公告,,True,签字注册会计师、项目质量控制复核人近三年不存在因执业行为受到刑事处罚， || 签字注册会计师、项目质量控制复核人不存在可能影响独立性的情形。4、审计
002859,2020-03-31,1207428854,洁美科技：关于续聘天健会计师事务所为公司2020年度审计机构的公告,,True,国注册会计师17复核人审计相关工作。1992年7月起至今，
002860,2020-04-03,1207451343,星帅尔：关于续聘2020年度审计机构的公告,,True,胜任能力：是2、项目质量控制负责人：余亚进执业资质：注册会计师从业经历
002858,2023-04-19,1216459205,力盛体育：拟续聘会计师事务所的公告,,True,12年2022年复核人审计报告；签署扬电科技、锦鸡股份等2 || 签字注册会计师、项目质量控制复核人近三年不存在因执业行为受到刑事处罚， || 签字注册会计师、项目质量控制复核人不存在可能影响独立性的情形。4、审计
002860,2021-04-28,1209826385,星帅尔：关于续聘2021年度审计机构的公告,,True,胜任能力：是2、项目质量控制负责人：余亚进执业资质：注册会计师从业经历
002859,2022-04-12,1212885856,洁美科技：关于续聘天健会计师事务所为公司2022年度审计机构的公告,,True,签字注册会计师、项目质量控制复核人近三年不存在因执业行为受到刑事处罚， || 签字注册会计师、项目质量控制复核人不存在可能影响独立性的情形。4、审计
002860,2023-04-28,1216649146,星帅尔：关于续聘2023年度审计机构的公告,,True,胜任能力：是2、项目质量控制负责人：洪烨执业资质：注册会计师从业经历：
002860,2022-04-22,1213019230,星帅尔：关于续聘2022年度审计机构的公告,,True,胜任能力：是2、项目质量控制负责人：洪烨执业资质：注册会计师从业经历：
002860,2024-04-10,1219551264,星帅尔：关于续聘2024年度审计机构的公告,,True,021年3家洪烨质量控制复核人2013年2011年2019年10月 || 签字注册会计师、项目质量控制复核人近三年因执业行为受到刑事处罚，受到证 || 签字注册会计师、项目质量控制复核人不存在可能影响独立性的情形。4、审计
002861,2020-03-20,1207387160,瀛通通讯：关于续聘公司2020年度审计机构的公告,,True,天健朱国刚17年复核人会计师会计师事务所（特殊普通合伙）从
002861,2021-04-23,1209775616,瀛通通讯：关于续聘公司2021年审计机构的公告,,True,2年2019年制复核人金桥信息、辉丰股份、瀛通通讯、金溢科 || 签字注册会计师、项目质量控制复核人近三年不存在因执业行为受到刑事处罚， || 签字注册会计师、项目质量控制复核人不存在可能影响独立性的情形。4、审计
002861,2023-04-27,1216620900,瀛通通讯：关于续聘会计师事务所的公告,,True,、量控制大越期货复核人瀛通通讯、新疆天业、天业朱中伟200 || 签字注册会计师、项目质量控制复核人近三年不存在因执业行为受到刑事处罚， || 签字注册会计师、项目质量控制复核人不存在可能影响独立性的情形。4、审计
002863,2020-03-28,1207418168,今飞凯达：关于续聘会计师事务所的公告,,True,任能力：是（2）质量控制复核人：许菊萍执业资质：注册会计师、注册税
002865,2020-03-26,1207404605,钧达股份：关于续聘公司2020年度审计机构的公告,,True,经理陈立梅拟担任项目质量控制复核人，陈立梅于2004年9月至2017年 || 册会计师2龚昊和质量控制复核人陈立梅不存在违反《中国注册会计师职业 || 册会计师2龚昊和质量控制复核人陈立梅最近三年未受（收）到刑事处罚、
002865,2022-10-17,1214804865,钧达股份：关于聘任会计师事务所的公告,,True,签字注册会计师、项目质量控制复核人近三年不存在因执业行为受到刑事处罚， || 签字注册会计师、项目质量控制复核人不存在可能影响独立性的情形。4、审计
002867,2020-04-28,1207644037,周大生：关于续聘公司2020年度审计机构的公告,,True,江拟委派邓红担任项目质量控制负责人，邓红从事证券服务业务超过20年，负
002869,2021-04-29,1209849852,金溢科技：关于续聘会计师事务所的公告,,True,等2018年度制复核人审计报告；2018年签署杭锅股份、明 || 签字注册会计师、项目质量控制复核人近三年不存在因执业行为受到刑事处罚， || 签字注册会计师、项目质量控制复核人不存在可能影响独立性的情形。4、审计
002869,2024-04-19,1219671854,金溢科技：关于续聘会计师事务所的公告,,True,签字注册会计师、项目质量复核人员近三年不存在因执业行为受到刑事处罚， || 签字注册会计师、项目质量控制复核人不存在可能影响独立性的情形。4、审计
002869,2022-04-26,1213117920,金溢科技：关于续聘会计师事务所的公告,,True,宝、金桥信息、制复核人辉丰股份、海星股份等。2、诚信记录项 || 的监督管理措施；项目质量控制复核人近三年不存在因执业行为受到刑事处罚， || 签字注册会计师、项目质量控制复核人不存在可能影响独立性的情形。4、审计
002870,2020-10-30,1208647247,香山股份：关于续聘会计师事务所的公告,,True,梁卫丽女士拟担任项目质量控制复核人，梁卫丽女士自1997年起从事注册会
002869,2023-04-25,1216563416,金溢科技：关于续聘会计师事务所的公告,,True,辉丰股份、瀛通制复核人通讯、永高股份、海星股份等。2、诚信 || 的监督管理措施；项目质量控制复核人近三年不存在因执业行为受到刑事处罚， || 签字注册会计师、项目质量控制复核人不存在可能影响独立性的情形。4、审计
002872,2020-11-05,1208691546,ST天圣：关于公司续聘会计师事务所的公告,,True,程，郭国卫拟担任项目质量控制复核人。郭国卫，中国注册会计师、高级会计师 || 签字注册会计师及质量控制复核人最近三年未受（收）到刑事处罚、行政处
002876,2022-03-18,1212608812,三利谱：关于续聘公司2022年度审计机构的公告,,True,通合伙）正在开展项目质量复核人员独质量控制暂未确定立性轮换工作，因此 || 换工作，因此目前复核人尚无法确定公司2022年度审计项目的 || 2年度审计项目的质量复核人员。2.诚信记录项目合伙人、签字注册会 || 签字注册会计师、项目质量控制复核人近三年不存在因执业行为受到刑事处罚， || 签字注册会计师、项目质量控制复核人不存在可能影响独立性的情形。4、审计
002876,2024-04-12,1219581908,三利谱：关于续聘公司2024年度审计机构的公告,,True,、菲达环保、长盈复核人精密、捷顺科技、三利谱2.诚信记录项 || 签字注册会计师、项目质量控制复核人近三年不存在因执业行为受到刑事处罚， || 签字注册会计师、项目质量控制复核人不存在可能影响独立性的情形。4、审计
002876,2021-03-18,1209402193,三利谱：关于续聘公司2021年度审计机构的公告,,True,泰瑞机器2018复核人年审计报告，复核步步高、新通联201 || 签字注册会计师、项目质量控制复核人近三年不存在因执业行为受到刑事处罚， || 签字注册会计师、项目质量控制复核人不存在可能影响独立性的情形。证券代码
002876,2023-03-28,1216235843,三利谱：关于续聘公司2023年度审计机构的公告,,True,签字注册会计师、项目质量控制复核人近三年不存在因执业行为受到刑事处罚， || 签字注册会计师、项目质量控制复核人不存在可能影响独立性的情形。4、审计
002878,2020-04-16,1207505535,元隆雅图：关于续聘会计师事务所的公告,,True,序，王怀发拟担任项目质量控制复核人。王怀发从事证券服务业务22年，负责
002879,2024-03-15,1219307432,长缆科技：关于续聘2024年度审计机构的公告,,True,公司审计报告5制复核人份近三年共签署或复核签字注册会李永利 || 签字注册会计师、项目质量控制复核人近三年不存在因执业行为受到刑事处罚， || 签字注册会计师、项目质量控制复核人不存在可能影响独立性的情形。4、审计
002879,2022-03-18,1212609182,长缆科技：关于续聘2022年度审计机构的公告,,True,服黄灿坤25年制复核人会计师务业务，目前在事务所承担质量控 || 签字注册会计师、项目质量控制复核人近三年不存在因执业行为受到刑事处罚， || 签字注册会计师、项目质量控制复核人不存在可能影响独立性的情形。三、拟续
002879,2021-03-16,1209385595,长缆科技：关于续聘2021年度审计机构的公告,,True,服黄灿坤24年制复核人会计师务业务，目前在事务所承担质量控 || 签字注册会计师、项目质量控制复核人近三年不存在因执业行为受到刑事处罚， || 签字注册会计师、项目质量控制复核人不存在可能影响独立性的情形。三、拟续
002879,2023-03-18,1216145490,长缆科技：关于续聘2023年度审计机构的公告,,True,公司审计报告8制复核人份近三年共签署或复核签字注册会李永利 || 签字注册会计师、项目质量控制复核人近三年不存在因执业行为受到刑事处罚， || 签字注册会计师、项目质量控制复核人不存在可能影响独立性的情形。4、审计
002879,2020-03-13,1207368418,长缆科技：关于续聘2020年度审计机构的公告,,True,等证券服23年制复核人会计师务业务，目前在事务所承担质量控
002887,2021-03-09,1209353252,绿茵生态：关于续聘2021年度审计机构的公告,,True,签字注册会计师、项目质量控制复核人近三年未因执业行为受证券代码：002 || 签字注册会计师、项目质量控制复核人能够在执行本项目审计工作时保持独立性
002889,2021-04-30,1209871028,东方嘉盛：关于续聘公司2021年度审计机构的公告,,True,程序，倪军拟担任项目质量控制复核人。倪军，注册会计师，1997年起从事
002889,2022-04-29,1213228341,东方嘉盛：关于续聘公司2022年度审计机构的公告,,True,序，储燕涛拟担任项目质量控制复核人。储燕涛，注册会计师，2007年开始
002889,2020-04-29,1207654647,东方嘉盛：关于续聘公司2020年度审计机构公告,,True,程序，倪军拟担任项目质量控制复核人。倪军，注册会计师，1997年起从事
002889,2023-04-25,1216559420,东方嘉盛：关于续聘公司2023年度审计机构的公告,,True,应专业胜任能力。项目质量控制复核人：根据致同所质量控制政策和程序，童登 || 序，童登书拟担任项目质量控制复核人。童登书，注册会计师，1993年开始 || 册会计师纪海燕、项目质量控制复核人童登书近三年未因执业行为受到刑事处罚
002892,2022-04-25,1213059546,科力尔：关于续聘公司2022年度审计机构的公告,,True,册会计师林少佳、项目质量控制复核人胡乃鹏近2证券代码：002892证券 || 签字注册会计师、项目质量控制复核人等均不存在可能影响独立性的情形。4、
002893,2021-04-27,1209815312,华通热力：关于拟续聘会计师事务所的公告,,True,过10家。拟担任独立复核合伙人：唐其勇先生，2004年获得中国注册 || 签字注册会计师、项目质量控制复核人近三年无执业行为受到刑事处罚，受到证 || 签字注册会计师、项目质量控制复核人等从业人员不存在违反《中国注册会计师
002893,2020-04-24,1207588030,华通热力：关于拟续聘会计师事务所的公告,,True,合伙人黄迎女士、独立复核合伙人唐其勇先生、拟签字注册会计师蒋晓岚女
002892,2023-04-26,1216588617,科力尔：关于续聘公司2023年度财务审计机构及内部控制审计机构的公告,,True,注册会计师李珊、项目质量控制复核人胡乃鹏近三年内未曾因执业行为受到刑事 || 签字注册会计师、项目质量控制复核人等均不存在可能影响独立性的情形。4、
002893,2022-04-30,1213254206,华通热力：关于拟续聘会计师事务所的公告,,True,过10家。拟担任独立复核合伙人：唐其勇先生，2004年获得中国注册 || 签字注册会计师、项目质量控制复核人近三年无执业行为受到刑事处罚，受到证 || 签字注册会计师、项目质量控制复核人等从业人员不存在违反《中国注册会计师
002893,2023-12-12,1218581480,京能热力：关于拟续聘会计师事务所的公告,,True,超过5家。拟担任独立复核合伙人：唐其勇先生，2004年获得中国注册 || 签字注册会计师、项目质量控制复核人近三年无执业行为受到刑事处罚，无受到 || 签字注册会计师、项目质量控制复核人等从业人员不存在违反《中国注册会计师
002892,2024-04-26,1219830879,科力尔：关于续聘公司2024年度财务审计机构及内部控制审计机构的公告,,True,005年开始项目质量复核人胡乃鹏从事上市公司审计业务，2005 || 、纪律处分。项目质量复核人胡乃鹏近三年因执业行为受到刑事处罚， || 签字注册会计师、项目质量控制复核人等均不存在可能影响独立性的情形。4、
002892,2021-08-27,1210872956,科力尔：关于拟变更公司会计师事务所的公告,,True,册会计师陈美婷、项目质量控制复核人谭代明近三年内未曾因执业行为受到刑事
002896,2020-04-16,1207507528,中大力德：关于拟续聘2020年度审计机构的公告,,True,任能力：是（2）质量控制复核人：潘晓姿执业资质：注册会计师从业经历
002896,2023-04-20,1216477736,中大力德：关于续聘会计师事务所的公告,,True,023年0束哲民质量控制复核人1998年1997年2002年6月2 || 签字注册会计师、项目质量控制复核人近三年存在因执业行为受到刑事处罚，受 || 签字注册会计师、项目质量控制复核人不存在可能影响独立性的情形。4、审计
002896,2024-04-16,1219621988,中大力德：关于续聘会计师事务所的公告,,True,023年2束哲民质量控制复核人1998年1997年2012年6月2 || 签字注册会计师、项目质量控制复核人近三年不存在因执业行为受到刑事处罚， || 签字注册会计师、项目质量控制复核人不存在可能影响独立性的情形。4、审计
002896,2022-04-15,1212922767,中大力德：关于聘任公司2022年度审计机构的公告,,True,018年1束哲民质量控制复核人1998年1997年2002年6月2 || 签字注册会计师、项目质量控制复核人近三年不存在因执业行为受到刑事处罚， || 签字注册会计师、项目质量控制复核人不存在可能影响独立性的情形。4、审计
002898,2021-04-30,1209870260,赛隆药业：关于续聘公司2021年度审计机构的公告,,True,程序，王莹拟担任项目质量控制复核人。王莹，1996年成为注册会计师，1 || 册会计师李气大、项目质量控制复核人王莹近三年未因执业行为受到刑事处罚，
002898,2020-04-29,1207666381,赛隆药业：关于续聘公司2020年度审计机构的公告,,True,序，高利萍拟担任项目质量控制复核人。高利萍，注册会计师，1992年起从 || 市公司年报审计的项目质量控制复核人，具备相应专业胜任能力。5．诚信记录 || 措施、纪律处分。质量控制复核人高利萍近三年未受（收）到刑事处罚、行
002901,2023-04-29,1216693419,大博医疗：关于续聘2023年度审计机构的公告,,True,南华生物、中贝制复核人通信等2.诚信记录项目合伙人、签字注 || 签字注册会计师、项目质量控制复核人近三年不存在因执业行为受到刑事处罚， || 签字注册会计师、项目质量控制复核人不存在可能影响独立性的情形。三、拟续
002901,2021-04-27,1209809761,大博医疗：关于续聘2020年度审计机构的公告,,True,签字注册会计师、项目质量控制复核人近三年不存在因执业行为受到刑事处罚， || 签字注册会计师、项目质量控制复核人不存在可能影响独立性的情形。三、拟续
002901,2024-03-30,1219465617,大博医疗：关于续聘2024年度审计机构的公告,,True,人签字注册会计师项目质量复核人员姓名李明明祝琪梅张恩学何时成为注册会 || 签字注册会计师、项目质量复核人员近三年不存在因执业行为受到刑事处罚， || 签字注册会计师、项目质量复核人员不存在可能影响独立性的情形。三、拟续
002901,2020-04-25,1207602082,大博医疗：关于续聘2020年度审计机构的公告,,True,计师事务所12年复核人会计师工作2003至今，在天健中国注
002902,2021-11-26,1211704852,铭普光磁：关于拟变更会计师事务所的公告,,True,告1家。（3）拟质量控制复核人：付忠伟付忠伟先生，2005年成为注 || 签字注册会计师和质量控制复核人近三年不存在因执业行为受到刑事处罚， || 签字注册会计师、项目质量控制复核人不存在可能影响独立性的情形。4、审计
002903,2022-03-31,1212744910,宇环数控：关于拟续聘公司2022年度审计机构的公告,,True,计等2019年制复核人06-3030(603220.SH) || 签字注册会计师、项目质量控制复核人近三年不存在因执业行为受到刑事处罚， || 签字注册会计师、项目质量控制复核人不存在可能影响独立性的情形。4.审计
002903,2021-03-25,1209444797,宇环数控：关于拟续聘公司2021年度审计机构的公告,,True,签字注册会计师、项目质量控制复核人近三年不存在因执业行为受到刑事处罚， || 签字注册会计师、项目质量控制复核人不存在可能影响独立性的情形。4.审计
002903,2023-04-17,1216410888,宇环数控：关于拟续聘公司2023年度审计机构的公告,,True,SH)、伟星股份复核人证券服务业务，(002003.SZ) || 签字注册会计师、项目质量控制复核人近三年不存在因执业行为受到刑事处罚， || 签字注册会计师、项目质量控制复核人不存在可能影响独立性的情形。4.审计
002903,2024-03-29,1219440032,宇环数控：关于拟续聘公司2024年度审计机构的公告,,True,质量控制暂未确定复核人2近三年共签署或复核拟签字李永利19 || 通合伙）正在开展项目质量复核人员独立性轮换工作，因此目前尚无法确定公 || 4年度审计项目的质量复核人员2.诚信记录项目合伙人、签字注册会计
002910,2021-05-27,1210105099,庄园牧场：兰州庄园牧场股份有限公司关于续聘公司2021年度审计机构的公告,,True,单位兼职。（3）质量控制复核人员：刘会锋先生中国注册会计师，200
002909,2020-03-31,1207430565,集泰股份：关于拟聘任会计师事务所的公告,,True,东及其团队拟担任项目质量控制复核人。王皓东从事证券服务业务多年，负责审 || 师屈先富、拟担任项目质量控制复核人王皓东最近三年无刑事处罚、行政处罚、
002910,2020-05-16,1207818506,庄园牧场：关于续聘公司2020年度审计机构的公告,,True,单位兼职。（3）质量控制复核人员：刘会锋先生中国注册会计师，200
002912,2021-04-29,1209855874,中新赛克：关于续聘2021年度审计机构的公告,,True,签字注册会计师、项目质量控制复核人近三年不存在因执业行为受到刑事处罚， || 签字注册会计师、项目质量控制复核人不存在可能影响独立性的情形。4、审计
002913,2020-03-23,1207391191,奥士康：关于聘请2020年度会计师事务所的公告,,True,负责审计和多年制复核人计师复核多家上市公司，具备相应专业胜
002918,2022-12-30,1215485417,蒙娜丽莎：关于续聘会计师事务所的公告,,True,签字注册会计师、项目质量控制复核人近三年不存在因执业行为受到刑事处罚， || 签字注册会计师、项目质量控制复核人不存在可能影响独立性的情形。4、审计
002918,2021-11-09,1211530782,蒙娜丽莎：关于续聘会计师事务所的公告,,True,册会计师汪文龙、项目质量控制复核人毛晓东近三年不存在因执业行为受到刑事 || 签字注册会计师、项目质量控制复核人不存在可能影响独立性的情形。4、审计
002917,2023-11-30,1218480254,金奥博：关于变更会计师事务所的公告,,True,佳伟创、光弘科技复核人等上市公司审计报告2、独立性与诚信记 || 签字注册会计师和项目质量控制复核人近三年未因执业行为受到刑事处罚，未因
002918,2024-04-20,1219696445,蒙娜丽莎：关于续聘会计师事务所的公告,,True,1.基本信息项目质量复核人基本信息项目合伙人签字注册会计师员姓 || 签字注册会计师、项目质量控制复核人近三年不存在因执业行为受到刑事处罚， || 签字注册会计师、项目质量控制复核人不存在可能影响独立性的情形。4.审计
002919,2020-04-30,1207680048,名臣健康：关于续聘公司2020年度审计机构的公告,,True,拟委派冉红艳担任项目质量控制负责人，冉红艳从事证券服务业务19年，负责
002918,2023-10-26,1218148675,蒙娜丽莎：关于续聘会计师事务所的公告,,True,签字注册会计师、项目质量控制复核人近三年不存在因执业行为受到刑事处罚， || 签字注册会计师、项目质量控制复核人不存在可能影响独立性的情形。4.审计
002926,2020-06-06,1207900345,华西证券：关于续聘会计师事务所的公告,,True,公司提供年13年复核人报审计等各项证券服务业务。天健会计师
002926,2022-04-26,1213107047,华西证券：关于续聘会计师事务所的公告,,True,签字注册会计师、项目质量控制复核人近三年不存在因执业行为受到刑事处罚， || 签字注册会计师、项目质量控制复核人不存在可能影响独立性的情形。4、审计
002926,2021-04-13,1209675605,华西证券：关于续聘会计师事务所的公告,,True,签字注册会计师、项目质量控制复核人近三年不存在因执业行为受到刑事处罚， || 签字注册会计师、项目质量控制复核人不存在可能影响独立性的情形。4、审计
002926,2023-04-28,1216655679,华西证券：2023-022 华西证券股份有限公司关于续聘会计师事务所的公告,,True,签字注册会计师、项目质量控制复核人近三年不存在因执业行为受到刑事处罚， || 签字注册会计师、项目质量控制复核人不存在可能影响独立性的情形4、审计收
002928,2020-04-28,1207644322,华夏航空：拟聘任会计师事务所的公告,,True,签字注册会计师和质量控制复核人情况如下：是否从兼事过证职姓名职务执 || 国注册会计师是无复核人从业至今签字注册2012年加入立信所 || 至今项目合伙人、质量控制复核人和签字注册会计师过去三年均不存在违反
002927,2020-04-10,1207471676,泰永长征：拟聘任会计师事务所的公告,,True,次。项目合伙人、质量控制复核人和本期签字会计师均具备证券服务业务经 || 到自律处分1次；质量控制复核人和本期签字会计师最近三年均未受到刑事
002930,2020-10-28,1208627376,宏川智慧：关于续聘2020年度审计机构的公告,,True,4年，关涛（拟任项目质量控制复核人）从事证券服务业务20年，均具备相应
002931,2020-04-24,1207585842,锋龙股份：关于续聘公司2020年度审计机构的公告,,True,O申陈应爵17制复核人计师报审计、上市公司年报审计和重大资
002937,2023-04-27,1216623997,兴瑞科技：关于续聘2023年度审计机构的公告,,True,签字注册会计师、项目质量控制复核人近三年不存在因执业行为受到刑事处罚， || 签字注册会计师、项目质量控制复核人不存在可能影响独立性的情形。二、拟续 || 签字注册会计师、项目质量控制复核人等不存在可能影响独立性的情形，且具备 || 签字注册会计师、项目质量控制复核人等不存在可能影响独立性的情形，具备足
002937,2022-03-30,1212730447,兴瑞科技：关于续聘会计师事务所的公告,,True,签字注册会计师、项目质量控制复核人近三年不存在因执业行为受到刑事处罚， || 签字注册会计师、项目质量控制复核人不存在可能影响独立性的情形。三、拟续
002937,2021-03-24,1209438395,兴瑞科技：关于续聘会计师事务所的公告,,True,签字注册会计师、项目质量控制复核人近三年不存在因执业行为受到刑事处罚， || 签字注册会计师、项目质量控制复核人不存在可能影响独立性的情形。三、拟续
002937,2024-04-18,1219654304,兴瑞科技：关于续聘2024年度审计机构的公告,,True,敏芯股份、科顺防复核人水、奥瑞特药业等；2、诚信记录项目合 || 签字注册会计师、项目质量控制复核人近三年不存在因执业行为受到刑事处罚， || 签字注册会计师、项目质量控制复核人不存在可能影响独立性的情形。4、审计
002940,2020-04-03,1207453113,昂利康：关于续聘2020年度审计机构的公告,,True,，审计相关工作。复核人中国注册2004年7月起至今，天健会
002940,2024-04-20,1219696662,昂利康：关于续聘2024年度审计机构的公告,,True,月质量控制苏晓峰复核人2、诚信记录项目合伙人、签字注册会计 || 签字注册会计师、项目质量控制复核人近三年不存在因执业行为受到刑事处罚， || 签字注册会计师、项目质量控制复核人不存在可能影响独立性的情形。4、审计
002940,2022-04-16,1212942862,昂利康：关于续聘2022年度审计机构的公告,,True,章源钨业的签署和复核人2、诚信记录项目合伙人、签字注册会计 || 签字注册会计师、项目质量控制复核人近三年不存在因执业行为受到刑事处罚， || 签字注册会计师、项目质量控制复核人不存在可能影响独立性的情形。4、审计
002940,2021-04-17,1209713772,昂利康：关于续聘2021年度审计机构的公告,,True,章源钨业的签署和复核人2、诚信记录项目合伙人、签字注册会计 || 签字注册会计师、项目质量控制复核人近三年不存在因执业行为受到刑事处罚， || 签字注册会计师、项目质量控制复核人不存在可能影响独立性的情形。4、审计
002940,2023-04-01,1216300994,昂利康：关于续聘2023年度审计机构的公告,,True,健事务所正在开展项目质量复核人员独立性轮换工作，因此目前尚无法确定公 || 3年度审计项目的质量复核人员。2、诚信记录项目合伙人、签字注册会 || 签字注册会计师、项目质量控制复核人近三年不存在因执业行为受到刑事处罚， || 签字注册会计师、项目质量控制复核人不存在可能影响独立性的情形。4、审计
002942,2020-04-23,1207558294,新农股份：关于拟续聘2020年度审计机构的公告,,True,业胜任能力：是②质量控制复核人：李宁执业资质：注册会计师从业经历： || 字会计师金晓青及质量控制复核人李宁最近三年无任何刑事处罚、行政处罚
002942,2022-04-27,1213142892,新农股份：关于续聘公司2022年度审计机构的公告,,True,签字注册会计师、项目质量控制复核人近三年不存在因执业行为受到刑事处罚， || 签字注册会计师、项目质量控制复核人不存在可能影响独立性的情形。4.审计
002942,2024-04-25,1219799004,新农股份：关于续聘2024年度审计机构的公告,,True,签字注册会计师、项目质量控制复核人近三年不存在因执业行为受到刑事处罚， || 签字注册会计师、项目质量控制复核人不存在可能影响独立性的情形。4.审计
002942,2023-04-28,1216655234,新农股份：关于续聘公司2023年度审计机构的公告,,True,签字注册会计师、项目质量控制复核人近三年不存在因执业行为受到刑事处罚， || 签字注册会计师、项目质量控制复核人不存在可能影响独立性的情形。4.审计
002945,2020-09-24,1208484595,华林证券：关于续聘2020年度会计师事务所的公告,,True,务的项目合伙人、质量控制复核人、签字注册会计师均具备相应专业胜任能 || 服务。（2）拟任项目质量控制复核人李斐简介现任安永华明合伙人，具有中国 || 签字注册会计师及项目质量控制复核人员近三年未受到任何刑事处罚、行政处罚
002945,2022-03-26,1212687087,华林证券：关于续聘2022年度会计师事务所的公告,,True,目的项目合伙人、项目质量控制复核人和签字注册会计师的基本信息如下：（1 || 服务。（2）拟任项目质量控制复核人程海良简介现任毕马威华振会计师事务所 || 签字注册会计师和项目质量控制复核人最近三年均4未因执业行为受到任何刑事 || 签字注册会计师、项目质量控制复核人按照职业道德守则的规定保持了独立性。
002945,2023-12-09,1218565204,华林证券：关于变更会计师事务所的公告,,True,签字注册会计师、项目质量控制复核人近三年不存在因执业行为受到刑事处罚， || 签字注册会计师、项目质量控制复核人不存在可能影响独立性的情形。4、审计
002947,2022-02-22,1212413507,恒铭达：关于续聘2022年度审计机构的公告,,True,上海钢联电子商务复核人股份有限公司2019年度审计报告。复 || 签字注册会计师、项目质量控制复核人近三年不存在因执业行为受到刑事处罚， || 签字注册会计师、项目质量控制复核人不存在可能影响独立性的情形。4．审计
002945,2023-12-14,1218604592,华林证券：中信证券股份有限公司关于华林证券股份有限公司变更会计师事务所之临时受托管理事务报告,,True,签字注册会计师、项目质量控制复核人近三年不存在因执业行为受到刑事处罚， || 签字注册会计师、项目质量控制复核人不存在可能影响独立性的情形。（4）审
002947,2021-03-31,1209488170,恒铭达：关于续聘2021年度审计机构的公告,,True,签字注册会计师、项目质量控制复核人近三年不存在因执业行为受到刑事处罚， || 签字注册会计师、项目质量控制复核人不存在可能影响独立性的情形。4．审计
002947,2020-04-23,1207557628,恒铭达：关于续聘2020年度审计机构的公告,,True,注册会计师7年制复核人务所(特殊普通合伙)从事审计相关工作
002947,2024-04-02,1219493709,恒铭达：关于续聘2024年度审计机构的公告,,True,人签字注册会计师项目质量复核人员姓名邓德祥简艳会王健何时成为注册会计 || 签字注册会计师、项目质量控制复核人近三年不存在因执业行为受到刑事处罚， || 签字注册会计师、项目质量控制复核人不存在可能影响独立性的情形。4．审计
002947,2023-03-16,1216129298,恒铭达：关于续聘2023年度审计机构的公告,,True,计报告；2022复核人年，签署西藏矿业2021年度审计报告 || 签字注册会计师、项目质量控制复核人近三年不存在因执业行为受到刑事处罚， || 签字注册会计师、项目质量控制复核人不存在可能影响独立性的情形。4．审计
002953,2020-04-28,1207643277,日丰股份：关于聘任2020年度审计机构的公告,,True,字注册会计师以及项目质量控制复核人尚未确定具体人员。2、独立性和诚信记
002955,2020-04-21,1207541467,鸿合科技：关于续聘公司2020年度审计机构的公告,,True,艳及其团队拟担任项目质量控制复核人。齐春艳从事证券服务业务多年，负责审 || 刚，以及拟担任本项目质量控制复核人齐春艳最近三年无刑事处罚、行政处罚、
002957,2020-04-23,1207558574,科瑞技术：关于续聘公司2020年度审计机构的公告,,True,计王建甫17年制复核人审计等证券服务业务，具备相师应专业胜
002960,2022-03-31,1212751577,青鸟消防：关于续聘公司2022年度审计机构的公告,,True,年电气、民和股制复核人份、青鸟消防签字注册会中远海科、天地 || 签字注册会计师、项目质量控制复核人近三年无任何刑事处罚、行政处罚、行政 || 签字注册会计师、项目质量控制复核人不存在违反《中国注册会计师职业道德守
002960,2020-04-23,1207557790,青鸟消防：关于续聘公司2020年度审计机构的公告,,True,事务所项目10年复核人计师质量复核岗位，负责过多个证券业务 || 师汪明卉、辛建，质量控制复核人李晓思符合独立性要求，近三年未受到刑
002960,2021-10-27,1211387382,青鸟消防：关于续聘公司2021年度审计机构的公告,,True,年电气、民和股制复核人份、青鸟消防签字注册会中远海科、天地 || 签字注册会计师、项目质量控制复核人近三年无任何刑事处罚、行政处罚、行政 || 签字注册会计师、项目质量控制复核人不存在违反《中国注册会计师职业道德守
002962,2022-06-15,1213706468,五方光电：关于续聘2022年度审计机构的公告,,True,签字注册会计师、项目质量控制复核人近三年不存在因执业行为受到刑事处罚， || 签字注册会计师、项目质量控制复核人不存在可能影响独立性的情形。4、审计
002962,2021-03-26,1209452579,五方光电：关于续聘2021年度审计机构的公告,,True,签字注册会计师、项目质量控制复核人近三年存在因执业行为受到证监会派出机 || 签字注册会计师、项目质量控制复核人不存在可能影响独立性的情形。三、拟续
002960,2023-12-05,1218510850,青鸟消防：关于续聘公司2023年度审计机构的公告,,True,5年2019年制复核人股份、青鸟消防、博信股份中远海科、天 || 签字注册会计师、项目质量控制复核人近三年无任何刑事处罚、行政处罚、行政 || 签字注册会计师、项目质量控制复核人不存在违反《中国注册会计师职业道德守
002962,2023-04-20,1216478930,五方光电：关于续聘2023年度审计机构的公告,,True,签字注册会计师、项目质量控制复核人近三年不存在因执业行为受到刑事处罚， || 签字注册会计师、项目质量控制复核人不存在可能影响独立性的情形。4、审计
002962,2024-04-26,1219831103,五方光电：关于续聘2024年度审计机构的公告,,True,、金固股份、章制复核人源钨业等2、诚信记录项目合伙人、签字 || 签字注册会计师、项目质量控制复核人近三年因执业行为受到刑事处罚，受到证 || 签字注册会计师、项目质量控制复核人员不存在可能影响独立性的情形。4、审
002963,2020-04-27,1207605857,豪尔赛：关于续聘2020年度审计机构的公告,,True,序，岑嘉文拟担任项目质量控制复核人。岑嘉文从事证券服务业务多年，负责审
002965,2021-01-06,1209048728,祥鑫科技：关于续聘2021年度审计机构的公告,,True,所拟委派梁锋担任项目质量控制负责人，梁锋具有中国注册会计师执业资格，从
002965,2020-03-21,1207389908,祥鑫科技：关于续聘2020年度审计机构的公告,,True,所拟委派梁锋担任项目质量控制负责人，梁锋具有中国注册会计师执业资格，从
002967,2024-03-29,1219447723,广电计量：拟续聘会计师事务所的公告,,True,电子、华兴源创等复核人上市公司审计报告2.诚信记录项目合伙 || 邱诗鹏、田键泯，项目质量控制复核人谭代明近三年内未曾因执业行为受到刑事
002967,2022-11-09,1215051207,广电计量：拟续聘会计师事务所的公告,,True,签字注册会计师和质量控制复核人不存在违反《中国注册会计师职业道德守
002968,2020-04-01,1207441187,新大正：关于拟续聘公司2020年度审计机构的公告,,True,兰[注]13年制复核人注册税务师注册会计师黄巧梅详见2、人
002967,2023-08-25,1217633903,广电计量：拟变更会计师事务所的公告,,True,电子、华兴源创等复核人上市公司审计报告2.诚信记录项目合伙 || 邱诗鹏、田键泯，项目质量控制复核人谭代明近三年内未曾因执业行为受到刑事
002968,2024-04-12,1219583874,新大正：关于拟续聘公司2024年度审计机构的公告,,True,伙人会计师会计师复核人员姓名陈应爵陈应爵李小燕陈焱鑫何时成 || 签字注册会计师、项目质量复核人员近三年不存在因执业行为受到刑事处罚， || 签字注册会计师、项目质量复核人员不存在可能影响独立性的情形。三、拟续
002972,2020-04-15,1207499296,科安达：关于续聘2020年度会计师事务所的公告,,True,481）等。3、质量控制复核人姓名：莫旭巍执业资质：中国注册会计师 || 等上市公司审计的质量控制复核人。（七）独立性和诚信记录签字注册会计 || 凌松梅、龚小寒，质量控制复核人莫旭巍符合独立性要求，近三年未受到刑
002973,2021-01-19,1209135782,侨银股份：关于续聘会计师事务所的公告,,True,证券服务。（3）项目质量控制复核人：杨俏：1995年成为注册会计师、1 || 册会计师林泽琼及项目质量控制复核人杨俏最近三年未受到刑事处罚、行政处罚 || 册会计师林泽琼、项目质量控制复核人杨俏不存在可能影响独立性的情形。4、
002967,2021-03-31,1209490864,广电计量：拟聘任会计师事务所的公告,,True,签字注册会计师和质量控制复核人不存在违反《中国注册会计2师职业道德
002977,2020-12-04,1208849625,天箭科技：关于续聘2020年度审计机构的公告,,True,胜任能力。（3）质量控制复核人员：杨铭姝立信中联会计师事务所（特殊
002977,2022-04-15,1212923612,天箭科技：关于续聘公司2022年度审计机构的公告,,True,胜任能力。（3）质量控制复核人员：杨铭姝杨铭姝，合伙人，2006年 || 签字注册会计师和质量控制复核人员近三年受到刑事处罚0次，行政处罚0
002977,2023-04-27,1216616158,天箭科技：关于续聘公司2023年度审计机构的公告,,True,胜任能力。（3）质量控制复核人员：杨铭姝杨铭姝，合伙人，2006年 || 签字注册会计师和质量控制复核人员近三年受到刑事处罚0次，行政处罚0 || 会计师秦锐、项目质量控制复核合伙人杨铭姝不存在违反《中国注册会计师职业
002977,2024-04-26,1219829967,天箭科技：关于续聘公司2024年度审计机构的公告,,True,胜任能力。（3）质量控制复核人员：刘静立信中联会计师事务所（特殊普 || 签字注册会计师和质量控制复核人员近三年受到刑事处罚0次，行政处罚0 || 计师雷崇信、项目质量控制复核合伙人刘静不存在违反《中国注册会计师职业道
002977,2021-10-22,1211345383,天箭科技：关于续聘公司2021年度审计机构的公告,,True,胜任能力。（3）质量控制复核人员：杨铭姝杨铭姝，合伙人，2006年
002982,2022-03-23,1212642838,湘佳股份：关于拟续聘审计机构的公告,,True,务所目前正在开展项目质量复核人员独立性轮换工作，因此目前尚无制复核法 || 2022年度审计项目质量复核人员。公司将在天健会计师事务所确定项目质 || 会计师事务所确定项目质量复核人员人后及时披露相关人员信息。2.诚信记 || 签字注册会计师、项目质量控制复核人近三年不存在因执业行为受到刑事处罚， || 签字注册会计师、项目质量控制复核人不存在可能影响独立性的情形。4.审计
002982,2021-03-16,1209384883,湘佳股份：关于拟续聘审计机构的公告,,True,签字注册会计师、项目质量控制复核人近三年不存在因执业行为受到刑事处罚， || 签字注册会计师、项目质量控制复核人不存在可能影响独立性的情形。4.审计
002982,2023-04-11,1216370176,湘佳股份：关于拟续聘审计机构的公告,,True,签字注册会计师、项目质量控制复核人近三年不存在执业行为受到刑事处罚，受 || 签字注册会计师、项目质量控制复核人不存在可能影响独立性的情形。4.审计
002982,2024-04-10,1219550479,湘佳股份：关于续聘审计机构的公告,,True,年报上市公司审计项目质量复核人员独立性轮换工作尚在进行中，制复核因此 || 2024年报具体项目质量复核人员。人2.诚信记录项目合伙人、签字注册 || 签字注册会计师、项目质量复核人员近三年不存在因执业行为受到刑事处罚， || 签字注册会计师、项目质量控制复核人不存在可能影响独立性的情形。4.审计
002986,2021-04-24,1209795919,宇新股份：关于续聘2021年度审计机构的公告,,True,018年，签署杭复核人齿前进公司、朗迪集团公司、天龙股份公 || 签字注册会计师、项目质量控制复核人近三年不存在因执业行为受到刑事处罚， || 签字注册会计师、项目质量控制复核人不存在可能影响独立性的情形。四、拟续
002986,2022-04-09,1212858435,宇新股份：关于续聘2022年度审计机构的公告,,True,公司2018年度复核人审计报告。2、诚信记录项目合伙人、签 || 签字注册会计师、项目质量控制复核人近三年不存在因执业行为受到刑事处罚， || 签字注册会计师、项目质量控制复核人不存在可能影响独立性的情形。四、拟续
002986,2023-04-10,1216359049,宇新股份：关于续聘2023年度审计机构的公告,,True,前进公司2019复核人年度审计报告。2、诚信记录项目合伙人 || 签字注册会计师、项目质量控制复核人近三年不存在因执业行为受到刑事处罚， || 签字注册会计师、项目质量控制复核人不存在可能影响独立性的情形。三、拟续
002986,2024-04-22,1219699697,宇新股份：关于续聘2024年度审计机构的公告,,True,本信息项目合伙人项目质量复核人员师姓名李永利张新韦军何时成为注册会计 || 签字注册会计师、项目质量复核人员近三年不存在因执业行为受到刑事处罚， || 签字注册会计师、项目质量复核人员不存在可能影响独立性的情形。三、拟续
002990,2021-10-09,1211218032,盛视科技：关于续聘2021年度审计机构的公告,,True,签字注册会计师、项目质量控制复核人近三年不存在因执业行为受到刑事处罚， || 签字注册会计师、项目质量控制复核人不存在可能影响独立性的情形。4.审计
002990,2022-04-14,1212911882,盛视科技：关于续聘2022年度审计机构的公告,,True,签字注册会计师、项目质量控制复核人近三年不存在因执业行为受到刑事处罚， || 签字注册会计师、项目质量控制复核人不存在可能影响独立性的情形。4.审计
002990,2023-12-02,1218497247,盛视科技：关于续聘2023年度审计机构的公告,,True,签字注册会计师、项目质量控制复核人近三年不存在因执业行为受到刑事处罚， || 签字注册会计师、项目质量控制复核人不存在可能影响独立性的情形。4.审计
002991,2021-10-27,1211386839,甘源食品：关于续聘2021年度会计师事务所的公告,,True,签字注册会计师、项目质量控制复核人近三年不存在因执业行为受到刑事处罚， || 签字注册会计师、项目质量控制复核人不存在可能影响独立性的情形。4.审计
002990,2024-04-13,1219599340,盛视科技：关于续聘2024年度审计机构的公告,,True,签字注册会计师、项目质量控制复核人近三年不存在因执业行为受到刑事处罚， || 签字注册会计师、项目质量控制复核人不存在可能影响独立性的情形。4.审计
002991,2024-04-24,1219767655,甘源食品：关于续聘2024年度会计师事务所的公告,,True,人签字注册会计师项目质量复核人员姓名张立琰刘冬群李达何时成为注册20 || 签字注册会计师、项目质量控制复核人近三年不存在因执业行为受到刑事处罚， || 签字注册会计师、项目质量控制复核人不存在可能影响独立性的情形。4.审计
002991,2022-07-29,1214156164,甘源食品：关于续聘2022年度会计师事务所的公告,,True,签字注册会计师、项目质量控制复核人近三年不存在因执业行为受到刑事处罚， || 签字注册会计师、项目质量控制复核人不存在可能影响独立性的情形。4.审计
002991,2023-04-27,1216620986,甘源食品：关于续聘2023年度会计师事务所的公告,,True,签字注册会计师、项目质量控制复核人近三年不存在因执业行为受到刑事处罚， || 签字注册会计师、项目质量控制复核人不存在可能影响独立性的情形。4.审计
002996,2021-12-24,1212000965,顺博合金：关于变更签字注册会计师的公告,,True,计服务，莫旭巍为质量控制复核人。为加强合作，更好的完成公司2021
003003,2022-04-29,1213212966,天元股份：关于续聘会计师事务所的公告,,True,程序，倪明昭拟任项目质量控制复核人，倪明昭从事证券服务业务20年，负责 || 计师陈柳明、拟任项目质量控制复核人倪明昭近三年未受到刑事处罚、行政处罚
003003,2021-04-15,1209692051,天元股份：关于续聘会计师事务所的公告,,True,程序，倪明昭拟任项目质量控制复核人，倪明昭从事证券服务业务20年，负责 || 计师陈柳明、拟任项目质量控制复核人倪明昭近三年未受到刑事处罚、行政处罚
003004,2022-03-30,1212729169,声迅股份：关于续聘2022年度会计师事务所的公告,,True,胜任能力。（3）项目质量控制复核人马向军：1998年12月23日成为注 || 签字注册会计师、项目质量控制复核人近三年不存在因执业行为受到刑事处罚， || 签字注册会计师、项目质量控制复核人等不存在违反《中国注册会计师职业道德
003003,2023-04-29,1216686673,天元股份：关于续聘会计师事务所的公告,,True,程序，陈丹燕拟任项目质量控制复核人，陈丹燕从事证券服务业务26年，负责 || 计师马铭垫、拟任项目质量控制复核人陈丹燕近三年未受到刑事处罚、行政处罚
003004,2023-04-28,1216652912,声迅股份：关于续聘2023年度会计师事务所的公告,,True,胜任能力。（3）项目质量控制复核人马向军：1998年12月23日成为注 || 签字注册会计师、项目质量控制复核人近三年不存在因执业行为受到刑事处罚， || 签字注册会计师、项目质量控制复核人等不存在违反《中国注册会计师职业道德
003009,2021-03-05,1209338451,中天火箭：陕西中天火箭技术股份有限公司关于续聘审计机构的公告,,True,序，杨益明拟担任项目质量控制复核人。杨益明从事证券服务业务多年，负责审 || 告。项目合伙人、质量控制复核人和拟签字会计师等相关人员不存在违反《
003009,2022-04-21,1213002688,中天火箭：陕西中天火箭技术股份有限公司关于续聘审计机构的公告,,True,序，杨益明拟担任项目质量控制复核人。杨益明从事证券服务业务多年，负责审 || 告。项目合伙人、质量控制复核人和拟签字会计师等相关人员不存在违反《
003010,2022-04-23,1213054714,若羽臣：关于续聘审计机构的公告,,True,签字注册会计师、项目质量控制复核人近三年不存在因执业行为受到刑事处罚， || 签字注册会计师、项目质量控制复核人不存在可能影响独立性的情形。4、审计
003010,2021-03-31,1209490894,若羽臣：关于续聘审计机构的公告,,True,程序，赵丽拟担任项目质量控制复核人。赵丽从事证券服务业务多年，负责审计 || 签字注册会计师、项目质量控制复核人近三年不存在因执业行为受到刑事处罚， || 签字注册会计师、项目质量控制复核人不存在可能影响独立性的情形。4、审计
003010,2024-04-29,1219853231,若羽臣：关于续聘会计师事务所的公告,,True,签字注册会计师、项目质量控制复核人近三年不存在因执业行为受到刑事处罚， || 签字注册会计师、项目质量控制复核人不存在可能影响独立性的情形。4、审计
003011,2024-04-27,1219862355,海象新材：浙江海象新材料股份有限公司关于续聘天健会计师事务所（特殊普通合伙）为公司2024年度审计机构的公告,,True,人签字注册会计师项目质量复核人员姓名廖屹峰余芳芳刘利亚何时成为注册会 || 签字注册会计师、项目质量复核人员近三年存在因执业行为受到刑事处罚，受 || 签字注册会计师、项目质量控制复核人不存在可能影响独立性的情形。4、审计
003010,2023-04-29,1216689628,若羽臣：关于续聘2023年度财务审计机构和内部控制审计机构的公告,,True,05年2020年复核人度审计报告；2021年签署浙江东日2 || 签字注册会计师、项目质量控制复核人近三年不存在因执业行为受到刑事处罚， || 签字注册会计师、项目质量控制复核人不存在可能影响独立性的情形。4、审计
003011,2023-04-25,1216557791,海象新材：浙江海象新材料股份有限公司关于续聘天健会计师事务所（特殊普通合伙）为公司2023年度审计机构的公告,,True,药业等上市公司年复核人度审计报告。2、诚信记录项目合伙人、 || 签字注册会计师、项目质量控制复核人近三年存在因执业行为受到刑事处罚，受 || 签字注册会计师、项目质量控制复核人不存在可能影响独立性的情形。4、审计
003017,2022-04-20,1212979187,大洋生物：关于续聘公司2022年度审计机构的公告,,True,2021年1任成质量控制复核人2004年2000年2010年9月2 || 签字注册会计师、项目质量控制复核人近三年存在因执业行为受到刑事处罚，受 || 签字注册会计师、项目质量控制复核人不存在可能影响独立性的情形。4.审计
003017,2024-04-26,1219827145,大洋生物：关于拟续聘公司2024年度审计机构的公告,,True,021年1刘元锁质量控制复核人1999年2002年2017年1月2 || 签字注册会计师、项目质量控制复核人近三年存在因执业行为受到刑事处罚，受 || 签字注册会计师、项目质量控制复核人不存在可能影响独立性的情形。4.审计
003017,2023-04-25,1216547772,大洋生物：关于拟续聘公司2023年度审计机构的公告,,True,021年1刘元锁质量控制复核人1999年2002年2017年1月2 || 签字注册会计师、项目质量控制复核人近三年存在因执业行为受到刑事处罚，受 || 签字注册会计师、项目质量控制复核人不存在可能影响独立性的情形。4.审计
003026,2023-04-28,1216648051,中晶科技：关于续聘公司2023年会计师事务所的公告,,True,14年0家金刚锋质量控制复核人2010年2008年2011年10月 || 签字注册会计师、项目质量控制复核人近三年存在因执业行为受到刑事处罚，受 || 签字注册会计师、项目质量控制复核人不存在可能影响独立性的情形。4、审计
003026,2022-04-26,1213105939,中晶科技：关于续聘公司2022年会计师事务所的公告,,True,020年6王其超质量控制复核人2001年1998年2009年7月2 || 签字注册会计师、项目质量控制复核人近三年存在因执业行为受到刑事处罚，受 || 签字注册会计师、项目质量控制复核人不存在可能影响独立性的情形。4、审计
003026,2024-04-29,1219864848,中晶科技：关于续聘公司2024年会计师事务所的公告,,True,14年1家金刚锋质量控制复核人2010年2008年2011年10月 || 签字注册会计师、项目质量控制复核人近三年存在因执业行为受到刑事处罚，受 || 签字注册会计师、项目质量控制复核人不存在可能影响独立性的情形。4、审计
003025,2024-04-27,1219868976,思进智能：关于续聘公司2024年度审计机构的公告,,True,人签字注册会计师项目质量复核人员姓名蒋舒媚蒋舒媚朱珊珊郭云华何时成为 || 签字注册会计师、项目质量复核人员近三年不存在因执业行为受到刑事处罚， || 签字注册会计师、项目质量复核人员不存在可能影响独立性的情形。4、审计
003030,2022-04-20,1212977273,祖名股份：关于续聘会计师事务所公告,,True,签字注册会计师、项目质量控制复核人近三年不存在因执业行为受到刑事处罚和 || 签字注册会计师、项目质量控制复核人不存在可能影响独立性的情形。4、审计
003030,2021-04-20,1209724716,祖名股份：关于续聘会计师事务所公告,,True,目合伙人李正卫、项目质量控制复核人金敬玉近三年各收（受）行政监管措施1 || 签字注册会计师、项目质量控制复核人不存在可能影响独立性的情形。4、审计
003030,2023-04-28,1216649353,祖名股份：关于续聘会计师事务所的公告,,True,签字注册会计师、项目质量控制复核人近三年不存在因执业行为受到刑事处罚， || 签字注册会计师、项目质量控制复核人不存在可能影响独立性的情形。4、审计
003032,2024-04-16,1219619093,传智教育：关于拟续聘会计师事务所的公告,,True,签字注册会计师、项目质量控制复核人不存在可能影响独立性的情形。4、审计
003030,2024-04-20,1219706900,祖名股份：关于续聘会计师事务所的公告,,True,人签字注册会计师项目质量复核人员姓名陈焱鑫徐君刁文杰何时成为注册会计 || 签字注册会计师、项目质量控制复核人近三年不存在因执业行为受到刑事处罚， || 签字注册会计师、项目质量控制复核人不存在可能影响独立性的情形。4、审计
003041,2022-04-29,1213213840,真爱美家：关于聘任公司2022年度审计机构的公告,,True,年5月2家银雪姣质量控制复核人2009年2009年2009年12月 || 签字注册会计师、项目质量控制复核人近三年存在因执业行为受到刑事处罚，受 || 签字注册会计师、项目质量控制复核人不存在可能影响独立性的情形。4、审计
003041,2023-04-25,1216557104,真爱美家：关于聘任公司2023年度审计机构的公告,,True,10月0家银雪姣质量控制复核人2009年2009年2009年122 || 签字注册会计师、项目质量控制复核人近三年不存在因执业行为受到刑事处罚， || 签字注册会计师、项目质量控制复核人不存在可能影响独立性的情形。4、审计
003040,2021-12-10,1211866904,楚天龙：关于续聘会计师事务所的公告,,True,06年2020年复核人电2018年度审计报告；2020年， || 签字注册会计师、项目质量控制复核人近三年不存在因执业行为受到刑事处罚， || 签字注册会计师、项目质量控制复核人不存在可能影响独立性的情形。4、审计
003041,2024-04-27,1219868953,真爱美家：关于续聘公司2024年度审计机构的公告,,True,10月2家银雪姣质量控制复核人2009年2009年2009年122 || 签字注册会计师、项目质量控制复核人近三年不存在因执业行为受到刑事处罚， || 签字注册会计师、项目质量控制复核人不存在可能影响独立性的情形。4、审计
003043,2023-02-14,1215856954,华亚智能：关于续聘会计师事务所的公告,,True,司审计报告。拟任质量控制复核人汤加全：1995年成为注册会计师，1 || 签字注册会计师、项目质量控制复核人近三年不存在因执业行为受到刑事处罚， || 签字注册会计师、项目质量控制复核人，不存在违反《中国注册会计师职业道德
003043,2023-04-29,1216694475,华亚智能：关于续聘2023年度审计机构的公告,,True,司审计报告。拟任项目质量控制复核人邱平：1998年成为注册会计师，19 || 签字注册会计师、项目质量控制复核人近三年不存在因执业行为受到刑事处罚， || 签字注册会计师、项目质量控制复核人，不存在违反《中国注册会计师职业道德
003816,2021-03-19,1209409969,中国广核：关于续聘2021年度财务报告审计机构的公告,,True,992年上市公司复核人通过相关审计报告议案后15份2.诚信 || 签字注册会计师和项目质量控制复核人最近三年均未因执业行为受到任何刑事处 || 签字注册会计师、项目质量控制复核人按照职业道德守则的规定保持了独立性。
003816,2022-03-18,1212609399,中国广核：关于续聘2022年度内部控制审计机构的公告,,True,签字注册会计师、项目质量控制复核人近三年不存在因执业行为受到刑事处罚， || 签字注册会计师、项目质量控制复核人不存在可能影响独立性的情形。4.审计
003816,2021-03-19,1209409970,中国广核：关于聘任2021年度内部控制审计机构的公告,,True,签字注册会计师、项目质量控制复核人近三年不存在因执业行为受到刑事处罚， || 签字注册会计师、项目质量控制复核人不存在可能影响独立性的情形。4.审计
003816,2023-03-16,1216127793,中国广核：中国广核电力股份有限公司关于续聘2023年度内部控制审计机构的公告,,True,签字注册会计师、项目质量控制复核人近三年不存在因执业行为受到刑事处罚， || 签字注册会计师、项目质量控制复核人不存在可能影响独立性的情形。4.审计
003816,2024-03-28,1219426688,中国广核：关于续聘2024年度财务报告审计机构的公告,,True,签字注册会计师和项目质量控制复核人最近三年均未因执业行为受到任何刑事处 || 签字注册会计师、项目质量控制复核人按照职业道德守则的规定保持了独立性。
003816,2023-03-16,1216127802,中国广核：中国广核电力股份有限公司关于续聘2023年度财务报告审计机构的公告,,True,签字注册会计师和项目质量控制复核人最近三年均未因执业行为受到任何刑事处 || 签字注册会计师、项目质量控制复核人按照职业道德守则的规定保持了独立性。
003816,2022-03-18,1212609398,中国广核：关于续聘2022年度财务报告审计机构的公告,,True,签字注册会计师和项目质量控制复核人最近三年均未因执业行为受到任何刑事处 || 签字注册会计师、项目质量控制复核人按照职业道德守则的规定保持了独立性。
300003,2020-03-31,1207431471,乐普医疗：关于拟续聘2020年度审计机构的公告,,True,单位兼职。（3）质量控制复核人从业经历孟庆祥，中国注册会计师，合伙 || 签字注册会计师和质量控制复核人不存在违反《中国注册会计师职业道德守
003816,2024-03-28,1219426708,中国广核：关于续聘2024年度内部控制审计机构的公告,,True,签字注册会计师、项目质量复核人员近三年不存在因执业行为受到刑事处罚， || 签字注册会计师、项目质量复核人员不存在可能影响独立性的情形。4.审计
300004,2020-04-29,1207658590,南风股份：关于续聘2020年度审计机构的公告,,True,胜任能力。拟担任项目质量控制复核人周振：自2006年起从事审计工作，从
300005,2020-03-20,1207387395,探路者：关于续聘2020年度审计机构的公告,,True,序，殷雪芳拟担任项目质量控制复核人。殷雪芳，中国注册会计师，自1994 || 措施、纪律处分。质量控制复核人殷雪芳近三年未受（收）到刑事处罚、行
300006,2022-03-26,1212689124,莱美药业：关于续聘会计师事务所的公告,,True,份有限公司。安排质量控制复核人员：何均，1997年12月成为注册会 || 宇和李有明、安排项目质量控制复核人何均最近三年未受到刑事处罚、行政处罚 || 注册会计师和安排项目质量控制复核人能够在执行本项目审计工作时保持独立性
300006,2020-04-25,1207608500,莱美药业：关于续聘2020年度审计机构的公告,,True,职。（4）拟安排质量控制复核人员：何均中国注册会计师，1999年起 || 签字项目合伙人、项目质量控制复核人最近三年未受到刑事处罚、行政处罚、行
300013,2021-04-29,1209853145,新宁物流：关于拟续聘会计师事务所的公告,,True,的专业胜任能力。项目质量控制复核人：汪思薇汪思薇女士，2006年成为注 || 签字注册会计师、项目质量控制复核人近三年不存在因执业行为受到刑事处罚， || 签字注册会计师、项目质量控制复核人等不存在可能影响独立性的情形。4、审
300013,2022-04-29,1213209094,新宁物流：关于拟续聘会计师事务所的公告,,True,的专业胜任能力。项目质量控制复核人：汪思薇汪思薇女士，2006年成为注 || 签字注册会计师、项目质量控制复核人近三年不存在因执业行为受到刑事处罚， || 签字注册会计师、项目质量控制复核人等不存在可能影响独立3性的情形。4、
300013,2023-04-27,1216624868,新宁物流：关于拟续聘会计师事务所的公告,,True,的专业胜任能力。项目质量控制复核人：汪思薇汪思薇女士，2006年成为注 || 签字注册会计师、项目质量控制复核人近三年不存在因执业行为受到刑事处罚， || 签字注册会计师、项目质量控制复核人等不存在可能影响独立性的情形。4、审
300016,2020-03-12,1207364935,北陆药业：关于拟续聘会计师事务所的公告,,True,序，周全龙拟担任项目质量控制复核人。周全龙从事证券服务业务16年，负责
300023,2021-03-31,1209483649,宝德股份：关于变更年审签字注册会计师的公告,,True,人、赵琰先生作为项目质量控制复核人、王铁军先生作为签字注册会计师为公司 || 女士担任公司审计项目质量控制复核人，王铁军先生作为项目合伙人。同时指派
300025,2020-04-27,1207611362,华星创业：关于续聘2020年度审计机构的公告,,True,7月起至今12年复核人会计师任职于天健会计师事务所。中国注
300025,2022-04-28,1213174160,华星创业：关于续聘2022年度审计机构的公告,,True,1年[注2]彭宗质量控制复核人2010年2008年2012年202 || 签字注册会计师、项目质量控制复核人近三年不存在因执业行为受到刑事处罚， || 签字注册会计师、项目质量控制复核人不存在可能影响独立性的情形。（三）审
300027,2020-08-05,1208124249,华谊兄弟：关于变更会计师事务所的公告,,True,目合伙人为陈伟、质量控制负责人为熊亚菊及拟签字注册会计师为赵金，上
300027,2020-07-25,1208075124,华谊兄弟：关于聘请中信建投证券股份有限公司、北京市浩天信和律师事务所、大华会计师事务所（特殊普通合伙）为公司向特定对象发行股票事项提供保荐、法律、审计相关服务的公告,,True,目合伙人为陈伟、质量控制负责人为熊亚菊及拟签字注册会计师为赵金，上
300029,2020-04-29,1207660923,天龙光电：关于续聘会计师事务所的公告,,True,政监管措施。2、项目质量控制复核人信息：(1)姓名：俞俊(2)执业资质
300031,2020-04-16,1207507361,宝通科技：关于续聘2020年度审计机构的公告,,True,（300554）质量控制复核人：吴舟等多家公司提供服务，从事证券服 || 00128）、凤质量控制复核人：吴舟凰传媒（601928）、三超新 || 签字注册会计师和质量控制复核人不存在违反《中国注册会计师职业道德守
300031,2022-04-23,1213059746,宝通科技：关于续聘2022年度审计机构的公告,,True,计，2000年开质量控制复核人：胡学文始在天衡会计师事务所执业，2 || 册会计师柏丛江、质量控制复核人胡学文近三年未因执业行为受到刑事处罚 || 册会计师柏丛江、质量控制复核人胡学文不存在可能影响独立性的情形。4
300034,2020-03-23,1207393067,钢研高纳：关于拟聘任会计师事务所的公告,,True,0069）等。拟质量控制复核人姓名：单晨云（1）执业资质：中国注册
300035,2024-04-27,1219869919,中科电气：关于续聘会计师事务所的公告,,True,人签字注册会计师项目质量复核人员姓名张恩学张恩学余仁佩陈中江何时成为 || 签字注册会计师、项目质量复核人员近三年不存在因执业行为受到刑事处罚， || 签字注册会计师、项目质量复核人员不存在可能影响独立性的情形。4.审计
300035,2022-04-28,1213160236,中科电气：关于续聘会计师事务所的公告,,True,签字注册会计师、项目质量控制复核人近三年不存在因执业行为受到刑事处罚， || 签字注册会计师、项目质量控制复核人不存在可能影响独立2性的情形。4.审
300036,2020-04-10,1207472975,超图软件：关于续聘会计师事务所的公告,,True,任能力：是（2）质量控制复核人：郭文令执业资质：注册会计师从业经历
300035,2021-04-28,1209835020,中科电气：关于续聘会计师事务所的公告,,True,签字注册会计师、项目质量控制复核人近三年不存在因执业行为受到刑事处罚， || 签字注册会计师、项目质量控制复核人不存在可能影响独立性的情形。三、拟续
300035,2020-04-21,1207537447,中科电气：关于续聘会计师事务所的公告,,True,券服务孙敏19年复核人会计师业务，目前在事务所承担质量控制
300036,2023-03-31,1216269980,超图软件：关于续聘会计师事务所公告,,True,021年2李会英质量控制复核人2004年2003年2017年202 || 签字注册会计师、项目质量控制复核人近三年不存在因执业行为受到刑事处罚， || 签字注册会计师、项目质量控制复核人不存在可能影响独立性的情形。4、审计
300036,2024-04-15,1219599500,超图软件：关于续聘会计师事务所公告,,True,021年2李会英质量控制复核人2004年2003年2017年202 || 签字注册会计师、项目质量控制复核人近三年不存在因执业行为受到刑事处罚， || 签字注册会计师、项目质量控制复核人不存在可能影响独立性的情形。4、审计
300040,2021-04-27,1209813655,九洲集团：关于续聘2021年度审计机构的公告,,True,签字注册会计师、项目质量控制复核人近三年不存在因执业行为受到刑事处罚， || 签字注册会计师、项目质量控制复核人不存在可能影响独立性的情形。3三、拟
300040,2020-04-25,1207602042,九洲电气：关于续聘2020年度审计机构的公告,,True,伙），审计18年复核人会计师相关工作中国注册2001年至今
300040,2022-04-25,1213050363,九洲集团：关于续聘2022年度审计机构的公告,,True,签字注册会计师、项目质量控制复核人近三年不存在因执业行为受到刑事处罚， || 册会计师、项目3质量控制复核人不存在可能影响独立性的情形。三、拟续
300040,2023-04-22,1216521462,九洲集团：关于续聘2023年度审计机构的公告,,True,签字注册会计师、项目质量控制复核人近三年不存在因执业行为受到刑事处罚， || 签字注册会计师、项目质量控制复核人不存在可能影响独立性的情形。三、拟续
300040,2024-04-20,1219696089,九洲集团：关于续聘2024年度审计机构的公告,,True,签字注册会计师、项目质量控制复核人近三年不存在因执业行为受到刑事处罚， || 签字注册会计师、项目质量控制复核人不存在可能影响独立性的情形。三、拟续
300043,2020-04-27,1207605898,星辉娱乐：关于聘任会计师事务所的公告,,True,字注册会计师以及项目质量控制复核人尚未确定具体人员。3.业务信息华兴事
300044,2021-10-19,1211316109,*ST赛为：关于聘任公司2021年度审计机构的公告,,True,是（2）质量控制独立复核人：周坤执业资质：注册会计师从业经历： || 签字注册会计师、项目质量控制复核人近三年不存在因执业行为受到刑事处罚， || 签字注册会计师、项目质量控制复核人不存在违反《中国注册会计师职业道德守
300044,2022-08-29,1214423559,赛为智能：关于续聘公司2022年度审计机构的公告,,True,是（2）质量控制独立复核人：周坤执业资质：注册会计师从业经历： || 签字注册会计师、项目质量控制复核人近三年不存在因执业行3为受到刑事处罚 || 册会计师罗建平、项目质量控制复核人周坤不存在违反《中国注册会计师职业道
300056,2023-02-07,1215788044,中创环保：关于变更签字会计师及项目质量复核人员的公告,,True,变更签字会计师及项目质量复核人员的公告本公司及董事会全体成员保证公告 || 质师事务所”）量复核人员的函》，具体情况公告如下：一、签字 || 签字注册会计师及项目质量复核人员变更情况大华会计师事务所作为公司聘任 || 会计师，李峻雄为项目质量复核人员为公司提供审计服务及复核工作。鉴于大 || 会计师，刘国清为项目质量复核人员（2021年度项目质量复核人员亦为刘 || 员（2021年度项目质量复核人员亦为刘国清），继续完成相关工作。二、
300050,2023-04-27,1216615543,世纪鼎利：关于续聘2023年度会计师事务所的公告,,True,数量2个。（3）项目质量控制复核人赖其寿，2015年12月成为注册会计 || 签字注册会计师、项目质量控制复核人近三年未因执业行为受到刑事处罚，受到 || 签字注册会计师、项目质量控制复核人不存在可能影响独立性的情形。4、审计
300051,2021-10-27,1211386926,ST三五：关于续聘2021年度审计机构的公告,,True,专业胜任能力公司复核人独立董事2、项目成员独立性和诚信记录
300057,2020-04-01,1207440154,万顺新材：关于续聘公司2020年度审计机构的公告,,True,他单位兼职。3、质量控制复核人：宋治忠大信合伙人，大信深圳业务总部 || 情况项目合伙人、质量控制复核人、本期签字会计师未持有和买卖公司股票
300057,2021-04-10,1209666566,万顺新材：关于续聘公司2021年度审计机构的公告,,True,兼-3-职。3、质量控制复核人：宋治忠宋治忠从1997年11月至今 || 签字注册会计师及质量控制复核人员近三年不存在因执业行为受到刑事处罚 || 签字注册会计师及质量控制复核人员不存在违反《中国注册会计师职业道德
300057,2022-03-30,1212724502,万顺新材：关于续聘公司2022年度审计机构的公告,,True,他单位兼职。3、质量控制复核人：汤艳群汤艳群从2010年3月至今在 || 签字注册会计师及质量控制复核人员近三年不存在因执业行为受到刑事处罚 || 签字注册会计师及质量控制复核人员不存在违反《中国注册会计师职业道德
300063,2020-06-23,1207950775,天龙集团：关于续聘2020年度审计机构的公告,,True,。3（3）拟执行项目质量控制负责人拟执行项目质量控制负责人：王桥兼职情 || 控制负责人拟执行项目质量控制负责人：王桥兼职情况：无执业资质：注册会计
300064,2020-12-31,1209023691,ST金刚：关于续聘公司2020年度审计机构的公告,,True,形。项目合伙人、项目质量控制负责人、拟签字注册会计师均具备相应专业胜任 || 任能力。3、拟任质量控制复核人：王松超王松超，中国注册会计师，20
300065,2021-01-01,1209035173,海兰信：关于变更公司2020年度审计机构的提示性公告,,True,程序，张伟拟担任项目质量控制复核人，张伟先生2006年起从事注册会计师
300066,2022-03-29,1212707652,三川智慧：关于续聘会计师事务所的公告,,True,伙人刘志坚拟担任项目质量控制复核人。刘志坚从事证券服务业务多年，负责审 || 计师）、刘志坚（复核合伙人）最近三年未受（收）到刑事处罚、行政
300066,2021-03-26,1209451560,三川智慧：关于续聘会计师事务所的公告,,True,伙人刘志坚拟担任项目质量控制复核人。刘志坚从事证券服务业务多年，负责审 || 计师）、刘志坚（质量控制复核人）最近三年未受（收）到刑事处罚、行政
300066,2020-11-28,1208810431,三川智慧：关于续聘会计师事务所的公告,,True,程，郭国卫拟担任项目质量控制复核人。郭国卫，注册会计师、高级会计师，从 || 计师）、郭国卫（质量控制复核人）最近三年未受（收）到刑事处罚、行政
300068,2020-04-29,1207662385,南都电源：关于公司续聘会计师事务所的公告,,True,健会计师事务23复核人所，审计相关工作。2000年7月起至
300066,2024-04-19,1219665426,三川智慧：关于续聘会计师事务所的公告,,True,本信息项目合伙人项目质量控制复核人姓名唐红雨郭成刘志坚何时成为注册会计 || 签字注册会计师、项目质量控制复核人近三年未发生因执业行为受到刑事处罚， || 签字注册会计师、项目质量控制复核人等从业人员不存在违反《中国注册会计师
300068,2021-04-27,1209814722,南都电源：关于公司续聘会计师事务所的公告,,True,签字注册会计师、项目质量控制复核人近三年存在因执业行为受到刑事处罚，受 || 签字注册会计师、项目质量控制复核人不存在可能影响独立性的情形。4.审计
300074,2020-03-18,1207381104,华平股份：关于拟续聘会计师事务所的公告,,True,26)等。3、拟质量控制复核人姓名：冯家俊（1）执业资质：中国注册 || 等上市公司审计的质量控制复核人。拟签字注册会计师莫旭巍、蒯薏苡，拟 || 旭巍、蒯薏苡，拟质量控制复核人冯家俊符合独立性要求，近三年未受到刑
300074,2021-04-20,1209724912,华平股份：关于拟续聘会计师事务所的公告,,True,审计工作。3、拟质量控制复核人姓名：冯家俊执业资质：中国注册会计师 || 等上市公司审计的质量控制复核人。拟签字注册会计师李明、施宇佳符合独
300075,2020-04-28,1207640320,数字政通：关于续聘2020年度会计师事务所的公告,,True,逾10年。（2）项目质量控制负责人从业经历：江燕，中国注册会计师/中国
300075,2021-04-27,1209808820,数字政通：关于续聘2021年度会计师事务所的公告,,True,逾10年。（2）项目质量控制负责人从业经历：张骏，中国注册会计师，从事
300075,2023-04-20,1216474099,数字政通：关于续聘2023年度会计师事务所的公告,,True,所合伙人。（2）项目质量控制负责人从业经历：张宇翔，2007年成为注册
300075,2022-04-22,1213022606,数字政通：关于续聘2022年度会计师事务所的公告,,True,逾10年。（2）项目质量控制负责人从业经历：张骏，中国注册会计师，从事
300075,2024-04-12,1219584037,数字政通：关于续聘2024年度会计师事务所的公告,,True,服务工作。（2）项目质量控制负责人从业经历：张骏，2004年获得中国注
300076,2022-12-06,1215281902,GQY视讯：关于续聘2022年度审计机构的公告,,True,签字注册会计师和项目质量控制复核人近三年未因执业行为受到刑事处罚，未因 || 签字注册会计师和项目质量控制复核人不存在可能影响独立性的情形。4、审计
300076,2023-11-21,1218380285,GQY视讯：关于聘任2023年度审计机构的公告,,True,签字注册会计师和项目质量控制复核人近三年未因执业行为受到刑事处罚，未因 || 签字注册会计师和项目质量控制复核人不存在可能影响独立性的情形。4、审计
300078,2022-04-29,1213221864,思创医惠：关于续聘天健会计师事务所（特殊普通合伙）为公司2022年度审计机构的公告,,True,签字注册会计师、项目质量控制复核人不存在可能影响独立性的情形。4、审计
300078,2021-04-30,1209870844,思创医惠：关于续聘天健会计师事务所（特殊普通合伙）为公司2021年度审计机构的公告,,True,关15会计师工作项目质量控制复核人陈丘刚中国注册2001年7月起至今， || 签字注册会计师、项目质量控制复核人近三年（不存在）因执业行为受到刑事处 || 签字注册会计师、项目质量控制复核人不存在可能影响独立性的情形。三、相关
300078,2023-04-28,1216661403,思创医惠：关于续聘天健会计师事务所（特殊普通合伙）为公司2023年度审计机构的公告,,True,签字注册会计师、项目质量控制复核人不存在可能影响独立性的情形。4、审计
300078,2024-04-26,1219829566,思创医惠：关于续聘2024年度会计师事务所的公告,,True,人签字注册会计师项目质量复核人员姓名孙敏倪彬何时成为注册会计天健事务 || 时开始从事上市量复核人员独立性轮20012015换工作尚在 || 何时开始为本公司复核人员20232020提供审计服务近三年 || 签字注册会计师、项目质量复核人员近三年不存在因执业行为受到刑事处罚， || 签字注册会计师、项目质量控制复核人不存在可能影响独立性的情形。4、审计
300079,2020-08-25,1208236338,数码科技：关于聘请会计师事务所的公告,,True,所从事审计9年制复核人计师工作2011年6月至今在天健会计
300084,2020-04-25,1207606028,海默科技：关于拟续聘任会计师事务所的公告,,True,在其他单位兼职。质量控制复核人员：刘会锋中国注册会计师，2004年 || 签字注册会计师及质量复核人员未持有和买卖公司股票，也不存在影响独 || 他单位兼职。2、质量控制复核人员：刘会锋中国注册会计师，2004年 || 签字注册会计师及质量复核人员未持有和买卖公司股票，也不存在影响独 || 果；项目合伙人、项目质量控制复核人和拟签字会计师不存在违反《中国注册会
300085,2020-04-29,1207665792,银之杰：关于续聘会计师事务所的公告,,True,业胜任能力：是③项目质量控制负责人：任成执业资质：注册会计师、注册税务
300092,2020-03-27,1207409108,科新机电：关于续聘会计师事务所的公告,,True,供审计相关服务。项目质量控制负责人从业经历：林建昆，中国注册会计师协会
300089,2023-01-03,1215519826,*ST文化：关于拟聘任2022年度审计机构的公告,,True,2020年起在中独立复核人炘国际执业；2005年开始一直董事从
300097,2023-04-28,1216663040,智云股份：关于续聘2023年度审计机构的公告,,True,信息1、合伙人、项目质量控制复核人信息杨铭姝，2006年取得注册会计师 || 记录项目合伙人、项目质量控制复核人、两位拟签字注册会计师近三年不存在因 || 签字注册会计师、项目质量控制复核人等不存在可能影响独立性的情形。5、审
300097,2021-12-16,1211922742,智云股份：关于拟变更会计师事务所的公告,,True,信息1、合伙人、项目质量控制复核人信息杨铭姝，2006年取得注册会计师 || 记录项目合伙人、项目质量控制复核人、两位拟签字注册会计师近三年不存在因 || 签字注册会计师、项目质量控制复核人等不存在可能影响独立性的情形。5、审
300099,2020-04-28,1207639879,精准信息：关于续聘会计师事务所的公告,,True,，其项目合伙人、项目质量控制负责人、拟签字注册会计师的从业经历、执业资
300101,2022-04-19,1212959842,振芯科技：关于续聘2022年度审计机构的公告,,True,单位兼职。（4）质量控制复核人从业经历：张美琳，中国注册会计师，2 || 行政处罚。拟安排质量控制复核人员张美琳最近三年未受到刑事处罚、行政
300101,2024-03-26,1219401428,振芯科技：关于续聘公司2024年度审计机构的公告,,True,有限公司、华融制复核人化学股份有限公2开始从事开始为本成为 || 签字注册会计师、项目质量控制复核人近三年未因执业行为受到刑事处罚，未受 || 签字注册会计师、项目质量控制复核人不存在影响项目独立性的情况。4、审计
300105,2022-01-20,1212216952,龙源技术：关于拟变更会计师事务所的公告,,True,告情况：无。2、质量控制复核人员：姜永青。1994年起从事注册会计 || 崔云刚、宋晓妮，质量控制复核人姜永青最近三年来未因执业行为受到刑事 || 签字注册会计师、项目质量控制负责人简历烟台龙源电力技术股份有限公司董事
300105,2022-08-26,1214402155,龙源技术：关于续聘立信会计师事务所为公司2022年度审计机构的公告,,True,情况：3家。2、质量控制复核人员：熊宇。自2007年成为注册会计师 || 崔云刚、宋晓妮，质量控制复核人熊宇最近三年来未因执业行为受到刑事处 || 签字注册会计师、项目质量控制负责人简历烟台龙源电力技术股份有限公司董事
300112,2021-04-24,1209795563,万讯自控：关于续聘会计师事务所的公告,,True,公司提供服12制复核人会计师务中国注册先后为继峰股份、木林
300112,2020-04-21,1207537957,万讯自控：关于续聘会计师事务所的公告,,True,司向晓三19年制复核人会计师审计等证券服务业务，具备相应专
300113,2020-04-28,1207640166,顺网科技：关于拟续聘会计师事务所的公告,,True,任能力：是（2）质量控制复核人：许菊萍执业资质：注册会计师、注册税 || 项目合伙人韩坚、质量控制复核人许菊萍及拟签字会计师李丹萍不存在违反
300117,2021-04-26,1209795005,嘉寓股份：关于续聘公司2021年度审计机构的公告,,True,审计报告。（3）项目质量控制复核人：郭元欣中准注册会计师，1998年成 || 签字注册会计师及质量控制复核人员近三年不存在因执业行为受到刑事处罚 || 签字注册会计师、项目质量控制复核人等不存在可能影响独立性的情形。4、审
300115,2020-04-13,1207488235,长盈精密：关于续聘会计师事务所的公告,,True,注册会计师16制复核人保、杭电股份等多家上市公司的IPO审
300115,2024-03-19,1219329635,长盈精密：关于续聘会计师事务所的公告,,True,动、爱朋医疗、制复核人菲达环保、美登科技2、诚信记录项目合 || 签字注册会计师、项目质量控制复核人近三年不存在因执业行为受到刑事处罚， || 签字注册会计师、项目质量控制复核人不存在可能影响独立性的情形。4、审计
300117,2023-04-22,1216529396,嘉寓股份：关于拟续聘2023年度审计机构的公告,,True,审计报告。(3)项目质量控制复核人：郭元欣中准注册会计师，1998年成 || 签字注册会计师及质量控制复核人员近三年不存在因执业行为受到刑事处罚 || 签字注册会计师、项目质量控制复核人等不存在可能影响独立性的情形。4．审
300117,2022-04-26,1213108841,嘉寓股份：关于拟续聘2022年度审计机构的公告,,True,审计报告。(3)项目质量控制复核人：郭元欣中准注册会计师，1998年成 || 签字注册会计师及质量控制复核人员近三年不存在因执业行为受到刑事处罚 || 签字注册会计师、项目质量控制复核人等不存在可能影响独立性的情形。4．审
300117,2020-04-28,1207643862,嘉寓股份：关于续聘公司2020年度审计机构的公告,,True,行业南木森15制复核人计师执业年限近24年，具有丰富的审计
300117,2024-04-26,1219842222,嘉寓股份：关于拟续聘2024年度审计机构的公告,,True,具体情况。(3)项目质量控制复核人：郭元欣中准注册会计师，1998年成 || 签字注册会计师及质量控制复核人员近三年不存在因执业行为受到刑事处罚 || 签字注册会计师、项目质量控制复核人等不存在可能影响独立性的情形。4．审
300118,2020-04-18,1207525972,东方日升：关于续聘会计师事务所的公告,,True,业胜任能力。2、项目质量控制负责人简历包铁军，注册会计师，合伙人，19
300121,2021-04-20,1209724778,阳谷华泰：关于拟续聘会计师事务所的公告,,True,单位兼职。拟安排项目质量控制复核人员：刘仁勇刘仁勇2004年在大信会计 || 签字注册会计师及质量控制复核人员近三年不存在因执业行为受到刑事处罚 || 签字注册会计师及质量控制复核人员不存在违反《中国注册会计师职业道德
300126,2021-04-24,1209789724,锐奇股份：关于续聘2021年度审计机构的公告,,True,计师汪瑾、拟定的项目质量控制复核人孙立倩近三年无因执业行为受到刑事处罚 || 签字注册会计师、项目质量控制复核人等不存在可能影响独立性的情形。2证券
300126,2020-04-25,1207602571,锐奇股份：关于续聘2020年度审计机构的公告,,True,3）等。。拟定的质量控制负责人：孙立倩执业资质：中国注册会计师是否 || 莫旭巍、奚晓茵及质量控制负责人孙立倩最近三年无受到刑事处罚、行政处
300126,2022-04-29,1213207037,锐奇股份：关于续聘2022年度审计机构的公告,,True,计师汪瑾、拟定的项目质量控制复核人孙立倩近三年无因执业行为受到刑事处罚 || 签字注册会计师、项目质量控制复核人等不存在可能影响独立性的情形。4、审
300126,2023-04-22,1216524492,锐奇股份：关于续聘2023年度审计机构的公告,,True,计师汪瑾、拟定的项目质量控制复核人蒋红薇近三年无因执业行为受到刑事处罚 || 签字注册会计师、项目质量控制复核人等不存在可能影响独立性的情形。4、审
300126,2024-04-20,1219700906,锐奇股份：关于续聘2024年度审计机构的公告,,True,计师汪瑾、拟定的项目质量控制复核人蒋红薇近三年无因执业行为受到刑事处罚 || 签字注册会计师、项目质量控制复核人等不存在可能影响独立性的情形。4、审
300127,2020-03-28,1207416241,银河磁体：关于续聘会计师事务所公告,,True,职。（3）拟安排质量控制复核人员：廖群中国注册会计师，2001年起 || 整改报告。拟安排质量控制复核人员廖群最近三年未受到刑事处罚、行政处
300127,2024-03-30,1219465316,银河磁体：关于续聘会计师事务所的公告,,True,限公司等。拟安排项目质量控制负责人：武兴田武兴田，注册会计师注册时间为 || 、唐方模、苟警、项目质量控制复核人武兴田近三年无因执业行为受到刑事处罚 || 注册会计师、项目质量控制复核合伙人不存在违反《中国注册会计师职业道德守
300127,2022-03-30,1212727863,银河磁体：关于续聘会计师事务所的公告,,True,计报告等。拟安排项目质量控制负责人：武兴田武兴田，注册会计师注册时间为 || 注册会计师苟警、项目质量控制复核人武兴田近三年无因执业行为受到刑事处罚 || 注册会计师、项目质量控制复核合伙人不存在违反《中国注册会计师职业道德守
300127,2021-03-27,1209462717,银河磁体：关于续聘会计师事务所的公告,,True,限公司等。拟安排项目质量控制负责人：武兴田武兴田，注册会计师注册时间为 || 册会计师夏洪波、项目质量控制复核人武兴田近三年无因执业行为受到刑事处罚 || 注册会计师、项目质量控制复核合伙人不存在违反《中国注册会计师职业道德守
300129,2020-04-08,1207461703,泰胜风能：关于拟续聘2020年度会计师事务所的公告,,True,业胜任能力。拟任项目质量控制复核人汪思薇为注册会计师，管理合伙人，从事
300127,2023-03-30,1216258694,银河磁体：关于续聘会计师事务所的公告,,True,限公司等。拟安排项目质量控制负责人：武兴田武兴田，注册会计师注册时间为 || 师唐方模、苟警、项目质量控制复核人武兴田近三年无因执业行为受到刑事处罚 || 注册会计师、项目质量控制复核合伙人不存在违反《中国注册会计师职业道德守
300130,2024-03-28,1219425551,新国都：关于拟续聘会计师事务所的公告,,True,司提供审计服务。项目质量控制复核人：何晶晶何晶晶，2014年5月成为注 || 签字注册会计师、项目质量控制复核人近三年未因执业行为受到刑事处罚，未受 || 签字注册会计师、项目质量控制复核人能够在执行本项目审计工作时保持独立性
300133,2021-04-26,1209793189,华策影视：关于续聘会计师事务所的公告,,True,签字注册会计师、项目质量控制复核人近三年不存在因执业行为受到刑事处罚， || 签字注册会计师、项目质量控制复核人不存在可能影响独立性的情形。4.审计
300133,2024-04-25,1219789811,华策影视：关于续聘2024年度会计师事务所的公告,,True,签字注册会计师、项目质量控制复核人近三年不存在因执业行为受到刑事处罚， || 签字注册会计师、项目质量控制复核人不存在可能影响独立性的情形。4.审计
300133,2022-04-28,1213173015,华策影视：关于续聘会计师事务所的公告,,True,签字注册会计师、项目质量控制复核人近三年不存在因执业行为受到刑事处罚， || 签字注册会计师、项目质量控制复核人不存在可能影响独立性的情形。4.审计
300136,2020-12-11,1208887014,信维通信：关于公司变更2020年度审计机构的公告,,True,东及其团队拟担任项目质量控制复核人。王皓东从事证券服务业务多年，负责审
300146,2020-06-25,1207961643,汤臣倍健：关于变更会计师事务所的公告,,True,签字注册会计师与项目质量控制复核人尚未确定具体人员。（三）业务信息华兴
300146,2024-03-19,1219330440,汤臣倍健：关于聘任公司2024年度审计机构的公告,,True,。：郭小军（3）项目质量控制复核人（拟）2002年成为注册会计师，20 || 签字注册会计师和项目质量控制复核人近三年未因执业行为受到刑事处罚，未因 || 签字注册会计师和项目质量控制复核人2不存在违反《中国注册会计师职业道德
300147,2022-04-23,1213057856,香雪制药：关于续聘会计师事务所的公告,,True,签字注册会计师、项目质量控制复核人近三年不存在因执业行为受到刑事处罚， || 签字注册会计师、项目质量控制复核人不存在可能影响独立性的情形。4、审计
300150,2020-04-25,1207601322,世纪瑞尔：关于续聘2020年度会计师事务所的公告,,True,计师）、刘志坚（质量控制复核人）最近三年未受（收）到刑事处罚、行政 || 伙人刘志坚拟担任项目质量控制复核人。刘志坚从事证券服务业务多年，负责审 || 签字注册会计师和质量控制复核人不存在违反《中国注册会计师职业道德守
300146,2023-03-18,1216146877,汤臣倍健：关于聘任公司2023年度审计机构的公告,,True,。：郭小军（3）项目质量控制复核人（拟）2002年成为注册会计师，20 || 签字注册会计师和项目质量控制复核人近三年未因执业行为受到刑事处罚，未因 || 签字注册会计师和项目质量控制复核人2不存在违反《中国注册会计师职业道德
300150,2021-04-23,1209774254,世纪瑞尔：关于续聘2021年度会计师事务所的公告,,True,计师）、刘志坚（质量控制复核人）最近三年未受（收）到刑事处罚、行政 || 伙人刘志坚拟担任项目质量控制复核人。刘志坚从事证券服务业务多年，负责审 || 签字注册会计师和质量控制复核人不存在违反《中国注册会计师职业道德守
300150,2024-04-26,1219821030,世纪瑞尔：关于续聘2024年度会计师事务所的公告,,True,审计报告。拟安排项目质量控制复核人：刘志坚中国注册会计师，1999年成 || 注册会计师及项目质量复核人近三年不存在因执业行为受到刑事处罚， || 册会计师及拟安排项目质量控制复核人未持有和买卖公司股票，也不存在可能影
300152,2022-04-20,1212983823,科融环境：关于续聘会计师事务所的公告,,True,册会计师吴金龙和项目质量控制复核人王虎未因执业行为受到刑事处罚，未因执 || 签字注册会计师和项目质量控制复核人不存在违反《中国注册会计师职业道德守
300156,2020-05-14,1207796082,神雾环保：关于公司拟聘任会计师事务所的公告,,True,合伙人为郭力群、质量控制复核人为赵新刚及签字注册会计师张磊，上述三 || 合伙人为郭力群、质量控制复核人为赵新刚及签字注册会计师张磊最近三年
300156,2020-04-14,1207492580,神雾环保：关于公司拟聘任会计师事务所的公告,,True,）及朱立丹女士（项目质量控制负责人），上述三人均为注册会计师协会执业会
300160,2020-04-25,1207603092,秀强股份：关于续聘公司2020年度会计师事务所的公告,,True,任能力：是（2）质量控制复核人：王其超执业资质：注册会计师、注册税
300160,2022-10-25,1214881818,秀强股份：关于续聘公司2022年度会计师事务所的公告,,True,18年2021年质量控制复核人张之祥2008年2008年2011年 || 注册会计师（3）质量控制复核人近三年从业情况：姓名：张之祥时间上市 || 签字注册会计师和质量控制复核人近三年不存在因执业行为受到刑事处罚，
300162,2022-04-13,1212898866,雷曼光电：关于续聘会计师事务所的公告,,True,单位兼职。拟安排项目质量控制复核人员：汤艳群汤艳群从2010年3月至今 || 签字注册会计师及质量控制复核人员近三年不存在因执业行为受到刑事处罚 || 签字注册会计师及质量控制复核人员不存在违反《中国注册会计师职业道德
300164,2021-10-26,1211372259,通源石油：关于拟变更会计师事务所的公告,,True,亚太项目合伙人、项目质量控制复核人、拟签字注册会计师具备相应专业胜任能 || 审计报告5份。拟项目质量控制复核人王琳：于2007年12月成为注册会计 || 开始，作为本公司项目质量控制复核人。2、诚信记录项目合伙人、签字注册会 || 签字注册会计师、项目质量控制复核人近三年不存在因执业行为受到刑事处罚， || 签字注册会计师、项目质量控制复核人等不存在违反《中国注册会计师职业道德
300164,2022-04-27,1213141529,通源石油：关于续聘2022年度审计机构的公告,,True,亚太项目合伙人、项目质量控制复核人、拟签字注册会计师具备相应专业胜任能 || 没有不良记录。拟项目质量控制复核人王琳：2007年12月成为注册会计师 || 开始，作为本公司项目质量控制复核人。2、诚信记录项目合伙人、签字注册会 || 签字注册会计师、项目质量控制复核人近三年无执业行为受到刑事处罚，受到证 || 签字注册会计师、项目质量控制复核人等不存在违反《中国注册会计师职业道德
300164,2024-04-20,1219695790,通源石油：关于续聘2024年度审计机构的公告,,True,亚太项目合伙人、项目质量控制复核人、拟签字注册会计师具备相应专业胜任能 || 挂牌公司6家。拟项目质量控制复核人王琳：2007年12月成为注册会计师 || 开始，作为本公司项目质量控制复核人。2、诚信记录项目合伙人、签字注册会 || 签字注册会计师、项目质量控制复核人近三年不存在因执业行为受到刑事处罚， || 签字注册会计师、项目质量控制复核人等不存在违反《中国注册会计师职业道德
300164,2023-04-22,1216523393,通源石油：关于续聘2023年度审计机构的公告,,True,亚太项目合伙人、项目质量控制复核人、拟签字注册会计师具备相应专业胜任能 || 挂牌公司2家。拟项目质量控制复核人王琳：2007年12月成为注册会计师 || 开始，作为本公司项目质量控制复核人。2、诚信记录项目合伙人、签字注册会 || 签字注册会计师、项目质量控制复核人近三年不存在因执业行为受到刑事处罚， || 签字注册会计师、项目质量控制复核人等不存在违反《中国注册会计师职业道德
300160,2021-07-15,1210485031,秀强股份：关于拟变更会计师事务所的公告,,True,18年2021年质量控制复核人张之祥2008年2008年2011年 || 注册会计师（3）质量控制复核人近三年从业情况：姓名：张之祥时间上市 || 签字注册会计师、项目质量控制复核人项目质量控制复核人近三年不存在因执业 || 目质量控制复核人项目质量控制复核人近三年不存在因执业行为受到刑事处罚， || 签字注册会计师和质量控制复核人不存在违反《中国注册会计师职业道德守
300169,2020-04-24,1207586394,天晟新材：关于续聘会计师事务所的公告,,True,伙人刘志坚拟担任项目质量控制复核人。刘志坚从事证券服务业务多年，负责审 || 施处分。刘志坚（质量控制复核人）最近三年未受（收）到刑事处罚、行政
300176,2020-04-28,1207638860,派生科技：关于续聘2020年度审计机构的公告,,True,；王红梅18年制复核人会计师2002年5月至今在中天运会计 || 签字注册会计师和质量控制复核人不存在违反《中国注册会计师职业道德守
300176,2021-04-28,1209838664,派生科技：关于续聘2021年度审计机构的公告,,True,公司审计19年制复核人会计师项目的项目质量控制复核人；近三 || 核人会计师项目的项目质量控制复核人；近三年未签署过上市公司审计报告，复 || 签字注册会计师和质量控制复核人不存在违反《中国注册会计师职业道德守
300181,2020-04-27,1207609229,佐力药业：关于续聘会计师事务所的公告,,True,任能力：是（2）质量控制复核人：余亚进执业资质：注册会计师从业经历
300188,2020-03-31,1207431130,美亚柏科：关于续聘公司2020年度审计机构的公告,,True,经理陈立梅拟担任项目质量控制复核人，陈立梅于2004年9月至2017年 || 会计师2易厚震和质量控制复核人陈立梅不存在违反《中国注册会计师职业 || 会计师2易厚震和质量控制复核人陈立梅最近三年未受（收）到刑事处罚、
300191,2022-04-23,1213055942,潜能恒信：续聘会计师事务所公告,,True,3）项目合伙人、质量控制复核人和拟签字会计师等相关人员最近3年未受 || 签字注册会计师、项目质量控制复核人能够在执行本项目审计工作时保持独立性
300191,2023-04-22,1216525484,潜能恒信：续聘会计师事务所公告-潜能,,True,1）项目合伙人、质量控制复核人和拟签字会计师等相关人员不存在违反《 || 2）项目合伙人、质量控制复核人和拟签字会计师等相关人员最近3年未受 || 签字注册会计师、项目质量控制复核人能够在执行本项目审计工作时保持独立性
300191,2024-04-24,1219774281,潜能恒信：关于续聘会计师事务所的公告,,True,1）项目合伙人、质量控制复核人和拟签字会计师等相关人员不存在违反《 || 2）项目合伙人、质量控制复核人和拟签字会计师等相关人员最近3年未受 || 签字注册会计师、项目质量控制复核人能够在执行本项目审计工作时保持独立性
300193,2020-03-05,1207347317,佳士科技：拟续聘2020年度审计机构的公告,,True,咨询等业务。2、项目质量控制负责人简历包铁军先生：现任大华会计师事务所
300194,2021-03-31,1209485418,福安药业：关于拟续聘会计师事务所的公告,,True,业务经验。3、拟质量控制复核人姓名：马向军马向军，现担任永拓质量控 || 签字注册会计师、项目质量控制复核人近三年（最近三个完整自然年度及当年） || 签字注册会计师、项目质量控制复核人，不存在违反《中国注册会计师职业道德
300194,2020-03-28,1207416494,福安药业：关于拟续聘会计师事务所的公告,,True,业务经验。3、拟质量控制复核人姓名：马向军（1）执业资质：中国注册 || 师杨欢、肖雪，拟质量控制复核人马向军符合独立性要求，近三年未受到刑
300194,2022-04-26,1213098814,福安药业：关于拟续聘会计师事务所的公告,,True,业务经验。3、拟质量控制复核人姓名：张惠子张惠子，现担任永拓会计师 || 永拓会计师事务所质量控制复核人，中国注册会计师。2016年1月28 || 签字注册会计师、项目质量控制复核人近三年（最近三个完整自然年度及当年） || 签字注册会计师、项目质量控制复核人，不存在违反《中国注册会计师职业道德
300194,2023-03-31,1216268961,福安药业：关于拟续聘会计师事务所的公告,,True,业务经验。3、拟质量控制复核人姓名：张惠子张惠子，现担任永拓会计师 || 永拓会计师事务所质量控制复核人，中国注册会计师。2016年1月28 || 签字注册会计师、项目质量控制复核人近三年（最近三个完整自然年度及当年） || 签字注册会计师、项目质量控制复核人，不存在违反《中国注册会计师职业道德
300196,2020-04-08,1207461581,长海股份：关于拟续聘会计师事务所的公告,,True,务所；冯可棣14复核人会计师2013年至今，天健会计师事务
300196,2022-04-21,1213001684,长海股份：关于续聘会计师事务所的公告,,True,签字注册会计师、项目质量控制复核人近三年不存在因执业行为受到刑事处罚， || 签字注册会计师、项目质量控制复核人不存在可能影响独立性的情形。4、审计
300196,2024-04-18,1219648435,长海股份：关于续聘会计师事务所的公告,,True,人签字注册会计师项目质量复核人员姓名陈素素丁淼李立影何时成为注册会计 || 签字注册会计师、项目质量控制复核人近三年不存在因执业行为受到刑事处罚， || 签字注册会计师、项目质量控制复核人不存在可能影响独立性的情形。4、审计
300197,2021-02-10,1209265153,铁汉生态：关于变更公司2020年度审计机构的公告,,True,程序，倪军拟担任项目质量控制复核人。1998年成为注册会计师、1998 || 签字注册会计师、项目质量控制复核人等不存在可能影响独立性的情形，能够在
300196,2021-04-10,1209668653,长海股份：关于拟续聘会计师事务所的公告,,True,签字注册会计师、项目质量控制复核人近三年不存在因执业行为受到刑事处罚， || 签字注册会计师、项目质量控制复核人不存在可能影响独立性的情形。4、审计
300196,2023-04-11,1216370443,长海股份：关于续聘会计师事务所的公告,,True,签字注册会计师、项目质量控制复核人近三年不存在因执业行为受到刑事处罚， || 签字注册会计师、项目质量控制复核人不存在可能影响独立性的情形。4、审计
300197,2022-04-25,1213062069,节能铁汉：关于续聘公司会计师事务所的公告,,True,程序，倪军拟担任项目质量控制复核人。1998年成为注册会计师、1998 || 签字注册会计师、项目质量控制复核人等不存在可能影响独立性的情形，能够在
300197,2021-10-29,1211421638,节能铁汉：关于续聘公司会计师事务所的公告,,True,程序，倪军拟担任项目质量控制复核人。1998年成为注册会计师、1998 || 册会计师、项目3质量控制复核人等不存在可能影响独立性的情形，能够在
300197,2023-04-21,1216492513,节能铁汉：关于续聘公司会计师事务所的公告,,True,序，储燕涛拟担任项目质量控制复核人。2006年成为注册会计师、2007 || 签字注册会计师、项目质量控制复核人等不存在可能影响独立性的情形，能够在
300198,2020-04-29,1207666137,纳川股份：关于续聘会计师事务所的公告,,True,序，陈佳佳拟担任项目质量控制复核人。陈佳佳从事证券服务业务多年，负责审
300203,2023-04-27,1216626107,聚光科技：关于续聘会计师事务所的公告,,True,签字注册会计师、项目质量控制复核人近三年不存在因执业行为受到刑事处罚， || 签字注册会计师、项目质量控制复核人不存在可能影响独立性的情形。三、拟聘
300203,2022-04-28,1213167582,聚光科技：关于续聘会计师事务所的公告,,True,签字注册会计师、项目质量控制复核人近三年存在因执业行为受到刑事处罚，受 || 签字注册会计师、项目质量控制复核人不存在可能影响独立性的情形。三、拟聘
300209,2024-04-26,1219843297,ST有棵树：关于续聘2024年度审计机构的公告,,True,签字注册会计师、项目质量控制复核人。2、独立性天健事务所不存在可能影响
300209,2020-12-24,1208972593,天泽信息：关于变更会计师事务所的公告,,True,务所，审23年制复核人计师计相关工作1988年起至今，中国
300209,2022-04-29,1213220967,天泽信息：关于续聘2022年度审计机构的公告,,True,签字注册会计师、项目质量控制复核人。2、独立性天健会计师事务所（特殊普
300209,2023-04-26,1216594281,有棵树：关于续聘2023年度审计机构的公告,,True,签字注册会计师、项目质量控制复核人。2、独立性天健会计师事务所（特殊普
300211,2020-08-25,1208234876,亿通科技：关于公司续聘2020年度审计机构的公告,,True,专业服务。3、拟质量控制复核人姓名：李文祥（1）执业资质：中国注册 || 家上市公司审计的质量控制复核人。签字注册会计师吴焕明、陈晨，质量控 || 师吴焕明、陈晨，质量控制复核人李文祥符合独立性要求，近三年未受到刑
300211,2021-04-29,1209846784,亿通科技：关于公司续聘2021年度审计机构的公告,,True,胜任能力。3、拟质量控制复核人姓名：李文祥（1）执业资质：中国注册 || 家上市公司审计的质量控制复核人。拟签字项目合伙人刘文华、拟签字注册 || 会计师朱靓旻、拟质量控制复核人李文祥最近三年未受（收）到刑事处罚、
300212,2020-04-21,1207552296,易华录：关于续聘公司2020年度审计机构的补充公告,,True,程序，高楠拟担任项目质量控制复核人，1998年起一直从事注册会计师业务 || 市公司年报审计的项目质量控制复核人，具备相应专业胜任能力。（五）诚信记
300219,2023-04-26,1216583497,鸿利智汇：关于续聘四川华信（集团）会计师事务所（特殊普通合伙）为公司2023年度审计机构的公告,,True,等。（4）拟安排质量控制复核人员：廖群注册会计师注册时间为2000 || 签字注册会计师、项目质量复核人员不存在违反《中国注册会计师执业道德守 || 签字注册会计师、项目质量控制复核人不存在影响项目独立性的情况。4、审计
300219,2020-04-27,1207605144,鸿利智汇：关于续聘四川华信（集团）会计师事务所（特殊普通合伙）为公司2020年度审计机构的公告,,True,形。项目合伙人、质量控制复核人、拟签字注册会计师均为从业经历丰富、
300219,2024-04-25,1219797393,鸿利智汇：关于续聘四川华信（集团）会计师事务所（特殊普通合伙）为公司2024年度审计机构的公告,,True,等。（4）拟安排质量控制复核人员：廖群注册会计师注册时间为2000 || 签字注册会计师、项目质量复核人员不存在违反《中国注册会计师执业道德守 || 签字注册会计师、项目质量控制复核人不存在影响项目独立性的情况。4、审计
300223,2020-04-01,1207441103,北京君正：关于拟续聘公司2020年度审计机构的公告,,True,合伙人陈荭拟担任项目质量控制复核人。陈荭从事证券服务业务多年，负责审计 || 会计师）、陈荭（质量控制复核人）最近三年未受到刑事处罚、行政处罚、
300224,2021-12-28,1212030856,正海磁材：关于续聘会计师事务所的公告,,True,市公司审计报告。项目质量控制复核人赵春阳：2003年成为注册会计师、2 || 签字注册会计师和质量控制复核人近三年未因执业行为受到刑事处罚，未受 || 签字注册会计师、项目质量控制复核人不存在违反《中国注册会计师职业道德守
300224,2022-12-27,1215454388,正海磁材：关于续聘会计师事务所的公告,,True,市公司审计报告。项目质量控制复核人赵春阳：2003年成为注册会计师、2 || 签字注册会计师和质量控制复核人近三年未因执业行为受到刑事处罚，未受 || 签字注册会计师、项目质量控制复核人不存在违反《中国注册会计师职业道德守
300224,2023-03-28,1216237621,正海磁材：关于续聘会计师事务所的公告,,True,市公司审计报告。项目质量控制复核人赵春阳：2003年成为注册会计师、2 || 签字注册会计师和质量控制复核人近三年未因执业行为受到刑事处罚，未受 || 签字注册会计师、项目质量控制复核人不存在违反《中国注册会计师职业道德守
300224,2024-03-28,1219428064,正海磁材：关于续聘会计师事务所的公告,,True,市公司审计报告。质量控制复核人尹淑英：2002年开始从事上市公司审 || 签字注册会计师和质量控制复核人近三年未因执业行为受到刑事处罚，未受 || 签字注册会计师、项目质量控制复核人不存在违反《中国注册会计师职业道德守
300225,2020-04-27,1207607731,金力泰：关于公司续聘2020年度审计机构的公告,,True,26)等。3、拟质量控制复核人姓名：周敏（1）执业资质：中国注册会 || 晓茵、蒯薏苡，拟质量控制复核人周敏符合独立性要求，近三年未受到刑事
300226,2022-04-15,1212925113,上海钢联：关于续聘2022年度审计机构的公告,,True,签字注册会计师、项目质量控制复核人近三年（最近三个完整自然年度及当年）
300226,2021-04-01,1209567888,上海钢联：关于续聘2021年度审计机构的公告,,True,签字注册会计师、项目质量控制复核人近三年（最近三个完整自然年度及当年）
300226,2023-04-14,1216406509,上海钢联：关于续聘2023年度审计机构的公告,,True,签字注册会计师、项目质量控制复核人近三年（最近三个完整自然年度及当年）
300226,2024-04-10,1219554333,上海钢联：关于续聘2024年度审计机构的公告,,True,签字注册会计师、项目质量控制复核人近三年（最近三个完整自然年度及当年）
300231,2021-03-12,1209371158,银信科技：关于续聘会计师事务所的公告,,True,审计报告。2质控复核人郭健2004年成为注册会计师，200 || 签字注册会计师、项目质量控制复核人近三年不存在因执业行为受到刑事处罚， || 签字注册会计师和质量复核合伙人不存在可能影响独立性的情形。4.审计
300232,2021-10-25,1211363099,洲明科技：关于续聘公司2021年度会计师事务所的公告,,True,年开始为蒋晓东制复核人本公司提供审计服务，近三年复核上市公 || 签字注册会计师、项目质量控制复核人近三年未因执业行为受到刑事处罚，受到
300232,2022-08-26,1214404984,洲明科技：关于续聘公司2022年度会计师事务所的公告,,True,年开始为蒋晓东制复核人本公司提供审计服务，近三年复核上市公 || 签字注册会计师、项目质量控制复核人近三年未因执业行为受到刑事处罚，受到
300232,2023-08-11,1217512246,洲明科技：关于续聘公司2023年度会计师事务所的公告,,True,0年开始为本公制复核人司提供审计服务，近三年复核上市公司审 || 签字注册会计师、项目质量控制复核人近三年未因执业行为受到刑事处罚，受到
300232,2020-10-27,1208616240,洲明科技：关于续聘公司2020年度会计师事务所的公告,,True,质量控制复28年复核人核工作。中国注册会计师，2008年起
300235,2020-04-08,1207462431,方直科技：关于拟续聘会计师事务所的公告,,True,职情形：否（2）质量控制复核人（项目独立复核合伙人）：陈锦棋从业经 || 控制复核人（项目独立复核合伙人）：陈锦棋从业经历：陈锦棋，中国注册 || 项目项目合伙人、质量控制复核人和本期签字会计师均具有丰富的证券服务
300236,2021-04-28,1209828682,上海新阳：关于续聘2021年度审计机构的公告,,True,29）等。3、拟质量控制复核人姓名：林德伟执业资质：中国注册会计师 || 等上市公司审计的质量控制复核人。拟签字注册会计师李明、梁雯晶符合《
300236,2023-04-27,1216613285,上海新阳：关于续聘2023年度审计机构的公告,,True,计经验。3、拟任质量控制复核人姓名：冯家俊执业资质：中国注册会计师
300236,2022-04-27,1213144518,上海新阳：关于续聘2022年度审计机构的公告,,True,29）等。3、拟质量控制复核人姓名：林德伟执业资质：中国注册会计师 || 等上市公司审计的质量控制复核人。拟签字注册会计师李明、梁雯晶符合《
300237,2020-04-20,1207526045,美晨生态：关于续聘会计师事务所为公司2020年审计机构的公告,,True,证工作。（3）拟质量控制复核人姓名：史春生执业资质：中国注册会计师
300236,2024-03-15,1219307281,上海新阳：关于续聘2024年度审计机构的公告,,True,计经验。3、拟任质量控制复核人姓名：冯家俊执业资质：中国注册会计师
300238,2020-04-25,1207600912,冠昊生物：关于聘任公司2020年度审计机构的公告,,True,单位兼职。（2）质量控制复核人员拟安排冯发明担任项目质量复核人员， || 拟安排冯发明担任项目质量复核人员，冯发明先生，中国注册会计师，合伙人 || 签字注册会计师及质量复核人员未持有和买卖公司股票，也不存在影响独
300241,2020-04-18,1207525260,瑞丰光电：关于续聘致同会计师事务所（特殊普通合伙）为公司2020年度审计机构的公告,,True,程序，李力拟担任项目质量控制复核人。李力从事证券服务业务15年，负责审
300243,2024-04-20,1219697766,瑞丰高材：关于续聘会计师事务所的公告,,True,报告1家。（3）质量控制复核人史华宾史华宾，2018年获得中国注册 || 签字注册会计师、质量控制复核人最近三年未因执业行为受到刑事处罚，或 || 签字注册会计师、项目质量控制复核人等不存在可能影响独立性的情形。4、审
300243,2023-04-18,1216435820,瑞丰高材：关于续聘会计师事务所的公告,,True,报告1家。（3）质量控制复核人张素霞张素霞，中国注册会计师，199 || 签字注册会计师、质量控制复核人最近三年未受到刑事处罚、行政处罚、行 || 签字注册会计师、项目质量控制复核人等不存在可能影响独立性的情形。4、聘
300247,2021-12-31,1212061027,融捷健康：关于公司续聘2021年度会计师事务所的公告,,True,业胜任能力。质控复核人陈翔，中国注册会计师，于2004年1 || 签字注册会计师、项目质量控制复核人近三年（最近三个完整自然年度及当年） || 签字注册会计师、项目质量控制复核人不存在违反《中国注册会计师职业道德守
300247,2020-12-16,1208911484,融捷健康：关于公司续聘2020年度会计师事务所的公告,,True,控经理陈翔拟担任项目质量控制复核人。陈翔，中国注册会计师，于2004年 || 注册会计师肖玲和质量控制复核人陈翔不存在违反《中国注册会计师职业道
300247,2024-04-24,1219766613,融捷健康：关于续聘会计师事务所的公告,,True,1.基本信息项目质量复核人：樊晓鹏质控复核人樊晓鹏，2023年 || 核人：樊晓鹏质控复核人樊晓鹏，2023年成为中国注册会计师 || 册会计师何清姣、项目质量控制复核人樊晓鹏近三年（最近三个完整自然年度及 || 注册会计师、项目质量复核人等从业人员不存在违反《中国注册会计师
300250,2020-04-29,1207662971,初灵信息：关于续聘会计师事务所的公告,,True,2）项目合伙人、项目质量控制负责人、拟签字注册会计师情况：项目合伙人： || 专业胜任能力：是项目质量控制负责人：徐菊萍执业资质：注册会计师、注册税
300252,2020-04-29,1207664719,金信诺：关于续聘会计师事务所的公告,,True,任能力：是（2）质量控制复核人：赵亦飞执业资质：注册会计师从业经历
300250,2023-10-26,1218151697,初灵信息：关于拟聘任会计师事务所的公告,,True,生物）师杨铭姝，质量控制复核人，2006年成为注册会计师，2008 || 签字注册会计师、项目质量控制复核人近三年不存在因执业行为受到刑事处罚， || 签字注册会计师、项目质量控制复核人均不存在可能影响独立性的情形。4.审
300252,2024-04-29,1219866884,金信诺：关于续聘会计师事务所的公告,,True,签字注册会计师和项目质量控制复核人近三年不存在因执业行为受到刑事处罚， || 签字会计师项目及质量控制复核人不存在可能影响独立性的情形及采取的防
300252,2021-04-28,1209834309,金信诺：关于续聘会计师事务所的公告,,True,任能力：是（2）质量控制复核人：赵亦飞执业资质：注册会计师从业经历 || 签字会计师阮喆和项目质量控制复核人赵亦飞最近三年无任何刑事处罚、行政处
300252,2023-04-28,1216657466,金信诺：关于续聘会计师事务所的公告,,True,签字注册会计师和项目质量控制复核人近三年不存在因执业行为受到刑事处罚， || 签字会计师项目及质量控制复核人不存在可能影响独立性的情形及采取的防
300252,2022-04-27,1213140325,金信诺：关于续聘会计师事务所的公告,,True,签字注册会计师和项目质量控制复核人近三年不存在因执业行为受到刑事处罚， || 签字会计师项目及质量控制复核人不存在可能影响独立性的情形及采取的防
300257,2022-04-27,1213133819,开山股份：关于续聘2022年度财务审计机构的公告,,True,签字注册会计师、项目质量控制复核人近三年不存在因执业行为受到刑事处罚， || 签字注册会计师、项目质量控制复核人不存在可能影响独立性的情形。4、审计
300257,2020-04-29,1207665444,开山股份：关于续聘公司2020年度财务审计机构的公告,,True,至今，天中国注册项目质量控制复核人孙涛健会计师事务所，14会计师审计相
300257,2021-04-15,1209690473,开山股份：关于续聘公司2021年度财务审计机构的公告,,True,签字注册会计师、项目质量控制复核人近三年不存在因执业行为受到刑事处罚， || 签字注册会计师、项目质量控制复核人不存在可能影响独立性的情形。4、审计
300257,2024-04-25,1219796395,开山股份：关于续聘2024年度财务审计机构的公告,,True,人签字注册会计师项目质量复核人员姓名张颖倪顺涛孙涛何时成为注册会计师 || 签字注册会计师、项目质量复核人员近三年不存在因执业行为受到刑事处罚， || 签字注册会计师、项目质量复核人员不存在可能影响独立性的情形。4、审计
300257,2023-04-21,1216492169,开山股份：关于续聘2023年度财务审计机构的公告,,True,核开山股份、莎普复核人爱思、迎丰股份、黄山胶囊等上市公司2 || 签字注册会计师、项目质量控制复核人近三年不存在因执业行为受到刑事处罚， || 签字注册会计师、项目质量控制复核人不存在可能影响独立性的情形。4、审计
300258,2020-04-21,1207539636,精锻科技：关于续聘会计师事务所的公告,,True,序，张丽雯拟担任项目质量控制复核人。张丽雯从事证券服务业务23年，负责
300258,2021-04-20,1209724432,精锻科技：关于续聘会计师事务所的公告,,True,序，张丽雯拟担任项目质量控制复核人。张丽雯2000年成为注册会计师，1
300259,2024-03-30,1219464070,新天科技：关于拟续聘会计师事务所的公告,,True,司提供审计服务。质量控制复核人倪俊：倪俊1998年成为注册会计师， || 册会计师李俊会、项目质量控制复核人倪俊最近三年未受到刑事处罚、行政处罚 || 签字注册会计师、项目质量控制复核人等不存在可能影响独立性的情形。4、审
300260,2020-04-28,1207635685,新莱应材：关于续聘公司2020年度审计机构的公告,,True,的专业胜任能力。质量控制复核人【项目质量控制负责人】：王桥，注册会 || 质量控制复核人【项目质量控制负责人】：王桥，注册会计师，合伙人，199
300261,2023-02-23,1215937443,雅本化学：关于变更签字注册会计师的公告,,True,，李海成先生作为项目质量控制复核人为公司提供审计服务；因大华会计师事务
300262,2021-04-08,1209649890,巴安水务：关于续聘2021年度审计机构的公告,,True,的审计经验。3）质量控制复核人姓名：戎凯宇执业资质：中国注册会计师 || 师蒯薏苡、王涛，质量控制复核人戎凯宇符合独立性要求，近三年未受到刑
300266,2024-04-26,1219826141,兴源环境：关于2024年度拟续聘会计师事务所的公告,,True,务。（4）拟安排质量控制复核人员：何均，注册会计师注册时间为199 || 册会计师、拟安排质量控制复核人近三年无因执业行为受到刑事处罚，未受 || 册会计师、拟安排质量控制复核人不存在违反《中国注册会计师职业道德守
300263,2023-04-15,1216411045,隆华科技：关于续聘立信会计师事务所(特殊普通合伙)为公司2023年度外部审计机构的公告,,True,21年2022年质量控制复核人肖常和2006年2007年2008年 || 材料股份有限公司质量控制复核人2022年汉威科技集团股份有限公司质 || 集团股份有限公司质量控制复核人（2）签字注册会计师近三年从业情况： || 司项目经理（3）质量控制复核人近三年从业情况：肖常和时间工作单位职 || 股份有限公司部门复核人2、项目组成员独立性和诚信记录情况。 || 签字注册会计师和质量控制复核人不存在违反《中国注册会计师职业道德守
300266,2023-03-31,1216280258,兴源环境：关于2023年度拟续聘会计师事务所的公告,,True,务。（4）拟安排质量控制复核人员：廖群，注册会计师注册时间为200 || 册会计师、拟安排质量控制复核人近三年未因执业行为受到刑事处罚，未受 || 注册会计师、项目质量控制复核合伙人不存在违反《中国注册会计师职业道德守
300267,2021-11-20,1211639527,尔康制药：关于续聘2021年度审计机构的公告,,True,签字注册会计师、项目质量控制复核人近三年不存在因执业行为受到刑事处罚， || 签字注册会计师、项目质量控制复核人等不存在可能影响《中国注册会计师职业
300266,2022-04-28,1213174645,兴源环境：关于2022年度审计机构续聘的公告,,True,务。（4）拟安排质量控制复核人员：廖群，注册会计师注册时间为200 || 人、注册会计师及项目质量控制复核人近三年未因执业行为受到刑事处罚，未受 || 人、注册会计师、项目质量控制复核人不存在可能影响独立性的情形。4、审计
300267,2020-04-25,1207612809,尔康制药：关于续聘2020年度审计机构的公告,,True,，目前在事19年复核人会计师务所承担质量控制及复核工作，具
300267,2022-11-17,1215129379,尔康制药：关于续聘2022年度审计机构的公告,,True,签字注册会计师、项目质量控制复核人近三年不存在因执业行为受到刑事处罚， || 签字注册会计师、项目质量控制复核人等不存在可能影响《中国注册会计师职业
300267,2023-11-25,1218432171,尔康制药：关于续聘2023年度审计机构的公告,,True,03年2019年复核人复核两家上市公司2021年度审计报告 || 签字注册会计师、项目质量控制复核人近三年不存在因执业行为受到刑事处罚， || 签字注册会计师、项目质量控制复核人等不存在可能影响《中国注册会计师职业
300269,2020-10-30,1208653677,联建光电：关于续聘大信会计师事务所（特殊普通合伙）为公司2020年度审计机构的公告,,True,单位兼职。（2）质量控制复核人员拟安排宋治忠担任项目质量复核人员， || 拟安排宋治忠担任项目质量复核人员，宋治忠先生，中国注册会计师，合伙人 || 签字注册会计师及质量复核人员未持有和买卖公司股票，也不存在影响独
300272,2022-04-28,1213169902,开能健康：关于拟续聘会计师事务所的公告,,True,签字注册会计师、项目质量控制复核人基本信息如下：李靖豪，2015年成为 || 签字注册会计师、项目质量控制复核人近三年因执业行为受到刑事处罚，受到证 || 签字注册会计师、项目质量控制复核人等不存在可能影响独立性的情形。4．审
300276,2020-04-30,1207703208,三丰智能：关于续聘会计师事务所的公告,,True,证券业务。（2）质量控制复核人员拟安排刘仁勇担任项目质量复核人员， || 拟安排刘仁勇担任项目质量复核人员，刘仁勇先生，注册会计师，具有丰富的 || 签字注册会计师及质量复核人员未持有和买卖公司股票，也不存在影响独
300276,2021-04-29,1209854017,三丰智能：关于续聘会计师事务所的公告,,True,证券业务。（2）质量控制复核人员拟安排刘仁勇担任项目质量复核人员， || 拟安排刘仁勇担任项目质量复核人员，刘仁勇先生，注册会计师，具有丰富的 || 签字注册会计师及质量复核人员未持有和买卖公司股票，也不存在影响独
300271,2024-01-19,1218951255,华宇软件：关于年度审计机构变更签字注册会计师和质量控制复核人的公告,,True,签字注册会计师和质量控制复核人的公告本公司及董事会全体成员保证信息 || 签字注册会计师和质量控制复核人的函》，具体内容如下：一、本次变更情 || 会计师，刘宏宇为质量控制复核人为公司提供审计服务。因内部工作调整， || 会计师，叶立萍为质量控制复核人，负责公司2023年度财务报表审计， || 5家次。叶立萍，质量控制复核人：2013年7月成为注册会计师，20 || 签字注册会计师和质量控制复核人的函》。特此公告北京华宇软件股份有限
300276,2022-04-22,1213020711,三丰智能：关于续聘会计师事务所的公告,,True,证券业务。（2）质量控制复核人员拟安排肖献敏担任项目质量复核人员， || 拟安排肖献敏担任项目质量复核人员，肖献敏女士，注册会计师，具有证券业 || 签字注册会计师及质量复核人员不存在违反《中国注册会计师职业道德守 || 签字注册会计师及质量复核人员近三年不存在因执业行为受到刑事处罚，
300278,2020-06-30,1207968751,华昌达：拟续聘会计师事务所的公告,,True,在其他单位兼职。质量控制复核人员：刘仁勇，中国注册会计师，合伙人， || 签字注册会计师及质量控制复核人员未持有和买卖公司股票，也不存在影响
300278,2022-04-23,1213060767,*ST华昌：拟续聘会计师事务所的公告,,True,在其他单位兼职。质量控制复核人员：肖献敏，2006年取得注册会计师 || 签字注册会计师及质量控制复核人员近三年不存在因执业行为受到刑事处罚 || 签字注册会计师及质量控制复核人员不存在违反《中国注册会计师职业道德
300278,2024-04-19,1219667312,华昌达：关于续聘会计师事务所的公告,,True,在其他单位兼职。质量控制复核人员：刘仁勇，2004年开始在大信执业 || 签字注册会计师及质量控制复核人员近三年不存在因执业行为受到刑事处罚 || 签字注册会计师及质量控制复核人员不存在违反《中国注册会计师职业道德
300279,2020-04-28,1207642768,和晶科技：关于拟续聘会计师事务所的公告,,True,野及其团队拟担任项目质量控制复核人。田野，中国注册会计师协会执业会员，
300285,2022-01-17,1212201902,国瓷材料：关于变更签字注册会计师及质量控制复核人的公告,,True,签字注册会计师及质量控制复核人的公告本公司及董事会全体成员保证公告 || 签字注册会计师及质量控制复核人变更情况近日，公司收到立信事务所《关 || 签字注册会计师及质量控制复核人的说明函》，立信事务所作为公司202 || 计师和张之祥作为质量控制复核人。鉴于原签字注册会计师刘国荣、质量控 || 册会计师刘国荣、质量控制复核人张之祥工作调整，经立信事务所安排，将 || 21年度财务报告质量控制复核人张之祥变更为何其瑞。二、本次变更签字
300283,2024-04-18,1219652890,温州宏丰：关于拟续聘会计师事务所的公告,,True,06年2024年复核人年山水比德等上市公司年度审计报告2、 || 签字注册会计师、项目质量控制复核人近三年不存在因执业行为受到刑事处罚， || 签字注册会计师和质量控制复核人不存在违反《中国注册会计师职业道德守
300285,2022-03-10,1212533894,国瓷材料：关于拟续聘会计师事务所的公告,,True,12年2021年质量控制复核人何其瑞2002年2020年2012年 || 签字会计师（3）质量控制复核人近三年从业情况：姓名：何其瑞时间上市 || 电器股份有限公司质量控制复核人2021年山东国瓷功能材料股份有限公 || 材料股份有限公司质量控制复核人2021年山东金麒麟股份有限公司质量 || 麒麟股份有限公司质量控制复核人2、项目组成员独立性和诚信记录情况项 || 签字注册会计师和质量控制复核人不存在违反《中国注册会计师职业道德守
300286,2022-03-31,1212743257,安科瑞：安科瑞关于续聘公司2022年度审计机构的公告,,True,公司年度审计报告质量控制复核人注注:由于天健会计师事务所正在开展质 || 师事务所正在开展质量控制复核人员独立性轮换工作，因此目前尚无法确定 || 2年度审计项目的质量控制复核人员。公司将在天健会计师事务所确定质量 || 会计师事务所确定质量控制复核人员后及时披露相关人员信息。2.诚信记 || 签字注册会计师、项目质量控制复核人近三年不存在因执业行为受到刑事处罚， || 签字注册会计师、项目质量控制复核人不存在可能影响独立性的情形。三、拟续
300286,2021-03-26,1209452749,安科瑞：安科瑞关于续聘公司2021年度审计机构的公告,,True,签字注册会计师、项目质量控制复核人近三年不存在因执业行为受到刑事处罚， || 签字注册会计师、项目质量控制复核人不存在可能影响独立性的情形。三、拟续
300286,2024-03-30,1219469884,安科瑞：安科瑞关于续聘公司2024年度会计师事务所的公告,,True,人签字注册会计师项目质量复核人员姓名陈瑛瑛姜冬烽赵兴明何时成为注册会 || 签字注册会计师、项目质量复核人员近三年不存在因执业行为受到刑事处罚， || 签字注册会计师、项目质量复核人员不存在可能影响独立性的情形。三、拟续
300286,2023-03-18,1216147992,安科瑞：安科瑞关于续聘公司2023年度审计机构的公告,,True,签字注册会计师、项目质量控制复核人近三年不存在因执业行为受到刑事处罚， || 签字注册会计师、项目质量控制复核人不存在可能影响独立性的情形。三、拟续
300293,2020-10-29,1208637879,蓝英装备：关于拟聘任2020年度审计机构的公告,,True,的专业胜任能力。项目质量控制复核人杨勇：注册会计师，从2000年起从事
300293,2021-10-28,1211403137,蓝英装备：关于续聘2021年度审计机构的公告,,True,的专业胜任能力。项目质量控制复核人杨勇：注册会计师，从2000年起从事 || 签字注册会计师及项目质量控制复核人最近三年均未因执业行为受到刑事处罚， || 签字注册会计师、项目质量控制复核人等不存在因违反《中国注册会计师职业道
300293,2023-08-29,1217670906,蓝英装备：关于续聘2023年度审计机构的公告,,True,专业胜任能力。2项目质量控制复核人杨勇：自2000年从事审计工作，自2 || 签字注册会计师及项目质量控制复核人最近三年均未因执业行为受到刑事处罚， || 签字注册会计师、项目质量控制复核人等不存在因违反《中国注册会计师职业道
300293,2022-10-26,1214899758,蓝英装备：关于续聘2022年度审计机构的公告,,True,的专业胜任能力。项目质量控制复核人杨勇：注册会计师，从2000年起从事 || 签字注册会计师及项目质量控制复核人最近三年均未因执业行为受到刑事处罚， || 签字注册会计师、项目质量控制复核人等不存在因违反《中国注册会计师职业道
300285,2021-02-09,1209259102,国瓷材料：关于拟续聘会计师事务所的公告,,True,年9月2012年质量控制复核人张之祥2007年8月2008年9月2 || 注册会计师（3）质量控制复核人近三年从业情况：姓名：张之祥时间上市 || 签字注册会计师和质量控制复核人不存在违反《中国注册会计师职业道德守
300300,2023-01-14,1215605601,海峡创新：关于续聘会计师事务所的公告,,True,峡创新等。（2）质量控制复核人员：郝学花拥有注册会计师执业资质。2 || 签字注册会计师及质量复核人员未持有和买卖公司股票，也不存在影响独
300300,2022-01-11,1212136637,海峡创新：关于续聘会计师事务所的公告,,True,峡创新等。（2）质量控制复核人员：郝学花为本项目质量控制复核人员， || 人员：郝学花为本项目质量控制复核人员，2009年开始在大信工作，201 || 签字注册会计师及质量复核人员未持有和买卖公司股票，也不存在影响独
300302,2021-03-31,1209492590,同有科技：关于续聘会计师事务所的公告,,True,单位兼职。拟安排项目质量控制复核人员：冯发明冯发明先生，中国注册会计师 || 签字注册会计师及质量控制复核人员不存在违反《中国注册会计师职业道德
300302,2022-04-29,1213194836,同有科技：关于续聘会计师事务所的公告,,True,单位兼职。拟安排项目质量控制复核人员：冯发明冯发明先生，中国注册会计师 || 签字注册会计师及质量控制复核人员不存在违反《中国注册会计师职业道德
300304,2020-04-03,1207453791,云意电气：关于续聘会计师事务所的公告,,True,2、项目合伙人、项目质量控制负责人、签字注册会计师不存在违反《中国注册
300304,2021-04-02,1209625314,云意电气：关于续聘会计师事务所的公告,,True,2、项目合伙人、项目质量控制负责人、签字注册会计师不存在违反《中国注册
300304,2023-10-27,1218170956,云意电气：关于续聘会计师事务所的公告,,True,签字注册会计师、项目质量控制复核人近三年不存在因职业行为受到刑事处罚， || 签字注册会计师、项目质量控制复核人不存在可能影响独立性的情形。4、审计
300306,2020-04-28,1207636633,远方信息：关于续聘2020年度审计机构的公告,,True,胜任能力：是2、质量控制复核人：许菊萍执业资质：注册会计师、注册税 || 会计师潘炜权，及质量控制复核人许菊萍不存在违反《中国注册会计师职业
300307,2021-04-27,1209809456,慈星股份：关于拟聘任2021年度会计师事务所的公告,,True,签字注册会计师、项目质量控制复核人近三年因执业行为受到刑事处罚，受到证 || 签字注册会计师、项目质量控制复核人不存在可能影响独立性的情形。4、审计
300307,2023-04-12,1216380072,慈星股份：关于拟聘任2023年度会计师事务所的公告,,True,签字注册会计师、项目质量控制复核人近三年不存在因执业行为受到刑事处罚， || 签字注册会计师、项目质量控制复核人近三年不存在因执业行为受到刑事处罚， || 签字注册会计师、项目质量控制复核人不存在可能影响独立性的情形。4、审计
300307,2024-04-12,1219583806,慈星股份：关于拟聘任2024年度会计师事务所的公告,,True,人签字注册会计师项目质量复核人员姓名吕瑛群王飞虎龙琦何时成为注册会计 || 签字注册会计师、项目质量复核人员近三年不存在因执业行为受到刑事处罚， || 签字注册会计师、项目质量复核人员不存在可能影响独立性的情形。三、拟聘
300307,2022-04-28,1213160915,慈星股份：关于拟聘任2022年度会计师事务所的公告,,True,签字注册会计师、项目质量控制复核人近三年不存在因执业行为受到刑事处罚， || 签字注册会计师、项目质量控制复核人不存在可能影响独立性的情形。4、审计
300309,2020-04-24,1207589012,吉艾科技：关于拟续聘会计师事务所的公告,,True,职情形：否（2）质量控制复核人（项目独立复核合伙人）：孟祥军先生从 || 控制复核人（项目独立复核合伙人）：孟祥军先生从业经历：金融业务合伙 || 项目项目合伙人、质量控制复核人和本期签字会计师均具有丰富的证券服务 || 项目签字合伙人、独立复核合伙人、项目签字注册会计师最近三年均未有受
300312,2020-04-30,1207688157,邦讯技术：关于续聘2020年度审计机构的公告,,True,胜任能力：是2、项目质量控制负责人姓名及从业经历：张桂红，2009年取
300312,2021-04-28,1209837207,邦讯技术：关于续聘2021年度审计机构公告,,True,胜任能力：是2、项目质量控制负责人姓名及从业经历：杨铭姝，2006年成
300314,2020-04-10,1207471569,戴维医疗：关于续聘会计师事务所的公告,,True,995年起从事注项目质量控制复核人刘绍秋册税务师、注册25册会计师业务
300314,2022-03-18,1212607786,戴维医疗：关于续聘会计师事务所的公告,,True,10年2020年复核人（暂定）审计报告。2020年，签署苏 || 签字注册会计师、项目质量控制复核人近三年不存在因执业行为受到刑事处罚， || 签字注册会计师、项目质量控制复核人不存在可能影响独立性的情形。4、审计
300314,2021-02-09,1209258222,戴维医疗：关于续聘会计师事务所的公告,,True,10年2020年复核人度审计报告；复核华翔股份、赣能股份2 || 签字注册会计师、项目质量控制复核人近三年不存在因执业行为受到刑事处罚， || 签字注册会计师、项目质量控制复核人不存在可能影响独立性的情形。4、审计
300314,2024-04-09,1219537833,戴维医疗：关于续聘会计师事务所的公告,,True,司包括浙江交科。项目质量控制复核人刁文杰：刁文杰2003年成为注册会计 || 签字注册会计师、项目质量控制复核人近三年存在因执业行为受到刑事处罚，受 || 签字注册会计师、项目质量控制复核人不存在可能影响独立性的情形。4、审计
300314,2023-03-31,1216269200,戴维医疗：关于续聘会计师事务所的公告,,True,签字注册会计师、项目质量控制复核人近三年不存在因执业行为受到刑事处罚， || 签字注册会计师、项目质量控制复核人不存在可能影响独立性的情形。4、审计
300316,2022-04-27,1213145305,晶盛机电：关于续聘会计师事务所的公告,,True,签字注册会计师、项目质量控制复核人近三年不存在因执业行为受到刑事处罚， || 签字注册会计师、项目质量控制复核人不存在可能影响独立性的情形。4、审计
300317,2021-08-10,1210710245,珈伟新能：关于续聘会计师事务所的公告,,True,，曾玉女士拟担任项目质量控制复核人。曾玉女士2010成为注册会计师，2 || 签字注册会计师、项目质量控制复核人等均不存在可能影响独立性的情形及采取
300316,2021-04-24,1209793215,晶盛机电：关于续聘会计师事务所的公告,,True,纪律处分的情况。项目质量控制复核人情况详见下表：序号姓名处理处罚日期处 || 签字注册会计师、项目质量控制复核人不存在可能影响独立性的情形。4、审计
300317,2022-11-16,1215116530,珈伟新能：关于续聘公司2022年度审计机构的公告,,True,单英明先生拟担任项目质量控制复核人。单英明先生2005年成为注册会计师 || 签字注册会计师、项目质量控制复核人等均不存在可能影响独立性的情形。4.
300316,2023-04-03,1216302648,晶盛机电：关于续聘2023年度审计机构的公告,,True,签字注册会计师、项目质量控制复核人近三年不存在因执业行为受到刑事处罚， || 签字注册会计师、项目质量控制复核人不存在可能影响独立性的情形。4、审计
300319,2022-11-18,1215151041,麦捷科技：关于审计机构变更审计报告项目质量控制复核人的公告,,True,"机构变更审计报告项目质量控制复核人的公告本公司及董事会全体成员保证信息 || 的《关于变更公司项目质量控制复核人的函》，现将具体情况公告如下：一、本 || 派张帆先生为公司项目质量控制复核人，现由于立信内部工作调整,为更好地完 || 报表审计工作，对项目质量控制复核人进行变更，拟指派王红娜女士为质量控制 || 指派王红娜女士为质量控制复核人。二、变更后的项目质量复核人信息王红 || 二、变更后的项目质量复核人信息王红娜女士，中国注册会计师。20"
300321,2020-04-22,1207549891,同大股份：关于续聘2020年度会计师事务所的公告,,True,签字注册会计师和质量控制复核人不存在违反《中国注册会计师职业道德守
300321,2023-04-22,1216524067,同大股份：关于续聘2023年度审计机构及确认2022年度审计费用的公告,,True,，相关情况如下：项目质量控制复核人赵春玲：2015年成为执业注册会计师 || 签字注册会计师、项目质量控制复核人近三年不存在因执业行为受到刑事处罚， || 签字注册会计师、项目质量控制复核人等不存在违反《中国注册会计师职业道德
300321,2021-04-21,1209737185,同大股份：关于续聘2021年度会计师事务所的公告,,True,字注册会计师和、质量控制复核人不存在违反《中国注册会（上述人员过去
300321,2022-04-23,1213059895,同大股份：关于续聘2022年度审计机构及确认2021年度审计费用的公告,,True,胜任能力。（3）项目质量控制复核人李气大：1999年成为执业注册会计师 || 签字注册会计师、项目质量控制复核人近三年不存在因执业行为受到刑事处罚， || 签字注册会计师、项目质量控制复核人等不存在违反《中国注册会计师职业道德
300327,2023-03-30,1216261118,中颖电子：关于续聘2023年度会计师事务所的公告,,True,签字注册会计师、项目质量控制复核人等从业人员不存在违反《中国注册会计师 || 报告1份。（3）质量控制复核人姓名：戎凯宇执业资质：中国注册会计师 || 和自律监管措施。质量控制复核人戎凯宇符合独立性要求。3、审计收费本
300327,2022-03-29,1212710016,中颖电子：关于续聘2022年度会计师事务所的公告,,True,签字注册会计师、项目质量控制复核人等从业人员不存在违反《中国注册会计师 || 审计工作。（3）质量控制复核人姓名：戎凯宇执业资质：中国注册会计师 || 等上市公司审计的质量控制复核人。2、独立性和诚信记录签字注册会计师 || 和自律监管措施。质量控制复核人戎凯宇符合独立性要求。3、审计收费本
300327,2020-03-31,1207428954,中颖电子：关于拟续聘会计师事务所的公告,,True,26)等。（三）质量控制复核人姓名：戎凯宇执业资质：中国注册会计师 || 等上市公司审计的质量控制复核人。签字注册会计师刘文华、蒯薏苡，质量 || 刘文华、蒯薏苡，质量控制复核人戎凯宇符合独立性要求，近三年未受到刑
300327,2021-03-31,1209490701,中颖电子：关于拟续聘会计师事务所的公告,,True,审计工作。（3）质量控制复核人姓名：戎凯宇执业资质：中国注册会计师 || 等上市公司审计的质量控制复核人。2、独立性和诚信记录签字注册会计师 || 和自律监管措施。质量控制复核人戎凯宇符合独立性要求。3、审计收费本
300329,2020-04-21,1207541496,海伦钢琴：关于续聘会计师事务所的公告,,True,任能力：是（2）质量控制复核人：余亚进执业资质：注册会计师从业经历
300327,2024-03-30,1219469864,中颖电子：关于续聘2024年度会计师事务所的公告,,True,签字注册会计师、项目质量控制复核人等从业人员不存在违反《中国注册会计师 || 2份。（3）项目质量复核人姓名：蒋红薇执业资质：中国注册会计师 || 和自律监管措施。质量控制复核人蒋红薇符合独立性要求。3、审计收费本
300329,2022-04-25,1213046579,海伦钢琴：关于公司续聘会计师事务所的公告,,True,审计报告；（3）项目质量控制复核人：余亚进余亚进2003年成为注册会计 || 签字注册会计师、项目质量控制复核人近三年不存在因执业行为受到刑事处罚， || 签字注册会计师、项目质量控制复核人不存在可能影响独立性的情形。4、审计
300332,2020-04-24,1207588583,天壕环境：关于续聘会计师事务所的公告,,True,册会计师及拟安排独立复核人员情况如下：拟签字项目合伙人冯光辉： || 应专业胜任能力。独立复核合伙人詹军：中国注册会计师，有26年的执业
300329,2024-04-25,1219797872,海伦钢琴：关于公司续聘会计师事务所的公告,,True,2013年许菊萍质量控制复核人2002年2000年2002年5月2 || 签字注册会计师、项目质量控制复核人近三年不存在因执业行为受到刑事处罚， || 签字注册会计师、项目质量控制复核人不存在可能影响独立性的情形。4、审计
300334,2020-04-29,1207664818,津膜科技：关于拟续聘会计师事务所的公告,,True,程序，钱斌拟担任项目质量控制复核人。钱斌，注册会计师，1994年起从事
300334,2021-04-22,1209760257,津膜科技：关于续聘2021年度审计机构的公告,,True,程序，钱斌拟担任项目质量控制复核人。钱斌，1996年成为注册会计师，2 || 签字注册会计师、项目质量控制复核人等均不存在可能影响独立性的情形及采取
300334,2023-04-19,1216458090,津膜科技：关于续聘2023年度审计机构的公告,,True,于致同所正在开展质量控制复核人独立性轮换工作，因此目前尚无法确定公 || 公司2023年度质量控制复核人。公司将在致同所确定质量控制复核人后 || 司将在致同所确定质量控制复核人后及时披露相关人员信息。2.诚信记录
300334,2022-04-26,1213105736,津膜科技：关于续聘2021年度审计机构的公告,,True,程序，钱斌拟担任项目质量控制复核人。钱斌，1996年成为注册会计师，2 || 签字注册会计师、项目质量控制复核人不存在可能影响独立性的情形。4.审计
300337,2023-09-14,1217857136,银邦股份：银邦股份关于变更签字注册会计师的公告,,True,会计师，王微作为项目质量复核人员共同为公司提供审计服务。鉴于钟海涛已
300338,2021-04-24,1209795365,开元教育：关于续聘2021年度审计机构的公告,,True,公司审计等20年复核人叶喜撑会计师证券服务业务，具备相应专 || 签字注册会计师、项目质量控制复核人近三年不存在因执业行为受到刑事处罚， || 签字注册会计师、项目质量控制复核人不存在可能影响独立性的情形。三、拟新
300338,2020-04-29,1207662249,开元股份：关于续聘2020年度审计机构的公告,,True,在事务所承23年复核人会计师担质量控制及复核工作，具备相应
300338,2022-04-29,1213224218,开元教育：关于续聘2022年度审计机构的公告,,True,计等叶喜撑21年复核人会计师证券服务业务，具备相应专业胜任 || 签字注册会计师、项目质量控制复核人近三年不存在因执业行为受到刑事处罚， || 签字注册会计师、项目质量控制复核人不存在可能影响独立性的情形。三、续聘
300340,2020-04-24,1207588506,科恒股份：关于拟聘任2020年度会计师事务所的公告,,True,签字注册会计师和质量控制复核人不存在违反《中国注册会计师职业道德守
300338,2023-04-25,1216565543,ST开元：关于续聘2023年度审计机构的公告,,True,计等罗跃龙25年复核人会计师证券服务业务，具备相应专业胜任 || 签字注册会计师、项目质量控制复核人近三年不存在因执业行为受到刑事处罚， || 签字注册会计师、项目质量控制复核人不存在可能影响独立性的情形。三、续聘
300342,2024-06-28,1220483412,天银机电：关于续聘会计师事务所的公告,,True,市公司审计报告。项目质量控制复核人王进：王进2010年成为注册会计师， || 签字注册会计师、项目质量控制复核人近三年不存在因执业行为受到刑事处罚， || 签字注册会计师、项目质量控制复核人不存在可能影响独立性的情形。4、审计
300347,2022-03-29,1212706133,泰格医药：关于续聘会计师事务所的公告,,True,签字注册会计师和质量控制复核人不存在违反《中国注册会计师职业道德守
300349,2020-04-24,1207586931,金卡智能：关于续聘会计师事务所的公告,,True,任能力：是（2）质量控制复核人：李宁执业资质：注册会计师从业经历：
300349,2022-04-18,1212951900,金卡智能：关于续聘会计师事务所的公告,,True,签字注册会计师、项目质量控制复核人近三年不存在因执业行为受到刑事处罚， || 签字注册会计师、项目质量控制复核人不存在可能影响独立性的情形。4、审计
300349,2021-04-27,1209814872,金卡智能：关于续聘会计师事务所的公告,,True,任能力：是（2）质量控制复核人：李宁执业资质：注册会计师从业经历：
300349,2023-04-20,1216472898,金卡智能：关于续聘会计师事务所的公告,,True,16年0家许菊萍质量控制复核人2002年2000年2002年202 || 签字注册会计师、项目质量控制复核人近三年不存在因执业行为受到刑事处罚， || 签字注册会计师、项目质量控制复核人不存在可能影响独立性的情形。4、审计
300349,2024-04-18,1219651465,金卡智能：关于续聘会计师事务所的公告,,True,22年2家许菊萍质量控制复核人2002年2000年2002年202 || 签字注册会计师、项目质量控制复核人近三年不存在因执业行为受到刑事处罚， || 签字注册会计师、项目质量控制复核人不存在可能影响独立性的情形。4、审计
300351,2021-03-27,1209464861,永贵电器：关于续聘2021年度审计机构的公告,,True,签字注册会计师、项目质量控制复核人近三年存在因执业行为受到证监会派出机 || 签字注册会计师、项目质量控制复核人不存在可能影响独立性的情形。4、审计
300351,2023-04-22,1216515340,永贵电器：关于续聘2023年度审计机构的公告,,True,7年2019年制复核人成飞集成等上市公司2020年度审计报 || 签字注册会计师、项目质量控制复核人近三年存在因执业行为受到刑事处罚，受 || 签字注册会计师、项目质量控制复核人不存在可能影响独立性的情形。4.审计
300351,2022-03-31,1212745741,永贵电器：关于续聘2022年度审计机构的公告,,True,告质量控制暂未确复核人定2.诚信记录项目合伙人、签字注册会 || 签字注册会计师、项目质量控制复核人近三年存在因执业行为受到证监会派出机 || 签字注册会计师、项目质量控制复核人不存在可能影响独立性的情形。4.审计
300351,2020-04-29,1207667346,永贵电器：关于续聘2020年度审计机构的公告,,True,注册会计师15年复核人会计师事务所工作拟签字注册会倪国君中
300351,2024-04-09,1219537921,永贵电器：关于续聘2024年度审计机构的公告,,True,1.基本信息项目质量复核人基本信息项目合伙人签字注册会计师员姓 || 签字注册会计师、项目质量复核人员近三年不存在因执业行为受到刑事处罚， || 签字注册会计师、项目质量复核人员不存在可能影响独立性的情形。4.审计
300352,2020-04-30,1207685473,北信源：关于续聘2020年度审计机构的公告,,True,序，刘立宇拟担任项目质量控制复核人。刘立宇自1997年5月起从事注册会 || 大资产重组业务的项目质量控制复核人。5、诚信记录最近三年，致同所累计受
300354,2021-04-09,1209657899,东华测试：关于续聘公司2021年度审计机构的公告,,True,合伙人陈荭拟担任项目质量控制复核人，陈荭从事证券服务业务多年，负责审计 || 签字注册会计师、项目质量控制复核人近三年不存在因执业行为受到刑事处罚， || 签字注册会计师和质量复核合伙人不存在可能影响独立性的情形。4、审计
300354,2023-03-10,1216083501,东华测试：关于续聘会计师事务所的公告,,True,合伙人陈荭拟担任项目质量控制复核人，陈荭从事证券服务业务多年，负责审计 || 签字注册会计师、项目质量控制复核人近三年不存在因执业行为受到刑事处罚， || 签字注册会计师和质量复核合伙人不存在可能影响独立性的情形。4、审计
300354,2022-03-29,1212707759,东华测试：关于续聘会计师事务所的公告,,True,合伙人陈荭拟担任项目质量控制复核人，陈荭从事证券服务业务多年，负责审计 || 签字注册会计师、项目质量控制复核人近三年不存在因执业行为受到刑事处罚， || 签字注册会计师和质量复核合伙人不存在可能影响独立性的情形。（四）审
300354,2020-04-14,1207492092,东华测试：关于续聘公司2020年度审计机构的公告,,True,合伙人陈荭拟担任项目质量控制复核人。陈荭从事证券服务业务多年，负责审计 || 会计师）、陈荭（质量控制复核人）最近三年未受（收）到刑事处罚、行政
300354,2024-04-16,1219621846,东华测试：关于续聘公司2024年度审计机构的公告,,True,合伙人陈荭拟担任项目质量控制复核人，陈荭从事证券服务业务多年，负责审计 || 签字注册会计师、项目质量控制复核人近三年不存在因执业行为受到刑事处罚， || 签字注册会计师和质量复核合伙人不存在可能影响独立性的情形。4、审计
300358,2022-04-22,1213021073,楚天科技：关于续聘公司2022年度审计机构的公告,,True,审计报告。（3）项目质量控制复核人合伙人：曾毅凯，2002年成为中国注 || 计师刘艳林、项目质量控制复核合伙人曾毅凯最近3年未受到刑事处罚、行政处 || 计师刘艳林、项目质量控制复核合伙人曾毅凯不存在可能影响独立性的情形。4
300358,2021-04-24,1209788744,楚天科技：关于续聘公司2021年度审计机构的公告,,True,市公司审计报告。项目质量控制复核人合伙人：罗跃龙，1998年成为中国注 || 计师张文琪、项目质量控制复核合伙人罗跃龙最近3年未受到刑事处罚、行政处 || 计师张文琪、项目质量控制复核合伙人罗跃龙不存在可能影响独立性的情形。4
300359,2021-04-27,1209815685,全通教育：关于续聘会计师事务所的公告,,True,程序，李臻拟担任项目质量控制复核人。李臻从事证券服务业务多年，负责审计 || 和自律监管措施。质量控制复核人李臻近三年均未受到刑事处罚、行政处罚
300359,2020-04-29,1207660507,全通教育：关于续聘会计师事务所的公告,,True,程序，杨俏拟担任项目质量控制复核人。杨俏从事证券服务业务多年，负责审计 || 和自律监管措施。质量控制复核人杨俏近三年均未受到刑事处罚、行政处罚
300360,2020-04-25,1207604825,炬华科技：关于续聘会计师事务所的公告,,True,伟注册会计师8年复核人务所（特殊普通合伙），审计相关工作。
300360,2021-04-07,1209643447,炬华科技：关于续聘会计师事务所的公告,,True,2019年度审计复核人报告；2019年签署丽岛新材等公司2 || 签字注册会计师、项目质量控制复核人近三年不存在因执业行为受到刑事处罚， || 签字注册会计师、项目质量控制复核人不存在可能影响独立性的情形。4.审计
300363,2024-04-27,1219870136,博腾股份：关于续聘2024年度审计机构的公告,,True,06年2024年复核人热电、祖名股份等年度审计报告（2）诚 || 签字注册会计师、项目质量控制复核人近三年不存在因执业行为受到刑事处罚， || 签字注册会计师、项目质量控制复核人不存在可能影响独立性的情形。（4）审
300363,2023-03-25,1216221856,博腾股份：关于续聘2023年度审计机构的公告,,True,06年2018年复核人美、中亚股份年度审计报告；复核金科股 || 签字注册会计师、项目质量控制复核人近三年不存在因执业行为受到刑事处罚， || 签字注册会计师、项目质量控制复核人不存在可能影响独立性的情形。（4）审
300364,2022-06-10,1213661239,中文在线：关于拟变更2022年度审计机构的公告,,True,。拟担任独立质控复核人：孙宇，2014年11月成为注册会计 || 签字注册会计师、项目质量控制复核人近三年无执业行为受到刑事处罚，受到证 || 签字注册会计师和质量控制复核人不存在违反《中国注册会计师职业道德守
300367,2021-01-28,1209203385,ST网力：拟变更会计师事务所公告,,True,组负责人。(3)质量控制复核人：刘润斌执业资质：注册会计师从业经历 || 会计师谭玉次以及质量控制复核人刘润斌不存在违反《中国注册会计师职业
300368,2020-08-22,1208227235,汇金股份：关于聘任公司2020年度财务审计机构的公告,,True,审计等证券服务。质量控制复核人：龙哲龙哲从事证券服务业务超过20年 || 册会计师胡登峰、质量控制复核人龙哲最近三年未受到刑事处罚、行政处罚
300370,2020-05-29,1207873549,安控科技：关于续聘公司2020年度审计机构的公告,,True,，无兼职。3、拟质量控制复核人姓名：吕荣（1）执业资质：中国注册会 || 玉红、崔勇趁，拟质量控制复核人吕荣符合独立性要求，近三年未受到刑事
300368,2021-04-17,1209712626,汇金股份：关于续聘公司2021年度财务审计机构的公告,,True,审计等证券服务。质量控制复核人：王猛王猛从事证券服务业务14年，负 || 册会计师胡登峰、质量控制复核人王猛最近三年未受到刑事处罚、行政处罚
300370,2020-10-29,1208638449,安控科技：关于变更公司2020年度审计机构的公告,,True,程，郭国卫拟担任项目质量控制复核人。郭国卫，中国注册会计师、高级会计师 || 签字注册会计师及质量控制复核人最近三年未受（收）到刑事处罚、行政处
300373,2021-04-16,1209703531,扬杰科技：关于续聘会计师事务所的公告,,True,2019年度审计复核人报告；2019年度签署贤丰控股、川能 || 签字注册会计师、项目质量控制复核人近三年因执业行为受到刑事处罚，受到证 || 签字注册会计师、项目质量控制复核人不存在可能影响独立性的情形。4、审计
300373,2023-04-28,1216657734,扬杰科技：关于续聘会计师事务所的公告,,True,签字注册会计师、项目质量控制复核人近三年因执业行为受到刑事处罚，受到证 || 签字注册会计师、项目质量控制复核人不存在可能影响独立性的情形。4、审计
300373,2024-04-22,1219704108,扬杰科技：关于续聘会计师事务所的公告,,True,签字注册会计项目质量复核人基本信息项目合伙人师员姓名胡友邻李宗 || 签字注册会计师、项目质量复核人员近三年不存在因执业行为受到刑事处罚， || 签字注册会计师、项目质量控制复核人不存在可能影响独立性的情形。4、审计
300373,2022-04-22,1213023967,扬杰科技：聘任会计师事务所的公告,,True,签字注册会计师、项目质量控制复核人近三年因执业行为受到刑事处罚，受到证 || 签字注册会计师、项目质量控制复核人不存在可能影响独立性的情形。4、审计
300376,2021-04-22,1209759546,易事特：关于续聘公司2021年度会计师事务所的公告,,True,的年报审计；作为项目质量控制复核人复核了水晶光电、德源药业等上市年报审 || 上市公司的年报审复核人计，积累了比较丰富的注册会计师审计经
300376,2020-04-11,1207483031,易事特：关于续聘公司2020年度会计师事务所的公告,,True,公司的年报审计，复核人积累了比较丰富的注册会计师审计经验。
300376,2022-04-23,1213051954,易事特：关于续聘公司2022年度会计师事务所的公告,,True,签字注册会计师、项目质量控制复核人近三年不存在因执业行为受到刑事处罚， || 签字注册会计师、项目质量控制复核人不存在可能影响独立性的情形。4、审计
300376,2023-01-13,1215605745,易事特：关于变更2022年度财务报告签字会计师及项目质量复核人的公告,,True,签字会计师及项目质量复核人的公告本公司及董事会全体成员保证信息 || 2022年度项目质量复核人的告知函》，天健会计师事务所作为公司 || 师，毛晓东女士为质量控制复核人为公司提供审计服务。鉴于天健会计师事 || 替毛晓东女士作为质量控制复核人。二、变更人员简历夏淳先生简介：夏淳 || 2022年度项目质量复核人的告知函》。特此公告。易事特集团股份
300376,2023-04-27,1216626356,易事特：关于公司续聘2023年年度审计机构的公告,,True,年2022年7家复核人2、诚信记录签字注册会计师夏淳先生2 || 签字注册会计师、项目质量控制复核人近三年不存在其他因执业行为受到刑事处 || 签字注册会计师、项目质量控制复核人不存在可能影响独立性的情形。4、审计
300376,2024-04-30,1219908053,易事特：关于公司续聘2024年年度审计机构的公告,,True,签字注册会计师、项目质量控制复核人近三年不存在其他因执业行为受到刑事处 || 签字注册会计师、项目质量控制复核人不存在可能影响独立性的情形。4、审计
300382,2023-04-27,1216626133,斯莱克：关于公司续聘2023年度审计机构的公告,,True,人签字注册会计师质量控制复核人项目滕飞陈新兰吕卫星何时成为注册会计 || ）年度审计报告；质量控制复核人吕卫星近三年复核了苏常柴Ａ（0005 || 分的情况；拟聘任项目质量控制复核人近三年因执业行为受到刑事处罚一次（详 || 签字注册会计师、项目质量控制复核人等均不存在违反《中国注册会计师职业道
300382,2022-04-25,1213056485,斯莱克：关于公司续聘2022年度审计机构的公告,,True,人签字注册会计师质量控制复核人项目滕飞陈新兰吕卫星何时成为注册会计 || 等年度审计报告；质量控制复核人吕卫星近三年复核了苏常柴Ａ（0005 || 分的情况；拟聘任项目质量控制复核人近三年因执业行为受到刑事处罚一次（详 || 签字注册会计师、项目质量控制复核人等均不存在违反《中国注册会计师职业道
300384,2020-04-28,1207642844,三联虹普：关于续聘2020年度审计机构的公告,,True,职情况：无（2）质量控制复核人：汤加全执业资质：注册会计师从业经历
300382,2024-04-25,1219799393,斯莱克：关于公司续聘2024年度审计机构的公告,,True,人签字注册会计师质量控制复核人项目李钢陈新兰吕卫星何时成为注册会计 || ）年度审计报告；质量控制复核人吕卫星近三年复核了苏常柴Ａ（0005 || 签字注册会计师、项目质量控制复核人近三年因执业行为受到刑事处罚，受到证 || 签字注册会计师、项目质量控制复核人等均不存在违反《中国注册会计师职业道
300384,2021-04-28,1209836954,三联虹普：关于续聘2021年度审计机构的公告,,True,职情况：无（2）质量控制复核人：汤加全执业资质：注册会计师从业经历
300385,2023-11-07,1218270272,雪浪环境：关于拟变更审计机构的公告,,True,。（3）项目控制复核人：刘润，2002年成为中国注册会计师 || 馨、陈培培、项目质量复核人刘润近三年未因执业行为受到刑事处罚，
300392,2022-01-29,1212306259,腾信股份：关于变更会计师事务所的公告,,True,签字注册会计师、项目质量控制复核人能够在执行本项目审计工作时保持独立性
300392,2023-01-14,1215605239,*ST腾信：关于续聘会计师事务所的公告,,True,签字注册会计师、项目质量控制复核人能够在执行本项目审计工作时保持独立性
300393,2022-04-26,1213107169,中来股份：关于续聘2022年度审计机构的公告,,True,限：15年（3）质量控制复核人：许菊萍执业资质：注册会计师、注册税 || 签字注册会计师、项目质量控制复核人近三年不存在因执业行为受到刑事处罚， || 签字注册会计师、项目质量控制复核人等从业人员不存在违反《中国注册会计师
300393,2023-04-26,1216578177,中来股份：关于续聘2023年度审计机构的公告,,True,任能力：是（3）质量控制复核人：朱敏执业资质：注册会计师从业经历： || 签字注册会计师、项目质量控制复核人近三年不存在因执业行为受到刑事处罚， || 签字注册会计师、项目质量控制复核人等从业人员不存在违反《中国注册会计师
300393,2021-04-26,1209797225,中来股份：关于续聘审计机构的公告,,True,任能力：是（2）质量控制复核人：许菊萍执业资质：注册会计师、注册税
300393,2020-04-27,1207613114,中来股份：关于续聘审计机构的公告,,True,任能力：是（2）质量控制复核人：许菊萍执业资质：注册会计师、注册税
300394,2021-04-23,1209774775,天孚通信：关于拟续聘会计师事务所的公告,,True,人签字注册会计师质量控制复核人项目李钢徐晶徐雅芬何时成为注册会20 || 司年度审计报告；质量控制复核人徐雅芬近三年复核了苏州天孚光通信股份 || 签字注册会计师、项目质量控制复核人近三年无因执业行为受到刑事处罚，受到 || 签字注册会计师、项目质量控制复核人等均不存在违反《中国注册会计师职业道
300397,2020-04-10,1207472647,天和防务：关于拟聘任会计师事务所的公告,,True,在事务所承23年复核人会计师担质量控制及复核工作，具备相应
300397,2021-04-23,1209773843,天和防务：关于拟聘任会计师事务所的公告,,True,签字注册会计师、项目质量控制复核人近三年不存在因执业行为受到刑事处罚， || 签字注册会计师、项目质量控制复核人不存在可能影响独立性的情形。4、审计
300397,2022-04-26,1213107621,天和防务：关于续聘公司2022年度审计机构的公告,,True,10年2022年复核人署旺能环境、微光股份2018年度审计 || 签字注册会计师、项目质量控制复核人近三年不存在因执业行为受到刑事处罚， || 签字注册会计师、项目质量控制复核人不存在可能影响独立性的情形。4.审计
300397,2024-04-25,1219803889,天和防务：关于续聘公司2024年度审计机构的公告,,True,10年2022年复核人双环传动、慈星股份2021年度审计报 || 签字注册会计师、项目质量控制复核人近三年不存在因执业行为受到刑事处罚， || 签字注册会计师、项目质量控制复核人不存在可能影响独立性的情形。4.审计
300397,2023-04-25,1216561588,天和防务：关于续聘公司2023年度审计机构的公告,,True,2020年签署旺复核人能环境2019年度审计报告。2.诚信 || 签字注册会计师、项目质量控制复核人近三年不存在因执业行为受到刑事处罚， || 签字注册会计师、项目质量控制复核人不存在可能影响独立性的情形。4.审计
300404,2022-01-27,1212287040,博济医药：关于续聘公司2021年度审计机构的公告,,True,应专业胜任能力。项目质量控制复核人张学峰：2003年12月成为注册会计 || 签字注册会计师、项目质量控制复核人不存在因执业行为受到刑事处罚，受到证 || 签字注册会计师、项目质量控制复核人等不存在违反《中国注册会计师职业道德
300404,2022-10-27,1214923061,博济医药：关于续聘公司2022年度审计机构的公告,,True,市公司审计报告。项目质量控制复核人张学峰：2003年12月成为注册会计 || 签字注册会计师、项目质量控制复核人不存在因执业行为受到刑事处罚，受到证 || 签字注册会计师、项目质量控制复核人等不存在违反《中国注册会计师职业道德
300405,2022-04-23,1213052162,科隆股份：关于续聘会计师事务所公告,,True,单位兼职。拟担任项目质量控制复核人员：郝学花郝学花，担任项目质量复核人 || 学花郝学花，担任项目质量复核人员，拥有注册会计师资质，具有多年证券业 || 签字注册会计师及质量控制复核人员未持有和买卖公司股票，也不存在影响
300405,2023-04-27,1216619501,科隆股份：关于续聘会计师事务所公告,,True,单位兼职。拟担任项目质量控制复核人员：郝学花郝学花，担任项目质量复核人 || 学花郝学花，担任项目质量复核人员，拥有注册会计师资质，具有多年证券业 || 签字注册会计师及质量控制复核人员未持有和买卖公司股票，也不存在影响
300405,2021-04-27,1209815823,科隆股份：关于续聘会计师事务所公告,,True,单位兼职。拟担任项目质量控制复核人员：郝学花郝学花，担任项目质量复核人 || 学花郝学花，担任项目质量复核人员，拥有注册会计师资质，具有多年证券业 || 签字注册会计师及质量控制复核人员未持有和买卖公司股票，也不存在影响
300405,2020-04-25,1207602337,科隆股份：关于续聘会计师事务所公告,,True,单位兼职。拟担任项目质量控制复核人员：李海臣李海臣，担任项目质量复核人 || 海臣李海臣，担任项目质量复核人员，拥有注册会计师资质，具有多年证券业 || 签字注册会计师及质量控制复核人员未持有和买卖公司股票，也不存在影响
300406,2020-03-26,1207404210,九强生物：关于拟续聘会计师事务所的公告,,True,序，江永辉拟担任项目质量控制复核人。江永辉从事证券服务业务22年，负责
300410,2020-04-29,1207667258,正业科技：关于续聘致同会计师事务所（特殊普通合伙）为公司2020年度审计机构的公告,,True,，刘立宇先生担任项目质量控制负责人。刘立宇先生从事证券服务业务超过20
300410,2023-04-27,1216621398,正业科技：关于拟续聘会计师事务所的公告,,True,应专业胜任能力。质量控制复核人史春生：史春生先生，拥有注册会计师执 || 签字注册会计师、项目质量控制复核人，不存在违反《中国注册会计师职业道德 || 签字注册会计师、项目质量控制复核人近三年（最近三个完整自然年度及当年）
300411,2022-04-27,1213139605,金盾股份：关于续聘2022年度公司审计机构的公告,,True,签字注册会计师、项目质量控制复核人近三年不存在因执业行为受到刑事处罚， || 签字注册会计师、项目质量控制复核人不存在可能影响独立性的情形。二、拟续
300410,2022-04-22,1213026971,正业科技：关于拟续聘会计师事务所的公告,,True,司提供审计服务。质量控制复核人罗俊：中国注册会计师，高级会计师。现 || （特殊普通合伙）质量控制复核人。1996年12月成为执业注册会计师 || 2家上市公司审计项目质量控制复核人，具备相应专业胜任能力。2021年作 || 021年作为独立质量复核人，开始执行本公司的年度财务报表审计的 || 情况项目合伙人、质量控制复核人和签字注册会计师不存在违反《中国注册
300411,2021-04-29,1209856199,金盾股份：关于续聘2021年度公司审计机构的公告,,True,签字注册会计师、项目质量控制复核人近三年因执业行为受到刑事处罚，受到证 || 签字注册会计师、项目质量控制复核人不存在可能影响独立性的情形。二、拟续
300407,2022-01-06,1212109689,凯发电气：关于变更签字会计师的公告,,True,接替其工作，项目质量复核人刘海山不变，共同负责公司2021年度
300411,2024-04-25,1219790955,金盾股份：关于续聘2024年度公司审计机构的公告,,True,签字注册会计师、项目质量控制复核人近三年不存在因执业行为受到刑事处罚， || 签字注册会计师、项目质量控制复核人不存在可能影响独立性的情形。4.审计
300412,2021-04-17,1209710615,迦南科技：关于公司2021年度续聘审计机构的公告,,True,专业胜任能力：是项目质量控制复核人：李勉执业资质：注册会计师从业经历： || 签字注册会计师、项目质量控制复核人近三年不存在因执业行为受到刑事处罚， || 签字注册会计师、项目质量控制复核人不存在可能影响独立性的情形。3004
300410,2024-04-26,1219816412,正业科技：关于拟续聘会计师事务所的公告,,True,应专业胜任能力。质量控制复核人史春生：史春生先生，拥有注册会计师执 || 签字注册会计师、项目质量控制复核人，不存在违反《中国注册会计师职业道德 || 签字注册会计师、项目质量控制复核人近三年（最近三个完整自然年度及当年）
300411,2023-04-27,1216619822,金盾股份：关于续聘2023年度公司审计机构的公告,,True,5年2022年制复核人思、步科股份、英派瑞、扬戈科技、禾川 || 签字注册会计师、项目质量控制复核人近三年不存在因执业行为受到刑事处罚， || 签字注册会计师、项目质量控制复核人不存在可能影响独立性的情形。二、拟续
300412,2020-04-29,1207653799,迦南科技：关于公司2020年度续聘审计机构的公告,,True,任能力：是（2）质量控制复核人：李勉执业资质：注册会计师从业经历：
300412,2022-04-23,1213042226,迦南科技：关于公司2022年度续聘审计机构的公告,,True,专业胜任能力：是项目质量控制复核人：翟晓宁执业资质：注册会计师从业经历 || 签字注册会计师、项目质量控制复核人近三年不存在因执业行为受到刑事处罚， || 签字注册会计师、项目质量控制复核人不存在可能影响独立性的情形。3300
300412,2023-04-20,1216470099,迦南科技：关于公司2023年度续聘审计机构的公告,,True,专业胜任能力：是项目质量控制复核人：翟晓宁执业资质：注册会计师从业经历 || 签字注册会计师、项目质量控制复核人近三年不存在因执业行为受到刑事处罚， || 签字注册会计师、项目质量控制复核人不存在可能影响独立性的情形。4、审计
300413,2022-10-25,1214882695,芒果超媒：关于拟续聘会计师事务所的公告,,True,信息项目合伙人、项目质量控制负责人、拟签字注册会计师具备相应专业胜任能 || 07年2022年复核人年度审计报告2、诚信记录项目合伙人、 || 签字注册会计师、项目质量控制复核人近三年不存在因执业行为受到刑事处罚， || 签字注册会计师、项目质量控制复核人不存在可能影响独立性的情形。4、审计
300413,2021-10-28,1211406030,芒果超媒：关于续聘会计师事务所的公告,,True,信息项目合伙人、项目质量控制负责人、拟签字注册会计师具备相应专业胜任能 || 签字注册会计师、项目质量控制复核人等不存在可能影响独立性的情形。4、审
300413,2020-10-30,1208652754,芒果超媒：关于拟聘任会计师事务所的公告,,True,无无项目合伙人、项目质量控制负责人、拟签字注册会计师具备相应专业胜任能
300414,2021-03-30,1209475059,中光防雷：关于续聘会计师事务所的公告,,True,职。（4）拟安排质量控制复核人员：袁广明中国注册会计师，1999年 || 签字注册会计师和项目质量控制复核人最近三年未受到刑事处罚、行政处罚、行
300413,2024-04-22,1219698112,芒果超媒：关于续聘会计师事务所的公告,,True,信息项目合伙人、项目质量控制负责人、拟签字注册会计师具备相应专业胜任能 || 07年2022年复核人媒等上市公司年度审计报告。2、诚信记 || 签字注册会计师、项目质量复核人员近三年不存在因执业行为受到刑事处罚， || 签字注册会计师、项目质量复核人员不存在可能影响独立性的情形。4、审计
300415,2021-04-27,1209808712,伊之密：拟聘任会计师事务所的基本情况,,True,01年2020年复核人万邦德、德宏股份2018年度审计报告 || 签字注册会计师、项目质量控制复核人近三年不存在因执业行为受到刑事处罚， || 签字注册会计师、项目质量控制复核人不存在可能影响独立性的情形。
300412,2024-04-20,1219691514,迦南科技：关于2024年度续聘审计机构的公告,,True,专业胜任能力：是项目质量控制复核人：翟晓宁执业资质：注册会计师从业经历 || 签字注册会计师、项目质量控制复核人近三年不存在因执业行为受到刑事处罚， || 签字注册会计师、项目质量控制复核人不存在可能影响独立性的情形。3300
300414,2020-03-31,1207428975,中光防雷：关于续聘会计师事务所的公告,,True,职。（3）拟安排质量控制复核人员：袁广明中国注册会计师，1999年 || 签字注册会计师和项目质量控制复核人最近三年未受到刑事处罚、行政处罚、行
300413,2023-04-22,1216521240,芒果超媒：关于续聘会计师事务所的公告,,True,信息项目合伙人、项目质量控制负责人、拟签字注册会计师具备相应专业胜任能 || 07年2022年复核人份等上市公司年度审计报告2、诚信记录 || 签字注册会计师、项目质量控制复核人近三年（2020年-2022年）不存 || 签字注册会计师、项目质量控制复核人等从业人员不存在违反《中国注册会计师
300415,2022-04-22,1213026694,伊之密：附件1拟聘任会计师事务所的基本情况（2021）,,True,签字注册会计师、项目质量控制复核人近三年不存在因执业行为受到刑事处罚， || 签字注册会计师、项目质量控制复核人不存在可能影响独立性的情形。
300415,2021-04-27,1209808694,伊之密：关于续聘会计师事务所的公告,,True,019年签署万邦复核人德、德宏股份2018年度审计报告；2 || 签字注册会计师、项目质量控制复核人近三年不存在因执业行为受到刑事处罚， || 签字注册会计师、项目质量控制复核人不存在可能影响独立性的情形。三、拟续
300415,2023-04-15,1216415217,伊之密：关于续聘财务审计机构的公告,,True,计报告；2022复核人年签署新湖中宝、会稽山、双飞股份、丽 || 签字注册会计师、项目质量控制复核人近三年（存在/不存在）因执业行为受到 || 签字注册会计师、项目质量控制复核人不存在可能影响独立性的情形。三、拟续
300420,2020-04-25,1207608230,五洋停车：关于公司续聘会计师事务所的公告,,True,册会计师24年制复核人事务所（特殊普通合伙）从事审计工作。
300420,2021-10-28,1211403865,五洋停车：关于变更会计师事务所的公告,,True,源、唯捷创芯、天复核人月山生物、欧浦智网2、诚信记录项目合 || 签字注册会计师、项目质量控制复核人近三年不存在因执业行为受到刑事处罚， || 签字注册会计师、项目质量控制复核人不存在可能影响独立性的情形。二、拟更
300420,2021-04-24,1209794853,五洋停车：关于公司续聘会计师事务所的公告,,True,017年2019复核人份、永鼎股份2、诚信记录项目合伙人、 || 签字注册会计师、项目质量控制复核人近三年不存在因执业2行为受到刑事处罚 || 签字注册会计师、项目质量控制复核人不存在可能影响独立性的情形。二、拟续
300423,2022-03-25,1212671119,昇辉科技：拟续聘会计师事务所的公告,,True,签字注册会计师、项目质量控制复核人近三年不存在因执业行为受到刑事处罚， || 签字注册会计师、项目质量控制复核人不存在可能影响独立性的情形。4.审计
300423,2021-04-22,1209757945,昇辉科技：关于续聘公司2021年度审计机构的公告,,True,签字注册会计师、项目质量控制复核人近三年不存在因执业行为受到刑事处罚， || 签字注册会计师、项目质量控制复核人不存在可能影响独立性的情形。4.审计
300423,2020-04-17,1207514865,鲁亿通：关于续聘公司2020年度审计机构的公告,,True,师事务所审18制复核人计相关工作2008年11月起至今，邓
300423,2023-04-22,1216523433,昇辉科技：拟续聘会计师事务所的公告,,True,昇辉智能科技、制复核人华源控股、雄帝科技、华翔股份2.诚信 || 签字注册会计师、项目质量控制复核人近三年存在因执业行为受到刑事处罚，受 || 签字注册会计师、项目质量控制复核人不存在可能影响独立性的情形。4.审计
300423,2024-04-29,1219872134,昇辉科技：关于拟续聘公司2024年度审计机构的公告,,True,人签字注册会计师项目质量复核人员姓名赵国梁曾祥胜蒋晓东何时成为注册会 || 签字注册会计师、项目质量控制复核人近三年不存在因执业行为受到刑事处罚， || 签字注册会计师、项目质量控制复核人不存在可能影响独立性的情形。4、审计
300428,2020-04-16,1207507271,四通新材：关于续聘公司2020年度审计机构的公告,,True,计、新三板审计。项目质量控制负责人李岩：中国注册会计师，2006年开始 || 形。项目合伙人、项目质量控制负责人、拟签字注册会计师均为从业经历丰富、
300429,2021-04-28,1209825431,强力新材：关于续聘会计师事务所的公告,,True,签字注册会计师、项目质量控制复核人近三年不存在因执业行为受到刑事处罚， || 签字注册会计师、项目质量控制复核人不存在可能影响独立性的情形。4、审计
300429,2023-04-28,1216642138,强力新材：关于续聘会计师事务所的公告,,True,签字注册会计师、项目质量控制复核人近三年不存在因执业行为受到刑事处罚， || 签字注册会计师、项目质量控制复核人不存在可能影响独立性的情形。4、审计
300429,2022-04-28,1213162191,强力新材：关于续聘会计师事务所的公告,,True,签字注册会计师、项目质量控制复核人近三年不存在因执业行为受到刑事处罚， || 签字注册会计师、项目质量控制复核人不存在可能影响独立性的情形。4、审计
300429,2024-04-27,1219859669,强力新材：关于续聘会计师事务所的公告,,True,强力电子新材料股复核人份有限公司2、诚信记录项目合伙人、签 || 签字注册会计师、项目质量控制复核人近三年不存在因执业行为受到刑事处罚， || 签字注册会计师、项目质量控制复核人不存在可能影响独立性的情形。4、审计
300433,2021-04-26,1209794465,蓝思科技：关于续聘2021年度外部审计机构的公告,,True,签字注册会计师、项目质量控制复核人近三年不存在因执业行为受到刑事处罚， || 签字注册会计师、项目质量控制复核人不存在可能影响独立性的情形。4、审计
300433,2022-04-23,1213061203,蓝思科技：关于续聘2022年度外部审计机构的公告,,True,签字注册会计师、项目质量控制复核人近三年不存在因执业行为受到刑事处罚， || 签字注册会计师、项目质量控制复核人不3/5存在可能影响独立性的情形。4
300433,2023-04-24,1216526428,蓝思科技：关于续聘2023年度外部审计机构的公告,,True,签字注册会计师、项目质量控制复核人近三年不存在因执业行为受到刑事处罚， || 签字注册会计师、项目质量控制复核人不存在可能影响独立性的情形。4、审计
300435,2023-01-17,1215625487,中泰股份：中泰股份关于拟续聘2022年度审计机构的公告,,True,司年超过25年制复核人报审计和重大资产重组审计等证券服务2
300433,2024-04-22,1219702552,蓝思科技：关于续聘2024年度外部审计机构的公告,,True,签字注册会计师、项目质量控制复核人近三年不存在因执业行为受到刑事处罚， || 签字注册会计师、项目质量控制复核人不存在可能影响独立性的情形。4、审计
300435,2024-04-16,1219621079,中泰股份：中泰股份关于拟续聘2024年度审计机构的公告,,True,人签字注册会计师项目质量复核人员姓名费方华张晓燕于波成何时成为注册会 || 签字注册会计师、项目质量复核人员近三年不存在因执业行为受到刑事处罚， || 签字注册会计师、项目质量复核人员不存在可能影响独立性的情形。三、关于
300435,2023-04-08,1216357576,中泰股份：中泰股份关于拟续聘2023年度审计机构的公告,,True,年报超过25年制复核人审计和重大资产重组审计等证券服务20
300438,2020-12-24,1208972357,鹏辉能源：关于续聘2020年度审计机构的公告,,True,程序，周婷拟担任项目质量控制复核人。周婷从事证券服务业务多年，负责审计
300438,2022-01-27,1212298962,鹏辉能源：关于续聘2021年度审计机构的公告,,True,程序，周婷拟担任项目质量控制复核人。周婷从事证券服务业务多年，负责审计 || 册会计师徐如杰、项目质量控制复核人周婷近三年未受到刑事处罚、行政处罚、
300438,2022-12-01,1215243365,鹏辉能源：关于续聘2022年度审计机构的公告,,True,程序，周婷拟担任项目质量控制复核人。周婷从事证券服务业务多年，负责审计 || 注册会计师刘伟、项目质量控制复核人周婷近三年未受到刑事处罚、行政处罚、
300441,2024-03-19,1219328807,鲍斯股份：关于续聘会计师事务所的公告,,True,2019年1洪烨质量控制复核人2013年2011年2019年202 || 记录项目合伙人、项目质量控制复核人近三年（最近三个完整自然年度及当年） || 签字注册会计师、项目质量控制复核人不存在可能影响独立性的情形。4.审计
300442,2021-04-12,1209669962,普丽盛：关于续聘会计师事务所的公告,,True,审计报告。（3）质量控制复核人：邓超合伙人，2003年成为注册会计 || 签字注册会计师、项目质量控制复核人项目质量控制复核人近三年不存在因执业 || 目质量控制复核人项目质量控制复核人近三年不存在因执业行为受到刑事处罚， || 签字注册会计师、项目质量控制复核人等不存在可能影响独立性的情形。4、审
300441,2023-04-21,1216492002,鲍斯股份：关于续聘会计师事务所的公告,,True,2019年1洪烨质量控制复核人2013年2011年2019年202 || 纪律处分的情况。项目质量控制复核人近三年不存在因执业行为受到刑事处罚， || 签字注册会计师、项目质量控制复核人不存在可能影响独立性的情形。4.审计
300443,2021-12-29,1212045607,金雷股份：关于续聘会计师事务所的公告,,True,注册会计师李满、项目质量控制复核人钱斌近三年未因执业行为受到刑事处罚， || 签字注册会计师、项目质量控制复核人不存在可能影响独立性的情形，具备相应
300443,2020-12-01,1208820318,金雷股份：关于续聘会计师事务所的公告,,True,项目质量控制技术复核人。钟锐强从事证券服务业务多年，负责审
300446,2020-03-28,1207418134,乐凯新材：关于公司拟变更会计师事务所的公告,,True,序，高利萍拟担任项目质量控制复核人。高利萍，注册会计师，1992年起从 || 市公司年报审计的项目质量控制复核人。（五）诚信记录最近三年，致同会计师
300446,2020-04-27,1207608333,乐凯新材：关于续聘公司2020年度审计机构的公告,,True,序，高利萍拟担任项目质量控制复核人。高利萍，注册会计师，1992年起从 || 市公司年报审计的项目质量控制复核人。（五）诚信记录最近三年，致同会计师
300448,2021-04-24,1209789068,浩云科技：关于续聘公司2021年度审计机构的公告,,True,册会计师24年制复核人月起至今任职于天健会计师事务所200 || 签字注册会计师、项目质量控制复核人不存在可能影响独立性的情形。7、审计
300448,2020-04-24,1207583546,浩云科技：关于续聘公司2020年度审计机构的公告,,True,册会计师23年制复核人月起至今任职于天健会计师事务所200
300448,2023-04-20,1216471247,浩云科技：关于续聘公司2023年度会计师事务所的公告,,True,2年公司审计报告复核人近三年签署了4家上市拟签字卢玲玉20 || 签字注册会计师、项目质量控制复核人近三年不存在因执业行为受到刑事处罚、 || 签字注册会计师、项目质量控制复核人不存在可能影响独立性的情形。4.审计
300451,2021-04-23,1209774500,创业慧康：关于续聘会计师事务所的公告,,True,6年2020年制复核人年签署太辰光2018年度审计报告。2 || 签字注册会计师、项目质量控制复核人近三年不存在因执业行为受到刑事处罚， || 签字注册会计师、项目质量控制复核人不存在可能影响独立性的情形。4、审计
300448,2022-04-22,1213021628,浩云科技：关于续聘公司2022年度审计机构的公告,,True,报告，复核了5家复核人上市公司审计报告。近三年签署了4家上 || 签字注册会计师、项目质量控制复核人不存在可能影响独立性的情形。7、审计
300451,2022-04-15,1212920097,创业慧康：关于续聘会计师事务所的公告,,True,签字注册会计师、项目质量控制复核人近三年不存在因执业行为受到刑事处罚， || 签字注册会计师、项目质量控制复核人不存在可能影响独立性的情形。4、审计
300451,2024-04-13,1219595801,创业慧康：关于续聘会计师事务所的公告,,True,人签字注册会计师项目质量复核人员姓名翁志刚彭敏杨熹何时成为注册会计师 || 签字注册会计师、项目质量复核人员近三年不存在因执业行为受到刑事处罚， || 签字注册会计师、项目质量控制复核人不存在可能影响独立性的情形。4、审计
300455,2020-09-10,1208419586,康拓红外：关于续聘会计师事务所的公告,,True,程序，曹阳拟担任项目质量控制复核人。曹阳，合伙人、注册会计师，1996
300456,2020-04-23,1207558826,耐威科技：关于聘任2020年度审计机构的公告,,True,公司财务报表审计质量控制复核人，担任山东黄金矿业股份有限公司、北京 || 计、内部控制审计质量控制负责人。李丽芳注册会计师同上。10年从20
300458,2020-04-02,1207448745,全志科技：关于续聘2020年度审计机构的公告,,True,所从事审计19年复核人计师相关工作。天健会计师事务所(特殊
300458,2021-03-31,1209492421,全志科技：关于续聘2021年度审计机构的公告,,True,.212020年复核人珀莱雅（603605）、天成自控（6 || 签字注册会计师、项目质量控制复核人近三年不存在因执业行为受到刑事处罚， || 签字注册会计师、项目质量控制复核人不存在可能影响独立性的情形。4.审计
300458,2024-03-30,1219470726,全志科技：关于续聘2024年度审计机构的公告,,True,人签字注册会计师项目质量复核人员姓名康雪艳孙惠-何时成为注册会计20 || 年报上市公司审计项目质量复核人员独立性轮换工作尚在进行中，因此暂未确 || 2024年报具体项目质量复核人员2.诚信记录项目合伙人、签字注册会计 || 签字注册会计师、项目质量复核人员近三年不存在因执业行为受到刑事处罚， || 签字注册会计师、项目质量复核人员不存在可能影响独立性的情形。4.审计
300458,2023-03-21,1216170002,全志科技：关于续聘2023年度审计机构的公告,,True,签字注册会计师、项目质量控制复核人近三年不存在因执业行为受到刑事处罚， || 签字注册会计师、项目质量控制复核人不存在可能影响独立性的情形。4.审计
300458,2022-03-25,1212671375,全志科技：关于续聘2022年度审计机构的公告,,True,签字注册会计师、项目质量控制复核人近三年不存在因执业行为受到刑事处罚， || 签字注册会计师、项目质量控制复核人不存在可能影响独立性的情形。4.审计
300460,2023-10-24,1218123054,惠伦晶体：关于续聘2023年度审计机构的公告,,True,告情况共计4家。项目质量复核人员陈勇：2007年12月成为注册会计师 || 无不良诚信记录。项目质量复核人员陈勇不存在违反《中国注册会计师职业道 || 签字注册会计师、项目质量控制复核人能够在执行本项目审计工作时保持独立性
300464,2021-04-23,1209777314,星徽股份：关于拟续聘会计师事务所的公告,,True,审计报告。（3）项目质量控制复核人：赵益辉赵益辉2009年成为注册会计 || 签字注册会计师、项目质量控制复核人近三年未因执业行为受到刑事处罚，未受 || 签字注册会计师、项目质量控制复核人不存在可能影响独立性的情形。4、审计
300464,2022-04-26,1213107584,星徽股份：关于拟续聘会计师事务所的公告,,True,审计报告。（3）项目质量控制复核人：赵益辉赵益辉2009年成为注册会计 || 签字注册会计师、项目质量控制复核人近三年未因执业行为受到刑事处罚，未受 || 签字注册会计师、项目质量控制复核人不存在可能影响独立性的情形。4、审计
300464,2020-04-01,1207440597,星徽精密：关于变更会计师事务所的公告,,True,签字注册会计师及项目质量控制复核人的具体情况如下：（1）签字注册会计师 || 投资公司。（3）项目质量控制复核人：李威执业资质：中国注册会计师3是否 || （特殊普通合伙）质量控制复核人，从事注册会计师行业近15年，曾参与 || 等上市公司审计的质量控制复核人。（三）业务信息中审华事务所2019
300465,2020-04-29,1207659260,高伟达：关于续聘2020年度审计机构的公告,,True,任能力：是（2）质量控制复核人：李会英执业资质：注册会计师、注册资
300464,2023-04-24,1216528429,星徽股份：关于拟续聘会计师事务所的公告,,True,审计报告。（3）项目质量控制复核人：曹培强曹培强2007年开始在证券资 || 签字注册会计师、项目质量控制复核人近三年未因执业行为受到刑事处罚，未受 || 签字注册会计师、项目质量控制复核人不存在可能影响独立性的情形。4、审计
300464,2023-05-04,1216748265,星徽股份：关于变更2022年度向特定对象发行股票专项审计机构的公告,,True,审计报告。（3）项目质量控制复核人：曹培强曹培强2007年开始在证券资 || 签字注册会计师、项目质量控制复核人近三年未因执业行为受到刑事处罚，未受 || 签字注册会计师、项目质量控制复核人不存在可能影响独立性的情形。4、审计
300465,2023-08-24,1217617504,高伟达：关于续聘公司2023年度审计机构的公告,,True,23年1家许菊萍质量控制复核人2002年2000年2002年5月2 || 签字注册会计师、项目质量控制复核人近三年不存在因执业行为受到刑事处罚， || 签字注册会计师、项目质量控制复核人不存在可能影响独立性的情形。4、审计
300465,2024-06-19,1220400842,高伟达：关于续聘公司2024年度审计机构的公告,,True,23年2家许菊萍质量控制复核人2002年2000年2002年5月2 || 签字注册会计师、项目质量控制复核人近三年不存在因执业行为受到刑事处罚， || 签字注册会计师、项目质量控制复核人不存在可能影响独立性的情形。4、审计
300468,2022-04-22,1213023565,四方精创：关于公司续聘会计师事务所的公告,,True,市公司审计报告。项目质量控制复核人：注册会计师，2012年开始从事上市 || 签字注册会计师及质量控制复核人员近三年不存在因执业行为受到刑事处罚 || 签字注册会计师、项目质量控制复核人，不存在违反《中国注册会计师职业道德
300471,2020-04-20,1207524821,厚普股份：关于续聘会计师事务所的公告,,True,职。（3）拟安排质量控制复核人员：何均中国注册会计师，1999年起 || 签字注册会计师和项目质量控制复核人最近三年未受到刑事处罚、行政处罚、行
300471,2022-03-24,1212651337,厚普股份：关于续聘会计师事务所的公告,,True,职。（4）拟安排质量控制复核人员：张美琳中国注册会计师，2020年 || 签字注册会计师和项目质量控制复核人最近三年未因执业行为受到刑事处罚，未 || 注册会计师、项目质量控制复核合伙人不存在违反《中国注册会计师职业道德守
300471,2021-04-13,1209675668,厚普股份：关于续聘会计师事务所的公告,,True,职。（4）拟安排质量控制复核人员：何均中国注册会计师，1997年成 || 签字注册会计师和项目质量控制复核人最近三年未因执业行为受到刑事处罚，未 || 注册会计师、项目质量控制复核合伙人不存在违反《中国注册会计师职业道德守
300471,2023-04-18,1216443256,厚普股份：关于续聘会计师事务所的公告,,True,司。（4）拟安排项目质量控制复核人员：张美琳中国注册会计师，2020年 || 签字注册会计师和项目质量控制复核人最近三年未因执业行为受到刑事处罚，未 || 注册会计师、项目质量控制复核合伙人不存在违反《中国注册会计师职业道德守 || 签字注册会计师、项目质量控制复核人不存在可能影响独立性的情形。4、审计
300471,2024-04-19,1219665647,厚普股份：关于聘请会计师事务所的公告,,True,司。（4）拟安排项目质量控制复核人员：刘夏村中国注册会计师，2021年 || 签字注册会计师和项目质量控制复核人最近三年未因执业行为受到刑事处罚，未 || 注册会计师、项目质量控制复核合伙人不存在违反《中国注册会计师职业道德守 || 签字注册会计师、项目质量控制复核人不存在可能影响独立性的情形。4、审计
300477,2023-02-02,1215755612,合纵科技：关于变更签字注册会计师及质量复核人员的公告,,True,签字注册会计师及质量复核人员的公告本公司及董事会全体成员保证信息 || 签字注册会计师及项目质量复核人员的函》，现将具体情况公告如下：一、本 || 本次签字会计师及项目质量复核人员变更的基本情况大华事务所作为公司20 || 审计服务，陈红为项目质量复核人员为公司的审计服务项目提供复核工作。鉴 || 吴细平、张玉虎及项目质量复核人员陈红工作调整，现将公司财务报表审计的 || ，将李相繁变更为项目质量复核人员。二、本次变更后的签字会计师及项目质
300480,2020-03-28,1207418999,光力科技：关于续聘公司2020年度审计机构的公告,,True,应专业胜任能力。项目质量控制复核人：根据瑞华会计师事务所质量控制制度和 || 序，徐超玉拟担任项目质量控制复核人。徐超玉具有注册会计师资格，从事证券
300484,2022-09-30,1214712470,蓝海华腾：蓝海华腾：关于聘任会计师事务所的公告,,True,2022年14家复核人2、诚信记录项目合伙人、签字注册会计 || 签字注册会计师、项目质量控制复核人近三年不存在因执业行为受到刑事处罚， || 签字注册会计师、项目质量控制复核人不存在可能影响独立性的情形。4、审计
300484,2021-04-22,1209758979,蓝海华腾：关于续聘会计师事务所的公告,,True,上胜任能力。3、项目质量控制复核人尚未确定具体人员。（五）诚信记录1、
300484,2020-08-25,1208235041,蓝海华腾：关于聘任会计师事务所的公告,,True,上胜任能力。3、项目质量控制复核人尚未确定具体人员。（五）诚信记录1、
300485,2020-04-20,1207536574,赛升药业：关于拟续聘会计师事务所的公告,,True,序，高利萍拟担任项目质量控制复核人。高利萍，注册会计师，1992年起从 || 市公司年报审计的项目质量控制复核人。5.诚信记录最近三年，致同所累计受
300484,2023-04-26,1216580578,蓝海华腾：关于续聘会计师事务所的公告,,True,22年超过15家复核人2.诚信记录项目合伙人、签字注册会计 || 签字注册会计师、项目质量控制复核人近三年不存在因执业行为受到刑事处罚， || 签字注册会计师、项目质量控制复核人不存在可能影响独立性的情形。三、拟续
300484,2024-04-20,1219703168,蓝海华腾：关于续聘会计师事务所的公告,,True,22年超过15家复核人2.诚信记录项目合伙人、签字注册会计 || 签字注册会计师、项目质量控制复核人近三年不存在因执业行为受到刑事处罚， || 签字注册会计师、项目质量控制复核人不存在可能影响独立性的情形。三、拟续
300486,2021-04-26,1209792343,东杰智能：关于续聘2021年度审计机构的公告,,True,签字注册会计师、项目质量控制复核人近三年不存在因执业行为受到刑事处罚， || 签字注册会计师、项目质量控制复核人不存在可能影响独立性的情形。4、审计
300486,2022-04-25,1213058204,东杰智能：关于续聘2022年度审计机构的公告,,True,签字注册会计师、项目质量控制复核人近三年不存在因执业行为受到刑事处罚， || 签字注册会计师、项目质量控制复核人不存在可能影响独立性的情形。4、审计
300486,2024-04-24,1219771718,东杰智能：关于续聘2024年度审计机构的公告,,True,签字注册会计师、项目质量控制复核人近三年不存在因执业行为受到刑事处罚， || 签字注册会计师、项目质量控制复核人不存在可能影响独立性的情形。4、审计
300486,2023-04-24,1216528312,东杰智能：关于续聘2023年度审计机构的公告,,True,签字注册会计师、项目质量控制复核人近三年不存在因执业行为受到刑事处罚， || 签字注册会计师、项目质量控制复核人不存在可能影响独立性的情形。4、审计
300487,2020-04-29,1207665407,蓝晓科技：关于续聘公司2020年度审计机构的公告,,True,计师事务22年制复核人所，审计相关工作。拟签字徐晋波中国注
300489,2021-12-31,1212075175,光智科技：关于变更会计师事务所的公告,,True,能力。（3）拟任质量控制复核人员：张丽丹：2015年7月成为注册会 || 签字注册会计师、项目质量控制复核人近三年不存在因执业行为受到刑事处罚， || 签字注册会计师、项目质量控制复核人不存在可能影响独立性的情形。4.审计
300490,2022-04-28,1213171827,华自科技：关于续聘公司2022年度审计机构的公告,,True,签字注册会计师、项目质量控制复核人基本信息如下：项目合伙人及签字注册会 || 司审计报告1家。项目质量控制复核人：根据天职国际质量控制政策和程序，王 || 军及其团队拟担任项目质量控制复核人，王军，1998年成为注册会计师，2 || 签字注册会计师、项目质量控制复核人等不存在可能影响独立性的情形。4、审 || 上述项目合伙人、质量控制复核人和本期签字会计师不存在违反《中国注册
300490,2023-04-22,1216518846,华自科技：关于续聘公司2023年度审计机构的公告,,True,签字注册会计师、项目质量控制复核人基本信息如下：项目合伙人及签字注册会 || 司审计报告1家。项目质量控制复核人：根据天职国际质量控制政策和程序，王 || 军及其团队拟担任项目质量控制复核人，王军从事证券服务业务多年，负责审计 || 签字注册会计师、项目质量控制复核人等不存在可能影响独立性的情形。4、审 || 上述项目合伙人、质量控制复核人和本期签字会计师不存在违反《中国注册
300492,2021-04-23,1209772168,华图山鼎：关于续聘天健会计师事务所（特殊普通合伙）为公司2021年度审计机构的公告,,True,任能力。3、拟任项目质量控制负责人：于波成根据天健质量控制政策和程序， || 经理于波成拟担任项目质量控制复核人，2001年毕业后加入天健会计师事务 || 会计师2李青松和质量控制复核人于波成不存在违反《中国注册会计师职业 || 会计师2李青松和质量控制复核人于波成最近三年未受（收）到刑事处罚、
300492,2022-04-28,1213170917,华图山鼎：关于续聘天健会计师事务所（特殊普通合伙）为公司2022年度审计机构的公告,,True,任能力。3、拟任项目质量控制负责人：于波成根据天健质量控制政策和程序， || 经理于波成拟担任项目质量控制复核人，2001年毕业后加入天健会计师事务 || 册会计师2周哲和质量控制复核人于波成不存在违反《中国注册会计师职业 || 册会计师2周哲和质量控制复核人于波成最近三年未受（收）到刑事处罚、
300492,2024-04-26,1219817198,华图山鼎：关于续聘天健会计师事务所（特殊普通合伙）为公司2024年度审计机构的公告,,True,人签字注册会计师项目质量复核人员姓名彭卓文菲弋守川何时成为注册会计师 || 签字注册会计师、项目质量控制复核人不存在可能影响独立性的情形。（三）审
300494,2023-04-25,1216558315,盛天网络：关于续聘2023年度审计机构的公告,,True,司审计报告2次。项目质量控制复核人：赖其寿，2015年12月成为注册会 || 签字注册会计师、项目质量控制复核人近三年未因执业行为受到刑事处罚，受到 || 签字注册会计师、项目质量控制复核人等从业人员不存在违反《中国注册会计师
300498,2020-04-24,1207587198,温氏股份：关于续聘致同会计师事务所（特殊普通合伙）为公司审计机构的公告,,True,序，韩瑞红拟担任项目质量控制复核人。韩瑞红从事证券服务业务23年，负责
300501,2024-04-18,1219652080,海顺新材：关于续聘公司2024年度审计机构的公告,,True,人签字注册会计师项目质量复核人员姓名李新葵黄湘伟李斌何时成为注册会计 || 签字注册会计师、项目质量复核人员近三年不存在因执业行为受到刑事处罚， || 签字注册会计师、项目质量控制复核人不存在可能影响独立性的情形。4、.审
300501,2023-03-31,1216270193,海顺新材：关于续聘公司2023年度审计机构的公告,,True,签字注册会计师、项目质量控制复核人近三年存在因执业行为受到证监会派出机 || 签字注册会计师、项目质量控制复核人不存在可能影响独立性的情形。三、拟续
300501,2022-03-28,1212688397,海顺新材：关于续聘公司2022年度审计机构的公告,,True,签字注册会计师、项目质量控制复核人近三年存在因执业行为受到证监会派出机 || 签字注册会计师、项目质量控制复核人不存在可能影响独立性的情形。三、拟续
300504,2024-04-26,1219859712,天邑股份：关于续聘2024年度审计机构的公告（更正后）,,True,2024年1朱敏质量控制复核人1995年1993年2011年11月 || 签字注册会计师、项目质量控制复核人近三年不存在因执业行为受到刑事处罚， || 签字注册会计师、项目质量控制复核人不存在可能影响独立性的情形。4、审计
300504,2023-04-21,1216493974,天邑股份：关于续聘2023年度审计机构的公告,,True,签字注册会计师、项目质量控制复核人近三年不存在因执业行为受到刑事处罚， || 签字注册会计师、项目质量控制复核人不存在可能影响独立性的情形。4、审计
300504,2024-04-26,1219859713,天邑股份：关于续聘2024年度审计机构的更正公告,,True,2023年1朱敏质量控制复核人1995年1993年2011年11月 || 2024年1朱敏质量控制复核人1995年1993年2011年11月
300504,2024-04-26,1219831474,天邑股份：关于续聘2024年度审计机构的公告,,True,2023年1朱敏质量控制复核人1995年1993年2011年11月 || 签字注册会计师、项目质量控制复核人近三年不存在因执业行为受到刑事处罚， || 签字注册会计师、项目质量控制复核人不存在可能影响独立性的情形。4、审计
300512,2024-04-24,1219769478,中亚股份：关于拟续聘会计师事务所的公告,,True,021年[注3]复核人[注1]2024年度签署三维股份、涛 || 计师徐文豪、项目质量控制复核合伙人耿振最近3年均未受到刑事处罚、行政处 || 希、徐文豪、项目质量控制复核合伙人耿振不存在违反《中国注册会计师职业道
300512,2023-04-27,1216623983,中亚股份：关于聘任天健会计师事务所（特殊普通合伙）担任公司财务审计机构的公告,,True,021年[注2]复核人[注1]2020年度签署三维通信、泰 || 签字注册会计师、项目质量控制复核人近三年不存在因执业行为受到刑事处罚， || 签字注册会计师、项目质量控制复核人不存在可能影响独立性的情形。4、审计
300514,2023-02-17,1215888416,友讯达：关于变更签字注册会计师的公告,,True,，程银春先生作为项目质量控制复核人为公司提供审计服务，因大华会计师事务
300515,2022-04-26,1213109491,三德科技：关于续聘公司2022年度审计机构的公告,,True,签字注册会计师、项目质量控制复核人近三年不存在因执业行为受到刑事处罚， || 签字注册会计师、项目质量控制复核人等不存在可能影响独立性的情形。4、审
300515,2021-04-20,1209725286,三德科技：关于续聘公司2021年度审计机构的公告,,True,形，项目合伙人、项目质量控制负责人、拟签字注册会计师的情况说明如下：项
300515,2023-04-25,1216552861,三德科技：关于续聘公司2023年度审计机构的公告,,True,签字注册会计师、项目质量控制复核人近三年不存在因执业行为受到刑事处罚， || 签字注册会计师、项目质量控制复核人等不存在可能影响独立性的情形。4、审
300519,2024-04-22,1219700512,新光药业：关于续聘2024年度审计机构的公告,,True,人签字注册会计师项目质量复核人员姓名边珊姗曹翠娟黄志恒何时成为注册会 || 签字注册会计师、项目质量控制复核人近三年不存在因执业行为受到刑事处罚， || 签字注册会计师、项目质量控制复核人不存在可能影响独立性的情形。三、续聘
300521,2022-04-26,1213114436,爱司凯：关于续聘公司2022年度审计机构的公告,,True,及拟签字注家。目质量控制复核人王册会计师黎2009年成为注册会计师 || ，近三的情况。制复核人近年签署上市公司审计报告0家，三年复
300519,2023-04-25,1216549285,新光药业：关于续聘2023年度审计机构的公告,,True,技、税友股份、制复核人吉华集团等公司年度审计报告-3-2. || 签字注册会计师、项目质量控制复核人近三年不存在因执业行为受到刑事处罚， || 签字注册会计师、项目质量控制复核人不存在可能影响独立性的情形。三、续聘
300521,2021-12-14,1211896051,爱司凯：关于续聘公司2021年度审计机构的公告,,True,及拟签字注家。目质量控制复核人王册会计师黎2009年成为注册会计师 || ，近三的情况。制复核人近年签署上市公司审计报告0家，三年复
300523,2020-04-23,1207558510,辰安科技：董事会审计委员会关于聘任公司2020年度审计机构的审核意见,,True,力；项目合伙人、项目质量控制复核人和拟签字会计师不存在违反《中国注册会
300523,2023-04-26,1216590386,辰安科技：审计委员会关于聘任公司2023年度审计机构的审核意见,,True,力；项目合伙人、项目质量控制复核人和拟签字会计师不存在违反《中国注册会
300523,2022-04-23,1213060565,辰安科技：董事会审计委员会关于聘任公司2022年度审计机构的审核意见,,True,力；项目合伙人、项目质量控制复核人和拟签字会计师不存在违反《中国注册会
300528,2020-04-08,1207463137,幸福蓝海：关于拟续聘会计师事务所的公告,,True,力。钱小祥，拟任项目质量控制复核人，中国注册会计师，从事注册会计师审计
300529,2024-04-26,1219826131,健帆生物：关于2023年度审计费用的确认及续聘2024年度审计机构的公告,,True,司审计报告3份。项目质量控制复核人：梁轶男，2014年成为注册会计师。 || 签字注册会计师、项目质量控制复核人近三年未因执业行为受到刑事处罚，未受 || 签字注册会计师、项目质量控制复核人不存在可能影响独立性的情形。4、审计
300530,2021-12-23,1211990982,*ST达志：关于拟聘任会计师事务所的公告,,True,21年近三年复核复核人了4家上市公司审计报告2.诚信记录项 || 签字注册会计师、项目质量控制复核人近三年存在因执业行为受到刑事处罚，受 || 签字注册会计师、项目质量控制复核人不存在可能影响独立性的情形。三、拟续
300530,2023-11-07,1218269069,领湃科技：关于拟续聘会计师事务所的公告,,True,06年2023年复核人核近三年4家上市公司审计报告2.诚信 || 签字注册会计师、项目质量控制复核人近三年不存在因执业行为受到刑事处罚， || 签字注册会计师、项目质量控制复核人不存在可能影响独立性的情形。4.审计
300530,2022-03-31,1212754631,*ST达志：关于拟聘任会计师事务所的公告,,True,报告质量控制待定复核人2.诚信记录项目合伙人、签字注册会计 || 签字注册会计师、项目质量控制复核人近三年存在因执业行为受到刑事处罚，受 || 签字注册会计师、项目质量控制复核人不存在可能影响独立性的情形。三、拟续
300530,2020-11-30,1208815154,达志科技：关于拟聘任会计师事务所的公告,,True,2、项目合伙人、项目质量控制负责人、拟签字注册会计师具备相应专业胜任能 || 至今，在天无是2复核人健会计师事务所从事审计相关工作。20
300534,2021-12-28,1212033847,陇神戎发：关于拟续聘会计师事务所的公告,,True,市公司审计报告。项目质量控制复核人，王侠女士，1999年起成为注册会计 || 册会计师温广玲、项目质量控制复核人王侠最近三年未因执业行为受到刑事处罚 || 册会计师温广玲、项目质量控制复核人王侠不存在可能影响独立性的情形。4.
300537,2023-01-11,1215563568,广信材料：关于拟续聘公司2022年度会计师事务所的公告,,True,14年2022年复核人复核：4家2、诚信记录项目合伙人、签 || 签字注册会计师、项目质量控制复核人近三年因执业行为受到刑事处罚，受到证 || 签字注册会计师、项目质量控制复核人等不存在可能影响独立性的情形。4、审
300536,2020-04-10,1207472568,农尚环境：关于续聘2020年度审计机构的公告,,True,签字注册会计师和质量控制复核人不存在违反《中国注册会计师职业道德守
300537,2020-04-27,1207612325,广信材料：关于拟续聘公司2020年度审计机构的公告,,True,板挂周薇英12年复核人注册会计师牌公司以及IPO申报，具备
300537,2023-11-25,1218431917,广信材料：关于拟变更会计师事务所的公告,,True,年份，复核上市公复核人司审计报告10份、新三板挂牌公司审计 || 签字注册会计师、项目质量控制复核人近三年未因执业行为受到刑事处罚，受到 || 签字注册会计师、项目质量控制复核人等不存在可能影响独立性的情形。4、审
300539,2022-04-27,1213143997,横河精密：关于拟续聘公司2022年度审计机构的公告,,True,任能力：是（2）质量控制复核人：朱广明执业资质：注册会计师从业经历
300539,2021-04-09,1209659411,横河模具：关于续聘公司2021年度审计机构的公告,,True,任能力：是（2）质量控制复核人：朱广明执业资质：注册会计师从业经历
300539,2020-04-27,1207612385,横河模具：关于聘任公司2020年度审计机构的公告,,True,任能力：是（2）质量控制复核人：朱广明执业资质：注册会计师从业经历
300546,2021-04-28,1209836481,雄帝科技：关于拟续聘会计师事务所的公告,,True,报告，复核长盈精复核人密、华星创业2018年度审计报告；2 || 签字注册会计师、项目质量控制复核人近三年不存在因执业行为受到刑事处罚， || 签字注册会计师、项目质量控制复核人不存在可能影响独立性的情形。4、审计
300546,2022-04-28,1213167917,雄帝科技：关于拟续聘会计师事务所的公告,,True,、济民医疗、昇辉复核人智能科技、华源控股、雄帝科技、华翔股 || 签字注册会计师、项目质量控制复核人近三年不存在因执业行为受到刑事处罚， || 签字注册会计师、项目质量控制复核人不存在可能影响独立性的情形。4、审计
300547,2020-04-24,1207583767,川环科技：关于续聘会计师事务所的公告,,True,审计等证券业务。项目质量控制负责人从业经历：李夕甫，中国注册会计师。1
300546,2020-04-24,1207584672,雄帝科技：关于续聘2020年度审计机构的公告,,True,注册会计师20年复核人上市公司的年报审计及改制上市、再融资
300548,2021-03-17,1209393220,博创科技：博创科技股份有限公司关于续聘2021年度审计机构的公告,,True,11年2020年复核人跃阳林纸等上市公司2018年度审计报 || 签字注册会计师、项目质量控制复核人近三年存在因执业行为受到刑事处罚，受 || 签字注册会计师、项目质量控制复核人不存在可能影响独立性的情形。三、拟续
300548,2023-09-07,1217805208,博创科技：博创科技股份有限公司关于续聘2023年度审计机构的公告,,True,签字注册会计师、项目质量控制复核人近三年不存在因执业行为受到刑事处罚， || 签字注册会计师、项目质量控制复核人不存在可能影响独立性的情形。三、拟续
300546,2023-08-23,1217606040,雄帝科技：关于拟续聘会计师事务所的公告,,True,复核上市公司年度复核人审计报告：中控技术、博威合金、济民医 || 签字注册会计师、项目质量控制复核人近三年不存在因执业行为受到刑事处罚， || 签字注册会计师、项目质量控制复核人不存在可能影响独立性的情形。4、审计
300548,2022-04-08,1212839886,博创科技：博创科技股份有限公司关于续聘2022年度审计机构的公告,,True,、利通电子及鸿泉复核人珊物联等年度审计报告2.诚信记录项目 || 签字注册会计师、项目质量控制复核人近三年存在因执业行为受到刑事处罚，受 || 签字注册会计师、项目质量控制复核人不存在可能影响独立性的情形。三、拟续
300550,2022-04-28,1213163943,和仁科技：关于续聘会计师事务所的公告,,True,签字注册会计师、项目质量控制复核人近三年不存在因执业行为受到刑事处罚， || 签字注册会计师、项目质量控制复核人不存在可能影响独立性的情形。4、审计
300550,2024-04-25,1219795727,和仁科技：关于续聘会计师事务所的公告,,True,签字注册会计师、项目质量控制复核人近三年不存在因执业行为受到刑事处罚， || 签字注册会计师、项目质量控制复核人不存在可能影响独立性的情形。（三）审
300550,2023-04-27,1216619147,和仁科技：关于续聘会计师事务所的公告,,True,签字注册会计师、项目质量控制复核人近三年不存在因执业行为受到刑事处罚， || 签字注册会计师、项目质量控制复核人不存在可能影响独立性的情形。4、审计
300553,2021-03-31,1209483712,集智股份：关于续聘2021年审计机构的公告,,True,任能力：是（2）质量控制复核人：章归鸿执业资质：注册会计师、注册税
300553,2020-04-10,1207470664,集智股份：关于续聘2020年审计机构的公告,,True,任能力：是（2）质量控制复核人：章归鸿执业资质：注册会计师、注册税
300553,2023-03-28,1216233977,集智股份：关于续聘2023年审计机构的公告,,True,6月2年1陈晓华质量控制复核人2001年1999年2020年11月 || 签字注册会计师、项目质量控制复核人近三年不存在因执业行为受到刑事处罚， || 签字注册会计师、项目质量控制复核人不存在可能影响独立性的情形。4.审计
300553,2022-04-20,1212973725,集智股份：关于续聘2022年审计机构的公告,,True,任能力：是（3）质量控制复核人：陈晓华执业资质：注册会计师从业经历 || 签字注册会计师、项目质量控制复核人近三年不存在因执业行为受到刑事处罚，
300553,2024-04-20,1219689141,集智股份：关于续聘2024年审计机构的公告,,True,9月2年3陈晓华质量控制复核人2001年1999年2020年11月 || 签字注册会计师、项目质量控制复核人近三年不存在因执业行为受到刑事处罚， || 签字注册会计师、项目质量控制复核人不存在可能影响独立性的情形。4.审计
300561,2020-04-28,1207642688,汇金科技：关于续聘公司2020年度审计机构的公告,,True,序，刘光斌拟担任项目质量控制复核人。刘光斌1995年起从事注册会计师业
300558,2021-03-26,1209454500,贝达药业：关于续聘2021公司年度会计师事务所的公告,,True,信息项目合伙人、项目质量控制复核人、拟签字注册会计师执业情况如下：近三 || 51419168复核人拟签字注册会邓红玉200911151 || 签字注册会计师、项目质量控制复核人、拟签字注册会计师近三年未收到相关处 || 签字注册会计师、项目质量控制复核人等不存违反《中国注册会计师职业道德守
300568,2024-04-18,1219653744,星源材质：关于拟续聘会计师事务所的公告,,True,审计报告。（3）项目质量控制复核人：林希敏林希敏，注册会计师，1995 || 册会计师黄金斌、项目质量控制复核人林希敏近三年均不存在因执业行为受到刑 || 册会计师黄金斌、项目质量控制复核人林希敏不存在可能影响独立性的情形。4
300568,2023-12-13,1218594693,星源材质：关于拟变更会计师事务所的公告,,True,审计报告。（3）项目质量控制复核人（拟）：林希敏林希敏，注册会计师，1 || 册会计师张雪莲、项目质量控制复核人（拟）林希敏近三年均不存在因执业行为 || 册会计师张雪莲、项目质量控制复核人（拟）林希敏不存在可能影响独立性的情
300569,2022-03-14,1212565208,天能重工：青岛天能重工股份有限公司关于审计机构变更审计报告项目质量控制复核人的公告,,True,"机构变更审计报告项目质量控制复核人的公告本公司及董事会全体成员保证公告 || 2021年报审计项目质量控制复核人。具体内容详见公司刊载于巨潮资讯网（ || 变更项目合伙人（项目质量控制复核人）的告知函》，根据和信内部工作调整, || 2021年报审计项目质量控制复核人，接替吕凯先生完成相关工作。一、本次 || 变更项目合伙人（项目质量控制复核人）的告知函》；2、汪泳先生执业资格证"
300569,2023-10-17,1218048337,天能重工：青岛天能重工股份有限公司关于拟变更会计师事务所的公告,,True,告共1份。（3）项目质量控制复核人张之祥先生，2006年成为中国注册会 || 册会计师蒋洁纯和质量控制复核人张之祥近三年不存在因执业行为受到刑事 || 册会计师蒋洁纯、项目质量控制复核人张之祥不存在违反《中国注册会计师职业
300572,2022-04-28,1213163937,安车检测：关于续聘公司2022年度审计机构的公告,,True,签字注册会计师、项目质量控制复核人近三年未因执业行为受到刑事处罚，受到 || 签字注册会计师、项目质量控制复核人能够在执行本项目审计工作时保持独立性
300572,2023-04-26,1216583405,安车检测：关于续聘公司2023年度审计机构的公告,,True,月8月11月家次复核人签字注2016年2014年2023年 || 签字注册会计师、项目质量控制复核人近三年未因执业行为受到刑事处罚，受到 || 签字注册会计师、项目质量控制复核人能够在执行本项目审计工作时保持独立性
300578,2020-04-28,1207643510,会畅通讯：关于续聘公司2020年度财务审计机构的公告,,True,）上市公司审计的质量控制复核人。是否从事过证券业务是拟签字注册会计
300579,2020-03-26,1207404497,数字认证：关于拟聘任2020年度会计师事务所的公告,,True,序，刘光斌拟担任项目质量控制复核人。刘光斌从事证券服务业务14年，负责
300580,2022-04-22,1213026809,贝斯特：关于续聘会计师事务所的公告,,True,人签字注册会计师质量控制复核人项目赵明孙诗雪薛敏何时成为注册会计师 || 等年度审计报告；质量控制复核人薛敏近三年签署或复核的上市公司有远东 || 签字注册会计师、项目质量控制复核人均具有证券服务业务从业经验，具备相应 || 签字注册会计师、项目质量控制复核人近三年不存在因执业行为受到刑事处罚， || 签字注册会计师、项目质量控制复核人等均不存在违反《中国注册会计师职业道
300580,2021-04-20,1209728842,贝斯特：关于续聘会计师事务所的公告,,True,人签字注册会计师质量控制复核人项目夏正曙赵明周航英何时成为注册会计 || 等年度审计报告；质量控制复核人周航英近三年复核的上市公司有通用股份 || 签字注册会计师、项目质量控制复核人近三年无因执业行为受到刑事处罚，受到 || 签字注册会计师、项目质量控制复核人等均不存在违反《中国注册会计师职业道
300582,2020-04-17,1207515106,英飞特：关于续聘2020年度审计机构的公告,,True,任能力：是（2）质量控制复核人：杨端平执业资质：注册会计师、注册税
300583,2021-04-20,1209723554,赛托生物：关于续聘公司2021年度审计机构的公告,,True,签字注册会计师、项目质量控制复核人近三年不存在因执业行为而受到刑事处罚 || 签字注册会计师、项目质量控制复核人不存在可能影响独立性的情形。4、审计
300583,2022-04-26,1213100883,赛托生物：关于续聘公司2022年度审计机构的公告,,True,2019年审计报复核人告；2019年，签署全志科技、章源钨 || 签字注册会计师、项目质量控制复核人近三年不存在因执业行为受到刑事处罚， || 签字注册会计师、项目质量控制复核人不存在可能影响独立性的情形。4、审计
300583,2024-04-29,1219857801,赛托生物：关于续聘公司2024年度审计机构的公告,,True,人签字注册会计师项目质量复核人员姓名金闻何思超康雪艳何时成为注册会计 || 签字注册会计师、项目质量复核人员近三年不存在因执业行为受到刑事处罚， || 签字注册会计师、项目质量复核人员不存在可能影响独立性的情形。4、审计
300584,2020-04-09,1207467311,海辰药业：关于续聘2020年度审计机构的公告,,True,职情况：无（3）质量控制复核人：杨林执业资质：注册会计师从业经历： || （项目合伙人）、质量控制复核人、拟签字注册会计师未持有和买卖公司股
300585,2022-04-26,1213107703,奥联电子：关于续聘会计师事务所的公告,,True,签字注册会计师、项目质量控制复核人近三年均不存在因执业行为受到刑事处罚 || 蔡卫华、周文阳及项目质量控制复核人陈晓龙不存在可能影响独立性的情形。4
300583,2023-04-25,1216549736,赛托生物：关于续聘公司2023年度审计机构的公告,,True,020年审计报制复核人告；2020年，签署兆驰股份、全志科 || 签字注册会计师、项目质量控制复核人近三年不存在因执业行为受到刑事处罚， || 签字注册会计师、项目质量控制复核人不存在可能影响独立性的情形。4、审计
300587,2021-04-27,1209816900,天铁股份：浙江天铁实业股份有限公司关于聘任2021年度外部审计机构的公告,,True,20年报。（3）项目质量控制负责人俞俊：2005年4月22日成为注册会 || 签字注册会计师、项目质量控制负责人近三年均未因执业行为受到刑事处罚，未 || 签字注册会计师、项目质量控制负责人不存在可能影响独立性的情形。4、审计
300588,2021-12-10,1211866394,熙菱信息：关于拟变更会计师事务所的公告,,True,报告4家。拟担任项目质量控制复核人：邵振宇邵振宇先生，2001年开始在 || 签字注册会计师、项目质量控制复核人近三年无执业行为受到刑事处罚，受到证 || 签字注册会计师、项目质量控制复核人等从业人员不存在违反《中国注册会计师
300587,2022-12-15,1215358313,天铁股份：浙江天铁实业股份有限公司关于聘任2022年度外部审计机构的公告,,True,19年报。（3）项目质量控制复核人俞俊：2005年4月22日成为注册会 || 签字注册会计师、项目质量控制复核人近三年无因执业行为受到刑事处罚，受到 || 签字注册会计师、项目质量控制复核人不存在可能影响独立性的情形。4、审计
300587,2023-12-13,1218591251,天铁股份：浙江天铁实业股份有限公司关于聘任2023年度外部审计机构的公告,,True,报告5家。（3）项目质量控制复核人俞俊：2005年4月22日成为注册会 || 签字注册会计师、项目质量控制复核人近三年无因执业行为受到刑事处罚，无受 || 签字注册会计师、项目质量控制复核人不存在可能影响独立性的情形。4、审计
300588,2024-04-25,1219796246,熙菱信息：关于续聘公司2024年度审计机构的公告,,True,报告1家。拟担任项目质量控制复核人：邵振宇邵振宇先生，2001年开始在 || 签字注册会计师、项目质量控制复核人近三年无执业行为受到刑事处罚，受到证 || 签字注册会计师、项目质量控制复核人等从业人员不存在违反《中国注册会计师
300589,2020-04-28,1207636446,江龙船艇：关于聘任2020年度审计机构的公告,,True,签字注册会计师及项目质量控制复核人尚未确定具体人员。5、诚信记录华兴会
300588,2023-04-27,1216615552,熙菱信息：关于续聘公司2023年度审计机构的公告,,True,报告3家。拟担任项目质量控制复核人：邵振宇邵振宇先生，2001年开始在 || 签字注册会计师、项目质量控制复核人近三年无执业行为受到刑事处罚，受到证 || 签字注册会计师、项目质量控制复核人等从业人员不存在违反《中国注册会计师
300592,2022-04-22,1213019673,华凯创意：关于续聘公司2022年度审计机构的公告,,True,签字注册会计师、项目质量控制复核人近三年不存在因执业行为受到刑事处罚， || 签字注册会计师、项目质量控制复核人不存在可能影响独立性的情形。三、审计
300592,2020-04-17,1207514817,华凯创意：关于续聘公司2020年度审计机构的公告,,True,质量控制23年制复核人师及复核工作，具备相应专业胜任能力。
300588,2022-04-29,1213206480,熙菱信息：关于续聘公司2022年度审计机构的公告,,True,报告2家。拟担任项目质量控制复核人：邵振宇邵振宇先生，2001年开始在 || 签字注册会计师、项目质量控制复核人近三年无执业行为受到刑事处罚，受到证 || 签字注册会计师、项目质量控制复核人等从业人员不存在违反《中国注册会计师
300592,2021-03-31,1209485363,华凯创意：关于续聘公司2021年度审计机构的公告,,True,2019审计报告复核人2019年：签署浙江永强等上市公司2 || 签字注册会计师、项目质量控制复核人近三年存在因执业行为受到刑事处罚，受 || 签字注册会计师、项目质量控制复核人不存在可能影响独立性的情形。三、审计
300592,2024-04-19,1219662497,华凯易佰：关于续聘公司2024年度审计机构的公告,,True,人签字注册会计师项目质量复核人员姓名黄源源湛丹吴懿忻何时成为注册会计 || 签字注册会计师、项目质量控制复核人近三年不存在因执业行为受到刑事处罚， || 签字注册会计师、项目质量控制复核人不存在可能影响独立性的情形。三、审计
300592,2023-04-20,1216474926,华凯易佰：关于续聘公司2023年度审计机构的公告,,True,签字注册会计师、项目质量控制复核人近三年不存在因执业行为受到刑事处罚， || 签字注册会计师、项目质量控制复核人不存在可能影响独立性的情形。三、审计
300594,2021-04-09,1209659356,朗进科技：山东朗进科技股份有限公司关于拟续聘会计师事务所的公告,,True,专业胜任能力：是项目质量控制复核人的从业经历：项目质量控制复核人尹淑英 || 核人的从业经历：项目质量控制复核人尹淑英：2004年取得注册会计师资格 || 的专业胜任能力。项目质量控制复核人的执业资质：注册会计师项目质量控制复 || 资质：注册会计师项目质量控制复核人是否从事过证券服务业务：是项目质量控 || 证券服务业务：是项目质量控制复核人是否具有相应的专业胜任能力：是2.上
300604,2022-04-23,1213061995,长川科技：关于续聘天健会计师事务所（特殊普通合伙）为公司 2022 年度审计机构的公告,,True,册会计师俞金波、项目质量控制复核人沈颖玲近三年未受到刑事处罚、行政处罚 || 签字注册会计师、项目质量控制复核人不存在可能影响独立性的情形。4、审计
300604,2021-04-27,1209835493,长川科技：关于续聘天健会计师事务所（特殊普通合伙）为公司 2021 年度审计机构的公告,,True,册会计师俞金波、项目质量控制复核人张建华近三年未受到刑事处罚、行政处罚 || 签字注册会计师、项目质量控制复核人不存在可能影响独立性的情形。4、审计
300604,2023-04-21,1216496168,长川科技：关于续聘天健会计师事务所（特殊普通合伙）为公司 2023年度审计机构的公告,,True,1年2021年制复核人（600710）、苏垦农发（6019 || 签字注册会计师、项目质量控制复核人近三年不存在因执业行为受到刑事处罚， || 签字注册会计师、项目质量控制复核人不存在可能影响独立性的情形。4、审计
300605,2020-04-29,1207660215,恒锋信息：关于拟续聘2020年度审计机构的公告,,True,序，刘志永拟担任项目质量控制复核人。刘志永从事证券服务业务多年，负责审
300604,2024-04-24,1219774782,长川科技：杭州长川科技股份有限公司关于续聘天健会计师事务所（特殊普通合伙）为公司2024年度审计机构的公告,,True,签字注册会计项目质量复核人基本信息项目合伙人师员姓名严善明杨春 || 签字注册会计师、项目质量复核人员近三年不存在因执业行为受到刑事处罚， || 签字注册会计师、项目质量复核人员不存在可能影响独立性的情形。4、审计
300611,2022-04-26,1213113209,美力科技：关于续聘会计师事务所的公告,,True,212021年度复核人威星智能、正元智慧、天地数码、美力科 || 签字注册会计师、项目质量控制复核人近三年不存在因执业行为受到刑事处罚， || 签字注册会计师、项目质量控制复核人不存在可能影响独立性的情形。4、审计
300611,2021-04-24,1209797484,美力科技：关于续聘会计师事务所的公告,,True,签字注册会计师、项目质量控制复核人近三年不存在因执业行为受到刑事处罚， || 签字注册会计师、项目质量控制复核人不存在可能影响独立性的情形。4、审计
300611,2020-04-24,1207588827,美力科技：关于续聘会计师事务所的公告,,True,今，在天中国注册项目质量控制复核人陈剑威健会计师事务所从事审计11会计
300611,2023-04-27,1216627872,美力科技：关于续聘会计师事务所的公告,,True,签字注册会计师、项目质量控制复核人不3存在可能影响独立性的情形。4、审
300611,2024-04-19,1219670483,美力科技：关于续聘会计师事务所的公告,,True,签字注册会计师、项目质量控制复核人不存在可能影响独立性的情形。4、审计
300616,2020-10-28,1208624016,尚品宅配：关于聘任会计师事务所的公告,,True,序，倪明昭拟担任项目质量控制复核人。倪明昭从事证券服务业务多年，负责审
300619,2020-04-24,1207586778,金银河：关于续聘2020年度审计机构的公告,,True,序，倪明昭拟担任项目质量控制复核人。倪明昭从事证券服务业务多年，负责审
300613,2022-04-15,1212921447,富瀚微：关于续聘2022年度审计机构的公告,,True,签字注册会计师和质量控制复核人不存在违反《中国注册会计师职业道德守
300620,2023-04-15,1216418902,光库科技：关于拟续聘会计师事务所的公告,,True,数量超过5家次。项目质量复核人员吕红涛：于2017年10月成为注册会 || 签字注册会计师、项目质量控制复核人近三年未因执业行为受到刑事处罚，受到 || 签字注册会计师、项目质量控制复核人能够在执行本项目审计工作时保持独立性
300624,2021-04-16,1209703380,万兴科技：关于续聘会计师事务所的公告,,True,司审计报告2家。项目质量控制复核人：包铁军证券代码：300624证券简 || 签字注册会计师、项目质量控制复核人近三年未因执业行为受到刑事处罚，受到 || 签字注册会计师、项目质量控制复核人能够在执行本项目审计工作时保持独立性
300629,2020-04-21,1207540751,新劲刚：关于续聘会计师事务所的公告,,True,江拟委派邓红担任项目质量控制负责人，邓红从事证券服务业务超过25年，负
300630,2020-04-21,1207539724,普利制药：关于续聘2020年度审计机构的公告,,True,振注册会计师8制复核人师事务所从事审计相关工作1994年至
300630,2023-04-25,1216552506,普利制药：关于续聘天健会计师事务所（特殊普通合伙）为公司2023年度审计机构的公告,,True,龙股份2020制复核人年审计报告；2020年复核普利制药、 || 签字注册会计师、项目质量控制复核人近三年不存在因执业行为受到刑事处罚， || 签字注册会计师、项目质量控制复核人不存在可能影响独立性的情形。三、续聘
300631,2020-04-28,1207632895,久吾高科：关于续聘2020年度审计机构的公告,,True,任能力：是（2）质量控制复核人：郭文令执业资质：注册会计师、注册税
300633,2022-04-27,1213131048,开立医疗：关于拟续聘会计师事务所的公告,,True,强注册会计师24复核人所，审计相关工作。2008年起至今， || 签字注册会计师及质量控制复核人项目合伙人、签字注册会计师、项目质量 || 签字注册会计师、项目质量控制复核人近三年不存在因执业行为受到刑事处罚，
300633,2021-04-24,1209790631,开立医疗：关于拟续聘会计师事务所的公告,,True,强注册会计师23复核人所，审计相关工作。2008年起至今， || 签字注册会计师及质量控制复核人项目合伙人、签字注册会计师、项目质量 || 签字注册会计师、项目质量控制复核人近三年不存在因执业行为受到刑事处罚，
300633,2023-04-12,1216377917,开立医疗：关于拟续聘会计师事务所的公告,,True,强注册会计师25复核人所，审计相关工作。拟签字注册会200 || 签字注册会计师及质量控制复核人项目合伙人、签字注册会计师、项目质量 || 签字注册会计师、项目质量控制复核人近三年不存在因执业行为受到刑事处罚，
300633,2020-04-22,1207551836,开立医疗：关于拟续聘会计师事务所的公告,,True,强注册会计师22复核人所，审计相关工作。2008年起至今，
300633,2024-04-12,1219580721,开立医疗：关于拟续聘会计师事务所的公告,,True,上市公司年度审制复核人计报告签署兆驰股份、全志科康雪艳20 || 签字注册会计师、项目质量控制复核人近三年不存在因执业行为受到刑事处罚， || 签字注册会计师、项目质量控制复核人不存在可能影响独立性的情形。4、审计
300637,2022-04-25,1213053012,扬帆新材：关于续聘2022年度审计机构的公告,,True,4月1年1邵明亮质量控制复核人2010年2007年2013年1月0 || 签字注册会计师、项目质量控制复核人近三年不存在因执业行为受到刑事处罚， || 签字注册会计师、项目质量控制复核人不存在可能影响独立性的情形。4.审计
300637,2020-03-31,1207429386,扬帆新材：关于续聘2020年度审计机构的公告,,True,任能力：是（2）质量控制复核人：章归鸿执业资质：注册会计师从业经历
300637,2023-04-26,1216581525,扬帆新材：关于续聘2023年度审计机构的公告,,True,签字注册会计师、项目质量控制复核人近三年不存在因执业行为受到刑事处罚， || 签字注册会计师、项目质量控制复核人不存在可能影响独立性的情形。4.审计
300637,2024-04-24,1219774550,扬帆新材：关于续聘2024年度审计机构的公告,,True,签字注册会计师、项目质量控制复核人近三年不存在因执业行为受到刑事处罚， || 签字注册会计师、项目质量控制复核人不存在可能影响独立性的情形。4.审计
300645,2020-04-29,1207657508,正元智慧：关于拟聘任会计师事务所的公告,,True,审计、崔永强15复核人会计师上市公司年报审计和重大资产重组
300645,2023-04-27,1216612331,正元智慧：关于拟续聘会计师事务所的公告,,True,签字注册会计师、项目质量控制复核人近三年不存在因执业行为受到刑事处罚， || 签字注册会计师、项目质量控制复核人不存在可能影响独立性的情形。4、审计
300645,2022-04-25,1213052298,正元智慧：关于拟续聘会计师事务所的公告,,True,签字注册会计师、项目质量控制复核人近三年不存在因执业行为受到刑事处罚， || 签字注册会计师、项目质量控制复核人不存在可能影响独立性的情形。三、拟续
300645,2024-04-25,1219795860,正元智慧：关于拟续聘会计师事务所的公告,,True,人签字注册会计师项目质量复核人员姓名潘晶晶李亚娟注何时成为注册会计师 || 年报上市公司审计项目质量复核人员独立性轮换工作尚在进行中，因此暂未确 || 2024年报具体项目质量复核人员。2、诚信记录项目合伙人、签字注册会 || 签字注册会计师、项目质量复核人员近三年不存在因执业行为受到刑事处罚， || 签字注册会计师、项目质量复核人员不存在可能影响独立性的情形。4、审计
300645,2021-04-26,1209796508,正元智慧：关于拟续聘会计师事务所的公告,,True,签字注册会计师、项目质量控制复核人近三年不存在因执业行为受到刑事处罚， || 签字注册会计师、项目质量控制复核人不存在可能影响独立性的情形。三、拟续
300648,2020-04-25,1207607370,星云股份：关于续聘2020年度审计机构的公告,,True,序，刘立宇拟担任项目质量控制复核人。刘立宇从事证券服务业务逾20年，2 || 大资产重组业务的项目质量控制复核人，具备相应专业胜任能力。（五）诚信记
300655,2021-12-03,1211779540,晶瑞电材：关于拟变更会计师事务所的公告,,True,签字注册会计师、项目质量控制复核人近三年不存在因执业行为受到刑事处罚， || 签字注册会计师、项目质量控制复核人不存在可能影响独立性的情形。34、审
300657,2020-04-11,1207482910,弘信电子：关于续聘2020年度审计机构的公告,,True,职。项目合伙人、项目质量控制负责人、拟签字注册会计师均为从业经历丰富、
300655,2022-04-28,1213169834,晶瑞电材：关于续聘公司2022年度审计机构的公告,,True,签字注册会计师、项目质量控制复核人近三年不存在因执业行为受到刑事处罚， || 签字注册会计师、项目质量控制复核人不存在可能影响独立性的情形。4、审计
300658,2020-03-31,1207430312,延江股份：关于续聘2020年度审计机构的公告,,True,杨旭东先生为项目质量复核合伙人，其从业经历如下：邵路先生，中国注册
300660,2022-04-27,1213132263,江苏雷利：关于续聘公司2022年度审计机构的公告,,True,2020年12家复核人2、诚信记录项目合伙人、签字注册会计 || 签字注册会计师、项目质量控制复核人近三年不存在因执业行为受到刑事处罚， || 签字注册会计师、项目质量控制复核人不存在可能影响独立性的情形。4、审计
300660,2021-04-27,1209808937,江苏雷利：关于续聘公司2021年度审计机构的公告,,True,2020年15家复核人2、诚信记录项目合伙人、签字注册会计 || 签字注册会计师、项目质量控制复核人近三年存在因执业行为受到刑事处罚，受 || 签字注册会计师、项目质量控制复核人不存在可能影响独立性的情形。4、审计
300651,2020-04-27,1207638381,金陵体育：关于续聘2020年度审计机构的公告的补充公告,,True,授薪合伙人（3）质量控制复核人从业经历：孙淑平时间工作单位职务19 || 签字注册会计师和质量控制复核人不存在违反《中国注册会计师职业道德守
300636,2022-04-23,1213058260,同和药业：关于拟续聘会计师事务所的公告,,True,11月2020年复核人芳（1）项目合伙人近三年从业情况：时 || 控股股份有限公司质量控制复核人2021年江苏卓胜微电子股份有限公司 || 电子股份有限公司质量控制复核人（2）签字注册会计师近三年从业情况： || 注册会计师（3）质量控制复核人近三年从业情况：时间上市公司名称职务 || 签字注册会计师、项目质量控制复核人近三年未发生因执业行为受到刑事处罚， || 签字注册会计师和质量控制复核人不存在违反《中国注册会计师职业道德守
300669,2024-04-22,1219688343,沪宁股份：关于续聘2024年度审计机构的公告,,True,22年2月刘彬文质量控制复核人2001年2000年2011年8月2 || 签字注册会计师、项目质量控制复核人近三年不存在因执业行为受到刑事处罚， || 签字注册会计师、项目质量控制复核人不存在可能影响独立性的情形。4.审计
300669,2020-04-10,1207471519,沪宁股份：关于续聘2020年度审计机构的公告,,True,任能力：是（2）质量控制复核人：刘元锁执业资质：注册会计师从业经历
300669,2022-04-23,1213047162,沪宁股份：关于续聘2022年度审计机构的公告,,True,022年无刘彬文质量控制复核人2001年2000年2011年8月2 || 签字注册会计师、项目质量控制复核人近三年不存在因执业行为受到刑事处罚， || 签字注册会计师、项目质量控制复核人不存在可能影响独立性的情形。4.审计
300669,2023-04-26,1216576819,沪宁股份：关于续聘2023年度审计机构的公告,,True,022年1刘彬文质量控制复核人2001年2000年2011年8月2 || 签字注册会计师、项目质量控制复核人近三年不存在因执业行为受到刑事处罚， || 签字注册会计师、项目质量控制复核人不存在可能影响独立性的情形。4.审计
300673,2020-04-20,1207525340,佩蒂股份：关于续聘会计师事务所的公告,,True,、纪律处分。2、质量控制复核人：余亚进执业资质：注册会计师从业经历
300673,2024-04-24,1219768637,佩蒂股份：关于聘任2024年度审计机构的公告,,True,023年1许菊萍质量控制复核人2002年2000年2002年5月2 || 签字注册会计师、项目质量控制复核人近三年不存在因执业行为受到刑事处罚， || 签字注册会计师、项目质量控制复核人不存在可能影响独立性的情形。（五）审
300673,2022-04-20,1212976762,佩蒂股份：关于续聘会计师事务所的公告,,True,018年2许菊萍质量控制复核人2002年2000年2002年5月2 || 签字注册会计师、项目质量控制复核人近三年不存在因执业行为受到刑事处罚， || 签字注册会计师、项目质量控制复核人不存在可能影响独立性的情形。4、审计
300673,2023-04-25,1216561148,佩蒂股份：关于续聘会计师事务所的公告,,True,022年超过10复核人2、诚信记录项目合伙人、签字注册会计 || 签字注册会计师、项目质量控制复核人近三年不存在因执业行为受到刑事处罚， || 签字注册会计师、项目质量控制复核人不存在可能影响独立性的情形。4、审计
300677,2020-04-27,1207607444,英科医疗：关于公司拟续聘2020年度会计师事务所的公告,,True,月至今，中国注册项目质量控制复核人柯月香天健会计师事务25会计师所，审
300678,2022-03-31,1212750716,中科信息：关于续聘公司2022年度审计机构的公告,,True,君及其团队拟担任项目质量控制复核人。王君从事证券服务业务多年，负责审计 || 签字注册会计师、项目质量控制复核人近三年不存在因执业行为受到刑事处罚， || 签字注册会计师、项目质量控制复核人等不存在可能影响独立性的情形。4.审
300678,2023-10-27,1218165334,中科信息：关于续聘公司2023年度审计机构的公告,,True,东及其团队拟担任项目质量控制复核人。王皓东从事证券服务业务多年，负责审 || 签字注册会计师、项目质量控制复核人近三年不存在3/6证券代码：3006 || 签字注册会计师、项目质量控制复核人等不存在可能影响独立性的情形。4.审
300687,2021-04-27,1209817247,赛意信息：关于续聘公司2021年度审计机构的公告,,True,0年2021年制复核人公司审计报告近三年签署了2个上市拟签 || 签字注册会计师、项目质量控制复核人近三年不存在因执业行为受到刑事处罚， || 签字注册会计师、项目质量控制复核人不存在可能影响独立性的情形。（七）审
300687,2023-04-28,1216659678,赛意信息：关于续聘公司2023年度审计机构的公告,,True,9年2022年制复核人市公司审计报告近三年签署2个上市公拟 || 签字注册会计师、项目质量控制复核人近三年不存在因执业行为受到刑事处罚， || 签字注册会计师、项目质量控制复核人不存在可能影响独立性的情形。（七）审
300690,2022-04-20,1212976883,双一科技：关于续聘2022年度审计机构的的公告,,True,位兼职。2、拟任质量控制复核人员：吴韧中国注册会计师，2015年起 || 签字注册会计师、项目质量控制复核人不存在可能影响独立性的情形。项目合伙 || 签字注册会计师、项目质量控制复核人近三年不存在因执业行为受到刑事处罚，
300687,2024-04-25,1219801183,赛意信息：关于续聘公司2024年度审计机构的公告,,True,梦天家居等公司制复核人2021年度审计报告；2021年，签 || 签字注册会计师、项目质量控制复核人近三年不存在因执业行为受到刑事处罚， || 签字注册会计师、项目质量控制复核人不存在可能影响独立性的情形。（七）审
300690,2021-12-21,1211970449,双一科技：关于变更会计师事务所的公告,,True,兼职。（3）拟任质量控制复核人员：吴韧中国注册会计师，2015年起 || 签字注册会计师、项目质量控制复核人近三年不存在因执业行为受到刑事处罚， || 签字注册会计师、项目质量控制复核人不存在可能影响独立性的情形。4、审计
300690,2024-04-20,1219694113,双一科技：关于续聘2024年度审计机构的的公告,,True,兼职。（3）拟任质量控制复核人员：何大明拥有注册会计师执业资质。2 || 签字注册会计师及质量控制复核人员近三年不存在因执业行为受到刑事处罚 || 签字注册会计师及质量控制复核人员不存在违反《中国注册会计师职业道德
300690,2023-04-08,1216357365,双一科技：关于续聘2023年度审计机构的的公告,,True,位兼职。2、拟任质量控制复核人员：史华宾拥有注册会计师执业资质，从 || 签字注册会计师、项目质量控制复核人不存在可能影响独立性的情形。项目合伙 || 签字注册会计师、项目质量控制复核人近三年不存在因执业行为受到刑事处罚，
300691,2023-10-23,1218109050,联合光电：关于拟变更会计师事务所的公告,,True,年度2023年度复核人司审计报告2、上述人员相关人员的独立 || 签字注册会计师和项目质量控制复核人近三年未因执业行为受到刑事处罚，未因
300693,2024-03-26,1219405195,盛弘股份：关于续聘公司2024年度审计机构的公告,,True,司审计报告1份。项目质量控制复核人：梁轶男，2014年成为注册会计师， || 计报告1份。作为项目质量控制复核人，近三年复核上市公司审计报告3份、复 || 签字注册会计师、项目质量控制复核人近三年未因执业行为受2证券代码：30 || 签字注册会计师、项目质量控制复核人不存在可能影响独立性的情形。4、审计
300693,2020-04-25,1207613038,盛弘股份：关于续聘公司2020年度审计机构的公告,,True,序，梁轶男拟担任项目质量控制复核人。梁轶男从事证券服务业务15年，负责
300693,2022-04-27,1213144957,盛弘股份：关于续聘公司2022年度审计机构的公告,,True,司审计报告1份。项目质量控制复核人：梁轶男，2014年成为注册会计师， || 计报告1份。作为项目质量控制复核人，近三年复核上市公司审计报告2份、复 || 签字注册会计师、项目质量控制复核人近三年未因执业行为受到刑事处罚，未受 || 签字注册会计师、项目质量控制复核人不存在可能影响独立性的情形。4、审计
300693,2023-03-23,1216191530,盛弘股份：关于续聘公司2023年度审计机构的公告,,True,司审计报告1份。项目质量控制复核人：梁轶男，2014年成为注册会计师， || 计报告1份。作为项目质量控制复核人，近三年复核上市公司审计报告3份、复 || 签字注册会计师、项目质量控制复核人近三年未因执业行为受到刑事处罚，未受 || 签字注册会计师、项目质量控制复核人不存在可能影响独立性的情形。4、审计
300693,2021-04-27,1209817206,盛弘股份：关于续聘公司2020年度审计机构的公告,,True,司审计报告1份。项目质量控制复核人：梁轶男，2014年成为注册会计师， || 计报告1份。作为项目质量控制复核人，近三年复核上市公司审计报告1份、复 || 签字注册会计师、项目质量控制复核人近三年未因执业行为受2证券代码：30 || 签字注册会计师、项目质量控制复核人不存在可能影响独立性的情形。4、审计
300694,2022-10-27,1214921080,蠡湖股份：关于聘请会计师事务所的公告,,True,签字注册会计师、项目质量控制复核人近三年不存在因执业行为受到刑事处罚， || 签字注册会计师、项目质量控制复核人不存在可能影响独立性的情形。二、拟续
300694,2024-03-29,1219444984,蠡湖股份：关于续聘2024年度审计机构的公告,,True,人签字注册会计师项目质量复核人员姓名弋守川谢静欣张颖何时成为注册会2 || 签字注册会计师、项目质量控制复核人近三年不存在因执业行为受到刑事处罚， || 签字注册会计师、项目质量控制复核人不存在可能影响独立性的情形。4.审计
300694,2023-04-18,1216442492,蠡湖股份：关于续聘2023年度审计机构的公告,,True,签字注册会计师、项目质量控制复核人近三年不存在因执业行为受到刑事处罚， || 签字注册会计师、项目质量控制复核人不存在可能影响独立性的情形。4.审计
300695,2022-04-21,1213003122,兆丰股份：关于拟续聘会计师事务所的公告,,True,2年2004年制复核人华数传媒、喜临门2、诚信记录项目合伙 || 签字注册会计师、项目质量控制复核人近三年不存在因执业行为受到刑事处罚， || 签字注册会计师、项目质量控制复核人不存在可能影响独立性的情形。4、审计
300695,2020-04-21,1207540778,兆丰股份：关于续聘会计师事务所的公告,,True,会计师11年控制复核人健会计师事务所（特殊普通合伙）从事审
300695,2024-03-30,1219470954,兆丰股份：关于拟续聘会计师事务所的公告,,True,年报上市公司审计项目质量复核人员独立性轮换工作尚在进行中，因制复核人 || 尚在进行中，因制复核人此暂未确定公司2024年具体项目质量 || 司2024年具体项目质量复核人员。22、诚信记录项目合伙人、签字注册 || 签字注册会计师、项目质量控制复核人近三年不存在因执业行为受到刑事处罚， || 签字注册会计师、项目质量控制复核人不存在可能影响独立性的情形。4、审计
300695,2021-04-22,1209759683,兆丰股份：关于拟续聘会计师事务所的公告,,True,02年2004年复核人华数传媒、喜临门2、诚信记录项目合伙 || 签字注册会计师、项目质量控制复核人近三年不存在因执业行为受到刑事处罚， || 签字注册会计师、项目质量控制复核人不存在可能影响独立性的情形。4、审计
300695,2023-04-21,1216496045,兆丰股份：关于拟续聘会计师事务所的公告,,True,4年2022年制复核人华数传媒、喜临门2、诚信记录项目合伙 || 签字注册会计师、项目质量控制复核人近三年不存在因执业行为受到刑事处罚， || 签字注册会计师、项目质量控制复核人不存在可能影响独立性的情形。4、审计
300701,2020-03-27,1207409962,森霸传感：关于拟续聘会计师事务所的公告,,True,东及其团队拟担任项目质量控制复核人。王皓东从事证券服务业务多年，负责审 || 计师赵阳、拟担任项目质量控制复核人王皓东最近三年无刑事处罚、行政处罚、
300702,2020-04-24,1207588530,天宇股份：关于续聘2020年度审计机构的公告,,True,伟注册会计师8年复核人（特殊普通合伙），审计相关工作。金晨
300702,2022-04-22,1213028481,天宇股份：关于续聘2022年度审计机构的公告,,True,签字注册会计师、项目质量控制复核人近三年不存在因执业行为受到刑事处罚， || 签字注册会计师、项目质量控制复核人不存在可能影响独立性的情形。4.审计
300702,2021-04-20,1209723494,天宇股份：关于续聘2021年度审计机构的公告,,True,签字注册会计师、项目质量控制复核人近三年不存在因执业行为受到刑事处罚， || 签字注册会计师、项目质量控制复核人不存在可能影响独立性的情形。4.审计
300702,2024-04-26,1219828059,天宇股份：关于续聘2024年度审计机构的公告,,True,签字注册会计师、项目质量控制复核人近三年不存在因执业行为受到刑事处罚， || 签字注册会计师、项目质量控制复核人不存在可能影响独立性的情形。4、审计
300703,2021-04-16,1209701527,创源股份：关于公司拟续聘2021年度会计师事务所的公告,,True,签字注册会计师、项目质量控制复核人近三年不存在因执业行为受到刑事处罚， || 签字注册会计师、项目质量控制复核人不存在可能影响独立性的情形。4、审计
300703,2020-04-18,1207522126,创源文化：关于续聘公司2020年度审计机构的公告,,True,计部门经理。3、质量控制负责人姓名：邓飞执业资质：中国注册会计师是 || 孙志军、林运渠，质量控制负责人邓飞符合独立性要求，近三年未受到刑事
300705,2021-04-17,1209713797,九典制药：关于续聘公司2021年度审计机构的公告,,True,市公司审计报告。项目质量控制复核人合伙人：林东，1999年成为中国注册 || 计师谢珍珍、项目质量控制复核合伙人林东最近3年未受到刑事处罚、行政处罚 || 计师谢珍珍、项目质量控制复核合伙人林东不存在可能影响独立性的情形。4、
300705,2022-04-27,1213133080,九典制药：关于续聘公司2022年度审计机构的公告,,True,市公司审计报告。项目质量控制复核人合伙人：杨旭，2008年成为中国注册 || 计师谢珍珍、项目质量控制复核合伙人杨旭最近三年未受到刑事处罚、行政处罚 || 计师谢珍珍、项目质量控制复核合伙人杨旭不存在可能影响独立性的情形。4、
300702,2023-04-27,1216626067,天宇股份：关于续聘2023年度审计机构的公告,,True,签字注册会计师、项目质量控制复核人近三年不存在因执业行为受到刑事处罚， || 签字注册会计师、项目质量控制复核人不存在可能影响独立性的情形。4、审计
300709,2022-03-25,1212667292,精研科技：关于变更签字注册会计师和项目质量控制复核人的公告,,True,签字注册会计师和项目质量控制复核人的公告本公司及董事会全体成员保证信息 || 签字注册会计师和项目质量控制复核人的函》，具体情况公告如下：一、签字注 || 签字注册会计师和项目质量控制复核人变更情况中兴华所作为公司2021年度 || 师，曹雯女士作为项目质量控制复核人为公司提供审计服务，因中兴华所内部工 || 签字注册会计师和项目质量控制复核人进行变更，现指派潘大亮先生（项目合伙 || 接替曹雯女士作为项目质量控制复核人继续为公司提供审计服务。二、本次变更
300709,2022-04-01,1212768827,精研科技：关于公司拟续聘会计师事务所的公告,,True,市公司审计报告。项目质量控制复核人姜云峰：姜云峰2015年成为注册会计 || 册会计师吕肖君、项目质量控制复核人姜云峰近三年内未曾因执业行为受到刑事 || 签字注册会计师、项目质量控制复核人等不存在可能影响独立性的情形。4、审
300709,2021-04-20,1209723904,精研科技：关于公司拟续聘会计师事务所的公告,,True,市公司审计报告。项目质量控制复核人曹雯：曹雯2008年成为注册会计师， || 册会计师潘大亮、项目质量控制复核人曹雯近三年内未曾因执业行为受到刑事处 || 签字注册会计师、项目质量控制复核人等不存在可能影响独立性的情形。4、审
300710,2023-04-26,1216589741,万隆光电：关于续聘会计师事务所的公告,,True,于致同所正在开展质量控制复核人独立性轮换工作，因此目前尚无法确定公 || 公司2023年度质量控制复核人。公司将在致同所确定质量控制复核人后 || 司将在致同所确定质量控制复核人后及时披露相关人员信息。2、诚信记录
300709,2023-04-27,1216624761,精研科技：关于公司拟续聘会计师事务所的公告,,True,市公司审计报告。项目质量控制复核人姜云峰：姜云峰2015年成为注册会计 || 册会计师吕肖君、项目质量控制复核人姜云峰近三年内未曾因执业行为受到刑事 || 签字注册会计师、项目质量控制复核人等不存在可能影响独立性的情形。4、审
300709,2024-04-23,1219744342,精研科技：关于公司拟续聘会计师事务所的公告,,True,市公司审计报告。项目质量控制复核人王晖妤：王晖妤女士，2009年成为注 || 注册会计师陈婷、项目质量控制复核人王晖妤近三年内未曾因执业行为受到刑事 || 签字注册会计师、项目质量控制复核人等不存在可能影响独立性的情形。4、审
300715,2024-04-20,1219690907,凯伦股份：关于续聘会计师事务所的公告,,True,签字注册会计师、项目质量复核人员近三年不存在因执业行为受到刑事处罚， || 签字注册会计师、项目质量控制复核人不存在可能影响独立性的情形。4、审计
300715,2023-04-28,1216653298,凯伦股份：关于续聘会计师事务所的公告,,True,签字注册会计师、项目质量控制复核人近三年不存在因执业行为受到刑事处罚， || 签字注册会计师、项目质量控制复核人不存在可能影响独立性的情形。4、审计
300715,2021-03-31,1209484809,凯伦股份：关于续聘会计师事务所的公告,,True,签字注册会计师、项目质量控制复核人近三年不存在因执业行为受到刑事处罚， || 签字注册会计师、项目质量控制复核人不存在可能影响独立性的情形。4、审计
300719,2023-04-07,1216345853,安达维尔：关于变更签字注册会计师及项目质量控制复核人的公告,,True,签字注册会计师及项目质量控制复核人的公告本公司及董事会全体成员保证信息 || 签字注册会计师及项目质量控制复核人的函》，现就具体情况公告如下：信永中 || 审计服务，黄简为项目质量控制复核人为公司的审计服务项目提供复核工作。鉴 || 注册会计师宋勇及项目质量控制复核人黄简工作调整原因，现委派魏琪为签字注 || 册会计师，路清为项目质量控制复核人，负责公司2022年度财务报表审计及 || 注册会计师及项目质量复核人的基本信息项目质量控制复核人路清：路
300719,2023-12-04,1218510708,安达维尔：关于变更签字注册会计师的公告,,True,审计服务，路清为项目质量控制复核人为公司的审计服务项目提供复核工作。鉴 || 册会计师，路清为项目质量控制复核人，负责公司2023年度财务报表审计及
300723,2020-04-21,1207541772,一品红：关于续聘2020年度审计机构的公告,,True,拟委派冉红艳担任项目质量控制负责人，冉红艳从事证券服务业务19年，负责
300722,2023-11-21,1218381062,新余国科：关于续聘2023年度审计机构的公告,,True,签字注册会计师及质量复核人员近三年不存在因执业行为受到刑事处罚，
300726,2020-03-13,1207368765,宏达电子：关于续聘2020年度审计机构的公告,,True,项专项服务。3、质量控制负责人姓名：曹磊执业资质：中国注册会计师是 || 师文爱凤、刘朝，质量控制负责人曹磊符合独立性要求，近三年未受到刑事
300725,2021-03-26,1209452658,药石科技：关于续聘2021年度审计机构的公告,,True,审计报告。（3）项目质量控制负责人的从业经历蔡卫华，2007年6月成为 || 本公司审计项目的项目质量控制复核人；近三年签署了6个上市公司审计报告， || 册会计师秦刘永、项目质量控制负责人蔡卫华不存在违反《中国注册会计师职业 || 册会计师秦刘永和项目质量控制复核人蔡卫华不存在可能影响独立性的情形。4
300727,2021-03-26,1209452516,润禾材料：润禾材料关于变更签字注册会计师的公告,,True,续完成相关工作，项目质量控制复核人不做变更，仍由郁向军先生负责。二、本
300727,2023-04-25,1216556973,润禾材料：润禾材料关于变更签字注册会计师的公告,,True,续完成相关工作，项目质量控制复核人不做变更，仍由郁向军先生负责。二、本
300727,2022-03-22,1212631174,润禾材料：润禾材料关于变更签字注册会计师的公告,,True,续完成相关工作，项目质量控制复核人不做变更，仍由郁向军先生负责。二、本
300730,2022-04-09,1212854559,科创信息：关于续聘2022年度会计师事务所的公告,,True,签字注册会计师、项目质量控制复核人基本信息如下：项目合伙人及签字注册会 || 军及其团队拟担任项目质量控制复核人。王军从事证券服务业务多年，负责审计 || 签字注册会计师、项目质量控制复核人近三年不存在因执业行为受到刑事处罚， || 签字注册会计师、项目质量控制复核人等不存在可能影响独立性的情形。4、审
300731,2021-10-27,1211386815,科创新源：深圳科创新源新材料股份有限公司关于续聘2021年度审计机构的公告,,True,人签字注册会计师质量控制复核人邓燏陈恒志黄德明何时成为注册会计师1 || ）年度审计报告；质量控制复核人黄德明近三年复核的上市公司有贝肯能源 || 签字注册会计师、项目质量控制复核人近三年无因执业行为受到刑事处罚，受到 || 签字注册会计师、项目质量控制复核人等均不存在违反《中国注册会计师职业道
300731,2020-04-09,1207468767,科创新源：关于拟续聘2020年度审计机构的公告,,True,册会计师周建疆、质量控制复核人黄德明均具有中国注册会计师执业资格， || 册会计师周建疆、质量控制复核人黄德明均不存在违反《中国注册会计师职
300730,2023-04-22,1216516027,科创信息：关于续聘2023年度会计师事务所的公告,,True,签字注册会计师、项目质量控制复核人基本信息如下：项目合伙人及签字注册会 || 军及其团队拟担任项目质量控制复核人。王军从事证券服务业务多年，负责审计 || 签字注册会计师、项目质量控制复核人近三年不存在因执业行为受到刑事处罚， || 签字注册会计师、项目质量控制复核人等不存在可能影响独立性的情形。4、审
300732,2022-02-10,1212338740,设研院：关于审计机构变更审计报告项目质量控制复核合伙人的公告,,True,"变更审计报告项目质量控制复核合伙人的公告本公司及董事会全体成员保证信息 || 年度审计工作项目质量控制复核合伙人。具体内容详见公司刊载于巨潮资讯网（ || 年度审计报告项目质量控制复核合伙人的函》，根据工作安排调整,中审众环现 || 21年报审计项目质量控制复核合伙人，接替刘婕女士完成相关工作。一、本次 || 年度审计报告项目质量控制复核合伙人的函》；2、变更后项目质量控制复核合 || ；2、变更后项目质量控制复核合伙人的身份证件及执业资质。河南省交通规划"
300731,2022-11-15,1215108887,科创新源：深圳科创新源新材料股份有限公司关于拟变更会计师事务所的公告,,True,审计报告。（3）项目质量控制复核人；蒯薏苡，2008年成为注册会计师， || 签字注册会计师、项目质量控制复核人近三年未因执业行为受到刑事处罚，未受 || 签字注册会计师、项目质量控制复核人等从业人员不存在违反《中国注册会计师
300737,2020-04-21,1207538382,科顺股份：关于续聘会计师事务所的公告,,True,工作项目合伙人、项目质量控制负责人、签字注册会计师不存在违反《中国注册
300737,2022-04-28,1213168105,科顺股份：关于续聘会计师事务所的公告,,True,签字注册会计师、项目质量控制复核人近三年不存在因执业行为受到刑事处罚， || 签字注册会计师、项目质量控制复核人不存在可能影响独立性的情形。4、审计
300737,2021-04-22,1209759059,科顺股份：关于续聘会计师事务所的公告,,True,工作项目合伙人、项目质量控制负责人、签字注册会计师不存在违反《中国注册
300737,2023-04-27,1216621519,科顺股份：关于续聘会计师事务所的公告,,True,签字注册会计师、项目质量控制复核人近三年不存在因执业行为受到刑事处罚， || 签字注册会计师、项目质量控制复核人不存在可能影响独立性的情形。4、审计
300747,2021-04-30,1209864197,锐科激光：关于续聘2021年度审计机构的公告,,True,签字注册会计师、项目质量控制复核人近三年未因执业行为受到刑事处罚，未受 || 签字注册会计师和质量控制复核人不存在违反《中国注册会计师职业道德守
300746,2022-04-26,1213103730,汉嘉设计：关于续聘中汇会计师事务所（特殊普通合伙）为本公司2022年度审计机构的公告,,True,签字注册会计师、项目质量控制复核人近三年存在因执业行为受到刑事处罚，受 || 签字注册会计师、项目质量控制复核人不存在可能影响独立性的情形。4.审计
300746,2020-04-18,1207523460,汉嘉设计：关于聘请中汇会计师事务所（特殊普通合伙）为本公司2020年度审计机构的公告,,True,任能力：是（2）质量控制复核人：孔令江执业资质：注册会计师从业经历
300750,2021-04-28,1209834802,宁德时代：关于续聘公司2021年度审计机构的公告,,True,序，梁卫丽拟担任项目质量控制复核人。梁卫丽从事证券服务业务23年，负责
300751,2020-03-28,1207418966,迈为股份：关于续聘公司2020年度会计师事务所的公告,,True,力。王宜峻，拟任项目质量控制复核人，注册会计师，从事注册会计师审计工作
300750,2020-04-25,1207613130,宁德时代：关于续聘公司2020年度审计机构的公告,,True,序，梁卫丽拟担任项目质量控制复核人。梁卫丽从事证券服务业务22年，负责
300752,2020-03-14,1207373506,隆利科技：关于续聘2020年度审计机构的公告,,True,程序，曹阳拟担任项目质量控制复核人。曹阳从事证券服务业务超过20年，负
300752,2021-03-12,1209371337,隆利科技：关于续聘2021年度审计机构的公告,,True,程序，曹阳拟担任项目质量控制复核人。曹阳从事证券服务业务超过20年，负
300753,2022-02-26,1212457586,爱朋医疗：关于续聘公司2022年度财务报告审计机构的公告,,True,签字注册会计师、项目质量控制复核人近三年不存在因执业行为受到刑事处罚， || 签字注册会计师、项目质量控制复核人不存在可能影响独立性的情形。4.审计
300753,2021-04-24,1209787341,爱朋医疗：关于续聘公司2021年度财务报告审计机构的公告,,True,签字注册会计师、项目质量控制复核人近三年无因执业行为受到刑事处罚，受到 || 签字注册会计师、项目质量控制复核人不存在可能影响独立性的情形。4.审计
300753,2023-04-24,1216520903,爱朋医疗：关于续聘2023年度财务报告审计机构的公告,,True,师事务所正在开展项目质量复核人员独立性轮换工作，因此目前尚无法制复核 || 3年度审计项目的质量复核人员。公司将在天健会计师事务所确定项目质 || 所确定项目质人量复核人员后及时披露相关人员信息。2、诚信记 || 签字注册会计师、项目质量控制复核人近三年不存在因执业行为受到刑事处罚， || 签字注册会计师、项目质量控制复核人不存在可能影响独立性的情形。4.审计
300753,2020-04-24,1207583380,爱朋医疗：关于续聘2020年度财务报告审计机构的公告,,True,审计相关工11年复核人会计师作；2016年起至今，天健会计
300753,2024-04-26,1219824999,爱朋医疗：关于续聘2024年度审计机构的公告,,True,1、基本信息项目质量复核人基本信息项目合伙人签字注册会计师员姓 || 签字注册会计师、项目质量控制复核人近三年不存在因执业行为受到刑事处罚， || 签字注册会计师、项目质量控制复核人不存在可能影响独立性的情形。4、审计
300756,2020-04-29,1207656058,中山金马：关于续聘会计师事务所及确定其年度审计报酬的公告,,True,序，李金成拟担任项目质量控制复核人。李金成从事证券服务业务多年，负责审
300756,2022-04-28,1213165684,金马游乐：关于续聘会计师事务所及确定其年度审计报酬的公告,,True,序，李金成拟担任项目质量控制复核人。李金成从事证券服务业务多年，负责审
300756,2021-04-27,1209812205,金马游乐：关于续聘会计师事务所及确定其年度审计报酬的公告,,True,序，李金成拟担任项目质量控制复核人。李金成从事证券服务业务多年，负责审
300756,2024-04-25,1219787559,金马游乐：关于续聘会计师事务所及确定其年度审计报酬的公告,,True,序，蔡志良拟担任项目质量控制复核人。蔡志良从事证券服务业务多年，负责审 || 具的警示函。项目质量控制复核合伙人蔡志良近三年未因执业行为受到刑事处罚 || 签字注册会计师、项目质量控制复核人不存在可能影响独立性的情形。4、审计
300757,2022-04-29,1213209894,罗博特科：关于续聘天健会计师事务所（特殊普通合伙）为公司2022年度审计机构的公告,,True,签字注册会计师、项目质量控制复核人近三年不存在因执业行为受到刑事处罚， || 签字注册会计师、质量控制复核人不存在违反《中国注册会计师职业道德守
300756,2023-04-27,1216611784,金马游乐：关于续聘会计师事务所及确定其年度审计报酬的公告,,True,序，李金成拟担任项目质量控制复核人。李金成从事证券服务业务多年，负责审
300757,2024-04-23,1219740157,罗博特科：关于续聘天健会计师事务所（特殊普通合伙）为公司2024年度审计机构的公告,,True,8335）、同花复核人顺（300033）等2、诚信记录项目 || 签字注册会计师、项目质量控制复核人近三年不存在因执业行为受到刑事处罚， || 签字注册会计师、项目质量控制复核人不存在可能影响独立性的情形。4、审计
300757,2021-04-24,1209793240,罗博特科：关于续聘天健会计师事务所（特殊普通合伙）为公司2021年度审计机构的公告,,True,签字注册会计师、项目质量控制复核人近三年不存在因执业行为受到刑事处罚， || 签字注册会计师、质量控制复核人不存在违反《中国注册会计师职业道德守
300757,2023-04-22,1216520397,罗博特科：关于续聘天健会计师事务所（特殊普通合伙）为公司2023年度审计机构的公告,,True,（688335）复核人顺（300033）等2、诚信记录项目 || 签字注册会计师、项目质量控制复核人近三年不存在因执业行为受到刑事处罚， || 签字注册会计师、项目质量控制复核人不存在可能影响独立性的情形。4、审计
300763,2021-04-26,1209796146,锦浪科技：关于续聘天健会计师事务所（特殊普通合伙）为公司2021年度审计机构的公告,,True,签字注册会计师、项目质量控制复核人近三年存在因执业行为受到刑事处罚，受 || 签字注册会计师、项目质量控制复核人不存在可能影响独立性的情形。4、审计
300763,2020-03-31,1207428329,锦浪科技：关于续聘天健会计师事务所（特殊普通合伙）为公司2020年度审计机构公告,,True,计工作；14年制复核人1100024106262013年加
300763,2022-04-26,1213098172,锦浪科技：关于续聘天健会计师事务所（特殊普通合伙）为公司2022年度审计机构的公告,,True,签字注册会计师、项目质量控制复核人近三年存在因执业行为受到刑事处罚，受 || 签字注册会计师、项目质量控制复核人不存在可能影响独立性的情形。4、审计
300763,2023-04-25,1216552253,锦浪科技：关于续聘天健会计师事务所（特殊普通合伙）为公司2023年度审计机构的公告,,True,2021年9家制复核人2、诚信记录项目合伙人、签字注册会计 || 签字注册会计师、项目质量控制复核人近三存在因执业行为受到刑事处罚，受到 || 签字注册会计师、项目质量控制复核人不存在可能影响独立性的情形。4、审计
300763,2024-04-29,1219868665,锦浪科技：关于续聘天健会计师事务所（特殊普通合伙）为公司2024年度审计机构的公告,,True,2021年8家制复核人2、诚信记录项目合伙人、签字注册会计 || 签字注册会计师、项目质量控制复核人近三年存在因执业行为受到刑事处罚，受 || 签字注册会计师、项目质量控制复核人不存在可能影响独立性的情形。4、审计
300766,2020-04-13,1207482075,每日互动：关于续聘2020年度审计机构的公告,,True,注册会计师12年复核人所（特殊普通合伙），审计相关工作20
300770,2020-08-25,1208237197,新媒股份：关于拟续聘2020年度会计师事务所的公告,,True,程序，王涛拟担任项目质量控制复核人。王涛从事证券服务业务超过20年，负
300772,2021-04-24,1209797266,运达股份：关于拟续聘会计师事务所的公告,,True,签字注册会计师、项目质量控制复核人近三年不存在因执业行为受到刑事处罚， || 签字注册会计师、项目质量控制复核人不存在可能影响独立性的情形。三、拟续
300772,2023-04-19,1216457509,运达股份：关于拟续聘会计师事务所的公告,,True,签字注册会计师、质量控制复核人近三年不存在因执业行为受到刑事处罚， || 签字注册会计师、质量控制复核人不存在可能影响独立性的情形。4、审计
300776,2020-04-28,1207634017,帝尔激光：关于续聘2020年度审计机构的公告,,True,单位兼职。（3）质量控制复核人从业经历李洪勇，中国注册会计师，合伙 || 签字注册会计师和质量控制复核人不存在违反《中国注册会计师职业道德守
300780,2024-04-19,1219669762,德恩精工：关于续聘会计师事务所的公告,,True,签字注册会计师、项目质量控制复核人近三年不存在因执业行为受到刑事处罚， || 签字注册会计师、项目质量控制复核人不存在可能影响独立性的情形。4.审计
300780,2023-04-21,1216495944,德恩精工：关于续聘会计师事务所的公告,,True,签字注册会计师、项目质量控制复核人近三年不存在因执业行为受到刑事处罚， || 签字注册会计师、项目质量控制复核人不存在可能影响独立性的情形。4.审计
300788,2020-10-29,1208635573,中信出版：关于续聘2020年度会计师事务所的公告,,True,赵育鹏先生为项目质量复核合伙人，其从业经历如下：赵娟女士于2001
300791,2020-10-12,1208539143,仙乐健康：关于变更会计师事务所的公告,,True,程序，倪明昭拟任项目质量控制复核人，倪明昭从事证券服务业务19年，负责 || 会计师何婷、拟任项目质量控制复核人倪明昭近三年未受到刑事处罚、行政处罚
300792,2021-04-28,1209825654,壹网壹创：杭州壹网壹创科技股份有限公司关于续聘会计师事务所的公告,,True,任能力：是（2）质量控制复核人：许菊萍执业资质：注册会计师、注册税 || 签字注册会计师、项目质量控制复核人近三年不存在因执业行为受到刑事处罚， || 签字注册会计师、项目质量控制复核人不存在可能影响独立性的情形。（三）审
300792,2020-04-25,1207611895,壹网壹创：关于续聘会计师事务所的公告,,True,任能力：是（2）质量控制复核人：许菊萍执业资质：注册会计师、注册税
300795,2021-04-27,1209814185,米奥会展：关于续聘会计师事务所的公告,,True,签字注册会计师、项目质量控制复核人近三年不存在因执业行为受到刑事处罚， || 签字注册会计师、项目质量控制复核人不存在可能影响独立性的情形。三、拟续
300795,2023-04-19,1216456098,米奥会展：关于续聘会计师事务所的公告,,True,签字注册会计师、项目质量控制复核人近三年存在因执业行为受到刑事处罚，受 || 签字注册会计师、项目质量控制复核人不存在可能影响独立性的情形。三、拟续
300798,2021-12-15,1211920785,锦鸡股份：关于变更签字注册会计师的公告,,True,师，指派沈培强为质量控制复核人。根据天健所出具的《关于变更签字注册
300795,2022-03-23,1212643206,*ST米奥：关于续聘会计师事务所的公告,,True,签字注册会计师、项目质量控制复核人近三年存在因执业行为受到刑事处罚，受 || 签字注册会计师、项目质量控制复核人不存在可能影响独立性的情形。三、拟续
300795,2024-03-27,1219411841,米奥会展：关于续聘会计师事务所的公告,,True,人签字注册会计师项目质量复核人员姓名何林飞杨鑫何时成为注册会计师20 || 签字注册会计师、项目质量复核人员近三年不存在因执业行为受到刑事处罚， || 签字注册会计师、项目质量复核人员不存在可能影响独立性的情形。4、审计
300798,2023-04-25,1216550194,锦鸡股份：关于续聘2023年度审计机构的公告,,True,签字注册会计师、项目质量控制复核人近三年不存在因执业行为受到刑事处罚， || 签字注册会计师、项目质量控制复核人不存在可能影响独立性的情形。4.审计
300798,2024-04-24,1219762481,锦鸡股份：关于续聘2024年度审计机构的公告,,True,签字注册会计师、项目质量控制复核人近三年不存在因执业行为受到刑事处罚， || 签字注册会计师、项目质量控制复核人不存在可能影响独立性的情形。4.审计
300803,2020-04-29,1207657346,指南针：关于拟聘任会计师事务所的公告,,True,程序，王娟拟担任项目质量控制复核人。王娟从事证券服务业务18年，负责审
300813,2022-04-19,1212960001,泰林生物：关于续聘天健会计师事务所（特殊普通合伙）为2022年度审计机构的公告,,True,奥锐特等上市公司复核人2020年度审计报告。2.诚信记录项 || 签字注册会计师、项目质量控制复核人近三年不存在因执业行为受到刑事处罚， || 签字注册会计师、项目质量控制复核人不存在可能影响独立性的情形。4、审计
300813,2020-04-28,1207638924,泰林生物：关于续聘天健会计师事务所（特殊普通合伙）为公司2020年度审计机构的公告,,True,在天健会计师17复核人事务所工作。2002年至今，拟签字注
300811,2020-04-20,1207525030,铂科新材：关于续聘公司2020年度审计机构的公告,,True,证券服务业15年复核人会计师务，具备相应专业胜任能力。20
300813,2024-04-24,1219771647,泰林生物：关于续聘天健会计师事务所（特殊普通合伙）为2024年度审计机构的公告,,True,人签字注册会计师项目质量复核人员姓名姚本霞刘崇朱俊峰何时成为注册会计 || 签字注册会计师、项目质量复核人员近三年不存在因执业行为受到刑事处罚， || 签字注册会计师、项目质量复核人员不存在可能影响独立性的情形。4、审计
300813,2023-04-04,1216314970,泰林生物：关于续聘天健会计师事务所（特殊普通合伙）为2023年度审计机构的公告,,True,签字注册会计师、项目质量控制复核人近三年不存在因执业行为受到刑事处罚， || 签字注册会计师、项目质量控制复核人不存在可能影响独立性的情形。4、审计
300813,2021-04-26,1209790084,泰林生物：关于续聘天健会计师事务所（特殊普通合伙）为2021年度审计机构的公告,,True,19年2021年复核人2.诚信记录项目合伙人、签字注册会计 || 签字注册会计师、项目质量控制复核人近三年不存在因执业行为受到刑事处罚， || 签字注册会计师、项目质量控制复核人不存在可能影响独立性的情形。二、拟续
300814,2023-04-25,1216558420,中富电路：关于拟续聘会计师事务所的公告,,True,专业胜任能力。拟项目质量控制复核人：余东红：1996年1月成为注册会计 || 签字注册会计师、项目质量控制复核人近三年未因执业行为受到刑事处罚，受到 || 签字注册会计师、项目质量控制复核人能够在执行本项目审计工作时保持独立性
300817,2022-04-20,1212977208,双飞股份：关于续聘2022年度审计机构的公告,,True,12年2021年复核人2020年，签署深圳市兆驰股份有限公 || 签字注册会计师、项目质量控制复核人近三年不存在因执业行为受到刑事处罚， || 签字注册会计师、项目质量控制复核人不存在可能影响独立性的情形。4、审计
300817,2021-04-23,1209772993,双飞股份：关于续聘2021年度审计机构的公告,,True,签字注册会计师、项目质量控制复核人近三年不存在因执业行为受到刑事处罚， || 签字注册会计师、项目质量控制复核人不存在可能影响独立性的情形。4、审计
300817,2024-04-19,1219667425,双飞集团：关于续聘2024年度审计机构的公告,,True,人签字注册会计师项目质量复核人员姓名叶喜撑张琳苏晓峰何时成为注册会计 || 签字注册会计师、项目质量复核人员近三年不存在因执业行为受到刑事处罚， || 签字注册会计师、项目质量复核人员不存在可能影响独立性的情形。4、审计
300817,2023-04-20,1216474274,双飞股份：关于续聘2023年度审计机构的公告,,True,2年2021年告复核人2022年，复核长盈精密、盛视科技、 || 签字注册会计师、项目质量控制复核人近三年不存在因执业行为受到刑事处罚， || 签字注册会计师、项目质量控制复核人不存在可能影响独立性的情形。4、审计
300819,2022-04-27,1213136815,聚杰微纤：关于续聘2022年度审计机构的公告,,True,签字注册会计师、项目质量控制复核人近三年不存在因执业行为受到刑事处罚， || 签字注册会计师、项目质量控制复核人不存在可能影响独立性的情形。4、审计
300819,2021-04-26,1209791444,聚杰微纤：关于续聘会计师事务所的公告,,True,签字注册会计师、项目质量控制复核人近三年不存在因执业行为受到刑事处罚， || 签字注册会计师、项目质量控制复核人不存在可能影响独立性的情形。4、审计
300819,2023-04-27,1216610331,聚杰微纤：关于续聘2023年度审计机构的公告,,True,签字注册会计师、项目质量控制复核人近三年不存在因执业行为受到刑事处罚， || 签字注册会计师、项目质量控制复核人不存在可能影响独立性的情形。4、审计
300819,2024-04-25,1219796293,聚杰微纤：关于续聘2024年度审计机构的公告,,True,签字注册会计师、项目质量控制复核人近三年不存在因执业行为受到刑事处罚， || 签字注册会计师、项目质量控制复核人不存在可能影响独立性的情形。4、审计
300822,2021-03-09,1209354013,贝仕达克：关于续聘公司2021年度审计机构的公告,,True,签字注册会计师、项目质量控制复核人近三年不存在因执业行为受到刑事处罚， || 签字注册会计师、项目质量控制复核人不存在可能影响独立性的情形。4．审计
300822,2024-04-20,1219692856,贝仕达克：关于续聘公司2024年度审计机构的公告,,True,人签字注册会计师项目质量复核人员姓名杨熹杨熹徐书华李正卫何时成为注册 || 签字注册会计师、项目质量控制复核人近三年不存在因执业行为受到刑事处罚， || 签字注册会计师、项目质量控制复核人不存在可能影响独立性的情形。4．审计
300822,2022-04-08,1212839322,贝仕达克：关于续聘公司2022年度审计机构的公告,,True,股份、东方电缆、复核人长川科技、兆丰股份、深赛格等。2.诚 || 签字注册会计师、项目质量控制复核人近三年不存在因执业行为受到刑事处罚， || 签字注册会计师、项目质量控制复核人不存在可能影响独立性的情形。4．审计
300822,2023-04-21,1216493509,贝仕达克：关于续聘公司2023年度审计机构的公告,,True,股份、东方电缆、复核人长川科技、兆丰股份、深赛格等。2.诚 || 签字注册会计师、项目质量控制复核人近三年不存在因执业行为受到刑事处罚， || 签字注册会计师、项目质量控制复核人不存在可能影响独立性的情形。4．审计
300825,2021-01-12,1209086903,阿尔特：关于续聘2020年度审计机构的公告,,True,审计报告。（3）质量控制复核人：杨铭姝立信中联合伙人，2006年成 || 签字注册会计师、项目质量控制复核人项目质量控制复核人近三年不存在因执业 || 目质量控制复核人项目质量控制复核人近三年不存在因执业行为受到刑事处罚， || 签字注册会计师、项目质量控制复核人等不存在可能影响独立性的情形。4、审
300835,2024-04-24,1219771837,龙磁科技：关于续聘2024年度审计机构的公告,,True,人签字注册会计师项目质量复核人员姓名王振宇吴楠王建兰何时成为注册会计 || 签字注册会计师、项目质量复核人员近三年不存在因执业行为受到刑事处罚， || 签字注册会计师、项目质量复核人员不存在可能影响独立性的情形。4.审计
300833,2021-04-28,1209835870,浩洋股份：关于拟续聘会计师事务所的公告,,True,形。项目合伙人、项目质量控制负责人、拟签字注册会计师均为从业经历丰富、
300835,2020-06-09,1207911828,龙磁科技：关于续聘2020年度审计机构的公告,,True,，负责审计和12复核人计师复核多家上市公司，具备相应专业胜
300835,2021-03-27,1209465770,龙磁科技：关于续聘2021年度审计机构的公告,,True,08年2021年复核人计报告；2020年，复核天士力、天奈 || 签字注册会计师、项目质量控制复核人近三年不存在因执业行为受到刑事处罚， || 签字注册会计师、项目质量控制复核人不存在可能影响独立性的情形。4.审计
300837,2024-04-25,1219793866,浙矿股份：浙矿重工股份有限公司关于续聘会计师事务所的公告,,True,023年2家章磊质量控制复核人2005年2003年2019年7月2 || 签字注册会计师、项目质量控制复核人近三年不存在因执业行为受到刑事处罚， || 签字注册会计师、项目质量控制复核人不存在可能影响独立性的情形。4.审计
300838,2021-03-31,1209488910,浙江力诺：关于续聘公司2021年度会计师事务所的公告,,True,审计报告。（2）质量控制复核人：余亚进执业资质：注册会计师从业经历 || 本公司审计项目的项目质量控制复核人，近三年复核超过10家上市公司审计报 || 签字会计师葛朋及质量控制复核人余亚进不存在违反《中国注册会计师职业
300838,2024-04-22,1219689785,浙江力诺：关于续聘公司2024年度审计机构的公告,,True,签字注册会计师、项目质量控制复核人近三年不存在因执业行为受到刑事处罚， || 签字注册会计师、项目质量控制复核人不存在可能影响独立性的情形。（三）审
300840,2020-12-15,1208901235,酷特智能：关于聘任2020年度审计机构的公告,,True,分的概况：无2、项目质量控制负责人吕凯信息执业资质：注册会计师证编号3
300840,2021-04-26,1209793415,酷特智能：关于聘任 2021年度审计机构的公告,,True,分的概况：无2、项目质量控制负责人吕凯信息执业资质：注册会计师证编号3
300849,2024-04-25,1219790411,锦盛新材：关于公司续聘会计师事务所的公告,,True,23年3家孔令江质量控制复核人2007年2004年2009年202 || 签字注册会计师、项目质量控制复核人近三年不存在因执业行为受到刑事处罚， || 签字注册会计师、项目质量控制复核人不存在可能影响独立性的情形4.审计收
300849,2022-04-23,1213047195,锦盛新材：关于公司续聘会计师事务所的公告,,True,20年2家孔令江质量控制复核人2007年2007年2009年8月2 || 签字注册会计师、项目质量控制复核人近三年不存在因执业行为受到刑事处罚、 || 签字注册会计师、项目质量控制复核人不存在可能影响独立性的情形4.审计收
300849,2023-04-22,1216521015,锦盛新材：关于公司续聘会计师事务所的公告,,True,23年1家孔令江质量控制复核人2007年2004年2009年202 || 签字注册会计师、项目质量控制复核人近三年存在因执业行为受到刑事处罚、受 || 签字注册会计师、项目质量控制复核人不存在可能影响独立性的情形4.审计收
300851,2022-03-31,1212744815,交大思诺：关于续聘公司2022年度审计机构的公告,,True,签字注册会计师、项目质量控制复核人近三年不存在因执业行为受到刑事处罚和 || 签字注册会计师、项目质量控制复核人不存在可能影响独立性的情形。4、审计
300851,2021-04-26,1209787248,交大思诺：关于续聘公司2021年度审计机构的公告,,True,签字注册会计师、项目质量控制复核人近三年不存在因执业行为受到刑事处罚和 || 签字注册会计师、项目质量控制复核人不存在可能影响独立性的情形。4、审计
300851,2024-04-25,1219787036,交大思诺：关于续聘公司2024年度审计机构的公告,,True,签字注册会计师、项目质量控制复核人近三年不存在因执业行为受到刑事处罚， || 签字注册会计师、项目质量控制复核人不存在可能影响独立性的情形。4、审计
300851,2023-04-26,1216578100,交大思诺：关于续聘公司2023年度审计机构的公告,,True,签字注册会计师、项目质量控制复核人近三年不存在因执业行为受到刑事处罚， || 签字注册会计师、项目质量控制复核人不存在可能影响独立性的情形。4、审计
300859,2024-04-23,1219743122,*ST西域：关于聘任2024年度财务报表和内部控制审计机构的公告,,True,单位兼职。拟安排项目质量复核人员：李洪高级合伙人，拥有中国注册会计师 || 签字注册会计师及质量复核人员近三年不存在因执业行为受到刑事处罚， || 签字注册会计师及质量复核人员不存在违反《中国注册会计师职业道德守
300859,2023-12-14,1218607665,*ST西域：关于变更公司2023年度财务报表和内部控制审计机构的公告,,True,单位兼职。拟安排项目质量复核人员：李洪高级合伙人，拥有中国注册会计师 || 签字注册会计师及质量复核人员近三年不存在因执业行为受到刑事处罚， || 签字注册会计师及质量复核人员不存在违反《中国注册会计师职业道德守
300864,2021-04-28,1209836344,南大环境：关于拟续聘会计师事务所的公告,,True,。拟委派魏娜担任项目质量控制负责人，拥有注册会计师执业资质。2005年 || 签字注册会计师及质量控制复核人员近三年不存在因执业行为受到刑事处罚 || 签字注册会计师及质量控制复核人员不存在违反《中国注册会计师职业道德
300861,2022-10-28,1214936012,美畅股份：关于变更会计师事务所的公告,,True,报告。（3）拟任质量控制复核人员：崔艳秋2001年获得中国注册会计 || 签字注册会计师、项目质量控制复核人近三年不存在因执业行为受到刑事处罚， || 签字注册会计师、项目质量控制复核人不存在违反《中国注册会计师职业道德守
300862,2023-10-27,1218164157,蓝盾光电：关于拟续聘会计师事务所的公告,,True,胜任能力。（3）项目质量控制复核人：朱来明朱来明先生，2021年成为中 || 签字注册会计师、项目质量控制复核人近三年（最近三个完整自然年度及当年） || 签字注册会计师、项目质量控制复核人等从业人员不存在违反《中国注册会计师
300864,2022-04-28,1213168796,南大环境：关于拟续聘会计师事务所的公告,,True,605286）等项目质量控制复核人。拟签字注册会计师王静：拥有注册会计 || 。拟委派魏娜担任项目质量控制负责人，拥有注册会计师执业资质。2005年 || 签字注册会计师及质量控制复核人员近三年不存在因执业行为受到刑事处罚 || 签字注册会计师及质量控制复核人员不存在违反《中国注册会计师职业道德
300862,2024-04-22,1219701360,蓝盾光电：关于拟续聘会计师事务所的公告,,True,胜任能力。（3）项目质量控制复核人：朱来明朱来明先生，2021年成为中 || 签字注册会计师、项目质量控制复核人近三年（最近三个完整自然年度及当年） || 签字注册会计师、项目质量控制复核人等从业人员不存在违反《中国注册会计师
300878,2022-04-29,1213209517,维康药业：关于拟续聘会计师事务所的公告,,True,签字注册会计师、项目质量控制复核人近三年不存在因执业行为受到刑事处罚， || 签字注册会计师、项目质量控制复核人不存在可能影响独立性的情形。4、审计
300878,2021-12-15,1211904936,维康药业：关于拟续聘会计师事务所的公告,,True,签字注册会计师、项目质量控制复核人近三年不存在因执业行为受到刑事处罚， || 签字注册会计师、项目质量控制复核人不存在可能影响独立性的情形。4、审计
300879,2022-04-19,1212960671,大叶股份：2022-009 关于续聘会计师事务所的公告,,True,20052020复核人电子2020年年报、签署浙江东日20 || 签字注册会计师、项目质量控制复核人近三年不存在因执业行为受到刑事处罚， || 签字注册会计师、项目质量控制复核人不存在可能影响独立性的情形。三、续聘
300878,2023-04-28,1216656048,维康药业：关于拟续聘会计师事务所的公告,,True,998年不适用制复核人榨菜等上市公司审计报告。2、诚信记录 || 签字注册会计师、项目质量控制复核人近三年不存在因执业行为受到刑事处罚， || 签字注册会计师、项目质量控制复核人不存在可能影响独立性的情形。4、审计
300878,2024-04-29,1219868615,维康药业：关于拟续聘会计师事务所的公告,,True,、南华期货、宁制复核人波华翔等上市公司2、诚信记录项目合伙 || 签字注册会计师、项目质量控制复核人近三年不存在因执业行为受到刑事处罚， || 签字注册会计师、项目质量控制复核人不存在可能影响独立性的情形。4、审计
300879,2023-04-18,1216439564,大叶股份：关于续聘会计师事务所的公告,,True,20052020复核人电子2021年年报、复核大叶股份、拱 || 签字注册会计师、项目质量控制复核人近三年不存在因执业行为受到刑事处罚， || 签字注册会计师、项目质量控制复核人不存在可能影响独立性的情形。4.审计
300879,2024-04-23,1219741944,大叶股份：关于续聘会计师事务所的公告,,True,人签字注册会计师项目质量复核人员姓名黄元喜汤哲人王建甫何时成为注册会 || 签字注册会计师、项目质量复核人员近三年不存在因执业行为受到刑事处罚， || 签字注册会计师、项目质量复核人员不存在可能影响独立性的情形。4.审计
300882,2021-04-28,1209826147,万胜智能：拟续聘会计师事务所的公告,,True,020年[注2]复核人[注1]:2020年签署浙大网新、甬 || 签字注册会计师、项目质量控制复核人近三年不存在因执业行为受到刑事处罚， || 签字注册会计师、项目质量控制复核人不存在可能影响独立性的情形。4.审计
300881,2022-10-17,1214806067,盛德鑫泰：盛德鑫泰新材料股份有限公司关于续聘2022年度审计机构的公告,,True,人签字注册会计师质量控制复核人项目王文凯徐文祥徐雅芬何时成为注册会 || 司年度审计报告；项目质量控制复核人徐雅芬近三年复核了博瑞生物医药（苏州 || 签字注册会计师、项目质量控制复核人近三年不存在因执业行为受到刑事处罚， || 签字注册会计师、项目质量控制复核人等均不存在违反《中国注册会计师职业道
300882,2024-04-23,1219746065,万胜智能：关于公司拟续聘会计师事务所的公告,,True,人签字注册会计师项目质量复核人员姓名钟建国杨国庆严善明何时成为注册会 || 签字注册会计师、项目质量控制复核人近三年未受到过刑事处罚，未受到过证监 || 签字注册会计师、项目质量控制复核人不存在可能影响独立性的情形。4.审计
300882,2022-04-12,1212880111,万胜智能：拟续聘会计师事务所的公告,,True,020年[注2]复核人[注1]:2021年签署尖峰集团、拱 || 签字注册会计师、项目质量控制复核人近三年未受到过刑事处罚，未受到过证监 || 签字注册会计师、项目质量控制复核人不存在可能影响独立性的情形。4.审计
300886,2021-03-29,1209461639,华业香料：关于续聘2021年度审计机构的公告,,True,年李海成50家制复核人2月1月2月1月2、诚信记录项目合伙 || 签字注册会计师、项目质量控制复核人近三年未因执业行为受到刑事处罚，受到 || 签字注册会计师、项目质量控制复核人能够在执行本项目审计工作时保持独立性
300882,2023-04-25,1216552319,万胜智能：关于公司拟续聘会计师事务所的公告,,True,020年[注2]复核人[注1]:2022年签署泛亚微透、民 || 签字注册会计师、项目质量控制复核人近三年未受到过刑事处罚，未受到过证监 || 签字注册会计师、项目质量控制复核人不存在可能影响独立性的情形。4.审计
300886,2022-04-15,1212918056,华业香料：关于续聘2022年度审计机构的公告,,True,年王春媛50家制复核人7月12月2月12月2、诚信记录项目 || 签字注册会计师、项目质量控制复核人近三年未因执业行为受到刑事处罚，受到 || 签字注册会计师、项目质量控制复核人能够在执行本项目审计工作时保持独立性
300887,2022-04-23,1213061125,谱尼测试：关于续聘2022年度审计机构的公告,,True,他单位兼职。质控复核人：陈军，1999年成为注册会计师，2 || 目合伙人孟庆祥、项目质量控制复核人陈军近三年未因执业行为受到刑事处罚，
300886,2023-04-07,1216342091,华业香料：关于续聘2023年度审计机构的公告,,True,年王春媛50家制复核人7月12月2月8月2、诚信记录项目合 || 签字注册会计师、项目质量控制复核人近三年未因执业行为受到刑事处罚，受到 || 签字注册会计师、项目质量控制复核人能够在执行本项目审计工作时保持独立性
300891,2023-04-14,1216410865,惠云钛业：关于变更签字注册会计师及项目质量控制复核人的公告,,True,签字注册会计师及项目质量控制复核人的公告本公司及董事会全体成员保证信息 || 签字注册会计师及项目质量控制复核人的函》，现就具体情况公告如下：大华会 || 计服务，王曙晖为项目质量控制复核人为公司的审计服务项目提供复核工作。鉴 || ，王曙晖不再作为项目质量控制复核人，大华会计事务所现指派刘明学、包婕为 || ；指派赵艳灵担任项目质量控制复核人。一、本次变更签字注册会计师及项目质 || 注册会计师及项目质量复核人的基本信息项目签字注册会计师包婕：包
300887,2023-04-20,1216479826,谱尼测试：关于拟续聘2023年度审计机构的公告,,True,他单位兼职。质控复核人：熊宇，2007年成为注册会计师，2 || 目合伙人孟庆祥、项目质量控制复核人熊宇近三年未因执业行为受到刑事处罚，
300887,2021-03-19,1209411162,谱尼测试：关于拟续聘2021年度审计机构的公告,,True,的审计报告。质控复核人：郭健，2004年成为注册会计师，2
300893,2022-04-27,1213132674,松原股份：关于续聘公司2022年度审计机构的公告,,True,签字注册会计师、项目质量控制复核人近三年不存在因执业行为受到刑事处罚， || 签字注册会计师、项目质量控制复核人不存在可能影响独立性的情形。4.审计
300893,2021-04-16,1209702378,松原股份：关于续聘公司2021年度审计机构的公告,,True,签字注册会计师、项目质量控制复核人近三年不存在因执业行为受到刑事处罚， || 签字注册会计师、项目质量控制复核人不存在可能影响独立性的情形。4.审计
300893,2023-04-18,1216438325,松原股份：关于续聘公司2023年度审计机构的公告,,True,签字注册会计师、项目质量控制复核人近三年不存在因执业行为受到刑事处罚， || 签字注册会计师、项目质量控制复核人不存在可能影响独立性的情形。4.审计
300893,2024-04-16,1219622035,松原股份：关于续聘公司2024年度审计机构的公告,,True,人签字注册会计师项目质量复核人员姓名孙敏金杨杨张芹何时成为注册会计师 || 签字注册会计师、项目质量复核人员近三年不存在因执业行为受到刑事处罚， || 签字注册会计师、项目质量控制复核人不存在可能影响独立性的情形。4.审计
300894,2021-04-21,1209739488,火星人：关于续聘会计师事务所的公告,,True,今在天中国注册会项目质量控制复核人陈孛健会计师事务所从事审19计师计相 || 签字注册会计师、项目质量控制复核人近三年不存在因执业行为受到刑事处罚， || 签字注册会计师、项目质量控制复核人不存在可能影响独立性的情形。4、审计
300894,2022-04-15,1212921130,火星人：关于续聘会计师事务所的公告,,True,媒、海目星、8月复核人三圣股份等证券服务业务项目组成员姓名 || 今在天中国注册会项目质量控制复核人陈孛健会计师事务所从事审20计师计相 || 签字注册会计师、项目质量控制复核人近三年不存在因执业行为受到刑事处罚， || 签字注册会计师、项目质量控制复核人不存在可能影响独立性的情形。4、审计
300894,2024-04-22,1219704321,火星人：关于续聘会计师事务所的公告,,True,川科技、英派瑞等复核人2、诚信记录项目合伙人、拟签字注册会 || 签字注册会计师、项目质量控制复核人近三年不存在因执业行为受到刑事处罚， || 签字注册会计师、项目质量控制复核人不存在可能影响独立性的情形。4、审计
300894,2023-04-25,1216555241,火星人：关于续聘会计师事务所的公告,,True,川科技、英派瑞等复核人2、诚信记录项目合伙人、拟签字注册会 || 签字注册会计师、项目质量控制复核人近三年不存在因执业行为受到刑事处罚， || 签字注册会计师、项目质量控制复核人不存在可能影响独立性的情形。4、审计
300902,2021-03-23,1209427697,国安达：国安达股份有限公司关于续聘公司2021年度审计机构的公告,,True,签字注册会计师、项目质量控制复核人近三年不存在因执业行为受到刑事处罚， || 签字注册会计师、项目质量控制复核人不存在可能影响独立性的情形。4、审计
300902,2022-04-25,1213058327,国安达：关于续聘公司2022年度审计机构的公告,,True,签字注册会计师、项目质量控制复核人近三年不存在因执业行为受到刑事处罚， || 签字注册会计师、项目质量控制复核人不存在可能影响独立性的情形。4、审计
300906,2021-04-22,1209757876,日月明：关于拟续聘公司2021年度审计机构的公告,,True,审计报告情况。拟项目质量控制复核人：王娟(系独立复核，因事务所可能轮换 || 签字注册会计师、项目质量控制复核人近三年未因执业行为受到刑事处罚，未受 || 签字注册会计师、项目质量控制复核人不存在可能影响独立性的情形。4、审计
300902,2024-04-23,1219737518,国安达：国安达股份有限公司关于续聘公司2024年度审计机构的公告,,True,人签字注册会计师项目质量复核人员姓名陈祖珍王冰冰陈瑛瑛何时成为注册会 || 签字注册会计师、项目质量控制复核人近三年存在因执业行为受到刑事处罚，受 || 签字注册会计师、项目质量控制复核人不存在可能影响独立性的情形。4、审计
300902,2023-04-24,1216526801,国安达：关于续聘公司2023年度审计机构的公告,,True,签字注册会计师、项目质量控制复核人近三年存在因执业行为受到刑事处罚，受 || 签字注册会计师、项目质量控制复核人不存在可能影响独立性的情形。4、审计
300904,2023-12-15,1218621862,威力传动：关于续聘2023年度审计机构的公告,,True,1年公司包括新和复核人成、轻纺城等2、诚信记录项目合伙人、 || 签字注册会计师、项目质量控制复核人近三年不存在因执业行为受到刑事处罚， || 签字注册会计师、项目质量控制复核人不存在可能影响独立性的情形。4、审计
300907,2021-04-10,1209668492,康平科技：关于续聘2021年度审计机构公告,,True,过5家。②拟担任独立复核合伙人：张为先生1996年获得中国注册会计 || 签字注册会计师、项目质量控制复核人近三年无执业行为受到刑事处罚，受到证 || 签字注册会计师、项目质量控制复核人等从业人员不存在违反《中国注册会计师
300910,2024-03-27,1219412821,瑞丰新材：关于拟续聘会计师事务所的公告,,True,月3年4家陆炜炜质量控制复核人2007年2005年2019年8月2 || 签字注册会计师、项目质量控制复核人近三年不存在因执业行为受到刑事处罚， || 胡琳波、张林，及质量控制复核人陆炜炜不存在违反《中国注册会计师职业
300905,2023-03-30,1216259176,宝丽迪：关于续聘2023年审计机构的公告,,True,20年2022年质量控制复核人徐立群（1）项目合伙人近三年从业情况 || 项目负责人（3）质量控制复核人近三年从业情况：姓名：时间上市公司名 || 签字注册会计师和质量控制复核人不存在违反《中国注册会计师职业道德守
300912,2022-04-29,1213210884,凯龙高科：关于聘请天健会计师事务所(特殊普通合伙)为公司2022年度审计机构的公告,,True,中原家居和恒生电复核人月子2019年度审计报告；2021年 || 签字注册会计师、项目质量控制复核人近三年不存在因执业行为受到刑事处罚， || 签字注册会计师、项目质量控制复核人不存在可能影响独立性的情形。4.审计
300912,2021-04-15,1209692670,凯龙高科：关于聘请天健会计师事务所(特殊普通合伙)为公司2021年度审计机构的公告,,True,04年2021年复核人月报告；2020年度签署银都股份、利 || 签字注册会计师、项目质量控制复核人近三年不存在因执业行为受到刑事处罚， || 签字注册会计师、项目质量控制复核人不存在可能影响独立性的情形。三、拟续
300912,2023-04-26,1216587487,凯龙高科：关于聘请天健会计师事务所(特殊普通合伙)为公司2023年度审计机构的公告,,True,签字注册会计师、项目质量控制复核人近三年不存在因执业行为受到刑事处罚， || 签字注册会计师、项目质量控制复核人不存在可能影响独立性的情形。4.审计
300913,2021-04-23,1209775199,兆龙互连：关于续聘会计师事务所的公告,,True,签字注册会计师、项目质量控制复核人近三年因执业行为受到刑事处罚，受到证 || 签字注册会计师、项目质量控制复核人等不存在可能影响独立性的情形。4.审
300916,2020-12-31,1209031185,朗特智能：关于公司续聘会计师事务所的公告,,True,序，刘立宇拟担任项目质量控制复核人。刘立宇，注册会计师、注册税务师，自 || 大资产重组业务的项目质量控制复核人。（五）诚信记录最近三年，致同所未有
300913,2023-04-25,1216562395,兆龙互连：关于续聘会计师事务所的公告,,True,年2022年注3复核人注1：2020年，签署杭锅股份、精功 || 签字注册会计师、项目质量控制复核人近三年不存在因执业行为受到刑事处罚， || 签字注册会计师、项目质量控制复核人不存在可能影响独立性的情形。4、审计
300913,2024-04-29,1219868032,兆龙互连：关于续聘会计师事务所的公告,,True,人签字注册会计师项目质量复核人员姓名朱国刚章智华祝芹敏何时成为注册会 || 签字注册会计师、项目质量控制复核人员近三年不存在因执业行为受到刑事处罚 || 签字注册会计师、项目质量控制复核人员不存在可能影响独立性的情形。4、审
300919,2023-04-27,1216618838,中伟股份：关于续聘会计师事务所的公告,,True,程序，莫伟拟担任项目质量控制复核人。莫伟2009年成为注册会计师，20 || 签字注册会计师和质量控制复核人不存在违反《中国注册会计师职业道德守
300919,2022-03-16,1212581463,中伟股份：关于续聘会计师事务所的公告,,True,军及其团队拟担任项目质量控制复核人。王军1998年成为注册会计师，20 || 签字注册会计师和质量控制复核人不存在违反《中国注册会计师职业道德守
300919,2024-04-24,1219773605,中伟股份：关于续聘会计师事务所的公告,,True,程序，莫伟拟担任项目质量控制复核人。莫伟，2009年2成为注册会计师， || 签字注册会计师和质量控制复核人不存在违反《中国注册会计师职业道德守
300923,2022-04-26,1213113189,研奥股份：关于续聘会计师事务所的公告,,True,注册会计师李满、项目质量控制复核人郭丽娟近三年未因执业行为受到刑事处罚 || 签字注册会计师、项目质量控制复核人不存在可能影响独立性的情形，具备相应
300923,2023-04-24,1216519265,研奥股份：关于续聘会计师事务所的公告,,True,注册会计师李满、项目质量控制复核人盖大江近三年未因执业行为受到刑事处罚 || 签字注册会计师、项目质量控制复核人不存在可能影响独立性的情形，具备相应
300925,2021-04-29,1209848923,法本信息：关于续聘2021年度审计机构的公告,,True,签字注册会计师、项目质量控制复核人近三年不存在因执业行为受到刑事处罚， || 签字注册会计师、项目质量控制复核人不存在可能影响独立性的情形。三、拟续
300923,2024-04-23,1219746351,研奥股份：关于续聘会计师事务所的公告,,True,注册会计师李满、项目质量控制复核人盖大江近三年未因执业行为受到刑事处罚 || 签字注册会计师、项目质量控制复核人不存在可能影响独立性的情形，具备相应
300925,2024-04-29,1219858232,法本信息：关于续聘公司2024年度审计机构的公告,,True,签字注册会计师、项目质量控制复核人近三年不存在因执业行为受到刑事处罚， || 签字注册会计师、项目质量控制复核人不存在可能影响独立性的情形。4、审计
300927,2023-12-15,1218634538,江天化学：关于审计机构变更签字会计师的公告,,True,会计师，刘玉显为独立复核合伙人。鉴于原项目合伙人及签字注册会计师陈
300925,2022-04-26,1213107040,法本信息：关于续聘2022年度审计机构的公告,,True,签字注册会计师、项目质量控制复核人近三年不存在因执业行为受到刑事处罚， || 签字注册会计师、项目质量控制复核人不存在可能影响独立性的情形。三、拟续
300925,2023-04-26,1216583710,法本信息：关于续聘2023年度审计机构的公告,,True,签字注册会计师、项目质量控制复核人近三年不存在因执业行为受到刑事处罚， || 签字注册会计师、项目质量控制复核人不存在可能影响独立性的情形。三、拟续
300930,2022-04-19,1212962010,屹通新材：关于续聘会计师事务所的公告,,True,师林旺、王吕军、项目质量控制复核人吴志辉近三年未受到刑事处罚、行政处罚 || 签字注册会计师、项目质量控制复核人不存在可能影响独立性的情形。4.审计
300930,2024-04-23,1219741828,屹通新材：关于续聘会计师事务所的公告,,True,人签字注册会计师项目质量复核人员姓名边珊姗王吕军吴志辉何时成为200 || 签字注册会计师、项目质量复核人员近三年不存在因执业行为受到刑事处罚， || 签字注册会计师、项目质量复核人员不存在可能影响独立性的情形。4.审计
300930,2021-04-23,1209769657,屹通新材：关于续聘会计师事务所的公告,,True,达环保、九洲电气复核人2018年度审计报告；2018年签署 || 2、项目合伙人、项目质量控制负责人、签字注册会计师不存在违反《中国注册
300930,2023-04-18,1216435453,屹通新材：关于续聘会计师事务所的公告,,True,签字注册会计师、项目质量控制复核人近三年不存在因执业行为受到刑事处罚， || 签字注册会计师、项目质量控制复核人不存在可能影响独立性的情形。4.审计
300938,2021-04-28,1209829252,信测标准：关于拟续聘2021年度审计机构的公告,,True,的审计报告。质控复核人：崔松，中国注册会计师，授薪合伙人。
300939,2021-04-21,1209739084,秋田微：关于续聘会计师事务所的公告,,True,签字注册会计师、项目质量控制复核人近三年不存在因执业行为受到刑事处罚， || 签字注册会计师、项目质量控制复核人不存在可能影响独立性的情形。三、续聘
300939,2024-04-20,1219700853,秋田微：关于续聘会计师事务所的公告,,True,人签字注册会计师项目质量复核人员姓名龙琦刘冬群宋鑫何时成为注册201 || 签字注册会计师、项目质量复核人员近三年不存在因执业行为受到刑事处罚， || 签字注册会计师、项目质量复核人员不存在可能影响独立性的情形。4、审计
300939,2023-04-20,1216477653,秋田微：关于续聘会计师事务所的公告,,True,股份等上市公司制复核人2020年度审计报告；2020年，签 || 签字注册会计师、项目质量控制复核人近三年不存在因执业行为受到刑事处罚， || 签字注册会计师、项目质量控制复核人不存在可能影响独立性的情形。4、审计
300945,2021-04-15,1209690541,曼卡龙：关于续聘会计师事务所的公告,,True,签字注册会计师、项目质量控制复核人近三年不存在因执业行为受到刑事处罚， || 签字注册会计师、项目质量控制复核人不存在可能影响独立性的情形。4.审计
300943,2024-04-23,1219734429,春晖智控：关于拟续聘会计师事务所的公告,,True,人签字注册会计师项目质量复核人员姓名丁锡锋胡清周立新何时成为注册20 || 签字注册会计师、项目质量控制复核人近三年不存在因执业行为受到刑事处罚， || 签字注册会计师、项目质量控制复核人不存在可能影响独立性的情形。4、审计
300945,2022-04-22,1213018915,曼卡龙：关于续聘会计师事务所的公告,,True,签字注册会计师、项目质量控制复核人近三年不存在因执业行为受到刑事处罚， || 签字注册会计师、项目质量控制复核人不存在可能影响独立性的情形。4.审计
300943,2023-04-25,1216551312,春晖智控：关于拟续聘会计师事务所的公告,,True,签字注册会计师、项目质量控制复核人近三年不存在因执业行为受到刑事处罚， || 签字注册会计师、项目质量控制复核人不存在可能影响独立性的情形。4.审计
300945,2023-04-15,1216412622,曼卡龙：关于续聘会计师事务所的公告,,True,签字注册会计师、项目质量控制复核人近三年不存在因执业行为受到刑事处罚， || 签字注册会计师、项目质量控制复核人不存在可能影响独立性的情形。4.审计
300945,2024-04-27,1219862926,曼卡龙：关于续聘会计师事务所的公告,,True,人签字注册会计师项目质量复核人员姓名方国华顾未张颖何时成为注册会计师 || 签字注册会计师、项目质量复核人员近三年不存在因执业行为受到刑事处罚， || 签字注册会计师、项目质量复核人员不存在可能影响独立性的情形。4.审计
300948,2022-04-26,1213104581,冠中生态：关于续聘公司2022年度审计机构的公告,,True,任能力：具备3.项目质量控制复核人姓名：杨勇执业资质：CPA从业经历： || 签字注册会计师、项目质量控制复核人不存在违反《中国注册会计师职业道德守
300948,2024-04-26,1219815063,冠中生态：关于续聘公司2024年度审计机构的公告,,True,任能力：具备3.项目质量控制复核人姓名：杨勇执业资质：CPA从业经历： || 签字注册会计师、项目质量控制复核人不存在违反《中国注册会计师职业道德守
300948,2023-04-28,1216645418,冠中生态：关于续聘公司2023年度审计机构的公告,,True,任能力：具备3.项目质量控制复核人姓名：杨勇执业资质：CPA从业经历： || 签字注册会计师、项目质量控制复核人不存在违反《中国注册会计师职业道德守
300951,2021-04-09,1209659235,博硕科技：关于续聘会计师事务所的公告,,True,签字注册会计师、项目质量控制复核人近三年不存在因执业行为受到刑事处罚， || 签字注册会计师、项目质量控制复核人不存在可能影响独立性的情形。4、审计
300953,2024-04-22,1219690707,震裕科技：关于续聘2024年度会计师事务所的公告,,True,2022年11家复核人2.诚信记录项目合伙人、签字注册会计 || 签字注册会计师、项目质量控制复核人近三年不存在因执业行为受到刑事处罚， || 签字注册会计师、项目质量控制复核人不存在可能影响独立性的情形。4.审计
300951,2023-04-20,1216473451,博硕科技：深圳市博硕科技股份有限公司关于续聘会计师事务所的公告,,True,年2021年注3复核人注1：2022年，签署贵州百灵、三圣 || 签字注册会计师、项目质量控制复核人近三年不存在因执业行为受到刑事处罚， || 签字注册会计师、项目质量控制复核人不存在可能影响独立性的情形。（4）审
300953,2022-04-02,1212809490,震裕科技：关于续聘2022年度会计师事务所的公告,,True,签字注册会计师、项目质量控制复核人近三年不存在因执业行为受到刑事处罚， || 签字注册会计师、项目质量控制复核人不存在可能影响独立性的情形。4.审计
300953,2023-04-01,1216300310,震裕科技：关于续聘2023年度会计师事务所的公告,,True,签字注册会计师、项目质量控制复核人近三年不存在因执业行为受到刑事处罚， || 签字注册会计师、项目质量控制复核人不存在可能影响独立性的情形。4.审计
300951,2024-04-22,1219694570,博硕科技：深圳市博硕科技股份有限公司关于续聘会计师事务所的公告,,True,年2021年注1复核人注1：2023年，签署和达科技、新亚 || 签字注册会计师、项目质量控制复核人近三年不存在因执业行为受到刑事处罚， || 签字注册会计师、项目质量控制复核人不存在可能影响独立性的情形。（4）审
300963,2023-12-07,1218545181,中洲特材：关于变更签字注册会计师的公告,,True,会计师、陆友毅为质量控制复核人为公司提供2023年度审计服务。因众 || 会计师、陆友毅为质量控制复核人，继续完成公司2023年度审计相关工
300963,2021-04-27,1209809364,中洲特材：关于续聘会计师事务所的公告,,True,等上市公司审计的质量控制复核人。2、诚信记录项目合伙人李文祥、签字
300968,2022-04-26,1213100195,格林精密：关于续聘会计师事务所的公告,,True,00年2020年复核人业、传音控股等2019年度审计报告； || 签字注册会计师、项目质量控制复核人近三年不存在因执业行为受到刑事处罚， || 签字注册会计师、项目质量控制复核人不存在可能影响独立性的情形。34、审
300968,2021-04-28,1209835466,格林精密：公司关于续聘会计师事务所的公告,,True,签字注册会计师、项目质量控制复核人近三年不存在因执业行为受到刑事处罚， || 签字注册会计师、项目质量控制复核人不存在可能影响独立性的情形。34、审
300970,2022-12-16,1215376111,华绿生物：关于变更签字注册会计师的公告,,True,士和王梅女士作为质量控制复核人员。鉴于上述人员为公司提供审计服务的 || 师，李洋先生作为项目质量控制复核人员完成相关工作。二、本次变更签字注册
300970,2021-04-28,1209837144,华绿生物：关于续聘会计师事务所的公告,,True,，韩瑞3红拟担任项目质量控制复核人。韩瑞红从事证券服务业务24年以上，
300968,2023-10-27,1218164756,格林精密：关于续聘会计师事务所的公告,,True,音控股、天士力制复核人等上市公司年度审计报告2、诚信记录3 || 签字注册会计师、项目质量控制复核人近三年不存在因执业行为受到刑事处罚， || 签字注册会计师、项目质量控制复核人不存在可能影响独立性的情形。4、审计
300970,2023-04-24,1216524428,华绿生物：关于续聘2023年度审计机构的公告,,True,、刑事处罚。3、质量控制复核人：李洋（1）从业经历2005年成为注 || 签字注册会计师、项目质量控制复核人不存在可能影响独立性的情形。5、审计
300970,2024-04-23,1219744147,华绿生物：关于续聘2024年度审计机构的公告,,True,、刑事处罚。3、质量控制复核人：李洋（1）从业经历2005年成为注 || 签字注册会计师、项目质量控制复核人不存在可能影响独立性的情形。5、审计
300980,2021-04-29,1209854638,祥源新材：关于续聘2021年度审计机构的公告,,True,签字注册会计师、项目质量控制复核人近三年不存在因执业行为受到刑事处罚， || 签字注册会计师、项目质量控制复核人不存在可能影响独立性的情形。4.审计
300980,2022-04-26,1213118444,祥源新材：关于公司续聘2022年度审计机构的公告,,True,签字注册会计师、项目质量控制复核人近三年不存在因执业行为受到刑事处罚， || 签字注册会计师、项目质量控制复核人不存在可能影响独立性的情形。4.审计
300977,2023-10-27,1218165082,深圳瑞捷：关于拟续聘会计师事务所的公告,,True,023年2翟晓宁质量控制复核人2008年2007年2009年9月2 || 签字注册会计师、项目质量控制复核人近三年不存在因执业行为受到刑事处罚， || 签字注册会计师、项目质量控制复核人不存在可能影响独立性的情形。4.审计
300985,2024-03-21,1219372602,致远新能：关于变更签字注册会计师及项目质量复核人员的公告,,True,签字注册会计师及项目质量复核人员的公告本公司及董事会全体成员保证信息 || 签字注册会计师及项目质量复核人员的函》，现将相关情况公告如下：一、签 || 计服务、范鹏飞为项目质量复核人员为公司的审计服务项目提供复核工作。鉴 || 册会计师陈英杰及项目质量复核人员范鹏飞工作调整，根据大华所《业务质量 || 会计师，宋春磊为项目质量复核人员，负责公司2023年度财务报表审计及 || 签字注册会计师及项目质量复核人员情况项目签字注册会计师杨卫国：200
300980,2024-04-26,1219831913,祥源新材：关于续聘2024年度审计机构的公告,,True,力股份、钱江水制复核人利、开勒股份2021年度审计报告；2 || 签字注册会计师、项目质量复核人员近三年不存在因执业行为受到刑事处罚， || 签字注册会计师、项目质量复核人员不存在可能影响独立性的情形。4、审计
300977,2022-10-27,1214919404,深圳瑞捷：关于续聘中汇会计师事务所（特殊普通合伙）为2022年度审计机构的公告,,True,022年6翟晓宁质量控制复核人2008年2006年2009年9月2 || 签字注册会计师、项目质量控制复核人近三年不存在因执业行为受到刑事处罚， || 签字注册会计师、项目质量控制复核人不存在可能影响独立性的情形。4、审计
300980,2023-04-28,1216660733,祥源新材：关于续聘2023年度审计机构的公告,,True,4年2020年制复核人年度审计报告，复核富春环保、济民医疗 || 签字注册会计师、项目质量控制复核人近三年不存在因执业行为受到刑事处罚， || 签字注册会计师、项目质量控制复核人不存在可能影响独立性的情形。4、审计
300989,2023-03-10,1216093298,蕾奥规划：关于变更签字注册会计师及项目质量复核人员的公告,,True,签字注册会计师及项目质量复核人员的公告本公司及董事会全体成员保证信息 || 签字注册会计师及项目质量复核人员的函》，具体情况公告如下：一、签字注 || 签字注册会计师及项目质量复核人员变更情况亚太会计师事务所作为公司聘请 || 会计师，李霞梅为项目质量复核人员为公司提供审计服务及复核工作。鉴于亚 || 会计师，陈启生为项目质量复核人员，继续完成公司2022年度财务报表审 || 签字注册会计师及项目质量复核人员的信息1、基本信息签字注册会计师郑志
300990,2023-04-26,1216577750,同飞股份：关于续聘会计师事务所的公告,,True,签字注册会计师、项目质量控制复核人近三年存在因执业行为受到刑事处罚，受 || 签字注册会计师、项目质量控制复核人不存在违反《中国注册会计师职业道德守
300990,2022-04-25,1213051532,同飞股份：关于续聘会计师事务所的公告,,True,签字注册会计师、项目质量控制复核人近三年均不存在因执业行为受到刑事处罚 || 签字注册会计师、项目质量控制复核人不存在违反《中国注册会计师职业道德守
300990,2024-04-16,1219619303,同飞股份：关于续聘会计师事务所的公告,,True,签字注册会计师、项目质量控制复核人近三年存在因执业行为受到刑事处罚，受 || 签字注册会计师、项目质量控制复核人不存在违反《中国注册会计师职业道德守
300992,2022-04-25,1213049364,泰福泵业：关于拟续聘会计师事务所的公告,,True,签字注册会计师、项目质量控制复核人近三年不存在因执业行为受到刑事处罚， || 签字注册会计师、项目质量控制复核人不存在可能影响独立性的情形。4、审计
300992,2024-04-29,1219861886,泰福泵业：关于拟续聘会计师事务所的公告,,True,息签字注册会计师项目质量复核人员字注册会计师姓名梁志勇王文李元良何时 || 签字注册会计师、项目质量复核人员近三年不存在因执业行为受到刑事处罚， || 签字注册会计师、项目质量复核人员不存在可能影响独立性的情形。4、审计
300992,2023-04-26,1216582841,泰福泵业：关于拟续聘会计师事务所的公告,,True,签字注册会计师、项目质量控制复核人近三年不存在因执业行为受到刑事处罚， || 签字注册会计师、项目质量控制复核人不存在可能影响独立性的情形。4、审计
300993,2021-12-29,1212045399,玉马遮阳：关于变更会计师事务所的公告,,True,家。（3）拟安排项目质量控制复核人员：沈佳云管理合伙人，注册会计师，1 || 签字注册会计师及质量控制复核人员近三年不存在因执业行为受到刑事处罚 || 签字注册会计师及质量控制复核人员不存在违反《中国注册会计师职业道德
300994,2024-04-22,1219695177,久祺股份：关于续聘2024年度会计师事务所的公告,,True,人签字注册会计师项目质量控制复核人姓名沈云强陈梦回管金明何时成为注册会 || 签字注册会计师、项目质量控制复核人近三年不存在因执业行为受到刑事处罚， || 签字注册会计师、项目质量控制复核人不存在可能影响独立性的情形。（三）审
300994,2022-04-23,1213048767,久祺股份：关于续聘2022年度会计师事务所的公告,,True,2018无李伟海质量控制复核人2007200520072021签署 || 签字注册会计师、项目质量控制复核人近三年不存在因执业行为受到刑事处罚， || 签字注册会计师、项目质量控制复核人不存在可能影响独立性的情形。（三）审
300994,2023-04-24,1216519429,久祺股份：关于续聘2023年度会计师事务所的公告,,True,年久祺股份李伟海质量控制复核人2007年2005年2007年202 || 签字注册会计师、项目质量控制复核人近三年不存在因执业行为受到刑事处罚， || 签字注册会计师、项目质量控制复核人不存在可能影响独立性的情形。（三）审
301003,2022-03-01,1212470704,江苏博云：关于续聘2022年度审计机构的公告,,True,审计报告。（3）项目质量控制复核人常桂华常桂华，2000年2月成为注册 || 签字注册会计师和项目质量控制复核人近三年不存在因执业行为受到刑事处罚， || 签字注册会计师和项目质量控制复核人不存在违反《中国注册会计师职业道德守
301004,2022-04-26,1213102314,嘉益股份：关于续聘会计师事务所的公告,,True,注册会计师徐丹、项目质量控制复核人魏五军近三年不存在因执业行为受到刑事 || 签字注册会计师、项目质量控制复核人不存在可能影响独立性的情形。4、审计
301003,2023-03-21,1216165127,江苏博云：关于续聘2023年度审计机构的公告,,True,审计报告。（3）项目质量控制复核人常桂华常桂华，2000年2月成为注册 || 签字注册会计师和项目质量控制复核人近三年不存在因执业行为受到刑事处罚， || 签字注册会计师和项目质量控制复核人不存在违反《中国注册会计师职业道德守
301005,2022-04-08,1212840791,超捷股份：超捷紧固系统（上海）股份有限公司关于续聘 2022 年度审计机构的公告,,True,审计报告。（3）项目质量控制复核人康雪艳康雪艳，2009年成为注册会计 || 签字注册会计师和项目质量控制复核人近三年不存在因执业行为受到刑事处罚， || 签字注册会计师和项目质量控制复核人不存在违反《中国注册会计师职业道德守
301004,2024-04-26,1219814682,嘉益股份：关于续聘会计师事务所的公告,,True,人签字注册会计师项目质量复核人员姓名黄元喜徐丹魏五军何时成为注册会计 || 签字注册会计师、项目质量复核人员近三年不存在因执业行为受到刑事处罚， || 签字注册会计师、项目质量复核人员不存在可能影响独立性的情形。4.审计
301004,2023-04-26,1216579241,嘉益股份：关于续聘会计师事务所的公告,,True,注册会计师徐丹、项目质量控制复核人魏五军近三年不存在因执业行为受到刑事 || 签字注册会计师、项目质量控制复核人不存在可能影响独立性的情形。4、审计
301005,2024-04-24,1219766211,超捷股份：超捷紧固系统（上海）股份有限公司关于续聘2024年度审计机构的公告,,True,审计报告。（3）项目质量控制复核人康雪艳康雪艳，2009年成为注册会计 || 签字注册会计师和项目质量控制复核人近三年不存在因执业行为受到刑事处罚， || 签字注册会计师和项目质量控制复核人不存在违反《中国注册会计师职业道德守
301005,2023-04-20,1216475044,超捷股份：超捷紧固系统（上海）股份有限公司关于续聘2023年度审计机构的公告,,True,审计报告。（3）项目质量控制复核人康雪艳康雪艳，2009年成为注册会计 || 签字注册会计师和项目质量控制复核人近三年不存在因执业行为受到刑事处罚， || 签字注册会计师和项目质量控制复核人不存在违反《中国注册会计师职业道德守
301008,2024-04-29,1219858375,宏昌科技：关于聘任2024年度审计机构的公告,,True,年签署或复核巨制复核人星科技、英科再生、金能科技、宏昌科技 || 签字注册会计师、项目质量控制复核人近三年不存在因执业行为受到刑事处罚， || 签字注册会计师、项目质量控制复核人不存在可能影响独立性的情形。公司董事
301008,2022-03-31,1212752223,宏昌科技：关于聘任2022年度审计机构的公告,,True,师事务所正在开展质量控制复核人员独立性轮换工作，因此目前尚无法确定 || 2年度审计项目的质量控制复核人员。公司将在天健会计师事务所确定质量 || 会计师事务所确定质量控制复核人员后及时披露相关人员信息。2、诚信记 || 签字注册会计师、项目质量控制复核人近三年不存在因执业行为受到刑事处罚， || 签字注册会计师、项目质量控制复核人不存在可能影响独立性的情形。4、审计
301008,2023-03-31,1216271640,宏昌科技：关于聘任2023年度审计机构的公告,,True,年再生、金能科制复核人技、宏昌科技等上市公司年度审计报告2 || 签字注册会计师、项目质量控制复核人近三年不存在因执业行为受到刑事处罚， || 签字注册会计师、项目质量控制复核人不存在可能影响独立性的情形。公司董事
301009,2024-04-27,1219874056,可靠股份：关于拟续聘会计师事务所的公告,,True,人签字注册会计师项目质量复核人员姓名张林张静茹赛宗鹏何时成为注册会计 || 签字注册会计师、项目质量复核人员近三年不存在因执业行为受到刑事处罚， || 签字注册会计师、项目质量复核人员不存在可能影响独立性的情形。24、审
301012,2021-10-28,1211399706,扬电科技：关于续聘2021年度审计机构的公告,,True,签字注册会计师、项目质量控制复核人近三年不存在因执业行为受到刑事处罚， || 签字注册会计师、项目质量控制复核人不存在可能影响独立性的情形。4.审计
301020,2024-06-29,1220495258,密封科技：关于聘任会计师事务所的公告,,True,市公司审计报告。项目质量复核人员：陈修俭陈修俭先生，拥有中国注册会计 || 签字注册会计师及质量复核人员近三年不存在因执业行为受到刑事处罚， || 签字注册会计师及质量复核人员不存在违反《中国注册会计师职业道德守
301021,2022-12-28,1215462210,英诺激光：关于续聘2022年度财务审计机构的公告,,True,司审计报告0家。项目质量控制复核人：赖其寿，2015年12月成为注册会 || 签字注册会计师、项目质量控制复核人近三年未因执业行为受到刑事处罚，受到 || 签字注册会计师、项目质量控制复核人能够在执行本项目审计工作时保持独立性
301023,2021-10-27,1211388723,江南奕帆：关于续聘2021年度会计师事务所的公告,,True,签字注册会计师、项目质量控制复核人近三年不存在因执业行为受到刑事处罚， || 签字注册会计师、项目质量控制复核人不存在可能影响独立性的情形。4.审计
301023,2024-04-22,1219693135,江南奕帆：关于续聘公司2024年度会计师事务所的公告,,True,签字注册会计师、项目质量控制复核人近三年不存在因执业行为受到刑事处罚， || 签字注册会计师、项目质量控制复核人不存在可能影响独立性的情形。4.审计
301026,2024-04-26,1219835364,浩通科技：续聘2024年度审计机构的公告,,True,年年度审计报告。复核人2.诚信记录项目合伙人、签字注册会计 || 签字注册会计师、项目质量控制复核人近三年不存在因执业行为受到刑事处罚， || 签字注册会计师、项目质量控制复核人不存在可能影响独立性的情形。（三）审
301023,2022-04-26,1213104937,江南奕帆：关于续聘公司2022年度会计师事务所的公告,,True,签字注册会计师、项目质量控制复核人近三年不存在因执业行为受到刑事处罚， || 签字注册会计师、项目质量控制复核人不存在可能影响独立性的情形。4.审计
301023,2023-04-28,1216656603,江南奕帆：关于续聘公司2023年度会计师事务所的公告,,True,签字注册会计师、项目质量控制复核人近三年不存在因执业行为受到刑事处罚， || 签字注册会计师、项目质量控制复核人不存在可能影响独立性的情形。4.审计
301026,2022-04-25,1213051477,浩通科技：关于续聘2022年度审计机构的公告,,True,19年2家李会英质量控制复核人2004年2003年2017年1月2 || 签字注册会计师、项目质量控制复核人不存在可能影响独立性的情形。上述人员
301026,2022-09-03,1214524266,浩通科技：关于拟变更会计师事务所的公告,,True,签字注册会计师、项目质量控制复核人近三年不存在因执业行为受到刑事处罚， || 签字注册会计师、项目质量控制复核人不存在可能影响独立性的情形。4、审计
301026,2023-04-27,1216624548,浩通科技：关于续聘2023年度审计机构的公告,,True,年年度审计报告。复核人2.诚信记录项目合伙人、签字注册会计 || 签字注册会计师、项目质量控制复核人近三年不存在因执业行为受到刑事处罚， || 签字注册会计师、项目质量控制复核人不存在可能影响独立性的情形。（三）审
301031,2022-12-30,1215493961,中熔电气：关于变更签字注册会计师的公告,,True,于贾丽娜女士作为复核合伙人为公司提供审计服务已连续满五年，为了
301029,2024-04-23,1219740482,怡合达：关于续聘2024年度审计机构的公告,,True,12年2022年复核人技术、迪马股份等上市公司审计报告2、 || 签字注册会计师、项目质量控制复核人近三年不存在因职业行为受到刑事处罚， || 签字注册会计师、项目质量控制复核人不存在可能影响独立性的情形。4、审计
301029,2022-10-15,1214790687,怡合达：关于续聘公司2022年度审计机构的公告,,True,签字注册会计师、项目质量控制复核人近三年不存在因职业行为受到刑事处罚， || 签字注册会计师、项目质量控制复核人不存在可能影响独立性的情形。4、审计
301029,2023-03-31,1216275119,怡合达：关于聘任公司2023年度审计机构的公告,,True,年盛股份、道氏技复核人术、迪马股份等上市公司审计报告2、诚 || 签字注册会计师、项目质量控制复核人近三年不存在因职业行为受到刑事处罚， || 签字注册会计师、项目质量控制复核人不存在可能影响独立性的情形。4、审计
301046,2024-04-25,1219803216,能辉科技：关于拟续聘会计师事务所的公告,,True,签字注册会计师、项目质量控制复核人近三年不存在因执业行为受到刑事处罚， || 签字注册会计师、项目质量控制复核人不存在可能影响独立性的情形。4、审计
301046,2023-03-17,1216138877,能辉科技：关于拟续聘会计师事务所的公告,,True,22年1家彭远卓质量控制复核人2009年2009年2009年12月 || 签字注册会计师、项目质量控制复核人近三年不存在因执业行为受到刑事处罚， || 签字注册会计师、项目质量控制复核人不存在可能影响独立性的情形。4.审计
301050,2022-04-25,1213056908,雷电微力：关于续聘会计师事务所的公告,,True,能力。（3）拟任项目质量控制负责人：楼胜亚根据天健质量控制政策和程序， || 计师楼胜亚拟担任项目质量控制复核人，2001年毕业后加入天健会计师事务 || 册会计师2周哲和质量控制复核人楼胜亚不存在违反《中国注册会计师职业 || 册会计师2周哲和质量控制复核人楼胜亚最近三年未受（收）到刑事处罚、
301055,2022-03-15,1212568593,张小泉：关于续聘公司2022年度审计机构的公告,,True,司提供审计服务。项目质量控制复核人：由于天健会计师事务所正在开展项目质 || 师事务所正在开展项目质量复核人员独立性轮换工作，因此目前尚无法确定公 || 2年度审计项目的质量复核人员。公司将在天健会计师事务所确定项目质 || 会计师事务所确定项目质量复核人员后及时披露相关人员信息。2、诚信记录 || 签字注册会计师、项目质量控制复核人近三年不存在因执业行为受到刑事处罚， || 签字注册会计师、项目质量控制复核人等不存在可能影响独立性的情形。4、审
301055,2023-04-18,1216438773,张小泉：关于续聘公司2023年度审计机构的公告,,True,9年2021年制复核人成、轻纺城等2、诚信记录项目合伙人、 || 签字注册会计师、项目质量控制复核人近三年不存在因执业行为受到刑事处罚， || 签字注册会计师、项目质量控制复核人等不存在可能影响独立性的情形。4、审
301055,2024-04-29,1219869211,张小泉：关于续聘公司2024年度审计机构的公告,,True,人签字注册会计师项目质量复核人员姓名李江东王剑飞滕培彬何时成为注册会 || 签字注册会计师、项目质量复核人员近三年不存在因执业行为受到刑事处罚， || 签字注册会计师、项目质量复核人员不存在可能影响独立性的情形。4、审计
301057,2024-04-23,1219739951,汇隆新材：关于续聘2024年度审计机构的公告,,True,母粒股份有限公司质量控制复核人2022年-2023年久盛电气股份有 || 电气股份有限公司质量控制复核人2023年神通科技集团股份有限公司质 || 集团股份有限公司质量控制复核人（2）签字注册会计师叶冠成近三年从业 || 签字会计师（3）质量控制复核人陈瑜近三年从业情况时间上市公司名称职 || 医药股份有限公司质量控制复核人2、项目组成员诚信记录情况项目合伙人 || 签字注册会计师和质量控制复核人最近3年未受到任何刑事处罚及行政处罚
301061,2022-04-22,1213027078,匠心家居：关于续聘会计师事务所的公告,,True,签字注册会计师、项目质量控制复核人近三年不存在因职业行为受到刑事处罚， || 签字注册会计师、项目质量控制复核人不存在可能影响独立性的情形。4、审计
301061,2023-04-20,1216476987,匠心家居：关于续聘会计师事务所的公告,,True,年赞宇科技等上市复核人公司年度审计报告2、诚信记录项目合伙 || 签字注册会计师、项目质量控制复核人近三年不存在因职业行为受到刑事处罚， || 签字注册会计师、项目质量控制复核人不存在可能影响独立性的情形。4、审计
301061,2024-04-25,1219794071,匠心家居：关于续聘会计师事务所的公告,,True,94年2022年复核人迈得医疗等公司的审计报告2、诚信记录 || 签字注册会计师、项目质量控制复核人近三年不存在因职业行为受到刑事处罚， || 签字注册会计师、项目质量控制复核人不存在可能影响独立性的情形。4、审计
301063,2024-04-25,1219786650,海锅股份：关于续聘公司2024年度审计机构的公告,,True,审计报告。（3）项目质量控制复核人2吴景亚，2016年成为注册会计师， || 签字注册会计师和项目质量控制复核人近三年不存在因执业行为受到刑事处罚， || 签字注册会计师和项目质量控制复核人不存在违反《中国注册会计师职业道德守
301066,2022-04-26,1213119647,万事利：关于拟续聘会计师事务所的公告,,True,师事务所正在开展项目质量复核人员独立性轮换工作，因此目前尚无法确定公 || 2年度审计项目的质量复核人员。公司将在天健会计师事务所确定项目质 || 会计师事务所确定项目质量复核人员后及时披露相关人员信息。2、诚信记录
301066,2024-04-26,1219828077,万事利：关于2024年度续聘会计师事务所的公告,,True,签字注册会计项目质量复核人基本信息项目合伙人师员姓名金东伟杨文 || 签字注册会计师、项目质量控制复核人近三年不存在因执业行为受到刑事处罚， || 签字注册会计师、项目质量控制复核人不存在可能影响独立性的情形。4、审计
301067,2022-04-19,1212966224,显盈科技：关于拟续聘会计师事务所的公告,,True,签字注册会计师、项目质量控制复核人近三年不存在因执业行为受到刑事处罚， || 签字注册会计师、项目质量控制复核人不存在可能影响独立性的情形。4、审计
301067,2023-04-11,1216372789,显盈科技：关于续聘公司2023年度审计机构的公告,,True,签字注册会计师、项目质量控制复核人近三年不存在因执业行为受到刑事处罚， || 签字注册会计师、项目质量控制复核人不存在可能影响独立性的情形。4、审计
301067,2024-04-29,1219870674,显盈科技：关于续聘公司2024年度审计机构的公告,,True,签字注册会计师、项目质量控制复核人近三年不存在因执业行为受到刑事处罚， || 签字注册会计师、项目质量控制复核人不存在可能影响独立性的情形。4、审计
301070,2024-04-22,1219703783,开勒股份：关于续聘2024年度会计师事务所的公告,,True,人签字注册会计师项目质量复核人员姓名吕瑛群魏瑶赵祖荣何时成为注册会计 || 签字注册会计师、项目质量复核人员近三年不存在因执业行为受到刑事处罚， || 签字注册会计师、项目质量复核人员不存在可能影响独立性的情形。4、审计
301072,2023-04-26,1216589044,中捷精工：关于公司聘请2023年度会计师事务所的公告,,True,单位兼职。（2）质量控制复核人员：郝学花郝学花，2011年成为注册 || 签字注册会计师及质量复核人员未持有和买卖公司股票，也不存在影响独
301075,2022-03-25,1212671540,多瑞医药：关于拟续聘会计师事务所的公告,,True,师事务所正在开展项目质量复核人员独立性轮换工作，因此目前尚无法确定公 || 2年度审计项目的质量复核人员。公司将在天健会计师事务所确定项目质 || 会计师事务所确定项目质量复核人员后及时披露相关人员信息。2、诚信记录
301076,2022-04-26,1213100277,新瀚新材：关于续聘会计师事务所的公告,,True,签字注册会计师、项目质量控制复核人近三年不存在因执业行为受到刑事处罚， || 签字注册会计师、项目质量控制复核人等不存在可能影响独立性的情形。4、审
301076,2023-02-18,1215889408,新瀚新材：关于续聘会计师事务所的公告,,True,签字注册会计师、项目质量控制复核人近三年不存在因执业行为受到刑事处罚， || 签字注册会计师、项目质量控制复核人等不存在可能影响独立性的情形。4、审
301077,2022-04-25,1213062219,星华反光：关于续聘公司2022年度审计机构的公告,,True,签字注册会计师、项目质量控制复核人近三年未因执业行为受到刑事处罚，未受 || 签字注册会计师、项目质量控制复核人不存在可能影响独立性的情形。4.审计
301076,2024-03-22,1219375412,新瀚新材：关于续聘会计师事务所的公告,,True,签字注册会计师、项目质量控制复核人近三年不存在因执业行为受到刑事处罚， || 签字注册会计师、项目质量控制复核人等不存在可能影响独立性的情形。4、审
301077,2023-04-14,1216405867,星华新材：关于续聘公司2023年度审计机构的公告,,True,签字注册会计师、项目质量控制复核人近三年不存在因执业行为受到刑事处罚， || 签字注册会计师、项目质量控制复核人不存在可能影响独立性的情形。4.审计
301081,2022-04-26,1213108422,严牌股份：关于续聘2022年度审计机构的公告,,True,94年2022年复核人月上市公司审计报告2、诚信记录项目合 || 签字注册会计师、项目质量控制复核人近三年存在因执业行为受到刑事处罚、行 || 签字注册会计师、项目质量控制复核人不存在违反《中国注册会计师职业道德守
301081,2024-04-23,1219736378,严牌股份：关于续聘2024年度审计机构的公告,,True,08年2022年复核人月上市公司审计报告2、诚信记录项目合 || 签字注册会计师、项目质量控制复核人近三年存在因执业行为受到刑事处罚、行 || 签字注册会计师、项目质量控制复核人不存在违反《中国注册会计师职业道德守
301081,2023-04-25,1216554225,严牌股份：关于续聘2023年度审计机构的公告,,True,签署及复核过6家复核人12月上市公司审计报告2、诚信记录项 || 签字注册会计师、项目质量控制复核人近三年存在因执业行为受到刑事处罚、行 || 签字注册会计师、项目质量控制复核人不存在违反《中国注册会计师职业道德守
301092,2022-04-22,1213030388,争光股份：关于续聘2022年度审计机构的公告,,True,签字注册会计师、项目质量控制复核人最近三年不存在因执业行为受到刑事处罚 || 签字注册会计师、项目质量控制复核人不存在可能影响独立性的情形。4、审计
301092,2023-04-21,1216487421,争光股份：关于续聘2023年度审计机构的公告,,True,签字注册会计师、项目质量控制复核人最近三年不存在因执业行为受到刑事处罚 || 签字注册会计师、项目质量控制复核人不存在可能影响独立性的情形。4、审计
301090,2022-04-11,1212857143,华润材料：关于续聘会计师事务所的公告,,True,签字注册会计师、项目质量控制复核人基本信息如下：项目合伙人及签字注册会 || 司审计报告0家。项目质量控制复核人：[陈柏林]，2005年成为注册会计 || 签字注册会计师、项目质量控制复核人近三年因执业行为受到刑事处罚，受到证 || 签字注册会计师、项目质量控制复核人等不存在可能影响独立性的情形。4、审
301092,2024-04-22,1219688960,争光股份：关于续聘会计师事务所的公告,,True,人签字注册会计师项目质量复核人员姓名陈中江丁余超李立影何时成为注册会 || 签字注册会计师、项目质量复核人员近三年不存在因执业行为受到刑事处罚， || 签字注册会计师、项目质量复核人员不存在可能影响独立性的情形。4、审计
301096,2022-03-15,1212568342,百诚医药：关于续聘天健会计师事务所（特殊普通合伙）的公告,,True,通合伙）正在开展项目质量复核人员独立性轮换工作，因此目前尚无法确定公 || 2年度审计项目的质量复核人员。2.诚信记录项目合伙人、签字注册会
301095,2024-04-19,1219672737,广立微：关于续聘公司2024年度审计机构的公告,,True,签字注册会计师、项目质量控制复核人基本信息如下：基本信息项目合伙人签字 || 人签字注册会计师项目质量复核人员姓名金东伟李远军沈飞英何时成为注册会 || 签字注册会计师、项目质量控制复核人近三年不存在因执业行为受到刑事处罚， || 签字注册会计师、项目质量控制复核人不存在可能影响独立性的情形。4、审计
301096,2023-03-29,1216242928,百诚医药：关于续聘天健会计师事务所（特殊普通合伙）的公告,,True,通合伙）正在开展项目质量复核人员独立性轮换工作，因此目前尚无法确定公 || 3年度审计项目的质量复核人员。2.诚信记录项目合伙人、签字注册会 || 签字注册会计师、项目质量控制复核人近三年不存在因执业行为受到刑事处罚， || 签字注册会计师、项目质量控制复核人不存在可能影响独立性的情形。4.审计
301096,2024-04-23,1219739010,百诚医药：关于续聘天健会计师事务所（特殊普通合伙）的公告,,True,人签字注册会计师项目质量复核人员姓名沈佳盈余雷雨费方华何时成为注册会 || 签字注册会计师、项目质量复核人员近三年不存在因执业行为受到刑事处罚， || 签字注册会计师、项目质量复核人员不存在可能影响独立性的情形。4.审计
301097,2024-04-24,1219773307,天益医疗：关于续聘会计师事务所的公告,,True,人签字注册会计师项目质量复核人员姓名金东伟方燕陈琦何时成为注册会计师 || 签字注册会计师、项目质量复核人员近三年不存在因执业行为受到刑事处罚， || 签字注册会计师、项目质量复核人员不存在可能影响独立性的情形。4、审计
301095,2023-03-24,1216203405,广立微：关于续聘公司2023年度审计机构的公告,,True,签字注册会计师、项目质量控制复核人基本信息如下：何时开何时开始何时成为 || 签字注册会计师、项目质量控制复核人近三年不存在因执业行为受到刑事处罚， || 签字注册会计师、项目质量控制复核人不存在可能影响独立性的情形。4、审计
301098,2022-04-22,1213027915,金埔园林：关于续聘会计师事务所的公告,,True,三板1家。（3）项目质量控制复核人——章祥2011年成为注册会计师，2 || 纪律处分的情况。项目质量控制复核人章祥近三年受到一次自律监督措施，具体 || 册会计师胡慧鹏、项目质量控制复核人章祥不存在可能影响独立性的情况4、审
301098,2024-01-24,1218989171,金埔园林：关于中汇会计师事务所（特殊普通合伙）更换公司年审报告签字会计师的公告,,True,会计师、徐德盛为质量控制复核人为公司提供2023年度审计服务。鉴于 || 会计师、徐德盛为质量控制复核人，继续完成公司2023年度财务报告审 || 签字注册会计师、质量控制复核人分别为陆炜炜、王立鑫和徐德盛。二、本 || 签字注册会计师、项目质量控制复核人近三年不存在因执业行为受到刑事处罚， || 签字注册会计师、项目质量控制复核人不存在可能影响独立性的情形。三、其他
301097,2023-12-07,1218532338,天益医疗：关于拟变更会计师事务所的公告,,True,宠物、广立微等。项目质量控制复核人：由于天健正在开展项目质量复核人员独 || 由于天健正在开展项目质量复核人员独立性轮换工作，因此目前尚无法确定公 || 3年度审计项目的质量复核人员。公司将在天健确定项目质量复核人员后 || 公司将在天健确定项目质量复核人员后及时披露相关人员信息。2、诚信记录 || 签字注册会计师、项目质量控制复核人近三年不存在因执业行为受到刑事处罚， || 签字注册会计师、项目质量控制复核人不存在可能影响独立性的情形。4、审计
301098,2023-04-25,1216558901,金埔园林：关于续聘会计师事务所的公告,,True,三板1家。（3）项目质量控制复核人——徐德盛2015年成为注册会计师， || 签字注册会计师、项目质量控制复核人近三年不存在因执业行为受到刑事处罚， || 册会计师胡慧鹏、项目质量控制复核人徐德盛不存在可能影响独立性的情况4、
301110,2022-04-25,1213059978,青木股份：关于公司续聘天健会计师事务所（特殊普通合伙）为2022年度审计机构的公告,,True,花智控2019年复核人度审计报告；2019年度签署三花智控 || 签字注册会计师、项目质量控制复核人近三年不存在因执业行为受到刑事处罚， || 签字注册会计师、项目质量控制复核人不存在可能影响独立性的情形。4.审计
301110,2024-04-24,1219770865,青木股份：关于公司续聘天健会计师事务所（特殊普通合伙）为2024年度审计机构的公告,,True,签字注册会计师、项目质量控制复核人近三年因执业行为受到刑事处罚，受到证 || 签字注册会计师、项目质量控制复核人不存在可能影响独立性的情形。4.审计
301110,2023-04-15,1216417609,青木股份：关于公司续聘天健会计师事务所（特殊普通合伙）为2023年度审计机构的公告,,True,签字注册会计师、项目质量控制复核人近三年不存在因执业行为受到刑事处罚， || 签字注册会计师、项目质量控制复核人不存在可能影响独立性的情形。4.审计
301113,2024-04-19,1219667231,雅艺科技：关于续聘会计师事务所的公告,,True,人签字注册会计师项目质量复核人员姓名陈志维范一鸣徐书华何时成为注册会 || 签字注册会计师、项目质量控制复核人近三年不存在因执业行为受到刑事处罚， || 签字注册会计师、项目质量控制复核人不存在可能影响独立性的情形。4.审计
301113,2023-04-15,1216412125,雅艺科技：关于续聘会计师事务所的公告,,True,9年2021年制复核人仕达克2.诚信记录项目合伙人、签字注 || 签字注册会计师、项目质量控制复核人近三年不存在因执业行为受到刑事处罚， || 签字注册会计师、项目质量控制复核人不存在可能影响独立性的情形。4.审计
301118,2023-04-14,1216403767,恒光股份：关于续聘2023年度审计机构的公告,,True,签字注册会计师、项目质量控制复核人基本信息如下：项目合伙人及签字注册会 || 军及其团队拟担任项目质量控制复核人。王军，1998年成为注册会计师，2 || 签字注册会计师、项目质量控制复核人近三年不存在因执业行为受到刑事处罚， || 签字注册会计师、项目质量控制复核人等不存在可能影响独立性的情形。4、审
301118,2022-04-20,1212976728,恒光股份：关于续聘2022年度审计机构的公告,,True,签字注册会计师、项目质量控制复核人基本信息如下：项目合伙人及签字注册会 || 军及其团队拟担任项目质量控制复核人。王军1998年成为注册会计师，20 || 签字注册会计师、项目质量控制复核人近三年不存在因执业行为受到刑事处罚， || 签字注册会计师、项目质量控制复核人等不存在可能影响独立性的情形。4、审
301119,2023-01-13,1215606246,正强股份：关于续聘会计师事务所的公告,,True,03803）、制复核人中兵红箭（000519）2、诚信记录 || 签字注册会计师、项目质量控制复核人近三年不存在因执业行为受到刑事处罚， || 签字注册会计师、项目质量控制复核人不存在可能影响独立性的情形。4、审计
301118,2024-04-25,1219795469,恒光股份：关于续聘2024年度审计机构的公告,,True,签字注册会计师、项目质量控制复核人基本信息如下：项目合伙人及签字注册会 || 东及其团队拟担任项目质量控制复核人。王皓东，2008年成为注册会计师， || 签字注册会计师、项目质量控制复核人近三年不存在因执业行为受到刑事处罚， || 签字注册会计师、项目质量控制复核人等不存在可能影响独立性的情形。4、审
301119,2024-04-22,1219695893,正强股份：关于续聘公司2024年度审计机构的公告,,True,人签字注册会计师项目质量复核人员姓名尉建清赵辉薛志娟何时成为注册会计 || 签字注册会计师、项目质量复核人员近三年不存在因执业行为受到刑事处罚， || 签字注册会计师、项目质量复核人员不存在可能影响独立性的情形。4、审计
301119,2023-04-22,1216518364,正强股份：关于续聘会计师事务所的公告,,True,4年2021年制复核人中兵红箭（000519）赛恩斯（68 || 签字注册会计师、项目质量控制复核人近三年不存在因执业行为受到刑事处罚， || 签字注册会计师、项目质量控制复核人不存在可能影响独立性的情形。4、审计
301125,2024-04-26,1219829045,腾亚精工：关于续聘2024年度审计机构的公告,,True,人签字注册会计师项目质量复核人员姓名胡青戚铁桥赵祖荣何时成为注册20 || 人签字注册会计师项目质量复核人员份、赞宇科技、旺境、钱江水利、报告， || 签字注册会计师、项目质量控制复核人近三年不存在因执业行为受到刑事处罚， || 签字注册会计师、项目质量控制复核人不存在可能影响独立性的情形。4、审计
301125,2023-04-27,1216617735,腾亚精工：关于续聘2023年度审计机构的公告,,True,2020年度审计复核人报告；2020年，复核物产中大201 || 签字注册会计师、项目质量控制复核人近三年不存在因执业行为受到刑事处罚， || 签字注册会计师、项目质量控制复核人不存在可能影响独立性的情形。4、审计
301132,2024-04-22,1219703603,满坤科技：关于拟续聘会计师事务所的公告,,True,8年2022年制复核人国泰环保、美好医疗等证券代码：301 || 签字注册会计师、项目质量控制复核人近三年不存在因执业行为受到刑事处罚， || 签字注册会计师、项目质量控制复核人不存在可能影响独立性的情形。4.审计
301132,2023-04-25,1216558250,满坤科技：关于拟续聘会计师事务所的公告,,True,8年2022年制复核人叶股份等2.诚信记录项目合伙人、签字 || 签字注册会计师、项目质量控制复核人近三年不存在因执业行为受到刑事处罚， || 签字注册会计师、项目质量控制复核人不存在可能影响独立性的情形。4.审计
301138,2022-04-19,1212964628,华研精机：关于聘任会计师事务所的公告,,True,签字注册会计师、项目质量控制复核人近三年不存在因执业行为受到刑事处罚， || 签字注册会计师、项目质量控制复核人不存在可能影响独立性的情形。三、履行
301137,2022-04-26,1213104506,哈焊华通：关于续聘会计师事务所的公告,,True,签字注册会计师、项目质量控制复核人近三年不存在因执业行为受到刑事处罚， || 签字注册会计师、项目质量控制复核人不存在违反《中国注册会计师职业道德守
301138,2023-04-20,1216477488,华研精机：关于聘任2023年度会计师事务所的公告,,True,签字注册会计师、项目质量控制复核人近三年不存在因执业行为受到刑事处罚， || 签字注册会计师、项目质量控制复核人不存在可能影响独立性的情形。4.审计
301137,2023-04-25,1216558398,哈焊华通：关于续聘会计师事务所的公告,,True,签字注册会计师、项目质量控制复核人近三年不存在因执业行为受到刑事处罚， || 签字注册会计师、项目质量控制复核人不存在违反《中国注册会计师职业道德守
301148,2022-04-28,1213165011,嘉戎技术：关于续聘2022年度审计机构的公告,,True,务业务工作经验。项目质量控制复核人(拟):林灵慧，中国注册会计师，20
301138,2024-03-30,1219470147,华研精机：关于续聘2024年度会计师事务所的公告,,True,签字注册会计师、项目质量控制复核人近三年不存在因执业行为受到刑事处罚， || 签字注册会计师、项目质量控制复核人不存在可能影响独立性的情形。4.审计
301155,2022-04-28,1213162375,海力风电：关于续聘2022年度审计机构的公告,,True,签字注册会计师和质量控制复核人不存在违反《中国注册会计师职业道德守 || 签字注册会计师和质量控制复核人近三年未曾受到刑事处罚、行政处罚和自
301152,2023-04-20,1216479991,天力锂能：新乡天力锂能股份有限公司关于续聘公司2023年度审计机构的公告,,True,应专业胜任能力。项目质量控制复核人:2023年度拟任项目质量控制复核人 || 2023年度拟任项目质量控制复核人【何降星】，1993年成为注册会计师 || 签字注册会计师、项目质量控制复核人近三年未因执业行为受到刑事处罚，受到 || 签字注册会计师、项目质量控制复核人能够在执行本项目审计工作时保持独立性
301157,2023-04-25,1216554474,华塑科技：关于续聘公司2023年度审计机构的公告,,True,签字注册会计师、项目质量控制复核人近三年不存在因执业行为受到刑事处罚， || 签字注册会计师、项目质量控制复核人不存在可能影响独立性的情形。4.审计
301155,2024-04-27,1219861433,海力风电：关于续聘2024年度审计机构的公告,,True,团）股份有限公司复核合伙人2021-2023年北京神州泰岳软件 || 软件股份有限公司复核合伙人2022-2023年上海神奇制药投资 || 管理股份有限公司复核合伙人2021-2023年首华燃气科技（上 || 海）股份有限公司复核合伙人2021-2023年上海爱建集团股份 || 集团股份有限公司复核合伙人2021-2023年上海良信电器股份 || 电器股份有限公司复核合伙人2022-2023年重庆三峡油漆股份
301157,2024-04-24,1219767470,华塑科技：关于续聘公司2024年度审计机构的公告,,True,签字注册会计师、项目质量控制复核人近三年不存在因执业行为受到刑事处罚， || 签字注册会计师、项目质量控制复核人不存在可能影响独立性的情形。4.审计
301155,2023-04-27,1216614375,海力风电：关于续聘2023年度审计机构的公告,,True,医药股份有限公司复核合伙人2020年成都华神科技集团股份有限公 || 集团股份有限公司复核合伙人2020-2022年北京神州泰岳软件 || 软件股份有限公司复核合伙人2020年、2022年上海神奇制药投 || 管理股份有限公司复核合伙人2020-2021年成都康华生物制品 || 制品股份有限公司复核合伙人2021-2022年首华燃气科技（上 || 海）股份有限公司复核合伙人2021-2022年上海爱建集团股份
301169,2022-01-05,1212095421,零点有数：关于续聘2021年度审计机构的公告,,True,签字注册会计师、项目质量控制复核人近三年不存在因执业行为受到刑事处罚， || 签字注册会计师、项目质量控制复核人等不存在可能影响《中国注册会计师职业
301169,2022-08-26,1214407508,零点有数：关于续聘2022年度审计机构的公告,,True,签字注册会计师、项目质量控制复核人近三年不存在因执业行为受到刑事处罚， || 签字注册会计师、项目质量控制复核人等不存在可能影响《中国注册会计师职业
301169,2023-04-26,1216583183,零点有数：关于续聘2023年度审计机构的公告,,True,签字注册会计师、项目质量控制复核人近三年不存在因执业行为受到刑事处罚， || 签字注册会计师、项目质量控制复核人等不存在可能影响《中国注册会计师职业
301183,2024-04-25,1219797142,东田微：关于2024年续聘会计师事务所的公告,,True,签字注册会计师、项目质量控制复核人近三年不存在因执业行为受到刑事处罚， || 签字注册会计师、项目质量控制复核人不存在可能影响独立性的情形。4、审计
301192,2024-01-08,1218829977,泰祥股份：关于变更签字注册会计师及项目质量复核人员的公告,,True,签字注册会计师及项目质量复核人员的公告本公司及董事会全体成员保证信息 || 签字注册会计师及项目质量复核人员的函》，现将具体情况公告如下：一、签 || 计师，黄德明作为项目质量复核人员共同为公司提供审计服务。因内部工作调 || 2023年度审计项目质量复核人员，继续完成公司2023年度审计相关工 || （项目合伙人）、项目质量复核人员的基本信息、诚信记录和独立性情况1、 || 力。本次变更项目质量复核人徐雅芬：1995年成为注册会计师，1
301191,2024-04-26,1219830270,菲菱科思：关于公司拟续聘会计师事务所的公告,,True,签字注册会计师、项目质量控制复核人近三年不存在因执业行为受到刑事处罚， || 签字注册会计师、项目质量控制复核人不存在可能影响独立性的情形。4、审计
301191,2023-04-24,1216528274,菲菱科思：关于公司拟续聘会计师事务所的公告,,True,控、华海药业、制复核人晶瑞电材等2、诚信记录项目合伙人、签 || 签字注册会计师、项目质量控制复核人近三年不存在因执业行为受到刑事处罚， || 签字注册会计师、项目质量控制复核人不存在可能影响独立性的情形。4、审计
301197,2024-04-24,1219773167,工大科雅：关于续聘2024年度审计机构的公告,,True,人签字注册会计师项目质量复核人员姓名薛志娟陈硕京张晓燕何时成为注册会 || 签字注册会计师、项目质量复核人员近三年不存在因执业行为受到刑事处罚， || 签字注册会计师、项目质量复核人员不存在可能影响独立性的情形。三、拟续
301197,2023-07-18,1217318235,工大科雅：关于续聘公司2023年度审计机构的公告,,True,08年2022年复核人燕年年首药控股上市公司2021年审计 || 签字注册会计师、项目质量控制复核人近三年不存在因执业行为受到刑事处罚， || 签字注册会计师、项目质量控制复核人不存在可能影响独立性的情形。4.审计
301202,2023-12-09,1218565467,朗威股份：关于拟续聘会计师事务所的公告,,True,册会计师朱智俊、项目质量控制复核人王其超近三年未因执业行为受到刑事处罚 || 签字注册会计师、项目质量控制复核人不存在可能影响独立性的情形。4、审计
301202,2024-04-24,1219773629,朗威股份：关于续聘公司2024年度审计机构的公告,,True,21年超过10家复核人2、诚信记录：项目合伙人沈大智、签字 || 册会计师朱智俊、项目质量控制复核人王其超近三年未因执业行为受到刑事处罚 || 签字注册会计师、项目质量控制复核人不存在可能影响独立性的情形。4、审计
301203,2024-04-24,1219763308,国泰环保：关于公司续聘2024年度审计机构的公告,,True,市公司年度审计报复核人告。2、诚信记录项目合伙人、签字注册 || 签字注册会计师、项目质量控制复核人近三年不存在因执业行为受到刑事处罚， || 签字注册会计师、项目质量控制复核人不存在可能影响独立性的情形。4、审计
301203,2023-04-27,1216610280,国泰环保：关于公司续聘2023年度审计机构的公告,,True,公司2020年度复核人审计报告。2022年，签署晶盛机电等 || 签字注册会计师、项目质量控制复核人近三年不存在因执业行为受到刑事处罚， || 签字注册会计师、项目质量控制复核人不存在可能影响独立性的情形。4、审计
301212,2022-04-29,1213211120,联盛化学：关于续聘2022年度审计机构的公告,,True,2019年审计报复核人告；2019年签署兄弟科技2018年 || 签字注册会计师、项目质量控制复核人近三年存在因执业行为受到刑事处罚，受 || 签字注册会计师、项目质量控制复核人不存在可能影响独立性的情形。4、审计
301213,2023-04-25,1216561759,观想科技：关于续聘2023年度审计机构的公告,,True,公司3家。拟担任独立复核合伙人：汤其美先生，1996年获得中国注册 || 签字注册会计师、项目质量控制复核人近三年无执业行为受到刑事处罚，无受到 || 签字注册会计师、项目质量控制复核人等从业人员不存在违反《中国注册会计师
301213,2022-12-29,1215472542,观想科技：关于拟变更会计师事务所的公告,,True,超过3家。拟担任独立复核合伙人：汤其美先生，1996年获得中国注册 || 签字注册会计师、项目质量控制复核人近三年无执业行为受到刑事处罚，无受到 || 签字注册会计师、项目质量控制复核人等从业人员不存在违反《中国注册会计师
301216,2024-04-20,1219697373,万凯新材：关于续聘公司2024年度审计机构的公告,,True,签字注册会计师、项目质量控制复核人近三年不存在因执业行为受到刑事处罚， || 签字注册会计师、项目质量控制复核人不存在可能影响独立性的情形。4、审计
301216,2023-03-31,1216275235,万凯新材：关于续聘公司2023年度审计机构的公告,,True,过上市公司审计报复核人告8家2.诚信记录项目合伙人、签字注 || 签字注册会计师、项目质量控制复核人近三年不存在因执业行为受到刑事处罚， || 签字注册会计师、项目质量控制复核人不存在可能影响独立性的情形。4.审计
301216,2022-04-29,1213214056,万凯新材：万凯新材：关于续聘公司2022年度审计机构的公告,,True,签字注册会计师、项目质量控制复核人近三年不存在因执业行为受到刑事处罚， || 签字注册会计师、项目质量控制复核人不存在可能影响独立性的情形。4.审计
301218,2022-04-28,1213160987,华是科技：关于续聘2022年度审计机构的公告,,True,医药、九洲集团等复核人上市公司2020年度报告。2、诚信记 || 签字注册会计师、项目质量控制复核人近三年不存在因执业行为受到刑事处罚， || 签字注册会计师、项目质量控制复核人不存在可能影响独立性的情形。4、审计
301218,2024-04-20,1219691203,华是科技：关于续聘2024年度审计机构的公告,,True,人签字注册会计师项目质量复核人员姓名胡燕华易莎王焕森何时成为注册会2 || 签字注册会计师、项目质量复核人员近三年不存在因执业行为受到刑事处罚， || 签字注册会计师、项目质量复核人员不存在可能影响独立性的情形。4、审计
301218,2023-04-24,1216516231,华是科技：关于续聘2023年度审计机构的公告,,True,020年度报告。复核人2022年签署赛格股份2021年度报 || 签字注册会计师、项目质量控制复核人近三年不存在因执业行为受到刑事处罚， || 签字注册会计师、项目质量控制复核人不存在可能影响独立性的情形。4、审计
301222,2022-08-29,1214419953,浙江恒威：关于续聘会计师事务所的公告,,True,签字注册会计师、项目质量控制复核人近三年不存在因执业行为受到刑事处罚， || 签字注册会计师、项目质量控制复核人不存在可能影响独立性的情形。三、拟续
301222,2024-04-27,1219858739,浙江恒威：关于拟续聘会计师事务所的公告,,True,人签字注册会计师项目质量复核人员姓名郑俭余红健邹甜甜何时成为注册会计 || 签字注册会计师、项目质量复核人员近三年不存在因执业行为受到刑事处罚， || 签字注册会计师、项目质量复核人员不存在可能影响独立性的情形。4、审计
301227,2023-04-25,1216546204,森鹰窗业：森鹰窗业：关于续聘公司2023年度审计机构的公告,,True,00年2022年复核人份等上市公司年度审计报告2、诚信记录 || 签字注册会计师、项目质量控制复核人近三年不存在因执业行为受到刑事处罚， || 签字注册会计师、项目质量控制复核人等不存在可能影响独立性的情形。4、审
301227,2024-04-26,1219836324,森鹰窗业：关于续聘公司2024年度审计机构的公告,,True,签字注册会计师、项目质量复核人员近三年不存在因执业行为受到刑事处罚， || 签字注册会计师、项目质量复核人员不存在可能影响独立性的情形。4、审计
301225,2024-04-22,1219705087,恒勃股份：关于续聘会计师事务所的公告,,True,及复核过2路春霞质量控制复核人2009年2006年2017年1月2 || 签字注册会计师、项目质量控制复核人近三年不存在因执业行为受到刑事处罚， || 签字注册会计师、项目质量控制复核人不存在可能影响独立性的情形。4、审计
301235,2022-02-19,1212402632,华康医疗：关于聘任中汇会计师事务所（特殊普通合伙）担任公司2021年度审计机构的公告,,True,018年2许菊萍质量控制复核人2002年2000年2002年5月2 || 签字注册会计师、项目质量控制复核人近三年不存在因执业行为受到刑事处罚， || 签字注册会计师、项目质量控制复核人不存在可能影响独立性的情形。（三）审
301229,2023-04-12,1216377616,纽泰格：关于续聘公司2023年度审计机构的公告,,True,签字注册会计师、项目质量控制复核人近三年不存在因执业行为受到刑事处罚， || 签字注册会计师、项目质量控制复核人不存在可能影响独立性的情形。4、审计
301229,2022-04-08,1212839857,纽泰格：关于续聘公司2022年度审计机构的公告,,True,签字注册会计师、项目质量控制复核人近三年不存在因执业行为受到刑事处罚， || 签字注册会计师、项目质量控制复核人不存在可能影响独立性的情形。4、审计
301235,2022-05-24,1213462588,华康医疗：关于续聘公司2022年度审计机构的公告,,True,018年2许菊萍质量控制复核人2002年2000年2002年5月2 || 签字注册会计师、项目质量控制复核人近三年不存在因执业行为受到刑事处罚， || 签字注册会计师、项目质量控制复核人不存在可能影响独立性的情形。（三）审
301229,2024-04-18,1219645870,纽泰格：关于续聘公司2024年度审计机构的公告,,True,签字注册会计师、项目质量控制复核人近三年不存在因执业行为受到刑事处罚， || 签字注册会计师、项目质量控制复核人不存在可能影响独立性的情形。4、审计
301235,2023-08-30,1217699985,华康医疗：关于续聘公司2023年度审计机构的公告,,True,签字注册会计师、项目质量控制复核人近三年不存在因执业行为受到刑事处罚， || 签字注册会计师、项目质量控制复核人不存在可能影响独立性的情形。（三）审
301232,2024-04-26,1219836040,飞沃科技：关于续聘2024年度审计机构的公告,,True,人签字注册会计师项目质量复核人员姓名刘钢跃周毅戚铁桥何时成为注册会计 || 签字注册会计师、项目质量复核人员近三年不存在因执业行为受到证监会派出 || 签字注册会计师、项目质量控制复核人不存在可能影响独立性的情形。4、审计
301237,2022-04-19,1212965140,和顺科技：关于拟续聘会计师事务所的公告,,True,册会计师丁阿静、项目质量控制复核人戴维近三年不存在因执业行为受到刑事处 || 签字注册会计师、项目质量控制复核人不存在可能影响独立性的情形。4.审计
301237,2024-04-19,1219671407,和顺科技：关于续聘2024年度会计师事务所的公告,,True,签字注册会计项目质量复核人基本信息项目合伙人师员姓名边珊姗胡云 || 签字注册会计师、项目质量控制复核人近三年不存在因执业行为受到刑事处罚， || 签字注册会计师、项目质量控制复核人不存在可能影响独立性的情形。4.审计
301237,2023-03-31,1216279514,和顺科技：关于续聘公司2023年外部审计机构的公告,,True,21年上市公司审复核人计报告有：天润工业、永创智能、安科瑞 || 签字注册会计师、项目质量控制复核人近三年不存在因执业行为受到刑事处罚， || 签字注册会计师、项目质量控制复核人不存在可能影响独立性的情形。4.审计
301239,2023-04-26,1216591954,普瑞眼科：关于公司续聘2023年度会计师事务所的公告,,True,0710）、苏制复核人垦农发（601952）等2．诚信记录 || 签字注册会计师、项目质量控制复核人近三年不存在因执业行为受到刑事处罚， || 签字注册会计师、项目质量控制复核人不存在可能影响独立性的情形。4.审计
301239,2024-04-24,1219769200,普瑞眼科：关于公司续聘2024年度会计师事务所的公告,,True,人签字注册会计师项目质量复核人员姓名严善明谢传阔高高平何时成为注册会 || 签字注册会计师、项目质量复核人员近三年不存在因执业行为受到刑事处罚， || 签字注册会计师、项目质量复核人员不存在可能影响独立性的情形。4.审计
301252,2024-06-28,1220483143,同星科技：关于拟续聘会计师事务所的公告,,True,人签字注册会计师项目质量复核人员姓名陈瑛瑛吴一鸣郑耀祥何时成为注册2 || 签字注册会计师、质量控制复核人近三年不存在因执业行为受到刑事处罚， || 签字注册会计师、项目质量控制复核人等不存在可能影响独立性的情形。4、审
301256,2022-04-27,1213142115,华融化学：关于拟续聘会计师事务所的公告,,True,有限公司。拟安排质量控制复核人员：廖群，注册会计师注册时间为200 || 册会计师、拟安排项目质量控制复核人近三年无因执业行为受到刑事处罚，受到 || 签字注册会计师、项目质量控制复核人不存在可能影响独立性的情形。4、审计
301256,2024-03-08,1219255927,华融化学：关于拟续聘会计师事务所的公告,,True,有限公司。拟安排质量控制复核人员：张美琳，注册会计师注册时间为20 || 册会计师、拟安排项目质量控制复核人近三年无因执业行为受到刑事处罚，受到 || 签字注册会计师、项目质量控制复核人不存在可能影响独立性的情形。4、审计
301256,2023-02-28,1215991011,华融化学：关于拟续聘会计师事务所的公告,,True,有限公司。拟安排质量控制复核人员：张美琳，注册会计师注册时间为20 || 册会计师、拟安排项目质量控制复核人近三年无因执业行为受到刑事处罚，受到 || 签字注册会计师、项目质量控制复核人不存在可能影响独立性的情形。4、审计
301262,2024-04-26,1219838700,海看股份：关于续聘会计师事务所的公告,,True,霞年孔令2007质量控制复核人2004年2009年8月2023年超 || 签字注册会计师、项目质量控制复核人近三年不存在因执业行为受到刑事处罚， || 签字注册会计师、项目质量控制复核人不存在可能影响独立性的情形。4、审计
301270,2022-12-10,1215316269,汉仪股份：关于续聘会计师事务所的公告,,True,职。（3）拟安排项目质量控制复核人员：冯发明冯发明，拥有注册会计师执业 || 签字注册会计师及质量控制复核人员近三年不存在因执业行为受到刑事处罚 || 签字注册会计师及质量控制复核人员不存在违反《中国注册会计师职业道德
301270,2023-04-20,1216476704,汉仪股份：关于续聘会计师事务所的公告,,True,兼职。3、拟安排项目质量控制复核人员：冯发明冯发明，拥有注册会计师执业 || 签字注册会计师及质量控制复核人员近三年不存在因执业行为受到刑事处罚 || 签字注册会计师及质量控制复核人员不存在违反《中国注册会计师职业道德
301276,2024-04-23,1219742861,嘉曼服饰：关于续聘会计师事务所的公告,,True,021年12月制复核人月（1）项目合伙人近三年主要从业情况 || 审计报告。（3）项目质量控制复核人近三年主要从业情况：姓名：张丽丹近三 || 签字注册会计师、项目质量控制复核人近三年（最近三个完整自然年度及当年） || 签字注册会计师和项目质量控制复核人不存在违反《中国注册会计师职业道德守
301276,2023-11-25,1218432831,嘉曼服饰：关于拟变更会计师事务所的公告,,True,021年12月/复核人（1）项目合伙人近三年主要从业情况姓 || 审计报告。（3）项目质量控制复核人近三年主要从业情况：姓名：张丽丹近三 || 签字注册会计师、项目质量控制复核人近三年（最近三个完整自然年度及当年） || 签字注册会计师和项目质量控制复核人不存在违反《中国注册会计师职业道德守
301279,2023-08-30,1217694366,金道科技：关于续聘会计师事务所的公告,,True,签字注册会计师、项目质量控制复核人近三年不存在因执业行为受到刑事处罚， || 签字注册会计师、项目质量控制复核人不存在可能影响独立性的情形。4、审计
301283,2023-10-28,1218180889,聚胶股份：关于变更签字注册会计师的公告,,True,计师，楼胜亚作为项目质量复核人员共同为公司提供审计服务。鉴于张伟玮已
301280,2023-03-31,1216270728,珠城科技：关于公司续聘会计师事务所的公告,,True,签字注册会计师、项目质量控制复核人近三年不存在因执业行为受到刑事处罚， || 签字注册会计师、项目质量控制复核人不存在可能影响独立性的情形。4、审计
301280,2024-04-03,1219501338,珠城科技：关于续聘会计师事务所的公告,,True,年2023年注2复核人注1：2021年度签署水晶光电、新亚 || 签字注册会计师、项目质量复核人员近三年不存在因执业行为受到刑事处罚， || 签字注册会计师、项目质量复核人员不存在可能影响独立性的情形。4、审计
301283,2024-04-13,1219598757,聚胶股份：关于续聘会计师事务所的公告,,True,人签字注册会计师项目质量复核人员姓名魏标文黎永键楼胜亚何时成为注册会 || 人签字注册会计师项目质量复核人员市公司审计何时开始在本所2012年2 || 签字注册会计师、项目质量复核人员近三年不存在因执业行为受到刑事处罚， || 签字注册会计师、项目质量复核人员不存在可能影响独立性的情形。4、审计
301287,2023-11-15,1218331914,康力源：关于续聘会计师事务所的公告,,True,股份等上市公司琴复核人年度审计报告近三年签署或复核东南网金 || 签字注册会计师和质量控制复核人不存在违反《中国注册会计师职业道德守 || 签字注册会计师、项目质量控制复核人近三年不存在因执业行为受到刑事处罚，
301287,2024-04-22,1219690090,康力源：关于续聘会计师事务所的公告,,True,股份等上市公司琴复核人年度审计报告近三年签署或复核东南网金 || 签字注册会计师和质量控制复核人不存在违反《中国注册会计师职业道德守 || 签字注册会计师、项目质量控制复核人近三年不存在因执业行为受到刑事处罚，
301295,2024-04-24,1219764685,美硕科技：关于公司续聘会计师事务所的公告,,True,签字注册会计师、项目质量复核人员近三年不存在因执业行为受到刑事处罚， || 签字注册会计师、项目质量复核人员不存在可能影响独立性的情形。4、审计
301298,2024-03-29,1219443376,东利机械：关于续聘会计师事务所的公告,,True,年报上市公司审计项目质量复核人员独立性轮换工作尚在进行中，因此暂未确 || 2024年报具体项目质量复核人员。2、诚信记录项目合伙人、签字注册会 || 签字注册会计师、项目质量复核人员近三年不存在因执业行为受到刑事处罚， || 签字注册会计师、项目质量复核人员不存在可能影响独立性的情形。4、审计
301297,2024-04-26,1219837666,富乐德：关于拟续聘会计师事务所的公告,,True,人签字注册会计师项目质量复核人员姓名陈素素章颖鹏吴新何时成为注册会2 || 签字注册会计师、项目质量复核人员近三年不存在因执业行为受到刑事处罚， || 签字注册会计师、项目质量复核人员不存在可能影响独立性的情形。4、审计
301301,2023-04-04,1216316455,川宁生物：伊犁川宁生物技术股份有限公司关于续聘公司2023年度审计机构的公告,,True,22年[注3]制复核人[注1]重庆百货、金科股份、川宁生物 || 签字注册会计师、项目质量控制复核人近三年不存在因执业行为受到刑事处罚， || 签字注册会计师、项目质量控制复核人等不存在可能影响独立性的情形。4、审
301298,2023-03-31,1216277405,东利机械：关于续聘会计师事务所的公告,,True,签字注册会计师、项目质量控制复核人近三年不存在因执业行为受到刑事处罚， || 签字注册会计师、项目质量控制复核人不存在可能影响独立性的情形。三、拟续
301301,2024-04-22,1219693363,川宁生物：伊犁川宁生物技术股份有限公司关于续聘公司2024年度审计机构的公告,,True,24年[注3]制复核人[注1]博硕科技、重庆百货、金科股份 || 签字注册会计师、项目质量控制复核人近三年不存在因执业行为受到刑事处罚， || 签字注册会计师、项目质量控制复核人等不存在可能影响独立性的情形。4、审
301305,2023-08-23,1217607960,朗坤环境：关于公司续聘2023年度会计师事务所的公告,,True,签字注册会计师、项目质量控制复核人近三年不存在因执业行为受到刑事处罚， || 签字注册会计师、项目质量控制复核人不存在可能影响独立性的情形。4、审计
301305,2024-06-22,1220427380,朗坤环境：关于公司续聘2024年度会计师事务所的公告,,True,签字注册会计师、项目质量控制复核人近三年因执业行为受到刑事处罚，受到证 || 签字注册会计师、项目质量控制复核人不存在可能影响独立性的情形。4、审计
301306,2023-04-26,1216579170,西测测试：关于续聘公司2023年度审计机构的公告,,True,签字注册会计师、项目质量控制复核人最近三年不存在因执业行为受到刑事处罚 || 签字注册会计师、项目质量控制复核人不存在可能影响独立性的情形。4、审计
301306,2024-04-25,1219792583,西测测试：关于续聘2024年度会计师事务所的公告,,True,签字注册会计师、项目质量控制复核人最近三年不存在因执业行为受到刑事处罚 || 签字注册会计师、项目质量控制复核人不存在可能影响独立性的情形。4、审计
301309,2023-04-26,1216578245,万得凯：关于续聘2023年度审计机构的公告,,True,02年-[注3]复核人[注1]2022年，签署微光股份、赞 || 签字注册会计师、项目质量控制复核人近三年不存在因执业行为受到刑事处罚， || 签字注册会计师、项目质量控制复核人不存在可能影响独立性的情形。4、审计
301307,2023-06-07,1217003528,美利信：关于续聘2023年度审计机构的公告,,True,22年[注3]制复核人[注1]近三年签署贵州百灵、太极集团 || 签字注册会计师、项目质量控制复核人近三年不存在因执业行为受到刑事处罚， || 签字注册会计师、项目质量控制复核人不存在可能影响独立性的情形。4、审计
301312,2023-09-29,1217979991,智立方：关于变更会计师事务所的公告,,True,签字注册会计师和项目质量控制复核人近三年未因执业行为受到刑事处罚，未因
301314,2023-10-27,1218166562,科瑞思：关于聘请会计师事务所的公告,,True,签字注册会计师、项目质量控制复核人近三年不存在因执业行为受到刑事处罚， || 签字注册会计师、项目质量控制复核人不存在可能影响独立性的情形。4、审计
301309,2024-04-27,1219857743,万得凯：关于续聘2024年度审计机构的公告,,True,02年-[注3]复核人[注1]2021年，签署钱江水利、慈 || 签字注册会计师、项目质量控制复核人近三年不存在因执业行为受到刑事处罚， || 签字注册会计师、项目质量控制复核人不存在可能影响独立性的情形。4、审计
301307,2024-04-16,1219622768,美利信：关于续聘2024年度审计机构的公告,,True,22年[注3]制复核人[注1]签署太极集团、三圣股份、美利 || 签字注册会计师、项目质量控制复核人近三年不存在因执业行为受到刑事处罚， || 签字注册会计师、项目质量控制复核人不存在可能影响独立性的情形。4、审计
301312,2024-04-24,1219762825,智立方：关于续聘会计师事务所的公告,,True,签字注册会计师和项目质量控制复核人近三年未因执业行为受到刑事处罚，未因
301320,2024-04-25,1219794179,豪江智能：关于续聘会计师事务所的公告,,True,市公司审计报告。项目质量控制复核人王进：王进2010年成为注册会计师， || 册会计师吕肖君、项目质量控制复核人王进近三年不存在因执业行为受到刑事处 || 册会计师吕肖君、项目质量控制复核人王进不存在可能影响独立性的情形。4、
301327,2023-04-15,1216415548,华宝新能：关于续聘公司2023年度审计机构的公告,,True,03年2012年复核人尔康制药、中科电气2、诚信记录项目合 || 签字注册会计师、项目质量控制复核人近三年不存在因执业行为受到刑事处罚， || 签字注册会计师、项目质量控制复核人不存在可能影响独立性的情形。4、审计
301327,2024-04-27,1219863191,华宝新能：关于续聘公司2024年度审计机构的公告,,True,3年2022年制复核人尔康制药、中科电气等上市公司审计报告 || 签字注册会计师、项目质量控制复核人近三年不存在因执业行为受到刑事处罚， || 、项目质3量控制复核人不存在可能影响独立性的情形。4、审计
301328,2023-04-11,1216371641,维峰电子：关于续聘公司2023年度审计机构的公告,,True,计12月月12月复核人报告超过10家次近三年签署或复核的上 || 签字注册会计师、项目质量控制复核人不存在可能影响独立性的情形。7、审计
301332,2024-04-29,1219853351,德尔玛：关于续聘2024年度审计机构的公告,,True,人签字注册会计师项目质量复核人员姓名彭宗显林湧红贝柳辉何时成为注册会 || 签字注册会计师、项目质量复核人员近三年不存在因执业行为受到刑事处罚， || 签字注册会计师、项目质量控制复核人等从业人员不存在可能影响独立性要求的
301335,2024-04-23,1219744712,天元宠物：关于拟续聘会计师事务所的公告2024,,True,人签字注册会计师项目质量复核人员姓名金东伟李远军陈立立何时成为注册会 || 签字注册会计师、项目质量复核人员近三年不存在因执业行为受到刑事处罚， || 签字注册会计师、项目质量复核人员不存在可能影响独立性的情形。4.审计
301336,2023-12-01,1218484810,趣睡科技：成都趣睡科技股份有限公司关于拟变更会计师事务所的公告,,True,024年签署4家复核人2.诚信记录项目合伙人、签字注册会计 || 签字注册会计师和质量控制复核人近三年无执业行为受到刑事处罚，无受到 || 签字注册会计师、项目质量控制复核人等从业人员不存在违反《中国注册会计师
301335,2023-04-18,1216438908,天元宠物：关于拟续聘会计师事务所的公告,,True,、新华医疗等公司复核人2020年度审计报告；2020年签署 || 19年度审计报告项目质量控制复核人：由于天健会计师事务所正在开展项目质 || 师事务所正在开展项目质量复核人员独3立性轮换工作，因此目前尚无法确定 || 3年度审计项目的质量复核人员。公司将在天健会计师事务所确定项目质 || 会计师事务所确定项目质量复核人员后及时披露相关人员信息。2.诚信记录 || 签字注册会计师、项目质量控制复核人近三年存在因执业行为受到刑事处罚，受
301345,2023-04-25,1216554111,涛涛车业：关于续聘会计师事务所的公告,,True,计师徐文豪、项目质量控制复核合伙人倪侃侃最近3年均未受到刑事处罚、行政 || 希、徐文豪、项目质量控制复核合伙人倪侃侃不存在违反《中国注册会计师职业
301345,2024-04-22,1219692445,涛涛车业：关于续聘会计师事务所的公告,,True,计师徐文豪、项目质量控制复核合伙人倪侃侃最近3年均未受到刑事处罚、行政 || 计师徐文豪、项目质量控制复核合伙人倪侃侃不存在违反《中国注册会计师职业
301356,2024-04-26,1219836496,天振股份：关于续聘会计师事务所的公告,,True,22年超过10家复核人月2、诚信记录项目合伙人、签字注册会 || 签字注册会计师、项目质量控制复核人近三年不存在因执业行为受到刑事处罚， || 签字注册会计师、项目质量控制复核人不存在可能影响独立性的情形。4、审计
301353,2023-09-29,1217982640,普莱得：关于拟变更2023年度审计机构的公告,,True,应专业胜任能力。项目质量控制复核人：梁轶男，2014年成为注册会计师， || 签字注册会计师、项目质量控制复核人近三年（最近三个完整自然年度及当年） || 签字注册会计师、项目质量控制复核人不存在违反《中国注册会计师职业道德守
301358,2024-04-20,1219702160,湖南裕能：关于续聘公司2024年度审计机构的公告,,True,国机汽车、中船科复核人技2021年度审计报告；2021年度 || 签字注册会计师、项目质量控制复核人近三年不存在因执业行为受到刑事处罚， || 签字注册会计师、项目质量控制复核人不存在可能影响独立性的情形。三、拟续
301359,2024-04-19,1219664655,东南电子：关于续聘会计师事务所的公告,,True,签字注册会计师、项目质量控制复核人近三年不存在因执业行为受到刑事处罚， || 签字注册会计师、项目质量控制复核人不存在可能影响独立性的情形。4、审计
301358,2023-04-13,1216390632,湖南裕能：关于续聘公司2023年度审计机构的公告,,True,科技2020年度复核人审计报告；2020年度：签署恒锋工具 || 签字注册会计师、项目质量控制复核人近三年不存在因执业行为受到刑事处罚、 || 册会计师、项目3质量控制复核人不存在可能影响独立性的情形。三、履行
301359,2023-04-28,1216653475,东南电子：关于续聘会计师事务所的公告,,True,签字注册会计师、项目质量控制复核人近三年不存在因执业行为受到刑事处罚， || 签字注册会计师、项目质量控制复核人不存在可能影响独立性的情形。4、审计
301356,2022-12-02,1215256756,天振股份：关于变更会计师事务所的公告,,True,签字注册会计师、项目质量控制复核人近三年存在因执业行为受到刑事处罚，受 || 签字注册会计师、项目质量控制复核人不存在可能影响独立性的情形。4、审计
301363,2024-04-18,1219651023,美好医疗：关于续聘2024年度会计师事务所的公告,,True,、国泰环保、满坤复核人科技清溢光电、金溢科技、步科股赵国梁 || 签字注册会计师和质量控制复核人不存在违反《中国注册2会计师职业道德 || 签字注册会计师、项目质量控制复核人近三年不存在因执业行为受到刑事处罚，
301366,2024-04-26,1219830924,一博科技：关于续聘会计师事务所的公告,,True,人签字注册会计师项目质量复核人员姓名龙琦刘冬群潘晶晶何时成为注册会计 || 签字注册会计师、项目质量控制复核人近三年不存在因执业行为受到刑事处罚， || 签字注册会计师、项目质量控制复核人不存在可能影响独立性的情形。4、审计
301363,2023-08-30,1217692805,美好医疗：关于续聘会计师事务所的公告,,True,23年份、兔宝宝复核人瀛通通讯、新疆天业、天业节朱中伟20 || 签字注册会计师和质量控制复核人不存在违反《中国注册会计师职业道德守 || 签字注册会计师、项目质量控制复核人近三年不存在因执业行为受到刑事处罚，
301366,2023-04-24,1216525750,一博科技：关于续聘会计师事务所的公告,,True,签字注册会计师、项目质量控制复核人近三年不存在因执业行为受到刑事处罚， || 签字注册会计师、项目质量控制复核人不存在可能影响独立性的情形。34、审
301368,2023-04-25,1216556380,丰立智能：关于续聘会计师事务所的公告,,True,8年2022年制复核人天泽信息等年度审计报告。2、诚信记录 || 签字注册会计师、项目质量控制复核人近三年不存在因执业行为受到刑事处罚， || 签字注册会计师、项目质量控制复核人不存在可能影响独立性的情形。4、审计
301378,2024-04-22,1219690004,通达海：关于拟续聘2024年度会计师事务所的公告,,True,人签字注册会计师项目质量复核人员姓名曹俊炜李勤吕瑛群何时成为注册会2 || 签字注册会计师、项目质量复核人员近三年不存在因执业行为受到刑事处罚， || 签字注册会计师、项目质量复核人员不存在可能影响独立性的情形。（四）审
301368,2024-04-23,1219740316,丰立智能：关于续聘会计师事务所的公告,,True,签字注册会计项目质量复核人基本信息项目合伙人师员姓名李江东王延 || 签字注册会计师、项目质量复核人员近三年不存在因执业行为受到刑事处罚， || 签字注册会计师、项目质量控制复核人不存在可能影响独立性的情形。4、审计
301379,2023-04-28,1216642157,天山电子：关于续聘会计师事务所的公告,,True,签字注册会计师、项目质量控制复核人近三年不存在因执业行为受到刑事处罚， || 签字注册会计师及质量复核人员不存在违反《中国注册会计师职业道德守
301397,2024-04-11,1219566494,溯联股份：关于续聘会计师事务所的公告,,True,新旭腾等上市控制复核人公司审计报告2、诚信记录项目合伙人、 || 签字注册会计师、项目质量控制复核人近三年不存在因执业行受2到刑事处罚， || 签字注册会计师、项目质量控制复核人不存在可能影响独立性的情形。4、审计
301428,2024-04-23,1219745463,世纪恒通：关于拟续聘会计师事务所的公告,,True,23年12月3家复核人2.诚信记录项目合伙人、签字注册会计 || 签字注册会计师、项目质量控制复核人近三年无执业行为受到刑—2—事处罚， || 签字注册会计师、项目质量控制复核人等从业人员不存在违反《中国注册会计师
301399,2023-12-14,1218617025,英特科技：关于拟续聘公司2023年度审计机构的公告,,True,、华策影视、珀莱复核人雅、重庆百货等上市公司年度审计报告。 || 签字注册会计师、项目质量控制复核人近三年不存在因职业行为受到刑事处罚， || 签字注册会计师、项目质量控制复核人不存在可能影响独立性的情形。4、审计
301429,2024-04-18,1219648278,森泰股份：森泰股份：关于续聘公司2024年度审计机构的公告,,True,司审计报告。项目质量复核人(拟)：冯炬，2016年成为中国注册 || 计师任张池、项目质量复核人冯炬近三年内未曾因执业行为受到刑事处
301399,2024-04-23,1219736633,英特科技：关于拟续聘公司2024年度审计机构的公告,,True,签字注册会计师、项目质量控制复核人近三年不存在因职业行为受到刑事处罚， || 签字注册会计师、项目质量控制复核人不存在可能影响独立性的情形。4、审计
301469,2024-04-22,1219692751,恒达新材：关于续聘会计师事务所的公告,,True,20年2家余亚进质量控制复核人2003年1999年2016年202 || 签字注册会计师、项目质量控制复核人近三年不存在因执业行为受到刑事处罚， || 签字注册会计师、项目质量控制复核人不存在可能影响独立性的情形。4.审计
301502,2024-04-27,1219864900,华阳智能：关于续聘公司2024年度审计机构的公告,,True,2020年0鲁立质量控制复核人2005年2003年2007年1月2 || 签字注册会计师、项目质量控制复核人近三年不存在因执业行为受到刑事处罚， || 签字注册会计师、项目质量控制复核人不存在可能影响独立性的情形。4、审计
301429,2023-04-27,1216613408,森泰股份：森泰股份：关于续聘公司2023年度审计机构的公告,,True,司审计报告。项目质量复核人(拟)：冯炬，2016年成为中国注册 || 计师鲍灵姬、项目质量复核人冯炬近三年内未曾因执业行为受到刑事处
301516,2024-04-25,1219799325,中远通：关于续聘公司2024年度财务报告审计机构的公告,,True,签字注册会计师、项目质量控制复核人近三年不存在因执业行为受到刑事处罚， || 签字注册会计师、项目质量控制复核人不存在可能影响独立性的情形。4、审计
301511,2024-04-19,1219666346,德福科技：关于续聘2024年度财务审计机构的公告,,True,签字注册会计师、项目质量控制复核人近三年（最近三个完整自然年度及当年） || 签字注册会计师、项目质量控制复核人，不存在违反《中国注册会计师职业道德
301525,2024-04-24,1219771925,儒竞科技：关于续聘2024年度审计机构的公告,,True,签字注册会计师、项目质量控制复核人近三年不存在因执业行为受到刑事处罚， || 签字注册会计师、项目质量控制复核人不存在可能影响独立性的情形。4、审计
301538,2024-04-20,1219703265,骏鼎达：关于续聘2024年度审计机构的公告,,True,人签字注册会计师项目质量复核人员姓名叶涵雷丽娜卜刚军何时成为注册会计 || 签字注册会计师、项目质量复核人员近三年不存在因执业行为受到刑事处罚， || 签字注册会计师、项目质量复核人员不存在可能影响独立性的情形。4、审计
301539,2024-04-27,1219860563,宏鑫科技：关于续聘2024年度审计机构的公告,,True,人签字注册会计师项目质量复核人员姓名潘晶晶项巍巍郑耀祥何时成为注册会 || 签字注册会计师、项目质量复核人员近三年不存在因执业行为受到刑事处罚， || 签字注册会计师、项目质量复核人员不存在可能影响独立性的情形。4、审计
301550,2024-04-20,1219694595,斯菱股份：关于续聘2024年度会计师事务所的公告,,True,市公司审计报告。项目质量控制复核人：陈灵灵陈灵灵，2014年成为中国注 || 签字注册会计师、项目质量控制复核人近三年未因执业行为受到刑事处罚，受到 || 签字注册会计师、项目质量控制复核人能够在执行本项目审计工作时保持独立性
301533,2024-04-23,1219735126,威马农机：关于续聘2024年度审计机构的公告,,True,人签字注册会计师项目质量复核人员姓名弋守川宋军邓德祥何时成为注册会计 || 签字注册会计师、项目质量控制复核人近三年不存在因执业行为受到刑事处罚， || 签字注册会计师、项目质量控制复核人不存在可能影响独立性的情形。4、审计
301548,2024-04-20,1219701358,崇德科技：关于续聘公司2024 年度审计机构的公告,,True,均任4家上市公司质量控制复核人。近三年签署或复核华项目质量控天酒店 || 1年2021年制复核人崇德科技等年度审计报告22022年签 || 均任4家上市公司质量控制复核人。2023年签署1家上市公司2022 || 签字注册会计师、项目质量控制复核人近三年不存在因执业行为受到刑事处罚， || 签字注册会计师、项目质量控制复核人不存在可能影响独立性的情形。4、审计
301559,2024-01-19,1218946941,中集环科：关于续聘2023年审计机构的公告,,True,签字注册会计师、项目质量控制复核人近三年不存在因执业行为受到刑事处罚， || 签字注册会计师、项目质量控制复核人不存在可能影响独立性的情形。4、审计
301566,2024-04-29,1219864345,达利凯普：关于续聘2024年度会计师事务所的公告,,True,人签字注册会计师项目质量复核人员姓名胡友邻肖兰金乾恺何时成为注册会计 || 签字注册会计师、项目质量复核人员近三年不存在因执业行为受到刑事处罚， || 签字注册会计师、项目质量复核人员不存在可能影响独立性的情形。4、审计
301567,2024-04-02,1219492327,贝隆精密：关于续聘会计师事务所的公告,,True,18年3家郭文令质量控制复核人2006年2008年2006年12月 || 自律处分的记录。项目质量控制复核人郭文令最近三年存在因执业行为受到证监 || 签字注册会计师、项目质量控制复核人不存在可能影响独立性的情形。4．审计
301587,2024-04-26,1219820870,中瑞股份：关于续聘2024年度审计机构的公告,,True,签字注册会计师、项目质量控制复核人最近三年不存在因执业行为受到刑事处罚 || 签字注册会计师、项目质量控制复核人不存在可能影响独立性的情形。4、审计
600027,2020-03-26,1207404096,华电国际：续聘会计师事务所的公告,,True,签字注册会计师和质量控制复核人不存在违反《中国注册会计师职业道德守
600027,2024-03-28,1219426315,华电国际：关于续聘会计师事务所的公告,,True,超过3家。拟担任质量复核合伙人：唐其勇先生，2004年获得中国注册 || 签字注册会计师、项目质量控制复核人近三年无执业行为受到刑事处罚，无受到 || 签字注册会计师、项目质量控制复核人等从业人员不存在违反《中国注册会计师
600035,2021-04-29,1209857059,楚天高速：湖北楚天智能交通股份有限公司关于续聘会计师事务所的公告,,True,审计服务。（3）项目质量控制复核人：根据中审众环质量控制政策和程序，初 || 项目质量独立质控复核人为赵文凌，2002年成为中国注册会计 || 签字注册会计师、项目质量控制复核人近三年因执业行为受到刑事处罚，受到证 || 签字注册会计师、质量控制复核人等不存在可能影响独立性的情况。4、审
600036,2024-05-28,1220172800,招商银行：招商银行股份有限公司关于变更会计师事务所的公告,,True,签字注册会计师和项目质量控制复核人的基本信息如下：张秉贤先生（香港会计 || 员）拟任本项目的质量控制复核人。严盛炜先生于2000年取得中国注册 || 签字注册会计师和项目质量控制复核人最近三年均未因执业行为受到任何刑事处 || 签字注册会计师、项目质量控制复核人按照职业道德守则的规定保持了独立性，
600037,2022-04-16,1212940211,歌华有线：歌华有线关于续聘内部控制审计机构的公告,,True,签字注册会计师、项目质量控制复核人近三年不存在因执业行为受到刑事处罚， || 签字注册会计师、项目质量控制复核人不存在可能影响独立性的情形。4.审计
600037,2021-04-30,1209873023,歌华有线：歌华有线关于变更2021年度内部控制审计机构的公告,,True,签字注册会计师、项目质量控制复核人近三年不存在因执业行为受到刑事处罚， || 签字注册会计师、项目质量控制复核人不存在可能影响独立性的情形。4.审计
600037,2023-04-27,1216618280,歌华有线：歌华有线关于续聘内部控制审计机构的公告,,True,签字注册会计师、项目质量控制复核人近三年不存在因执业行为受到刑事处罚， || 签字注册会计师、项目质量控制复核人不存在可能影响独立性的情形。4.审计
600037,2022-04-16,1212940209,歌华有线：歌华有线关于变更2022年度会计师事务所的公告,,True,签字注册会计师、项目质量控制复核人近三年不存在因执业行为受到刑事处罚， || 签字注册会计师、项目质量控制复核人不存在可能影响独立性的情形。4.审计
600037,2023-04-27,1216618272,歌华有线：歌华有线关于续聘会计师事务所的公告,,True,签字注册会计师、项目质量控制复核人近三年不存在因执业行为受到刑事处罚， || 签字注册会计师、项目质量控制复核人不存在可能影响独立性的情形。4.审计
600037,2024-04-27,1219874443,歌华有线：歌华有线关于续聘内部控制审计机构的公告,,True,签字注册会计师、项目质量控制复核人近三年不存在因执业行为受到刑事处罚， || 签字注册会计师、项目质量控制复核人不存在可能影响独立性的情形。4.审计
600037,2024-04-27,1219874487,歌华有线：歌华有线关于续聘会计师事务所的公告,,True,签字注册会计师、项目质量控制复核人近三年不存在因执业行为受到刑事处罚， || 签字注册会计师、项目质量控制复核人不存在可能影响独立性的情形。4.审计
600051,2022-04-12,1212885751,宁波联合：宁波联合关于拟续聘天健会计师事务所（特殊普通合伙）为公司2022年度财务、内控审计机构的公告,,True,签字注册会计师、项目质量控制复核人近三年不存在因执业行为受到刑事处罚， || 签字注册会计师、项目质量控制复核人不存在可能影响独立性的情形。4.审计
600051,2024-04-16,1219622105,宁波联合：宁波联合关于拟续聘天健会计师事务所（特殊普通合伙）为公司2024年度财务、内控审计机构的公告,,True,本信息项目合伙人项目质量复核人员师姓名伍贤春沈强生王晨何时成为注册会 || 签字注册会计师、项目质量复核人员近三年不存在因执业行为受到刑事处罚， || 签字注册会计师、项目质量复核人员不存在可能影响独立性的情形。4.审计
600051,2021-04-13,1209677099,宁波联合：宁波联合关于拟续聘天健会计师事务所（特殊普通合伙）为公司2021年度财务、内控审计机构的公告,,True,签字注册会计师、项目质量控制复核人近三年因执业行为受到刑事处罚，受到证 || 册会计师、项3目质量控制复核人不存在可能影响独立性的情形。4.审计
600052,2023-12-28,1218744191,东望时代：浙江东望时代科技股份有限公司关于变更签字注册会计师及项目质量控制复核人的公告,,True,签字注册会计师及项目质量控制复核人的公告本公司董事会及全体董事保证本公 || 签字注册会计师及质量控制复核人的告知函》。现将相关情况公告如下：一 || 签字注册会计师和项目质量控制复核人变更的基本情况中兴财光华为公司202 || 会计师，周书奕为项目质量控制复核人。由于中兴财光华所内人员变动及项目调 || 册会计师、俞俊为项目质量控制复核人，继续为公司完成2023年度财务报告 || 注册会计师汤洋、项目质量控制复核人俞俊最近三年未因执业行为受到刑事处罚
600051,2023-04-11,1216370233,宁波联合：宁波联合关于拟续聘天健会计师事务所（特殊普通合伙）为公司2023年度财务、内控审计机构的公告,,True,生物、上海钢联，复核人均普智能2.诚信记录项目合伙人、签字 || 签字注册会计师、项目质量控制复核人近三年不存在因执业行为受到刑事处罚， || 签字注册会计师、项目质量控制复核人不存在可能影响独立性的情形。4.审计
600053,2020-04-21,1207541927,九鼎投资：关于续聘会计师事务所的公告,,True,计师）、刘志坚（质量控制复核人）最近三年未受（收）到其他刑事处罚、
600053,2024-04-16,1219623022,九鼎投资：九鼎投资关于续聘会计师事务所的公告,,True,签字注册会计师、项目质量控制复核人等从业人员不存在违反《中国注册会计师 || 1年2018年制复核人拟签字注郭波2019年2019年20 || 签字注册会计师及质量控制复核人最近三年未受（收）到刑事处罚、行政处
600052,2024-04-26,1219832156,东望时代：浙江东望时代科技股份有限公司关于续聘会计师事务所的公告,,True,年2023年8家复核人2、诚信记录项目合伙人、签字注册会计 || 签字注册会计师、项目质量控制复核人近三年无因执业行为受到刑事处罚，受到 || 签字注册会计师、项目质量控制复核人等从业人员不存在违反《中国注册会计师
600053,2021-04-15,1209688184,九鼎投资：九鼎投资关于续聘会计师事务所的公告,,True,签字注册会计师、项目质量控制复核人等从业人员不存在违反《中国注册会计师 || 业胜任能会计师制复核人力从事注册会计师业务多年，至今为多家 || 签字注册会计师及质量控制复核人最近三年未受（收）到刑事处罚、行政处
600056,2021-03-06,1209345423,中国医药：关于变更2020年度审计报告签字注册会计师及质量控制负责人的公告,,True,签字注册会计师及质量控制负责人的公告本公司及董事会全体成员保证公告 || 签字注册会计师和质量控制负责人的函》，立信原指派赵斌、张震作为签字 || 会计师、王娜作为质量控制负责人为公司提供审计服务。因立信工作安排原 || 计师、王首一作为质量控制负责人继续提供审计服务。一、本次变更人员基 || 、中国融通等公司质量控制复核人，未在其他单位兼职。二、本次变更人员
600053,2022-04-22,1213026530,九鼎投资：九鼎投资关于续聘会计师事务所的公告,,True,签字注册会计师、项目质量控制复核人等从业人员不存在违反《中国注册会计师 || 业胜任能会计师制复核人力从事注册会计师业务多年，至今为多家 || 签字注册会计师及质量控制复核人最近三年未受（收）到刑事处罚、行政处
600053,2023-04-27,1216624197,九鼎投资：九鼎投资关于续聘会计师事务所的公告,,True,签字注册会计师、项目质量控制复核人等从业人员不存2在违反《中国注册会计 || 签字注册会计师及质量控制复核人最近三年未受（收）到刑事处罚、行政处
600059,2020-04-18,1207522394,古越龙山：关于续聘会计师事务所的公告,,True,3年加入天健无是复核人会计师会计师事务所，从事事务所质量控
600058,2022-10-25,1214882012,五矿发展：五矿发展股份有限公司关于续聘会计师事务所的公告,,True,册会计师李锋勤、项目质量控制复核人陈俊不存在违反《中国注册会计师职业道
600059,2021-04-30,1209873064,古越龙山：古越龙山关于续聘会计师事务所的公告,,True,签字注册会计师、项目质量控制复核人近三年不存在因执业行为受到刑事处罚， || 签字注册会计师、项目质量控制复核人不存在可能影响独立性的情形。（三）审
600059,2023-04-13,1216391096,古越龙山：古越龙山关于续聘会计师事务所的公告,,True,签字注册会计师、项目质量控制复核人近三年存在因执业行为受到刑事处罚，受 || 签字注册会计师、项目质量控制复核人不存在可能影响独立性的情形。（三）审
600059,2022-04-15,1212917478,古越龙山：古越龙山关于续聘会计师事务所的公告,,True,签字注册会计师、项目质量控制复核人近三年不存在因执业行为受到刑事处罚， || 签字注册会计师、项目质量控制复核人不存在可能影响独立性的情形。（三）审
600070,2022-04-27,1213148961,浙江富润：浙江富润关于续聘会计师事务所的公告,,True,签字注册会计师、项目质量控制复核人。2.独立性天健会计师事务所（特殊普
600070,2020-04-28,1207646361,浙江富润：关于续聘会计师事务所的公告,,True,市公司刘绍秋无是复核人会计师提供过IPO申报审计、上市公司
600070,2021-04-27,1209818162,浙江富润：浙江富润关于续聘会计师事务所的公告,,True,；2020年，签复核人署苏垦农发、现代制药、苏美达、瑞斯康 || 签字注册会计师、项目质量控制复核人近三年因执业行为受到刑事处罚，受到证 || 签字注册会计师、项目质量控制复核人不存在可能影响独立性的情形。（三）审
600070,2023-12-19,1218654465,ST富润：浙江富润关于变更会计师事务所的公告,,True,计报告情况（3）质量控制复核人姓名罗建平技术职称注册会计师兼职情况 || 签字注册会计师、项目质量控制复核人近三年未因执业行为受到刑事处罚，未受 || 签字注册会计师、项目质量控制复核人不存在可能影响独立性的情形，在执行本
600071,2020-04-14,1207491152,凤凰光学：关于续聘会计师事务所的公告,,True,、金融、税务是制复核人等专业知识丰富。本期签字注长期从事多
600071,2022-04-02,1212807662,凤凰光学：凤凰光学关于续聘会计师事务所的公告,,True,续执业时间22年复核人（证券代码：002544）、中国船舶
600075,2020-04-30,1207678104,新疆天业：关于续聘审计机构的公告,,True,健会计师王强无是复核人会计师事务所，审计相关工作。1999
600075,2022-10-26,1214898639,新疆天业：新疆天业股份有限公司关于续聘审计机构的公告,,True,签字注册会计师、项目质量控制复核人近三年不存在因执业行为受到刑事处罚， || 签字注册会计师、项目质量控制复核人不存在可能影响独立性的情形。4、审计
600075,2021-04-24,1209788077,新疆天业：新疆天业股份有限公司关于续聘审计机构的公告,,True,签字注册会计师、项目质量控制复核人近三年不存在因执业行为受到刑事处罚， || 签字注册会计师、项目质量控制复核人不存在可能影响独立性的情形。2新疆天
600077,2021-11-16,1211586308,宋都股份：宋都基业投资股份有限公司（600077）关于续聘会计师事务所的公告,,True,9年度审计报告，复核人华源控股2019年度审计报告；201 || 司2020年审计复核人报告；2020年，复核宋都股份、华友 || 签字注册会计师、项目质量控制复核人近三年不存在因执业行为受到刑事处罚， || 签字注册会计师、项目质量控制复核人不存在可能影响独立性的情形。24、审
600077,2023-02-28,1215992038,宋都股份：宋都基业投资股份有限公司（600077）关于变更会计师事务所的公告,,True,020年度审计报复核人告；2020年，复核宁波富达、深南电 || 签字注册会计师、项目质量控制复核人近三年不存在因执业行为受到刑事处罚， || 签字注册会计师、项目质量控制复核人不存在可能影响独立性的情形。4、审计
600079,2020-04-30,1207688533,人福医药：关于续聘会计师事务所的公告,,True,在其他单位兼职。质量控制复核人员：刘仁勇，中国注册会计师，合伙人， || 签字注册会计师及质量复核人员未持有和买卖公司股票，也不存在影响独
600079,2022-04-28,1213167236,人福医药：人福医药关于续聘会计师事务所的公告,,True,在其他单位兼职。质量控制复核人员：刘仁勇，中国注册会计师，合伙人， || 签字注册会计师及质量复核人员未持有和买卖公司股票，也不存在影响独
600079,2023-03-24,1216201379,人福医药：人福医药关于续聘会计师事务所的公告,,True,司年度审计报告。项目质量控制复核人：肖献敏中国注册会计师，大信事务所质 || 签字注册会计师及质量复核人员不存在违反《中国注册会计师职业道德守
600079,2024-03-29,1219453259,人福医药：人福医药关于续聘会计师事务所的公告,,True,司年度审计报告。项目质量控制复核人：刘仁勇刘仁勇，拥有注册会计师执业资 || 签字注册会计师及质量复核人员不存在违反《中国注册会计师职业道德守 || 签字注册会计师及质量复核人员近三年不存在因执业行为受到刑事处罚，
600079,2021-04-28,1209841064,人福医药：人福医药关于续聘会计师事务所的公告,,True,在其他单位兼职。质量控制复核人员：刘仁勇，中国注册会计师，合伙人， || 签字注册会计师及质量复核人员未持有和买卖公司股票，也不存在影响独
600081,2023-03-31,1216281382,东风科技：东风电子科技股份有限公司关于续聘2023年度会计师事务所的公告,,True,过10家。拟担任独立复核合伙人：汤其美先生，1996年获得中国注册 || 签字注册会计师、项目质量控制复核人近三年无执业行为受到刑事处罚，受到证 || 签字注册会计师、项目质量控制复核人等从业人员不存在违反《中国注册会计师
600081,2022-03-31,1212740359,东风科技：东风电子科技股份有限公司关于续聘2022年度会计师事务所的公告,,True,过10家。拟担任独立复核合伙人：汤其美先生，1996年获得中国注册 || 签字注册会计师、项目质量控制复核人近三年无执业行为受到刑事处罚，受到证 || 签字注册会计师、项目质量控制复核人等从业人员不存在违反《中国注册会计师
600084,2020-04-29,1207658691,*ST中葡：关于续聘会计师事务所的公告,,True,胜任能力：是2．项目质量控制负责人简历史春生先生，从2004年10月开
600093,2020-04-30,1207688641,易见股份：关于续聘会计师事务所的公告,,True,服务业务：是2、质量控制复核人：李知好执业资质：中国注册会计师从业
600095,2021-08-28,1210902238,湘财股份：湘财股份关于续聘2021年度审计机构的公告,,True,务股份有限公司。项目质量控制复核人王丽：2003年6月成为中国注册会计 || 签字注册会计师和质量控制复核人不存在违反《中国注册会计师职业道德守
600095,2024-04-13,1219600142,湘财股份：湘财股份关于续聘2024年度审计机构的公告,,True,1、基本信息项目质量复核人基本信息项目合伙人签字注册会计师员姓 || 签字注册会计师和质量控制复核人近三年未因执业行为受到刑事处罚、行政 || 签字注册会计师和质量控制复核人不存在违反《中国注册会计师职业道德守
600097,2020-04-18,1207527849,开创国际：关于续聘会计师事务所公告,,True,英及其团队拟担任项目质量控制复核人。周薇英从事证券服务业务多年，负责复
600100,2021-04-28,1209841085,同方股份：同方股份有限公司关于续聘公司2021年度审计机构并支付其审计费用的公告,,True,、百达精工、奥翔复核人药业2018年度审计报告；2019年 || 签字注册会计师、项目质量控制复核人近三年不存在因执业行为受到刑事处罚和 || 签字注册会计师、项目质量控制复核人不存在可能影响独立性的情形。（三）审
600100,2023-10-28,1218191460,同方股份：同方股份有限公司关于续聘公司2023年度审计机构的公告,,True,签字注册会计师、项目质量控制复核人近三年不存在因执业行为受到刑事处罚、 || 签字注册会计师、项目质量控制复核人不存在可能影响独立性的情形。（三）审
600100,2022-10-29,1214968185,同方股份：同方股份有限公司关于续聘公司2022年度审计机构并支付其审计费用的公告,,True,签字注册会计师、项目质量控制复核人近三年不存在因执业行为受到刑事处罚和 || 签字注册会计师、项目质量控制复核人不存在可能影响独立性的情形。（三）审
600105,2020-04-28,1207646480,永鼎股份：关于公司续聘2020年度审计机构的公告,,True,会计无兼任上市公质量控制复核人俞佳南是会计师师事务所从事审计工作。
600106,2022-04-15,1212920563,重庆路桥：重庆路桥股份有限公司关于续聘会计师事务所的公告,,True,签字注册会计师、项目质量控制复核人近三年不存在因执业行为受到刑事处罚， || 签字注册会计师、项目质量控制复核人不存在可能影响独立性的情形。4、审计
600106,2021-04-09,1209656871,重庆路桥：重庆路桥股份有限公司关于续聘会计师事务所的公告,,True,签字注册会计师、项目质量控制复核人近三年不存在因执业行为受到刑事处罚， || 签字注册会计师、项目质量控制复核人不存在可能影响独立性的情形。4、审计
600107,2020-04-28,1207646510,美尔雅：关于续聘会计师事务所的公告,,True,公司兼职。（2）项目质量控制复核人：根据中审众环质量控制政策和程序，项 || 1）项目合伙人、质量控制复核人和拟签字会计师等相关人员不存在违反《 || 2）项目合伙人、质量控制复核人和拟签字会计师等相关人员最近3年未受
600108,2020-04-29,1207658076,亚盛集团：关于续聘会计师事务所的公告,,True,单位兼职。（3）质量控制复核人员：刘会锋，中国注册会计师，2004 || 签字注册会计师及质量控制复核人员不存在违反《中国注册会计师职业道德
600109,2024-04-25,1219803239,国金证券：国金证券股份有限公司关于续聘会计师事务所的公告,,True,品瑶科技、凯迪否复核人电器、永安期货2、诚信记录项目合伙人 || 签字注册会计师、项目质量控制复核人近三年不存在因执业行为受到刑事处罚， || 签字注册会计师、项目质量控制复核人不存在可能影响独立性的情形。4、审计
600114,2022-04-23,1213045957,东睦股份：东睦股份关于拟续聘2022年度会计师事务所的公告,,True,签字注册会计师、项目质量控制复核人近三年不存在因执业行为受到刑事处罚， || 签字注册会计师、项目质量控制复核人不存在可能影响独立性的情形。（三）审
600114,2024-04-27,1219874828,东睦股份：东睦股份关于拟续聘2024年度会计师事务所的公告,,True,024年10家制复核人2、诚信记录项目合伙人、签字注册会计 || 签字注册会计师、项目质量复核人员近三年不存在因执业行为受到刑事处罚， || 签字注册会计师、项目质量复核人员不存在可能影响独立性的情形。（三）审
600114,2023-04-27,1216611846,东睦股份：东睦股份关于拟续聘2023年度会计师事务所的公告,,True,020年14家制复核人2、诚信记录项目合伙人、签字注册会计 || 签字注册会计师、项目质量控制复核人近三年不存在因执业行为受到刑事处罚， || 纪律处分的情况；项目质量控制复核人近三年不存在因执业行为受到证监会及其 || 签字注册会计师、项目质量控制复核人不存在可能影响独立性的情形。（三）审
600125,2020-03-27,1207410494,铁龙物流：关于续聘2020年度审计机构的公告,,True,序，林庆瑜拟担任项目质量控制复核人。林庆瑜，注册会计师，1999年起从 || 大资产重组审计的项目质量控制复核人，具备相应专业胜任能力。5、诚信记录
600126,2022-04-09,1212853919,杭钢股份：杭州钢铁股份有限公司关于续聘会计师事务所的公告,,True,签字注册会计师、项目质量控制复核人近三年不存在因执业行为受到刑事处罚， || 签字注册会计师、项目质量控制复核人不存在可能影响独立性的情形。3（三）
600127,2022-03-31,1212748226,金健米业：金健米业关于续聘会计师事务所的公告,,True,签字注册会计师、项目质量控制复核人近三年不存在因执业行为受到刑事处罚， || 签字注册会计师、项目质量控制复核人不存在可能影响独立性的情形。(三)审
600127,2023-03-31,1216277944,金健米业：金健米业关于续聘会计师事务所的公告,,True,签字注册会计师、项目质量控制复核人近三年不存在因执业行为受到刑事处罚， || 签字注册会计师、项目质量控制复核人不存在可能影响独立性的情形。(三)审
600126,2023-04-15,1216413039,杭钢股份：杭州钢铁股份有限公司关于续聘会计师事务所的公告,,True,签字注册会计师、项目质量控制复核人近三年不存在因执业行为受到刑事处罚， || 签字注册会计师、项目质量控制复核人不存在可能影响独立性的情形。（三）审
600127,2021-04-02,1209625389,金健米业：金健米业关于续聘会计师事务所的公告,,True,签字注册会计师、项目质量控制复核人近三年不存在因执业行为受到刑事处罚， || 签字注册会计师、项目质量控制复核人不存在可能影响独立性的情形。(三)审
600126,2021-04-10,1209665595,杭钢股份：杭州钢铁股份有限公司关于续聘会计师事务所的公告,,True,签字注册会计师、项目质量控制复核人近三年不存在因执业行为受到刑事处罚， || 签字注册会计师、项目质量控制复核人不存在可能影响独立性的情形。（三）审
600130,2021-04-27,1209806895,波导股份：波导股份关于续聘会计师事务所的公告,,True,签字注册会计师、项目质量控制复核人近三年不存在因执业行为受到刑事处罚， || 签字注册会计师、项目质量控制复核人不存在可能影响独立性的情形。（三）审
600130,2020-03-17,1207377408,波导股份：关于续聘会计师事务所的公告,,True,张帅益市公司独是复核人会计师事务所，审计相关工作。立董事无
600129,2024-03-29,1219448644,太极集团：太极集团关于续聘会计师事务所的公告,,True,人签字注册会计师复核人员姓名金敬玉金敬玉梁正勇叶喜撑何时成 || 签字注册会计师、项目质量控制复核人近三年不存在因执业行为受到刑事处罚， || 签字注册会计师、项目质量控制复核人不存在可能影响独立性的情形。4.审计
600130,2023-04-29,1216688556,波导股份：波导股份关于续聘2023年度会计师事务所的公告,,True,签字注册会计师、项目质量控制复核人近三年不存在因执业行为受到刑事处罚， || 签字注册会计师、项目质量控制复核人不存在可能影响独立性的情形。（三）审
600130,2022-04-30,1213255444,波导股份：波导股份关于续聘2022年度会计师事务所的公告,,True,签字注册会计师、项目质量控制复核人近三年不存在因执业行为受到刑事第2页 || 签字注册会计师、项目质量控制复核人不存在可能影响独立性的情形。（三）审
600131,2021-04-29,1209857203,国网信通：国网信息通信股份有限公司关于续聘会计师事务所的公告,,True,9号（1）王勇（质量控制复核人）王勇先生，1995年获得中国注册会 || 项目签字合伙人、独立复核合伙人、项目签字注册会计师均能够在执行本项
600130,2024-04-30,1219904770,波导股份：波导股份关于续聘2024年度会计师事务所的公告,,True,人签字注册会计师项目质量复核人员姓名章静静鲁艳丽方国华何时成为注册会 || 签字注册会计师、项目质量复核人员近三年不存在因执业行为受到刑事处罚， || 签字注册会计师、项目质量复核人员不存在可能影响独立性的情形。（三）审
600131,2022-04-22,1213024030,国网信通：国网信息通信股份有限公司关于续聘会计师事务所的公告,,True,信息（1）王勇（独立复核合伙人）王勇先生，1995年获得中国注册会 || 签字注册会计师、独立复核合伙人均能够在执行本项目审计工作时保持独立
600131,2020-04-30,1207678351,国网信通：关于续聘会计师事务所公告,,True,信息（1）黄迎（质量控制复核人）黄迎女士曾主持过许多大型企业集团的 || 项目签字合伙人、独立复核合伙人、项目签字注册会计师均不存在兼职情况 || 项目签字合伙人、独立复核合伙人、项目签字注册会计师均具有丰富的行业 || 项目签字合伙人、独立复核合伙人、项目签字注册会计师最近三年未有受到
600132,2024-03-30,1219468779,重庆啤酒：重庆啤酒股份有限公司关于续聘会计师事务所的公告,,True,年报上市公司审计项目质量复核人员独立性轮换工作尚在进行中，因此暂未确 || 具体项目质量复核复核人人员。2.诚信记录项目合伙人、签字注 || 签字注册会计师、项目质量控制复核人近三年不存在因执业行为受到刑事处罚， || 签字注册会计师、项目质量控制复核人不存在可能影响独立性的情形。（三）审
600136,2023-12-09,1218561912,*ST明诚：武汉当代明诚文化体育集团股份有限公司关于聘任会计师事务所的公告,,True,司审计报告0家。项目质量控制复核人：根据天职国际质量控制政策和程序，杨 || 浩及其团队拟担任项目质量控制复核人。杨宏浩，2014年成为注册会计师， || 签字注册会计师、项目质量控制复核人近三年不存在因执业行为受到刑事处罚， || 签字注册会计师、项目质量控制复核人等不存在可能影响独立性的情形。4.审
600137,2020-04-30,1207688836,浪莎股份：关于续聘会计师事务所的公告,,True,职。（3）拟安排质量控制复核人员：廖群，中国注册会计师，2001年 || 签字注册会计师和项目质量控制复核人最近三年未受到刑事处罚、行政处罚、行
600141,2022-03-22,1212633072,兴发集团：湖北兴发化工集团股份有限公司关于续聘2022年度会计师事务所的公告,,True,市纺织中国注册拟质量控制复核人肖逸江苏久信医疗科技股(集团)股份有
600143,2021-03-30,1209474288,金发科技：金发科技关于续聘会计师事务所的公告,,True,签字注册会计师和质量控制复核人不存在违反《中国注册会计师职业道德守
600141,2023-03-21,1216168370,兴发集团：湖北兴发化工集团股份有限公司关于续聘2023年度会计师事务所的公告,,True,今为深中国注册拟质量控制复核人肖逸圳市证通电子股份有限公司、深圳市
600145,2020-07-17,1208039883,*ST新亿：关于聘任深圳堂堂会计师事务所进展公告,,True,或项目经理。3、质量控制复核人：黄超执业资质：注册会计师从业经历： || 册会计师李富风及质量控制复核人黄超不存在违反《中国注册会计师职业道
600145,2020-03-27,1207411945,*ST新亿：关于聘任深圳堂堂会计师事务所的公告,,True,胜任能力：是2、质量控制复核人：陈建生执业资质：注册会计师从业经历 || 会计师邓颖俊、及质量控制复核人：陈建生不存在违反《中国注册会计师职
600145,2022-03-11,1212540548,*ST新亿：关于变更会计师事务所的公告,,True,技公司等。（3）质量控制复核人：刘建军执业资质：注册会计师从业经历 || 册会计师李江以及质量控制复核人刘建军近三年不存在因执业行为受到刑事 || 册会计师李江以及质量控制复核人刘建军不存在违反《中国注册会计师职业
600145,2021-02-23,1209291440,*ST新亿：新疆亿路万源实业控股股份有限公司关于聘请会计师事务所的公告,,True,项目经理。（3）质量控制复核人：刘润斌执业资质：注册会计师从业经历 || 寿昌、张伟，以及质量控制复核人刘润斌不存在违反《中国注册会计师职业
600159,2021-04-16,1209697343,大龙地产：关于续聘会计师事务所的公告,,True,合伙人陈荭拟担任项目质量控制复核人。陈荭从事证券服务业务多年，负责审计 || 合伙人）、陈荭（质量控制复核人）最近三年未受（收）到刑事处罚、行政
600159,2022-04-16,1212940672,大龙地产：关于续聘会计师事务所的公告,,True,程，合伙人拟担任项目质量控制复核人。陈荭从事证券服务业务多年，负责审计 || 合伙人）、陈荭（质量控制复核人）最近三年未受（收）到刑事处罚、行政
600159,2020-04-10,1207472082,大龙地产：关于续聘会计师事务所的公告,,True,伙人刘志坚拟担任项目质量控制复核人。刘志坚从事证券服务业务多年，负责审 || 伙人）、刘志坚（质量控制复核人）最近三年未受（收）到刑事处罚、行政
600159,2023-04-22,1216518716,大龙地产：关于续聘会计师事务所的公告,,True,程，合伙人拟担任项目质量控制复核人。陈荭从事证券服务业务多年，负责审计 || 合伙人）、陈荭（质量控制复核人）最近三年未受（收）到刑事处罚、行政
600160,2021-03-23,1209427073,巨化股份：巨化股份续聘2021年度财务和内部控制审计机构的公告,,True,技、章源钨业的签复核人署和复核22.诚信记录项目合伙人、签 || 签字注册会计师、项目质量控制复核人近三年不存在因执业行为受到刑事处罚， || 签字注册会计师、项目质量控制复核人不存在可能影响独立性的情形。（三）审
600160,2022-04-22,1213021777,巨化股份：巨化股份续聘2022年度财务和内部控制审计机构的公告,,True,技、章源钨业的签复核人署和复核2、诚信记录项目合伙人、签字 || 签字注册会计师、项目质量控制复核人近三年不存在因执业行为受到刑事处罚， || 签字注册会计师、项目质量控制复核人不存在可能影响独立性的情形。（三）审
600161,2022-04-26,1213101513,天坛生物：天坛生物续聘会计师事务所公告,,True,09年2020年复核人前进公司、朗迪集团公司、天龙股份公司 || 签字注册会计师、项目质量控制复核人近三年不存在因执业行为受到刑事处罚， || 签字注册会计师、项目质量控制复核人不存在可能影响独立性的情形。4.审计
600161,2021-04-27,1209808078,天坛生物：天坛生物续聘会计师事务所公告,,True,签字注册会计师、项目质量控制复核人近三年不存在因执业行为受到刑事处罚， || 签字注册会计师、项目质量控制复核人不存在可能影响独立性的情形。4.审计
600160,2023-04-21,1216489930,巨化股份：巨化股份续聘会计师事务所公告,,True,技、章源钨业的签复核人署和复核2、诚信记录项目合伙人、签字 || 签字注册会计师、项目质量控制复核人近三年不存在因执业行为受到刑事处罚， || 签字注册会计师、项目质量控制复核人不存在可能影响独立性的情形。（三）审
600161,2024-03-29,1219446449,天坛生物：天坛生物续聘会计师事务所公告,,True,人签字注册会计师项目质量复核人员姓名王昆王书勤韦军何时成为注册会计师 || 签字注册会计师、项目质量复核人员近三年不存在因执业行为受到刑事处罚， || 签字注册会计师、项目质量复核人员不存在可能影响独立性的情形。4.审计
600161,2023-04-25,1216551440,天坛生物：天坛生物续聘会计师事务所公告,,True,签字注册会计师、项目质量控制复核人近三年不存在因执业行为受到刑事处罚， || 签字注册会计师、项目质量控制复核人不存在可能影响独立性的情形。4.审计
600163,2020-04-15,1207500626,中闽能源：关于续聘会计师事务所的公告,,True,审计和市公司独是复核人复核多家上市公司立董事2007年起从
600168,2020-06-30,1207966843,武汉控股：关于续聘会计师事务所的公告,,True,公司兼职。（2）项目质量控制复核人：根据中审众环质量控制政策和程序，项 || 1）项目合伙人、质量控制复核人和拟签字会计师等相关人员不存在违反《 || 2）项目合伙人、质量控制复核人和拟签字会计师等相关人员最近3年未受
600175,2020-04-30,1207689023,美都能源：关于续聘大华会计师事务所（特殊普通合伙）为公司2020年度财务及内控审计机构的公告,,True,业胜任能力。2.质量控制复核人：李海成李海成，注册会计师，合伙人， || 会计师王新娟，及质量控制复核人李海成不存在违反《中国注册会计师职业
600177,2020-04-30,1207689057,雅戈尔：关于续聘会计师事务所的公告,,True,他单位兼职。2、质量控制复核人：朱海平执业资质：中国注册会计师从业 || 上述项目合伙人、质量控制复核人及本期签字会计师不存在违反《中国注册
600178,2022-01-18,1212200620,东安动力：东安动力关于变更签字注册会计师的公告,,True,计师、武晓景作为质量控制复核人为公司提供审计服务。因工作原因，经中 || 、张震，武晓景为质量控制复核人继续提供审计服务。二、本次变更签字会
600182,2021-04-23,1209777365,S佳通：佳通轮胎股份有限公司关于拟续聘会计师事务所的公告,,True,。（3）本次审计项目质量控制复核人：马向军马向军，现担任永拓质量控制合 || 签字注册会计师、项目质量控制复核人近三年（最近三个完整自然年度及当年） || 签字注册会计师、项目质量控制复核人，不存在违反《中国注册会计师职业道德
600182,2022-04-29,1213222966,SST佳通：佳通轮胎股份有限公司关于拟续聘会计师事务所的公告,,True,。（3）本次审计项目质量控制复核人：马向军马向军，现担任永拓质量控制合 || 签字注册会计师、项目质量控制复核人近三年（最近三个完整自然年度及当年） || 签字注册会计师、项目质量控制复核人，不存在违反《中国注册会计师职业道德
600182,2023-04-29,1216700392,S*ST佳通：佳通轮胎股份有限公司关于拟续聘会计师事务所的公告,,True,。（3）本次审计项目质量控制复核人：马向军马向军，现担任永拓质量控制合 || 签字注册会计师、项目质量控制复核人近三年（最近三个完整自然年度及当年） || 签字注册会计师、项目质量控制复核人，不存在违反《中国注册会计师职业道德
600187,2024-04-30,1219914729,国中水务：关于续聘会计师事务所的公告,,True,龙江国中水务股份复核人3、2022年开始在本所执业有限公司
600187,2023-04-29,1216700450,国中水务：关于续聘会计师事务所的公告,,True,黑龙江珍宝岛药业复核人4、2022年开始为本公司提供审计服
600189,2020-06-30,1207969886,吉林森工：关于续聘会计师事务所的公告,,True,工作立项后再确定质量控制复核人。2.上述相关人员的独立性和诚信记录
600193,2023-05-20,1216861969,创兴资源：上海创兴资源开发股份有限公司关于变更会计师事务所的公告,,True,时彦禄先生为项目质量复核合伙人。上述人员从业经历如下：尚英伟先生：
600193,2023-04-15,1216410342,创兴资源：上海创兴资源开发股份有限公司关于变更签字会计师的公告,,True,师，孙宇先生作为项目质量控制复核人为公司提供2022年度审计服务。上述 || 计师为朱守诚；而项目质量控制复核人仍为孙宇（注册会计师）。二、本次变更
600196,2022-03-23,1212645077,复星医药：复星医药关于2022年续聘会计师事务所的公告,,True,包括医药制造业。项目质量控制复核人拟为陈杰先生。陈杰先生于1998年成 || 上述项目合伙人、质量控制复核人和签字注册会计师不存在违反《中国注册
600196,2024-03-27,1219411253,复星医药：复星医药关于2024年续聘会计师事务所的公告,,True,业为医药制造业。项目质量控制复核人拟为韩睿先生。韩睿先生于2006年成 || 签字注册会计师和质量控制复核人不存在违反《中国注册会计师职业道德守
600197,2020-04-28,1207646743,伊力特：续聘会计师事务所公告,,True,计师王亮、拟担任项目质量控制复核人齐春艳最近三年无刑事处罚、行政处罚、 || 艳及其团队拟担任项目质量控制复核人。齐春艳从事证券服务业务多年，负责审 || 注册会计师王亮和质量控制复核人齐春艳不存在违反《中国注册会计师职业
600196,2021-03-30,1209477521,复星医药：复星医药关于2021年续聘会计师事务所及2020年会计师事务所报酬的公告,,True,年报/内控审计。项目质量控制复核人拟为陈杰先生。陈杰先生于1998年成 || 上述项目合伙人、质量控制复核人和签字注册会计师不存在违反《中国注册
600196,2023-03-28,1216237243,复星医药：复星医药关于2023年续聘会计师事务所的公告,,True,业为医药制造业。项目质量控制复核人拟为韩睿先生。韩睿先生于2006年成 || 签字注册会计师和质量控制复核人不存在违反《中国注册会计师职业道德守
600198,2020-11-25,1208793160,大唐电信：续聘会计师事务所公告,,True,签字注册会计师和质量控制复核人不存在违反《中国注册会计师职业道德守
600200,2020-03-16,1207374381,江苏吴中：关于续聘会计师事务所的公告,,True,任能力：是（2）质量控制复核人：李会英执业资质：注册会计师、注册资 || 字会计师孙业亮及质量控制复核人李会英不存在违反《中国注册会计师职业
600203,2020-04-10,1207471244,福日电子：关于续聘会计师事务所的公告,,True,任上市公司独是制复核人负责审计和复核多家上市公立董事司，具
600208,2023-04-29,1216700467,新湖中宝：关于续聘会计师事务所的公告,,True,签字注册会计师、项目质量控制复核人近三年不存在因执业行为受到刑事处罚， || 签字注册会计师、项目质量控制复核人不存在可能影响独立性的情形。（三）审
600208,2022-04-30,1213268629,新湖中宝：续聘会计师事务所公告,,True,签字注册会计师、项目质量控制复核人近三年不存在因执业行为受到刑事处罚， || 签字注册会计师、项目质量控制复核人不存在可能影响独立性的情形。（三）审
600208,2024-04-30,1219921956,新湖中宝：关于续聘会计师事务所的公告,,True,签字注册会计项目质量复核人基本信息项目合伙人师员姓名许松飞程度 || 签字注册会计师、项目质量复核人员近三年不存在2因执业行为受到刑事处罚 || 签字注册会计师、项目质量复核人员不存在可能影响独立性的情形。（三）审
600211,2020-03-13,1207368826,西藏药业：关于续聘会计师事务所的公告,,True,职。（3）拟安排质量控制复核人员：廖群，中国注册会计师，2001年 || 签字注册会计师和项目质量控制复核人最近三年未受到刑事处罚、行政处罚、行
600208,2021-04-30,1209878038,新湖中宝：续聘会计师事务所公告,,True,签字注册会计师、项目质量控制复核人近三年不存在因执业行为受到刑事处罚， || 签字注册会计师、项目质量控制复核人不存在可能影响独立性的情形。（三）审
600211,2023-03-11,1216093806,西藏药业：西藏诺迪康药业股份有限公司关于续聘会计师事务所的公告,,True,司。（4）拟安排质量控制复核人员：廖群，注册会计师注册时间为200 || 签字注册会计师和项目质量控制复核人最近三年未受到刑事处罚；未受到证监会 || 签字注册会计师、项目质量控制复核人不存在可能影响独立性的情形。4、审计
600211,2024-03-27,1219410006,西藏药业：西藏诺迪康药业股份有限公司关于续聘会计师事务所的公告,,True,司。（4）拟安排质量控制复核人员：何均，1997年12月成为注册会 || 签字注册会计师和项目质量控制复核人最近三年未受到刑事处罚；未受到证监会 || 签字注册会计师、项目质量控制复核人不存在可能影响独立性的情形。4、审计
600211,2022-03-12,1212547560,西藏药业：西藏诺迪康药业股份有限公司关于续聘会计师事务所的公告,,True,司。（4）拟安排质量控制复核人员：廖群，注册会计师注册时间为200 || 签字注册会计师和项目质量控制复核人最近三年未受到刑事处罚；未受到证监会 || 签字注册会计师、项目质量控制复核人不存在可能影响独立性的情形。4、审计
600212,2023-07-22,1217359195,绿能慧充：绿能慧充关于变更会计师事务所的公告,,True,兼职情况。（3）项目质量控制复核人：李大胜中国注册会计师，从业20年， || 签字注册会计师、项目质量控制复核人近三年（最近三个完整自然年度及当年） || 签字注册会计师、项目质量控制复核人不存在可能影响独立性的情形。4.审计
600216,2020-04-24,1207585622,浙江医药：关于续聘会计师事务所的公告,,True,计业务相关工无是复核人作。1999年起至今，天健会计师严善
600216,2024-04-26,1219820053,浙江医药：浙江医药关于续聘会计师事务所的公告,,True,19年2021年复核人股份、奥比中光、浙江医药2021年审 || 签字注册会计师、项目质量控制复核人近三年不存在因执业行为受到刑事处罚， || 签字注册会计师、项目质量控制复核人不存在可能影响独立性的情形。4.审计
600211,2021-03-12,1209371500,西藏药业：西藏诺迪康药业股份有限公司关于续聘会计师事务所的公告,,True,司。（4）拟安排质量控制复核人员：廖群，注册会计师注册时间为200 || 签字注册会计师和项目质量控制复核人最近三年未受到刑事处罚；未受到证监会 || 签字注册会计师、项目质量控制复核人不存在可能影响独立性的情形。4、审计
600216,2021-04-23,1209772203,浙江医药：浙江医药关于续聘会计师事务所的公告,,True,签字注册会计师、项目质量控制复核人近三年不存在因执业行为受到刑事处罚， || 签字注册会计师、项目质量控制复核人不存在可能影响独立性的情形。4.审计
600216,2023-04-26,1216584602,浙江医药：浙江医药关于续聘会计师事务所的公告,,True,核凯恩股份、凯伦复核人股份2020年审计报告；2020年复 || 签字注册会计师、项目质量控制复核人近三年不存在因执业行为受到刑事处罚， || 签字注册会计师、项目质量控制复核人不存在可能影响独立性的情形。4.审计
600222,2020-12-01,1208820148,太龙药业：关于续聘会计师事务所的公告,,True,合伙人陈荭拟担任项目质量控制复核人。陈荭从事证券服务业务多年，负责审计 || 管措施1、陈荭（质量控制复核人）最近三年未次，谭哲（拟签字注册会计
600225,2023-10-31,1218199440,卓朗科技：天津卓朗信息科技股份有限公司关于会计师事务所变更签字注册会计师的公告,,True,"师,张聚英女士为项目质量控制复核人。鉴于中兴财内部工作调整，现委派注册"
600226,2024-04-23,1219746590,瀚叶股份：浙江亨通控股股份有限公司关于续聘会计师事务所公告,,True,签字注册会计师、项目质量控制复核人近三年不存在因执业行为受到刑事处罚， || 签字注册会计师、项目质量控制复核人不存在可能影响独立性的情形。（三）审
600226,2022-04-28,1213178226,ST瀚叶：浙江瀚叶股份有限公司关于续聘会计师事务所公告,,True,02年2019年复核人报告2019年：签署高能环境、通程控 || 签字注册会计师、项目质量控制复核人近三年不存在因执业行为受到刑事处罚， || 签字注册会计师、项目质量控制复核人不存在可能影响独立性的情形。（三）审
600226,2023-03-30,1216260884,ST瀚叶：浙江瀚叶股份有限公司关于续聘会计师事务所公告,,True,华策影视等公司年复核人度审计报告。2.诚信记录项目合伙人、 || 签字注册会计师、项目质量控制复核人近三年不存在因执业行为受到刑事处罚， || 签字注册会计师、项目质量控制复核人不存在可能影响独立性的情形。（三）审
600228,2022-10-29,1214966226,返利科技：返利网数字科技股份有限公司关于续聘会计师事务所的公告,,True,③拟任2022年项目质量控制复核人：韩赟云韩赟云，中国注册会计师、全国 || 项目相关负责人、质量控制复核人与本公司及其实际控制人不存在关联关系
600228,2021-03-20,1209418623,ST昌九：ST昌九关于变更会计师事务所的公告,,True,③拟任2021年项目质量控制复核人：韩赟云韩赟云，中国注册会计师、全国 || 项目相关负责人、质量控制复核人与本公司及其实际控制人不存在关联关系
600232,2024-04-02,1219492754,金鹰股份：金鹰股份：关于公司续聘会计师事务所的公告,,True,签字注册会计师、项目质量复核人员近三年不存在因执业行为受到刑事处罚， || 签字注册会计师、项目质量复核人员不存在可能影响独立性的情形。（三）审
600232,2022-03-22,1212632502,金鹰股份：金鹰股份：关于公司续聘会计师事务所的公告,,True,签字注册会计师、项目质量控制复核人近三年不存在因执业行为受到刑事处罚， || 签字注册会计师、项目质量控制复核人不存在可能影响独立性的情形。（三）审
600232,2023-04-07,1216345012,金鹰股份：金鹰股份：关于公司续聘会计师事务所的公告,,True,签字注册会计师、项目质量控制复核人近三年不存在因执业行为受到刑事处罚， || 签字注册会计师、项目质量控制复核人不存在可能影响独立性的情形。（三）审
600232,2021-03-31,1209495205,金鹰股份：关于续聘会计师事务所的公告,,True,签字注册会计师、项目质量控制复核人近三年不存在因执业行为受到刑事处罚， || 签字注册会计师、项目质量控制复核人不存在可能影响独立性的情形。4、审计
600235,2020-04-09,1207468960,民丰特纸：关于拟续聘天健会计师事务所（特殊普通合伙）为公司2020年度财务、内控审计机构的公告,,True,今，天健会无是2复核人计师计师事务所，审计相关工作。注册会
600235,2021-04-09,1209656419,民丰特纸：民丰特纸关于拟续聘天健会计师事务所（特殊普通合伙）为公司2021年度财务、内控审计机构的公告,,True,签字注册会计师、项目质量控制复核人近三年不存在因执业行为受到刑事处罚， || 签字注册会计师、项目质量控制复核人不存在可能影响独立性的情形。4、审计
600235,2022-03-31,1212741589,民丰特纸：民丰特纸关于拟续聘天健会计师事务所（特殊普通合伙）为公司2022年度财务、内控审计机构的公告,,True,签字注册会计师、项目质量控制复核人近三年不存在因执业行为受到刑事处罚， || 签字注册会计师、项目质量控制复核人不存在可能影响独立性的情形。4、审计
600241,2020-04-24,1207586676,时代万恒：关于2020年续聘会计师事务所的公告,,True,且顺利完成是师司独立复核人项目，工作认真，勤勉尽董事责。注册会
600255,2020-11-26,1208800308,*ST梦舟：关于续聘会计师事务所的公告,,True,业胜任能力。2）质量控制复核人：王增明姓名王增明执业资质注册会计师
600257,2021-04-30,1209873586,大湖股份：大湖水殖股份有限公司关于续聘会计师事务所的公告,,True,兼职。2.拟安排项目质量控制复核人员：宋治忠宋治忠从1997年11月至 || 签字注册会计师及质量复核人员未持有和买卖公司股票，也不存在影响独
600265,2020-04-24,1207582541,ST景谷：续聘2020年度会计师事务所公告,,True,务经验，无兼职。质量控制复核人：张为先生，1971年5月，会计专业 || 项目签字合伙人、独立复核合伙人、项目签字注册会计师均具有丰富的行业
600261,2020-04-18,1207528017,阳光照明：关于续聘会计师事务所的公告,,True,胜任能力：是2、质量控制复核人：章归鸿执业资质：注册会计师从业经历 || 签字会计师洪伟及质量控制复核人章归鸿不存在违反《中国注册会计师职业
600265,2021-04-29,1209857517,ST景谷：续聘2021年度会计师事务所公告,,True,超过9家。拟担任独立复核合伙人：张为先生，2000年获得中国注册会 || 签字注册会计师、项目质量控制复核人近三年无执业行为受到刑事处罚，未受到 || 签字注册会计师、项目质量控制复核人等从业人员不存在违反《中国注册会计师
600267,2021-03-23,1209428373,海正药业：浙江海正药业股份有限公司关于续聘会计师事务所的公告,,True,签字注册会计师、项目质量控制复核人近三年不存在因执业行为受到刑事处罚， || 签字注册会计师、项目质量控制复核人不存在可能影响独立性的情形。（三）审
600267,2022-03-29,1212711440,海正药业：浙江海正药业股份有限公司关于续聘会计师事务所的公告,,True,年[注2]月3日质量控制复核人[注3][注1]2021年度，签署海 || 师事务所正在开展项目质量复核人员独立性轮换工作，2因此目前尚无法确定 || 2年度审计项目的质量复核人员。公司将在天健会计师事务所确定项目质 || 会计师事务所确定项目质量复核人员后及时披露相关人员信息2、诚信记录项 || 签字注册会计师、项目质量控制复核人近三年不存在因执业行为受到刑事处罚， || 签字注册会计师、项目质量控制复核人不存在可能影响独立性的情形。（三）审
600267,2024-04-30,1219914885,海正药业：浙江海正药业股份有限公司关于续聘会计师事务所的公告,,True,人签字注册会计师项目质量复核人员姓名俞佳南贝柳辉刘利亚何时成为注册会 || 签字注册会计师、项目质量复核人员近三年不存在因执业行为受到刑事处罚， || 签字注册会计师、项目质量控制复核人不存在可能影响独立性的情形。4、审计
600271,2023-03-31,1216278497,航天信息：航天信息股份有限公司关于聘任2023年度会计师事务所的公告,,True,签字注册会计师、项目质量控制复核人等不存在因违反《中国注册会计师职业道
600272,2020-03-28,1207419119,开开实业：续聘2020年度财务报表审计和内部控制审计会计师事务所的公告,,True,兼职情况。（3）质量控制复核人姓名：吴韧执业资质：中国注册会计师是 || 唐慧珏、陈聪慧，质量控制复核合伙人吴韧符合独立性要求，近三年未受到刑事
600277,2020-04-08,1207462660,亿利洁能：关于续聘会计师事务所的公告,,True,胜任能力：是2、项目质量控制复核人：储燕涛执业资质：中国注册会计师从业 || 市公司年报审计的项目质量控制复核人。兼职情况：银行间交易商协会会计专业
600278,2021-03-12,1209370375,东方创业：东方国际创业股份有限公司关于变更签字会计师的公告,,True,签字注册会计师、项目质量控制复核人等不存在可能影响独立性的情形。本次变
600288,2020-04-28,1207646927,大恒科技：关于续聘会计师事务所的公告,,True,合伙人陈荭拟担任项目质量控制复核人。陈荭从事证券服务业务多年，负责审计 || 册会计师王旭鹏及质量控制复核人陈荭不存在违反《中国注册会计师职业道
600283,2023-04-15,1216414741,钱江水利：钱江水利开发股份有限公司关于拟续聘天健会计师事务所（特殊普通合伙）为公司2023年度财务和内控审计单位及有关报酬的公告,,True,3年2月不适用制复核人浪科技2020年度审计报告；2022 || 签字注册会计师、项目质量控制复核人近三年不存在因执业行为受到刑事处罚， || 签字注册会计师、项目质量控制复核人不存在可能影响独立性的情形。（三）审
600288,2021-04-16,1209699653,大恒科技：大恒新纪元科技股份有限公司关于续聘会计师事务所的公告,,True,伙人尚英伟拟担任项目质量控制复核人。尚英伟从事证券服务业务多年，负责审 || 计师）、尚英伟（质量控制复核人）最近三年未受（收）到刑事处罚、行政
600288,2022-04-20,1212983606,大恒科技：大恒新纪元科技股份有限公司关于续聘会计师事务所的公告,,True,程，合伙人拟担任项目质量控制复核人。陈荭从事证券服务业务多年，负责审计 || 会计师）、陈荭（质量控制复核人）最近三年未受（收）到刑事处罚、行政
600291,2020-04-30,1207689628,西水股份：关于续聘会计师事务所的公告,,True,胜任能力：是2、质量控制复核人：杨端平执业资质：注册会计师、税务师 || 字会计师罗晓冬及质量控制复核人杨端平不存在违反《中国注册会计师职业
600290,2021-04-27,1209818530,*ST华仪：*ST华仪关于续聘会计师事务所的公告,,True,管道、镇海股份、复核人月月锋龙股份等2、诚信记录项目合伙人 || 签字注册会计师、项目质量控制复核人近三年存在因执业行为受到刑事处罚，受 || 签字注册会计师、项目质量控制复核人不存在可能影响独立性的情形。4、审计
600292,2020-04-15,1207500796,远达环保：关于续聘会计师事务所的公告,,True,师沈发兵和石英，质量控制复核合伙人李洪未持有和买卖公司股票，也不存在影
600292,2022-10-11,1214740278,远达环保：远达环保关于聘请致同会计师事务所（特殊普通合伙）为公司2022年度财务及内部控制审计机构的公告,,True,签字注册会计师、项目质量控制复核人不存在可能影响独立性的情形。致同所近 || 签字注册会计师、项目质量控制复核人未因执业行为受到刑事处罚，未受到证监
600292,2021-03-13,1209379204,远达环保：远达环保关于续聘会计师事务所的公告,,True,师张亚兵和石英，质量控制复核合伙人李洪未持有和买卖公司股票，也不存在影
600292,2024-03-30,1219464237,远达环保：远达环保关于续聘会计师事务所的公告,,True,签字注册会计师、项目质量控制复核人不存在可能影响独立性的情形。致同所近 || 签字注册会计师、项目质量控制复核人未因执业行为受到刑事处罚，未受到证监
600292,2023-03-31,1216278530,远达环保：远达环保关于续聘会计师事务所的公告,,True,签字注册会计师、项目质量控制复核人不存在可能影响独立性的情形。致同所近 || 签字注册会计师、项目质量控制复核人未因执业行为受到刑事处罚，未受到证监
600298,2020-03-31,1207432060,安琪酵母：关于续聘会计师事务所的公告,,True,审计等证券业务。质量控制复核人员：刘仁勇，注册会计师，具有丰富的证
600298,2021-03-26,1209450962,安琪酵母：安琪酵母关于续聘会计师事务所的公告,,True,在其他单位兼职。质量控制复核人员：刘仁勇，拥有注册会计师执业资质， || 签字注册会计师及质量控制复核人员近三年不存在因执业行为受到刑事处罚 || 签字注册会计师及质量控制复核人员不存在违反《中国注册会计师职业道德
600303,2023-12-28,1218744908,ST曙光：ST曙光关于变更签字会计师的公告,,True,审计服务，赵金为项目质量复核人员为公司的审计服务项目提供复核工作。鉴
600305,2024-04-30,1219914912,恒顺醋业：江苏恒顺醋业股份有限公司关于变更会计师事务所的公告,,True,况：无（3）拟定质量控制复核人：朱敏执业资质：注册会计师从业经历：
600308,2020-04-25,1207600939,华泰股份：关于续聘会计师事务所的公告,,True,项目签字合伙人、独立复核合伙人、项目签字注册会计师均具有丰富的行业 || 项目签字合伙人、独立复核合伙人、项目签字注册会计师最近三年未受到刑
600310,2021-03-26,1209452095,桂东电力：广西桂东电力股份有限公司关于续聘会计师事务所并决定其报酬的公告,,True,他单位兼职。2、质量控制复核人员：宋治忠2宋治忠从1997年11月 || 签字注册会计师及质量控制复核人员近三年不存在因执业行为受到刑事处罚 || 签字注册会计师及质量控制复核人员不存在违反《中国注册会计师职业道德
600310,2023-03-24,1216203619,桂东电力：广西桂东电力股份有限公司关于续聘会计师事务所并决定其报酬的公告,,True,他单位兼职。2、质量控制复核人员：汤艳群汤艳群从2010年3月至今 || 签字注册会计师及质量复核人员近三年不存在因执业行为受到刑事处罚， || 签字注册会计师及质量复核人员不存在违反《中国注册会计师职业道德守
600310,2020-04-15,1207499991,桂东电力：关于续聘会计师事务所并决定其报酬的公告,,True,他单位兼职。2、质量控制复核人员：宋治忠大信事务所合伙人，大信深圳 || 签字注册会计师及质量复核人员未持有和买卖公司股票，也不存在影响独
600313,2020-12-30,1209013249,农发种业：中农发种业集团股份有限公司关于变更会计师事务所公告,,True,1.2王增明——质量控制复核人（首席合伙人）姓名王增明技术职称注册
600313,2022-01-11,1212134240,农发种业：中农发种业集团股份有限公司关于续聘会计师事务所公告,,True,1.2李远梅——质量控制复核人姓名李远梅技术职称注册会计师兼职情况 || 开始，作为本公司项目质量控制复核人。1.3王军旗——拟签字会计师姓名王
600321,2020-04-11,1207482764,ST正源：关于续聘会计师事务所的公告,,True,审计等证券服务。项目质量控制负责人，曾玉，注册会计师，合伙人。具备从事
600330,2021-04-22,1209756364,天通股份：天通控股股份有限公司关于续聘会计师事务所的公告,,True,签字注册会计师、项目质量控制复核人近三年不存在因执业行为受到刑事处罚， || 签字注册会计师、项目质量控制复核人不存在可能影响独立性的情形。（三）审
600330,2023-04-15,1216410988,天通股份：天通股份关于续聘会计师事务所的公告,,True,签字注册会计师、项目质量控制复核人近三年不存在因执业行为受到刑事处罚， || 签字注册会计师、项目质量控制复核人不存在可能影响独立性的情形。（三）审
600330,2020-04-17,1207513593,天通股份：关于续聘会计师事务所的公告,,True,所，公司独立董是复核人审计相关工作事2005年起至今，天无
600330,2023-12-08,1218544501,天通股份：天通股份关于续聘会计师事务所的公告,,True,签字注册会计师、项目质量控制复核人近三年不存在因执业行为受到刑事处罚， || 签字注册会计师、项目质量控制复核人不存在可能影响独立性的情形。4.审计
600330,2024-04-16,1219618228,天通股份：天通股份关于续聘会计师事务所的公告,,True,人签字注册会计师项目质量复核人员姓名罗联玬牟峥李剑何时成为注册会计师 || 签字注册会计师、项目质量复核人员近三年不存在因执业行为受到刑事处罚， || 签字注册会计师、项目质量复核人员不存在可能影响独立性的情形。4.审计
600333,2020-04-28,1207646977,长春燃气：续聘会计师事务所的公告,,True,他单位兼职。2.质量控制复核人员：冯发明拥有注册会计师执业资质该复 || 会计师执业资质该复核人员具有证券服务业务10年以上从业经历 || 签字注册会计师及质量复核人员未持有和买卖公司股票，也不存在影响独
600333,2023-04-29,1216689881,长春燃气：长春燃气关于续聘会计师事务所的公告,,True,司相关审计报告。项目质量复核人员：吴秀英吴秀英，拥有注册会计师执业资 || 签字注册会计师及质量复核人员近三年不存在因执业行为受到刑事处罚， || 签字注册会计师及质量复核人员不存在违反《中国注册会计师职业道德守
600333,2024-04-13,1219599965,长春燃气：长春燃气关于续聘会计师事务所的公告,,True,在其他单位兼职。项目质量复核人员：吴秀英吴秀英，拥有注册会计师执业资 || 签字注册会计师及质量复核人员近三年不存在因执业行为受到刑事处罚， || 签字注册会计师及质量复核人员不存在违反《中国注册会计师职业道德守
600335,2021-04-27,1209808148,国机汽车：国机汽车关于续聘会计师事务所的公告,,True,签字注册会计师、项目质量控制复核人近三年不存在因执业行为受到刑事处罚， || 签字注册会计师、项目质量控制复核人不存在可能影响独立性的情形。4、审计
600336,2022-04-23,1213050458,澳柯玛：澳柯玛股份有限公司续聘会计师事务所公告,,True,；没有兼职情况。质量控制复核人尹淑英：2004年取得注册会计师资格 || 签字注册会计师、质量控制复核人近三年不存在因执业行为受到刑事处罚，
600336,2021-03-27,1209464898,澳柯玛：澳柯玛股份有限公司续聘会计师事务所公告,,True,挂牌公司审计报告质量控制复核人杨勇：1999年取得注册会计师资格， || 签字注册会计师、项目质量控制复核人近三年因执业行为受到刑事处罚，受到证
600336,2023-04-22,1216520990,澳柯玛：澳柯玛股份有限公司续聘会计师事务所公告,,True,；没有兼职情况。质量控制复核人尹淑英：2004年取得注册会计师资格 || 签字注册会计师、质量控制复核人近三年不存在因执业行为受到刑事处罚，
600338,2020-03-11,1207360203,西藏珠峰：拟续聘会计师事务所的公告,,True,29）等。（3）质量控制复核人姓名：沈蓉执业资质：中国注册会计师是 || 等上市公司审计的质量控制复核人。2、独立性诚信记录签字注册会计师曹 || 师曹磊、郭静瑜，质量控制复核合伙人沈蓉符合独立性要求，近三年未受到刑事
600338,2021-01-05,1209041601,西藏珠峰：关于续聘会计师事务所的公告,,True,29）等。（3）质量控制复核人姓名：沈蓉执业资质：中国注册会计师是 || 等上市公司审计的质量控制复核人。2、独立性诚信记录签字注册会计师曹 || 师曹磊、梁雯晶，质量控制复核合伙人沈蓉符合独立性要求，近三年未受到刑事
600338,2021-12-15,1211905988,西藏珠峰：关于续聘会计师事务所的公告,,True,29）等。（3）质量控制复核人姓名：沈蓉执业资质：中国注册会计师是 || 等上市公司审计的质量控制复核人。2、独立性诚信记录签字注册会计师曹 || 师曹磊、梁雯晶，质量控制复核合伙人沈蓉符合独立性要求，近三年未受到刑事
600340,2022-04-30,1213269144,华夏幸福：华夏幸福关于续聘会计师事务所的公告,,True,签字注册会计师、项目质量控制复核人近三年因执业行为受到刑事处罚，受到证 || 签字注册会计师、项目质量控制复核人等不存在可能影响独立性的情形。（三）
600340,2023-04-29,1216701564,华夏幸福：华夏幸福关于续聘会计师事务所的公告,,True,签字注册会计师、项目质量控制复核人均无近三年因执业行为受到刑事处罚，未 || 签字注册会计师、项目质量控制复核人等不存在可能影响《中国注册会计师职业
600340,2024-04-30,1219910504,华夏幸福：关于公司续聘会计师事务所的公告,,True,措施、纪律处分。项目质量控制复核人除2023年受到河北证监局监管谈话监 || 签字注册会计师、项目质量控制复核人等不存在可能影响《中国注册会计师职业
600350,2024-04-19,1219669529,山东高速：山东高速股份有限公司关于续聘2024年度审计机构的公告,,True,程序，周曼拟担任项目质量控制复核人。周曼，2009年成为注册会计师，2 || 签字注册会计师、项目质量控制复核人近三年不存在因执业行为受到刑事处罚， || 签字注册会计师、项目质量控制复核人不存在可能2影响独立性的情形。4.审
600346,2020-08-13,1208159125,恒力石化：关于续聘会计师事务所的公告,,True,任能力：是（2）质量控制复核人：孔令江执业资质：注册会计师从业经历 || 项目合伙人韩坚、质量控制复核人孔令江及拟签字会计师朱晓鹏不存在违反
600350,2023-03-31,1216278556,山东高速：山东高速股份有限公司关于续聘2023年度审计机构的公告,,True,英及其团队拟担任项目质量控制复核人。周薇英，2005年成为注册会计师， || 签字注册会计师、项目质量控制复核人近三年不存在因执业行为受到刑事处罚， || 签字注册会计师、项目质量控制复核人不存在可能影响独立性的情形。4.审计
600350,2022-03-31,1212748681,山东高速：山东高速股份有限公司关于变更会计师事务所的公告,,True,英及其团队拟担任项目质量控制复核人。周薇英，2005年成为注册会计师， || 签字注册会计师、项目质量控制复核人近三年不存在因执业行为受到刑事处罚， || 签字注册会计师、项目质量控制复核人不存在可能影响独立性的情形。4.审计
600352,2024-04-20,1219691541,浙江龙盛：浙江龙盛关于续聘会计师事务所的公告,,True,人签字注册会计师项目质量复核人员姓名宋鑫龚文昌张恩学何时成为注册会计 || 签字注册会计师、项目质量复核人员近三年不存在因执业行为受到刑事处罚， || 签字注册会计师、项目质量控制复核人不存在可能影响独立性的情形。（三）审
600352,2021-04-20,1209726844,浙江龙盛：浙江龙盛关于续聘会计师事务所的公告,,True,签字注册会计师、项目质量控制复核人近三年不存在因执业行为受到刑事处罚， || 签字注册会计师、项目质量控制复核人不存在可能影响独立性的情形。（三）审
600352,2023-04-15,1216414784,浙江龙盛：浙江龙盛关于续聘会计师事务所的公告,,True,签字注册会计师和项目质量控制复核人近三年不存在因执业行为受到刑事处罚， || 签字注册会计师、项目质量控制复核人不存在可能影响独立性的情形。（三）审
600353,2020-04-30,1207689865,旭光股份：关于续聘会计师事务所的公告,,True,职。（3）拟安排质量控制复核人员：王映国中国注册会计师，1997年 || 签字注册会计师和项目质量控制复核人最近三年未受到刑事处罚、行政处罚、行
600352,2022-04-19,1212958758,浙江龙盛：浙江龙盛关于续聘会计师事务所的公告,,True,签字注册会计师、项目质量控制复核人近三年不存在因执业行为受到刑事处罚， || 签字注册会计师、项目质量控制复核人不存在可能影响独立性的情形。（三）审
600354,2020-03-20,1207387351,敦煌种业：关于续聘会计师事务所公告,,True,在其他单位兼职。质量控制复核人员：刘会锋，中国注册会计师，2004 || 签字注册会计师及质量复核人员未持有和买卖公司股票，也不存在影响独
600356,2020-10-28,1208623302,恒丰纸业：关于续聘天健会计师事务所（特殊普通合伙）为公司审计机构的公告,,True,计师审计相关工作复核人中国注1994年起从事谢军无是本期签
600356,2021-04-17,1209710985,恒丰纸业：恒丰纸业关于续聘天健会计师事务所（特殊普通合伙）为公司审计机构的公告,,True,签字注册会计师、项目质量控制复核人近三年存在因执业行为受到证监会及其派 || 签字注册会计师、项目质量控制复核人不存在可能影响独立性的情形。二、拟续
600356,2023-03-15,1216116681,恒丰纸业：恒丰纸业关于续聘天健会计师事务所（特殊普通合伙）为公司审计机构的公告,,True,2021年注32复核人注1：2022年，签署恒丰纸业、深城 || 签字注册会计师、项目质量控制复核人近三年不存在因执业行为受到刑事处罚， || 签字注册会计师、项目质量控制复核人不存在可能影响独立性的情形。4.审计
600360,2021-04-29,1209857662,华微电子：吉林华微电子股份有限公司续聘会计师事务所公告,,True,富的经验。（3）质量控制复核人姓名：李文祥执业资质：中国注册会计师 || 等上市公司审计的质量控制复核人。2.诚信记录项目合伙人、签字注册会 || 签字注册会计师、项目质量控制复核人等从业人员不存在违反《中国注册会计师
600360,2020-04-30,1207689936,华微电子：续聘会计师事务所公告,,True,专业服务。（3）质量控制复核人姓名：李文祥执业资质：中国注册会计师 || 等上市公司审计的质量控制复核人。签字注册会计师奚晓茵、李明，质量控 || 师奚晓茵、李明，质量控制复核人李文祥符合独立性要求，近三年未受到刑
600363,2024-04-25,1219800714,联创光电：关于变更会计师事务所的公告,,True,签字注册会计师、项目质量控制复核人近三年未因执业行为受到刑事处罚，未因 || 签字注册会计师、项目质量控制复核人等从业人员不存在违反《中国注册会计师
600366,2021-04-08,1209648885,宁波韵升：宁波韵升关于续聘会计师事务所的公告,,True,拟委派吕丛平担任项目质量控制负责人，吕丛平拥有中国注册会计师执业资质，
600366,2024-04-30,1219910638,宁波韵升：宁波韵升关于续聘会计师事务所的公告,,True,023年度12家复核人2、诚信记录拟签字注册会计师（项目合
600366,2023-04-22,1216518808,宁波韵升：宁波韵升关于续聘会计师事务所的公告,,True,）拟委派张旭担任项目质量控制负责人，张旭，现为天衡会计师事务所（特殊普
600363,2020-04-30,1207689955,联创光电：关于续聘2020年度会计师事务所的公告,,True,会计师事务所无是复核人师（特殊普通合伙）重大审计项目的质量
600366,2022-03-16,1212577978,宁波韵升：宁波韵升关于续聘会计师事务所的公告,,True,拟委派吕丛平担任项目质量控制负责人，吕丛平拥有中国注册会计师执业资质，
600367,2020-04-29,1207659652,红星发展：续聘会计师事务所公告,,True,春阳：本期（拟）质量控制复核人，注册会计师，自1999年起从事审计
600367,2022-04-22,1213021886,红星发展：红星发展续聘会计师事务所公告,,True,春阳：本期（拟）质量控制复核人，注册会计师，自1999年起从事审计
600367,2023-01-14,1215603301,红星发展：红星发展关于变更2022年审计及非公开发行股票签字注册会计师的公告,,True,计师，赵春阳作为项目质量控制复核人。现因原签字注册会计师李江山累计签字 || 已从中兴华离职，项目质量控制复核人赵春阳因累计质量控制复核年限届满轮换 || 徐世欣、于焘焘，项目质量控制复核人拟变更为杨勇。二、本次变更的注册会计 || 徐世欣、于焘焘及项目质量控制复核人杨勇不存在违反《中国注册会计师职业道
600366,2020-04-17,1207517000,宁波韵升：关于续聘会计师事务所的公告,,True,拟委派吕丛平担任项目质量控制负责人，吕丛平拥有中国注册会计师执业资质，
600367,2021-04-09,1209658265,红星发展：红星发展续聘会计师事务所公告,,True,春阳：本期（拟）质量控制复核人，注册会计师，自1999年起从事审计
600367,2023-04-21,1216488523,红星发展：红星发展续聘会计师事务所公告,,True,杨勇：本期（拟）质量控制复核人，注册会计师，1999年成为注册会计
600369,2022-11-29,1215220997,西南证券：西南证券股份有限公司关于续聘会计师事务所的公告,,True,21[注2]控制复核人[注1]：2021年，签署金新农等多 || 签字注册会计师、项目质量控制复核人近三年不存在因执业行为受到刑事处罚， || 签字注册会计师、项目质量控制复核人不存在可能影响独立性的情形。4.审计
600373,2023-11-25,1218431594,中文传媒：中文传媒关于续聘公司2023年度财务报告审计机构及内部控制审计机构的公告,,True,在其他单位兼职。质量控制复核人员：赖华林，拥有注册会计师、资产评估 || 签字注册会计师及质量复核人员不存在违反《中国注册会计师职业道德守 || 签字注册会计师及质量复核人员近三年不存在因执业行为受到刑事处罚， || 签字注册会计师、项目质量控制复核人等从业人员不存在违反《中国注册会计师
600373,2022-11-30,1215231945,中文传媒：中文传媒关于变更会计师事务所的公告,,True,单位兼职。1.3质量控制复核人（1）姓名：赖华林（2）执业资质：中 || 签字注册会计师及质量复核人员近三年不存在因执业行为受到刑事处罚， || 签字注册会计师、项目质量控制复核人不存在可能影响独立性的情形。4.审计
600380,2020-04-11,1207483210,健康元：关于本公司续聘会计师事务所的公告,,True,女士担任本次年审项目质量控制复核人。刘立宇女士从事证券服务业务多年，负 || 项目签字会计师及质量控制复核人等不存在违反《中国注册会计师职业道德
600382,2020-04-18,1207524075,广东明珠：关于变更会计师事务所的公告,,True,字注册会计师以及项目质量控制复核人尚未确定具体人员。2.上述相关人员的
600390,2020-07-30,1208098927,五矿资本：关于变更会计师事务所的公告,,True,序，丁启新拟担任项目质量控制复核人。丁启新先生，具有中国注册会计师、香 || 计师彭泽、拟担任项目质量控制复核人丁启新不存在违反《中国注册会计师职业
600390,2022-10-26,1214899492,五矿资本：五矿资本股份有限公司关于续聘2022年度财务报告和内部控制审计机构公告,,True,签字注册会计师、项目质量控制复核人近三年存在因执业行为受到证监会派出机 || 册会计师刘赛男、项目质量控制复核人丁启新不存在可能影响独立性的情形。4
600390,2023-11-28,1218453052,五矿资本：五矿资本股份有限公司关于续聘会计师事务所的公告,,True,签字注册会计师、项目质量控制复核人近三年存在因执业行为受到证监会派出机 || 册会计师张路瑶、项目质量控制复核人丁启新不存在可能影响独立性的情形。4
600390,2022-03-05,1212509620,五矿资本：关于续聘2021年度财务报告和内部控制审计机构公告,,True,签字注册会计师、项目质量控制复核人近三年存在因执业行为受到证监会派出机 || 册会计师刘赛男、项目质量控制复核人丁启新不存在可能影响独立性的情形。4
600392,2020-04-25,1207609667,盛和资源：关于续聘会计师事务所的公告,,True,务。无兼职情况。独立复核合伙人：李建勋李建勋，中国注册会计师、高级 || 项目签字合伙人、独立复核合伙人、项目签字注册会计师均具有丰富的行业 || 项目签字合伙人、独立复核合伙人、项目签字注册会计师最近三年没有受到
600398,2022-04-28,1213168078,海澜之家：海澜之家集团股份有限公司关于续聘会计师事务所公告,,True,19年度红宝丽、复核人沙钢股份2、上述相关人员的独立性和诚
600398,2024-04-30,1219914992,海澜之家：海澜之家集团股份有限公司关于续聘会计师事务所公告,,True,签字注册会计师、项目质量控制复核人不存在违反《中国注册会计师职业道德守
600398,2021-04-28,1209841607,海澜之家：海澜之家集团股份有限公司关于续聘会计师事务所公告,,True,19年度红宝丽、复核人沙钢股份2、上述相关人员的独立性和诚
600398,2023-04-28,1216662822,海澜之家：海澜之家集团股份有限公司关于续聘会计师事务所公告,,True,1月2019年度复核人利集团、海澜之家2、上述相关人员的独
600400,2020-04-29,1207660059,红豆股份：关于续聘会计师事务所的公告,,True,事证券业务相关审复核人明会计师计工作。上述人员均具备注册会
600400,2022-04-27,1213140178,红豆股份：红豆股份关于续聘会计师事务所的公告,,True,签字注册会计师、项目质量控制复核人近三年无因执业行为受到刑事处罚，受到 || 签字注册会计师、项目质量控制复核人均不存在违反《中国注册会计师职业道德
600400,2021-04-29,1209857745,红豆股份：红豆股份关于续聘会计师事务所的公告,,True,签字注册会计师、项目质量控制复核人近三年无因执业行为受到刑事处罚，受到 || 签字注册会计师、项目质量控制复核人均不存在违反《中国注册会计师职业道德
600400,2023-01-19,1215649310,红豆股份：红豆股份关于变更签字注册会计师的公告,,True,计师，黄德明作为项目质量复核人员共同为公司提供审计服务。因公证天业内
600400,2023-08-15,1217530760,红豆股份：红豆股份关于变更签字注册会计师的公告,,True,会计师，薛敏作为项目质量复核人员共同为公司提供审计服务。鉴于钟海涛已
600403,2021-04-27,1209818606,大有能源：河南大有能源股份有限公司关于续聘会计师事务所的公告,,True,签字注册会计师、项目质量控制复核人不存在违反《中国注册会计师职业道德守 || 签字注册会计师、项目质量控制复核人最近三年均未受到任何的刑事处罚、行政
600403,2022-03-31,1212748782,ST大有：河南大有能源股份有限公司关于续聘会计师事务所的公告,,True,签字注册会计师、项目质量控制复核人不存在违反《中国注册会计师职业道德守 || 签字注册会计师、项目质量控制复核人最近三年均未受到任何的刑事处罚、行政
600403,2023-03-24,1216203882,大有能源：河南大有能源股份有限公司关于续聘会计师事务所的公告,,True,签字注册会计师、项目质量控制复核人不存在违反《中国注册会计师职业道德守 || 签字注册会计师、项目质量控制复核人最近三年均未受到任何的刑事处罚、行政
600415,2020-04-30,1207690168,小商品城：关于续聘会计师事务所的公告,,True,人、签字会计师和质量控制复核人不存在违反《中国注册会计师职业道德守
600415,2023-04-12,1216380644,小商品城：关于续聘会计师事务所的公告,,True,签字注册会计师、项目质量控制复核人近三年未因执业行为受到刑事处罚，或受 || 签字注册会计师、项目质量控制复核人等不存-2-在违反《中国注册会计师职
600415,2021-04-30,1209873998,小商品城：关于续聘会计师事务所的公告,,True,人、签字会计师和质量控制复核人不存在违反《中国注册会计师职业道德守
600415,2022-10-20,1214842029,小商品城：关于续聘会计师事务所的公告,,True,签字注册会计师、项目质量控制复核人近三年未因执业行为受到刑事处罚，或受 || 签字注册会计师、项目质量控制复核人等不存在违反《中国注册会计师职业道德
600420,2023-03-30,1216258619,国药现代：关于续聘2023年度会计师事务所的公告,,True,签字注册会计师、项目质量控制复核人近三年不存在因执业行为受到刑事处罚， || 签字注册会计师、项目质量控制复核人不存在可能影响独立性的情形。三、审计
600420,2024-03-30,1219469186,国药现代：关于续聘2024年度会计师事务所的公告,,True,息签字注册会计师项目质量复核人员册会计师姓名姜波兰轶林金闻何时成为注 || 签字注册会计师、项目质量控制复核人近三年不存在因执业行为受到刑事处罚， || 签字注册会计师、项目质量控制复核人不存在可证券代码：600420证券简
600420,2021-03-26,1209453230,现代制药：关于续聘2021年度会计师事务所的公告,,True,签字注册会计师、项目质量控制复核人近三年不存在因执业行为受到刑事处罚， || 签字注册会计师、项目质量控制复核人不存在可能影响独立性的情形。三、审计
600420,2022-03-26,1212686923,国药现代：关于续聘2022年度会计师事务所的公告,,True,健事务所正在开展项目质量复核人员独立性轮换工作，目前尚未确定公司20 || 2年度审计项目的质量复核人员。2、诚信记录项目合伙人、签字注册会
600420,2020-04-02,1207448915,现代制药：关于续聘2020年度会计师事务所的公告,,True,责审张莲君无是制复核人计师计和复核多家上市公司，具备相应专
600421,2022-03-31,1212743410,华嵘控股：华嵘控股关于续聘会计师事务所的公告,,True,力。2.诚信记录项目质量控制复核人、项目合伙人、签字注册会计近三年不存 || 情况。3.独立性项目质量控制复核人、项目合伙人、签字注册会计师均不存在
600421,2023-04-19,1216454149,华嵘控股： 华嵘控股关于续聘会计师事务所的公告,,True,签字注册会计师、项目质量控制复核人近三年（最近三个完整自然年度及当年） || 处项目3.独立性项目质量控制复核人、项目合伙人、签字注册会计师均不存在
600429,2020-04-25,1207611044,三元股份：关于续聘会计师事务所的公告,,True,序，郑建彪拟担任项目质量控制复核人。郑建彪从事证券服务业务近三十年，自
600433,2022-10-29,1214966988,冠豪高新：冠豪高新关于续聘2022年度会计师事务所的公告,,True,审计报告。拟执行项目质量控制负责人：肖桂香兼职情况：无是否从事证券服务
600433,2023-10-26,1218148779,冠豪高新：冠豪高新关于续聘2023年度会计师事务所的公告,,True,审计报告。拟执行项目质量控制负责人：肖桂香兼职情况：无是否从事证券服务
600435,2020-04-24,1207585250,北方导航：关于续聘会计师事务所的公告,,True,无兼职情况。2、独立复核合伙人：王重娟王重娟女士，中国注册会计师、 || 项目签字合伙人、独立复核合伙人、项目签字注册会计师均具有丰富的行业 || 项目签字合伙人、独立复核合伙人、项目签字注册会计师最近3三年没有受
600438,2020-04-21,1207542247,通威股份：关于续聘会计师事务所的公告,,True,罚。（3）拟安排质量控制复核人员：周丕平拥有26年审计工作经验，主 || 签字注册会计师和项目质量控制复核人最近三年未受到刑事处罚、行政处罚、行
600448,2021-04-29,1209857805,华纺股份：华纺股份关于聘任会计师事务所的公告,,True,告10份、复核制复核人上市公司报告10份2、诚信记录项目合 || 签字注册会计师、项目质量控制复核人近三年未因执业行为受到刑事处罚，未受 || 签字注册会计师、项目质量控制复核人不存在可能影响独立性的情形。4、审计
600444,2021-04-09,1209657023,国机通用：国机通用关于续聘会计师事务所的公告,,True,。（3）李海成（项目质量控制复核人），2002年2月成为注册会计师，2 || 册会计师王洋洋、项目质量控制复核人李海成最近三年未受到刑事处罚、行政处 || 签字注册会计师、项目质量控制复核人能够在执行本项目审计工作时保持独立性
600448,2023-04-29,1216690114,华纺股份：华纺股份：关于聘任会计师事务所的公告,,True,告10份、复核制复核人上市公司报告10份2、诚信记录项目合 || 签字注册会计师、项目质量控制复核人近三年未因执业行为受到刑事处罚，未受 || 签字注册会计师、项目质量控制复核人不存在可能影响独立性的情形。4、审计
600433,2020-06-13,1207922623,冠豪高新：关于续聘2020年度审计机构的公告,,True,胜任能力。拟执行项目质量控制负责人：肖桂香兼职情况：无是否从事证券服务
600448,2024-04-30,1219907021,华纺股份：华纺股份：关于聘任会计师事务所的公告,,True,告10份、复核制复核人上市公司报告10份2、诚信记录项目合 || 签字注册会计师、项目质量控制复核人近三年未因执业行为受到刑事处罚，未受 || 签字注册会计师、项目质量控制复核人不存在可能影响独立性的情形。4、审计
600448,2022-04-30,1213261399,华纺股份：华纺股份：关于聘任会计师事务所的公告,,True,告10份、复核制复核人上市公司报告10份2、诚信记录项目合 || 签字注册会计师、项目质量控制复核人近三年未因执业行为受到刑事处罚，未受 || 签字注册会计师、项目质量控制复核人不存在可能影响独立性的情形。4、审计
600458,2022-03-31,1212746158,时代新材：关于续聘2022年度外部审计机构的公告,,True,告7份。本项目的质量控制复核人拟为邹俊，2003年取得中国注册会计 || 签字注册会计师和项目质量控制复核人最近三年均未因执业行为受到任何刑事处 || 签字注册会计师、项目质量控制复核人按照职业道德守则的规定保持了独立性。
600459,2020-04-22,1207547898,贵研铂业：关于续聘会计师事务所的公告,,True,项目签字合伙人、独立复核合伙人、项目签字注册会计师最近三年均未有受 || 验。拟安排的项目独立复核合伙人为张为先生，现为信永中和会计师事务所 || 项目签字合伙人、独立复核合伙人、项目签字注册会计师均具有丰富的行业 || 项目签字合伙人、独立复核合伙人、项目签字注册会计师均具有丰富的行业
600458,2021-06-08,1210181909,时代新材：关于变更会计师事务所的公告,,True,告3份。本项目的质量控制复核人拟为邹俊，2003年取得中国注册会计 || 签字注册会计师和项目质量控制复核人最近三年均未因执业行为受到任何刑事处 || 签字注册会计师、项目质量控制复核人按照职业道德守则的规定保持了独立性。
600459,2021-04-15,1209688933,贵研铂业：贵研铂业关于续聘会计师事务所的公告,,True,超过9家。拟担任独立复核合伙人：张为先生，2000年获得中国注册会 || 签字注册会计师、项目质量控制复核人近三年无执业行为受到刑事处罚，受到证 || 签字注册会计师、项目质量控制复核人等从业人员不存在违反《中国注册会计师
600458,2024-03-29,1219438925,时代新材：关于续聘2024年度外部审计机构的公告,,True,10份。本项目的质量控制复核人拟为邹俊，2003年取得中国注册会计 || 签字注册会计师和项目质量控制复核人最近三年均未因执业行为受到任何刑事处 || 签字注册会计师、项目质量控制复核人按照职业道德守则的规定保持了独立性。
600459,2023-04-13,1216389618,贵研铂业：贵研铂业股份有限公司关于续聘会计师事务所的公告,,True,.基本信息拟担任独立复核合伙人：张为先生，2000年获得中国注册会 || 签字注册会计师、项目质量控制复核人近三年无执业行为受到刑事处罚，受到证 || 注册会计师、项目独立复核人近三年受到的监督管理措施情况如下：序 || 签字注册会计师、项目质量控制复核人等从业人员不存在违反《中国注册会计师
600458,2023-03-31,1216271373,时代新材：关于续聘2023年度外部审计机构的公告,,True,告8份。本项目的质量控制复核人拟为邹俊，2003年取得中国注册会计 || 签字注册会计师和项目质量控制复核人最近三年均未因执业行为受到任何刑事处 || 签字注册会计师、项目质量控制复核人按照职业道德守则的规定保持了独立性。
600459,2022-04-15,1212920977,贵研铂业：贵研铂业关于续聘会计师事务所的公告,,True,.基本信息拟担任独立复核合伙人：张为先生，2000年获得中国注册会 || 签字注册会计师、项目质量控制复核人近三年无执业行为受到刑事处罚，受到证 || 注册会计师、项目独立复核人近三年受到的监督管理措施情况如下：序 || 签字注册会计师、项目质量控制复核人等从业人员不存在违反《中国注册会计师
600460,2021-03-13,1209378723,士兰微：杭州士兰微电子股份有限公司关于续聘会计师事务所的公告,,True,签字注册会计师、项目质量控制复核人近三年不存在因执业行为受到刑事处罚， || 签字注册会计师、项目质量控制复核人不存在可能影响独立性的情形。4.审计
600460,2023-03-31,1216272937,士兰微：杭州士兰微电子股份有限公司关于续聘会计师事务所的公告,,True,签字注册会计师、项目质量控制复核人近三年（存在/不存在）因执业行为受到 || 签字注册会计师、项目质量控制复核人不存在可能影响独立性的情形。4.审计
600460,2024-04-09,1219536779,士兰微：杭州士兰微电子股份有限公司关于续聘会计师事务所的公告,,True,人签字注册会计师项目质量复核人员姓名张林吴传淼吴志辉何时成为注册会计 || 签字注册会计师、项目质量复核人员近三年不存在因执业行为受到刑事处罚， || 签字注册会计师、项目质量复核人员不存在可能影响独立性的情形。（三）审
600463,2020-12-02,1208827804,空港股份：关于续聘会计师事务所的公告,,True,（2）崔江涛——质量控制复核人2姓名崔江涛技术职称注册会计师兼职情
600466,2020-04-17,1207516980,蓝光发展：关于续聘会计师事务所的公告,,True,审计经验。（3）质量控制复核合伙人姓名：罗玉成执业资质：中国注册会计师 || 项目签字合伙人、独立复核合伙人、项目签字注册会计师最近三年均未有受 || 项目签字合伙人、独立复核合伙人、项目签字注册会计师均具有丰富的行业
600476,2023-04-29,1216703405,湘邮科技：湖南湘邮科技股份有限公司关于续聘会计师事务所的公告,,True,签字注册会计师、项目质量控制复核人基本信息如下：项目合伙人及拟签字注册 || 司审计报告0家。项目质量控制复核人：根据天职国际质量控制政策和程序，王 || 军及其团队拟担任项目质量控制复核人，王军，1998年成为注册会计师，2 || 签字注册会计师、项目质量控制复核人近三年不存3在因执业行为受到刑事处罚 || 签字注册会计师、项目质量控制复核人等不存在可能影响独立性的情形。4、审
600476,2022-04-29,1213213299,湘邮科技：湖南湘邮科技股份有限公司关于续聘会计师事务所的公告,,True,签字注册会计师、项目质量控制复核人基本信息如下：项目合伙人及拟签字注册 || 司审计报告0家。项目质量控制复核人：根据天职国际质量控制政策和程序，王 || 军及其团队拟担任项目质量控制复核人，王军，1998年成为注册会计师，2 || 签字注册会计师、项目质量控制复核人近三年不存3在因执业行为受到刑事处罚 || 签字注册会计师、项目质量控制复核人等不存在可能影响独立性的情形。4、审
600478,2023-04-04,1216317735,科力远：科力远关于续聘2023年度会计师事务所的公告,,True,力，无兼职情况。质量控制复核人员：张骏张骏，2004年成为注册会计 || 签字注册会计师及质量复核人员未持有和买卖公司股票，也不存在影响独
600478,2024-04-27,1219875671,科力远：科力远关于续聘2024年度会计师事务所的公告,,True,力，无兼职情况。质量控制复核人员：张骏张骏，2004年成为注册会计 || 签字注册会计师及质量复核人员未持有和买卖公司股票，也不存在影响独
600479,2023-04-13,1216390722,千金药业：千金药业关于续聘会计师事务所的公告,,True,签字注册会计师、项目质量控制复核人基本信息如下：项目合伙人及签字注册会 || 军及其团队拟担任项目质量控制复核人。1998年成为注册会计师，王军，2 || 签字注册会计师、项目质量控制复核人近三年不存在因执业行为受到刑事处罚， || 签字注册会计师、项目质量控制复核人等不存在可能影响独立性的情形。4.审
600478,2022-11-19,1215151640,科力远：科力远关于变更会计师事务所的公告,,True,力，无兼职情况。质量控制复核人员：张骏张骏，2004年成为注册会计 || 签字注册会计师及质量复核人员未持有和买卖公司股票，也不存在影响独
600479,2022-04-15,1212921023,千金药业：千金药业关于续聘会计师事务所的公告,,True,军及其团队拟担任项目质量控制复核人。王军，1998年成为注册会计师，2 || 签字注册会计师、项目质量控制复核人近三年不存在因执业行为受到刑事处罚， || 签字注册会计师、项目质量控制复核人等不存在可能影响独立性的情形。（四）
600480,2020-04-28,1207647224,凌云股份：关于续聘会计师事务所的公告,,True,务所外兼职。质控复核人：奚大伟，注册会计师，2001年起从 || 人，同时担任所内质量控制复核人。无在致同会计师事务所外兼职。2、上
600479,2024-04-12,1219580191,千金药业：千金药业关于变更会计师事务所的公告,,True,公司2022年制复核人；2023近三年签署或复核上2022 || 4家上市公量控制复核人司质量控制复核人2.诚信记录项目合伙 || 公量控制复核人司质量控制复核人2.诚信记录项目合伙人、签字注册会计 || 签字注册会计师、项目质量复核人员近三年不存在因执业行为受到刑事处罚， || 签字注册会计师、项目质量复核人员不存在可能影响独立性的情形。4.审计
600481,2020-04-11,1207481577,双良节能：关于续聘会计师事务所的公告,,True,、年报审计和无是复核人全会计师重大资产重组审计等证券服务业
600481,2021-04-10,1209669400,双良节能：双良节能系统股份有限公司关于续聘会计师事务所的公告,,True,报审计、年报无是复核人全会计师审计和重大资产重组审计等证券
600481,2022-03-08,1212521659,双良节能：双良节能系统股份有限公司关于续聘会计师事务所的公告,,True,报审计、年报无是复核人全会计师审计和重大资产重组审计等证券
600481,2023-04-25,1216559915,双良节能：双良节能系统股份有限公司关于续聘会计师事务所的公告,,True,报审计和梁锋无是复核人会计师重大资产重组审计等证券服务业务
600488,2020-03-26,1207404293,天药股份：关于续聘会计师事务所的公告,,True,审计和内控审计的质量控制复核人。2013年至今就职于本期签中审华会
600489,2021-04-30,1209878632,中金黄金：中金黄金股份有限公司关于续聘会计师事务所的公告,,True,签字注册会计师、项目质量控制复核人近三年不存在因执业行为受到刑事处罚， || 签字注册会计师、项目质量控制复核人不存在可能影响独立性的情形。4.审计
600489,2022-04-21,1213003719,中金黄金：中金黄金股份有限公司关于续聘会计师事务所的公告,,True,签字注册会计师、项目质量控制复核人近三年不存在因执业行为受到刑事处罚， || 签字注册会计师、项目质量控制复核人不存在可能影响独立性的情形。（三）审
600489,2021-02-10,1209265626,中金黄金：中金黄金股份有限公司关于变更会计师事务所公告,,True,签字注册会计师、项目质量控制复核人近三年不存在因执业行为受到刑事处罚， || 签字注册会计师、项目质量控制复核人不存在可能影响独立性的情形。4.审计
600496,2024-04-18,1219650136,精工钢构：精工钢构关于续聘会计师事务所的公告,,True,事证券业务（3）质量控制复核人：蒋红薇执业资质：中国注册会计师从业 || 签字注册会计师、项目质量控制复核人近三年未因执业行为受到刑事处罚，未受 || 签字注册会计师、项目质量控制复核人等从业人员不存在违反《中国注册会计师
600496,2023-04-18,1216441208,精工钢构：精工钢构关于续聘会计师事务所的公告,,True,事证券业务（3）质量控制复核人：蒋红薇执业资质：中国注册会计师从业 || 签字注册会计师、项目质量控制复核人近三年未因执业行为受到刑事处罚，未受 || 签字注册会计师、项目质量控制复核人等从业人员不存在违反《中国注册会计师
600505,2020-04-18,1207528175,西昌电力：关于续聘会计师事务所的公告,,True,，无兼职。（3）质量控制复核合伙人姓名：庄瑞兰执业资质：中国注册会计师 || 项目签字合伙人、独立复核合伙人、项目签字注册会计师最近三年均未有受 || 项目签字合伙人、独立复核合伙人、项目签字注册会计师均具有丰富的行业
600505,2024-04-25,1219790702,西昌电力：西昌电力关于变更2024年度会计师事务所的公告,,True,人签字注册会计师项目质量复核人员姓名唐明刘群何林飞何时成为注册会计师 || 签字注册会计师、项目质量复核人员近三年不存在因执业行为受到刑事处罚， || 签字注册会计师、项目质量复核人员不存在可能影响独立性的情形。4、审计
600507,2020-08-28,1208277803,方大特钢：关于续聘2020年度财务审计机构和内控审计机构的公告,,True,签字注册会计师及项目质量控制复核人的具体情况如下：1、签字注册会计师（ || 有限公司等。3、项目质量控制复核人：李威执业资质：中国注册会计师是否从 || （特殊普通合伙）质量控制复核人，从事注册会计师行业近15年，曾参与 || 等上市公司审计的质量控制复核人。（三）业务信息中审华会计师事务所（
600507,2024-05-18,1220089977,方大特钢：方大特钢关于续聘会计师事务所的公告,,True,审计报告。（3）项目质量控制复核人：孔繁萍孔繁萍2003年获得中国注册 || 签字注册会计师、项目质量控制复核人近三年未因执业行为受到刑事处罚，未受 || 签字注册会计师、项目质量控制复核人不存在可能影响独立性的情形。4、审计
600510,2022-04-26,1213108018,黑牡丹：关于续聘会计师事务所的公告,,True,字注册会计师计师复核人项目王文凯殷亚刚薛敏何时成为注册会计 || 市公司审计报告；质量控制复核人薛敏近三年复核了远东智慧能源股份有限 || 签字注册会计师、项目质量控制复核人近三年不存在因执业行为受到刑事处罚， || 签字注册会计师、项目质量控制复核人等均不存在违反《中国注册会计师职业道
600510,2023-04-25,1216554610,黑牡丹：关于续聘会计师事务所的公告,,True,会计师注册会计师复核人项目殷亚刚王文凯薛敏何时成为注册会计 || 司年度审计报告；质量控制复核人薛敏近三年复核了无锡航亚科技股份有限 || 签字注册会计师、项目质量控制复核人近三年不存在因执业行为受到刑事处罚， || 签字注册会计师、项目质量控制复核人等均不存在违反《中国注册会计师职业道
600512,2020-04-20,1207534214,腾达建设：关于续聘会计师事务所的公告,,True,500300无是复核人所和天健正信会计师事010026）务
600512,2021-04-16,1209700531,腾达建设：腾达建设关于续聘会计师事务所的公告,,True,签字注册会计师、项目质量控制复核人近三年不存在因执业行为受到刑事处罚， || 签字注册会计师、项目质量控制复核人不存在可能影响独立性的情形。4、审计
600512,2023-04-15,1216415808,腾达建设：腾达建设关于续聘会计师事务所的公告,,True,签字注册会计师、项目质量控制复核人近三年不存在因执业行为受到刑事处罚， || 签字注册会计师、项目质量控制复核人不存在可能影响独立性的情形。4、审计
600513,2020-04-25,1207607099,联环药业：关于续聘会计师事务所的公告,,True,职情况：无（2）质量控制复核人：梁锋执业资质：注册会计师从业经历：
600512,2024-04-16,1219618731,腾达建设：腾达建设关于续聘会计师事务所的公告,,True,2010年不适用复核人翔、东方电缆、山子股份等上市公司审计 || 签字注册会计师、项目质量复核人员不存在可能影响独立性的情形。4、审计
600512,2022-04-29,1213195277,腾达建设：腾达建设关于续聘会计师事务所的公告,,True,签字注册会计师、项目质量控制复核人近三年不存在因执业行为受到刑事处罚， || 签字注册会计师、项目质量控制复核人不存在可能影响独立性的情形。4、审计
600513,2021-03-31,1209487475,联环药业：联环药业关于续聘会计师事务所的公告,,True,职情况：无（2）质量控制复核人：梁锋执业资质：注册会计师从业经历：
600513,2022-04-28,1213168266,联环药业：联环药业关于续聘会计师事务所的公告,,True,职情况：无（2）质量控制复核人：梁锋执业资质：注册会计师从业经历：
600513,2023-03-03,1216041830,联环药业：联环药业关于续聘会计师事务所的公告,,True,职情况：无（2）质量控制复核人：金炜执业资质：注册会计师2008年
600513,2024-03-06,1219242813,联环药业：联环药业关于变更会计师事务所的公告,,True,职情况：无（2）质量控制复核人：王其超执业资质：注册会计师从业经历
600519,2024-04-03,1219506502,贵州茅台：贵州茅台关于变更会计师事务所的公告,,True,签字注册会计师、项目质量复核人员近三年不存在因执业行为受到刑事处罚， || 签字注册会计师、项目质量复核人员不存在可能影响独立性的情形。（三）审
600520,2022-09-24,1214662228,文一科技：文一科技关于续聘2022年度会计师事务所的公告,,True,签字注册会计师、项目质量控制复核人近三年不存在因执业行为受到刑事处罚， || 签字注册会计师、项目质量控制复核人不存在可能影响独立性的情形。4．审计
600521,2020-04-30,1207690486,华海药业：续聘会计师事务所公告,,True,香注册会计师无是复核人师事务所，审计相关工作正高级会计师/
600521,2021-04-26,1209800086,华海药业：浙江华海药业股份有限公司续聘会计师事务所公告,,True,09年2021年复核人里扬、九洲集团公司2018年度审计报 || 签字注册会计师、项目质量控制复核人近三年不存在因执业行为受到刑事处罚， || 签字注册会计师、项目质量控制复核人不存在可能影响独立性的情形。（三）审
600520,2023-04-26,1216578980,文一科技：文一科技关于续聘2023年度会计师事务所的公告,,True,签字注册会计师、项目质量控制复核人近三年不存在因执业行为受到刑事处罚， || 签字注册会计师、项目质量控制复核人不存在可能影响独立性的情形。4．审计
600522,2020-04-30,1207690511,中天科技：关于续聘会计师事务所的公告,,True,技股份有限公无是复核人司（600522）提供年度审计及内控 || 项目签字合伙人、独立复核合伙人、项目签字注册会计师均具有丰富的行业
600521,2022-04-26,1213108433,华海药业：浙江华海药业股份有限公司续聘会计师事务所公告,,True,09年2021年复核人计报告；2019年，签署万里扬、九洲 || 签字注册会计师、项目质量控制复核人近三年不存在因执业行为受到刑事处罚， || 签字注册会计师、项目质量控制复核人不存在可能影响独立性的情形。（三）审
600521,2023-04-29,1216703540,华海药业：浙江华海药业股份有限公司续聘会计师事务所公告,,True,09年2021年复核人镇洋发展、华策影视等。2、诚信记录项 || 签字注册会计师、项目质量控制复核人近三年不存在因执业行为受到刑事处罚， || 签字注册会计师、项目质量控制复核人不存在可能影响独立性的情形。（三）审
600523,2020-06-06,1207900378,贵航股份：续聘会计师事务所公告,,True,服务工作。拟执行项目质量控制负责人：田业阳兼职情况：无是否从事过证券服
600523,2024-02-01,1219053804,贵航股份：贵州贵航汽车零部件股份有限公司关于变更签字注册会计师的公告,,True,、蔺自立先生作为项目质量控制复核人，为公司提供审计服务。鉴于原项目合伙
600523,2021-08-13,1210734634,贵航股份：续聘会计师事务所公告,,True,服务工作。拟执行项目质量控制负责人：田业阳兼职情况：无是否从事过证券服
600523,2022-04-16,1212941809,贵航股份：续聘会计师事务所公告,,True,服务工作。拟执行项目质量控制负责人：兼职情况：田业阳是否从事过证券服务
600526,2021-04-08,1209649814,菲达环保：菲达环保续聘会计师事务所公告,,True,签字注册会计师、项目质量控制复核人近三年因执业行为受到刑事处罚，受到证 || 签字注册会计师、项目质量控制复核人不存在可能影响独立性的情形。（三）审
600528,2024-06-08,1220301198,中铁工业：中铁工业关于变更会计师事务所的公告,,True,人签字注册会计师项目质量复核人员姓名胡青郭云华祝芹敏何时成为注册会计 || 签字注册会计师、项目质量复核人员近三年不存在因执业行为受到刑事处罚， || 签字注册会计师、项目质量复核人员不存在可能影响独立性的情形。4.审计
600529,2021-04-27,1209818701,山东药玻：山东省药用玻璃股份有限公司关于续聘2021年度审计机构的公告,,True,2021年报12复核人2、诚信记录项目合伙人、签字注册会计 || 签字注册会计师、质量控制复核人最近三年不存在因执业行为受到刑事处罚
600530,2023-08-08,1217478078,*ST交昂：关于聘任会计师事务所的公告,,True,公司审计报告。拟项目质量控制复核人员蔡颖：2007年成为注册会计师，2 || 签字注册会计师、项目质量控制复核人等从业人员不存在违反《中国注册会计师
600530,2023-01-12,1215578598,交大昂立：关于变更会计师事务所的公告,,True,公司审计报告。拟项目质量控制复核人员田书伟：2015年7月成为注册会计 || 签字注册会计师、项目质量控制复核人近三年不存在因执业行为受到刑事处罚， || 签字注册会计师、项目质量控制复核人等从业人员不存在违反《中国注册会计师
600530,2023-12-13,1218593475,ST交昂：关于续聘会计师事务所的公告,,True,签署审计报告。拟项目质量控制复核人员蔡颖：2007年成为注册会计师，2 || 为本公司年报审计项目质量控制复核人员，具备相应的专业胜任能力。2、诚信 || 签字注册会计师、项目质量控制复核人等从业人员不存在违反《中国注册会计师
600533,2021-04-30,1209878726,栖霞建设：栖霞建设关于续聘会计师事务所的公告,,True,签字注册会计师、项目质量控制复核人近三年存在因执业行为受到刑事处罚，受 || 签字注册会计师、项目质量控制复核人不存在可能影响独立性的情形。（三）审
600535,2020-04-25,1207599964,天士力：关于续聘2020年度会计师事务所的公告,,True,包括项目合伙人、质量控制复核人和本期签字会计师（如已确定）的执业资
600533,2022-04-30,1213269482,栖霞建设：栖霞建设关于续聘会计师事务所的公告,,True,12年0家孔令江质量控制复核人2007年2004年2009年8月2 || 签字注册会计师、项目质量控制复核人近三年存在因执业行为受到刑事处罚，受 || 签字注册会计师、项目质量控制复核人不存在可能影响独立性的情形。（三）审
600535,2022-03-31,1212741630,天士力：天士力关于续聘2022年度会计师事务所的公告,,True,师事务所正在开展项目质量复核人员独立性轮换工作，因此目前尚无法确制复 || 2年度审计项目的质量复核人员。人2、诚信记录项目合伙人、签字注册 || 签字注册会计师、项目质量控制复核人近三年不存在因执业行为受到刑事处罚， || 签字注册会计师、项目质量控制复核人不存在可能影响独立性的情形。24、审
600535,2021-04-24,1209789114,天士力：天士力关于续聘2021年度会计师事务所的公告,,True,签字注册会计师、项目质量控制复核人近三年不存在因执业行为受到刑事处罚， || 签字注册会计师、项目质量控制复核人不存在可能影响独立性的情形。二、审计
600535,2024-04-16,1219618258,天士力：天士力关于续聘2024年度会计师事务所的公告,,True,人签字注册会计师项目质量复核人员姓名余建耀彭敏严善明何时成为注册会计 || 签字注册会计师、项目质量复核人员近三年存在因执业行为受到刑事处罚，受 || 签字注册会计师、项目质量控制复核人不存在可能影响独立性的情形。4、审计
600533,2023-04-29,1216690718,栖霞建设：栖霞建设关于续聘会计师事务所的公告,,True,12年1家2李勉质量控制复核人2006年1993年2009年11月 || 签字注册会计师、项目质量控制复核人近三年不存在因执业行为受到刑事处罚， || 签字注册会计师、项目质量控制复核人不存在可能影响独立性的情形。（三）审
600535,2023-03-28,1216233057,天士力：天士力关于续聘2023年度会计师事务所的公告,,True,签字注册会计师、项目质量控制复核人近三年存在因执业行为受到刑事处罚，受 || 签字注册会计师、项目质量控制复核人不存在可能影响独立性的情形。4、审计
600538,2024-04-23,1219744867,国发股份：关于续聘2024年度会计师事务所的公告,,True,人签字注册会计师项目质量复核人员姓名张恩学李敬梁志勇何时成为注册会计 || 签字注册会计师、项目质量复核人员近三年不存在因执业行为受到刑事处罚， || 签字注册会计师、项目质量控制复核人不存在可能影响独立性的情形。（三）审
600538,2022-03-29,1212711516,国发股份：关于续聘2022年度会计师事务所的公告,,True,008年注2年年质量控制复核人暂未确定注3注1：2019年，签署西 || 通合伙）正在开展项目质量复核人员独立性轮换工作，因此目前尚无法确定公 || 2年度审计项目的质量控制复核人员。公司将在天健会计师事务所（特殊普 || 殊普通合伙）确定项目质量控制复核人员后及时披露相关人员信息。2、项目相 || 签字注册会计师、项目质量控制复核人近三年不存在因执业行为受到刑事处罚， || 签字注册会计师、项目质量控制复核人不存在可能影响独立性的情形。（三）审
600538,2021-04-27,1209818733,国发股份：关于续聘会计师事务所的公告,,True,签字注册会计师、项目质量控制复核人近三年不存在因执业行为受到刑事处罚， || 签字注册会计师、项目质量控制复核人不存在可能影响独立性的情形。（三）审
600540,2021-03-23,1209428393,新赛股份：新疆赛里木现代农业股份有限公司关于续聘会计师事务所公告,,True,的专业服务工作。项目质量控制复核人从业经历：王侠女士：现任希格玛会计师
600546,2024-03-30,1219469340,山煤国际：山煤国际关于变更2024年度财务审计机构的公告,,True,务报表审计工作。项目质量控制复核人：赵光合伙人，2011年成为注册会计 || 签字注册会计师、项目质量控制复核人近三年不存在因执业行为受到刑事处罚， || 签字注册会计师、项目质量控制复核人不存在可能影响独立性的情形。4.审计
600552,2022-07-01,1213894995,凯盛科技： 关于变更会计师事务所的公告,,True,事上市公司审计。项目质量控制复核人：王涛：2009年成为注册会计师，2 || 签字注册会计师、项目质量控制复核人近三年未因执业行为受2到刑事处罚，未 || 签字注册会计师、项目质量控制复核人等不存在可能影响独立性的情形。4.审
600556,2020-03-24,1207394929,ST慧球：关于聘任2019年度审计机构的公告,,True,胜任能力：是2.质量控制复核人：鲁立执业资质：注册会计师、澳洲注册 || 字会计师唐谷，及质量控制复核人鲁立不存在违反《中国注册会计师职业道
600556,2020-04-11,1207483321,ST慧球：关于续聘公司2020年度财务审计机构和内控审计机构的公告,,True,胜任能力：是2.质量控制复核人：鲁立执业资质：注册会计师、澳洲注册 || 字会计师唐谷，及质量控制复核人鲁立不存在违反《中国注册会计师职业道
600552,2021-03-31,1209484967,凯盛科技：关于续聘会计师事务所的公告,,True,单位兼职。拟安排项目质量控制复核人员：刘仁勇刘仁勇2004年在大信会计 || 签字注册会计师及质量控制复核人员近三年不存在因执业行为受到刑事处罚 || 签字注册会计师及质量控制复核人员不存在违反《中国注册会计师职业道德
600558,2020-04-20,1207534237,大西洋：关于续聘会计师事务所的公告,,True,职。（3）拟安排质量控制复核人员：廖群中国注册会计师，2001年起 || 签字注册会计师和项目质量控制复核人最近三年未受到刑事处罚、行政处罚、行
600558,2023-04-07,1216343927,大西洋：大西洋关于续聘会计师事务所的公告,,True,司。（4）拟安排质量控制复核人员：何均，1997年12月成为注册会 || 签字注册会计师、项目质量控制复核人近三年无因执业行为受到刑事处罚，受到 || 签字注册会计师、项目质量控制复核人不存在影响项目独立性的情况。（三）审
600558,2022-04-01,1212764026,大西洋：大西洋关于续聘会计师事务所的公告,,True,告。（4）拟安排质量控制复核人员：何均，1997年12月成为注册会 || 签字注册会计师、项目质量控制复核人近三年无因执业行为受到刑事处罚，受到 || 签字注册会计师、项目质量控制复核人不存在影响项目独立性的情况。（三）审
600562,2023-04-27,1216625189,国睿科技：国睿科技股份有限公司关于聘任会计师事务所的公告,,True,报告数量为1家。项目质量控制复核人：姓名刘其东，2002年9月成为注册 || 签字注册会计师、项目质量控制复核人近三年未因执业行为受到刑事处罚，受到 || 签字注册会计师、项目质量控制复核人能够在执行本项目审计工作时保持独立性
600570,2023-04-01,1216302576,恒生电子：恒生电子股份有限公司关于续聘会计师事务所的公告,,True,0002021年复核人家2.诚信记录项目合伙人、签字注册会 || 签字注册会计师、项目质量控制复核人近三年不存在因执业行为受到刑事处罚， || 签字注册会计师、项目质量控制复核人不存在可能影响独立性的情形。4.审计
600570,2021-04-27,1209818778,恒生电子：恒生电子股份有限公司关于续聘会计师事务所的公告,,True,签字注册会计师、项目质量控制复核人近三年不存在因执业行为受到刑事处罚， || 签字注册会计师、项目质量控制复核人不存在可能影响独立性的情形。4.审计
600571,2021-04-17,1209710708,信雅达：关于续聘会计师事务所公告,,True,签字注册会计师、项目质量控制复核人近三年存在因执业行为受到刑事处罚，受 || 签字注册会计师、项目质量控制复核人不存在可能影响独立性的情形。34.审
600570,2024-03-25,1219392174,恒生电子：恒生电子股份有限公司关于续聘会计师事务所的公告,,True,人签字注册会计师复核人员姓名周晨费君闾力华何时成为注册会计 || 签字注册会计师、项目质量控制复核人近三年不存在因执业行为受到刑事处罚， || 签字注册会计师、项目质量控制复核人不存在可能影响独立性的情形。4.审计
600570,2022-03-31,1212754047,恒生电子：恒生电子股份有限公司关于续聘会计师事务所的公告,,True,告以及复核新亚电复核人子股份有限公司、益丰大药房连锁股份有 || 签字注册会计师、项目质量控制复核人近三年不存在因执业行为受到刑事处罚， || 签字注册会计师、项目质量控制复核人不存在可能影响独立性的情形。4.审计
600571,2023-04-15,1216417789,信雅达：信雅达科技股份有限公司关于续聘会计师事务所的公告,,True,年炬芯科技年度制复核人审计报告2.上述相关人员的独立性和诚 || 签字注册会计师、项目质量控制复核人近三年存在因执业行为受到刑事处罚，受 || 签字注册会计师、项目质量控制复核人不存在可能影响独立性的情形。4.审计
600572,2023-04-15,1216414881,康恩贝：公司关于续聘会计师事务所的公告,,True,签字注册会计师、项目质量控制复核人近三年不存在因执业行为受到刑事处罚， || 签字注册会计师、项目质量控制复核人不存在可能影响独立性的情形。（三）审
600571,2024-04-20,1219702323,信雅达：信雅达科技股份有限公司关于续聘会计师事务所的公告,,True,年炬芯科技年度制复核人审计报告2.上述相关人员的独立性和诚 || 签字注册会计师、项目质量控制复核人近三年不存在因执业行为受到刑事处罚， || 签字注册会计师、项目质量控制复核人不存在可能影响独立性的情形。4.审计
600575,2022-03-25,1212670487,淮河能源：淮河能源（集团）股份有限公司续聘会计师事务所公告,,True,签字注册会计师、项目质量控制复核人近三年存在因执业行为受到刑事处罚，受 || 签字注册会计师、项目质量控制复核人不存在可能影响独立性的情形。（三）审
600575,2020-04-21,1207542374,淮河能源：续聘会计师事务所公告,,True,事郑俭CPA无是复核人IPO和上市公司审计等证券服务业务。
600575,2023-03-28,1216235489,淮河能源：淮河能源（集团）股份有限公司续聘会计师事务所公告,,True,签字注册会计师、项目质量控制复核人近三年不存在因执业行为受到刑事处罚， || 签字注册会计师、项目质量控制复核人不存在可能影响独立性的情形。（三）审
600581,2020-04-28,1207633410,八一钢铁：关于续聘会计师事务所的公告,,True,至今，从事审计工复核人陈志维会计师作18年无是2019年1
600581,2021-04-13,1209677341,八一钢铁：新疆八一钢铁股份有限公司关于续聘会计师事务所的公告,,True,签字注册会计师、项目质量控制复核人近三年存在因执业行为受到刑事处罚，受 || 签字注册会计师、项目质量控制复核人不存在可能影响独立性的情形。二、拟续
600581,2022-04-12,1212881455,八一钢铁：新疆八一钢铁股份有限公司关于续聘会计师事务所的公告,,True,泰股份2020年复核人度审计报告；2020年，签署中泰股份 || 签字注册会计师、项目质量控制复核人近三年不存在因执业行为受到刑事处罚， || 签字注册会计师、项目质量控制复核人不存在可能影响独立性的情形。4.公司
600581,2023-10-28,1218188658,八一钢铁：八一钢铁关于续聘会计师事务所的公告,,True,021年度审计制复核人报告、首药控股2021年度审计报告； || 签字注册会计师、项目质量控制复核人近三年不存在因执业行为受到刑事处罚， || 签字注册会计师、项目质量控制复核人不存在可能影响独立性的情形。4.审计
600583,2020-03-24,1207393350,海油工程：关于续聘会计师事务所的公告,,True,签字注册会计师和质量控制复核人不存在违反《中国注册会计师职业道德守
600587,2021-04-30,1209874269,新华医疗：新华医疗关于拟续聘2021年度审计机构的公告,,True,签字注册会计师、项目质量控制复核人近三年不存在因执业行为受到刑事处罚， || 签字注册会计师、项目质量控制复核人不存在可能影响独立性的情形。4、审计
600587,2021-12-15,1211904777,新华医疗：新华医疗关于变更2021年度财务审计机构和内部控制审计机构的公告,,True,签字注册会计师、项目质量控制复核人近三年不存在因执业行为受到刑事处罚， || 签字注册会计师、项目质量控制复核人等不存在可能影响独立性的情形。4、审
600587,2022-04-29,1213205768,新华医疗：新华医疗关于拟续聘2022年度财务审计机构和内部控制审计机构的公告,,True,签字注册会计师、项目质量控制复核人近三年不存在因执业行为受到刑事处罚， || 签字注册会计师、项目质量控制复核人等不存在可能影响独立性的情形。4、审
600587,2023-03-08,1216062718,新华医疗：新华医疗关于变更签字注册会计师的公告,,True,告16家，近三年复核人上市公司审计报告0家。近三年签署上市
600587,2023-03-31,1216269414,新华医疗：新华医疗关于拟续聘2023年度财务审计机构和内部控制审计机构的公告,,True,报告0家，近三年复核人复核上市公司审计报告不少于20家。2 || 签字注册会计师、项目质量控制复核人近三年不存在因执业行为受到刑事处罚， || 签字注册会计师、项目质量控制复核人等不存在可能影响独立性的情形。4、审
600588,2020-03-28,1207416343,用友网络：关于续聘会计师事务所的公告,,True,人、签字会计师和质量控制复核人不存在违反《中国注册会计师职业道德守
600590,2021-04-24,1209791124,泰豪科技：泰豪科技股份有限公司关于续聘会计师事务所的公告,,True,在其他单位兼职。质量控制复核人员：赖华林拥有注册会计师、资产评估师 || 签字注册会计师及质量控制复核人员近三年不存在因执业行为受到刑事处罚 || 签字注册会计师及质量控制复核人员不存在违反《中国注册会计师职业道德
600590,2020-04-25,1207609724,泰豪科技：关于续聘会计师事务所的公告,,True,在其他单位兼职。质量控制复核人员：赖华林，拥有注册会计师、资产评估 || 签字注册会计师及质量复核人员未持有和买卖公司股票，也不存在影响独
600589,2023-10-28,1218188682,*ST榕泰：关于续聘会计师事务所的公告,,True,报告超过5家次。项目质量控制复核人：刘其东，1993年4月成为注册会计 || 员会上海专员办目项目质量控制复核人近三年未因执业行为受到刑事处罚，受到 || 签字注册会计师、项目质量控制复核人能够在执行本项目审计工作时保持独立性
600593,2022-11-30,1215232096,大连圣亚：关于续聘公司2022年度年审会计师事务所的公告,,True,二）项目信息1.项目质量控制复核人信息杨铭姝，2006年成为注册会计师 || 力。3.诚信记录项目质量控制复核人近三年不存在因执业行为受到刑事处罚， || 签字注册会计师、项目质量控制复核人等不存在可能影响独立性的情形。5.审
600593,2021-11-30,1211722023,*ST圣亚：关于变更公司2021年度年审会计师事务所的公告,,True,信息1.合伙人、项目质量控制复核人信息杨铭姝，2006年成为注册会计师 || 记录项目合伙人、项目质量控制复核人、两位拟签字注册会计师近三年不存在因 || 签字注册会计师、项目质量控制复核人等不存在可能影响独立性的情形。5.审
600593,2024-04-24,1219771105,大连圣亚：关于续聘公司2024年度年审会计师事务所的公告,,True,项目信息1.项目质量复核人信息杨铭姝，2006年成为注册会计师 || 3.诚信记录项目质量复核人近三年（2021年至今）不存在因执业 || 注册会计师、项目质量复核人不存在可能影响独立性的情形。5.审计
600593,2023-10-28,1218188694,大连圣亚：关于续聘公司2023年度年审会计师事务所的公告,,True,项目信息1.项目质量复核人信息杨铭姝，2006年成为注册会计师 || 3.诚信记录项目质量复核人近三年（2020年至今）不存在因执业 || 注册会计师、项目质量复核人不存在可能影响独立性的情形。5.审计
600595,2021-04-30,1209874301,*ST中孚：河南中孚实业股份有限公司管理人关于公司续聘会计师事务所的公告,,True,伙人尚英伟拟担任项目质量控制复核人。尚英伟2002年成为中国注册会计师
600595,2020-04-22,1207549792,*ST中孚：关于续聘会计师事务所的公告,,True,伙人刘志坚拟担任项目质量控制复核人。刘志坚从事证券服务业务多年，负责审
600595,2022-04-30,1213269681,ST中孚：河南中孚实业股份有限公司关于公司续聘会计师事务所的公告,,True,伙人刘志坚拟担任项目质量控制复核人。刘志坚从事证券服务业务多年，负责审
600595,2023-03-31,1216282958,中孚实业：河南中孚实业股份有限公司关于公司续聘会计师事务所的公告,,True,伙人刘志坚拟担任项目质量控制复核人。刘志坚从事证券服务业务多年，负责审 || 签字注册会计师、项目质量控制复核人不存在可能影响独立性的情形。（三）审
600596,2020-04-29,1207668204,新安股份：关于续聘2020年度审计机构的公告,,True,通合伙），从无是复核人会计师事审计相关工作。中国注册200
600595,2024-04-18,1219654212,中孚实业：河南中孚实业股份有限公司关于公司续聘会计师事务所的公告,,True,刘志坚先生拟担任项目质量控制复核人。刘志坚先生从事证券服务业务多年，负 || 签字注册会计师、项目质量控制复核人不存在可能影响独立性的情形。（三）审
600596,2021-04-13,1209677402,新安股份：新安股份关于续聘2021年度审计机构的公告,,True,司、金溢科技公司复核人年年年2019年度审计报告；2019 || 签字注册会计师、项目质量控制复核人近三年不存在因执业行为受到刑事处罚， || 签字注册会计师、项目质量控制复核人不存在可能影响独立性的情形。4、审计
600596,2022-03-22,1212634008,新安股份：新安股份关于续聘2022年度审计机构的公告,,True,签字注册会计师、项目质量控制复核人近三年不存在因执业行为受到刑事处罚， || 签字注册会计师、项目质量控制复核人不存在可能影响独立性的情形。4.审计
600596,2023-04-28,1216650783,新安股份：新安股份关于续聘2023年度审计机构的公告,,True,年2004年-制复核人市公司2020年度审计报告；2020 || 签字注册会计师、项目质量控制复核人近三年不存在因执业行为受到刑事处罚， || 签字注册会计师、项目质量控制复核人不存在可能影响独立性的情形。4.审计
600597,2020-04-21,1207542416,光明乳业：关于续聘内部控制审计机构的公告,,True,。无兼职。（2）质量控制复核人本项目的质量控制复核人拟为凌云，具有 || 制复核人本项目的质量控制复核人拟为凌云，具有中国注册会计师资格。凌
600596,2024-04-26,1219815958,新安股份：新安股份关于续聘2024年度审计机构的公告,,True,年2004年-制复核人凯伦股份等审计报告2.诚信记录情况： || 签字注册会计师、项目质量控制复核人近三年不存在因执业行为受到刑事处罚， || 签字注册会计师、项目质量控制复核人不存在可能影响独立性的情形。4.审计
600599,2023-11-25,1218432557,ST熊猫：ST熊猫关于聘请公司2023年度会计师事务所的公告,,True,01320204复核人2、上述相关人员的独立性和诚信记录情
600604,2020-12-12,1208893253,市北高新：续聘财务审计会计师事务所公告,,True,1、项目合伙人、质量控制复核人和本期签字会计师的执业资质、从业经历 || 审计和内控审计的质量控制复核人。李璟本期签字天津市注册会计师行业领
600604,2022-04-15,1212921056,市北高新：市北高新关于续聘会计师事务所公告,,True,审计报告。（3）质量控制复核人姓名：李会英执业资质：中国注册会计师
600604,2023-04-15,1216410651,市北高新：市北高新关于续聘会计师事务所公告,,True,审计报告。（3）质量控制复核人姓名：李会英执业资质：中国注册会计师
600604,2021-10-29,1211418699,市北高新：市北高新变更会计师事务所公告,,True,审计报告。（3）质量控制复核人姓名：朱敏执业资质：中国注册会计师是
600612,2020-04-28,1207647629,老凤祥：关于拟继续聘请众华会计师事务所（特殊普通合伙）为公司2020年度财务审计机构和内控审计机构的公告,,True,0612）等。③质量控制复核人：朱依君执业资质：中国注册会计师、注 || 等上市公司审计的质量控制复核人。2.上述相关人员的独立性和诚信记录 || 师周敏、何亮亮，质量控制复核人朱依君符合独立性要求，近三年未受到刑
600610,2020-12-18,1208928109,ST毅达：关于续聘会计师事务所的公告,,True,情况。（3）质控复核人：孙永杰，具有注册会计师资格，曾在邯
600621,2020-03-31,1207432558,华鑫股份：关于续聘会计师事务所的公告,,True,"序，李文祥拟担任项目质量控制复核人。李文祥,中国注册会计师，从事证券服"
600621,2021-03-31,1209495497,华鑫股份：华鑫股份关于续聘会计师事务所的公告,,True,"序，李文祥拟担任项目质量控制复核人。李文祥,中国注册会计师，从事证券服"
600621,2023-03-31,1216270518,华鑫股份：华鑫股份关于续聘会计师事务所的公告,,True,"序，戎凯宇拟担任项目质量控制复核人。戎凯宇,中国注册会计师，从事证券服"
600624,2024-04-30,1219925104,复旦复华：上海复旦复华科技股份有限公司关于聘任会计师事务所对2013年度财务报表进行审计的公告,,True,签字注册会计师、项目质量控制复核人近三年（最近三个完整自然年度及当年） || 签字注册会计师、项目质量控制复核人，不存在违反《中国注册会计师职业道德
600624,2024-04-30,1219925126,复旦复华：上海复旦复华科技股份有限公司关于续聘会计师事务所的公告,,True,签字注册会计师、项目质量控制复核人近三年（最近三个完整自然年度及当年） || 签字注册会计师、项目质量控制复核人，不存在违反《中国注册会计师职业道德
600626,2021-04-29,1209860849,申达股份：申达股份关于续聘会计师事务所公告,,True,签字注册会计师和质量控制复核人不存在违反《中国注册会计师职业道德守
600624,2023-06-01,1216956114,复旦复华：上海复旦复华科技股份有限公司关于变更会计师事务所的公告,,True,签字注册会计师、项目质量控制复核人近三年（最近三个完整自然年度及当年） || 签字注册会计师、项目质量控制复核人，不存在违反《中国注册会计师职业道德
600629,2020-04-30,1207690834,华建集团：关于续聘会计师事务所的公告,,True,务，无兼职。3⑶质量控制复核人姓名：沈蓉执业资质：中国注册会计师是 || 上述签字会计师及质量控制复核人不存在违反《中国注册会计师职业道德守
600633,2021-03-26,1209453288,浙数文化：浙数文化关于续聘会计师事务所的公告,,True,签字注册会计师、项目质量控制复核人近三年不存在因执业行为受到刑事处罚， || 签字注册会计师、项目质量控制复核人不存在可能影响独立性的情形。4.审计
600633,2023-04-13,1216391576,浙数文化：浙数文化关于续聘会计师事务所的公告,,True,签字注册会计师、项目质量控制复核人近三年（2020年1月1日至2022 || 签字注册会计师、项目质量控制复核人不存在可能影响独立性的情形。4.审计
600639,2020-04-18,1207528269,浦东金桥：关于续聘会计师事务所的公告,,True,，无兼职。（3）质量控制复核人姓名：冯家俊执业资质：中国注册会计师 || 上述签字会计师及质量控制复核人不存在违反《中国注册会计师职业道德守
600639,2021-04-17,1209711539,浦东金桥：浦东金桥关于续聘会计师事务所的公告,,True,兼职情况：无3、质量控制复核人姓名：冯家俊执业资质：中国注册会计师 || 等上市公司审计的质量控制复核人。兼职情况：无3、独立性众华所不存在 || 师严臻、龚立诚，质量控制负责人冯家俊不存在违反《中国注册会计师职业
600639,2022-04-15,1212921070,浦东金桥：浦东金桥关于续聘会计师事务所的公告,,True,市公司审计报告。质量控制复核人：冯家俊执业资质：中国注册会计师是否 || 签字注册会计师、项目质量控制复核人近三年未因执业行为受到刑事处罚，未受 || 签字注册会计师、项目质量控制复核人等从业人员不存在违反《中国注册会计师
600639,2023-04-14,1216402042,浦东金桥：浦东金桥关于续聘会计师事务所的公告,,True,签字注册会计师、项目质量控制复核人近三年未因执业行为受到刑事处罚，未受 || 签字注册会计师、项目质量控制复核人等从业人员不存在违反《中国注册会计师
600641,2020-04-25,1207599987,万业企业：关于续聘会计师事务所的公告,,True,兼职情况：无3、质量控制复核人姓名：冯家俊执业资质：中国注册会计师 || 刘文华、龚立诚，质量控制负责人冯家俊不存在违反《中国注册会计师职业
600641,2021-04-17,1209711214,万业企业：上海万业企业股份有限公司关于续聘会计师事务所的公告,,True,兼职情况：无3、质量控制复核人姓名：冯家俊执业资质：中国注册会计师 || 等上市公司审计的质量控制复核人。兼职情况：无拟签字注册会计师严臻、 || 师严臻、龚立诚，质量控制负责人冯家俊不存在违反《中国注册会计师职业
600642,2021-04-06,1209637345,申能股份：申能股份有限公司关于续聘会计师事务所的公告,,True,经验。（3）拟任项目质量控制复核人：沈佳云沈佳云，中国注册会计师，执行 || 签字注册会计师和项目质量控制复核人最近三年未受到刑事处罚、行政处罚、监
600642,2022-04-09,1212855208,申能股份：申能股份有限公司关于续聘会计师事务所的公告,,True,经验。（3）拟任项目质量控制复核人：韩赟云韩赟云，中国注册会计师、全国 || 签字注册会计师和项目质量控制复核人最近三年未受到刑事处罚、行政处罚、监
600644,2020-03-21,1207389243,乐山电力：关于续聘中天运会计师事务所为公司2020年度财务审计机构和内部控制审计机构的公告,,True,和程序，王红梅为项目质量控制复核人。王红梅具有丰富的国有企业、证券类项 || 年担任证券类项目复核合伙人。2.上述相关人员的独立性和诚信记录 || 项目合伙人钟彦、质量控制复核人王红梅和签字会计师刘祖良最近三年未受
600652,2020-04-30,1207693185,*ST游久：关于续聘中准会计师事务所（特殊普通合伙）为2020年度财务和内控审计机构的公告,,True,天津倚郭元欣是无复核人会计师天会计师事务所有限公司、利安达 || 签字注册会计师和质量控制复核人不存在违反《中国注册会计师职业道德守
600658,2020-04-18,1207528289,电子城：关于续聘会计师事务所的公告,,True,形。项目合伙人、项目质量控制复核人、拟签字注册会计师具备相应专业胜任能
600664,2022-04-09,1212856206,哈药股份：哈药集团股份有限公司关于续聘会计师事务所的公告,,True,伙人刘志坚拟担任项目质量控制复核人，刘志坚从事证券服务业务多年，负责审 || 签字注册会计师、项目质量控制复核人近三年不存在因执业行为受到刑事处罚， || 签字注册会计师和质量复核合伙人不存在可能影响独立性的情形。（三）审
600664,2020-04-23,1207556429,哈药股份：关于续聘会计师事务所的公告,,True,伙人刘志坚拟担任项目质量控制复核人。刘志坚从事证券服务业务多年，负责审
600664,2024-04-11,1219566430,哈药股份：哈药集团股份有限公司关于变更会计师事务所的公告,,True,签字注册会计师、项目质量控制复核人近三年未因执业行为受到刑事处罚，未受 || 签字注册会计师、项目质量控制复核人能够在执行本项目审计工作时保持独立性
600666,2022-09-17,1214610976,*ST瑞德：*ST瑞德关于续聘会计师事务所的公告,,True,册会计师。（2）项目质量控制复核人：崔江涛崔江涛，于2002年11月成 || 开始，作为本公司项目质量控制复核人。2.诚信记录项目合伙人、签字注册会 || 签字注册会计师、项目质量控制复核人近三年（最近三个完整自然年度及当年）
600666,2020-11-21,1208774094,ST瑞德：关于变更会计师事务所的公告,,True,胜任能力。（2）质量控制复核人：王增明姓名王增明执业资质注册会计师
600666,2021-10-29,1211423234,ST瑞德：ST瑞德关于续聘会计师事务所的公告,,True,册会计师。（2）项目质量控制复核人：崔江涛崔江涛，于2002年11月成 || 开始，作为本公司项目质量控制复核人。2.诚信记录项目合伙人、签字注册会 || 签字注册会计师、项目质量控制复核人近三年（最近三个完整自然年度及当年）
600666,2023-12-02,1218496283,ST瑞德：ST瑞德关于续聘会计师事务所的公告,,True,册会计师。（2）项目质量控制复核人：崔江涛崔江涛，于2002年11月成 || 年开始，作为公司项目质量控制复核人。2.诚信记录项目合伙人近三年受到行 || 签字注册会计师、质量控制复核人最近三年未受到刑事处罚、行政处罚、行
600671,2020-12-19,1208940664,*ST目药：杭州天目山药业股份有限公司关于变更会计师事务所的公告,,True,力。薛婉如，拟任项目质量控制复核人，中国注册会计师，从事注册会计师审计
600668,2024-04-30,1219905147,尖峰集团：尖峰集团关于变更会计师事务所的公告,,True,07年2024年复核人2、相关人员近三年从业情况：（1）、 || 计师公司（4）、质量控制复核人近三年从业情况：李勇平时间上市公司名 || 1年-2023年质量控制复核人公司浙江仙通橡塑股份有限2021年- || 1年-2023年质量控制复核人公司2、诚信记录项目合伙人、签字注册 || 签字注册会计师、项目质量控制复核人近三年不存在因执业行为受到刑事处罚， || 签字注册会计师、项目质量控制复核人不存在可能影响独立性的情形。4、审计
600673,2023-04-08,1216358964,东阳光：东阳光关于续聘“天健会计师事务所（特殊普通合伙）”为公司2023年度财务审计和内控审计机构的公告,,True,签字注册会计师、项目质量控制复核人不存在可能影响独立性的情形。（三）审
600673,2022-03-26,1212688464,东阳光：东阳光关于续聘天健会计师事务所（特殊普通合伙）为本公司2022年度财务审计和内控审计机构的公告,,True,签字注册会计师、项目质量控制复核人不存在可能影响独立性的情形。（三）审
600673,2024-03-30,1219474773,东阳光：东阳光关于续聘“天健会计师事务所（特殊普通合伙）”为公司2024年度财务审计和内控审计机构的公告,,True,年报上市公司审计项目质量复核人员独立制复核性轮换工作尚在进行中，因此 || 2024年报具体项目质量复核人员人2、诚信记录项目合伙人、签字注册会 || 签字注册会计师、项目质量控制复核人近三年不存在因执业行为受到刑事处罚， || 签字注册会计师、项目质量复核人员不存在可能影响独立性的情形。4、审计
600679,2021-04-28,1209842068,上海凤凰：上海凤凰关于续聘上会会计师事务所（特殊普通合伙）为公司2021年度财务、内控审计机构的公告,,True,签字注册会计师、项目质量控制复核人近三年未因执业行为受到刑事处罚，未受 || 签字注册会计师、项目质量控制复核人等从业人员不存在违反《中国注册会计师
600679,2023-04-27,1216625677,上海凤凰：上海凤凰关于续聘上会会计师事务所（特殊普通合伙）为公司2023年度财务、内控审计机构的公告,,True,签字注册会计师、项目质量控制复核人近三年未因执业行为受到刑事处罚，未受 || 签字注册会计师、项目质量控制复核人等从业人员不存在违反《中国注册会计师
600679,2022-04-30,1213263624,上海凤凰：上海凤凰关于续聘上会会计师事务所（特殊普通合伙）为公司2022年度财务、内控审计机构的公告,,True,签字注册会计师、项目质量控制复核人近三年未因执业行为受到刑事处罚，未受 || 签字注册会计师、项目质量控制复核人等从业人员不存在违反《中国注册会计师
600690,2021-02-08,1209256459,海尔智家：海尔智家股份有限公司关于聘任国际会计准则审计机构的公告,,True,项目董事田新杰、质量控制负责人黄思玮均具有香港会计师公会授予的执业
600702,2020-04-25,1207599377,舍得酒业：关于续聘会计师事务所的公告,,True,。无兼职。（3）质量控制复核合伙人姓名：杨锡光执业资质：中国注册会计师 || 项目签字合伙人、独立复核合伙人、项目签字注册会计师最近三年均未有受 || 项目签字合伙人、独立复核合伙人、项目签字注册会计师均具有丰富的行业
600705,2020-04-22,1207552590,中航资本：关于续聘会计师事务所的公告,,True,兼职情况。（2）项目质量控制复核人4李萍萍，中国注册会计师，2007年 || 担任多项证券业务项目质量控制复核人，具备相应专业胜任能力，无对外兼职情
600711,2020-04-25,1207610017,盛屯矿业：关于续聘2020年度审计机构的公告,,True,控经理陈翔拟担任项目质量控制复核人。陈翔，中国注册会计师，于2004年 || 年1月至今，做为质量控制复核人复核了上市公司益佰制药、盛屯矿业、众 || 册会计师2肖源和质量控制复核人陈翔不存在违反《中国注册会计师职业道 || 册会计师2肖源和质量控制复核人陈翔最近三年未受（收）到行政监管措施
600712,2020-04-15,1207501248,南宁百货：续聘会计师事务所公告,,True,职。（3）拟安排质量控制复核人员：何均，中国注册会计师，1999年 || 签字注册会计师和项目质量控制复核人最近三年未受到刑事处罚、行政处罚、行
600712,2022-04-20,1212979148,南宁百货：南宁百货大楼股份有限公司关于续聘公司2022年度会计师事务所公告,,True,份、和邦生物等。项目质量控制复核人：何琼莲何琼莲，中国注册会计师，19 || 签字注册会计师、项目质量控制复核人近三年无因执业行为受到刑事处罚，受到 || 注册会计师、项目质量控制复核合伙人不存在违反《中国注册会计师职业道德守
600712,2023-04-13,1216391604,南宁百货：南宁百货大楼股份有限公司关于续聘2023年年度会计师事务所公告,,True,份、和邦生物等。项目质量控制复核人：何琼莲何琼莲，注册会计师，1995 || 册会计师李星星、项目质量控制复核人何琼莲近三年无因执业行为受到刑事处罚 || 注册会计师、项目质量控制复核合伙人不存在违反《中国注册会计师职业道德守
600712,2024-04-10,1219552175,南宁百货：南宁百货大楼股份有限公司关于续聘2024年年度审计机构的公告,,True,川美丰等。拟安排质量控制复核人员：凡波，注册会计师注册时间为201 || 册会计师、拟安排项目质量控制复核人近三年无因执业行为受到刑事处罚，受到 || 签字注册会计师、项目质量控制复核人不存在可能影响独立性的情形。4.审计
600714,2020-08-22,1208225158,金瑞矿业：关于续聘会计师事务所的公告,,True,应专业胜任能力。质量控制复核人马向军：注册会计师。从事注册会计师审 || 情况项目合伙人、质量控制复核人和签字注册会计师不存在违反《中国注册
600712,2021-10-20,1211323452,南宁百货：南宁百货大楼股份有限公司续聘会计师事务所公告,,True,气、南宁百货等。项目质量控制复核人：何琼莲何琼莲，中国注册会计师，19 || 签字注册会计师、项目质量控制复核人近三年无因执业行为受到刑事处罚，受到 || 注册会计师、项目质量控制复核合伙人不存在违反《中国注册会计师职业道德守
600714,2021-07-15,1210483253,金瑞矿业：青海金瑞矿业发展股份有限公司关于续聘会计师事务所的公告,,True,应专业胜任能力。质量控制复核人马向军：注册会计师。从事注册会计师审 || 情况项目合伙人、质量控制复核人和签字注册会计师不存在违反《中国注册
600714,2022-03-22,1212630907,金瑞矿业：青海金瑞矿业发展股份有限公司关于续聘会计师事务所的公告,,True,应专业胜任能力。质量控制复核人张惠子：注册会计师。现担任永拓会计师 || 永拓会计师事务所质量控制复核人，中国注册会计师。2016年1月28 || 情况项目合伙人、质量控制复核人和签字注册会计师不存在违反《中国注册
600719,2023-03-18,1216149761,ST热电：大连热电股份有限公司关于聘任2023年度会计师事务所的公告,,True,计等业务。（2）项目质量控制复核人信息张大志，2003年成为中国注册会 || 最近3年作为独立质量复核人员复核了包括京能电力、大连热电等上市公 || 情况项目合伙人、项目质量控制复核人、拟签字注册会计师和不存在违反《中国
600717,2022-03-25,1212668938,天津港：天津港股份有限公司关于续聘会计师事务所的公告,,True,签字注册会计师、项目质量控制复核人近三年未因执业行为受到刑事处罚，受到 || 签字注册会计师、项目质量控制复核人能够在执行本项目审计工作时保持独立性
600717,2021-07-29,1210590402,天津港：天津港股份有限公司关于续聘会计师事务所的公告,,True,签字注册会计师、项目质量控制复核人近三年未因执业行为受到刑事处罚，受到 || 签字注册会计师、项目质量控制复核人能够在执行本项目审计工作时保持独立性
600727,2020-04-07,1207457370,鲁北化工：关于续聘会计师事务所的补充公告,,True,签字注册会计师及质量复核人员近三年不存在受到刑事处罚、行政处罚、
600724,2023-03-29,1216243905,宁波富达：宁波富达关于续聘会计师事务所的公告,,True,牌公司审计项目。质量控制复核人：杨铭姝立信中联会计师事务所（特殊普 || 签字注册会计师和质量控制复核人不存在违反《中国注册会计师职业道德守
600729,2023-01-10,1215556047,重庆百货：重庆百货大楼股份有限公司关于续聘会计师事务所的公告,,True,签字注册会计师、项目质量控制复核人近三年不存在因执业行为受到刑事处罚， || 签字注册会计师、项目质量控制复核人不存在可能影响独立性的情形。（三）审
600729,2022-02-16,1212366383,重庆百货：重庆百货大楼股份有限公司关于续聘会计师事务所的公告,,True,签字注册会计师、项目质量控制复核人近三年不存在因执业行为受到刑事处罚， || 签字注册会计师、项目质量控制复核人不存在可能影响独立性的情形。（三）审
600729,2021-01-23,1209166566,重庆百货：关于续聘会计师事务所的公告,,True,98年2021年复核人家居、皖江物流2018年度审计报告； || 签字注册会计师、项目质量控制复核人近三年不存在因执业行为受到刑事处罚， || 签字注册会计师、项目质量控制复核人不存在可能影响独立性的情形。（三）审
600729,2023-12-30,1218766100,重庆百货：重庆百货大楼股份有限公司关于续聘会计师事务所的公告,,True,21年[注3]制复核人[注1]2021年，签署金科股份、博 || 签字注册会计师、项目质量控制复核人近三年不存在因执业行为受到刑事处罚， || 签字注册会计师、项目质量控制复核人不存在可能影响独立性的情形。4.审计
600731,2024-04-02,1219492775,湖南海利：湖南海利关于续聘会计师事务所的公告,,True,市公司审计报告。项目质量复核人员陈赛红：2009年12月成为注册会计 || 签字注册会计师、项目质量控制复核人近三年未因执业行为受到刑事处罚，受到 || 签字注册会计师、项目质量控制复核人能够在执行本项目审计工作时保持独立性
600731,2023-04-25,1216561123,湖南海利：湖南海利关于续聘会计师事务所的公告,,True,市公司审计报告。项目质量复核人员陈赛红：2009年12月成为注册会计 || 签字注册会计师、项目质量控制复核人近三年未因执业行为受到刑事处罚，受到 || 签字注册会计师、项目质量控制复核人能够在执行本项目审计工作时保持独立性
600732,2022-04-30,1213270148,爱旭股份：爱旭股份关于聘任2022年度财务审计机构和内部控制审计机构的公告,,True,册会计师史晓君、项目质量控制复核人陶亮近三年内未曾因执业行为受到刑事处
600732,2021-03-16,1209388120,爱旭股份：爱旭股份关于聘任2021年度财务审计机构和内控审计机构的公告,,True,册会计师王子强、项目质量控制复核人谭代明近三年内未曾因执业行为受到刑事
600732,2023-03-14,1216111679,爱旭股份：关于确认2022年度审计费用及续聘2023年度财务审计机构和内部控制审计机构的公告,,True,郭跃烽和王连强、项目质量控制复核人顾庆刚近三年内未曾因执业行为受到刑事
600735,2022-04-29,1213213468,新华锦：新华锦关于续聘会计师事务所的公告,,True,计报告。王红梅，项目质量控制复核人，1996年12月成为注册会计师，2 || 本公司审计项目的项目质量控制复核人；近三年未签署过上市公司审计报告，复 || 目合伙人张敬鸿、项目质量控制复核人王红梅和本期签字注册会计师徐建来不存 || 目合伙人张敬鸿、项目质量控制复核人王红梅和本期签字注册会计师徐建来最近
600735,2021-04-29,1209858196,新华锦：新华锦关于续聘会计师事务所的公告,,True,22年。马晓红，项目质量控制负责人，1995年3月至2000年5月在日 || 年担任证券类项目复核合伙人。从事证券服务业务的年限为21年。鞠 || 目合伙人张敬鸿、质量控制复核人马晓红和本期签字注册会计师鞠录波最近
600734,2023-01-20,1215666399,ST实达：福建实达集团股份有限公司关于续聘会计师事务所的公告,,True,015/4/14复核人林/1492梨股份有限公司、鹏欣环球 || 签字注册会计师、项目质量控制复核人等不存在可能影响《中国注册会计师职业
600735,2023-04-28,1216651693,新华锦：新华锦关于续聘会计师事务所的公告,,True,计报告。王红梅，项目质量控制复核人，1996年12月成为注册会计师，2 || 本公司审计项目的项目质量控制复核人；近三年未签署过上市公司审计报告，复 || 目合伙人张敬鸿、项目质量控制复核人王红梅和本期签字注册会计师徐建来不存 || 目合伙人张敬鸿、项目质量控制复核人王红梅和本期签字注册会计师徐建来最近
600737,2020-04-28,1207648019,中粮糖业：关于续聘会计师事务所的公告,,True,艳及其团队拟担任项目质量控制复核人。齐春艳从事证券服务业务多年，负责审 || 册会计师罗朋飞和质量控制复核人齐春艳不存在违反《中国注册会计师职业
600735,2024-04-27,1219876759,新华锦：新华锦关于续聘会计师事务所的公告,,True,计报告。王红梅，项目质量控制复核人，1996年12月成为注册会计师，2 || 本公司审计项目的项目质量控制复核人；近三年未签署过上市公司审计报告，复 || 册会计师牛和情、项目质量控制复核人王红梅不存在可能影响独立性的情形。项 || 册会计师牛和情、项目质量控制复核人王红梅近三年均不存在因执业行为受到刑
600737,2021-04-20,1209727287,中粮糖业：中粮糖业控股股份有限公司关于续聘会计师事务所的公告,,True,字注册会计师、拟项目质量控制复核人基本信息如下：项目合伙人及拟签字注册 || 专业胜任能力。拟项目质量控制复核人：齐春艳及其团队拟担任项目质量控制复 || 艳及其团队拟担任项目质量控制复核人。齐春艳从事证券服务业务多年，负责审 || 签字注册会计师、项目质量控制复核人近三年不存在因执业行为受到刑事处罚， || 签字注册会计师、项目质量控制复核人等不存在可能影响独立性的情形。4、审
600738,2023-04-21,1216489977,丽尚国潮：丽尚国潮关于续聘公司审计机构的公告,,True,签字注册会计师、项目质量控制复核人近三年不存在因执业行为受到刑事处罚， || 签字注册会计师、项目质量控制复核人不存在可能影响独立性的情形。4、审计
600738,2021-03-31,1209495612,丽尚国潮：丽尚国潮关于续聘会计师事务所的公告,,True,签字注册会计师、项目质量控制复核人近三年不存在因执业行为受到刑事处罚， || 签字注册会计师、项目质量控制复核人不存在可能影响独立性的情形。4.审计
600738,2022-04-07,1212828084,丽尚国潮：丽尚国潮关于续聘审计机构的公告,,True,签字注册会计师、项目质量控制复核人近三年不存在因执业行为受到刑事处罚， || 签字注册会计师、项目质量控制复核人不存在可能影响独立性的情形。4、审计
600738,2024-04-27,1219876827,丽尚国潮：丽尚国潮关于变更会计师事务所的公告,,True,城大通等多家上市复核人公司年报审计项目。2、上述相关人员的 || 签字注册会计师、项目质量控制复核人近三年（最近三个完整自然年度及当年） || 签字注册会计师、项目质量控制复核人等不存在可能影响独立性的情形。4、审
600738,2020-04-30,1207691042,兰州民百：关于续聘会计师事务所的公告,,True,目合伙人叶喜撑、项目质量控制复核人朱中伟和本期拟签字注册会计师陈小辉最
600745,2020-04-22,1207552622,闻泰科技：关于续聘会计师事务所的公告,,True,等上市公司审计的质量控制复核人。2、上述相关人员的独立性和诚信记录
600749,2024-04-10,1219553185,西藏旅游：西藏旅游2024年度续聘会计师事务所的公告,,True,公司5家。拟担任质量复核合伙人：汤其美先生，1996年获得中国注册 || 签字注册会计师、项目质量控制复核人近三年无执业行为受到刑事处罚，无受到 || 签字注册会计师、项目质量控制复核人等从业人员不存在违反《中国注册会计师
600749,2023-03-31,1216281870,西藏旅游：西藏旅游2023年度续聘会计师事务所的公告,,True,审计报告。拟担任独立复核合伙人：汤其美先生，1996年获得中国注册 || 签字注册会计师、项目质量控制复核人近三年无执业行为受到刑事处罚，无受到 || 签字注册会计师、项目质量控制复核人等从业人员不存在违反《中国注册会计师
600756,2020-04-18,1207522317,浪潮软件：关于续聘会计师事务所的公告,,True,单位兼职。拟担任项目质量控制复核人员：陈修俭陈修俭，担任项目质量复核人 || 修俭陈修俭，担任项目质量复核人员，拥有注册会计师资质，具有证券业务质 || 签字注册会计师及质量控制复核人员未持有和买卖公司股票，也不存在影响
600763,2024-04-26,1219833165,通策医疗：通策医疗股份有限公司关于续聘会计师事务所的公告,,True,签字注册会计师、项目质量控制复核人近三年不存在因执业行为受到刑事处罚， || 签字注册会计师、项目质量控制复核人不存在可能影响独立性的情形。（三）审
600763,2022-04-28,1213168931,通策医疗：通策医疗股份有限公司关于续聘会计师事务所的公告,,True,12月开始执业。项目质量控制复核人：王其超，2001年成为注册会计师、 || 、拟签字会计师、质量控制复核人，不存在其他兼职情况，不存在违反《中
600763,2020-04-24,1207586180,通策医疗：关于续聘会计师事务所的公告,,True,胜任能力：是2、质量控制复核人：余亚进执业资质：注册会计师从业经历 || 会计师徐剑锋，及质量控制复核人余亚进不存在违反《中国注册会计师职业
600763,2023-04-28,1216652350,通策医疗：通策医疗股份有限公司关于续聘会计师事务所的公告,,True,25）审计报告。项目质量控制复核人：王其超，2001年成为注册会计师、 || 、拟签字会计师、质量控制复核人，不存在其他兼职情况，不存在违反《中
600764,2020-04-29,1207656165,中国海防：关于续聘会计师事务所的公告,,True,单位兼职。（2）质量控制复核人从业经历：孟庆祥，中国注册会计师，合 || 签字注册会计师和质量控制复核人不存在违反《中国注册会计师职业道德守
600777,2020-03-31,1207428478,新潮能源：关于续聘会计师事务所的公告,,True,上市公司审师计的质量控制复核人。中国签字会注册周敏同“项目合伙人” || 签字注册会计师和质量控制复核人不存在违反《中国注册会计师职业道德守
600781,2020-12-22,1208955107,*ST辅仁：关于聘请公司会计师事务所的公告,,True,注册会计师陈冲及质量控制复核人尚英伟最近三年未受（收）到刑事处罚、 || 伙人尚英伟拟担任项目质量控制复核人，尚英伟从事证券服务业务多年，负责审 || 注册会计师陈冲及质量控制复核人尚英伟最近三年未受（收）到刑事处罚、
600784,2024-04-20,1219698408,鲁银投资：鲁银投资关于变更会计师事务所的公告,,True,职。（3）拟安排项目质量控制复核人：江燕质量控制部合伙人，中国注册会计 || 册会计师赵长峰、项目质量控制复核人江燕近三年均不存在因执业行为受到刑事 || 册会计师赵长峰、项目质量控制复核人江燕均不存在违反《中国注册会计师职业
600790,2021-04-17,1209711037,轻纺城：轻纺城关于续聘会计师事务所的公告,,True,签字注册会计师、项目质量控制复核人近三年不存在因执业行为受到刑事处罚， || 签字注册会计师、项目质量控制复核人不存在可能影响独立性的情形。4、审计
600793,2020-04-30,1207691149,宜宾纸业：关于续聘会计师事务所的公告,,True,职。（3）拟安排质量控制复核人员：廖群中国注册会计师，2001年起 || 签字注册会计师和项目质量控制复核人最近三年未受到刑事处罚、行政处罚、行
600790,2022-04-20,1212974350,轻纺城：轻纺城关于续聘会计师事务所的公告,,True,签字注册会计师、项目质量控制复核人近三年不存在因执业行为受到刑事处罚， || 签字注册会计师、项目质量控制复核人不存在可能影响独立性的情形。4、审计
600792,2021-06-05,1210168814,云煤能源：云南煤业能源股份有限公司关于续聘公司2021年度审计机构的公告,,True,胜任能力。（2）项目质量控制复核人3龚静伟，中国注册会计师，曾主持多家 || 1）项目合伙人、质量控制复核人和签字会计师等相关人员不存在违反《中 || 2）项目合伙人、质量控制复核人和签字会计师等相关人员最近3年未受到
600790,2023-04-27,1216613005,轻纺城：轻纺城关于续聘会计师事务所的公告,,True,报告，复核浙富控复核人股、杭州高新、派能科技和轻纺城202 || 签字注册会计师、项目质量控制复核人近三年不存在因执业行为受到刑事处罚， || 签字注册会计师、项目质量控制复核人不存在可能影响独立性的情形。4、审计
600791,2023-10-28,1218188849,京能置业：京能置业股份有限公司关于续聘会计师事务所公告,,True,签字注册会计师、项目质量控制复核人近三年无执业行为受到刑事处罚，受到证 || 签字注册会计师、项目质量控制复核人能够在执行本项目审计工作时保持独立性
600791,2022-10-20,1214841188,京能置业：京能置业股份有限公司关于续聘会计师事务所公告,,True,签字注册会计师、项目质量控制复核人近三年无执业2行为受到刑事处罚，受到 || 签字注册会计师、项目质量控制复核人能够在执行本项目审计工作时保持独立性
600792,2022-03-29,1212710877,云煤能源：云南煤业能源股份有限公司关于续聘公司2022年度审计机构的公告,,True,胜任能力。（2）项目质量控制复核人3李玲，中国注册会计师，注册税务师， || 1）项目合伙人、质量控制复核人和签字会计师等相关人员不存在违反《中 || 情形。（2）项目质量控制复核合伙人李玲和签字注册会计师杨艳玲最近3年未
600793,2022-04-30,1213270388,宜宾纸业：临2022-007 宜宾纸业股份有限公司关于续聘会计师事务所的公告.doc,,True,职。（4）拟安排质量控制复核人员：王小敏中国注册会计师，2002年 || 签字注册会计师和项目质量控制复核人最近三年未受到刑事处罚、行政处罚、行
600793,2023-04-21,1216496929,宜宾纸业：临2023-023宜宾纸业股份有限公司关于续聘会计师事务所的公告,,True,职。（4）拟安排质量控制复核人员：王小敏中国注册会计师，2002年 || 签字注册会计师和项目质量控制复核人最近三年未受到刑事处罚、行政处罚、行
600793,2021-04-30,1209874912,宜宾纸业：临2021-20 宜宾纸业股份有限公司关于续聘会计师事务所的公告.doc,,True,职。（4）拟安排质量控制复核人员：王小敏中国注册会计师，2002年 || 签字注册会计师和项目质量控制复核人最近三年未受到刑事处罚、行政处罚、行
600794,2020-03-31,1207432364,保税科技：关于续聘会计师事务所的公告,,True,服务业务：是2.质量控制复核人：钱学芹执业资质：中国注册会计师从业 || 公司财务报表审计质量控制复核人，担任科达集团股份有限公司、北京耐威 || 计、内部控制审计质量控制复核人。兼职情况：否是否从事过证券服务业务
600795,2022-04-26,1213109249,国电电力：国电电力关于变更内部控制审计机构的公告,,True,单位兼职。拟安排项目质量复核人员：冯发明冯发明先生，2002年成为注 || 签字注册会计师及质量复核人员近三年不存在因执业行为受到刑事处罚， || 签字注册会计师及质量复核人员不存在违反《中国注册会计师职业道德守
600795,2022-01-25,1212264592,国电电力：国电电力关于聘任2021年度财务决算报告审计机构的公告,,True,单位兼职。拟安排项目质量复核人员：冯发明冯发明先生，2002年成为注 || 签字注册会计师及质量复核人员近三年不存在因执业行为受到刑事处罚， || 签字注册会计师及质量复核人员不存在违反《中国注册会计师职业道德守
600795,2022-04-26,1213109248,国电电力：国电电力关于续聘财务决算报告审计机构的公告,,True,单位兼职。拟安排项目质量复核人员：冯发明冯发明先生，2002年成为注 || 签字注册会计师及质量复核人员近三年不存在因执业行为受到刑事处罚， || 签字注册会计师及质量复核人员不存在违反《中国注册会计师职业道德守
600796,2021-04-21,1209736433,钱江生化：浙江钱江生物化学股份有限公司关于续聘天健会计师事务所（特殊普通合伙）为公司审计机构的公告,,True,95年2019年复核人亚光科技、开元教育等年度审计报告2、 || 签字注册会计师、项目质量控制复核人近三年不存在因执业行为受到刑事处罚， || 签字注册会计师、项目质量控制复核人不存在可能影响独立性的情形。（三）审
600797,2021-04-20,1209730072,浙大网新：浙大网新科技股份有限公司续聘会计师事务所公告,,True,签字注册会计师、项目质量控制复核人近三年不存在因执业行为受到刑事处罚， || 签字注册会计师、项目质量控制复核人不存在可能影响独立性的情形。4、审计
600796,2022-04-28,1213158979,钱江生化：钱江生化关于续聘天健会计师事务所（特殊普通合伙）为公司审计机构的公告,,True,95年2019年复核人亚光科技、开元教育等年度审计报告2、 || 签字注册会计师、项目质量控制复核人近三年不存在因执业行为受到刑事处罚， || 签字注册会计师、项目质量控制复核人不存在可能影响独立性的情形。（三）审
600796,2024-04-19,1219671696,钱江生化：钱江生化关于续聘天健会计师事务所（特殊普通合伙）为公司审计机构的公告,,True,五丰等年度审计报复核人告2、诚信记录项目合伙人、签字注册会 || 签字注册会计师、项目质量控制复核人近三年存在因执业行为受到刑事处罚，受 || 签字注册会计师、项目质量控制复核人不存在可能影响独立性的情形。（三）审
600797,2024-04-24,1219771123,浙大网新：浙大网新科技股份有限公司关于续聘会计师事务所的公告,,True,签字注册会计师、项目质量控制复核人近三年不存在因执业行为受到刑事处罚， || 签字注册会计师、项目质量控制复核人不存在可能影响独立性的情形。4、审计
600796,2023-04-27,1216615125,钱江生化：钱江生化关于续聘天健会计师事务所（特殊普通合伙）为公司审计机构的公告,,True,元教育等年度审计复核人报告2、诚信记录项目合伙人、签字注册 || 签字注册会计师、项目质量控制复核人近三年存在因执业行为受到刑事处罚，受 || 签字注册会计师、项目质量控制复核人不存在可能影响独立性的情形。（三）审
600797,2020-04-30,1207694133,浙大网新：续聘会计师事务所公告,,True,伙）从事审计相拟质量控制复核人黄灿坤关工作兼职情况无是否从事过证是
600797,2022-04-20,1212977364,浙大网新：浙大网新科技股份有限公司续聘会计师事务所公告,,True,签字注册会计师、项目质量控制复核人近三年不存在因执业行为受到刑事处罚， || 签字注册会计师、项目质量控制复核人不存在可能影响独立性的情形。4、审计
600797,2022-11-16,1215115305,浙大网新：浙大网新科技股份有限公司关于变更会计师事务所的公告,,True,签字注册会计师、项目质量控制复核人近三年不存在因执业行为受到刑事处罚， || 签字注册会计师、项目质量控制复核人不存在可能影响独立性的情形。4、审计
600797,2023-04-25,1216551659,浙大网新：浙大网新科技股份有限公司关于续聘会计师事务所的公告,,True,签字注册会计师、项目质量控制复核人近三年不存在因执业行为受到刑事处罚， || 签字注册会计师、项目质量控制复核人不存在可能影响独立性的情形。4、审计
600802,2020-04-21,1207542472,福建水泥：关于续聘会计师事务所的公告,,True,核张玉注册会计师质量控制复核人。张玉从事证券服务业市公司独是人务多
600804,2020-05-20,1207831600,鹏博士：关于续聘会计师事务所的公告,,True,职。（3）拟安排质量控制复核人员：何均中国注册会计师，1999年起 || 签字注册会计师和项目质量控制复核人最近三年未受到刑事处罚、行政处罚、行
600804,2021-04-28,1209842232,鹏博士：鹏博士关于续聘会计师事务所的公告,,True,职。（4）拟安排质量控制复核人员：何均中国注册会计师，1999年起 || 签字注册会计师和项目质量控制复核人不存在违反《中国注册会计师职业道德守
600809,2020-04-28,1207634807,山西汾酒：续聘大华会计师事务所公告,,True,项目合伙人张新发质量控制复核人李峻雄本期签字注册会计师张新发、王晓
600810,2023-03-31,1216271488,神马股份：神马股份关于续聘会计师事务所的公告,,True,材料股份有限公司质量控制复核人2022年汉威科技集团股份有限公司质 || 集团股份有限公司质量控制复核人（2）签字注册会计师从业经历3姓名： || 本所执业。（3）质量控制复核人近三年从业经历姓名：肖常和时间上市公 || 股份有限公司部门复核人2020年辽宁紫竹高科装备股份有限公 || 签字注册会计师和质量控制复核人不存在违反《中国注册会计师职业道德守 || 签字注册会计师、项目质量控制复核人不存在可能影响独立性的情形。4、审计
600809,2024-04-26,1219833269,山西汾酒：关于续聘大华会计师事务所的公告,,True,项目合伙人刘国清质量控制复核人刘其东3本期签字注册会计师刘国清、王 || 告超过10家次。项目质量控制复核人：刘其东，1993年4月成为注册会计 || 签字注册会计师、项目质量控制复核人近三年执业行为未受到刑事处罚，未受到 || 签字注册会计师、项目质量控制复核人等在执行本项目审计工作时不存在可能影
600814,2021-03-30,1209472854,杭州解百：杭州解百集团股份有限公司关于续聘会计师事务所的公告,,True,签字注册会计师、项目质量控制复核人近三年不存在因执业行为受到刑事处罚， || 签字注册会计师、项目质量控制复核人不存在可能影响独立性的情形。（三）审
600814,2023-03-30,1216258668,杭州解百：杭州解百集团股份有限公司关于续聘会计师事务所的公告,,True,签字注册会计师、项目质量控制复核人近三年不存在因执业行为受到刑事处罚， || 签字注册会计师、项目质量控制复核人不存在可能影响独立性的情形。（三）审
600814,2022-03-25,1212668216,杭州解百：杭州解百集团股份有限公司关于续聘会计师事务所的公告,,True,签字注册会计师、项目质量控制复核人近三年不存在因执业行为受到刑事处罚， || 签字注册会计师、项目质量控制复核人不存在可能影响独立性的情形。（三）审
600814,2024-06-28,1220479324,杭州解百：杭州解百集团股份有限公司关于聘任会计师事务所的公告,,True,签字注册会计师、项目质量控制复核人近三年不存在因执业行为受到刑事处罚， || 签字注册会计师、项目质量控制复核人不存在可能影响独立性的情形。二、拟变
600819,2021-03-31,1209485294,耀皮玻璃：耀皮玻璃关于续聘会计师事务所的公告,,True,4家。（2）质控复核人冯家俊：1996年成为注册会计师，1 || 签字注册会计师、项目质量控制复核人近三年（最近三个完整自然年度及当年） || 签字注册会计师、项目质量控制复核人不存在可能影响独立性的情形。（三）审
600819,2020-04-10,1207472502,耀皮玻璃：续聘会计师事务所的公告,,True,师戎凯宇、熊洋，质量控制复核人冯家俊符合独立性要求，近三年未受到刑
600820,2024-03-16,1219309318,隧道股份：上海隧道工程股份有限公司关于变更签字注册会计师的公告,,True,师，陈黎先生作为项目质量控制复核人共同为公司提供审计服务。由于立信会计 || 师、陈淑辉女士，项目质量控制复核人为陈为朱颖女士（项目合伙人）黎先生。
600831,2023-04-21,1216492738,广电网络：关于续聘2023年度会计师事务所的公告,,True,亚太项目合伙人、项目质量控制复核人、拟签字注册会计师具备相应专业胜任能 || 司审计报告1家。项目质量控制复核人滕友平基本情况：2000年成为注册会 || 开始，作为本公司项目质量控制复核人。2、诚信记录项目合伙人、签字注册会 || 纪律处分的情况。项目质量控制复核人不存在因执业行为受到刑事处罚，受到证 || 签字注册会计师、项目质量控制复核人等从业人员不存在违反《中国注册会计师
600831,2020-12-29,1209006511,广电网络：关于变更会计师事务所的公告,,True,1.2崔江涛——质量控制复核人姓名崔江涛技术职称注册会计师兼职情况
600838,2020-05-09,1207722208,上海九百：关于变更会计师事务所的公告,,True,事⑵签字会计师及项目质量控制复核人尚未确定具体人员。2、上述相关人员的
600845,2020-04-22,1207549987,宝信软件：2020年度续聘财务和内部控制审计机构的公告,,True,有限公司公告2、质量控制复核人：陈彩琴执业资质：注册会计师从业经历
600846,2021-04-30,1209879453,同济科技：关于续聘2021年度财务及内部控制审计机构的公告,,True,4家。（2）质控复核人冯家俊，1994年从事会计师事务所工 || 签字注册会计师、项目质量控制复核人近三年（最近三个完整2自然年度及当年 || 签字注册会计师、项目质量控制复核人不存在可能影响独立性的情形。（三）审
600847,2020-04-30,1207693598,万里股份：关于续聘会计师事务所的公告,,True,，会计注册会计师质量控制复核人盛伟明专业硕士，高级会计师，注册会计
600847,2023-04-26,1216595158,万里股份：万里股份关于续聘会计师事务所的公告,,True,019年[注3]复核人[注1]：近三年签署万里股份、博腾股 || 签字注册会计师、项目质量控制复核人近三年不存在因执业行为受到刑事处罚， || 签字注册会计师、项目质量控制复核人不存在可能影响独立性的情形。4、审计
600848,2021-04-14,1209681924,上海临港：关于续聘会计师事务所的公告,,True,签字注册会计师、项目质量控制复核人近三年不存在因执业行为受到刑事处罚， || 签字注册会计师、项目质量控制复核人不存在可能影响独立性的情形。4、审计
600848,2022-04-28,1213176344,上海临港：关于续聘会计师事务所的公告,,True,签字注册会计师、项目质量控制复核人近三年不存在因执业行为受到刑事处罚， || 签字注册会计师、项目质量控制复核人不存在可能影响独立性的情形。4、审计
600848,2023-04-14,1216402922,上海临港：关于续聘会计师事务所的公告,,True,签字注册会计师、项目质量控制复核人近三年不存在因执业行为受到刑事处罚， || 签字注册会计师、项目质量控制复核人不存在可能影响独立性的情形。4、审计
600848,2024-04-13,1219596606,上海临港：关于续聘会计师事务所的公告,,True,人签字注册会计师项目质量复核人员姓名曹俊炜陈彤朱国刚何时成为注册会计 || 签字注册会计师、项目质量复核人员近三年不存在因执业行为受到刑事处罚， || 签字注册会计师、项目质量复核人员不存在可能影响独立性的情形。4、审计
600851,2020-04-28,1207648184,海欣股份：关于续聘会计师事务所的公告,,True,无其他兼职。3、质量控制复核人姓名：陆士敏执业资质：中国注册会计师 || 等上市公司审计的质量控制复核人。任上海汇得科技股份有限公司，沈阳麟 || 师周敏、王小红，质量控制复核人陆士敏符合独立性要求，近三年未受到刑
600853,2021-03-31,1209484590,龙建股份：龙建股份关于续聘会计师事务所的公告,,True,报告0份。（3）质量控制复核人姓名陈静技术职称注册会计师兼职情况无 || 签字注册会计师、项目质量控制复核人近三年未因执业行为受到刑事处罚，未受 || 签字注册会计师、项目质量控制复核人不存在可能影响独立性的情形，在执行本
600853,2022-03-31,1212745057,龙建股份：龙建股份关于续聘会计师事务所的公告,,True,报告0份。（3）质量控制复核人姓名陈静技术职称注册会计师兼职情况无 || 签字注册会计师、项目质量控制复核人近三年未因执业行为受到刑事处罚，未受 || 签字注册会计师、项目质量控制复核人不存在可能影响独立性的情形，在执行本
600853,2023-03-31,1216273386,龙建股份：龙建股份关于续聘会计师事务所的公告,,True,报告0份。（3）质量控制复核人姓名陈静技术职称注册会计师兼职情况无 || 签字注册会计师、项目质量控制复核人近三年未因执业行为受到刑事处罚，未受 || 签字注册会计师、项目质量控制复核人不存在可能影响独立性的情形，在执行本
600853,2023-12-13,1218594788,龙建股份：龙建股份关于续聘会计师事务所的公告,,True,报告0份。（3）质量控制复核人姓名陈静技术职称注册会计师兼职情况无 || 签字注册会计师、项目质量控制复核人近三年未因执业行为受到刑事处罚，未受 || 签字注册会计师、项目质量控制复核人不存在可能影响独立性的情形，在执行本
600856,2022-01-08,1212120325,*ST中天：关于变更会计师事务所的公告,,True,签字注册会计师，项目质量控制复核人均具有专业资质和相应胜任能力，具体如 || 签字注册会计师、项目质量控制复核人近三年（最近三个完整自然年度及当年） || 签字注册会计师、项目质量控制复核人等从业人员不存在违反《中国注册会计师
600860,2020-03-28,1207417447,京城股份：关于续聘公司2020年度财务报告审计机构的公告,,True,能力：是4⑵拟任项目质量控制负责人黄迎执业资质：中国资深注册会计师从业 || 管措施：无⑵拟任项目质量控制负责人黄迎近三年受到的刑事处罚：无拟任项目 || 刑事处罚：无拟任项目质量控制负责人黄迎近三年受到的行政处罚：无拟任项目 || 行政处罚：无拟任项目质量控制负责人黄迎近三年受到的行政监管措施：无拟任 || 监管措施：无拟任项目质量控制负责人黄迎近三年受到的自律监管措施：无⑶拟
600860,2020-03-28,1207417446,京城股份：关于续聘公司2020年度财务报告内部控制审计报告审计机构的公告,,True,胜任能力：是。⑶质量控制复核人：李峻雄执业资质：中国注册会计师从业 || 措施：无。10⑶质量控制复核人李峻雄近三年受到的刑事处罚：无。质量 || 的刑事处罚：无。质量控制复核人近三年受到的行政处罚：无。质量控制复 || 的行政处罚：无。质量控制复核人近三年受到的行政监管措施：无。质量控 || 政监管措施：无。质量控制复核人近三年受到的自律监管措施：无。⑷拟签
600861,2021-04-17,1209713198,北京城乡：北京城乡关于续聘会计师事务所公告,,True,司审计报告0份。项目质量控制复核人：梁轶男，2014年成为注册会计师， || 注册会计师孙佳、项目质量控制复核人梁轶男近三年未因执业行为受到刑事处罚 || 注册会计师孙佳、项目质量控制复核人梁轶男不存在可能影响独立性的情形。4
600861,2022-03-19,1212627818,北京城乡：北京城乡关于续聘会计师事务所公告,,True,司审计报告0份。项目质量控制复核人：梁轶男，2014年成为注册会计师， || 册会计师史淑颖、项目质量控制复核人梁轶男近三年未因执业行为受到刑事处罚 || 册会计师史淑颖、项目质量控制复核人梁轶男不存在可能影响独立性的情形。4
600863,2021-04-28,1209842281,内蒙华电：内蒙古蒙电华能热电股份有限公司关于续聘会计师事务所公告,,True,亚太项目合伙人、项目质量控制复核人、拟签字注册会计师具备相应专业胜任能 || 告情况无1.3、项目质量控制复核人姓名董孟渊何时成为注册会计师2004 || 慧无无无无2.3项目质量控制复核人事由及处理姓名处理处罚日期处理处罚类 || 签字注册会计师、项目质量控制复核人等不存在因违反《中国注册会计师职业道
600864,2023-02-16,1215871717,哈投股份：哈投股份关于变更签字注册会计师及项目质量复核人员的公告,,True,签字注册会计师及项目质量复核人员的公告本公司董事会及全体董事保证本公 || 签字注册会计师及项目质量复核人员的函》。现将有关事项公告如下：一、本 || 计服务，李洪仪为项目质量复核人员为公司的审计服务项目提供复核工作。鉴 || 注册会计师黄羽及项目质量复核人员李洪仪因工作安排进行调整，现委派邓军 || 会计师，牟立娟为项目质量复核人员，负责公司2022年度财务报表及内部 || 签字注册会计师及项目质量复核人员情况1.基本信息。项目签字注册会计师
600865,2022-04-23,1213050068,百大集团：百大集团股份有限公司关于续聘会计师事务所的公告,,True,签字注册会计师、项目质量控制复核人近三年不存在因执业行为受到刑事处罚， || 签字注册会计师、项目质量控制复核人不存在可能影响独立性的情形。（三）审
600865,2023-03-18,1216147044,百大集团：百大集团股份有限公司关于续聘会计师事务所的公告,,True,2年2021年制复核人公司2020年度审计报告；2022年 || 签字注册会计师、项目质量控制复核人近三年不存在因执业行为受到刑事处罚， || 签字注册会计师、项目质量控制复核人不存在可能影响独立性的情形。2（三）
600868,2023-12-12,1218583547,梅雁吉祥：广东梅雁吉祥水电股份有限公司关于续聘会计师事务所的公告,,True,超过5家。拟担任质量复核合伙人：汤其美先生，1996年获得中国注册 || 签字注册会计师、项目质量控制复核人近三年无执业行为受到刑事处罚，无受到 || 签字注册会计师、项目质量控制复核人等从业人员不存在违反《中国注册会计师
600872,2024-03-30,1219474861,中炬高新：中炬高新关于续聘会计师事务所的公告,,True,英及其团队拟担任项目质量控制复核人。周薇英，2005年成为注册会计师， || 签字注册会计师、项目质量控制复核人等不2证券代码：600872证券简称 || 签字注册会计师、项目质量控制复核人近三年因执业行为受到刑事处罚，受到证
600874,2024-03-23,1219388481,创业环保：创业环保关于聘任会计师事务所的公告,,True,市公司审计报告。项目质量复核人员：冯发明冯发明先生，拥有中国注册会计 || 签字注册会计师及质量复核人员近三年不存在因执业行为受到刑事处罚， || 签字注册会计师及质量复核人员不存在违反《中国注册会计师职业道德守
600876,2021-03-31,1209495764,洛阳玻璃：洛阳玻璃股份有限公司续聘会计师事务所的公告,,True,单位兼职。拟安排项目质量控制复核人员：刘仁勇刘仁勇2004年在大信开始 || 签字注册会计师及质量控制复核人员近三年不存在因执业行为受到刑事处罚 || 签字注册会计师及质量控制复核人员不存在违反《中国注册会计师职业道德
600879,2021-06-03,1210150562,航天电子：航天时代电子技术股份有限公司关于续聘会计师事务所的公告,,True,实务的管理经验。项目质量控制复核人鲁校刚是注册会计师、资产评估师，中兴 || 上述项目合伙人、质量控制复核人和签字注册会计师等相关人员不存在违反
600879,2020-05-30,1207875332,航天电子：关于续聘会计师事务所的公告,,True,实务的管理经验。质量控制复核人韩雪霞是中国注册会计师，2003年起 || 上述项目合伙人、质量控制复核人和签字注册会计师等相关人员不存在违反
600879,2022-08-30,1214444574,航天电子：航天时代电子技术股份有限公司关于续聘会计师事务所的公告,,True,实务的管理经验。项目质量控制复核人鲁校刚是注册会计师、资产评估师，中兴 || 上述项目合伙人、质量控制复核人和签字注册会计师等相关人员不存在违反
600879,2023-12-09,1218564223,航天电子：航天时代电子技术股份有限公司关于聘任会计师事务所的公告,,True,量邵控富年年制霞复核人2.项目成员的独立性和诚信记录情况上 || 签字注册会计师和项目质量控制复核人不存在违反《中国注册会计师职业道德守
600880,2020-10-31,1208664943,博瑞传播：关于续聘2020年度财务报告审计会计师事务所的公告,,True,职。（4）拟安排质量控制复核人员：袁广明中国注册会计师，1999年 || 签字注册会计师和项目质量控制复核人最近三年未受到刑事处罚、行政处罚、行
600880,2021-06-08,1210183663,博瑞传播：博瑞传播关于续聘2021年度财务审计机构的公告,,True,职。（4）拟安排质量控制复核人员：袁广明中国注册会计师，1999年 || 签字注册会计师和项目质量控制复核人最近三年未受到刑事处罚、行政处罚、行
600880,2022-04-29,1213224182,博瑞传播：博瑞传播关于续聘2022年度财务审计机构的公告,,True,职。（4）拟安排质量控制复核人员：袁广明中国注册会计师，1999年 || 签字注册会计师和项目质量控制复核人最近三年未受到刑事处罚、行政处罚、行
600880,2023-11-15,1218329801,博瑞传播：博瑞传播关于变更内部控制审计会计师事务所的公告,,True,审计报告。（4）项目质量控制复核人：巴哲锐中国注册会计师，2010年成 || 项目管理合伙人和项目质量控制复核人最近三年未受到刑事处罚、行政处罚、行
600881,2024-04-30,1219916415,亚泰集团：吉林亚泰（集团）股份有限公司续聘会计师事务所的公告,,True,审计报告。拟担任项目质量控制复核人姜莉：1996年成为注册会计师，20 || 签字注册会计师和质量控制复核人不存在违反《中国注册会计师职业道德守 || 签字注册会计师和质量控制复核人近三年均3无受到刑事处罚、行政处罚、
600883,2021-04-13,1209677558,博闻科技：云南博闻科技实业股份有限公司关于续聘2021年度审计机构的公告,,True,。最近3年签署6复核人家上市公司审计报告。最近3年复核的上 || 册会计师杨海霞、项目质量控制复核人罗跃龙最近3年未因执业行为受到刑事处 || 册会计师杨海霞、项目质量控制复核人罗跃龙不存在违反《中国注册会计师职业
600883,2021-05-08,1209939738,博闻科技：云南博闻科技实业股份有限公司关于续聘2021年度审计机构的公告,,True,。最近3年签署6复核人家上市公司审计报告。最近3年复核的上 || 册会计师杨海霞、项目质量控制复核人罗跃龙最近3年未因执业行为受到刑事处 || 册会计师杨海霞、项目质量控制复核人罗跃龙不存在违反《中国注册会计师职业
600883,2021-01-12,1209083436,博闻科技：云南博闻科技实业股份有限公司关于变更会计师事务所的公告（修订）,,True,目质量控制待定。复核人2、诚信记录（1）签字项目合伙人高云
600883,2022-04-26,1213102027,博闻科技：云南博闻科技实业股份有限公司关于续聘2022年度审计机构的公告,,True,09年起开始从事复核人上市公司审计，2016年起开始在中审 || 2、诚信记录项目质量控制复核合伙人肖明明和项目合伙人蔡素华最近3年未受 || 册会计师杨海霞、项目质量控制复核人肖明明不存在可能影响独立性的情形。4
600886,2023-12-06,1218521599,国投电力：国投电力控股股份有限公司关于变更会计师事务所的公告,,True,超过7家。拟担任项目质量控制复核人（独立复核合伙人）：谢东良先生，20 || 质量控制复核人（独立复核合伙人）：谢东良先生，2012年获得2中国 || 签字注册会计师、项目质量控制复核人近三年不存在因执业行为受到刑事处罚， || 签字注册会计师、项目质量控制复核人等从业人员不存在违反《中国注册会计师
600885,2021-02-03,1209233272,宏发股份：宏发股份关于续聘会计师事务所的公告,,True,：否2.诚信记录质量控制复核人和本期签字会计师最近三年均未受到刑事 || 立性项目合伙人、质量控制复核人和本期签字会计师均具备证券服务业务经
600888,2021-03-10,1209359593,新疆众和：新疆众和关于续聘会计师事务所的公告,,True,务所项目合伙人、质量控制复核人和本期签字会计师的基本信息如下：项目 || 的审计报告。质控复核人郑秀兰2010年成为注册会计师，20 || 签字注册会计师、项目质量控制复核人近三年无受到刑事处罚，无受到证监会及 || 签字注册会计师、项目质量控制复核人等不存在可能影响独立性的情形。4.审
600888,2020-03-24,1207393794,新疆众和：关于续聘会计师事务所的公告,,True,务所项目合伙人、质量控制复核人和本期签字会计师的执业资质、从业经历 || 计师是否苏琪质控复核人2000年至今注册会计师是否韩新梅签
600888,2022-03-29,1212706320,新疆众和：新疆众和股份有限公司关于续聘会计师事务所的公告,,True,务所项目合伙人、质量控制复核人和本期签字会计师的基本信息如下：项目 || 的审计报告。质控复核人郑秀兰2010年成为注册会计师、20 || 签字注册会计师、项目质量控制复核人近三年无因执业行为受到刑事处罚，受到 || 签字注册会计师、项目质量控制复核人等不存在可能影响独立性的情形。4.审
600888,2023-04-04,1216320350,新疆众和：新疆众和股份有限公司关于续聘会计师事务所的公告,,True,务所项目合伙人、质量控制复核人和本期签字会计师的基本信息如下：项目 || 计报告6份。质控复核人王侠女士：现任希格玛会计师事务所（特 || 签字注册会计师、项目质量控制复核人近三年无因执业行为受3到刑事处罚，受 || 签字注册会计师、项目质量控制复核人不存在违反《中国注册会计师职业道德守
600900,2021-04-30,1209875197,长江电力：长江电力关于变更内部控制审计机构的公告,,True,签字注册会计师、项目质量控制复核人近三年不存在因执业行为受到刑事处罚， || 签字注册会计师、项目质量控制复核人不存在可能影响独立性的情形。4.审计
600909,2021-03-31,1209490042,华安证券：600909：华安证券股份有限公司关于续聘会计师事务所的公告,,True,忠及其团队拟担任项目质量控制复核人。张居忠从事证券服务业务多年，负责审
600916,2021-02-19,1209280538,中国黄金：中国黄金集团黄金珠宝股份有限公司变更会计师事务所公告,,True,签字注册会计师、项目质量控制复核人近三年不存在因执业行为受到刑事处罚， || 签字注册会计师、项目质量控制复核人不存在可能影响独立性的情形。4.审计
600916,2022-01-11,1212134655,中国黄金：中国黄金集团黄金珠宝股份有限公司关于聘任会计师事务所的公告,,True,签字注册会计师、项目质量控制复核人近三年不存在因执业行为受到刑事处罚， || 签字注册会计师、项目质量控制复核人不存在可能影响独立性的情形。4.审计
600916,2023-12-09,1218561196,中国黄金：中国黄金集团黄金珠宝股份有限公司关于变更会计师事务所的公告,,True,3年上市公司审睿复核人计报告3份2.诚信记录项目合伙人、签 || 签字注册会计师、项目质量控制复核人近三年不存在因执业行为受到刑事处罚， || 签字注册会计师、项目质量控制复核人不存在可能影响独立性的情形。4.审计
600916,2022-06-14,1213687641,中国黄金：中国黄金集团黄金珠宝股份有限公司关于聘任会计师事务所的公告,,True,签字注册会计师、项目质量控制复核人近三年不存在因执业行为受到刑事处罚， || 签字注册会计师、项目质量控制复核人不存在可能影响独立性的情形。4.审计
600916,2024-04-29,1219890579,中国黄金：中国黄金集团黄金珠宝股份有限公司关于续聘会计师事务所的公告,,True,签字注册会计师、项目质量控制复核人近三年不存在因执业行为受到刑事处罚， || 签字注册会计师、项目质量控制复核人不存在可能影响独立性的情形。4.审计
600917,2022-12-14,1215343662,重庆燃气：重庆燃气关于聘任公司2022年度审计机构的公告,,True,单位兼职。拟安排质量控制复核人员：叶贤斌，中国注册会计师，2008 || 签字注册会计师、项目质量控制复核人近三年均不存在因执业行为受到刑事处罚 || 签字注册会计师、项目质量控制复核人不存在可能影响独立性的情形。（三）审 || 签字注册会计师、质量控制复核人员均具有丰富的上市公司审计经验，均不 || 签字注册会计师、质量控制复核人员最近三年均未受到刑事处罚、行政处罚
600958,2021-03-31,1209495779,东方证券：东方证券股份有限公司关于续聘会计师事务所的公告,,True,签字注册会计师、项目质量控制复核人不存在可能影响独立性的情形。（三）审
600963,2023-10-28,1218186392,岳阳林纸：岳阳林纸股份有限公司关于续聘天健会计师事务所（特殊普通合伙）为公司2023年度财务审计机构及内控审计机构的公告,,True,6年2019年制复核人份、诺力股份、喜临门等上市公司年度审 || 签字注册会计师、项目质量控制复核人近三年不存在因执业行为受到刑事处罚， || 签字注册会计师、项目质量控制复核人不存在可能影响独立性的情形。4、审计
600966,2020-04-28,1207648328,博汇纸业：续聘会计师事务所的公告,,True,胜任能力：是2、质量控制复核人：朱广明执业资质：注册会计师从业经历 || 字会计师罗晓冬及质量控制复核人朱广明不存在违反《中国注册会计师职业
600963,2021-10-28,1211403392,岳阳林纸：岳阳林纸股份有限公司关于续聘天健会计师事务所（特殊普通合伙）为公司2021年度财务审计机构及内控审计机构的公告,,True,签字注册会计师、项目质量控制复核人近三年存在因执业行为受到证监会派出机 || 签字注册会计师、项目质量控制复核人不存在可能影响独立性的情形。4、审计
600966,2023-04-21,1216492766,博汇纸业：关于续聘公司2023年年度财务审计及内控审计机构的公告,,True,胜任能力：是2、质量控制复核人：高峰执业资质：注册会计师从业经历： || 字会计师路春霞及质量控制复核人高峰不存在违反《中国注册会计师职业道
600963,2022-10-26,1214899811,岳阳林纸：岳阳林纸股份有限公司关于续聘天健会计师事务所（特殊普通合伙）为公司2022年度财务审计机构及内控审计机构的公告,,True,签字注册会计师、项目质量控制复核人近三年存在因执业行为受到证监会派出机 || 签字注册会计师、项目质量控制复核人不存在可能影响独立性的情形。4、审计
600966,2021-03-31,1209490068,博汇纸业：博汇纸业关于续聘公司2021年年度财务审计及内控审计机构的公告,,True,胜任能力：是2、质量控制复核人：朱广明执业资质：注册会计师从业经历 || 字会计师罗晓冬及质量控制复核人朱广明不存在违反《中国注册会计师职业
600966,2022-04-16,1212943585,博汇纸业：关于续聘公司2022年年度财务审计及内控审计机构的公告,,True,胜任能力：是2、质量控制复核人：高峰执业资质：注册会计师从业经历： || 字会计师罗晓冬及质量控制复核人高峰不存在违反《中国注册会计师职业道
600966,2024-04-30,1219916522,博汇纸业：关于续聘公司2024年年度财务审计及内控审计机构的公告,,True,签字注册会计师、项目质量控制复核人近三年不存在因执业行为受到刑事处罚， || 签字注册会计师、项目质量控制复核人不存在可能影响独立性的情形。（三）审
600968,2024-03-08,1219253966,海油发展：关于年度审计机构变更签字注册会计师的公告,,True,集团股份有限公司质量控制复核人2022年厦门市美亚柏科信息股份有限 || 信息股份有限公司质量控制复核人2022年中国化学工程股份有限公司质 || 工程股份有限公司质量控制复核人2022年东华工程科技股份有限公司质 || 科技股份有限公司质量控制复核人2020-2021年国家电投集团产融
600969,2024-04-19,1219673982,郴电国际：郴电国际关于变更2024年度财务和内控审计机构的公告,,True,司审计报告2家。项目质量控制复核人，根据天健会计师事务所业务承接流程的
600975,2020-04-14,1207491872,新五丰：关于拟续聘天健会计师事务所（特殊普通合伙）为公司2020年度财务、内控审计机构的公告,,True,，具备相应专业胜复核人任能力。2008年起从事注册会计师业
600975,2021-03-16,1209385257,新五丰：湖南新五丰股份有限公司关于拟续聘天健会计师事务所（特殊普通合伙）为公司2021年度财务、内控审计机构的公告,,True,签字注册会计师、项目质量控制复核人近三年不存在因执业行为受到刑事处罚， || 签字注册会计师、项目质量控制复核人不存在可能影响独立性的情形。（三）审
600977,2022-04-27,1213138612,中国电影：中国电影关于续聘会计师事务所的公告,,True,签字注册会计师、项目质量控制复核人近三年未因执业行为受2/4到刑事处罚 || 签字注册会计师、项目质量控制复核人不存在可能影响独立性的情形。4.审计
600976,2020-04-18,1207524543,健民集团：关于续聘2020年度审计机构的公告,,True,情况项目合伙人、质量控制复核人和拟签字会计师等相关人员不存在违反《 || 形。项目合伙人、质量控制复核人和拟签字会计师等相关人员最近3年未受
600977,2023-04-26,1216586767,中国电影：中国电影关于续聘会计师事务所的公告,,True,8年2023年制复核人计报告7份。2．诚信记录项目合伙人、 || 签字注册会计师、项目质量控制复核人近三年未因执业行为受到刑事处罚，未受 || 签字注册会计师、项目质量控制复核人不存在可能影响独立性的情形。注项目组
600977,2024-05-29,1220185869,中国电影：中国电影关于续聘会计师事务所的公告,,True,签字注册会计师、项目质量控制复核人近三年未因执业行为受到刑事处罚，未受 || 签字注册会计师、项目质量控制复核人等从业人员不存在违反《中国注册会计师
600977,2023-11-15,1218328892,中国电影：中国电影关于变更会计师事务所的公告,,True,市公司审计报控制复核人告超过10份。2．诚信记录2/4上述
600977,2021-04-29,1209858665,中国电影：中国电影关于续聘会计师事务所的公告,,True,牌公司审计报告2复核人份；复核上市公司审计报告10份2.诚 || 签字注册会计师、项目质量控制复核人近三年未有因执业行为受到刑事处罚，未 || 签字注册会计师、项目质量控制复核人不存在可能影2/4响独立性的情形。4
600982,2024-04-23,1219745787,宁波能源：宁波能源关于聘请中汇会计师事务所（特殊普通合伙）的公告,,True,职情况：无（2）质量控制复核人：朱敏执业资质：注册会计师从业经历：
600987,2022-04-21,1212994513,航民股份：航民股份关于续聘会计师事务所公告,,True,签字注册会计师、项目质量控制复核人近三年不存在因执业行为受到刑事处罚， || 签字注册会计师、项目质量控制复核人不存在可能影响独立性的情形。4、审计
600987,2021-04-21,1209736467,航民股份：航民股份关于续聘会计师事务所公告,,True,签字注册会计师、项目质量控制复核人不存在可能影响独立性的情形。4、审计
600987,2023-04-20,1216470318,航民股份：航民股份关于续聘会计师事务所公告,,True,签字注册会计师、项目质量控制复核人近三年不存在因执业行为受到刑事处罚， || 签字注册会计师、项目质量控制复核人不存在可能影响独立性的情形。4、审计
600987,2024-03-30,1219464387,航民股份：航民股份关于续聘会计师事务所公告,,True,年报上市公司审计项目质量复核人员独立性轮换工作尚在进行中，因此核人暂 || 2024年报具体项目质量复核人员2.诚信记录项目合伙人、签字注册会计 || 签字注册会计师、项目质量控制复核人近三年不存在因执业行为受到刑事处罚， || 签字注册会计师、项目质量控制复核人不存在可能影响独立性的情形。4、审计
600989,2020-03-16,1207374329,宝丰能源：关于续聘会计师事务所的公告,,True,上述项目合伙人、质量控制复核人和本期签字会计师不存在违反《中国注册 || 上述项目合伙人、质量控制复核人和本期签字会计师不存在违反《中国注册
600996,2020-04-29,1207670528,贵广网络：关于续聘2020年度审计机构的公告,,True,职情形：否（2）质量控制复核人（项目独立复核合伙人）：丁景东从业经 || 控制复核人（项目独立复核合伙人）：丁景东从业经历：曾任在天职国际会 || 项目项目合伙人、质量控制复核人和本期签字会计师均具有丰富的证券服务
601002,2020-04-21,1207542524,晋亿实业：关于续聘会计师事务所的公告,,True,012李太华无是复核人会计师年12月起至今，从事事务所质量
601002,2021-04-20,1209727654,晋亿实业：晋亿实业股份有限公司关于续聘会计师事务所的公告,,True,三维通讯2018复核人年度审计报告；2020年，签署麒盛科 || 签字注册会计师、项目质量控制复核人近三年不存在因执业行为受到刑事处罚， || 签字注册会计师、项目质量控制复核人不存在可能影响独立性的情形。4、审计
601002,2023-04-21,1216494892,晋亿实业：晋亿实业股份有限公司关于续聘会计师事务所的公告,,True,签字注册会计师、项目质量控制复核人近三年不存在因执业行为受到刑事处罚， || 签字注册会计师、项目质量控制复核人不存在可能影响独立性的情形。4、审计
601002,2022-04-20,1212979855,晋亿实业：晋亿实业股份有限公司关于续聘会计师事务所的公告,,True,签字注册会计师、项目质量控制复核人近三年不存在因执业行为受到刑事处罚， || 签字注册会计师、项目质量控制复核人不存在可能影响独立性的情形。4、审计
601002,2024-04-19,1219671770,晋亿实业：晋亿实业股份有限公司关于续聘会计师事务所的公告,,True,人签字注册会计师项目质量复核人员姓名郑俭陈茂行卢玲玉何时成为注册会计 || 签字注册会计师、项目质量控制复核人近三年不存在因执业行为受到刑事处罚， || 签字注册会计师、项目质量控制复核人不存在可能影响独立性的情形。4、审计
601003,2020-12-11,1208885674,柳钢股份：关于变更会计师事务所的公告,,True,。（2）拟安排的质量控制复核人及简历根据天职国际质量控制政策和程序 || 程序，王军拟担任项目质量控制复核人。王军，中国注册会计师，从事证券服务
601003,2022-04-28,1213176478,柳钢股份：柳钢股份关于续聘会计师事务所的公告,,True,签字注册会计师、项目质量控制复核人基本信息如下：项目合伙人及签字注册会 || 司审计报告0家。项目质量控制复核人：根据天职国际质量控制政策和程序，王 || 军及其团队拟担任项目质量控制复核人，王军，1998年成为注册会计师，2 || 签字注册会计师、项目质量控制复核人近三年不存在因执业行为受到刑事处罚， || 签字注册会计师、项目质量控制复核人等不存在可能影响独立性的情形。4、审
601005,2024-05-21,1220108948,重庆钢铁：关于续聘2024年审会计师事务所的公告,,True,情况。质量2控制复核人：郭晶女士，中国执业注册会计师，自2 || 签字注册会计师、项目质量控制复核人近三年均未因执业行为受到刑事处罚，受 || 签字注册会计师、项目质量控制复核人等不存在违反《中国注册会计师职业道德
601008,2022-03-26,1212686048,连云港：江苏连云港港口股份有限公司关于续聘会计师事务所的公告,,True,司提供专业服务。质量控制复核人项目刘蓓，中国注册会计师，于2002 || 签字注册会计师、项目质量控制复核人近三年无执业行为受到刑事处罚，受到证
601008,2021-03-27,1209464948,连云港：江苏连云港港口股份有限公司关于续聘会计师事务所的公告,,True,港提供上市服务。质量控制复核人项目唐慧珏，2000年成为注册会计师
601022,2023-08-29,1217674252,宁波远洋：宁波远洋运输股份有限公司关于变更审计机构项目合伙人暨签字注册会计师的公告,,True,会计师，蒋颂祎为项目质量控制复核人。鉴于内部工作调整，普华永道中天现委
601015,2020-03-26,1207403716,陕西黑猫：关于聘任2020年度审计机构的公告,,True,伙人李继明拟担任项目质量控制复核人。李继明从事证券服务业务11年，负责
601028,2022-11-29,1215221785,玉龙股份：关于续聘2022年度审计机构的公告,,True,司年报审计1家。项目质量控制复核人：时彦䘵，2010年成为注册会计师，
601068,2024-03-29,1219453422,中铝国际：中铝国际工程股份有限公司续聘会计师事务所公告,,True,报告0份。（3）质量控制复核人员：彭玉龙，2008年成为注册会计师 || 签字注册会计师及质量控制复核人员不存在违反《中国注册会计师职业道德
601068,2022-03-29,1212711530,中铝国际：中铝国际工程股份有限公司续聘会计师事务所公告,,True,单位兼职。（3）质量控制复核人员：冯发明，拥有注册会计师执业资质。 || 签字注册会计师及质量控制复核人员不存在违反《中国注册会计师职业道德
601068,2021-03-30,1209478048,中铝国际：中铝国际工程股份有限公司续聘会计师事务所公告,,True,单位兼职。（3）质量控制复核人员：冯发明，拥有注册会计师执业资质。 || 签字注册会计师及质量控制复核人员不存在违反《中国注册会计师职业道德
601068,2020-03-31,1207431350,中铝国际：续聘会计师事务所公告,,True,位兼职。3（3）质量控制复核人员：冯发明，拥有注册会计师资质，具有 || 签字注册会计师及质量控制复核人员不存在违反《中国注册会计师职业道德
601069,2020-03-31,1207427910,西部黄金：续聘会计师事务所的公告,,True,事务所于艳霞质控复核人注册会计师是否成立工作至今签字注册会
601069,2022-04-07,1212824137,西部黄金：西部黄金股份有限公司续聘2022年度会计师事务所的公告,,True,伙）项目合伙人、质量控制复核人和本期签字会计师的基本信息如下：项目 || 签字注册会计师、项目质量控制复核人近三年无受到刑事处罚，无受到证监会及 || 签字注册会计师、项目质量控制复核人等不存在可能影响独立性的情形。（三）
601069,2021-03-24,1209437803,西部黄金：西部黄金股份有限公司续聘2021年度会计师事务所的公告,,True,"务所项目合伙人、质量控制复核人和本期签字会计师的基本信息如下：项目 || 金审计报告。质控复核人于艳霞,2010年开始在中审华事务所 || 签字注册会计师、项目质量控制复核人近三年无受到刑事处罚，无受到证监会及 || 签字注册会计师、项目质量控制复核人等不存在可能影响独立性的情形。（三）"
601069,2023-03-24,1216203175,西部黄金：西部黄金股份有限公司续聘2023年度会计师事务所的公告,,True,伙）项目合伙人、质量控制复核人和本期签字会计师的基本信息如下：项目 || 签字注册会计师、项目质量控制复核人近三年无受到刑事处罚，无受到证监会及 || 签字注册会计师、项目质量控制复核人等不存在违反《中国注册会计师职业道德
601089,2024-04-01,1219482312,福元医药：北京福元医药股份有限公司关于续聘会计师事务所的公告,,True,人签字注册会计师项目质量复核人员姓名廖屹峰朱俊杰李勤何时成为注册会计 || 签字注册会计师、项目质量复核人员近三年不存在因执业行为受到刑事处罚， || 签字注册会计师、项目质量控制复核人不存在可能影响独立性的情形。4、审计
601098,2022-04-26,1213110963,中南传媒：中南传媒关于续聘会计师事务所的公告,,True,签字注册会计师、项目质量控制复核人基本信息如下：项目合伙人及签字注册会 || 市公司审计报告。项目质量控制复核人：根据天职国际质量控制政策和程序，王 || 军及其团队拟担任项目质量控制复核人，王军，1998年成为注册会计师，2 || 签字注册会计师、项目质量控制复核人近三年不存在因执业行为受到刑事处罚， || 签字注册会计师、项目质量控制复核人等不存在可能影响独立性的情形。3/5
601113,2021-04-28,1209842417,ST华鼎：义乌华鼎锦纶股份有限公司关于续聘会计师事务所的公告,,True,郭国卫先生为项目质量复核合伙人。上述人员从业经历如下：陈树华先生：
601113,2022-04-30,1213270714,ST华鼎：义乌华鼎锦纶股份有限公司关于续聘2022年审计机构的公告,,True,时彦禄先生为项目质量复核合伙人。上述人员从业经历如下：陈树华先生：
601113,2024-04-26,1219833933,华鼎股份：义乌华鼎锦纶股份有限公司关于续聘2024年审计机构的公告,,True,时彦禄先生为项目质量复核合伙人。上述人员从业经历如下：郑玉梅女士：
601113,2023-08-30,1217690261,华鼎股份：义乌华鼎锦纶股份有限公司关于续聘2023年审计机构的公告,,True,时彦禄先生为项目质量复核合伙人。上述人员从业经历如下：2郑玉梅女士
601113,2020-04-30,1207695314,ST华鼎：关于续聘会计师事务所的公告,,True,郭国卫先生为项目质量复核合伙人。上述人员从业经历如下：陈树华先生：
601118,2023-10-28,1218192122,海南橡胶：关于变更会计师事务所的公告,,True,股、浙江建投等制复核人上市公司审计报告2.诚信记录项目合伙 || 签字注册会计师、项目质量控制复核人近三年不存在因执业行为受到刑事处罚， || 签字注册会计师、项目质量控制复核人不存在可能影响独立性的情形。（三）审
601126,2020-03-27,1207408957,四方股份：关于续聘审计机构的公告,,True,经理陈立梅拟担任项目质量控制复核人，陈立梅于2004年9月至2017年 || 会计师2易厚震和质量控制复核人陈立梅不存在违反《中国注册会计师职业 || 会计师2易厚震和质量控制复核人陈立梅最近三年未受（收）到刑事处罚、
601137,2021-04-13,1209677660,博威合金：博威合金关于续聘会计师事务所的公告,,True,签字注册会计师、项目质量控制复核人近三年因执业行为受到刑事处罚，受到证 || 签字注册会计师、项目质量控制复核人不存在可能影响独立性的情形。4、审计
601137,2020-04-21,1207537855,博威合金：续聘会计师事务所的公告,,True,今，无兼禤文欣是复核人国际注册内天健会计师事务职部审计师所
601137,2024-04-30,1219905392,博威合金：博威合金关于续聘会计师事务所的公告,,True,人签字注册会计师项目质量复核人员姓名叶卫民许强翁祖桂何时成为注册会计 || 签字注册会计师、项目质量复核人员近三年不存在因执业行为受到刑事处罚， || 签字注册会计师、项目质量复核人员不存在可能影响独立性的情形。4、审计
601169,2020-04-28,1207648521,北京银行：关于续聘会计师事务所的公告,,True,业务：是。（3）质量控制复核人：姜长征姜长征，中国执业注册会计师， || 上述项目合伙人、质量控制复核人和本期签字会计师不存在违反《中国注册
601169,2021-04-30,1209879630,北京银行：北京银行股份有限公司关于续聘会计师事务所的公告,,True,业务：是。（3）质量控制复核人：姜长征姜长征，中国执业注册会计师， || 上述项目合伙人、质量控制复核人和本期签字会计师不存在违反《中国注册 || 签字注册会计师、项目质量控制复核人等不存在违反《中国注册会计师职业道德
601177,2021-04-14,1209681128,杭齿前进：关于续聘2021年度审计机构的公告,,True,健集团等上市公年复核人司2018年度审计报告；2018年度 || 签字注册会计师、项目质量控制复核人近三年不存在因执业行为受到刑事处罚， || 签字注册会计师、项目质量控制复核人不存在可能影响独立性的情形。4.审计
601177,2022-04-15,1212921281,杭齿前进：关于续聘2022年度审计机构的公告,,True,签字注册会计师、项目质量控制复核人近三年不存在因执业行为受到刑事处罚， || 签字注册会计师、项目质量控制复核人不存在可能影响独立性的情形。4.审计
601177,2023-04-12,1216379102,杭齿前进：关于续聘2023年度审计机构的公告,,True,公司2020年度复核人审计报告；2020年签署深圳华强、天 || 签字注册会计师、项目质量控制复核人近三年不存在因执业行为受到刑事处罚， || 签字注册会计师、项目质量控制复核人不存在可能影响独立性的情形。4.审计
601179,2021-08-27,1210870664,中国西电：中国西电变更内部控制审计会计师事务所公告,,True,签字注册会计师、项目质量控制复核人近三年不存在因执业行为受到刑事处罚， || 签字注册会计师、项目质量控制复核人不存在可能影响独立性的情形。4.审计
601226,2021-04-23,1209776701,华电重工：华电重工：关于续聘会计师事务所的公告,,True,艳及其团队拟担任项目质量控制复核人，齐春艳于2004年起在天职国际执业 || 签字注册会计师、项目质量控制复核人近三年不存在因执业行为受到刑事处罚， || 签字注册会计师、项目质量控制复核人等不存在可能影响独立性的情形。4、审
601233,2021-04-16,1209697415,桐昆股份：桐昆股份关于续聘会计师事务所的公告,,True,签字注册会计师、项目质量控制复核人近三年存在因执业行为受到刑事处罚，受 || 签字注册会计师、项目质量控制复核人不存在可能影响独立性的情形。（三）审
601236,2024-03-30,1219469943,红塔证券：红塔证券股份有限公司关于续聘会计师事务所的公告,,True,年年司超过8家。复核人签字注2012册会计杨伟明2012年 || 签字注册会计师、项目质量控制复核人近三年无执业行为受到刑事处罚，无受到 || 签字注册会计师、项目质量控制复核人等从业人员不存在违反《中国注册会计师
601233,2024-04-27,1219877979,桐昆股份：桐昆集团股份有限公司关于续聘会计师事务所的公告,,True,息签字注册会计师项目质量复核人员会计师姓名严燕鸿陈夏连王晨何时成为注 || 签字注册会计师、项目质量复核人员近三年不存在因执业行为受到刑事处罚， || 签字注册会计师、项目质量复核人员不存在可能影响独立性的情形。（三）审
601236,2021-03-31,1209495849,红塔证券：红塔证券股份有限公司关于续聘会计师事务所的公告,,True,年年司超过8家。复核人签字注2012册会计杨伟明2012年 || 签字注册会计师、项目质量控制复核人近三年无执业行为受到刑事处罚，受到证 || 签字注册会计师、项目质量控制复核人等从业人员不存在违反《中国注册会计师
601233,2023-04-22,1216517736,桐昆股份： 桐昆集团股份有限公司关于续聘会计师事务所的公告,,True,签字注册会计师、项目质量控制复核人近三年不存在因执业行为受到刑事处罚， || 签字注册会计师、项目质量控制复核人不存在可能影响独立性的情形。（三）审
601236,2023-08-31,1217714149,红塔证券：红塔证券股份有限公司关于聘任会计师事务所的公告,,True,年年司超过8家。复核人签字注2012册会计杨伟明2012年 || 签字注册会计师、项目质量控制复核人近三年无执业行为受到刑事处罚，无受到 || 签字注册会计师、项目质量控制复核人等从业人员不存在违反《中国注册会计师
601225,2022-04-28,1213161677,陕西煤业：变更签字会计师告知函和会计师执照,,True,"、高靖杰先生作为质量控制复核人为陕西煤业提供审计服务。鉴于安小民、 || ,邱程红女士作为质量控制复核人继续完成相关工作。本次变更不影响相关"
601238,2021-03-26,1209453960,广汽集团：关于变更会计师事务所的公告,,True,签字注册会计师、项目质量控制复核人近三年无执业行为受到刑事处罚，受到证 || 签字注册会计师、项目质量控制复核人等从业人员不存在违反《中国注册会计师
601258,2021-04-30,1209879647,ST庞大：关于续聘会计师事务所的公告,,True,签字注册会计师、项目质量控制复核人近三年未有因执业行为受到刑事处罚，受 || 签字注册会计师、项目质量控制复核人等不存在可能影响独立性的情形。4、审
601236,2022-04-30,1213270830,红塔证券：红塔证券股份有限公司关于续聘会计师事务所的公告,,True,年年司超过8家。复核人签字注2012册会计杨伟明2012年 || 签字注册会计师、项目质量控制复核人近三年无执业行为受到刑事处罚，受到证 || 签字注册会计师、项目质量控制复核人等从业人员不存在违反《中国注册会计师
601258,2022-04-30,1213270862,庞大集团：关于续聘会计师事务所的公告,,True,签字注册会计师、项目质量控制复核人近三年未有因执业行为受到刑事处罚，受 || 签字注册会计师、项目质量控制复核人等不存在可能影响独立性的情形。4、审
601258,2021-02-26,1209306691,ST庞大：关于变更审计机构公告,,True,签字注册会计师、项目质量控制复核人近三年未有因执业行为受到刑事处罚，受 || 签字注册会计师、项目质量控制复核人等不存在可能影响独立性的情形。4、审
601339,2021-04-23,1209770730,百隆东方：百隆东方关于续聘天健会计师事务所（特殊普通合伙）为公司2021年审计机构的公告,,True,签字注册会计师、项目质量控制复核人近三年不存在因执业行为受到刑事处罚， || 签字注册会计师、项目质量控制复核人不存在可能影响独立性的情形。（三）审
601339,2022-04-27,1213132976,百隆东方：百隆东方关于续聘天健会计师事务所（特殊普通合伙）为公司2022年度审计机构的公告,,True,签字注册会计师、项目质量控制复核人近三年不存在因执业行为受到刑事处罚， || 签字注册会计师、项目质量控制复核人不存在可能影响独立性的情形。3（三）
601339,2024-04-16,1219618340,百隆东方：百隆东方关于续聘天健会计师事务所（特殊普通合伙）为公司2024年度审计机构的公告,,True,人签字注册会计师项目质量复核人员姓名唐彬彬缪媛媛王振何时成为注册会计 || 签字注册会计师、项目质量控制复核人近三年不存在因执业行为受到刑事处罚， || 签字注册会计师、项目质量控制复核人不存在可能影响独立性的情形。（三）审
601339,2023-04-12,1216378223,百隆东方：百隆东方关于续聘天健会计师事务所（特殊普通合伙）为公司2023年度审计机构的公告,,True,百隆东方等上市公复核人芳司2020年度审计报告；2020年 || 签字注册会计师、项目质量控制复核人近三年不存在因执业行为受到刑事处罚， || 签字注册会计师、项目质量控制复核人不存在可能影响独立性的情形。（三）审
601368,2021-08-26,1210857370,绿城水务：广西绿城水务股份有限公司关于续聘会计师事务所的公告,,True,签字注册会计师、项目质量控制复核人近三年未因执业行为受到刑事处罚，未受 || 签字注册会计师、项目质量控制复核人不存在可能影响独立性的情形。4、审计
601512,2020-04-16,1207507842,中新集团：续聘会计师事务所为公司2020年度财务审计机构及内部控制审计机构的公告,,True,伙人叶远安先生为质量控制复核人，其均具备完成本公司审计工作的专业胜 || 上述项目合伙人、质量控制复核人和本期签字会计师不存在违反《中国注册
601500,2023-04-26,1216587441,通用股份：江苏通用科技股份有限公司关于续聘会计师事务所的公告,,True,签字注册会计师、项目质量控制复核人近三年无因执业行为受到刑事处罚，受到 || 签字注册会计师、项目质量控制复核人等不存在可能影响独立性的情形。4、审
601500,2024-04-26,1219820841,通用股份：江苏通用科技股份有限公司关于续聘会计师事务所的公告,,True,注册会计师朱磊、项目质量控制复核人薛敏近三年无因执业行为受到刑事处罚， || 签字注册会计师、项目质量控制复核人等不存在可能影响独立性的情形。4、审
601519,2020-11-21,1208772999,大智慧：关于续聘会计师事务所的公告,,True,兼职情况：无3、质量控制复核人姓名：姚辉执业资质：中国注册会计师是
601558,2020-04-30,1207695698,ST锐电：关于续聘会计师事务所的公告,,True,任能力：是（2）质量控制复核人：李会英执业资质：注册会计师、注册资 || 字会计师金晓青及质量控制复核人李会英不存在违反《中国注册会计师职业
601577,2020-05-23,1207850963,长沙银行：关于聘请2020年度会计师事务所的公告,,True,及财务咨询服务。质量控制复核人员：刘仁勇，拥有注册会计师资质，具有 || 签字注册会计师及质量复核人员未持有和买卖本公司股票，不存在影响独
601579,2021-04-16,1209697523,会稽山：会稽山绍兴酒股份有限公司关于公司续聘会计师事务所的公告,,True,签字注册会计师、项目质量控制复核人近三年不存在因执业行为受到刑事处罚， || 签字注册会计师、项目质量控制复核人不存在可能影响独立性的情形。4、审计
601579,2020-04-17,1207513544,会稽山：关于续聘会计师事务所的公告,,True,胜任能力：是2、质量控制复核人：朱中伟执业资质：注册会计师从业经历 || 签字会计师张琳、质量控制复核人朱中伟不存在违反《中国注册会计师职业
601579,2024-03-30,1219463903,会稽山：会稽山绍兴酒股份有限公司关于续聘会计师事务所的公告,,True,人签字注册会计师项目质量复核人员姓名章方杰王俊朱中伟何时成为注册会计 || 签字注册会计师、项目质量复核人员近三年不存在因执业行为受到刑事处罚， || 签字注册会计师、项目质量复核人员不存在可能影响独立性的情形。4、审计
601579,2023-03-30,1216257155,会稽山：会稽山绍兴酒股份有限公司关于续聘会计师事务所的公告,,True,签字注册会计师、项目质量控制复核人近三年不存在因执业行为受到刑事处罚、 || 签字注册会计师、项目质量控制复核人不存在可能影响独立性的情形。4、审计
601579,2022-04-19,1212957985,会稽山： 会稽山绍兴酒股份有限公司关于续聘会计师事务所的公告,,True,签字注册会计师、项目质量控制复核人近三年不存在因执业行为受到刑事处罚、 || 签字注册会计师、项目质量控制复核人不存在可能影响独立性的情形。4、审计
601588,2024-04-29,1219890698,北辰实业：北辰实业变更会计师事务所的公告,,True,计报告。项目质控复核人：武晓景女士，于2005年成为中国注 || 签字注册会计师、项目质量控制复核人近三年不存在因执业行为受到刑事处罚， || 签字注册会计师、项目质量控制复核人等不存在可能影响独立性的情形。4.审
601599,2021-12-14,1211893421,浙文影业：浙文影业集团股份有限公司关于续聘会计师事务所的公告,,True,人签字注册会计师质量控制复核人项目邓明勇陆新涛徐雅芬何时成为注册会 || 限公司审计报告；质量控制复核人徐雅芬近三年复核了四川金时科技股份有 || 警示函措施一次。项目质量控制复核人近三年无因执业行为受到刑事处罚，受到 || 签字注册会计师、项目质量控制复核人等均不存在违反《中国注册会计师职业道
601599,2022-12-13,1215331087,浙文影业：浙文影业集团股份有限公司关于变更会计师事务所的公告,,True,人签字注册会计师质量控制复核人闾力华张文娟梁正勇项目何时成为注册会 || 签字注册会计师、项目质量控制复核人近三年不存在因执业行为受到刑事处罚， || 签字注册会计师、项目质量控制复核人等均不存在违反《中国注册会计师职业道
601606,2020-04-28,1207633899,长城军工：关于续聘公司2020年度审计机构的公告,,True,理陈立梅拟担3任项目质量控制复核人，陈立梅于2004年9月至2017年 || 会计师2胡洋洋和质量控制复核人陈立梅不存在违反《中国注册会计师职业 || 会计师2胡洋洋和质量控制复核人陈立梅最近三年未受（收）到刑事处罚、
601606,2022-02-23,1212428630,长城军工：安徽长城军工股份有限公司关于变更签字注册会计师的公告,,True,，王虎先生拟担任项目质量控制复核人。鉴于原签字注册会计师刘金成先生工作 || 振先生，质量质控复核人为王虎先生。二、本次变更人员基本信息
601606,2022-04-08,1212839119,长城军工：安徽长城军工股份有限公司关于续聘2022年度审计机构的公告,,True,注册会计师张振和项目质量控制复核人王虎未因执业行为受到刑事处罚，未因执 || 签字注册会计师和项目质量控制复核人不存在违反《中国注册会计师职业道德守
601606,2023-12-07,1218536313,长城军工：安徽长城军工股份有限公司关于拟变更2023年度审计机构的公告,,True,签字注册会计师、项目质量控制复核人近三年（最近三个完整自然年度及当年） || 签字注册会计师和项目质量控制复核人不存在违反《中国注册会计师职业道德守
601606,2021-04-28,1209842573,长城军工：安徽长城军工股份有限公司关于续聘2021年度审计机构的公告,,True,册会计师刘金成和项目质量控制复核人王虎未因执业行为受到刑事处罚，未因执 || 签字注册会计师和项目质量控制复核人不存在违反《中国注册会计师职业道德守
601606,2023-04-19,1216455923,长城军工：安徽长城军工股份有限公司关于续聘2023年度审计机构的公告,,True,注册会计师张振和项目质量控制复核人朱来明未因执业行为受到刑事处罚，未因 || 签字注册会计师和项目质量控制复核人不存在违反《中国注册会计师职业道德守
601618,2023-03-30,1216259995,中国中冶：中国中冶关于续聘会计师事务所的公告,,True,输业、批发业等。项目质量控制复核人为为沈岩女士，于2010年成为注册会 || 签字注册会计师、项目质量控制复核人近三年均未受到任何刑事处罚、行政处罚 || 签字注册会计师、项目质量控制复核人等不存在违反《中国注册会计师职业道德
601636,2020-04-10,1207473752,旗滨集团：关于续聘会计师事务所的公告,,True,验，项目合伙人、质量控制复核人和本期签字会计师诚信记录良好，不存在
601636,2023-04-26,1216595286,旗滨集团：旗滨集团关于续聘审计机构的公告,,True,业胜任能力。质控复核人盛浩娟，女，2011年成为中国注册会 || 签字注册会计师、项目质量控制复核人近三年未因执业行为受到刑事处罚，受到 || 签字注册会计师、项目质量控制复核人不存在违反《中国注册会计师职业道德守 || 力，项目合伙人、质量控制复核人和本期签字会计师诚信记录3良好，不存
601636,2022-04-08,1212840202,旗滨集团：旗滨集团关于续聘审计机构的公告,,True,份有限公司。质控复核人盛浩娟，女，2011年成为中国注册会 || 签字注册会计师、项目质量控制复核人近三年未因执业行为受到刑事处罚，受到 || 力，项目合伙人、质量控制复核人和本期签字会计师诚信记录良好，不存在
601636,2021-04-30,1209875774,旗滨集团：旗滨集团关于续聘审计机构的公告,,True,份有限公司。质控复核人盛浩娟，女，2011年成为中国注册会 || 签字注册会计师、项目质量控制复核人近三年未因执业行为受到刑事处罚，受到 || 验，项目合伙人、质量控制复核人和本期签字会计师诚信记录良好，不存在
601636,2024-04-25,1219803492,旗滨集团：旗滨集团关于续聘2024年度审计机构的公告,,True,份有限公司。质控复核人董虹彦，女，2005年成为中国注册会 || 签字注册会计师、项目质量控制复核人近三年未因执业行为受到刑事处罚，受到 || 签字注册会计师、项目质量控制复核人不存在违反《中国注册会计师职业道德守 || 力，项目合伙人、质量控制复核人和本期签字会计师诚信记录良好，不存在
601669,2020-04-24,1207588663,中国电建：关于续聘2020年度会计师事务所的公告,,True,艳及其团队拟担任项目质量控制复核人。齐春艳从事证券服务业务多年，负责审
601778,2020-06-09,1207907306,晶科科技：关于续聘2020年度审计机构的公告,,True,所（特丁琴丽无是复核人会计师殊普通合伙）至今，从事审计工作
601778,2022-04-29,1213225174,晶科科技：关于续聘2022年度审计机构的公告,,True,15年2021年复核人苏垦农发等上市公司审计报告。2.诚信 || 签字注册会计师、项目质量控制复核人近三年不存在其他因执业行为受到刑事处 || 签字注册会计师、项目质量控制复核人不存在可能影响独立性的情形。4、审计
601778,2023-04-29,1216707243,晶科科技：关于续聘2023年度审计机构的公告,,True,代、苏垦农发等制复核人上市公司审计报告。2、诚信记录项目合 || 签字注册会计师、项目质量控制复核人近三年不存在因执业行为受到刑事处罚， || 签字注册会计师、项目质量控制复核人不存在可能影响独立性的情形。4、审计
601789,2023-11-11,1218306727,宁波建工：宁波建工关于审计机构调整项目合伙人及质量控制复核人的公告,,True,调整项目合伙人及质量控制复核人的公告本公司董事会及全体董事保证本公 || 更换签字会计师及质量控制复核人的告知函》，现将相关情况告知如下：一 || ，潘舜乔女士作为质量控制复核人为公司提供审计服务。因浙江科信内部工 || ，罗国芳先生担任质量控制复核人，尤晨帆先生作为签字注册会计师不变。
601789,2021-04-20,1209727745,宁波建工：  宁波建工关于续聘会计师事务所的公告,,True,审计报告。拟担任项目质量控制复核人员：郝学花郝学花，担任项目质量复核人 || 学花郝学花，担任项目质量复核人员，拥有注册会计师资质，具有多年证券业 || 签字注册会计师及质量控制复核人员未持有和买卖公司股票，也不存在影响
601789,2020-04-30,1207695548,宁波建工：关于续聘会计师事务所公告（修订版）,,True,单位兼职。拟担任项目质量控制复核人员：李海臣李海臣，担任项目质量复核人 || 海臣李海臣，担任项目质量复核人员，拥有注册会计师资质，具有多年证券业 || 签字注册会计师及质量控制复核人员未持有和买卖公司股票，也不存在影响
601789,2022-04-19,1212961235,宁波建工：宁波建工关于续聘会计师事务所的公告,,True,单位兼职。拟担任项目质量控制复核人员：郝学花郝学花，担任项目质量复核人 || 学花郝学花，担任项目质量复核人员，拥有注册会计师资质，具有多年证券业 || 签字注册会计师及质量复核人员近三年不存在因执业行为受到刑事处罚， || 签字注册会计师及质量控制复核人员未持有和买卖公司股票，也不存在影响
601789,2020-04-28,1207648733,宁波建工：关于续聘会计师事务所公告,,True,单位兼职。拟担任项目质量控制复核人员：李海臣李海臣，担任项目质量复核人 || 海臣李海臣，担任项目质量复核人员，拥有注册会计师资质，具有多年证券业 || 签字注册会计师及质量控制复核人员未持有和买卖公司股票，也不存在影响
601800,2020-04-01,1207441643,中国交建：关于续聘会计师事务所的公告,,True,人、签字会计师和质量控制复核人不存在违反《中国注册会计师职业道德守
601816,2024-04-30,1219911265,京沪高铁：京沪高速铁路股份有限公司关于聘任2024年度财务报表及内控审计机构的公告,,True,（1）田书伟（拟项目质量控制复核人）田书伟，2015年7月成为注册会计 || 项目签字合伙人、项目质量控制复核人、项目签字注册会计师均具有丰富的行业 || 项目签字合伙人、项目质量控制复核人、项目签字注册会计师最近三年未有受到
601816,2023-04-29,1216707288,京沪高铁：京沪高速铁路股份有限公司关于聘任2023年度财务报表及内控审计机构的公告,,True,（1）田书伟（拟项目质量控制复核人）田书伟，2015年7月成为注册会计 || 项目签字合伙人、项目质量控制复核人、项目签字注册会计师最近三年未有受到 || 项目签字合伙人、项目质量控制复核人、项目签字注册会计师均具有丰富的行业
601816,2020-06-09,1207906488,京沪高铁：关于变更会计师事务所的公告,,True,息（1）王仁平（质量控制复核人）王仁平先生1997年10月至今，一 || 项目签字合伙人、独立复核合伙人、项目签字注册会计师均具有丰富的行业 || 项目签字合伙人、独立复核合伙人、项目签字注册会计师最近三年未有受到
601827,2021-03-31,1209495962,三峰环境：关于续聘2021年度审计机构的公告,,True,01年2020年复核人技、卫星石化（二）诚信记录负责本公司 || 签字注册会计师、项目质量控制复核人近三年不存在因执业行为受到刑事处罚， || 签字注册会计师、项目质量控制复核人不存在可能影响独立性的情形。（四）审
601827,2023-03-31,1216279963,三峰环境：关于续聘2023年度审计机构的公告,,True,1年2020年制复核人技、卫星石化（二）诚信记录负责本公司 || 签字注册会计师、项目质量控制复核人近三年不存在因执业行为受到刑事处罚， || 签字注册会计师、项目质量控制复核人不存在可能影响独立性的情形。（四）审
601827,2024-03-29,1219449525,三峰环境： 关于续聘2024年度审计机构的公告,,True,1年2020年制复核人华旺科技、杭州柯林（二）诚信记录负责 || 签字注册会计师、项目质量复核人员近三年不存在因执业行为受到刑事处罚， || 签字注册会计师、项目质量复核人员不存在可能影响独立性的情形。（四）审
601827,2022-03-31,1212753565,三峰环境：关于续聘2022年度审计机构的公告,,True,签字注册会计师、项目质量控制复核人近三年不存在因执业行为受到刑事处罚， || 签字注册会计师、项目质量控制复核人不存在可能影响独立性的情形。（四）审
601872,2020-04-30,1207691688,招商轮船：关于续聘会计师事务所的公告,,True,务服务经验。2、质量控制复核人：叶韶勋叶韶勋先生，硕士学历，中国注 || 项目签字合伙人、独立复核合伙人、项目签字注册会计师均具有丰富的行业
601877,2020-04-29,1207668922,正泰电器：关于续聘2020年度审计机构的公告,,True,司提供过谢军无是复核人计师IPO审计服务，为多家上市公司提
601877,2020-04-30,1207691710,正泰电器：关于续聘2020年度审计机构的补充公告,,True,司提供过谢军无是复核人计师IPO审计服务，为多家上市公司提
601877,2022-04-29,1213225231,正泰电器：正泰电器关于续聘2022年度审计机构的公告,,True,签字注册会计师、项目质量控制复核人近三年存在因执业行为受到证监会及其派 || 签字注册会计师、项目质量控制复核人不存在可能影响独立性的情形。4、审计
601877,2021-04-29,1209848751,正泰电器：正泰电器关于续聘2021年度审计机构的公告,,True,签字注册会计师、项目质量控制复核人近三年存在因执业行为受到证监会及其派
601877,2023-04-29,1216709654,正泰电器：正泰电器关于续聘2023年度审计机构的公告,,True,签字注册会计师、项目质量控制复核人近三年不存在因执业行为受到刑事处罚， || 签字注册会计师、项目质量控制复核人不存在可能影响独立性的情形。4、审计
601877,2024-04-30,1219922931,正泰电器：正泰电器关于续聘2024年度审计机构的公告,,True,签字注册会计师、项目质量控制复核人近三年不存在因执业行为受到刑事2处罚 || 签字注册会计师、项目质量控制复核人不存在可能影响独立性的情形。4、审计
601878,2020-03-19,1207384007,浙商证券：关于聘任会计师事务所的公告,,True,胜任能力：是2、质量控制复核人：许菊萍执业资质：注册会计师、注册税 || 上述项目合伙人及质量控制复核人不存在违反《中国注册会计师职业道德守
601890,2021-04-27,1209819370,亚星锚链：亚星锚链关于续聘会计师事务所的公告,,True,业执业，张雷是否复核人会计师2019年开始为本公司提供审计 || 签字注册会计师、项目质量控制复核人等均不存在违反《中国注册会计师职业道 || 签字注册会计师、项目质量控制复核人近三年无因执业行为受到刑事处罚，受到
601890,2023-04-25,1216555705,亚星锚链：亚星锚链关于续聘会计师事务所的公告,,True,审计服务，近三年复核人会计师复核的上市公司有芯朋微(688 || 签字注册会计师、项目质量控制复核人等均不存在违反《中国注册会计师职业道 || 签字注册会计师、项目质量控制复核人近三年不存在因执业行为受到刑事处罚，
601890,2024-04-23,1219742323,亚星锚链：亚星锚链关于续聘会计师事务所的公告,,True,审计服务，近三年复核人会计师复核的上市公司有芯朋微(688 || 签字注册会计师、项目质量控制复核人等均不存在违反《中国注册会计师职业道 || 签字注册会计师、项目质量控制复核人近三年不存在因执业行为受到刑事处罚， || 签字注册会计师、项目质量控制复核人等不存在可能影响独立性的情形。（三）
601908,2020-04-29,1207659041,京运通：关于聘请会计师事务所的公告,,True,峰及其团队拟担任项目质量控制复核人。江峰从事证券服务业务多年，负责审计
601918,2022-04-23,1213043666,新集能源：新集能源关于续聘会计师事务所的公告,,True,签字注册会计师、项目质量控制复核人基本信息如下：项目合伙人及签字注册会 || 司审计报告1家。项目质量控制复核人：王军及其团队；王军，1998年成为 || 签字注册会计师、项目质量控制复核人近三年不存在因执业行为受到刑事处罚， || 签字注册会计师、项目质量控制复核人等不存在可能影响独立性的情形。34、
601929,2022-04-30,1213265153,吉视传媒：吉视传媒股份有限公司关于续聘会计师事务所的公告,,True,合伙人陈荭拟担任项目质量控制复核人。陈荭1995年成为注册会计师，19
601921,2022-10-28,1214941756,浙版传媒：浙江出版传媒股份有限公司关于变更会计师事务所的公告,,True,核上市公司14家复核人2.上述人员诚信记录上述人员近三年均 || 签字注册会计师、项目质量控制复核人不存在可能影响独立性的情形。4.审计
601921,2023-04-20,1216473725,浙版传媒：浙江出版传媒股份有限公司关于续聘会计师事务所的公告,,True,核上市公司14家复核人月2.上述相关人员的诚信记录情况上述 || 签字注册会计师、项目质量控制复核人不存在可能影响独立性的情形。4.审计
601929,2020-04-27,1207620789,吉视传媒：关于续聘会计师事务所的公告,,True,伙人刘志坚拟担任项目质量控制复核人。刘志坚从事证券服务业务多年，负责审
601929,2021-04-30,1209875969,吉视传媒：吉视传媒股份有限公司关于续聘会计师事务所的公告,,True,合伙人陈荭拟担任项目质量控制复核人。陈荭1995年成为注册会计师，19
601929,2023-04-29,1216692757,吉视传媒：吉视传媒股份有限公司关于续聘会计师事务所的公告,,True,合伙人陈荭拟担任项目质量控制复核人。陈荭1995年成为注册会计师，19
601929,2024-04-12,1219582510,吉视传媒：吉视传媒股份有限公司关于续聘会计师事务所的公告,,True,合伙人陈荭拟担任项目质量控制复核人。陈荭1995年成为注册会计师，19
601939,2020-03-30,1207423567,建设银行：关于续聘会计师事务所的公告,,True,业务：是。（4）质量控制复核人（本期A股审计报告）：张小东张小东， || 业务：是。（6）质量控制复核人（本期H股审计报告）：冯汉光冯汉光， || 国际财务报告准则复核合伙人，曾连续数年负责多家大型金融机构及上 || 上述项目合伙人、质量控制复核人和本期签字会计师不存在违反《中国注册
601939,2021-03-27,1209466301,建设银行：建设银行关于续聘会计师事务所的公告,,True,括金融业。（4）质量控制复核人（本期A股审计报告）：张小东先生张小 || 审计工作。（6）质量控制复核人（本期H股审计报告）：冯汉光先生冯汉 || 国际财务报告准则复核合伙人，曾连续数年负责多家大型金融机构及上 || 上述项目合伙人、质量控制复核人和本期签字会计师近三年均无受到刑事处 || 签字注册会计师、项目质量控制复核人等不存在违反《中国注册会计师职业道德
601939,2022-03-30,1212730959,建设银行：建设银行关于续聘会计师事务所的公告,,True,括金融业。（4）质量控制复核人（本期A股审计报告）：张小东先生张小 || 审计工作。（6）质量控制复核人（本期H股审计报告）：冯汉光先生冯汉 || 国际财务报告准则复核合伙人，曾连续数年负责多家大型金融机构及上 || 上述项目合伙人、质量控制复核人和本期签字会计师近三年均无受到刑事处 || 签字注册会计师、项目质量控制复核人等不存在违反《中国注册会计师职业道德
601985,2020-04-24,1207586454,中国核电：关于续聘会计师事务所的公告,,True,十家上市公司提供质量控制复核人陈中江过IPO审计和年报审计等证券业
601989,2022-04-29,1213217264,中国重工：中国重工关于续聘会计师事务所的公告,,True,注册会计师（3）质量控制复核人从业经历熊宇，中国注册会计师，业务合 || 签字注册会计师和质量控制复核人不存在违反《中国注册会计师职业道德守
601991,2024-03-23,1219391400,大唐发电：大唐发电关于续聘会计师事务所的公告,,True,序，向芳芸拟担任项目质量控制复核人。向芳芸，2007年成为注册会计师， || 项目签字合伙人、独立复核合伙人、项目签字注册会计师均具有丰富的行业
601991,2021-03-27,1209466232,大唐发电：大唐发电关于续聘会计师事务所的公告,,True,艳及其团队拟担任项目质量控制复核人。齐春艳从事证券服务业务多年，负责审 || 项目签字合伙人、独立复核合伙人、项目签字注册会计师均具有丰富的行业
601991,2023-03-29,1216247182,大唐发电：大唐发电关于续聘会计师事务所的公告,,True,序，向芳芸拟担任项目质量控制复核人。向共4页第2页芳芸，2007年成为 || 项目签字合伙人、独立复核合伙人、项目签字注册会计师均具有丰富的行业
601991,2020-03-31,1207428159,大唐发电：关于续聘会计师事务所的公告,,True,目合伙人是邓丽，独立复核合伙人马传军均具有证券服务业务执业资质，从 || 项目签字合伙人、独立复核合伙人均具有丰富的行业服务经验，均不存在违
601996,2021-08-10,1210710756,丰林集团：广西丰林木业集团股份有限公司关于变更会计师事务所的公告,,True,单位兼职。拟安排项目质量控制复核人员：宋治忠大信事务所合伙人，大信深圳 || 签字注册会计师及质量控制复核人员近三年不存在因执业行为受到刑事处罚 || 签字注册会计师及质量控制复核人员不存在违反《中国注册会计师职业道德
601996,2022-08-31,1214474395,丰林集团：广西丰林木业集团股份有限公司关于续聘会计师事务所的公告,,True,单位兼职。拟安排项目质量控制复核人员：宋治忠大信事务所合伙人，大信深圳 || 签字注册会计师及质量控制复核人员近三年不存在因执业行为受到刑事处罚 || 签字注册会计师及质量控制复核人员不存在违反《中国注册会计师职业道德
601998,2021-05-25,1210070001,中信银行：中信银行股份有限公司关于拟聘用会计师事务所变更项目质量控制复核合伙人的公告,,True,师事务所变更项目质量控制复核合伙人的公告本行董事会及全体董事保证本公告 || 年度财务审计报告质量控制复核合伙人的告知函》，普华永道中天作为本行20 || 行审计工作的项目质量控制复核合伙人。由于普华永道中天内部工作调整，现指 || 行审计工作的项目质量控制复核合伙人继续完成相关审计服务工作。杨尚圆女士 || 的情形。上述项目质量控制复核合伙人变更不会对本行2021年度财务报告及
603000,2020-04-17,1207516806,人民网：关于续聘会计师事务所的公告,,True,力：是2、拟担任质量控制复核人（1）姓名：梁晓燕（2）执业资质：注 || 项目签字合伙人、独立复核合伙人、项目签字注册会计师均具有丰富的行业 || 项目签字合伙人、独立复核合伙人、项目签字注册会计师最近三年均未受到
603001,2024-04-30,1219926478,ST奥康：关于公司续聘会计师事务所的公告,,True,签字注册会计师、项目质量控制复核人近三年不存在因执业行为受到刑事处罚， || 签字注册会计师、项目质量控制复核人不存在可能影响独立性的情形。4.审计
603002,2020-04-23,1207555238,宏昌电子：关于续聘2020年度会计师事务所的公告,,True,分。（2）拟担任项目质量控制复核人王皓东最近三年无刑事处罚、行政处罚、 || 东及其团队拟担任项目质量控制复核人。王皓东从事证券服务业务多年，负责审 || 求的情形。拟担任项目质量控制复核人王皓东最近三年无刑事处罚、行政处罚、
603001,2023-04-26,1216595325,奥康国际：奥康国际关于公司续聘会计师事务所的公告,,True,签字注册会计师、项目质量控制复核人近三年不存在因执业行为受到刑事处罚， || 签字注册会计师、项目质量控制复核人不存在可能影响独立性的情形。4.审计
603001,2022-04-26,1213098949,奥康国际：奥康国际关于公司续聘会计师事务所的公告,,True,签字注册会计师、项目质量控制复核人不存在可能影响独立性的情形。4.审计
603007,2020-04-30,1207693781,花王股份：关于续聘会计师事务所的公告,,True,任能力：是（2）质量控制复核人：李会英执业资质：注册会计师、注册资
603007,2021-04-30,1209879748,花王股份：关于续聘会计师事务所的公告,,True,任能力：是（2）质量控制复核人：李会英执业资质：注册会计师、注册资
603008,2021-03-10,1209358566,喜临门：喜临门家具股份有限公司关于续聘会计师事务所的公告,,True,签字注册会计师、项目质量控制复核人近三年不存在因执业行为受到刑事处罚， || 签字注册会计师、项目质量控制复核人不存在可能影响独立性的情形。4.审计
603008,2023-04-29,1216693379,喜临门：喜临门家具股份有限公司关于续聘会计师事务所的公告,,True,签字注册会计师、项目质量控制复核人近三年不存在因执业行为受到刑事处罚， || 签字注册会计师、项目质量控制复核人不存在可能影响独立性的情形。4.审计
603008,2024-04-26,1219834395,喜临门：喜临门家具股份有限公司关于续聘会计师事务所的公告,,True,签字注册会计师、项目质量控制复核人近三年不存在因执业2行为受到刑事处罚 || 签字注册会计师、项目质量控制复核人不存在可能影响独立性的情形。4.审计
603008,2022-04-20,1212975200,喜临门：喜临门家具股份有限公司关于续聘会计师事务所的公告,,True,签字注册会计师、项目质量控制复核人近三年不存在因执业行为受到刑事处罚， || 签字注册会计师、项目质量控制复核人不存在可能影响独立性的情形。4.审计
603009,2022-04-08,1212840344,北特科技：北特科技关于续聘会计师事务所的公告,,True,胜任能力：是2、质量控制复核人：朱敏执业资质：注册会计师、注册资产 || 会计师周燕波，及质量控制复核人朱敏不存在违反《中国注册会计师职业道
603009,2023-04-26,1216587637,北特科技：北特科技关于续聘会计师事务所的公告,,True,任能力：是1.2质量控制复核人：王其超执业资质：注册会计师从业经历 || 字会计师周燕波及质量控制复核人王其超不存在违反《中国注册会计师职业
603009,2024-04-03,1219503036,北特科技：北特科技关于续聘会计师事务所的公告,,True,20年2020年质量控制复核人王其超2001年1999年2009年 || 从业情况。(3)质量控制复核人近三年从业情况姓名时间上市公司名称职 || 科技股份有限公司质量控制复核人2022年-2023年四川梓橦宫药业 || 药业股份有限公司质量控制复核人王其超2022年-2023年创远信科 || 技术股份有限公司质量控制复核人2021年-2023年苏州朗威电子机 || 机械股份有限公司质量控制复核人注：以上信息系质量控制复核人近三年主
603009,2021-04-27,1209819396,北特科技：北特科技关于续聘会计师事务所的公告,,True,胜任能力：是2、质量控制复核人：朱敏执业资质：注册会计师、注册资产 || 会计师周燕波，及质量控制复核人朱敏不存在违反《中国注册会计师职业道
603013,2021-11-18,1211613119,亚普股份：亚普汽车部件股份有限公司关于变更拟签字项目合伙人及拟签字注册会计师的公告,,True,签字注册会计师、项目质量控制复核人等从业人员不存在违反《中国注册会计师
603015,2021-04-27,1209819447,弘讯科技：关于续聘会计师事务所的公告,,True,签字注册会计师、项目质量控制复核人近三年不存在因执业行为受到刑事处罚， || 签字注册会计师、项目质量控制复核人不存在可能影响独立性的情形。（三）审
603015,2022-04-25,1213086866,弘讯科技：关于续聘会计师事务所的公告,,True,17年2020年复核人审计报告；2020年复核粤华包Ｂ、涪 || 签字注册会计师、项目质量控制复核人近三年不存在因执业行为受到刑事处罚， || 签字注册会计师、项目质量控制复核人不存在可能影响独立性的情形。（三）审
603015,2024-04-24,1219763257,弘讯科技：关于续聘会计师事务所的公告,,True,人签字注册会计师项目质量复核人员姓名向晓三吴娜倪春华何时成为注册会计 || 签字注册会计师、项目质量复核人员近三年不存在因执业行为受到刑事处罚， || 签字注册会计师、项目质量复核人员不存在可能影响独立性的情形。(三)审
603020,2021-03-16,1209384185,爱普股份：续聘会计师事务所公告,,True,：未确定。（3）质量控制复核人信息：汪思薇，2006年成为注册会计 || （特殊普通合伙）质量控制复核人2、上述相关人员的独立性和诚信记录情 || 签字注册会计师、项目质量控制复核人不存在可能影响独立性的情形。4、审计
603020,2022-04-30,1213271180,爱普股份：爱普香料集团股份有限公司续聘会计师事务所公告,,True,专业服务。（3）质量控制复核人信息：汪思薇，2006年成为注册会计 || 签字注册会计师、项目质量控制复核人不存在可能影响独立性的情形。4、审计
603020,2024-04-23,1219737675,爱普股份：爱普香料集团股份有限公司续聘会计师事务所公告,,True,限公司等。（3）质量控制复核人信息：汪思薇，2006年成为注册会计
603021,2020-04-28,1207648868,山东华鹏：关于续聘会计师事务所的公告,,True,服务业务：是2.质量控制复核人：王凌燕执业资质：中国注册会计师从业
603022,2021-04-21,1209737620,新通联：新通联关于续聘会计师事务所的公告,,True,上述项目合伙人、质量控制复核人不存在违反《中国注册会计师职业道德守
603022,2020-04-10,1207473891,新通联：关于续聘会计师事务所的公告,,True,上述项目合伙人、质量控制复核人不存在违反《中国注册会计师职业道德守
603022,2023-04-25,1216552357,新通联：新通联关于续聘会计师事务所的公告,,True,上述项目合伙人、质量控制复核人不存在违反《中国注册会计师职业道德守
603022,2024-04-26,1219834530,新通联：新通联关于续聘会计师事务所的公告,,True,上述项目合伙人、质量控制复核人不存在违反《中国注册会计师职业道德守
603025,2021-06-05,1210170493,大豪科技：大豪科技关于变更会计师事务所的公告,,True,公司审计报告份。项目质量控制复核人：冯发明合伙人，拥有注册会计师执业资 || 人、注册会计师及质量控制复核人近三年不存在因执业行为受到刑事处罚， || 人、注册会计师及质量控制复核人员不存在违反《中国注册会计师职业道德
603030,2022-12-31,1215495912,全筑股份： 关于变更会计师事务所的公告,,True,）2021年年报独立复核人；担任亚太会计师事务所内上市公司年报 || 公司提供服务。拟项目质量控制复核人张庆栾：中国注册会计师，具备从事证券 || 字会计师郭杰和拟项目质量控制复核人张庆栾最近三年未受到过刑事处罚、行政 || 字会计师郭杰和拟项目质量控制复核人张庆栾不存在可能影响独立性的情形。4
603031,2022-04-08,1212839442,安德利：安徽安德利百货股份有限公司关于续聘2022年度审计机构的公告,,True,册会计师刘阳阳和项目质量控制复核人王虎未因执业行为受到刑事处罚，未因执 || 签字注册会计师和项目质量控制复核人不存在违反《中国注册会计师职业道德守
603031,2023-04-28,1216665272,安孚科技：安孚科技关于续聘公司2023年度审计机构的公告,,True,册会计师任栓栓和项目质量控制复核人朱来明未因执业行为受到刑事处罚，未因 || 签字注册会计师和项目质量控制复核人不存在违反《中国注册会计师职业道德守
603031,2024-03-12,1219288331,安孚科技：安孚科技关于续聘公司2024年度审计机构的公告,,True,册会计师任栓栓和项目质量控制复核人朱来明未因执业行为受到刑事处罚，未因 || 签字注册会计师和项目质量控制复核人不存在违反《中国注册会计师职业道德守
603033,2022-04-26,1213100707,三维股份：2022-017+三维控股集团股份有限公司关于续聘公司2022年度财务审计机构及内控审计机构的公告,,True,签字注册会计师、项目质量控制复核人近三年不存在因执业行为受到刑事处罚， || 签字注册会计师、项目质量控制复核人不存在可能影响独立性的情形。3（三）
603033,2021-04-27,1209806157,三维股份：2021-019+浙江三维橡胶制品股份有限公司关于续聘公司2021年度财务审计机构及内控审计机构的公告,,True,签字注册会计师、项目质量控制复核人近三年不存在因执业行为受到刑事处罚， || 签字注册会计师、项目质量控制复核人不存在可能影响独立性的情形。（三）审
603033,2024-04-30,1219905547,三维股份：2024-021+三维控股集团股份有限公司关于续聘公司2024年度财务审计机构及内控审计机构的公告,,True,签字注册会计师、项目质量复核人员近三年不存在因执业行为受到刑事处罚， || 签字注册会计师、项目质量复核人员不存在可能影响独立性的情形。4.审计
603033,2023-04-29,1216707841,三维股份：2023-014+三维控股集团股份有限公司关于续聘公司2022年度财务审计机构及内控审计机构的公告,,True,签字注册会计师、项目质量控制复核人近三年不存在因执业行为受到刑事处罚， || 签字注册会计师、项目质量控制复核人不存在可能影响独立性的情形。（三）审
603036,2024-04-12,1219579760,如通股份：如通股份关于续聘会计师事务所的公告,,True,06年2021年复核人计报告；2023年，签署江山欧派、梦 || 签字注册会计师、项目质量控制复核人近三年不存在因执业行为受到刑事处罚， || 签字注册会计师、项目质量控制复核人不存在可能影响独立性的情形。（三）审
603037,2022-04-30,1213271295,凯众股份：凯众股份关于续聘会计师事务所的公告,,True,券业务2拟安排的质量控制复核人：朱依君执业资质、高级会计师、澳大利 || 等上市公司审计的质量控制复核人。兼职情况无兼职情况是否从事过长期从 || 排的项目合伙人、质量控制复核人以及项目签字注册会计师不存在违犯《中
603037,2020-04-28,1207648990,凯众股份：关于续聘会计师事务所的公告,,True,券业务2拟安排的质量控制复核人：朱忆君执业资质、高级会计师、澳大利 || 等上市公司审计的质量控制复核人。兼职情况无兼职情况是否从事过长期从 || 排的项目合伙人、质量控制复核人以及项目签字注册会计师不存在违犯《中
603037,2021-04-27,1209819520,凯众股份：凯众股份关于续聘会计师事务所的公告,,True,券业务2拟安排的质量控制复核人：朱忆君执业资质、高级会计师、澳大利 || 等上市公司审计的质量控制复核人。兼职情况无兼职情况是否从事过长期从 || 排的项目合伙人、质量控制复核人以及项目签字注册会计师不存在违犯《中
603040,2021-04-27,1209810113,新坐标：新坐标关于续聘会计师事务所的公告,,True,司审计报告。2)质量控制复核人：赵亦飞执业资质：注册会计师从业经历 || 签字注册会计师、项目质量控制复核人近三年不存在因执业行为受到刑事处罚，
603040,2020-04-23,1207555104,新坐标：关于续聘会计师事务所的公告,,True,胜任能力：是2)质量控制复核人：赵亦飞执业资质：注册会计师从业经历 || 会计师洪建明，及质量控制复核人赵亦飞不存在违反《中国注册会计师职业
603040,2023-04-28,1216654210,新坐标：新坐标关于续聘会计师事务所的公告,,True,司审计报告。a)质量控制复核人：唐谷执业资质：注册会计师从业经历： || 签字注册会计师、项目质量控制复核人近三年不存在因执业行为受到刑事处罚，
603040,2024-04-27,1219878637,新坐标：新坐标关于续聘会计师事务所的公告,,True,司审计报告。2)质量控制复核人：唐谷执业资质：注册会计师从业经历： || 纪律处分的情况。项目质量控制复核人存在因执业行为受到行业主管部门的行政 || 签字注册会计师、项目质量控制复核人不存在可能影响独立性的情形。4．审计
603042,2020-04-18,1207528567,华脉科技：关于续聘会计师事务所的公告,,True,计鉴证工作。本期质量控制复核人：史春生（1）执业资质：中国注册会计
603042,2021-03-27,1209463406,华脉科技：华脉科技关于续聘会计师事务所的公告,,True,工作。(3)本期质量控制复核人：马向军执业资质：中国注册会计师是否 || 签字注册会计师、项目质量控制复核人近三年（最近三个完整自然年度及当年） || 签字注册会计师、项目质量控制复核人，不存在违反《中国注册会计师职业道德
603042,2024-04-20,1219707295,华脉科技：关于续聘2024年度会计师事务所的公告,,True,签字注册会计师、项目质量控制复核人近三年（最近三个完整自然年度及当年） || 签字注册会计师、项目质量控制复核人，不存在违反《中国注册会计师职业道德
603042,2023-04-20,1216479700,华脉科技：华脉科技关于续聘2023年度会计师事务所的公告,,True,签字注册会计师、项目质量控制复核人近三年（最近三个完整自然年度及当年） || 签字注册会计师、项目质量控制复核人，不存在违反《中国注册会计师职业道德
603042,2022-04-23,1213054930,华脉科技：华脉科技：关于公司2022年度续聘会计师事务所的公告,,True,工作。(3)本期质量控制复核人：马向军执业资质：中国注册会计师是否 || 签字注册会计师、项目质量控制复核人近三年（最近三个完整自然年度及当年） || 签字注册会计师、项目质量控制复核人，不存在违反《中国注册会计师职业道德
603048,2024-04-27,1219878750,浙江黎明：关于续聘会计师事务所的公告,,True,人签字注册会计师项目质量复核人员姓名陆俊洁徐渊许念来何时成为注册会计 || 签字注册会计师、项目质量复核人员近三年不存在因执业行为受到刑事处罚， || 签字注册会计师、项目质量复核人员不存在可能影响独立性的情形。4.审计
603048,2022-04-26,1213121244,浙江黎明：关于续聘会计师事务所的公告,,True,年5月2021年复核人应流股份公司和广大特材公司2019年 || 签字注册会计师、项目质量控制复核人近三年不存在因执业行为受到刑事处罚， || 签字注册会计师、项目质量控制复核人不存在可能影响独立性的情形。4.审计
603051,2022-11-18,1215140246,鹿山新材：广州鹿山新材料股份有限公司关于变更审计机构项目合伙人和项目质量控制复核人的公告,,True,机构项目合伙人和项目质量控制复核人的公告本公司董事会及全体董事保证本公 || 公司项目合伙人和项目质量控制复核人的函》，具体情况如下：一、本次项目合 || 本次项目合伙人和项目质量控制复核人变更情况立信事务所作为公司2022年 || 计师，张帆先生为项目质量控制复核人。鉴于立信事务所内部工作调整，现指派 || 指派王红娜女士为项目质量控制复核人。二、本次新任项目合伙人和项目质量控 || 新任项目合伙人和项目质量控制复核人的基本信息王首一先生，中国注册会计师
603052,2023-03-28,1216235569,可川科技：关于续聘会计师事务所的公告,,True,注册会计师周浩、项目质量控制复核人孙奇近三年内未曾因执业行为受到刑事处 || 签字注册会计师、项目质量控制复核人不存在可能影响独立性的情形，不存在违
603052,2024-04-29,1219890758,可川科技：关于续聘会计师事务所的公告,,True,注册会计师王荣、项目质量控制复核人孙奇近三年内未曾因执业行为受到刑事处 || 签字注册会计师、项目质量控制复核人不存在可能影响独立性的情形，不存在违
603053,2023-08-19,1217573216,成都燃气：成都燃气关于续聘会计师事务所的公告,,True,单位兼职。拟安排质量控制复核人员：廖群，注册会计师注册时间为200 || 签字注册会计师和质量控制复核人不存在违反《中国注册会计师职业道德守
603053,2021-08-13,1210733632,成都燃气：成都燃气关于变更会计师事务所的公告,,True,位兼职。3拟安排质量控制复核人员：廖群，注册会计师注册时间为200 || 签字注册会计师和质量控制复核人不存在违反《中国注册会计师职业道德守
603053,2022-08-13,1214283694,成都燃气：成都燃气关于续聘会计师事务所的公告,,True,单位兼职。拟安排质量控制复核人员：廖群，注册会计师注册时间为200 || 签字注册会计师和质量控制复核人不存在违反《中国注册会计师职业道德守
603055,2020-04-28,1207649078,台华新材：关于续聘2020年度会计师事务所的公告,,True,胜任能力：是2、质量控制复核人：刘彬文执业资质：注册会计师从业经历 || 目合伙人邵明亮、质量控制复核人刘彬文及拟签字会计师韩秀春不存在违反
603061,2023-04-26,1216580198,金海通：关于续聘2023年度外部审计机构的公告,,True,卉及许国静、项目质量复核人潘汝彬近三年内未曾因执业行为受到刑事
603061,2024-04-27,1219878802,金海通：关于续聘2024年度外部审计机构的公告,,True,会计师郑林、项目质量复核人潘汝彬近三年内未曾因执业行为受到刑事
603063,2022-03-31,1212753642,禾望电气：禾望电气关于聘任会计师事务所的公告,,True,师事务所正在开展项目质量复核人员独立性轮换工作，因此目前制复核尚无法 || 2年度审计项目的质量复核人员。公司将在天健会计师事务所确定项人目 || 事务所确定项人目质量复核人员后及时披露相关人员信息。2、诚信记录 || 签字注册会计师、项目质量控制复核人近三年不存在因执业行为受到刑事处罚， || 签字注册会计师、项目质量控制复核人不存在可能影响独立性的情形。4、审计
603063,2023-04-07,1216345816,禾望电气：深圳市禾望电气股份有限公司关于聘任会计师事务所的公告,,True,通合伙）正在开展项目质量复核人员独立性轮制复核换工作，因此目前尚无法 || 3年度审计项目的质量复核人员。公司将在天健会人计师事务所（特殊普 || 殊普通合伙）确定项目质量复核人员后及时披露相关人员信息。2.诚信记录 || 签字注册会计师、项目质量控制复核人不存在可能影响独立性的情形。4.审计
603063,2021-04-28,1209834471,禾望电气：禾望电气关于聘任会计师事务所的公告,,True,签字注册会计师、项目质量控制复核人近三年不存在因执业行为受到刑事处罚， || 签字注册会计师、项目质量控制复核人不存在可能影响独立性的情形。4、审计
603063,2024-04-19,1219670192,禾望电气：深圳市禾望电气股份有限公司关于聘任会计师事务所的公告,,True,签字注册会计师、项目质量复核人员近三年不存在因执业行为受到刑事处罚， || 签字注册会计师、项目质量复核人员不存在可能影响独立性的情形。4、审计
603067,2020-04-29,1207669841,振华股份：关于续聘会计师事务所的公告,,True,证券业务。2、拟质量控制复核人员：刘仁勇注册会计师，具有丰富的证券 || 签字注册会计师及质量复核人员未持有和买卖公司股票，也不存在影响独
603065,2024-04-27,1219878840,宿迁联盛：宿迁联盛关于续聘立信会计师事务所（特殊普通合伙）为公司2024年度财务和内部控制审计机构的公告,,True,签字注册会计师和质量控制复核人近三年没有因执业行为受到刑事处罚，受 || 签字注册会计师和质量控制复核人不存在违反《中国注册会计师职业道德守
603067,2021-03-30,1209473727,振华股份：振华股份关于续聘会计师事务所的公告,,True,证券业务。2、拟质量控制复核人员：刘仁勇注册会计师，具有丰富的证券 || 签字注册会计师及质量复核人员未持有和买卖公司股票，也不存在影响独
603067,2022-04-22,1213023421,振华股份：振华股份关于续聘会计师事务所的公告,,True,证券业务。2、拟质量控制复核人员：肖献敏拥有注册会计师执业资质，2 || 签字注册会计师及质量复核人员未持有和买卖公司股票，也不存在影响独
603067,2023-03-31,1216280079,振华股份：振华股份关于续聘会计师事务所的公告,,True,证券业务。3、拟质量控制复核人员：肖献敏拥有注册会计师执业资质。2 || 签字注册会计师及质量控制复核人员不存在违反《中国注册会计师职业道德 || 签字注册会计师及质量控制复核人员近三年不存在因执业行为受到刑事处罚
603070,2022-04-27,1213137188,万控智造：万控智造：关于续聘2022年度审计机构的公告,,True,签字注册会计师、项目质量控制复核人近三年不存在因执业行为受到刑事处罚， || 签字注册会计师、项目质量控制复核人不存在可能影响独立性的情形。二、拟续
603070,2023-04-19,1216454876,万控智造：万控智造：关于续聘2023年度审计机构的公告,,True,签字注册会计师、项目质量控制复核人近三年不存在因执业行为受到刑事处罚， || 签字注册会计师、项目质量控制复核人不存在可能影响独立性的情形。二、拟续
603070,2024-04-27,1219878901,万控智造：万控智造：关于续聘2024年度审计机构的公告,,True,签字注册会计师、项目质量复核人员近三年不存在因执业行为受到刑事处罚， || 签字注册会计师、项目质量控制复核人不存在可能影响独立性的情形。4．审计
603077,2020-04-22,1207550255,和邦生物：关于续聘会计师事务所的公告,,True,职。（3）拟安排质量控制复核人员：何均，中国注册会计师，1999年 || 签字注册会计师和项目质量控制复核人最近三年未受到刑事处罚、行政处罚、行
603073,2024-04-26,1219817060,彩蝶实业：浙江彩蝶实业股份有限公司关于续聘公司2024年度审计机构的公告,,True,人签字注册会计师项目质量复核人员姓名陈志维沈晓燕章天赐何时成为注册会 || 签字注册会计师、项目质量控制复核人近三年不存在因执业行为受到刑事处罚， || 签字注册会计师、项目质量控制复核人不存在可能影响独立性的情形。4、审计
603073,2023-04-27,1216620141,彩蝶实业：浙江彩蝶实业股份有限公司关于续聘公司2023年度审计机构的公告,,True,签字注册会计师、项目质量控制复核人近三年不存在因执业行为受到刑事处罚， || 签字注册会计师、项目质量控制复核人不存在可能影响独立性的情形。4、审计
603075,2024-04-16,1219619792,热威股份：关于续聘会计师事务所的公告,,True,人签字注册会计师项目质量复核人员姓名叶喜撑张琳陈继平何时成为注册会计 || 签字注册会计师、项目质量复核人员近三年不存在因执业行为受到刑事处罚， || 签字注册会计师、项目质量复核人员不存在可能影响独立性的情形。4、审计
603079,2022-04-29,1213225403,圣达生物：浙江圣达生物药业股份有限公司关于续聘2022年度审计机构的公告,,True,签字注册会计师、项目质量控制复核人近三年不存在因执业行为受到刑事处罚， || 签字注册会计师、项目质量控制复核人不存在可能影响独立性的情形。（三）审
603079,2020-04-28,1207634882,圣达生物：关于续聘2020年度审计机构的公告,,True,晨注册会计师无是复核人天健从事审计相关工作2005年7月起
603079,2021-04-13,1209677802,圣达生物：浙江圣达生物药业股份有限公司关于续聘2021年度审计机构的公告,,True,签字注册会计师、项目质量控制复核人近三年不存在因执业行为受到刑事处罚， || 签字注册会计师、项目质量控制复核人不存在可能影响独立性的情形。（三）审
603079,2023-03-25,1216220082,圣达生物：浙江圣达生物药业股份有限公司关于续聘2023年度审计机构的公告,,True,签字注册会计师、项目质量控制复核人近三年不存在因执业行为受到刑事处罚， || 签字注册会计师、项目质量控制复核人不存在可能影响独立性的情形。（三）审
603079,2024-04-20,1219705498,圣达生物：浙江圣达生物药业股份有限公司关于续聘2024年度审计机构的公告,,True,签字注册会计师、项目质量控制复核人近三年不存在因执业行为受到刑事处罚， || 签字注册会计师、项目质量控制复核人不存在可能影响独立性的情形。（三）审
603089,2022-04-22,1213022949,正裕工业：关于续聘会计师事务所的公告,,True,签字注册会计师、项目质量控制复核人近三年不存在因执业行为受到刑事处罚， || 签字注册会计师、项目质量控制复核人不存在可能影响独立性的情形。4、审计
603089,2021-04-23,1209770346,正裕工业：关于续聘会计师事务所的公告,,True,签字注册会计师、项目质量控制复核人近三年不存在因执业行为受到刑事处罚， || 签字注册会计师、项目质量控制复核人不存在可能影响独立性的情形。4、审计
603089,2024-04-19,1219668308,正裕工业：关于续聘会计师事务所的公告,,True,签字注册会计师、项目质量控制复核人近三年不存在因执业行为受到刑事处罚， || 签字注册会计师、项目质量控制复核人不存在可能影响独立性的情形。4、审计
603089,2023-04-21,1216491076,正裕工业：关于续聘会计师事务所的公告,,True,签字注册会计师、项目质量控制复核人近三年不存在因执业行为受到刑事处罚， || 签字注册会计师、项目质量控制复核人不存在可能影响独立性的情形。4、审计
603095,2022-04-15,1212923388,越剑智能：关于续聘会计师事务所的公告,,True,15年2021年复核人农发等上市公司审计报告22.诚信记录 || 签字注册会计师、项目质量控制复核人近三年存在因执业行为受到刑事处罚，受 || 签字注册会计师、项目质量控制复核人不存在可能影响独立性的情形。4、审计
603093,2023-03-11,1216095364,南华期货：南华期货股份有限公司续聘会计师事务所公告,,True,签字注册会计师、项目质量控制复核人近三年不存在因执业行为受到刑事处罚， || 册会计师、项目3质量控制复核人不存在可能影响独立性的情形。4.审计
603095,2021-04-12,1209672160,越剑智能：关于续聘会计师事务所的公告,,True,市公司2018年复核人度审计报告；2020年，签署苏垦农发 || 签字注册会计师、项目质量控制复核人近三年不存在因执业行为受到刑事处罚， || 签字注册会计师、项目质量控制复核人不存在可能影响独立性的情形。4、审计
603095,2024-04-13,1219593393,越剑智能：关于续聘会计师事务所的公告,,True,23年3家王其超质量控制复核人2001年1999年2009年7月2 || 签字注册会计师、项目质量控制复核人近三年不存在因执业行为受到刑事处罚， || 签字注册会计师、项目质量控制复核人不存在可能影响独立性的情形。4、审计
603093,2024-03-09,1219266067,南华期货：南华期货股份有限公司续聘会计师事务所公告,,True,审计何时开始在本质量复核人2000年2019年员独立性轮所执业 || 签字注册会计师、项目质量复核人员近三年存在因执业行为受到刑事处罚，受 || 签字注册会计师、项目质量复核人员不存在可能影响独立性的情形。4.审计 || 人、签字会计师和质量控制复核人不存在违反独立性要求的情形。为保持公
603095,2023-11-14,1218324863,越剑智能：关于变更会计师事务所的公告,,True,23年3家王其超质量控制复核人2001年1999年2009年7月2 || 签字注册会计师、项目质量控制复核人近三年不存在因执业行为受到刑事处罚， || 签字注册会计师、项目质量控制复核人不存在可能影响独立性的情形。4、审计
603096,2023-12-14,1218608589,新经典：关于聘任会计师事务所的公告,,True,年2019年4家复核人2.诚信记录项目合伙人、签字注册会计 || 签字注册会计师和项目质量控制复核人近三年均未受到过刑事处罚、行政处罚、 || 签字注册会计师和质量控制复核人不存在违反《中国注册会计师职业道德守
603097,2023-04-14,1216403267,江苏华辰：江苏华辰关于2023年度续聘会计师事务所的公告,,True,5年2022年制复核人天宇股份、新化股份、炬华科技2020 || 签字注册会计师、项目质量控制复核人近三年不存在因执业行为受到刑事处罚， || 签字注册会计师、项目质量控制复核人不存在可能影响独立性的情形。4.审计
603097,2024-04-25,1219799972,江苏华辰：江苏华辰关于2024年度续聘会计师事务所的公告,,True,5年2022年制复核人技、三维股份、天宇股份等2021年年 || 签字注册会计师、项目质量复核人员近三年不存在因执业行为受到刑事处罚， || 签字注册会计师、项目质量复核人员不存在可能影响独立性的情形。4.审计
603100,2022-04-23,1213052600,川仪股份：川仪股份关于续聘会计师事务所的公告,,True,签字注册会计师、项目质量控制复核人近三年不存在因执业行为受到刑事处罚， || 签字注册会计师、项目质量控制复核人不存在可能影响独立性的情形。4.审计
603101,2023-03-01,1216004855,汇嘉时代：关于续聘会计师事务所的公告,,True,在其他单位兼职。质量控制复核人员：冯发明拥有注册会计师执业资质。2 || 签字注册会计师、项目质量控制复核人近三年（最近三个完整自然年度及当年）
603101,2023-12-13,1218594434,汇嘉时代：关于续聘会计师事务所的公告,,True,在其他单位兼职。质量控制复核人员：冯发明拥有注册会计师执业资质。2 || 签字注册会计师及质量控制复核人员近三年不存在因执业行为受到刑事处罚 || 签字注册会计师及质量控制复核人员不存在违反《中国注册会计师职业道德
603105,2020-04-28,1207649249,芯能科技：关于续聘会计师事务所的公告,,True,务所（特殊普通是复核人位任职合伙），审计相关工作2004年
603105,2022-04-26,1213104868,芯能科技：浙江芯能光伏科技股份有限公司关于续聘会计师事务所的公告,,True,行、正虹科技等年复核人度审计报告2、诚信记录项目合伙人、签 || 签字注册会计师、项目质量控制复核人近三年因执业行为受到刑事处罚，受到证 || 签字注册会计师、项目质量控制复核人不存在可能影响独立性的情形。（三）审
603105,2021-04-21,1209736593,芯能科技：浙江芯能光伏科技股份有限公司关于续聘会计师事务所的公告,,True,签字注册会计师、项目质量控制复核人近三年不存在因执业行为受到刑事处罚， || 签字注册会计师、项目质量控制复核人不存在可能影响独立性的情形（三）审计
603105,2023-03-16,1216129059,芯能科技：浙江芯能光伏科技股份有限公司关于续聘会计师事务所的公告,,True,签字注册会计师、项目质量控制复核人近三年存在因执业行为受到刑事处罚，受 || 签字注册会计师、项目质量控制复核人不存在可能影响独立性的情形。（三）审
603109,2021-04-20,1209722629,神驰机电：关于续聘会计师事务所的的公告,,True,单位兼职。拟安排质量控制复核人员：张美琳－2－中国注册会计师，注册 || 签字注册会计师和项目质量控制复核人最近三年未受到刑事处罚、行政处罚、行
603109,2020-04-21,1207542676,神驰机电：关于续聘会计师事务所的公告,,True,职。（3）拟安排质量控制复核人员：廖群中国注册会计师，2001年起 || 签字注册会计师和项目质量控制复核人最近三年未受到刑事处罚、行政处罚、行
603109,2022-04-08,1212837027,神驰机电：关于变更会计师事务所的公告,,True,报告2家。拟安排质量控制复核人员：王皓东2008年成为注册会计师， || 签字注册会计师和项目质量控制复核人最近三年不存在因执业行为受到刑事处罚
603109,2023-03-30,1216260082,神驰机电：关于续聘会计师事务所的的公告,,True,报告2家。拟安排质量控制复核人员：史志强2010年成为注册会计师， || 签字注册会计师、项目质量控制复核人近三年不存在因执业行为受到刑事处罚， || 签字注册会计师、项目质量控制复核人等不存在可能影响独立性的情形。3、审
603112,2021-04-26,1209800165,华翔股份：关于续聘会计师事务所的公告,,True,年年度审计报告；复核人2019年，签署杭钢股份、富春环保、 || 签字注册会计师、项目质量控制复核人近三年不存在因执业行为受到刑事处罚， || 签字注册会计师、项目质量控制复核人不存在可能影响独立性的情形。4、审计
603115,2021-03-27,1209463106,海星股份：关于聘任2021年度审计机构的公告,,True,签字注册会计师、项目质量控制复核人近三年不存在因执业行为受到刑事处罚， || 签字注册会计师、项目质量控制复核人不存在可能影响独立性的情形。（三）审
603115,2024-04-18,1219650689,海星股份：关于聘任2024年度审计机构的公告,,True,签字注册会计师、项目质量控制复核人近三年不存在因执业行为受到刑事处罚， || 签字注册会计师、项目质量控制复核人不存在可能影响独立性的情形。（三）审
603115,2022-04-21,1212998872,海星股份：关于聘任2022年度审计机构的公告,,True,签字注册会计师、项目质量控制复核人近三年不存在因执业行为受到刑事处罚， || 签字注册会计师、项目质量控制复核人不存在可能影响独立性的情形。（三）审
603115,2023-04-12,1216380139,海星股份：关于聘任2023年度审计机构的公告,,True,签字注册会计师、项目质量控制复核人近三年不存在因执业行为受到刑事处罚， || 签字注册会计师、项目质量控制复核人不存在可能影响独立性的情形。（三）审
603117,2020-12-15,1208899847,万林物流：关于变更会计师事务所的公告,,True,事务所顾洪涛无是复核人会计师（特殊普通合伙）从事审计相关工
603117,2021-04-29,1209861204,万林物流：万林物流关于续聘会计师事务所的公告,,True,签字注册会计师、项目质量控制复核人近三年不存在因执业行为受到刑事处罚， || 签字注册会计师、项目质量控制复核人不存在可能影响独立性的情形。4.审计
603119,2024-04-25,1219791327,浙江荣泰：浙江荣泰电工器材股份有限公司关于续聘会计师事务所的公告,,True,02年2019年复核人7月报告，复核1家上市公司审计报告2 || 签字注册会计师、项目质量控制复核人近三年不存在因执业行为受到刑事处罚， || 签字注册会计师、项目质量控制复核人不存在可能影响独立性的情形。（三）审 || 上述项目合伙人、质量控制复核人和本期签字会计师不存在违反《中国注册
603127,2020-04-13,1207488147,昭衍新药：关于续聘会计师事务所的公告,,True,项目合伙人葛惠平质量控制复核人郭澳签字会计师葛惠平、阚忠生葛惠平，
603130,2024-04-11,1219566280,云中马：浙江云中马股份有限公司关于续聘会计师事务所的公告,,True,签字注册会计师、项目质量复核人员近三年不存在因执业行为受到刑事处罚， || 签字注册会计师、项目质量控制复核人不存在可能影响独立性的情形。4、审计
603130,2023-04-18,1216439965,云中马：浙江云中马股份有限公司关于续聘会计师事务所的公告,,True,签字注册会计师、项目质量控制复核人近三年不存在因执业行为受到刑事处罚， || 签字注册会计师、项目质量控制复核人不存在可能影响独立性的情形。4、审计
603132,2024-03-23,1219387851,金徽股份：金徽股份关于续聘2024年度审计机构的公告,,True,人签字注册会计师项目质量复核人员姓名张立琰杨雪燕章静静何时成为注册会 || 签字注册会计师、项目质量控制复核人近三年不存在因执业行为受到刑事处罚， || 签字注册会计师、项目质量控制复核人不存在可能影响独立性的情形。4、审计
603132,2023-03-28,1216235006,金徽股份：金徽矿业股份有限公司关于续聘2023年度审计机构的公告,,True,签字注册会计师、项目质量控制复核人近三年不存在因执业行为受到刑事处罚， || 签字注册会计师、项目质量控制复核人不存在可能影响独立性的情形。4、审计
603136,2022-04-29,1213195411,天目湖：江苏天目湖旅游股份有限公司关于续聘会计师事务所的公告,,True,单位兼职。拟安排项目质量复核人员先生：刘仁勇，拥有注册会计师执业资质 || 签字注册会计师及质量控制复核人员不存在违反《中国注册会计师职业道德
603153,2024-04-26,1219820161,上海建科：上海建科集团股份有限公司续聘会计师事务所公告,,True,人签字注册会计师项目质量复核人员姓名曹小勤沈文伟龚文昌何时成为注册2 || 签字注册会计师、项目质量控制复核人近三年不存3在因执业行为受到刑事处罚 || 签字注册会计师、项目质量控制复核人不存在可能影响独立性的情形。4.审计
603153,2023-04-28,1216655255,上海建科：上海建科集团股份有限公司续聘会计师事务所公告,,True,签字注册会计师、项目质量控制复核人近三年不存在因执业行为受到刑事处罚， || 签字注册会计师、项目质量控制复核人不存在可能影响独立性的情形。4.审计
603160,2020-10-22,1208596810,汇顶科技：关于续聘会计师事务所的公告,,True,华会计师事务无是复核人430300070002）所（特殊普
603160,2021-12-15,1211903921,汇顶科技：关于续聘公司2021年度会计师事务所的公告,,True,年度超过50家制复核人本期拟签字陈葆华1995年9月199
603168,2021-04-20,1209729513,莎普爱思：莎普爱思关于续聘公司2021年度审计机构的公告,,True,签字注册会计师、项目质量控制复核人近三年不存在因执业行为受到刑事处罚， || 签字注册会计师、项目质量控制复核人不存在可能影响独立性的情形。（三）审
603168,2024-04-20,1219706570,莎普爱思：莎普爱思关于续聘会计师事务所的公告,,True,签字注册会计师、项目质量控制复核人近三年不存在因执业行为受到刑事处罚， || 签字注册会计师、项目质量控制复核人不存在可能影响独立性的情形。（三）审
603168,2022-03-29,1212710370,莎普爱思：莎普爱思关于续聘公司2022年度审计机构的公告,,True,签字注册会计师、项目质量控制复核人近三年不存在因执业行为受到刑事处罚， || 签字注册会计师、项目质量控制复核人不存在可能影响独立性的情形。（三）审
603168,2023-04-29,1216693979,莎普爱思：莎普爱思关于续聘会计师事务所的公告,,True,签字注册会计师、项目质量控制复核人近三年不存在因执业行为受到刑事处罚， || 签字注册会计师、项目质量控制复核人不存在可能影响独立性的情形。（三）审
603169,2023-01-05,1215526022,兰石重装：兰石重装关于变更签字注册会计师的公告,,True,为张海英、荀英，项目质量控制复核人仍为王凯利。二、本次变更签字会计师信
603171,2022-04-19,1212961783,税友股份：关于续聘公司2022年度审计机构的公告,,True,签字注册会计师、项目质量控制复核人近三年不存在因执业行为受到刑事处罚， || 签字注册会计师、项目质量控制复核人不存在可能影响独立性的情形。4.审计
603170,2024-04-26,1219819458,宝立食品：关于续聘会计师事务所的公告,,True,人签字注册会计师项目质量复核人员姓名左芹芹陈茂行章天赐何时成为注册会 || 签字注册会计师、项目质量控制复核人近三年不存在因执业行为受到刑事处罚， || 签字注册会计师、项目质量控制复核人不存在可能影响独立性的情形。4、审计
603171,2024-04-16,1219624965,税友股份：关于续聘公司2024年年度审计机构的公告,,True,基本信息人会计师复核人员姓名朱国刚洪涛谢军何时成为注册会计 || 签字注册会计师、项目质量复核人员近三年不存在因执业行为受到刑事处罚， || 签字注册会计师、项目质量复核人员不存在可能影响独立性的情形。4、审计
603171,2023-04-18,1216440019,税友股份：关于续聘公司2023年年度审计机构的公告,,True,年2022年注3复核人注1：2020年，签署杭锅股份、精功 || 签字注册会计师、项目质量控制复核人近三年不存在因执业行为受到刑事处罚， || 签字注册会计师、项目质量控制复核人不存在可能影响独立性的情形。4、审计
603177,2021-04-29,1209859175,德创环保：603177：德创环保关于续聘会计师事务所的公告,,True,签字注册会计师、项目质量控制复核人近三年不存在因执业行为受到刑事处罚， || 签字注册会计师、项目质量控制复核人不存在可能影响独立性的情形。（三）审
603177,2022-04-22,1213020037,德创环保：603177：德创环保关于续聘会计师事务所的公告,,True,签字注册会计师、项目质量控制复核人近三年不存在因执业行为受到刑事处罚， || 签字注册会计师、项目质量控制复核人不存在可能影响独立性的情形。（三）审
603177,2023-04-28,1216665373,德创环保：603177：德创环保关于续聘会计师事务所的公告,,True,签字注册会计师、项目质量控制复核人近三年不存在因执业行为受到刑事处罚， || 签字注册会计师、项目质量控制复核人不存在可能影响独立性的情形。（三）审
603177,2024-04-26,1219840240,德创环保：603177：德创环保关于续聘会计师事务所的公告,,True,人签字注册会计师项目质量复核人员姓名方国华梅根学李新葵何时成为注册会 || 签字注册会计师、项目质量复核人员近三年不存在因执业行为受到刑事处罚， || 签字注册会计师、项目质量复核人员不存在可能影响独立性的情形。（三）审
603178,2022-04-19,1212959389,圣龙股份：圣龙股份关于续聘天健会计师事务所为公司2022年度审计机构的公告,,True,签字注册会计师、项目质量控制复核人近三年不存在因执业行为受到刑事处罚， || 签字注册会计师、项目质量控制复核人不存在可能影响独立性的情形。(三)审
603179,2020-03-28,1207418028,新泉股份：关于续聘会计师事务所的公告,,True,签字注册会计师和质量控制复核人不存在违反《中国注册会计师职业道德守
603178,2021-10-22,1211344848,圣龙股份：关于续聘天健会计师事务所（特殊普通合伙）为公司2021年度审计机构的公告,,True,签字注册会计师、项目质量控制复核人近三年不存在因执业行为受到刑事处罚， || 签字注册会计师、项目质量控制复核人不存在可能影响独立性的情形。(三)审
603178,2023-04-25,1216562038,圣龙股份：圣龙股份关于续聘天健会计师事务所为公司2023年度审计机构的公告,,True,签字注册会计师、项目质量控制复核人近三年不存在因执业行为受到刑事处罚， || 签字注册会计师、项目质量控制复核人不存在可能影响独立性的情形。(三)审
603178,2020-04-28,1207649379,圣龙股份：关于续聘天健会计师事务所为公司2020年度审计机构的公告,,True,国注册会计师无是复核人务所，从事审计相关工作施其林1994
603181,2022-04-19,1212957813,皇马科技：皇马科技关于续聘公司2022年度审计机构的公告,,True,签字注册会计师、项目质量控制复核人近三年不存在因执业行为受到刑事处罚， || 签字注册会计师、项目质量控制复核人不存在可能影响独立性的情形。（三）审
603181,2023-04-12,1216378254,皇马科技：皇马科技关于续聘公司2023年度审计机构的公告,,True,签字注册会计师、项目质量控制复核人近三年不存在因执业行为受到刑事处罚， || 签字注册会计师、项目质量控制复核人不存在可能影响独立性的情形。（三）审
603182,2024-04-16,1219624826,嘉华股份：嘉华股份关于续聘会计师事务所的公告,,True,中马、英方软件、复核人嘉华股份等上市公司审计报告2.诚信记 || 签字注册会计师、项目质量控制复核人近三年不存在因执业行为受到刑事处罚， || 签字注册会计师、项目质量控制复核人不存在可能影响独立性的情形。4.审计
603181,2024-04-18,1219650174,皇马科技：皇马科技关于续聘公司2024年度审计机构的公告,,True,人签字注册会计师项目质量复核人员姓名吴慧戚铁桥唐明何时成为注册200 || 签字注册会计师、项目质量复核人员近三年不存在因执业行为受到刑事处罚， || 签字注册会计师、项目质量复核人员不存在可能影响独立性的情形。（三）审
603181,2021-04-12,1209671918,皇马科技：关于续聘公司2021年度审计机构的公告,,True,签字注册会计师、项目质量控制复核人近三年不存在因执业行为受到刑事处罚， || 签字注册会计师、项目质量控制复核人不存在可能影响独立性的情形。（三）审
603182,2023-04-18,1216437700,嘉华股份：嘉华股份关于续聘会计师事务所的公告,,True,2年化工、蔚蓝锂复核人芯、嘉华股份等上市公司审计报告2.诚 || 签字注册会计师、项目质量控制复核人近三年不存在因执业行为受到刑事处罚， || 签字注册会计师、项目质量控制复核人不存在可能影响独立性的情形。4.审计
603185,2023-02-22,1215923863,上机数控：关于变更签字注册会计师的公告,,True,会计师，李泰逢为项目质量复核人员为公司提供审计服务。鉴于原签字注册会 || 为王翔、吕恺琳，项目质量控制复核人仍为李泰逢。二、本次变更签字注册会计 || 签字注册会计师及项目质量复核人员对公司的影响本次变更过程中相关工作安
603186,2020-03-12,1207365367,华正新材：关于续聘公司2020年度审计机构的公告,,True,胜任能力：是2、质量控制复核人：余亚进执业资质：注册会计师从业经历 || 字会计师唐谷，及质量控制复核人余亚进不存在违反《中国注册会计师职业
603188,2020-04-29,1207669885,ST亚邦：关于续聘会计师事务所的公告,,True,志强先生为3项目质量复核合伙人。上述人员从业经历如下：陈莉女士：本
603188,2021-04-28,1209827303,ST亚邦：ST亚邦关于续聘会计师事务所公告,,True,闵志强先生为项目质量复核合伙人。上述人员从业经历如下：陈莉女士：本
603189,2020-04-18,1207528644,网达软件：关于续聘会计师事务所的公告,,True,力：是2、拟签字项目质量控制复核人：李会英执业资质：注册会计师、注册资 || 目合伙人陆炜炜及质量控制复核人李会英不存在违反《中国注册会计师职业
603188,2023-04-26,1216589304,亚邦股份：亚邦股份关于续聘会计师事务所的公告,,True,汪焕新先生为项目质量复核合伙人。上述人员从业经历如下：邱平女士：本
603189,2021-03-23,1209428460,网达软件：关于续聘会计师事务所的公告,,True,力：是2、拟签字项目质量控制复核人：李会英执业资质：注册会计师、注册资 || 目合伙人陆炜炜及质量控制复核人李会英不存在违反《中国注册会计师职业
603188,2022-04-27,1213135274,亚邦股份：亚邦股份关于续聘会计师事务所的公告,,True,汪焕新先生为项目质量复核合伙人。上述人员从业经历如下：陈莉女士：本
603188,2024-04-30,1219917537,亚邦股份：亚邦股份关于续聘公司2024年度财务审计机构和内控审计机构的公告,,True,罗顺华先生为项目质量复核合伙人。上述人员从业经历如下：常桂华女士：
603196,2021-04-26,1209800275,日播时尚：日播时尚关于续聘会计师事务所的公告,,True,人签字注册会计师质量控制复核人姓名严臻何亮亮朱依君成为执业注册会计 || 市公司审计报告；质量控制复核人朱依君近三年签署或复核包括鸣志电器（ || 签字注册会计师和质量控制复核人不存在违反《中国注册会计师职业道德守
603193,2023-12-08,1218547627,润本股份：关于变更会计师事务所暨聘请2023年度审计机构的公告,,True,审计报告。（3）质量控制复核人员：陈新伟，2011年起从事上市公司 || 签字注册会计师、项目质量控制复核人近三年未因执业行为受到刑事处罚，证监 || 签字注册会计师、项目质量控制复核人不存在违反《中国注册会计师职业道德守
603195,2024-04-26,1219840357,公牛集团：公牛集团股份有限公司关于续聘会计师事务所的公告,,True,24年[注2]制复核人[注1]近三年签署及复核7家上市公司 || 签字注册会计师、项目质量复核人员近三年不存在因执业行为受到刑事处罚， || 签字注册会计师、项目质量复核人员不存在可能影响独立性的情形。4.审计
603206,2023-04-27,1216620293,嘉环科技：关于续聘2023年度审计机构的公告,,True,签字注册会计师、项目质量控制复核人近三年（最近三个完整自然年度及当年） || 签字注册会计师、项目质量控制复核人，不存在违反《中国注册会计师职业道德
603206,2022-05-31,1213551288,嘉环科技：关于续聘会计师事务所的公告,,True,签字注册会计师、项目质量控制复核人近三年（最近三个完整自然年度及当年） || 签字注册会计师、项目质量控制复核人，不存在违反《中国注册会计师职业道德
603208,2022-04-29,1213225507,江山欧派：江山欧派关于续聘2022年度会计师事务所的公告,,True,签字注册会计师、项目质量控制复核人近三年不存在因执业行为受到刑事处罚， || 签字注册会计师、项目质量控制复核人不存在可能影响独立性的情形。（三）审
603200,2020-04-28,1207649456,上海洗霸：关于续聘会计师事务所的公告,,True,等上市公司审计的质量控制复核人。兼职情况：无。2.拟签字注册会计师 || 职情况：无。3.质量控制复核人姓名：莫旭巍执业资质：中国注册会计师 || 等上市公司审计的质量控制复核人。兼职情况：担任一家上市公司独立董事 || 计师刘磊、袁宙及质量控制负责人莫旭巍符合独立性要求，近三年未受到刑
603208,2024-04-25,1219789482,江山欧派：江山欧派关于续聘2024年度会计师事务所的公告,,True,人签字注册会计师项目质量控制复核人员姓名张颖倪顺涛高丽何时成为注册会计 || 签字注册会计师、项目质量控制复核人近三年不存在因执业行为受到刑事处罚， || 签字注册会计师、项目质量控制复核人员不存在可能影响独立性的情形。4.审
603208,2021-04-28,1209842779,江山欧派：江山欧派关于续聘2021年度会计师事务所的公告,,True,签字注册会计师、项目质量控制复核人近三年不存在因执业行为受到刑事处罚， || 签字注册会计师、项目质量控制复核人不存在可能影响独立性的情形。（三）审
603206,2023-11-25,1218432894,嘉环科技：关于变更2023年度会计师事务所的公告,,True,字注册会计师以及质量控制复核人为张爱国、聂亮、卞慧娟，相关情况如下 || 年度股份、凌云B复核人度股2.诚信记录项目合伙人、签字注册 || 签字注册会计师、项目质量控制复核人近三年（最近三个完整自然年度及当年） || 签字注册会计师、项目质量控制复核人，不存在违反《中国注册会计师职业道德
603208,2023-04-29,1216709690,江山欧派：江山欧派关于续聘2023年度会计师事务所的公告,,True,0年2021年制复核人报告。2.诚信记录项目合伙人、签字注 || 签字注册会计师、项目质量控制复核人近三年不存在因执业行为受到刑事处罚， || 签字注册会计师、项目质量控制复核人不存在可能影响独立性的情形。4.审计
603212,2023-04-28,1216655393,赛伍技术：关于公司续聘2023年度审计机构的公告,,True,审计服务。（3）项目质量控制复核人：钱俊峰钱俊峰（先生）：现为天衡会计 || 注册会计师谢涛、项目质量控制复核人钱俊峰未因执业行为受到刑事处罚，未因 || 签字注册会计师、项目质量控制复核人等不存在可能影响独立性的情形。（三）
603212,2024-04-22,1219728589,赛伍技术：关于公司续聘2024年度审计机构的公告,,True,人签字注册会计师项目质量控制复核人姓名张旭谢涛鲍伦虎注册会计师执业20 || 签字注册会计师、项目质量控制复核人近三年不存在因执业行为受到刑事处罚， || 签字注册会计师、项目质量控制复核人不存在可能影响独立性的情形。4.审计
603220,2021-03-26,1209453622,中贝通信：关于续聘会计师事务所的公告,,True,、2019年度审复核人计报告，签署诺力股份2019年度审计 || 签字注册会计师、项目质量控制复核人近三年不存在因执业行为受到刑事处罚， || 签字注册会计师、项目质量控制复核人不存在可能影响独立性的情形。4、审计
603219,2022-04-21,1212998234,富佳股份： 宁波富佳实业股份有限公司关于续聘会计师事务所的公告,,True,签字注册会计师、项目质量控制复核人近三年不存在因执业行为受到刑事处罚， || 签字注册会计师、项目质量控制复核人不存在可能影响独立性的情形，不会影响
603219,2024-04-27,1219879382,富佳股份：宁波富佳实业股份有限公司关于续聘外部审计机构的公告,,True,签字注册会计项目质量复核人基本信息字注册会计师师员姓名陆俊洁徐 || 签字注册会计师、项目质量复核人员近三年不存在因执业行为受到刑事处罚， || 签字注册会计师、项目质量复核人员不存在可能影响独立性的情形。4、审计
603220,2023-04-15,1216416592,中贝通信：关于续聘会计师事务所的公告,,True,诺力股份、华数传复核人媒、喜临门等上市公司年度审计报告2、 || 签字注册会计师、项目质量控制复核人近三年不存在因执业行为受到刑事处罚， || 签字注册会计师、项目质量控制复核人不存在可能影响独立性的情形。4、审计
603219,2023-03-22,1216181089,富佳股份：宁波富佳实业股份有限公司关于续聘外部审计机构的公告,,True,签字注册会计师、项目质量控制复核人近三年不存在因执业行为受到刑事处罚， || 签字注册会计师、项目质量控制复核人不存在可能影响独立性的情形，不会影响
603220,2022-04-15,1212921657,中贝通信：关于续聘会计师事务所的公告,,True,9年度审计报告、复核人诺力股份2019年度审计报告、华数传 || 签字注册会计师、项目质量控制复核人近三年不存在因执业行为受到刑事处罚， || 签字注册会计师、项目质量控制复核人不存在可能影响独立性的情形。4、审计
603222,2022-03-24,1212651042,济民医疗：济民健康管理股份有限公司关于续聘会计师事务所的公告,,True,审计报告。注3：质量控制复核人：由于天健会计师事务所正在开展项目质 || 师事务所正在开展项目质量复核人员独立性轮换工作，因此目前尚无法确定公 || 2年度审计项目的质量复核人员。公司将在天健会计师事务所确定项目质 || 会计师事务所确定项目质量复核人员后及时披露相关人员信息。2、诚信记录 || 签字注册会计师、项目质量控制复核人近三年不存在因执业行为受到刑事处罚， || 签字注册会计师、项目质量控制复核人不存在可能影响独立性的情形。（三）审
603220,2024-04-20,1219692276,中贝通信：关于续聘会计师事务所的公告,,True,份、诺力股份、华复核人数传媒、喜临门等上市公司年度审计报告 || 签字注册会计师、项目质量控制复核人近三年不存在因执业行为受到刑事处罚， || 签字注册会计师、项目质量控制复核人不存在可能影响独立性的情形。4、审计
603222,2024-04-26,1219818351,济民医疗：济民健康管理股份有限公司关于续聘会计师事务所的公告,,True,签字注册会计项目质量复核人基本信息项目合伙人师员姓名叶卫民陈亮 || 签字注册会计师、项目质量复核人员近三年不存在因执业行为受到刑事处罚， || 签字注册会计师、项目质量复核人员不存在可能影响独立性的情形。（三）审
603222,2021-04-29,1209859226,济民制药：济民健康管理股份有限公司关于续聘会计师事务所的公告,,True,签字注册会计师、项目质量控制复核人近三年不存在因执业行为受到刑事处罚， || 签字注册会计师、项目质量控制复核人不存在可能影响独立性的情形。（三）审
603222,2023-09-21,1217905260,济民医疗：济民健康管理股份有限公司关于续聘会计师事务所的公告,,True,签字注册会计师、项目质量控制复核人近三年不存在因执业行为受到刑事处罚， || 签字注册会计师、项目质量控制复核人不存在可能影响独立性的情形。（三）审
603225,2021-04-20,1209727910,新凤鸣：关于续聘会计师事务所的公告,,True,签字注册会计师、项目质量控制复核人近三年不存在因执业行为受到刑事处罚， || 签字注册会计师、项目质量控制复核人不存在可能影响独立性的情形。4.审计
603225,2024-03-26,1219401272,新凤鸣：关于续聘会计师事务所的公告,,True,签字注册会计师、项目质量控制复核人近三年不存在因执业行为受到刑事处罚， || 签字注册会计师、项目质量控制复核人不存在可能影响独立性的情形。4、审计
603225,2023-03-30,1216255165,新凤鸣：关于续聘会计师事务所的公告,,True,签字注册会计师、项目质量控制复核人近三年不存在因执业行为受到刑事处罚， || 签字注册会计师、项目质量控制复核人不存在可能影响独立性的情形。4、审计
603226,2022-12-21,1215406374,菲林格尔：关于变更签字注册会计师的公告,,True,昂立股份有限公司质量控制复核人2019年上海界龙实业集团股份有限公 || 集团股份有限公司质量控制复核人2019年上海国际机场股份有限公司质 || 机场股份有限公司质量控制复核人2019年上海良信电器股份有限公司质 || 电器股份有限公司质量控制复核人（二）独立性和诚信记录情况项目合伙人
603225,2022-04-15,1212921697,新凤鸣：关于续聘会计师事务所的公告,,True,签字注册会计师、项目质量控制复核人近三年不存在因执业行为受到刑事处罚， || 签字注册会计师、项目质量控制复核人不存在可能影响独立性的情形。4.审计
603228,2021-12-01,1211743677,景旺电子：景旺电子关于续聘会计师事务所的公告,,True,提供审计服务，无复核人服务业务多年近三年没有签署上市公司审 || 签字注册会计师和质量控制复核人不存在违反《中国注册会计师职业道德守
603228,2023-08-25,1217633662,景旺电子：景旺电子关于续聘会计师事务所的公告,,True,提供审计服务，无复核人服务业务多年近三年签署上市公司审计报 || 签字注册会计师和质量控制复核人不存在违反《中国注册会计师职业道德守
603228,2022-11-17,1215130038,景旺电子：景旺电子关于续聘会计师事务所的公告,,True,提供审计服务，无复核人服务业务多年近三年签署上市公司审计报 || 签字注册会计师和质量控制复核人不存在违反《中国注册会计师职业道德守
603229,2024-04-27,1219855740,奥翔药业：奥翔药业关于续聘2024年度审计机构的公告,,True,人签字注册会计师项目质量复核人员姓名沈维华陈夏连金晨希何时成为注册会 || 签字注册会计师、项目质量复核人员近三年不存在因执业行为受到刑事处罚， || 签字注册会计师、项目质量复核人员不存在可能影响独立性的情形。4、审计
603232,2020-04-23,1207555761,格尔软件：关于续聘会计师事务所的公告,,True,所外无兼职。3)质量控制复核人姓名：方海云执业资质：中国注册会计师 || 师董毅强、李波，质量控制复核合伙人方海云符合独立性要求，近三年未受到刑
603229,2022-04-20,1212978665,奥翔药业：奥翔药业关于续聘2022年度审计机构的公告,,True,签字注册会计师、项目质量控制复核人近三年不存在因执业行为受到刑事处罚， || 签字注册会计师、项目质量控制复核人不存在可能影响独立性的情形。4、审计
603229,2023-04-28,1216655459,奥翔药业：奥翔药业关于续聘2023年度审计机构的公告,,True,签字注册会计师、项目质量控制复核人近三年不存在因执业行为受到刑事处罚， || 签字注册会计师、项目质量控制复核人不存在可能影响独立性的情形。4、审计
603232,2021-04-23,1209776828,格尔软件：格尔软件股份有限公司关于续聘会计师事务所的公告,,True,所外无兼职。3)质量控制复核人姓名：刘蓓执业资质：中国注册会计师是 || 师张晓荣、李波，质量控制复核人刘蓓符合独立性要求，近三年未受到刑事
603232,2022-04-26,1213099025,格尔软件：格尔软件股份有限公司关于续聘会计师事务所的公告,,True,等专业服务。3)质量控制复核人姓名：刘蓓执业资质：中国注册会计师是 || 张志云、窦成明，质量控制复核人刘蓓符合独立性要求，近三年未受到刑事
603233,2021-04-20,1209727943,大参林：大参林医药集团股份有限公司关于续聘2021年会计师事务所的公告,,True,签字注册会计师、项目质量控制复核人近三年不存在因执业行为受到刑事处罚， || 签字注册会计师、项目质量控制复核人不存在可能影响独立性的情形。4、审计
603232,2023-12-07,1218533185,格尔软件：格尔软件股份有限公司关于续聘会计师事务所的公告,,True,的审计报告。3)质量控制复核人姓名：刘蓓执业资质：中国注册会计师是 || 刘一峰、林焰洲，质量控制复核人刘蓓符合独立性要求，近三年未受到刑事
603233,2024-04-29,1219891265,大参林：大参林医药集团股份有限公司关于续聘会计师事务所的公告,,True,人签字注册会计师项目质量复核人员姓名李剑周娅王福康何时成为注册会计师 || 签字注册会计师、项目质量复核人员近三年不存在因执业行为受到刑事处罚， || 签字注册会计师、项目质量复核人员不存在可能影响独立性的情形。4、审计
603233,2022-04-28,1213164010,大参林：大参林医药集团股份有限公司关于续聘会计师事务所的公告,,True,签字注册会计师、项目质量控制复核人近三年不存在因执业行为受到刑事处罚， || 签字注册会计师、项目质量控制复核人不存在可能影响独立性的情形。4、审计
603235,2023-04-22,1216519584,天新药业：关于续聘会计师事务所的公告,,True,签字注册会计师、项目质量控制复核人近三年不存在因执业行为受到刑事处罚， || 签字注册会计师、项目质量控制复核人不存在可能影响独立性的情形。（三）审
603237,2023-04-29,1216694202,五芳斋：浙江五芳斋实业股份有限公司关于续聘2023年度审计机构的公告,,True,签字注册会计师、项目质量控制复核人不存在可能影响独立性的情形。4、审计
603237,2024-04-25,1219793327,五芳斋：浙江五芳斋实业股份有限公司关于续聘2024年度会计师事务所的公告,,True,人签字注册会计师项目质量复核人员姓名盛伟明沈姣姣倪春华何时成为注册会 || 签字注册会计师、项目质量复核人员近三年不存在因执业行为受到刑事处罚， || 签字注册会计师、项目质量复核人员不存在可能影响独立性的情形。4.审计
603238,2024-04-24,1219768796,诺邦股份：诺邦股份关于续聘会计师事务所的公告,,True,人签字注册会计师项目质量复核人员姓名唐彬彬马俊涛王振何时成为注册会计 || 签字注册会计师、项目质量控制复核人近三年不存在因执业行为受到刑事处罚， || 签字注册会计师、项目质量控制复核人不存在可能影响独立性的情形。（三）审
603238,2023-04-21,1216495629,诺邦股份：诺邦股份关于续聘会计师事务所的公告,,True,签字注册会计师、项目质量控制复核人近三年不存在因执业行为受到刑事处罚， || 签字注册会计师、项目质量控制复核人不存在可能影响独立性的情形。（三）审
603239,2024-04-18,1219648171,浙江仙通：浙江仙通-关于公司聘任会计师事务所的公告,,True,字注册会计师项目质量复核人姓名宋鑫丁煜丁锡锋何时成为注册会计师 || 签字注册会计师、项目质量复核人员近三年不存在因执业行为受到刑事处罚， || 签字注册会计师、项目质量复核人员不存在可能影响独立性的情形。二、拟变
603258,2020-04-20,1207534683,电魂网络：关于续聘会计师事务所的公告,,True,胜任能力：是2、质量控制复核人：鲁立执业资质：注册会计师、澳洲注册 || 字会计师唐谷，及质量控制复核人鲁立不存在违3反《中国注册会计师职业
603258,2024-03-29,1219446867,电魂网络：关于续聘会计师事务所的公告,,True,牌公司审计报告。项目质量控制复核人：王其超，2001年成为注册会计师， || 注册会计师陈赟、项目质量控制复核人王其超，最近3年未受到刑事处罚、行政 || 签字注册会计师、项目质量控制复核人不存在可能影响独立性的情形。4、审计
603260,2022-04-28,1213170420,合盛硅业：合盛硅业关于续聘2022年度会计师事务所的公告,,True,签字注册会计师、项目质量控制复核人近三年不存在因执业行为受到刑事处罚， || 签字注册会计师、项目质量控制复核人不存在可能影响独立性的情形。（三）审
603260,2024-04-30,1219925415,合盛硅业：合盛硅业关于续聘公司2024年度财务审计机构及内控审计机构的公告,,True,08年2020年复核人永强节能、合盛硅业等2．诚信记录项目 || 签字注册会计师、项目质量控制复核人近三年不存在因执业行为受到刑事处罚， || 签字注册会计师、项目质量控制复核人不存在可能影响独立性的情形。（三）审
603260,2023-04-21,1216498469,合盛硅业：合盛硅业关于续聘公司2023年度财务审计机构及内控审计机构的公告,,True,签字注册会计师、项目质量控制复核人近三年不存在因执业行为受到刑事处罚， || 签字注册会计师、项目质量控制复核人不存在可能影响独立性的情形。（三）审
603266,2022-04-23,1213043277,天龙股份：关于续聘会计师事务所的公告,,True,签字注册会计师、项目质量控制复核人近三年不存在因执业行为受到刑事处罚， || 签字注册会计师、项目质量控制复核人不存在可能影响独立性的情形。4．审计
603266,2024-04-26,1219824813,天龙股份：关于续聘会计师事务所的公告,,True,人签字注册会计师项目质量复核人员姓名韦军徐渊康雪艳何时成为注册会计师 || 签字注册会计师、项目质量复核人员近三年不存在因执业行为受到刑事处罚， || 签字注册会计师、项目质量复核人员不存在可能影响独立性的情形。4.审计
603266,2023-04-26,1216580386,天龙股份：关于续聘会计师事务所的公告,,True,签字注册会计师、项目质量控制复核人近三年不存在因执业行为受到刑事处罚， || 签字注册会计师、项目质量控制复核人不存在可能影响独立性的情形。4.审计
603268,2020-04-29,1207670738,松发股份：关于变更会计师事务所的公告,,True,。签字会计师以及项目质量控制复核人尚未确定具体人员。2.上述相关人员的
603267,2020-03-20,1207387625,鸿远电子：关于续聘会计师事务所的公告,,True,力：是2、拟担任质量控制复核人（1）姓名：王重娟（2）执业资质：注 || 目合伙人黄简、拟质量控制复核人王重娟和拟签字注册会计师邹凯均不存在
603277,2021-04-28,1209827325,银都股份：银都餐饮设备股份有限公司关于续聘会计师事务所的公告,,True,签字注册会计师、项目质量控制复核人近三年不存在因执业行为受到刑事处罚， || 签字注册会计师、项目质量控制复核人不存在可能影响独立性的情形。（三）审
603277,2022-04-28,1213162095,银都股份：银都餐饮设备股份有限公司关于续聘会计师事务所的公告,,True,签字注册会计师、项目质量控制复核人近三年不存在因执业行为受到刑事处罚， || 签字注册会计师、项目质量控制复核人不存在可能影响独立性的情形。（三）审
603277,2023-04-28,1216665668,银都股份：银都餐饮设备股份有限公司关于续聘会计师事务所的公告,,True,签字注册会计师、项目质量控制复核人近三年不存在因执业行为受到刑事处罚， || 签字注册会计师、项目质量控制复核人不存在可能影响独立性的情形。（三）审
603277,2024-04-16,1219618395,银都股份：银都餐饮设备股份有限公司关于续聘会计师事务所的公告,,True,签字注册会计师、项目质量控制复核人近三年不存在因执业行为受到刑事处罚， || 签字注册会计师、项目质量控制复核人不存在可能影响独立性的情形。（三）审
603278,2024-04-26,1219843173,大业股份：大业股份关于续聘中兴华会计师事务所（特殊普通合伙）为公司2024年度审计机构及内控审计机构的公告,,True,任能力：是（3）项目质量控制复核人尹淑英：2004年取得注册会计师资格 || 师石磊、刘晓飞，项目质量控制复核人尹淑英近三年均不存在因执业行为受到刑
603281,2024-02-02,1219065650,江瀚新材：关于变更签字注册会计师的公告,,True,签字注册会计师、项目质量控制复核人近三年不存在因执业行为受到刑事处罚， || 签字注册会计师、项目质量控制复核人不存在可能影响独立性的情形。三、本次
603281,2023-11-30,1218479515,江瀚新材：续聘会计师事务所公告,,True,签字注册会计师、项目质量控制复核人近三年不存在因执业行为受到刑事处罚， || 签字注册会计师、项目质量控制复核人不存在可能影响独立性的情形。4.审计 || 人、签字会计师和质量控制复核人不存在违反《中国注册会计师职业道德守
603281,2024-03-28,1219427577,江瀚新材：续聘会计师事务所公告,,True,年年年年的签署或复核人签字注册20202018201820 || 签字注册会计师、项目质量控制复核人近三年不存在因执业行为受到刑事处罚， || 签字注册会计师、项目质量控制复核人不存在可能影响独立性的情形。4.审计 || 人、签字会计师和质量控制复核人不存在违反《中国注册会计师职业道德守
603283,2020-04-28,1207649591,赛腾股份：关于公司续聘2020年度财务审计机构及内控审计机构的公告,,True,他单位兼职。3、质量控制复核人姓名：周敏执业资质：中国注册会计师是 || 等上市公司审计的质量控制复核人，未在其他单位兼职。签字注册会计师刘 || 师刘文华、李明，质量控制复核人周敏符合独立性要求，近三年未受到刑事
603286,2021-04-29,1209848938,日盈电子：关于续聘会计师事务所的公告,,True,05年2020年复核人2020年，签署三维通信、泰林生物、 || 签字注册会计师、项目质量控制复核人近三年不存在因执业行为受到刑事处罚， || 签字注册会计师、项目质量控制复核人不存在可能影响独立性的情形。（三）审
603286,2022-04-28,1213159209,日盈电子：关于续聘会计师事务所的公告,,True,签字注册会计师、项目质量控制复核人近三年不存在因执业行为受到刑事处罚， || 签字注册会计师、项目质量控制复核人不存在可能影响独立性的情形。（三）审
603286,2020-04-29,1207671595,日盈电子：关于续聘会计师事务所的公告,,True,会计师金晨希无是复核人计师事务所，审计相关工作本期签字胡友
603286,2024-04-27,1219856621,日盈电子：关于续聘会计师事务所的公告,,True,人签字注册会计师项目质量复核人员姓名何林飞石争强金晨希何时成为注册会 || 签字注册会计师、项目质量复核人员近三年不存在因执业行为受到刑事处罚， || 签字注册会计师、项目质量复核人员不存在可能影响独立性的情形。（三）审
603286,2023-04-28,1216645711,日盈电子：关于续聘会计师事务所的公告,,True,、新化股份、炬华复核人科技2020年度审计报告；2022年 || 签字注册会计师、项目质量控制复核人近三年不存在因执业行为受到刑事处罚， || 签字注册会计师、项目质量控制复核人不存在可能影响独立性的情形。（三）审
603289,2022-04-08,1212836550,泰瑞机器：关于续聘2022年度审计机构的公告,,True,签字注册会计师、项目质量控制复核人近三年因执业行为不存在受到刑事处罚， || 签字注册会计师、项目质量控制复核人不存在可能影响独立性的情形。4.审计 || 签字注册会计师、项目质量控制复核人近三年未收到相关处罚；天健会计师事务 || 签字注册会计师、项目质量控制复核人不存在可能影响独立性的情形。在担任公 || 签字注册会计师、项目质量控制复核人近三年未收到相关处罚；天健会计师事务 || 签字注册会计师、项目质量控制复核人不存在可能影响独立性的情形。为保持公
603289,2021-04-30,1209876372,泰瑞机器：关于续聘2021年度审计机构的公告,,True,签字注册会计师、项目质量控制复核人近三年因执业行为不存在受到刑事处罚， || 签字注册会计师、项目质量控制复核人不存在可能影响独立性的情形。4.审计 || 签字注册会计师、项目质量控制复核人近三年未收到相关处罚；天健会计师事务 || 签字注册会计师、项目质量控制复核人不存在可能影响独立性的情形。在担任公 || 签字注册会计师、项目质量控制复核人近三年未收到相关处罚；天健会计师事务 || 签字注册会计师、项目质量控制复核人不存在可能影响独立性的情形。为保持公
603289,2024-04-27,1219879670,泰瑞机器：关于续聘2024年度审计机构的公告,,True,人签字注册会计师项目质量复核人员姓名王建兰李锟黄志恒何时成为注册会计 || 签字注册会计师、项目质量复核人员近三年不存在因执业行为受到刑事处罚， || 签字注册会计师、项目质量复核人员不存在可能影响独立性的情形。4.审计 || 签字注册会计师、项目质量控制复核人近三年未收到相关处罚；天健会计师事务 || 签字注册会计师、项目质量控制复核人不存在可能影响独立性的情形。在担任公
603298,2021-04-09,1209657850,杭叉集团：杭叉集团：关于续聘审计机构的公告,,True,签字注册会计师、项目质量控制复核人近三年不存在因执业行为受到刑事处罚， || 签字注册会计师、项目质量控制复核人不存在可能影响独立性的情形。（三）审
603298,2023-04-19,1216457933,杭叉集团：杭叉集团：关于续聘审计机构的公告,,True,签字注册会计师、项目质量控制复核人近三年不存在因执业行为受到刑事处罚， || 签字注册会计师、项目质量控制复核人不存在可能影响独立性的情形。（三）审
603298,2022-04-08,1212837700,杭叉集团：杭叉集团：关于续聘审计机构的公告,,True,签字注册会计师、项目质量控制复核人近三年不存在因执业行为受到刑事处罚， || 签字注册会计师、项目质量控制复核人不存在可能影响独立性的情形。（三）审
603297,2023-04-25,1216562662,永新光学：宁波永新光学股份有限公司关于续聘会计师事务所的公告,,True,签字注册会计师、项目质量控制复核人不存在可能影响独立性的情形。天健会计
603298,2024-04-18,1219649826,杭叉集团：杭叉集团：关于续聘审计机构的公告,,True,人签字注册会计师项目质量复核人员姓名徐晋波汤哲人黄灿坤何时成为注册会 || 签字注册会计师、项目质量复核人员近三年因执业行为受到刑事处罚，受到证 || 签字注册会计师、项目质量复核人员不存在可能影响独立性的情形。（三）审
603301,2022-03-30,1212730330,振德医疗：振德医疗关于续聘会计师事务所的公告,,True,签字注册会计师、项目质量控制复核人不存在可能影响独立性的情形。4、审计
603301,2020-04-30,1207693875,振德医疗：关于续聘会计师事务所的公告,,True,在李太中国注册会质量控制复核人天健会计师事务华计师所工作2002年
603301,2024-04-27,1219879723,振德医疗：振德医疗关于续聘会计师事务所的公告,,True,签字注册会计师、项目质量控制复核人不存在可能影响独立性的情形。4、审计
603301,2023-04-26,1216589904,振德医疗：振德医疗关于续聘会计师事务所的公告,,True,签字注册会计师、项目质量控制复核人不存在可能影响独立性的情形。4、审计
603305,2021-03-23,1209426779,旭升股份：宁波旭升汽车技术股份有限公司关于续聘会计师事务所的公告,,True,任能力：是（2）质量控制复核人：任成执业资质：注册会计师、注册税务 || 签字会计师葛朋及质量控制复核人任成不存在违反《中国注册会计师职业道
603305,2022-03-23,1212641892,旭升股份：宁波旭升汽车技术股份有限公司关于续聘会计师事务所的公告,,True,签字会计师汪涛及质量控制复核人束哲民不存在违反《中国注册会计师职业
603305,2020-04-08,1207461081,旭升股份：关于续聘会计师事务所的公告,,True,任能力：是（2）质量控制复核人：王甫荣执业资质：注册会计师从业经历 || 签字会计师葛朋及质量控制复核人王甫荣不存在违反《中国注册会计师职业
603308,2020-04-29,1207654349,应流股份：关于拟续聘会计师事务所的公告,,True,注册无兼任上市公质量控制复核人陈志维新澳纺织股份有限公是会计师司独
603309,2020-04-25,1207600239,维力医疗：关于变更会计师事务所的公告,,True,字注册会计师以及项目质量控制复核人尚未确定具体人员。2．独立性和诚信记
603308,2023-04-29,1216694668,应流股份：应流股份关于拟续聘会计师事务所的公告,,True,签字注册会计师、项目质量控制复核人近三年不存在因执业行为受到刑事处罚， || 签字注册会计师、项目质量控制复核人不存在可能影响独立性的情形。4、审计
603308,2024-04-24,1219766099,应流股份：应流股份关于拟续聘会计师事务所的公告,,True,签字注册会计师、项目质量控制复核人近三年不存在因执业行为受到刑事处罚， || 签字注册会计师、项目质量控制复核人不存在可能影响独立性的情形。4、审计
603313,2020-04-28,1207649687,梦百合：关于续聘2020年度审计机构的公告,,True,天健会计师事无是复核人注册税务师务所，从事审计相关工作中国
603313,2021-04-30,1209876416,梦百合：关于续聘2021年度审计机构的公告,,True,8年度审计报告；复核人2018年度签署赛意信息、达志科技等 || 签字注册会计师、项目质量控制复核人近三年不存在因执业行为受到刑事处罚， || 签字注册会计师、项目质量控制复核人等不存在违反《中国注册会计师职业道德
603313,2022-10-19,1214823365,梦百合：关于续聘2022年度审计机构的公告,,True,度，签署上市公司复核人金龙机电2019年度审计报告。201 || 签字注册会计师、项目质量控制复核人近三年不存在因执业行为受到刑事处罚， || 签字注册会计师、项目质量控制复核人等不存在违反《中国注册会计师职业道德
603313,2023-04-25,1216562674,梦百合：关于续聘2023年度审计机构的公告,,True,签字注册会计师、项目质量控制复核人近三年存在因执业行为受到刑事处罚，受 || 签字注册会计师、项目质量控制复核人等不存在违反《中国注册会计师职业道德
603313,2024-04-27,1219879770,梦百合：关于续聘2024年度审计机构的公告,,True,签字注册会计师、项目质量控制复核人近三年存在因执业行为受到刑事处罚，受 || 签字注册会计师、项目质量控制复核人等不存在可能影响独立性的情形。4、审
603316,2020-04-30,1207691947,诚邦股份：关于续聘会计师事务所的公告,,True,目负责人。（2）质量控制复核人：黄继佳执业资质为注册会计师，兼任思 || 字会计师郑利锋及质量控制复核人黄继佳不存在违反《中国注册会计师职业
603317,2020-03-31,1207433021,天味食品：关于续聘会计师事务所的公告,,True,"供审计相关服务。质量控制复核人从业经历：侯黎明,中国注册会计师。在 || 项目签字合伙人、独立复核合伙人、项目签字注册会计师均具有丰富的行业"
603322,2020-04-18,1207528756,超讯通信：续聘会计师事务所公告,,True,务：是2、拟担任质量控制复核人（1）姓名：崔迎（2）执业资质：注册 || 项目签字合伙人、独立复核合伙人、项目签字注册会计师均具有丰富的行业
603324,2023-04-26,1216580431,盛剑环境：盛剑环境关于续聘2023年度财务审计机构和内部控制审计机构的公告,,True,年签署及复核李宁质量控制复核人2004年1998年2011年11月 || 签字注册会计师、项目质量控制复核人近三年不存在因执业行为受到刑事处罚， || 签字注册会计师、项目质量控制复核人不存在可能影响独立性的情形。（三）审
603326,2021-03-30,1209478389,我乐家居：关于续聘会计师事务所的公告,,True,英及其团队拟担任项目质量控制复核人。周薇英2005年成为注册会计师，2 || 签字注册会计师、项目质量控制复核人近三年因执业行为受到刑事处罚，受到证
603328,2023-10-27,1218170572,依顿电子：关于续聘会计师事务所的公告,,True,19年超过10家复核人2广东依顿电子科技股份有限公司（20 || 签字注册会计师、项目质量控制复核人近三年未因执业行为受到刑事处罚，受到 || 签字注册会计师、项目质量控制复核人不存在违反《中国注册会计师职业道德守
603327,2020-03-20,1207387229,福蓉科技：关于续聘会计师事务所的公告,,True,审计和市公司独是复核人复核多家上市公司立董事2005年起从
603329,2023-04-12,1216379430,上海雅仕：关于续聘公司2023年度审计机构的公告,,True,签字注册会计师和质量控制复核人不存在违反《中国注册会计师职业道德守
603328,2024-03-29,1219445869,依顿电子：关于变更会计师事务所的公告,,True,1家、复核挂牌公复核人司审计报告24家2、诚信记录项目合伙 || 签字注册会计师、项目质量控制复核人近三年不存在因执业行为受到刑事处罚， || 签字注册会计师、项目质量控制复核人不存在违反《中国注册会计师职业道德守
603329,2021-04-22,1209758240,上海雅仕：关于续聘公司2021年度审计机构的公告,,True,签字注册会计师和质量控制复核人不存在违反《中国注册会计师职业道德守
603329,2024-04-26,1219815688,上海雅仕：关于续聘公司2024年度审计机构的公告,,True,签字注册会计师和质量控制复核人不存在违反《中国注册会计师职业道德守
603329,2022-04-28,1213160096,上海雅仕：关于续聘公司2022年度审计机构的公告,,True,签字注册会计师和质量控制复核人不存在违反《中国注册会计师职业道德守
603331,2021-04-13,1209677941,百达精工：百达精工关于续聘2021年度审计机构的公告,,True,制药、圣龙股份3复核人2019年审计报告；2019年:复核 || 签字注册会计师、项目质量控制复核人不存在可能影响独立性的情形。项目合伙 || 签字注册会计师、项目质量控制复核人近三年不存在因执业行为受到刑事处罚，
603331,2022-04-13,1212897486,百达精工：百达精工关于续聘2022年度审计机构的公告,,True,签字注册会计师、项目质量控制复核人不存在可能影响独立性的情形。项目合伙 || 签字注册会计师、项目质量控制复核人近三年不存在因执业行为受到刑事处罚，
603331,2024-03-20,1219345635,百达精工：百达精工关于续聘2024年度审计机构的公告,,True,年报上市公司审计项目质量复核人员独立性轮换工作尚在进行中，因此暂未确 || 2024年报具体项目质量复核人员。32.诚信记录项目合伙人、签字注册
603331,2023-04-27,1216615808,百达精工：百达精工关于续聘2023年度审计机构的公告,,True,，复核普利制药、复核人圣龙股份、百达精工、明新旭腾2020 || 签字注册会计师、项目质量控制复核人不存在可能影响独立性的情形。项目合伙 || 签字注册会计师、项目质量控制复核人近三年不存在因执业行为受到刑事处罚，
603339,2021-04-09,1209656620,四方科技：四方科技集团股份有限公司关于续聘审计机构的公告,,True,签字注册会计师、项目质量控制复核人近三年不存在因执业行为受到刑事处罚， || 签字注册会计师、项目质量控制复核人不存在可能影响独立性的情形。（二）项 || 签字注册会计师、项目质量控制复核人近三年不存在因执业行为受到刑事处罚， || 签字注册会计师、项目质量控制复核人不存在可能影响独立性的情形。（三）审
603339,2024-03-28,1219425003,四方科技：四方科技集团股份有限公司关于续聘审计机构的公告,,True,人签字注册会计师项目质量复核人员姓名朱国刚张春洋天健2024年报上何 || 开始从事上市公量复核人员独立性2005年2011年司审计轮 || 签字注册会计师、项目质量复核人员近三年不存在因执业行为受到刑事处罚， || 签字注册会计师、项目质量复核人员不存在可能影响独立性的情形。(三)审
603339,2022-04-19,1212959406,四方科技：四方科技集团股份有限公司关于续聘审计机构的公告,,True,签字注册会计师、项目质量控制复核人近三年不存在因执业行为受到刑事处罚， || 签字注册会计师、项目质量控制复核人不存在可能影响独立性的情形。（二）项 || 签字注册会计师、项目质量控制复核人近三年不存在因执业行为受到刑事处罚， || 签字注册会计师、项目质量控制复核人不存在可能影响独立性的情形。（三）审
603367,2020-04-29,1207655117,辰欣药业：第三届董事会审计委员会关于续聘会计师事务所的审查意见,,True,力；项目合伙人、质量控制复核人和本期签字会计师不存在违反《中国注册
603367,2021-04-09,1209657976,辰欣药业：辰欣药业股份有限公司第四届董事会审计委员会关于续聘2020年度会计师事务所的审查意见,,True,力；项目合伙人、质量控制复核人和本期签字会计师不存在违反《中国注册
603367,2022-12-06,1215281676,辰欣药业：辰欣药业股份有限公司第四届董事会审计委员会关于续聘2022年度会计师事务所的审查意见,,True,力；项目合伙人、质量控制复核人和本期签字会计师不存在违反《中国注册
603367,2023-03-31,1216268513,辰欣药业：辰欣药业股份有限公司第四届董事会审计委员会关于续聘2023年度会计师事务所的审查意见,,True,力；项目合伙人、质量控制复核人和本期签字会计师不存在违反《中国注册
603367,2021-04-09,1209657975,辰欣药业：辰欣药业股份有限公司关于续聘会计师事务所的公告,,True,单位兼职。（3）质量控制复核人员：李洪李洪拥有中国注册会计师、澳洲 || 签字注册会计师及质量复核人员不存在违反《中国注册会计师职业道德守
603367,2022-12-06,1215281674,辰欣药业：辰欣药业股份有限公司关于续聘会计师事务所的公告,,True,单位兼职。（3）质量控制复核人员：陈修俭陈修俭先生，拥有注册会计师 || 签字注册会计师及质量复核人员不存在违反《中国注册会计师职业道德守
603367,2023-03-31,1216268518,辰欣药业：辰欣药业股份有限公司关于续聘会计师事务所的公告,,True,单位兼职。（3）质量控制复核人员：李洪李洪先生，拥有注册会计师资质 || 签字注册会计师及质量复核人员不存在违反《中国注册会2计师职业道德
603368,2022-03-31,1212750049,柳药股份：广西柳州医药股份有限公司关于续聘会计师事务所的公告,,True,签字注册会计师、项目质量控制复核人最近三年内未曾因执业行为受到任何刑事 || 签字注册会计师、项目质量控制复核人不存在违反《中国注册会计师职业道德守 || 相关项目合伙人、质量控制复核人和签字会计师不存在违反《中国注册会计
603368,2021-03-30,1209478430,柳药股份：广西柳州医药股份有限公司关于续聘会计师事务所的公告,,True,签字注册会计师、项目质量控制复核人最近三年内未曾因执业行为受到任何刑事 || 签字注册会计师、项目质量控制复核人不存在违反《中国注册会计师职业道德守 || 相关项目合伙人、质量控制复核人和签字会计师不存在违反《中国注册会计
603368,2023-03-28,1216232898,柳药集团：广西柳药集团股份有限公司关于续聘会计师事务所的公告,,True,签字注册会计师、项目质量控制复核人最近三年内未曾因执业行为受到任何刑事 || 签字注册会计师、项目质量控制复核人不存在违反《中国注册会计师职业道德守 || 相关项目合伙人、质量控制复核人和签字会计师不存在违反《中国注册会计
603369,2020-04-29,1207670849,今世缘：关于续聘公司2020年度审计业务承办机构的公告,,True,专业胜任能力：是质量控制复核人：朱广明执业资质：注册会计师从业经历 || 王甫荣、曾荣华及质量控制复核人朱广明不存在违反《中国注册会计师职业 || 签字注册会计师和质量控制复核人不存在违反《中国注册会计师职业道德守
603368,2024-04-26,1219835178,柳药集团：广西柳药集团股份有限公司关于续聘会计师事务所的公告,,True,签字注册会计师、项目质量控制复核人最近三年内未曾因执业行为受到任何刑事 || 签字注册会计师、项目质量控制复核人不存在违反《中国注册会计师职业道德守
603369,2022-04-16,1212941012,今世缘：江苏今世缘酒业股份有限公司关于续聘公司2022年度审计业务承办机构的公告,,True,年12月3杨端平质量控制复核人2004年1994年2004年12月 || 签字注册会计师、项目质量控制复核人近三年不存在因执业行为受到刑事处罚， || 签字注册会计师、项目质量控制复核人不存在可能影响独立性的情形。4.收费
603369,2023-04-29,1216694812,今世缘：江苏今世缘酒业股份有限公司关于续聘公司2023年度审计业务承办机构的公告,,True,签字注册会计师、项目质量控制复核人近三年不存在因执业行为受到刑事处罚， || 签字注册会计师、项目质量控制复核人不存在可能影响独立性的情形。4.审计
603373,2024-04-23,1219746916,安邦护卫：安邦护卫关于变更会计师事务所的公告,,True,签字注册会计师、项目质量控制复核人近三年不存在因执业行为受到刑事处罚， || 签字注册会计师、项目质量控制复核人不存在在执行本项目审计工作时可能影响
603378,2023-04-28,1216666486,亚士创能：亚士创能关于续聘2023年度审计机构的公告,,True,签字注册会计师和质量控制复核人近三年无因执业行为受到刑事处罚，未受 || 签字注册会计师和质量控制复核人不存在违反《中国注册会计师职业道德守
603387,2020-03-24,1207393739,基蛋生物：第二届董事会审计委员会关于续聘2020年年审会计师事务所的审查意见,,True,力；项目合伙人、质量控制复核人和本期签字会计师不存在违反《中国注册
603388,2021-11-12,1211560212,元成股份：元成环境股份有限公司关于变更会计师事务所公告,,True,始从事上苏洋无是复核人计师市公司审计。2008年起从事注册 || 上述项目合伙人、质量控制复核人和本期签字会计师不存在违反《中国注册
603388,2022-12-31,1215491316,元成股份：元成环境股份有限公司关于变更会计师事务所公告,,True,执业，近三年无是复核人计师签署或复核上市公司审计报告4家。 || 上述项目合伙人、质量控制复核人和本期签字会计师不存在违反《中国注册
603388,2024-04-27,1219880058,元成股份：元成环境股份有限公司关于续聘2024年度审计机构的公告,,True,年开始为本公无是复核人师司提供审计服务；近三年签署或复核8 || 上述项目合伙人、质量控制复核人和本期签字会计师不存在违反《中国注册 || 上述项目合伙人、质量控制复核人和本期签字会计师不存在违反《中国注册
603388,2023-04-29,1216708826,元成股份：元成环境股份有限公司关于续聘2023年度审计机构的公告,,True,上述项目合伙人、质量控制复核人和本期签字会计师不存在违反《中国注册 || 上述项目合伙人、质量控制复核人和本期签字会计师不存在违反《中国注册
603388,2022-04-26,1213121376,元成股份：关于续聘会计师事务所的公告,,True,上述项目合伙人、质量控制复核人和本期签字会计师不存在违反《中国注册 || 上述项目合伙人、质量控制复核人和本期签字会计师不存在违反《中国注册
603389,2024-04-26,1219835531,亚振家居：亚振家居股份有限公司关于续聘会计师事务所的公告,,True,签字注册会计师、项目质量控制复核人近三年不存在因执业行为受到刑事处罚， || 签字注册会计师、项目质量控制复核人不存在可能影响独立性的情形。4、审计
603390,2021-12-01,1211744100,通达电气：广州通达汽车电气股份有限公司关于续聘会计师事务所的公告,,True,签字注册会计师、项目质量控制复核人近三年不存在因执业行为受到刑事处罚， || 签字注册会计师、项目质量控制复核人不存在可能影响独立性的情形。（三）审
603390,2022-12-31,1215495100,通达电气：广州通达汽车电气股份有限公司关于续聘会计师事务所的公告,,True,签字注册会计师、项目质量控制复核人近三年不存在因执业行为受到刑事处罚， || 签字注册会计师、项目质量控制复核人不存在可能影响独立性的情形。（三）审
603390,2023-12-14,1218607096,通达电气：广州通达汽车电气股份有限公司关于续聘会计师事务所的公告,,True,签字注册会计师、项目质量控制复核人近三年不存在因执业行为受到刑事处罚， || 签字注册会计师、项目质量控制复核人不存在可能影响独立性的情形。（三）审
603390,2024-04-27,1219880112,通达电气：广州通达汽车电气股份有限公司关于续聘会计师事务所的公告,,True,签字注册会计师、项目质量控制复核人近三年不存在因执业行为受到刑事处罚， || 签字注册会计师、项目质量控制复核人不存在可能影响独立性的情形。（三）审
603416,2024-04-20,1219688250,信捷电气：无锡信捷电气股份有限公司关于2024年续聘会计师事务所的公告,,True,签字注册会计师、项目质量控制复核人近三年无执业行为受到刑事处罚，无受到 || 签字注册会计师、项目质量控制复核人等从业人员不存在违反《中国注册会计师
603456,2021-04-28,1209843134,九洲药业：浙江九洲药业股份有限公司关于续聘会计师事务所的公告,,True,司年度审计报告；复核人2019年签署了芒果超媒、湖南投资、 || 签字注册会计师、项目质量控制复核人近三年不存在因执业行为受到刑事处罚， || 签字注册会计师、项目质量控制复核人不存在可能影响独立性的情形。（三）审
603456,2022-04-20,1212976226,九洲药业：浙江九洲药业股份有限公司关于续聘会计师事务所的公告,,True,资、克明面业等公复核人司2019年度审计报告；2019年签 || 签字注册会计师、项目质量控制复核人近三年不存在因执业行为受到刑事处罚， || 签字注册会计师、项目质量控制复核人不存在可能影响独立性的情形。（三）审
603456,2023-04-28,1216666567,九洲药业：浙江九洲药业股份有限公司关于续聘会计师事务所的公告,,True,98年2021年复核人克明面业、华菱钢铁等公司2020年度 || 签字注册会计师、项目质量控制复核人近三年不存在因执业行为受到刑事处罚， || 签字注册会计师、项目质量控制复核人不存在可能影响独立性的情形。（三）审
603456,2024-04-09,1219536836,九洲药业：浙江九洲药业股份有限公司关于续聘会计师事务所的公告,,True,人签字注册会计师项目质量复核人员姓名李江东王延勇李新葵何时成为注册会 || 签字注册会计师、项目质量复核人员近三年不存在因执业行为受到刑事处罚， || 签字注册会计师、项目质量控制复核人不存在可能影响独立性的情形。4、审计
603458,2023-04-07,1216342526,勘设股份：勘设股份关于变更签字注册会计师的公告,,True,签字注册会计师及项目质量复核人员的函》，具体情况如下：一、签字注册会 || 计服务、李琪友为项目质量复核人员为公司的审计服务项目提供复核工作。鉴 || 计师杨远学离职及项目质量复核人员李琪友工作调整，根据大华事务所《业务 || 会计师，邢志丽为项目质量复核人员，负责公司2022年度财务报表及内部 || 量超过3家次。1项目质量复核人员邢志丽：于2017年4月成为注册会计 || 签字注册会计师、项目质量控制复核人近三年不存在因执业行为受到刑事处罚，
603466,2024-04-26,1219835624,风语筑：上海风语筑文化科技股份有限公司关于续聘会计师事务所的公告,,True,签字注册会计师、项目质量控制复核人近三年不存在因执业行为受到刑事处罚， || 签字注册会计师、项目质量控制复核人等不存在可能影响独立性的情形。（三）
603477,2021-04-01,1209566968,巨星农牧：巨星农牧关于续聘会计师事务所的公告,,True,等。（4）拟安排质量控制复核人员：廖群，注册会计师注册时间为200 || 师胡敏、王映国和项目质量控制复核人廖群最近三年未因执业受到刑事处罚、行 || 签字注册会计师、项目质量控制复核人不存在影响项目独立性的情况。（三）审
603477,2022-03-12,1212548975,巨星农牧：巨星农牧关于续聘会计师事务所的公告,,True,等。（4）拟安排质量控制复核人员：廖群，注册会计师注册时间为200 || 计师胡敏、凡波和项目质量控制复核人廖群最近三年未因执业受到刑事处罚、行 || 签字注册会计师、项目质量控制复核人不存在影响项目独立性的情况。（三）审
603466,2023-08-12,1217521119,风语筑：上海风语筑文化科技股份有限公司关于续聘会计师事务所的公告,,True,签字注册会计师、项目质量控制复核人近三年不存在因执业行为受到刑事处罚， || 签字注册会计师、项目质量控制复核人等不存在可能影响独立性的情形。（三）
603466,2022-04-29,1213218503,风语筑：上海风语筑文化科技股份有限公司关于续聘会计师事务所的公告,,True,签字注册会计师、项目质量控制复核人近三年因执业行为受到刑事处罚，受到证 || 签字注册会计师、项目质量控制复核人等不存在可能影响独立性的情形。（三）
603477,2024-03-23,1219388565,巨星农牧：乐山巨星农牧股份有限公司关于续聘会计师事务所的公告,,True,限公司等。拟安排质量控制复核人员：刘夏村，注册会计师注册时间为20 || 注册会计师柏庆和项目质量控制复核人刘夏村最近三年未因执业受到刑事处罚、 || 签字注册会计师、项目质量控制复核人不存在影响项目独立性的情况。4.审计
603477,2023-03-30,1216258727,巨星农牧：巨星农牧关于续聘会计师事务所的公告,,True,等。（4）拟安排质量控制复核人员：廖群，注册会计师注册时间为200 || 册会计师唐方模和项目质量控制复核人廖群最近三年未因执业受到刑事处罚、行 || 签字注册会计师、项目质量控制复核人不存在影响项目独立性的情况。（三）审
603488,2023-10-31,1218199561,展鹏科技：展鹏科技股份有限公司关于续聘会计师事务所的公告,,True,签字注册会计师、项目质量控制复核人基本信息如下：项目合伙人及签字注册会 || 司审计报告0家。项目质量控制复核人：[王勇]，2005年成为注册会计师 || 签字注册会计师、项目质量控制复核人近三年因执业行为受到刑事处罚，受到证 || 签字注册会计师、项目质量控制复核人等不存在可能影响独立性的情形。4、审 || 力。项目合伙人、质量控制复核人和本期签字会计师不存在违反《中国注册
603488,2022-04-29,1213199357,展鹏科技：展鹏科技股份有限公司关于变更会计师事务所的公告,,True,签字注册会计师、项目质量控制复核人基本信息如下：项目合伙人及签字注册会 || 司审计报告0家。项目质量控制复核人：[周薇英]，2005年成为注册会计 || 签字注册会计师、项目质量控制复核人近三年因执业行为受到刑事处罚，受到证 || 签字注册会计师、项目质量控制复核人等不存在可能影响独立性的情形。（三）
603488,2024-03-28,1219427361,展鹏科技：展鹏科技股份有限公司关于续聘会计师事务所的公告,,True,签字注册会计师、项目质量控制复核人基本信息如下：项目合伙人及签字注册会 || 司审计报告0家。项目质量控制复核人：[王勇]，2005年成为注册会计师 || 签字注册会计师、项目质量控制复核人近三年因执业行为受到刑事处罚，受到证 || 签字注册会计师、项目质量控制复核人等不存在可能影响独立性的情形。4、审 || 力。项目合伙人、质量控制复核人和本期签字会计师不存在违反《中国注册
603489,2023-04-07,1216342951,八方股份：关于变更签字注册会计师的公告,,True,，崔勇趁先生作为项目质量控制复核人为公司提供2022年度审计服务。20 || ，项目质量1控制复核人为崔勇趁先生。二、本次变更的项目成员
603496,2020-03-27,1207411129,恒为科技：关于续聘会计师事务所的公告,,True,等上市公司审计的质量控制复核人。兼职情况：无2、拟签字注册会计师： || 兼职情况：无3、质量控制复核人姓名：莫旭巍执业资质：中国注册会计师 || 等上市公司审计的质量控制复核人。兼职情况：担任一家上市公司独立董事 || 师刘磊、王小红，质量控制负责人莫旭巍符合独立性要求，近三年未受到刑
603500,2021-03-16,1209386241,祥和实业：浙江天台祥和实业股份有限公司关于续聘会计师事务所的公告,,True,米业等2018年复核人度审计报告；2018年签署华菱钢铁、 || 签字注册会计师、项目质量控制复核人近三年不存在因执业行为受到刑事处罚， || 签字注册会计师、项目质量控制复核人不存在可能影响独立性的情形。（三）审
603500,2023-04-26,1216595733,祥和实业：浙江天台祥和实业股份有限公司关于续聘会计师事务所的公告,,True,股份、宇环数控、复核人爱威科技、美迪凯等年度报告。2.诚信 || 签字注册会计师、项目质量控制复核人近三年不存在因执业行为受到刑事处罚， || 签字注册会计师、项目质量控制复核人不存在可能影响独立性的情形。4、审计
603500,2024-03-29,1219441609,祥和实业：浙江天台祥和实业股份有限公司关于续聘会计师事务所的公告,,True,人签字注册会计师复核人员姓名宁一锋李娟何时成为注册会计师2 || 年报上市公司审计项目质量复核人员独立性轮换工作尚在进行中，因此暂未确 || 2024年报具体项目质量复核人员。2、诚信记录项目合伙人、签字注册会 || 签字注册会计师、项目质量复核人员近三年不存在因执业行为受到刑事处罚， || 签字注册会计师、项目质量复核人员不存在可能影响独立性的情形。4、审计
603500,2020-03-20,1207386845,祥和实业：关于续聘会计师事务所的公告,,True,特殊普通合伙）拟质量控制复核人贺焕华从事审计相关工作兼职情况无兼任
603505,2023-04-21,1216491425,金石资源：金石资源集团股份有限公司关于续聘会计师事务所的公告,,True,02年2021年复核人等2020年度审计报告；2020年， || 签字注册会计师、项目质量控制复核人近三年不存在因执业行为受到刑事处罚， || 签字注册会计师、项目质量控制复核人不存在可能影响独立性的情形。4.审计
603505,2020-04-23,1207555654,金石资源：关于续聘会计师事务所的公告,,True,家上市柯月香无是复核人会计师公司提供质量控制复核工作。中国
603505,2022-04-08,1212837986,金石资源：金石资源集团股份有限公司关于续聘会计师事务所的公告,,True,签字注册会计师、项目质量控制复核人近三年不存在因执业行为受到刑事处罚， || 签字注册会计师、项目质量控制复核人不存在可能影响独立性的情形。4、审计
603505,2024-03-29,1219440247,金石资源：金石资源集团股份有限公司关于续聘会计师事务所的公告,,True,人签字注册会计师项目质量复核人员姓名余建耀吴穗天健会计师事务所202 || 年2021年项目质量复核人供审计服务2023年，签署天员。士力 || 签字注册会计师、项目质量复核人员近三年存在因执业行为受到刑事处罚，受 || 签字注册会计师、项目质量复核人员不存在可能影响独立性的情形。4.审计
603506,2020-04-30,1207693947,南都物业：关于续聘公司2020年度财务审计机构的公告,,True,，审计相关工作。质量控制复核人李新葵中国注册1997年7月起至今，
603506,2024-04-20,1219699301,南都物业：南都物业服务集团股份有限公司关于续聘公司2024年度财务审计机构的公告,,True,签字注册会计师、项目质量控制复核人近三年不存在因执业行为受到刑事处罚， || 签字注册会计师、项目质量控制复核人不存在可能影响独立性的情形。（三）审
603520,2021-04-28,1209843198,司太立：司太立关于续聘公司2021年度审计机构的公告,,True,签字注册会计师、项目质量控制复核人近三年不存在因执业行为受到刑事处罚， || 签字注册会计师、项目质量控制复核人不存在可能影响独立性的情形。（三）审
603520,2020-03-31,1207430035,司太立：关于续聘公司2020年度审计机构的公告,,True,从事审计业务无是复核人会计师相关工作。2002年7月至今，
603520,2024-04-30,1219911975,司太立：司太立关于续聘公司2024年度审计机构的公告,,True,人签字注册会计师项目质量复核人员姓名丁锡锋陈红兰曹小勤何时成为注册会 || 签字注册会计师、项目质量控制复核人近三年不存在因执业行为受到刑事处罚， || 签字注册会计师、项目质量控制复核人不存在可能影响独立性的情形。（三）审
603535,2022-12-23,1215429104,嘉诚国际：关于续聘会计师事务所的公告,,True,报审计、上市司独复核人师公司年报审计和并购重组审计等证券立 || 和自律监管措施。质量控制复核人俞健业近三年均未受到刑事处罚、行政处 || 签字注册会计师和项目质量控制复核人不存在违反《中国注册会计师职业道德守
603535,2023-12-01,1218485408,嘉诚国际：关于续聘会计师事务所的公告,,True,报审计、上市司独复核人师公司年报审计和并购重组审计等证券立 || 和自律监管措施。质量控制复核人俞健业近三年均未受到刑事处罚、行政处 || 签字注册会计师和项目质量控制复核人不存在违反《中国注册会计师职业道德守
603535,2022-01-05,1212095787,嘉诚国际：关于聘请会计师事务所的公告,,True,市公司审计是司独复核人师报告。从业期间为多家企业提供过IP || 签字注册会计师、项目质量控制复核人近三年未因执业行为受到刑事处罚，未因 || 签字注册会计师和项目质量控制复核人不存在违反《中国注册会计师职业道德守
603551,2020-04-28,1207651026,奥普家居：关于续聘会计师事务所的公告,,True,再融谭炼无兼职是复核人国际注册内部审资或年报审计等业务，拥 || 签字注册会计师和质量控制复核人不存在违反《中国注册会计师职业道德守
603551,2024-03-20,1219345019,奥普家居：关于变更签字注册会计师的公告,,True,，彭宗显先生作为项目质量控制复核人为公司提供审计服务。鉴于内部工作调整
603551,2022-04-29,1213206689,奥普家居：2022-034奥普家居关于续聘会计师事务所的公告,,True,签字注册会计师、项目质量控制复核人近三年不存在因执业行为受到刑事处罚， || 签字注册会计师、项目质量控制复核人不存在可能影响独立性的情形。（三）审
603555,2024-01-10,1218835731,ST贵人：贵人鸟股份有限公司关于变更项目合伙人及签字注册会计师的公告,,True,签字注册会计师。项目质量控制复核人刘锦英维持不变。二、本次变更人员的基
603551,2024-04-24,1219767974,奥普家居：关于续聘会计师事务所的公告,,True,人签字注册会计师复核人员姓名沈佳盈沈佳盈庄晨晨彭宗显何时成 || 签字注册会计师、项目质量复核人员近三年不存在因执业行为受到刑事处罚， || 签字注册会计师、项目质量复核人员不存在可能影响独立性的情形。4、审计
603551,2021-04-27,1209810266,奥普家居：奥普家居关于续聘会计师事务所的公告,,True,12年2021年复核人2020年，签署洁特生物、赛意信息2 || 签字注册会计师、项目质量控制复核人近三年不存在因执业行为受到刑事处罚， || 签字注册会计师、项目质量控制复核人不存在可能影响独立性的情形。（三）审
603551,2023-04-21,1216497459,奥普家居：关于续聘会计师事务所的公告,,True,签字注册会计师、项目质量控制复核人近三年不存在因执业行为受到刑事处罚， || 签字注册会计师、项目质量控制复核人不存在可能影响独立性的情形。4、审计
603558,2021-04-23,1209773227,健盛集团：健盛集团关于续聘会计师事务所的公告,,True,签字注册会计师、项目质量控制复核人近三年不存在因执业行为受到刑事处罚， || 签字注册会计师、项目质量控制复核人不存在可能影响独立性的情形。4、审计
603558,2022-04-26,1213099080,健盛集团：健盛集团关于续聘会计师事务所的公告,,True,签字注册会计师、项目质量控制复核人近三年不存在因执业行为受到刑事处罚， || 签字注册会计师、项目质量控制复核人不存在可能影响独立性的情形。4、审计
603558,2023-03-21,1216167529,健盛集团：健盛集团关于续聘会计师事务所的公告,,True,签字注册会计师、项目质量控制复核人近三年不存在因执业行为受到刑事处罚， || 签字注册会计师、项目质量控制复核人不存在可能影响独立性的情形。4、审计
603558,2024-03-16,1219311651,健盛集团：健盛集团关于续聘会计师事务所的公告,,True,签字注册会计师、项目质量控制复核人近三年不存在因执业行为受到刑事处罚， || 签字注册会计师、项目质量控制复核人不存在可能影响独立性的情形。4、审计
603559,2020-04-25,1207599819,中通国脉：续聘会计师事务所的公告,,True,、纪律处分。拟任质量控制复核人：曹阳：合伙人、注册会计师，1996
603565,2020-12-26,1208994630,中谷物流：关于变更会计师事务所的公告,,True,任能力：是（2）质量控制复核人：张建华执业资质：注册会计师从业经历
603565,2024-03-27,1219409615,中谷物流：关于续聘会计师事务所的公告,,True,均普智能的审计报复核人告2.诚信记录项目合伙人、签字注册会 || 签字注册会计师、项目质量控制复核人近三年不存在因执业2行为受到刑事处罚 || 签字注册会计师、项目质量控制复核人不存在可能影响独立性的情形。4.审计
603567,2024-04-30,1219912116,珍宝岛：黑龙江珍宝岛药业股份有限公司关于续聘会计师事务所的公告,,True,有限公司。拟担任项目质量控制复核人刘会：2019年成为注册会计师，20 || 签字注册会计师和质量控制复核人近三年均无受到刑事处罚、行政处罚、行 || 册会计师刘飞飞和质量控制复核人刘会不存在违反《中国注册会计师职业道
603578,2021-03-26,1209454299,三星新材：浙江三星新材股份有限公司关于续聘会计师事务所的公告,,True,；2020年，签复核人署华菱钢铁、华天酒店、熊猫金控201 || 签字注册会计师、项目质量控制复核人近三年不存在因执业行为受到刑事处罚， || 签字注册会计师、项目质量控制复核人不存在可能影响独立性的情形。4、审计
603578,2023-03-29,1216246617,三星新材：浙江三星新材股份有限公司关于续聘会计师事务所的公告,,True,签字注册会计师、项目质量控制复核人近三年不存在因执业行为受到刑事处罚， || 签字注册会计师、项目质量控制复核人不存在可能影响独立性的情形。4.审计
603578,2022-03-29,1212709673,三星新材：浙江三星新材股份有限公司关于续聘会计师事务所的公告,,True,签字注册会计师、项目质量控制复核人近三年不存在因执业行为受到刑事处罚， || 签字注册会计师、项目质量控制复核人不存在可能影响独立性的情形。4、审计
603579,2020-03-27,1207411487,荣泰健康：关于续聘2020年度会计师事务所的公告,,True,胜任能力：是2、质量控制复核人：鲁立执业资质：注册会计师、澳洲注册 || 目合伙人黄继佳、质量控制复核人鲁立及拟签字会计师王也然不存在违反《
603586,2022-04-28,1213171326,金麒麟：山东金麒麟股份有限公司关于续聘会计师事务所的公告,,True,12年2021年质量控制复核人何其瑞2002年2020年2012年 || 签字会计师（3）质量控制复核人近三年从业情况：姓名：何其瑞时间上市 || 电器股份有限公司质量控制复核人2021山东国瓷功能材料股份有限公司 || 材料股份有限公司质量控制复核人2021年山东金麒麟股份有限公司质量 || 麒麟股份有限公司质量控制复核人2、项目组成员独立性和诚信记录情况。 || 签字注册会计师和质量控制复核人不存在违反《中国注册会计师职业道德守
603588,2021-04-09,1209658446,高能环境：高能环境关于续聘会计师事务所的公告,,True,20032019复核人核贵州百灵、中金环境等2家公司的20 || 签字注册会计师、项目质量控制复核人近三年不存在因执业行为受到刑事处罚， || 签字注册会计师、项目质量控制复核人不存在可能影响独立性的情形。4、审计
603588,2022-04-28,1213171347,高能环境：高能环境关于续聘会计师事务所的公告,,True,03年2019年复核人报告以及复核益丰药房、高能环境等2家 || 签字注册会计师、项目质量控制复核人近三年不存在因执业行为受到刑事处罚， || 签字注册会计师、项目质量控制复核人不存在可能影响独立性的情形。4、审计
603588,2024-04-26,1219835856,高能环境：高能环境关于续聘会计师事务所的公告,,True,01年2024年复核人科医疗等年度审计报告。2、诚信记录项 || 签字注册会计师、项目质量复核人员近三年不存在因执业行为受到刑事处罚， || 签字注册会计师、项目质量复核人员不存在可能影响独立性的情形。4、审计
603600,2020-04-29,1207655732,永艺股份：关于续聘外部审计机构的公告,,True,健无兼任上市公是复核人会计师会计师事务所工作司独立董事中国
603600,2024-04-25,1219787331,永艺股份：永艺家具股份有限公司关于续聘外部审计机构的公告,,True,人签字注册会计师项目质量复核人员姓名陈彩琴孙志清刘利亚何时成为注册会 || 签字注册会计师、项目质量复核人员近三年不存在因执业行为受到刑事处罚， || 签字注册会计师、项目质量复核人员不存在可能影响独立性的情形。二、审计
603600,2022-04-30,1213274052,永艺股份：永艺家具股份有限公司关于续聘外部审计机构的公告,,True,07年2020年复核人（603709）、海象新材（0030 || 签字注册会计师、项目质量控制复核人近三年不存在因执业行为受到刑事处罚， || 签字注册会计师、项目质量控制复核人不存在可能影响独立性的情形。三、审计
603600,2021-04-30,1209876686,永艺股份：永艺家具股份有限公司关于续聘外部审计机构的公告,,True,07年2020年复核人中源家具、海象新材等年度审计报告2. || 签字注册会计师、项目质量控制复核人近三年不存在因执业行为受到刑事处罚， || 签字注册会计师、项目质量控制复核人不存在可能影响独立性的情形。三、审计
603600,2023-04-28,1216656294,永艺股份：永艺家具股份有限公司关于续聘外部审计机构的公告,,True,09）、海象新材复核人（003011）等年度审计报告2.诚 || 签字注册会计师、项目质量控制复核人近三年不存在因执业行为受到刑事处罚， || 签字注册会计师、项目质量控制复核人不存在可能影响独立性的情形。。二、审
603601,2023-04-26,1216597528,再升科技：再升科技关于续聘会计师事务所的公告,,True,册会计师2黄路尧项目质量控制复核人李明申军：2001年成为注册会计师， || 签字注册会计师、项目质量控制复核人等不存在可能影响独立性的情形。（2） || 签字注册会计师、项目质量控制复核人近三年不存在因执业行为受到刑事处罚，
603601,2022-03-10,1212535019,再升科技：再升科技关于续聘会计师事务所的公告,,True,册会计师2黄路尧项目质量控制复核人李明申军：2001年成为注册会计师， || 签字注册会计师、项目质量控制复核人等不存在可能影响独立性的情形。（2） || 签字注册会计师、项目质量控制复核人近三年不存在因执业行为受到刑事处罚，
603605,2023-04-21,1216488008,珀莱雅：珀莱雅化妆品股份有限公司关于续聘2023年度会计师事务所的公告,,True,签字注册会计师、项目质量控制复核人近三年不存在因执业行为受到刑事处罚， || 签字注册会计师、项目质量控制复核人不存在可能影响独立性的情形。（三）审
603605,2022-04-22,1213016228,珀莱雅：珀莱雅化妆品股份有限公司关于续聘2022年度会计师事务所的公告,,True,签字注册会计师、项目质量控制复核人近三年不存在因执业行为受到刑事处罚， || 签字注册会计师、项目质量控制复核人不存在可能影响独立性的情形。（三）审
603605,2021-04-23,1209769503,珀莱雅：珀莱雅化妆品股份有限公司关于续聘2021年度会计师事务所的公告,,True,签字注册会计师、项目质量控制复核人近三年不存在因执业行为受到刑事处罚， || 签字注册会计师、项目质量控制复核人不存在可能影响独立性的情形。（三）审
603605,2024-04-19,1219664287,珀莱雅：珀莱雅化妆品股份有限公司关于续聘2024年度会计师事务所的公告,,True,签字注册会计师、项目质量控制复核人近三年不存在因执业行为受到刑事处罚， || 签字注册会计师、项目质量控制复核人不存在可能影响独立性的情形。4、审计
603605,2020-04-02,1207448996,珀莱雅：关于续聘2020年度会计师事务所的公告,,True,普通合伙），无是复核人会计师审计相关工作2007年至今，天
603606,2024-03-21,1219360460,东方电缆：东方电缆关于续聘天健会计师事务所（特殊普通合伙）为公司2024年度审计机构的公告,,True,1.基本信息项目质量复核人基本信息项目合伙人签字注册会计师员姓 || 签字注册会计师、项目质量控制复核人近三年不存在因执业行为受到刑事处罚， || 签字注册会计师、项目质量控制复核人不存在可能影响独立性的情形。4.审计
603606,2020-04-02,1207448845,东方电缆：关于续聘天健会计师事务所（特殊普通合伙）为公司2020年度审计机构的公告,,True,计师事册会计无是复核人丽务所至今，从事师审计工作2004年
603606,2023-03-10,1216084333,东方电缆：东方电缆关于续聘天健会计师事务所（特殊普通合伙）为公司2023年度审计机构的公告,,True,93）、宁波华翔复核人（002048）等上市公司2.诚信记 || 签字注册会计师、项目质量控制复核人近三年不存在因执业行为受到刑事处罚， || 签字注册会计师、项目质量控制复核人不存在可能影响独立性的情形。4.审计
603607,2020-04-28,1207650023,京华激光：关于续聘会计师事务所的公告,,True,能力：是（2）、质量控制复核人：束哲民执业资质：注册会计师、注册税 || 项目合伙人章祥、质量控制复核人束哲民不存在违反《中国注册会计师职业
603607,2023-04-27,1216630719,京华激光：京华激光关于续聘会计师事务所的公告,,True,月2022年15复核人22.诚信记录项目合伙人、签字注册会 || 签字注册会计师、项目质量控制复核人近三年不存在因执业行为受到刑事处罚， || 签字注册会计师、项目质量控制复核人不存在可能影响独立性的情形。4.审计
603607,2024-04-27,1219853842,京华激光：京华激光关于续聘会计师事务所的公告,,True,2023年13家复核人2.诚信记录签字注册会计师、项目质量 || 签字注册会计师、项目质量控制复核人近三年不存在因执业行为受到刑事处罚， || 签字注册会计师、项目质量控制复核人不存在可能影响独立性的情形。4.审计
603610,2021-04-20,1209728129,麒盛科技：麒盛科技关于续聘会计师事务所的公告,,True,1996年不适用复核人林纸股份有限公司、上海泛微网络科技股 || 签字注册会计师、项目质量控制复核人近三年不存在因执业行为受到刑事处罚， || 签字注册会计师、项目质量控制复核人不存在可能影响独立性的情形。（三）审
603610,2022-04-18,1212951841,麒盛科技：麒盛科技关于续聘会计师事务所的公告,,True,1996年不适用复核人冠电气股份有限公司2019年度审计报 || 签字注册会计师、项目质量控制复核人近三年不存在因执业行为受到刑事处罚， || 签字注册会计师、项目质量控制复核人不存在可能影响独立性的情形。（三）审
603610,2023-08-15,1217530829,麒盛科技：麒盛科技关于续聘会计师事务所的公告,,True,1996年不适用复核人报告；2021年，复核宏达高科控股股 || 签字注册会计师、项目质量控制复核人近三年不存在因执业行为受到刑事处罚， || 签字注册会计师、项目质量控制复核人不存在可能影响独立性的情形。4.审计
603611,2022-04-15,1212917668,诺力股份：诺力股份关于聘任天健会计师事务所（特殊普通合伙）为2022年度财务、内控审计机构的公告,,True,事务所，从事审计质量控制复核人冯可棣无是会计师工作；2013年加入 || 签字注册会计师、项目质量控制复核人近三年不存在因执业行为受到刑事处罚， || 签字注册会计师、项目质量控制复核人不存在可能影响独立性的情形。（三）审
603611,2021-04-16,1209702252,诺力股份：诺力股份关于聘任天健会计师事务所（特殊普通合伙）为2021年度财务、内控审计机构的公告,,True,年报；签署国立科复核人12日技2019年年报。2.诚信记录 || 签字注册会计师、项目质量控制复核人近三年不存在因执业行为受到刑事处罚， || 签字注册会计师、项目质量控制复核人不存在可能影响独立性的情形。4、审计
603611,2024-04-18,1219651164,诺力股份：诺力股份关于聘任天健会计师事务所（特殊普通合伙）为2024年度财务、内控审计机构的公告,,True,人签字注册会计师项目质量复核人员姓名葛徐葛徐朱小雪冯可棣何时成为注册 || 签字注册会计师、项目质量控制复核人近三年不存在因执业行为受到刑事处罚， || 签字注册会计师、项目质量控制复核人不存在可能影响独立性的情形。4、审计
603612,2020-04-28,1207651093,索通发展：关于续聘会计师事务所的公告,,True,他单位兼职。3.质量控制复核人员：李海臣拥有注册会计师资质，200
603612,2021-04-29,1209859634,索通发展：索通发展股份有限公司关于续聘会计师事务所的公告,,True,单位兼职。（3）质量控制复核人员：郝学花拥有注册会计师执业资质。2 || 签字注册会计师及质量控制复核人员近三年不存在因执业行为受到刑事处罚 || 签字注册会计师及质量控制复核人员不存在违反《中国注册会计师职业道德
603611,2023-04-18,1216440118,诺力股份：诺力股份关于聘任天健会计师事务所（特殊普通合伙）为2023年度财务、内控审计机构的公告,,True,0年度审计报告;复核人物产中大2019年度审计报告。2、诚 || 签字注册会计师、项目质量控制复核人近三年不存在因执业行为受到刑事处罚， || 签字注册会计师、项目质量控制复核人不存在可能影响独立性的情形。4、审计
603612,2022-12-21,1215407791,索通发展：索通发展股份有限公司关于续聘会计师事务所的公告,,True,位兼职。2（3）质量控制复核人员：郝学花拥有注册会计师执业资质。2 || 签字注册会计师及质量控制复核人员近三年不存在因执业行为受到刑事处罚 || 签字注册会计师及质量控制复核人员不存在违反《中国注册会计师职业道德
603618,2022-04-27,1213139130,杭电股份：杭电股份：关于支付2021年度审计费用及续聘2022年度审计机构的公告,,True,签字注册会计师、项目质量控制复核人近三年不存在因执业行为受到刑事处罚， || 签字注册会计师、项目质量控制复核人不存在可能影响独立性的情形。（三）审
603618,2020-04-24,1207587023,杭电股份：关于续聘2020年度审计机构的公告,,True,具备相应专业胜任复核人能力。兼职情况无兼任上市公司独立董事
603618,2023-04-26,1216595928,杭电股份：杭电股份：关于支付2022年度审计费用及续聘2023年度审计机构的公告,,True,签字注册会计师、项目质量控制复核人近三年不存在因执业行为受到刑事处罚， || 签字注册会计师、项目质量控制复核人不存在可能影响独立性的情形。（三）审
603618,2021-04-22,1209759974,杭电股份：杭电股份：关于支付2020年度审计费用及续聘2021年度审计机构的公告,,True,签字注册会计师、项目质量控制复核人近三年不存在因执业行为受到刑事处罚， || 签字注册会计师、项目质量控制复核人不存在可能影响独立性的情形。（三）审
603619,2023-04-20,1216477052,中曼石油：中曼石油关于续聘会计师事务所的公告,,True,专业服务。（2）项目质量控制复核人：余亚进执业资质：中国注册会计师是否 || 签字注册会计师、项目质量控制复核人近三年不存在因执业行为受到刑事处罚， || 签字注册会计师、项目质量控制复核人不存在可能影响独立性的情形。4、审计
603618,2024-04-17,1219635483,杭电股份：杭电股份：关于支付2023年度审计费用及续聘2024年度审计机构的公告,,True,签字注册会计师、项目质量控制复核人近三年不存在因执业行为受到刑事处罚， || 签字注册会计师、项目质量控制复核人不存在可能影响独立性的情形。（三）审
603619,2020-11-18,1208756507,中曼石油：关于变更会计师事务所的公告,,True,律监管措施。2、项目质量控制复核人：朱敏执业资质：中国注册会计师是否具 || 兼职情况：无上述项目质量控制复核人不存在违反《中国注册会计师职业道德守
603619,2024-04-30,1219923161,中曼石油：中曼石油关于续聘会计师事务所的公告,,True,超过10家余亚进质量控制复核人2003年1999年2016年6月2 || 签字注册会计师、项目质量控制复核人近三年不存在因执业行为受到刑事处罚， || 签字注册会计师、项目质量控制复核人不存在可能影响独立性的情形。4、审计
603619,2021-04-28,1209843359,中曼石油：中曼石油关于续聘会计师事务所的公告,,True,律监管措施。2、项目质量控制复核人：李会英执业资质：中国注册会计师是否 || 兼职情况：无上述项目质量控制复核人不存在违反《中国注册会计师职业道德守
603619,2022-04-22,1213026566,中曼石油：中曼石油关于续聘会计师事务所的公告,,True,律监管措施。2、项目质量控制复核人：余亚进执业资质：中国注册会计师是否 || 兼职情况：无上述项目质量控制复核人不存在违反《中国注册会计师职业道德守
603629,2021-04-23,1209768950,利通电子：603629：利通电子关于聘任2021年度审计机构的公告,,True,14年2020年复核人等上市公司年度审计报告2、诚信记录项 || 签字注册会计师、项目质量控制复核人近三年不存在因执业行为受到刑事处罚， || 签字注册会计师、项目质量控制复核人不存在可能影响独立性的情形。（三）审
603629,2023-04-26,1216590974,利通电子：603629：利通电子关于续聘2023年度会计师事务所的公告,,True,：盈峰环境、利通复核人电子、永茂泰、金新农等。2、诚信记录 || 签字注册会计师、项目质量控制复核人近三年不存在因执业行为受到刑事处罚， || 签字注册会计师、项目质量控制复核人不存在可能影响独立性的情形。（三）审
603629,2024-04-23,1219736146,利通电子：603629：利通电子关于续聘2024年度会计师事务所的公告,,True,：盈峰环境、利通复核人电子、永茂泰、金新农等。2、诚信记录 || 签字注册会计师、项目质量控制复核人近三年不存在因执业行为受到刑事处罚， || 签字注册会计师、项目质量控制复核人不存在可能影响独立性的情形。（三）审
603629,2022-04-28,1213159293,利通电子：603629：利通电子关于续聘2022年度会计师事务所的公告,,True,14年2020年复核人2020年，复核盈峰环境、永茂泰、东 || 签字注册会计师、项目质量控制复核人近三年不存在因执业行为受到刑事处罚， || 签字注册会计师、项目质量控制复核人不存在可能影响独立性的情形。（三）审
603629,2020-04-21,1207537723,利通电子：关于聘任2020年度审计机构的公告,,True,；2014年无是复核人注册税务师3月至今，天健会计师事务所
603633,2021-04-30,1209876734,徕木股份：上海徕木电子股份有限公司关于续聘会计师事务所公告,,True,签字注册会计师、项目质量控制复核人近三年不存在因执业行为受到刑事处罚，
603633,2023-04-29,1216710027,徕木股份：徕木股份关于续聘会计师事务所公告,,True,市公司审计报告；复核人2.上述相关人员的独立性和诚信记录情 || 签字注册会计师、项目质量控制复核人不存在可能影响独立性的情形。（三）审
603633,2024-04-27,1219880652,徕木股份：徕木股份关于续聘会计师事务所公告,,True,本信息项目合伙人项目质量复核人员师姓名贺梦然罗其费方华何时成为注册会 || 签字注册会计师、项目质量控制复核人不存在可能影响独立性的情形。4.审计
603637,2022-04-22,1213019518,镇海股份：镇海石化工程股份有限公司关于续聘公司2022年度财务和内部控制审计机构的公告,,True,19年2022年复核人成都云图控股股份有限公司（00253 || 签字注册会计师、项目质量控制复核人近三年不存在因执业行为受到刑事处罚， || 签字注册会计师、项目质量控制复核人不存在可能影响独立性的情形。（三）审
603637,2021-04-16,1209703777,镇海股份：镇海石化工程股份有限公司关于公司续聘会计师事务所的公告,,True,签字注册会计师、项目质量控制复核人近三年不存在因执业行为受到刑事处罚， || 签字注册会计师、项目质量控制复核人不存在可能影响独立性的情形。（三）审
603637,2023-04-21,1216488600,镇海股份：镇海石化工程股份有限公司关于续聘公司2023年度财务报表和内部控制审计机构的公告,,True,签字注册会计师、项目质量控制复核人近三年不存在因执业行为受到刑事处罚， || 签字注册会计师、项目质量控制复核人不存在可能影响独立性的情形。（三）审
603637,2024-03-29,1219442696,镇海股份：镇海石化工程股份有限公司关于续聘公司2024年度财务报表和内部控制审计机构的公告,,True,签字注册会计师、项目质量控制复核人近三年不存在因执业行为受到刑事处罚， || 签字注册会计师、项目质量控制复核人员不存在可能影响独立性的情形。4.审
603656,2023-03-18,1216145795,泰禾智能：泰禾智能关于变更签字注册会计师的公告,,True,荣、姚捷、陈思，项目质量控制复核人为孔令具体内容详见公司于2022年4
603657,2020-04-15,1207500071,春光科技：关于续聘会计师事务所的公告,,True,2429）提供财质量控制复核人康雪艳计师、中级报审计、内控审计等各
603657,2024-04-20,1219696137,春光科技：春光科技关于续聘会计师事务所的公告,,True,签字注册会计师、项目质量控制复核人近三年不存在因执业行为受到刑事处罚， || 签字注册会计师、项目质量控制复核人不存在可能影响独立性的情形。（四）审
603657,2023-04-21,1216497651,春光科技：春光科技关于续聘会计师事务所的公告,,True,由于天健正在开展项目质量复核人员独立性轮换工作，因此目前尚无法确定公 || 3年度审计项目的质量复核人员。2.诚信记录项目合伙人、签字注册会 || 签字注册会计师、项目质量控制复核人近三年不存在因执业行为受到刑事处罚， || 签字注册会计师、项目质量控制复核人不存在可能影响独立性的情形。（四）审
603661,2021-04-20,1209728166,恒林股份：恒林股份关于续聘天健所为2021年审计机构的公告,,True,10年2020年复核人度审计报告；2018年复核博威合金、 || 签字注册会计师、项目质量控制复核人近三年不存在因执业行为受到刑事处罚， || 签字注册会计师、项目质量控制复核人不存在可能影响独立性的情形。二、拟续
603661,2022-04-30,1213272073,恒林股份：恒林股份关于续聘会计师事务所的公告,,True,签字注册会计师、项目质量控制复核人近三年不存在因执业行为受到刑事处罚， || 签字注册会计师、项目质量控制复核人不存在可能影响独立性的情形。4、审计
603661,2024-04-26,1219840510,恒林股份：恒林股份关于续聘2024年度会计师事务所的公告,,True,人签字注册会计师项目质量复核人员姓名唐彬彬金倩薛志娟何时成为注册会计 || 签字注册会计师、项目质量复核人员近三年存在因执业行为受到刑事处罚，受 || 签字注册会计师、项目质量复核人员不存在可能影响独立性的情形。4、审计
603661,2023-08-23,1217606188,恒林股份：恒林股份关于续聘2023年度会计师事务所的公告,,True,签字注册会计师、项目质量控制复核人近三年不存在因执业行为受到刑事处罚， || 签字注册会计师、项目质量控制复核人不存在可能影响独立性的情形。4、审计
603663,2020-03-20,1207386018,三祥新材：关于续聘公司2020年度审计机构的公告,,True,情况项目合伙人、质量控制复核人和拟签字会计师等相关人员不存在违反《 || 形。项目合伙人、质量控制复核人和拟签字会计师等相关人员最近3年未受
603665,2021-04-28,1209843496,康隆达：康隆达关于续聘公司2021年度审计机构的公告,,True,任能力：是（2）质量控制复核人:任成执业资质：注册会计师、注册税务 || 字会计师王渝璐及质量控制复核人任成不存在违反《中国注册会计师职业道
603665,2020-04-30,1207692215,康隆达：关于续聘公司2020年度审计机构的公告,,True,胜任能力：是2.质量控制复核人:王甫荣执业资质：注册会计师从业经历 || 字会计师王渝璐及质量控制复核人王甫荣不存在违反《中国注册会计师职业
603665,2022-12-07,1215289029,康隆达：康隆达关于续聘会计师事务所的公告,,True,022年超过5家复核人2.诚信记录项目合伙人近三年因执业行 || 签字注册会计师、质量控制复核人不存在可能影响独立性的情形。4、审计
603665,2024-04-20,1219699526,康隆达：康隆达关于续聘会计师事务所的公告,,True,22年超过10家复核人2.诚信记录项目合伙人近三年因执业行 || 签字注册会计师、质量控制复核人不存在可能影响独立性的情形。4、审计
603665,2023-04-28,1216656314,康隆达：康隆达关于续聘会计师事务所的公告,,True,022年超过5家复核人2.诚信记录项目合伙人近三年因执业行 || 签字注册会计师、质量控制复核人不存在可能影响独立性的情形。4、审计
603667,2024-04-27,1219880765,五洲新春：五洲新春关于续聘2024年度公司审计机构和内部控制审计机构的公告,,True,12年2024年复核人川宁生物（301301）、海正生材（ || 签字注册会计师、项目质量控制复核人近三年不存在因执业行为受到刑事处罚， || 签字注册会计师、项目质量控制复核人不存在可能影响独立性的情形。（三）审
603667,2022-04-28,1213178718,五洲新春：浙江五洲新春集团股份有限公司关于续聘2022年度公司审计机构和内部控制审计机构的公告,,True,09年2018年复核人章源钨业（002378）、开立医疗（ || 签字注册会计师、项目质量控制复核人近三年不存在因执业行为受到刑事处罚， || 签字注册会计师、项目质量控制复核人不存在可能影响独立性的情形。（三）审
603667,2021-04-28,1209843535,五洲新春：浙江五洲新春集团股份有限公司关于续聘2021年度公司审计机构和内部控制审计机构的公告,,True,09年2018年复核人（002378）、开立医疗（3006 || 签字注册会计师、项目质量控制复核人近三年不存在因执业行为受到刑事处罚， || 签字注册会计师、项目质量控制复核人不存在可能影响独立性的情形。4、审计
603667,2023-08-29,1217674752,五洲新春：五洲新春关于续聘2023年度公司审计机构和内部控制审计机构的公告,,True,12年2023年复核人川宁生物（301301）海正生材（6 || 签字注册会计师、项目质量控制复核人近三年不存在因执业行为受到刑事处罚， || 签字注册会计师、项目质量控制复核人不存在可能影响独立性的情形。（三）审
603669,2021-04-17,1209713923,灵康药业：关于续聘会计师事务所的公告,,True,签字注册会计师、项目质量控制复核人近三年不存在因执业行为受到刑事处罚， || 签字注册会计师、项目质量控制复核人不存在可能影响独立性的情形。4、审计
603677,2021-03-17,1209394122,奇精机械：关于续聘2021年度审计机构的公告,,True,签字注册会计师、项目质量控制复核人近三年不存在因执业行为受到刑事处罚， || 签字注册会计师、项目质量控制复核人不存在可能影响独立性的情形。4.审计
603677,2022-03-24,1212650320,奇精机械：关于续聘公司2022年度审计机构的公告,,True,签字注册会计师、项目质量控制复核人近三年不存在因执业行为受到刑事处罚， || 签字注册会计师、项目质量控制复核人不存在可能影响独立性的情形。4.审计
603677,2023-03-24,1216203057,奇精机械：关于续聘公司2023年度审计机构的公告,,True,签字注册会计师、项目质量控制复核人近三年不存在因执业行为受到刑事处罚， || 签字注册会计师、项目质量控制复核人不存在可能影响独立性的情形。4.审计
603679,2020-04-22,1207552724,华体科技：续聘会计师事务所公告,,True,的其他单位兼职。独立复核人从业经历：郭东超，中国注册会计师，自 || 项目签字合伙人、独立复核合伙人、项目签字注册会计师均具有丰富的行业 || 项目签字合伙人、独立复核合伙人、项目签字注册会计师最近三年无受到刑
603683,2021-04-20,1209728208,晶华新材：晶华新材关于续聘天衡会计师事务所（特殊普通合伙）的公告,,True,600287）等项目质量控制复核人。1994年成为注册会计师，1992 || 签字项目合伙人、质量控制复核人、拟签字注册会计师未持有和买卖公司股 || 签字注册会计师、项目质量控制复核人不存在可能影响独立性的情形。（三）审
603685,2020-04-22,1207550747,晨丰科技：续聘2020年度审计机构的公告,,True,注册会计师无是制复核人师事务所，审计相关工作2004年7月
603683,2024-04-25,1219796679,晶华新材：晶华新材关于公司续聘天衡会计师事务所（特殊普通合伙）的公告,,True,签字项目合伙人、质量控制复核人、拟签字注册会计师未持有和买卖公司股 || 签字注册会计师、项目质量控制复核人不存在可能影响独立性的情形。（三）审
603685,2022-04-25,1213086920,晨丰科技：晨丰科技续聘2022年度审计机构的公告,,True,签字注册会计师、项目质量控制复核人近三年因执业行为受到刑事处罚，受到证 || 签字注册会计师、项目质量控制复核人不存在可能影响独立性的情形。4.审计
603685,2021-04-13,1209678080,晨丰科技：晨丰科技续聘2021年度审计机构的公告,,True,纪律处分的情况。项目质量控制复核人近三年因执业行为受到证监会派出机构监 || 签字注册会计师、项目质量控制复核人不存在可能影响独立性的情形。4.审计
603685,2023-04-27,1216621271,晨丰科技：晨丰科技续聘2023年度审计机构的公告,,True,98年2022年复核人和通程控股等年度审计报告。2.诚信记 || 签字注册会计师、项目质量控制复核人近三年存在因执业行为受到刑事处罚，受 || 签字注册会计师、项目质量控制复核人不存在可能影响独立性的情形。4.审计
603683,2023-04-29,1216710142,晶华新材：晶华新材关于公司续聘天衡会计师事务所（特殊普通合伙）的公告,,True,签字项目合伙人、质量控制复核人、拟签字注册会计师未持有和买卖公司股 || 签字注册会计师、项目质量控制复核人不存在可能影响独立性的情形。（三）审
603683,2022-03-31,1212754748,晶华新材：晶华新材关于公司续聘天衡会计师事务所（特殊普通合伙）的公告,,True,签字项目合伙人、质量控制复核人、拟签字注册会计师未持有和买卖公司股 || 签字注册会计师、项目质量控制复核人不存在可能影响独立性的情形。（三）审
603685,2024-03-20,1219347965,晨丰科技：晨丰科技关于续聘2024年度审计机构的公告,,True,控股等年度审计报复核人告。2.诚信记录项目合伙人、签字注册 || 签字注册会计师、项目质量控制复核人近三年存在因执业行为受到刑事处罚，受 || 签字注册会计师、项目质量控制复核人不存在可能影响独立性的情形。4.审计
603686,2024-04-19,1219663291,福龙马：福龙马：关于续聘2024年度会计师事务所的公告,,True,人签字注册会计师项目质量复核人员姓名盛伟明汪珂琦陈振伟何时成为注册会 || 签字注册会计师、项目质量复核人员近三年不存在因执业行为受到刑事处罚， || 签字注册会计师、项目质量复核人员不存在可能影响独立性的情形。（三）审
603688,2024-03-23,1219389257,石英股份：江苏太平洋石英股份有限公司关于续聘公司2024年度审计机构的公告,,True,签字注册会计师、项目质量控制复核人近三年不存在因执业行为受到刑事处罚， || 签字注册会计师、项目质量控制复核人不存在可能影响独立性的情形。4.审计
603690,2021-04-30,1209876845,至纯科技：关于续聘公司2021年度审计机构的公告,,True,册会计师陆友毅、质量控制负责人卞文漪近三年行政处罚、未因执业行为受 || 册会计师陆友毅、质量控制负责人卞文漪符合独立性要求，不存在可能影响
603690,2023-04-08,1216358374,至纯科技：关于续聘公司2023年度审计机构的公告,,True,册会计师孙红艳、质量控制负责人卞文漪近三年未因执业行为受到刑事处罚 || 册会计师孙红艳、质量控制负责人卞文漪符合独立性要求，不存在可能影响
603690,2020-04-30,1207695611,至纯科技：关于续聘公司2020年度审计机构的公告,,True,等上市公司审计的质量控制复核人。（603690）兼职情况：无拟签字 || 师陆友毅、丁炯，质量控制负责人陆士敏符合独立性要求，近三年未受到刑
603690,2022-04-30,1213272175,至纯科技：关于续聘公司2022年度审计机构的公告,,True,孙红艳、郑明珠，质量控制负责人卞文漪近三年未因执业行为受到刑事处罚 || 孙红艳、郑明珠，质量控制负责人卞文漪符合独立性要求，不存在可能影响
603696,2020-04-17,1207514188,安记食品：关于续聘审计机构的公告,,True,审计等证券服务。质量控制复核人：杨俏、中国注册会计师，合伙人。自1 || 上述项目合伙人、质量控制复核人及签字会计师不存在违反《中国注册会计
603699,2020-04-25,1207611343,纽威股份：关于续聘会计师事务所的公告,,True,况：无兼职（2）质量控制复核人：林玉枝执业资质：中国注册会计师、中
603699,2021-04-16,1209701283,纽威股份：纽威股份关于续聘会计师事务所的公告,,True,况：无兼职（2）质量控制复核人：张果林执业资质：中国注册会计师从业
603703,2020-04-23,1207557531,盛洋科技：关于续聘2020年度公司审计机构的公告,,True,胜任能力：是2.质量控制复核人：许菊萍执业资质：注册会计师、注册税 || 目合伙人杨建平、质量控制复核人许菊萍及拟签字会计师王渝璐不存在违反
603703,2021-04-23,1209776929,盛洋科技：盛洋科技关于续聘2021年度公司审计机构的公告,,True,任能力：是（2）质量控制复核人：许菊萍执业资质：注册会计师、注册税 || 目合伙人杨建平、质量控制复核人许菊萍及拟签字会计师王渝璐最近3年未 || 目合伙人杨建平、质量控制复核人许菊萍及拟签字会计师王渝璐不存在违反
603703,2023-04-21,1216491479,盛洋科技：盛洋科技关于续聘2023年度公司审计机构的公告,,True,月1年1家王其超质量控制复核人2001年1998年2009年7月1 || 签字注册会计师、项目质量控制复核人近三年不存在因执业行为受到刑事处罚， || 签字注册会计师、项目质量控制复核人不存在可能影响独立性的情形。4.审计
603703,2024-04-12,1219579620,盛洋科技：盛洋科技关于续聘2024年度公司审计机构的公告,,True,月2年5家王其超质量控制复核人2001年1998年2009年7月2 || 签字注册会计师、项目质量控制复核人近三年不存在因执业行为受到刑事处罚， || 签字注册会计师、项目质量控制复核人不存在可能影响独立性的情形。4.审计
603709,2022-04-28,1213172884,中源家居：关于续聘公司2022年度审计机构的公告,,True,签字注册会计师、项目质量控制复核人不存在可能影响独立性的情形。4、审计
603709,2024-04-29,1219891661,中源家居：中源家居股份有限公司关于续聘公司2024年度审计机构的公告,,True,人签字注册会计师项目质量复核人员姓名周晨费君刘利亚何时成为注册会计师 || 签字注册会计师、项目质量复核人员不存在可能影响独立性的情形。4、审计
603709,2021-04-28,1209843676,中源家居：关于续聘公司2021年度审计机构的公告,,True,签字注册会计师、项目质量控制复核人不存在可能影响独立性的情形。4、审计
603709,2023-04-27,1216613854,中源家居：中源家居股份有限公司关于续聘公司2023年度审计机构的公告,,True,11）、海正药业复核人（600267）等年度审计报告2、诚 || 签字注册会计师、项目质量控制复核人不存在可能影响独立性的情形。4、审计
603713,2020-04-02,1207448232,密尔克卫：关于续聘会计师事务所的公告,,True,英及其团队拟担任项目质量控制复核人。周薇英从事证券服务业务多年，负责复
603716,2024-04-27,1219880876,塞力医疗：关于续聘会计师事务所的公告,,True,签字注册会计师、项目质量控制复核人不存在违反《中国注册会计师职业道德守 || 签字注册会计师、质量控制复核人等不存在可能影响独立性的情况。4、审
603716,2021-04-29,1209859682,塞力医疗：关于续聘会计师事务所的公告,,True,审计报告。（3）项目质量控制复核人：根据中审众环质量控制政策和程序，初 || 项目质量独立质控复核人为钟建兵，1998年成为中国注册会计 || 签字注册会计师、项目质量控制复核人近三年因执业行为受到刑事处罚，受到证 || 签字注册会计师、质量控制复核人等不存在可能影响独立性的情况。4、审
603716,2023-04-27,1216628608,塞力医疗：关于续聘会计师事务所的公告,,True,签字注册会计师、项目质量控制复核人不存在违反《中国注册会计师职业道德守 || 签字注册会计师、质量控制复核人等不存在可能影响独立性的情况。4、审
603717,2020-04-25,1207611486,天域生态：关于续聘会计师事务所的公告,,True,等上市公司审计的质量控制复核人。兼职情况：无2、拟签字注册会计师2 || 兼职情况：无3、质量控制复核人姓名：刘文华执业资质：中国注册会计师 || 等上市公司审计的质量控制复核人。兼职情况：无拟签字注册会计师刘磊、 || 师刘磊、陈斯奇，质量控制复核人刘文华符合独立性要求，近三年未受到刑
603718,2024-04-30,1219905874,海利生物：海利生物关于续聘会计师事务所的公告,,True,司审计报告3个。项目质量控制复核人：姓名赖其寿，2015年12月成为注
603726,2022-04-19,1212957208,朗迪集团：关于续聘会计师事务所的公告,,True,硅业、浙江永强、复核人东睦新材等8家上市公司年度审计报告。 || 签字注册会计师、项目质量控制复核人近三年不存在因执业行为受到刑事处罚， || 签字注册会计师、项目质量控制复核人不存在可能影响独立性的情形。4.审计
603726,2023-04-28,1216642987,朗迪集团：关于续聘会计师事务所的公告,,True,签字注册会计师、项目质量控制复核人近三年不存在因执业行为受到刑事处罚， || 签字注册会计师、项目质量控制复核人不存在可能影响独立性的情形。4.审计
603726,2024-04-30,1219905896,朗迪集团：关于续聘会计师事务所的公告,,True,人签字注册会计师项目质量复核人员姓名韦军朱星云邓华明何时成为注册会计 || 签字注册会计师、项目质量控制复核人近三年不存在因执业行为受到刑事处罚， || 签字注册会计师、项目质量控制复核人不存在可能影响独立性的情形。4、审计
603726,2021-04-27,1209806217,朗迪集团：关于续聘会计师事务所的公告,,True,硅业、浙江永强、复核人东睦新材等8家上市公司年度审计报告。 || 签字注册会计师、项目质量控制复核人近三年不存在因执业行为受到刑事处罚， || 签字注册会计师、项目质量控制复核人不存在可能影响独立性的情形。4.审计
603728,2021-04-23,1209771358,鸣志电器：关于续聘会计师事务所的公告,,True,签字注册会计师和项目质量控制复核人的基本信息如下：（1）拟签字注册会计 || 等上市公司审计的质量控制复核人。兼职情况：无是否从事过证券服务业务 || 务业务：是（3）质量控制复核人：刘磊执业资质：中国注册会计师从业经 || 等上市公司审计的质量控制复核人。是否从事过证券服务业务：长期从事证 || 朱依君、虞雪杨，质量控制复核人刘磊符合独立性要求，近三年未受到刑事
603728,2022-04-22,1213019054,鸣志电器：关于续聘会计师事务所的公告,,True,签字注册会计师和项目质量控制复核人的基本信息如下：（1）拟签字注册会计 || 等上市公司审计的质量控制复核人。兼职情况：无是否从事过证券服务业务 || 务业务：是（3）质量控制复核人：刘磊执业资质：中国注册会计师从业经 || 担任3家上市公司质量控制复核人。是否从事过证券服务业务：长期从事证 || 朱依君、虞雪杨，质量控制复核人刘磊符合独立性要求，近三年未因执业行 || 签字注册会计师、项目质量控制复核人等从业人员不存在违反《中国注册会计师
603728,2020-04-30,1207692328,鸣志电器：关于续聘会计师事务所的公告,,True,等上市公司审计的质量控制复核人。兼职情况：银行间交易商协会自律处分 || 兼职情况：无3.质量控制复核人姓名：刘磊执业资质：中国注册会计师是 || 等上市公司审计的质量控制复核人。兼职情况：无(三)审计收费公司20
603729,2023-10-20,1218094868,龙韵股份：上海龙韵文创科技集团股份有限公司关于续聘会计师事务所的公告,,True,证券业务拟安排的质量控制复核人：蒋红薇执业资质中国注册会计师蒋红薇 || 新三板公司审计的质量控制复核人。兼职情况无是否从事过证券业务长期从 || 排的项目合伙人、质量控制复核人以及项目签字注册会计师不存在违反《中 || 签字注册会计师、项目质量控制复核人等从业人员不存在违反《中国注册会计师
603733,2020-04-03,1207452200,仙鹤股份：关于公司续聘会计师事务所的公告,,True,胜任能力：是2、质量控制复核人：刘元锁执业资质：注册会计师从业经历 || 目合伙人孔令江及质量控制复核人刘元锁不存在违反《中国注册会计师职业
603729,2022-12-16,1215368655,龙韵股份：上海龙韵文创科技集团股份有限公司关于变更会计师事务所的公告,,True,证券业务拟安排的质量控制复核人：蒋红薇执业资质中国注册会计师蒋红薇 || 新三板公司审计的质量控制复核人。兼职情况无是否从事过证券业务长期从 || 排的项目合伙人、质量控制复核人以及项目签字注册会计师不存在违反《中 || 签字注册会计师、项目质量控制复核人等从业人员不存在违反《中国注册会计师
603733,2022-04-28,1213178807,仙鹤股份：仙鹤股份关于公司续聘2022年度审计机构的公告,,True,胜任能力：是2.质量控制复核人：刘元锁执业资质：注册会计师从业经历 || 目合伙人陈达华及质量控制复核人刘元锁不存在违反《中国注册会计师职业
603737,2024-04-20,1219699726,三棵树：关于续聘会计师事务所的公告,,True,签字注册会计师、项目质量控制复核人近三年不存在因执业行为受到刑事处罚， || 注册会计师、项目质量控制复核合伙人不存在可能影响独立性的情形，不存在违 || 审计报告4份。拟项目质量控制复核人：梁轶男，2014年成为注册会计师， || 签字注册会计师、项目质量控制复核人近三年未因执业行为受到刑事处罚，未受 || 签字注册会计师、项目质量控制复核人不存在可能影响独立性的情形。4、审计
603733,2021-03-31,1209496366,仙鹤股份：仙鹤股份关于公司续聘2021年度审计机构的公告,,True,胜任能力：是2、质量控制复核人：刘元锁执业资质：注册会计师从业经历 || 目合伙人陈达华及质量控制复核人刘元锁不存在违反《中国注册会计师职业
603733,2023-03-30,1216261385,仙鹤股份：仙鹤股份关于公司续聘2023年度审计机构的公告,,True,任能力：是（2）项目质量控制复核人：李勉执业资质：注册会计师从业经历： || 目合伙人陈达华及质量控制复核人李勉不存在违反《中国注册会计师职业道 || 目合伙人陈达华及质量控制复核人李勉不存在可能影响独立性的情形。4、
603738,2020-04-28,1207650253,泰晶科技：续聘会计师事务所公告,,True,公司兼职。（2）项目质量控制复核人：根据中审众环质量控制政策和程序，项 || 1）项目合伙人、质量控制复核人和拟签字会计师等相关人员不存在违反《 || 2）项目合伙人、质量控制复核人和拟签字会计师等相关人员最近3年未受
603739,2020-04-29,1207671071,蔚蓝生物：关于续聘会计师事务所的公告,,True,上述项目合伙人、质量控制复核人和本期签字会计师不存在违反《中国注册
603755,2023-04-29,1216710327,日辰股份：青岛日辰食品股份有限公司关于续聘2023年度会计师事务所的公告,,True,任能力：是（2）质量控制复核人：赵春阳执业资质：注册会计师从业经历 || 签字注册会计师和质量控制复核人近三年未因执业行为受到刑事处罚，未受 || 签字注册会计师、项目质量控制复核人不存在违反《中国注册会计师职业道德守
603755,2022-04-27,1213129520,日辰股份：青岛日辰食品股份有限公司关于续聘2022年度会计师事务所的公告,,True,任能力：是（2）质量控制复核人：赵春阳执业资质：注册会计师从业经历 || 签字注册会计师和质量控制复核人近三年未因执业行为受到刑事处罚，未受 || 签字注册会计师、项目质量控制复核人不存在违反《中国注册会计师职业道德守
603758,2022-03-26,1212684863,秦安股份：秦安股份关于续聘2022年度审计机构的公告,,True,签字注册会计师、项目质量控制复核人近三年不存在因执业行为受到刑事处罚， || 签字注册会计师、项目质量控制复核人不存在可能影响独立性的情形。4、审计
603755,2021-04-28,1209827421,日辰股份：青岛日辰食品股份有限公司关于续聘会计师事务所的公告,,True,任能力：是（2）质量控制复核人：赵春阳执业资质：注册会计师从业经历 || 签字会计师莫迪及质量控制复核人赵春阳不存在违反《中国注册会计师职业
603758,2023-03-18,1216148961,秦安股份：秦安股份关于续聘2022年度审计机构的公告,,True,签字注册会计师、项目质量控制复核人近三年不存在因执业行为受到刑事处罚， || 签字注册会计师、项目质量控制复核人不存在可能影响独立性的情形。4、审计
603767,2021-04-29,1209849112,中马传动：关于续聘会计师事务所的公告,,True,签字注册会计师、项目质量控制复核人近三年不存在因执业行为受到刑事处罚， || 签字注册会计师、项目质量控制复核人不存在可能影响独立性的情形。三、拟续
603767,2022-03-31,1212742074,中马传动：关于续聘会计师事务所的公告,,True,年2017年见下质量控制复核人暂未确定陈世薇：2021年，签署富春 || 18年审计报告。质量控制复核人：由于天健会计师事务所正在开展项目质 || 师事务所正在开展项目质量复核人员独立性轮换工作，因此目前尚无法确定公 || 2年度审计项目的质量复核人员。公司将在天健会计师事务所确定项目质 || 会计师事务所确定项目质量复核人员后及时披露相关人员信息。2.诚信记录 || 签字注册会计师、项目质量控制复核人近三年不存在因执业行为受到刑事处罚，
603767,2023-03-31,1216270098,中马传动：关于续聘会计师事务所的公告,,True,019年见下项目质量复核人暂未确定陈世薇：2022年，签署奥普 || 19年审计报告。质量控制复核人：由于天健会计师事务所正在开展项目质 || 师事务所正在开展项目质量复核人员独立性轮换工作，因此目前尚无法确定公 || 3年度审计项目的质量复核人员。公司将在天健会计师事务所确定项目质 || 会计师事务所确定项目质量复核人员后及时披露相关人员信息。2.诚信记录 || 签字注册会计师、项目质量控制复核人近三年不存在因执业行为受到刑事处罚，
603767,2024-03-30,1219463180,中马传动：关于续聘会计师事务所的公告,,True,人签字注册会计师项目质量复核人员姓名王建兰李锟暂未确定何时成为注册会 || 0年度审计报告。质量控制复核人：由于天健会计师事务所正在开展项目质 || 师事务所正在开展项目质量复核人员独立性轮换工作，因此目前尚无法确定公 || 4年度审计项目的质量复核人员。公司将在天健会计师事务所确定项目质 || 会计师事务所确定项目质量复核人员后及时披露相关人员信息。2.诚信记录 || 签字注册会计师、项目质量控制复核人近三年不存在因执业行为受到刑事处罚，
603786,2020-04-22,1207548088,科博达：关于续聘会计师事务所的公告,,True,等上市公司审计的质量控制复核人，具备相应的专业胜任能力。兼职情况： || 务业务：是（3）质量控制复核人：李文祥执业资质：中国注册会计师从业 || 等上市公司审计的质量控制复核人。兼职情况：上海市注册会计师协会证券 || 朱依君、郑娴丽，质量控制复核人李文祥符合独立性要求，近三年未受到刑
603786,2021-04-22,1209757158,科博达：科博达技术股份有限公司关于续聘会计师事务所的公告,,True,等上市公司审计的质量控制复核人。兼职情况：银行间交易商协会自律处分 || 事证券业务（3）质量控制复核人：卞文漪执业资质：中国注册会计师从业 || 师沈蓉、张晶娃，质量控制复核人卞文漪符合独立性要求，近三年未受到刑
603786,2022-04-22,1213024695,科博达：科博达技术股份有限公司关于续聘会计师事务所的公告,,True,事证券业务（3）质量控制复核人：卞文漪执业资质：中国注册会计师从业 || 师沈蓉、张晶娃，质量控制复核人卞文漪符合独立性要求，近三年未受到刑
603786,2023-08-19,1217573694,科博达：科博达技术股份有限公司关于续聘会计师事务所的公告,,True,审计报告。（3）质量控制复核人：卞文漪执业资质：中国注册会计师从业 || 张晶娃、郑娴丽，质量控制复核人卞文漪符合独立性要求，近三年未受到刑
603787,2021-04-24,1209787202,新日股份：关于续聘公司2021年度审计机构的公告,,True,拟委派王伟庆担任项目质量控制负责人，王伟庆具有证券业务服务经验，从事注 || 签字注册会计师、项目质量控制复核人等不存在可能影响独立性的情形。（三）
603786,2024-04-20,1219690456,科博达：科博达技术股份有限公司关于续聘会计师事务所的公告,,True,审计报告。（3）质量控制复核人：卞文漪执业资质：中国注册会计师从业 || 张晶娃、姚丽珍，质量控制复核人卞文漪符合独立性要求，近三年未受到刑
603787,2020-04-25,1207600544,新日股份：关于续聘公司2020年度审计机构的公告,,True,拟委派王伟庆担任项目质量控制负责人，王伟庆具有证券业务服务经验，从事注
603787,2023-04-18,1216438112,新日股份：关于续聘2023年度审计机构的公告,,True,拟委派王伟庆担任项目质量控制负责人，王伟庆具有证券业务服务经验，从事注 || 签字注册会计师、项目质量控制复核人近三年因执业行为受到刑事处罚，受到证 || 签字注册会计师、项目质量控制复核人等不存在可能影响独立性的情形。（三）
603787,2022-04-30,1213272418,新日股份：关于续聘公司2022年度审计机构的公告,,True,拟委派王伟庆担任项目质量控制负责人，王伟庆具有证券业务服务经验，从事注 || 签字注册会计师、项目质量控制复核人等不存在可能影响独立性的情形。（三）
603788,2023-12-30,1218766126,宁波高发：关于审计机构变更公司签字注册会计师及质量控制复核人的公告,,True,签字注册会计师及质量控制复核人的公告本公司及董事会全体成员保证公告 || 签字注册会计师、质量控制复核人变更的告知函》，具体情况如下：一、签 || 签字注册会计师、质量控制复核人变更情况立信会计师事务所（特殊普通合
603787,2024-04-26,1219821074,新日股份：关于续聘2024年度审计机构的公告,,True,拟委派顾晓蓉担任项目质量控制负责人，顾晓蓉1995年成为注册会计师，2 || 签字注册会计师、项目质量控制复核人近三年因执业行为受到刑事处罚，受到证 || 签字注册会计师、项目质量控制复核人等不存在可能影响独立性的情形。（三）
603799,2020-03-28,1207418193,华友钴业：关于续聘会计师事务所的公告,,True,兼任上市公谭炼是复核人会计师审计相关工作。司独立董事199
603799,2024-04-20,1219696388,华友钴业：华友钴业关于续聘会计师事务所的公告,,True,人签字注册会计师项目质量复核人员姓名章静静鲁艳丽禤文欣何时成为注册会 || 签字注册会计师、项目质量复核人员近三年不存在因执业行为受到刑事处罚， || 签字注册会计师、项目质量复核人员不存在可能影响独立性的情形。（三）审
603799,2021-03-30,1209478496,华友钴业：华友钴业关于续聘会计师事务所的公告,,True,签字注册会计师、项目质量控制复核人近三年不存在因执业行为受到刑事处罚， || 签字注册会计师、项目质量控制复核人不存在可能影响独立性的情形。（三）审
603803,2021-04-23,1209769950,瑞斯康达：瑞斯康达科技发展股份有限公司关于续聘会计师事务所的公告,,True,05年2020年复核人德宏股份、中泰股份、交大思诺等。2、
603803,2022-04-28,1213178912,瑞斯康达：瑞斯康达科技发展股份有限公司关于续聘会计师事务所的公告,,True,05年2020年复核人德宏股份、中泰股份、交大思诺等。2、
603806,2020-03-21,1207390623,福斯特：关于公司续聘会计师事务所的公告,,True,制复核工作，注册质量控制复核人陈剑威先后为众合科技无是会计师(00
603803,2023-04-26,1216595970,瑞斯康达：关于续聘会计师事务所的公告,,True,05年2021年复核人德宏股份、中泰股份、交大思诺等。2、
603806,2022-03-18,1212606723,福斯特：福斯特关于关于续聘会计师事务所的公告,,True,师事务所正在开展项目质量复核人员独立性轮换工作，因此目前尚无法确定公 || 2年度审计项目的质量复核人员。公司将在天健会计师事务所确定项目质 || 会计师事务所确定项目质量复核人员后及时披露相关人员信息2.诚信记录上 || 签字注册会计师、项目质量控制复核人不存在可能影响独立性的情形。（三）审
603806,2024-04-12,1219583960,福斯特：关于公司续聘会计师事务所的公告,,True,签字注册会计师、项目质量控制复核人近三年不存在因执业行为受到刑事处罚， || 签字注册会计师、项目质量控制复核人不存在可能影响独立性的情形。（三）审
603806,2023-04-22,1216518047,福斯特：关于公司续聘会计师事务所的公告,,True,签字注册会计师、项目质量控制复核人近三年不存在因执业行为受到刑事处罚， || 签字注册会计师、项目质量控制复核人不存在可能影响独立性的情形。（三）审
603806,2021-03-26,1209453723,福斯特：福斯特关于关于续聘会计师事务所的公告,,True,签字注册会计师、项目质量控制复核人不存在可能影响独立性的情形。（三）审
603810,2023-12-22,1218684058,丰山集团：关于变更签字注册会计师的公告,,True,会计师，张雷作为项目质量复核人员共同为公司提供审计服务。由于公证天业 || 2023年度审计项目质量复核人员，继续完成公司2023年度审计相关工 || 计报告。2、项目质量复核人徐雅芬：1995年成为注册会计师，1 || 的情况。2、项目质量复核人徐雅芬：近三年诚信记录如下。序号姓名 || 会计师姚琪、项目质量复核人徐雅芬不存在违反《中国注册会计师职业
603811,2020-04-28,1207650321,诚意药业：关于续聘会计师事务所的公告,,True,胜任能力：是2、质量控制复核人：高峰执业资质：注册会计师从业经历： || 签字注册会计师和质量控制复核人不存在违反《中国注册会计师职业道德守
603811,2022-04-26,1213103130,诚意药业：诚意药业关于续聘会计师事务所及支付其报酬的公告,,True,020年1孙玉霞质量控制复核人2010年2008年2020年5月2 || 签字注册会计师、项目质量控制复核人近三年不存在因执业行为受到刑事处罚， || 签字注册会计师、项目质量控制复核人不2存在可能影响独立性的情形。4.审
603813,2023-03-16,1216126516,原尚股份：原尚股份关于拟续聘会计师事务所的公告,,True,签字注册会计师、项目质量控制复核人不存在可能影响独立性的情形。（三）审
603813,2022-03-18,1212605843,原尚股份：原尚股份关于拟续聘会计师事务所的公告,,True,签字注册会计师、项目质量控制复核人不存在可能影响独立性的情形。（三）审
603816,2021-04-30,1209877020,顾家家居：关于续聘2021年度会计师事务所的公告,,True,签字注册会计师、项目质量控制复核人近三年不存在因执业行为受到刑事处罚， || 签字注册会计师、项目质量控制复核人不存在可能影响独立性的情形。4、审计 || 天健项目合伙人、项目质量控制复核人和本期签字会计师不存在违反《中国注册
603813,2020-03-31,1207428122,原尚股份：关于续聘会计师事务所的公告,,True,事审计工作张芹制复核人兼职情况无兼任上市公司独立董事是否从
603816,2023-04-29,1216684076,顾家家居：关于续聘2023年度会计师事务所的公告,,True,2022年无。制复核人2、诚信记录项目合伙人、签字注册会计 || 签字注册会计师、项目质量控制复核人近三年不存在因执业行为受到刑事处罚， || 签字注册会计师、项目质量控制复核人不存在可能影响独立性的情形。4、审计 || 天健项目合伙人、项目质量控制复核人和本期签字会计师不存在违反《中国注册
603816,2020-04-23,1207556751,顾家家居：关于续聘2020年度会计师事务所的公告,,True,天健项目合伙人、质量控制复核人和本期签字会计师不存在违反《中国注册
603816,2022-04-22,1213026922,顾家家居：关于续聘2022年度会计师事务所的公告,,True,2022年无。制复核人2、诚信记录项目合伙人、签字注册会计 || 签字注册会计师、项目质量控制复核人近三年不存在因执业行为受到刑事处罚， || 签字注册会计师、项目质量控制复核人不存在可能影响独立性的情形。4、审计 || 天健项目合伙人、项目质量控制复核人和本期签字会计师不存在违反《中国注册
603816,2024-04-30,1219918717,顾家家居：关于续聘2024年度会计师事务所的公告,,True,8年2024年制复核人永贵电器审计报告。2、诚信记录项目合 || 签字注册会计师、项目质量控制复核人近三年不存在因执业行为受到刑事处罚， || 签字注册会计师、项目质量控制复核人不存在可能影响独立性的情形。4、审计
603819,2020-04-29,1207654559,神力股份：关于续聘会计师事务所的公告,,True,专业胜任能力：是质量控制复核人：陆士敏项目质量控制合伙人执业资质： || 等上市公司审计的质量控制复核人。项目质量控制合伙人是否从事过证券服
603822,2022-09-28,1214693961,嘉澳环保：续聘会计师事务所公告,,True,1.基本信息1.项目质量控制复核人信息杨铭姝，合伙人，2006年成为注 || 签字注册会计师、项目质量控制复核人近三年不存在因执业行为受到刑事处罚， || 签字注册会计师、项目质量控制复核人等不存在可能影响独立性的情形。4.审
603822,2022-01-15,1212188806,嘉澳环保：关于聘任2021年度会计师事务所的公告,,True,1.基本信息1.项目质量控制复核人信息杨铭姝，合伙人，2006年成为注 || 签字注册会计师、项目质量控制复核人近三年不存在因执业行为受到刑事处罚， || 签字注册会计师、项目质量控制复核人等不存在可能影响独立性的情形。4.审
603822,2023-10-31,1218200619,嘉澳环保：续聘会计师事务所公告,,True,1.基本信息1.项目质量控制复核人信息杨铭姝，合伙人，2006年成为注 || 签字注册会计师、项目质量控制复核人近三年（最近三个完整自然年度及当年） || 签字注册会计师、项目质量控制复核人等不存在可能影响独立性的情形。4.审
603823,2020-04-18,1207523166,百合花：关于续聘会计师事务所的公告,,True,项目负责合伙人、复核合伙人、项目负责经理最近三年行政监管措施情
603826,2023-04-04,1216314215,坤彩科技：关于变更2022年审计及非公开发行股票签字注册会计师的公告,,True,签字注册会计师及项目质量复核人员的函》，公司2022年度签字注册会计 || 计服务、李海成为项目质量复核人员为公司的审计服务项目提供复核工作。鉴 || 册会计师罗应勇及项目质量复核人员李海成工作调整，现委派曹隆森、桂后圆 || 会计师，周益平为项目质量复核人员，负责公司2022年度财务报表审计及 || 签字注册会计师及项目质量复核人员情况2项目签字注册会计师桂后圆：于2 || 数量超过3家次。项目质量复核人员周益平：于1994年3月成为注册会计
603833,2020-04-29,1207670064,欧派家居：关于变更会计师事务所的公告,,True,至本公告披露日，项目质量控制复核人及2020年度相关报告的签字会计师暂
603828,2023-10-31,1218204618,柯利达：柯利达关于续聘公司2023年度会计师事务所的公告,,True,告。郭晓鹏，项目质量复核人：2002年成为1999年7月开始从 || 璐楠、行政处罚、质量控制复核人郭晓鹏近三年内未曾因执业行为受到刑事
603859,2020-04-24,1207587305,能科股份：关于续聘会计师事务所的补充公告,,True,、人员信息（2）质量控制复核人：魏强执业资质：中国注册会计师从业经
603848,2020-05-08,1207713209,好太太：关于变更会计师事务所的公告,,True,至本公告披露日，项目质量控制复核人及2020年度相关报告的签字会计师暂
603859,2020-04-24,1207582857,能科股份：关于续聘会计师事务所的公告,,True,务业务：是（2）质量控制复核人：魏强执业资质：中国注册会计师从业经
603861,2021-04-28,1209843880,白云电器：白云电器关于续聘会计师事务所的公告,,True,签字注册会计师和质量控制复核人不存在违反《中国注册会计师职业道德守
603861,2022-04-30,1213272595,白云电器：白云电器关于续聘会计师事务所的公告,,True,月2022年5家复核人2、上述相关人员的诚信记录情况项目合 || 签字注册会计师、项目质量控制复核人近三年不存在因执业行为受到刑事处罚， || 签字注册会计师、项目质量控制复核人不存在可能影响独立性的情形。4、审计
603863,2020-04-29,1207670097,松炀资源：关于聘任会计师事务所的公告,,True,字注册会计师以及项目质量控制复核人尚未确定具体人员。2、上述相关人员的
603861,2021-10-30,1211437106,白云电器：白云电器关于变更会计师事务所的公告,,True,1月-超过10家复核人2、上述相关人员的诚信记录情况项目合 || 签字注册会计师、项目质量控制复核人近三年不存在因执业行为受到刑事处罚， || 签字注册会计师、项目质量控制复核人不存在可能影响独立性的情形。4、审计
603869,2020-04-25,1207614161,新智认知：关于公司续聘2020年度审计机构的公告,,True,合伙人王娟拟担任项目质量控制复核人。王娟，注册会计师，2002年起从事
603867,2024-04-26,1219836701,新化股份：新化股份关于续聘公司2024年度审计机构的公告,,True,签字注册会计师、项目质量控制复核人近三年不存在因执业行为受到刑事处罚， || 签字注册会计师、项目质量控制复核人不存在可能影响独立性的情形。4．审计
603876,2021-04-29,1209861473,鼎胜新材：江苏鼎胜新能源材料股份有限公司关于续聘会计师事务所的公告,,True,签字注册会计师、项目质量控制复核人近三年未有因执业行为受到刑事处罚，受 || ）及项目合伙人、项目质量控制复核人和本期签字会计师不存在违反《中国注册
603876,2022-04-29,1213225771,鼎胜新材：江苏鼎胜新能源材料股份有限公司关于续聘会计师事务所的公告,,True,签字注册会计师、项目质量控制复核人近三年未有因执业行为受到刑事处罚，受 || ）及项目合伙人、项目质量控制复核人和本期签字会计师不存在违反《中国注册
603876,2024-04-23,1219746657,鼎胜新材：江苏鼎胜新能源材料股份有限公司关于续聘会计师事务所的公告,,True,签字注册会计师、项目质量控制复核人近三年未有因执业3行为受到刑事处罚， || ）及项目合伙人、项目质量控制复核人和本期签字会计师不存在违反《中国注册
603876,2023-04-28,1216668265,鼎胜新材：江苏鼎胜新能源材料股份有限公司关于续聘会计师事务所的公告,,True,签字注册会计师、项目质量控制复核人近三年未有因执业行为受到刑事处罚，受 || ）及项目合伙人、项目质量控制复核人和本期签字会计师不存在违反《中国注册
603881,2024-04-13,1219597995,数据港：上海数据港股份有限公司关于续聘2024年度会计师事务所的公告,,True,审计报告。(3)质量控制复核人姓名：李会英执业资质：中国注册会计师
603881,2023-03-11,1216095040,数据港：上海数据港股份有限公司关于续聘2023年度会计师事务所的公告,,True,审计报告。（3）质量控制复核人姓名：李会英执业资质：中国注册会计师 || 签字注册会计师、项目质量控制复核人近三年不存在因执业行为受到刑事处罚、
603889,2021-03-31,1209490558,新澳股份：新澳股份关于续聘会计师事务所的公告,,True,森股份2018年复核人度审计报告；2018，签署禾望电气、 || 签字注册会计师、项目质量控制复核人近三年存在因执业行为受到刑事处罚，受 || 签字注册会计师、项目质量控制复核人不存在可能影响独立性的情形。4、审计
603889,2024-04-18,1219650221,新澳股份：新澳股份关于续聘会计师事务所的公告,,True,人签字注册会计师项目质量复核人员姓名伍贤春沈晓燕卢玲玉何时成为注册会 || 签字注册会计师、项目质量复核人员近三年不存在因执业行为受到刑事处罚， || 签字注册会计师、项目质量复核人员不存在可能影响独立性的情形。4、审计
603889,2023-04-14,1216406182,新澳股份：新澳股份关于续聘会计师事务所的公告,,True,能源、目浩云科技质量控制复核人2、诚信记录项目合伙人、签字注册会计 || 签字注册会计师、项目质量控制复核人近三年不存在因执业行为受到刑事处罚， || 签字注册会计师、项目质量控制复核人不存在可能影响独立性的情形。4、审计
603889,2022-04-26,1213103210,新澳股份：新澳股份关于续聘会计师事务所的公告,,True,022年[注3]复核人[注1]2021年度签署新澳股份、电 || 原指派齐晓丽作为质量控制复核人为公司提供审计服务，因其工作调整，天 || 计报告及内控审计质量控制复核人变更为卢玲玉。上述变更事项不会对公司 || 签字注册会计师、项目质量控制复核人近三年存在因执业行为受到刑事处罚，受 || 签字注册会计师、项目质量控制复核人不存在可能影响独立性的情形。4、审计
603895,2021-04-28,1209843957,天永智能：天永智能关于续聘会计师事务所公告,,True,报告7家。（2）质量控制复核人周薇英周薇英，2005年成为注册会计 || 签字注册会计师、项目质量控制复核人近三年因执业行为受到刑事处罚，受到证 || 签字注册会计师、项目质量控制复核人等不存在可能影响独立性的情形。4、审
603893,2020-06-12,1207919834,瑞芯微：关于续聘会计师事务所的公告,,True,国注册会计师无是复核人师事务所工作1999年至今，在天健会
603893,2023-06-10,1217028989,瑞芯微：关于续聘会计师事务所的公告,,True,17年2021年复核人股份等上市公司2020年度审计报告； || 签字注册会计师、项目质量控制复核人近三年因执业行为受到刑事处罚，受到证 || 签字注册会计师、项目质量控制复核人不存在可能影响独立性的情形。34、审
603893,2022-10-11,1214738947,瑞芯微：关于续聘会计师事务所的公告,,True,2020年度审计复核人报告。2、诚信记录项目合伙人、签字注 || 签字注册会计师、项目质量控制复核人近三年因执业行为受到2刑事处罚，受到 || 签字注册会计师、项目质量控制复核人不存在可能影响独立性的情形。4、审计
603897,2024-04-26,1219816548,长城科技：长城科技关于续聘会计师事务所的公告,,True,签字注册会计师、项目质量控制复核人近三年不存在因执业行为受到刑事处罚， || 签字注册会计师、项目质量控制复核人不存在可能影响独立性的情形。4.审计
603897,2021-04-02,1209626005,长城科技：浙江长城电工科技股份有限公司关于续聘会计师事务所的公告,,True,签字注册会计师、项目质量控制复核人近三年不存在因执业行为受到刑事处罚， || 签字注册会计师、项目质量控制复核人不存在可能影响独立性的情形。（三）审
603897,2022-02-26,1212457106,长城科技：浙江长城电工科技股份有限公司关于续聘会计师事务所的公告,,True,签字注册会计师、项目质量控制复核人近三年不存在因执业行为受到刑事处罚， || 签字注册会计师、项目质量控制复核人不存在可能影响独立性的情形。（三）审
603898,2020-05-09,1207724232,好莱客：关于变更会计师事务所公告,,True,业胜任能力。2、质量控制复核人从事过证兼职姓名职务执业资质从业经历
603901,2021-04-28,1209844010,永创智能：关于续聘会计师事务所的公告,,True,签字注册会计师、项目质量控制复核人近三年（不存在）因执业行为受到刑事处 || 签字注册会计师、项目质量控制复核人不存在可能影响独立性的情形。4、审计
603901,2022-03-09,1212528046,永创智能：关于续聘会计师事务所的公告,,True,签字注册会计师、项目质量控制复核人近三年（不存在）因执业行为受到刑事处 || 签字注册会计师、项目质量控制复核人不存在可能影响独立性的情形。4、审计
603901,2024-04-27,1219881367,永创智能：关于续聘会计师事务所的公告,,True,签字注册会计师、项目质量控制复核人近三年（存在）因执业行为受到刑事处罚 || 签字注册会计师、项目质量控制复核人不存在可能影响独立性的情形。4、审计
603912,2020-12-09,1208869250,佳力图：关于续聘会计师事务所的公告,,True,拟委派荆建明担任项目质量控制负责人，荆建明为本所管理合伙人、副主任会计 || 力；项目合伙人、质量控制复核人和本期签字会计师不存在违反《中国注册
603916,2020-04-16,1207506859,苏博特：关于续聘会计师事务所的公告,,True,计鉴证工作。本期质量控制复核人：史春生（1）执业资质：中国注册会计
603916,2022-04-16,1212944056,苏博特：关于续聘会计师事务所的公告.,,True,签字注册会计师、项目质量控制复核人近三年（最近三个完整自然年度及当年） || 签字注册会计师、项目质量控制复核人，不存在违反《中国注册会计师职业道德
603916,2021-03-26,1209451728,苏博特：关于续聘会计师事务所的公告,,True,签字注册会计师、项目质量控制复核人近三年（最近三个完整自然年度及当年） || 签字注册会计师、项目质量控制复核人，不存在违反《中国注册会计师职业道德
603916,2023-04-20,1216475221,苏博特：关于续聘会计师事务所的公告,,True,签字注册会计师、项目质量控制复核人近三年（最近三个完整自然年度及当年） || 签字注册会计师、项目质量控制复核人，不存在违反《中国注册会计师职业道德
603916,2023-11-11,1218307408,苏博特：关于变更2023年度会计师事务所的公告,,True,字注册会计师以及质量控制复核人为张爱国、聂亮、高民，相关情况如下： || 签字注册会计师、项目质量控制复核人近三年（最近三个完整自然年度及当年） || 签字注册会计师、项目质量控制复核人，不存在违反《中国注册会计师职业道德
603919,2024-01-06,1218816769,金徽酒：金徽酒股份有限公司关于审计机构变更质量控制复核人的公告,,True,关于审计机构变更质量控制复核人的公告本公司董事会及全体董事保证本公 || 23年度审计报告质量控制复核人的告知函》，现将具体情况公告如下：一 || 下：一、本次变更质量控制复核人的情况上会为公司2023年度内控审计 || 和财务审计项目的质量控制复核人。鉴于工作调整，上会现委派唐慧珏作为 || 和财务审计项目的质量控制复核人。二、本次变更后的质量控制复核人基本 || 二、本次变更后的质量控制复核人基本情况1.基本信息唐慧珏，2000
603918,2020-04-30,1207692563,金桥信息：关于续聘会计师事务所的公告,,True,健会计师事务无是复核人注册税务师所，审计相关工作。2002
603922,2020-04-30,1207694853,金鸿顺：关于续聘会计师事务所的公告,,True,注册会计师吴菲、质量控制复核人陈佳佳不存在违反《中国注册会计师职业
603922,2021-04-30,1209877203,金鸿顺：金鸿顺关于续聘会计师事务所的公告,,True,和陈佳注册会控制复核人控制复核复核了星网锐捷、生益科技、岭 || 注册会计师吴菲、质量控制复核人陈佳佳不存在违反《中国注册会计师职业
603922,2020-05-06,1207703780,金鸿顺：关于续聘会计师事务所的补充公告,,True,注册会计师吴菲、质量控制复核人陈佳佳不存在违反《中国注册会计师职业
603931,2021-04-22,1209757192,格林达：杭州格林达电子材料股份有限公司关于续聘会计师事务所的公告,,True,签字注册会计师、项目质量控制复核人近三年未因执业行为受到刑事处罚，未受
603931,2024-04-26,1219816062,格林达：杭州格林达电子材料股份有限公司关于续聘会计师事务所的公告,,True,签字注册会计师、项目质量控制复核人近三年不存在因执业行为受到刑事处罚，
603931,2023-04-26,1216591711,格林达：杭州格林达电子材料股份有限公司关于续聘会计师事务所的公告,,True,签字注册会计师、项目质量控制复核人近三年未因执业行为受到刑事处罚。受到 || 师朱泽民无无无无质量控制复核人高楠无无无无（三）审计收费公司202
603936,2021-01-21,1209152878,博敏电子：关于续聘会计师事务所的公告,,True,签字注册会计师、项目质量控制复核人近三年不存在因执业行为受到刑事处罚， || 签字注册会计师、项目质量控制复核人不存在可能影响独立性的情形。4、审计
603937,2023-03-30,1216258192,丽岛新材：丽岛新材：关于拟续聘天健会计师事务所（特殊普通合伙）为公司2023年度财务、内控审计机构的公告,,True,料、伟星股份、诺复核人忻力股份、喜临门等上市公司年度审计报 || 签字注册会计师、项目质量控制复核人近三年不存在因执业行为受到刑事处罚， || 签字注册会计师、项目质量控制复核人不存在可能影响独立性的情形。（三）审
603936,2022-12-15,1215359844,博敏电子：博敏电子关于续聘会计师事务所的公告,,True,签字注册会计师、项目质量控制复核人近三年不存在因执业行为受到刑事处罚， || 签字注册会计师、项目质量控制复核人不存在可能影响独立性的情形。4、审计
603937,2020-04-28,1207650540,丽岛新材：关于拟续聘天健会计师事务所（特殊普通合伙）为公司2020年度财务、内控审计机构的公告,,True,培强公司独立董是复核人师事务所工作从事审计工作。事1994
603936,2021-11-02,1211457336,博敏电子：博敏电子关于续聘会计师事务所的公告,,True,签字注册会计师、项目质量控制复核人近三年不存在因执业行2为受到刑事处罚 || 签字注册会计师、项目质量控制复核人不存在可能影响独立性的情形。4、审计
603937,2024-03-30,1219473205,丽岛新材：丽岛新材：关于拟续聘天健会计师事务所（特殊普通合伙）为公司2024年度财务、内控审计机构的公告,,True,年报上市公司审计项目质量复核人员独立性质量控制轮换工作尚在进行中，因 || 24年报具体项目质量复核人复核人员。2.诚信记录项目合伙人、签 || 体项目质量复核人复核人员。2.诚信记录项目合伙人、签字注册 || 签字注册会计师、项目质量控制复核人近三年不存在因执业行为受到刑事处罚， || 签字注册会计师、项目质量控制复核人不存在可能影响独立性的情形。（三）审
603939,2021-04-28,1209844161,益丰药房：益丰药房关于续聘2021年会计师事务所的公告,,True,年2020年注2复核人注1：2020年度签署湘潭电化、益丰 || 签字注册会计师、项目质量控制复核人近三年不存在因执业行为受到刑事处罚， || 签字注册会计师、项目质量控制复核人不存在可能影响独立性的情形。（三）审
603939,2024-04-29,1219891820,益丰药房：益丰药房关于续聘2024年会计师事务所的公告,,True,签字注册会计项目质量复核人基本信息项目合伙人师员姓名魏五军姜丰 || 签字注册会计师、项目质量复核人员近三年不存在因执业行为受到刑事处罚， || 签字注册会计师、项目质量复核人员不存在可能影响独立性的情形。4.审计
603939,2023-04-28,1216657025,益丰药房：益丰药房关于续聘2023年会计师事务所的公告,,True,年2020年注3复核人注1：2022年签署宇新股份、高斯贝 || 签字注册会计师、项目质量控制复核人近三年不存在因执业行为受到刑事处罚， || 签字注册会计师、项目质量控制复核人不存在可能影响独立性的情形。4.审计
603939,2022-04-29,1213220542,益丰药房：益丰药房关于续聘2022年会计师事务所的公告,,True,年2020年注3复核人注1：2021年签署兴图新科、宇新股 || 签字注册会计师、项目质量控制复核人近三年不存在因执业行为受到刑事处罚， || 签字注册会计师、项目质量控制复核人不存在可能影响独立性的情形。（三）审
603939,2020-04-09,1207469027,益丰药房：关于续聘2020年会计师事务所的公告,,True,华注册会计师无是复核人事务所承担质量控制和复核工作，具备相
603948,2021-10-28,1211400691,建业股份：浙江建业化工股份有限公司关于变更会计师事务所的公告,,True,签字注册会计师、项目质量控制复核人近三年不存在因执业行为受到刑事处罚， || 签字注册会计师、项目质量控制复核人不存在可能影响独立性的情形。4.审计
603948,2022-04-22,1213015544,建业股份：浙江建业化工股份有限公司关于续聘会计师事务所的公告,,True,签字注册会计师、项目质量控制复核人近三年不存在因执业行为受到刑事处罚， || 签字注册会计师、项目质量控制复核人不存在可能影响独立性的情形。4.审计
603948,2023-04-27,1216611958,建业股份：浙江建业化工股份有限公司关于续聘会计师事务所的公告,,True,签字注册会计师、项目质量控制复核人近三年不存在因执业行为受到刑事处罚， || 签字注册会计师、项目质量控制复核人不存在可能影响独立性的情形。4.审计
603948,2024-03-09,1219266148,建业股份：浙江建业化工股份有限公司关于续聘会计师事务所的公告,,True,人签字注册会计师项目质量复核人员姓名滕培彬符彦曹小勤何时成为注册会计 || 签字注册会计师、项目质量控制复核人近三年不存在因执业行为受到刑事处罚， || 签字注册会计师、项目质量复核人员不存在可能影响独立性的情形。4.审计
603949,2021-04-28,1209844209,雪龙集团：雪龙集团股份有限公司关于续聘会计师事务所公告,,True,签字注册会计师、项目质量控制复核人近三年不存在因执业行为受到刑事处罚， || 签字注册会计师、项目质量控制复核人不存在可能影响独立性的情形。（三）审
603949,2024-04-03,1219506014,雪龙集团：雪龙集团股份有限公司关于续聘2024年度会计师事务所的公告,,True,雅、晶科科技、王复核人力安防2、诚信记录项目合伙人、签字注 || 签字注册会计师、项目质量复核人员近三年不存在因执业行为受到刑事处罚， || 签字注册会计师、项目质量复核人员不存在可能影响独立性的情形。4、审计
603949,2022-04-28,1213173615,雪龙集团：雪龙集团股份有限公司关于续聘2022年审计机构的公告,,True,发等上市公司审计复核人报告2.诚信记录项目合伙人、签字注册 || 签字注册会计师、项目质量控制复核人近三年不存在因执业行为受到刑事处罚， || 签字注册会计师、项目质量控制复核人不存在可能影响独立性的情形。（三）审
603949,2023-04-07,1216345291,雪龙集团：雪龙集团股份有限公司关于续聘2023年度会计师事务所的公告,,True,科雅、晶科科技、复核人越剑智能2、诚信记录项目合伙人、签字 || 签字注册会计师、项目质量控制复核人近三年不存在因执业行为受到刑事处罚， || 签字注册会计师、项目质量控制复核人不存在可能影响独立性的情形。4、审计
603967,2020-04-09,1207469014,中创物流：关于续聘会计师事务所的公告,,True,项目签字合伙人、独立复核合伙人、项目签字注册会计师最近三年均未有受 || 司监事。2拟担任质量控制复核人：唐其勇先生，中国注册会计师，现为信 || 伙人宋进军先生、独立复核合伙人唐其勇先生、项目签字注册会计师王科先 || 项目签字合伙人、独立复核合伙人、项目签字注册会计师最近三年均未有受
603967,2021-04-02,1209626036,中创物流：中创物流股份有限公司关于续聘会计师事务所的公告,,True,公司9家。拟担任独立复核合伙人：唐其勇先生，2004年获得中国注册 || 签字注册会计师、项目质量控制复核人近三年无执业行为受到刑事处罚，受到证 || 签字注册会计师、项目质量控制复核人等从业人员不存在违反《中国注册会计师 || 项目签字合伙人、独立复核合伙人、项目签字注册会计师最近三年均未有受
603967,2022-03-30,1212726523,中创物流：中创物流股份有限公司关于续聘会计师事务所的公告,,True,公司9家。拟担任独立复核合伙人：唐其勇先生，2004年获得中国注册 || 签字注册会计师、项目质量控制复核人近三年无执业行为受到刑事处罚，受到证 || 签字注册会计师、项目质量控制复核人等从业人员不存在违反《中国注册会计师 || 项目签字合伙人、独立复核合伙人、项目签字注册会计师最近三年均未有受
603967,2023-03-30,1216260114,中创物流：中创物流股份有限公司关于续聘会计师事务所的公告,,True,公司8家。拟担任独立复核合伙人：唐其勇先生，2004年获得中国注册 || 签字注册会计师、项目质量控制复核人近三年无执业行为受到刑事处罚，无受到 || 签字注册会计师、项目质量控制复核人等从业人员不存在违反《中国注册会计师 || 项目签字合伙人、独立复核合伙人、项目签字注册会计师最近三年均未有受
603968,2024-04-25,1219790817,醋化股份：关于续聘会计师事务所的公告,,True,司审计报告1份。质量控制复核人：冯忠军：1999年成为注册会计师， || 注册会计师汪亮、项目质量控制复核人卫俏嫔近三年未因执业行为受到刑事处罚 || 签字注册会计师、项目质量控制复核人不存在可能影响独立性的情形。（三）审
603970,2020-04-22,1207548952,中农立华：关于续聘2020年度财务报告及内部控制审计机构的公告,,True,艳及其团队拟担任项目质量控制复核人。齐春艳从事证券服务业务多年，负责审 || 签字注册会计师及质量控制复核人不存在违反《中国注册会计师职业道德守
603976,2024-04-27,1219881682,正川股份：关于续聘公司2024年度审计机构的公告,,True,人签字注册会计师项目质量复核人员姓名黄巧梅黄娜叶贤斌何时成为注册会计 || 签字注册会计师、项目质量复核人员近三年不存在因执业行为受到刑事处罚， || 签字注册会计师、项目质量复核人员不存在可能影响独立性的情形。4.审计
603977,2020-12-31,1209024776,国泰集团：江西国泰集团股份有限公司关于续聘2020年度会计师事务所的公告,,True,李海成册会计无是复核人作。2012年开始负责大华会计师事务
603979,2020-04-15,1207500175,金诚信：关于续聘会计师事务所的公告,,True,胜任能力：是2．质量控制复核人：孔令江执业资质：注册会计师从业经历 || 字会计师黄平，及质量控制复核人孔令江不存在违反《中国注册会计师职业
603977,2021-09-01,1210942409,国泰集团：江西国泰集团股份有限公司关于续聘2021年度会计师事务所的公告,,True,李海成册会计无是复核人作。2012年开始负责大华会计师事务
603986,2021-08-28,1210901787,兆易创新：兆易创新关于续聘会计师事务所的公告,,True,1年2018年制复核人泰禾集团、兆易创新签字注册会魏润平2 || 签字注册会计师、项目质量控制复核人不存在违反《中国注册会计师职业道德守
603986,2020-08-26,1208246497,兆易创新：关于续聘会计师事务所的公告,,True,和重大无是英计师复核人资产重组审计业务，具备相应专业胜任能
603986,2023-08-26,1217647470,兆易创新：兆易创新关于续聘会计师事务所的公告,,True,0年2023年制复核人唯特偶、中国软件、浙江众成、交大昂立 || 签字注册会计师、项目质量控制复核人不存在违反《中国注册会计师职业道德守
603986,2022-08-27,1214422576,兆易创新：兆易创新关于续聘会计师事务所的公告,,True,1年2018年制复核人泰禾集团、兆易创新签字注册会魏润平2 || 签字注册会计师、项目质量控制复核人不存在违反《中国注册会计师职业道德守
603988,2021-04-10,1209669789,中电电机：中电电机关于续聘会计师事务所的公告,,True,签字注册会计师、项目质量控制复核人近三年不存在因执业行为受到刑事处罚， || 签字注册会计师、项目质量控制复核人不存在可能影响独立性的情形。4.审计
603989,2023-04-25,1216548080,艾华集团：湖南艾华集团股份有限公司关于续聘公司2023年度审计机构的公告,,True,签字注册会计师、项目质量控制复核人基本信息如下：项目合伙人及签字注册会 || 司审计报告4家。项目质量控制复核人：颜艳飞及其团队拟担任项目质量控制复 || 飞及其团队拟担任项目质量控制复核人。颜艳飞，2001年成为注册会计师， || 签字注册会计师、项目质量控制复核人近三年不存在因执业行为受到刑事处罚， || 签字注册会计师、项目质量控制复核人等不存在可能影响独立性的情形。4．审
603990,2023-04-29,1216710708,麦迪科技：麦迪科技关于续聘公司2023年度财务和内控审计机构的公告,,True,家、新三板6家。项目质量控制复核人：王其超，2001年成为注册会计师、 || 签字注册会计师、项目质量控制复核人近三年不存在因执业行为受到刑事处罚， || 签字注册会计师、项目质量控制复核人不存在可能影响独立性的情形。4.审计
603992,2021-04-13,1209678194,松霖科技：关于续聘2021年度会计师事务所的公告,,True,签字注册会计师、项目质量控制复核人近三年不存在因执业行为受到刑事处罚， || 签字注册会计师、项目质量控制复核人不存在可能影响独立性的情形。（三）审
603995,2022-04-12,1212885499,甬金股份：关于续聘会计师事务所的公告,,True,签字注册会计师、项目质量控制复核人近三年不存在因执业行为受到刑事处罚， || 签字注册会计师、项目质量控制复核人不存在可能影响独立性的情形。（三）审
603995,2020-04-20,1207534469,甬金股份：关于续聘会计师事务所的公告,,True,）从事审计相关拟质量控制复核人张帅益工作兼职情况无兼任上市公司独立
603992,2024-04-30,1219919026,松霖科技：关于续聘2024年度会计师事务所的公告,,True,人签字注册会计师项目质量复核人员姓名吕安吉李志媛邹甜甜何时成为注册会 || 签字注册会计师、项目质量控制复核人近三年不存在因执业行为受到刑事处罚， || 签字注册会计师、项目质量控制复核人不存在可能影响独立性的情形。（三）审
603995,2024-04-16,1219623206,甬金股份：关于续聘会计师事务所的公告,,True,1、基本信息项目质量复核人基本信息项目合伙人签字注册会计师员姓 || 年报上市公司审计项目质量复核人员独立性轮换工作尚在进行中，因此暂未确 || 2024年报具体项目质量复核人员2、诚信记录项目合伙人、签字注册会计 || 签字注册会计师、项目质量复核人员近三年不存在因执业行为受到刑事处罚， || 签字注册会计师、项目质量控制复核人不存在可能影响独立性的情形。（三）审
603995,2021-04-15,1209690915,甬金股份：关于续聘会计师事务所的公告,,True,签字注册会计师、项目质量控制复核人近三年不存在因执业行为受到刑事处罚， || 签字注册会计师、项目质量控制复核人不存在可能影响独立性的情形。（三）审
603995,2023-04-14,1216403870,甬金股份：关于续聘会计师事务所的公告,,True,签字注册会计师、项目质量控制复核人近三年不存在因执业行为受到刑事处罚， || 签字注册会计师、项目质量控制复核人不存在可能影响独立性的情形。（三）审
603998,2021-04-29,1209861522,方盛制药：方盛制药关于续聘会计师事务所公告,,True,锋工具等上市公司复核人年度审计报告。2.诚信记录项目合伙人 || 签字注册会计师、项目质量控制复核人近三年不存在因执业行为受到刑事处罚， || 签字注册会计师、项目质量控制复核人不存在可能影响独立性的情形。4.审计
603998,2020-04-30,1207692646,方盛制药：关于续聘会计师事务所公告,,True,所承担质量控无是复核人会计师制及复核工作，具备相应专业胜任
605003,2024-04-26,1219837073,众望布艺：众望布艺关于续聘2024年度审计机构的公告,,True,签字注册会计师、项目质量控制复核人近三年不存在因执业行为受到刑事处罚， || 签字注册会计师、项目质量控制复核人不存在可能影响独立性的情形。（三）审
605003,2021-04-27,1209820267,众望布艺：众望布艺关于续聘2021年度审计机构的公告,,True,签字注册会计师、项目质量控制复核人近三年不存在因执业行为受到刑事处罚， || 签字注册会计师、项目质量控制复核人不存在可能影响独立性的情形。（二）审
605005,2021-04-19,1209718374,合兴股份：合兴股份关于续聘2021年度审计机构的公告,,True,签字注册会计师、项目质量控制复核人近三年不存在因执业行为受到刑事处罚， || 签字注册会计师、项目质量控制复核人不存在可能影响独立性的情形。公司20
605003,2022-04-28,1213173745,众望布艺：众望布艺关于续聘2022年度审计机构的公告,,True,签字注册会计师、项目质量控制复核人近三年不存在因执业行为受到刑事处罚， || 签字注册会计师、项目质量控制复核人不存在可能影响独立性的情形。（二）审
605003,2023-04-27,1216630867,众望布艺：众望布艺关于续聘2023年度审计机构的公告,,True,07年2022年复核人括日发精机、春晖智控等2.诚信记录项 || 签字注册会计师、项目质量控制复核人近三年不存在因执业行为受到刑事处罚， || 签字注册会计师、项目质量控制复核人不存在可能影响独立性的情形。（二）审
605007,2021-04-27,1209810358,五洲特纸：衢州五洲特种纸业股份有限公司关于续聘2021年度会计师事务所公告,,True,签字注册会计师、项目质量控制复核人近三年不存在因执业行为受到刑事处罚， || 签字注册会计师、项目质量控制复核人不存在可能影响独立性的情形。（三）审
605007,2022-04-28,1213173944,五洲特纸：五洲特种纸业集团股份有限公司关于续聘2022年度会计师事务所的公告,,True,签字注册会计师、项目质量控制复核人近三年不存在因执业行为受到刑事处罚， || 签字注册会计师、项目质量控制复核人不存在可能影响独立性的情形。（三）审
605007,2024-04-09,1219537086,五洲特纸：五洲特种纸业集团股份有限公司关于续聘2024年度会计师事务所的公告,,True,签字注册会计师、项目质量控制复核人近三年不存在因执业行为受到刑事处罚， || 签字注册会计师、项目质量控制复核人不存在可能影响独立性的情形。4、审计
605007,2023-04-21,1216490317,五洲特纸：五洲特种纸业集团股份有限公司关于续聘2023年度会计师事务所的公告,,True,签字注册会计师、项目质量控制复核人近三年不存在因执业行为受到刑事处罚， || 签字注册会计师、项目质量控制复核人不存在可能影响独立性的情形。4、审计
605008,2024-04-30,1219923666,长鸿高科：关于续聘2024年度审计机构的公告,,True,20102024复核人冠城大通等多家上市公司年报审计项目。 || 签字注册会计师、项目质量控制复核人近三年（最近三个完整2自然年度及当年 || 签字注册会计师、项目质量控制复核人等不存在可能影响独立性的情形。（三）
605009,2021-03-26,1209453987,豪悦护理：杭州豪悦护理用品股份有限公司关于续聘 2021年度会计师事务所的公告,,True,上市公司2018复核人年度审计报告；2018年签署大参林、 || 签字注册会计师、项目质量控制复核人近三年不存在因执业行为受到刑事处罚， || 签字注册会计师、项目质量控制复核人不存在可能影响独立性的情形。（三）审
605009,2024-04-12,1219581690,豪悦护理：杭州豪悦护理用品股份有限公司关于续聘2024年度会计师事务所的公告,,True,控股、湘潭电化等复核人上市公司年报2.诚信记录项目合伙人、 || 签字注册会计师、项目质量复核人员近三年存在因执业行为受到刑事处罚，受 || 签字注册会计师、项目质量控制复核人不存在可能影响独立性的情形。（三）审
605009,2022-04-26,1213109722,豪悦护理：杭州豪悦护理用品股份有限公司关于续聘2022年度会计师事务所的公告,,True,司2020年度审复核人计报告；2020年签署湘潭电化、益丰 || 签字注册会计师、项目质量控制复核人近三年不存在因执业行为受到刑事处罚， || 签字注册会计师、项目质量控制复核人不存在可能影响独立性的情形。（三）审
605011,2022-04-28,1213173971,杭州热电：杭州热电集团股份有限公司关于续聘天健会计师事务所（特殊普通合伙）为公司2022年财务报告及内部控制的审计机构的公告,,True,603039）等复核人2.诚信记录项目合伙人、签字注册会计 || 签字注册会计师、项目质量控制复核人近三年不存在因执业行为受到刑事处罚， || 签字注册会计师、项目质量控制复核人不存在可能影响独立性的情形。4.审计
605009,2023-04-15,1216417452,豪悦护理：杭州豪悦护理用品股份有限公司关于续聘2023年度会计师事务所的公告,,True,湘潭电化等上市公复核人司2021年度审计报告；签署益丰药房 || 签字注册会计师、项目质量控制复核人近三年不存在因执业行为受到刑事处罚， || 签字注册会计师、项目质量控制复核人不存在可能影响独立性的情形。（三）审
605020,2022-03-30,1212732075,永和股份：浙江永和制冷股份有限公司关于续聘立信会计师事务所（特殊普通合伙）为2022年度审计机构的公告,,True,签字注册会计师和质量控制复核人不存在违反《中国注册会计师职业道德守
605011,2023-04-18,1216443584,杭州热电：关于聘任会计师事务所的公告,,True,0年2023年制复核人西大门（605155）、国药现代（6 || 签字注册会计师、项目质量控制复核人近三年不存在因执业行为受到刑事处罚， || 签字注册会计师、项目质量控制复核人不存在可能影响独立性的情形。4.审计
605050,2022-04-07,1212823499,福然德：福然德股份有限公司关于续聘2022年度审计机构的进展公告,,True,通合伙）正在开展项目质量复核人员独立性的轮换工作，因此尚无法确定公司 || 2年度审计项目的质量复核人员。二、进展情况说明截至本公告日，公司 || 2年度审计项目的质量控制复核人的相关信息作如下进展说明：1、项目成 || 04年2020年复核人司等上市公司2019年度审计报告；2 || 签字注册会计师、项目质量控制复核人近三年不存在因执业行为受到刑事处罚， || 签字注册会计师、项目质量控制复核人不存在可能影响独立性的情形。特此公告
605028,2023-08-18,1217561575,世茂能源：宁波世茂能源股份有限公司关于续聘2023年度会计师事务所的公告,,True,-司年度审计报告复核人2、诚信记录项目合伙人、签字注册会计 || 签字注册会计师、项目质量控制复核人近三年未受到过刑事处罚、行政处罚、行 || 签字注册会计师、项目质量控制复核人不存在可能影响独立性的情形，不会影响
605050,2022-03-31,1212747250,福然德：福然德股份有限公司关于续聘2022年度审计机构的公告,,True,师事务所正在开展项目质量复核人员独立性轮换工作，因此目前尚质量控制无 || 2年度审计项目的质量复核人员。公司将在天健会计师事务所复核人确定 || 天健会计师事务所复核人确定项目质量复核人员后及时披露相关人 || 事务所复核人确定项目质量复核人员后及时披露相关人员信息。2、诚信记录 || 签字注册会计师、项目质量控制复核人近三年不存在因执业行为受到刑事处罚， || 签字注册会计师、项目质量控制复核人不存在可能影响独立性的情形。4、审计
605050,2021-03-01,1209315157,福然德：福然德关于续聘会计师事务所的公告,,True,签字注册会计师、项目质量控制复核人近三年不存在因执业行3为受到刑事处罚 || 签字注册会计师、项目质量控制复核人不存在可能影响独立性的情形。二、拟续
605055,2021-04-29,1209849572,迎丰股份：关于续聘2021年度审计机构的公告,,True,签字注册会计师、项目质量控制复核人近三年不存在因执业行为受到刑事处罚， || 签字注册会计师、项目质量控制复核人不存在可能影响独立性的情形。4．审计
605050,2024-04-16,1219620872,福然德：福然德股份有限公司关于续聘2024年度审计机构的公告,,True,/复核浙江大农、复核人永艺股份、中源家居2021年度审计报 || 签字注册会计师、项目质量控制复核人近三年不存在因执业行为受到刑事处罚， || 签字注册会计师、项目质量复核人员不存在可能影响独立性的情形。4、审计
605050,2023-04-18,1216438147,福然德：福然德股份有限公司关于续聘2023年度审计机构的公告,,True,股份、银都股份、复核人美迪凯等上市公司年度审计报告2、诚信 || 签字注册会计师、项目质量控制复核人近三年不存在因执业行为受到刑事处罚， || 签字注册会计师、项目质量控制复核人不存在可能影响独立性的情形。4、审计
605055,2023-04-27,1216629383,迎丰股份：迎丰股份关于续聘2023年度审计机构的公告,,True,签字注册会计师、项目质量控制复核人近三年不存在因执业行为受到刑事处罚， || 签字注册会计师、项目质量控制复核人不存在可能影响独立性的情形。4．审计
605056,2022-04-15,1212921967,咸亨国际：咸亨国际：关于续聘天健会计师事务所（特殊普通合伙）为公司2022年度审计机构的公告,,True,签字注册会计师、项目质量控制复核人近三年不存在因执业行为受到刑事处罚， || 签字注册会计师、项目质量控制复核人不存在可能影响独立性的情形。4、审计
605055,2022-04-28,1213160513,迎丰股份：迎丰股份关于续聘2022年度审计机构的公告,,True,签字注册会计师、项目质量控制复核人近三年不存在因执业行为受到刑事处罚， || 签字注册会计师、项目质量控制复核人不存在可能影响独立性的情形。4．审计
605055,2024-04-25,1219787856,迎丰股份：迎丰股份关于续聘2024年度审计机构的公告,,True,签字注册会计师、项目质量控制复核人近三年不存在因执业行为受到刑事处罚， || 签字注册会计师、项目质量控制复核人不存在可能影响独立性的情形。4．审计
605056,2024-04-30,1219919134,咸亨国际：咸亨国际：关于续聘会计师事务所的公告,,True,项目基本信息项目质量复核人基本信息项目合伙人签字注册会计师员姓 || 签字注册会计师、项目质量复核人员近三年不存在因执业行为受到刑事处罚， || 签字注册会计师、项目质量复核人员不存在可能影响独立性的情形。4.审计
605056,2023-04-20,1216478419,咸亨国际： 咸亨国际：关于续聘天健会计师事务所（特殊普通合伙）为公司2023年度审计机构的公告,,True,签字注册会计师、项目质量控制复核人近三年不存在因执业行为受到刑事处罚， || 签字注册会计师、项目质量控制复核人不存在可能影响独立性的情形。二、拟续
605060,2024-04-03,1219502742,联德股份：联德股份关于续聘会计师事务所的公告,,True,人签字注册会计师项目质量复核人员姓名费方华徐澄宬暂未确定何时成为注册 || 师事务所正在开展项目质量复核人员独立性轮换工作，因此目前尚无法确定公 || 4年度审计项目的质量复核人员。2、上述相关人员的诚信记录情况项目 || 签字注册会计师、项目质量复核人员近三年不存在因执业行为受到刑事处罚， || 签字注册会计师、项目质量复核人员不存在可能影响独立性的情形。4、审计
605068,2022-04-16,1212940563,明新旭腾：明新旭腾关于续聘公司2022年度审计机构的公告,,True,签字注册会计师、项目质量控制复核人近三年不存在因执业行为受到刑事处罚， || 签字注册会计师、项目质量控制复核人不存在可能影响独立性的情形。4、审计
605068,2021-04-08,1209648172,明新旭腾：明新旭腾关于续聘公司2021年度审计机构的公告,,True,签字注册会计师、项目质量控制复核人近三年不存在因执业行为受到刑事处罚， || 签字注册会计师、项目质量控制复核人不存在可能影响独立性的情形。4、审计
605068,2024-04-23,1219738289,明新旭腾：明新旭腾关于续聘公司2024年度审计机构的公告,,True,人签字注册会计师项目质量复核人员姓名唐彬彬李霞王振何时成为注册会计师 || 签字注册会计师、项目质量控制复核人近三年不存在因执业行为受到刑事处罚， || 签字注册会计师、项目质量控制复核人不存在可能影响独立性的情形。4、审计
605068,2023-04-21,1216498641,明新旭腾：明新旭腾关于续聘公司2023年度审计机构的公告,,True,签字注册会计师、项目质量控制复核人近三年不存在因执业行为受到刑事处罚， || 签字注册会计师、项目质量控制复核人不存在可能影响独立性的情形。4、审计
605077,2023-03-24,1216203217,华康股份：华康股份关于续聘2023年度审计机构的公告,,True,签字注册会计师、项目质量控制复核人近三年不存在因执业行为受到刑事处罚， || 签字注册会计师、项目质量控制复核人不存在可能影响独立性的情形。4、审计
605077,2022-04-20,1212978448,华康股份：华康股份关于续聘2022年度审计机构的公告,,True,签字注册会计师、项目质量控制复核人近三年不存在因执业行为受到刑事处罚， || 签字注册会计师、项目质量控制复核人不存在可能影响独立性的情形。4、审计
605077,2024-04-19,1219672959,华康股份：华康股份关于续聘2024年度审计机构的公告,,True,签字注册会计项目质量复核人基本信息项目合伙人师员姓名程志刚吴传 || 签字注册会计师、项目质量复核人员近三年不存在因执业行为2受到刑事处罚 || 签字注册会计师、项目质量复核人员不存在可能影响独立性的情形。4、审计
605077,2021-03-31,1209496490,华康股份：关于续聘会计师事务所的公告,,True,签字注册会计师、项目质量控制复核人近三年不存在因执业行为受到刑事处罚， || 签字注册会计师、项目质量控制复核人不存在可能影响独立性的情形。4、审计
605088,2021-04-26,1209800375,冠盛股份：关于续聘会计师事务所的公告,,True,签字注册会计师、项目质量控制复核人近三年不存在因执业行为受到刑事处罚， || 签字注册会计师、项目质量控制复核人不存在可能影响独立性的情形。4、审计 || 上述项目合伙人、质量控制复核人和本期签字注册会计师不存在违反《中国
605088,2022-04-16,1212939960,冠盛股份：关于续聘会计师事务所的公告,,True,12年2012年复核人审计报告；2019年，签署电三利谱、 || 签字注册会计师、项目质量控制复核人近三年不存在因执业行为受到刑事处罚， || 签字注册会计师、项目质量控制复核人不存在可能影响独立性的情形。4、审计 || 上述项目合伙人、质量控制复核人和本期签字注册会计师不存在违反《中国
605088,2024-03-30,1219464425,冠盛股份：关于续聘会计师事务所的公告,,True,签字注册会计项目质量复核人基本信息项目合伙人师员姓名吴志辉潘茹 || 签字注册会计师、项目质量控制复核人近三年不存在因执业行为受到刑事处罚， || 签字注册会计师、项目质量控制复核人不存在可能影响独立性的情形。4、审计 || 上述项目合伙人、质量控制复核人和本期签字注册会计师不存在违反《中国
605088,2023-04-12,1216382131,冠盛股份：关于续聘会计师事务所的公告,,True,12年2012年复核人信2020年度审计报告；2020年签 || 签字注册会计师、项目质量控制复核人近三年不存在因执业行为受到刑事处罚， || 签字注册会计师、项目质量控制复核人不存在可能影响独立性的情形。4、审计 || 上述项目合伙人、质量控制复核人和本期签字注册会计师不存在违反《中国
605099,2022-04-28,1213179130,共创草坪：关于续聘会计师事务所的公告,,True,签字注册会计师、项目质量控制复核人近三年存在因执业行为受到刑事处罚，受 || 签字注册会计师、项目质量控制复核人不存在可能影响独立性的情形。4.审计
605099,2021-04-08,1209647863,共创草坪：关于续聘会计师事务所的公告,,True,签字注册会计师、项目质量控制复核人近三年不存在因执业行为受到刑事处罚， || 签字注册会计师、项目质量控制复核人不存在可能影响独立性的情形。4.审计
605100,2023-04-15,1216411579,华丰股份：华丰动力股份有限公司关于续聘会计师事务所的公告,,True,司年报审计业务。质量控制复核人员：李洪拥有注册会计师执业资质。20 || 签字注册会计师及质量控制复核人员近三年不存在因执业行为受到刑事处罚 || 签字注册会计师及质量控制复核人员不存在违反《中国注册会计师职业道德
605099,2023-03-28,1216235042,共创草坪：关于续聘会计师事务所的公告,,True,签字注册会计师、项目质量控制复核人近三年存在因执业行为受到刑事处罚，受 || 签字注册会计师、项目质量控制复核人不存在可能影响独立性的情形。4.审计
605100,2022-08-26,1214402707,华丰股份：华丰动力股份有限公司关于聘任会计师事务所的公告,,True,司审计报告2家。质量控制复核人员：刘雪娇拥有注册会计师执业资质，从 || 签字注册会计师及质量控制复核人员近三年不存在因执业行为受到刑事处罚 || 签字注册会计师及质量控制复核人员不存在违反《中国注册会计师职业道德
605100,2021-04-16,1209700067,华丰股份：华丰动力股份有限公司关于续聘会计师事务所的公告,,True,公司的审计报告。质量控制复核人员：李洪李洪拥有中国注册会计师、澳洲 || 签字注册会计师及质量控制复核人员近三年不存在因执业行为受到刑事处罚 || 签字注册会计师及质量控制复核人员不存在违反《中国注册会计师职业道德
605099,2024-04-29,1219893033,共创草坪：关于续聘会计师事务所的公告,,True,人签字注册会计师项目质量复核人员姓名何林飞李宸宇严善明何时成为注册会 || 签字注册会计师、项目质量复核人员近三年不存在因执业行为受到刑事处罚， || 签字注册会计师、项目质量复核人员不存在可能影响独立性的情形。4.审计
605111,2022-03-22,1212632971,新洁能：关于续聘公司2022年度审计机构的公告,,True,微科技等。（2）质量控制复核人：陈婷婷陈婷婷女士，2004年成为注 || 签字注册会计师及质量复核人员未持有和买卖公司股票，也不存在影响独
605111,2021-03-31,1209496508,新洁能：关于续聘公司2021年度审计机构的公告,,True,荣安地产。（2）质量控制复核人：虞丽新虞丽新女士，1992年成为注 || 签字注册会计师及质量复核人员未持有和买卖公司股票，也不存在影响独
605100,2022-12-23,1215428408,华丰股份：华丰动力股份有限公司关于变更会计师事务所的公告,,True,人、项目组成员、质量复核人员等）仍在大信会计师事务所执业。为保证 || 事务所开始执业。质量控制复核人员：李洪拥有注册会计师执业资质。20 || 签字注册会计师及质量控制复核人员近三年不存在因执业行为受到刑事处罚 || 签字注册会计师及质量控制复核人员不存在违反《中国注册会计师职业道德 || 人、项目组成员、质量复核人员等）仍在大信会计师事务所执业。为保证
605111,2023-03-21,1216168796,新洁能：关于续聘公司2023年度审计机构的公告,,True,微科技等。（2）质量控制复核人：陈婷婷陈婷婷女士，2004年成为注 || 签字注册会计师及质量复核人员未持有和买卖公司股票，也不存在影响独
605116,2023-04-15,1216414151,奥锐特：奥锐特药业股份有限公司关于续聘公司2023年度审计机构的公告,,True,告。2021年度复核人成泰林生物等上市公司2020年度审计 || 签字注册会计师、项目质量控制复核人近三年无因执业行为受到刑事处罚的情况 || 签字注册会计师、项目质量控制复核人不存在可能影响独立性的情形。4.审计
605111,2024-03-28,1219429180,新洁能：关于公司续聘会计师事务所的公告,,True,审计报告。（3）质量控制复核人：常桂华常桂华女士，2000年成为注 || 签字注册会计师及质量复核人员未持有和买卖公司股2票，也不存在影响
605116,2022-04-30,1213272833,奥锐特：奥锐特药业股份有限公司关于续聘公司2022年度审计机构的公告,,True,签字注册会计师、项目质量控制复核人近三年无因执业行为受到刑事处罚的情况 || 签字注册会计师、项目质量控制复核人不存在可能影响独立性的情形。4.审计
605116,2024-04-29,1219891891,奥锐特：奥锐特药业股份有限公司关于续聘公司2024年度审计机构的公告,,True,签字注册会计师、项目质量复核人员近三年不存在因执业行为受到刑事处罚， || 签字注册会计师、项目质量复核人员不存在可能影响独立性的情形。4.审计
605116,2021-04-20,1209729696,奥锐特：奥锐特药业股份有限公司关于续聘公司2021年度审计机构的公告,,True,签字注册会计师、项目质量控制复核人近三年无因执业行为受到刑事处罚的情况 || 会计师连查庭，及质量控制复核人蒋贵成不存在违反《中国注册会计师职业
605133,2024-04-10,1219553283,嵘泰股份：嵘泰股份关于续聘会计师事务所的公告,,True,2024年-费洁质量控制复核人2010年2006年2015年6月2 || 签字注册会计师、项目质量控制复核人近三年不存在因执业行为受到刑事处罚， || 签字注册会计师、项目质量控制复核人不存在可能影响独立性的情形。4、审计
605151,2023-04-25,1216550392,西上海：西上海关于续聘公司2023年度审计机构的公告,,True,签字注册会计师、项目质量控制复核人等从业人员不存在违反《中国注册会计师
605151,2024-04-25,1219794578,西上海：西上海关于续聘公司2024年度审计机构的公告,,True,签字注册会计师、项目质量控制复核人不存在可能影响独立性的情形。4、审计
605155,2022-04-08,1212839216,西大门：关于续聘公司2022年度审计机构的公告,,True,签字注册会计师、项目质量控制复核人近三年不存在因执业行为受到刑事处罚， || 签字注册会计师、项目质量控制复核人不存在可能影响独立性的情形。（三）审
605155,2024-03-30,1219468077,西大门：关于续聘2024年度审计机构的公告,,True,年报上市公司审计项目质量复核人员独立性轮换工作尚在进行中，因此暂未确 || 2024年报具体项目质量复核人员。2.诚信记录项目合伙人、签字注册会
605155,2023-04-27,1216630946,西大门：关于续聘2023年度审计机构的公告,,True,签字注册会计师、项目质量控制复核人近三年不存在因执业行为受到刑事处罚， || 签字注册会计师、项目质量控制复核人不存在可能影响独立性的情形。（三）审
605155,2021-04-30,1209877301,西大门：关于续聘2021年度审计机构的公告,,True,签字注册会计师、项目质量控制复核人近三年不存在因执业行为受到刑事处罚， || 签字注册会计师、项目质量控制复核人不存在可能影响独立性的情形。（三）审
605158,2023-04-21,1216491755,华达新材：浙江华达新型材料股份有限公司关于续聘会计师事务所的公告,,True,签字注册会计师、项目质量控制复核人近三年不存在因执业行为受到刑事处罚， || 签字注册会计师、项目质量控制复核人不存在可能影响独立性的情形。（三）审
605158,2022-04-22,1213020174,华达新材：浙江华达新型材料股份有限公司关于续聘会计师事务所的公告,,True,签字注册会计师、项目质量控制复核人近三年不存在因执业行为受到刑事处罚， || 签字注册会计师、项目质量控制复核人不存在可能影响独立性的情形。（三）审
605158,2021-04-20,1209729749,华达新材：华达新材关于续聘会计师事务所的公告,,True,签字注册会计师、项目质量控制复核人近三年不存在因执业行为受到刑事处罚， || 签字注册会计师、项目质量控制复核人不存在可能影响独立性的情形。（三）审
605158,2024-04-19,1219666608,华达新材：浙江华达新型材料股份有限公司关于续聘会计师事务所的公告,,True,人签字注册会计师项目质量复核人员姓名金闻吴建枫邓德祥何时成为注册会计 || 签字注册会计师、项目质量复核人员近三年不存在因执业行为受到刑事处罚， || 签字注册会计师、项目质量复核人员不存在可能影响独立性的情形。（三）审
605167,2023-02-17,1215878103,利柏特：关于变更签字注册会计师及质量控制复核人的公告,,True,签字注册会计师及质量控制复核人的公告本公司董事会及全体董事保证本公 || 变更签字会计师及质量控制复核人的告知函》。现将相关变更情况公告如下 || 会计师，王其超为质量控制复核人，为公司提供2022年度审计服务。因 || 册会计师，周磊为质量控制复核人，继续完成公司2022年度财务报告审 || 签字注册会计师、质量控制复核人分别为杨建平、俞翔和周磊。二、本次变 || 目合伙人杨建平、质量控制复核人周磊不存在违反《中国注册会计师职业道
605162,2022-03-31,1212742103,新中港：浙江新中港热电股份有限公司关于续聘会计师事务所的公告,,True,18年4家谢贤庆质量控制复核人2003年2003年2003年201 || 签字注册会计师、项目质量控制复核人不存在可能影响独立性的情形。4.审计
605166,2024-03-29,1219442166,聚合顺：杭州聚合顺新材料股份有限公司关于续聘天健会计师事务所（特殊普通合伙）的公告,,True,07年2023年复核人注1:2023年，签署国泰环保、瀚叶 || 注册会计师、项目质量复核人近三年不存在因执业行为受到刑事处罚， || 签字注册会计师、项目质量控制复核人不存在可能影响独立性的情形。（三）审
605166,2023-04-07,1216343328,聚合顺：杭州聚合顺新材料股份有限公司关于续聘天健会计师事务所（特殊普通合伙）的公告,,True,07年2023年复核人业等公司2020年度亩计报告；202 || 签字注册会计师、项目质量控制复核人近三年不存在因执业行为受到刑事处罚， || 签字注册会计师、项目质量控制复核人不存在可能影响独立性的情形。（三）审
605167,2022-04-30,1213272943,利柏特：关于续聘会计师事务所的公告,,True,18年2家王其超质量控制复核人2001年1998年2009年7月2 || 签字注册会计师、项目质量控制复核人近三年不存在因执业行为受到刑事处罚， || 签字注册会计师、项目质量控制复核人不存在可能影响独立性的情形。4.审计
605166,2022-03-29,1212708008,聚合顺：杭州聚合顺新材料股份有限公司关于续聘天健会计师事务所（特殊普通合伙）的公告,,True,师事务所正在开展质量复核人员独立性轮换工作，因此目前尚无法确定公 || 2022年度审计质量控制复核人项目的质量复核人员。公司将在天健会计 || 控制复核人项目的质量复核人员。公司将在天健会计师事务所确定项目质 || 会计师事务所确定项目质量复核人员后及时披露相关人员信息。2.诚信记录 || 签字注册会计师、项目质量控制复核人近三年不存在因执业行为受到刑事处罚， || 签字注册会计师、项目质量控制复核人不存在可能影响独立性的情形。（三）审
605167,2024-04-26,1219837359,利柏特：关于续聘会计师事务所的公告,,True,年签署过2家周磊质量控制复核人2007年2003年2015年8月2 || 签字注册会计师、项目质量控制复核人近三年不存在因执业行为受到刑事处罚， || 签字注册会计师、项目质量控制复核人不存在可能影响独立性的情形。4.审计
605167,2023-04-03,1216306699,利柏特：关于续聘会计师事务所的公告,,True,年签署过2家周磊质量控制复核人2007年2003年2015年8月2 || 签字注册会计师、项目质量控制复核人近三年不存在因执业行为受到刑事处罚， || 签字注册会计师、项目质量控制复核人不存在可能影响独立性的情形。4.审计
605177,2022-04-01,1212763855,东亚药业：东亚药业关于续聘2022年度财务及内部控制审计机构的公告,,True,签字注册会计师、项目质量控制复核人近三年不存在因执业行为受到刑事处罚， || 签字注册会计师、项目质量控制复核人不存在可能影响独立性的情形。4、审计
605177,2021-04-30,1209877341,东亚药业：东亚药业关于续聘公司2021年度财务及内部控制审计机构的公告,,True,签字注册会计师、项目质量控制复核人近三年均未发现其存在不良诚信记录，不 || 签字注册会计师、项目质量控制复核人不存在可能影响独立性的情形.4、审计
605179,2022-04-23,1213056807,一鸣食品：关于续聘会计师事务所的公告,,True,，签署洁美科技、复核人龙马环卫等上市公司2019年度审计报 || 签字注册会计师、项目质量控制复核人不存在可能影响独立性的情形。项目合伙
605179,2023-04-29,1216710859,一鸣食品：关于续聘会计师事务所的公告,,True,，签署洁美科技、复核人龙马环卫等上市公司2019年度审计报 || 签字注册会计师、项目质量控制复核人不存在可能影响独立性的情形。项目合伙
605179,2024-04-23,1219742468,一鸣食品：关于续聘会计师事务所的公告,,True,人签字注册会计师项目质量复核人员姓名张林章宏瑜蒋晓东何时成为注册会计 || 签字注册会计师、项目质量复核人员近三年不存在因执业行为受到刑事处罚， || 签字注册会计师、项目质量复核人员不存在可能影响独立性的情形。（三）审
605180,2024-04-26,1219821110,华生科技：关于续聘会计师事务所的公告,,True,人签字注册会计师项目质量复核人员姓名周晨费君李新葵何时成为注册会计师 || 签字注册会计师、项目质量复核人员近三年不存在因执业行为受到刑事处罚， || 签字注册会计师、项目质量控制复核人不存在可能影响独立性的情形。4、审计
605180,2023-04-28,1216657204,华生科技：关于续聘会计师事务所的公告,,True,签字注册会计师、项目质量控制复核人近三年不存在因执业行为受到刑事处罚， || 签字注册会计师、项目质量控制复核人不存在可能影响独立性的情形。4、审计
605183,2024-04-25,1219790161,确成股份：关于续聘会计师事务所的公告,,True,有限公司（3）拟质量控制复核人庄继宁近三年从业情况：2022年-2 || 科技股份有限公司质量控制复核人2021年-2023年斯达半导体股份 || 导体股份有限公司质量控制复核人2021年-2023年爱柯迪股份有限 || 柯迪股份有限公司质量控制复核人2021年-2023年晶晨半导体（上 || 海）股份有限公司质量控制复核人2022年-2023年确成硅化学股份 || 化学股份有限公司质量控制复核人2、诚信记录项目合伙人、签字注册会计
605198,2021-03-31,1209496530,德利股份：德利股份：关于续聘2021年度会计师事务所的公告,,True,报告1份。（2）质量控制复核人（项目质量控制负责人）：李峻雄，注册 || 质量控制复核人（项目质量控制负责人）：李峻雄，注册会计师，合伙人，19 || 签字注册会计师、项目质量控制复核人近三年未因执业行为受到刑事处罚，未受 || 签字注册会计师、项目质量控制复核人能够在执行本项目审计工作时保持独立性
605198,2023-04-01,1216301704,安德利：安德利：关于续聘2023年度会计师事务所的公告,,True,胜任能力。（2）质量控制复核人（项目质量控制负责人）：杨勇胜，注册 || 质量控制复核人（项目质量控制负责人）：杨勇胜，注册会计师，2008年开 || 签字注册会计师、项目质量控制复核人近三年未因执业行为受到刑事处罚，受到 || 签字注册会计师、项目质量控制复核人能够在执行本项目审计工作时保持独立性
605198,2022-03-31,1212750566,德利股份：德利股份：关于续聘2022年度会计师事务所的公告,,True,报告2份。（2）质量控制复核人（项目质量控制负责人）：李峻雄，注册 || 质量控制复核人（项目质量控制负责人）：李峻雄，注册会计师，合伙人，19 || 签字注册会计师、项目质量控制复核人近三年未因执业行为受到刑事处罚，未受 || 签字注册会计师、项目质量控制复核人能够在执行本项目审计工作时保持独立性
605199,2021-04-17,1209712207,葫芦娃：海南葫芦娃药业集团股份有限公司关于续聘2021年度财务审计机构的公告,,True,签字注册会计师、项目质量控制复核人近三年不存在因执业行为受到刑事处罚， || 签字注册会计师、项目质量控制复核人不存在可能影响独立性的情形。（三）审
605199,2022-04-28,1213179193,葫芦娃：海南葫芦娃药业集团股份有限公司关于续聘2022年度财务审计机构的公告,,True,签字注册会计师、项目质量控制复核人近三年不存在因执业行为受到刑事处罚， || 签字注册会计师、项目质量控制复核人不存在可能影响独立性的情形。（三）审
605198,2024-03-07,1219251777,安德利：安德利：关于续聘2024年度会计师事务所的公告,,True,胜任能力。（2）质量控制复核人（项目质量控制负责人）：杨勇胜，注册 || 质量控制复核人（项目质量控制负责人）：杨勇胜，注册会计师，2008年开 || 记录项目合伙人、项目质量控制复核人、签字注册会计师近三年未因执业行为受 || 签字注册会计师、项目质量控制复核人能够在执行本项目审计工作时保持独立性
605208,2021-04-26,1209800434,永茂泰：永茂泰关于续聘会计师事务所的公告,,True,2020年度审计复核人报告2.诚信记录项目合伙人、签字注册 || 签字注册会计师、项目质量控制复核人近三年不存在因执业行为受到刑事处罚， || 签字注册会计师、项目质量控制复核人不存在可能影响独立性的情形。4.审计
605208,2022-03-11,1212540832,永茂泰：永茂泰关于续聘会计师事务所的公告,,True,师事务所正在开展质量复核人员独立性轮换工作，因此目前尚质量控制无 || 2年度审计项目的质量复核人员。公司将在天健会计师事复核人务所确定 || 将在天健会计师事复核人务所确定项目质量复核人员后及时披露相 || 事复核人务所确定项目质量复核人员后及时披露相关人员信息。2.诚信记录 || 签字注册会计师、项目质量控制复核人近三年不存在因执业行为受到刑事处罚， || 签字注册会计师、项目质量控制复核人不存在可能影响独立性的情形。4.审计
605208,2024-04-27,1219881884,永茂泰：续聘会计师事务所公告,,True,人签字注册会计师项目质量复核人员姓名边珊姗李唯婕肖莹何时成为注册会计 || 签字注册会计师、项目质量控制复核人近三年不存在因执业行为受到刑事处罚， || 签字注册会计师、项目质量控制复核人不存在可能影响独立性的情形。4.审计
605208,2023-04-08,1216355234,永茂泰：永茂泰续聘会计师事务所公告,,True,签字注册会计师、项目质量控制复核人近三年不存在因执业行为受到刑事处罚， || 签字注册会计师、项目质量控制复核人不存在可能影响独立性的情形。4.审计
605255,2024-04-19,1219666610,天普股份：天普股份关于续聘会计师事务所的公告,,True,人签字注册会计师项目质量复核人员姓名李正卫徐君王健何时成为注册会计师 || 签字注册会计师、项目质量复核人员近三年不存在因执业行为受到刑事处罚， || 签字注册会计师、项目质量复核人员不存在可能影响独立性的情形。4.审计
605255,2022-04-28,1213179243,天普股份：天普股份关于续聘会计师事务所的公告,,True,签字注册会计师、项目质量控制复核人近三年不存在因执业行为受到刑事处罚， || 签字注册会计师、项目质量控制复核人不存在可能影响独立性的情形。34.审
605255,2023-04-26,1216581772,天普股份：天普股份关于续聘会计师事务所的公告,,True,签字注册会计师、项目质量控制复核人近三年不存在因执业行为受到刑事处罚， || 签字注册会计师、项目质量控制复核人不存在可能影响独立性的情形。4.审计
605259,2022-04-28,1213179276,绿田机械：绿田机械关于续聘会计师事务所的公告,,True,签字注册会计师、项目质量控制复核人近三年不存在因执业行为受到刑事处罚， || 签字注册会计师、项目质量控制复核人不存在可能影响独立性的情形。4、审计
605259,2024-04-26,1219815258,绿田机械：绿田机械关于续聘2024年度会计师事务所的公告,,True,1、基本信息项目质量复核人基本信息项目合伙人签字注册会计师员姓 || 签字注册会计师、项目质量复核人员近三年不存在因执业行为受到刑事处罚， || 签字注册会计师、项目质量复核人员不存在可能影响独立性的情形。4、审计
605259,2023-04-21,1216497736,绿田机械：绿田机械关于续聘2023年度会计师事务所的公告,,True,签字注册会计师、项目质量控制复核人不存在可能影响独立性的情形。4、审计
605268,2021-04-15,1209689086,王力安防：王力安防关于公司续聘2021年度审计机构的公告,,True,签字注册会计师、项目质量控制复核人近三年不存在因执业行为受到刑事处罚， || 签字注册会计师、项目质量控制复核人不存在可能影响独立性的情形。3、审计
605268,2022-04-22,1213020185,王力安防：王力安防关于续聘2022年度审计机构的公告,,True,签字注册会计师、项目质量控制复核人近三年不存在因执业行为受到刑事处罚， || 签字注册会计师、项目质量控制复核人不存在可能影响独立性的情形。（三）审
605268,2024-04-26,1219822348,王力安防：王力安防关于续聘会计师事务所的公告,,True,24年[注3]制复核人[注1]2023年签署思进智能、科顺 || 签字注册会计师、项目质量控制复核人近三年不存在因执业行为受到刑事处罚， || 签字注册会计师、项目质量控制复核人不存在可能影响独立性的情形。4、审计
605277,2023-04-27,1216629868,新亚电子：新亚电子股份有限公司关于续聘审计机构的公告,,True,签字注册会计师、项目质量控制复核人近三年不存在因执业行为受到刑事处罚， || 签字注册会计师、项目质量控制复核人不存在可能影响独立性的情形。4.审计
605277,2024-04-27,1219882027,新亚电子：新亚电子股份有限公司关于续聘审计机构的公告,,True,签字注册会计项目质量复核人基本信息项目合伙人师员姓名伍贤春陈琦 || 签字注册会计师、项目质量复核人员近三年不存在因执业行为受到刑事处罚， || 签字注册会计师、项目质量复核人员不存在可能影响独立性的情形。4.审计
605286,2022-03-19,1212628134,同力日升：同力日升关于续聘会计师事务所的公告,,True,签字注册会计师、项目质量控制复核人不存在可能影响独立性的情形。4、审计
605286,2023-04-28,1216669454,同力日升：同力日升关于续聘会计师事务所的公告,,True,签字注册会计师、项目质量控制复核人不存在可能影响独立性的情形。4、审计
605286,2024-04-26,1219841503,同力日升：同力日升关于续聘会计师事务所的公告,,True,签字注册会计师、项目质量控制复核人不存在可能影响独立性的情形。4、审计
605288,2021-04-28,1209844687,凯迪股份：常州市凯迪电器股份有限公司关于续聘公司2021年度财务审计机构及内控审计机构的公告,,True,签字注册会计师、项目质量控制复核人近三年不存在因执业行为受到刑事处罚， || 签字注册会计师、项目质量控制复核人不存在可能影响独立性的情形。4、审计
605288,2024-04-30,1219906230,凯迪股份：常州市凯迪电器股份有限公司关于续聘公司2024年度财务审计机构及内控审计机构的公告,,True,1、基本信息项目质量复核人基本信息项目合伙人签字注册会计师员姓 || 签字注册会计师、项目质量控制复核人近三年不存在因执业行为受到刑事处罚， || 签字注册会计师、项目质量控制复核人不存在可能影响独立性的情形。4、审计
605289,2021-04-29,1209859990,罗曼股份：罗曼股份：关于续聘会计师事务所的公告,,True,市公司审计报告。项目质量控制复核人：韩赟云韩赟云，中国注册会计师、全国 || 项目相关负责人、质量控制复核人与本公司及其实际控制人不存在关联关系
605288,2023-04-28,1216669459,凯迪股份：常州市凯迪电器股份有限公司关于续聘公司2023年度财务审计机构及内控审计机构的公告,,True,货2021年审计复核人报告；复核腾达建设、国金证券、品瑶科 || 签字注册会计师、项目质量控制复核人近三年不存在因执业行为受到刑事处罚， || 签字注册会计师、项目质量控制复核人不存在可能影响独立性的情形。4、审计
605288,2022-07-30,1214174737,凯迪股份：常州市凯迪电器股份有限公司关于续聘公司2022年度财务审计机构及内控审计机构的公告,,True,签字注册会计师、项目质量控制复核人近三年不存在因执业行为受到刑事处罚， || 签字注册会计师、项目质量控制复核人不存在可能影响独立性的情形。4、审计
605296,2021-06-08,1210183847,神农集团：云南神农农业产业集团股份有限公司关于聘任2021年度审计机构的公告,,True,杭齿前进2018复核人年度审计报告；复核宁通信B、国机汽车 || 签字注册会计师、项目质量控制复核人近三年不存在因执业行为受到刑事处罚，
605296,2022-04-22,1213029441,神农集团：云南神农农业产业集团股份有限公司关于聘任2022年度审计机构的公告,,True,021年【注3】复核人【注1】近三年签署了航天信息（600 || 签字注册会计师、项目质量控制复核人近三年不存在因执业行为受到刑事处罚， || 签字注册会计师、项目质量控制复核人不存在可能影响独立性的情形。4.审计
605296,2023-04-26,1216596324,神农集团：云南神农农业产业集团股份有限公司关于聘任2023年度审计机构的公告,,True,021年【注3】复核人【注1】近三年签署了苏美达（6007 || 签字注册会计师、项目质量控制复核人近三年不存在因执业行为受到刑事处罚， || 签字注册会计师、项目质量控制复核人不存在可能影响独立性的情形。4.审计
605299,2024-03-15,1219306741,舒华体育：舒华体育股份有限公司关于续聘2024年度审计机构的公告,,True,人签字注册会计师项目质量复核人员姓名章天赐姚瑞许安平何时成为注册会计 || 签字注册会计师、项目质量控制复核人近三年不存在因执业行为受到刑事处罚， || 签字注册会计师、项目质量控制复核人不存在可能影响独立性的情形。4、审计
605318,2024-03-06,1219240398,法狮龙：法狮龙家居建材股份有限公司关于变更签字注册会计师的公告,,True,计师）、丁锡锋（质量控制复核人）为公司提供审计服务，根据由于天健会 || 计师）、丁锡锋（质量控制复核人）继续完成公司2023年度审计相关工
605318,2024-04-30,1219906261,法狮龙：法狮龙家居建材股份有限公司关于续聘会计师事务所的公告,,True,计签署和复核数字质量控制复核人，国子软件和嘉王立丽2009年201 || 签字注册会计师、项目质量控制复核人近三年因执业行为受到刑事处罚，受到证 || 签字注册会计师、项目质量控制复核人不存在可能影响独立性的情形。4、审计
605333,2022-12-10,1215314844,沪光股份：关于审计机构变更2022年度质量控制复核人的公告,,True,变更2022年度质量控制复核人的公告本公司董事会及全体董事保证本公 || 公司2022年度质量控制复核人的函》。现将有关情况公告如下：一、签 || 原指派强桂英作为质量控制复核人。因立信会计师事务所内部工作调整，经 || 告及内部控制审计质量控制复核人。二、变更后签字会计师情况介绍1、基 || 19年2022年复核人天津瑞普生物技术股份有限公司2、独立 || 公司2022年度质量控制复核人的函》1、特此公告。昆山沪光汽车电器
605319,2024-04-17,1219638249,无锡振华：关于续聘公司2024年度审计机构的公告,,True,人签字注册会计师项目质量复核人员姓名胡友邻叶群李永利何时成为注册会计 || 签字注册会计师、项目质量复核人员近三年不存在因执业行为受到刑事处罚， || 签字注册会计师、项目质量复核人员不存在可能影响独立性的情形。4、审计
605319,2023-04-28,1216657232,无锡振华：关于续聘公司2023年度审计机构的公告,,True,签字注册会计师、项目质量控制复核人近三年不存在因执业行为受到刑事处罚， || 签字注册会计师、项目质量控制复核人不存在可能影响独立性的情形。4.审计
605319,2022-04-30,1213272998,无锡振华：关于续聘公司2022年度审计机构的公告,,True,上市公司2019复核人年度审计报告；2021年，签署贵航股 || 签字注册会计师、项目质量控制复核人近三年存在因执业行为受到刑事处罚，受 || 签字注册会计师、项目质量控制复核人不存在可能影响独立性的情形。4.审计
605337,2023-04-11,1216372352,李子园：浙江李子园食品股份有限公司关于变更签字会计师及质量控制复核人的公告,,True,变更签字会计师及质量控制复核人的公告本公司董事会及全体董事保证本公 || 变更签字会计师及质量控制复核人的告知函》。中汇所作为本公司2022 || 册会计师、朱敏为质量控制复核人为公司提供2022年度审计服务。因中 || 会计师、周海斌为质量控制复核人，继续完成公司2022年度财务报告审 || 签字注册会计师、质量控制复核人分别为刘炼、周凌云和周海斌。二、变更 || 签字注册会计师和项目质量控制复核人近三年（最近三个完整自然年度及当年）
605337,2023-04-27,1216629944,李子园：浙江李子园食品股份有限公司关于续聘会计师事务所的公告,,True,5月2022年无复核人2、上述相关人员的诚信记录情况签字注 || 签字注册会计师、项目质量控制复核人近三年不存在因执业行为受到刑事处罚， || 签字注册会计师、项目质量控制复核人不存在可能影响独立性的情形。4、审计
605337,2022-04-19,1212958608,李子园：浙江李子园食品股份有限公司关于续聘会计师事务所的公告,,True,11月2022年复核人司9家2、上述相关人员的诚信记录情况 || 签字注册会计师、项目质量控制复核人不存在可能影响独立性的情形。4、审计
605337,2024-04-10,1219555213,李子园：浙江李子园食品股份有限公司关于续聘会计师事务所的公告,,True,签字注册会计师、项目质量控制复核人近三年不存在因执业行为受到刑事处罚， || 签字注册会计师、项目质量控制复核人不存在可能影响独立性的情形。4、审计
605366,2021-04-20,1209722859,宏柏新材：宏柏新材关于续聘公司2021年度审计机构的公告,,True,审计报告。（3）质量控制复核人姓名：鲁立执业资质：中国注册会计师是
605366,2022-04-22,1213023485,宏柏新材：江西宏柏新材料股份有限公司关于续聘公司2022年度审计机构的公告,,True,审计报告。（3）质量控制复核人姓名：黄平执业资质：中国注册会计师是
605366,2024-04-30,1219919435,宏柏新材：江西宏柏新材料股份有限公司关于续聘公司2024年度审计机构的公告,,True,审计报告。（3）质量控制复核人姓名：黄平执业资质：中国注册会计师是
605366,2023-03-15,1216117159,宏柏新材：江西宏柏新材料股份有限公司关于续聘公司2023年度审计机构的公告,,True,审计报告。（3）质量控制复核人姓名：黄平执业资质：中国注册会计师是 || ）及签字会计师、质量控制复核人不存在可能影响独立性的情形。同意向公 || 签字注册会计师、项目质量控制复核人和公司无关联关系，不存在可能影响独立
605369,2021-03-08,1209347197,拱东医疗：拱东医疗：关于续聘会计师事务所的公告,,True,签字注册会计师、项目质量控制复核人近三年不存在因执业行为受到刑事处罚， || 签字注册会计师、项目质量控制复核人不存在可能影响独立性的情形。（三）审
605376,2024-01-13,1218869644,博迁新材：江苏博迁新材料股份有限公司关于变更签字注册会计师的公告,,True,023年0家高峰质量控制复核人2001年1998年2009年6月2
605369,2024-04-27,1219854222,拱东医疗：拱东医疗：关于续聘会计师事务所的公告,,True,人签字注册会计师项目质量复核人员姓名宁一锋李娟王建甫何时成为注册会计 || 签字注册会计师、项目质量复核人员近三年不存在因执业行为受到刑事处罚， || 签字注册会计师、项目质量复核人员不存在可能影响独立性的情形。（三）审
605369,2022-04-18,1212951576,拱东医疗：拱东医疗：关于续聘会计师事务所的公告,,True,科顺防水等多家上复核人市公司审计报告。2、诚信记录项目合伙 || 签字注册会计师、项目质量控制复核人近三年不存在因执业行为受到刑事处罚， || 签字注册会计师、项目质量控制复核人不存在可能影响独立性的情形。（三）审
605376,2024-06-18,1220376465,博迁新材：江苏博迁新材料股份有限公司关于续聘会计师事务所的公告,,True,023年2家高峰质量控制复核人2001年1998年2009年6月2 || 签字注册会计师、项目质量控制复核人近三年不存在因执业行为受到刑事处罚， || 签字注册会计师、项目质量控制复核人不存在可能影响独立性的情形。4、审计
605377,2023-03-08,1216064606,华旺科技：杭州华旺新材料科技股份有限公司关于续聘外部审计机构的公告,,True,签字注册会计师、项目质量控制复核人近三年不存在因执业行为受到刑事处罚， || 签字注册会计师、项目质量控制复核人不存在可能影响独立性的情形。4、审计
605377,2021-04-16,1209697702,华旺科技：关于续聘外部审计机构的公告,,True,签字注册会计师、项目质量控制复核人不存在可能影响独立性的情形。4、审计
605377,2024-04-29,1219891976,华旺科技：杭州华旺新材料科技股份有限公司关于续聘外部审计机构的公告,,True,签字注册会计师、项目质量复核人员近三年不存在因执业行为受到刑事处罚， || 签字注册会计师、项目质量复核人员不存在可能影响独立性的情形。4、审计
605369,2023-04-25,1216550451,拱东医疗：拱东医疗：关于续聘会计师事务所的公告,,True,科顺防水等多家上复核人市公司审计报告。2、诚信记录项目合伙 || 签字注册会计师、项目质量控制复核人近三年不存在因执业行为受到刑事处罚， || 签字注册会计师、项目质量控制复核人不存在可能影响独立性的情形。（三）审
605377,2022-04-27,1213132111,华旺科技：杭州华旺新材料科技股份有限公司关于续聘外部审计机构的公告,,True,签字注册会计师、项目质量控制复核人近三年不存在因执业行为受到刑事处罚， || 签字注册会计师、项目质量控制复核人不存在可能影响独立性的情形。4、审计
605389,2022-04-20,1212978478,长龄液压：江苏长龄液压股份有限公司关于续聘会计师事务所的公告,,True,签字注册会计师、项目质量控制复核人近三年存在因执业行为受到刑事处罚，受
605389,2023-04-22,1216525252,长龄液压：江苏长龄液压股份有限公司关于续聘会计师事务所的公告,,True,年复核长龄液压、复核人全志科技2020年度审计报告；202 || 签字注册会计师、项目质量控制复核人近三年不存在因执业行为受到刑事处罚， || 签字注册会计师、项目质量控制复核人不存在可能影响独立性的情形。4、审计
605389,2021-04-30,1209880128,长龄液压：江苏长龄液压股份有限公司关于续聘会计师事务所的公告,,True,签字注册会计师、项目质量控制复核人不存在可能影响独立性的情形。项目合伙
605389,2022-04-26,1213101258,长龄液压：江苏长龄液压股份有限公司关于续聘会计师事务所的更正公告,,True,签字注册会计师、项目质量控制复核人近三年存在因执业行为受到刑事处罚，受 || 签字注册会计师、项目质量控制复核人近三年存在因执业行为受到刑事处罚，受 || 签字注册会计师、项目质量控制复核人近三年存在因执业行为受到刑事处罚，受
605389,2024-04-25,1219796017,长龄液压：江苏长龄液压股份有限公司关于续聘会计师事务所的公告,,True,本信息项目合伙人项目质量复核人员师姓名胡友邻石争强孙敏何时成为注20 || 签字注册会计师、项目质量复核人员近三年不存在因执业行为受到刑事处罚， || 签字注册会计师、项目质量复核人员不存在可能影响独立性的情形。4、审计
605399,2024-04-27,1219855945,晨光新材：晨光新材关于续聘2024年度会计师事务所的公告,,True,签字注册会计师、项目质量控制复核人近三年(最近三个完整自然年度及当年) || 签字注册会计师、项目质量控制复核人不存在可能影响独立性的情形。4、审计
605488,2022-03-31,1212741031,福莱新材：福莱新材关于续聘2022年度财务审计机构的公告,,True,质量控暂未确定制复核人注：由于天健会计师事务所（特殊普通合 || 通合伙）正在开展项目质量复核人员独立性轮换工作，因此目前尚无法确定公 || 2年度审计项目的质量复核人员。2、诚信记录项目合伙人、签字注册会 || 签字注册会计师、项目质量控制复核人近三年不存在因执业行为受到刑事处罚， || 签字注册会计师、项目质量控制复核人不存在可能影响独立性的情形。4、审计 || 天健项目合伙人、项目质量控制复核人和本期签字会计师不存在违反《中国注册
605488,2024-03-30,1219471547,福莱新材：福莱新材关于续聘2024年度会计师事务所的公告,,True,签字注册会计师、项目质量控制复核人近三年不存在因执业行为受到刑事处罚， || 签字注册会计师、项目质量控制复核人不存在可能影响独立性的情形。4、审计
605488,2021-05-27,1210103501,福莱新材：浙江福莱新材料股份有限公司关于续聘天健会计师事务所（特殊普通合伙）为公司2021年度审计机构的公告,,True,9年审计报告；制复核人2019年，签署三利谱、世运电路20 || 签字注册会计师、项目质量控制复核人近三年不存在因执业行为受到刑事处罚， || 签字注册会计师、项目质量控制复核人不存在可能影响独立性的情形。4、审计 || 天健项目合伙人、项目质量控制复核人和本期签字会计师不存在违反《中国注册
605488,2023-03-31,1216270750,福莱新材：福莱新材关于续聘2023年度财务审计机构的公告,,True,质量控暂未确定制复核人注：由于天健会计师事务所（特殊普通合 || 通合伙）正在开展项目质量复核人员独立性轮换工作，因此目前尚无法确定公 || 3年度审计项目的质量复核人员。2、诚信记录项目合伙人、签字注册会 || 签字注册会计师、项目质量控制复核人近三年不存在因执业行为受到刑事处罚， || 签字注册会计师、项目质量控制复核人不存在可能影响独立性的情形。4、审计 || 天健项目合伙人、项目质量控制复核人和本期签字会计师不存在违反《中国注册
605555,2022-04-15,1212923521,德昌股份：宁波德昌电机股份有限公司关于续聘会计师事务所的公告,,True,签字注册会计师、项目质量控制复核人近三年不存在执业行为受到刑事处罚，受 || 签字注册会计师和质量控制复核人不存在违反《中国注册会计师职业道德守
605566,2024-04-27,1219882241,福莱蒽特：杭州福莱蒽特股份有限公司关于续聘天健会计师事务所（特殊普通合伙）为公司2024年度审计机构的公告,,True,签字注册会计师、项目质量控制复核人近三年不存在因执业行为受到刑事处罚， || 签字注册会计师、项目质量控制复核人不存在可能影响独立性的情形。（三）审
605566,2022-04-30,1213250836,福莱蒽特：杭州福莱蒽特股份有限公司关于续聘天健会计师事务所（特殊普通合伙）为公司2022年度审计机构的公告,,True,签字注册会计师、项目质量控制复核人近三年不存在因执业行为受到刑事处罚， || 签字注册会计师、项目质量控制复核人不存在可能影响独立性的情形。（三）审
605566,2023-04-25,1216548933,福莱蒽特：杭州福莱蒽特股份有限公司关于续聘天健会计师事务所（特殊普通合伙）为公司2023年度审计机构的公告,,True,签字注册会计师、项目质量控制复核人近三年不存在因执业行为受到刑事处罚， || 签字注册会计师、项目质量控制复核人不存在可能影响独立性的情形。（三）审
605567,2023-12-14,1218604065,春雪食品：春雪食品集团股份有限公司关于年度审计机构调整签字注册会计师及项目质量复核人的公告,,True,注册会计师及项目质量复核人的公告本公司董事会及全体董事保证本公 || 签字注册会计师及项目质量复核人员的函》，具体情况如下：一、签字注册会 || 注册会计师及项目质量复核人调整情况大华所原委派张国勤、徐从礼为 || 计服务、黄海洋为项目质量复核人员为公司的审计服务项目提供复核工作。鉴 || 册会计师徐从礼及项目质量复核人员黄海洋工作调整，根据大华所《业务质量 || 会计师，曹隆森为项目质量复核人员，负责公司2023年度财务报表及内部
605580,2024-04-18,1219652768,恒盛能源：恒盛能源股份有限公司关于续聘2024年度会计师事务所公告,,True,人签字注册会计师项目质量复核人员姓名叶怀敏张勇言彭卓何时成为注册会计 || 签字注册会计师、项目质量复核人员近三年不存在因执业行为受到刑事处罚， || 签字注册会计师、项目质量复核人员不存在可能影响独立性的情形。4.审计
688003,2020-09-25,1208490283,天准科技：关于续聘会计师事务所的公告,,True,任能力：是（2）质量控制复核人：李会英执业资质：注册会计师、注册资
688005,2021-06-09,1210199087,容百科技：容百科技关于续聘会计师事务所的公告,,True,签字注册会计师、项目质量控制复核人近三年不存在因执业行为受到刑事处罚， || 签字注册会计师、项目质量控制复核人不存在可能影响独立性的情形。4.审计
688005,2022-03-30,1212731144,容百科技：关于续聘会计师事务所的公告,,True,签字注册会计师、项目质量控制复核人近三年存在因执业行为受到刑事处罚，受 || 签字注册会计师、项目质量控制复核人不存在可能影响独立性的情形。4.审计
688005,2024-04-12,1219582828,容百科技：关于续聘会计师事务所的公告,,True,签字注册会计项目质量复核人基本信息项目合伙人师员姓名何林飞高勇 || 签字注册会计师、项目质量复核人员近三年不存在因执业行为受到刑事处罚， || 签字注册会计师、项目质量复核人员不存在可能影响独立性的情形。4.审计
688006,2021-04-16,1209701313,杭可科技：浙江杭可科技股份有限公司关于续聘会计师事务所的公告,,True,签字注册会计师、项目质量控制复核人近三年不存在因执业行为受到刑事处罚， || 签字注册会计师、项目质量控制复核人不存在可能影响独立性的情形。（三）审
688005,2023-03-29,1216247554,容百科技：关于续聘会计师事务所的公告,,True,签字注册会计师、项目质量控制复核人近三年存在因执业行为受到刑事处罚，受 || 签字注册会计师、项目质量控制复核人不存在可能影响独立性的情形。4.审计
688006,2022-04-30,1213273074,杭可科技：杭可科技关于续聘会计师事务所的公告,,True,签字注册会计师、项目质量控制复核人近三年存在因执业行为受到刑事处罚，受 || 签字注册会计师、项目质量控制复核人不存在可能影响独立性的情形。（三）审
688006,2023-04-27,1216630047,杭可科技：浙江杭可科技股份有限公司关于续聘会计师事务所的公告,,True,签字注册会计师、项目质量控制复核人近三年不存在因执业行为受到刑事处罚， || 签字注册会计师、项目质量控制复核人不存在可能影响独立性的情形。（三）审
688006,2024-04-26,1219837651,杭可科技：浙江杭可科技股份有限公司关于续聘会计师事务所的公告,,True,签字注册会计师、项目质量复核人员近三年不存在因执业行2为受到刑事处罚 || 签字注册会计师、项目质量复核人员不存在可能影响独立性的情形。（三）审
688007,2023-04-28,1216669820,光峰科技：关于公司续聘2023年度财务和内部控制审计机构的公告,,True,签字注册会计师、项目质量控制复核人近三年不存在因执业行为受到刑事处罚， || 签字注册会计师、项目质量控制复核人不存在可能影响独立性的情形。4.独立
688007,2022-04-27,1213147097,光峰科技：关于续聘公司2022年度财务审计机构和内部控制审计机构的公告,,True,签字注册会计师、项目质量控制复核人近三年不存在因执业行为受到刑事处罚， || 签字注册会计师、项目质量控制复核人不存在可能影响独立性的情形。4.审计
688009,2021-03-29,1209468148,中国通号：关于续聘会计师事务所公告,,True,有丰富执业经验。质量控制复核人：合伙人赵宁女士，中国执业注册会计师 || 上述项目合伙人、质量控制复核人和本期签字会计师不存在违反《中国注册
688009,2020-03-26,1207405048,中国通号：关于续聘会计师事务所公告,,True,面具有丰富经验。质量控制复核人：合伙人赵宁女士，中国执业注册会计师 || 上述项目合伙人、质量控制复核人和本期签字会计师不存在违反《中国注册
688009,2023-03-24,1216203726,中国通号：关于续聘会计师事务所公告,,True,市公司审计报告。质量控制复核人：合伙人崔云刚先生，中国执业注册会计 || 上述项目合伙人、质量控制复核人和本期签字会计师不存在违反《中国注册
688009,2022-03-28,1212699025,中国通号：关于变更会计师事务所公告,,True,等多个行业领域。质量控制复核人：合伙人王娜女士，中国执业注册会计师 || 签字注册会计师和质量控制复核人不存在违反《中国注册会计师职业道德守
688009,2024-03-27,1219413158,中国通号：关于续聘会计师事务所公告,,True,市公司审计报告。质量控制复核人：合伙人崔云刚先生，中国执业注册会计 || 上述项目合伙人、质量控制复核人和签字会计师不存在违反《中国注册会计
688020,2021-04-21,1209740820,方邦股份：广州方邦电子股份有限公司公司关于续聘2021年度审计机构的公告,,True,签字注册会计师及质量复核人员未持有和买卖公司股票，也不存在影响独
688020,2023-04-21,1216495783,方邦股份：关于续聘2023年度审计机构的公告,,True,签字注册会计师及质量复核人员近三年不存在因执业行为受到刑事处罚， || 签字注册会计师及质量复核人员不存在违反《中国注册会计师职业道德守
688020,2024-04-17,1219637507,方邦股份：关于续聘2024年度审计机构的公告,,True,签字注册会计师及质量复核人员近三年不存在因执业行为受到刑事处罚， || 签字注册会计师及质量复核人员不存在违反《中国注册会计师职业道德守
688020,2022-02-17,1212386767,方邦股份：广州方邦电子股份有限公司公司关于续聘2022年度审计机构的公告,,True,签字注册会计师及质量复核人员近三年不存在因执业行为受到刑事处罚， || 签字注册会计师及质量复核人员不存在违反《中国注册会计师职业道德守
688020,2020-12-19,1208940032,方邦股份：广州方邦电子股份有限公司关于变更会计师事务所的公告,,True,签字注册会计师及质量复核人员未持有和买卖公司股票，也不存在影响独
688027,2022-04-26,1213106187,国盾量子：国盾量子关于续聘2022年度审计机构的公告,,True,司审计报告。质控复核人：谷学好，2006年成为中国注册会计 || 孔振维及许媛媛、项目质量控制复核人谷学好近三年内未曾因执业行为受到刑事
688028,2024-04-20,1219700226,沃尔德：关于续聘会计师事务所的公告,,True,人签字注册会计师项目质量复核人员姓名李明明顾未赵娇何时成为注册会计师 || 签字注册会计师、项目质量复核人员近三年不存在因执业行为受到刑事处罚， || 签字注册会计师、项目质量复核人员不存在可能影响独立性的情形。4、审计
688027,2021-04-20,1209729792,国盾量子：国盾量子关于续聘2021年度审计机构的公告,,True,孔晶晶及张春荣、项目质量控制复核人张传艳近三年内未曾因执业行为受到刑事
688028,2021-04-22,1209756479,沃尔德：关于续聘会计师事务所公告,,True,签字注册会计师、项目质量控制复核人近三年不存在因执业行为受到刑事处罚， || 签字注册会计师、项目质量控制复核人不存在可能影响独立性的情形。4、审计
688028,2020-04-15,1207501120,沃尔德：关于续聘会计师事务所公告,,True,月至今，中国注册质量控制复核人柯月香在天健会计师事务无是会计师所，
688031,2023-04-28,1216657623,星环科技：关于续聘2023年度会计师事务所的公告,,True,签字注册会计师、项目质量控制复核人近三年不存在因执业行为受到刑事处罚， || 签字注册会计师、项目质量控制复核人不存在可能影响独立性的情形。4、审计
688032,2024-04-29,1219892122,禾迈股份：关于续聘会计师事务所的公告,,True,签字注册会计师、项目质量复核人员近三年不存在因执业行为受到刑事处罚， || 签字注册会计师、项目质量复核人员不存在可能影响独立性的情形。4、审计
688031,2024-04-26,1219823710,星环科技：关于续聘2024年度会计师事务所的公告,,True,签字注册会计项目质量复核人基本信息项目合伙人师员姓名宋鑫王晓明 || 签字注册会计师、项目质量复核人员近三年不存在因执业行为受到刑事处罚， || 签字注册会计师、项目质量控制复核人不存在可能影响独立性的情形。4、审计
688035,2023-04-15,1216414181,德邦科技：烟台德邦科技股份有限公司关于续聘会计师事务所的公告,,True,签字注册会计师、项目质量控制复核人近三年不存在因执业行为受到刑事处罚， || 签字注册会计师、项目质量控制复核人等不存在违反《中国注册会计师职业道德
688032,2022-04-20,1212979333,禾迈股份：禾迈股份关于续聘会计师事务所的公告,,True,签字注册会计师、项目质量控制复核人近三年不存在因执业行为受到刑事处罚， || 签字注册会计师、项目质量控制复核人不存在可能影响独立性的情形。4、审计
688035,2024-04-20,1219705793,德邦科技：烟台德邦科技股份有限公司关于续聘会计师事务所的公告,,True,签字注册会计师、项目质量控制复核人近三年不存在因执业行为受到刑事处罚， || 签字注册会计师、项目质量控制复核人等不存在违反《中国注册会计师职业道德
688036,2020-04-28,1207650595,传音控股：关于续聘会计师事务所的公告,,True,上市公司提供无是复核人会计师质量控制复核工作。2020年度
688039,2021-04-19,1209718416,当虹科技：杭州当虹科技股份有限公司关于续聘会计师事务所的公告,,True,12年2021年复核人份等多家上市公司审计报告。2、诚信记 || 签字注册会计师、项目质量控制复核人近三年存在因执业行为受到刑事处罚，受 || 、签字注册会计师项目质量控制复核人不存在可能影响独立性的情形。4、审计
688036,2024-04-23,1219747015,传音控股：传音控股关于续聘会计师事务所的公告,,True,息签字注册会计师项目质量复核人员签字注册会计师姓名翁志刚吴穗吴志辉何 || 签字注册会计师、项目质量控制复核人近三年不存在因执业行为受到刑事处罚， || 签字注册会计师、项目质量控制复核人不存在可能影响独立性的情形。4、审计
688039,2024-04-27,1219882861,当虹科技：杭州当虹科技股份有限公司关于续聘会计师事务所的公告,,True,人签字注册会计师项目质量复核人员姓名江娟余琴琴唐明何时成为注册会20 || 签字注册会计师、项目质量控制复核人近三年不存在因执业行为受到刑事处罚， || 签字注册会计师、项目质量复核人员不存在可能影响独立性的情形。4、审计
688039,2023-04-28,1216657655,当虹科技：杭州当虹科技股份有限公司关于续聘会计师事务所的公告,,True,年技、英特集团等复核人多家上市公司审计报告。2、诚信记录项 || 签字注册会计师、项目质量控制复核人近三年不存在因执业行为受到刑事处罚， || 、签字注册会计师项目质量控制复核人不存在可能影响独立性的情形。4、审计
688039,2022-04-16,1212940570,当虹科技：杭州当虹科技股份有限公司关于续聘会计师事务所的公告,,True,年技、金科股份等复核人多家上市公司审计报告。2、诚信记录项 || 签字注册会计师、项目质量控制复核人近三年存在因执业行为受到刑事处罚，受 || 、签字注册会计师项目质量控制复核人不存在可能影响独立性的情形。4、审计
688045,2023-03-25,1216220129,必易微：必易微关于续聘2023年度审计机构的公告,,True,3年超过14家制复核人2.诚信记录上述项目合伙人、签字注册 || 签字注册会计师、项目质量控制复核人近三年未发现其存在不良诚信记录，无因 || 签字注册会计师、项目质量控制复核人能够在执行本项目审计工作时保持独立性
688049,2024-03-26,1219404926,炬芯科技：关于续聘会计师事务所的公告,,True,人签字注册会计师项目质量复核人员姓名赵祖荣吴新天健会计师事务所何时成 || ：7家签署：1家质量复核人员。告情况复核：5家复核：1家2.诚信 || 签字注册会计师、项目质量复核人员近三年不存在因执业行为受到刑事处罚， || 签字注册会计师、项目质量控制复核人员不存在可能影响独立性的情形。4.审
688052,2024-04-26,1219837811,纳芯微：关于续聘2024年度审计机构的公告,,True,年达、现代制药、复核人英利汽车等2、诚信记录项目合伙人、签 || 签字注册会计师、项目质量控制复核人近三年不存在因执业行为受到刑事处罚， || 签字注册会计师、项目质量控制复核人不存在可能影响独立性的情形。4、审计
688052,2022-05-17,1213369747,纳芯微：关于续聘2022年度审计机构的公告,,True,签字注册会计师、项目质量控制复核人近三年不存在因执业行为受到刑事处罚， || 签字注册会计师、项目质量控制复核人不存在可能影响独立性的情形。4、审计
688052,2023-04-24,1216536747,纳芯微：关于公司续聘2023年度审计机构的公告,,True,签字注册会计师、项目质量控制复核人近三年不存在因执业行为受到刑事处罚， || 签字注册会计师、项目质量控制复核人不存在可能影响独立性的情形。4、审计
688058,2021-04-26,1209800466,宝兰德：北京宝兰德软件股份有限公司关于续聘会计师事务所的公告,,True,签字注册会计师、项目质量控制复核人近三年不存在因执业行为受到刑事处罚， || 签字注册会计师、项目质量控制复核人不存在可能影响独立性的情形。4.审计
688058,2024-04-27,1219883326,宝兰德：北京宝兰德软件股份有限公司关于续聘会计师事务所的公告,,True,签字注册会计师、项目质量控制复核人近三年存在因执业行为受到刑事处罚，受 || 签字注册会计师、项目质量控制复核人不存在可能影响独立性的情形。（三）审
688058,2023-04-28,1216669922,宝兰德：北京宝兰德软件股份有限公司关于续聘会计师事务所的公告,,True,签字注册会计师、项目质量控制复核人近三年不存在因执业行为受到刑事处罚， || 签字注册会计师、项目质量控制复核人不存在可能影响独立性的情形。二、拟续
688065,2021-06-02,1210140343,凯赛生物：续聘会计师事务所的公告,,True,签字注册会计师、项目质量控制复核人近三年不存在因执业行为受到刑事处罚， || 签字注册会计师、项目质量控制复核人不存在可能影响独立性的情形。4.审计
688063,2024-04-12,1219583124,派能科技：续聘会计师事务所公告,,True,能科技、轻纺城等复核人公司年度审计报告2.诚信记录上述项目 || 签字注册会计师、项目质量控制复核人员近三年不存在因执业行为受到刑事处罚 || 签字注册会计师、项目质量控制复核人员不存在可能影响独立性的情形。（三）
688063,2023-04-12,1216381421,派能科技：续聘会计师事务所公告,,True,签字注册会计师、项目质量控制复核人不存在可能影响独立性的情形。天健会计 || 新、派能科技等制复核人公司年度审计报告2.上述相关人员的独 || 签字注册会计师、项目质量控制复核人不存在可能影响独立性的情形。上述项目 || 签字注册会计师、项目质量控制复核人近三年不存在因执业行为受到刑事处罚，
688063,2021-04-28,1209844892,派能科技：派能科技续聘会计师事务所公告,,True,签字注册会计师、项目质量控制复核人不存在可能影响独立性的情形。天健会计 || 签字注册会计师、项目质量控制复核人不存在可能影响独立性的情形。项目合伙 || 签字注册会计师、项目质量控制复核人近三年不存在因执业行为受到刑事处罚，
688065,2020-10-17,1208577776,凯赛生物：续聘会计师事务所的公告,,True,计相关工作15年复核人拟签字注册会邓华明注册会计师2008
688065,2023-06-06,1216991245,凯赛生物：关于续聘会计师事务所的公告,,True,签字注册会计师、项目质量控制复核人近三年不存在因执业行为受到刑事处罚， || 签字注册会计师、项目质量控制复核人不存在可能影响独立性的情形。4.审计
688065,2024-06-05,1220257583,凯赛生物：关于续聘会计师事务所的公告,,True,签字注册会计师、项目质量控制复核人近三年不存在因执业行为受到刑事处罚， || 签字注册会计师、项目质量控制复核人不存在可能影响独立性的情形。4.审计
688065,2022-06-02,1213586766,凯赛生物：续聘会计师事务所的公告,,True,签字注册会计师、项目质量控制复核人近三年不存在因执业行为受到刑事处罚， || 签字注册会计师、项目质量控制复核人不存在可能影响独立性的情形。4.审计
688063,2022-04-08,1212838947,派能科技：续聘会计师事务所公告,,True,签字注册会计师、项目质量控制复核人不存在可能影响独立性的情形。天健会计 || 签字注册会计师、项目质量控制复核人不存在可能影响独立性的情形。项目合伙 || 签字注册会计师、项目质量控制复核人近三年不存在因执业行为受到刑事处罚，
688067,2023-04-27,1216610582,爱威科技：爱威科技关于续聘2023年度审计机构的公告,,True,；2020年，签复核人署道通科技、正泰电器、东方材料等上市 || 签字注册会计师、项目质量控制复核人近三年不存在因执业行为受到刑事处罚， || 签字注册会计师、项目质量控制复核人不存在可能影响独立性的情形。（三）审
688067,2022-04-28,1213160581,爱威科技：爱威科技关于续聘2022年度审计机构的公告,,True,2020年度审2复核人计报告；2020年，签署道通科技、正 || 签字注册会计师、项目质量控制复核人近三年不存在因执业行为受到刑事处罚， || 签字注册会计师、项目质量控制复核人不存在可能影响独立性的情形。（三）审
688067,2024-04-27,1219854547,爱威科技：爱威科技关于续聘2024年度审计机构的公告,,True,2021年度审计复核人报告；2021年签署道通科技、寒武纪 || 签字注册会计师、项目质量控制复核人近三年不存在因执业行为受到刑事处罚， || 签字注册会计师、项目质量控制复核人不存在可能影响独立性的情形。（三）审
688070,2022-04-30,1213273190,纵横股份：关于续聘公司2022年度财务审计机构及内部控制审计机构的公告,,True,签字注册会计师、项目质量控制复核人近三年不存在因执业行为受到刑事处罚， || 签字注册会计师、项目质量控制复核人不存在可能影响独立性的情形。（三）审
688070,2024-04-27,1219883389,纵横股份：关于续聘公司2024年度财务审计机构及内部控制审计机构的公告,,True,签字注册会计师、项目质量复核人员近三年不存在因执业行为受到刑事处罚， || 签字注册会计师、项目质量控制复核人不存在可能影响独立性的情形。（三）审
688070,2023-04-14,1216404777,纵横股份：关于续聘公司2023年度财务审计机构及内部控制审计机构的公告,,True,签字注册会计师、项目质量控制复核人近三年不存在因执业行为受到刑事处罚， || 签字注册会计师、项目质量控制复核人不存在可能影响独立性的情形。（三）审
688072,2024-04-30,1219919666,拓荆科技：关于续聘2024年度审计机构的公告,,True,人签字注册会计师项目质量复核人员姓名缪志坚赵辉高高平何时成为注册会计 || 签字注册会计师、项目质量复核人员近三年不存在因执业行2为受到刑事处罚 || 签字注册会计师、项目质量复核人员不存在可能影响独立性的情形。二、审计
688070,2021-04-23,1209770822,纵横股份：关于续聘公司2021年度财务审计机构及内部控制审计机构的公告,,True,019年，签署或复核人良国金证券、秦安股份、东阳光等公司2 || 签字注册会计师、项目质量控制复核人近三年不存在因执业行为受到刑事处罚， || 签字注册会计师、项目质量控制复核人不存在可能影响独立性的情形。（三）审
688073,2023-04-20,1216472357,毕得医药：关于续聘公司会计师事务所的公告,,True,20年3家于薇薇质量控制复核人2007年2005年2011年8月2 || 签字注册会计师、项目质量控制复核人近三年不存在因执业行为受到刑事处罚， || 签字注册会计师、项目质量控制复核人不存在可能影响独立性的情形。4.审计
688072,2023-04-18,1216443648,拓荆科技：关于续聘2023年度审计机构的公告,,True,1年2021年制复核人等上市公司年度审计报告2、诚信记录项 || 签字注册会计师、项目质量控制复核人近三年不存在因执业行为受到刑事处罚， || 签字注册会计师、项目质量控制复核人不存在可能影响独立性的情形。二、审计
688078,2020-04-21,1207543625,龙软科技：关于续聘会计师事务所的公告,,True,1）项目合伙人、质量控制复核人和拟签字会计师等相关人员不存在违反《 || 2）项目合伙人、质量控制复核人和拟签字会计师等相关人员最近3年未受
688078,2023-03-29,1216246223,龙软科技：龙软科技关于续聘会计师事务所的公告,,True,1）项目合伙人、质量控制复核人和拟签字会计师等相关人员不存在违反《 || 2）项目合伙人、质量控制复核人和拟签字会计师等相关人员最近3年未受
688079,2021-04-28,1209844946,美迪凯：杭州美迪凯光电科技股份有限公司续聘会计师事务所公告,,True,03277）等。项目质量控制复核人魏五军：2002年成为注册会计师，2 || 陈彩琴、罗联玬、项目质量控制复核人魏五军三名从业人员近三年不存在受到刑 || 签字注册会计师、项目质量控制复核人等不存在可能影响独立性的情形。4.审
688078,2024-03-28,1219427618,龙软科技：龙软科技关于续聘会计师事务所的公告,,True,1）项目合伙人、质量控制复核人和拟签字会计师等相关人员不存在违反《 || 2）项目合伙人、质量控制复核人和拟签字会计师等相关人员最近3年未受
688078,2021-03-26,1209454750,龙软科技：北京龙软科技股份有限公司关于续聘会计师事务所的公告,,True,1）项目合伙人、质量控制复核人和拟签字会计师等相关人员不存在违反《 || 2）项目合伙人、质量控制复核人和拟签字会计师等相关人员最近3年未受
688078,2022-03-29,1212709704,龙软科技：龙软科技关于续聘会计师事务所的公告,,True,1）项目合伙人、质量控制复核人和拟签字会计师等相关人员不存在违反《 || 2）项目合伙人、质量控制复核人和拟签字会计师等相关人员最近3年未受
688079,2024-04-29,1219892212,美迪凯：杭州美迪凯光电科技股份有限公司续聘会计师事务所公告,,True,人签字注册会计师项目质量复核人员姓名罗联玬孙志清叶卫民何时成为注册会 || 签字注册会计师、项目质量复核人员近三年不存在因执业行为受到刑事处罚， || 签字注册会计师、项目质量复核人员不存在可能影响独立性的情形。4.审计
688079,2023-04-28,1216670001,美迪凯：杭州美迪凯光电科技股份有限公司续聘会计师事务所公告,,True,签字注册会计师、项目质量控制复核人近三年不存在因执业行为受到刑事处罚， || 签字注册会计师、项目质量控制复核人不存在可能影响独立性的情形。4.审计
688081,2024-04-26,1219840715,兴图新科：关于续聘公司2024年度会计师事务所的公告,,True,彦林科技等上市公复核人司年度审计报告2.诚信记录项目合伙人 || 签字注册会计师、项目质量复核人员近三年不存在因执业行为受到刑事处罚， || 签字注册会计师、项目质量控制复核人不存在可能影响独立性的情形。（三）审
688081,2022-04-29,1213226191,兴图新科：关于续聘公司2022年度会计师事务所的公告,,True,9年度审计报告；复核人2019年度：签署济民制药2018年 || 签字注册会计师、项目质量控制复核人近三年不存在因执业行为受到刑事处罚， || 签字注册会计师、项目质量控制复核人不存在可能影响独立性的情形。（三）审
688084,2023-01-06,1215531634,晶品特装：北京晶品特装科技股份有限公司关于续聘会计师事务所的公告,,True,核工作，近是计师复核人三年复核上市公司和挂牌公司审计报告超
688081,2023-04-28,1216658139,兴图新科：关于续聘公司2023年度会计师事务所的公告,,True,度：签署中控技术复核人2020年度审计报告；2020年度： || 签字注册会计师、项目质量控制复核人近三年不存在因执业行为受到刑事处罚， || 签字注册会计师、项目质量控制复核人不存在可能影响独立性的情形。（三）审
688084,2023-12-13,1218594569,晶品特装：关于续聘会计师事务所的公告,,True,核工作，近是计师复核人三年承做或复核的上市公司和挂牌公司审
688087,2023-04-20,1216473800,英科再生：山东英科环保再生资源股份有限公司关于续聘2023年度会计师事务所的公告,,True,运电路、华翔股份复核人等32.诚信记录项目合伙人、签字注册 || 签字注册会计师、项目质量控制复核人近三年不存在因执业行为受到刑事处罚， || 签字注册会计师、项目质量控制复核人不存在可能影响独立性的情形。4.审计
688087,2022-04-15,1212922171,英科再生：山东英科环保再生资源股份有限公司关于续聘2022年度会计师事务所的公告,,True,签字注册会计师、项目质量控制复核人近三年不3存在因执业行为受到刑事处罚 || 签字注册会计师、项目质量控制复核人不存在可能影响独立性的情形。4.审计
688089,2022-04-23,1213049547,嘉必优：嘉必优生物技术（武汉）股份有限公司关于续聘会计师事务所的公告,,True,单位兼职。拟安排质量控制复核人员：刘仁勇，拥有注册会计师执业资质， || 签字注册会计师及质量复核人员近三年不存在因执业行为受到刑事处罚， || 签字注册会计师及质量复核人员不存在违反《中国注册会计师职业道德守
688089,2021-04-30,1209877458,嘉必优：嘉必优生物技术（武汉）股份有限公司关于续聘会计师事务所的公告,,True,审计等证券业务。质量控制复核人员：刘仁勇注册会计师，具有丰富的证券 || 签字注册会计师及质量复核人员未持有和买卖公司股票，也不存在影响独
688087,2024-04-16,1219621333,英科再生：英科再生资源股份有限公司关于续聘2024年度会计师事务所的公告,,True,14年2022年复核人技、科润智控、英科再生、天铭科技等2 || 签字注册会计师、项目质量控制复核人近三年不存在因执业行为受到刑事处罚， || 签字注册会计师、项目质量控制复核人不存在可能影响独立性的情形。34.审
688089,2023-04-14,1216404532,嘉必优：嘉必优生物技术（武汉）股份有限公司关于续聘会计师事务所的公告,,True,单位兼职。拟安排质量控制复核人员：刘仁勇，拥有注册会计师执业资质， || 签字注册会计师及质量复核人员近三年不存在因执业行为受到刑事处罚， || 签字注册会计师及质量复核人员不存在违反《中国注册会计师职业道德守
688093,2021-10-29,1211418826,世华科技：关于续聘2021年度审计机构的公告,,True,人签字注册会计师项目质量控制复核人项目丁春荣陈秋菊王微何时成为注册会计 || 等年度审计报告；项目质量控制复核人王微近三年复核了亚太科技(00254 || 签字注册会计师、项目质量控制复核人近三年无因执业行为受到刑事处罚，受到 || 签字注册会计师、项目质量控制复核人等均不存在违反《中国注册会计师职业道
688093,2022-08-27,1214426324,世华科技：关于续聘2022年度审计机构的公告,,True,人签字注册会计师项目质量控制复核人项目刘勇纪耀吕卫星何时成为注册会计师 || 等年度审计报告；质量控制复核人吕卫星近三年复核了苏常柴Ａ（0005 || 签字注册会计师、项目质量控制复核人近三年因执业行为受到刑事处罚，受到证 || 签字注册会计师、项目质量控制复核人等均不存在违反《中国注册会计师职业道
688097,2024-04-24,1219769924,博众精工：博众精工关于续聘会计师事务所的公告,,True,织服务等。（3）质量控制复核人从业情况姓名：姜丽君【姜丽君】中国注 || 签字注册会计师和质量控制复核人不存在违反《中国注册会计师职业道德守
688097,2023-04-20,1216477863,博众精工：博众精工关于续聘会计师事务所的公告,,True,织服务等。（3）质量控制复核人从业情况姓名：吴蓉【吴蓉】中国注册会 || 签字注册会计师和质量控制复核人不存在违反《中国注册会计师职业道德守
688100,2024-02-29,1219210026,威胜信息：关于续聘会计师事务所的公告,,True,签字注册会计项目质量复核人基本信息项目合伙人师员姓名郑生军周融 || 签字注册会计师、项目质量复核人员近三年不存在因执业行为受到刑事处罚， || 签字注册会计师、项目质量复核人员不存在可能影响独立性的情形。3、审计
688113,2022-05-24,1213464010,联测科技：江苏联测机电科技股份有限公司关于续聘2022年度审计机构的公告,,True,胜任能力。（3）质量控制复核人近三年从业情况：薛敏：2000年成为 || 签字注册会计师、项目质量控制复核人近三年不存在因执业行为受到刑事处罚， || 签字注册会计师、项目质量控制复核人等均不存在违反《中国注册会计师职业道
688113,2023-04-27,1216612013,联测科技：江苏联测机电科技股份有限公司关于续聘2023年度审计机构的公告,,True,胜任能力。（3）质量控制复核人近三年从业情况：薛敏：2000年成为 || 签字注册会计师、项目质量控制复核人近三年不存在因执业行为受到刑事处罚， || 签字注册会计师、项目质量控制复核人等均不存在违反《中国注册会计师职业道
688115,2022-04-30,1213273316,思林杰：思林杰关于续聘公司2022年度会计师事务所的公告,,True,签字注册会计师、项目质量控制复核人近三年不存在因执业行为受到刑事处罚， || 签字注册会计师、项目质量控制复核人不存在可能影响独立性的情形。二、审计
688115,2024-04-27,1219883908,思林杰：思林杰关于2024年度续聘会计师事务所公告,,True,人签字注册会计师项目质量复核人员姓名禤文欣罗静吉尉建清何时成为注册会 || 签字注册会计师、项目质量复核人员近三年不存在因执业行为受到刑事处罚， || 签字注册会计师、项目质量复核人员不存在可能影响独立性的情形。4.审计
688115,2023-03-31,1216280984,思林杰：思林杰关于续聘公司2023年度会计师事务所的公告,,True,2年2021年制复核人上市公司审计报告2.诚信记录项目合伙 || 签字注册会计师、项目质量控制复核人近三年不存在因执业行为受到刑事处罚， || 签字注册会计师、项目质量控制复核人不存在可能影响独立性的情形。二、审计
688116,2024-04-27,1219883979,天奈科技：天奈科技关于续聘公司2024年度审计机构的公告,,True,人签字注册会计师项目质量复核人员姓名余建耀方丽英卢玲玉何时成为注册会 || 签字注册会计师、项目质量控制复核人近三年存在因执业行为受到刑事处罚，受 || 签字注册会计师、项目质量控制复核人不存在可能影响独立性的情形。4、审计
688116,2021-03-31,1209496682,天奈科技：天奈科技关于续聘2021年度会计师事务所的公告,,True,签字注册会计师、项目质量控制复核人近三年不存在因执业行为受到刑事处罚， || 签字注册会计师、项目质量控制复核人不存在可能影响独立性的情形。4、审计
688116,2020-12-02,1208828067,天奈科技：关于续聘公司2020年度审计机构的公告,,True,国注册会计师无是质量控制复核人重组及IPO申报审计等证券服务业务。
688116,2022-04-20,1212977128,天奈科技：天奈科技关于续聘公司2022年度会计师事务所的公告,,True,签字注册会计师、项目质量控制复核人近三年不存在因执业行为受到刑事处罚， || 签字注册会计师、项目质量控制复核人不存在可能影响独立性的情形。4、审计
688116,2023-04-20,1216473140,天奈科技：天奈科技关于续聘公司2023年度审计机构的公告,,True,署若羽臣、南网制复核人能源2020年度审计报告；2020年 || 签字注册会计师、项目质量控制复核人近三年存在因执业行为受到刑事处罚，受 || 签字注册会计师、项目质量控制复核人不存在可能影响独立性的情形。4、审计
688117,2022-04-26,1213121758,圣诺生物：关于续聘公司2022年度财务审计及内控审计机构的公告,,True,签署洁特生物、赛复核人显年年年年意信息2019年度审计报告 || 签字注册会计师、项目质量控制复核人近三年不存在因执业行为受到刑事处罚， || 签字注册会计师、项目质量控制复核人不存在可能影响独立性的情形。4、审计
688117,2023-04-26,1216596608,圣诺生物：关于续聘公司2023年度财务审计及内控审计机构的公告,,True,签字注册会计师、项目质量控制复核人近三年不存在因执业行为受到刑事处罚， || 签字注册会计师、项目质量控制复核人不存在可能影响独立性的情形。4、审计
688117,2024-04-23,1219741566,圣诺生物：关于续聘公司2024年度财务审计及内控审计机构的公告,,True,人签字注册会计师项目质量复核人员姓名沈佳盈许强彭宗显何时成为注册会2 || 签字注册会计师、项目质量复核人员近三年不存在因执业行为受到刑事处罚， || 签字注册会计师、项目质量复核人员不存在可能影响独立性的情形。4、审计
688125,2022-10-28,1214937916,安达智能：关于续聘会计师事务所的公告,,True,年2022年3家复核人2、诚信记录项目合伙人、签字注册会计 || 签字注册会计师、项目质量控制复核人近三年存在因执业行为受到刑事处罚，受 || 签字会计师余娟、项目质量控制复核人金闻不存在违反《中国注册会计师职业道
688125,2023-10-31,1218204749,安达智能：关于续聘会计师事务所的公告,,True,08年2022年复核人京电子等上市公司年度审计报告2、诚信 || 签字注册会计师、项目质量控制复核人近三年不存在因执业行为受到刑事处罚， || 签字注册会计师、项目质量控制复核人不存在可能影响独立性的情形。4、审计
688127,2022-04-22,1213025067,蓝特光学：关于公司续聘2022年度审计机构的公告,,True,签字注册会计师、项目质量控制复核人近三年存在因执业行为受到刑事处罚，受 || 签字注册会计师、项目质量控制复核人不存在可能影响独立性的情形。4、审计
688127,2021-04-27,1209820454,蓝特光学：关于公司续聘2021年度审计机构的公告,,True,签字注册会计师、项目质量控制复核人近三年存在因执业行为受到刑事处罚，受 || 签字注册会计师、项目质量控制复核人不存在可能影响独立性的情形。4、审计
688127,2023-04-19,1216454902,蓝特光学：关于公司续聘2023年度审计机构的公告,,True,签字注册会计师、项目质量控制复核人近三年不存在因执业行为受到刑事处罚， || 签字注册会计师、项目质量控制复核人不存在可能影响独立性的情形。4、审计
688127,2024-04-25,1219802455,蓝特光学：关于公司续聘2024年度审计机构的公告,,True,19年2020年复核人计报告；2022年，签署恒丰纸业、深 || 签字注册会计师、项目质量控制复核人近三年不存在因执业行为受到刑事处罚， || 签字注册会计师、项目质量控制复核人不存在可能影响独立性的情形。4、审计
688130,2023-04-28,1216670354,晶华微：晶华微关于续聘2023年度审计机构的公告,,True,，签署中谷物流、复核人上海临港和宝信软件2020年度审计报 || 签字注册会计师、项目质量控制复核人近三年不存在因执业行为受到刑事处罚， || 签字注册会计师、项目质量控制复核人不存在可能影响独立性的情形。4、审计
688131,2024-04-25,1219804354,皓元医药：上海皓元医药股份有限公司关于续聘公司2024年度审计机构的公告,,True,册会计师叶伟伟、项目质量控制复核人罗艳近三年不存在因执业行为受到刑事处
688135,2022-04-29,1213226309,利扬芯片：关于续聘会计师事务所的公告,,True,签字注册会计师、项目质量控制复核人基本信息详见下表：何时开何时开何时成 || 签字注册会计师、项目质量控制复核人近三年不存在因执业行为受到刑事处罚， || 签字注册会计师、项目质量控制复核人不存在可能影响独立性的情形。（三）审
688135,2021-04-28,1209845136,利扬芯片：关于续聘会计师事务所的公告,,True,、易事特2018复核人年度审计报告。2018年度，签署麒盛 || 签字注册会计师、项目质量控制复核人近三年不存在因执业行为受到刑事处罚， || 签字注册会计师、项目质量控制复核人不存在可能影响独立性的情形。（三）审
688135,2023-12-09,1218564765,利扬芯片：关于续聘会计师事务所的公告,,True,签字注册会计师、项目质量控制复核人基本信息详见下表：何时开何时开何时成 || 签字注册会计师、项目质量控制复核人近三年不存在因执业行为受到刑事处罚， || 签字注册会计师、项目质量控制复核人不存在可能影响独立性的情形。（三）审
688138,2022-04-22,1213028969,清溢光电：清溢光电关于续聘会计师事务所的公告,,True,签字注册会计师、项目质量控制复核人近三年存在因执业行为受到刑事处罚，受 || 签字注册会计师、项目质量控制复核人不存在可能影响独立性的情形。4.审计
688138,2024-04-27,1219884517,清溢光电：关于续聘会计师事务所的公告,,True,签字注册会计项目质量复核人基本信息字注册会计师师员姓名赵国梁黄 || 注册会计师黄琴、项目质量复核人员潘晶晶近三年不存在因执业行为受到刑事 || 签字注册会计师、项目质量复核人员不存在可能影响独立性的情形。4.审计
688138,2020-04-16,1207506523,清溢光电：关于续聘会计师事务所的公告,,True,起至今，中国注册质量控制复核人潘晶晶天健会计师事务所，无是会计师审
688138,2023-04-28,1216670412,清溢光电：清溢光电关于续聘会计师事务所的公告,,True,签字注册会计师、项目质量控制复核人近三年存在因执业行为受到刑事处罚，受 || 签字注册会计师、项目质量控制复核人不存在可能影响独立性的情形。4.审计
688148,2021-12-15,1211906151,芳源股份：芳源股份关于续聘2021年度审计机构的公告,,True,字会计师刘秀娟、质量控制复核人廖屹峰不存在违反《中国注册会计师职业
688150,2024-04-26,1219823733,莱特光电：陕西莱特光电材料股份有限公司关于续聘会计师事务所的公告,,True,审计报告6家，复复核人核上市公司审计报告3家2、上述相关人
688148,2023-12-09,1218562425,芳源股份：芳源股份关于续聘会计师事务所的公告,,True,签字会计师吴新、质量控制复核人向晓三不存在违反《中国注册会计师职业
688148,2022-12-20,1215398217,芳源股份：芳源股份关于续聘2022年度审计机构的公告,,True,字会计师王伟秋、质量控制复核人向晓三不存在违反《中国注册会计师职业
688141,2023-04-29,1216697398,杰华特：关于续聘公司2023年度审计机构的公告,,True,签字注册会计师、项目质量控制复核人近三年不存在因执业行为受到刑事处罚， || 签字注册会计师、项目质量控制复核人不存在可能影响独立性的情形。4、审计
688151,2022-03-29,1212712092,华强科技：湖北华强科技股份有限公司关于续聘2022年度审计机构的公告,,True,况：2家。（3）质量控制复核人姓名：冯发明执业资质：中国注册会计师
688153,2022-05-31,1213549661,唯捷创芯：关于续聘2022年度审计机构的公告,,True,师事务所（特殊普复核人天山生物通合伙）执业；欧浦智网等20 || 签字注册会计师、项目质量控制复核人近三年未受到相关处罚3.独立性上述人
688153,2023-04-27,1216616674,唯捷创芯：关于续聘2023年度审计机构的公告,,True,20年伟中国软件复核人师12月开始在中兴华执业，2023兆 || 签字注册会计师、项目质量控制复核人近三年未受到相关处罚。3、独立性上述
688153,2024-04-26,1219821163,唯捷创芯：关于续聘2024年度审计机构的公告,,True,0年12月开始在复核人师唯捷创芯中兴华执业，2023年起为 || 签字注册会计师、项目质量控制复核人近三年未受到相关处罚。23、独立性上
688151,2023-10-31,1218206220,华强科技：湖北华强科技股份有限公司关于变更会计师事务所的公告,,True,报告3家。（3）质量控制复核人姓名：齐春艳执业资质：中国注册会计师 || 签字注册会计师、项目质量控制复核人近三年不存在因执业行为受到刑事处罚， || 签字注册会计师、项目质量控制复核人等不存在可能影响独立性的情形。二、审
688160,2021-04-21,1209740870,步科股份：关于续聘2021年度审计机构的公告,,True,签字注册会计师、项目质量控制复核人近三年不存在因执业行为受到刑事处罚， || 签字注册会计师、项目质量控制复核人不存在可能影响独立性的情形。4、审计
688160,2022-04-21,1213003340,步科股份：关于续聘2022年度审计机构的公告,,True,2年技、杭州柯林复核人月月月等上市公司年度审计报告2、诚信 || 签字注册会计师、项目质量控制复核人近三年不存在因执业行为受到刑事处罚， || 签字注册会计师、项目质量控制复核人不存在可能影响独立性的情形。4、审计
688160,2023-08-25,1217634246,步科股份： 关于续聘2023年度审计机构的公告,,True,21年龙马环卫、复核人杭汽轮等注：签署了海目星、新益昌、好 || 签字注册会计师、项目质量控制复核人近三年不存在因执业行为受到刑事处罚， || 签字注册会计师、项目质量控制复核人不存在可能影响独立性的情形。4、审计
688162,2023-04-15,1216415168,巨一科技：巨一科技关于变更签字会计师及项目质量复核人的公告,,True,签字会计师及项目质量复核人的公告本公司董事会及全体董事保证本公 || 师，陈云青女士为项目质量控制复核人。容诚因内部工作调整，朱浩先生、陈云 || 2年度审计项目的质量控制复核人。变更后的签字会计师为：施琪璋先生、 || 先生、崔健先生，项目质量控制复核人为：王玥女士。二、本次变更人员的基本
688166,2022-04-16,1212942376,博瑞医药：续聘会计师事务所公告,,True,人签字注册会计师质量控制复核人项目李刚翁梅辛吕卫星何时成为注册会计 || 等年度审计报告；质量控制复核人吕卫星近三年复核了苏常柴Ａ（0005 || 诚信记录2拟聘任项目质量控制复核人近三年因执业行为受到刑事处罚，受到证 || 签字注册会计师、项目质量控制复核人等均不存在违反《中国注册会计师职业道
688166,2023-04-25,1216557636,博瑞医药：续聘会计师事务所公告,,True,人签字注册会计师质量控制复核人项目李钢翁梅辛吕卫星何时成为注册会计 || 等年度审计报告；质量控制复核人吕卫星近三年复核了苏常柴Ａ(0005 || 签字注册会计师、项目质量控制复核人不存在其他因执业行为受到刑事处罚，受 || 签字注册会计师、项目质量控制复核人等均不存在违反《中国注册会计师职业道
688167,2023-08-26,1217652965,炬光科技：西安炬光科技股份有限公司关于续聘会计师事务所的公告,,True,会计师韩涛先生、质量复核合伙人王韧之先生及签字注册会计师熊熹群先生 || 会计师韩涛先生、质量复核合伙人王韧之先生、签字注册会计师熊熹群先生
688171,2022-03-02,1212481915,纬德信息：广东纬德信息科技股份有限公司关于续聘会计师事务所的公告,,True,不适用审计报告，复核人核了6家上市公司审计报告2.诚信记录 || 签字注册会计师、项目质量控制复核人近三年因执业行为受到刑事处罚，受到证 || 签字注册会计师、项目质量控制复核人不存在可能影响独立性的情形。4.审计
688171,2023-11-29,1218464883,纬德信息：广东纬德信息科技股份有限公司关于续聘会计师事务所的公告,,True,不适用审计报告，复核人核了10家上市公司审计报告2.诚信记 || 签字注册会计师、项目质量控制复核人近三年不存在因执业行为受到刑事处罚， || 签字注册会计师、项目质量控制复核人不存在可能影响独立性的情形。4.审计
688171,2022-11-08,1215043699,纬德信息：广东纬德信息科技股份有限公司关于续聘会计师事务所的公告,,True,不适用审计报告，复核人核了6家上市公司审计报告2.诚信记录 || 签字注册会计师、项目质量控制复核人近三年存在因执业行为受到刑事处罚，受 || 签字注册会计师、项目质量控制复核人不存在可能影响独立性的情形。4.审计
688184,2024-04-27,1219884970,帕瓦股份：浙江帕瓦新能源股份有限公司关于续聘会计师事务所的公告,,True,人签字注册会计师项目质量复核人员姓名朱大为余琴琴倪侃侃何时成为注册会 || 签字注册会计师、项目质量控制复核人近三年不存在因执业行为受到刑事处罚， || 签字注册会计师、项目质量复核人员不存在可能影响独立性的情形。4.审计
688184,2023-04-14,1216402475,帕瓦股份：浙江帕瓦新能源股份有限公司关于续聘会计师事务所的公告,,True,签字注册会计师、项目质量控制复核人近三年不存在因执业行为受到刑事处罚， || 签字注册会计师、项目质量控制复核人不存在可能影响独立性的情形。4.审计
688186,2022-03-21,1212628903,广大特材：关于续聘2022年度审计机构的公告,,True,签字注册会计师、项目质量控制复核人近三年不存在因执业行为受到刑事处罚， || 签字注册会计师、项目质量控制复核人不存在可能影响独立性的情形。4．审计
688186,2023-04-22,1216522043,广大特材：关于续聘2023年度审计机构的公告,,True,签字注册会计师、项目质量控制复核人近三年不存在因执业行为受到刑事处罚， || 签字注册会计师、项目质量控制复核人不存在可能影响独立性的情形。4．审计
688186,2024-04-30,1219919989,广大特材：关于续聘2024年度会计师事务所公告,,True,人签字注册会计师项目质量复核人员姓名孙涛许念来吕安吉何时成为注册会计 || 签字注册会计师、项目质量控制复核人近三年不存在因执业行为受到刑事处罚， || 签字注册会计师、项目质量控制复核人不存在可能影响独立性的情形。4、审计
688197,2022-10-31,1214976910,首药控股：首药控股（北京）股份有限公司关于续聘会计师事务所的公告,,True,15年2021年复核人博杰股份等2.诚信记录项目合伙人、签 || 签字注册会计师、项目质量控制复核人近三年不存在因执业行为受到刑事处罚， || 签字注册会计师、项目质量控制复核人不存在可能影响独立性的情形。4.审计
688197,2023-09-02,1217758079,首药控股：首药控股（北京）股份有限公司关于续聘会计师事务所的公告,,True,股、清溢光电、制复核人菲菱科思2.诚信记录项目合伙人、签字 || 签字注册会计师、项目质量控制复核人近三年不存在因执业行为受到刑事处罚， || 签字注册会计师、项目质量控制复核人不存在可能影响独立性的情形。4.审计
688200,2022-06-16,1213721299,华峰测控：华峰测控关于变更会计师事务所的更正公告,,True,2年【注2】朱敏质量控制复核人1995年1993年2011年11月 || 2年【注2】朱敏质量控制复核人1995年1993年2011年11月
688200,2022-06-15,1213704674,华峰测控：华峰测控关于变更会计师事务所的公告,,True,2年【注2】朱敏质量控制复核人1995年1993年2011年11月 || 签字注册会计师、项目质量控制复核人近三年不存在因执业行为受到刑事处罚， || 签字注册会计师、项目质量控制复核人不存在可能影响独立性的情形。4.审计
688202,2020-04-16,1207508265,美迪西：关于聘任公司2020年度审计机构及内控审计机构的公告,,True,红梅中国注册是无复核人会计师（2）人员从业经历姓名工作时间 || 上海分所项目经理复核人月2004年12月-至今立信会计师事 || 签字注册会计师和质量控制复核人不存在违反《中国注册会计师职业道德守
688203,2024-03-26,1219403296,海正生材：浙江海正生物材料股份有限公司关于续聘会计师事务所的公告,,True,人签字注册会计师项目质量复核人员姓名徐海泓刘壮宋军何时成为注册会计师 || 签字注册会计师、项目质量复核人员近三年存在因执业行为受到刑事处罚，受 || 签字注册会计师、项目质量复核人员不存在可能影响独立性的情形。（三）审
688208,2020-09-15,1208436832,道通科技：关于续聘公司2020年度审计机构的公告,,True,1）项目合伙人、质量控制复核人和拟签字会计师等相关人员不存在违反《 || 2）项目合伙人、质量控制复核人和拟签字会计师等相关人员最近3年未受
688203,2023-03-14,1216110325,海正生材：浙江海正生物材料股份有限公司关于续聘会计师事务所的公告,,True,签字注册会计师、项目质量控制复核人近三年不存在因执业行2为受到刑事处罚 || 签字注册会计师、项目质量控制复核人不存在可能影响独立性的情形。（三）审
688208,2024-03-30,1219474422,道通科技：道通科技关于续聘会计师事务所的公告,,True,签字注册会计师、项目质量控制复核人员近三年不存在因执业行为受到刑事处罚 || 签字注册会计师、项目质量控制复核人不存在可能影响独立性的情形。（三）审
688213,2024-04-27,1219885256,思特威：关于续聘公司2024年度审计机构的公告,,True,不存在兼职情况。项目质量控制复核人顾沈为先生，中国注册会计师执业会员。 || 签字注册会计师、项目质量控制复核人近三年均未受到刑事处罚，未受到证监会 || 签字注册会计师、项目质量控制复核人等不存在违反《中国注册会计师职业道德
688217,2022-04-20,1212984518,睿昂基因：睿昂基因关于续聘会计师事务所的公告,,True,18年1家黄继佳质量控制复核人2006年2004年2011年201 || 签字注册会计师、项目质量控制复核人近三年不存在因执业行为受到刑事处罚， || 签字注册会计师、项目质量控制复核人不存在可能影响独立性的情形。4、审计
688217,2023-04-10,1216362728,睿昂基因：睿昂基因关于续聘会计师事务所的公告,,True,签字注册会计师、项目质量控制复核人近三年存在因执业行为受到刑事处罚，受 || 签字注册会计师、项目质量控制复核人不存在可能影响独立性的情形。4、审计
688219,2023-04-28,1216658346,会通股份：会通新材料股份有限公司关于续聘公司2023年度财务审计机构及内控审计机构的公告,,True,签字注册会计师、项目质量控制复核人近三年不存在因执业行为受到刑事处罚， || 签字注册会计师、项目质量控制复核人不存在可能影响独立性的情形。4、审计
688219,2022-04-08,1212838784,会通股份：会通新材料股份有限公司关于续聘公司2022年度财务审计机构及内控审计机构的公告,,True,签字注册会计师、项目质量控制复核人近三年不存在因执业行为受到刑事处罚， || 签字注册会计师、项目质量控制复核人不存在可能影响独立性的情形。4、审计
688219,2021-04-19,1209718436,会通股份：会通新材料股份有限公司关于续聘公司2021年度财务审计机构及内控审计机构的公告,,True,签字注册会计师、项目质量控制复核人近三年不存在因执业行为受到刑事处罚， || 签字注册会计师、项目质量控制复核人不存在可能影响独立性的情形。4、审计
688219,2024-04-23,1219745930,会通股份：会通新材料股份有限公司关于续聘公司2024年度财务审计机构及内控审计机构的公告,,True,思、江山欧派等2复核人021年度审计报告；2021年，签署 || 签字注册会计师、项目质量控制复核人近三年不存在因执业行为受到刑事处罚， || 签字注册会计师、项目质量控制复核人不存在可能影响独立性的情形。4、审计
688223,2022-04-23,1213059699,晶科能源：晶科能源股份有限公司关于续聘会计师事务所的公告,,True,签字注册会计师、项目质量控制复核人近三年不存在因执业行为受到刑事处罚， || 签字注册会计师、项目质量控制复核人不存在可能影响独立性的情形。4、审计
688228,2021-01-04,1209034222,开普云：关于续聘2020年度审计机构的公告,,True,健会计中国注册会质量控制复核人朱卫新师事务所从事审计相关工无是计师
688228,2023-02-07,1215778399,开普云：开普云关于续聘2022年度审计机构的公告,,True,至今，在天健会计质量控制复核人朱中伟无是会计师师事务所从事审计相关
688228,2022-01-04,1212085877,开普云：开普云关于续聘2021年度审计机构的公告,,True,至今，在天健会计质量控制复核人朱中伟无是会计师师事务所从事审计相关
688228,2023-12-05,1218512343,开普云：关于续聘2023年度审计机构的公告,,True,至今，在天健会计质量控制复核人朱中伟无是会计师师事务所从事审计相关
688230,2024-02-28,1219198273,芯导科技：关于变更签字会计师的公告,,True,本次签字会计师及项目质量控制复核人变更的基本情况天职国际作为公司聘任的
688232,2023-10-27,1218169316,新点软件：新点软件关于变更会计师事务所的公告,,True,签字注册会计师、项目质量控制复核人近三年不存在因执业行为受到刑事处罚， || 签字注册会计师、项目质量控制复核人不存在可能影响独立性的情形。4.审计
688235,2022-03-26,1212684359,百济神州：百济神州有限公司关于聘任审计机构的公告,,True,括医药制造业。3项目质量控制复核人张明益：于2005年成为注册会计师、 || 签字注册会计师、项目质量控制复核人近三年不存在因执业行为受到刑事处罚或 || 签字注册会计师、项目质量控制复核人近三年不存在违反《中国注册会计师职业
688238,2024-04-25,1219802822,和元生物：关于续聘2024年度审计机构的公告,,True,项目基本信息项目质量复核人基本信息项目合伙人签字注册会计师员姓 || 签字注册会计师、项目质量复核人员近三年不存在因执业行为受到刑事处罚， || 签字注册会计师、项目质量复核人员不存在可能影响独立性的情形。4、审计
688238,2022-04-23,1213051690,和元生物：关于续聘2022年度审计机构公告,,True,签字注册会计师、项目质量控制复核人近三年不存在因执业行为受到刑事处罚， || 签字注册会计师、项目质量控制复核人不存在可能影响独立性的情形。4、审计
688238,2023-04-20,1216479391,和元生物：关于续聘2023年度审计机构的公告,,True,签字注册会计师、项目质量控制复核人近三年不存在因执业行为受到刑事处罚， || 签字注册会计师、项目质量控制复核人不存在可能影响独立性的情形。4、审计
688244,2024-04-29,1219892458,永信至诚：关于续聘2024年度审计机构的公告,,True,人签字注册会计师项目质量复核人员姓名王振宇王书勤章静静何时成为注册会 || 签字注册会计师、项目质量控制复核人近三年不存在因执业行为受到刑事处罚， || 签字注册会计师、项目质量控制复核人不存在可能影响独立性的情形。4.审计
688244,2023-04-29,1216711764,永信至诚：关于续聘会计师事务所的公告,,True,签字注册会计师、项目质量控制复核人近三年不存在因执业行为受到刑事处罚， || 签字注册会计师、项目质量控制复核人不存在可能影响独立性的情形。4.审计
688247,2024-04-30,1219909614,宣泰医药：关于聘任2024年度审计机构的公告,,True,024康惠制药、复核人天智航2、诚信记录签字项目合伙人、签 || 签字注册会计师、质量控制复核人最近三年未受到刑事处罚、行政处罚、行 || 签字注册会计师、项目质量控制复核人等不存在可能影响独立性的情形。4、审
688251,2024-04-26,1219816099,井松智能：井松智能关于续聘容诚会计师事务所（特殊普通合伙）为公司2024年度审计机构的公告,,True,措施、纪律处分。项目质量控制复核人郑少杰近三年未受到刑事处罚和证监会及
688251,2023-04-20,1216474005,井松智能：井松智能关于续聘容诚会计师事务所（特殊普通合伙）为公司2023年度审计机构的公告,,True,措施、纪律处分。项目质量控制复核人郑少杰近三年未受到刑事处罚和证监会及
688255,2022-04-29,1213202618,凯尔达：关于公司续聘2022年度审计机构的公告,,True,签字注册会计师、项目质量控制复核人近三年不存在因执业行为受到刑事处罚， || 签字注册会计师、项目质量控制复核人不存在可能影响独立性的情形。4、审计
688255,2024-04-27,1219885513,凯尔达：关于续聘2024年度财务及内部控制审计机构的公告,,True,签字注册会计师、项目质量控制复核人近三年不存在因执业行为受到刑事处罚， || 签字注册会计师、项目质量控制复核人不存在可能影响独立性的情形。4、审计
688253,2023-03-31,1216269543,英诺特：关于续聘会计师事务所的公告,,True,单位兼职。拟安排项目质量控制复核人员：宋治忠宋治忠为大信合伙人，大信深 || 签字注册会计师、项目质量控制复核人不存在可能影响独立性的情形。项目合伙 || 签字注册会计师、项目质量控制复核人近三年（最近三个完整自然年度及当年）
688255,2023-04-28,1216647423,凯尔达：关于聘任2023年度审计机构及内部控制审计机构的公告,,True,签字注册会计师、项目质量控制复核人近三年不存在因执业行为受到刑事处罚， || 签字注册会计师、项目质量控制复核人不存在可能影响独立性的情形。4、审计
688256,2022-04-16,1212944388,寒武纪：关于续聘2022年度会计师事务所公告,,True,签字注册会计师、项目质量控制复核人近三年不存在因执业行为受到刑事处罚， || 签字注册会计师、项目质量控制复核人不存在可能影响独立性的情形。4、审计
688256,2024-04-30,1219923816,寒武纪：关于续聘2024年度会计师事务所公告,,True,纪、恒锋工具、精复核人工科技、辉丰股份、金洁环境2022年 || 签字注册会计师、项目质量控制复核人近三年不存在因执业行为受到刑事处罚， || 签字注册会计师、项目质量控制复核人不存在可能影响独立性的情形。4、审计
688258,2020-04-22,1207549652,卓易信息：关于续聘公司2020年度审计机构的公告,,True,司独立董事（2）质量控制复核人（项目独立复核合伙人）：汤加全从业经 || 控制复核人（项目独立复核合伙人）：汤加全从业经历：具备27年证券业 || 项目项目合伙人、质量控制复核人和本期签字会计师均具有丰富的证券服务
688259,2024-04-25,1219803561,创耀科技：关于续聘会计师事务所的公告,,True,月1年1家林鹏飞质量控制复核人2004年2008年2004年4月1 || 纪律处分的情况。项目质量控制复核人近三年存在因执业行为受到刑事处罚，受 || 签字注册会计师、项目质量控制复核人不存在可能影响独立性的情形。4、审计
688261,2023-04-20,1216477933,东微半导：苏州东微半导体股份有限公司关于续聘公司2023年度审计机构的公告,,True,签字注册会计师、项目质量控制复核人近三年未发现其存在不良诚信记录，无因 || 签字注册会计师、项目质量控制复核人能够在执行本项目审计工作时保持独立性
688261,2024-04-27,1219885538,东微半导：苏州东微半导体股份有限公司关于续聘公司2024年度审计机构的公告,,True,签字注册会计师、项目质量控制复核人近三年未发现其存在不良诚信记录，无因 || 签字注册会计师、项目质量控制复核人能够在执行本项目审计工作时保持独立性
688265,2022-04-28,1213180841,南模生物：关于续聘2022年度审计机构的公告,,True,签字注册会计师、项目质量控制复核人不存在可能影响独立性的情形。中汇会计 || 市公司审计报告。质量控制复核人：王其超从业经历：2001年成为注册
688270,2023-04-21,1216489353,臻镭科技：浙江臻镭科技股份有限公司关于续聘公司2023年度审计机构的公告,,True,16年2022年复核人2020-2021年度审计报告。2. || 签字注册会计师、项目质量控制复核人近三年不存在因执业行为受到刑事处罚， || 签字注册会计师、项目质量控制复核人不存在可能影响独立性的情形。4.审计
688270,2022-04-07,1212828687,臻镭科技：浙江臻镭科技股份有限公司续聘会计师事务所的公告,,True,签字注册会计师、项目质量控制复核人近三年不存在因执业行为受到刑事处罚， || 签字注册会计师、项目质量控制复核人不存在可能影响独立性的情形。4.审计
688270,2024-03-30,1219472393,臻镭科技：浙江臻镭科技股份有限公司关于续聘公司2024年度审计机构的公告,,True,目质量控[注]制复核人[注]天健会计师事务所（特殊普通合伙 || 年报上市公司审计项目质量控制复核人员独立性轮换工作尚在进行中，因此暂未 || 2024年报具体项目质量控制复核人员。2.诚信记录项目合伙人、签字注册 || 签字注册会计师、项目质量复核人员近三年不存在因执业行为受到刑事处罚， || 签字注册会计师、项目质量控制复核人不存在可能影响独立性的情形。4.审计
688271,2024-04-27,1219885617,联影医疗：联影医疗关于续聘2024年度会计师事务所的公告,,True,注册会计师和项目质量复核合伙人不存在违反《中国注册会计师职业道德守
688275,2023-04-25,1216553367,万润新能：关于续聘会计师事务所的公告,,True,签字注册会计师、项目质量控制复核人近三年不存在因执业行为受到刑事处罚， || 签字注册会计师、项目质量控制复核人不存在可能影响独立性的情形。4、审计
688275,2024-04-30,1219920330,万润新能：关于2024年度续聘会计师事务所的公告,,True,签字注册会计师、项目质量控制复核人员近三年不存在因执业行为受到刑事处罚 || 签字注册会计师、项目质量控制复核人员不存在可能影响独立性的情形。（四）
688277,2023-04-26,1216593721,天智航：关于续聘会计师事务所的公告,,True,兼职情况。（3）质量控制复核人张素霞张素霞，中国注册会计师，199 || 签字注册会计师、质量控制复核人最近三年未受到刑事处罚、行政处罚、行 || 签字注册会计师、项目质量控制复核人等不存在可能影响独立性的情形。4、审
688279,2022-05-11,1213309380,峰岹科技：峰岹科技：关于续聘2022年度审计机构的公告,,True,报告2家。（3）项目质量控制复核人周俊祥周俊祥，1993年12月成为注 || 签字注册会计师、项目质量控制复核人近三年未因执业行为受到刑事处罚，未受 || 签字注册会计师、项目质量控制复核人不存在可能影响独立性的情形。（三）审
688286,2024-04-26,1219841009,敏芯股份：苏州敏芯微电子技术股份有限公司关于续聘2024年度审计机构的公告,,True,签字注册会计师、项目质量控制复核人近三年不存在因执业行为受到刑事处罚， || 签字注册会计师、项目质量控制复核人不存在可能影响独立性的情形。4、审计
688286,2021-04-13,1209678529,敏芯股份：苏州敏芯微电子技术股份有限公司关于续聘2021年度审计机构的公告,,True,签字注册会计师、项目质量控制复核人近三年不存在因执业行为受到刑事处罚， || 签字注册会计师、项目质量控制复核人不存在可能影响独立性的情形。4、审计
688286,2022-04-19,1212964506,敏芯股份：苏州敏芯微电子技术股份有限公司关于续聘2022年度审计机构的公告,,True,签字注册会计师、项目质量控制复核人近三年不存在因执业行为受到刑事处罚， || 签字注册会计师、项目质量控制复核人不存在可能影响独立性的情形。4、审计
688286,2023-04-22,1216525325,敏芯股份：苏州敏芯微电子技术股份有限公司关于续聘2023年度审计机构的公告,,True,签字注册会计师、项目质量控制复核人近三年不存在因执业行为受到刑事处罚， || 签字注册会计师、项目质量控制复核人不存在可能影响独立性的情形。4、审计
688289,2021-03-30,1209478676,圣湘生物：圣湘生物科技股份有限公司关于续聘2021年度审计机构的公告,,True,市公司审计报告。项目质量控制复核人合伙人：蔡永光，2002年成为中国注 || 计师邹华娟、项目质量控制复核合伙人蔡永光最近3年未受到刑事处罚、行政处 || 计师邹华娟、项目质量控制复核合伙人蔡永光不存在可能影响独立性的情形。4
688287,2023-04-26,1216596829,观典防务：关于续聘会计师事务所的公告,,True,签字注册会计师及质量复核人员不存在违反《中国注册会计师职业道德守
688289,2024-04-27,1219885728,圣湘生物：圣湘生物科技股份有限公司关于聘任公司2024年度财务审计机构及内控审计机构的公告,,True,市公司审计报告。项目质量控制复核人合伙人：罗跃龙，1998年成为中国注 || 计师罗赛平、项目质量控制复核合伙人罗跃龙最近3年未受到刑事处罚、行政处 || 计师罗赛平、项目质量控制复核合伙人罗跃龙不存在可能影响独立性的情形。4
688290,2024-04-23,1219738893,景业智能：景业智能关于续聘会计师事务所的公告,,True,人签字注册会计师项目质量复核人员姓名刘江杰肖扬肖莹何时成为注册会计师 || 签字注册会计师、项目质量复核人员近三年不存在因执业行为受到刑事处罚， || 签字注册会计师、项目质量复核人员不存在可能影响独立性的情形。4、审计
688290,2023-03-21,1216168416,景业智能：景业智能关于聘任公司2023年度审计机构的公告,,True,签字注册会计师、项目质量控制复核人近三年不存在因执业行为受到刑事处罚，
688289,2023-04-19,1216457588,圣湘生物：圣湘生物科技股份有限公司关于续聘公司2023年度审计机构的公告,,True,市公司审计报告。项目质量控制复核人合伙人：罗跃龙，1998年成为中国注 || 计师邹华娟、项目质量控制复核合伙人罗跃龙最近3年未受到刑事处罚、行政处 || 计师邹华娟、项目质量控制复核合伙人罗跃龙不存在可能影响独立性的情形。4
688292,2023-10-26,1218149987,浩瀚深度：北京浩瀚深度信息技术股份有限公司关于续聘2023年度审计机构的公告,,True,16年2022年复核人报告情况：2家。2、诚信记录项目合伙 || 签字注册会计师、项目质量控制复核人近三年（最近三个完整自然年度及当年） || 签字注册会计师、项目质量控制复核人等不存在可能影响《中国注册会计师职业
688296,2024-04-12,1219580609,和达科技：和达科技续聘会计师事务所的公告,,True,通合伙）正在开展项目质量复核人员独立性轮换工作，因此制复核目前尚无法 || 4年度审计项目的质量复核人员。人2.诚信记录项目合伙人、签字注册 || 签字注册会计师、项目质量控制复核人近三年不存在因执业行为受到刑事处罚， || 签字注册会计师、项目质量控制复核人不存在可能影响独立性的情形。4.审计
688296,2023-04-14,1216404811,和达科技：和达科技续聘会计师事务所的公告,,True,签字注册会计师、项目质量控制复核人近三年不存在因执业行为受到刑事处罚， || 签字注册会计师、项目质量控制复核人不存在可能影响独立性的情形。4.审计
688300,2020-04-23,1207557040,联瑞新材：关于变更会计师事务所的公告,,True,字注册会计师以及项目质量控制复核人尚未确定具体人员。2.独立性和诚信记
688305,2024-04-12,1219582902,科德数控：科德数控关于变更项目合伙人及签字注册会计师的公告,,True,任5家上市公司的质量控制复核人，具备相应的专业胜任能力。（二）诚信
688303,2022-03-16,1212581269,大全能源：大全能源关于续聘德勤华永会计师事务所（特殊普通合伙）为公司2022年度审计机构的公告,,True,供审计专业服务。质量控制复核人，虞扬先生，自1999年加入德勤，自
688303,2023-03-16,1216128811,大全能源：大全能源关于续聘德勤华永会计师事务所（特殊普通合伙）为公司2023年度审计机构的公告,,True,供审计专业服务。质量控制复核人，虞扬先生，现为中国注册会计师协会执
688306,2024-04-19,1219674438,均普智能：宁波均普智能制造股份有限公司关于续聘2023年度会计师事务所的公告,,True,人签字注册会计师项目质量复核人员姓名曹智春钟英才李明明何时成为注册会 || 签字注册会计师、项目质量复核人员近三年不存在因执业行为受到刑事处罚， || 签字注册会计师、项目质量控制复核人不存在可能影响独立性的情形。4、审计
688306,2023-04-20,1216479736,均普智能：宁波均普智能制造股份有限公司关于续聘2023年度会计师事务所的公告,,True,签字注册会计师、项目质量控制复核人近三年存在因执业行为受到刑事处罚，受 || 签字注册会计师、项目质量控制复核人不存在可能影响独立性的情形。4、审计
688306,2022-04-21,1213001896,均普智能：宁波均普智能制造股份有限公司关于续聘2022年度会计师事务所的公告,,True,020年：李明明复核人2010年2012年2008年/签署 || 签字注册会计师、项目质量控制复核人近三年不存在因执业行为受到刑事处罚， || 签字注册会计师、项目质量控制复核人等不存在可能影响独立性的情形。4、审
688310,2024-04-27,1219885819,迈得医疗：迈得医疗工业设备股份有限公司关于续聘会计师事务所的公告,,True,年2021年8家复核人2、诚信记录项目合伙人、签字注册会计 || 签字注册会计师、项目质量控制复核人近三年不存在因执业行为受到刑事处罚， || 签字注册会计师、项目质量控制复核人不存在可能影响独立性的情形。4、审计
688310,2021-04-20,1209728616,迈得医疗：迈得医疗工业设备股份有限公司关于续聘会计师事务所的公告,,True,年2021年5家复核人2、诚信记录2项目合伙人、签字注册会 || 签字注册会计师、项目质量控制复核人近三年存在因执业行为受到刑事处罚，受 || 签字注册会计师、项目质量控制复核人不存在可能影响独立性的情形。4、审计
688312,2022-04-19,1212965233,燕麦科技：关于续聘会计师事务所的公告,,True,签字注册会计师、项目质量控制复核人近三年不存在因执业行为受到刑事处罚， || 签字注册会计师、项目质量控制复核人不存在可能影响独立性的情形。4、审计
688312,2021-04-13,1209678337,燕麦科技：关于续聘会计师事务所的公告,,True,签字注册会计师、项目质量控制复核人近三年不存在因执业行为受到刑事处罚， || 签字注册会计师、项目质量控制复核人不存在可能影响独立性的情形。4、审计
688310,2023-04-27,1216617020,迈得医疗：迈得医疗工业设备股份有限公司关于续聘会计师事务所的公告,,True,年2021年9家复核人2、诚信记录项目合伙人、签字注册会计 || 签字注册会计师、项目质量控制复核人近三年存在因执业行为受到刑事处罚，受 || 签字注册会计师、项目质量控制复核人不存在可能影响独立性的情形。4、审计
688310,2020-04-25,1207605487,迈得医疗：关于续聘公司财务审计机构的公告,,True,棣注册会计师无是复核人务所质量控制复核工作。本期签字200
688312,2024-04-25,1219798198,燕麦科技：关于续聘会计师事务所的公告,,True,6年2022年制复核人华生科技2021年度审计报告；202 || 签字注册会计师、项目质量控制复核人近三年不存在因执业行为受到刑事处罚， || 签字注册会计师、项目质量控制复核人不存在可能影响独立性的情形。4、审计
688312,2023-04-28,1216671646,燕麦科技：关于续聘会计师事务所的公告,,True,迪凯、华生科技制复核人2020年度审计报告；2020年度签 || 签字注册会计师、项目质量控制复核人近三年不存在因执业行为受到刑事处罚， || 签字注册会计师、项目质量控制复核人不存在可能影响独立性的情形。4、审计
688317,2023-04-21,1216487567,之江生物：之江生物：关于续聘2023年度审计机构的公告,,True,年1月2022年复核人市公司审计报告2、诚信记录项目合伙人 || 签字注册会计师、项目质量控制复核人近三年不存在因执业行为受到刑事处罚， || 签字注册会计师、项目质量控制复核人不存在可能影响独立性的情形。4、审计
688317,2022-04-22,1213018614,之江生物：关于续聘2022年度审计机构的公告,,True,年签署过6吴晓辉质量控制复核人2000年2000年2022年1月2 || 签字注册会计师、项目质量控制复核人近三年不存在因执业行为受到刑事处罚， || 签字注册会计师、项目质量控制复核人不存在可能影响独立性的情形。4、审计
688317,2024-04-22,1219728731,之江生物：之江生物：关于续聘2024年度会计师事务所的公告,,True,签字注册会计师、项目质量控制复核人近三年不存在因执业行为受到刑事处罚， || 签字注册会计师、项目质量控制复核人不存在可能影响独立性的情形。4、审计
688320,2024-04-26,1219841029,禾川科技：浙江禾川科技股份有限公司关于续聘2024年度审计机构的公告,,True,签字注册会计项目质量复核人基本信息项目合伙人师员姓名胡青杨天将 || 签字注册会计师、项目质量复核人员近三年不存在因执业行为受到刑事处罚， || 签字注册会计师、项目质量复核人员不存在可能影响独立性的情形。4.审计
688322,2023-01-19,1215648997,奥比中光：关于续聘2022年度会计师事务所的公告,,True,核凯恩股份、凯伦复核人股份、浙江医药等2021年度审计报告 || 签字注册会计师、项目质量控制复核人近三年不存在因执业行为受到刑事处罚， || 签字注册会计师、项目质量控制复核人不存在可能影响独立性的情形。（三）审
688320,2023-04-28,1216671686,禾川科技：浙江禾川科技股份有限公司关于续聘2023年度审计机构的公告,,True,签字注册会计师、项目质量控制复核人近三年不存在因执业行为受到刑事处罚， || 签字注册会计师、项目质量控制复核人不存在可能影响独立性的情形。4.审计
688323,2024-03-23,1219388784,瑞华泰：瑞华泰关于续聘2024年度审计机构的公告,,True,拟安排汤艳群担任项目质量复核人员；汤艳群，2000年取得中国注册会计 || 签字注册会计师及质量复核人员近三年不存在因执业行为受到刑事处罚， || 签字注册会计师及质量复核人员不存在违反《中国注册会计师职业道德守
688323,2023-03-18,1216147371,瑞华泰：瑞华泰关于续聘2023年度审计机构的公告,,True,拟安排汤艳群担任项目质量复核人员；汤艳群，2000年取得中国注册会计 || 签字注册会计师及质量复核人员近三年不存在因执业行为受到刑事处罚， || 签字注册会计师及质量复核人员不存在违反《中国注册会计师职业道德守
688322,2024-04-09,1219538207,奥比中光：关于续聘2024年度会计师事务所的公告,,True,凯伦股份、奥比中复核人光等上市公司2022年度审计报告；2 || 签字注册会计师、项目质量控制复核人近三年不存在因执业行为受到刑事处罚， || 签字注册会计师、项目质量控制复核人不存在可能影响独立性的情形。（三）审
688322,2023-08-30,1217701925,奥比中光：关于续聘2023年度会计师事务所的公告,,True,凯伦股份、浙江医复核人药等上市公司2021年度审计报告；2 || 签字注册会计师、项目质量控制复核人近三年不存在因执业行为受到刑事处罚， || 签字注册会计师、项目质量控制复核人不存在可能影响独立性的情形。（三）审
688325,2024-04-16,1219622931,赛微微电：关于续聘公司2024年度财务审计机构及内控审计机构的公告,,True,签字注册会计师、项目质量控制复核人基本信息如下：项目组成员姓名职业资质 || 公司提供审计服制复核人务，近三年签署上市公司审计报告3家， || 签字注册会计师、项目质量控制复核人近三年不存在因执业行为受到刑事处罚， || 签字注册会计师、项目质量控制复核人等不存在可能影响独立性的情形。（三）
688325,2023-04-21,1216497857,赛微微电：关于续聘公司2023年度审计机构的公告,,True,签字注册会计师、项目质量控制复核人基本信息如下：项目组成员姓名职业资质 || 计师，2007制复核人年开始从事上市公司审计，2007年开 || 签字注册会计师、项目质量控制复核人近三年不存在因执业行为受到刑事处罚， || 签字注册会计师、项目质量控制复核人等不存在可能影响独立性的情形。（三）
688327,2022-11-30,1215231967,云从科技：云从科技关于续聘会计师事务所的公告,,True,人签字注册会计师项目质量控制复核人姓名张瑞穆雪飞龙娇成为注册会计师时间
688327,2023-09-29,1217983044,云从科技：关于续聘审计机构的公告,,True,人签字注册会计师项目质量控制复核人姓名张瑞穆雪飞龙娇成为注册会计师时间 || 签字注册会计师、项目质量控制复核人近三年未因执业行为受到刑事处罚，受到
688327,2022-12-05,1215276244,云从科技：云从科技关于续聘2022年度内部控制审计机构的公告,,True,人签字注册会计师项目质量控制复核人姓名张瑞穆雪飞龙娇成为注册会计师时间
688332,2023-04-14,1216404576,中科蓝讯：关于续聘公司2023年度审计机构的公告,,True,签字注册会计师、项目质量控制复核人近三年不存在因执业行为受到刑事处罚， || 签字注册会计师、项目质量控制复核人不存在可能影响独立性的情形。4、审计
688335,2023-03-31,1216281055,复洁环保：关于续聘会计师事务所的公告,,True,签字注册会计师、项目质量控制复核人近三年不存在因执业行为受到刑事处罚， || 签字注册会计师、项目质量控制复核人不存在可能影响独立性的情形。4、审计
688335,2022-04-23,1213045604,复洁环保：关于续聘会计师事务所的公告,,True,签字注册会计师、项目质量控制复核人近三年不存在因执业行为受到刑事处罚， || 签字注册会计师、项目质量控制复核人不存在可能影响独立性的情形。4、审计
688343,2023-04-29,1216711968,云天励飞：关于续聘2023年度审计机构的公告,,True,签字注册会计师、项目质量控制复核人近三年不存在因执业行为受到刑事处罚， || 签字注册会计师、项目质量控制复核人不存在可能影响独立性的情形。4、审计
688339,2024-06-08,1220301757,亿华通：亿华通  关于变更拟聘任会计师事务所的公告,,True,年5月2024年复核人和（1）.项目合伙人近三年从业情况项 || 投资股份有限公司质量控制复核人2021年宁夏中银绒业股份有限公司质 || 绒业股份有限公司质量控制复核人2022年长航凤凰股份有限公司质量控 || 凤凰股份有限公司质量控制复核人2022年北京盛通印刷股份有限公司质 || 印刷股份有限公司质量控制复核人2023年华润化学材料科技股份有限公 || 册会计师（3）.质量控制复核人近三年从业情况：质量控制复核人姓名：
688348,2024-04-23,1219746695,昱能科技：关于续聘会计师事务所的公告,,True,物流、浙江富润等复核人年度审计报告2、诚信记录项目合伙人、 || 签字注册会计师、项目质量控制复核人近三年存在因执业行为受到刑事处罚，受 || 签字注册会计师、项目质量控制复核人不存在可能影响独立性的情形。4、审计
688348,2023-04-26,1216596956,昱能科技：昱能科技股份有限公司关于续聘会计师事务所的公告,,True,物流、浙江富润等复核人年度审计报告2、诚信记录项目合伙人、 || 签字注册会计师、项目质量控制复核人近三年存在因执业行为受到刑事处罚，受 || 签字注册会计师、项目质量控制复核人不存在可能影响独立性的情形。4、审计
688349,2023-04-29,1216712015,三一重能：三一重能关于续聘2023年度审计机构的公告,,True,签字注册会计师、项目质量控制复核人近三年未发现其存在不良诚信记录，无因 || 签字注册会计师、项目质量控制复核人等不存在违反《中国注册会计师职业道德
688350,2023-04-20,1216477118,富淼科技：江苏富淼科技股份有限公司续聘会计师事务所公告,,True,022年-陈达华质量控制复核人2007年2003年2016年9月2 || 签字注册会计师、项目质量控制复核人近三年不存在因执业行为受到刑事处罚， || 签字注册会计师、项目质量控制复核人不存在可能影响独立性的情形。4.审计
688349,2024-04-30,1219920645,三一重能：三一重能关于续聘2024年度审计机构的公告,,True,签字注册会计师、项目质量控制复核人近三年未发现其存在不良诚信记录，无因 || 签字注册会计师、项目质量控制复核人等不存在违反《中国注册会计师职业道德
688350,2024-04-03,1219505221,富淼科技：江苏富淼科技股份有限公司续聘会计师事务所公告,,True,022年1陈达华质量控制复核人2007年2003年2016年9月2 || 签字注册会计师、项目质量控制复核人近三年不存在因执业行为受到刑事处罚， || 签字注册会计师、项目质量控制复核人不存在可能影响独立性的情形。4.审计
688352,2024-04-19,1219672248,颀中科技：合肥颀中科技股份有限公司关于续聘公司2024年度会计师事务所的公告,,True,签字注册会计师、项目质量控制复核人基本信息如下：项目组成员姓名职业资质 || 签字注册会计师、项目质量控制复核人近三年不存在因执业行为受到刑事处罚， || 签字注册会计师、项目质量控制复核人等不存在可能影响独立性的情形。4.审
688352,2023-06-03,1216978952,颀中科技：合肥颀中科技股份有限公司关于续聘会计师事务所的公告,,True,签字注册会计师、项目质量控制复核人基本信息如下：项目组成员姓名职业资质 || 签字注册会计师、项目质量控制复核人近三年因执业行为受到刑事处罚，受到证 || 签字注册会计师、项目质量控制复核人等不存在可能影响独立性的情形。4.审
688360,2023-04-19,1216454732,德马科技：德马科技关于续聘会计师事务所的公告,,True,市公司审计报告。项目质量控制复核人：王其超，2001年成为注册会计师、 || 签字注册会计师、项目质量控制复核人近三年不存在因执业行为受到刑事处罚， || 签字注册会计师、项目质量控制复核人不存在可能影响独立性的情形。4.审计
688360,2022-04-18,1212951666,德马科技：德马科技关于续聘会计师事务所的公告,,True,市公司审计报告。项目质量控制复核人：王其超，2001年成为注册会计师、 || 签字注册会计师、项目质量控制复核人近三年不存在因执业行为受到刑事处罚， || 签字注册会计师、项目质量控制复核人不存在可能影响独立性的情形。4.审计
688362,2024-04-19,1219669728,甬矽电子：关于续聘2024年会计师事务所的公告,,True,人签字注册会计师项目质量复核人员姓名陆俊洁顾嫣萍李联何时成为注册会2 || 签字注册会计师、项目质量控制复核人近三年不存在因执业行为受到刑事处罚， || 签字注册会计师、项目质量控制复核人不存在可能影响独立性的情形。4、审计
688362,2023-04-21,1216497982,甬矽电子：甬矽电子关于续聘2023年会计师事务所的公告,,True,签字注册会计师、项目质量控制复核人近三年不存在因执业行为受到刑事处罚， || 签字注册会计师、项目质量控制复核人不存在可能影响独立性的情形。4、审计
688367,2024-04-26,1219822420,工大高科：工大高科关于续聘会计师事务所的公告,,True,签字注册会计项目质量复核人基本信息项目合伙人师员姓名马章松吴向 || 签字注册会计师、项目质量复核人员近三年不存在因执业行为受到刑事处罚， || 签字注册会计师、项目质量复核人员不存在可能影响独立性的情形。4.审计
688367,2023-04-27,1216623249,工大高科：工大高科关于续聘会计师事务所的公告,,True,签字注册会计师、项目质量控制复核人近三年不存在因执业行为受到刑事处罚， || 签字注册会计师、项目质量控制复核人不存在可能影响独立性的情形。4.审计
688370,2023-04-28,1216643241,丛麟科技：上海丛麟环保科技股份有限公司关于续聘2023年度审计机构的公告,,True,关服黄婵娟无9年复核人会计师务，曾负责审计和复核多家上市公 || 签字注册会计师、项目质量控制复核人近三年不存在因执业行为受到刑事处罚， || 签字注册会计师、项目质量控制复核人能够在执行本项目审计工作时保持独立性
688372,2024-03-22,1219375348,伟测科技：关于续聘会计师事务所的公告,,True,人签字注册会计师项目质量复核人员姓名曹俊炜汪婷张芹何时成为注册会计师 || 签字注册会计师、项目质量复核人员近三年不存在因执业行为受到刑事处罚， || 签字注册会计师、项目质量复核人员不存在可能影响独立性的情形。4、审计
688372,2023-04-21,1216493610,伟测科技：关于续聘会计师事务所的公告,,True,签字注册会计师、项目质量控制复核人近三年不存在因执业行为受到刑事处罚， || 签字注册会计师、项目质量控制复核人不存在可能影响独立性的情形。4、审计
688377,2021-03-31,1209484423,迪威尔：迪威尔关于续聘会计师事务所的公告,,True,人签字注册会计师质量控制复核人项目王震张飞云周航英何时成为注册会计 || 等年度审计报告；质量控制复核人周航英近三年复核了通用股份(6015 || 签字注册会计师、项目质量控制复核人近三年（最近三个完整自然2年度及当年 || 签字注册会计师、项目质量控制复核人均不存在违反《中国注册会计师职业道德
688375,2023-04-12,1216383053,国博电子：南京国博电子股份有限公司关于续聘2023年度财务审计机构及内控审计机构的公告,,True,审计报告，复核了复核人晶科能源、东微半导等上市公司审计报告 || 签字注册会计师、项目质量控制复核人近三年不存在因执业行为受到证监会派出 || 签字注册会计师、项目质量控制复核人等从业人员不存在违反《中国注册会计师
688379,2023-04-12,1216382509,华光新材：华光新材关于续聘2023年度审计机构的公告,,True,20年11陈晓华质量控制复核人2001年1999年2022年5月2 || 签字注册会计师、项目质量控制复核人近三年不存在因执业行为受到刑事处罚， || 签字注册会计师、项目质量控制复核人不存在可能影响独立性的情形。4、审计
688379,2022-04-26,1213110120,华光新材：华光新材关于续聘2022年度审计机构的公告,,True,022年无陈晓华质量控制复核人2001年2001年2020年11月 || 签字注册会计师、项目质量控制复核人近三年不存在因执业行为受到刑事处罚， || 签字注册会计师、项目质量控制复核人不存在可能影响独立性的情形。4、审计
688380,2023-09-28,1217970142,中微半导：关于续聘2023年度审计机构的公告,,True,签字注册会计师、项目质量控制复核人近三年不存在因执业行为受到刑事处罚， || 签字注册会计师、项目质量控制复核人不存在可能影响独立性的情形。4、审计
688379,2024-03-30,1219475098,华光新材：华光新材关于续聘2024年度审计机构的公告,,True,20年11陈晓华质量控制复核人2001年1999年2022年7月2 || 签字注册会计师、项目质量控制复核人近三年不存在因执业行为受到刑事处罚， || 签字注册会计师、项目质量控制复核人不存在可能影响独立性的情形。4、审计
688385,2024-03-23,1219389556,复旦微电：关于续聘会计师事务所公告,,True,电子设备制造业。质量控制复核人：顾沈为先生，中国注册会计师执业会员 || 签字注册会计师、项目质量控制复核人近三年未因执业行为受到刑事处罚，受到 || 签字注册会计师、项目质量控制复核人等不存在违反《中国注册会计师职业道德
688383,2022-04-26,1213121922,新益昌：深圳新益昌科技股份有限公司关于续聘会计师事务所的公告,,True,00年2021年复核人镇海股份2、诚信记录2019年9月1
688381,2023-04-22,1216515420,帝奥微：关于续聘会计师事务所的公告,,True,电子股份有限公司复核合伙人2021年江阴市恒润重工股份有限公司
688383,2023-04-28,1216672113,新益昌：深圳新益昌科技股份有限公司关于续聘会计师事务所的公告,,True,00年2021年复核人年镇海股份2、诚信记录项目合伙人、签 || 签字注册会计师、项目质量控制复核人近三年不存在因执业行为受到刑事处罚， || 签字注册会计师、项目质量控制复核人不存在可能影响独立性的情形。4、审计
688385,2023-03-22,1216180984,复旦微电：关于续聘会计师事务所公告,,True,电子设备制造业。质量控制复核人：顾沈为先生，中国注册会计师执业会员 || 签字注册会计师、项目质量控制复核人近三年未因执业行为受到刑事处罚，受到 || 签字注册会计师、项目质量控制复核人等不存在违反《中国注册会计师职业道德
688389,2022-04-16,1212943464,普门科技：深圳普门科技股份有限公司关于续聘2022年度审计机构的公告,,True,签字注册会计师、项目质量控制复核人近三年不存在因执业行为受到刑事处罚， || 签字注册会计师、项目质量控制复核人不存在可能影响独立性的情形。4.审计
688389,2021-03-20,1209417708,普门科技：深圳普门科技股份有限公司关于续聘2021年度审计机构的公告,,True,签字注册会计师、项目质量控制复核人近三年不存在因执业行为受到刑事处罚， || 签字注册会计师、项目质量控制复核人不存在可能影响独立性的情形。4.审计
688390,2023-07-29,1217415791,固德威：关于续聘2023年度会计师事务所的公告,,True,胜任能力。拟质控复核人陈翔，2000年取得注册会计师资格， || 施、纪律处分。拟项目质量控制复核人陈翔近三年未因执业行为受到刑事处罚、 || 签字注册会计师、项目质量控制复核人不存在可能违反《中国注册会计师职业道
688390,2022-10-29,1214967705,固德威：关于变更会计师事务所的公告,,True,业胜任能力。质控复核人陈翔，2000年取得注册会计师资格， || 注册会计师卢勇、项目质量控制复核人陈翔近三年未因执业行为受到刑事处罚、 || 签字注册会计师、项目质量控制复核人不存在可能违反《中国注册会计师职业道
688389,2023-04-28,1216672171,普门科技：深圳普门科技股份有限公司关于续聘2023年度审计机构的公告,,True,签字注册会计师、项目质量控制复核人近三年不存在因执业行为受到刑事处罚， || 签字注册会计师、项目质量控制复核人不存在可能影响独立性的情形。4.审计
688391,2023-04-29,1216698091,钜泉科技：钜泉光电科技（上海）股份有限公司关于续聘会计师事务所的公告,,True,年2021年公司质量控制复核人2、诚信记录项目合伙人、签字注册会计 || 签字注册会计师、项目质量控制复核人近三年未因执业行为受到刑事处罚，受到 || 签字注册会计师和质量控制复核人不存在违反《中国注册会计师职业道德守
688393,2023-04-21,1216496196,安必平：关于续聘会计师事务所的公告,,True,021年2谢贤庆质量控制复核人2003年2003年2003年7月2 || 签字注册会计师、项目质量控制复核人近三年不存在因执业行为受到刑事处罚， || 签字注册会计师、项目质量控制复核人不存在可能影响独立性的情形。二、审计
688393,2022-04-02,1212811047,安必平：关于续聘会计师事务所的公告,,True,021年2谢贤庆质量控制复核人2003年2003年2003年7月2 || 签字注册会计师、项目质量控制复核人近三年不存在因执业行为受到刑事处罚， || 签字注册会计师、项目质量控制复核人不存在可能影响独立性的情形。二、审计 || 签字注册会计师及项目质量控制复核人具有相应的从业经历并具备相应的专业胜
688393,2024-04-23,1219739009,安必平：关于续聘会计师事务所的公告,,True,021年2谢贤庆质量控制复核人2003年2003年2003年7月2 || 签字注册会计师、项目质量控制复核人近三年存在因执业行为受到刑事处罚，受 || 签字注册会计师、项目质量控制复核人不存在可能影响独立性的情形。二、审计
688396,2023-04-28,1216672181,华润微：关于聘任公司2023年度审计机构的公告,,True,月2023年4月质量控制复核人肖常和2006年5月2007年12月 || 工业股份有限公司质量控制复核人2020年交控科技股份有限公司质量控 || 科技股份有限公司质量控制复核人2021年北京中迪投资股份有限公司质 || 投资股份有限公司质量控制复核人2021年宁夏中银绒业股份有限公司质 || 绒业股份有限公司质量控制复核人3时间上市公司名称职务2022年长航 || 凤凰股份有限公司质量控制复核人2022年北京盛通印刷股份有限公司质
688396,2024-04-26,1219838612,华润微：关于聘任公司2024年度审计机构的公告,,True,投资股份有限公司质量控制复核人2021年宁夏中银绒业股份有限公司质 || 绒业股份有限公司质量控制复核人2022年长航凤凰股份有限公司质量控 || 凤凰股份有限公司质量控制复核人32022年北京盛通印刷股份有限公司 || 印刷股份有限公司质量控制复核人2023年华润化学材料科技股份有限公 || 注册会计师（3）质量控制复核人近三年从业情况：姓名：肖常和时间上市 || 科技股份有限公司质量控制复核人2、项目组成员独立性和诚信记录情况。
688401,2024-04-26,1219838644,路维光电：路维光电关于续聘2024年度审计机构的公告,,True,14年2022年复核人复核3家2、诚信记录项目合伙人、签字 || 签字注册会计师、项目质量控制复核人近三年不存在因执业行为受到刑事处罚， || 签字注册会计师、项目质量控制复核人等不存在可能影响独立性的情形。4、审
688400,2023-04-26,1216582683,凌云光：关于续聘会计师事务所的公告,,True,签字注册会计师、项目质量控制复核人近三年不存在因执业行为受到刑事处罚， || 签字注册会计师、项目质量控制复核人不存在可能影响独立性的情形。（三）审
688401,2023-04-25,1216553404,路维光电：路维光电关于续聘2023年度审计机构的公告,,True,022年复核1家复核人2、诚信记录以上项目合伙人、签字注册 || 签字注册会计师、项目质量控制复核人近三年不存在因执业行为受到刑事处罚， || 签字注册会计师、项目质量控制复核人等不存在可能影响独立性的情形。4、审
688400,2024-04-30,1219920745,凌云光：关于续聘会计师事务所的公告,,True,未确定具体人选。项目质量控制复核人近三年不存在因执业行为受到刑事处罚， || 签字注册会计师、项目质量控制复核人不存在可能影响独立性的情形。（三）审
688403,2023-04-21,1216498058,汇成股份：汇成股份关于续聘2023年度审计机构的公告,,True,2019年不适用复核人2022年度审计报告2、诚信记录项目 || 签字注册会计师、项目质量控制复核人近三年不存在因执业行为受到刑事处罚， || 签字注册会计师、项目质量控制复核人在执行本项目审计工作时保持独立性，不
688403,2024-04-20,1219705967,汇成股份：关于续聘2024年度会计师事务所的公告,,True,审计执业审计服务复核人度审计报告；2023年签署九州一轨2 || 签字注册会计师、项目质量控制复核人及其他项目组成员近三年不存在因执业行 || 签字注册会计师、项目质量控制复核人及其他项目组成员不存在可能影响独立性
688418,2022-04-29,1213226680,震有科技：关于续聘2022年度审计机构的公告,,True,签字注册会计师、项目质量控制复核人近三年不存在因执业行为受到刑事处罚， || 签字注册会计师、项目质量控制复核人不存在可能影响独立性的情形。4、审计
688418,2021-04-28,1209845361,震有科技：关于续聘2021年度审计机构的公告,,True,署太辰光2018复核人年度审计报告。2、诚信记录项目合伙人 || 签字注册会计师、项目质量控制复核人近三年不存在因执业行为受到刑事处罚， || 签字注册会计师、项目质量控制复核人不存在可能影响独立性的情形。4、审计
688425,2023-03-31,1216281131,铁建重工：中国铁建重工集团股份有限公司关于续聘会计师事务所的公告,,True,服务业等。（3）质量控制复核人从业情况姓名：王首一中国注册会计师， || 签字注册会计师和质量控制复核人不存在违反《中国注册会计师职业道德守
688418,2024-04-30,1219924030,震有科技：关于续聘2024年度审计机构的公告,,True,签字注册会计师、项目质量复核人员近三年存在因执业行为受到刑事处罚，受 || 签字注册会计师、项目质量复核人员不存在可能影响独立性的情形。4、审计
688418,2023-04-07,1216345562,震有科技：关于续聘2023年度审计机构的公告,,True,1年度审计报告。复核人2、诚信记录项目合伙人、签字注册会计 || 签字注册会计师、项目质量控制复核人近三年存在因执业行为受到刑事处罚，受 || 签字注册会计师、项目质量控制复核人不存在可能影响独立性的情形。4、审计
688433,2024-04-26,1219838779,华曙高科：关于续聘会计师事务所的公告,,True,人签字注册会计师项目质量复核人员姓名李新葵邓梦婕项巍巍何时成为注册会 || 签字注册会计师、项目质量复核人员近三年不存在因执业行为受到刑事处罚， || 签字注册会计师、项目质量复核人员不存在可能影响独立性的情形。二、审计
688439,2023-12-09,1218566363,振华风光： 贵州振华风光半导体股份有限公司关于续聘会计师事务所的公告,,True,2015年20份复核人2.诚信记录情况拟签字项目合伙人、签 || 签字注册会计师及项目质量控制复核人员近三年不存在因执业行为受到刑事处罚 || 签字注册会计师和质量控制复核人不存在违反《中国注册会计师职业道德守
688435,2024-04-25,1219797385,英方软件：关于续聘2024年度审计机构的公告,,True,签字注册会计项目质量复核人基本信息项目合伙人师员姓名邓德祥艾锋 || 签字注册会计师、项目质量复核人员近三年不存在因执业行为受到刑事处罚， || 签字注册会计师、项目质量复核人员不存在可能影响独立性的情形。4、审计
688435,2023-04-26,1216582805,英方软件：关于续聘2023年度财务审计机构的公告,,True,签字注册会计师、项目质量控制复核人近三年不存在因执业行为受到刑事处罚， || 签字注册会计师、项目质量控制复核人不存在可能影响独立性的情形。34、审
688480,2023-12-22,1218686777,赛恩斯：赛恩斯环保股份有限公司关于拟续聘会计师事务所的公告,,True,3年签署二年年年复核人家上市公司2022年度审计报告，担任 || 2年度审计报告的质量控制复核人2、诚信记录项目合伙人、签字注册会计 || 签字注册会计师、项目质量控制复核人近三年不存在因执业行为受到刑事处罚， || 签字注册会计师、项目质量控制复核人不存在可能影响独立性的情形。4、审计
688488,2022-12-31,1215496771,艾迪药业：艾迪药业关于续聘会计师事务所的公告,,True,审计报告。（2）质量控制复核人：朱佳绮执业资质：中国注册会计师20
688488,2021-01-08,1209064975,艾迪药业：关于续聘会计师事务所的公告,,True,胜任能力。（2）质量控制复核人：朱丹丹执业资质：中国注册会计师自2
688488,2021-12-25,1212015932,艾迪药业：艾迪药业关于续聘会计师事务所的公告,,True,胜任能力。（2）质量控制复核人：朱佳绮执业资质：中国注册会计师22
688485,2023-11-09,1218282080,九州一轨：北京九州一轨环境科技股份有限公司关于续聘公司2023年度审计机构的公告,,True,2023复核均普复核人智能、中谷物流2022年度审计报告2 || 签字注册会计师、项目质量控制复核人近三年不存在因执业行为受到刑事处罚， || 签字注册会计师、项目质量控制复核人不存在可能影响独立性的情形。4、审计
688509,2021-11-09,1211530928,正元地信：正元地信关于变更会计师事务所的公告,,True,审计报告。（3）质量控制复核人姓名：王红梅执业资质：中国注册会计师 || 本公司审计项目的项目质量控制复核人；近三年未签署过上市公司审计报告，复 || 签字注册会计师、项目质量控制复核人近三年均不存在因执业行为受到刑事处罚 || 注册会计师石磊、项目质量控制复核人王红梅不存在可能影响独立性的情形。4
688509,2022-06-06,1213612772,正元地信：正元地信关于续聘会计师事务所的公告,,True,审计报告。（3）质量控制复核人姓名：王红梅执业资质：中国注册会计师 || 签字注册会计师、项目质量控制复核人近三年均不存在因执业行为受到刑事处罚 || 注册会计师石磊、项目质量控制复核人王红梅不存在可能影响独立性的情形。4
688511,2022-03-28,1212699136,天微电子：关于续聘公司2022年度会计师事务所的公告,,True,等。（4）拟安排质量控制复核人员：廖群，注册会计师，注册时间为20 || 李星星、叶梓歆和项目质量控制复核人廖群最近三年未因执业受到刑事处罚、行 || 签字注册会计师、项目质量控制复核人不存在影响项目独立性的情况。4.审计
688512,2024-04-29,1219892555,慧智微：关于公司续聘2024年度审计机构的公告,,True,项目基本信息项目质量复核人基本信息项目合伙人签字注册会计师员姓 || 签字注册会计师、项目质量复核人员近三年不存在因执业行为受到刑事处罚， || 签字注册会计师、项目质量复核人员不存在可能影响独立性的情形。3、审计
688511,2023-03-24,1216202751,天微电子：关于续聘公司2023年度会计师事务所的公告,,True,等。（4）拟安排质量控制复核人员：廖群，注册会计师，注册时间为20 || 李星星、汪红君和项目质量控制复核人廖群最近三年未因执业受到刑事处罚、行 || 签字注册会计师、项目质量控制复核人不存在影响项目独立性的情况。4、审计
688513,2021-12-08,1211836337,苑东生物：苑东生物：关于续聘会计师事务所的公告,,True,市公司审计报告。项目质量控制复核人：王其超，2001年成为注册会计师， || 签字注册会计师和质量控制复核人不存在违反《中国注册会计师职业道德守 || 项目合伙人黄平、质量控制复核人王其超、签字注册会计师黄婵娟及方钢等 || 签字注册会计师及项目质量控制负责人具有相应的从业经历并具备相应的专业胜
688511,2024-04-27,1219886531,天微电子：关于续聘公司2024年度会计师事务所的公告,,True,等。（4）拟安排质量控制复核人员：张美琳：注册会计师注册时间为20 || 李星星、汪红君和项目质量控制复核人张美琳最近三年未因执业受到刑事处罚、 || 签字注册会计师、项目质量控制复核人不存在影响项目独立性的情况。4、审计
688516,2021-03-16,1209385437,奥特维：关于续聘立信中联会计师事务所（特殊普通合伙）为公司2021年度审计机构的公告-2021-012,,True,审计报告。（3）质量控制复核人：邓超合伙人，2003年成为注册会计 || 签字注册会计师、项目质量控制复核人近三年不存在因执业行为受到刑事处罚， || 签字注册会计师、项目质量控制复核人等不存在可能影响独立性的情形。4.审
688516,2022-04-15,1212924878,奥特维：关于续聘立信中联会计师事务所（特殊普通合伙）为公司2022年度审计机构的公告,,True,审计服务。（3）质量控制复核人：邓超合伙人，2003年成为注册会计 || 签字注册会计师、项目质量控制复核人近三年不存在因执业行为受到刑事处罚， || 签字注册会计师、项目质量控制复核人等不存在可能影响独立性的情形。4.审
688516,2024-03-26,1219401825,奥特维：无锡奥特维科技股份有限公司关于续聘会计师事务所的公告,,True,审计服务。（3）质量控制复核人：邓超合伙人，2003年成为注册会计 || 签字注册会计师、项目质量控制复核人近三年不存在因执业行为受到刑事处罚， || 签字注册会计师、项目质量控制复核人等不存在可能影响独立性的情形。4.审
688519,2022-12-23,1215427809,南亚新材：南亚新材关于续聘2022年度审计机构的公告,,True,04年2020年复核人2019年度审计报告；2019年，签
688519,2021-08-25,1210840238,南亚新材：南亚新材关于续聘2021年度审计机构的公告,,True,机电2018年度复核人审计报告；2018年，签署新宏泽、凯
688519,2023-08-03,1217453397,南亚新材：南亚新材关于续聘2023年度审计机构的公告,,True,06年2020年复核人恩股份2020年度审计报告；2020
688522,2024-04-20,1219697141,纳睿雷达：广东纳睿雷达科技股份有限公司关于续聘会计师事务所的公告,,True,签字注册会计师、项目质量控制复核人近三年不存在因执业行为受到刑事处罚， || 签字注册会计师、项目质量控制复核人不存在可能影响独立性的情形。4.审计
688525,2023-03-09,1216075140,佰维存储：关于续聘公司2022年度会计师事务所的公告,,True,海正生材等上市公复核人辉司年度审计报告2、诚信记录项目合伙 || 签字注册会计师、项目质量控制复核人近三年不存在因执业行为受到刑事处罚， || 签字注册会计师、项目质量控制复核人不存在可能影响独立性的情形。4、审计
688528,2021-04-28,1209845395,秦川物联：关于续聘会计师事务所公告,,True,职。（4）拟安排质量控制复核人员：何均中国注册会计师，1997年成 || 签字注册会计师和项目质量控制复核人最近三年未因执业行为受到刑事处罚，未 || 注册会计师、项目质量控制复核合伙人不存在违反《中国注册会计师职业道德守
688528,2022-04-28,1213162257,秦川物联：关于续聘会计师事务所公告,,True,职。（4）拟安排质量控制复核人员：张美琳中国注册会计师，2020年 || 签字注册会计师和项目质量控制复核人最近三年未因执业行为受到刑事处罚，未 || 注册会计师、项目质量控制复核合伙人不存在违反《中国注册会计师职业道德守
688522,2023-03-29,1216244236,纳睿雷达：广东纳睿雷达科技股份有限公司关于续聘会计师事务所的公告,,True,签字注册会计师、项目质量控制复核人近三年因执业行为受到刑事处罚，受到证 || 签字注册会计师、项目质量控制复核人不存在可能影响独立性的情形。4、审计
688528,2024-04-26,1219841620,秦川物联：关于聘任会计师事务所公告,,True,职。（4）拟安排质量控制复核人员：刘夏村中国注册会计师，2021年 || 签字注册会计师和项目质量控制复核人最近三年未因执业行为受到刑事处罚，未 || 注册会计师、项目质量控制复核合伙人不存在违反《中国注册会计师职业道德守
688528,2023-03-31,1216271897,秦川物联：关于续聘会计师事务所公告,,True,职。（4）拟安排质量控制复核人员：张美琳中国注册会计师，2020年 || 签字注册会计师和项目质量控制复核人最近三年未因执业行为受到刑事处罚，未 || 注册会计师、项目质量控制复核合伙人不存在违反《中国注册会计师职业道德守
688548,2024-03-26,1219405392,广钢气体：关于续聘公司2024年度审计机构的公告,,True,人签字注册会计师项目质量复核人员姓名曹创邱诗鹏杨晓夏何时成为注册会计
688553,2022-04-07,1212828930,汇宇制药：四川汇宇制药股份有限公司关于续聘会计师事务所的公告,,True,签字注册会计师、项目质量控制复核人近三年不存在因执业行为受到刑事处罚， || 签字注册会计师、项目质量控制复核人不存在可能影响独立性的情形。4.审计
688553,2024-04-27,1219886699,汇宇制药：关于续聘2024年度审计机构的公告,,True,人签字注册会计师项目质量复核人员姓名彭卓彭卓赵乙人黄巧梅何时成为注册 || 签字注册会计师、项目质量复核人员近三年不存在因执业行为受到刑事处罚， || 签字注册会计师、项目质量复核人员不存在可能影响独立性的情形。4.审计
688553,2023-04-06,1216336291,汇宇制药：四川汇宇制药股份有限公司关于续聘会计师事务所的公告,,True,签字注册会计师、项目质量控制复核人近三年不存在因执业行为受到刑事处罚， || 签字注册会计师、项目质量控制复核人不存在可能影响独立性的情形。4.审计
688555,2022-04-30,1213273744,泽达易盛：关于续聘公司2022年度审计机构的公告,,True,签字注册会计师、项目质量控制复核人近三年不存在因执业行为受到刑事处罚， || 签字注册会计师、项目质量控制复核人不存在可能影响独立性的情形。4.审计
688556,2021-07-21,1210527691,高测股份：关于续聘会计师事务所的公告,,True,市公司审计报告。项目质量控制复核人尹淑英：注册会计师，2002年12月
688555,2021-04-21,1209737448,泽达易盛：关于续聘公司2021年度审计机构的公告,,True,签字注册会计师、项目质量控制复核人近三年不存在因执业行为受到刑事处罚， || 签字注册会计师、项目质量控制复核人不存在可能影响独立性的情形。4.审计
688558,2024-04-20,1219706016,国盛智科：关于续聘会计师事务所的公告,,True,港、宝信软件、制复核人粤华包B、涪陵榨菜22、诚信记录项目 || 签字注册会计师、项目质量控制复核人近三年不存在因执业行为受到刑事处罚， || 签字注册会计师、项目质量控制复核人不存在可能影响独立性的情形。4、审计
688559,2022-10-31,1214976979,海目星：海目星：关于续聘会计师事务所的公告,,True,签字注册会计师、项目质量控制复核人近三年不存在因执业行为受到刑事处罚， || 签字注册会计师、项目质量控制复核人不存在可能影响独立性的情形。4、审计
688559,2021-04-30,1209880439,海目星：海目星关于续聘会计师事务所的公告,,True,签字注册会计师、项目质量控制复核人近三年存在因执业行为受到刑事处罚，受 || 签字注册会计师、项目质量控制复核人不存在可能影响独立性的情形。4、审计
688558,2023-04-13,1216389360,国盛智科：关于续聘会计师事务所的公告,,True,7年2021年制复核人港、宝信软件、粤华包B、涪陵2榨菜2 || 签字注册会计师、项目质量控制复核人近三年不存在因执业行为受到刑事处罚， || 签字注册会计师、项目质量控制复核人不存在可能影响独立性的情形。4、审计
688561,2020-10-30,1208652114,奇安信：关于续聘2020年度审计机构的公告,,True,力：是2、拟担任质量控制复核人（1）姓名：张昆（2）执业资质：注册 || 项目合伙人黄简、质量控制复核人张昆和拟签字注册会计师邹凯均不存在违
688560,2024-04-09,1219539681,明冠新材：明冠新材关于续聘公司2024年度会计师事务所的公告,,True,3年裕工业、健盛复核人集团等上市公司年度审计报告2、诚信记 || 签字注册会计师、项目质量控制复核人近三年不存在因执业行为受到刑事处罚， || 签字注册会计师、项目质量控制复核人不存在可能影响独立性的情形。4、审计
688560,2023-12-05,1218510114,明冠新材：明冠新材关于续聘公司2023年度审计机构的公告,,True,签字注册会计师、项目质量控制复核人近三年不存在因执业行为受到刑事处罚，
688560,2022-04-27,1213148521,明冠新材：明冠新材关于续聘公司2022年度审计机构的公告,,True,度审计报告；作为质量复核人复核浙江交科、泰福泵业、天龙股份、顾 || 签字注册会计师、项目质量控制复核人近三年不存在因执业行为受到刑事处罚，
688571,2021-03-12,1209370902,杭华股份：杭华股份关于续聘2021年度审计机构的公告,,True,签字注册会计师、项目质量控制复核人近三年不存在因执业行为受到刑事处罚， || 签字注册会计师、项目质量控制复核人不存在可能影响独立性的情形。4、审计
688571,2022-04-14,1212914062,杭华股份：杭华油墨股份有限公司关于续聘2022年度审计机构的公告,,True,签字注册会计师、项目质量控制复核人近三年不存在因执业行为受到刑事处罚， || 签字注册会计师、项目质量控制复核人不存在可能影响独立性的情形。4、审计
688576,2023-12-14,1218606809,西山科技：重庆西山科技股份有限公司关于续聘会计师事务所的公告,,True,签字注册会计师、项目质量控制复核人近三年不存在因执业行为受到刑事处罚， || 签字注册会计师、项目质量控制复核人等不存在违反《中国注册会计师职业道德
688571,2023-04-19,1216453993,杭华股份：杭华油墨股份有限公司关于续聘2023年度审计机构的公告,,True,签字注册会计师、项目质量控制复核人近三年不存在因执业行为受到刑事处罚， || 册会计师、项目3质量控制复核人不存在可能影响独立性的情形。4、审计
688577,2021-04-26,1209800660,浙海德曼：浙江海德曼智能装备股份有限公司关于续聘公司财务审计机构的公告,,True,签字注册会计师、项目质量控制复核人近三年不存在因执业行为受到刑事处罚， || 签字注册会计师、项目质量控制复核人不存在可能影响独立性的情形。4、审计
688577,2023-04-26,1216583300,浙海德曼：浙海德曼关于续聘会计师事务所的公告,,True,签字注册会计师、项目质量控制复核人近三年不存在因执业行为受到刑事处罚， || 签字注册会计师、项目质量控制复核人不存在可能影响独立性的情形。4、审计
688577,2024-04-30,1219921200,浙海德曼： 浙海德曼关于续聘会计师事务所的公告,,True,人签字注册会计师项目质量复核人员姓名陈素素丁淼黄巧梅何时成为注册会计 || 签字注册会计师、项目质量控制复核人近三年不存在因执业行为受到刑事处罚， || 签字注册会计师、项目质量控制复核人不存在可能影响独立性的情形。24、审
688577,2022-04-27,1213137655,浙海德曼：浙海德曼关于续聘会计师事务所的公告,,True,签字注册会计师、项目质量控制复核人近三年不存在因执业行为受到刑事处罚， || 签字注册会计师、项目质量控制复核人不存在可能影响独立性的情形。4、审计
688581,2024-04-23,1219739242,安杰思：安杰思关于续聘会计师事务所的公告,,True,人签字注册会计师项目质量复核人员姓名陈焱鑫孙海晖陈灵灵何时成为注册会 || 签字注册会计师、项目质量控制复核人近三年无执业行为受到刑事处罚，无受到 || 签字注册会计师、项目质量控制复核人等从业人员不存在违反《中国注册会计师
688581,2023-06-07,1217003470,安杰思：安杰思关于续聘2023年度审计机构的公告,,True,签字注册会计师、项目质量控制复核人近三年不存在因执业行为受到刑事处罚， || 签字注册会计师、项目质量控制复核人不存在可能影响独立性的情形。4.审计
688586,2023-03-15,1216117205,江航装备：江航装备关于续聘会计师事务所的公告,,True,审计报告。（3）质量控制复核人姓名：黄羽执业资质：中国注册会计师是
688586,2022-03-15,1212567629,江航装备：江航装备关于续聘会计师事务所的公告,,True,况：1家。（3）质量控制复核人姓名：唐卫强执业资质：中国注册会计师
688586,2021-08-31,1210928225,江航装备：江航装备关于变更会计师事务所公告,,True,报告情况。（3）质量控制复核人姓名：唐卫强执业资质：中国注册会计师
688588,2021-04-20,1209728747,凌志软件：凌志软件关于续聘会计师事务所的公告,,True,00）和公司3、质量控制复核人：李明执业资质：中国注册会计师。是否
688588,2020-05-23,1207852321,凌志软件：关于续聘2020年度审计机构的公告,,True,等上市公司审计的质量控制复核人。兼职情况：无。2.拟签字注册会计师 || 职情况：无。3.质量控制复核人姓名：林德伟执业资质：中国注册会计师 || 等上市公司审计的质量控制复核人。兼职情况：无4、独立性和诚信记录上
688588,2022-04-08,1212839974,凌志软件：凌志软件关于续聘会计师事务所的公告,,True,供审计服务。3、质量控制复核人：刘文华执业资质：中国注册会计师。是
688598,2023-04-21,1216493666,金博股份：金博股份关于续聘会计师事务所的公告,,True,签字注册会计师、项目质量控制复核人基本信息如下：项目合伙人及签字注册会 || 军及其团队拟担任项目质量控制复核人。王军从事证券服务业务多年，负责审计 || 签字注册会计师、项目质量控制复核人近三年不存在因执业行为受到刑事处罚， || 签字注册会计师、项目质量控制复核人等不存在可能影响独立性的情形。4、审
688589,2024-04-16,1219621010,力合微：关于续聘2024年度审计机构的公告,,True,人签字注册会计师项目质量复核人员姓名朱中伟梁瑛琳方国华何时成为注册会 || 签字注册会计师、项目质量控制复核人近三年不存在因执业行为受到刑事处罚， || 签字注册会计师、项目质量控制复核人不存在可能影响独立性的情形。4.审计
688595,2023-10-20,1218096816,芯海科技：关于续聘公司2023年度财务审计机构及内控审计机构的公告,,True,签字注册会计师、项目质量控制复核人近三年不存在因执业行为受到刑事处罚， || 签字注册会计师、项目质量控制复核人不存在可能影响独立性的情形。（三）审
688598,2024-04-29,1219892754,金博股份：金博股份关于续聘2024年度会计师事务所的公告,,True,签字注册会计师、项目质量控制复核人基本信息如下：项目合伙人及签字注册会 || 军及其团队拟担任项目质量控制复核人。王军从事证券服务业务多年，负责审计 || 签字注册会计师、项目质量控制复核人近三年不存在因执业行为受到刑事处罚， || 签字注册会计师、项目质量控制复核人等不存在可能影响独立性的情形。4、审
688598,2022-02-26,1212458841,金博股份：金博股份关于续聘会计师事务所的公告,,True,签字注册会计师、项目质量控制复核人基本信息如下：项目合伙人及签字注册会 || 军及其团队拟担任项目质量控制复核人。王军从事证券服务业务多年，负责审计 || 签字注册会计师、项目质量控制复核人近三年不存在因执业行为受到刑事处罚， || 签字注册会计师、项目质量控制复核人等不存在可能影响独立性的情形。4、审
688601,2023-05-24,1216886111,力芯微：关于续聘2023年度审计机构的更正公告,,True,计师黄晓芸、项目质量复核人谭代明近三年内未曾因执业行为受到刑事 || 计师邝秋香、项目质量复核人张先发近三年内未曾因执业行为受到刑事
688607,2024-04-20,1219706098,康众医疗：康众医疗关于续聘2024年度审计机构的公告,,True,签字注册会计师和质量控制复核人不存在违反《中国注册会计师职业道德守
688611,2022-04-20,1212983234,杭州柯林：杭州柯林电气股份有限公司关于续聘2022年度审计机构的公告,,True,签字注册会计师、项目质量控制复核人近三年不存在因执业行为受到刑事处罚， || 签字注册会计师、项目质量控制复核人不存在可能影响独立性的情形。4、审计
688616,2021-04-27,1209808612,西力科技：杭州西力智能科技股份有限公司关于续聘会计师事务所的公告,,True,12年2021年复核人公司2019年度审计报告2、诚信记录
688611,2023-04-29,1216687513,杭州柯林：杭州柯林电气股份有限公司关于续聘2023年度审计机构的公告,,True,签字注册会计师、项目质量控制复核人近三年不存在因执业行为受到刑事处罚， || 签字注册会计师、项目质量控制复核人不存在可能影响独立性的情形。4、审计
688611,2024-04-27,1219886993,杭州柯林：杭州柯林电气股份有限公司关于续聘2024年度审计机构的公告,,True,签字注册会计师、项目质量控制复核人近三年不存在因执业行为受到刑事处罚， || 签字注册会计师、项目质量控制复核人不存在可能影响独立性的情形。4、审计
688616,2023-04-27,1216623419,西力科技：杭州西力智能科技股份有限公司关于续聘会计师事务所的公告,,True,份等上市公司年度复核人审计报告2、诚信记录项目合伙人、签字 || 签字注册会计师、项目质量控制复核人近三年不存在因执业行为受到刑事处罚， || 签字注册会计师、项目质量控制复核人不存在可能影响独立性的情形。4、审计
688621,2022-02-28,1212463159,阳光诺和：阳光诺和关于续聘会计师事务所的公告,,True,册会计师王晓杰和项目质量控制复核人包铁军近三年不存在因执业行为受到刑事 || 册会计师、项目2质量控制复核人不存在可能影响独立性的情形。4、审计
688621,2023-03-11,1216093840,阳光诺和：阳光诺和关于续聘会计师事务所的公告,,True,签字注册会计师、项目质量控制复核人近三年未因执业行为受到刑事处罚，受到 || 签字注册会计师、项目质量控制复核人能够在执行本项目审计工作时保持独立性
688623,2024-04-30,1219924213,双元科技：关于续聘2024年度审计机构的公告,,True,023年1徐殷鹏质量控制复核人2001年1999年2010年202 || 签字注册会计师、项目质量控制复核人近三年不存在因执业行为受到刑事处罚， || 签字注册会计师、项目质量控制复核人不存在可能影响独立性的情形。4.审计
688648,2024-04-27,1219887188,中邮科技：关于续聘2024年度会计师事务所的公告,,True,12年2022年复核人股份2.诚信记录情况项目合伙人、签字 || 签字注册会计师、项目质量控制复核人近三年不存在因执业行为受到刑事处罚， || 签字注册会计师、项目质量控制复核人不存在可能影响独立性的情形。4.审计
688652,2024-04-24,1219765162,京仪装备：关于续聘会计师事务所的公告,,True,司审计报告1份。项目质量控制复核人：王远（女士）：1998年成为注册会 || 签字注册会计师、项目质量控制复核人近三年无因执业行为受到刑事处罚的情况 || 签字注册会计师、项目质量控制复核人不存在可能影响独立性的情形。（三）审
688663,2023-04-26,1216597233,新风光：关于续聘会计师事务所的公告,,True,的专业胜任能力。项目质量控制复核人员尹淑英：2004年取得注册会计师资
688665,2023-04-20,1216478920,四方光电：四方光电股份有限公司关于续聘2023年度外部审计机构的公告,,True,签字注册会计师、项目质量控制复核人基本信息如下：项目合伙人及签字注册会 || 审计报告11家。项目质量控制复核人：根据天职国际质量控制政策和程序，王 || 军及其团队拟担任项目质量控制复核人。王军，1998年成为注册会计师，2 || 签字注册会计师、项目质量控制复核人近三年不存在因执业行为受到刑事处罚， || 签字注册会计师、项目质量控制复核人等不存在可能影响独立性的情形。4、审
688669,2021-04-06,1209638879,聚石化学：关于续聘会计师事务所的公告,,True,计时间间服务时间复核合伙人（5家）湖北久之洋红外系统股份有限公 || 签字注册会计师和质量控制复核人不存在违反《中国注册会计师职业道德守 || 签字注册会计师、项目质量控制复核人不存在可能影响独立性的情形。4.审计
688670,2022-04-09,1212853810,金迪克： 江苏金迪克生物技术股份有限公司关于续聘会计师事务所的公告,,True,审计报告。（3）项目质量控制复核人程银春程银春，1995年12月成为注 || 签字注册会计师、项目质量控制复核人近三年未因执业行为受到刑事处罚，未受 || 签字注册会计师、项目质量控制复核人不存在可能影响独立性的情形。4、拟续
688678,2024-04-22,1219728846,福立旺：关于续聘会计师事务所的公告,,True,人签字注册会计师项目质量复核人员姓名周磊杨扬洪烨何时成为注册会计师2 || 签字注册会计师、项目质量控制复核人近三年因执业行为受到刑事处罚，受到证 || 签字注册会计师及质量控制复核人不存在违反《中国注册会计师职业道德守
688689,2024-03-26,1219403344,银河微电：关于变更签字注册会计师的公告,,True,签字注册会计师及质量控制复核人的函》，现将有关情况公告如下：一、签
688696,2023-10-31,1218205490,极米科技：关于续聘会计师事务所的公告,,True,超过5家。拟担任独立复核合伙人：汤其美先生，1996年获得中国注册 || 签字注册会计师、项目质量控制复核人近三年无执业行为受到刑事处罚，无受到
688696,2022-10-28,1214936832,极米科技：关于续聘会计师事务所的公告,,True,超过5家。拟担任独立复核合伙人：汤其美先生，1996年获得中国注册 || 册会计师淦涛涛、项目质量控制复核人汤其美等从业人员不存在违反《中国注册 || 册会计师淦涛涛、项目质量控制复核人汤其美近三年无执业行为受到刑事处罚，
688701,2022-04-29,1213221975,卓锦股份：关于续聘财务审计机构及内控审计机构的公告,,True,签字注册会计师、项目质量控制复核人基本信息如下：何时开始何时成何时开始 || 签字注册会计师、项目质量控制复核人近三年未因执业行为受到刑事处罚，受到 || 签字注册会计师、项目质量控制复核人能够在执行本项目审计工作时保持独立性
688701,2023-04-28,1216674361,卓锦股份：关于续聘财务审计机构及内控审计机构的公告,,True,签字注册会计师、项目质量控制复核人基本信息如下：何时开始何时成何时开始 || 签字注册会计师、项目质量控制复核人近三年不存在因执业行为受到刑事处罚， || 签字注册会计师、项目质量控制复核人不存在可能影响独立性的情形。4、审计
688701,2024-04-27,1219887468,卓锦股份：浙江卓锦环保科技股份有限公司关于续聘2024年度财务审计机构及内控审计机构的公告,,True,签字注册会计师、项目质量控制复核人基本信息如下：何时开始何时成何时开始 || 签字注册会计师、项目质量控制复核人近三年不存在因执业行为受到刑事处罚， || 签字注册会计师、项目质量控制复核人不存在可能影响独立性的情形。4、审计
688711,2024-04-26,1219839482,宏微科技：江苏宏微科技股份有限公司关于公司2024年度续聘会计师事务所的公告,,True,99年2023年复核人邦股份、森萱医药2、诚信记录上述人员
688722,2024-03-30,1219471913,同益中：同益中关于续聘会计师事务所的公告,,True,报告2家。（3）质量控制复核人姓名：夏江梅执业资质：中国注册会计师 || 签字注册会计师、项目质量控制复核人近三年不存在因执业行为受到刑事处罚， || 签字注册会计师、项目质量控制复核人等不存在可能影响独立性的情形。二、审
688722,2023-12-13,1218593602,同益中：同益中关于变更会计师事务所的公告,,True,报告1家。（3）质量控制复核人姓名：齐春艳执业资质：中国注册会计师 || 签字注册会计师、项目质量控制复核人近三年不存在因执业行为受到刑事处罚， || 签字注册会计师、项目质量控制复核人等不存在可能影响独立性的情形。二、审
688767,2023-02-09,1215802136,博拓生物：博拓生物关于变更签字会计师及质量控制复核人的公告,,True,变更签字会计师及质量控制复核人的公告本公司董事会及全体董事保证本公 || 变更签字会计师及质量控制复核人的告知函》，现将相关变更情况告知如下 || 会计师、于薇薇为质量控制复核人为公司提供2022年度审计服务。因内 || 会计师、彭远卓为质量控制复核人，继续完成公司2022年度财务报告审 || 签字注册会计师、项目质量控制复核人近三年（最近三个完整自然年度及当年） || 签字注册会计师、项目质量控制复核人不存在可能影响独立性的情形。四、本次
688772,2022-02-21,1212404032,珠海冠宇：关于续聘会计师事务所的公告,,True,报告2份。（3）项目质量控制复核人刘均山刘均山，2004年成为注册会计 || 签字注册会计师、项目质量控制复核人近三年未因执业行为受到刑事处罚，未受 || 签字注册会计师、项目质量控制复核人不存在可能影响独立性的情形。4.审计
688777,2023-04-27,1216630455,中控技术：浙江中控技术股份有限公司关于续聘2023年度会计师事务所的公告,,True,签字注册会计师、项目质量控制复核人不存在可能影响独立性的情形。34、审
688777,2024-04-09,1219540136,中控技术：中控技术股份有限公司关于续聘2024年度会计师事务所的公告,,True,签字注册会计师、项目质量复核人员近三年不存在因执业行为受到刑事处罚， || 签字注册会计师、项目质量复核人员不存在可能影响独立性的情形。4、审计
688788,2024-04-26,1219842328,科思科技：关于续聘会计师事务所的公告,,True,023年核的上市复核人9月1月月公司5家2、上述相关人员的 || 签字注册会计师、项目质量控制复核人近三年无执业行为受到刑事处罚，无受到
688789,2022-04-12,1212885282,宏华数科：杭州宏华数码科技股份有限公司关于续聘会计师事务所的公告,,True,元教育等上市公司复核人2019年度审计报告；2019年，签 || 签字注册会计师、项目质量控制复核人近三年不存在因执业行为受到刑事处罚， || 签字注册会计师、项目质量控制复核人不存在可能影响独立性的情形。4、审计
688793,2022-04-25,1213087147,倍轻松：关于续聘会计师事务所的公告,,True,报告2.诚信记录项目质量控制复核人近三年存在因执业行为受到证监会派出机 || 签字注册会计师、项目质量控制复核人不存在可能影响独立性的情形。4.审计
688798,2023-03-11,1216094183,艾为电子：艾为电子关于变更项目合伙人及签字注册会计师、质量控制复核人员信息的公告,,True,签字注册会计师、质量控制复核人员信息的公告本公司董事会及全体董事保 || 签字注册会计师、质量控制复核人员信息的函》，现将具体情况公告如下： || 师、肖俊龙为项目质量复核人。由于立信内部工作调整，现委派邱正芳 || 洁接替肖俊龙作为质量控制复核人。变更后，邱正芳为项目合伙人及签字注 || 册会计师，吴洁为质量控制复核人。二、本次变更的人员基本信息1、项目 || 和纪律处分。2、质量控制复核人：吴洁吴洁于1998年4月成为注册会
688788,2023-10-28,1218187896,科思科技：关于变更会计师事务所的公告,,True,签字注册会计师、项目质量控制复核人近三年无执业行为受到刑事处罚，无受到
688793,2024-04-25,1219802229,倍轻松：关于续聘2024年会计师事务所的公告,,True,签字注册会计师、项目质量控制复核人员近三年不存在因执业行为受到刑事处罚 || 签字注册会计师、项目质量控制复核人不存在可能影响独立性的情形。4.审计
688799,2022-08-30,1214449776,华纳药厂：关于拟续聘会计师事务所的公告,,True,：华纳药厂、华菱复核人钢铁、新华联等。2、诚信记录项目合伙 || 签字注册会计师、项目质量控制复核人近三年不存在因执业行为受到刑事处罚， || 签字注册会计师、项目质量控制复核人不存在可能影响独立性的情形。4、审计 || 签字注册会计师及项目质量控制负责人具有相应的从业经历并具备相应的专业胜
688793,2023-04-24,1216536827,倍轻松：关于续聘会计师事务所的公告,,True,签字注册会计师、项目质量控制复核人近三年不存在因执业行为受到证监会派出 || 签字注册会计师、项目质量控制复核人不存在可能影响独立性的情形。4.审计
688799,2021-12-15,1211906210,华纳药厂：关于拟续聘会计师事务所的公告,,True,98年2021年复核人广传媒、华菱钢铁、长沙银行等。2、诚 || 签字注册会计师、项目质量控制复核人近三年不存在因执业行为受到刑事处罚， || 签字注册会计师、项目质量控制复核人不存在可能影响独立性的情形。4、审计 || 签字注册会计师及项目质量控制负责人具有相应的从业经历并具备相应的专业胜
688799,2023-04-29,1216712401,华纳药厂：关于拟续聘会计师事务所的公告,,True,华纳药厂、华菱钢复核人铁、新华联等。2、诚信记录项目合伙人 || 签字注册会计师、项目质量控制复核人近三年不存在因执业行为受到刑事处罚， || 签字注册会计师、项目质量控制复核人不存在可能影响独立性的情形。4、审计 || 签字注册会计师及质量控制负责人具有相应的从业经历并具备相应的专业能 || 签字注册会计师及质量控制负责人具有相应的从业经历并具备相应的专业能
688819,2024-03-29,1219448421,天能股份：天能电池集团股份有限公司关于续聘2024年度审计机构的公告,,True,2年近三年签署及复核人核过上市公司审计报告家数为7家2、上 || 性和诚信记录情况质量控制复核人杨建平近三年存在因执业行为受到监管措
