code,date,aid,title,eqr_new,still_miss,frag
000002,2024-03-29,1219444730,万科A：关于拟续聘2024年度会计师事务所的公告,厉俊,False,
000002,2023-03-31,1216273934,万科A：关于拟续聘2023年度会计师事务所的公告,厉俊,False,
000020,2021-04-27,1209812792,深华发Ａ：关于续聘2021年度财务报告审计机构和内部控制审计机构的公告,宋治忠,False,
000026,2023-02-11,1215827780,飞亚达：关于审计机构变更项目质量复核人的公告,本次,False,
000050,2022-08-30,1214449399,深天马Ａ：关于续聘2022年度会计师事务所的公告,唐卫强,False,
000050,2021-03-13,1209380067,深天马Ａ：关于聘任2021年度会计师事务所的公告,唐卫强,False,
000050,2023-08-31,1217710891,深天马Ａ：关于续聘2023年度会计师事务所的公告,王书阁,False,
000058,2021-12-10,1211865438,深 赛 格：关于续聘2021年度审计机构的公告,李正卫,False,
000058,2020-12-05,1208858143,深 赛 格：关于续聘2020年度审计机构的公告,李正卫,False,
000063,2020-03-28,1207417929,中兴通讯：关于拟续聘审计机构的公告,钟晔,False,
000063,2021-04-29,1209847867,中兴通讯：关于拟续聘审计机构的公告,钟晔,False,
000063,2023-03-11,1216094379,中兴通讯：关于拟续聘审计机构的公告,钟晔,False,
000063,2022-03-09,1212529509,中兴通讯：关于拟续聘审计机构的公告,钟晔,False,
000063,2024-03-09,1219266475,中兴通讯：关于拟续聘审计机构的公告,钟晔,False,
000068,2021-04-27,1209813857,华控赛格：关于续聘会计师事务所的公告,王曙晖,False,
000078,2023-04-28,1216662234,海王生物：关于续聘2023年度审计机构的公告,梁卫丽,False,
000078,2024-04-30,1219929162,海王生物：关于续聘2024年度审计机构的公告,梁卫丽,False,
000096,2021-04-08,1209649942,广聚能源：拟续聘会计师事务所的公告,王季民、龚勇,False,
000301,2020-04-09,1207467479,东方盛虹：关于拟聘任公司2020年度财务审计机构和内控审计机构的公告,杜志强,False,
000338,2021-03-31,1209491280,潍柴动力：潍柴动力股份有限公司关于续聘会计师事务所的公告,徐振、左伟,False,
000407,2021-04-28,1209826546,胜利股份：胜利股份关于续聘会计师事务所的公告,李洪,False,
000415,2021-01-07,1209058306,渤海租赁：关于续聘会计师事务所的公告,王宁,False,
000420,2020-04-10,1207471729,吉林化纤：关于拟续聘会计师事务所的公告,穆笛,False,
000423,2020-04-30,1207680354,东阿阿胶：关于续聘2020年度审计机构的公告,赵宁,False,
000422,2021-04-29,1209852809,ST宜化：关于续聘会计师事务所的公告,刘仁勇,False,
000422,2022-04-09,1212858018,湖北宜化：关于续聘会计师事务所的公告,肖献敏,False,
000503,2021-04-24,1209794125,国新健康：关于续聘2021年度会计师事务所的公告,郝学花,False,
000503,2022-04-30,1213263833,国新健康：关于续聘2022年度会计师事务所的公告,郝学花,False,
000506,2020-12-26,1208995178,中润资源：关于聘任会计师事务所的公告,张金华,False,
000510,2022-04-27,1213132656,新金路：关于拟续聘会计师事务所的公告,王侠,False,
000510,2021-12-28,1212031791,新金路：关于变更会计师事务所的公告,王侠,False,
000510,2023-04-08,1216356542,新金路：关于拟续聘会计师事务所的公告,王侠,False,
000510,2024-04-27,1219855844,新金路：关于拟续聘会计师事务所的公告,王侠,False,
000502,2020-03-30,1207419585,绿景控股：关于续聘立信会计师事务所（特殊普通合伙）为公司2020年度审计机构的公告,权计伟,False,
000502,2021-04-30,1209872514,绿景控股：绿景控股股份有限公司关于续聘立信会计师事务所（特殊普通合伙）为公司2021年度审计机构的公告,权计伟,False,
000517,2023-06-13,1217045401,荣安地产：关于续聘会计师事务所的公告,顾春华,False,
000520,2024-04-26,1219826525,凤凰航运：凤凰航运关于续聘2024年度审计机构的公告,刘仁勇,False,
000520,2023-10-28,1218184583,凤凰航运：2023-035凤凰航运关于拟变更2023年度审计机构的公告20231028,刘仁勇,False,
000525,2020-06-30,1207968989,红 太 阳：关于续聘公司2020年度审计机构的公告,伍敏、肖厚祥,False,
000529,2023-10-28,1218183634,广弘控股：关于续聘立信会计师事务所（特殊普通合伙）的公告,廖慕桃,False,
000532,2021-03-24,1209437677,华金资本：关于拟续聘会计师事务所的公告,包铁军,False,
000532,2022-03-24,1212651669,华金资本：关于拟续聘会计师事务所的公告,陈良,False,
000564,2020-04-30,1207687853,供销大集：关于续聘信永中和会计师事务所的公告,中国,False,
000565,2022-12-13,1215333012,渝三峡Ａ：关于拟变更会计师事务所的公告,肖菲,False,
000565,2023-04-27,1216617159,渝三峡Ａ：拟续聘会计师事务所的公告,肖菲,False,
000566,2020-04-30,1207685443,海南海药：关于拟续聘会计师事务所的公告,王桥,False,
000570,2020-04-11,1207480622,苏常柴Ａ：关于续聘2020年度审计机构的公告,均具备,False,
000571,2022-12-27,1215456607,ST大洲：关于续聘会计师事务所的公告,牟立娟,False,
000571,2021-11-11,1211551412,ST大洲：关于续聘会计师事务所的公告,唐卫强,False,
000571,2021-02-10,1209264703,*ST大洲：关于变更会计师事务所的公告,唐卫强,False,
000572,2020-03-31,1207430777,*ST 海马：关于拟续聘会计师事务所的公告,中国,False,
000581,2020-04-21,1207537792,威孚高科：关于续聘2020年度审计机构的公告,均具备,False,
000581,2022-04-19,1212958507,威孚高科：关于续聘2022年度审计机构的公告,黄德明,False,
000587,2020-04-30,1207704390,金洲慈航：关于续聘2020年度审计机构的公告,拥有,False,
000586,2022-11-26,1215211224,汇源通信：四川汇源光通信股份有限公司关于拟变更会计师事务所的公告,王许,False,
000586,2023-11-18,1218369369,汇源通信：四川汇源光通信股份有限公司关于拟续聘会计师事务所的公告,王忆、王许,False,
000605,2022-04-30,1213262665,渤海股份：关于拟续聘会计师事务所的公告,孔繁萍,False,
000606,2021-12-11,1211875439,ST顺利：关于续聘会计师事务所的公告,拥有,False,
000605,2021-04-30,1209869275,渤海股份：关于拟续聘会计师事务所的公告,孔繁萍,False,
000606,2022-10-28,1214942834,*ST顺利：关于拟变更会计师事务所的公告,刘锦英,False,
000605,2023-04-29,1216696379,渤海股份：关于续聘会计师事务所的公告,钱敏,False,
000605,2023-12-12,1218582733,渤海股份：关于变更会计师事务所的公告,陈修俭,False,
000599,2021-04-15,1209690351,青岛双星：关于拟聘任会计师事务所的公告,黄海、董洪军,False,
000608,2020-04-21,1207539264,阳光股份：关于拟聘任公司2020年度审计机构的公告,包铁军,False,
000612,2023-10-27,1218167863,焦作万方：焦作万方铝业股份有限公司关于聘任公司2023年度审计机构并决定其审计费用的公告,冯发明,False,
000612,2022-01-28,1212298203,焦作万方：焦作万方铝业股份有限公司关于聘任公司2021年度审计机构并决定其审计费用的公告,冯发明,False,
000612,2023-01-14,1215608221,焦作万方：焦作万方铝业股份有限公司关于聘任公司2022年度审计机构并决定其审计费用的公告,冯发明,False,
000616,2021-04-30,1209872700,海航投资：关于续聘大华会计师事务所的公告,李海成,False,
000616,2023-04-28,1216662355,ST海投：2023-037：关于续聘大华会计师事务所的公告,李相繁,False,
000599,2022-04-29,1213214289,青岛双星：关于拟聘任会计师事务所的公告,黄海、董洪军,False,
000617,2020-04-02,1207448097,中油资本：关于续聘公司2020年度会计师事务所的公告,朱晓东、韩子荣,False,
000623,2020-04-25,1207609256,吉林敖东：关于续聘会计师事务所的公告,韩波、支力,False,
000627,2021-04-30,1209866440,天茂集团：天茂集团拟聘任会计师事务所的公告,刘仁勇,False,
000627,2022-04-30,1213249176,天茂集团：2022-013-天茂集团拟聘任会计师事务所的公告0429,肖献敏,False,
000632,2024-04-25,1219790707,三木集团：关于拟续聘2024年度会计师事务所的公告,陈碧芸,False,
000633,2023-01-17,1215627801,合金投资：关于拟变更会计师事务所的公告,冯发明,False,
000609,2020-04-28,1207646019,中迪投资：关于拟续聘会计师事务所的公告,许来正、张福建,False,
000635,2022-08-30,1214442473,英 力 特：关于续聘公司2022年度财务报告审计机构的的公告,李洪,False,
000650,2020-04-29,1207653695,仁和药业：关于拟续聘2020年度会计师事务所的公告,包铁军,False,
000650,2021-04-23,1209768377,仁和药业：公司拟续聘2021年度会计师事务所的公告（已取消）,李海成,False,
000650,2021-05-11,1209948149,仁和药业：公司拟续聘2021年度会计师事务所的公告(更新后),李海成,False,
000650,2022-04-26,1213098346,仁和药业：公司拟续聘2022年度会计师事务所的公告,李海成,False,
000650,2024-04-26,1219816198,仁和药业：公司关于变更会计师事务所暨聘请2024年度审计机构的公告,胡彬,False,
000650,2023-04-26,1216576023,仁和药业：公司拟续聘2023年度会计师事务所的公告,涂新春,False,
000652,2022-10-26,1214901004,泰达股份：关于拟聘任2022年度会计师事务所的公告,李远梅,False,
000652,2023-04-12,1216381086,泰达股份：关于续聘2023年度会计师事务所的公告,李远梅,False,
000652,2022-02-08,1212319668,泰达股份：关于拟变更会计师事务所的公告,崔江涛,False,
000652,2024-04-24,1219771435,泰达股份：关于续聘2024年度会计师事务所的公告,李远梅,False,
000655,2021-03-20,1209417749,金岭矿业：关于拟续聘会计师事务所的公告,陈修俭,False,
000652,2021-10-26,1211374417,泰达股份：关于拟变更会计师事务所的公告,陈修俭,False,
000656,2020-03-24,1207395227,金科股份：关于拟续聘会计师事务所的公告,姚本霞,False,
000661,2021-03-12,1209370597,长春高新：关于拟续聘2021年度会计师事务所的公告,冯发明,False,
000666,2021-04-22,1209759112,经纬纺机：关于续聘会计师事务所的公告,冯发明,False,
000666,2020-03-25,1207398871,经纬纺机：关于续聘会计师事务所的公告,拥有,False,
000671,2020-04-25,1207604542,阳 光 城：关于续聘会计师事务所的公告,邓超,False,
000671,2021-04-15,1209690980,阳 光 城：关于续聘会计师事务所的公告,赵琤,False,
000679,2021-03-31,1209491083,*ST友谊：关于拟聘任会计师事务所的公告,李海成,False,
000680,2020-03-27,1207410669,山推股份：关于聘任2020年度公司审计机构的公告,拥有,False,
000680,2021-04-29,1209846055,山推股份：山推股份公司关于聘任2021年度公司审计机构的公告,李洪,False,
000680,2022-03-29,1212712499,山推股份：关于拟变更会计师事务所的公告,刘雪娇,False,
000680,2023-04-29,1216686020,山推股份：关于聘任2023年度公司审计机构的公告,刘雪娇,False,
000680,2024-03-26,1219402205,山推股份：关于聘任2024年度公司审计机构的公告,刘雪娇,False,
000683,2020-04-28,1207636519,远兴能源：关于续聘年度审计机构的公告,何勇,False,
000688,2020-04-10,1207472345,国城矿业：关于续聘天健会计师事务所（特殊普通合伙）为公司2020年度财务及内部控制审计机构的公告,蒋舒媚,False,
000690,2024-05-30,1220195888,宝新能源：拟变更2024年半年度审计会计师事务所的公告,张爱国,False,
000692,2021-04-29,1209855734,惠天热电：关于拟续聘公司2021年度审计机构的公告,程卫国,False,
000700,2021-04-29,1209853995,模塑科技：关于拟续聘审计机构的公告,均具备,False,
000700,2020-04-27,1207604744,模塑科技：关于拟续聘审计机构的公告,均具备,False,
000700,2023-04-25,1216553718,模塑科技：模塑科技关于拟续聘审计机构的公告,王微,False,
000700,2023-01-30,1215682839,模塑科技：关于聘请公证天业会计师事务所（特殊普通合伙）对公司2020年度财务报告进行重新审计的公告,王微,False,
000700,2022-04-30,1213257401,模塑科技：模塑科技关于拟续聘审计机构的公告,王微,False,
000700,2024-04-27,1219859056,模塑科技：模塑科技关于拟续聘审计机构的公告,王微,False,
000707,2022-03-10,1212536058,*ST双环：关于续聘会计师事务所的公告,拥有,False,
000695,2020-12-05,1208857086,滨海能源：关于拟续聘会计师事务所的公告,丁彭凯、冯万奇,False,
000707,2023-03-28,1216237655,双环科技：关于续聘会计师事务所的公告,拥有,False,
000712,2023-03-29,1216244535,锦龙股份：拟续聘会计师事务所的公告,彭敏琴,False,
000712,2024-04-26,1219827396,锦龙股份：拟续聘会计师事务所的公告,彭敏琴,False,
000712,2020-03-06,1207347662,锦龙股份：拟续聘会计师事务所的公告,中国,False,
000731,2020-04-24,1207585561,四川美丰：关于续聘会计师事务所的公告,何均,False,
000733,2023-10-27,1218166582,振华科技：关于拟续聘会计师事务所的公告,李洪,False,
000733,2022-12-06,1215284326,振华科技：关于拟变更会计师事务所的公告,李洪,False,
000750,2021-03-20,1209419451,国海证券：关于拟续聘会计师事务所的公告,曾浩,False,
000752,2020-04-29,1207660861,*ST西发：关于续聘会计师事务所的公告,王亮,False,
000752,2022-11-25,1215196073,*ST西发：关于拟续聘会计师事务所的公告,李智勇,False,
000779,2020-03-31,1207428930,甘咨询：拟聘任会计师事务所的公告,拥有,False,
000788,2020-05-29,1207872988,北大医药：关于拟续聘会计师事务所的公告,卢娅萍,False,
000791,2020-03-28,1207415759,甘肃电投：关于续聘2020年度会计师事务所的公告,拥有,False,
000791,2023-03-31,1216268178,甘肃能源：关于续聘2023年度会计师事务所的公告,刘会锋,False,
000791,2021-03-20,1209416864,甘肃电投：关于续聘2021年度会计师事务所的公告,刘会锋,False,
000792,2022-09-30,1214710578,盐湖股份：关于续聘2022年度财务报表和内部控制审计机构的公告,刘会锋,False,
000791,2022-03-31,1212739398,甘肃电投：关于续聘2022年度会计师事务所的公告,刘会锋,False,
000809,2020-05-07,1207708168,铁岭新城：关于续聘会计师事务所的公告,李晓思,False,
000811,2022-04-01,1212768101,冰轮环境：拟变更会计师事务所的公告,刘雪娇,False,
000813,2021-04-29,1209851111,德展健康：关于续聘会计师事务所的公告,冯发明,False,
000815,2022-04-28,1213171608,美利云：关于续聘会计师事务所的公告,杨英锦,False,
000815,2020-04-24,1207584891,美利云：关于续聘2020年度会计师事务所的公告,徐继凯、李长照,False,
000825,2020-04-25,1207600402,太钢不锈：关于拟续聘会计师事务所的公告,张新发、李峻雄,False,
000825,2021-10-30,1211434166,太钢不锈：关于拟续聘会计师事务所的公告,李峻雄,False,
000826,2022-04-30,1213261871,启迪环境：关于续聘2022年度审计机构的公告,肖献敏,False,
000826,2024-04-27,1219869126,启迪环境：关于续聘2024年度审计机构的公告,刘仁勇,False,
000826,2023-08-24,1217618351,启迪环境：关于续聘2023年度审计机构的公告,肖献敏,False,
000826,2021-04-29,1209852609,启迪环境：关于续聘2021年度审计机构的公告,刘仁勇,False,
000828,2020-10-26,1208608427,东莞控股：关于续聘审计机构的公告,熊亚菊,False,
000835,2020-12-15,1208900975,*ST长动：关于续聘会计师事务所的公告,牛金华、王传平,False,
000838,2020-11-14,1208744438,财信发展：关于拟续聘会计师事务所的公告,蒋舒媚,False,
000877,2023-08-24,1217616469,天山股份：关于拟续聘会计师事务所的公告,冯嵩,False,
000883,2024-04-27,1219861031,湖北能源：关于拟续聘2024年度审计机构的公告,熊亚菊,False,
000883,2022-04-28,1213169454,湖北能源：关于聘任2022年度审计机构的公告,熊亚菊,False,
000885,2023-04-22,1216525697,城发环境：关于续聘公司2023年度审计机构的公告,肖献敏,False,
000885,2022-01-01,1212074544,城发环境：关于续聘公司2021年度审计机构的公告,刘仁勇,False,
000885,2023-02-04,1215769847,城发环境：关于续聘公司2022年度审计机构的公告,肖献敏,False,
000886,2021-08-28,1210897641,海南高速：关于续聘2021年度财务审计和内控审计机构的公告,包铁军,False,
000886,2023-12-06,1218522530,海南高速：海南高速公路股份有限公司关于续聘2023年度财务审计及内控审计机构的公告,刘泽涵,False,
000890,2020-04-25,1207607168,法 尔 胜：关于续聘审计机构的公告,均具备,False,
000852,2020-04-29,1207665373,石化机械：拟聘任会计师事务所的公告,张琦、朱晓东,False,
000892,2021-12-22,1211979554,欢瑞世纪：关于拟聘任会计师事务所的公告,邓超,False,
000892,2024-04-30,1219907998,欢瑞世纪：关于拟续聘会计师事务所的公告,杨铭姝,False,
000892,2022-04-30,1213253426,欢瑞世纪：关于续聘会计师事务所的公告,邓超,False,
000892,2023-04-21,1216491612,欢瑞世纪：关于拟续聘会计师事务所的公告,杨铭姝,False,
000892,2020-09-01,1208356336,欢瑞世纪：关于续聘会计师事务所的公告,王红梅、杨敏,False,
000899,2021-06-30,1210363214,赣能股份：关于拟聘任会计师事务所的公告,赖华林,False,
000899,2022-04-25,1213055337,赣能股份：关于续聘会计师事务所的公告,赖华林,False,
000899,2024-04-26,1219829344,赣能股份：关于拟续聘会计师事务所的公告,赖华林,False,
000899,2023-04-25,1216555069,赣能股份：关于续聘会计师事务所的公告,赖华林,False,
000898,2023-03-31,1216279270,鞍钢股份：鞍钢股份拟变更会计师事务所的公告,张军书、石爱红,False,
000902,2020-10-20,1208584285,新洋丰：关于续聘会计师事务所的公告,拥有、李洪未因,False,
000902,2021-10-19,1211314668,新洋丰：关于续聘会计师事务所的公告,拥有、李洪未因,False,
000905,2021-08-04,1210651158,厦门港务：厦门港务关于拟续聘会计师事务所的公告,关涛,False,
000905,2022-08-17,1214309988,厦门港务：厦门港务关于拟续聘会计师事务所的公告,张果林,False,
000905,2023-03-25,1216218499,厦门港务：厦门港务关于拟续聘会计师事务所的公告,张果林,False,
000906,2021-04-28,1209836192,浙商中拓：关于续聘会计师事务所的公告,李琪友,False,
000905,2024-03-30,1219463478,厦门港务：厦门港务关于拟续聘会计师事务所的公告,庄峻晖,False,
000912,2023-03-31,1216279578,泸天化：关于续聘会计师事务所的公告,何均,False,
000910,2020-04-28,1207638497,大亚圣象：关于拟续聘会计师事务所的公告,何卫明、肖厚祥,False,
000925,2020-04-30,1207684025,众合科技：关于续聘会计师事务所的公告,均具备,False,
000928,2021-03-26,1209452275,中钢国际：关于续聘会计师事务所的公告,唐卫强,False,
000929,2022-04-15,1212924317,兰州黄河：关于拟续聘会计师事务所的公告,李琪友,False,
000929,2024-04-18,1219652979,兰州黄河：关于拟续聘2024年度审计机构的公告,王凯利,False,
000929,2023-04-15,1216416367,兰州黄河：关于拟续聘会计师事务所的公告,王凯利,False,
000931,2022-04-27,1213132868,中 关 村：关于续聘会计师事务所及其报酬的公告,李峻雄,False,
000935,2022-04-30,1213245560,四川双马：拟续聘会计师事务所的公告,蒋健,False,
000949,2020-04-08,1207461957,新乡化纤：关于拟续聘会计师事务所的公告,拥有,False,
000939,2020-12-11,1208886659,凯迪退：关于拟续聘希格玛会计师事务所（特殊普通合伙）为公司2020年年审机构的公告,袁蓉,False,
000948,2020-04-25,1207607717,南天信息：关于续聘会计师事务所的公告,鲍琼,False,
000952,2022-03-25,1212670152,广济药业：关于续聘2022年度审计机构的公告,肖献敏,False,
000952,2021-03-24,1209436804,广济药业：关于拟续聘2021年度公司审计机构的公告,刘仁勇,False,
000957,2022-04-30,1213254528,中通客车：关于续聘会计师事务所的公告,王欣,False,
000952,2023-04-20,1216472454,广济药业：关于续聘2023年度审计机构的公告,肖献敏,False,
000957,2023-04-29,1216682491,中通客车：关于续聘会计师事务所的公告,王欣,False,
000962,2020-12-15,1208899666,东方钽业：关于拟聘任2020年度会计师事务所的公告,李海成,False,
000962,2023-01-18,1215639367,东方钽业：关于拟聘任2022年度会计师事务所的公告,熊亚菊,False,
000962,2021-11-26,1211704118,东方钽业：关于拟聘任2021年度会计师事务所的公告,李海成,False,
000965,2022-10-10,1214736055,天保基建：关于拟变更会计师事务所的公告,李远梅,False,
000965,2023-03-31,1216277653,天保基建：关于拟续聘会计师事务所的公告,李远梅,False,
000965,2022-11-14,1215107221,天保基建：中德证券有限责任公司关于天津天保基建股份有限公司变更会计师事务所及董事长发生变动的临时受托管理事务报告,李远梅,False,
000968,2021-04-23,1209772356,蓝焰控股：关于续聘2021年度财务审计机构的公告,谢峰,False,
000969,2021-12-16,1211920818,安泰科技：安泰科技股份有限公司关于聘任2021年度财务审计和内控审计机构的公告,唐卫强,False,
000968,2020-04-23,1207557438,蓝焰控股：关于续聘2020年度财务审计机构的公告,谢峰,False,
000969,2022-10-26,1214900277,安泰科技：安泰科技股份有限公司关于聘任2022年度财务审计和内控审计机构的公告,李峰,False,
000969,2023-10-31,1218292185,安泰科技：安泰科技股份有限公司关于聘任2023年度财务审计和内控审计机构的公告,李峰,False,
000978,2021-04-24,1209795968,桂林旅游：桂林旅游续聘会计师事务所的公告,宋治忠,False,
000983,2020-04-21,1207537775,西山煤电：关于续聘2020年度财务审计机构及内部控制审计机构的公告,李峻雄,False,
000990,2022-10-28,1214937707,诚志股份：关于续聘2022年度审计机构的公告,唐卫强,False,
000990,2024-03-13,1219297425,诚志股份：关于公司续聘2024年度审计机构的公告,赖华林,False,
000990,2020-10-22,1208596351,诚志股份：关于续聘2020年度审计机构的公告,李峻雄,False,
000990,2023-12-13,1218592528,诚志股份：关于变更会计师事务所的公告,赖华林,False,
000990,2021-12-31,1212061319,诚志股份：关于续聘2021年度审计机构的公告,唐卫强,False,
000982,2020-10-28,1208623941,*ST 中绒：关于续聘立信会计师事务所（特殊普通合伙）为公司2020年审计机构的公告,许来正、张福建,False,
001205,2022-03-10,1212533327,盛航股份：关于拟续聘会计师事务所的公告,汤加全,False,
001206,2024-04-26,1219824201,依依股份：关于续聘公司2024年度审计机构及内部控制审计机构的公告,李洪,False,
001206,2023-03-30,1216259705,依依股份：关于续聘公司2023年度审计机构及内部控制审计机构的公告,李洪,False,
001205,2023-03-10,1216082746,盛航股份：关于拟续聘会计师事务所的公告,傅磊,False,
001206,2022-04-26,1213099700,依依股份：关于续聘公司2022年度审计机构及内部控制审计机构的公告,冯发明,False,
001208,2022-04-29,1213202422,华菱线缆：湖南华菱线缆股份有限公司关于续聘2022年度审计机构的公告,拥有,False,
001234,2023-04-28,1216649951,泰慕士：关于续聘公司2023年度审计机构的公告,乔琪,False,
001234,2024-04-26,1219821523,泰慕士：关于续聘公司2024年度审计机构的公告,杨堃娴、乔琪,False,
001268,2023-04-26,1216580785,联合精密：关于续聘会计师事务所的公告,刘明学,False,
001256,2023-04-29,1216696751,炜冈科技：关于续聘会计师事务所的公告,梁潇、陈瑜,False,
001358,2024-06-21,1220415580,兴欣新材：关于续聘会计师事务所的公告,刘亚芹、李勇平,False,
001360,2024-04-19,1219665785,南矿集团：关于续聘会计师事务所的公告,汪平平,False,
001360,2024-01-10,1218835455,南矿集团：关于续聘会计师事务所的公告,汪平平,False,
001366,2023-11-21,1218379664,播恩集团：关于审计机构变更项目质量控制复核人的公告,朱敏,False,
002005,2022-10-27,1214924698,ST德豪：关于续聘会计师事务所的公告,徐聃,False,
002005,2021-09-29,1211173412,ST德豪：关于续聘会计师事务所的公告,廖慕桃,False,
002005,2023-09-26,1217949429,ST德豪：关于续聘会计师事务所的公告,徐聃,False,
002006,2024-04-25,1219787484,精工科技：关于拟续聘2024年度审计机构的公告,集团、百大,False,
002015,2021-04-09,1209658082,协鑫能科：关于续聘2021年度审计机构的公告,李海成,False,
002015,2023-04-28,1216649346,协鑫能科：关于续聘2023年度审计机构的公告,李海成,False,
002015,2020-04-30,1207680732,协鑫能科：关于续聘2020年度审计机构的公告,李海成,False,
002015,2024-04-26,1219830954,协鑫能科：关于续聘2024年度审计机构的公告,吴光明,False,
002015,2022-04-15,1212919291,协鑫能科：关于续聘2022年度审计机构的公告,李海成,False,
002021,2021-04-29,1209856326,ST中捷：中捷资源投资股份有限公司关于拟续聘会计师事务所的公告,吴雪,False,
002027,2020-09-09,1208412420,分众传媒：关于调整续聘会计师事务所相关事项的公告,赵勇,False,
002021,2022-04-29,1213211238,ST中捷：关于拟续聘会计师事务所的公告,李永江,False,
002020,2020-04-02,1207447749,京新药业：关于续聘2020年度审计机构的公告,张琦、李进华,False,
002030,2020-04-30,1207682998,达安基因：关于续聘立信会计师事务所（特殊普通合伙）为公司2020年度审计机构的公告,王建民,False,
002036,2021-04-27,1209812322,联创电子：联创电子科技股份有限公司关于拟续聘公司2021年度审计机构的公告,李海成,False,
002036,2022-04-26,1213105869,联创电子：关于拟续聘公司2022年度审计机构的公告,杜迎花,False,
002019,2020-04-15,1207499611,亿帆医药：关于续聘会计师事务所的公告,刘鹏云、丁彭凯,False,
002037,2020-08-26,1208248053,保利联合：关于续聘2020年度审计机构的公告,郭顺玺,False,
002036,2023-04-25,1216553685,联创电子：关于拟续聘公司2023年度审计机构的公告,杜迎花,False,
002042,2023-04-29,1216696213,华孚时尚：关于续聘2023年度会计师事务所的公告,李轶芳,False,
002046,2020-04-11,1207482471,轴研科技：关于续聘审计机构的公告,张震,False,
002047,2020-05-18,1207820951,宝鹰股份：关于续聘2020年度会计师事务所的公告,包铁军,False,
002052,2023-07-29,1217417924,ST同洲：关于拟续聘会计师事务所的公告,余东红,False,
002057,2021-04-26,1209790299,中钢天源：关于续聘2021年度审计机构,唐卫强,False,
002057,2022-04-20,1212977954,中钢天源：关于续聘2022年度审计机构的公告,李泰逢,False,
002058,2020-03-31,1207428889,威 尔 泰：关于续聘2020年度审计机构的公告,中国,False,
002062,2022-11-26,1215211012,宏润建设：关于拟变更会计师事务所的公告,李鹏,False,
002062,2023-03-29,1216246343,宏润建设：关于续聘2023年度会计师事务所的公告,李鹏,False,
002064,2021-04-22,1209759411,华峰化学：关于续聘会计师事务所的公告,李惠丰,False,
002065,2020-03-14,1207372276,东华软件：关于变更会计师事务所暨聘任2019年度审计机构的公告,熊亚菊,False,
002065,2020-04-29,1207663644,东华软件：关于续聘2020年度审计机构的公告,熊亚菊,False,
002065,2021-04-29,1209852757,东华软件：关于续聘会计师事务所的公告,熊亚菊,False,
002065,2023-01-17,1215627745,东华软件：关于拟变更会计师事务所的公告,王新文,False,
002068,2020-04-29,1207663091,黑猫股份：关于拟续聘审计机构的公告,拥有,False,
002068,2021-04-27,1209815442,黑猫股份：关于拟续聘2021年度审计机构的公告,赖华林,False,
002064,2020-04-27,1207609506,华峰氨纶：关于续聘会计师事务所的公告,李慧丰,False,
002068,2022-04-22,1213026077,黑猫股份：关于续聘2022年度审计机构的公告,赖华林,False,
002068,2023-04-29,1216696441,黑猫股份：关于续聘2023年度审计机构的公告,李晓梅,False,
002073,2020-04-21,1207543010,软控股份：关于公司续聘中兴华会计师事务所（特殊普通合伙）为公司2020年度审计机构的公告,李江山,False,
002073,2021-04-28,1209826315,软控股份：关于公司续聘中兴华会计师事务所（特殊普通合伙）为公司2021年度审计机构的公告,丁兆栋,False,
002073,2022-04-26,1213097125,软控股份：关于公司续聘中兴华会计师事务所（特殊普通合伙）为公司2022年度审计机构的公告,丁兆栋,False,
002073,2024-04-03,1219501732,软控股份：关于公司续聘中兴华会计师事务所（特殊普通合伙）为公司2024年年度审计机构的公告,丁兆栋,False,
002073,2023-04-12,1216379224,软控股份：关于公司续聘中兴华会计师事务所（特殊普通合伙）为公司2023年度审计机构的公告,丁兆栋,False,
002076,2023-03-30,1216262421,*ST雪莱：关于公司续聘会计师事务所的公告,方建新、周珊珊,False,
002079,2020-04-24,1207583697,苏州固锝：关于续聘立信会计师事务所（特殊普通合伙）担任2020年度审计机构的公告,江强、朱育勤,False,
002079,2021-03-23,1209425528,苏州固锝：关于续聘立信会计师事务所（特殊普通合伙）担任2021年度审计机构的公告,万玲玲,False,
002083,2022-04-26,1213097183,孚日股份：关于拟聘任会计师事务所的公告,刘雪娇,False,
002083,2023-04-18,1216436118,孚日股份：关于续聘2023年度审计机构的公告,刘雪娇,False,
002083,2021-04-21,1209738619,孚日股份：关于续聘2021年度审计机构的公告,李洪,False,
002083,2024-04-12,1219582062,孚日股份：关于续聘2024年度审计机构的公告,刘雪娇,False,
002093,2020-04-23,1207557334,国脉科技：拟续聘会计师事务所的公告,郭晓鹏,False,
002093,2021-04-23,1209771755,国脉科技：拟续聘会计师事务所的公告,欧维义,False,
002093,2022-04-23,1213046499,国脉科技：拟续聘会计师事务所的公告,欧维义,False,
002110,2020-04-16,1207506242,三钢闽光：关于续聘容诚会计师事务所（特殊普通合伙）为本公司2020年度审计机构的公告,林玉枝,False,
002113,2022-02-16,1212366130,ST天润：关于聘任2021年度审计机构的公告,王卫华,False,
002113,2022-11-25,1215196109,ST天润：关于续聘公司 2022年度审计机构的公告,蒋宇,False,
002118,2020-04-30,1207679656,紫鑫药业：关于续聘会计师事务所的的公告,姜莉,False,
002134,2023-12-02,1218497446,天津普林：关于聘任2023年度审计机构的公告,黄丽莹,False,
002133,2023-04-22,1216524213,广宇集团：广宇集团股份有限公司关于续聘会计师事务所的公告,邓红玉,False,
002126,2020-04-29,1207656897,银轮股份：关于续聘会计师事务所的公告,孙峰、沈利刚,False,
002133,2020-04-25,1207602184,广宇集团：关于续聘会计师事务所的公告,李惠丰、蔡畅,False,
002145,2022-11-21,1215159883,中核钛白：关于拟变更会计师事务所的公告,黄瑾,False,
002145,2024-06-25,1220445118,中核钛白：关于拟续聘会计师事务所的公告,甘声锦,False,
002145,2023-11-21,1218381743,中核钛白：关于拟续聘会计师事务所的公告,甘声锦,False,
002148,2021-03-31,1209489345,北纬科技：关于续聘2021年审计机构的公告,李峻雄,False,
002148,2022-03-31,1212744435,北纬科技：关于续聘2022年审计机构的公告,曹博,False,
002151,2022-04-15,1212920483,北斗星通：关于续聘2022年度审计机构的公告,徐士宝,False,
002151,2023-03-28,1216235634,北斗星通：关于续聘2023年度审计机构的公告,徐士宝,False,
002151,2024-03-28,1219425082,北斗星通：关于续聘2024年度审计机构的公告,谭志东,False,
002154,2020-04-25,1207606739,报 喜 鸟：关于续聘立信会计师事务所（特殊普通合伙）为公司审计机构的公告,李惠丰,False,
002157,2024-04-30,1219923585,*ST 正邦：关于变更会计师事务所的公告,惠增强,False,
002158,2021-04-30,1209863491,汉钟精机：关于聘任2021年度审计机构的公告,周龙,False,
002158,2020-04-30,1207678597,汉钟精机：关于拟聘任2020年度审计机构的公告,熊亚菊,False,
002158,2024-01-11,1218845963,汉钟精机：关于审计机构变更项目质量复核人的公告,本次,False,
002158,2022-04-30,1213246403,汉钟精机：关于聘任2022年度审计机构的公告,冯雪,False,
002152,2020-03-31,1207429187,广电运通：关于拟续聘会计师事务所的公告,廖文坚,False,
002150,2021-04-28,1209831462,通润装备：关于续聘会计师事务所的公告,陈勇,False,
002172,2023-03-24,1216204450,澳洋健康：江苏澳洋健康产业股份有限公司关于续聘2023年度审计机构的公告,张松柏、丁陈隆,False,
002172,2024-04-27,1219858501,澳洋健康：江苏澳洋健康产业股份有限公司关于续聘2024年度审计机构的公告,张松柏,False,
002176,2022-04-29,1213201369,江特电机：关于续聘会计师事务所的公告,李海成,False,
002176,2021-03-18,1209403010,*ST江特：关于续聘会计师事务所的公告,李海成,False,
002177,2020-04-30,1207682439,御银股份：关于续聘2020年度审计机构的公告,梁肖林,False,
002177,2021-04-30,1209867392,御银股份：关于续聘2021年度审计机构的公告,梁肖林,False,
002177,2023-04-29,1216705304,*ST御银：关于续聘2023年度审计机构的公告,林红,False,
002178,2021-04-22,1209758789,延华智能：关于拟续聘会计师事务所的公告,郝学花,False,
002178,2022-04-30,1213265509,延华智能：关于拟续聘会计师事务所的公告,郝学花,False,
002178,2023-04-19,1216459279,延华智能：关于拟续聘会计师事务所的公告,郝学花,False,
002172,2022-04-29,1213214348,澳洋健康：江苏澳洋健康产业股份有限公司关于续聘2022年度审计机构的公告,张松柏、丁陈隆,False,
002172,2021-03-31,1209492759,澳洋健康：江苏澳洋健康产业股份有限公司关于续聘2021年度审计机构的公告,张松柏、丁陈隆,False,
002178,2024-04-30,1219920739,延华智能：关于拟续聘会计师事务所的公告,郝学花,False,
002179,2022-03-31,1212747385,中航光电：关于续聘会计师事务所的公告,唐卫强,False,
002180,2024-04-27,1219869581,纳思达：关于续聘2024年度会计师事务所的公告,姜干,False,
002182,2020-03-18,1207379969,云海金属：关于拟续聘会计师事务所的公告,郭香,False,
002183,2022-04-09,1212857965,怡 亚 通：关于续聘2022年度审计机构的公告,陈勇,False,
002183,2021-04-13,1209676681,怡 亚 通：关于续聘2021年度审计机构的公告,王曙晖,False,
002183,2023-04-15,1216414572,怡 亚 通：关于续聘2023年度审计机构的公告,陈勇,False,
002172,2020-04-16,1207507616,澳洋健康：关于续聘2020年度审计机构的公告,张松柏,False,
002181,2020-03-09,1207351218,粤 传 媒：关于公司续聘立信会计师事务所（特殊普通合伙）为公司2020年度审计机构的公告,姜干、吴常华,False,
002185,2020-04-28,1207641029,华天科技：关于续聘会计师事务所的公告,拥有,False,
002185,2021-03-30,1209475197,华天科技：关于续聘会计师事务所的公告,刘会锋,False,
002185,2022-04-26,1213101702,华天科技：关于续聘会计师事务所的公告,刘会锋,False,
002185,2023-03-28,1216235095,华天科技：关于续聘会计师事务所的公告,刘会锋,False,
002185,2024-04-02,1219490645,华天科技：关于续聘会计师事务所的公告,刘会锋,False,
002193,2022-04-29,1213213479,如意集团：关于续聘2022年度审计机构的公告,李鹏,False,
002193,2023-04-29,1216700008,如意集团：关于续聘2023年度审计机构的公告,李鹏,False,
002193,2024-04-30,1219921462,如意集团：关于续聘2024年度审计机构的公告,李鹏,False,
002194,2020-04-29,1207658175,武汉凡谷：关于续聘2020年度审计机构的公告,殷明,False,
002195,2021-04-29,1209851404,二三四五：关于续聘会计师事务所的公告,王伟青,False,
002195,2023-08-31,1217709726,岩山科技：关于续聘会计师事务所的公告,姜一鸣、王伟青,False,
002195,2024-04-18,1219648982,岩山科技：关于续聘会计师事务所的公告,王伟青,False,
002199,2020-04-18,1207525481,东晶电子：关于续聘2020年度审计机构的公告,李惠丰,False,
002209,2024-04-12,1219584065,达 意 隆：关于续聘2024年度审计机构的公告,张凤波,False,
002211,2020-03-19,1207384050,宏达新材：拟聘任会计师事务所的公告,周航英,False,
002211,2020-04-07,1207458589,宏达新材：关于续聘任会计师事务所的公告,周航英,False,
002213,2021-11-30,1211721917,大为股份：关于拟变更会计师事务所的公告,李琪友,False,
002213,2022-12-29,1215471925,大为股份：关于拟续聘会计师事务所的公告,王海第,False,
002214,2020-04-23,1207556149,大立科技：关于续聘2020年度审计机构的公告,贺焕华,False,
002216,2020-04-28,1207643298,三全食品：关于续聘公司2020年度审计机构的公告,郑建彪,False,
002195,2022-04-30,1213257316,二三四五：关于续聘会计师事务所的公告,王伟青,False,
002222,2024-04-20,1219692687,福晶科技：关于拟续聘会计师事务所的公告,梁粱,False,
002222,2023-04-22,1216515176,福晶科技：关于拟续聘会计师事务所的公告,郑基、梁粱,False,
002227,2021-04-28,1209832797,奥 特 迅：关于拟续聘会计师事务所的公告,王曙晖,False,
002229,2021-11-19,1211625547,鸿博股份：关于聘任公司2021年年度审计机构的公告,拥有,False,
002229,2020-10-26,1208607450,鸿博股份：关于续聘公司2020年度审计机构的公告,李海成,False,
002224,2020-05-29,1207873504,三 力 士：关于续聘会计师事务所的公告,李惠丰、郭宪明,False,
002240,2021-01-13,1209088599,盛新锂能：关于变更会计师事务所的公告,刘仁勇,False,
002240,2021-04-23,1209776256,盛新锂能：关于续聘2021年度审计机构的公告,刘仁勇,False,
002240,2022-03-29,1212710767,盛新锂能：关于续聘2022年度审计机构的公告,刘仁勇,False,
002240,2023-03-07,1216056401,盛新锂能：关于续聘2023年度审计机构的公告,刘仁勇,False,
002205,2022-01-25,1212270250,国统股份：新疆国统管道股份有限公司关于聘任公司2021年度财务审计机构的公告,王晓燕、王娜,False,
002250,2024-04-27,1219864488,联化科技：关于续聘会计师事务所的公告,陈剑、赵世栋,False,
002250,2023-04-22,1216516295,联化科技：关于续聘会计师事务所的公告,陈剑、顾雪峰,False,
002253,2022-03-25,1212669798,川大智胜：四川川大智胜软件股份有限公司拟续聘会计师事务所的公告,李静,False,
002250,2021-04-23,1209770556,联化科技：关于续聘会计师事务所的公告,顾雪峰,False,
002268,2020-12-12,1208893562,卫 士 通：关于续聘会计师事务所的公告,王桥,False,
002268,2021-11-24,1211684606,卫 士 通：关于续聘会计师事务所的公告,李琪友,False,
002250,2022-04-22,1213020394,联化科技：关于续聘会计师事务所的公告,顾雪峰,False,
002274,2020-04-25,1207599119,华昌化工：关于2020年度审计机构拟续聘的公告,均具备,False,
002274,2024-04-26,1219825620,华昌化工：关于拟续聘会计师事务所的公告,王微,False,
002280,2021-01-14,1209094814,*ST联络：关于续聘会计师事务所的公告,唐卫强,False,
002280,2022-04-29,1213211043,联络互动：关于续聘2022年度会计师事务所的公告,敖都吉雅,False,
002280,2021-04-27,1209807839,*ST联络：关于续聘2021年度会计师事务所的公告,唐卫强,False,
002280,2023-04-26,1216580412,联络互动：关于续聘2023年度会计师事务所的公告,敖都吉雅,False,
002281,2021-04-23,1209769393,光迅科技：关于拟续聘2021年度审计机构的公告,黄瑾,False,
002291,2021-04-28,1209837443,星期六：关于续聘会计师事务所的公告,唐卫强,False,
002291,2020-04-23,1207558972,星期六：关于续聘会计师事务所的公告,李琪友,False,
002294,2021-03-30,1209477066,信立泰：关于拟续聘2021年度审计机构的公告,宋治忠,False,
002294,2022-03-29,1212711784,信立泰：关于拟续聘2022年度审计机构的公告,宋治忠,False,
002294,2024-03-26,1219404359,信立泰：关于拟续聘2024年度审计机构的公告,汤艳群,False,
002296,2022-04-15,1212922743,辉煌科技：2022-019 关于续聘会计师事务所的公告,范鹏飞,False,
002294,2023-03-29,1216245797,信立泰：关于拟续聘2023年度审计机构的公告,宋治忠,False,
002296,2020-04-10,1207474893,辉煌科技：关于续聘会计师事务所的公告,熊亚菊,False,
002296,2021-04-15,1209691514,辉煌科技：关于续聘会计师事务所的公告,熊亚菊,False,
002296,2023-04-19,1216454114,辉煌科技：关于续聘会计师事务所的公告,范鹏飞,False,
002298,2021-04-28,1209837749,中电兴发：关于续聘会计师事务所的的公告,李海成,False,
002298,2023-04-28,1216651450,中电兴发：关于续聘2023年财务审计机构的的公告,毛英莉,False,
002298,2024-04-26,1219831431,中电兴发：关于续聘2024年财务审计机构的公告,毛英莉,False,
002306,2022-03-25,1212668564,中科云网：关于拟续聘会计师事务所的公告,杨铭姝,False,
002306,2022-01-01,1212075259,中科云网：关于拟聘任会计师事务所的公告,杨铭姝,False,
002306,2023-04-08,1216358891,中科云网：关于拟续聘会计师事务所的公告,杨铭姝,False,
002308,2021-04-22,1209759581,威创股份：关于续聘会计师事务所的公告,孙立倩,False,
002313,2021-12-01,1211743935,日海智能：关于拟变更会计师事务所的公告,王曙晖,False,
002317,2021-04-27,1209816835,众生药业：关于拟续聘会计师事务所的公告,孙立倩,False,
002317,2022-04-26,1213106380,众生药业：关于拟续聘会计师事务所的公告,冯家俊,False,
002319,2022-03-31,1212753413,乐通股份：关于聘任公司2022年度审计机构的公告,何晶晶,False,
002319,2023-04-22,1216521315,乐通股份：关于聘任公司2023年度审计机构的公告,何晶晶,False,
002326,2020-04-17,1207515685,永太科技：关于续聘会计师事务所的公告,陈小金、沈利刚,False,
002330,2021-04-20,1209726084,得利斯：关于续聘会计师事务所的公告,李峻雄,False,
002330,2022-04-21,1212999747,得利斯：关于续聘会计师事务所的公告,廖家河,False,
002334,2022-04-27,1213142643,英威腾：关于续聘大华会计师事务所(特殊普通合伙)为2022年审计机构的公告,陈良,False,
002348,2020-05-30,1207876652,高乐股份：关于续聘2020年度审计机构的公告,拥有,False,
002350,2021-03-30,1209475860,北京科锐：关于续聘公司2021年度审计机构的公告,冯发明,False,
002350,2022-04-20,1212978605,北京科锐：关于续聘2022年度审计机构的公告,李洪,False,
002351,2020-04-29,1207657484,漫步者：关于续聘会计师事务所的公告,熊亚菊,False,
002354,2023-02-09,1215805041,天娱数科：关于拟续聘会计师事务所的公告,弓新平,False,
002354,2022-02-12,1212351301,天神娱乐：关于拟续聘会计师事务所的公告,唐卫强,False,
002356,2020-05-29,1207873249,*ST赫美：关于续聘会计师事务所的公告,拥有,False,
002368,2020-10-29,1208637758,太极股份：拟聘任会计师事务所的公告,唐卫强,False,
002379,2021-03-05,1209338246,宏创控股：关于拟续聘会计师事务所的公告,陈修俭,False,
002379,2022-02-28,1212459759,宏创控股：关于拟续聘会计师事务所的公告,何政,False,
002379,2020-03-20,1207387387,宏创控股：关于拟聘任会计师事务所的公告,拥有,False,
002380,2020-04-22,1207548223,科远智慧：关于续聘会计师事务所的公告,均具备,False,
002380,2021-04-24,1209789409,科远智慧：关于续聘会计师事务所的公告,均具备,False,
002382,2021-04-28,1209837798,蓝帆医疗：关于续聘公司2021年度审计机构的公告,李洪,False,
002388,2021-04-13,1209676877,新亚制程：关于拟续聘会计师事务所的公告,高军磊,False,
002388,2020-04-28,1207644122,新亚制程：关于拟续聘会计师事务所的公告,高军磊,False,
002387,2020-04-30,1207681025,维信诺：关于续聘会计师事务所的公告,包铁军,False,
002390,2022-04-15,1212922600,信邦制药：关于续聘2022年度审计机构的公告,胡彬,False,
002390,2023-04-18,1216436968,信邦制药：关于续聘2023年度审计机构的公告,胡彬,False,
002388,2022-04-28,1213171987,新亚制程：关于拟续聘会计师事务所的公告,龙湖川,False,
002392,2020-04-27,1207606785,北京利尔：关于续聘会计师事务所的公告,拥有,False,
002392,2021-04-21,1209738551,北京利尔：续聘会计师事务所的公告,刘仁勇,False,
002392,2022-04-26,1213105835,北京利尔：续聘会计师事务所的公告,肖献敏,False,
002392,2024-04-30,1219904127,北京利尔：续聘会计师事务所的公告,肖献敏,False,
002392,2023-03-24,1216201892,北京利尔：续聘会计师事务所的公告,肖献敏,False,
002394,2022-04-23,1213047650,联发股份：关于续聘2022年度审计机构的公告,姜纯友,False,
002394,2021-04-23,1209775706,联发股份：关于续聘2021年度审计机构的公告,李峻雄,False,
002395,2020-04-14,1207491191,双象股份：关于续聘公司2020年度审计机构的公告,包铁军,False,
002394,2023-04-25,1216555722,联发股份：LF2023-011 关于续聘2023年度审计机构的公告,张宇锋,False,
002395,2021-04-13,1209675400,双象股份：关于续聘公司2021年度审计机构的公告,王曙晖,False,
002391,2020-04-22,1207552099,长青股份：关于续聘会计师事务所的公告,孙淑平、肖厚祥,False,
002406,2021-04-27,1209810911,远东传动：拟续聘会计师事务所的公告,熊亚菊,False,
002406,2023-04-25,1216559457,远东传动：拟续聘会计师事务所的公告,王鑫,False,
002406,2022-04-26,1213101246,远东传动：拟续聘会计师事务所的公告,王鑫,False,
002406,2024-03-26,1219404706,远东传动：拟续聘会计师事务所的公告,王鑫,False,
002407,2020-04-24,1207583512,多氟多：关于续聘2020年度审计机构的公告,李峻雄,False,
002407,2021-04-26,1209788918,多氟多：关于续聘2021年度审计机构的公告,王力飞,False,
002407,2023-10-13,1218020023,多氟多：关于续聘2023年度财务审计机构和聘任2023年度内部控制审计机构的公告,刘文豪,False,
002404,2020-06-24,1207955129,嘉欣丝绸：关于续聘2020年度审计机构的公告,张松柏、蒋雪莲,False,
002407,2024-03-29,1219437802,多氟多：关于续聘2024年度财务审计和内部控制审计机构的公告,刘文豪,False,
002409,2020-10-30,1208650412,雅克科技：关于拟续聘会计师事务所的公告,均具备,False,
002424,2020-04-30,1207686256,贵州百灵：关于拟续聘会计师事务所的公告,陈焱鑫,False,
002426,2021-03-31,1209492688,*ST胜利：关于公司续聘会计师事务所的公告,顾春华,False,
002426,2022-04-19,1212960588,胜利精密：关于公司续聘会计师事务所的公告,吴舟,False,
002426,2023-12-12,1218579624,胜利精密：关于公司续聘会计师事务所的公告,吴舟,False,
002432,2021-04-28,1209834082,九安医疗：关于续聘2021年度审计机构的公告,熊亚菊,False,
002432,2023-04-29,1216694511,九安医疗：关于续聘2023年度审计机构的公告,徐士宝,False,
002432,2020-06-29,1207962259,九安医疗：关于续聘2020年度审计机构的公告,熊亚菊,False,
002433,2022-06-16,1213721793,太安堂：广东太安堂药业股份有限公司关于续聘2022年度审计机构的公告,张丽丹,False,
002432,2022-04-30,1213261215,九安医疗：关于续聘2022年度审计机构的公告,徐士宝,False,
002433,2023-04-29,1216703173,ST太安：广东太安堂药业股份有限公司关于续聘2023年度审计机构的公告,张丽丹,False,
002443,2024-04-20,1219693424,金洲管道：关于续聘2024年度审计机构的公告,郝学花,False,
002445,2020-08-28,1208280668,*ST中南：关于续聘会计师事务所的公告,均具备,False,
002448,2024-04-24,1219766416,中原内配：关于续聘会计师事务所的公告,王忻,False,
002448,2023-04-28,1216643418,中原内配：关于续聘会计师事务所的公告,王忻,False,
002450,2020-03-11,1207360226,*ST康得：关于拟变更会计师事务所的公告,均具备,False,
002455,2020-04-28,1207633820,百川股份：关于续聘会计师事务所的公告,均具备,False,
002451,2024-03-26,1219405534,摩恩电气：关于续聘2024年度审计机构的公告,郑奕,False,
002451,2023-10-24,1218123226,摩恩电气：关于拟变更会计师事务所的公告,郑奕,False,
002446,2020-04-30,1207686784,盛路通信：关于拟续聘会计师事务所的公告,姜干、廖文坚,False,
002462,2021-03-31,1209485675,嘉事堂：关于续聘会计师事务所的公告,赵宁,False,
002462,2020-04-28,1207644407,嘉事堂：关于续聘会计师事务所的公告,赵宁,False,
002462,2022-10-20,1214842926,嘉事堂：拟续聘会计师事务所的公告,赵宁,False,
002462,2023-10-31,1218199845,嘉事堂：拟续聘会计师事务所的公告,赵宁,False,
002467,2022-03-31,1212744543,二六三：关于公司续聘2022年度审计机构的公告,吴杉,False,
002467,2024-03-30,1219468955,二六三：关于公司续聘2024年度审计机构的公告,吴杉,False,
002451,2022-04-26,1213103372,摩恩电气：关于续聘 2022 年度审计机构的公告,赵敏,False,
002470,2021-04-30,1209872063,*ST金正：关于续聘会计师事务所的公告,拥有,False,
002465,2020-03-28,1207418356,海格通信：关于拟聘任会计师事务所的公告,吴震,False,
002478,2020-04-29,1207666968,常宝股份：关于续聘2020年度审计机构的公告,均具备,False,
002478,2022-03-18,1212609022,常宝股份：关于续聘2022年度审计机构的公告,均具备,False,
002478,2023-03-22,1216180851,常宝股份：关于续聘2023年度审计机构的公告,张雷,False,
002478,2021-03-09,1209353369,常宝股份：关于续聘2021年度审计机构的公告,均具备,False,
002478,2024-03-29,1219440556,常宝股份：关于续聘2024年度审计机构的公告,黄德明,False,
002480,2022-10-29,1214961103,新筑股份：关于续聘大信会计师事务所（特殊普通合伙）为公司2022年度审计机构的公告,陈修俭,False,
002491,2021-04-28,1209837926,通鼎互联：关于续聘天衡会计师事务所（特殊普通合伙）为公司2021年度审计机构的公告,陈莉,False,
002492,2021-08-31,1210925222,恒基达鑫：关于续聘公司2021年度审计机构的公告,包铁军,False,
002491,2023-04-29,1216700753,通鼎互联：关于续聘天衡会计师事务所（特殊普通合伙）为公司2023年度审计机构的公告,汪焕新,False,
002491,2024-04-27,1219867367,通鼎互联：关于续聘公司2024年度会计师事务所的公告,程正凤,False,
002491,2022-04-28,1213166915,通鼎互联：关于续聘天衡会计师事务所（特殊普通合伙）为公司2022年度审计机构的公告,汪焕新,False,
002494,2023-04-17,1216410623,华斯股份：续聘会计师事务所的公告,唐亚波,False,
002494,2022-04-15,1212924856,华斯股份：续聘会计师事务所的公告,包铁军,False,
002494,2021-04-10,1209664907,华斯股份：续聘会计师事务所的公告,王曙晖,False,
002495,2020-04-29,1207663420,佳隆股份：关于续聘会计师事务所的公告,钟宇、宣宜辰,False,
002496,2020-04-29,1207664203,辉丰股份：关于续聘2020年度审计机构的公告,张凯,False,
002501,2020-03-31,1207431907,*ST利源：关于变更会计师事务所的公告,中国,False,
002501,2022-10-28,1214943379,利源精制：关于拟变更会计师事务所的公告,熊亚菊,False,
002501,2020-06-24,1207956956,*ST利源：关于续聘2020年度审计机构的公告,支力、穆笛,False,
002508,2020-04-28,1207637549,老板电器：关于续聘公司2020年度审计机构的公告,张昆,False,
002513,2022-04-16,1212943678,蓝丰生化：关于续聘公司2022年度审计机构的公告,徐雅芬,False,
002513,2023-04-27,1216627436,蓝丰生化：关于续聘公司2023年度审计机构的公告,徐雅芬,False,
002521,2021-03-27,1209462418,齐峰新材：关于续聘会计师事务所的公告,陈修俭,False,
002521,2023-04-04,1216320067,齐峰新材：关于续聘会计师事务所的公告,史华宾,False,
002521,2022-04-23,1213047890,齐峰新材：关于续聘会计师事务所的公告,韩赟云,False,
002522,2023-10-31,1218200165,浙江众成：关于拟续聘公司2023年度审计机构的公告,田书伟,False,
002522,2023-01-07,1215537772,浙江众成：关于拟变更公司2022年度审计机构的公告,田书伟,False,
002534,2020-03-31,1207427372,杭锅股份：关于拟续聘2020年度审计机构的公告,陈剑威,False,
002536,2022-04-22,1213017107,飞龙股份：关于续聘会计师事务所的公告,刘涛,False,
002536,2021-04-21,1209737307,飞龙股份：关于续聘会计师事务所的公告,熊亚菊,False,
002536,2024-04-12,1219580522,飞龙股份：关于续聘会计师事务所的公告,刘涛,False,
002536,2020-04-24,1207589394,飞龙股份：关于续聘会计师事务所的公告,李峻雄,False,
002538,2021-04-29,1209853621,司尔特：关于续聘会计师事务所的公告,褚诗炜,False,
002536,2023-04-28,1216644952,飞龙股份：关于续聘会计师事务所的公告,刘涛,False,
002540,2020-04-28,1207642433,亚太科技：关于续聘会计师事务所的公告,均具备,False,
002540,2024-04-23,1219739668,亚太科技：关于续聘会计师事务所的公告,黄德明,False,
002540,2023-04-25,1216564113,亚太科技：关于续聘会计师事务所的公告,黄德明,False,
002541,2021-03-31,1209484238,鸿路钢构：关于续聘2021年度审计机构的公告,郑俭,False,
002544,2023-06-02,1216967982,普天科技：关于续聘会计师事务所的公告,李洪,False,
002543,2020-04-30,1207685679,万和电气：关于续聘2020年度审计机构的公告,范晓红,False,
002546,2023-04-15,1216419159,新联电子：关于拟聘任会计师事务所的公告,张雷,False,
002546,2024-04-13,1219598552,新联电子：关于拟续聘会计师事务所的公告,张雷,False,
002547,2020-04-29,1207666738,春兴精工：关于拟续聘2020年度审计机构的公告,许洪磊,False,
002550,2022-04-23,1213048140,千红制药：关于拟续聘会计师事务所的公告,张雷,False,
002550,2023-04-15,1216411156,千红制药：关于拟续聘会计师事务所的公告,张雷,False,
002550,2020-04-25,1207609295,千红制药：关于续聘会计师事务所的公告,均具备,False,
002552,2023-03-31,1216272187,宝鼎科技：关于续聘公司2023年度审计机构的公告,朴仁花,False,
002552,2022-12-15,1215356237,宝鼎科技：关于拟变更公司会计师事务所的公告,李峻雄,False,
002552,2024-04-11,1219567656,宝鼎科技：关于续聘公司2024年度审计机构的公告,朴仁花,False,
002556,2022-04-22,1213026742,辉隆股份：公司关于续聘2022年度财务报告审计机构和内部控制审计机构的公告,叶善武,False,
002556,2021-12-08,1211837134,辉隆股份：公司关于聘任2021年度内部控制审计机构的公告,李海成,False,
002556,2021-04-21,1209739693,辉隆股份：公司关于续聘2021年度财务报告审计机构的公告,李海成,False,
002560,2022-03-19,1212625514,通达股份：关于续聘会计师事务所的公告,拥有,False,
002560,2021-04-16,1209703432,通达股份：关于续聘会计师事务所的公告,拥有,False,
002560,2023-03-15,1216118344,通达股份：关于续聘会计师事务所的公告,拥有,False,
002563,2020-04-27,1207604098,森马服饰：关于拟聘请会计师事务所的公告,钟建栋,False,
002565,2021-04-30,1209864316,顺灏股份：拟聘任会计师事务所的公告,万玲玲,False,
002565,2023-04-27,1216612807,顺灏股份：关于拟续聘会计师事务所的公告,刘融、万玲玲,False,
002565,2022-04-30,1213252544,顺灏股份：2022-011 关于拟聘任会计师事务所的公告,刘融、万玲玲,False,
002565,2024-04-30,1219913773,顺灏股份：关于拟续聘2024年会计师事务所的公告,刘融、万玲玲,False,
002572,2023-04-10,1216357028,索菲亚：关于聘任2023年度审计机构的公告,梁肖林,False,
002572,2020-03-24,1207394833,索菲亚：关于续聘2020年度审计机构的公告,姜干、张宁,False,
002572,2021-04-12,1209668884,索菲亚：关于续聘2021年度审计机构的公告,姜干,False,
002572,2022-04-12,1212886332,索菲亚：关于聘任2022年度审计机构的公告,李新航,False,
002574,2020-04-30,1207678895,明牌珠宝：关于拟续聘会计师事务所的公告,梁正勇,False,
002578,2021-08-28,1210898824,闽发铝业：关于续聘会计师事务所的公告,林玉枝,False,
002578,2022-10-28,1214936987,闽发铝业：关于续聘会计师事务所的公告,张果林,False,
002578,2020-04-29,1207659835,闽发铝业：关于续聘2020年度审计机构的公告,孙银美,False,
002578,2023-04-07,1216343448,闽发铝业：关于续聘会计师事务所的公告,张慧玲,False,
002576,2020-04-21,1207538101,通达动力：关于续聘会计师事务所的公告,刘桢、杨志平,False,
002585,2022-03-28,1212687975,双星新材：关于续聘2022年审计机构的公告,戎凯宇,False,
002590,2020-04-30,1207685147,万安科技：关于续聘公司2020年度审计机构的公告,沈利刚、陈科举,False,
002591,2020-05-26,1207858327,恒大高新：关于续聘2020年度审计机构的公告,拥有,False,
002594,2022-03-30,1212730510,比亚迪：拟聘任会计师事务所的公告,李贇,False,
002591,2023-04-26,1216589663,恒大高新：关于续聘2023年度审计机构的公告,李晓梅,False,
002591,2024-04-25,1219793778,恒大高新：关于续聘2024年度审计机构的公告,李晓梅,False,
002594,2021-03-30,1209476363,比亚迪：拟聘任会计师事务所的公告,李贇,False,
002594,2023-03-29,1216246592,比亚迪：拟聘任会计师事务所的公告,李贇,False,
002594,2024-03-27,1219412050,比亚迪：聘任会计师事务所的公告,李勇,False,
002599,2020-04-29,1207658852,盛通股份：关于续聘立信会计师事务所（特殊普通合伙）为公司2020年度审计机构的公告,许来正、张福建,False,
002611,2021-03-30,1209477769,东方精工：关于拟聘任公司2021年度审计机构的公告,黄寅,False,
002610,2020-04-30,1207682317,爱康科技：关于续聘2020年度审计机构的公告,郭香,False,
002611,2022-03-15,1212569149,东方精工：关于续聘公司2022年度审计机构的公告,黄寅,False,
002611,2020-04-28,1207642557,东方精工：关于拟聘任2020年度审计机构的公告,宣宜辰,False,
002611,2023-03-28,1216238287,东方精工：关于续聘公司2023年度审计机构的公告,黄寅,False,
002611,2024-03-28,1219428454,东方精工：关于聘任2024年度审计机构的公告,黄寅,False,
002612,2020-04-21,1207539344,朗姿股份：关于拟聘任会计师事务所的公告,中国,False,
002614,2020-04-28,1207641527,奥佳华：关于续聘2020年度审计机构的公告,中国,False,
002615,2020-04-28,1207639789,哈尔斯：关于拟续聘2020年度会计师事务所的公告,马章松,False,
002617,2023-12-14,1218605114,露笑科技：关于续聘2023年度审计机构的公告,程银春,False,
002617,2022-11-23,1215174701,露笑科技：关于拟变更2022年度审计机构的公告,包铁军,False,
002626,2022-04-12,1212884192,金达威：关于拟续聘2022年度审计机构的公告,江强,False,
002626,2024-04-30,1219912976,金达威：关于拟续聘2024年度审计机构的公告,饶海兵,False,
002628,2021-03-19,1209410957,成都路桥：关于续聘2021年度审计机构的公告,李峻雄,False,
002626,2023-04-20,1216473309,金达威：关于拟续聘2023年度审计机构的公告,江强,False,
002628,2022-03-30,1212728248,成都路桥：关于续聘2022年度审计机构的公告,李峻雄,False,
002624,2020-04-24,1207585343,完美世界：关于续聘会计师事务所的公告,杨贵鹏、刘海山,False,
002635,2020-09-29,1208505955,安洁科技：关于续聘2020年度审计机构的公告,徐雅芬均,False,
002634,2023-04-18,1216440656,棒杰股份：关于续聘2023年度审计机构的公告,杨峰安,False,
002626,2020-04-16,1207506967,金达威：关于续聘2020年度审计机构的公告,江强、胡敬东,False,
002634,2020-04-25,1207603048,棒杰股份：关于续聘2020年度审计机构的公告,谢骞,False,
002639,2022-04-28,1213176966,雪人股份：关于续聘公司2022年度审计机构的公告,包铁军,False,
002644,2021-10-16,1211289036,佛慈制药：关于聘任会计师事务所的更正公告,刘会锋,False,
002642,2020-10-13,1208538208,荣联科技：关于拟聘任会计师事务所的公告,熊亚菊,False,
002644,2021-10-16,1211288053,佛慈制药：关于聘任会计师事务所的公告,刘会锋,False,
002645,2020-04-30,1207679427,华宏科技：关于续聘会计师事务所的公告,均具备,False,
002645,2023-04-28,1216660509,华宏科技：关于续聘会计师事务所的公告,王微,False,
002646,2021-04-27,1209812258,青青稞酒：关于续聘大信会计师事务所（特殊普通合伙）为公司2021年度审计机构的公告,冯发明,False,
002645,2024-04-26,1219830782,华宏科技：关于续聘会计师事务所的公告,王微,False,
002646,2022-04-26,1213100805,天佑德酒：关于续聘大信会计师事务所（特殊普通合伙）为公司2022年度审计机构的公告,冯发明,False,
002646,2024-04-19,1219667616,天佑德酒：关于续聘大信会计师事务所（特殊普通合伙）为公司2024年度审计机构的公告,李成亮,False,
002649,2022-03-23,1212642847,博彦科技：关于续聘2022年度审计机构的公告,高峰,False,
002649,2023-04-20,1216472770,博彦科技：关于续聘2023年度审计机构的公告,许菊萍,False,
002634,2022-04-28,1213169289,棒杰股份：关于续聘2022年度审计机构的公告,谢骞,False,
002658,2021-04-09,1209658125,雪迪龙：雪迪龙关于拟续聘会计师事务所的公告,唐卫强,False,
002664,2022-03-18,1212609589,长鹰信质：关于拟续聘会计师事务所的公告,包铁军,False,
002664,2021-04-16,1209702410,长鹰信质：关于拟续聘会计师事务所的公告,包铁军,False,
002670,2021-04-24,1209795291,国盛金控：关于续聘2021年度财务审计机构的公告,李琪友,False,
002670,2021-01-04,1209034528,国盛金控：关于续聘2020年度财务审计机构的公告,李琪友,False,
002666,2024-04-18,1219651469,德联集团：关于续聘公司2024年度审计机构的公告,宁宇妮,False,
002670,2022-04-16,1212942552,国盛金控：关于续聘2022年度财务审计机构的公告（2022-011）,蔡月波,False,
002670,2023-04-07,1216346425,国盛金控：关于续聘2023年度财务审计机构的公告（2023-011）,蔡月波,False,
002678,2020-04-18,1207522898,珠江钢琴：关于拟续聘会计师事务所的公告,李新航,False,
002690,2021-04-08,1209647689,美亚光电：关于拟聘任会计师事务所的公告,李海成,False,
002693,2021-04-21,1209737094,双成药业：海南双成药业股份有限公司关于拟聘任会计师事务所的公告,拥有,False,
002693,2022-04-08,1212838086,双成药业：海南双成药业股份有限公司关于拟变更会计师事务所的公告,江燕中国,False,
002693,2024-04-30,1219912340,双成药业：海南双成药业股份有限公司关于拟续聘会计师事务所的公告,周力,False,
002693,2023-10-28,1218184188,双成药业：海南双成药业股份有限公司关于拟续聘会计师事务所的公告,刘雪娇,False,
002687,2020-04-16,1207505770,乔治白：关于拟聘任会计师事务所的公告,钟建栋、李勇平,False,
002699,2021-04-30,1209872198,美盛文化：关于续聘会计师事务所的公告,郝学花,False,
002702,2021-04-21,1209737578,海欣食品：关于续聘公司2021年度审计机构的公告,李海成,False,
002705,2020-04-28,1207636801,新宝股份：拟续聘会计师事务所的公告,廖文坚、张锦坤,False,
002695,2020-03-14,1207371967,煌上煌：关于拟续聘会计师事务所的公告,倪一琳、王一芳,False,
002695,2022-04-29,1213198402,煌上煌：关于拟续聘会计师事务所的公告,倪一琳、严劼,False,
002719,2020-11-24,1208783537,*ST麦趣：关于聘请会计师事务所的公告,谭寿成,False,
002718,2020-04-27,1207621227,友邦吊顶：关于续聘会计师事务所的公告,李海兵、赵敏,False,
002723,2020-04-03,1207451906,金莱特：关于拟聘任会计师事务所的公告,拥有,False,
002724,2022-08-30,1214440988,海洋王：关于2022年度续聘会计师事务所的公告,邱俊洲,False,
002724,2021-04-16,1209704285,海洋王：关于2021年度续聘会计师事务所的公告,包铁军,False,
002724,2024-04-23,1219744787,海洋王：关于2024年度续聘会计师事务所的公告,闫志勇,False,
002722,2020-04-30,1207684263,金轮股份：关于拟续聘会计师事务所的公告,严劼、杨志平,False,
002731,2020-12-24,1208970958,萃华珠宝：关于续聘2020年度审计机构的公告,陈凯,False,
002739,2021-04-29,1209848299,万达电影：关于续聘会计师事务所的公告,拥有,False,
002739,2020-04-30,1207679950,万达电影：关于续聘会计师事务所的公告,拥有,False,
002739,2022-04-29,1213203309,万达电影：关于续聘会计师事务所的公告,拥有,False,
002740,2021-04-30,1209872767,爱迪尔：关于拟续聘公司2021年度审计机构的公告,唐卫强,False,
002739,2023-04-28,1216649470,万达电影：关于续聘会计师事务所的公告,拥有,False,
002739,2024-04-30,1219913315,万达电影：关于续聘会计师事务所的公告,拥有,False,
002740,2020-05-30,1207878412,爱迪尔：关于续聘公司2020年度审计机构的公告,李琪友,False,
002748,2022-04-28,1213176635,世龙实业：关于续聘会计师事务所的公告,熊亚菊,False,
002751,2021-04-23,1209775762,易尚展示：关于续聘2021年度审计机构的公告,王曙晖,False,
002752,2023-04-28,1216651939,昇兴股份：关于公司续聘会计师事务所的公告,吴莉莉,False,
002752,2022-04-28,1213164398,昇兴股份：关于公司续聘2022年度审计机构的公告,郭晓鹏,False,
002752,2024-04-30,1219917841,昇兴股份：关于公司续聘会计师事务所的公告,吴莉莉,False,
002760,2022-04-09,1212855585,凤形股份：关于续聘会计师事务所的公告,赖华林,False,
002760,2021-12-04,1211791957,凤形股份：关于变更会计师事务所的公告,赖华林,False,
002760,2023-04-29,1216685009,凤形股份：关于续聘公司2023年度审计机构的公告,赖华林,False,
002761,2020-04-30,1207682720,多喜爱：关于续聘2020年度会计师事务所的的公告,于波成,False,
002780,2022-01-20,1212218927,三夫户外：关于拟续聘会计师事务所的公告,刘润、王英航,False,
002758,2022-04-27,1213133374,浙农股份：关于续聘2022年度会计师事务所的公告,唐国骏,False,
002780,2024-01-13,1218870588,三夫户外：关于拟续聘会计师事务所的公告,孟红兵、王英航,False,
002780,2022-04-28,1213161423,三夫户外：关于拟续聘会计师事务所的公告,刘润、王英航,False,
002777,2020-04-27,1207604486,久远银海：关于续聘会计师事务所的公告,毛玥明、杨志平,False,
002785,2022-04-20,1212979818,万里石：关于续聘公司2022年度财务审计机构及内部控制审计机构的公告,包铁军,False,
002785,2023-04-26,1216589678,万里石：关于续聘公司2023年度财务审计机构及内部控制审计机构的公告,唐亚波,False,
002787,2024-03-29,1219446858,华源控股：关于续聘天健会计师事务所（特殊普通合伙）为公司2024年度审计机构的公告,何时,False,
002788,2022-04-26,1213100912,鹭燕医药：关于拟续聘审计机构的公告,欧维义,False,
002788,2021-04-28,1209826891,鹭燕医药：关于拟续聘审计机构的公告,欧维义,False,
002788,2020-04-30,1207682350,鹭燕医药：关于公司拟续聘会计师事务所的公告,林玉枝,False,
002788,2023-04-18,1216435986,鹭燕医药：关于拟续聘2023年度财务审计机构与内部控制审计机构的公告,沈重,False,
002789,2022-12-01,1215244035,建艺集团：关于变更会计师事务所暨聘任2022年度审计机构的公告,刘升文,False,
002782,2021-03-26,1209452975,可立克：关于续聘公司2021年度外部审计机构的公告,曾小生,False,
002798,2022-11-22,1215168081,帝欧家居：关于续聘会计师事务所的公告,张宇,False,
002800,2022-01-28,1212299033,天顺股份：关于续聘会计师事务所的公告,冯发明,False,
002800,2023-02-11,1215831377,天顺股份：关于续聘会计师事务所的公告,冯发明,False,
002797,2020-03-31,1207429945,第一创业：关于续聘2020年度会计师事务所的公告,赵敏、倪一琳,False,
002782,2022-06-14,1213690547,可立克：关于续聘公司2022年度外部审计机构的公告,谈侃,False,
002800,2023-12-13,1218590626,ST天顺：关于续聘会计师事务所的公告,冯发明,False,
002802,2021-04-27,1209807809,洪汇新材：关于续聘会计师事务所的公告,均具备,False,
002802,2020-04-20,1207523403,洪汇新材：关于续聘会计师事务所的公告,均具备,False,
002802,2022-04-30,1213248601,洪汇新材：关于续聘会计师事务所的公告,均具备,False,
002803,2020-04-15,1207497559,吉宏股份：关于续聘会计师事务所的公告,田阡,False,
002805,2023-01-14,1215605464,丰元股份：关于拟续聘会计师事务所的公告,冯发明,False,
002805,2023-08-31,1217713212,丰元股份：关于拟续聘会计师事务所的公告,冯发明,False,
002805,2024-04-27,1219866007,丰元股份：关于拟续聘会计师事务所的公告,肖霞,False,
002812,2022-04-12,1212886540,恩捷股份：关于续聘大华会计师事务所（特殊普通合伙）为公司2022年度财务审计机构和内部控制审计机构的公告,吕志,False,
002812,2023-03-03,1216042650,恩捷股份：关于续聘大华会计师事务所（特殊普通合伙）为公司2023年度财务审计机构和内部控制审计机构的公告,吕志,False,
002813,2021-04-30,1209868363,路畅科技：关于拟续聘会计师事务所的公告,李琪友,False,
002812,2024-04-25,1219795066,恩捷股份：关于续聘大华会计师事务所（特殊普通合伙）为公司2024年度财务审计机构和内部控制审计机构的公告,吕志,False,
002813,2023-11-30,1218478083,路畅科技：关于聘请会计师事务所的公告,王齐,False,
002819,2023-11-14,1218323313,东方中科：关于续聘会计师事务所的公告,刘毅,False,
002820,2024-04-09,1219539140,桂发祥：关于拟续聘2024年度审计机构的公告,禹正凡,False,
002798,2021-03-31,1209491669,帝欧家居：关于续聘会计师事务所的公告,张宇,False,
002828,2022-04-22,1213029250,贝肯能源：关于续聘2022年度财务审计机构的公告,黄德明,False,
002828,2020-04-28,1207632936,贝肯能源：关于续聘2020年度财务审计机构的补充公告,均具备,False,
002828,2023-04-28,1216661585,贝肯能源：关于续聘2023年度财务审计机构的公告,黄德明,False,
002828,2024-04-02,1219490800,贝肯能源：关于续聘2024年度财务审计机构的公告,黄德明,False,
002827,2020-12-28,1209005232,高争民爆：关于续聘2020年审计机构的公告,张金华、强桂英,False,
002840,2020-04-25,1207606352,华统股份：关于续聘2020年度审计机构的公告,吴志辉,False,
002833,2020-04-28,1207641181,弘亚数控：关于续聘公司2020年度审计机构的公告,张琦、刘泽波,False,
002841,2020-04-25,1207609094,视源股份：关于续聘会计师事务所的公告,黄春燕、王耀华,False,
002846,2020-08-18,1208188335,英联股份：关于续聘2020年度审计机构的公告,柴喜峰、谢晖,False,
002820,2022-04-23,1213054103,桂发祥：关于拟续聘2022年度审计机构的公告,张帆,False,
002855,2022-08-27,1214426772,捷荣技术：关于聘任公司2022年度财务和内控审计机构的公告,龚晨艳,False,
002855,2023-04-27,1216623044,捷荣技术：关于续聘公司2023年度财务和内控审计机构的公告,龚晨艳,False,
002855,2023-12-14,1218609437,捷荣技术：关于变更2023年度审计机构的公告,李春玉,False,
002858,2020-04-08,1207462754,力盛赛车：续聘2020年度审计机构的公告,毛育晖,False,
002862,2020-12-04,1208850052,实丰文化：关于拟聘任会计师事务所的公告,林灵慧,False,
002867,2021-10-23,1211363670,周大生：关于拟聘任会计师事务所的公告,谢枫,False,
002868,2020-04-27,1207606904,绿康生化：关于拟续聘2020年度审计机构的公告,李惠丰,False,
002864,2020-04-21,1207540989,盘龙药业：关于续聘2020年度审计机构的公告,陈科举、姚丽强,False,
002873,2023-12-09,1218563630,新天药业：关于变更2023年度财务和内部控制审计机构的公告,谢俊,False,
002875,2021-04-29,1209851141,安奈儿：拟续聘会计师事务所的公告,吴常华,False,
002875,2022-12-24,1215443027,安奈儿：关于拟续聘会计师事务所的公告,黄志业,False,
002880,2022-07-27,1214137260,卫光生物：关于续聘公司2022年度审计机构的公告,宋治忠,False,
002883,2023-04-22,1216514652,中设股份：江苏中设集团股份有限公司关于2023年度公司审计机构聘任的公告,王微,False,
002883,2022-04-29,1213199475,中设股份：江苏中设集团股份有限公司关于2022年度公司审计机构聘任的公告,张雷,False,
002884,2020-04-29,1207663569,凌霄泵业：关于续聘天衡会计师事务所（特殊普通合伙）为公司2020年度审计机构的公告,时间,False,
002883,2024-06-28,1220480732,中设股份：江苏中设集团股份有限公司关于2024年度公司审计机构聘任的公告,张雷,False,
002883,2020-04-18,1207522208,中设股份：关于2020年度公司审计机构聘任的公告,均具备,False,
002885,2020-12-08,1208865152,京泉华：关于公司续聘2020年度审计机构的公告,包铁军,False,
002885,2021-12-15,1211906439,京泉华：关于公司续聘2021年度审计机构的公告,包铁军,False,
002887,2020-04-28,1207639286,绿茵生态：关于续聘2020年度审计机构的公告,李海成,False,
002885,2022-12-31,1215493612,京泉华：关于续聘2022年度审计机构的公告,林映雪,False,
002887,2023-08-29,1217672464,绿茵生态：关于续聘2023年度审计机构的公告,王书阁,False,
002890,2021-04-16,1209702473,弘宇股份：关于续聘2021年度审计机构的公告,陈修俭,False,
002890,2024-04-18,1219649229,弘宇股份：关于续聘公司2024年度审计机构的公告,肖霞,False,
002890,2022-12-10,1215315196,弘宇股份：关于续聘公司2022年度审计机构的公告,冯发明,False,
002891,2024-04-23,1219735238,中宠股份：关于续聘公司2024年度审计机构的公告,张勇,False,
002890,2023-04-25,1216549018,弘宇股份：关于续聘公司2023年度审计机构的公告,拥有,False,
002900,2021-04-28,1209827722,哈三联：关于拟续聘2021年度会计师事务所的公告,杨洪武,False,
002900,2023-04-26,1216586296,哈三联：关于拟续聘2023年度会计师事务所的公告,王新英,False,
002900,2022-04-27,1213126778,哈三联：关于拟续聘2022年度会计师事务所的公告,杨洪武,False,
002900,2024-04-26,1219815742,哈三联：关于拟续聘2024年度会计师事务所的公告,王新英,False,
002897,2020-05-28,1207866022,意华股份：关于续聘会计师事务所的公告,凌燕、钟建栋,False,
002907,2024-04-10,1219550597,华森制药：关于续聘2024年度会计师事务所的公告,陈伟,False,
002910,2024-04-27,1219871798,庄园牧场：兰州庄园牧场股份有限公司关于拟续聘公司2024年度会计师事务所的公告,刘会锋,False,
002912,2022-03-16,1212581871,中新赛克：关于续聘2022年度审计机构的公告,王士玮,False,
002912,2023-03-17,1216138928,中新赛克：关于续聘2023年度审计机构的公告,王士玮,False,
002912,2024-03-15,1219307626,中新赛克：关于续聘2024年度审计机构的公告,赵敏,False,
002912,2021-09-25,1211144848,中新赛克：关于变更2021年度审计机构的公告,杜志强,False,
002913,2023-08-10,1217501428,奥士康：奥士康科技股份有限公司关于拟变更会计师事务所的公告,吴建初,False,
002915,2023-04-25,1216548480,中欣氟材：关于续聘立信会计师事务所（特殊普通合伙）的公告,郭宪明,False,
002915,2024-04-16,1219624068,中欣氟材：关于续聘立信会计师事务所（特殊普通合伙）的公告,里全、郭宪明,False,
002923,2021-04-23,1209775250,润都股份：关于续聘公司2021年度审计机构的公告,包铁军,False,
002923,2023-04-27,1216620167,润都股份：珠海润都制药股份有限公司关于续聘会计师事务所的公告,张立,False,
002933,2020-04-28,1207640597,新兴装备：关于续聘2020年度审计机构的公告,李峻雄,False,
002932,2023-04-21,1216487101,明德生物：关于续聘2023年度审计机构的公告,揭明,False,
002933,2021-04-29,1209850152,新兴装备：关于续聘2021年度审计机构的公告,李峻雄,False,
002937,2020-03-27,1207409073,兴瑞科技：关于续聘会计师事务所的公告,张帅益,False,
002939,2020-12-05,1208857346,长城证券：关于续聘2020年度会计师事务所的公告,曾浩,False,
002939,2021-12-10,1211866312,长城证券：关于拟续聘会计师事务所的公告,韩健,False,
002951,2023-04-14,1216406530,金时科技：关于续聘公司2023年度会计师事务所的公告,吕卫星,False,
002951,2020-04-10,1207471094,金时科技：关于续聘2020年度审计机构的公告,均具备,False,
002951,2024-03-28,1219430391,ST金时：关于续聘会计师事务所的公告,付敏敏,False,
002950,2021-04-30,1209870166,奥美医疗：关于聘任会计师事务所的公告,朱锦梅,False,
002971,2020-04-29,1207654567,和远气体：关于续聘公司2020年度审计机构公告,李顺利,False,
002975,2020-04-22,1207550420,博杰股份：关于续聘会计师事务所的公告,王柳,False,
002985,2023-04-20,1216480765,北摩高科：关于拟续聘2022年年度审计机构的公告(1),张福建、李璟,False,
002987,2021-04-15,1209690513,京北方：关于续聘会计师事务所的公告,齐春艳,False,
002987,2024-04-13,1219596716,京北方：关于续聘会计师事务所的公告,王军,False,
002995,2021-04-28,1209832551,天地在线：关于续聘会计师事务所的公告,齐春艳,False,
003008,2021-04-09,1209655683,开普检测：关于续聘2021年度审计机构的公告,郝学花,False,
003008,2023-04-20,1216475689,开普检测：关于续聘2023年度审计机构的公告,郝学花,False,
003008,2022-08-19,1214331762,开普检测：关于续聘2022年度审计机构及聘任2022年度内部控制审计机构的公告,郝学花,False,
003008,2024-04-22,1219701311,开普检测：关于续聘2024年度审计机构的公告,郝学花,False,
003022,2020-12-23,1208965444,联泓新科：关于续聘公司2020年度审计机构的公告,唐炫,False,
003028,2021-04-20,1209723861,振邦智能：关于续聘会计师事务所的公告,包铁军,False,
003028,2021-02-26,1209306537,振邦智能：关于变更会计师事务所的公告,包铁军,False,
003028,2023-03-30,1216260612,振邦智能：关于续聘2023年度审计机构的公告,王荣俊,False,
003028,2022-04-12,1212885156,振邦智能：关于续聘2022年度审计机构的公告,包铁军,False,
003028,2024-03-29,1219449052,振邦智能：关于续聘2024年度审计机构的公告,王荣俊,False,
002985,2022-04-16,1212944095,北摩高科：2022-014 关于拟续聘2022年年度审计机构的公告,张福建、强桂英,False,
003031,2021-04-22,1209758334,中瓷电子：关于续聘2021年度审计机构的公告,熊亚菊,False,
003031,2022-04-22,1213020442,中瓷电子：关于续聘2022年度审计机构的公告,张旭光,False,
003031,2023-03-31,1216281643,中瓷电子：关于续聘2023年度审计机构的公告,张旭光,False,
003036,2021-04-15,1209690771,泰坦股份：关于续聘公司2021年度审计机构的公告,洪建良,False,
003035,2022-10-29,1214964242,南网能源：关于拟变更会计师事务所的公告,冯发明,False,
003037,2021-04-27,1209814842,三和管桩：关于公司聘任2021年度审计机构的公告,王建民,False,
003037,2022-04-28,1213162896,三和管桩：关于公司聘任2022年度审计机构的公告,黄志业,False,
003037,2023-04-28,1216642559,三和管桩：关于公司聘任2023年度审计机构的公告,黄志业,False,
300006,2021-03-31,1209491492,莱美药业：关于续聘会计师事务所的公告,何均,False,
300009,2022-03-31,1212752185,安科生物：关于续聘公司2022年度审计机构的公告,张亚楠,False,
300009,2023-03-28,1216234816,安科生物：关于续聘公司2023年度审计机构的公告,熊明峰,False,
300012,2022-04-25,1213052737,华测检测：关于续聘公司2022年度审计机构的公告,李琪友,False,
300012,2021-04-21,1209738799,华测检测：关于续聘公司2021年度审计机构的公告,李琪友,False,
300012,2023-12-13,1218589928,华测检测：关于变更会计师事务所的公告,王晓明,False,
300012,2023-04-25,1216547858,华测检测：关于续聘公司2023年度审计机构的公告,黄海波,False,
300012,2024-04-19,1219668550,华测检测：关于续聘公司2024年度审计机构的公告,王晓明,False,
300020,2021-04-28,1209835308,银江股份：关于续聘2021年度审计机构的公告,曹雯均,False,
300018,2020-04-28,1207644888,中元股份：关于续聘2020年审计机构的公告,宋刚,False,
300020,2022-04-15,1212918596,银江技术：关于续聘2022年度审计机构的公告,姜云峰均,False,
300020,2023-10-28,1218181476,银江技术：关于续聘2023年度审计机构的公告,姜云峰均,False,
300031,2021-04-24,1209792865,宝通科技：关于续聘2021年度审计机构的公告,吴舟,False,
300037,2023-03-28,1216237814,新宙邦：关于拟聘任会计师事务所的公告,高冲,False,
300037,2021-03-26,1209454155,新宙邦：关于拟聘任会计师事务所的公告,张飞,False,
300037,2022-03-29,1212707230,新宙邦：关于拟聘任会计师事务所的公告,高冲,False,
300039,2020-04-27,1207612459,上海凯宝：关于续聘2020年度审计机构的公告,刘云,False,
300041,2020-04-27,1207638271,回天新材：关于续聘会计师事务所的公告,李顺利,False,
300041,2021-04-09,1209657121,回天新材：关于续聘会计师事务所的公告,崔松,False,
300042,2021-04-27,1209817427,朗科科技：关于拟续聘会计师事务所的公告,王曙晖,False,
300044,2023-12-05,1218511179,赛为智能：关于续聘公司2023年度审计机构的公告,王季民,False,
300046,2021-04-24,1209790525,台基股份：关于拟续聘会计师事务所的公告,李海成,False,
300046,2024-04-17,1219635925,台基股份：关于拟续聘会计师事务所的公告,宋婉春,False,
300046,2022-04-22,1213021841,台基股份：关于拟续聘会计师事务所的公告,李海成,False,
300046,2023-04-14,1216405983,台基股份：关于拟续聘会计师事务所的公告,夏利忠,False,
300049,2023-04-27,1216614674,福瑞股份：关于续聘会计师事务所的公告,李峰,False,
300049,2022-04-28,1213160374,福瑞股份：关于续聘会计师事务所的公告,李峻雄,False,
300049,2024-04-29,1219866735,福瑞股份：关于续聘会计师事务所的公告,李峰,False,
300050,2022-08-25,1214386326,世纪鼎利：关于续聘2022年度会计师事务所的公告,王曙晖,False,
300050,2021-02-27,1209311910,世纪鼎利：关于续聘会计师事务所的公告,包铁军,False,
300050,2020-04-24,1207587138,世纪鼎利：关于续聘会计师事务所的公告,包铁军,False,
300056,2022-04-27,1213147538,中创环保：关于续聘会计师事务所的公告,李峻雄,False,
300056,2021-02-27,1209310857,中创环保：关于续聘会计师事务所的公告,李峻雄,False,
300063,2021-08-30,1210894359,天龙集团：广东天龙科技集团股份有限公司关于聘请大华会计师事务所（特殊普通合伙）为公司2021年度审计机构的公告,王曙晖,False,
300057,2024-04-10,1219550800,万顺新材：关于续聘公司2024年度审计机构的公告,汤艳群,False,
300059,2020-04-10,1207470970,东方财富：关于拟续聘会计师事务所的公告,朱育勤、姚辉,False,
300057,2023-04-11,1216369321,万顺新材：关于续聘公司2023年度审计机构的公告,汤艳群,False,
300063,2022-10-28,1214937016,天龙集团：关于聘请大华会计师事务所（特殊普通合伙）为公司2022年度审计机构的公告,王曙晖,False,
300069,2020-04-28,1207645547,金利华电：关于续聘公司2020年度审计机构的公告,李峻雄,False,
300076,2021-09-11,1211008593,GQY视讯：关于续聘审计机构的公告,方志刚,False,
300078,2020-04-30,1207684676,思创医惠：关于续聘天健会计师事务所（特殊普通合伙）为公司2020年度审计机构的公告,陈丘刚,False,
300079,2021-08-24,1210828574,数码视讯：数码视讯关于聘请会计师事务所的公告,李峻雄,False,
300079,2022-10-25,1214880007,数码视讯：数码视讯关于聘请会计师事务所的公告,李峻雄,False,
300079,2023-10-20,1218093154,数码视讯：数码视讯关于聘请会计师事务所的公告,高世茂,False,
300084,2021-04-17,1209712974,海默科技：关于拟续聘任会计师事务所的公告,刘会锋,False,
300084,2022-04-23,1213060687,海默科技：关于拟续聘任会计师事务所的公告,刘会锋,False,
300087,2021-04-23,1209772495,荃银高科：关于续聘会计师事务所的公告,刘仁勇,False,
300087,2022-08-26,1214408490,荃银高科：关于续聘会计师事务所的公告,刘仁勇,False,
300087,2023-03-18,1216147564,荃银高科：关于续聘会计师事务所的公告,刘仁勇,False,
300093,2020-04-28,1207645859,金刚玻璃：关于续聘公司2020年度审计机构的公告,拥有,False,
300089,2023-01-19,1215666640,*ST文化：关于拟聘任2022年度审计机构的补充及更正公告,尹晓红,False,
300103,2021-10-27,1211385329,达刚控股：关于聘任2021年度审计机构的公告,周力,False,
300103,2023-12-06,1218521979,达刚控股：关于续聘2023年度审计机构的公告,周力,False,
300103,2022-10-27,1214923236,达刚控股：关于续聘2022年度审计机构的公告,周力,False,
300108,2020-04-30,1207687417,吉药控股：关于续聘2020年度审计机构的公告,韩波、穆笛,False,
300108,2021-04-28,1209839126,吉药控股：吉药控股集团股份有限公司关于续聘2021年度审计机构的公告,姜莉、韩波,False,
300114,2022-03-31,1212750429,中航电测：关于续聘2022年度审计机构的公告,唐卫强,False,
300114,2021-03-17,1209393510,中航电测：关于聘任2021年度会计师事务所的公告,唐卫强,False,
300114,2024-03-15,1219307563,中航电测：关于续聘2024年度审计机构的公告,王忻,False,
300114,2023-03-22,1216179398,中航电测：关于续聘2023年度审计机构的公告,王忻,False,
300118,2021-04-27,1209816548,东方日升：关于续聘会计师事务所的公告,王曙晖,False,
300118,2022-04-23,1213060153,东方日升：关于拟续聘会计师事务所的公告,王曙晖,False,
300118,2023-04-22,1216526371,东方日升：关于拟续聘会计师事务所的公告,张燕,False,
300121,2022-10-27,1214923891,阳谷华泰：关于拟续聘会计师事务所的公告,肖献敏,False,
300121,2023-11-16,1218352841,阳谷华泰：关于拟续聘会计师事务所的公告,肖献敏,False,
300130,2021-04-07,1209642913,新国都：关于续聘会计师事务所的公告,包铁军,False,
300130,2022-03-30,1212730864,新国都：关于拟续聘会计师事务所的公告,何晶晶,False,
300130,2023-04-28,1216646297,新国都：关于拟续聘会计师事务所的公告,何晶晶,False,
300130,2020-04-14,1207491994,新国都：关于续聘会计师事务所的公告,包铁军,False,
300111,2021-04-28,1209827793,向日葵：关于公司2021年续聘会计师事务所的公告,魏琴,False,
300135,2022-04-27,1213143211,宝利国际：关于续聘2022年度审计机构的公告,陈泓洲,False,
300135,2023-12-14,1218607129,宝利国际：关于变更2023年度审计机构的公告,段奇,False,
300135,2023-04-26,1216581941,宝利国际：关于续聘2023年度审计机构的公告,陈泓洲,False,
300135,2024-04-27,1219873284,宝利国际：关于续聘2024年度审计机构的公告,段奇,False,
300136,2020-04-17,1207515366,信维通信：关于公司续聘2020年度审计机构的公告,甘声锦,False,
300138,2022-03-29,1212708857,晨光生物：关于拟续聘会计师事务所的公告,洪权,False,
300138,2023-03-28,1216236533,晨光生物：关于拟续聘会计师事务所的公告,洪权,False,
300141,2024-04-27,1219861081,和顺电气：苏州工业园区和顺电气股份有限公司关于续聘会计师事务所的公告,徐雅芬,False,
300141,2020-04-28,1207641763,和顺电气：关于续聘会计师事务所的公告,均具备,False,
300141,2023-07-18,1217316312,和顺电气：苏州工业园区和顺电气股份有限公司关于续聘会计师事务所的公告,徐雅芬,False,
300142,2020-03-21,1207391000,沃森生物：关于拟续聘会计师事务所的公告,拥有,False,
300142,2022-09-28,1214697065,沃森生物：关于拟续聘会计师事务所的公告,汤艳群,False,
300142,2023-08-04,1217460393,沃森生物：关于拟续聘会计师事务所的公告,汤艳群,False,
300142,2024-03-30,1219473530,沃森生物：关于拟聘请会计师事务所的公告,汤艳群,False,
300146,2021-03-06,1209347054,汤臣倍健：关于续聘会计师事务所为公司2021年度审计机构的公告,李臻,False,
300146,2022-03-05,1212511995,汤臣倍健：关于聘任公司2022年度审计机构的公告,李臻,False,
300150,2022-04-22,1213019740,世纪瑞尔：关于续聘2022年度会计师事务所的公告,刘志坚,False,
300150,2023-04-21,1216487749,世纪瑞尔：关于续聘2023年度会计师事务所的公告,刘志坚,False,
300144,2020-04-28,1207644795,宋城演艺：关于聘任2020年度审计机构的公告,杜志强、倪一琳,False,
300154,2023-04-18,1216442445,瑞凌股份：关于续聘2023年度会计师事务所的公告,徐冬冬,False,
300158,2022-03-31,1212751657,振东制药：关于续聘 2022 年审计机构的公告,于艳霞,False,
300158,2021-04-24,1209794383,振东制药：关于续聘 2021 年审计机构的公告  2021-040,于艳霞,False,
300158,2024-04-23,1219735870,振东制药：关于续聘 2024 年度审计机构的公告,于艳霞,False,
300158,2023-04-25,1216558780,振东制药：关于续聘 2023 年审计机构的公告,于艳霞,False,
300159,2020-04-29,1207663927,新研股份：关于续聘2020年度审计机构的公告,朱瑛、杨景欣,False,
300159,2022-04-28,1213165829,新研股份：关于续聘公司2022年度审计机构的公告,周坤,False,
300159,2022-12-20,1215398593,ST新研：关于拟变更会计师事务所的公告,冯发明,False,
300159,2024-04-27,1219866016,新研股份：关于续聘公司2024年度审计机构的公告,刘斌,False,
300159,2023-04-26,1216593635,ST新研：关于续聘公司2023年度审计机构的公告,冯发明,False,
300162,2021-04-24,1209794813,雷曼光电：关于续聘会计师事务所的公告,宋治忠,False,
300162,2024-04-20,1219693402,雷曼光电：关于续聘会计师事务所的公告,汤艳群,False,
300162,2023-04-24,1216519183,雷曼光电：关于续聘会计师事务所的公告,汤艳群,False,
300164,2020-04-23,1207557218,通源石油：关于续聘2020年度审计机构的公告,黄迎,False,
300165,2020-04-15,1207506076,天瑞仪器：关于续聘会计师事务所的公告,均具备,False,
300166,2022-04-22,1213028440,东方国信：关于续聘会计师事务所的公告,冯万奇、丁彭凯,False,
300166,2023-04-27,1216622849,东方国信：关于续聘会计师事务所的公告,冯万奇、丁彭凯,False,
300170,2020-04-28,1207639449,汉得信息：关于续聘会计师事务所的公告,李海兵,False,
300170,2023-04-25,1216549555,汉得信息：关于续聘会计师事务所的公告,何剑、李海兵,False,
300172,2023-03-28,1216237529,中电环保：关于续聘公司2023年度审计机构的公告,葛伟俊,False,
300166,2020-04-29,1207664630,东方国信：关于续聘会计师事务所的公告,冯万奇、丁彭凯,False,
300154,2022-03-29,1212709798,瑞凌股份：关于续聘2022年度会计师事务所的公告,付忠伟,False,
300168,2020-04-29,1207660239,万达信息：关于拟续聘2020年度会计师事务所的公告,吴蓉、赵敏,False,
300166,2021-04-28,1209835599,东方国信：关于续聘会计师事务所的公告,冯万奇、丁彭凯,False,
300178,2020-05-01,1207703909,腾邦国际：关于续聘公司2020年审计机构的公告,包铁军,False,
300154,2021-04-06,1209638029,瑞凌股份：关于续聘2021年度会计师事务所的公告,陈琼,False,
300172,2020-04-21,1207539987,中电环保：关于续聘公司2020年度审计机构的公告,赵勇、鲁晓华,False,
300173,2020-10-29,1208638197,福能东方：关于变更会计师事务所的公告,梁肖林、王乐栋,False,
300183,2021-04-28,1209828836,东软载波：关于变更会计师事务所的公告,李琪友,False,
300184,2021-04-17,1209713588,力源信息：关于拟续聘会计师事务所的公告,郝学花,False,
300184,2022-10-24,1214865966,力源信息：关于拟续聘会计师事务所的公告,郝学花,False,
300184,2024-04-20,1219699065,力源信息：关于拟续聘会计师事务所的公告,郝学花,False,
300184,2020-04-29,1207665745,力源信息：关于拟续聘会计师事务所的公告,拥有,False,
300184,2023-04-26,1216584136,力源信息：关于拟续聘会计师事务所的公告,郝学花,False,
300172,2021-04-28,1209829916,中电环保：关于续聘公司2021年度审计机构的公告,赵勇,False,
300189,2022-04-09,1212855757,神农科技：关于拟续聘会计师事务所的公告,廖群中国,False,
300189,2021-08-28,1210892848,神农科技：关于拟变更会计师事务所的公告,廖群中国,False,
300189,2024-04-26,1219833042,神农科技：关于拟续聘会计师事务所的公告,廖群中国,False,
300180,2020-04-28,1207639813,华峰超纤：关于续聘公司2020年度审计机构的公告,陈科举、沈利刚,False,
300189,2023-04-26,1216582470,神农科技：关于拟续聘会计师事务所的公告,廖群中国,False,
300193,2022-04-23,1213048237,佳士科技：关于续聘2022年度审计机构的公告,王曙晖,False,
300192,2022-08-26,1214404177,科德教育：关于续聘2022年度审计机构的公告,张松柏,False,
300172,2022-04-25,1213055238,中电环保：关于续聘公司2022年度审计机构的公告,葛伟俊,False,
300192,2023-04-24,1216515529,科德教育：关于续聘2023年度审计机构的公告,张松柏,False,
300193,2021-03-20,1209418047,佳士科技：关于续聘2021年度审计机构的公告,王曙晖,False,
300193,2024-03-23,1219386065,佳士科技：关于续聘2024年度审计机构的公告,程罗铭,False,
300193,2023-04-01,1216296547,佳士科技：关于续聘2023年度审计机构的公告,杨谦,False,
300200,2022-11-11,1215070616,高盟新材：关于续聘2022年度财务审计机构的公告,肖霞,False,
300198,2023-12-14,1218608036,纳川股份：关于变更会计师事务所的公告,张骏,False,
300200,2021-04-14,1209682780,高盟新材：关于续聘2021年度财务审计机构的公告,李洪,False,
300192,2021-04-28,1209831603,科德教育：关于续聘会计师事务所的公告,张松柏、丁陈隆,False,
300204,2021-04-20,1209724107,舒泰神：关于公司续聘会计师事务所的公告,时间,False,
300204,2022-04-19,1212964667,舒泰神：关于公司续聘会计师事务所的公告,时间,False,
300204,2023-03-21,1216169038,舒泰神：关于公司续聘会计师事务所的公告,时间,False,
300204,2024-03-26,1219401158,舒泰神：关于公司续聘会计师事务所的公告,时间,False,
300192,2020-04-28,1207642075,科斯伍德：关于续聘会计师事务所的公告,张松柏、康吉言,False,
300214,2022-01-29,1212305463,日科化学：关于聘任2021年度审计机构的公告,李峻雄,False,
300214,2023-04-21,1216489876,日科化学：关于聘任2023年度审计机构的公告,张文荣,False,
300217,2022-04-26,1213102298,东方电热：关于续聘大华会计师事务所(特殊普通合伙）为公司2022年度审计机构的公告,李海成,False,
300214,2022-04-20,1212974916,日科化学：关于聘任2022年度审计机构的公告,李峻雄,False,
300218,2021-03-30,1209476537,安利股份：关于续聘会计师事务所的公告,李静,False,
300217,2021-04-24,1209790912,东方电热：关于续聘大华会计师事务所(特殊普通合伙）为公司2021年度审计机构的公告,李海成,False,
300218,2024-03-30,1219473591,安利股份：关于续聘会计师事务所的公告,王胤,False,
300217,2023-04-25,1216560386,东方电热：关于续聘大华会计师事务所(特殊普通合伙）为公司2023年度审计机构的公告,吴美芬,False,
300218,2023-03-31,1216280701,安利股份：关于续聘会计师事务所的公告,王胤,False,
300218,2022-03-29,1212710699,安利股份：关于续聘会计师事务所的公告,王春媛,False,
300220,2021-04-23,1209776389,金运激光：拟续聘会计师事务所的公告,包铁军,False,
300220,2023-04-28,1216653535,金运激光：拟续聘会计师事务所的公告,胡志刚,False,
300225,2022-04-30,1213248529,金力泰：关于续聘2022年度审计机构的公告,刘磊,False,
300225,2021-04-29,1209851096,金力泰：关于公司续聘2021年度审计机构的公告,刘磊,False,
300228,2020-04-18,1207522859,富瑞特装：关于续聘2020年度审计机构的公告,均具备,False,
300233,2022-03-25,1212669154,金城医药：关于续聘2022年度审计机构的公告,刘雪娇,False,
300233,2021-04-27,1209814243,金城医药：关于续聘2021年度审计机构的公告,李洪,False,
300233,2023-03-31,1216274307,金城医药：关于续聘2023年度审计机构的公告,刘雪娇,False,
300237,2022-04-26,1213108487,美晨生态：关于续聘会计师事务所为公司2022年审计机构的公告,罗俊,False,
300237,2021-04-20,1209724559,美晨生态：关于续聘会计师事务所为公司2021年审计机构的公告,史春生,False,
300238,2022-04-15,1212918698,冠昊生物：关于聘任公司2022年度审计机构的公告,冯发明,False,
300238,2024-03-06,1219242960,冠昊生物：关于续聘公司2024年度审计机构的公告,宋治忠,False,
300238,2021-03-09,1209353522,冠昊生物：关于聘任公司2021年度审计机构的公告,冯发明,False,
300238,2023-04-20,1216476112,冠昊生物：关于聘任公司2023年度审计机构的公告,冯发明,False,
300239,2021-04-15,1209692418,东宝生物：包头东宝生物技术股份有限公司关于续聘2021年度财务审计机构的公告,熊亚菊,False,
300240,2020-04-15,1207505401,飞力达：关于续聘会计师事务所的公告,均具备,False,
300240,2024-04-23,1219734952,飞力达：关于拟续聘2024年度会计师事务所的公告,薛敏,False,
300240,2023-04-25,1216549487,飞力达：关于拟续聘2023年度会计师事务所的公告,薛敏,False,
300254,2020-04-28,1207643708,仟源医药：关于拟续聘2020年度审计机构的公告,谭红梅、唐国骏,False,
300245,2020-04-22,1207549520,天玑科技：关于拟续聘会计师事务所公告,朱育勤、庄继宁,False,
300260,2021-04-27,1209810396,新莱应材：关于续聘公司2021年度审计机构的公告,熊亚菊,False,
300260,2022-04-26,1213107816,新莱应材：关于续聘公司2022年度审计机构的公告,赵艳灵,False,
300260,2023-04-27,1216612667,新莱应材：关于续聘公司2023年度审计机构的公告,赵艳灵,False,
300261,2020-05-08,1207722389,雅本化学：关于续聘2020年度会计师事务所的公告,李海成,False,
300261,2021-04-27,1209816204,雅本化学：关于续聘2021年度会计师事务所的公告,李琪友,False,
300261,2022-04-29,1213206770,雅本化学：关于续聘2022年度会计师事务所的公告,李海成,False,
300265,2020-04-18,1207524748,通光线缆：关于续聘公司2020年度审计机构的公告,丁彭凯,False,
300265,2023-04-26,1216590539,通光线缆：关于续聘公司2023年度审计机构的公告,丁彭凯,False,
300276,2024-04-26,1219830013,三丰智能：关于续聘会计师事务所的公告,肖献敏,False,
300278,2021-04-29,1209855913,华昌达：拟续聘会计师事务所的公告,刘仁勇,False,
300283,2020-08-12,1208152785,温州宏丰：关于拟续聘会计师事务所的公告,沈利刚、陈小金,False,
300288,2022-04-26,1213104960,朗玛信息：关于续聘会计师事务所的公告,闫新志,False,
300287,2022-04-23,1213060865,飞利信：关于续聘公司2022年度审计机构的公告,唐卫强,False,
300288,2023-04-26,1216587969,朗玛信息：关于续聘会计师事务所的公告,闫新志,False,
300287,2023-04-22,1216522662,飞利信：关于续聘公司2023年度审计机构的公告,李洪仪,False,
300285,2020-03-17,1207376902,国瓷材料：关于续聘会计师事务所的公告,张小惠时,False,
300292,2020-04-28,1207644548,吴通控股：关于续聘会计师事务所的公告,施国梁,False,
300265,2021-04-15,1209689373,通光线缆：关于续聘公司2021年度审计机构的公告,丁彭凯,False,
300294,2020-04-28,1207643051,博雅生物：关于2020年度续聘审计机构的公告,均具备,False,
300287,2020-04-18,1207525900,飞利信：关于续聘公司2020年度审计机构的公告,于长江、冯万奇,False,
300296,2020-04-10,1207474846,利亚德：关于续聘会计师事务所的公告,朱锦梅,False,
300300,2020-11-11,1208723965,海峡创新：关于续聘会计师事务所的公告,拥有,False,
300302,2024-04-29,1219872295,同有科技：关于续聘会计师事务所的公告,李洪李洪,False,
300302,2023-04-28,1216647217,同有科技：关于续聘会计师事务所的公告,李洪李洪,False,
300318,2022-04-28,1213171226,博晖创新：关于拟续聘公司2022年度审计机构的公告,李峻雄,False,
300318,2021-04-27,1209818094,博晖创新：关于拟续聘公司2021年度审计机构的公告,李峻雄,False,
300303,2020-04-28,1207641366,聚飞光电：关于聘请立信会计师事务所（特殊普通合伙）为公司2020年度审计机构的公告,谈侃、钟宇,False,
300318,2023-04-26,1216588016,博晖创新：关于续聘公司2023年度审计机构的公告,曹博,False,
300326,2021-04-27,1209816089,凯利泰：关于公司续聘财务审计机构的公告,杨立杰,False,
300326,2022-04-28,1213172182,凯利泰：关于公司续聘财务审计机构的公告,杨立杰,False,
300326,2023-04-22,1216526538,凯利泰：关于公司续聘财务审计机构的公告,杨立杰,False,
300335,2023-04-27,1216626753,迪森股份：关于续聘会计师事务所的公告,张宁,False,
300337,2020-04-29,1207665580,银邦股份：关于续聘审计机构的公告,均具备,False,
300342,2021-04-09,1209658073,天银机电：关于续聘会计师事务所的公告,郭香,False,
300342,2020-03-26,1207410055,天银机电：关于续聘会计师事务所的公告,郭香,False,
300343,2021-11-11,1211551872,联创股份：关于变更会计师事务所的公告,李峻雄,False,
300355,2020-04-30,1207683675,蒙草生态：关于聘任会计师事务所的公告,胡敬东、王许,False,
300362,2020-04-30,1207686962,天翔环境：关于拟续聘2020年度审计机构的公告,黄迎,False,
300368,2023-04-27,1216628333,汇金股份：关于续聘会计师事务所的公告,李洪仪,False,
300368,2022-08-26,1214407739,汇金股份：关于变更会计师事务所的公告,李洪仪,False,
300371,2020-04-09,1207467272,汇中股份：关于续聘2020年度审计机构的公告,禹正凡,False,
300380,2024-04-26,1219826030,安硕信息：关于续聘2024年度审计机构的公告,郝学花,False,
300380,2023-04-24,1216527707,安硕信息：关于续聘2023年度审计机构的公告,郝学花,False,
300382,2020-04-10,1207472174,斯莱克：关于续聘2020年度审计机构的公告,均具备,False,
300383,2021-04-21,1209738848,光环新网：关于续聘会计师事务所的公告,刘锦英,False,
300383,2020-04-17,1207514453,光环新网：关于续聘会计师事务所的公告,李晓思,False,
300383,2022-04-22,1213018364,光环新网：关于拟续聘会计师事务所的公告,刘锦英,False,
300383,2023-04-22,1216521667,光环新网：关于拟续聘会计师事务所的公告,刘锦英,False,
300383,2024-03-30,1219465187,光环新网：关于拟续聘会计师事务所的公告,刘锦英,False,
300377,2021-02-06,1209253473,赢时胜：关于变更会计师事务所的公告,李霞梅,False,
300389,2021-04-10,1209665210,艾比森：关于续聘会计师事务所的公告,包铁军,False,
300389,2022-03-31,1212747517,艾比森：关于续聘会计师事务所的公告,包铁军,False,
300377,2021-11-26,1211705003,赢时胜：关于续聘2021年度审计机构的公告,李霞梅,False,
300394,2022-04-19,1212962380,天孚通信：关于拟续聘会计师事务所的公告,徐雅芬,False,
300394,2020-04-28,1207635209,天孚通信：关于续聘2020年度审计机构的公告,均具备,False,
300394,2023-04-21,1216495288,天孚通信：关于拟续聘会计师事务所的公告,徐雅芬,False,
300394,2024-04-22,1219698755,天孚通信：关于拟续聘会计师事务所的公告,吕卫星,False,
300396,2023-08-24,1217616395,迪瑞医疗：关于公司聘任会计师事务所的公告,李洪,False,
300396,2024-04-19,1219662404,迪瑞医疗：关于公司续聘会计师事务所的公告,李洪,False,
300401,2023-03-28,1216234580,花园生物：关于续聘2023年度审计机构的公告,康文军,False,
300401,2021-04-17,1209710544,花园生物：关于续聘会计师事务所的公告,李海成,False,
300402,2022-04-01,1212769037,宝色股份：关于续聘会计师事务所的公告,张文荣,False,
300402,2020-04-25,1207608718,宝色股份：关于续聘会计师事务所的公告,李琪友,False,
300401,2022-03-30,1212724202,花园生物：关于续聘2022年度审计机构的公告,李海成,False,
300402,2021-04-21,1209739826,宝色股份：关于续聘会计师事务所的公告,张文荣,False,
300405,2024-04-25,1219792183,科隆股份：关于续聘会计师事务所公告,李洪李洪,False,
300409,2022-04-28,1213173812,道氏技术：关于续聘公司2022年度会计师事务所的公告,龙湖川,False,
300409,2020-04-28,1207638345,道氏技术：关于续聘会计师事务所的公告,付忠伟,False,
300409,2023-08-30,1217696523,道氏技术：关于续聘2023年度会计师事务所的公告,龙湖川,False,
300407,2020-04-24,1207586528,凯发电气：关于续聘审计机构的公告,刘海山、冯万奇,False,
300407,2021-04-27,1209812925,凯发电气：关于续聘审计机构的公告,刘海山、冯万奇,False,
300408,2020-03-24,1207394233,三环集团：关于续聘2020年度审计机构的公告,梁肖林、张锦坤,False,
300408,2021-04-27,1209817527,三环集团：关于续聘2021年度审计机构的公告,梁肖林,False,
300407,2022-04-27,1213136388,凯发电气：关于续聘审计机构的公告,刘海山、丁彭凯,False,
300418,2020-04-27,1207606391,昆仑万维：关于聘任2020年度审计机构的公告,张金华、强桂英,False,
300418,2021-04-28,1209836688,昆仑万维：关于聘任2021年度审计机构的公告,张金华、强桂英,False,
300436,2021-04-01,1209568002,广生堂：关于拟续聘会计师事务所的公告,李海成,False,
300436,2022-04-22,1213029256,广生堂：关于拟续聘会计师事务所的公告,李海成,False,
300436,2023-04-21,1216497127,广生堂：关于拟续聘会计师事务所的公告,王胤,False,
300436,2024-04-20,1219704981,广生堂：关于拟续聘会计师事务所的公告,王春媛,False,
300432,2020-04-25,1207603536,富临精工：关于聘任会计师事务所的公告,何剑、谢骞,False,
300439,2020-04-28,1207645491,美康生物：关于续聘2020年度审计机构的公告,陈科举,False,
300449,2020-04-28,1207638622,汉邦高科：关于续聘2020年度审计机构的公告,强桂英,False,
300451,2020-03-26,1207404442,创业慧康：关于续聘财务审计机构的公告,杨熹,False,
300453,2021-03-27,1209465049,三鑫医疗：关于续聘会计师事务所的公告,赖华林,False,
300453,2023-03-23,1216191908,三鑫医疗：关于续聘会计师事务所的公告,李晓梅,False,
300453,2022-03-17,1212594443,三鑫医疗：关于续聘会计师事务所的公告,赖华林,False,
300453,2020-03-28,1207419313,三鑫医疗：关于续聘会计师事务所的公告,拥有,False,
300453,2024-03-23,1219390677,三鑫医疗：关于续聘会计师事务所的公告,李晓梅,False,
300454,2024-04-26,1219815091,深信服：深信服科技股份有限公司关于续聘2024年度审计机构的公告,符俊,False,
300454,2023-09-20,1217905830,深信服：深信服科技股份有限公司关于拟变更会计师事务所的公告,符俊,False,
300456,2021-03-17,1209394353,赛微电子：关于聘任2021年度审计机构的公告,任文君,False,
300456,2024-03-27,1219412170,赛微电子：关于聘任2024年度审计机构的公告,任晓辉,False,
300456,2023-03-29,1216246146,赛微电子：关于聘任2023年度审计机构的公告,钱学芹,False,
300456,2022-03-31,1212750153,赛微电子：关于聘任2022年度审计机构的公告,钱学芹,False,
300457,2023-03-29,1216246079,赢合科技：关于续聘会计师事务所的公告,张骏,False,
300457,2022-09-24,1214666956,赢合科技：关于变更会计师事务所的公告,张骏,False,
300457,2024-03-27,1219412448,赢合科技：关于续聘会计师事务所的公告,张骏,False,
300459,2020-12-09,1208870736,金科文化：关于拟聘任公司2020年度审计机构的公告,朱伟,False,
300459,2021-04-28,1209838532,金科文化：关于续聘公司2021年度审计机构的公告,陈科举、蔡畅,False,
300459,2022-04-26,1213109534,汤姆猫：关于续聘公司2021年度审计机构的公告,陈科举,False,
300465,2021-03-26,1209452394,高伟达：关于续聘公司2021年度审计机构的公告,李会英,False,
300464,2024-04-23,1219743549,星徽股份：关于拟续聘会计师事务所的公告,李威李威,False,
300465,2022-04-12,1212884339,高伟达：关于续聘公司2022年度审计机构的公告,李会英,False,
300467,2020-04-28,1207642641,迅游科技：关于续聘会计师事务所的公告,张昆,False,
300470,2022-04-26,1213113680,中密控股：关于续聘会计师事务所的公告,张宇,False,
300469,2023-04-26,1216591825,信息发展：关于续聘公司2023年度审计机构的公告,贾嘉、张朱华,False,
300470,2023-10-27,1218164319,中密控股：关于拟变更会计师事务所的公告,李文茜,False,
300470,2023-04-26,1216583016,中密控股：关于续聘会计师事务所的公告,肖菲,False,
300470,2024-04-25,1219800009,中密控股：关于续聘会计师事务所的公告,李文茜,False,
300472,2021-11-30,1211721753,新元科技：关于变更会计师事务所的公告,李峻雄,False,
300481,2022-03-31,1212747775,濮阳惠成：续聘会计师事务所公告,常明,False,
300483,2021-07-27,1210572281,首华燃气：关于拟续聘2021年度会计师事务所的公告,肖菲,False,
300483,2020-03-17,1207378000,沃施股份：关于续聘2020年度审计机构的公告,王许,False,
300483,2023-04-28,1216655156,首华燃气：关于拟续聘2023年度会计师事务所的公告,肖菲,False,
300483,2024-04-22,1219701538,首华燃气：关于拟续聘2024年度会计师事务所的公告,肖菲,False,
300469,2022-04-30,1213266321,信息发展：关于续聘公司2022年度审计机构的公告,张朱华,False,
300483,2022-04-27,1213142986,首华燃气：关于拟续聘2022年度会计师事务所的公告,肖菲,False,
300488,2020-03-31,1207428087,恒锋工具：关于续聘会计师事务所的公告,赵国梁,False,
300482,2020-03-31,1207429449,万孚生物：关于续聘会计师事务所的公告,中国,False,
300492,2020-04-21,1207541712,山鼎设计：关于续聘天健会计师事务所（特殊普通合伙）为公司2020年度审计机构的公告,于波成,False,
300495,2023-11-29,1218467182,*ST美尚：关于拟聘任2023年度会计师事务所的公告,孙名元,False,
300498,2021-04-22,1209759637,温氏股份：关于续聘致同会计师事务所（特殊普通合伙）为公司审计机构的公告,韩瑞红,False,
300498,2022-04-16,1212943143,温氏股份：关于续聘致同会计师事务所（特殊普通合伙）为公司审计机构的公告,韩瑞红,False,
300498,2024-04-29,1219866715,温氏股份：关于续聘华兴会计师事务所（特殊普通合伙）为公司审计机构的公告,郭小军,False,
300498,2023-04-26,1216584923,温氏股份：关于变更会计师事务所的公告,李臻,False,
300499,2021-03-31,1209492648,高澜股份：关于拟续聘2021年度审计机构的公告,徐聃,False,
300499,2022-09-23,1214647395,高澜股份：关于拟续聘2022年度审计机构的公告,徐聃,False,
300499,2023-11-21,1218381402,高澜股份：关于拟续聘2023年度审计机构的公告,高勃,False,
300503,2021-11-17,1211603297,昊志机电：关于续聘会计师事务所的公告,张小惠、吴常华,False,
300503,2020-04-25,1207605115,昊志机电：关于续聘会计师事务所的公告,张小惠、张宁,False,
300503,2022-04-22,1213019876,昊志机电：关于续聘会计师事务所的公告,张小惠、吴常华,False,
300497,2020-04-09,1207468739,富祥股份：关于续聘2020年审计机构的公告,李勇平、陈小金,False,
300499,2020-04-25,1207608978,高澜股份：关于拟续聘2020年度审计机构的公告,徐聃、梁肖林,False,
300482,2022-04-25,1213050186,万孚生物：关于续聘会计师事务所的公告,蔡慕玲、吴常华,False,
300507,2022-04-07,1212827658,苏奥传感：苏奥传感关于续聘会计师事务所的公告,李海成,False,
300507,2021-04-27,1209807917,苏奥传感：苏奥传感关于续聘会计师事务所的公告,李海成,False,
300507,2023-04-22,1216519398,苏奥传感：苏奥传感关于续聘会计师事务所的公告,李海成,False,
300509,2023-04-27,1216621366,新美星：关于续聘公司2023年度审计机构的公告,吕卫星,False,
300509,2024-04-25,1219800165,新美星：关于续聘公司2024年度审计机构的公告,徐雅芬,False,
300497,2021-04-24,1209794440,富祥药业：关于续聘2021年审计机构的公告,李勇平、陈小金,False,
300514,2021-04-23,1209773923,友讯达：关于聘任2021年度审计机构的公告,王曙晖,False,
300514,2022-04-20,1212978957,友讯达：关于续聘2022年度审计机构的公告,程银春,False,
300514,2023-04-28,1216660815,友讯达：关于续聘2023年度审计机构的公告,程银春,False,
300516,2023-03-31,1216276423,久之洋：关于续聘会计师事务所的公告,三年,False,
300516,2024-03-29,1219448074,久之洋：关于续聘会计师事务所的公告,三年,False,
300516,2022-03-31,1212751194,久之洋：关于续聘会计师事务所的公告,三年,False,
300518,2022-04-28,1213170217,盛讯达：关于拟续聘2022年度审计机构的公告,茅莘,False,
300516,2021-08-27,1210872376,久之洋：关于拟变更会计师事务所的公告,三年,False,
300518,2023-04-27,1216619084,盛讯达：关于拟续聘2023年度审计机构的公告,周济平,False,
300518,2021-04-28,1209827633,盛讯达：关于拟续聘2021年度审计机构的公告,茅莘,False,
300519,2020-04-21,1207538369,新光药业：关于续聘公司2020年度审计机构的公告,柯月香,False,
300522,2021-10-29,1211422992,世名科技：苏州世名科技股份有限公司关于续聘公司2021年度审计机构的公告,田华,False,
300522,2022-10-28,1214936224,世名科技：苏州世名科技股份有限公司关于续聘公司2022年度审计机构的公告,田华,False,
300522,2020-04-03,1207452743,世名科技：关于续聘公司2020年度审计机构的公告,田华,False,
300525,2023-04-25,1216554854,博思软件：关于拟续聘2023年度会计师事务所的公告,陈泓洲,False,
300525,2022-04-22,1213023706,博思软件：关于拟续聘公司2022年度会计师事务所的公告,李海成,False,
300525,2024-04-24,1219769825,博思软件：关于拟续聘公司2024年度会计师事务所的公告,陈泓洲,False,
300525,2021-04-23,1209770471,博思软件：关于拟续聘公司2021年度会计师事务所的公告,李海成,False,
300526,2021-04-29,1209860562,中潜股份：关于续聘公司2021年度审计机构的公告,吕安吉,False,
300529,2020-04-02,1207448674,健帆生物：关于拟续聘2020年度审计机构的公告,周全龙,False,
300535,2020-04-24,1207587427,达威股份：关于续聘2020年度审计机构的公告,何勇,False,
300541,2021-04-07,1209642610,先进数通：关于公司续聘会计师事务所的公告,冯发明,False,
300541,2022-04-12,1212883371,先进数通：关于公司续聘会计师事务所的公告,李洪,False,
300541,2023-04-12,1216381721,先进数通：关于公司拟续聘会计师事务所的公告,李洪,False,
300541,2024-04-12,1219579359,先进数通：关于拟续聘会计师事务所的公告,李洪,False,
300542,2021-03-31,1209492172,新晨科技：关于聘请2021年度会计师事务所的公告,熊亚菊,False,
300542,2023-04-26,1216589526,新晨科技：关于聘请2023年度会计师事务所的公告,杨勇胜,False,
300543,2022-04-27,1213134565,朗科智能：关于续聘2022年度审计机构的公告,包铁军,False,
300542,2022-04-26,1213107356,新晨科技：关于聘请2022年度会计师事务所的公告,杨勇胜,False,
300543,2021-04-20,1209726840,朗科智能：关于续聘2021年年度审计机构的公告,包铁军,False,
300545,2021-12-31,1212059724,联得装备：关于续聘大信会计师事务所（特殊普通合伙）为公司2021年度审计机构的公告,宋治忠,False,
300545,2022-12-27,1215453855,联得装备：关于变更会计师事务所的公告,龙湖川,False,
300545,2023-12-18,1218656061,联得装备：关于变更会计师事务所的公告,宋治忠,False,
300549,2020-04-25,1207604123,优德精密：关于拟续聘会计师事务所的公告,熊亚菊,False,
300550,2020-04-27,1207608059,和仁科技：关于续聘会计师事务所的公告,吴志辉,False,
300532,2020-03-31,1207431640,今天国际：关于续聘2020年度财务审计机构的公告,李建军,False,
300552,2022-01-28,1212297670,万集科技：关于续聘公司2021年度审计机构的公告,张昆,False,
300552,2021-01-14,1209096133,万集科技：关于续聘公司2020年度审计机构的公告,张昆,False,
300559,2021-03-31,1209487874,佳发教育：关于续聘2021年度审计机构的公告,陈修俭,False,
300565,2020-04-24,1207585798,科信技术：关于公司拟聘任2020年度审计机构的公告,钟宇,False,
300566,2024-04-20,1219699892,激智科技：关于续聘公司2024年度审计机构的公告,范国荣,False,
300566,2023-04-27,1216622224,激智科技：关于续聘公司2023年度审计机构的公告,范国荣,False,
300565,2024-04-23,1219746534,科信技术：关于公司拟续聘2024年度审计机构的公告,陈华,False,
300571,2020-04-28,1207645205,平治信息：关于续聘公司2020年度审计机构的公告,钟建栋、姚丽强,False,
300572,2020-04-23,1207556166,安车检测：关于续聘2020年度审计机构的公告,包铁军,False,
300573,2020-04-20,1207523209,兴齐眼药：关于续聘2020年度审计机构的公告,王健、郑晓东,False,
300576,2020-04-24,1207585507,容大感光：关于续聘2020年度审计机构的公告,权计伟,False,
300580,2020-03-26,1207404400,贝斯特：关于续聘会计师事务所的公告,均具备,False,
300580,2023-04-20,1216475474,贝斯特：关于续聘会计师事务所的公告,薛敏,False,
300580,2024-04-20,1219700662,贝斯特：关于续聘会计师事务所的公告,薛敏,False,
300581,2020-04-23,1207555349,晨曦航空：关于续聘会计师事务所的公告,陈刚,False,
300584,2021-04-08,1209649044,海辰药业：关于续聘2021年度审计机构的公告,杨林,False,
300566,2021-04-24,1209794037,激智科技：关于续聘公司2021年度审计机构的公告,蔡畅,False,
300558,2022-04-07,1212828140,贝达药业：关于续聘2022年度会计师事务所的公告,魏琴,False,
300566,2022-04-22,1213024785,激智科技：关于续聘公司2022年度审计机构的公告,蔡畅,False,
300598,2021-04-20,1209725850,诚迈科技：关于续聘会计师事务所的公告,金炜,False,
300598,2022-04-15,1212923279,诚迈科技：关于续聘会计师事务所的公告,金炜,False,
300598,2024-04-25,1219803936,诚迈科技：关于续聘会计师事务所的公告,应镇魁,False,
300598,2023-04-26,1216589540,诚迈科技：关于续聘会计师事务所的公告,杨林,False,
300591,2020-10-13,1208539346,万里马：关于续聘会计师事务所的公告,徐冬冬,False,
300614,2021-06-10,1210215543,百川畅银：关于拟续聘2021年度会计师事务所的公告,孟冬,False,
300617,2022-03-30,1212729500,安靠智电：关于续聘2022年度审计机构的公告,陈莉,False,
300617,2021-01-27,1209194845,安靠智电：关于续聘2021年度审计机构的公告,陈莉,False,
300617,2023-04-24,1216518615,安靠智电：关于续聘2023年度审计机构的公告,陈莉,False,
300609,2020-04-24,1207587910,汇纳科技：关于续聘会计师事务所的公告,李晨、谢骞,False,
300617,2024-03-12,1219288720,安靠智电：关于续聘2024年度审计机构的公告,程正凤,False,
300618,2020-03-26,1207404010,寒锐钴业：关于续聘2020年度会计师事务所的公告,熊亚菊,False,
300618,2021-04-26,1209792674,寒锐钴业：关于续聘2021年度会计师事务所的公告,陈静,False,
300618,2022-04-15,1212919143,寒锐钴业：关于续聘2022年度会计师事务所的公告,陈静,False,
300618,2023-04-22,1216517269,寒锐钴业：关于续聘2023年度会计师事务所的公告,陈静,False,
300620,2022-03-31,1212752363,光库科技：关于拟续聘会计师事务所的公告,陈葆华,False,
300621,2020-12-05,1208858278,维业股份：关于变更会计师事务所的公告,熊亚菊,False,
300622,2022-04-28,1213162249,博士眼镜：关于拟续聘会计师事务所的公告,陈文涛,False,
300622,2023-04-27,1216611148,博士眼镜：关于拟续聘会计师事务所的公告,陈文涛,False,
300624,2023-11-24,1218421515,万兴科技：关于续聘会计师事务所的公告,秦睿,False,
300608,2020-04-28,1207645339,思特奇：关于续聘2020年度会计师事务所的公告,强桂英、荣健,False,
300627,2020-04-28,1207637155,华测导航：关于续聘公司2020年度审计机构的公告,王斌、刘云,False,
300621,2020-04-03,1207453033,维业股份：关于续聘公司2020年度财务审计机构的公告,王丹,False,
300634,2020-04-16,1207507056,彩讯股份：关于续聘公司2020年度会计师事务所的公告,吴震东、杨志平,False,
300634,2022-11-10,1215057893,彩讯股份：关于续聘公司2022年度会计师事务所的公告,李新民、朱海平,False,
300634,2023-04-15,1216419553,彩讯股份：关于续聘公司2023年度会计师事务所的公告,朱海平,False,
300644,2021-04-26,1209792970,南京聚隆：关于续聘公司2021年度审计机构的公告,吴霆,False,
300643,2020-04-25,1207603268,万通智控：关于续聘2020年度审计机构的公告,李雯宇,False,
300641,2020-04-27,1207602371,正丹股份：关于续聘公司2020年度审计机构的公告,田华、陈勇,False,
300649,2024-04-27,1219860410,杭州园林：关于续聘立信会计师事务所（特殊普通合伙）为公司2024年审计机构的公告,朱作武,False,
300653,2021-04-09,1209657532,正海生物：关于续聘2021年度审计机构的公告,陈修俭,False,
300642,2020-04-25,1207605347,透景生命：关于续聘公司2020年度审计机构的公告,孙冰、杨景欣,False,
300655,2021-03-23,1209427744,晶瑞股份：关于续聘公司2021年度审计机构的公告,刘国清,False,
300662,2020-04-24,1207583288,科锐国际：关于续聘2020年度审计机构的公告,黄简,False,
300663,2021-04-27,1209816986,科蓝软件：关于续聘会计师事务所的公告,熊亚菊,False,
300663,2022-04-27,1213143794,科蓝软件：2022-027 关于续聘会计师事务所的公告-科蓝,龙娇,False,
300663,2023-04-26,1216593002,科蓝软件：关于续聘会计师事务所的公告,杨勇胜,False,
300664,2023-04-27,1216612202,鹏鹞环保：关于变更公司2023年度审计机构的公告,薛敏,False,
300664,2024-04-25,1219795642,鹏鹞环保：关于续聘公司2024年度审计机构的公告,薛敏,False,
300666,2020-04-25,1207609885,江丰电子：关于续聘2020年度审计机构的公告,钟建栋、沈利刚,False,
300670,2022-04-25,1213051422,大烨智能：关于续聘2022年度会计师事务所的公告,吴霆,False,
300670,2023-04-27,1216627963,大烨智能：关于续聘2023年度会计师事务所的公告,吴霆,False,
300671,2022-10-26,1214901954,富满微：关于拟聘任 2022 年度会计师事务所的公告,包铁军,False,
300680,2021-04-26,1209793445,隆盛科技：关于续聘公司2021年度审计机构的公告,李琪友,False,
300680,2023-04-18,1216436750,隆盛科技：关于续聘公司2023年度审计机构的公告,欧萍,False,
300680,2020-03-31,1207431094,隆盛科技：关于续聘会计师事务所的公告,李琪友,False,
300680,2023-12-11,1218578855,隆盛科技：关于变更2023年度会计师事务所的公告,吕红涛,False,
300685,2020-04-14,1207490826,艾德生物：关于聘任公司2020年度审计机构的公告,江强、杨景欣,False,
300686,2020-03-06,1207348394,智动力：关于续聘公司2020年度会计师事务所的公告,付忠伟,False,
300689,2023-04-25,1216559783,澄天伟业：关于续聘会计师事务所的公告,胡志刚,False,
300681,2020-03-31,1207428708,英搏尔：关于拟续聘会计师事务所的公告,刘红志、冯万奇,False,
300674,2020-03-31,1207431703,宇信科技：关于续聘公司2020年度审计机构的公告,朱锦梅,False,
300696,2020-04-27,1207612140,爱乐达：关于续聘2020年度审计机构的公告,庄瑞兰,False,
300697,2021-03-10,1209358670,电工合金：关于续聘2021年度会计师事务所的公告,李琪友,False,
300699,2021-03-30,1209475902,光威复材：关于公司续聘2021年度会计师事务所的公告,顾雪峰,False,
300703,2023-03-07,1216061154,创源股份：关于变更签字注册会计师的公告,程进共同,False,
300699,2020-03-31,1207428601,光威复材：关于续聘2020年度会计师事务所的公告,顾雪峰、王健,False,
300709,2020-04-24,1207587822,精研科技：关于公司拟聘任会计师事务所的公告,曹雯,False,
300717,2020-04-11,1207481342,华信新材：关于聘任2020年度会计师事务所的公告,季晟,False,
300722,2020-10-28,1208625480,新余国科：关于拟续聘2020年度审计机构的公告,拥有,False,
300722,2021-10-27,1211386029,新余国科：关于拟续聘2021年度审计机构的公告,拥有,False,
300722,2022-10-28,1214939910,新余国科：关于续聘2022年度审计机构的公告,拥有,False,
300720,2023-04-28,1216651038,海川智能：关于续聘会计师事务所的公告,付忠伟,False,
300724,2021-04-29,1209856059,捷佳伟创：关于续聘会计师事务所的公告,孙银美,False,
300725,2024-04-24,1219769081,药石科技：关于公司续聘2024年度审计机构的公告,付敏敏,False,
300726,2021-03-26,1209452696,宏达电子：关于续聘2021年度审计机构的公告,曹磊,False,
300729,2024-04-18,1219651130,乐歌股份：关于续聘会计师事务所的公告,徐敏,False,
300729,2020-04-10,1207474718,乐歌股份：关于续聘会计师事务所的公告,陈科举、沈利刚,False,
300729,2023-04-21,1216493843,乐歌股份：关于拟变更会计师事务所的公告,徐敏,False,
300735,2021-04-23,1209776307,光弘科技：关于续聘立信会计师事务所（特殊普通合伙）为公司2021年度审计机构的公告,陈琼,False,
300735,2020-04-29,1207664766,光弘科技：关于续聘立信会计师事务所（特殊普通合伙）为公司2020年度审计机构的公告,王丹,False,
300745,2023-09-28,1217971942,欣锐科技：关于拟变更会计师事务所的公告,宋治忠,False,
300747,2023-11-28,1218455176,锐科激光：关于续聘2023年度审计机构的公告,龙勇,False,
300720,2021-04-27,1209809304,海川智能：关于续聘会计师事务所的公告,高军磊,False,
300759,2021-03-29,1209465698,康龙化成：关于拟续聘会计师事务所的公告,周华,False,
300760,2024-05-24,1220146164,迈瑞医疗：关于聘任会计师事务所的公告,黄寅,False,
300762,2023-12-12,1218579091,上海瀚讯：关于续聘2023年度财务审计机构的公告,黄海,False,
300762,2022-12-09,1215313034,上海瀚讯：关于续聘2022年度财务审计机构的公告,郑钢、黄海,False,
300765,2020-03-23,1207390457,新诺威：关于续聘会计师事务所的公告,树新,False,
300767,2020-04-03,1207452944,震安科技：关于续聘公司2020年度审计机构的公告,鲍琼,False,
300771,2023-04-25,1216559553,智莱科技：关于公司变更会计师事务所的公告,袁蓉,False,
300772,2022-03-08,1212522756,运达股份：关于拟续聘会计师事务所的公告,暂未,False,
300775,2021-04-15,1209692617,三角防务：关于续聘会计师事务所的公告,李峻雄,False,
300775,2020-04-23,1207557562,三角防务：关于续聘会计师事务所的公告,李峻雄,False,
300777,2021-04-28,1209830284,中简科技：拟续聘会计师事务所及更换签字会计师的公告,熊亚菊,False,
300777,2020-03-24,1207395007,中简科技：拟聘任会计师事务所的公告,熊亚菊,False,
300781,2023-06-22,1217117755,因赛集团：关于拟续聘会计师事务所的公告,施丹丹,False,
300781,2022-04-26,1213109985,因赛集团：关于拟续聘会计师事务所的公告,施丹丹,False,
300762,2021-10-29,1211419545,上海瀚讯：关于续聘2021年度审计机构的公告,黄海,False,
300786,2021-04-16,1209701950,国林科技：关于续聘2021年度审计机构的公告,李峻雄,False,
300786,2022-03-18,1212607569,国林科技：关于续聘2022年度审计机构的公告,轩菲,False,
300786,2020-04-17,1207515260,国林科技：关于续聘2020年度审计机构的公告,李峻雄,False,
300786,2023-04-26,1216580739,国林科技：关于续聘2023年度审计机构的公告,轩菲,False,
300778,2020-04-28,1207643100,新城市：关于续聘公司2020年度审计机构的公告,付忠伟、陈琼,False,
300787,2021-07-16,1210496402,海能实业：关于续聘公司2021年度审计机构的公告,包铁军,False,
300787,2020-08-14,1208170226,海能实业：关于续聘公司2020年度审计机构的公告,包铁军,False,
300787,2022-08-30,1214447730,海能实业：关于续聘2022年度审计机构的公告,林映雪,False,
300787,2023-08-31,1217715532,海能实业：关于续聘2023年度审计机构的公告,林映雪,False,
300791,2023-07-15,1217302167,仙乐健康：关于变更会计师事务所的公告,张颖,False,
300780,2020-04-24,1207588011,德恩精工：关于续聘会计师事务所的公告,李萍、刘泽波,False,
300799,2020-04-29,1207659567,左江科技：关于续聘2020年度审计机构的公告,曹毅、姚辉,False,
300799,2023-01-31,1215727136,左江科技：关于拟变更会计师事务所的公告,郝学花,False,
300800,2021-04-24,1209791327,力合科技：关于续聘2021年度会计师事务所的公告,拥有,False,
300799,2023-04-28,1216662751,左江科技：关于续聘2023年度审计机构的公告,郝学花,False,
300805,2023-08-26,1217655651,电声股份：关于续聘会计师事务所的公告,徐敏,False,
300821,2021-03-10,1209359298,东岳硅材：关于拟续聘2021年度会计师事务所的公告,肖莹,False,
300823,2021-03-30,1209476315,建科机械：关于公司续聘2021年度审计机构的公告,熊亚菊,False,
300823,2022-04-07,1212826590,建科机械：关于公司续聘2022年度审计机构的公告,廖家河,False,
300827,2022-03-30,1212725459,上能电气：关于续聘公证天业会计师事务所（特殊普通合伙）为公司2022年度审计机构的公告,徐雅芬,False,
300823,2023-04-25,1216558811,建科机械：关于公司续聘2023年度审计机构的公告,廖家河,False,
300827,2023-04-27,1216616767,上能电气：关于续聘公证天业会计师事务所（特殊普通合伙）为公司2023年度审计机构的公告,吕卫星,False,
300829,2022-03-31,1212749883,金丹科技：关于续聘会计师事务所的公告,刘广,False,
300829,2021-04-20,1209726398,金丹科技：关于续聘会计师事务所的公告,唐卫强,False,
300827,2024-04-23,1219742800,上能电气：关于续聘公证天业会计师事务所（特殊普通合伙）为公司2024年度审计机构的公告,吕卫星,False,
300829,2023-04-21,1216496676,金丹科技：关于续聘会计师事务所的公告,刘广,False,
300838,2023-04-26,1216581056,浙江力诺：关于续聘公司2023年度审计机构的公告,邵明亮,False,
300815,2020-08-18,1208187052,玉禾田：关于续聘会计师事务所的公告,李斌华、李敏,False,
300846,2021-03-23,1209427498,首都在线：关于续聘2021年度审计机构的公告,熊亚菊,False,
300846,2022-03-30,1212729443,首都在线：关于续聘2022年度审计机构的公告,陈红,False,
300846,2023-04-01,1216301792,首都在线：关于续聘2023年度审计机构的公告,陈红,False,
300849,2021-04-26,1209794586,锦盛新材：关于公司续聘会计师事务所的公告,余亚进,False,
300850,2022-04-22,1213024193,新强联：关于拟续聘会计师事务所的公告,李峻雄,False,
300850,2021-03-31,1209487759,新强联：关于拟续聘会计师事务所的公告,李峻雄,False,
300853,2021-04-27,1209812877,申昊科技：杭州申昊科技股份有限公司关于续聘2021年度审计机构的公告,李伟海,False,
300853,2022-04-28,1213166565,申昊科技：杭州申昊科技股份有限公司关于续聘2022年度审计机构的公告,李伟海,False,
300853,2024-04-23,1219744332,申昊科技：关于续聘2024年度审计机构的公告,管金明,False,
300853,2023-04-27,1216618784,申昊科技：关于续聘2023年度审计机构的公告,李伟海,False,
300856,2023-04-20,1216478719,科思股份：关于拟续聘会计师事务所的公告,吴霆,False,
300863,2024-04-19,1219670824,卡倍亿：关于续聘公司2024年度审计机构的公告,邓红玉,False,
300865,2021-04-09,1209658393,大宏立：关于拟续聘任2021年度会计师事务所的公告,陈修俭,False,
300865,2022-04-12,1212885091,大宏立：关于拟续聘任2022年度会计师事务所的公告,陈修俭,False,
300865,2024-03-29,1219442902,大宏立：关于拟续聘2024年度会计师事务所的公告,陈修俭,False,
300865,2023-04-15,1216418196,大宏立：关于拟续聘2023年度会计师事务所的公告,陈修俭,False,
300867,2021-05-15,1209982690,圣元环保：关于拟续聘会计师事务所的公告,孙银美,False,
300868,2021-11-24,1211683955,杰美特：关于续聘大信会计师事务所（特殊普通合伙）为公司2021年度审计机构的公告,宋治忠,False,
300867,2023-04-20,1216470890,圣元环保：关于续聘2023年度审计机构的公告,郑纪安,False,
300867,2022-04-20,1212979370,圣元环保：关于续聘2022年度审计机构的公告,孙银美,False,
300868,2023-01-07,1215539709,杰美特：关于续聘大信会计师事务所（特殊普通合伙）为公司2022年年度审计机构的公告,汤艳群,False,
300868,2023-12-06,1218522798,杰美特：关于续聘大信会计师事务所（特殊普通合伙）为公司2023年年度审计机构的公告,汤艳群,False,
300872,2021-02-03,1209234107,天阳科技：关于拟续聘会计师事务所的公告,熊亚菊,False,
300867,2024-04-19,1219667077,圣元环保：关于续聘2024年度审计机构的公告,郑纪安,False,
300872,2021-04-26,1209793483,天阳科技：关于拟续聘2021年度审计机构的公告,熊亚菊,False,
300872,2022-04-27,1213143625,天阳科技：关于拟续聘2022年度审计机构的公告,杨勇胜,False,
300872,2023-04-24,1216521648,天阳科技：关于拟续聘2023年度审计机构的公告,杨勇胜,False,
300876,2021-04-09,1209656182,蒙泰高新：关于拟续聘会计师事务所的公告,包铁军,False,
300880,2022-04-27,1213145519,迦南智能：关于拟续聘会计师事务所的公告,邵明亮,False,
300880,2021-04-23,1209774922,迦南智能：关于拟续聘会计师事务所的公告,李会英,False,
300880,2023-04-25,1216553873,迦南智能：关于拟续聘会计师事务所的公告,邵明亮,False,
300881,2023-10-25,1218135891,盛德鑫泰：盛德鑫泰新材料股份有限公司关于续聘2023年度审计机构的公告,徐雅芬,False,
300847,2021-04-22,1209758026,中船汉光：关于续聘2021年度会计师事务所的公告,许培梅,False,
300883,2021-04-24,1209795900,龙利得：关于拟续聘2021年度审计机构的公告,朱海平,False,
300884,2022-04-22,1213028295,狄耐克：关于续聘公司2022年度审计机构的公告,刘琳,False,
300884,2023-04-22,1216521995,狄耐克：关于续聘公司2023年度审计机构的公告,蔡如笑,False,
300884,2021-04-15,1209691928,狄耐克：关于续聘公司2021年度审计机构的公告,刘琳,False,
300884,2024-04-27,1219870365,狄耐克：关于续聘公司2024年度审计机构的公告,蔡如笑,False,
300891,2021-04-15,1209692500,惠云钛业：关于公司拟续聘2021年度会计师事务所的公告,包铁军,False,
300889,2021-04-22,1209760420,爱克股份：深圳爱克莱特科技股份有限公司关于续聘会计师事务所的公告,王娜、王首一,False,
300891,2023-04-27,1216616390,惠云钛业：关于公司拟续聘2023年度会计师事务所的公告,赵艳灵,False,
300891,2024-04-23,1219747072,惠云钛业：关于公司拟续聘2024年度会计师事务所的公告,赵艳灵,False,
300891,2022-03-30,1212724696,惠云钛业：关于公司拟续聘2022年度会计师事务所的公告,王曙晖,False,
300896,2021-02-09,1209260712,爱美客：关于拟续聘会计师事务所的公告,熊亚菊,False,
300896,2022-03-08,1212519652,爱美客：爱美客拟续聘会计师事务所的公告,赵艳灵,False,
300899,2022-04-28,1213160783,上海凯鑫：关于拟续聘会计师事务所的公告,李海成,False,
300899,2021-04-16,1209699523,上海凯鑫：关于拟续聘会计师事务所的公告,李海成,False,
300888,2021-04-20,1209727405,稳健医疗：关于续聘2021年度会计师事务所的公告,龙湖川,False,
300909,2022-04-26,1213102966,汇创达：关于拟续聘会计师事务所的公告,刘泽涵,False,
300911,2021-04-21,1209737945,亿田智能：关于续聘会计师事务所的公告,刘亚芹、魏琴,False,
300911,2024-04-24,1219763371,亿田智能：关于续聘会计师事务所的公告,邱俊杰、魏琴,False,
300911,2023-04-21,1216493533,亿田智能：关于续聘会计师事务所的公告,魏琴,False,
300911,2022-04-19,1212962171,亿田智能：关于续聘会计师事务所的公告,邱俊杰、魏琴,False,
300920,2021-04-24,1209796261,润阳科技：关于续聘2021年度审计机构的公告,沈利刚,False,
300920,2022-04-28,1213171627,润阳科技：关于续聘2022年度审计机构的公告,李丹、洪建良,False,
300920,2023-04-26,1216587789,润阳科技：关于续聘2023年度审计机构的公告,洪建良,False,
300922,2021-10-01,1211193930,天秦装备：关于续聘2021年度会计师事务所的公告,刘丰收,False,
300922,2022-04-22,1213022722,天秦装备：关于续聘2022年度会计师事务所的公告,宋智云,False,
300920,2024-04-22,1219697584,润阳科技：关于续聘2024年度审计机构的公告,洪建良,False,
300922,2024-04-10,1219550656,天秦装备：关于续聘2024年度会计师事务所的公告,龙传喜,False,
300937,2022-04-22,1213027224,药易购：关于续聘2022年度审计机构的公告,唐湘衡,False,
300921,2021-04-21,1209739897,南凌科技：关于续聘2021年度审计机构的公告,王丹,False,
300942,2021-04-29,1209847044,易瑞生物：关于拟续聘2021年度会计师事务所的公告,王首一,False,
300966,2021-04-29,1209852189,共同药业：关于续聘2021年度审计机构的公告,宋治忠,False,
300966,2022-04-22,1213025458,共同药业：关于续聘2022年度审计机构的公告,宋治忠,False,
300966,2023-04-21,1216491626,共同药业：关于拟续聘会计师事务所的公告,宋治忠,False,
300975,2024-03-30,1219467220,商络电子：关于续聘2024年度审计机构的公告,薛敏,False,
300988,2023-04-26,1216592370,津荣天宇：关于拟续聘2023年度审计机构的公告,徐雅芬,False,
300988,2024-04-09,1219539709,津荣天宇：关于拟续聘2023年度审计机构的公告,吕卫星,False,
300988,2022-03-28,1212688069,津荣天宇：关于拟续聘2022年度审计机构的公告,徐雅芬,False,
300991,2022-04-15,1212918782,创益通：关于续聘上会会计师事务所（特殊普通合伙）为公司2022年度审计机构的公告,刘蓓,False,
300991,2022-01-01,1212074656,创益通：关于变更会计师事务所的公告,刘蓓,False,
300991,2023-04-06,1216329916,创益通：关于续聘上会会计师事务所（特殊普通合伙）为公司2023年度审计机构的公告,刘蓓,False,
300993,2022-04-22,1213017556,玉马遮阳：关于续聘2022年度会计师事务所的公告,刘雪娇,False,
300991,2024-04-09,1219537002,创益通：关于续聘上会会计师事务所（特殊普通合伙）为公司2024年度审计机构的公告,史华宾,False,
300993,2024-04-23,1219735649,玉马遮阳：关于续聘2024年度会计师事务所的公告,江燕,False,
300993,2023-03-31,1216273073,玉马遮阳：关于续聘2023年度会计师事务所的公告,刘雪娇,False,
301012,2024-04-23,1219736305,扬电科技：关于续聘会计师事务所的公告,薛敏,False,
301020,2023-03-31,1216272817,密封科技：关于拟续聘会计师事务所的公告,王忻,False,
301020,2022-03-31,1212751686,密封科技：关于拟续聘会计师事务所的公告,王忻,False,
301025,2024-04-24,1219774671,读客文化：关于续聘2024年度财务审计机构的公告,王佳良、董舒,False,
301031,2024-04-24,1219772070,中熔电气：关于续聘会计师事务所的公告,张雷,False,
301035,2021-12-01,1211745571,润丰股份：关于变更会计师事务所的公告,周力中国,False,
301035,2022-03-31,1212746168,润丰股份：关于续聘会计师事务所的公告,周力中国,False,
301035,2024-04-26,1219825478,润丰股份：关于续聘2024年度会计师事务所的公告,周力,False,
301035,2023-03-25,1216217468,润丰股份：关于续聘会计师事务所的公告,刘雪娇,False,
301040,2022-03-19,1212627526,中环海陆：关于续聘审计机构公告,朱丹丹,False,
301040,2024-04-23,1219739743,中环海陆：关于续聘审计机构公告,张国勤,False,
301036,2024-04-24,1219768389,双乐股份：关于续聘2024年度审计机构的公告,贾嘉、李新民,False,
301048,2024-04-20,1219702689,金鹰重工：关于续聘2024年度审计机构的公告,乔春,False,
301050,2024-01-17,1218932092,雷电微力：关于审计机构变更质量控制复核人的公告,本次,False,
301048,2023-04-21,1216496285,金鹰重工：关于续聘2023年度审计机构的公告,乔春,False,
301057,2023-03-31,1216276088,汇隆新材：关于续聘2023年度审计机构的公告,叶冠成、邓红玉,False,
301057,2022-04-20,1212975821,汇隆新材：关于续聘2022年度审计机构的公告,邓红玉,False,
301065,2023-04-27,1216610467,本立科技：关于续聘2023年度会计师事务所的的公告,郑益安、王克平,False,
301082,2023-04-22,1216516642,久盛电气：关于续聘立信会计师事务所（特殊普通合伙）为公司2023年度审计机构的公告,倪金林、王克平,False,
301085,2022-04-22,1213016984,亚康股份：关于续聘会计师事务所的公告,冯发明,False,
301085,2023-04-24,1216519131,亚康股份：关于续聘会计师事务所的公告,冯发明,False,
301082,2024-04-26,1219829836,久盛电气：关于续聘立信会计师事务所（特殊普通合伙）为公司2024年度审计机构的公告,倪金林、王克平,False,
301085,2024-04-18,1219649506,亚康股份：关于拟续聘会计师事务所的公告,李成亮,False,
301086,2023-03-31,1216271251,鸿富瀚：关于续聘会计师事务所的公告,王许,False,
301093,2022-04-25,1213047365,华兰股份：关于拟续聘会计师事务所的公告,曹隆森,False,
301093,2023-04-24,1216514508,华兰股份：关于拟续聘会计师事务所的公告,曹隆森,False,
301086,2022-04-25,1213060998,鸿富瀚：关于续聘会计师事务所的公告,王许,False,
301065,2022-04-26,1213100311,本立科技：关于续聘2022年度会计师事务所的的公告,王克平,False,
301099,2022-04-25,1213056032,雅创电子：关于拟续聘2022年会计师事务所的公告,张炯,False,
301100,2022-01-08,1212119377,风光股份：营口风光新材料股份有限公司拟聘请会计师事务所的公告,韩志馨,False,
301099,2024-06-14,1220358578,雅创电子：关于拟续聘2024年度审计机构的公告,张炯,False,
301099,2023-04-12,1216381968,雅创电子：关于拟续聘2023年会计师事务所的公告,张炯,False,
301100,2022-12-10,1215314518,风光股份：风光股份：营口风光新材料股份有限公司拟续聘会计师事务所的公告,钱斌,False,
301107,2023-01-14,1215606000,瑜欣电子：关于拟续聘会计师事务所的公告,张宇,False,
301107,2023-10-27,1218167454,瑜欣电子：关于拟续聘会计师事务所的公告,张宇,False,
301111,2023-04-28,1216642933,粤万年青：关于续聘2023年度审计机构的公告,冯军,False,
301111,2024-04-22,1219693485,粤万年青：关于续聘2024年度审计机构的公告,游泽侯,False,
301112,2023-04-24,1216526884,信邦智能：关于续聘2023年度审计机构的公告,钟晔,False,
301130,2023-04-21,1216487110,西点药业：关于续聘2023年度会计师事务所的公告,赵艳灵,False,
301130,2022-04-25,1213050484,西点药业：关于聘请2022年度会计师事务所的公告,赵艳灵,False,
301151,2022-04-29,1213213506,冠龙节能：关于续聘大华会计师事务所（特殊普通合伙）的公告,熊亚菊,False,
301160,2024-04-12,1219584110,翔楼新材：关于公司续聘会计师事务所的公告,吕卫星,False,
301160,2023-04-12,1216380435,翔楼新材：关于公司续聘会计师事务所的公告,徐雅芬,False,
301161,2024-04-27,1219858772,唯万密封：关于续聘2024年度审计机构的公告,陆地,False,
301170,2024-04-25,1219790340,锡南科技：关于续聘2024年度会计师事务所的公告,李俊,False,
301180,2024-04-20,1219700116,万祥科技：关于拟续聘会计师事务所的公告,辛庆辉,False,
301180,2023-12-09,1218561738,万祥科技：关于变更会计师事务所的公告,辛庆辉,False,
301192,2023-03-17,1216136269,泰祥股份：关于拟续聘会计师事务所的公告,黄德明,False,
301199,2024-04-23,1219746201,迈赫股份：关于续聘大信会计师事务所（特殊普通合伙）为公司2024年度审计机构的公告,李成亮,False,
301199,2022-04-26,1213118195,迈赫股份：关于聘任会计师事务所的公告,冯发明,False,
301205,2023-04-25,1216555637,联特科技：关于续聘会计师事务所的公告,刘仁勇,False,
301199,2023-04-25,1216550276,迈赫股份：关于续聘大信会计师事务所（特殊普通合伙）为公司2023年度审计机构的公告,李洪,False,
301210,2024-04-26,1219822800,金杨股份：关于续聘2024年度会计师事务所的公告,郭晓鹏,False,
301206,2022-08-18,1214319355,三元生物：关于变更会计师事务所的公告,熊亚菊,False,
301211,2024-04-23,1219742934,亨迪药业：关于续聘公司2024年度审计机构的公告,肖献敏,False,
301213,2022-04-26,1213112940,观想科技：关于续聘2022年度审计机构的公告,陈修俭,False,
301221,2022-01-06,1212103251,光庭信息：关于续聘2021年度审计机构的公告,刘仁勇,False,
301221,2023-08-16,1217541022,光庭信息：关于续聘2023年度审计机构的公告,肖献敏,False,
301223,2024-04-24,1219770766,中荣股份：关于续聘会计师事务所的公告,牟峥,False,
301223,2023-04-24,1216527250,中荣股份：关于续聘会计师事务所的公告,牟峥,False,
301238,2024-04-25,1219800651,瑞泰新材：关于拟续聘公司2024年度会计师事务所的公告,谭红梅,False,
301238,2023-04-26,1216579385,瑞泰新材：关于拟续聘公司2023年度会计师事务所的公告,葛伟俊,False,
301255,2023-04-25,1216548282,通力科技：关于拟续聘2023年度会计师事务所的公告,蔡畅,False,
301255,2024-04-29,1219858935,通力科技：关于拟续聘2024年度会计师事务所的公告,钟建栋,False,
301257,2023-04-27,1216610624,普蕊斯：关于公司聘请2023年度会计师事务所的公告,崔志毅,False,
301257,2024-04-29,1219860526,普蕊斯：关于公司续聘2024年度会计师事务所的公告,崔志毅,False,
301266,2023-04-25,1216554236,宇邦新材：关于续聘公司2023年度审计机构的公告,王微,False,
301266,2024-04-19,1219669768,宇邦新材：关于续聘公司2024年度审计机构的公告,徐雅芬,False,
301269,2024-04-29,1219868152,华大九天：关于聘请大信会计师事务所（特殊普通合伙）为公司2024年度审计机构的公告,李洪,False,
301269,2023-04-28,1216650791,华大九天：关于续聘大信会计师事务所（特殊普通合伙）为公司2023年度审计机构的公告,陈修俭,False,
301286,2024-01-09,1218836329,侨源股份：关于审计机构变更项目质量控制复核人的公告,本次,False,
301286,2024-04-10,1219554150,侨源股份：关于续聘公司2024年度审计机构的公告,刘晶静,False,
301286,2023-12-09,1218565597,侨源股份：关于变更会计师事务所的公告,孙蕊,False,
301288,2022-05-24,1213474222,清研环境：清研环境科技股份有限公司关于续聘大华会计师事务所（特殊普通合伙）为公司2022年度审计机构的公告,王曙晖,False,
301293,2023-05-27,1216922031,三博脑科：关于续聘2023年度审计机构的公告,冯万奇,False,
301310,2024-04-29,1219863768,鑫宏业：关于续聘会计师事务所的公告,辛庆辉,False,
301310,2023-12-12,1218582612,鑫宏业：关于拟变更会计师事务所的公告,辛庆辉,False,
301322,2024-04-26,1219818533,绿通科技：关于续聘2024年度会计师事务所的公告,杨新春,False,
301322,2023-04-26,1216576216,绿通科技：关于续聘2023年度会计师事务所的公告,刘见生,False,
301315,2024-04-23,1219738507,威士顿：关于拟续聘 2024 年度会计师事务所的公告,吴蓉,False,
301325,2023-11-09,1218283978,曼恩斯特：深圳市曼恩斯特科技股份有限公司关于续聘2023年度审计机构的公告,郝学花,False,
301365,2023-04-25,1216548663,矩阵股份：关于续聘会计师事务所的公告,汪平平,False,
301369,2024-04-26,1219834987,联动科技：关于续聘会计师事务所的公告,张曦,False,
301369,2023-08-15,1217533269,联动科技：关于续聘会计师事务所的公告,张曦,False,
301365,2024-04-23,1219743182,矩阵股份：关于续聘会计师事务所的公告,汪平平,False,
301408,2024-04-29,1219870188,华人健康：关于续聘公司2024年度财务审计机构的公告,薛敏,False,
301591,2024-04-26,1219834769,肯特股份：关于续聘2024年度会计师事务所的公告,薛敏,False,
301577,2024-04-26,1219831058,美信科技：关于续聘2024年度会计师事务所的公告,王娟,False,
600009,2021-03-27,1209461939,上海机场：上海机场续聘会计师事务所公告,崔志毅、谭红梅,False,
600009,2024-04-30,1219924940,上海机场：上海机场聘任会计师事务所公告,江燕,False,
600011,2023-10-11,1218005078,华能国际：华能国际关于续聘会计师事务所的公告,王敏,False,
600031,2021-03-31,1209495120,三一重工：三一重工股份有限公司关于续聘会计师事务所的公告,黄寅,False,
600031,2022-04-23,1213052081,三一重工：三一重工股份有限公司关于续聘会计师事务所的公告,黄寅,False,
600031,2020-04-24,1207585167,三一重工：关于续聘会计师事务所的公告,黄寅,False,
600031,2024-04-29,1219890099,三一重工：三一重工股份有限公司关于续聘会计师事务所的公告,徐菲,False,
600031,2023-04-01,1216302507,三一重工：三一重工股份有限公司关于续聘会计师事务所的公告,黄寅,False,
600009,2020-03-28,1207415915,上海机场：续聘会计师事务所公告,王一芳、谭红梅,False,
600062,2021-03-19,1209410211,华润双鹤：华润双鹤关于续聘会计师事务所公告,王宁,False,
600062,2020-03-21,1207389170,华润双鹤：关于续聘会计师事务所公告,王宁,False,
600062,2022-03-25,1212669436,华润双鹤：华润双鹤关于续聘会计师事务所公告,王宁,False,
600066,2021-03-30,1209474776,宇通客车：关于续聘会计师事务所公告,李峻雄,False,
600066,2022-03-29,1212711339,宇通客车：关于续聘会计师事务所的公告,于建松,False,
600066,2024-04-02,1219492576,宇通客车：关于续聘会计师事务所的公告,于建松,False,
600067,2020-03-25,1207398929,冠城大通：关于续聘会计师事务所的公告,张桂红,False,
600067,2022-04-02,1212809780,冠城大通：冠城大通关于续聘会计师事务所的公告,赵琤、邱秋星,False,
600067,2021-03-03,1209324678,冠城大通：冠城大通关于续聘会计师事务所的公告,赵琤,False,
600073,2023-03-30,1216255644,上海梅林：上海梅林关于续聘会计师事务所的公告,凌云,False,
600081,2020-08-28,1208278508,东风科技：关于变更2020年度会计师事务所的公告,张富根,False,
600099,2021-04-29,1209848091,林海股份：林海股份有限公司关于续聘会计师事务所的公告,李峻雄,False,
600100,2020-04-29,1207667678,同方股份：关于续聘公司2020年度审计机构并支付其审计费用的公告,沈维华,False,
600108,2022-04-20,1212981316,亚盛集团：亚盛集团关于续聘会计师事务所的公告,刘会锋,False,
600108,2021-04-28,1209833228,亚盛集团：亚盛集团关于续聘会计师事务所的公告,刘会锋,False,
600108,2024-04-25,1219788143,亚盛集团：亚盛集团关于续聘会计师事务所的公告,刘会锋,False,
600109,2020-04-02,1207449133,国金证券：关于续聘会计师事务所的公告,李斌,False,
600117,2021-07-24,1210562443,西宁特钢：西宁特殊钢股份有限公司关于续聘会计师事务所的公告,包铁军,False,
600117,2023-04-29,1216699636,西宁特钢：西宁特殊钢股份有限公司关于续聘会计师事务所的公告,唐娟于,False,
600120,2020-08-15,1208178416,浙江东方：关于续聘会计师事务所的公告,李海成,False,
600120,2021-07-17,1210500965,浙江东方：浙江东方金融控股集团股份有限公司关于续聘会计师事务所的公告,李琪友,False,
600137,2021-04-27,1209809587,浪莎股份：浪莎股份关于续聘会计师事务所的公告,廖群,False,
600137,2023-04-25,1216554432,浪莎股份：浪莎股份关于续聘会计师事务所的公告,廖群,False,
600138,2023-10-31,1218205813,中青旅：中青旅关于续聘会计师事务所的公告,贺鑫,False,
600137,2024-04-23,1219740246,浪莎股份：浪莎股份关于续聘会计师事务所的公告,李静,False,
600143,2020-04-28,1207646627,金发科技：关于续聘会计师事务所的公告,梁肖林、张锦坤,False,
600149,2020-04-30,1207688893,ST坊展：关于公司续聘2020年度会计师事务所的公告,郭香,False,
600155,2020-04-22,1207552490,华创阳安：关于续聘公司2020年度审计机构的公告,李琪友,False,
600177,2024-04-30,1219914656,雅戈尔：雅戈尔时尚股份有限公司关于续聘会计师事务所的公告,黄晔,False,
600179,2021-04-20,1209729142,*ST安通：关于续聘会计师事务所的公告,王曙晖,False,
600179,2022-09-08,1214556520,安通控股：关于续聘会计师事务所的公告,肖琳,False,
600180,2020-04-30,1207689122,瑞茂通：关于续聘2020年度财务报告审计机构及内控审计机构的公告,从事,False,
600173,2020-04-24,1207584763,卧龙地产：关于续聘会计师事务所的公告,龙湖川,False,
600190,2022-04-29,1213204487,锦州港：锦州港股份有限公司续聘会计师事务所公告,李斌,False,
600190,2023-04-28,1216648923,锦州港：锦州港股份有限公司聘任会计师事务所公告,李斌,False,
600192,2021-10-30,1211430274,长城电工：长城电工关于续聘2021年度审计机构的公告,刘会锋,False,
600192,2020-12-10,1208874298,长城电工：关于续聘2020年度审计机构的公告,拥有,False,
600196,2020-03-31,1207432094,复星医药：关于2020年续聘会计师事务所的公告,陈杰,False,
600198,2021-12-15,1211905974,*ST大唐：大唐电信科技股份有限公司续聘会计师事务所公告,张帆,False,
600198,2023-12-14,1218606200,大唐电信：大唐电信科技股份有限公司续聘会计师事务所公告,刘国清,False,
600202,2023-03-28,1216234088,哈空调：哈尔滨空调股份有限公司关于拟续聘2023年度审计机构的公告,陈静,False,
600210,2021-03-20,1209417280,紫江企业：上海紫江企业集团股份有限公司关于续聘会计师事务所的公告,吴蓉,False,
600223,2024-06-05,1220258488,福瑞达：鲁商福瑞达医药股份有限公司关于续聘会计师事务所的公告,汪思薇,False,
600223,2021-03-27,1209465484,鲁商发展：鲁商健康产业发展股份有限公司关于续聘会计师事务所的公告,陈修俭,False,
600223,2022-12-31,1215496909,鲁商发展：鲁商健康产业发展股份有限公司关于聘请会计师事务所的公告,刘雪娇,False,
600223,2023-03-31,1216274970,鲁商发展：鲁商健康产业发展股份有限公司关于续聘会计师事务所的公告,刘雪娇,False,
600229,2020-04-28,1207646787,城市传媒：关于续聘会计师事务所的公告,吕凯,False,
600243,2020-04-21,1207542069,青海华鼎：关于续聘会计师事务所的公告,吴震,False,
600250,2020-04-30,1207689456,南纺股份：关于续聘会计师事务所的公告,拥有,False,
600250,2022-04-30,1213268779,南纺股份：南纺股份关于续聘会计师事务所的公告,郝学花,False,
600252,2020-03-26,1207403746,中恒集团：关于续聘会计师事务所的公告,利泽秀,False,
600256,2021-04-10,1209665637,广汇能源：广汇能源股份有限公司关于续聘会计师事务所的公告,王曙晖,False,
600256,2020-08-26,1208248659,广汇能源：关于续聘会计师事务所的公告,包铁军,False,
600257,2022-04-30,1213268808,大湖股份：大湖水殖股份有限公司关于续聘会计师事务所的公告,罗跃龙,False,
600257,2024-04-18,1219651837,大湖股份：大湖水殖股份有限公司关于续聘会计师事务所的公告,罗跃龙,False,
600262,2020-04-21,1207537499,北方股份：关于续聘会计师事务所的公告,李峻雄,False,
600262,2023-04-25,1216559361,北方股份：内蒙古北方重型汽车股份有限公司关于续聘会计师事务所的公告,张家辉,False,
600266,2020-08-08,1208141795,城建发展：关于变更会计师事务所的公告,李竣雄,False,
600269,2020-04-21,1207542140,赣粤高速：关于续聘2020年度审计机构的公告,拥有,False,
600269,2021-04-07,1209640877,赣粤高速：赣粤高速关于续聘2021年度审计机构的公告,赖华林,False,
600269,2022-03-29,1212706276,赣粤高速：赣粤高速关于续聘2022年度审计机构的公告,赖华林,False,
600269,2023-03-21,1216167446,赣粤高速：赣粤高速关于续聘2023年度审计机构的公告,李晓梅,False,
600273,2020-04-17,1207516488,嘉化能源：关于续聘公司2020年度审计机构及内控审计机构的公告,何旭春、陈黎,False,
600275,2020-04-30,1207694012,ST昌鱼：续聘会计师事务所公告,王猛,False,
600275,2021-10-20,1211322501,*ST昌鱼：湖北武昌鱼股份有限公司关于续聘会计师事务所的公告,王猛,False,
600291,2021-04-30,1209878249,西水股份：西水股份关于续聘会计师事务所的公告,崔江涛于,False,
600291,2021-02-02,1209225055,西水股份：西水股份关于变更会计师事务所的公告,崔江涛于,False,
600293,2021-04-29,1209857568,三峡新材：关于续聘会计师事务所的公告,刘婕,False,
600300,2021-10-30,1211430968,ST维维：维维食品饮料股份有限公司关于续聘会计师事务所的公告,王斌、冯蕾,False,
600303,2020-04-30,1207689679,曙光股份：关于续聘会计师事务所的公告,唐炫,False,
600300,2020-04-30,1207689649,维维股份：关于续聘会计师事务所的公告,刘云、冯蕾,False,
600316,2024-03-16,1219313993,洪都航空：江西洪都航空工业股份有限公司关于续聘会计师事务所的公告,刘广,False,
600316,2022-03-31,1212754390,洪都航空：江西洪都航空工业股份有限公司关于续聘会计师事务所的公告,唐卫强,False,
600319,2024-04-09,1219537393,亚星化学：潍坊亚星化学股份有限公司关于续聘2024年度会计师事务所的公告,何时,False,
600316,2023-03-16,1216128755,洪都航空：江西洪都航空工业股份有限公司关于续聘会计师事务所的公告,刘广,False,
600323,2024-04-30,1219914947,瀚蓝环境：关于续聘华兴会计师事务所（特殊普通合伙）为公司提供2024年度审计工作的公告,张凤波,False,
600323,2021-03-31,1209489763,瀚蓝环境：关于续聘华兴会计师事务所（特殊普通合伙）为公司提供2021年度审计工作的公告,周婷,False,
600323,2022-03-31,1212748305,瀚蓝环境：关于续聘华兴会计师事务所（特殊普通合伙）为公司提供2022年度审计工作的公告,周婷,False,
600333,2021-04-29,1209857588,长春燃气：长春燃气关于续聘会计师事务所的公告,冯发明,False,
600339,2020-04-29,1207654505,中油工程：关于续聘2020年度财务和内控审计机构并确定其审计费用的公告,朱晓东、王晓军,False,
600353,2024-04-13,1219600174,旭光电子：旭光电子关于续聘会计师事务所的公告,周丕平,False,
600353,2023-04-12,1216380629,旭光电子：旭光电子关于续聘会计师事务所的公告,周丕平,False,
600354,2023-04-20,1216478317,敦煌种业： 甘肃省敦煌种业集团股份有限公司关于续聘会计师事务所的公告,刘会锋,False,
600354,2024-03-22,1219375767,敦煌种业：甘肃省敦煌种业集团股份有限公司关于续聘会计师事务所的公告,刘会锋,False,
600354,2021-04-29,1209857633,*ST敦种：  甘肃省敦煌种业集团股份有限公司关于续聘会计师事务所的公告,刘会锋,False,
600354,2022-03-24,1212650552,敦煌种业： 甘肃省敦煌种业集团股份有限公司关于续聘会计师事务所的公告,刘会锋,False,
600356,2022-04-22,1213020006,恒丰纸业：恒丰纸业关于续聘天健会计师事务所（特殊普通合伙）为公司审计机构的公告,暂未,False,
600359,2023-02-10,1215816125,新农开发：新疆塔里木农业综合开发股份有限公司关于续聘会计师事务所的公告,刘会锋,False,
600359,2022-01-29,1212303262,新农开发：新疆塔里木农业综合开发股份有限公司关于续聘会计师事务所的公告,刁文杰、拥有,False,
600359,2021-01-28,1209202967,新农开发：新疆塔里木农业综合开发股份有限公司关于续聘会计师事务所的公告,冯发明,False,
600359,2023-12-12,1218582590,新农开发：新疆塔里木农业综合开发股份有限公司关于续聘会计师事务所的公告,刘会锋,False,
600370,2022-03-29,1212708488,三房巷：江苏三房巷聚材股份有限公司关于续聘会计师事务所的公告,赵焕琪,False,
600370,2023-03-29,1216243597,三房巷：江苏三房巷聚材股份有限公司关于续聘会计师事务所的公告,赵焕琪,False,
600370,2021-04-20,1209726870,三房巷：江苏三房巷股份有限公司关于续聘会计师事务所的公告,李海成,False,
600372,2021-06-08,1210182241,中航电子：中航电子关于变更会计师事务所的公告,唐卫强,False,
600381,2022-04-26,1213104143,青海春天：青海春天关于续聘会计师事务所的公告,刘会峰,False,
600381,2020-10-22,1208596949,青海春天：关于变更会计师事务所的公告,刘会峰,False,
600381,2021-04-30,1209873925,青海春天：青海春天关于续聘会计师事务所的公告,刘会峰,False,
600381,2023-04-29,1216702388,青海春天：青海春天关于续聘会计师事务所的公告,刘会锋,False,
600365,2020-04-29,1207670475,通葡股份：关于续聘会计师事务所的公告,姜莉,False,
600388,2020-04-29,1207656692,龙净环保：关于续聘会计师事务所的公告,李玉梅,False,
600388,2022-08-05,1214221308,ST龙净：关于聘任会计师事务所的公告,刘琳,False,
600388,2023-03-18,1216150031,ST龙净：关于续聘会计师事务所的公告,张果林,False,
600388,2021-04-28,1209833460,龙净环保：关于续聘会计师事务所的公告,刘琳,False,
600395,2022-04-28,1213168054,盘江股份：盘江股份关于续聘会计师事务所的公告,冯发明,False,
600395,2023-04-20,1216475130,盘江股份：盘江股份关于续聘会计师事务所的公告,冯发明,False,
600405,2022-11-10,1215059154,动力源：动力源关于变更会计师事务所的公告,丁彭凯、冯万奇,False,
600416,2020-03-31,1207430442,湘电股份：关于续聘会计师事务所的公告,拥有,False,
600416,2021-03-17,1209393369,*ST湘电：*ST湘电关于续聘会计师事务所的公告,拥有,False,
600419,2020-04-24,1207585011,天润乳业：关于续聘会计师事务所的公告,王侠,False,
600399,2020-04-01,1207439598,ST抚钢：关于续聘会计师事务所公告的更正公告,张宇力,False,
600423,2021-04-16,1209698282,ST柳化：ST柳化关于续聘会计师事务所的公告,宋治忠,False,
600423,2023-01-19,1215649316,柳化股份：柳化股份关于续聘会计师事务所的公告,汤艳群,False,
600425,2022-03-31,1212748814,青松建化：青松建化关于续聘会计师事务所的公告,陈修俭,False,
600425,2023-03-31,1216272848,青松建化：青松建化关于续聘会计师事务所的公告,冯发明,False,
600423,2023-03-16,1216128258,柳化股份：柳化股份关于续聘会计师事务所的公告,汤艳群,False,
600425,2024-03-26,1219403015,青松建化：青松建化关于续聘会计师事务所的公告,冯发明,False,
600425,2021-03-20,1209418772,青松建化：青松建化关于续聘会计师事务所的公告,陈修俭,False,
600438,2023-04-25,1216551621,通威股份：通威股份有限公司关于续聘会计师事务所的公告,王映国,False,
600438,2024-04-30,1219915217,通威股份：通威股份有限公司关于续聘会计师事务所的公告,王映国,False,
600438,2021-04-13,1209677299,通威股份：通威股份有限公司关于续聘会计师事务所的公告,王映国,False,
600456,2022-04-16,1212941655,宝钛股份：宝鸡钛业股份有限公司关于续聘2022 年度会计师事务所的公告,袁蓉,False,
600456,2021-04-09,1209655289,宝钛股份：宝鸡钛业股份有限公司关于续聘2021年度审计机构的公告,袁蓉,False,
600461,2020-04-25,1207603846,洪城水业：关于续聘会计师事务所的公告,拥有,False,
600461,2021-04-22,1209757042,洪城水业：江西洪城环境股份有限公司关于续聘会计师事务所的公告,赖华林,False,
600461,2023-04-11,1216372511,洪城环境：江西洪城环境股份有限公司关于续聘会计师事务所的公告,李晓梅,False,
600461,2022-04-22,1213026023,洪城环境：江西洪城环境股份有限公司关于续聘会计师事务所的公告,赖华林,False,
600475,2023-10-28,1218188513,华光环能：无锡华光环保能源集团股份有限公司关于续聘会计师事务所的公告,王微,False,
600475,2020-11-07,1208707088,华光环能：无锡华光环保能源集团股份有限公司关于变更会计师事务所的公告,均具备,False,
600478,2020-04-28,1207647186,科力远：关于续聘2020年度财务及内部控制审计机构的公告,拥有,False,
600478,2021-04-15,1209690311,科力远：科力远关于续聘2021年度财务及内部控制审计机构的公告,拥有,False,
600468,2020-04-29,1207660090,百利电气：续聘会计师事务所公告,张琦、高飞,False,
600482,2020-04-29,1207662026,中国动力：关于聘任2020年度财务报告审计机构及内控审计机构的公告,李洪勇,False,
600482,2021-06-05,1210168635,中国动力：中国船舶重工集团动力股份有限公司关于变更会计师事务所的公告,冯发明,False,
600482,2023-04-28,1216663225,中国动力：中国船舶重工集团动力股份有限公司关于续聘会计师事务所的公告,冯发明,False,
600482,2022-04-29,1213201491,中国动力：中国船舶重工集团动力股份有限公司关于续聘会计师事务所的公告,冯发明,False,
600483,2020-04-23,1207554832,福能股份：关于续聘会计师事务所的公告,中国,False,
600482,2024-06-25,1220445084,中国动力：中国船舶重工集团动力股份有限公司关于聘任2024年度财务报告审计机构及内控审计机构的公告,冯发明,False,
600487,2021-04-29,1209857904,亨通光电：亨通光电关于续聘会计师事务所的公告,葛伟俊,False,
600487,2022-04-26,1213110792,亨通光电：亨通光电关于续聘会计师事务所的公告,葛伟俊,False,
600491,2020-04-28,1207647270,龙元建设：续聘会计师事务所的公告,王一芳,False,
600495,2021-09-23,1211128616,晋西车轴：晋西车轴关于变更会计师事务所的公告,张帆,False,
600496,2021-04-16,1209703215,精工钢构：精工钢构关于续聘会计师事务所的公告,姚丽珍,False,
600495,2023-03-24,1216202692,晋西车轴：晋西车轴关于续聘会计师事务所的公告,张帆,False,
600495,2022-03-31,1212751874,晋西车轴：晋西车轴关于续聘会计师事务所的公告,张帆,False,
600487,2020-04-30,1207690356,亨通光电：关于续聘会计师事务所的公告,葛伟俊、王健,False,
600503,2020-04-22,1207550332,华丽家族：关于续聘2020年度财务和内控审计机构的公告,朱红柱,False,
600507,2021-08-28,1210900177,方大特钢：方大特钢关于续聘会计师事务所的公告,李威李威,False,
600507,2023-08-30,1217700564,方大特钢：方大特钢关于续聘会计师事务所的公告,李威李威,False,
600507,2022-04-09,1212855185,方大特钢：方大特钢关于续聘会计师事务所的公告,李威李威,False,
600508,2021-03-25,1209444032,上海能源：上海能源关于续聘会计师事务所的公告,陈曦,False,
600511,2020-03-28,1207419079,国药股份：关于续聘2020年度会计师事务所的公告,陈杰,False,
600527,2021-04-20,1209722336,江南高纤：江南高纤关于续聘2021年度财务报告及内控报告审计机构的公告,郑斌,False,
600527,2023-04-20,1216469677,江南高纤：江南高纤关于续聘2023年度财务报告及内控审计机构的公告,郑斌,False,
600530,2022-04-28,1213161562,交大昂立：关于公司2022年度续聘会计师事务所及内部控制审计会计师事务所的公告,郝学花,False,
600530,2021-06-08,1210181624,交大昂立：关于变更会计师事务所的公告,郝学花,False,
600527,2020-04-21,1207537612,江南高纤：关于续聘公司2020年度财务报告及内控报告的审计机构的公告,朱海平、郑斌,False,
600530,2020-04-29,1207668087,交大昂立：关于公司续聘会计师事务所的公告,郑帼琼、鲁晓华,False,
600552,2020-04-29,1207654704,凯盛科技：关于续聘会计师事务所的公告,拥有,False,
600557,2020-04-10,1207472513,康缘药业：关于续聘会计师事务所的公告,肖厚祥、张爱国,False,
600562,2021-04-27,1209818771,国睿科技：国睿科技股份有限公司关于续聘会计师事务所的公告,李峻雄,False,
600561,2023-07-07,1217227230,江西长运：江西长运变更会计师事务所公告,赖华林,False,
600562,2022-04-28,1213168854,国睿科技：国睿科技股份有限公司关于聘任会计师事务所的公告,李峻雄,False,
600563,2020-04-07,1207458213,法拉电子：关于续聘会计师事务所并确定其报酬的公告,黄寅,False,
600563,2021-03-27,1209463907,法拉电子：关于续聘会计师事务所并确定其报酬的公告,黄寅,False,
600562,2020-04-08,1207463227,国睿科技：关于续聘会计师事务所的公告,李峻雄,False,
600563,2022-03-26,1212683664,法拉电子：关于续聘会计师事务所并确定其报酬的公告,黄寅,False,
600563,2023-04-01,1216298163,法拉电子：关于续聘会计师事务所并确定其报酬的公告,黄寅,False,
600568,2021-12-22,1211979066,ST中珠：中珠医疗控股股份有限公司关于续聘2021年度会计师事务所的公告,王曙晖,False,
600568,2023-10-17,1218047202,ST中珠：中珠医疗控股股份有限公司关于续聘2023年度会计师事务所的公告,桂建平,False,
600568,2022-12-24,1215440859,ST中珠：中珠医疗控股股份有限公司关于续聘2022年度会计师事务所的公告,王曙晖,False,
600568,2020-12-09,1208870930,*ST中珠：中珠医疗控股股份有限公司关于变更会计师事务所的公告,包铁军,False,
600569,2020-04-25,1207599193,安阳钢铁：关于续聘会计师事务所的公告,郑帼琼、郑晓东,False,
600569,2023-04-28,1216663574,安阳钢铁：安阳钢铁股份有限公司关于续聘会计师事务所的公告,董舒,False,
600575,2021-03-31,1209489841,淮河能源：淮河能源（集团）股份有限公司续聘会计师事务所公告,郑俭,False,
600580,2021-04-30,1209874207,卧龙电驱：关于续聘会计师事务所的公告,柴喜峰,False,
600566,2020-10-24,1208608029,济川药业：湖北济川药业股份有限公司关于续聘会计师事务所的公告,张松柏、姜丽君,False,
600583,2022-03-22,1212631896,海油工程：海油工程关于续聘会计师事务所的公告,张家辉,False,
600583,2021-03-23,1209426558,海油工程：海油工程关于续聘会计师事务所的公告,张帆,False,
600583,2023-03-21,1216167464,海油工程：海油工程关于续聘会计师事务所的公告,张帆,False,
600583,2024-03-19,1219331274,海油工程：海油工程关于续聘会计师事务所的公告,禹正凡,False,
600586,2024-04-20,1219692105,金晶科技：金晶科技续聘审计机构的公告,肖霞,False,
600586,2021-04-23,1209770246,金晶科技：金晶科技关于续聘审计机构的公告,李洪,False,
600589,2023-03-11,1216094882,ST榕泰：关于年度审计机构变更项目质量复核人员的公告,李峻雄,False,
600590,2023-04-29,1216704479,泰豪科技：关于续聘会计师事务所的公告,李晓梅,False,
600589,2021-12-29,1212046909,ST榕泰：广东榕泰：关于续聘会计师事务所的公告,李峻雄,False,
600590,2024-04-27,1219876087,泰豪科技：关于续聘会计师事务所的公告,李晓梅,False,
600602,2023-03-29,1216245142,云赛智联：云赛智联关于续聘立信会计师事务所（特殊普通合伙）的公告,葛伟俊,False,
600601,2023-04-29,1216704524,*ST方科：方正科技集团股份有限公司关于续聘会计师事务所的公告,周薇英,False,
600604,2020-12-12,1208893254,市北高新：变更内部控制审计会计师事务所公告,李海成,False,
600605,2021-02-27,1209311152,汇通能源：汇通能源关于续聘会计师事务所的公告,熊亚菊,False,
600605,2023-03-07,1216056077,汇通能源：关于续聘会计师事务所的公告,丛存,False,
600605,2022-04-02,1212811509,汇通能源：关于续聘会计师事务所的公告,于建松,False,
600606,2023-04-29,1216704584,绿地控股：绿地控股关于续聘会计师事务所的公告,郝学花,False,
600606,2021-04-27,1209809835,绿地控股：绿地控股关于续聘会计师事务所的公告,郝学花,False,
600606,2024-05-25,1220158312,绿地控股：绿地控股关于续聘会计师事务所的公告,郝学花,False,
600611,2020-03-31,1207432588,大众交通：关于续聘会计师事务所及内部控制审计事务所的公告,王士玮,False,
600611,2024-03-29,1219449178,大众交通：大众交通（集团）股份有限公司关于续聘2024年度审计机构和内部控制审计机构的公告,杜志强,False,
600615,2021-04-30,1209874373,丰华股份：上海丰华（集团）股份有限公司关于续聘大华会计师事务所为2021年审计机构的公告,李琪友,False,
600615,2022-04-26,1213098572,*ST丰华：上海丰华（集团）股份有限公司关于续聘2022年度财务和内部控制审计机构的公告,贺顺祥,False,
600615,2023-04-29,1216686163,丰华股份：重庆丰华（集团）股份有限公司关于续聘2023年度财务和内部控制审计机构的公告,贺顺祥,False,
600617,2020-04-28,1207647652,国新能源：关于公司续聘会计师事务所的公告,李峻雄,False,
600617,2021-04-28,1209841927,国新能源：山西省国新能源股份有限公司关于公司续聘会计师事务所的公告,李峻雄,False,
600617,2023-04-27,1216625309,国新能源：山西省国新能源股份有限公司关于续聘会计师事务所的公告,周鑫,False,
600617,2024-04-26,1219832908,国新能源：山西省国新能源股份有限公司关于续聘会计师事务所的公告,周鑫,False,
600618,2020-04-20,1207534256,氯碱化工：关于续聘会计师事务所的公告,施国樑、顾雪峰,False,
600629,2024-03-30,1219466019,华建集团：华东建筑集团股份有限公司关于续聘会计师事务所的公告,巢序,False,
600620,2020-04-01,1207440870,天宸股份：续聘会计师事务所公告,刘桢、曹毅,False,
600623,2020-04-28,1207635836,华谊集团：关于续聘会计师事务所的公告,许丽蓉、鲁晓华,False,
600636,2021-04-27,1209806094,国新文化：国新文化控股股份有限公司关于续聘会计师事务所的公告,郝学花,False,
600636,2022-04-28,1213163371,国新文化：国新文化控股股份有限公司关于续聘会计师事务所的公告,郝学花,False,
600626,2020-04-30,1207690787,申达股份：关于续聘会计师事务所公告,刘桢、王健,False,
600645,2020-08-29,1208327165,中源协和：关于续聘会计师事务所的公告,石柱,False,
600651,2020-04-30,1207690909,飞乐音响：续聘会计师事务所的公告,汪思薇,False,
600638,2020-09-12,1208429877,新黄浦：关于续聘会计师事务所的公告,孙冰、刘桢,False,
600653,2021-04-01,1209565450,申华控股：申华控股关于续聘会计师事务所的补充公告,刘文华,False,
600643,2020-04-01,1207439875,爱建集团：关于续聘会计师事务所公告,陈勇、杨志平,False,
600661,2020-04-30,1207690964,昂立教育：关于续聘会计师事务所的公告,郑帼琼、冯蕾,False,
600661,2023-04-28,1216663719,昂立教育：昂立教育关于续聘会计师事务所的公告,郝学花,False,
600661,2022-10-29,1214968740,昂立教育：昂立教育关于变更会计师事务所的公告,郝学花,False,
600662,2020-04-21,1207543474,强生控股：关于续聘会计师事务所的公告,胡超,False,
600662,2021-09-25,1211146307,强生控股：强生控股关于变更公司年度财务审计和内控审计机构的公告,王士玮,False,
600665,2021-04-28,1209833808,天地源：天地源股份有限公司关于续聘2021年度审计机构的公告,袁蓉,False,
600665,2020-04-25,1207599280,天地源：关于续聘2020年度审计机构的公告,袁蓉,False,
600667,2022-04-28,1213159998,太极实业：关于续聘公司2022年度审计机构的公告,薛敏,False,
600667,2020-04-29,1207658763,太极实业：关于续聘公司2020年度审计机构的公告,均具备,False,
600676,2021-03-29,1209468012,交运股份：上海交运集团股份有限公司关于续聘会计师事务所公告,张骏,False,
600676,2022-03-31,1212740934,交运股份：上海交运集团股份有限公司关于续聘会计师事务所公告,张骏,False,
600676,2024-03-29,1219439904,交运股份：上海交运集团股份有限公司续聘会计师事务所公告,符永富,False,
600692,2021-03-25,1209444209,亚通股份：亚通股份续聘会计师事务所公告,严臻,False,
600692,2022-04-12,1212883164,亚通股份：亚通股份续聘会计师事务所公告,严臻,False,
600697,2020-04-28,1207647899,欧亚集团：关于续聘2020年度会计师事务所的公告,均具备,False,
600699,2023-03-31,1216281841,均胜电子：均胜电子关于续聘会计师事务所的公告,凌云,False,
600699,2022-04-26,1213108669,均胜电子：均胜电子关于续聘会计师事务所的公告,凌云,False,
600704,2021-04-27,1209818886,物产中大：物产中大关于续聘会计师事务所的公告,李海成,False,
600706,2020-04-28,1207647955,曲江文旅：关于续聘会计师事务所的公告,袁蓉,False,
600706,2022-04-27,1213135994,曲江文旅：西安曲江文化旅游股份有限公司关于续聘会计师事务所的公告,袁蓉,False,
600705,2021-03-12,1209371065,中航资本：中航资本关于聘任会计师事务所的公告,唐卫强,False,
600705,2023-03-15,1216118542,中航产融：中航产融关于聘任会计师事务所的公告,唐卫强,False,
600705,2022-03-22,1212633749,中航产融：中航产融关于聘任会计师事务所的公告,唐卫强,False,
600707,2021-04-16,1209700549,彩虹股份：彩虹股份关于续聘会计师事务所的公告,冯发明,False,
600708,2023-04-15,1216415880,光明地产：光明地产关于续聘会计师事务所的公告,吴震东,False,
600715,2023-04-29,1216705458,文投控股：文投控股股份有限公司关于续聘会计师事务所的公告,李琳,False,
600721,2022-03-30,1212728720,*ST百花：新疆百花村医药集团股份有限公司关于续聘希格玛会计师事务所为2021年度审计机构的公告,王侠,False,
600723,2020-04-25,1207599415,首商股份：续聘会计师事务所公告,高楠,False,
600731,2021-03-23,1209426611,湖南海利：湖南海利关于续聘会计师事务所的公告,王曙晖,False,
600731,2022-04-07,1212827755,湖南海利：湖南海利关于续聘会计师事务所的公告,王曙晖,False,
600719,2020-04-11,1207480808,大连热电：关于续聘会计师事务所的公告,张宇力,False,
600736,2020-04-25,1207610066,苏州高新：关于续聘会计师事务所的公告,丁晖、唐国骏,False,
600736,2024-04-27,1219876794,苏州高新：苏州高新关于聘任2024年度会计师事务所的公告,赵光,False,
600756,2024-04-18,1219653283,浪潮软件：浪潮软件关于续聘会计师事务所的公告,刘雪娇,False,
600756,2021-03-27,1209463926,浪潮软件：浪潮软件关于续聘会计师事务所的公告,陈修俭,False,
600756,2023-04-12,1216382958,浪潮软件：浪潮软件关于续聘会计师事务所的公告,刘雪娇,False,
600759,2022-04-25,1213086480,洲际油气：洲际油气股份有限公司关于续聘会计师事务所的公告,熊亚菊,False,
600759,2021-04-30,1209879299,洲际油气：洲际油气股份有限公司关于续聘会计师事务所的公告,熊亚菊,False,
600759,2024-04-25,1219797938,ST洲际：洲际油气股份有限公司关于续聘会计师事务所公告,唐荣周,False,
600768,2021-04-27,1209818964,宁波富邦：宁波富邦关于续聘会计师事务所的公告,林伟林伟,False,
600771,2022-09-30,1214709489,广誉远：广誉远中药股份有限公司关于续聘会计师事务所的公告,李洪庚,False,
600775,2023-10-19,1218074886,南京熊猫：南京熊猫关于变更会计师事务所公告,冯发明,False,
600775,2024-03-29,1219443957,南京熊猫：南京熊猫续聘会计师事务所公告,李洪,False,
600770,2020-04-22,1207549067,综艺股份：续聘会计师事务所公告,朱海平、谢骞,False,
600768,2020-03-28,1207416544,宁波富邦：关于续聘会计师事务所的公告,林伟、罗国芳,False,
600784,2021-03-27,1209464398,鲁银投资：鲁银投资关于续聘会计师事务所的公告,陈修俭,False,
600784,2022-03-30,1212730777,鲁银投资：鲁银投资关于续聘会计师事务所的公告,何政,False,
600800,2022-07-14,1214025667,渤海化学：天津渤海化学股份有限公司关于续聘会计师事务所的公告,郝学花,False,
600800,2024-06-05,1220256978,渤海化学：天津渤海化学股份有限公司关于续聘会计师事务所的公告,郝学花,False,
600800,2023-04-28,1216652434,渤海化学：天津渤海化学股份有限公司关于续聘会计师事务所的公告,郝学花,False,
600810,2021-04-24,1209792489,神马股份：神马股份关于续聘会计师事务所的公告,常明,False,
600810,2022-03-31,1212755979,神马股份：关于续聘会计师事务所的公告（2022年）,常明,False,
600816,2023-04-28,1216663914,ST安信：关于续聘会计师事务所的公告,周铮文,False,
600826,2024-04-11,1219567103,兰生股份：东浩兰生会展集团股份有限公司关于续聘会计师事务所的公告,巢序,False,
600827,2020-04-30,1207691182,百联股份：关于续聘2020年度内部控制审计会计师事务所的公告,孟冬,False,
600825,2022-03-25,1212671233,新华传媒：关于续聘审计机构的公告,钱志昂,False,
600810,2020-04-10,1207470929,神马股份：续聘会计师事务所公告,常明,False,
600818,2020-04-18,1207528390,中路股份：关于续聘会计师事务所的公告,杜志强、倪一琳,False,
600836,2020-04-29,1207669460,界龙实业：关于续聘会计师事务所的公告,郑凌云、何旭春,False,
600824,2020-04-28,1207634833,益民集团：关于续聘会计师事务所的公告,高飞、鲁晓华,False,
600843,2021-04-30,1209879441,上工申贝：关于续聘立信会计师事务所（特殊普通合伙）为2021年度审计机构及支付审计费用的公告,谭红梅,False,
600827,2020-04-30,1207691181,百联股份：关于续聘2020年度财务审计会计师事务所的公告,朱育勤、江强,False,
600830,2020-08-29,1208325993,香溢融通：关于聘任会计师事务所的公告,姚辉,False,
600855,2021-10-30,1211435028,航天长峰：北京航天长峰股份有限公司关于续聘2021年度会计师事务所的公告,郑建利,False,
600855,2023-03-21,1216170040,航天长峰：北京航天长峰股份有限公司关于续聘2023年度会计师事务所的公告,郑建利,False,
600855,2022-04-01,1212769491,航天长峰：北京航天长峰股份有限公司关于续聘2022年度会计师事务所的公告,郑建利,False,
600857,2021-03-30,1209474304,宁波中百：宁波中百续聘会计师事务所的公告,顾雪峰,False,
600857,2023-03-28,1216237946,宁波中百：宁波中百关于续聘会计师事务所的公告,林伟、黄晔,False,
600859,2020-04-25,1207610237,王府井：关于续聘会计师事务所的公告,张昆,False,
600857,2022-03-29,1212709332,宁波中百：宁波中百关于续聘会计师事务所的公告,顾雪峰,False,
600858,2023-12-12,1218581401,银座股份：银座股份关于变更会计师事务所的公告,牛浩,False,
600858,2024-03-28,1219428843,银座股份：银座股份关于续聘会计师事务所的公告,牛浩,False,
600859,2021-04-24,1209787159,王府井：关于续聘会计师事务所的公告,张昆,False,
600862,2021-04-23,1209770301,中航高科：中航航空高科技股份有限公司关于变更会计师事务所的公告,李洪,False,
600862,2023-03-16,1216125986,中航高科：中航高科关于2023年度续聘会计师事务所的公告,李洪,False,
600862,2022-04-23,1213042755,中航高科：中航高科关于续聘会计师事务所的公告,李洪,False,
600862,2024-03-16,1219312186,中航高科：中航高科关于续聘会计师事务所的公告,李洪,False,
600857,2020-03-31,1207430839,宁波中百：续聘会计师事务所的公告,顾雪峰、陈竑,False,
600864,2020-04-25,1207603862,哈投股份：续聘会计师事务所公告,熊亚菊,False,
600864,2021-04-24,1209788124,哈投股份：哈投股份续聘会计师事务所公告,李琪友,False,
600864,2022-04-27,1213136048,哈投股份：哈投股份续聘会计师事务所公告,李洪仪,False,
600867,2020-04-15,1207500267,通化东宝：关于续聘会计师事务所的公告,韩波、支力,False,
600876,2020-04-30,1207694368,洛阳玻璃：关于续聘会计师事务所的公告,拥有,False,
600877,2021-06-01,1210131771,电能股份：关于续聘会计师事务所的公告,冯发明,False,
600877,2022-08-18,1214316192,声光电科：中电科声光电科技股份有限公司关于聘任2022年度审计机构的公告,李峻雄,False,
600877,2023-08-18,1217561979,电科芯片：中电科芯片技术股份有限公司关于续聘2023年度审计机构的公告,李政德,False,
600880,2020-10-31,1208664953,博瑞传播：关于变更2020年度内部控制审计会计师事务所的公告,何勇,False,
600880,2024-01-18,1218931104,博瑞传播：博瑞传播关于变更内部控制审计会计师事务所的公告,唐雪峰,False,
600880,2023-04-28,1216664037,博瑞传播：博瑞传播关于续聘2023年度财务报告审计机构的公告,李静,False,
600885,2024-03-30,1219464322,宏发股份：宏发股份：关于变更会计师事务所的公告,吉正山,False,
600893,2020-04-18,1207524135,航发动力：关于续聘会计师事务所的公告,权计伟、王志勇,False,
600894,2020-04-29,1207658777,广日股份：关于续聘2020年年度会计师事务所的公告,何勇,False,
600895,2023-04-15,1216411313,张江高科：关于续聘会计师事务所的公告,凌云,False,
600881,2020-04-29,1207670215,亚泰集团：续聘会计师事务所的公告,支力,False,
600895,2024-03-30,1219463867,张江高科：关于续聘会计师事务所的公告,凌云,False,
600895,2021-04-15,1209688998,张江高科：关于续聘会计师事务所的公告,凌云,False,
600884,2020-04-27,1207620713,杉杉股份：关于拟续聘会计师事务所的公告,陈黎、顾文贤,False,
600905,2024-04-30,1219922751,三峡能源：中国三峡新能源（集团）股份有限公司关于续聘2024年度内部控制审计机构的公告,侯波,False,
600905,2023-04-29,1216691602,三峡能源：中国三峡新能源（集团）股份有限公司关于续聘2023年度财务决算审计机构的公告,熊亚菊,False,
600908,2020-03-28,1207418847,无锡银行：关于续聘会计师事务所的公告,诸旭敏、张爱国,False,
600905,2023-04-29,1216691619,三峡能源：中国三峡新能源（集团）股份有限公司关于续聘2023年度内部控制审计机构的公告,王建兰,False,
600938,2024-03-22,1219375213,中国海油：中国海洋石油有限公司关于续聘会计师事务所的公告,陈杰,False,
600938,2023-03-30,1216259495,中国海油：中国海洋石油有限公司关于续聘会计师事务所的公告,陈杰,False,
600968,2021-04-20,1209727600,海油发展：关于续聘2021年度审计机构的公告,孟庆祥,False,
600968,2022-04-19,1212960506,海油发展：关于续聘2022年度审计机构的公告,孟庆祥,False,
600970,2023-10-26,1218149934,中材国际：中国中材国际工程股份有限公司关于续聘会计师事务所的公告,杨卫国,False,
600973,2021-03-15,1209380728,宝胜股份：关于变更会计师事务所的公告,李洪,False,
600973,2023-03-15,1216115897,宝胜股份：宝胜股份：关于续聘会计师事务所的公告,李洪,False,
600973,2022-03-15,1212565714,宝胜股份：宝胜股份：关于续聘会计师事务所的公告,李洪,False,
600973,2024-03-15,1219307536,宝胜股份：宝胜股份：关于续聘会计师事务所的公告,李洪,False,
600980,2020-04-14,1207491031,北矿科技：关于续聘会计师事务所的公告,李峻雄,False,
600980,2021-03-30,1209474545,北矿科技：北矿科技关于续聘会计师事务所的公告,唐卫强,False,
600968,2020-04-10,1207474238,海油发展：续聘2020年度审计机构的公告,金华、王首一,False,
600982,2023-04-18,1216444000,宁波能源：宁波能源关于续聘天衡会计师事务所为公司2023年度财务、内控审计机构的公告,胡学文,False,
600999,2023-03-25,1216222863,招商证券：续聘会计师事务所公告,韩健,False,
601001,2022-04-29,1213245430,晋控煤业：晋能控股山西煤业股份有限公司关于续聘2022年度会计师事务所的公告,张松柏,False,
601001,2022-04-29,1213225033,晋控煤业：晋能控股山西煤业股份有限公司关于续聘2022年度会计师事务所的公告,张松柏,False,
601001,2023-08-29,1217671259,晋控煤业：晋能控股山西煤业股份有限公司关于续聘2023年度会计师事务所的公告,张松柏,False,
601065,2024-04-18,1219649217,江盐集团：关于续聘2024年度会计师事务所的公告,赖华林,False,
601111,2024-03-29,1219446551,中国国航：中国国际航空股份有限公司关于续聘会计师事务所的公告,邓康,False,
601116,2021-04-16,1209697162,三江购物：三江购物续聘会计师事务所公告,徐敏,False,
601138,2022-03-23,1212644415,工业富联：富士康工业互联网股份有限公司关于续聘会计师事务所的公告,王笑,False,
601138,2020-03-31,1207432146,工业富联：关于续聘会计师事务所的公告,王笑,False,
601138,2021-04-30,1209875465,工业富联：富士康工业互联网股份有限公司关于续聘会计师事务所的公告,王笑,False,
601138,2024-04-30,1219911121,工业富联：富士康工业互联网股份有限公司关于续聘会计师事务所的公告,朱伟,False,
601138,2023-03-15,1216116701,工业富联：富士康工业互联网股份有限公司关于续聘会计师事务所的公告,王笑,False,
601162,2021-04-28,1209842492,天风证券：天风证券股份有限公司关于续聘会计师事务所的公告,刘仁勇,False,
601163,2020-04-23,1207554964,三角轮胎：关于续聘会计师事务所的公告,詹军,False,
601179,2021-08-27,1210870666,中国西电：中国西电变更财务审计会计师事务所公告,李振,False,
601199,2021-04-23,1209768639,江南水务：江南水务续聘会计师事务所的公告,均具备,False,
601199,2023-04-28,1216652640,江南水务：江南水务续聘会计师事务所的公告,王微,False,
601199,2020-04-24,1207582654,江南水务：续聘会计师事务所的公告,均具备,False,
601222,2020-04-25,1207610825,林洋能源：关于续聘会计师事务所的公告,严劼、杨志平,False,
601238,2020-04-01,1207440608,广汽集团：关于续聘会计师事务所的公告,王建民,False,
601258,2020-06-23,1207951365,ST庞大：关于续聘会计师事务所的公告,常明、权计伟,False,
601319,2020-03-28,1207419705,中国人保：续聘会计师事务所公告,曾浩,False,
601326,2020-03-28,1207416512,秦港股份：关于续聘会计师事务所的公告,张飞,False,
601326,2024-05-25,1220158095,秦港股份：秦皇岛港股份有限公司关于变更会计师事务所的公告,洪卫,False,
601326,2021-03-30,1209478113,秦港股份：秦皇岛港股份有限公司关于续聘会计师事务所的公告,张飞,False,
601326,2022-03-30,1212726823,秦港股份：秦皇岛港股份有限公司关于续聘会计师事务所的公告,张飞,False,
601330,2021-03-31,1209495883,绿色动力：续聘会计师事务所的公告,王齐,False,
601388,2021-04-13,1209677713,怡球资源：关于续聘会计师事务所的公告,李俊雄,False,
601388,2023-04-28,1216664818,怡球资源：关于续聘会计师事务所的公告,龙娇,False,
601388,2022-04-26,1213100538,怡球资源：关于续聘会计师事务所的公告,龙娇,False,
601399,2020-08-26,1208248843,ST国重装：关于聘任2020年度财务决算审计机构和内部控制审计机构的公告,李峻雄,False,
601399,2021-12-07,1211820303,国机重装：国机重装关于聘任2021年度财务决算审计机构和内部控制审计机构的公告,李峻雄,False,
601566,2020-04-24,1207586226,九牧王：关于2020年续聘会计师事务所的公告,陈凯,False,
601566,2022-04-26,1213100597,九牧王：九牧王关于2022年续聘会计师事务所的公告,黄珍妮,False,
601567,2020-04-30,1207691610,三星医疗：关于续聘立信会计师事务所为公司2020年财务及内控审计机构的公告,邵振宇、谭红梅,False,
601566,2021-04-27,1209810027,九牧王：九牧王关于2021年续聘会计师事务所的公告,黄珍妮,False,
601577,2021-06-08,1210184219,长沙银行：长沙银行股份有限公司关于续聘会计师事务所的公告,刘仁勇,False,
601599,2020-04-28,1207648598,鹿港文化：关于续聘会计师事务所的公告,均具备,False,
601607,2023-12-22,1218686267,上海医药：上海医药集团股份有限公司关于变更2024年度会计师事务所的公告,虞扬,False,
601609,2021-04-27,1209819270,金田铜业：金田铜业关于续聘公司2021年度审计机构的公告,李琪友,False,
601616,2021-04-16,1209698837,广电电气：2021-023  关于续聘会计师事务所的公告,丛存,False,
601618,2022-03-30,1212728550,中国中冶：中国中冶关于续聘会计师事务所的公告,拥有、李洪未因,False,
601618,2020-06-09,1207906963,中国中冶：关于变更会计师事务所的公告,拥有、李洪未因,False,
601618,2021-03-30,1209474944,中国中冶：中国中冶关于续聘会计师事务所的公告,拥有、李洪未因,False,
601633,2020-04-25,1207607143,长城汽车：关于续聘会计师事务所的公告,郑群,False,
601668,2020-04-25,1207611181,中国建筑：关于变更内部控制审计机构的公告,陈静,False,
601677,2021-03-30,1209478146,明泰铝业：明泰铝业关于续聘会计师事务所的公告,熊亚菊,False,
601677,2022-03-19,1212625311,明泰铝业：明泰铝业关于续聘会计师事务所的公告,张二勇,False,
601677,2023-04-21,1216495563,明泰铝业：明泰铝业关于续聘会计师事务所的公告,张二勇,False,
601688,2024-03-29,1219442563,华泰证券：华泰证券股份有限公司关于续聘会计师事务所的公告,杨梁,False,
601689,2020-04-29,1207669691,拓普集团：关于续聘会计师事务所的公告,凌燕、朱伟,False,
601688,2022-03-31,1212749900,华泰证券：华泰证券股份有限公司关于变更会计师事务所的公告,杨梁,False,
601688,2023-03-31,1216270628,华泰证券：华泰证券股份有限公司关于续聘会计师事务所的公告,杨梁,False,
601689,2022-04-15,1212923343,拓普集团：拓普集团关于续聘会计师事务所的公告,陈瑜、俞伟英,False,
601689,2021-04-20,1209729440,拓普集团：拓普集团关于续聘会计师事务所的公告,陈瑜、郭宪明,False,
601700,2020-04-28,1207648712,风范股份：关于续聘会计师事务所的公告,朱红柱,False,
601718,2020-04-29,1207654273,际华集团：关于续聘会计师事务所的公告,王桥,False,
601718,2021-04-29,1209861035,际华集团：际华集团关于续聘会计师事务所的公告,唐卫强,False,
601811,2024-03-28,1219428356,新华文轩：新华文轩关于变更本公司2024年度会计师事务所的公告,陈轶,False,
601838,2020-04-29,1207670276,成都银行：关于续聘会计师事务所的公告,顾珺,False,
601860,2024-04-26,1219834242,紫金银行：江苏紫金农村商业银行股份有限公司关于关于续聘会计师事务所的公告,刘萍,False,
601872,2024-01-16,1218888594,招商轮船：招商轮船关于变更签字会计师的公告,汪洋,False,
601880,2021-04-29,1209848766,辽港股份：辽宁港口股份有限公司聘请会计师事务所的公告,赵宁,False,
601880,2022-04-29,1213199127,辽港股份：辽宁港口股份有限公司关于续聘2022年度会计师事务所的公告,赵宁,False,
601880,2023-04-28,1216653541,辽港股份：辽宁港口股份有限公司关于续聘2023年度会计师事务所的公告,赵宁,False,
601882,2020-03-17,1207377637,海天精工：关于续聘2020年度审计机构的公告,顾雪峰、胡俊杰,False,
601886,2020-03-31,1207432119,江河集团：关于续聘2020年度会计师事务所的公告,黄敬臣,False,
601882,2021-03-23,1209426698,海天精工：宁波海天精工股份有限公司关于续聘2021年度审计机构的公告,何剑、顾雪峰,False,
601882,2023-03-21,1216166575,海天精工：宁波海天精工股份有限公司关于续聘2023年度审计机构的公告,顾雪峰,False,
601882,2022-03-23,1212644445,海天精工：宁波海天精工股份有限公司关于续聘2022年度审计机构的公告,顾雪峰,False,
601890,2020-04-28,1207636215,亚星锚链：关于续聘会计师事务所的公告,均具备,False,
601898,2021-03-25,1209445776,中煤能源：中国中煤能源股份有限公司关于续聘会计师事务所的公告,陈曦,False,
601899,2024-03-23,1219390054,紫金矿业：紫金矿业集团股份有限公司关于续聘会计师事务所的公告,钟晔,False,
601899,2022-03-19,1212627869,紫金矿业：紫金矿业集团股份有限公司关于续聘会计师事务所的公告,钟晔,False,
601899,2023-03-25,1216222069,紫金矿业： 紫金矿业集团股份有限公司关于续聘会计师事务所的公告,钟晔,False,
601939,2024-03-29,1219447679,建设银行：建设银行关于续聘会计师事务所的公告,张小东、范勋,False,
601939,2023-03-30,1216262751,建设银行：建设银行关于续聘会计师事务所的公告,张小东、范勋,False,
601956,2023-03-25,1216221075,东贝集团：湖北东贝机电集团股份有限公司关于续聘会计师事务所的公告,肖献敏,False,
601956,2021-03-16,1209385570,东贝集团：湖北东贝机电集团股份有限公司关于续聘会计师事务所的公告,刘仁勇,False,
601956,2022-04-20,1212977775,东贝集团：  湖北东贝机电集团股份有限公司关于续聘会计师事务所的公告,肖献敏,False,
601956,2024-04-04,1219518370,东贝集团：湖北东贝机电集团股份有限公司关于续聘会计师事务所的公告,肖献敏,False,
601963,2021-03-31,1209496039,重庆银行：关于变更会计师事务所的公告,陈露,False,
601963,2024-03-28,1219426950,重庆银行：关于续聘会计师事务所的公告,陈露,False,
601965,2024-04-26,1219834307,中国汽研：临2024-022 中国汽研关于续聘会计师事务所的公告,孟庆祥,False,
601985,2022-04-28,1213177355,中国核电：中国核能电力股份有限公司关于续聘会计师事务所的公告,张帆,False,
601985,2021-04-27,1209808371,中国核电：中国核能电力股份有限公司关于变更会计师事务所的公告,张帆,False,
601985,2023-04-27,1216626950,中国核电：中国核能电力股份有限公司关于续聘会计师事务所的公告,张帆,False,
601992,2023-03-30,1216262254,金隅集团：北京金隅集团股份有限公司关于续聘会计师事务所的公告,钟丽,False,
601995,2023-04-29,1216707564,中金公司：中金公司关于续聘会计师事务所的公告,杨丽,False,
601995,2022-03-31,1212754728,中金公司：中金公司关于续聘会计师事务所的公告,杨丽,False,
601996,2023-08-30,1217697794,丰林集团：广西丰林木业集团股份有限公司关于续聘会计师事务所的公告,宋治忠,False,
603003,2020-04-28,1207648814,龙宇燃油：关于续聘会计师事务所的公告,李琪友,False,
603003,2023-12-09,1218560230,龙宇股份：关于变更会计师事务所的公告,姚植基,False,
603003,2023-04-28,1216645140,龙宇股份：龙宇股份关于续聘会计师事务所的公告,朴仁花,False,
603015,2020-04-29,1207654532,弘讯科技：公司续聘会计师事务所的公告,倪春华,False,
603017,2020-06-23,1207950161,中衡设计：关于续聘会计师事务所的公告,顾雪峰、郑斌,False,
603017,2022-04-28,1213178373,中衡设计：中衡设计关于续聘会计师事务所的公告,王健,False,
603017,2021-11-13,1211573642,中衡设计：中衡设计关于续聘会计师事务所的公告,王健,False,
603018,2020-04-18,1207523154,中设集团：关于续聘会计师事务所的公告,林灵慧,False,
603017,2023-04-25,1216556172,中衡设计：中衡设计关于续聘会计师事务所的公告,王健,False,
603018,2022-03-15,1212566964,华设集团：关于续聘会计师事务所的公告,黄敬臣,False,
603018,2023-04-26,1216595351,华设集团：关于续聘会计师事务所的公告,黄敬臣,False,
603018,2021-03-30,1209475503,华设集团：关于续聘会计师事务所的公告,黄敬臣,False,
603018,2024-03-28,1219430262,华设集团：关于续聘会计师事务所的公告,黄敬臣,False,
603025,2023-04-21,1216489248,大豪科技：大豪科技关于续聘会计师事务所的公告,冯发明,False,
603025,2024-04-25,1219787806,大豪科技：北京大豪科技股份有限公司关于续聘会计师事务所的公告,冯发明,False,
603030,2020-04-28,1207648942,全筑股份：关于续聘会计师事务所的公告,冯家俊,False,
603030,2021-12-16,1211921784,全筑股份：关于续聘会计师事务所的公告,冯家俊,False,
603032,2021-11-17,1211602843,*ST德新：关于续聘会计师事务所的公告,魏琴,False,
603023,2020-04-28,1207648893,威帝股份：关于续聘会计师事务所的公告,陈勇、朱颖,False,
603032,2022-04-26,1213100628,*ST德新：德力西新疆交通运输集团股份有限公司2022年度续聘会计师事务所的公告,魏琴,False,
603032,2023-04-11,1216373538,德新科技：德力西新能源科技股份有限公司2023年度续聘会计师事务所的公告,魏琴,False,
603038,2023-11-25,1218432297,华立股份：关于变更会计师事务所的公告,宋治忠,False,
603041,2020-03-20,1207385671,美思德：关于续聘公司2020年度审计机构的公告,葛晨煜、张爱国,False,
603043,2024-03-29,1219444756,广州酒家：广州酒家：关于续聘会计师事务所的公告,肖军,False,
603050,2023-04-14,1216404524,科林电气：科林电气 关于续聘会计师事务所公告,冯发明,False,
603050,2022-11-23,1215174096,科林电气： 科林电气 关于变更会计师事务所的公告,冯发明,False,
603050,2024-04-18,1219648740,科林电气：科林电气 关于续聘会计师事务所公告,冯发明,False,
603051,2022-04-28,1213178399,鹿山新材：广州鹿山新材料股份有限公司关于续聘2022年度会计师事务所的公告,张帆,False,
603051,2023-04-29,1216693485,鹿山新材：广州鹿山新材料股份有限公司关于续聘2023年度会计师事务所的公告,王红娜,False,
603053,2020-08-20,1208206395,成都燃气：关于续聘2020年度审计机构的公告,黄玥,False,
603051,2024-04-23,1219742354,鹿山新材：广州鹿山新材料股份有限公司关于续聘2024年度会计师事务所的公告,王红娜,False,
603056,2020-04-30,1207694666,德邦股份：关于续聘公司2020年度审计机构的公告,林玉枝,False,
603056,2021-04-27,1209819555,德邦股份：德邦物流股份有限公司关于续聘公司2021年度审计机构的公告,张果林,False,
603058,2023-03-31,1216282439,永吉股份：贵州永吉印务股份有限公司关于续聘会计师事务所的公告,张海英,False,
603059,2021-04-20,1209727816,倍加洁：倍加洁关于续聘2021年度审计机构、内部控制审计机构的公告,严劼,False,
603058,2022-04-29,1213225343,永吉股份：贵州永吉印务股份有限公司关于续聘会计师事务所的公告,张海英,False,
603058,2024-03-29,1219446795,永吉股份：贵州永吉印务股份有限公司关于续聘会计师事务所的公告,黄海洋,False,
603058,2023-12-08,1218545687,永吉股份：贵州永吉印务股份有限公司关于变更会计师事务所的公告,管丁才,False,
603060,2021-03-30,1209478282,国检集团：国检集团关于确认2020年度审计费用暨续聘2021年度审计机构的公告,郭健、郭顺玺,False,
603065,2023-04-20,1216472977,宿迁联盛：关于续聘会计师事务所的公告,戴艳,False,
603067,2024-04-10,1219552277,振华股份：振华股份关于续聘会计师事务所的公告,肖献敏,False,
603068,2023-11-02,1218229467,博通集成：博通集成关于续聘会计师事务所的公告,葛伟俊,False,
603068,2021-12-09,1211848388,博通集成：博通集成关于续聘会计师事务所的公告,孟荣芳、张琦,False,
603060,2020-03-30,1207423754,国检集团：关于确认2019年度审计费用暨续聘2020年度审计机构的公告,郭健、郭顺玺,False,
603068,2022-12-13,1215330657,博通集成：博通集成关于聘请会计师事务所的公告,孟荣芳、张琦,False,
603059,2020-04-21,1207542641,倍加洁：关于续聘2020年度会计师事务所的公告,董舒,False,
603078,2020-03-12,1207365441,江化微：关于续聘会计师事务所的公告,李海成,False,
603078,2022-03-15,1212566980,江化微：江阴江化微电子材料股份有限公司关于续聘会计师事务所的公告,张昕,False,
603078,2021-03-30,1209478321,江化微：江阴江化微电子材料股份有限公司关于续聘会计师事务所的公告,李琪友,False,
603087,2021-04-15,1209688433,甘李药业：关于续聘公司2021年度审计机构的公告,李琪友,False,
603087,2022-04-28,1213177513,甘李药业：关于续聘公司2022年度审计机构的公告,冯雪,False,
603087,2023-03-31,1216283127,甘李药业：关于续聘公司2023年度审计机构的公告,冯雪,False,
603087,2024-04-25,1219795282,甘李药业：关于续聘公司2024年度审计机构的公告,周鑫,False,
603088,2023-04-26,1216588307,宁波精达：宁波精达关于续聘会计师事务所的公告,王克平、陈小金,False,
603088,2024-04-03,1219506137,宁波精达：宁波精达关于聘任会计师事务所的公告,李萍、罗国芳,False,
603088,2021-04-27,1209807157,宁波精达：宁波精达关于续聘会计师事务所的公告,陈小金、姚丽强,False,
603090,2020-03-31,1207433043,宏盛股份：关于续聘会计师事务所的公告,朱红柱,False,
603068,2020-05-14,1207796006,博通集成：关于续聘会计师事务所的公告,孟荣芳、田华,False,
603088,2020-04-23,1207556326,宁波精达：关于续聘会计师事务所的公告,陈小金、姚丽强,False,
603096,2023-04-28,1216642696,新经典：关于续聘会计师事务所的公告,谭红梅,False,
603096,2022-04-29,1213225437,新经典：关于续聘会计师事务所的公告,谭红梅,False,
603096,2024-04-27,1219879024,新经典：关于续聘2024年会计师事务所的公告,杨景欣,False,
603101,2020-12-24,1208971718,汇嘉时代：关于续聘会计师事务所的公告,拥有,False,
603101,2021-12-21,1211969535,汇嘉时代：关于续聘会计师事务所的公告,拥有,False,
603103,2020-03-13,1207368359,横店影视：关于续聘立信会计师事务所（特殊普通合伙）为公司2020年度财务及内部控制审计机构的公告,李新航,False,
603113,2024-04-27,1219879089,金能科技：金能科技股份有限公司关于续聘致同会计师事务所（特殊普通合伙）为公司2024年度审计机构的公告,龙传喜,False,
603121,2020-04-10,1207472719,华培动力：关于续聘会计师事务所公告,林盛宇,False,
603129,2020-04-21,1207542688,春风动力：关于续聘立信会计师事务所（特殊普通合伙）为公司2020年度审计机构及内控审计机构的公告,汪雄飞、朱伟,False,
603129,2023-04-12,1216381617,春风动力：春风动力关于续聘立信会计师事务所（特殊普通合伙）的公告,俞伟英,False,
603129,2022-09-27,1214680163,春风动力：春风动力关于续聘立信会计师事务所(特殊普通合伙)为公司2022年度审计机构及内控审计机构的公告,俞伟英,False,
603108,2020-12-26,1208996944,润达医疗：关于变更公司2020年度审计机构的公告,曾玉、申利超,False,
603129,2024-04-16,1219623166,春风动力：春风动力关于续聘立信会计师事务所（特殊普通合伙）的公告,俞伟英,False,
603131,2021-04-29,1209859113,上海沪工：关于续聘会计师事务所的公告,田华、高旭升,False,
603136,2024-04-26,1219817087,天目湖：江苏天目湖旅游股份有限公司关于续聘会计师事务所的公告,刘仁勇,False,
603135,2023-05-26,1216909108,中重科技：中重科技关于续聘会计师事务所的公告,倪金林、姚丽强,False,
603137,2023-11-27,1218448684,恒尚节能：恒尚节能：关于变更会计师事务所暨聘请2023年度审计机构的公告,薛敏,False,
603139,2021-04-23,1209770361,康惠制药：康惠制药关于续聘会计师事务所的公告,张骏,False,
603139,2022-04-29,1213217392,康惠制药：康惠制药关于续聘会计师事务所的公告,张骏,False,
603150,2024-04-25,1219797998,万朗磁塑：万朗磁塑关于续聘审计机构的公告,徐林,False,
603150,2022-04-19,1212959763,万朗磁塑：万朗磁塑关于续聘审计机构的公告,王荐,False,
603150,2023-04-12,1216382661,万朗磁塑：万朗磁塑关于公司续聘审计机构的公告,徐林,False,
603157,2020-06-30,1207969593,拉夏贝尔：关于续聘会计师事务所的公告,张炯,False,
603131,2020-04-29,1207670623,上海沪工：关于续聘会计师事务所的公告,孟荣芳,False,
603158,2024-04-27,1219879217,腾龙股份：常州腾龙汽车零部件股份有限公司关于续聘审计机构的公告,王微,False,
603157,2020-11-24,1208783062,*ST拉夏：新疆拉夏贝尔服饰股份有限公司关于变更会计师事务所的公告,包铁军,False,
603157,2022-03-31,1212747143,*ST拉夏：新疆拉夏贝尔服饰股份有限公司关于续聘2022年度会计师事务所的公告,张朝诚,False,
603157,2021-06-11,1210217906,*ST拉夏：新疆拉夏贝尔服饰股份有限公司关于续聘2021年度会计师事务所的公告,王曙晖,False,
603158,2022-12-17,1215374556,腾龙股份：常州腾龙汽车零部件股份有限公司关于聘任公司2022年度审计机构的公告,王微,False,
603158,2023-04-04,1216318883,腾龙股份：常州腾龙汽车零部件股份有限公司关于续聘审计机构的公告,王微,False,
603160,2022-10-27,1214920117,汇顶科技：关于续聘会计师事务所的公告,王曙晖,False,
603160,2023-11-15,1218329515,汇顶科技：关于续聘会计师事务所的公告,王荣俊,False,
603167,2020-04-16,1207506590,渤海轮渡：关于续聘会计师事务所公告,孟庆祥,False,
603159,2020-04-29,1207669092,上海亚虹：关于续聘会计师事务所的公告,潘莉华、严劼,False,
603165,2020-04-07,1207457215,荣晟环保：关于续聘会计师事务所的公告,郭宪明、李惠丰,False,
603183,2020-04-16,1207507676,建研院：关于续聘会计师事务所的公告,均具备,False,
603183,2023-04-11,1216370846,建研院：关于续聘会计师事务所的公告,徐雅芬,False,
603183,2024-04-16,1219622843,建研院：关于续聘会计师事务所的公告,吕卫星,False,
603183,2022-04-09,1212857590,建研院：关于续聘会计师事务所的公告,徐雅芬,False,
603189,2023-04-25,1216552397,网达软件：关于续聘会计师事务所的公告,任成,False,
603189,2024-04-16,1219625010,网达软件：关于续聘会计师事务所的公告,任成,False,
603189,2022-04-30,1213271489,网达软件：关于续聘会计师事务所的公告,李会英,False,
603197,2022-04-28,1213177593,保隆科技：保隆科技关于续聘2022年度会计师事务所的公告,冯发明,False,
603197,2021-04-28,1209834781,保隆科技：保隆科技关于续聘2021年度会计师事务所的公告,冯发明,False,
603197,2023-04-27,1216615735,保隆科技：保隆科技关于续聘2023年度会计师事务所的公告,冯发明,False,
603197,2024-04-27,1219879294,保隆科技：保隆科技关于续聘2024年度会计师事务所的公告,冯发明,False,
603220,2020-04-29,1207671573,中贝通信：关于续聘会计师事务所的公告,江娟中国,False,
603228,2020-11-19,1208763107,景旺电子：关于续聘会计师事务所的公告,王皓东,False,
603227,2021-08-26,1210856895,雪峰科技：新疆雪峰科技（集团）股份有限公司关于聘任2021年度会计师事务所的公告,李峻雄,False,
603218,2020-04-23,1207555126,日月股份：关于续聘2020年度审计机构的公告,魏琴、郭宪明,False,
603236,2020-04-29,1207654790,移远通信：关于续聘会计师事务所的公告,沈利刚,False,
603278,2021-03-30,1209474351,大业股份：关于续聘中兴华会计师事务所（特殊普通合伙）为公司2021年度审计机构及内控审计机构的公告,尹淑英,False,
603305,2023-03-08,1216064777,旭升集团：旭升集团关于续聘会计师事务所的公告,束哲民,False,
603305,2024-04-26,1219834837,旭升集团：旭升集团关于续聘会计师事务所的公告,束哲民,False,
603311,2021-04-23,1209776849,金海高科：金海高科：关于续聘2021年度会计师事务所的公告,唐婉珍,False,
603311,2020-04-22,1207550611,金海环境：关于续聘会计师事务所的公告,李玉梅,False,
603290,2020-04-08,1207463164,斯达半导：关于续聘会计师事务所的公告,庄继宁、杨志平,False,
603321,2020-04-24,1207584000,梅轮电梯：关于续聘会计师事务所的公告,陈科举、蔡畅,False,
603321,2021-04-28,1209842919,梅轮电梯：浙江梅轮电梯股份有限公司关于续聘会计师事务所的公告,陈科举,False,
603324,2022-04-27,1213133533,盛剑环境：盛剑环境关于续聘2022年度财务审计机构和内部控制审计机构的公告,李宁中国,False,
603321,2022-04-30,1213271642,梅轮电梯：浙江梅轮电梯股份有限公司关于续聘会计师事务所的公告,俞伟英,False,
603303,2020-03-12,1207365415,得邦照明：关于续聘2020年度审计机构的公告,李新航,False,
603329,2020-04-30,1207691997,上海雅仕：关于续聘公司2020年度审计机构的公告,郑帼琼、鲁晓华,False,
603330,2022-03-15,1212566478,上海天洋：关于续聘2022年度审计机构的公告,陈勇、姚辉,False,
603332,2020-04-28,1207636554,苏州龙杰：关于续聘会计师事务所的公告,均具备,False,
603332,2023-04-25,1216550050,苏州龙杰：关于续聘会计师事务所的公告,吕卫星,False,
603332,2024-04-26,1219822112,苏州龙杰：关于续聘会计师事务所的公告,吕卫星,False,
603337,2020-03-31,1207432633,杰克股份：关于续聘立信会计师事务所（特殊普通合伙）为公司2020年审计机构的公告,李惠丰、沈利刚,False,
603339,2020-04-16,1207505605,四方科技：关于续聘会计师事务所的公告,王明伟,False,
603337,2022-04-13,1212897365,杰克股份：关于续聘立信会计师事务所（特殊普通合伙）为公司2022年审计机构的公告,朱作武,False,
603348,2021-04-28,1209842937,文灿股份：关于续聘2021年度审计会计师事务所的公告,孟冬,False,
603359,2020-04-22,1207548622,东珠生态：关于续聘会计师事务所的公告,李海成,False,
603358,2021-04-29,1209859397,华达科技：关于续聘会计师事务所的公告,曹雯,False,
603358,2020-04-30,1207694722,华达科技：关于续聘会计师事务所的公告,曹雯,False,
603338,2020-04-29,1207669930,浙江鼎力：关于续聘会计师事务所的公告,郑斌、姚辉,False,
603360,2021-03-31,1209490453,百傲化学：大连百傲化学股份有限公司关于续聘会计师事务所的公告,李峻雄,False,
603360,2022-04-26,1213105168,百傲化学：大连百傲化学股份有限公司关于续聘会计师事务所的公告,解风梅,False,
603363,2020-04-10,1207473944,傲农生物：关于续聘2020年度审计机构的公告,孙银美,False,
603365,2020-04-11,1207481958,水星家纺：续聘会计师事务所公告,杨力生、潘莉华,False,
603345,2020-04-14,1207491461,安井食品：关于续聘会计师事务所的公告,鲁晓华、严劼,False,
603367,2024-04-23,1219741106,辰欣药业：辰欣药业股份有限公司关于续聘会计师事务所的公告,陈修俭,False,
603377,2021-04-10,1209667053,东方时尚：东方时尚关于续聘会计师事务所公告,唐卫强,False,
603378,2020-04-18,1207528777,亚士创能：关于续聘2020年度审计机构的公告,郑斌、鲁晓华,False,
603377,2020-04-25,1207611256,东方时尚：关于续聘会计师事务所的公告,李琪友,False,
603379,2023-04-21,1216490061,三美股份：浙江三美化工股份有限公司续聘会计师事务所公告,蔡畅,False,
603380,2022-04-02,1212808094,易德龙：苏州易德龙科技股份有限公司关于续聘会计师事务所的公告,何晶晶,False,
603379,2024-04-30,1219911813,三美股份：浙江三美化工股份有限公司续聘会计师事务所公告,蔡畅,False,
603380,2023-04-28,1216655607,易德龙：苏州易德龙科技股份有限公司关于续聘会计师事务所的公告,何晶晶,False,
603380,2024-04-26,1219835215,易德龙：苏州易德龙科技股份有限公司关于续聘会计师事务所的公告,何晶晶,False,
603386,2023-12-13,1218593980,骏亚科技：骏亚科技：关于续聘公司2023年度审计机构的公告,谭智青,False,
603386,2021-12-10,1211866017,广东骏亚：广东骏亚：关于续聘公司2021年度审计机构的公告,王曙晖,False,
603386,2022-09-20,1214629785,骏亚科技：骏亚科技：关于续聘公司2022年度审计机构的公告,包铁军,False,
603387,2023-04-27,1216620344,基蛋生物：基蛋生物：关于变更2023年年审会计师事务所的公告,王微,False,
603379,2020-04-25,1207611451,三美股份：续聘会计师事务所公告,张建新、姚丽强,False,
603398,2023-10-31,1218202229,沐邦高科：江西沐邦高科股份有限公司关于续聘会计师事务所的公告,胡晓辉,False,
603398,2024-04-27,1219880170,沐邦高科：江西沐邦高科股份有限公司关于续聘会计师事务所的公告,胡晓辉,False,
603398,2020-04-28,1207649868,邦宝益智：关于续聘会计师事务所的公告,李峻雄,False,
603398,2021-04-29,1209861262,邦宝益智：广东邦宝益智玩具股份有限公司关于续聘会计师事务所的公告,熊亚菊,False,
603408,2022-04-20,1212976964,建霖家居：厦门建霖健康家居股份有限公司关于续聘2022年度会计师事务所的公告,弓新平,False,
603408,2021-04-24,1209791625,建霖家居：厦门建霖健康家居股份有限公司关于续聘会计师事务所的公告,熊亚菊,False,
603408,2023-04-29,1216686858,建霖家居：厦门建霖健康家居股份有限公司关于续聘2023年度会计师事务所的公告,弓新平,False,
603421,2021-04-15,1209688594,鼎信通讯：青岛鼎信通讯股份有限公司关于续聘审计机构的公告,赵宁,False,
603421,2020-04-23,1207555249,鼎信通讯：关于续聘会计师事务所的公告,赵宁,False,
603408,2024-03-30,1219467791,建霖家居：厦门建霖健康家居股份有限公司关于续聘2024年度会计师事务所的公告,弓新平,False,
603439,2022-04-22,1213019484,贵州三力：贵州三力制药股份有限公司关于续聘会计师事务所的公告,胡彬,False,
603439,2023-12-07,1218535656,贵州三力：贵州三力制药股份有限公司关于变更会计师事务所的公告,管丁才,False,
603439,2024-04-27,1219880177,贵州三力：关于续聘会计师事务所公告,管丁才,False,
603444,2020-04-09,1207466977,吉比特：关于续聘2020年度审计机构的公告,孙银美,False,
603444,2022-04-08,1212837219,吉比特：厦门吉比特网络技术股份有限公司关于续聘2022年度审计机构的公告,凌云,False,
603444,2023-03-31,1216268535,吉比特：厦门吉比特网络技术股份有限公司关于续聘2023年度审计机构的公告,凌云,False,
603444,2021-10-22,1211344875,吉比特：厦门吉比特网络技术股份有限公司关于聘任2021年度审计机构的公告,凌云,False,
603444,2024-03-29,1219448359,吉比特：厦门吉比特网络技术股份有限公司关于续聘2024年度审计机构的公告,凌云,False,
603458,2023-04-22,1216521858,勘设股份：勘设股份关于续聘2023年度审计机构的公告,邢志丽,False,
603458,2024-04-27,1219880248,勘设股份：勘设股份关于续聘2024年度审计机构的公告,管丁才于,False,
603458,2023-12-05,1218508623,勘设股份：勘设股份关于变更会计师事务所的公告,管丁才,False,
603488,2020-04-17,1207513688,展鹏科技：关于续聘会计师事务所的公告,均具备,False,
603486,2020-04-28,1207650951,科沃斯：关于续聘公司2020年度审计机构的公告,徐秉惠,False,
603489,2020-04-14,1207492270,八方股份：关于续聘会计师事务所的公告,薛海燕,False,
603507,2021-10-30,1211436789,振江股份：振江股份关于续聘公司2021年度审计机构的公告,李琪友,False,
603508,2022-04-27,1213132053,思维列控：思维列控关于续聘2022年度会计师事务所的公告,待定,False,
603518,2020-04-28,1207651005,锦泓集团：关于续聘2020年度审计机构及内控审计机构的公告,均具备,False,
603515,2021-04-24,1209790864,欧普照明：欧普照明股份有限公司关于续聘2021年度审计机构和内控审计机构的公告,巫扬华,False,
603518,2022-04-20,1212977814,锦泓集团：锦泓时装集团股份有限公司关于续聘2022年度审计机构及内控审计机构的公告,均具备,False,
603518,2021-04-29,1209861336,锦泓集团：锦泓时装集团股份有限公司关于续聘2021年度审计机构及内控审计机构的公告,均具备,False,
603518,2023-04-27,1216620960,锦泓集团：锦泓时装集团股份有限公司关于续聘2023年度审计机构及内控审计机构的公告,王微,False,
603518,2024-04-26,1219835741,锦泓集团：锦泓时装集团股份有限公司关于续聘2024年度审计机构及内控审计机构的公告,王微,False,
603519,2020-04-22,1207548903,立霸股份：关于公司续聘会计师事务所的公告,王桥,False,
603519,2021-04-26,1209800328,立霸股份：立霸股份：关于公司续聘会计师事务所的公告,李琪友,False,
603519,2022-04-26,1213101052,立霸股份：立霸股份：关于公司续聘会计师事务所的公告,张俊峰,False,
603519,2023-04-26,1216590597,立霸股份：立霸股份：关于公司续聘会计师事务所的公告,张俊峰,False,
603536,2021-03-10,1209358120,惠发食品：惠发食品关于续聘会计师事务所的公告,汪泳,False,
603555,2022-11-19,1215150020,贵人鸟：贵人鸟股份有限公司关于变更会计师事务所的公告,冯发明,False,
603556,2022-04-29,1213225572,海兴电力：杭州海兴电力科技股份有限公司关于续聘会计师事务所的公告,孟冬,False,
603556,2021-04-12,1209671997,海兴电力：关于续聘会计师事务所的公告,孟冬,False,
603556,2023-04-21,1216498987,海兴电力：杭州海兴电力科技股份有限公司关于续聘会计师事务所的公告,沈珺,False,
603568,2021-04-17,1209714042,伟明环保：伟明环保关于续聘会计师事务所的公告,邓红玉、姚丽强,False,
603568,2020-04-25,1207611286,伟明环保：关于续聘会计师事务所的公告,蔡畅、李惠丰,False,
603568,2022-10-27,1214925455,伟明环保：伟明环保关于续聘会计师事务所的公告,姚丽强,False,
603568,2024-04-20,1219705716,伟明环保：伟明环保关于续聘会计师事务所的公告,李庆举、张建新,False,
603580,2021-04-14,1209682512,艾艾精工：艾艾精工关于续聘审计机构的公告,熊亚菊,False,
603580,2022-04-13,1212898591,艾艾精工：艾艾精工关于续聘审计机构的公告,刘学生,False,
603580,2023-04-29,1216709757,艾艾精工：艾艾精工关于续聘审计机构的公告,刘学生,False,
603580,2020-03-27,1207412000,艾艾精工：关于续聘2020年度财务报告审计机构的公告,熊亚菊,False,
603587,2020-04-08,1207462113,地素时尚：关于续聘2020年度会计师事务所的公告,陈勇,False,
603595,2020-03-20,1207387753,东尼电子：关于续聘2020年度会计师事务所的公告,均具备,False,
603595,2024-04-27,1219880603,东尼电子：东尼电子关于续聘2024年度会计师事务所的公告,吕卫星,False,
603595,2023-03-11,1216094647,东尼电子：东尼电子关于续聘2023年度会计师事务所的公告,吕卫星,False,
603583,2020-04-21,1207542817,捷昌驱动：关于续聘2020年年度审计机构的公告,李勇平、孙峰,False,
603586,2020-04-28,1207634968,金麒麟：关于续聘会计师事务所的公告,吴震,False,
603607,2021-04-29,1209859563,京华激光：京华激光关于续聘会计师事务所的公告,束哲民,False,
603650,2020-04-28,1207651210,彤程新材：关于续聘公司2020年度审计机构的公告,张飞,False,
603650,2022-08-19,1214333296,彤程新材：彤程新材关于续聘公司2022年度审计机构的公告,张飞,False,
603650,2021-04-16,1209701231,彤程新材：彤程新材关于续聘公司2021年度审计机构的公告,张飞,False,
603655,2023-04-26,1216580540,朗博科技：常州朗博密封科技股份有限公司关于续聘2023年审计机构的公告,徐立群,False,
603655,2022-04-26,1213105526,朗博科技：常州朗博密封科技股份有限公司关于续聘2022年审计机构的公告,徐立群,False,
603655,2024-04-26,1219840480,朗博科技：常州朗博密封科技股份有限公司关于续聘2024年审计机构的公告,徐立群,False,
603655,2020-04-29,1207669996,朗博科技：续聘2020年审计机构的公告,郑斌、王伟青、姚辉,False,
603662,2021-04-28,1209843472,柯力传感：柯力传感关于续聘会计师事务所的公告,陈剑,False,
603666,2023-10-09,1217995334,亿嘉和：亿嘉和科技股份有限公司关于变更会计师事务所暨聘请2023年度审计机构的公告,付敏敏,False,
603678,2021-04-28,1209843594,火炬电子：火炬电子关于续聘会计师事务所的公告,唐婉珍,False,
603678,2022-03-23,1212644554,火炬电子：火炬电子关于续聘会计师事务所的公告,唐婉珍,False,
603678,2024-03-19,1219330732,火炬电子：火炬电子关于续聘会计师事务所的公告,林宏华,False,
603678,2023-03-22,1216180066,火炬电子：火炬电子关于续聘会计师事务所的公告,林宏华,False,
603678,2020-03-18,1207381422,火炬电子：关于续聘会计师事务所的公告,郭晓鹏,False,
603687,2020-04-29,1207670017,大胜达：关于续聘会计师事务所公告,郭宪明、张建新,False,
603688,2020-04-23,1207555868,石英股份：关于续聘公司2020年度审计机构的公告,时间,False,
603688,2022-04-16,1212941187,石英股份：江苏太平洋石英股份有限公司关于公司续聘2022年度审计机构的公告,时间,False,
603688,2021-03-31,1209496326,石英股份：江苏太平洋石英股份有限公司关于公司续聘2021年度审计机构的公告,时间,False,
603688,2023-03-22,1216181509,石英股份：江苏太平洋石英股份有限公司关于续聘公司2023年度审计机构的公告,时间,False,
603700,2021-04-20,1209729613,宁水集团：关于续聘会计师事务所的公告,陈剑,False,
603703,2022-04-23,1213055714,盛洋科技：盛洋科技关于续聘2022年度公司审计机构的公告,许菊萍,False,
603706,2020-04-17,1207516466,东方环宇：关于续聘2020年度审计机构的公告,李峻雄,False,
603707,2023-04-28,1216667517,健友股份：健友股份关于变更2023年审计机构的公告,张雷,False,
603712,2021-03-18,1209402042,七一二：天津七一二通信广播股份有限公司关于续聘会计师事务所公告,权计伟,False,
603718,2021-04-24,1209788368,海利生物：海利生物关于续聘会计师事务所的公告,李海成,False,
603718,2023-04-28,1216646643,海利生物：海利生物关于续聘会计师事务所的公告,赵焕琪,False,
603718,2022-04-29,1213207337,海利生物：海利生物关于续聘会计师事务所的公告,赵焕琪,False,
603711,2020-04-25,1207611606,香飘飘：关于续聘会计师事务所的公告,魏琴、陈小金,False,
603721,2020-04-25,1207614204,中广天择：关于续聘会计师事务所的公告,程峰,False,
603725,2022-04-26,1213105581,天安新材：天安新材关于续聘会计师事务所的公告,姜干,False,
603725,2023-04-26,1216581053,天安新材：天安新材关于续聘会计师事务所的公告,姜干,False,
603727,2020-03-20,1207386820,博迈科：关于续聘2020年度审计机构的公告,宣陈峰,False,
603728,2024-04-30,1219909093,鸣志电器：关于续聘会计师事务所的公告,沈蓉,False,
603776,2020-04-20,1207534438,永安行：关于续聘会计师事务所的公告,郭晓鹏,False,
603779,2024-04-23,1219741185,威龙股份：威龙葡萄酒股份有限公司关于续聘审计机构的公告,刘新培,False,
603779,2023-11-11,1218306457,威龙股份：威龙葡萄酒股份有限公司变更会计师事务所公告,刘新培,False,
603790,2021-04-16,1209698544,雅运股份：上海雅运纺织化工股份有限公司关于续聘2021年度审计机构的公告,李新民、郑凌云,False,
603790,2022-04-28,1213178885,雅运股份：上海雅运纺织化工股份有限公司关于续聘2022年度审计机构的公告,李新民、葛伟俊,False,
603790,2024-02-09,1219131618,雅运股份：上海雅运纺织化工股份有限公司关于变更签字注册会计师的公告,王堪玉,False,
603790,2024-04-26,1219817122,雅运股份：上海雅运纺织化工股份有限公司关于续聘2024年度审计机构的公告,葛伟俊,False,
603790,2023-04-28,1216656385,雅运股份：上海雅运纺织化工股份有限公司关于续聘2023年度审计机构的公告,李新民、葛伟俊,False,
603801,2021-03-23,1209426914,志邦家居：关于续聘2021年度审计机构的公告,李海成,False,
603790,2020-04-28,1207650285,雅运股份：关于续聘2020年度审计机构的公告,郑凌云、姚辉,False,
603788,2020-04-22,1207550955,宁波高发：关于续聘会计师事务所的公告,郭宪明、朱伟,False,
603810,2020-04-27,1207621015,丰山集团：关于续聘2020年度审计机构及内控审计机构的公告,均具备,False,
603826,2021-04-27,1209808570,坤彩科技：关于续聘会计师事务所的公告,李海成,False,
603826,2022-03-03,1212491400,坤彩科技：关于续聘会计师事务所的公告,李海成,False,
603826,2023-04-29,1216696035,坤彩科技：关于续聘会计师事务所的公告,周益平,False,
603826,2024-04-26,1219822144,坤彩科技：关于续聘会计师事务所的公告,王传兵,False,
603839,2021-10-28,1211405362,安正时尚：安正时尚集团股份有限公司关于2021年度续聘会计师事务所的公告,胡新荣,False,
603839,2023-08-30,1217698711,安正时尚：安正时尚集团股份有限公司关于续聘2023年度外部审计机构的公告,张立贺,False,
603843,2023-12-09,1218565294,正平股份：正平股份关于续聘2023年外部审计机构的公告,王侠,False,
603839,2022-08-31,1214472306,安正时尚：安正时尚集团股份有限公司关于续聘2022年度外部审计机构的公告,胡新荣,False,
603868,2020-04-24,1207587343,飞科电器：关于续聘会计师事务所的公告,孟荣芳、潘莉华,False,
603871,2023-04-17,1216427820,嘉友国际：关于续聘会计师事务所的公告,许来正,False,
603871,2021-04-23,1209773346,嘉友国际：关于续聘会计师事务所的公告,权计伟,False,
603877,2020-04-21,1207543603,太平鸟：关于续聘会计师事务所的公告,郭宪明,False,
603871,2022-04-22,1213024745,嘉友国际：关于续聘会计师事务所的公告,许来正,False,
603871,2024-04-18,1219650183,嘉友国际：关于续聘会计师事务所的公告,许来正,False,
603880,2020-04-29,1207656238,南卫股份：关于续聘会计师事务所的公告,邵振宇、田华,False,
603881,2020-03-14,1207373797,数据港：关于续聘2020年度会计师事务所的公告,杜志强,False,
603882,2020-04-28,1207650476,金域医学：续聘会计师事务所的公告,孙冰,False,
603885,2020-04-11,1207483259,吉祥航空：关于续聘2020年度会计师事务所的公告,康吉言、朱海平,False,
603878,2020-03-31,1207427401,武进不锈：关于续聘会计师事务所的公告,张松柏、赵勇,False,
603890,2022-04-20,1212974487,春秋电子：关于续聘会计师事务所的公告,姚丽强,False,
603890,2023-04-28,1216656789,春秋电子：关于续聘会计师事务所的公告,姚丽强,False,
603896,2024-03-13,1219295647,寿仙谷：寿仙谷关于变更签字注册会计师的公告,张小勇,False,
603896,2020-04-02,1207446299,寿仙谷：续聘会计师事务所公告,蔡畅、钟建栋,False,
603906,2024-06-29,1220498893,龙蟠科技：江苏龙蟠科技股份有限公司关于续聘会计师事务所的公告,付敏敏,False,
603906,2024-01-10,1218835260,龙蟠科技：江苏龙蟠科技股份有限公司关于变更审计项目合伙人、签字注册会计师及项目质量控制复核人员的公告,付敏敏,False,
603899,2020-04-14,1207491622,晨光文具：关于续聘会计师事务所的公告,李晨、顾雪峰,False,
603906,2023-08-31,1217719501,龙蟠科技：江苏龙蟠科技股份有限公司关于变更会计师事务所的公告,王微,False,
603908,2023-04-27,1216622032,牧高笛：牧高笛户外用品股份有限公司关于续聘会计师事务所公告,郭宪明,False,
603908,2022-04-12,1212881619,牧高笛：续聘会计师事务所公告,郭宪明,False,
603915,2021-04-28,1209844074,国茂股份：国茂股份关于续聘会计师事务所的公告,凌燕,False,
603915,2022-04-28,1213159321,国茂股份：国茂股份关于续聘会计师事务所的公告,凌燕,False,
603915,2024-04-27,1219881395,国茂股份：国茂股份关于续聘会计师事务所的公告,郑益安、凌燕,False,
603908,2020-04-28,1207651642,牧高笛：续聘会计师事务所公告,蔡畅,False,
603920,2020-04-15,1207501172,世运电路：续聘会计师事务所的公告,叶卫民,False,
603926,2021-04-07,1209643153,铁流股份：铁流股份关于2021年度续聘会计师事务所的公告,李惠丰,False,
603929,2021-03-31,1209496439,亚翔集成：亚翔集成-关于续聘会计师事务所的公告,熊亚菊,False,
603917,2020-04-16,1207506561,合力科技：公司续聘会计师事务所的公告,陈剑,False,
603929,2022-03-30,1212727453,亚翔集成：亚翔集成-关于续聘会计师事务所的公告,邹吉丰,False,
603929,2023-03-10,1216084248,亚翔集成：亚翔集成-关于续聘会计师事务所的公告,邹吉丰,False,
603929,2024-03-13,1219298104,亚翔集成：亚翔集成-关于续聘会计师事务所的公告,邹吉丰,False,
603958,2021-04-28,1209827454,哈森股份：哈森股份关于续聘会计师事务所的公告,郭香,False,
603958,2020-04-28,1207650563,哈森股份：关于续聘会计师事务所的公告,郭香,False,
603966,2020-04-25,1207611663,法兰泰克：续聘会计师事务所公告,唐国骏、杨景欣,False,
603960,2020-04-23,1207555191,克来机电：关于续聘会计师事务所公告,顾雪峰、王健,False,
603960,2024-04-27,1219881590,克来机电：克来机电关于聘任会计师事务所的公告,毛玥明,False,
603982,2023-04-22,1216527822,泉峰汽车：关于续聘2023年度会计师事务所公告,陈颂,False,
603982,2022-04-28,1213173724,泉峰汽车：关于续聘2022年度会计师事务所公告,陈颂,False,
603996,2021-04-30,1209880099,*ST中新：中新科技集团股份有限公司关于续聘会计师事务所的公告,中国,False,
603985,2020-04-25,1207611702,恒润股份：关于续聘会计师事务所的公告,伍敏、诸旭敏,False,
603999,2024-03-27,1219411380,读者传媒：读者出版传媒股份有限公司关于续聘会计师事务所的公告,邢志丽,False,
603999,2023-10-26,1218148266,读者传媒：读者出版传媒股份有限公司关于续聘会计师事务所的公告,邢志丽,False,
605066,2021-04-23,1209772770,天正电气：关于续聘公司2021年度审计机构的公告,曹雯均,False,
605080,2024-03-26,1219404908,浙江自然：浙江自然关于续聘会计师事务所的公告,张俊慧、里全,False,
605086,2023-04-20,1216477826,龙高股份：龙岩高岭土股份有限公司关于续聘会计师事务所的公告,叶春,False,
605086,2022-04-20,1212976056,龙高股份：龙岩高岭土股份有限公司关于续聘会计师事务所的公告,林灵慧,False,
605086,2021-04-30,1209877275,龙高股份：龙岩高岭土股份有限公司续聘会计师事务所公告,林灵慧,False,
605089,2024-04-26,1219837191,味知香：关于续聘会计师事务所的公告,吕卫星,False,
605089,2023-04-26,1216596175,味知香：关于续聘会计师事务所的公告,徐雅芬,False,
605117,2023-11-18,1218369542,德业股份：关于续聘会计师事务所的公告,朱作武,False,
605117,2022-08-18,1214316270,德业股份：关于续聘会计师事务所的公告,朱作武,False,
605123,2024-04-30,1219919210,派克新材：关于续聘会计师事务所的公告,张雷,False,
605123,2023-04-28,1216669393,派克新材：派克新材：关于续聘会计师事务所的公告,张雷,False,
605162,2023-04-27,1216616581,新中港：浙江新中港热电股份有限公司关于续聘会计师事务所的公告,时间,False,
605162,2024-03-27,1219409174,新中港：关于续聘会计师事务所的公告,时间,False,
605168,2020-06-04,1207895189,三人行：关于聘请会计师事务所的公告,权计伟、李长照,False,
605168,2022-11-30,1215230789,三人行：三人行：关于变更会计师事务所的公告,杨英锦,False,
605168,2023-04-12,1216380736,三人行：三人行：关于续聘会计师事务所的公告,杨英锦,False,
605168,2024-04-30,1219906173,三人行：三人行：关于续聘会计师事务所的公告,胡宏,False,
605169,2022-12-15,1215356352,洪通燃气：新疆洪通燃气股份有限公司关于续聘2022年度审计机构的公告,郝学花,False,
605169,2023-04-12,1216379509,洪通燃气：新疆洪通燃气股份有限公司关于续聘2023年度审计机构的公告,郝学花,False,
605169,2021-12-28,1212033134,洪通燃气：新疆洪通燃气股份有限公司关于续聘2021年度审计机构的公告,郝学花,False,
605178,2022-04-22,1213027679,时空科技：关于续聘会计师事务所的公告,康会云,False,
605169,2024-04-19,1219669116,洪通燃气：新疆洪通燃气股份有限公司关于续聘2024年度审计机构的公告,郝学花,False,
605178,2023-03-15,1216117155,时空科技：关于续聘会计师事务所的公告,康会云,False,
605186,2022-04-30,1213250823,健麾信息：关于续聘2022年度会计师事务所的公告,林伟、赵世栋,False,
605186,2023-04-29,1216696702,健麾信息：关于续聘2023年度会计师事务所的公告,林伟、吴真,False,
605188,2024-04-26,1219823666,国光连锁：江西国光商业连锁股份有限公司关于2024年度续聘审计机构的公告,徐立群,False,
605196,2022-04-18,1212951544,华通线缆：华通线缆关于关于续聘会计师事务所的公告,杨贵鹏,False,
605199,2022-10-20,1214841884,葫芦娃：海南葫芦娃药业集团股份有限公司关于变更会计师事务所公告,王静,False,
605258,2021-03-30,1209473996,协和电子：关于续聘会计师事务所的公告,黄瑾,False,
605188,2020-09-29,1208505677,国光连锁：关于变更会计师事务所的公告,杜志强、王斌,False,
605296,2024-04-26,1219837412,神农集团：云南神农农业产业集团股份有限公司关于聘任2024年度审计机构的公告,何时,False,
605303,2021-04-27,1209820316,园林股份：关于续聘2021年度会计师事务所的公告,戴金燕,False,
605303,2024-04-30,1219919292,园林股份：关于续聘2024年度会计师事务所的公告,戴金燕,False,
605303,2022-04-28,1213174043,园林股份：关于续聘2022年度会计师事务所的公告,戴金燕,False,
605303,2023-04-29,1216696887,园林股份：关于续聘2023年度会计师事务所的公告,戴金燕,False,
605305,2022-04-15,1212923491,中际联合：中际联合关于续聘会计师事务所的公告,何政,False,
605305,2023-04-22,1216530115,中际联合：中际联合关于续聘会计师事务所的公告,李洪,False,
605305,2024-04-13,1219593843,中际联合：中际联合关于续聘会计师事务所的公告,李洪,False,
605388,2021-04-16,1209703229,均瑶健康：湖北均瑶大健康饮品股份有限公司关于续聘会计师事务所的公告,李海成,False,
605398,2022-04-13,1212897212,新炬网络：上海新炬网络信息技术股份有限公司关于聘任公司2022年度财务及内部控制审计机构的公告,吴蓉,False,
605398,2024-04-27,1219882114,新炬网络：上海新炬网络信息技术股份有限公司关于聘任公司2024年度财务及内部控制审计机构的公告,姚辉,False,
605398,2023-04-13,1216393336,新炬网络：上海新炬网络信息技术股份有限公司关于聘任公司2023年度财务及内部控制审计机构的公告,姚辉,False,
605507,2022-04-16,1212942683,国邦医药：国邦医药关于续聘审计机构的公告,陈小金,False,
605507,2023-04-15,1216416653,国邦医药：国邦医药关于续聘审计机构的公告,陈小金,False,
605507,2024-04-16,1219620959,国邦医药：国邦医药关于续聘审计机构的公告,陈小金,False,
605567,2022-04-29,1213226059,春雪食品：春雪食品集团股份有限公司关于聘任会计师事务所的公告,李海成,False,
605567,2023-04-27,1216629976,春雪食品：春雪食品集团股份有限公司关于续聘会计师事务所的公告,黄海洋,False,
688015,2021-08-19,1210781340,交控科技：交控科技股份有限公司关于续聘2021年度审计机构的公告,强桂英,False,
688015,2022-04-08,1212839241,交控科技：交控科技股份有限公司关于续聘2022年度审计机构的公告,强桂英,False,
688022,2024-02-20,1219139293,瀚川智能：关于年度审计机构变更签字注册会计师及项目质量控制复核人的公告,闫钢军,False,
688023,2021-04-24,1209791212,安恒信息：关于续聘公司2021年度审计机构的公告,陈科举,False,
688048,2023-04-26,1216596498,长光华芯：关于续聘天衡会计师事务所的公告,虞丽新,False,
688051,2021-04-22,1209760384,佳华科技：关于续聘会计师事务所的议案,徐振,False,
688071,2023-04-29,1216697328,华依科技：上海华依科技集团股份有限公司关于续聘会计师事务所的公告,汪思薇,False,
688085,2023-04-25,1216548105,三友医疗：关于续聘会计师事务所的公告,李海成,False,
688089,2024-04-27,1219883456,嘉必优：嘉必优生物技术（武汉）股份有限公司关于续聘会计师事务所的公告,刘仁勇,False,
688092,2021-05-25,1210070537,爱科科技：杭州爱科科技股份有限公司关于续聘公司2021年度财务审计机构及内控审计机构的公告,陈小金,False,
688092,2022-04-12,1212883351,爱科科技：杭州爱科科技股份有限公司关于续聘会计师事务所的公告,陈小金,False,
688092,2023-04-29,1216684203,爱科科技：杭州爱科科技股份有限公司关于续聘会计师事务所的公告,陈小金,False,
688096,2022-04-30,1213273297,京源环保：关于续聘公司2022年度审计机构的公告,王曙晖,False,
688096,2023-04-29,1216711280,京源环保：关于续聘公司2023年度审计机构的公告,龚晨艳,False,
688098,2021-04-26,1209800526,申联生物：关于续聘2021年度会计师事务所的公告,熊亚菊,False,
688099,2020-04-28,1207651755,晶晨股份：关于续聘2020年度审计机构的公告,汪阳,False,
688098,2022-04-28,1213174460,申联生物：关于续聘2022年度会计师事务所的公告,陈静,False,
688101,2020-08-21,1208213917,三达膜：关于续聘会计师事务所的公告,蒋玉芳,False,
688088,2020-04-28,1207651709,虹软科技：关于续聘2020年度审计机构的公告,何剑、杨景欣,False,
688102,2023-10-20,1218096798,斯瑞新材：关于续聘公司2023年度审计机构的公告,吴松林,False,
688107,2022-08-27,1214426337,安路科技：安路科技关于续聘会计师事务所的公告,徐萍,False,
688086,2021-01-04,1209033876,紫晶存储：关于变更会计师事务所的公告,朱锦梅,False,
688107,2022-03-05,1212509321,安路科技：安路科技关于续聘会计师事务所的公告,徐萍,False,
688108,2021-04-28,1209845019,赛诺医疗：赛诺医疗科学技术股份有限公司关于续聘2021年度审计机构的议案,何剑、朱海平,False,
688111,2021-03-24,1209438930,金山办公：金山办公关于续聘财务审计机构的公告,施丹丹,False,
688111,2020-03-25,1207399824,金山办公：关于续聘2020年度财务及内部控制审计机构的公告,李峻雄,False,
688114,2024-04-26,1219838031,华大智造：关于续聘公司2024年度财务报告及内部控制审计机构的公告,王洁,False,
688114,2023-04-25,1216557457,华大智造：关于续聘公司2023年度财务报告及内部控制审计机构的公告,彭菁,False,
688108,2020-04-24,1207582976,赛诺医疗：关于续聘2020年度审计机构的公告,何剑、朱海平,False,
688123,2020-04-17,1207516384,聚辰股份：关于续聘2020年度审计机构的公告,陈剑、杨景欣,False,
688132,2023-04-28,1216670394,邦彦技术：关于续聘会计师事务所的公告,覃业志,False,
688139,2021-03-26,1209454570,海尔生物：海尔生物关于续聘会计师事务所的公告,杨林,False,
688139,2020-03-26,1207405216,海尔生物：关于续聘会计师事务所的公告,沈岩,False,
688156,2021-04-13,1209678281,路德环境：关于续聘会计师事务所的公告,拥有,False,
688156,2023-04-29,1216697447,路德环境：关于续聘会计师事务所的公告,肖献敏,False,
688156,2024-04-26,1219838116,路德环境：关于续聘会计师事务所的公告,肖献敏,False,
688161,2022-03-30,1212726934,威高骨科：山东威高骨科材料股份有限公司关于聘请会计师事务所的公告,吕志,False,
688161,2024-03-27,1219410434,威高骨科：关于续聘公司2024年度会计师事务所的公告,吕志,False,
688161,2023-03-30,1216257779,威高骨科：山东威高骨科材料股份有限公司关于续聘公司2023年度会计师事务所的公告,吕志,False,
688166,2020-04-10,1207474114,博瑞医药：关于续聘会计师事务所公告,均具备,False,
688172,2023-04-26,1216593164,燕东微：关于续聘会计师事务所的公告,郭任刚,False,
688177,2021-03-05,1209338611,百奥泰：百奥泰关于续聘2021年度会计师事务所的公告,黄寅,False,
688178,2023-04-28,1216670556,万德斯：南京万德斯环保科技股份有限公司关于变更会计师事务所的公告,王微,False,
688179,2021-04-20,1209728574,阿拉丁：阿拉丁关于续聘会计师事务所公告,李海成,False,
688179,2022-04-20,1212973686,阿拉丁：阿拉丁关于续聘会计师事务所公告,李海成,False,
688179,2023-04-26,1216593211,阿拉丁：阿拉丁关于续聘会计师事务所公告,蔡斌,False,
688179,2024-03-29,1219444856,阿拉丁：阿拉丁关于续聘会计师事务所的公告,杨丹,False,
688177,2020-07-14,1208028792,百奥泰：关于变更会计师事务所公告,黄寅,False,
688188,2022-10-28,1214942987,柏楚电子：关于续聘公司2022年度审计机构的公告,杨景欣,False,
688159,2020-10-31,1208664834,有方科技：关于续聘会计师事务所的公告,付忠伟、谢晖,False,
688188,2021-10-29,1211418415,柏楚电子：关于续聘2021年度审计机构的公告,杨景欣,False,
688188,2023-11-01,1218215855,柏楚电子：关于续聘公司2023年度审计机构的公告,杨景欣,False,
688191,2021-04-29,1209860141,智洋创新：关于续聘会计师事务所的公告,李洪勇,False,
688196,2023-10-31,1218205037,卓越新能：卓越新能关于续聘会计师事务所的公告,郭晓鹏,False,
688177,2020-04-29,1207661115,百奥泰：关于变更会计师事务所的公告,王建民,False,
688196,2022-09-24,1214664087,卓越新能：卓越新能关于续聘会计师事务所的公告,林玉枝,False,
688200,2021-04-15,1209690132,华峰测控：华峰测控关于聘任2021年度财务及内部控制审计机构的公告,李洪,False,
688200,2022-02-26,1212459210,华峰测控：华峰测控关于变更签字注册会计师的公告,李洪、冯发明,False,
688199,2021-04-23,1209777024,久日新材：天津久日新材料股份有限公司续聘会计师事务所公告,俞放虹,False,
688200,2023-04-26,1216596709,华峰测控：华峰测控关于聘任2023年度财务及内部控制审计机构的公告,朱敏,False,
688202,2021-04-16,1209701907,美迪西：美迪西：关于聘任公司2021年度审计机构及内控审计机构的公告,谭红梅,False,
688202,2023-04-26,1216593301,美迪西：美迪西：关于聘任公司2023年度审计机构及内控审计机构的公告,谭红梅,False,
688202,2024-04-24,1219767044,美迪西：美迪西：关于续聘公司2024年度审计机构及内控审计机构的公告,谭红梅,False,
688202,2022-04-07,1212826657,美迪西：美迪西：关于聘任公司2022年度审计机构及内控审计机构的公告,谭红梅,False,
688205,2024-04-26,1219838244,德科立：无锡市德科立光电子技术股份有限公司关于续聘会计师事务所的公告,王微,False,
688205,2023-03-21,1216166626,德科立：无锡市德科立光电子技术股份有限公司关于续聘会计师事务所的公告,黄德明,False,
688218,2020-04-29,1207669292,江苏北人：续聘会计师事务所公告,李会英,False,
688222,2021-04-29,1209861591,成都先导：成都先导药物开发股份有限公司关于续聘公司2021年度财务及内部控制审计机构的公告,葛明,False,
688222,2023-04-29,1216698015,成都先导：成都先导药物开发股份有限公司关于续聘公司2023年度财务及内部控制审计机构的公告,蒋健,False,
688222,2022-04-29,1213226548,成都先导：成都先导药物开发股份有限公司关于续聘公司2022年度财务及内部控制审计机构的公告,蒋健,False,
688229,2021-09-23,1211130975,博睿数据：关于续聘会计师事务所的公告,郭兆刚、权计伟,False,
688229,2023-11-22,1218393556,博睿数据：关于续聘会计师事务所的公告,董云、王志勇,False,
688233,2021-04-19,1209718473,神工股份：锦州神工半导体股份有限公司关于续聘会计师事务所的公告,冯发明,False,
688233,2023-03-18,1216148981,神工股份：锦州神工半导体股份有限公司关于续聘会计师事务所的公告,李岩,False,
688233,2024-03-30,1219471704,神工股份：锦州神工半导体股份有限公司关于续聘会计师事务所的公告,李岩,False,
688236,2022-03-29,1212705702,春立医疗：关于续聘 2022 年度境内外财务报表审计和内部控制审计会计师事务所的公告,拥有,False,
688239,2022-03-16,1212579793,航宇科技：航宇科技关于续聘会计师事务所的公告,刘仁勇,False,
688239,2024-04-30,1219920162,航宇科技：航宇科技关于续聘会计师事务所的公告,刘仁勇,False,
688239,2023-04-15,1216415987,航宇科技：航宇科技关于续聘会计师事务所的公告,刘仁勇,False,
688248,2022-10-28,1214943902,南网科技：南网科技：关于拟变更会计师事务所的公告,冯发明,False,
688248,2024-03-30,1219473275,南网科技：南网科技：关于续聘公司2024年度财务报告审计机构的公告,冯发明,False,
688248,2023-04-21,1216497820,南网科技：南网科技：关于续聘公司2023年度财务报告审计机构的公告,冯发明,False,
688253,2024-04-16,1219616985,英诺特：关于续聘会计师事务所的公告,汤艳群,False,
688262,2022-04-22,1213026056,国芯科技：关于续聘2022年度审计机构的公告,徐雅芬,False,
688262,2023-12-19,1218654662,国芯科技：关于变更审计项目合伙人、签字注册会计师及质量控制复核人的公告,付敏敏,False,
688262,2023-04-28,1216671162,国芯科技：关于续聘公司2023年度审计机构的公告,徐雅芬,False,
688262,2024-04-27,1219885582,国芯科技：关于续聘公司2024年度审计机构的公告,付敏敏,False,
688268,2022-06-30,1213876405,华特气体：广东华特气体股份有限公司关于续聘会计师事务所的公告,张小惠,False,
688229,2021-01-06,1209049458,博睿数据：关于续聘会计师事务所的公告,张福建、权计伟,False,
688276,2022-03-17,1212591720,百克生物：长春百克生物科技股份公司关于续聘公司2022年度财务审计机构及内控审计机构的公告,冯发明,False,
688276,2023-03-30,1216259606,百克生物：长春百克生物科技股份公司关于续聘公司2023年度财务审计机构及内控审计机构的公告,吴秀英,False,
688285,2021-11-06,1211510440,高铁电气：高铁电气关于公司续聘会计师事务所的公告,冯发明,False,
688268,2020-03-17,1207377765,华特气体：关于续聘会计师事务所的公告,张小惠、黄春燕,False,
688285,2023-12-05,1218508409,高铁电气：高铁电气：关于变更会计师事务所的公告,李昊阳,False,
688268,2020-10-29,1208638932,华特气体：关于续聘会计师事务所的公告,张小惠、黄春燕,False,
688298,2020-04-28,1207650817,东方生物：关于续聘2020年度审计机构的公告,李勇平、张建新,False,
688301,2022-03-17,1212593743,奕瑞科技：奕瑞科技关于聘任2022年度财务审计机构及内控审计机构的公告,陈剑,False,
688330,2022-04-12,1212882604,宏力达：宏力达关于续聘2022年度审计机构的公告,李洪,False,
688330,2021-04-10,1209669906,宏力达：宏力达关于续聘2021年度审计机构的公告,冯发明,False,
688330,2023-04-28,1216647469,宏力达：宏力达关于续聘公司2023年度审计机构的公告,李洪,False,
688330,2024-04-26,1219821170,宏力达：宏力达关于续聘公司2024年度审计机构的公告,李洪,False,
688333,2020-04-29,1207669297,铂力特：关于续聘会计师事务所的公告,常晓波,False,
688347,2024-03-29,1219453566,华虹公司：关于续聘会计师事务所的公告,尤飞,False,
688355,2022-04-29,1213221827,明志科技：关于续聘2022年度审计机构的公告,徐雅芬,False,
688355,2023-04-26,1216593867,明志科技：关于续聘2023年度审计机构的公告,徐雅芬,False,
688355,2024-04-13,1219600643,明志科技：关于续聘2024年度审计机构的公告,吕卫星,False,
688365,2022-04-08,1212839964,光云科技：光云科技：关于续聘公司2022年度审计机构的公告,杜娜,False,
688365,2023-04-28,1216671703,光云科技：光云科技：关于续聘2023年度审计机构的公告,李丹、杜娜,False,
688365,2024-04-26,1219838488,光云科技：光云科技：关于续聘公司2024年度审计机构的公告,李丹、杜娜,False,
688369,2020-04-21,1207543328,致远互联：关于续聘2020年度财务及内部控制审计机构的公告,朱锦梅,False,
688371,2024-04-20,1219704279,菲沃泰：江苏菲沃泰纳米科技股份有限公司关于续聘会计师事务所的公告,张盈,False,
688371,2023-04-08,1216358399,菲沃泰：关于续聘2023年度审计机构的公告,张盈,False,
688377,2023-04-21,1216487625,迪威尔：迪威尔关于续聘会计师事务所的公告,薛敏,False,
688377,2024-04-20,1219689510,迪威尔：迪威尔关于续聘会计师事务所的公告,薛敏,False,
688378,2022-04-22,1213019123,奥来德：关于续聘2022年度财务审计机构及内部控制审计机构的公告,冯发明,False,
688377,2022-04-22,1213017227,迪威尔：迪威尔关于续聘会计师事务所的公告,薛敏,False,
688368,2020-04-28,1207650840,晶丰明源：关于续聘会计师事务所的公告,王斌、唐国骏,False,
688378,2021-04-28,1209845297,奥来德：关于续聘2021年度会计师事务所的公告,冯发明,False,
688378,2023-04-20,1216477143,奥来德：关于续聘2023年度会计师事务所的公告,吴秀英,False,
688378,2024-04-19,1219665919,奥来德：关于续聘2024年度会计师事务所的公告,吴秀英,False,
688388,2021-03-26,1209453808,嘉元科技：嘉元科技关于续聘会计师事务所的公告,黄春燕,False,
688365,2020-05-12,1207733733,光云科技：关于续聘公司2020年度审计机构的公告,沈利刚,False,
688388,2023-11-22,1218393591,嘉元科技：广东嘉元科技股份有限公司关于变更会计师事务所的公告,谭智青,False,
688388,2022-08-17,1214310387,嘉元科技：嘉元科技关于续聘会计师事务所的公告,徐聃,False,
688388,2023-04-18,1216443738,嘉元科技：广东嘉元科技股份有限公司关于续聘会计师事务所的公告,徐聃,False,
688393,2021-04-14,1209681268,安必平：关于续聘会计师事务所的公告,朱敏,False,
688395,2021-05-21,1210027476,正弦电气：关于续聘立信会计师事务所（特殊普通合伙）为公司2021年度审计机构的公告,曾小生,False,
688395,2023-04-21,1216498032,正弦电气：关于续聘2023年度审计机构的公告,郑明艳,False,
688395,2022-04-21,1212999656,正弦电气：关于续聘2022年度审计机构的公告,韩子荣,False,
688395,2024-04-25,1219801706,正弦电气：关于聘请2024年度会计师事务所的公告,张静,False,
688398,2022-04-13,1212898769,赛特新材：赛特新材：关于续聘会计师事务所的公告,唐婉珍,False,
688398,2024-04-27,1219886209,赛特新材：赛特新材：续聘会计师事务所公告,闫钢军,False,
688398,2023-04-15,1216416719,赛特新材：赛特新材：关于续聘会计师事务所的公告,闫钢军,False,
688408,2021-04-16,1209700625,中信博：688408中信博关于公司续聘2021年度财务及内部控制审计机构的公告,陈小金,False,
688428,2024-03-29,1219446953,诺诚健华：诺诚健华医药有限公司关于续聘会计师事务所的公告,李莉,False,
688388,2020-03-31,1207432850,嘉元科技：续聘会计师事务所的公告,黄志伟,False,
688428,2023-04-27,1216623330,诺诚健华：诺诚健华医药有限公司关于续聘会计师事务所的公告,李莉,False,
688466,2021-04-23,1209773366,金科环境：金科环境：关于续聘公司2021年度审计机构的公告,冯发明,False,
688466,2022-04-28,1213182536,金科环境：金科环境：关于续聘会计师事务所的公告,冯发明,False,
688466,2023-04-28,1216672266,金科环境：金科环境：关于续聘会计师事务所的公告,陈修俭,False,
688486,2023-12-09,1218563951,龙迅股份：龙迅股份关于变更会计师事务所的公告,刘仁勇,False,
688499,2022-04-08,1212841436,利元亨：广东利元亨智能装备股份有限公司关于续聘会计师事务所的公告,黄寅,False,
688508,2022-03-18,1212610091,芯朋微：关于聘任公司2022年度审计机构的公告,张雷,False,
688508,2023-03-17,1216139524,芯朋微：关于聘任公司2023年度审计机构的公告,黄德明,False,
688508,2024-04-13,1219600272,芯朋微：关于聘任公司2024年度审计机构的公告,黄德明,False,
688510,2022-04-27,1213137617,航亚科技：无锡航亚科技股份有限公司关于拟续聘会计师事务所的公告,薛敏,False,
688510,2023-04-26,1216582848,航亚科技：无锡航亚科技股份有限公司关于拟续聘会计师事务所的公告,薛敏,False,
688510,2024-03-28,1219429249,航亚科技：无锡航亚科技股份有限公司关于拟续聘会计师事务所的公告,付敏敏,False,
688521,2021-03-30,1209478729,芯原股份：关于续聘2021年度审计机构的公告,张颖,False,
688552,2023-06-09,1217023026,航天南湖：关于续聘会计师事务所的公告,刘志永,False,
688543,2024-03-28,1219424883,国科军工：关于续聘公司2024年度审计机构的公告,赖华林,False,
688556,2022-08-23,1214352757,高测股份：关于变更会计师事务所的公告,王静,False,
688556,2023-07-04,1217201475,高测股份：关于续聘会计师事务所的公告,王静,False,
688584,2024-04-26,1219816129,上海合晶：上海合晶关于续聘公司2024年度审计机构的公告,张松柏,False,
688603,2023-12-12,1218582147,天承科技：关于变更会计师事务所的公告,徐文博,False,
688607,2022-04-29,1213226732,康众医疗：康众医疗关于续聘2022年度审计机构的公告,顾雪峰,False,
688608,2022-04-15,1212923936,恒玄科技：关于续聘会计师事务所的公告,郑凌云,False,
688608,2021-04-27,1209820718,恒玄科技：关于续聘会计师事务所的公告,郑凌云,False,
688626,2021-04-28,1209845575,翔宇医疗：河南翔宇医疗设备股份有限公司关于续聘2021年度会计师事务所的公告,李洪勇,False,
688626,2023-04-28,1216674265,翔宇医疗：翔宇医疗关于续聘2023年度财务审计机构及内控审计机构的公告,李洪勇,False,
688626,2022-04-28,1213174848,翔宇医疗：翔宇医疗关于续聘公司2022年度财务审计机构及内控审计机构的公告,李洪勇,False,
688656,2022-04-25,1213087089,浩欧博：江苏浩欧博生物医药股份有限公司关于续聘会计师事务所的公告,张松柏,False,
688656,2023-04-26,1216594506,浩欧博：江苏浩欧博生物医药股份有限公司关于续聘会计师事务所的公告,张松柏,False,
688656,2024-04-26,1219841643,浩欧博：江苏浩欧博生物医药股份有限公司关于续聘会计师事务所的公告,张松柏,False,
688663,2021-04-30,1209880531,新风光：关于续聘会计师事务所的公告,尹淑英,False,
688663,2022-04-12,1212881686,新风光：关于续聘会计师事务所的公告,尹淑英,False,
688668,2021-11-10,1211540571,鼎通科技：关于续聘2021年度会计师事务所的公告,徐冬冬,False,
688677,2021-03-27,1209465819,海泰新光：2021年续聘会计师事务所公告,王宁,False,
688698,2024-04-16,1219623610,伟创电气：苏州伟创电气科技股份有限公司关于续聘会计师事务所的公告,汤艳群,False,
688698,2023-11-28,1218454155,伟创电气：苏州伟创电气科技股份有限公司关于拟变更会计师事务所的公告,汤艳群,False,
688698,2022-11-18,1215140976,伟创电气：苏州伟创电气科技股份有限公司关于拟变更会计师事务所的公告,龙湖川,False,
688707,2023-04-28,1216659912,振华新材：关于续聘会计师事务所的公告,冯发明,False,
688766,2022-04-15,1212922497,普冉股份：普冉半导体（上海）股份有限公司关于续聘会计师事务所的公告,孙峰,False,
688766,2023-04-08,1216357178,普冉股份：普冉半导体（上海）股份有限公司关于聘任公司2023年度财务及内部控制审计机构的公告,王昌功,False,
688819,2022-03-31,1212753836,天能股份：天能电池集团股份有限公司关于续聘2022年度审计机构的公告,李会英,False,
688819,2021-03-27,1209464559,天能股份：天能电池集团股份有限公司关于续聘2021年度审计机构的公告,李会英,False,
688819,2023-03-25,1216221708,天能股份：天能电池集团股份有限公司关于续聘2023年度审计机构的公告,杨建平,False,
688981,2022-05-13,1213339310,中芯国际：中芯国际关于续聘会计师事务所的公告,张飞,False,
