kind,code,label,year,date,names
IPO,,乔丹体育股份有限公司,2011,2011-11-21,"['汪阳', '刘雪瑾', '袁学伟']"
IPO,,四川新荷花中药饮片股份有限公司,2011,2011-11-21,"['阮响华', '邱鸿']"
IPO,,河南裕华光伏新材料股份有限公司,2011,2011-11-21,"['谢玉敏', '李庆强']"
IPO,,南京斯迈柯特种金属装备股份有限公司,2011,2011-12-15,"['胡毅', '肖丽娟']"
IPO,,上海和鹰机电科技股份有限公司,2012,2012-01-05,"['孙立倩', '黄恺']"
IPO,,厦门精图信息技术股份有限公司,2012,2012-01-06,"['屠颖', '陈宗银', '刘泽波']"
IPO,,上海瑞创网络科技股份有限公司,2012,2012-02-13,"['姚宁', '李耀堂']"
IPO,,包头市神润高新材料股份有限公司,2012,2012-02-16,"['赵斌', '祁涛']"
IPO,,苏州思睿屹新材料股份有限公司,2012,2012-02-21,"['吴晓辉', '吴翔']"
IPO,,日地太阳能电力股份有限公司,2012,2012-02-21,"['钟建国', '王强']"
IPO,,广州市怡文环境科技股份有限公司,2012,2012-02-21,"['杨文蔚', '冼宏飞']"
IPO,,深圳市元征科技股份有限公司,2012,2012-02-27,"['董超', '张燕']"
IPO,,信息产业电子第十一设计研究院科技工程股份有限公司,2012,2012-02-28,"['申军', '唐洪春']"
IPO,,北京市天元网络技术股份有限公司,2012,2012-03-07,"['闫丙旗', '李冬梅']"
IPO,,湖南金大地材料股份有限公司,2012,2012-03-08,"['金益平', '周红宇']"
IPO,,深圳市泰昂能源科技股份有限公司,2012,2012-03-12,"['陈葆华', '邢敏']"
IPO,,辽宁益康生物股份有限公司,2012,2012-03-14,"['李宝玉', '朱双润']"
IPO,,宁夏日晶新能源装备股份有限公司,2012,2012-03-15,"['张军书', '刘均刚', '李锋', '李红', '董德顺']"
IPO,,江苏斯菲尔电气股份有限公司,2012,2012-03-16,"['沈岩', '华可天']"
IPO,,广东秋盛资源股份有限公司,2012,2012-03-19,"['巩启春', '李洪']"
IPO,,山东宏艺科技股份有限公司,2012,2012-03-28,"['王传顺', '魏倩婷']"
IPO,,陕西秦宝牧业股份有限公司,2012,2012-03-30,"['王晖', '刘学伟']"
IPO,,中航文化股份有限公司,2012,2012-03-30,"['童登书', '梁卫丽']"
IPO,,北京志诚泰和数码办公设备股份有限公司,2012,2012-04-06,"['吴杰', '代娟']"
IPO,,广东珠江桥生物科技股份有限公司,2012,2012-04-06,"['王韶华', '陈昭']"
IPO,,合肥市百胜科技发展股份有限公司,2012,2012-04-10,"['潘峰', '王静', '黄敬臣']"
IPO,,浙旅控股股份有限公司,2012,2012-04-11,"['沈利刚', '洪全付']"
IPO,,广东新大地生物科技股份有限公司,2012,2012-04-12,"['王海滨', '刘春奎']"
IPO,,福建省三奥信息科技股份有限公司,2012,2012-04-12,"['童益恭', '肖军']"
IPO,,广西华锡集团股份有限公司,2012,2012-04-19,"['邹宏文', '王越', '李秋玲', '王越']"
IPO,,洁华控股股份有限公司,2012,2012-04-19,"['沃巍勇', '罗联玬']"
IPO,,河北沧海重工股份有限公司,2012,2012-04-19,"['韩景利', '孙丽梅']"
IPO,,河北联冠电极股份有限公司,2012,2012-04-19,"['常明', '吴少华']"
IPO,,上海中技桩业股份有限公司,2012,2012-04-19,"['赵蓉', '周敏']"
IPO,,山西天能科技股份有限公司,2012,2012-04-23,"['胡小黑', '吴国民']"
IPO,,北京东方道迩信息技术股份有限公司,2012,2012-04-24,"['杜蕊', '魏强']"
IPO,,金龙精密铜管集团股份有限公司,2012,2012-04-24,"['邵立新', '王亮']"
IPO,,淮北矿业股份有限公司,2012,2012-04-24,"['潘峰', '黄亚琼', '熊明峰']"
IPO,,宁波华龙电子股份有限公司,2012,2012-04-24,"['詹军', '叶胜平']"
IPO,,北京爱康宜诚医疗器材股份有限公司,2012,2012-04-26,"['赵斌', '金华']"
IPO,,中国邮政速递物流股份有限公司,2012,2012-04-28,"['王蕾', '田伟']"
IPO,,焦作制动器股份有限公司,2012,2012-05-07,"['耿磊', '唐玉荣']"
IPO,,汇胜集团股份有限公司,2012,2012-05-09,"['秦怀武', '杜业勤']"
IPO,,欧贝黎新能源科技股份有限公司,2012,2012-05-10,"['朱伟', '张建新', '陈科举']"
IPO,,广东凌丰集团股份有限公司,2012,2012-05-14,"['王建新', '古范球', '王雅明']"
IPO,,武汉中博生物股份有限公司,2012,2012-05-17,"['王玉伟', '喻俊']"
IPO,,湖北银丰棉花股份有限公司,2012,2012-05-17,"['霍万魁', '陈伟', '吴术民', '霍万魁']"
IPO,,民生轮船股份有限公司,2012,2012-05-17,"['龙文虎', '梁正勇']"
IPO,,山西普德药业股份有限公司,2012,2012-05-17,"['戴定毅', '陈俭']"
IPO,,福建省卓越鸿昌建材装备股份有限公司,2012,2012-05-23,"['刘耀辉', '邱俊洲']"
IPO,,成都任我行软件股份有限公司,2012,2012-05-29,"['曾红', '陈宗英']"
IPO,,深圳市凯立德科技股份有限公司,2012,2012-06-06,"['张云鹤', '齐晓丽']"
IPO,,曲靖博浩生物科技股份有限公司,2012,2012-06-15,"['鲍琼', '丁恒花']"
IPO,,康新(中国)设计工程股份有限公司,2012,2012-06-15,"['沈蓉', '冯家俊']"
IPO,,江苏辉煌太阳能股份有限公司,2012,2012-06-26,"['王翔', '潘永祥']"
IPO,,上海金陵电子网络股份有限公司,2012,2012-06-27,"['沈蓉', '施剑春']"
IPO,,上海相宜本草化妆品股份有限公司,2012,2012-06-27,"['巫志声', '胡基', '严波']"
IPO,,福建瑞达精工股份有限公司,2012,2012-07-05,"['郑丽惠', '晏书敏']"
IPO,,昆山华恒焊接股份有限公司,2012,2012-07-06,"['伍敏', '郑欢成']"
IPO,,山东泰丰液压股份有限公司,2012,2012-07-11,"['钟建国', '毛晓东']"
IPO,,江苏天鸟高新技术股份有限公司,2012,2012-07-12,"['贾丽娜', '蔡卫华']"
IPO,,西安未来国际信息股份有限公司,2012,2012-07-16,"['童冰薇', '钱燕']"
IPO,,北京中矿环保科技股份有限公司,2012,2012-07-16,"['何晓明', '啜公明']"
IPO,,湖北永祥粮食机械股份有限公司,2012,2012-07-16,"['陈少明', '索还锁']"
IPO,,深圳市神舟电脑股份有限公司,2012,2012-07-26,"['何晓明', '金顺兴', '康雪艳']"
IPO,,四川新荷花中药饮片股份有限公司,2012,2012-08-28,"['阮响华', '邱鸿']"
IPO,,中海阳新能源电力股份有限公司,2012,2012-09-04,"['李慧', '李志林']"
IPO,,山东金创股份有限公司,2012,2012-10-25,"['王晖', '迟慰']"
IPO,,浙江珍诚医药在线股份有限公司,2012,2012-10-31,"['高峰', '戴隆松']"
IPO,,苏州阿诺精密切削技术股份有限公司,2012,2012-10-31,"['刘勇', '滕飞']"
IPO,,西安富士达科技股份有限公司,2012,2012-11-06,"['宋晓燕', '邱程红']"
IPO,,内蒙古凌志马铃薯科技股份有限公司,2012,2012-12-07,"['李岩', '单晓燕']"
IPO,,北京中环信科科技股份有限公司,2012,2012-12-07,"['陈俊', '张颖']"
IPO,,遵义钛业股份有限公司,2012,2012-12-28,"['龙文虎', '梁正勇']"
IPO,,深圳华北工控股份有限公司,2013,2013-01-04,"['赖玉珍', '郑宏权']"
IPO,,福建安溪铁观音集团股份有限公司,2013,2013-01-07,"['李建彬', '林宏华']"
IPO,,大连路明发光科技股份有限公司,2013,2013-01-10,"['王秀玉', '刘璐']"
IPO,,江苏中圣园科技股份有限公司,2013,2013-01-17,"['沈维华', '娄杭']"
IPO,,意宁液压股份有限公司,2013,2013-01-30,"['吕苏阳', '罗训超']"
IPO,,恒基光伏电力科技股份有限公司,2013,2013-01-30,"['孟荣芳', '庄继宁']"
IPO,,京华信息科技股份有限公司,2013,2013-01-30,"['杨文蔚', '张静璃']"
IPO,,浙江申达机器制造股份有限公司,2013,2013-01-30,"['陈曙', '叶卫民', '陈世薇']"
IPO,,北京瑞风协同科技股份有限公司,2013,2013-01-30,"['郝丽江', '蔡文胜']"
IPO,,深圳市赛瓦特动力科技股份有限公司,2013,2013-02-06,"['翁丽娅', '赵卫国']"
IPO,,中建材浚鑫科技股份有限公司,2013,2013-02-07,"['杨敢林', '杨运辉']"
IPO,,北京创毅讯联科技股份有限公司,2013,2013-02-20,"['雷小玲', '李志林']"
IPO,,云南蓝晶科技股份有限公司,2013,2013-02-25,"['鲍琼', '胡相宁']"
IPO,,天津市亚安科技股份有限公司,2013,2013-03-04,"['孙立倩', '黄恺']"
IPO,,福建福特科光电股份有限公司,2013,2013-03-04,"['郑丽惠', '郭璇']"
IPO,,江苏斯菲尔电气股份有限公司,2013,2013-03-04,"['沈岩', '华可天']"
IPO,,江苏速升自动化装备股份有限公司,2013,2013-03-06,"['祝宗善', '杨胤']"
IPO,,思安新能源股份有限公司,2013,2013-03-13,"['黄丽琼', '魏云峰']"
IPO,,杭州金海岸文化发展股份有限公司,2013,2013-03-13,"['赵海荣', '卜刚军']"
IPO,,北京天山新材料技术股份有限公司,2013,2013-03-13,"['祁卫红', '王会栓']"
IPO,,浙江元亨通信技术股份有限公司,2013,2013-03-13,"['朱伟', '许金花']"
IPO,,徐州万邦道路工程装备服务股份公司,2013,2013-03-13,"['刘耀辉', '邱俊洲']"
IPO,,德讯科技股份有限公司,2013,2013-03-13,"['雷小玲', '卢剑']"
IPO,,AEM科技(苏州)股份有限公司,2013,2013-03-13,"['程志刚', '倪国君']"
IPO,,北京水晶石数字科技股份有限公司,2013,2013-03-13,"['朱锦梅', '吴雪']"
IPO,,江苏瑞帆环保装备股份有限公司,2013,2013-03-19,"['朱伟', '许金花']"
IPO,,龙福环能科技股份有限公司,2013,2013-03-26,"['邱靖之', '张居忠']"
IPO,,无锡市瑞尔精密机械股份有限公司,2013,2013-03-28,"['密惠红', '于曙光']"
IPO,,宁波华龙电子股份有限公司,2013,2013-03-28,"['詹军', '叶胜平', '张克']"
IPO,,福建诺奇股份有限公司,2013,2013-04-01,"['蔡志良', '刘延东']"
IPO,,广东中窑窑业股份有限公司,2013,2013-04-01,"['杨文蔚', '何国铨']"
IPO,,湖南恒润高科股份有限公司,2013,2013-04-01,"['王玉伟', '罗明国']"
IPO,,立晨物流股份有限公司,2013,2013-04-01,"['李炜', '凡章']"
IPO,,博思特能源装备(天津)股份有限公司,2013,2013-04-01,"['郝京梅', '莫彪']"
IPO,,北京金立翔艺彩科技股份有限公司,2013,2013-04-01,"['索保国', '徐敏']"
IPO,,江苏吉美思物联网产业股份有限公司,2013,2013-04-01,"['苏洋', '贺云梅']"
IPO,,湖北龙辰科技股份有限公司,2013,2013-04-01,"['索保国', '乔冠芳']"
IPO,,北京洪恩教育科技股份有限公司,2013,2013-04-01,"['孙建', '郭国卫']"
IPO,,山东海益宝水产股份有限公司,2013,2013-04-01,"['郭文起', '张琦']"
IPO,,河北联冠电极股份有限公司,2013,2013-04-02,"['常明', '吴少华']"
IPO,,上海中技桩业股份有限公司,2013,2013-04-02,"['赵蓉', '周敏']"
IPO,,北京志诚泰和数码办公设备股份有限公司,2013,2013-04-02,"['吴杰', '代娟']"
IPO,,汇胜集团股份有限公司,2013,2013-04-02,"['秦怀武', '杜业勤']"
IPO,,湖南科美达电气股份有限公司,2013,2013-04-03,"['周俊杰', '陈志']"
IPO,,辽宁天和科技股份有限公司,2013,2013-04-03,"['闫丙旗', '王需如']"
IPO,,生态洁环保科技股份有限公司,2013,2013-04-03,"['朱洪山', '范斌']"
IPO,,雪龙黑牛股份有限公司,2013,2013-04-03,"['顾仁宋', '张西在']"
IPO,,宁夏日晶新能源装备股份有限公司,2013,2013-04-03,"['张军书', '刘均刚']"
IPO,,新疆康地种业科技股份有限公司,2013,2013-04-03,"['宋岩', '尹河']"
IPO,,海南中化联合制药工业股份有限公司,2013,2013-04-03,"['常明', '吴少华']"
IPO,,弘浩明传科技(北京)股份有限公司,2013,2013-04-03,"['童登书', '梁卫丽']"
IPO,,上海辰光医疗科技股份有限公司,2013,2013-04-03,"['刘云', '张盈']"
IPO,,北京东方道迩信息技术股份有限公司,2013,2013-04-03,"['杜蕊', '魏强']"
IPO,,北京汇金科技股份有限公司,2013,2013-04-03,"['张昆', '宋刚']"
IPO,,上海扬讯计算机科技股份有限公司,2013,2013-04-03,"['潘永祥', '孙广友']"
IPO,,山西尚风科技股份有限公司,2013,2013-04-03,"['王荣前', '侯胜利']"
IPO,,河南裕华光伏新材料股份有限公司,2013,2013-04-03,"['谢玉敏', '李庆强']"
IPO,,泰安众诚矿山自动化股份有限公司,2013,2013-04-03,"['朱明江', '吴承生']"
IPO,,天津亿利科能源科技发展股份有限公司,2013,2013-04-03,"['洪卫', '赵青林']"
IPO,,广州安达精密工业股份有限公司,2013,2013-04-03,"['杨克晶', '龚甫国']"
IPO,,金舟科技股份有限公司,2013,2013-04-03,"['孙文军', '边珊姗']"
IPO,,北京尚洋东方环境科技股份有限公司,2013,2013-04-03,"['张克东', '潘玉忠']"
IPO,,浙江天蓝环保技术股份有限公司,2013,2013-04-03,"['孙文军', '沈云强']"
IPO,,青岛乾运高科新材料股份有限公司,2013,2013-04-03,"['韩玉顺', '赵刚']"
IPO,,青海弘川新源实业股份有限公司,2013,2013-04-03,"['童成录', '江波']"
IPO,,江苏金龙科技股份有限公司,2013,2013-04-03,"['童冰薇', '陈俭']"
IPO,,四川深蓝环保科技股份有限公司,2013,2013-04-03,"['罗东先', '刘瑜']"
IPO,,深圳翠涛自动化设备股份有限公司,2013,2013-04-03,"['梁烽', '陈芝莲']"
IPO,,北京谊安医疗系统股份有限公司,2013,2013-04-03,"['张冲良', '李向凌']"
IPO,,新疆华油技术服务股份有限公司,2013,2013-04-03,"['宋岩', '胡斌']"
IPO,,深圳市融创天下科技股份有限公司,2013,2013-04-03,"['刘辉耀', '邢敏']"
IPO,,广东雅达电子股份有限公司,2013,2013-04-03,"['胡毅', '叶民']"
IPO,,烟台台海玛努尔核电设备股份有限公司,2013,2013-04-03,"['谈朝晖', '张轶华']"
IPO,,东阳青雨影视文化股份有限公司,2013,2013-04-03,"['潘晓姿', '周海斌']"
IPO,,北京车网互联科技股份有限公司,2013,2013-04-03,"['孟荣芳', '庄继宁']"
IPO,,深圳市银星智能科技股份有限公司,2013,2013-04-03,"['苏洋', '李超']"
IPO,,北京泰宁科创雨水利用技术股份有限公司,2013,2013-05-17,"['密惠红', '肖姝']"
IPO,,深圳市凯立德科技股份有限公司,2013,2013-05-17,"['张云鹤', '齐晓丽']"
IPO,,北京世纪东方国铁科技股份有限公司,2013,2013-05-17,"['温京辉', '黄程']"
IPO,,陕西秦宝牧业股份有限公司,2013,2013-05-17,"['王晖', '刘学伟']"
IPO,,珠海拓普智能电气股份有限公司,2013,2013-05-17,"['凌运良', '王淑燕']"
IPO,,深圳市华力特电气股份有限公司,2013,2013-05-27,"['刘耀辉', '邱俊洲']"
IPO,,杭州华银教育多媒体科技股份有限公司,2013,2013-05-27,"['赵海荣', '周小民']"
IPO,,广西华锡集团股份有限公司,2013,2013-05-30,"['邹宏文', '王越']"
IPO,,山东华特磁电科技股份有限公司,2013,2013-05-30,"['雷小玲', '卢剑']"
IPO,,湖北银丰棉花股份有限公司,2013,2013-05-30,"['陈伟', '霍万魁']"
IPO,,曲靖博浩生物科技股份有限公司,2013,2013-05-30,"['鲍琼', '丁恒花']"
IPO,,深圳市景阳科技股份有限公司,2013,2013-05-30,"['蒋晓明', '程纯']"
IPO,,上海四维文化传媒股份有限公司,2013,2013-05-30,"['潘敏', '严卫']"
IPO,,上海炫动传播股份有限公司,2013,2013-05-30,"['翟小民', '王恺']"
IPO,,邦和药业股份有限公司,2013,2013-05-30,"['郭伟', '郑军安']"
IPO,,千禧之星珠宝股份有限公司,2013,2013-05-31,"['陈建顺', '邱淑珍']"
IPO,,深圳中航信息科技产业股份有限公司,2013,2013-06-03,"['陈建顺', '王越']"
IPO,,北京京客隆商业集团股份有限公司,2013,2013-06-03,"['周颖', '付燕珺']"
IPO,,浙旅控股股份有限公司,2013,2013-06-03,"['沈利刚', '洪全付']"
IPO,,浙江汉力士船用推进系统股份有限公司,2013,2013-06-04,"['刘雪松', '陈葆华']"
IPO,,福建归真堂药业股份有限公司,2013,2013-06-04,"['林新田', '江楠']"
IPO,,安泰生物工程股份有限公司,2013,2013-06-04,"['杨轶辉', '王权生']"
IPO,,深圳市神舟电脑股份有限公司,2013,2013-06-04,"['何晓明', '金顺兴', '康雪艳']"
IPO,,北京武神世纪网络技术股份有限公司,2013,2013-06-04,"['黄迎', '岑宛泽']"
IPO,,福建连城兰花股份有限公司,2013,2013-06-04,"['王宇桥', '刘贵彬']"
IPO,,北京星河亮点技术股份有限公司,2013,2013-06-04,"['闫丙旗', '王需如']"
IPO,,上海盈方微电子股份有限公司,2013,2013-06-04,"['何前', '徐殷鹏']"
IPO,,大唐辉煌传媒股份有限公司,2013,2013-06-04,"['汤其美', '刘剑华']"
IPO,,北京欧地安科技股份有限公司,2013,2013-10-12,"['刘洪跃', '孙东梅']"
IPO,,山东昌润钻石股份有限公司,2013,2013-12-11,"['张燕', '陶传宝']"
IPO,,中国邮政速递物流股份有限公司,2013,2013-12-20,"['王蕾', '田伟']"
IPO,,方正宽带网络服务股份有限公司,2014,2014-01-03,"['童传江', '宋连勇']"
IPO,,山东东佳集团股份有限公司,2014,2014-01-03,"['何峰', '魏倩婷']"
IPO,,上海粱江通信系统股份有限公司,2014,2014-01-03,"['沈佳云', '巢序']"
IPO,,辽宁益康生物股份有限公司,2014,2014-01-13,"['李宝玉', '朱双润']"
IPO,,四川省艾普网络股份有限公司,2014,2014-01-15,"['杨建强', '张卓']"
IPO,,广东珠江桥生物科技股份有限公司,2014,2014-01-20,"['王韶华', '陈昭']"
IPO,,广东凌丰集团股份有限公司,2014,2014-01-24,"['王建新', '古范球', '王雅明']"
IPO,,深圳市众为兴数控技术有限公司,2014,2014-02-08,"['田景亮', '吴亚亚']"
IPO,,南京斯迈柯特种金属装备股份有限公司,2014,2014-02-26,"['胡毅', '肖丽娟']"
IPO,,中国木偶艺术剧院股份有限公司,2014,2014-03-04,"['郭海兰', '尹冬']"
IPO,,四川龙蟒钛业股份有限公司,2014,2014-03-12,"['张卓', '陈清胜']"
IPO,,北京科纳特造型艺术股份有限公司,2014,2014-03-17,"['童登书', '赵雷励']"
IPO,,中航文化股份有限公司,2014,2014-04-03,"['童登书', '梁卫丽']"
IPO,,北京时代华语图书股份有限公司,2014,2014-04-04,"['王强', '吕晓娟']"
IPO,,浙江天达环保股份有限公司,2014,2014-04-18,"['葛徐', '江娟']"
IPO,,南京德乐科技股份有限公司,2014,2014-04-18,"['林雷', '沈建华']"
IPO,,康新(中国)设计工程股份有限公司,2014,2014-04-21,"['沈蓉', '冯家俊']"
IPO,,武汉中博生物股份有限公司,2014,2014-04-21,"['王玉伟', '喻俊']"
IPO,,黑龙江长和化工股份有限公司,2014,2014-04-22,"['裴志军', '王君']"
IPO,,广州复大医疗股份有限公司,2014,2014-04-23,"['李炜', '陈菁佩']"
IPO,,辽宁振隆特产股份有限公司,2014,2014-04-23,"['候立勋', '肖捷']"
IPO,,北京富泰革基布股份有限公司,2014,2014-04-23,"['蔡晓丽', '王首一']"
IPO,,江苏天鸟高新技术股份有限公司,2014,2014-04-24,"['常桂华', '蔡卫华']"
IPO,,湖北永祥粮食机械股份有限公司,2014,2014-04-24,"['陈少明', '索还锁']"
IPO,,舟山港股份有限公司,2014,2014-04-24,"['吕苏阳', '罗训超']"
IPO,,南京中油恒燃石油燃气股份有限公司,2014,2014-04-25,"['俞俊雄', '文娜杰']"
IPO,,广东壮丽彩印股份有限公司,2014,2014-04-28,"['胡志刚', '范荣']"
IPO,,佳化化学股份有限公司,2014,2014-04-28,"['吴世昌', '胡永波']"
IPO,,北京泰德制药股份有限公司,2014,2014-04-28,"['李惠琦', '傅智勇']"
IPO,,合肥东方节能科技股份有限公司,2014,2014-04-28,"['马章松', '孙涛']"
IPO,,中国南航集团文化传媒股份有限公司,2014,2014-04-29,"['王需如', '刘建辉']"
IPO,,惠州元晖光电股份有限公司,2014,2014-04-30,"['陈晓华', '韩坚']"
IPO,,同方环境股份有限公司,2014,2014-04-30,"['张克东', '刘宇', '潘玉忠']"
IPO,,江苏七洲绿色化工股份有限公司,2014,2014-04-30,"['肖厚祥', '王涛']"
IPO,,临江市东锋有色金属股份有限公司,2014,2014-04-30,"['章为纲', '刘志永']"
IPO,,华强方特文化科技集团股份有限公司,2014,2014-04-30,"['高敏', '康跃华']"
IPO,,沈阳鼓风机集团股份有限公司,2014,2014-05-04,"['宫国超', '王丽艳']"
IPO,,湘潭宏大真空技术股份有限公司,2014,2014-05-05,"['章为纲', '章天赐']"
IPO,,武汉智迅创源科技发展股份有限公司,2014,2014-05-06,"['李炜', '李斌']"
IPO,,江苏三恒科技股份有限公司,2014,2014-05-06,"['荆建明', '陈腊梅']"
IPO,,深圳市中盟科技股份有限公司,2014,2014-05-06,"['黎明', '王冬林']"
IPO,,四川里伍铜业股份有限公司,2014,2014-05-06,"['周琪', '钱骁玲', '姚辉', '杨志平']"
IPO,,山东华盛中天机械集团股份有限公司,2014,2014-05-06,"['张志良', '张月敏']"
IPO,,上海基美文化传媒股份有限公司,2014,2014-05-06,"['周铮文', '陶齐']"
IPO,,江苏可一文化产业集团股份有限公司,2014,2014-05-06,"['刘宇科', '李明', '贺艳峰']"
IPO,,北京神雾环境能源科技集团股份有限公司,2014,2014-05-06,"['密惠红', '陈立新']"
IPO,,广州流行美时尚商业股份有限公司,2014,2014-05-07,"['杨克晶', '禤文欣']"
IPO,,深圳深爱半导体股份有限公司,2014,2014-05-07,"['范江群', '邱志强']"
IPO,,迈普通信技术股份有限公司,2014,2014-05-07,"['罗东先', '唐松柏']"
IPO,,龙宝参茸股份有限公司,2014,2014-05-07,"['林国雄', '景彩子', '唐伟']"
IPO,,北京泰德制药股份有限公司,2014,2014-05-08,"['李惠琦', '倪军']"
IPO,,上海鸿辉光通科技股份有限公司,2014,2014-05-09,"['潘永祥', '夏利忠']"
IPO,,北京海鑫科金高科技股份有限公司,2014,2014-05-12,"['韩景利', '姜照东']"
IPO,,信息产业电子第十一设计研究院科技工程股份有限公司,2014,2014-05-12,"['申军', '唐洪春']"
IPO,,淮安嘉诚高新化工股份有限公司,2014,2014-05-15,"['潘永祥', '夏利忠']"
IPO,,北京品恩科技股份有限公司,2014,2014-05-15,"['詹军', '张斌']"
IPO,,深圳市众鸿科技股份有限公司,2014,2014-05-15,"['陈志刚', '姚先学']"
IPO,,江苏申利实业股份有限公司,2014,2014-05-15,"['张国华', '石朝霞']"
IPO,,美联钢结构建筑系统(上海)股份有限公司,2014,2014-05-15,"['王恒忠', '王龙旷']"
IPO,,北京能量影视传播股份有限公司,2014,2014-05-19,"['韩秋科', '张利萍']"
IPO,,广东中迅农科股份有限公司,2014,2014-05-22,"['陈志刚', '刘升文']"
IPO,,真彩文具股份有限公司,2014,2014-05-22,"['肖瑞峰', '吴志辉']"
IPO,,安徽三联交通应用技术股份有限公司,2014,2014-05-23,"['李静', '王业甄']"
IPO,,北京派特罗尔油田服务股份公司,2014,2014-05-26,"['谢青', '竺晔']"
IPO,,深圳市丽晶光电科技股份有限公司,2014,2014-05-28,"['杨轶辉', '王权生']"
IPO,,湖北知音传媒股份有限公司,2014,2014-05-30,"['杨红青', '刘定超']"
IPO,,江苏丹毛纺织股份有限公司,2014,2014-05-30,"['詹从才', '陈玉生', '范明华', '吴恒青']"
IPO,,四川金象赛瑞化工股份有限公司,2014,2014-05-30,"['郭东超', '廖继平']"
IPO,,长沙长泰机械股份有限公司,2014,2014-06-03,"['潘帅', '张伟']"
IPO,,广西南城百货股份有限公司,2014,2014-06-05,"['王广旭', '张媛媛']"
IPO,,沈阳变压器研究院股份有限公司,2014,2014-06-06,"['黄志斌', '陈海防']"
IPO,,上海思华科技股份有限公司,2014,2014-06-06,"['胡建军', '石斌全']"
IPO,,杭州科利化工股份有限公司,2014,2014-06-09,"['沈利刚', '凌燕']"
IPO,,浙江优创材料科技股份有限公司,2014,2014-06-09,"['朱伟', '张建新']"
IPO,,天津华迈燃气装备股份有限公司,2014,2014-06-09,"['韩景利', '姜照东']"
IPO,,千乘影视股份有限公司,2014,2014-06-10,"['翁伟', '孙敏', '董妍燕']"
IPO,,深圳市骏达光电股份有限公司,2014,2014-06-13,"['廖晓鸿', '刘剑华']"
IPO,,北京信诺传播顾问股份有限公司,2014,2014-06-13,"['纪玉红', '李成林']"
IPO,,北京北广科技股份有限公司,2014,2014-06-16,"['潘帅', '董旭']"
IPO,,申龙电梯股份有限公司,2014,2014-06-16,"['赵海荣', '周小民']"
IPO,,凤凰都市传媒科技股份有限公司,2014,2014-06-16,"['朱子武', '杨涟']"
IPO,,山东博润工业技术股份有限公司,2014,2014-06-18,"['罗炳勤', '赵卫华']"
IPO,,湖北联合天诚防伪技术股份有限公司,2014,2014-06-19,"['张希文', '李振华']"
IPO,,河南金博士种业股份有限公司,2014,2014-06-19,"['谢玉敏', '李庆强']"
IPO,,上海网讯新材料科技股份有限公司,2014,2014-06-20,"['傅林生', '陆士敏']"
IPO,,克拉玛依新科澳石油天然气技术股份有限公司,2014,2014-06-20,"['殷宪锋', '李莉']"
IPO,,江西3L医用制品集团股份有限公司,2014,2014-06-20,"['舒佳敏', '李国平']"
IPO,,湖南鑫广安农牧股份有限公司,2014,2014-06-23,"['张富根', '黄萍']"
IPO,,汇绿园林建设股份有限公司,2014,2014-06-23,"['毕强', '谢吉平']"
IPO,,洁华控股股份有限公司,2014,2014-06-23,"['沃巍勇', '罗联玬']"
IPO,,浙江自立股份有限公司,2014,2014-06-23,"['黄元喜', '宋鑫', '金东伟']"
IPO,,珠海越亚封装基板技术股份有限公司,2014,2014-06-23,"['王淑燕', '张芳']"
IPO,,山东天力干燥股份有限公司,2014,2014-06-23,"['毕强', '刘玉显']"
IPO,,新乡日升数控轴承装备股份有限公司,2014,2014-06-24,"['乐超军', '刘文豪']"
IPO,,山东一滕新材料股份有限公司,2014,2014-06-25,"['邱俊洲', '高德惠']"
IPO,,北京瑞友科技股份有限公司,2014,2014-06-25,"['许培梅', '李洁茹']"
IPO,,湖北丹江电力股份有限公司,2014,2014-06-25,"['张恋华', '王冬梅', '徐建军', '伍英菲']"
IPO,,湖南金叶众望科技股份有限公司,2014,2014-06-25,"['孙益文', '刘辉']"
IPO,,吉林科龙建筑节能科技股份有限公司,2014,2014-06-26,"['刘明泉', '凌忠峰']"
IPO,,深圳市宏电技术股份有限公司,2014,2014-06-26,"['高德惠', '邱俊洲']"
IPO,,西安万隆制药股份有限公司,2014,2014-06-26,"['黄丽琼', '魏云锋']"
IPO,,深圳市中航健身时尚股份有限公司,2014,2014-06-26,"['朱伟峰', '赵国梁']"
IPO,,金龙精密铜管集团股份有限公司,2014,2014-06-26,"['邵立新', '王亮']"
IPO,,江苏和顺环保股份有限公司,2014,2014-06-27,"['张全心', '朱艳']"
IPO,,合肥科大立安安全技术有限责任公司,2014,2014-06-27,"['朱宗瑞', '廖传宝']"
IPO,,北京麒麟网文化股份有限公司,2014,2014-06-27,"['张昆', '马传军']"
IPO,,北京华夏电通科技股份有限公司,2014,2014-06-27,"['曹阳', '郑宏']"
IPO,,四川台沃农业科技股份有限公司,2014,2014-06-27,"['罗建平', '黄志芬']"
IPO,,深圳玛丝菲尔时装股份有限公司,2014,2014-06-27,"['杨如生', '李则华']"
IPO,,沈阳远大压缩机股份有限公司,2014,2014-06-27,"['杨如生', '谌友良']"
IPO,,湖北大通互联物流股份有限公司,2014,2014-06-27,"['邹志文', '贾俊伟']"
IPO,,生迪光电科技股份有限公司,2014,2014-06-27,"['孙文军', '沈云强']"
IPO,,福建海峡科化股份有限公司,2014,2014-06-27,"['马静', '张建华', '童益恭', '江叶瑜']"
IPO,,北京巅峰智业旅游文化创意股份有限公司,2014,2014-06-27,"['郝丽江', '杨倩']"
IPO,,广东科茂林产化工股份有限公司,2014,2014-06-27,"['贺春海', '陈莹']"
IPO,,重庆市伟岸测器制造股份有限公司,2014,2014-06-27,"['罗建平', '赵红梅']"
IPO,,广东天波信息技术股份有限公司,2014,2014-06-30,"['杨熹', '张兴']"
IPO,,山西普德药业股份有限公司,2014,2014-06-30,"['戴定毅', '陈俭']"
IPO,,新丽传媒股份有限公司,2014,2014-06-30,"['汤其美', '刘剑华']"
IPO,,珠海威丝曼服饰股份有限公司,2014,2014-06-30,"['程银春', '汪礼宏']"
IPO,,盛京银行股份有限公司,2014,2014-06-30,"['周重揆', '刘绍秋']"
IPO,,许昌恒源发制品股份有限公司,2014,2014-07-01,"['李斌', '董超']"
IPO,,河南中分仪器股份有限公司,2014,2014-07-01,"['谢青', '丁亭亭']"
IPO,,北京博得交通设备股份有限公司,2014,2014-07-01,"['安洪滨', '崔静欣']"
IPO,,中博农畜牧科技股份有限公司,2014,2014-07-01,"['刘兴武', '于德强']"
IPO,,金浦新材料股份有限公司,2014,2014-07-01,"['罗东先', '余琳']"
IPO,,北京天和众邦勘探技术股份有限公司,2014,2014-07-01,"['张承军', '杨卫国']"
IPO,,安世亚太科技股份有限公司,2014,2014-07-01,"['童登书', '刘小峰']"
IPO,,台衡精密测控(昆山)股份有限公司,2014,2014-07-01,"['李东昕', '王书阁']"
IPO,,网神信息技术(北京)股份有限公司,2014,2014-07-01,"['刘剑华', '汤其美']"
IPO,,山东国信环境系统股份有限公司,2014,2014-07-01,"['毕强', '谢吉平']"
IPO,,上海相宜本草化妆品股份有限公司,2014,2014-07-01,"['巫志声', '胡基', '严波']"
IPO,,淮北矿业股份有限公司,2014,2014-07-01,"['潘峰', '黄亚琼', '熊明峰']"
IPO,,江苏远洋东泽电缆股份有限公司,2014,2014-07-01,"['宋军', '林雷']"
IPO,,平安电气股份有限公司,2014,2014-07-01,"['李永利', '魏五军']"
IPO,,上海未来宽带技术股份有限公司,2014,2014-07-01,"['刘文华', '吴焕明']"
IPO,,中交通力建设股份有限公司,2014,2014-07-01,"['邵芳贤', '杨光宇']"
IPO,,武汉中科创新技术股份有限公司,2014,2014-08-08,"['伍志超', '彭全明']"
IPO,,浙江银宇纺织股份有限公司,2014,2014-09-05,"['林鹏飞', '郭文令']"
IPO,,安徽皖垦种业股份有限公司,2014,2014-09-12,"['占铁华', '熊明峰', '陈君']"
IPO,,北京正和工程装备服务股份有限公司,2014,2014-09-19,"['张晓义', '王海弟']"
IPO,,麦特汽车服务股份有限公司,2014,2014-09-26,"['张军书', '郭顺玺']"
IPO,,雷迪波尔服饰股份有限公司,2014,2014-10-11,"['姚辉', '杨景欣', '陈勇', '华毅鸿']"
IPO,,上海兰宝传感科技股份有限公司,2014,2014-10-11,"['程端世', '胡笳妮']"
IPO,,杭州千岛湖鲟龙科技股份有限公司,2014,2014-10-11,"['谢卉', '李彦伟']"
IPO,,长春普华制药股份有限公司,2014,2014-10-11,"['张鸿彦', '黄羽']"
IPO,,聚信国际租赁股份有限公司,2014,2014-10-17,"['朱耀中', '潘留焱']"
IPO,,广东百合医疗科技股份有限公司,2014,2014-10-24,"['张宁', '刘国棣']"
IPO,,新疆亚中机电销售租赁股份有限公司,2014,2014-11-14,"['张云鹤', '齐晓丽']"
IPO,,深圳市和宏实业股份有限公司,2014,2014-11-14,"['洪文伟', '陈丹燕']"
IPO,,华澳轮胎设备科技(苏州)股份有限公司,2014,2014-11-14,"['刘桢', '李振翮']"
IPO,,昆明积大制药股份有限公司,2014,2014-11-21,"['张为', '朱法欢']"
IPO,,合容电气股份有限公司,2014,2014-11-21,"['王需如', '李民']"
IPO,,上海戈冉泊精模科技股份有限公司,2014,2014-11-21,"['张琦', '邵良明']"
IPO,,四三九九网络股份有限公司,2014,2014-12-19,"['陈昭', '刘远帅']"
IPO,,沈阳鼓风机集团股份有限公司,2014,2014-12-25,"['宫国超', '王丽艳', '杨爱华']"
IPO,,南京倍立达新材料系统工程股份有限公司,2014,2014-12-26,"['张晓荣', '石东骏']"
IPO,,浙江科维节能技术股份有限公司,2014,2014-12-26,"['李惠丰', '钟建栋', '杜娜']"
IPO,,黑旋风锯业股份有限公司,2014,2014-12-26,"['苗策', '于春娟']"
IPO,,东莞市中泰模具股份有限公司,2015,2015-01-09,"['谢军', '王艳宾']"
IPO,,福家欢食品股份有限公司,2015,2015-01-09,"['王旭彬', '张腾']"
IPO,,湖南空港实业股份有限公司,2015,2015-01-09,"['李永利', '孙剑']"
IPO,,深圳雷杜生命科学股份有限公司,2015,2015-01-09,"['方建新', '陈瑜星']"
IPO,,汇绿园林建设股份有限公司,2015,2015-01-12,"['毕强', '谢吉平']"
IPO,,佳化化学股份有限公司,2015,2015-01-15,"['吴世昌', '胡永波']"
IPO,,杭州科利化工股份有限公司,2015,2015-01-22,"['沈利刚', '凌燕']"
IPO,,福建海峡科化股份有限公司,2015,2015-01-23,"['马静', '张建华', '童益恭', '江叶瑜']"
IPO,,重庆超力高科技股份有限公司,2015,2015-01-30,"['张凯', '李斌']"
IPO,,苏州蜗牛数字科技股份有限公司,2015,2015-03-06,"['高建斌', '林晓帆', '张全心', '朱艳', '赵婷婷']"
IPO,,沈阳远大压缩机股份有限公司,2015,2015-03-11,"['杨如生', '谌友良']"
IPO,,广东天波信息技术科技股份有限公司,2015,2015-03-25,"['杨熹', '张兴']"
IPO,,西安万隆制药股份有限公司,2015,2015-03-25,"['黄丽琼', '方建军']"
IPO,,重庆市伟岸测器制造股份有限公司,2015,2015-03-25,"['罗建平', '赵红梅']"
IPO,,深圳深爱半导体股份有限公司,2015,2015-03-27,"['范江群', '邱志强']"
IPO,,山东一滕新材料股份有限公司,2015,2015-03-31,"['邱俊洲', '高德惠']"
IPO,,黑龙江长和化工股份有限公司,2015,2015-04-01,"['裴志军', '王君']"
IPO,,四川金象赛瑞化工股份有限公司,2015,2015-04-01,"['郭东超', '廖继平']"
IPO,,北京富泰革基布股份有限公司,2015,2015-04-01,"['蔡晓丽', '王首一']"
IPO,,山西普德药业股份有限公司,2015,2015-04-01,"['戴定毅', '陈俭']"
IPO,,迈普通信技术股份有限公司,2015,2015-04-01,"['罗东先', '唐松柏']"
IPO,,长沙长泰机械股份有限公司,2015,2015-04-01,"['潘帅', '张伟']"
IPO,,惠州元晖光电股份有限公司,2015,2015-04-08,"['陈晓华', '韩坚']"
IPO,,北京北广科技股份有限公司,2015,2015-04-08,"['潘帅', '董旭']"
IPO,,湖南鑫广安农牧股份有限公司,2015,2015-04-08,"['张富根', '黄萍']"
IPO,,合肥东方节能科技股份有限公司,2015,2015-04-09,"['马章松', '孙涛']"
IPO,,广东天波信息技术股份有限公司,2015,2015-04-10,"['杨熹', '张兴']"
IPO,,陕西飞轮高铁装备股份有限公司,2015,2015-04-17,"['徐秉惠', '张东鹤']"
IPO,,洛阳兰迪玻璃机器股份有限公司,2015,2015-04-17,"['郭晋龙', '夏伟']"
IPO,,广东壮丽彩印股份有限公司,2015,2015-04-20,"['胡志刚', '范荣']"
IPO,,山东天力干燥股份有限公司,2015,2015-05-07,"['毕强', '刘玉显']"
IPO,,沈阳隆基电磁科技股份有限公司,2015,2015-05-08,"['刘鹏云', '王道仁']"
IPO,,成都尼毕鲁科技股份有限公司,2015,2015-05-08,"['袁勇敏', '顾兆峰']"
IPO,,浙江环新氟材料股份有限公司,2015,2015-05-08,"['李惠丰', '孙峰']"
IPO,,浙江永泰隆电子股份有限公司,2015,2015-05-15,"['徐殷鹏', '倪元飞']"
IPO,,新乡日升数控轴承装备股份有限公司,2015,2015-05-18,"['乐超军', '刘文豪']"
IPO,,浙江天达环保股份有限公司,2015,2015-05-21,"['葛徐', '江娟']"
IPO,,楚源高新科技集团股份有限公司,2015,2015-05-22,"['刘庆国', '张晓义']"
IPO,,北京泰德制药股份有限公司,2015,2015-05-22,"['李惠琦', '倪军']"
IPO,,昆山华恒焊接股份有限公司,2015,2015-05-25,"['伍敏', '郑欢成']"
IPO,,凤凰都市传媒科技股份有限公司,2015,2015-05-28,"['朱子武', '杨涟']"
IPO,,浙江优创材料科技股份有限公司,2015,2015-05-29,"['朱伟', '张建新']"
IPO,,南京倍立达新材料系统工程股份有限公司,2015,2015-06-05,"['张晓荣', '石东骏']"
IPO,,海湾环境科技(北京)股份有限公司,2015,2015-06-05,"['涂振连', '陈勇']"
IPO,,浙江瑞能通信科技股份有限公司,2015,2015-06-05,"['倪国君', '何林飞']"
IPO,,申龙电梯股份有限公司,2015,2015-06-08,"['赵海荣', '周小民']"
IPO,,东莞台一盈拓科技股份有限公司,2015,2015-06-12,"['骆竞', '吕丛平']"
IPO,,科迈化工股份有限公司,2015,2015-06-12,"['冯万奇', '丁彭凯']"
IPO,,深圳市宏电技术股份有限公司,2015,2015-06-12,"['高德惠', '邱俊洲']"
IPO,,上海新诤信知识产权服务股份有限公司,2015,2015-06-12,"['吴蓉', '黄洁']"
IPO,,浙江诺特健康科技股份有限公司,2015,2015-06-12,"['徐殷鹏', '倪元飞']"
IPO,,深圳西龙同辉技术股份有限公司,2015,2015-06-12,"['巫杨华', '高军磊']"
IPO,,辽宁振隆特产股份有限公司,2015,2015-06-15,"['候立勋', '肖捷']"
IPO,,舟山港股份有限公司,2015,2015-06-18,"['吕苏阳', '罗训超']"
IPO,,上海浦江缆索股份有限公司,2015,2015-06-19,"['林雷', '沈建华']"
IPO,,上海蓝科建筑减震科技股份有限公司,2015,2015-06-19,"['谢贤庆', '鲁立']"
IPO,,南京中油恒燃石油燃气股份有限公司,2015,2015-06-25,"['俞俊雄', '文娜杰']"
IPO,,新疆银隆农业国际合作股份有限公司,2015,2015-06-26,"['郑丽惠', '蔡斌']"
IPO,,自贡华气科技股份有限公司,2015,2015-06-26,"['杨建强', '胡丽梅']"
IPO,,上海智马传媒集团股份有限公司,2015,2015-06-26,"['傅映红', '时彦禄']"
IPO,,山东华盛中天机械集团股份有限公司,2015,2015-07-01,"['张志良', '张月敏']"
IPO,,北京派特罗尔油田服务股份公司,2015,2015-07-01,"['谢青', '竺晔']"
IPO,,勇猛机械股份有限公司,2015,2015-07-03,"['刘海山', '陈丽芳']"
IPO,,北京光耀能源技术股份有限公司,2015,2015-07-03,"['汪吉军', '乔国刚']"
IPO,,北京高威科电气技术股份有限公司,2015,2015-07-03,"['张克东', '陈军']"
IPO,,南京圣和药业股份有限公司,2015,2015-07-03,"['周家文', '林雷']"
IPO,,南京磐能电力科技股份有限公司,2015,2015-07-03,"['荆建明', '汪焕新']"
IPO,,广东东江畜牧股份有限公司,2015,2015-07-03,"['杨安杰', '徐丹']"
IPO,,徽商银行股份有限公司,2015,2015-07-03,"['马颖旎', '周莹']"
IPO,,江苏河马井股份有限公司,2015,2015-07-03,"['郑晓东', '丛敬']"
IPO,,深圳市海明润超硬材料股份有限公司,2015,2015-07-03,"['屈先富', '黄琼']"
IPO,,北京硕人时代科技股份有限公司,2015,2015-07-03,"['冯万奇', '高凯']"
IPO,,四川金星清洁能源装备股份有限公司,2015,2015-07-03,"['邱鸿', '陈洪涛']"
IPO,,安徽华辰造纸网股份有限公司,2015,2015-07-03,"['周珊珊', '程纯']"
IPO,,安徽实华工程技术股份有限公司,2015,2015-07-03,"['周学民', '文冬梅']"
IPO,,成都索贝数码科技股份有限公司,2015,2015-07-03,"['陈晓祥', '张凌婕']"
IPO,,新疆格瑞迪斯石油技术股份有限公司,2015,2015-07-03,"['韩景利', '姜照东']"
IPO,,西安华晶电子技术股份有限公司,2015,2015-07-03,"['常晓波', '薛永东']"
IPO,,西藏国策环保科技股份有限公司,2015,2015-07-03,"['刘涛', '王文春']"
IPO,,九圣禾种业股份有限公司,2015,2015-07-03,"['刘耀辉', '薛祈明']"
IPO,,广东万昌印刷包装股份有限公司,2015,2015-07-03,"['刘杰生', '梁肖林']"
IPO,,广东骏丰频谱股份有限公司,2015,2015-07-03,"['何国铨', '刘清']"
IPO,,北京海鑫科金高科技股份有限公司,2015,2015-07-07,"['韩景利', '姜照东']"
IPO,,山东博润工业技术股份有限公司,2015,2015-07-20,"['罗炳勤', '赵卫华']"
IPO,,上海戈冉泊精模科技股份有限公司,2015,2015-07-23,"['张琦', '邵良明']"
IPO,,福建省三奥信息科技股份有限公司,2015,2015-09-22,"['童益恭', '肖军']"
IPO,,江苏三恒科技股份有限公司,2015,2015-09-25,"['荆建明', '陈腊梅']"
IPO,,江苏丹毛纺织股份有限公司,2015,2015-10-13,"['詹从才', '陈玉生', '范明华', '吴恒青']"
IPO,,同方环境股份有限公司,2015,2015-10-13,"['张克东', '刘宇']"
IPO,,深圳市广宁股份有限公司,2015,2015-11-13,"['张晓义', '王海第']"
IPO,,重庆圣华曦药业股份有限公司,2015,2015-11-13,"['龙文虎', '梁正勇']"
IPO,,河南润弘制药股份有限公司,2015,2015-11-13,"['杨轶辉', '王权生']"
IPO,,哈尔滨银行股份有限公司,2015,2015-11-13,"['严盛炜', '陈胜']"
IPO,,嘉宝莉化工集团股份有限公司,2015,2015-11-13,"['吉争雄', '刘火旺']"
IPO,,广东粤新海洋工程装备股份有限公司,2015,2015-11-13,"['王韶华', '谭灏']"
IPO,,大连万达商业地产股份有限公司,2015,2015-11-13,"['付丽君', '杨卫国']"
IPO,,广州富力地产股份有限公司,2015,2015-11-13,"['王建民', '蔡洁瑜']"
IPO,,东莞市雄林新材料科技股份有限公司,2015,2015-11-13,"['赵斌', '孟庆祥']"
IPO,,深圳市金威源科技股份有限公司,2015,2015-11-13,"['屈先富', '韩雁光', '扶交亮']"
IPO,,江阴润玛电子材料股份有限公司,2015,2015-11-13,"['朱伟', '张建新', '凌宁波']"
IPO,,北京友缘在线网络科技股份有限公司,2015,2015-11-13,"['张昆', '宋刚']"
IPO,,深圳华龙讯达信息技术股份有限公司,2015,2015-11-13,"['陈志刚', '张磊']"
IPO,,上海波克城市网络科技股份有限公司,2015,2015-11-13,"['张扬', '耿磊']"
IPO,,京博农化科技股份有限公司,2015,2015-11-13,"['吴之星', '张利法']"
IPO,,河南蓝信科技股份有限公司,2015,2015-11-13,"['杨东升', '李花', '吴雪', '赵立卿']"
IPO,,柳州欧维姆机械股份有限公司,2015,2015-11-13,"['苗策', '薛东升']"
IPO,,湖南金叶众望科技股份有限公司,2015,2015-11-23,"['孙益文', '刘辉']"
IPO,,新丽传媒股份有限公司,2015,2015-11-24,"['汤其美', '刘剑华']"
IPO,,真彩文具股份有限公司,2015,2015-11-25,"['肖瑞峰', '吴志辉']"
IPO,,盛京银行股份有限公司,2015,2015-11-27,"['金乃雯', '张品']"
IPO,,上海文华财经资讯股份有限公司,2015,2015-11-27,"['周琪', '邵振宇']"
IPO,,湘潭宏大真空技术股份有限公司,2015,2015-11-30,"['章为纲', '章天赐']"
IPO,,青岛华瑞汽车零部件股份有限公司,2015,2015-12-04,"['章为纲', '章天赐']"
IPO,,浙江蓝天求是环保股份有限公司,2015,2015-12-04,"['李惠丰', '邓红玉']"
IPO,,上海云视科技股份有限公司,2015,2015-12-11,"['李萍', '钟焕秀']"
IPO,,智业软件股份有限公司,2015,2015-12-11,"['廖屹峰', '滕培彬', '江美红', '陈益龙']"
IPO,,北京翰林航宇科技发展股份公司,2015,2015-12-11,"['章顺文', '柴喜峰']"
IPO,,成都阜特科技股份有限公司,2015,2015-12-11,"['刘彬文', '时斌']"
IPO,,千乘影视股份有限公司,2015,2015-12-17,"['翁伟', '孙敏', '董妍燕']"
IPO,,安徽广印堂中药股份有限公司,2015,2015-12-18,"['王友业', '强桂英']"
IPO,,常州市钱璟康复股份有限公司,2015,2015-12-18,"['沈培强', '戚铁桥']"
IPO,,山东鲁南新材料股份有限公司,2015,2015-12-18,"['罗军', '崔迎']"
IPO,,广州华苑园林股份有限公司,2015,2015-12-18,"['冼宏飞', '关文源']"
IPO,,四川里伍铜业股份有限公司,2015,2015-12-21,"['周琪', '钱骁玲', '姚辉', '杨志平']"
IPO,,北京瑞友科技股份有限公司,2015,2015-12-22,"['许培梅', '赵斌']"
IPO,,苏州华电电气股份有限公司,2015,2015-12-25,"['冯万奇', '丁彭凯']"
IPO,,尚格会展股份有限公司,2015,2015-12-25,"['张希文', '李振华', '杨小琴']"
IPO,,苏州金枪新材料股份有限公司,2015,2015-12-25,"['龚新海', '沙曙东']"
IPO,,哈尔滨城林科技股份有限公司,2015,2015-12-25,"['周海涛', '赵学斌']"
IPO,,深圳市众鸿科技股份有限公司,2015,2015-12-25,"['陈志刚', '李立令']"
IPO,,同策房产咨询股份有限公司,2015,2015-12-25,"['唐国骏', '张盈']"
IPO,,上海新农饲料股份有限公司,2015,2015-12-25,"['刘云', '郑凌云']"
IPO,,福建永德吉灯业股份有限公司,2015,2015-12-25,"['刘延东', '王永平']"
IPO,,上海林果实业股份有限公司,2016,2016-01-08,"['刘燃', '杨宏']"
IPO,,浙江时代电影院线股份有限公司,2016,2016-01-08,"['李德勇', '梁志勇', '任成', '李晓晓']"
IPO,,广东波斯科技股份有限公司,2016,2016-01-08,"['周俊祥', '陈勇']"
IPO,,江苏剑牌农化股份有限公司,2016,2016-01-08,"['孙伟', '王伟庆']"
IPO,,浙江绩丰岩土技术股份有限公司,2016,2016-01-08,"['苏洋', '林汉波']"
IPO,,天津华迈燃气装备股份有限公司,2016,2016-01-08,"['韩景利', '姜照东']"
IPO,,北京新水源景科技股份有限公司,2016,2016-01-08,"['陈晓华', '胡永波']"
IPO,,深圳市鸿效节能股份有限公司,2016,2016-01-08,"['陈志刚', '张磊']"
IPO,,山东海湾吊装工程股份有限公司,2016,2016-01-08,"['赵卫华', '孟庆福']"
IPO,,中国南航集团文化传媒股份有限公司,2016,2016-01-21,"['王需如', '任德军']"
IPO,,金辉集团股份有限公司,2016,2016-01-29,"['胡素萍', '陈思荣']"
IPO,,美联钢结构建筑系统(上海)股份有限公司,2016,2016-03-03,"['王恒忠', '王龙旷']"
IPO,,成都环美园林生态股份有限公司,2016,2016-03-11,"['阮响华', '李元良']"
IPO,,上海悉地工程设计顾问股份有限公司,2016,2016-03-25,"['肖峰', '饶盛华']"
IPO,,安佑生物科技集团股份有限公司,2016,2016-03-25,"['邱俊洲', '曾星']"
IPO,,浙江金龙电机股份有限公司,2016,2016-03-25,"['谢贤庆', '鲁立', '沈玉峰']"
IPO,,信利光电股份有限公司,2016,2016-03-25,"['杨誉民', '肖静华']"
IPO,,江苏和时利新材料股份有限公司,2016,2016-03-25,"['杨林', '朱丽军']"
IPO,,生迪光电科技股份有限公司,2016,2016-04-01,"['孙文军', '沈云强']"
IPO,,陕西西凤酒股份有限公司,2016,2016-04-01,"['谢骞', '任智磊']"
IPO,,千乘影视股份有限公司,2016,2016-04-05,"['翁伟', '孙敏', '董妍燕']"
IPO,,北京巅峰智业旅游文化创意股份有限公司,2016,2016-04-06,"['郝丽江', '杨倩']"
IPO,,上海云视科技股份有限公司,2016,2016-04-07,"['李萍', '钟焕秀']"
IPO,,新疆银隆农业国际合作股份有限公司,2016,2016-04-07,"['郑丽惠', '蔡斌']"
IPO,,北京格林伟迪科技股份有限公司,2016,2016-04-08,"['刘洪跃', '孙冬梅']"
IPO,,上海阿波罗机械股份有限公司,2016,2016-04-08,"['李耀忠', '赵小刚']"
IPO,,威海市商业银行股份有限公司,2016,2016-04-08,"['赵斌', '孟庆祥', '徐海军', '李延林']"
IPO,,北京光耀能源技术股份有限公司,2016,2016-04-19,"['汪吉军', '乔国刚']"
IPO,,楚源高新科技集团股份有限公司,2016,2016-04-19,"['刘庆国', '张晓义']"
IPO,,黑旋风锯业股份有限公司,2016,2016-04-21,"['苗策', '于春娟']"
IPO,,广州流行美时尚商业股份有限公司,2016,2016-04-22,"['杨克晶', '禤文欣']"
IPO,,浙江科惠医疗器械股份有限公司,2016,2016-04-22,"['李惠丰', '邓红玉']"
IPO,,虎扑(上海)文化传播股份有限公司,2016,2016-04-22,"['胡建军', '金晓']"
IPO,,杭州千岛湖鲟龙科技股份有限公司,2016,2016-04-22,"['谢卉', '佟环']"
IPO,,西安万隆制药股份有限公司,2016,2016-04-22,"['黄丽琼', '方建军']"
IPO,,湘潭宏大真空技术股份有限公司,2016,2016-04-25,"['章为纲', '章天赐']"
IPO,,深圳市众鸿科技股份有限公司,2016,2016-04-25,"['陈志刚', '李立令']"
IPO,,沈阳隆基电磁科技股份有限公司,2016,2016-04-25,"['刘鹏云', '王道仁']"
IPO,,博拉网络股份有限公司,2016,2016-04-29,"['唐湘衡', '袁丁']"
IPO,,上海复医天健医疗服务产业股份有限公司,2016,2016-04-29,"['杨文惠', '高冲']"
IPO,,昆明积大制药股份有限公司,2016,2016-05-06,"['张为', '朱法欢']"
IPO,,北京新宇合创金融软件股份有限公司,2016,2016-05-06,"['匡敏', '何航']"
IPO,,吉林科龙建筑节能科技股份有限公司,2016,2016-05-06,"['刘明泉', '凌忠峰']"
IPO,,广州明朝互动科技股份有限公司,2016,2016-05-06,"['王旭彬', '张腾']"
IPO,,湖南金叶众望科技股份有限公司,2016,2016-05-11,"['孙益文', '刘辉']"
IPO,,深圳市联嘉祥科技股份有限公司,2016,2016-05-13,"['廖家河', '冯雪']"
IPO,,无锡金鑫集团股份有限公司,2016,2016-05-13,"['李细辉', '周关']"
IPO,,海宁中国家纺城股份有限公司,2016,2016-05-13,"['朱艳', '卢鑫']"
IPO,,广东宝贝儿婴童用品股份有限公司,2016,2016-05-13,"['范荣', '胡志刚']"
IPO,,江苏新世纪江南环保股份有限公司,2016,2016-05-20,"['张恩军', '吴亦忻']"
IPO,,广东科茂林产化工股份有限公司,2016,2016-05-20,"['贺春海', '陈莹']"
IPO,,迈奇化学股份有限公司,2016,2016-05-20,"['冯宏志', '李冰']"
IPO,,蚌埠市双环电子集团股份有限公司,2016,2016-05-27,"['周学民', '汪吉军']"
IPO,,深圳市宏电技术股份有限公司,2016,2016-05-31,"['高德惠', '邱俊洲']"
IPO,,武汉中科创新技术股份有限公司,2016,2016-05-31,"['伍志超', '彭全明']"
IPO,,上海兰宝传感科技股份有限公司,2016,2016-06-03,"['程端世', '黄特']"
IPO,,北京正和工程装备服务股份有限公司,2016,2016-06-03,"['张晓义', '王海弟']"
IPO,,泉州佰源机械科技股份有限公司,2016,2016-06-03,"['刘见生', '方莉']"
IPO,,深圳市银河表计股份有限公司,2016,2016-06-03,"['廖屹峰', '滕培彬', '陈志坚', '刘剑']"
IPO,,菱王电梯股份有限公司,2016,2016-06-03,"['王旭彬', '张腾']"
IPO,,广州九毛九餐饮连锁股份有限公司,2016,2016-06-03,"['李立影', '李斌']"
IPO,,浙江中山化工集团股份有限公司,2016,2016-06-03,"['李惠丰', '钟建栋', '王克平']"
IPO,,北京聚利科技股份有限公司,2016,2016-06-03,"['陈勇波', '王娜']"
IPO,,龙宝参茸股份有限公司,2016,2016-06-03,"['林国雄', '景彩子', '唐伟']"
IPO,,嘉宝莉化工集团股份有限公司,2016,2016-06-15,"['吉争雄', '刘火旺']"
IPO,,克拉玛依新科澳石油天然气技术股份有限公司,2016,2016-06-17,"['殷宪锋', '李莉']"
IPO,,深圳时代装饰股份有限公司,2016,2016-06-17,"['宣宜辰', '付忠伟']"
IPO,,湘北威尔曼制药股份有限公司,2016,2016-06-17,"['汤加全', '夏先锋']"
IPO,,北京英博电气股份有限公司,2016,2016-06-17,"['毕强', '唐守东']"
IPO,,四川圣迪乐村生态食品股份有限公司,2016,2016-06-17,"['郭东超', '胡如昌']"
IPO,,广东海纳川生物科技股份有限公司,2016,2016-06-17,"['姚静', '徐继宏']"
IPO,,广东百合医疗科技股份有限公司,2016,2016-06-17,"['张宁', '刘国棣']"
IPO,,石家庄优创科技股份有限公司,2016,2016-06-17,"['杨敢林', '陈恒志', '魏志华', '于建波']"
IPO,,矽时代材料科技股份有限公司,2016,2016-06-17,"['朱伟峰', '赵国梁']"
IPO,,上海十月妈咪网络股份有限公司,2016,2016-06-17,"['陈晓华', '韩坚']"
IPO,,南京磐能电力科技股份有限公司,2016,2016-06-20,"['荆建明', '汪焕新']"
IPO,,山西紫林醋业股份有限公司,2016,2016-06-24,"['朱锦梅', '张辉策']"
IPO,,北京心物裂帛电子商务股份有限公司,2016,2016-06-24,"['黄迎', '宗承勇']"
IPO,,北京怡成生物电子技术股份有限公司,2016,2016-06-24,"['王友业', '强桂英']"
IPO,,广州多益网络股份有限公司,2016,2016-06-24,"['李勇', '陈永标']"
IPO,,广州市明道灯光科技股份有限公司,2016,2016-06-24,"['刘火旺', '杨诗学']"
IPO,,易百信息技术(上海)股份有限公司,2016,2016-06-24,"['潘莉华', '江强', '王亮']"
IPO,,江苏联动轴承股份有限公司,2016,2016-06-24,"['高飞', '徐敏骏']"
IPO,,江苏金太阳纺织科技股份有限公司,2016,2016-06-24,"['黄继佳', '刘木勇']"
IPO,,浙江三锋实业股份有限公司,2016,2016-06-24,"['钱仲先', '俞辛文']"
IPO,,深圳市深赛尔股份有限公司,2016,2016-06-24,"['龙湖川', '丘运良']"
IPO,,深圳泰克威云储科技股份有限公司,2016,2016-06-24,"['朱中伟', '丁素军']"
IPO,,四三九九网络股份有限公司,2016,2016-06-29,"['陈昭', '刘远帅']"
IPO,,上海思华科技股份有限公司,2016,2016-06-29,"['胡建军', '石斌全']"
IPO,,上海基美文化传媒股份有限公司,2016,2016-06-29,"['封磊', '谭红梅']"
IPO,,国金黄金股份有限公司,2016,2016-07-01,"['何降星', '金敬玉']"
IPO,,山东省互联网传媒集团股份有限公司,2016,2016-07-01,"['王传顺', '江涛']"
IPO,,常州华科聚合物股份有限公司,2016,2016-07-01,"['肖菲', '徐萍']"
IPO,,杭州致瑞传媒股份有限公司,2016,2016-07-01,"['翁伟', '陈瑛瑛']"
IPO,,江苏东强股份有限公司,2016,2016-07-01,"['林雷', '李来民']"
IPO,,江苏蓝电环保股份有限公司,2016,2016-07-01,"['程志刚', '吕安吉']"
IPO,,苏州吉人高新材料股份有限公司,2016,2016-07-01,"['陈金波', '陈志岗']"
IPO,,长虹塑料集团英派瑞塑料股份有限公司,2016,2016-07-01,"['吕瑛群', '郭云华']"
IPO,,厦门日懋城建园林建设股份有限公司,2016,2016-07-01,"['熊永忠', '杨新春']"
IPO,,上海洁昊环保股份有限公司,2016,2016-07-01,"['胡建军', '周垚']"
IPO,,和力辰光国际文化传媒(北京)股份有限公司,2016,2016-07-01,"['黄元喜', '宋鑫']"
IPO,,广州市汇美时尚集团股份有限公司,2016,2016-07-01,"['洪文伟', '郭小军']"
IPO,,江苏利田科技股份有限公司,2016,2016-07-01,"['宋长发', '徐春']"
IPO,,江苏华灿电讯股份有限公司,2016,2016-07-01,"['诸旭敏', '何卫明']"
IPO,,深圳市三诺声智联股份有限公司,2016,2016-07-01,"['郑立红', '田景亮']"
IPO,,深圳市嘉力达节能科技股份有限公司,2016,2016-07-01,"['张晓义', '刘吉良', '王海第', '田燕萍']"
IPO,,沈阳鼓风机集团股份有限公司,2016,2016-07-11,"['宫国超', '王丽艳', '杨爱华']"
IPO,,雷迪波尔服饰股份有限公司,2016,2016-07-14,"['姚辉', '杨景欣', '陈勇', '华毅鸿']"
IPO,,聚信国际租赁股份有限公司,2016,2016-07-15,"['朱耀中', '潘留焱']"
IPO,,广东万昌印刷包装股份有限公司,2016,2016-07-22,"['刘杰生', '梁肖林']"
IPO,,合肥市百胜科技发展股份有限公司,2016,2016-08-03,"['潘峰', '王静', '黄敬臣']"
IPO,,真彩文具股份有限公司,2016,2016-08-03,"['肖瑞峰', '吴志辉']"
IPO,,广东粤新海洋工程装备股份有限公司,2016,2016-08-03,"['王韶华', '谭灏']"
IPO,,山东鲁南新材料股份有限公司,2016,2016-08-03,"['罗军', '崔迎']"
IPO,,长春普华制药股份有限公司,2016,2016-08-08,"['张鸿彦', '黄羽']"
IPO,,如意情生物科技股份有限公司,2016,2016-08-26,"['卢娅萍', '王润']"
IPO,,珠海元盛电子科技股份有限公司,2016,2016-08-26,"['程银春', '王明丽']"
IPO,,深圳市海明润超硬材料股份有限公司,2016,2016-08-28,"['屈先富', '黄琼']"
IPO,,新疆亚中机电销售租赁股份有限公司,2016,2016-08-29,"['张云鹤', '齐晓丽']"
IPO,,山东华盛中天机械集团股份有限公司,2016,2016-08-29,"['张志良', '张月敏']"
IPO,,广东碧桂园物业服务股份有限公司,2016,2016-09-09,"['陈耘涛', '陈志明']"
IPO,,成都尼毕鲁科技股份有限公司,2016,2016-09-19,"['袁勇敏', '顾兆峰']"
IPO,,合容电气股份有限公司,2016,2016-09-19,"['王需如', '李民']"
IPO,,广东秋盛资源股份有限公司,2016,2016-09-19,"['巩启春', '李洪']"
IPO,,北京信诺传播顾问股份有限公司,2016,2016-09-20,"['纪玉红', '李成林']"
IPO,,浙江环新氟材料股份有限公司,2016,2016-09-20,"['李惠丰', '孙峰']"
IPO,,武汉云克隆科技股份有限公司,2016,2016-09-23,"['王明璀', '马玲']"
IPO,,重庆广电数字传媒股份有限公司,2016,2016-09-23,"['李青龙', '文永丽']"
IPO,,厦门新立基股份有限公司,2016,2016-09-30,"['林庆瑜', '张采']"
IPO,,江苏天智互联科技股份有限公司,2016,2016-09-30,"['闵志强', '崔爱萍']"
IPO,,广东东江畜牧股份有限公司,2016,2016-10-11,"['杨安杰', '徐丹']"
IPO,,四川金星清洁能源装备股份有限公司,2016,2016-10-11,"['邱鸿', '陈洪涛']"
IPO,,上海浦江缆索股份有限公司,2016,2016-10-11,"['林雷', '沈建华']"
IPO,,新疆格瑞迪斯石油技术股份有限公司,2016,2016-10-11,"['韩景利', '姜照东']"
IPO,,安徽泰达新材料股份有限公司,2016,2016-10-14,"['廖传宝', '高平', '徐林']"
IPO,,成都航天模塑股份有限公司,2016,2016-10-14,"['崔腾', '张永刚']"
IPO,,常州恐龙园股份有限公司,2016,2016-10-14,"['王亮', '吴晓蕊']"
IPO,,安徽扬子地板股份有限公司,2016,2016-10-14,"['张全心', '施琪璋', '朱浩']"
IPO,,扬州曙光电缆股份有限公司,2016,2016-10-14,"['覃业庆', '朱文岳']"
IPO,,深圳市和宏实业股份有限公司,2016,2016-10-14,"['洪文伟', '陈丹燕']"
IPO,,福家欢食品股份有限公司,2016,2016-10-20,"['王旭彬', '张腾']"
IPO,,北京北广科技股份有限公司,2016,2016-10-20,"['潘帅', '董旭']"
IPO,,青岛华瑞汽车零部件股份有限公司,2016,2016-10-20,"['章为纲', '章天赐']"
IPO,,自贡华气科技股份有限公司,2016,2016-10-20,"['杨建强', '胡丽梅']"
IPO,,广州华苑园林股份有限公司,2016,2016-10-20,"['冼宏飞', '关文源']"
IPO,,上海新诤信知识产权服务股份有限公司,2016,2016-10-27,"['吴蓉', '黄洁']"
IPO,,浙江永泰隆电子股份有限公司,2016,2016-10-28,"['徐殷鹏', '何前']"
IPO,,南京倍立达新材料系统工程股份有限公司,2016,2016-11-04,"['张晓荣', '石东骏']"
IPO,,深圳市丽晶光电科技股份有限公司,2016,2016-11-04,"['杨轶辉', '王权生']"
IPO,,安徽广印堂中药股份有限公司,2016,2016-11-11,"['王友业', '强桂英']"
IPO,,东莞市雄林新材料科技股份有限公司,2016,2016-11-11,"['赵斌', '孟庆祥']"
IPO,,华澳轮胎设备科技(苏州)股份有限公司,2016,2016-11-11,"['刘桢', '李振翮']"
IPO,,安徽实华工程技术股份有限公司,2016,2016-11-11,"['周学民', '文冬梅']"
IPO,,江苏申利实业股份有限公司,2016,2016-11-11,"['张国华', '石朝霞']"
IPO,,首创置业股份有限公司,2016,2016-11-18,"['陈静', '刘佳']"
IPO,,西安华晶电子技术股份有限公司,2016,2016-11-28,"['常晓波', '王锋革']"
IPO,,珠海市赛纬电子材料股份有限公司,2016,2016-12-02,"['王远', '刘展强']"
IPO,,北京硕人时代科技股份有限公司,2016,2016-12-05,"['冯万奇', '高凯']"
IPO,,北京泰德制药股份有限公司,2016,2016-12-06,"['李惠琦', '傅智勇']"
IPO,,大连华信计算机技术股份有限公司,2016,2016-12-09,"['刘璐', '王松']"
IPO,,江西汇仁药业股份有限公司,2016,2016-12-09,"['李惠丰', '朱作武']"
IPO,,江阴润玛电子材料股份有限公司,2016,2016-12-13,"['朱伟', '张建新']"
IPO,,深圳华龙讯达信息技术股份有限公司,2016,2016-12-13,"['陈志刚', '张磊']"
IPO,,安徽华辰造纸网股份有限公司,2016,2016-12-14,"['周珊珊', '程纯']"
IPO,,深圳市金威源科技股份有限公司,2016,2016-12-14,"['屈先富', '韩雁光', '扶交亮']"
IPO,,北京中矿环保科技股份有限公司,2016,2016-12-15,"['何晓明', '啜公明']"
IPO,,浙江瑞翌新材料科技股份有限公司,2016,2016-12-16,"['于薇薇', '黄继佳']"
IPO,,长威信息科技发展股份有限公司,2016,2016-12-16,"['梁烽', '陈芝莲']"
IPO,,中国华融资产管理股份有限公司,2016,2016-12-23,"['景宜青', '赵耀']"
IPO,,毛戈平化妆品股份有限公司,2016,2016-12-23,"['盛伟明', '高丽']"
IPO,,浙江鸿禧能源股份有限公司,2016,2016-12-23,"['李惠丰', '钟建栋', '王克平']"
IPO,,浩德科技股份有限公司,2016,2016-12-23,"['唐慧珏', '张晓荣']"
IPO,,温州康宁医院股份有限公司,2016,2016-12-23,"['孔昱', '刘伊敏']"
IPO,,西藏新博美商业管理连锁股份有限公司,2016,2016-12-23,"['杨建强', '孙波', '林英']"
IPO,,北京墨迹风云科技股份有限公司,2016,2016-12-23,"['于建永', '陈伟']"
IPO,,新疆慧尔农业集团股份有限公司,2016,2016-12-23,"['田阡', '卫婵']"
IPO,,沈阳麟龙科技股份有限公司,2016,2016-12-23,"['施瑾', '鲍小刚']"
IPO,,京博农化科技股份有限公司,2016,2016-12-27,"['吴之星', '张利法']"
IPO,,湖南空港实业股份有限公司,2016,2016-12-28,"['李永利', '黄源源']"
IPO,,上海秦森园林股份有限公司,2016,2016-12-30,"['卢娅萍', '唐彬彬']"
IPO,,北京时代凌宇科技股份有限公司,2016,2016-12-30,"['王振宇', '王昆', '周重揆']"
IPO,,无锡威峰科技股份有限公司,2016,2016-12-30,"['田业阳', '樊略']"
IPO,,河南省豫玉种业股份有限公司,2016,2016-12-30,"['朱劲松', '虢正科']"
IPO,,福建森达电气股份有限公司,2016,2016-12-30,"['吴世昌', '胡永波']"
IPO,,回头客食品集团股份有限公司,2016,2016-12-30,"['刘国辉', '王菊']"
IPO,,陕西飞轮高铁装备股份有限公司,2016,2016-12-30,"['徐秉惠', '张东鹤']"
IPO,,上海蓝怡科技股份有限公司,2017,2017-01-06,"['赵焕琪', '王翔']"
IPO,,勋龙智造精密应用材料(苏州)股份有限公司,2017,2017-01-06,"['李东昕', '王书阁']"
IPO,,北洋出版传媒股份有限公司,2017,2017-01-06,"['王需如', '任德军']"
IPO,,南岳电控(衡阳)工业技术股份有限公司,2017,2017-01-06,"['钱晓云', '祁丽娜', '杨柳']"
IPO,,联德精密材料(中国)股份有限公司,2017,2017-01-06,"['刘涛', '薛会']"
IPO,,东莞证券股份有限公司,2017,2017-01-11,"['龚静伟', '王兵', '韩振平', '王兵']"
IPO,,柳州欧维姆机械股份有限公司,2017,2017-01-11,"['苗策', '赵红涛']"
IPO,,安徽省渠道网络股份有限公司,2017,2017-01-13,"['占铁华', '杨杰']"
IPO,,广东广特电气股份有限公司,2017,2017-01-13,"['冯琨琮', '林恒新']"
IPO,,无锡睿思凯科技股份有限公司,2017,2017-01-13,"['涂振连', '袁慧馨']"
IPO,,杭州网银互联科技股份有限公司,2017,2017-01-13,"['林鹏飞', '孙玮']"
IPO,,江西3L医用制品集团股份有限公司,2017,2017-01-13,"['舒佳敏', '李国平']"
IPO,,浙江日风电气股份有限公司,2017,2017-01-13,"['胡燕华', '王晓敏']"
IPO,,海湾环境科技(北京)股份有限公司,2017,2017-01-20,"['涂振连', '陈勇']"
IPO,,深圳市骏达光电股份有限公司,2017,2017-01-22,"['廖晓鸿', '刘剑华']"
IPO,,西安华晶电子技术股份有限公司,2017,2017-01-22,"['常晓波', '王锋革']"
IPO,,勇猛机械股份有限公司,2017,2017-01-22,"['刘海山', '陈丽芳']"
IPO,,深圳西龙同辉技术股份有限公司,2017,2017-02-06,"['巫杨华', '高军磊']"
IPO,,郑州凯雪冷链股份有限公司,2017,2017-02-10,"['王贡勇', '王庆涛']"
IPO,,浙江瑞能通信科技股份有限公司,2017,2017-02-17,"['倪国君', '何林飞']"
IPO,,深圳玛丝菲尔时装股份有限公司,2017,2017-02-22,"['杨如生', '杨春盛']"
IPO,,南京圣和药业股份有限公司,2017,2017-02-22,"['周家文', '林雷']"
IPO,,金辉集团股份有限公司,2017,2017-02-24,"['胡素萍', '陈思荣']"
IPO,,安徽皖垦种业股份有限公司,2017,2017-03-08,"['占铁华', '熊明峰', '陈君']"
IPO,,苏州金枪新材料股份有限公司,2017,2017-03-14,"['龚新海', '沙曙东']"
IPO,,上海米哈游网络科技股份有限公司,2017,2017-03-17,"['胡旻', '陈晨']"
IPO,,江苏万高药业股份有限公司,2017,2017-03-17,"['汤加全', '杨林']"
IPO,,北京新水源景科技股份有限公司,2017,2017-03-20,"['陈晓华', '王陈燕']"
IPO,,东莞台一盈拓科技股份有限公司,2017,2017-03-22,"['吕丛平', '骆竞']"
IPO,,成都阜特科技股份有限公司,2017,2017-03-22,"['刘彬文', '时斌']"
IPO,,深圳市广宁股份有限公司,2017,2017-03-22,"['张晓义', '王海第']"
IPO,,易百信息技术(上海)股份有限公司,2017,2017-03-22,"['潘莉华', '江强']"
IPO,,浙江科维节能技术股份有限公司,2017,2017-03-28,"['李惠丰', '钟建栋', '杜娜']"
IPO,,中新网络信息安全股份有限公司,2017,2017-03-31,"['陈金波', '崔国强']"
IPO,,无锡普天铁心股份有限公司,2017,2017-03-31,"['蔡学雷', '王传文', '王龙']"
IPO,,浙江无端科技股份有限公司,2017,2017-03-31,"['郭宪明', '王昌功', '陶凌雪']"
IPO,,河南润弘制药股份有限公司,2017,2017-03-31,"['周重揆', '余龙']"
IPO,,杭州康基医疗器械股份有限公司,2017,2017-03-31,"['孙文军', '林旺']"
IPO,,上海智马传媒集团股份有限公司,2017,2017-04-05,"['潘胜国', '王艳', '时彦禄']"
IPO,,浙江诺特健康科技股份有限公司,2017,2017-04-05,"['徐殷鹏', '倪元飞']"
IPO,,科迈化工股份有限公司,2017,2017-04-07,"['冯万奇', '丁彭凯']"
IPO,,合容电气股份有限公司,2017,2017-04-07,"['王需如', '李民']"
IPO,,浙江蓝天求是环保股份有限公司,2017,2017-04-07,"['李惠丰', '邓红玉']"
IPO,,上海基美文化传媒股份有限公司,2017,2017-04-07,"['封磊', '谭红梅']"
IPO,,成都环美园林生态股份有限公司,2017,2017-04-07,"['阮响华', '李元良']"
IPO,,北京翰林航宇科技发展股份公司,2017,2017-04-07,"['章顺文', '柴喜峰']"
IPO,,浙江科惠医疗器械股份有限公司,2017,2017-04-07,"['李惠丰', '邓红玉']"
IPO,,杭州福膜新材料科技股份有限公司,2017,2017-04-14,"['罗训超', '欧阳小云']"
IPO,,智业软件股份有限公司,2017,2017-04-17,"['廖屹峰', '滕培彬', '江美红', '陈益龙']"
IPO,,无锡金鑫集团股份有限公司,2017,2017-04-17,"['李细辉', '周关']"
IPO,,北京怡成生物电子技术股份有限公司,2017,2017-04-17,"['王友业', '强桂英']"
IPO,,江苏可一文化产业集团股份有限公司,2017,2017-04-19,"['刘宇科', '李明', '贺艳峰']"
IPO,,重庆市伟岸测器制造股份有限公司,2017,2017-04-19,"['罗建平', '赵红梅']"
IPO,,盛京银行股份有限公司,2017,2017-04-19,"['金乃雯', '张品']"
IPO,,迈奇化学股份有限公司,2017,2017-04-19,"['冯宏志', '李冰']"
IPO,,北京派特罗尔油田服务股份公司,2017,2017-04-19,"['谢青', '竺晔']"
IPO,,上海文华财经资讯股份有限公司,2017,2017-04-20,"['邵振宇', '张稼', '周琪', '邵振宇']"
IPO,,重庆圣华曦药业股份有限公司,2017,2017-04-20,"['龙文虎', '梁正勇']"
IPO,,深圳市建升科技股份有限公司,2017,2017-04-21,"['王强', '章静静']"
IPO,,福建省闽华电源股份有限公司,2017,2017-04-21,"['林宏华', '黄卉', '谢岷', '蔡洁瑜']"
IPO,,湖南五方教育科技股份有限公司,2017,2017-04-21,"['贺梦然', '刘利亚']"
IPO,,广州明森科技股份有限公司,2017,2017-04-21,"['陈昭', '林恒新']"
IPO,,上海比路电子股份有限公司,2017,2017-04-28,"['顾洪涛', '陈灵灵']"
IPO,,福建永德吉灯业股份有限公司,2017,2017-04-28,"['刘延东', '王永平']"
IPO,,江苏剑牌农化股份有限公司,2017,2017-05-05,"['孙伟', '王伟庆']"
IPO,,上海广联环境岩土工程股份有限公司,2017,2017-05-05,"['王许', '钱致富']"
IPO,,厦门科拓通讯技术股份有限公司,2017,2017-05-05,"['熊建益', '陈涌根']"
IPO,,福建新大陆通信科技股份有限公司,2017,2017-05-05,"['陈勇波', '梁谦海']"
IPO,,东莞市中泰模具股份有限公司,2017,2017-05-05,"['谢军', '王艳宾']"
IPO,,哈尔滨城林科技股份有限公司,2017,2017-05-08,"['周海涛', '赵学斌']"
IPO,,蚌埠市双环电子集团股份有限公司,2017,2017-05-08,"['周学民', '汪吉军']"
IPO,,酒泉奥凯种子机械股份有限公司,2017,2017-05-12,"['冯万奇', '刘红志']"
IPO,,泉州佰源机械科技股份有限公司,2017,2017-05-15,"['刘见生', '方莉']"
IPO,,深圳市银河表计股份有限公司,2017,2017-05-15,"['廖屹峰', '滕培彬', '陈志坚', '刘剑']"
IPO,,北京英博电气股份有限公司,2017,2017-05-19,"['毕强', '唐守东']"
IPO,,浙江时代电影院线股份有限公司,2017,2017-05-19,"['李德勇', '梁志勇', '任成', '李晓晓']"
IPO,,上海十月妈咪网络股份有限公司,2017,2017-05-25,"['陈晓华', '韩坚']"
IPO,,中建投租赁股份有限公司,2017,2017-05-26,"['史剑', '张品']"
IPO,,上海漫道金融信息服务股份有限公司,2017,2017-05-26,"['孙国伟', '许洪磊']"
IPO,,南京优科生物医药集团股份有限公司,2017,2017-05-26,"['朱海平', '刘静']"
IPO,,浙江恒强科技股份有限公司,2017,2017-05-26,"['沈培强', '陈素素']"
IPO,,深圳市中孚泰文化建筑建设股份有限公司,2017,2017-05-26,"['林鹏飞', '章祥', '高伟琴', '宋文', '施琪璋', '桂迎']"
IPO,,广州信联智通实业股份有限公司,2017,2017-05-26,"['陈菁佩', '陈鹏']"
IPO,,北京品恩科技股份有限公司,2017,2017-05-27,"['詹军', '朱红升']"
IPO,,石家庄优创科技股份有限公司,2017,2017-05-27,"['杨敢林', '陈恒志', '魏志华', '于建波']"
IPO,,上海林果实业股份有限公司,2017,2017-06-01,"['刘燃', '杨宏']"
IPO,,江苏东强股份有限公司,2017,2017-06-01,"['林雷', '李来民']"
IPO,,浙江三锋实业股份有限公司,2017,2017-06-02,"['钱仲先', '俞辛文']"
IPO,,深圳市安健科技股份有限公司,2017,2017-06-02,"['何晓明', '康雪艳']"
IPO,,明珠电气股份有限公司,2017,2017-06-02,"['刘明学', '彭丽娟']"
IPO,,浙江绩丰岩土技术股份有限公司,2017,2017-06-02,"['苏洋', '林汉波']"
IPO,,天津立中集团股份有限公司,2017,2017-06-02,"['吴强', '王英航', '顾庆刚']"
IPO,,江苏联动轴承股份有限公司,2017,2017-06-05,"['高飞', '徐敏骏']"
IPO,,北京朝歌数码科技股份有限公司,2017,2017-06-09,"['于长江', '郑飞']"
IPO,,安徽泰达新材料股份有限公司,2017,2017-06-09,"['廖传宝', '高平', '徐林']"
IPO,,武汉新华扬生物股份有限公司,2017,2017-06-09,"['李顺利', '皮富英']"
IPO,,江苏利田科技股份有限公司,2017,2017-06-09,"['宋长发', '徐春']"
IPO,,深圳市永兴元科技股份有限公司,2017,2017-06-09,"['周珊珊', '程纯']"
IPO,,深圳市贝斯达医疗股份有限公司,2017,2017-06-09,"['王兰萍', '郑少丽']"
IPO,,浙江叁益科技股份有限公司,2017,2017-06-09,"['沈利刚', '李晶']"
IPO,,力同科技股份有限公司,2017,2017-06-09,"['熊永忠', '杨新春']"
IPO,,安徽省安泰科技股份有限公司,2017,2017-06-16,"['王静', '卢珍', '孔晶晶']"
IPO,,上海新农饲料股份有限公司,2017,2017-06-16,"['刘云', '郑凌云']"
IPO,,奇瑞徽银汽车金融股份有限公司,2017,2017-06-16,"['张良文', '宣陈峰', '付劲勇', '熊江波']"
IPO,,浙江企朋网络技术股份有限公司,2017,2017-06-16,"['熊永忠', '杨新春']"
IPO,,深圳华智融科技股份有限公司,2017,2017-06-16,"['王建华', '肖烈汗']"
IPO,,深圳市宝鸿精密模具股份有限公司,2017,2017-06-16,"['凡章', '王金云']"
IPO,,西藏国策环保科技股份有限公司,2017,2017-06-16,"['刘涛', '王文春']"
IPO,,华视娱乐投资集团股份有限公司,2017,2017-06-23,"['雷江', '付强']"
IPO,,大洋泊车股份有限公司,2017,2017-06-23,"['喻传东', '吴平权']"
IPO,,天津振威展览股份有限公司,2017,2017-06-23,"['王振宇', '王书勤']"
IPO,,深圳万达杰环保新材料股份有限公司,2017,2017-06-23,"['何华峰', '安霞']"
IPO,,上海复医天健医疗服务产业股份有限公司,2017,2017-06-23,"['杨文惠', '高冲']"
IPO,,南通冠东模塑股份有限公司,2017,2017-06-23,"['曹小勤', '义国兵']"
IPO,,安徽太平洋电缆股份有限公司,2017,2017-06-23,"['何晖', '黄庆文']"
IPO,,乐寿农牧集团股份有限公司,2017,2017-06-23,"['杨涛', '赵霞']"
IPO,,深圳市三诺声智联股份有限公司,2017,2017-06-26,"['郑立红', '田景亮']"
IPO,,北京心物裂帛电子商务股份有限公司,2017,2017-06-29,"['黄迎', '宗承勇']"
IPO,,东莞铭丰包装股份有限公司,2017,2017-06-30,"['何国铨', '刘清']"
IPO,,烟台招金励福贵金属股份有限公司,2017,2017-06-30,"['周瑕', '王俊']"
IPO,,河南平原智能装备股份有限公司,2017,2017-06-30,"['胡建新', '赵海珍']"
IPO,,海南中和药业股份有限公司,2017,2017-06-30,"['金炜', '傅磊']"
IPO,,湖北鄂中生态工程股份有限公司,2017,2017-06-30,"['付后升', '徐辉']"
IPO,,赛特威尔电子股份有限公司,2017,2017-06-30,"['叶慧', '李靖豪']"
IPO,,井冈山旅游发展股份有限公司,2017,2017-06-30,"['吕金保', '胡国生']"
IPO,,北京开心麻花娱乐文化传媒股份有限公司,2017,2017-06-30,"['梁晓燕', '郭颖']"
IPO,,哈尔滨市科佳通用机电股份有限公司,2017,2017-06-30,"['许峰', '张玮']"
IPO,,杭州天丰电源股份有限公司,2017,2017-06-30,"['肖菲', '徐萍']"
IPO,,武汉亿童文教股份有限公司,2017,2017-06-30,"['李建树', '罗亮']"
IPO,,深圳市创鑫激光股份有限公司,2017,2017-06-30,"['王旭彬', '张腾']"
IPO,,深圳市达特照明股份有限公司,2017,2017-06-30,"['熊永忠', '杨新春']"
IPO,,西藏新城悦物业服务股份有限公司,2017,2017-06-30,"['陈玲', '臧成琪']"
IPO,,阳光中科(福建)能源股份有限公司,2017,2017-06-30,"['潘传云', '侯光兰']"
IPO,,佳化化学股份有限公司,2017,2017-06-30,"['吴世昌', '胡永波']"
IPO,,北京中视电传传媒广告股份有限公司,2017,2017-06-30,"['朱海武', '师玉春']"
IPO,,厦门纵横集团股份有限公司,2017,2017-06-30,"['李建彬', '郭清艺']"
IPO,,广东德兴食品股份有限公司,2017,2017-06-30,"['王旭彬', '张腾']"
IPO,,广东趣炫网络股份有限公司,2017,2017-06-30,"['洪文伟', '郭小军']"
IPO,,新丽传媒股份有限公司,2017,2017-06-30,"['汤其美', '刘剑华']"
IPO,,普陀山旅游发展股份有限公司,2017,2017-06-30,"['葛徐', '王明伟']"
IPO,,上海梅思泰克环境股份有限公司,2017,2017-06-30,"['陈林', '马奕飞']"
IPO,,东莞市凯金新能源科技股份有限公司,2017,2017-06-30,"['邢敏', '肖烈汗']"
IPO,,吉林出版集团股份有限公司,2017,2017-07-07,"['张宗生', '刘燕']"
IPO,,西安华通新能源股份有限公司,2017,2017-07-07,"['潘振翔', '詹应斌']"
IPO,,镇江泛沃新能汽车技术股份有限公司,2017,2017-07-07,"['吴霆', '葛惠平']"
IPO,,浙江才府玻璃股份有限公司,2017,2017-07-07,"['贾川', '许安平']"
IPO,,九圣禾种业股份有限公司,2017,2017-07-07,"['刘耀辉', '薛祈明']"
IPO,,北京思源兴业房地产服务集团股份有限公司,2017,2017-07-07,"['杨宏', '张媛媛']"
IPO,,同信通信股份有限公司,2017,2017-07-07,"['荆秀梅', '侯增玉']"
IPO,,锦州康泰润滑油添加剂股份有限公司,2017,2017-07-07,"['张伟', '胡慰']"
IPO,,上海绿岸网络科技股份有限公司,2017,2017-07-07,"['唐国骏', '孙丞润']"
IPO,,广州市明道灯光科技股份有限公司,2017,2017-07-07,"['刘火旺', '杨诗学']"
IPO,,杭州铁集货运股份有限公司,2017,2017-07-07,"['廖屹锋', '余芳芳']"
IPO,,武汉奇致激光技术股份有限公司,2017,2017-07-07,"['刘钧', '何湘']"
IPO,,深圳市驱动人生科技股份有限公司,2017,2017-07-07,"['周伟然', '文聪']"
IPO,,珠海元盛电子科技股份有限公司,2017,2017-07-07,"['程银春', '王明丽']"
IPO,,创智和宇信息技术股份有限公司,2017,2017-07-14,"['杨志平', '李新民']"
IPO,,天津天堰科技股份有限公司,2017,2017-07-14,"['刘海山', '于长江']"
IPO,,浙锚科技股份有限公司,2017,2017-07-14,"['朱伟', '陈小金', '沈云驾']"
IPO,,若宇检具股份有限公司,2017,2017-07-14,"['庄继宁', '任家虎']"
IPO,,上海龙创汽车设计股份有限公司,2017,2017-07-14,"['朱依君', '虞雪杨']"
IPO,,深圳市泛海三江电子股份有限公司,2017,2017-07-14,"['谢晖', '李斌华']"
IPO,,阜阳大可新材料股份有限公司,2017,2017-07-14,"['何晓云', '谢俊']"
IPO,,新疆泰昆集团股份有限公司,2017,2017-07-14,"['杨宏', '孔玉峰']"
IPO,,四川圣迪乐村生态食品股份有限公司,2017,2017-07-21,"['郭东超', '胡如昌']"
IPO,,上海洁昊环保股份有限公司,2017,2017-07-21,"['胡建军', '周垚']"
IPO,,厦门新立基股份有限公司,2017,2017-07-21,"['林庆瑜', '张采']"
IPO,,上海悉地工程设计顾问股份有限公司,2017,2017-07-21,"['肖峰', '饶盛华']"
IPO,,兰考瑞华环保电力股份有限公司,2017,2017-07-21,"['李菊洁', '高娜']"
IPO,,西藏新博美商业管理连锁股份有限公司,2017,2017-07-28,"['杨建强', '孙波', '林英']"
IPO,,北京柠檬微趣科技股份有限公司,2017,2017-07-28,"['蔡晓丽', '王首一']"
IPO,,杭州西子智能停车股份有限公司,2017,2017-08-04,"['俞佳南', '徐海泓']"
IPO,,武汉云克隆科技股份有限公司,2017,2017-08-07,"['王明璀', '马玲']"
IPO,,乐元素科技(北京)股份有限公司,2017,2017-08-11,"['宋从越', '阮小铖', '李孝念', '周溢']"
IPO,,海宁中国家纺城股份有限公司,2017,2017-08-14,"['胡新荣', '卢鑫']"
IPO,,湖南空港实业股份有限公司,2017,2017-08-15,"['李永利', '黄源源']"
IPO,,北京格林伟迪科技股份有限公司,2017,2017-08-18,"['刘洪跃', '孙冬梅']"
IPO,,如意情生物科技股份有限公司,2017,2017-08-21,"['卢娅萍', '王润']"
IPO,,杭州致瑞传媒股份有限公司,2017,2017-08-25,"['翁伟', '陈瑛瑛']"
IPO,,江苏河马井股份有限公司,2017,2017-08-25,"['郑晓东', '丛敬']"
IPO,,广东宝贝儿婴童用品股份有限公司,2017,2017-08-28,"['范荣', '胡志刚']"
IPO,,珠海市赛纬电子材料股份有限公司,2017,2017-09-04,"['王远', '刘展强']"
IPO,,北京生泰尔科技股份有限公司,2017,2017-09-08,"['姚辉', '李新民']"
IPO,,毛戈平化妆品股份有限公司,2017,2017-09-11,"['盛伟明', '高丽']"
IPO,,广东科茂林产化工股份有限公司,2017,2017-09-11,"['贺春海', '陈莹']"
IPO,,江苏天智互联科技股份有限公司,2017,2017-09-18,"['闵志强', '崔爱萍']"
IPO,,福建森达电气股份有限公司,2017,2017-09-21,"['张志华', '李朝阳']"
IPO,,安徽宁国晨光精工股份有限公司,2017,2017-09-29,"['周学民', '文冬梅']"
IPO,,杭州中艺实业股份有限公司,2017,2017-09-29,"['吕瑛群', '耿振', '郭云华']"
IPO,,浙江华朔科技股份有限公司,2017,2017-09-29,"['陈志维', '伍贤春']"
IPO,,国金黄金股份有限公司,2017,2017-10-09,"['何降星', '金敬玉']"
IPO,,博拉网络股份有限公司,2017,2017-10-09,"['唐湘衡', '袁丁']"
IPO,,回头客食品集团股份有限公司,2017,2017-10-09,"['刘国辉', '王菊']"
IPO,,中科鼎实环境工程股份有限公司,2017,2017-10-13,"['郭健', '谭志东']"
IPO,,盛利维尔(中国)新材料技术股份有限公司,2017,2017-10-13,"['王传邦', '汪娟', '王巍']"
IPO,,北洋出版传媒股份有限公司,2017,2017-10-13,"['王需如', '姚欣']"
IPO,,华冠新型材料股份有限公司,2017,2017-10-13,"['石朝欣', '陈明生']"
IPO,,宁波前程家居股份有限公司,2017,2017-10-13,"['谢骞', '左虹']"
IPO,,江苏伟康洁婧医疗器械股份有限公司,2017,2017-10-13,"['孔令江', '刘中尽']"
IPO,,江苏德纳化学股份有限公司,2017,2017-10-13,"['肖厚祥', '王涛', '徐锦华']"
IPO,,浙江外事旅游股份有限公司,2017,2017-10-13,"['吴懿忻', '陈玉凤']"
IPO,,北京聚利科技股份有限公司,2017,2017-10-13,"['陈勇波', '王娜']"
IPO,,湘北威尔曼制药股份有限公司,2017,2017-10-17,"['汤加全', '夏先锋']"
IPO,,成都索贝数码科技股份有限公司,2017,2017-10-18,"['陈晓祥', '张凌婕']"
IPO,,北京新宇合创金融软件股份有限公司,2017,2017-10-25,"['匡敏', '何航']"
IPO,,矽时代材料科技股份有限公司,2017,2017-10-30,"['朱伟峰', '赵国梁']"
IPO,,菱王电梯股份有限公司,2017,2017-10-31,"['王旭彬', '张腾']"
IPO,,浙江力邦合信智能制动系统股份有限公司,2017,2017-11-03,"['林万强', '陈链武', '章祥', '周海斌']"
IPO,,浩德科技股份有限公司,2017,2017-11-03,"['唐慧珏', '张晓荣']"
IPO,,洛阳兰迪玻璃机器股份有限公司,2017,2017-11-03,"['郭晋龙', '夏伟']"
IPO,,北京赢康科技股份有限公司,2017,2017-11-03,"['葛惠平', '阚忠生', '牛志红']"
IPO,,浙江鸿禧能源股份有限公司,2017,2017-11-07,"['李惠丰', '钟建栋', '王克平']"
IPO,,深圳市宇驰检测技术股份有限公司,2017,2017-11-10,"['陈昭', '肖世超']"
IPO,,江苏大丰农村商业银行股份有限公司,2017,2017-11-10,"['朱海平', '汪万吉']"
IPO,,陕西飞轮高铁装备股份有限公司,2017,2017-11-14,"['徐秉惠', '张东鹤']"
IPO,,武汉智迅创源科技发展股份有限公司,2017,2017-11-17,"['梁谦海', '陈清松']"
IPO,,上海鸿辉光通科技股份有限公司,2017,2017-11-17,"['潘永祥', '夏利忠']"
IPO,,重庆广电数字传媒股份有限公司,2017,2017-11-21,"['李青龙', '文永丽']"
IPO,,广州明朝互动科技股份有限公司,2017,2017-11-27,"['王旭彬', '张腾']"
IPO,,浙江瑞翌新材料科技股份有限公司,2017,2017-11-28,"['于薇薇', '黄继佳']"
IPO,,广东碧桂园物业服务股份有限公司,2017,2017-12-05,"['陈耘涛', '陈志明']"
IPO,,广东海纳川生物科技股份有限公司,2017,2017-12-05,"['姚静', '徐继宏']"
IPO,,常州华科聚合物股份有限公司,2017,2017-12-05,"['肖菲', '徐萍']"
IPO,,北京硕人时代科技股份有限公司,2017,2017-12-08,"['冯万奇', '刘红志']"
IPO,,江苏扬瑞新型材料股份有限公司,2017,2017-12-08,"['祁涛', '张帆', '闫保瑞']"
IPO,,四川菊乐食品股份有限公司,2017,2017-12-08,"['罗东先', '李丽']"
IPO,,金瑞期货股份有限公司,2017,2017-12-08,"['陶坚', '朱炜', '孙维琦', '周阿春', '白漫']"
IPO,,常州恐龙园股份有限公司,2017,2017-12-12,"['王亮', '吴晓蕊']"
IPO,,广东一力集团制药股份有限公司,2017,2017-12-15,"['葛惠平', '张文涛']"
IPO,,湖北绿色家园材料技术股份有限公司,2017,2017-12-15,"['卿武勤', '吴方辉']"
IPO,,中国船舶重工集团海装风电股份有限公司,2017,2017-12-15,"['杨誉民', '陈子民']"
IPO,,创美药业股份有限公司,2017,2017-12-15,"['潘传云', '王雅明']"
IPO,,深圳市鼎泰智能装备股份有限公司,2017,2017-12-15,"['张晓义', '魏均玲']"
IPO,,安徽天大环保新材料股份有限公司,2017,2017-12-15,"['方维翔', '杜迎花']"
IPO,,河南省豫玉种业股份有限公司,2017,2017-12-15,"['朱劲松', '虢正科']"
IPO,,信利光电股份有限公司,2017,2017-12-19,"['杨誉民', '肖静华']"
IPO,,厦门日懋城建园林建设股份有限公司,2017,2017-12-21,"['熊永忠', '杨新春']"
IPO,,江苏华灿电讯股份有限公司,2017,2017-12-21,"['诸旭敏', '何卫明']"
IPO,,广州富力地产股份有限公司,2017,2017-12-22,"['王建民', '蔡洁瑜']"
IPO,,安徽扬子地板股份有限公司,2017,2017-12-22,"['张全心', '施琪璋', '朱浩']"
IPO,,广东飞轮科技股份有限公司,2017,2017-12-22,"['范荣', '胡志刚']"
IPO,,广东中迅农科股份有限公司,2017,2017-12-22,"['杨小磊', '李宏明']"
IPO,,广州建通测绘地理信息技术股份有限公司,2017,2017-12-22,"['刘火旺', '姚静']"
IPO,,深圳市双赢伟业科技股份有限公司,2017,2017-12-22,"['朱海英', '温安林']"
IPO,,广东波斯科技股份有限公司,2017,2017-12-22,"['周俊祥', '陈勇']"
IPO,,赛克思液压科技股份有限公司,2017,2017-12-22,"['徐殷鹏', '叶凌超']"
IPO,,赫基(中国)集团股份有限公司,2017,2017-12-22,"['房炅', '殷文文']"
IPO,,长虹塑料集团英派瑞塑料股份有限公司,2017,2017-12-22,"['吕瑛群', '郭云华']"
IPO,,温州康宁医院股份有限公司,2017,2017-12-22,"['孔昱', '刘伊敏']"
IPO,,杭州宏杉科技股份有限公司,2017,2017-12-22,"['李德勇', '金闻']"
IPO,,山西紫林醋业股份有限公司,2017,2017-12-27,"['朱锦梅', '张辉策']"
IPO,,常州市钱璟康复股份有限公司,2017,2017-12-27,"['沈培强', '戚铁桥']"
IPO,,江西汇仁药业股份有限公司,2017,2017-12-27,"['李惠丰', '朱作武']"
IPO,,山东省互联网传媒集团股份有限公司,2017,2017-12-27,"['王传顺', '江涛']"
IPO,,北京新宇合创信息技术有限公司,2017,2017-12-27,"['匡敏', '何航']"
IPO,,上海兰宝传感科技股份有限公司,2017,2017-12-29,"['程端世', '黄特']"
IPO,,苏州华电电气股份有限公司,2017,2017-12-29,"['冯万奇', '丁彭凯']"
IPO,,北京高威科电气技术股份有限公司,2017,2017-12-29,"['张克东', '陈军']"
IPO,,厦门农村商业银行股份有限公司,2017,2017-12-29,"['陈纹', '郑英梅']"
IPO,,句容宁武新材料股份有限公司,2017,2017-12-29,"['汤哲辉', '赵振']"
IPO,,新宇药业股份有限公司,2017,2017-12-29,"['江晓', '邱志强']"
IPO,,江苏荣成环保科技股份有限公司,2017,2017-12-29,"['高世茂', '霍耀俊', '张峰', '周丽娟']"
IPO,,陕西嘉禾生物科技股份有限公司,2017,2017-12-29,"['潘要文', '张洪忠']"
IPO,,北京合力亿捷科技股份有限公司,2017,2017-12-29,"['姜斌', '肖毅']"
IPO,,小狗电器互联网科技(北京)股份有限公司,2017,2017-12-29,"['江永辉', '钱华丽']"
IPO,,深圳市三顺纳米新材料股份有限公司,2017,2017-12-29,"['黄志恒', '章天赐']"
IPO,,长春普华制药股份有限公司,2017,2017-12-29,"['张鸿彦', '黄羽']"
IPO,,成都航天模塑股份有限公司,2018,2018-01-03,"['崔腾', '张永刚']"
IPO,,江苏金太阳纺织科技股份有限公司,2018,2018-01-03,"['黄继佳', '刘木勇']"
IPO,,深圳雷杜生命科学股份有限公司,2018,2018-01-03,"['方建新', '陈瑜星']"
IPO,,天津立中集团股份有限公司,2018,2018-01-03,"['吴强', '王英航', '顾庆刚']"
IPO,,江苏蓝电环保股份有限公司,2018,2018-01-03,"['程志刚', '吕安吉']"
IPO,,福建省闽华电源股份有限公司,2018,2018-01-03,"['林宏华', '黄卉', '谢岷', '蔡洁瑜']"
IPO,,北京时代凌宇科技股份有限公司,2018,2018-01-05,"['王振宇', '王昆', '周重揆']"
IPO,,沈阳麟龙科技股份有限公司,2018,2018-01-05,"['施瑾', '鲍小刚']"
IPO,,上海米哈游网络科技股份有限公司,2018,2018-01-05,"['胡旻', '陈晨']"
IPO,,长威信息科技发展股份有限公司,2018,2018-01-05,"['梁烽', '陈芝莲']"
IPO,,威海市商业银行股份有限公司,2018,2018-01-09,"['赵斌', '孟庆祥', '徐海军', '李延林']"
IPO,,深圳时代装饰股份有限公司,2018,2018-01-09,"['宣宜辰', '付忠伟']"
IPO,,哈尔滨银行股份有限公司,2018,2018-01-10,"['严盛炜', '陈胜']"
IPO,,河南蓝信科技股份有限公司,2018,2018-01-10,"['杨东升', '李花', '吴雪', '赵立卿']"
IPO,,苏州蜗牛数字科技股份有限公司,2018,2018-01-10,"['高建斌', '林晓帆', '张全心', '朱艳', '赵婷婷']"
IPO,,江苏天智互联科技股份有限公司,2018,2018-01-10,"['闵志强', '崔爱萍']"
IPO,,扬州曙光电缆股份有限公司,2018,2018-01-10,"['覃业庆', '朱文岳']"
IPO,,武汉新华扬生物股份有限公司,2018,2018-01-10,"['李顺利', '皮富英']"
IPO,,上海梅思泰克环境股份有限公司,2018,2018-01-12,"['陈林', '马奕飞']"
IPO,,力同科技股份有限公司,2018,2018-01-12,"['熊永忠', '杨新春']"
IPO,,南通冠东模塑股份有限公司,2018,2018-01-12,"['曹小勤', '义国兵']"
IPO,,安佑生物科技集团股份有限公司,2018,2018-01-16,"['邱俊洲', '曾星']"
IPO,,九圣禾种业股份有限公司,2018,2018-01-16,"['刘耀辉', '薛祈明']"
IPO,,深圳市贝斯达医疗股份有限公司,2018,2018-01-17,"['王兰萍', '郑少丽']"
IPO,,上海漫道金融信息服务股份有限公司,2018,2018-01-17,"['孙国伟', '许洪磊']"
IPO,,上海秦森园林股份有限公司,2018,2018-01-17,"['卢娅萍', '唐彬彬']"
IPO,,东莞市凯金新能源科技股份有限公司,2018,2018-01-17,"['邢敏', '肖烈汗']"
IPO,,协鑫智慧能源股份有限公司,2018,2018-01-19,"['马建萍', '连隆棣']"
IPO,,烟台招金励福贵金属股份有限公司,2018,2018-01-19,"['周瑕', '王俊']"
IPO,,勋龙智造精密应用材料(苏州)股份有限公司,2018,2018-01-22,"['李东昕', '王书阁']"
IPO,,湖北鄂中生态工程股份有限公司,2018,2018-01-23,"['付后升', '余正兴']"
IPO,,中新网络信息安全股份有限公司,2018,2018-01-23,"['陈金波', '崔国强']"
IPO,,江西3L医用制品集团股份有限公司,2018,2018-01-23,"['舒佳敏', '李国平']"
IPO,,北京墨迹风云科技股份有限公司,2018,2018-01-24,"['于建永', '陈伟']"
IPO,,兰考瑞华环保电力股份有限公司,2018,2018-01-24,"['李菊洁', '高娜']"
IPO,,武汉亿童文教股份有限公司,2018,2018-01-26,"['李建树', '罗亮']"
IPO,,杭州福膜新材料科技股份有限公司,2018,2018-01-30,"['罗训超', '吴思聪']"
IPO,,北京朝歌数码科技股份有限公司,2018,2018-01-31,"['于长江', '郑飞']"
IPO,,深圳市宝鸿精密模具股份有限公司,2018,2018-01-31,"['凡章', '王金云']"
IPO,,浙江叁益科技股份有限公司,2018,2018-02-02,"['沈利刚', '李晶']"
IPO,,明珠电气股份有限公司,2018,2018-02-05,"['刘明学', '彭丽娟']"
IPO,,上海绿岸网络科技股份有限公司,2018,2018-02-13,"['唐国骏', '孙丞润']"
IPO,,武汉奇致激光技术股份有限公司,2018,2018-02-13,"['刘钧', '何湘']"
IPO,,浙江优创材料科技股份有限公司,2018,2018-02-13,"['朱伟', '张建新']"
IPO,,广东骏丰频谱股份有限公司,2018,2018-02-13,"['何国铨', '刘清']"
IPO,,郑州凯雪冷链股份有限公司,2018,2018-02-13,"['王贡勇', '王庆涛']"
IPO,,杭州西子智能停车股份有限公司,2018,2018-02-27,"['俞佳南', '徐海泓']"
IPO,,天津天堰科技股份有限公司,2018,2018-02-28,"['刘海山', '于长江']"
IPO,,浙江企朋网络技术股份有限公司,2018,2018-02-28,"['熊永忠', '杨新春']"
IPO,,锦州康泰润滑油添加剂股份有限公司,2018,2018-03-01,"['张伟', '胡慰']"
IPO,,深圳万达杰环保新材料股份有限公司,2018,2018-03-01,"['何华峰', '安霞']"
IPO,,阳光中科(福建)能源股份有限公司,2018,2018-03-01,"['潘传云', '侯光兰']"
IPO,,深圳市银河表计股份有限公司,2018,2018-03-02,"['廖屹峰', '滕培彬']"
IPO,,佳化化学股份有限公司,2018,2018-03-05,"['吴世昌', '胡永波']"
IPO,,南岳电控(衡阳)工业技术股份有限公司,2018,2018-03-05,"['钱晓云', '杨柳']"
IPO,,尚格会展股份有限公司,2018,2018-03-05,"['张希文', '李振华']"
IPO,,湖南五方教育科技股份有限公司,2018,2018-03-05,"['贺梦然', '刘利亚']"
IPO,,浙锚科技股份有限公司,2018,2018-03-09,"['朱伟', '陈小金', '沈云驾']"
IPO,,北京友缘在线网络科技股份有限公司,2018,2018-03-09,"['张昆', '宋刚']"
IPO,,河南平原智能装备股份有限公司,2018,2018-03-19,"['胡建新', '赵海珍']"
IPO,,海南中和药业股份有限公司,2018,2018-03-19,"['金炜', '傅磊']"
IPO,,长虹塑料集团英派瑞塑料股份有限公司,2018,2018-03-22,"['吕瑛群', '郭云华']"
IPO,,深圳玛丝菲尔时装股份有限公司,2018,2018-03-22,"['杨如生', '杨春盛']"
IPO,,宁波前程家居股份有限公司,2018,2018-03-22,"['谢骞', '左虹']"
IPO,,深圳市驱动人生科技股份有限公司,2018,2018-03-22,"['周伟然', '文聪']"
IPO,,浙江外事旅游股份有限公司,2018,2018-03-22,"['吴懿忻', '陈玉凤']"
IPO,,新丽传媒股份有限公司,2018,2018-03-22,"['汤其美', '刘剑华']"
IPO,,亳州药都农村商业银行股份有限公司,2018,2018-03-23,"['潘新华', '张莉萍']"
IPO,,北京中视电传传媒广告股份有限公司,2018,2018-03-26,"['朱海武', '师玉春']"
IPO,,厦门纵横集团股份有限公司,2018,2018-03-26,"['李建彬', '郭清艺']"
IPO,,广东德兴食品股份有限公司,2018,2018-03-26,"['王旭彬', '张腾']"
IPO,,广州多益网络股份有限公司,2018,2018-03-27,"['李勇', '尹卫华']"
IPO,,上海文华财经资讯股份有限公司,2018,2018-03-28,"['邵振宇', '张稼', '周琪', '邵振宇']"
IPO,,广州九毛九餐饮连锁股份有限公司,2018,2018-03-28,"['李立影', '邓华明']"
IPO,,杭州铁集货运股份有限公司,2018,2018-03-29,"['廖屹锋', '余芳芳']"
IPO,,北京华清飞扬网络股份有限公司,2018,2018-03-30,"['强桂英', '孙继伟']"
IPO,,杭州天丰电源股份有限公司,2018,2018-03-30,"['肖菲', '徐萍']"
IPO,,安徽宁国晨光精工股份有限公司,2018,2018-03-30,"['周学民', '文冬梅']"
IPO,,大连华信计算机技术股份有限公司,2018,2018-03-30,"['刘璐', '王松']"
IPO,,广东中迅农科股份有限公司,2018,2018-03-30,"['杨小磊', '李宏明']"
IPO,,陕西嘉禾生物科技股份有限公司,2018,2018-03-30,"['潘要文', '张洪忠']"
IPO,,深圳市鼎泰智能装备股份有限公司,2018,2018-03-30,"['张晓义', '魏均玲']"
IPO,,同信通信股份有限公司,2018,2018-03-30,"['荆秀梅', '侯增玉']"
IPO,,乐寿农牧集团股份有限公司,2018,2018-03-30,"['杨涛', '赵霞']"
IPO,,安徽天大环保新材料股份有限公司,2018,2018-03-30,"['方维翔', '杜迎花']"
IPO,,广东飞轮科技股份有限公司,2018,2018-03-30,"['范荣', '胡志刚']"
IPO,,北京开心麻花娱乐文化传媒股份有限公司,2018,2018-03-30,"['梁晓燕', '郭颖']"
IPO,,镇江泛沃新能汽车技术股份有限公司,2018,2018-03-30,"['吴霆', '葛惠平']"
IPO,,广州建通测绘地理信息技术股份有限公司,2018,2018-03-30,"['刘火旺', '姚静']"
IPO,,普陀山旅游发展股份有限公司,2018,2018-04-02,"['葛徐', '王明伟']"
IPO,,若宇检具股份有限公司,2018,2018-04-04,"['庄继宁', '任家虎']"
IPO,,北京生泰尔科技股份有限公司,2018,2018-04-12,"['姚辉', '李新民']"
IPO,,乐元素科技(北京)股份有限公司,2018,2018-04-12,"['宋从越', '韩睿', '阮小铖', '李孝念', '周溢']"
IPO,,广东趣炫网络股份有限公司,2018,2018-04-12,"['洪文伟', '郭小军']"
IPO,,吉林出版集团股份有限公司,2018,2018-04-12,"['张宗生', '刘燕']"
IPO,,北京硕人时代科技股份有限公司,2018,2018-04-12,"['冯万奇', '刘红志']"
IPO,,深圳市三顺纳米新材料股份有限公司,2018,2018-04-12,"['黄志恒', '章天赐']"
IPO,,和力辰光国际文化传媒(北京)股份有限公司,2018,2018-04-13,"['黄元喜', '宋鑫']"
IPO,,赛特威尔电子股份有限公司,2018,2018-04-13,"['叶慧', '李靖豪']"
IPO,,深圳市达特照明股份有限公司,2018,2018-04-17,"['熊永忠', '杨新春']"
IPO,,阜阳大可新材料股份有限公司,2018,2018-04-17,"['廖家河', '冯雪']"
IPO,,浙江无端科技股份有限公司,2018,2018-04-20,"['郭宪明', '王昌功', '陶凌雪']"
IPO,,天津同仁堂集团股份有限公司,2018,2018-04-20,"['胡振雷', '王志喜']"
IPO,,北京柠檬微趣科技股份有限公司,2018,2018-04-23,"['蔡晓丽', '王首一']"
IPO,,东莞铭丰包装股份有限公司,2018,2018-05-02,"['何国铨', '刘清']"
IPO,,西安华通新能源股份有限公司,2018,2018-05-02,"['潘振翔', '詹应斌']"
IPO,,陕西西凤酒股份有限公司,2018,2018-05-02,"['谢骞', '任智磊']"
IPO,,浙江车头制药股份有限公司,2018,2018-05-04,"['俞佳南', '贝柳辉']"
IPO,,深圳警翼智能科技股份有限公司,2018,2018-05-04,"['周俊祥', '陈勇']"
IPO,,安徽马鞍山农村商业银行股份有限公司,2018,2018-05-04,"['孙晓爽', '杨俊玉']"
IPO,,江苏大丰农村商业银行股份有限公司,2018,2018-05-08,"['朱海平', '汪万吉']"
IPO,,新疆慧尔农业集团股份有限公司,2018,2018-05-08,"['田阡', '卫婵']"
IPO,,金瑞期货股份有限公司,2018,2018-05-09,"['陶坚', '朱炜', '孙维琦', '周阿春', '白漫']"
IPO,,西安万隆制药股份有限公司,2018,2018-05-11,"['黄丽琼', '魏云锋']"
IPO,,江苏伟康洁婧医疗器械股份有限公司,2018,2018-05-11,"['孔令江', '刘中尽']"
IPO,,盛利维尔(中国)新材料技术股份有限公司,2018,2018-05-17,"['王传邦', '汪娟', '王巍']"
IPO,,申龙电梯股份有限公司,2018,2018-05-17,"['赵海荣', '周小民']"
IPO,,杭州宏杉科技股份有限公司,2018,2018-05-17,"['李德勇', '金闻']"
IPO,,天津振威展览股份有限公司,2018,2018-05-22,"['王振宇', '王书勤']"
IPO,,江苏德纳化学股份有限公司,2018,2018-05-24,"['肖厚祥', '王涛', '徐锦华']"
IPO,,浙江力邦合信智能制动系统股份有限公司,2018,2018-05-28,"['林万强', '陈链武', '章祥', '周海斌']"
IPO,,江苏海安农村商业银行股份有限公司,2018,2018-06-08,"['葛徐', '吴懿忻', '张武', '黄晨']"
IPO,,麒麟合盛网络技术股份有限公司,2018,2018-06-08,"['卢鹍鹏', '徐晓明']"
IPO,,小米集团,2018,2018-06-11,"['倪靖安', '王磊']"
IPO,,深圳市宇驰检测技术股份有限公司,2018,2018-06-20,"['陈昭', '肖世超']"
IPO,,常州市钱璟康复股份有限公司,2018,2018-06-20,"['沈培强', '戚铁桥']"
IPO,,武汉智迅创源科技发展股份有限公司,2018,2018-06-20,"['梁谦海', '陈清松']"
IPO,,长春普华制药股份有限公司,2018,2018-06-20,"['张鸿彦', '黄羽']"
IPO,,中国船舶重工集团海装风电股份有限公司,2018,2018-06-20,"['张伟', '胡慰']"
IPO,,北京思源兴业房地产服务集团股份有限公司,2018,2018-06-20,"['杨宏', '张媛媛']"
IPO,,铁将军汽车电子股份有限公司,2018,2018-06-22,"['宋文', '黄晓奇']"
IPO,,中国稀有稀土股份有限公司,2018,2018-06-22,"['安秀艳', '吕乐']"
IPO,,广东景兴健康护理实业股份有限公司,2018,2018-06-22,"['安霞', '徐俊']"
IPO,,浙江华朔科技股份有限公司,2018,2018-06-25,"['陈志维', '伍贤春']"
IPO,,厦门农村商业银行股份有限公司,2018,2018-06-29,"['陈纹', '郑英梅']"
IPO,,国金黄金股份有限公司,2018,2018-06-29,"['何降星', '徐庆平']"
IPO,,江苏荣成环保科技股份有限公司,2018,2018-07-06,"['高世茂', '霍耀俊', '张峰', '周丽娟']"
IPO,,北京华奥汽车服务股份有限公司,2018,2018-07-06,"['何降星', '金敬玉', '谢晖', '李斌华']"
IPO,,赫基(中国)集团股份有限公司,2018,2018-07-13,"['房炅', '殷文文']"
IPO,,江苏扬瑞新型材料股份有限公司,2018,2018-07-26,"['祁涛', '张帆', '闫保瑞']"
IPO,,赛克思液压科技股份有限公司,2018,2018-08-22,"['徐殷鹏', '叶凌超']"
IPO,,深圳市天彦通信股份有限公司,2018,2018-08-24,"['赵国梁', '陈锡雄']"
IPO,,小狗电器互联网科技(北京)股份有限公司,2018,2018-08-29,"['江永辉', '钱华丽']"
IPO,,中星技术股份有限公司,2018,2018-09-07,"['刘彬文', '胡海波']"
IPO,,广东粤运交通股份有限公司,2018,2018-09-21,"['徐敏', '梁幸华']"
IPO,,淄博鲁华泓锦新材料股份有限公司,2018,2018-09-28,"['崔岩', '何岚']"
IPO,,浙江才府玻璃股份有限公司,2018,2018-09-28,"['贾川', '许安平']"
IPO,,北京聚利科技股份有限公司,2018,2018-09-29,"['陈勇波', '王娜']"
IPO,,上海阿波罗机械股份有限公司,2018,2018-09-29,"['李耀忠', '赵小刚']"
IPO,,中国华融资产管理股份有限公司,2018,2018-10-10,"['景宜青', '赵耀']"
IPO,,上海新农饲料股份有限公司,2018,2018-10-10,"['刘云', '郑凌云']"
IPO,,无锡威峰科技股份有限公司,2018,2018-10-11,"['田业阳', '樊略']"
IPO,,上海波克城市网络科技股份有限公司,2018,2018-10-11,"['张扬', '耿磊']"
IPO,,首创置业股份有限公司,2018,2018-10-11,"['陈静', '刘佳']"
IPO,,创美药业股份有限公司,2018,2018-10-11,"['潘传云', '王雅明']"
IPO,,厦门雅迅网络股份有限公司,2018,2018-10-12,"['黄印强', '余道前', '詹海震', '胡上汗']"
IPO,,聚信国际租赁股份有限公司,2018,2018-10-19,"['朱耀中', '潘陈']"
IPO,,海湾环境科技(北京)股份有限公司,2018,2018-11-09,"['李剑', '赵娇']"
IPO,,北京华航唯实机器人科技股份有限公司,2018,2018-11-16,"['李美文', '卞圆媛']"
IPO,,湖北祥云(集团)化工股份有限公司,2018,2018-11-28,"['王怀发', '赵鹏']"
IPO,,大运汽车股份有限公司,2018,2018-11-28,"['王蕾', '温静']"
IPO,,天聚地合(苏州)数据股份有限公司,2018,2018-12-07,"['郑磊', '俞国徽']"
IPO,,华冠新型材料股份有限公司,2018,2018-12-21,"['石朝欣', '陈明生']"
IPO,,江苏昆山农村商业银行股份有限公司,2018,2018-12-21,"['周琼', '陈东阳']"
IPO,,湖北绿色家园材料技术股份有限公司,2018,2018-12-27,"['卿武勤', '吴方辉']"
IPO,,山东兆物网络技术股份有限公司,2018,2018-12-28,"['王芳山', '于雷']"
IPO,,上海灿星文化传媒股份有限公司,2018,2018-12-28,"['王斌', '倪一琳']"
IPO,,全美在线(北京)教育科技股份有限公司,2018,2018-12-28,"['杨义萍', '刘洁', '王荣前', '刘永']"
IPO,,航天精工股份有限公司,2018,2018-12-28,"['董宁', '谢金毅', '常晓波', '卫婵']"
IPO,,北京弘成立业科技股份有限公司,2018,2018-12-28,"['陈静', '宋宁波']"
IPO,,浙江开元物业管理股份有限公司,2018,2018-12-28,"['叶骏', '陈静', '叶卫民', '王建兰', '陈思']"
IPO,,阜阳大可新材料股份有限公司,2018,2018-12-29,"['何晓云', '谢俊']"
IPO,,麒麟合盛网络技术股份有限公司,2019,2019-01-11,"['卢鹍鹏', '徐晓明']"
IPO,,铁将军汽车电子股份有限公司,2019,2019-01-23,"['宋文', '黄晓奇']"
IPO,,北京华航唯实机器人科技股份有限公司,2019,2019-01-31,"['李美文', '卞圆媛']"
IPO,,句容宁武新材料股份有限公司,2019,2019-01-31,"['汤哲辉', '赵振']"
IPO,,赫基(中国)集团股份有限公司,2019,2019-02-12,"['房炅', '殷文文']"
IPO,,上海灿星文化传媒股份有限公司,2019,2019-02-15,"['王斌', '倪一琳']"
IPO,,大连万达商业地产股份有限公司,2019,2019-02-15,"['付丽君', '杨卫国']"
IPO,,天聚地合(苏州)数据股份有限公司,2019,2019-03-05,"['郑磊', '俞国徽']"
IPO,,大运汽车股份有限公司,2019,2019-03-08,"['王蕾', '温静']"
IPO,,东莞银行股份有限公司,2019,2019-03-08,"['黄艾舟', '李嘉莉']"
IPO,,广州农村商业银行股份有限公司,2019,2019-03-22,"['陈文峰', '张晓莹']"
IPO,,和舰芯片制造(苏州)股份有限公司,2019,2019-03-22,"['王书阁', '李东昕']"
IPO,,安翰科技(武汉)股份有限公司,2019,2019-03-22,"['汤哲辉', '许石']"
IPO,,二十一世纪空间技术应用股份有限公司,2019,2019-03-27,"['季晟', '石百惠']"
IPO,,深圳市贝斯达医疗股份有限公司,2019,2019-03-27,"['王传邦', '郑斐', '汪娟']"
IPO,,北京木瓜移动科技股份有限公司,2019,2019-03-29,"['常明', '孙彦民']"
IPO,,江苏海安农村商业银行股份有限公司,2019,2019-04-01,"['葛徐', '吴懿忻', '张武', '黄晨']"
IPO,,深圳市创鑫激光股份有限公司,2019,2019-04-02,"['杨志平', '金琦']"
IPO,,恒安嘉新(北京)科技股份公司,2019,2019-04-03,"['陈伟', '钟楼勇']"
IPO,,视联动力信息技术股份有限公司,2019,2019-04-08,"['雷江', '郭成专']"
IPO,,赛特威尔电子股份有限公司,2019,2019-04-10,"['叶慧', '李靖豪']"
IPO,,北京维冠机电股份有限公司,2019,2019-04-12,"['汪玉寿', '俞国徽', '李鹏']"
IPO,,洛阳众智软件科技股份有限公司,2019,2019-04-12,"['刘国辉', '崔明']"
IPO,,北京诺康达医药科技股份有限公司,2019,2019-04-12,"['肖桂莲', '张雪咏', '王芸芸']"
IPO,,北京国科环宇科技股份有限公司,2019,2019-04-12,"['郭勇', '徐玉婷']"
IPO,,北京汉迪移动互联网科技股份有限公司,2019,2019-04-19,"['章晓亮', '张诚伟']"
IPO,,上海梅思泰克环境股份有限公司,2019,2019-04-19,"['陈林', '马奕飞']"
IPO,,航天精工股份有限公司,2019,2019-04-23,"['袁刚山', '谢金毅']"
IPO,,贵州白山云科技股份有限公司,2019,2019-04-24,"['吴宇', '孙明昊']"
IPO,,博拉网络股份有限公司,2019,2019-04-24,"['唐湘衡', '袁丁']"
IPO,,浙江天使之泪珍珠股份有限公司,2019,2019-04-26,"['黄亚琼', '栾艳鹏', '金珊', '赵弘玮']"
IPO,,海湾环境科技(北京)股份有限公司,2019,2019-04-26,"['涂振连', '陈勇']"
IPO,,上海百金化工集团股份有限公司,2019,2019-04-26,"['郑斌', '范翃']"
IPO,,西藏运高新能源股份有限公司,2019,2019-04-26,"['唐荣周', '徐忠林']"
IPO,,北京连山科技股份有限公司,2019,2019-05-07,"['魏强', '侯红梅']"
IPO,,先临三维科技股份有限公司,2019,2019-05-10,"['蒋晓东', '赵南飞']"
IPO,,周六福珠宝股份有限公司,2019,2019-05-10,"['安霞', '连声柱']"
IPO,,深圳市豪恩声学股份有限公司,2019,2019-05-10,"['陈志刚', '张磊', '黎明']"
IPO,,新中冠智能科技股份有限公司,2019,2019-05-10,"['杨贵鹏', '丁彭凯']"
IPO,,城市纵横(上海)文化传媒股份有限公司,2019,2019-05-10,"['谭宪才', '迟文洲', '任德军']"
IPO,,广东一力集团制药股份有限公司,2019,2019-05-10,"['葛惠平', '张文涛']"
IPO,,广东金源照明科技股份有限公司,2019,2019-05-10,"['何国铨', '郑镇涛']"
IPO,,广东粤运交通股份有限公司,2019,2019-05-17,"['徐敏', '梁辛华']"
IPO,,厦门雅迅网络股份有限公司,2019,2019-05-23,"['黄印强', '余道前', '詹海震', '胡上汗']"
IPO,,上海漫道金融信息服务股份有限公司,2019,2019-05-24,"['孙国伟', '许洪磊']"
IPO,,扬州日兴生物科技股份有限公司,2019,2019-05-24,"['党小安', '徐新毅', '王楠']"
IPO,,北京华奥汽车服务股份有限公司,2019,2019-05-24,"['何降星', '金敬玉', '谢晖', '李斌华']"
IPO,,北京华科泰生物技术股份有限公司,2019,2019-05-24,"['谢卉', '张丽丽']"
IPO,,华夏天信智能物联股份有限公司,2019,2019-05-31,"['龙传喜', '吴兴华']"
IPO,,广东展翠食品股份有限公司,2019,2019-05-31,"['胡志刚', '颜利胜']"
IPO,,广东凯金新能源科技股份有限公司,2019,2019-05-31,"['殷雪芳', '施旭锋']"
IPO,,广东趣炫网络股份有限公司,2019,2019-06-04,"['洪文伟', '郭小军']"
IPO,,山东兆物网络技术股份有限公司,2019,2019-06-05,"['王芳山', '于雷']"
IPO,,北京弘成立业科技股份有限公司,2019,2019-06-05,"['陈静', '宋宁波']"
IPO,,广东南海农村商业银行股份有限公司,2019,2019-06-06,"['吴源泉', '叶云晖', '王立鹏', '叶培霖', '张慧']"
IPO,,深圳市晶台股份有限公司,2019,2019-06-06,"['李联', '孙慧敏', '张希文', '金顺兴', '杨小琴', '张立琰', '习珍珍']"
IPO,,北京点众科技股份有限公司,2019,2019-06-06,"['陈伟', '迟国栋', '于建永', '王增明', '曾云']"
IPO,,光通天下网络科技股份有限公司,2019,2019-06-12,"['石斌全', '蒋重阳']"
IPO,,浙江才府玻璃股份有限公司,2019,2019-06-14,"['贾川', '许安平']"
IPO,,广东景兴健康护理实业股份有限公司,2019,2019-06-14,"['安霞', '徐俊']"
IPO,,江苏昆山农村商业银行股份有限公司,2019,2019-06-14,"['周琼', '陈东阳']"
IPO,,广东世宇科技股份有限公司,2019,2019-06-14,"['吴霆', '张学文']"
IPO,,上海拓璞数控科技股份有限公司,2019,2019-06-19,"['田华', '廖君']"
IPO,,河南润弘制药股份有限公司,2019,2019-06-21,"['周重揆', '余龙']"
IPO,,江西绿巨人生态环境股份有限公司,2019,2019-06-21,"['齐晓丽', '汪文龙']"
IPO,,苍穹数码技术股份有限公司,2019,2019-06-21,"['李萌', '单大信']"
IPO,,青岛双鲸药业股份有限公司,2019,2019-06-21,"['陈涌根', '相春奎']"
IPO,,广西五一管业股份有限公司,2019,2019-06-21,"['李东坤', '王珊瑚']"
IPO,,红蚂蚁装饰股份有限公司,2019,2019-06-21,"['宋文', '俞国徽']"
IPO,,上海新数网络科技股份有限公司,2019,2019-06-25,"['潘振宇', '安鹏兰']"
IPO,,广州佛朗斯股份有限公司,2019,2019-06-27,"['魏标文', '彭宗显']"
IPO,,广州宏晟光电科技股份有限公司,2019,2019-06-27,"['杨熹', '张明']"
IPO,,北京城建设计发展集团股份有限公司,2019,2019-06-28,"['王宁', '邬玉红']"
IPO,,佳农食品控股(集团)股份有限公司,2019,2019-06-28,"['段永强', '童珏琳']"
IPO,,北大荒垦丰种业股份有限公司,2019,2019-06-28,"['舒铭', '丁小英']"
IPO,,广州九恒条码股份有限公司,2019,2019-06-28,"['廖朝理', '叶东']"
IPO,,杭州康基医疗器械股份有限公司,2019,2019-06-28,"['孙文军', '林旺']"
IPO,,江苏剑牌农化股份有限公司,2019,2019-06-28,"['孙伟', '王伟庆']"
IPO,,科迈化工股份有限公司,2019,2019-06-28,"['丁彭凯', '宋金元', '冯万奇']"
IPO,,万代服装股份有限公司,2019,2019-06-28,"['于长江', '李福兴']"
IPO,,大成科创基础建设股份有限公司,2019,2019-06-28,"['王传平', '张为金']"
IPO,,广东顺德农村商业银行股份有限公司,2019,2019-06-28,"['陈胜', '罗杨', '昌华', '周道军']"
IPO,,新宇药业股份有限公司,2019,2019-06-28,"['王曙晖', '王支建']"
IPO,,华强方特文化科技集团股份有限公司,2019,2019-06-28,"['唐艺', '赵菁']"
IPO,,厦门多想互动文化传播股份有限公司,2019,2019-06-28,"['林新田', '陈裕成']"
IPO,,成都晶华光电科技股份有限公司,2019,2019-06-28,"['付忠伟', '陈建顺']"
IPO,,江苏伟康洁婧医疗器械股份有限公司,2019,2019-06-28,"['高峰', '孔令江']"
IPO,,江苏网进科技股份有限公司,2019,2019-06-28,"['郁向军', '王蒙', '郑少杰']"
IPO,,洛阳中超新材料股份有限公司,2019,2019-06-28,"['郑晓东', '徐志敏']"
IPO,,浙江德斯泰新材料股份有限公司,2019,2019-06-28,"['石斌全', '李伟海']"
IPO,,海诺尔环保产业股份有限公司,2019,2019-06-28,"['廖继平', '王莉']"
IPO,,溜溜果园集团股份有限公司,2019,2019-06-28,"['吕勇军', '王传兵', '孟凡勇']"
IPO,,苏州星诺奇科技股份有限公司,2019,2019-06-28,"['褚诗炜', '齐利平', '黄冰冰']"
IPO,,陕西红星美羚乳业股份有限公司,2019,2019-06-28,"['王侠', '何雪琦']"
IPO,,二十一世纪空间技术应用股份有限公司,2019,2019-06-29,"['季晟', '郑卫军', '崔西福', '石百慧']"
IPO,,万联证券股份有限公司,2019,2019-07-05,"['洪锐明', '陈晓莹', '吴迪']"
IPO,,北京电旗通讯技术股份有限公司,2019,2019-07-05,"['雷波涛', '董孟渊']"
IPO,,深圳市光大激光科技股份有限公司,2019,2019-07-05,"['李萍', '纪海燕']"
IPO,,中联云港数据科技股份有限公司,2019,2019-07-09,"['刘玉显', '王萍']"
IPO,,小狗电器互联网科技(北京)股份有限公司,2019,2019-07-15,"['江永辉', '钱华丽']"
IPO,,深圳市晶台股份有限公司,2019,2019-07-26,"['李联', '孙慧敏']"
IPO,,广东南海农村商业银行股份有限公司,2019,2019-07-26,"['吴源泉', '叶云晖']"
IPO,,四川菊乐食品股份有限公司,2019,2019-08-02,"['罗东先', '刘拉']"
IPO,,厦门雅迅网络股份有限公司,2019,2019-08-05,"['黄印强', '余道前']"
IPO,,北京华清飞扬网络股份有限公司,2019,2019-08-13,"['强桂英', '孙继伟']"
IPO,,小米集团,2019,2019-08-26,"['倪靖安', '王磊']"
IPO,,安徽马鞍山农村商业银行股份有限公司,2019,2019-09-05,"['张爱国', '杨俊玉']"
IPO,,中星技术股份有限公司,2019,2019-09-12,"['刘彬文', '胡海波']"
IPO,,傲基科技股份有限公司,2019,2019-09-12,"['邱俊洲', '陈磊']"
IPO,,四三九九网络股份有限公司,2019,2019-09-19,"['陈昭', '刘远帅']"
IPO,,江苏网进科技股份有限公司,2019,2019-09-20,"['郁向军', '王蒙']"
IPO,,广东顺德农村商业银行股份有限公司,2019,2019-09-20,"['陈胜', '罗杨']"
IPO,,江苏新视云科技股份有限公司,2019,2019-09-20,"['贾丽娜', '蔡卫华', '杨磊', '詹从才', '王颖']"
IPO,,浙江开元物业管理股份有限公司,2019,2019-09-26,"['叶骏', '陈静', '叶卫民', '王建兰', '陈思']"
IPO,,深圳宜搜天下科技股份有限公司,2019,2019-09-26,"['廖文佳', '鄢萍', '李剑光', '杨拓成']"
IPO,,河南科隆新能源股份有限公司,2019,2019-09-30,"['杨熹', '张明']"
IPO,,郑州信大捷安信息技术股份有限公司,2019,2019-10-14,"['周洪涛', '陶俊华']"
IPO,,中建投租赁股份有限公司,2019,2019-10-18,"['史剑', '张品']"
IPO,,国金黄金股份有限公司,2019,2019-10-25,"['何降星', '徐庆平']"
IPO,,同策房产咨询股份有限公司,2019,2019-10-25,"['唐国骏', '张盈']"
IPO,,天津同仁堂集团股份有限公司,2019,2019-11-01,"['胡振雷', '王志喜']"
IPO,,全美在线(北京)教育科技股份有限公司,2019,2019-11-01,"['杨义萍', '刘洁', '王荣前', '刘永']"
IPO,,微创(上海)网络技术股份有限公司,2019,2019-11-05,"['莫伟', '袁刚', '何航']"
IPO,,精英数智科技股份有限公司,2019,2019-11-11,"['韩瑞红', '朱小娃']"
IPO,,北洋出版传媒股份有限公司,2019,2019-11-13,"['王需如', '姚欣']"
IPO,,浙江车头制药股份有限公司,2019,2019-11-13,"['俞佳南', '贝柳辉']"
IPO,,江苏新视云科技股份有限公司,2019,2019-11-15,"['贾丽娜', '蔡卫华', '杨磊']"
IPO,,传神语联网网络科技股份有限公司,2019,2019-11-22,"['李朝辉', '肖缨']"
IPO,,安徽扬子地板股份有限公司,2019,2019-12-04,"['张全心', '施琪璋', '朱浩']"
IPO,,淄博鲁华泓锦新材料股份有限公司,2019,2019-12-04,"['崔岩', '何岚']"
IPO,,北京点众科技股份有限公司,2019,2019-12-12,"['陈伟', '迟国栋']"
IPO,,广东晶科电子股份有限公司,2019,2019-12-20,"['吴震宇', '张云美', '黎晓霞', '邓先里']"
IPO,,苏州林华医疗器械股份有限公司,2019,2019-12-20,"['党小安', '徐新毅']"
IPO,,浙江鸿禧能源股份有限公司,2019,2019-12-20,"['李惠丰', '钟建栋', '王克平']"
IPO,,惠州市浩明科技股份有限公司,2019,2019-12-27,"['魏淑珍', '杨帆']"
IPO,,深圳市泛海三江电子股份有限公司,2019,2019-12-27,"['谢晖', '李斌华']"
IPO,,太湖金张科技股份有限公司,2019,2019-12-27,"['马章松', '孙涛']"
IPO,,赛赫智能设备(上海)股份有限公司,2019,2019-12-27,"['郑磊', '刘润', '钱玮']"
IPO,,北京新亚天影电影科技股份有限公司,2020,2020-01-03,"['许来正', '岳宗磊', '郑磊', '俞国徽']"
IPO,,浙江日发纺织机械股份有限公司,2020,2020-01-03,"['朱国刚', '张春洋', '闾力华']"
IPO,,惠州迪芬尼声学科技股份有限公司,2020,2020-01-03,"['陈建孝', '钟婉君']"
IPO,,深圳掌众智能科技股份有限公司,2020,2020-01-03,"['张立琰', '龙琦', '邓燏', '刘新民']"
IPO,,郑州信大捷安信息技术股份有限公司,2020,2020-01-06,"['周洪涛', '陶俊华']"
IPO,,微创(上海)网络技术股份有限公司,2020,2020-01-09,"['莫伟', '袁刚', '何航']"
IPO,,广东南海农村商业银行股份有限公司,2020,2020-01-10,"['吴源泉', '叶云晖', '王立鹏', '叶培霖', '张慧']"
IPO,,广东晶科电子股份有限公司,2020,2020-01-13,"['吴震宇', '张云美', '黎晓霞', '邓先里']"
IPO,,广州宏晟光电科技股份有限公司,2020,2020-01-21,"['杨熹', '张明']"
IPO,,赛赫智能设备(上海)股份有限公司,2020,2020-01-21,"['郑磊', '刘润', '钱玮']"
IPO,,湖州银行股份有限公司,2020,2020-02-07,"['葛徐', '吴懿忻']"
IPO,,河南科隆新能源股份有限公司,2020,2020-02-07,"['杨熹', '张明']"
IPO,,上海仁会生物制药股份有限公司,2020,2020-02-14,"['许松飞', '张晓燕']"
IPO,,驰田汽车股份有限公司,2020,2020-03-06,"['李晓阳', '胡作金']"
IPO,,深圳宜搜天下科技股份有限公司,2020,2020-03-17,"['廖文佳', '鄢萍', '李剑光', '杨拓成']"
IPO,,江苏中法水务股份有限公司,2020,2020-03-27,"['杨荣华', '吕方明']"
IPO,,云南北方奥雷德光电科技股份有限公司,2020,2020-03-30,"['姜斌', '高照进']"
IPO,,广东顺德农村商业银行股份有限公司,2020,2020-04-03,"['陈胜', '罗杨', '昌华', '周道君']"
IPO,,成都武侯高新技术产业发展股份有限公司,2020,2020-04-03,"['李元良', '田建勇', '邱鸿', '陈洪涛']"
IPO,,江苏安凯特科技股份有限公司,2020,2020-04-03,"['夏先锋', '樊略']"
IPO,,艾索信息股份有限公司,2020,2020-04-07,"['黄丽琼', '张玲']"
IPO,,宁夏沃福百瑞枸杞产业股份有限公司,2020,2020-04-10,"['秦霞', '杜恒月', '孙晓爽', '黄海洋']"
IPO,,深圳汉弘数字印刷集团股份有限公司,2020,2020-04-16,"['章归鸿', '曾荣华']"
IPO,,深圳市创鑫激光股份有限公司,2020,2020-04-17,"['杨志平', '金琦']"
IPO,,精英数智科技股份有限公司,2020,2020-04-17,"['韩瑞红', '朱小娃']"
IPO,,广东佳奇科技教育股份有限公司,2020,2020-04-17,"['袁瑞彩', '魏均玲']"
IPO,,万代服装股份有限公司,2020,2020-04-17,"['于长江', '李福兴']"
IPO,,无锡市尚沃医疗电子股份有限公司,2020,2020-04-24,"['贾丽娜', '陈晓龙', '祁祥']"
IPO,,晨越建设项目管理集团股份有限公司,2020,2020-04-28,"['谢宇春', '张小容']"
IPO,,北京蓝山科技股份有限公司,2020,2020-04-29,"['刘永', '李铁庆']"
IPO,,傲基科技股份有限公司,2020,2020-04-30,"['邱俊洲', '陈磊']"
IPO,,广东金源照明科技股份有限公司,2020,2020-04-30,"['何国铨', '郑镇涛']"
IPO,,浙江金洁环境股份有限公司,2020,2020-05-07,"['闾力华', '张春洋']"
IPO,,传神语联网网络科技股份有限公司,2020,2020-05-07,"['李朝辉', '肖缨']"
IPO,,中国航油集团石油股份有限公司,2020,2020-05-08,"['解小雨', '田慧先', '陈静']"
IPO,,上海灿星文化传媒股份有限公司,2020,2020-05-08,"['王斌', '倪一琳']"
IPO,,青岛中加特电气股份有限公司,2020,2020-05-08,"['吴懿忻', '陆瑾']"
IPO,,上海伊禾农产品科技发展股份有限公司,2020,2020-05-08,"['乔玉湍', '秦晋臣', '赵双']"
IPO,,上海健耕医药科技股份有限公司,2020,2020-05-11,"['张昕', '章鑫蕾']"
IPO,,贵州白山云科技股份有限公司,2020,2020-05-12,"['吴宇', '孙明昊']"
IPO,,青岛康平高铁科技股份有限公司,2020,2020-05-13,"['于涛', '郭凤']"
IPO,,广州九恒条码股份有限公司,2020,2020-05-15,"['廖朝理', '叶东']"
IPO,,东亚装饰股份有限公司,2020,2020-05-19,"['董洪军', '赵君', '胡彦霞']"
IPO,,北京芯愿景软件技术股份有限公司,2020,2020-05-19,"['王玥', '王淇']"
IPO,,慧捷(上海)科技股份有限公司,2020,2020-05-20,"['齐利平', '秦啸']"
IPO,,环宇建筑科技股份有限公司,2020,2020-05-20,"['高飞', '李洪斌']"
IPO,,贵州国台酒业股份有限公司,2020,2020-05-22,"['范建平', '鲁磊']"
IPO,,山东同成医药股份有限公司,2020,2020-05-25,"['吴金锋', '姜坤']"
IPO,,桂林智神信息技术股份有限公司,2020,2020-05-26,"['杨克晶', '赵祖荣']"
IPO,,金居建设发展股份有限公司,2020,2020-05-27,"['徐士宝', '张丽芳']"
IPO,,上海钢银电子商务股份有限公司,2020,2020-05-28,"['连向阳', '王健', '王晨', '周力']"
IPO,,北京盛诺基医药科技股份有限公司,2020,2020-05-28,"['杨景璐', '唐晓军']"
IPO,,南京森根科技股份有限公司,2020,2020-05-29,"['诸旭敏', '刘萍']"
IPO,,长沙兴嘉生物工程股份有限公司,2020,2020-05-29,"['刘智清', '曾春卫', '罗琴']"
IPO,,北京圣博润高新技术股份有限公司,2020,2020-05-29,"['田术会', '周敏', '沈晓萍']"
IPO,,中大建设股份有限公司,2020,2020-05-29,"['刘国辉', '崔明']"
IPO,,江苏柯菲平医药股份有限公司,2020,2020-06-01,"['汪娟', '王巍', '高慧']"
IPO,,上海翼捷工业安全设备股份有限公司,2020,2020-06-01,"['郭海龙', '曾莉', '徐婷']"
IPO,,浙江佳力科技股份有限公司,2020,2020-06-01,"['吴军', '杜明']"
IPO,,国网智能科技股份有限公司,2020,2020-06-04,"['段慧霞', '刘佳燕']"
IPO,,浙江明泰控股发展股份有限公司,2020,2020-06-05,"['罗训超', '武继俊']"
IPO,,四川郎酒股份有限公司,2020,2020-06-05,"['李敏', '刘均']"
IPO,,陕西红星美羚乳业股份有限公司,2020,2020-06-08,"['王侠', '何雪琦']"
IPO,,武汉亿童文教股份有限公司,2020,2020-06-09,"['李建树', '喻俊', '罗亮', '吴杰']"
IPO,,北京清水爱派建筑设计股份有限公司,2020,2020-06-09,"['倪军', '张蕾']"
IPO,,四川菊乐食品股份有限公司,2020,2020-06-11,"['罗东先', '刘拉']"
IPO,,浙江珊溪水利水电开发股份有限公司,2020,2020-06-12,"['郭安静', '刘艳霞']"
IPO,,北京天广实生物技术股份有限公司,2020,2020-06-12,"['张克东', '晓晓', '陈军']"
IPO,,北京中数智汇科技股份有限公司,2020,2020-06-12,"['孙宁', '董阳阳']"
IPO,,深圳市万佳安物联科技股份有限公司,2020,2020-06-16,"['朱佑敏', '王树', '周木', '邓燏']"
IPO,,上海泽生科技开发股份有限公司,2020,2020-06-17,"['林可成', '符小平', '蔡卫华', '林俊', '刘美']"
IPO,,苏州晶云药物科技股份有限公司,2020,2020-06-19,"['杨景欣', '蒋宗良']"
IPO,,苏州林华医疗器械股份有限公司,2020,2020-06-19,"['党小安', '徐新毅']"
IPO,,深圳港创建材股份有限公司,2020,2020-06-19,"['吕瑛群', '郭云华']"
IPO,,中孚泰文化建筑股份有限公司,2020,2020-06-19,"['章祥', '葛朋', '高伟琴', '宋文', '施琪璋', '桂迎']"
IPO,,浙江博泰家具股份有限公司,2020,2020-06-19,"['陈志维', '陈琦']"
IPO,,湖北犇星新材料股份有限公司,2020,2020-06-19,"['顾春华', '倪新浩']"
IPO,,盐城海普润科技股份有限公司,2020,2020-06-19,"['徐侃瓴', '周徐春']"
IPO,,沈阳风景园林股份有限公司,2020,2020-06-19,"['石朝欣', '胡登峰']"
IPO,,宁夏沃福百瑞枸杞产业股份有限公司,2020,2020-06-22,"['秦霞', '杜恒月']"
IPO,,北京点众科技股份有限公司,2020,2020-06-22,"['陈伟', '迟国栋']"
IPO,,深圳微众信用科技股份有限公司,2020,2020-06-22,"['陈思杰', '奚霞']"
IPO,,四川省国投羌山科技集团股份有限公司,2020,2020-06-23,"['庄瑞兰', '徐洪平', '李婕']"
IPO,,泰州亿腾景昂药业股份有限公司,2020,2020-06-23,"['张松柏', '林雯英']"
IPO,,广州市溢信科技股份有限公司,2020,2020-06-23,"['禤文欣', '邹颖']"
IPO,,山东丰源生物质发电股份公司,2020,2020-06-24,"['陈金波', '杨立振', '田城', '李应']"
IPO,,天津鼎维固模架工程股份有限公司,2020,2020-06-24,"['权计伟', '王敏']"
IPO,,广西凤翔集团股份有限公司,2020,2020-06-24,"['胡敏坚', '唐普勒']"
IPO,,兰考瑞华环保电力股份有限公司,2020,2020-06-24,"['王首一', '刘宇', '秦世恺', '巩志浩', '马晓晨', '吴亚杰', '张丽萍', '李菊洁', '高娜']"
IPO,,新疆派特罗尔能源服务股份有限公司,2020,2020-06-24,"['滕忠诚', '李菲菲', '叶金福', '滕忠诚']"
IPO,,老铺黄金股份有限公司,2020,2020-06-24,"['陈文龙', '康俊萌', '张克东', '陈军', '李孝念', '孟红']"
IPO,,福建汇川物联网技术科技股份有限公司,2020,2020-06-24,"['林宏华', '黄志文']"
IPO,,广东百合医疗科技股份有限公司,2020,2020-06-24,"['张宁', '刘国棣']"
IPO,,北京华卓精科科技股份有限公司,2020,2020-06-24,"['刘文豪', '徐文博']"
IPO,,太湖金张科技股份有限公司,2020,2020-06-24,"['马章松', '孙涛']"
IPO,,深圳市光祥科技股份有限公司,2020,2020-06-28,"['刘金平', '綦东钰']"
IPO,,锐芯微电子股份有限公司,2020,2020-06-29,"['陈黎', '朱杰']"
IPO,,苏州康代智能科技股份有限公司,2020,2020-06-29,"['莫浩薇', '潘子建']"
IPO,,广州创尔生物技术股份有限公司,2020,2020-06-29,"['徐聃', '潘秋苑']"
IPO,,本贸科技股份有限公司,2020,2020-06-29,"['陈剑帮', '陈映苹', '张炜']"
IPO,,海南传味文昌鸡产业股份有限公司,2020,2020-06-29,"['李恒芳', '王祖平']"
IPO,,安徽伊普诺康生物技术股份有限公司,2020,2020-06-29,"['齐蓉', '汪健', '郑磊']"
IPO,,北京华奥汽车服务股份有限公司,2020,2020-06-29,"['何降星', '金敬玉']"
IPO,,江苏网进科技股份有限公司,2020,2020-06-29,"['郁向军', '王蒙', '唐保凤', '郑少杰']"
IPO,,深圳市晶台股份有限公司,2020,2020-06-29,"['李联', '孙慧敏', '张希文', '金顺兴', '杨小琴', '张立琰', '习珍珍']"
IPO,,深圳市紫光照明技术股份有限公司,2020,2020-06-30,"['李振华', '梁艳媚']"
IPO,,东软医疗系统股份有限公司,2020,2020-06-30,"['李晨', '姜丽君', '于延国']"
IPO,,上海拓璞数控科技股份有限公司,2020,2020-06-30,"['庄继宁', '廖君', '田华']"
IPO,,上海博科资讯股份有限公司,2020,2020-06-30,"['徐海峰', '方海杰']"
IPO,,山东泰丰智能控制股份有限公司,2020,2020-06-30,"['沈发兵', '徐红山']"
IPO,,赛克赛斯生物科技股份有限公司,2020,2020-06-30,"['毕强', '燕进']"
IPO,,厦门多想互动文化传播股份有限公司,2020,2020-06-30,"['林新田', '陈裕成']"
IPO,,固安信通信号技术股份有限公司,2020,2020-06-30,"['何航', '莫伟', '邹昕']"
IPO,,天津迈达医学科技股份有限公司,2020,2020-06-30,"['胡振雷', '林国伟', '王志喜']"
IPO,,上海远茂企业发展股份有限公司,2020,2020-06-30,"['赵现波', '赵震']"
IPO,,辽宁中镁控股股份有限公司,2020,2020-06-30,"['刘文豪', '徐文博']"
IPO,,浙江鸿禧能源股份有限公司,2020,2020-07-01,"['李惠丰', '钟建栋', '王克平']"
IPO,,深圳市天彦通信股份有限公司,2020,2020-07-01,"['赵国梁', '陈锡雄']"
IPO,,江苏新视云科技股份有限公司,2020,2020-07-01,"['贾丽娜', '蔡卫华', '杨磊', '詹从才', '王颖']"
IPO,,北京柠檬微趣科技股份有限公司,2020,2020-07-01,"['蔡晓丽', '王首一']"
IPO,,广东世宇科技股份有限公司,2020,2020-07-02,"['吴霆', '张学文']"
IPO,,北京弘成立业科技股份有限公司,2020,2020-07-02,"['陈静', '宋宁波']"
IPO,,大运汽车股份有限公司,2020,2020-07-02,"['王蕾', '温静']"
IPO,,银河电力集团股份有限公司,2020,2020-07-02,"['廖屹峰', '滕培彬']"
IPO,,深圳市泛海三江电子股份有限公司,2020,2020-07-02,"['谢晖', '李斌华']"
IPO,,中星技术股份有限公司,2020,2020-07-02,"['刘彬文', '胡海波']"
IPO,,成都一通密封股份有限公司,2020,2020-07-03,"['龚荣华', '胡宏伟']"
IPO,,正业设计股份有限公司,2020,2020-07-03,"['王许', '朱磊']"
IPO,,广州立功科技股份有限公司,2020,2020-07-03,"['潘文中', '徐俊']"
IPO,,深圳市仙迪化妆品股份有限公司,2020,2020-07-03,"['康雪艳', '杨兰']"
IPO,,养天和大药房股份有限公司,2020,2020-07-03,"['刘智清', '周睿', '李海']"
IPO,,湖南星邦智能装备股份有限公司,2020,2020-07-03,"['刘智清', '周曼', '杨迎']"
IPO,,新疆钵施然智能农机股份有限公司,2020,2020-07-03,"['陈中江', '沈云强']"
IPO,,中国茶叶股份有限公司,2020,2020-07-03,"['廖志勇', '梁志刚']"
IPO,,洛阳涧光特种装备股份有限公司,2020,2020-07-03,"['闫磊', '李光宇']"
IPO,,广州银行股份有限公司,2020,2020-07-03,"['陈文峰', '吕正', '刘嘉瑜']"
IPO,,普洱澜沧古茶股份有限公司,2020,2020-07-03,"['殷宪锋', '王鹏练']"
IPO,,上海十方生态园林股份有限公司,2020,2020-07-03,"['黄继佳', '程洪祯']"
IPO,,重庆三峡银行股份有限公司,2020,2020-07-03,"['侯黎明', '胡小琴']"
IPO,,山西紫林醋业股份有限公司,2020,2020-07-03,"['朱锦梅', '李永江']"
IPO,,康定金鑫矿业旅游股份有限公司,2020,2020-07-03,"['刘勇', '汪健', '储阳玲']"
IPO,,宁波大叶园林工业股份有限公司,2020,2020-07-03,"['林国雄', '韦军', '顾嫣萍']"
IPO,,永道射频技术股份有限公司,2020,2020-07-03,"['李东昕', '王书阁', '邓军']"
IPO,,四川丁点儿食品开发股份有限公司,2020,2020-07-03,"['时斌', '刘雨']"
IPO,,扬州日兴生物科技股份有限公司,2020,2020-07-03,"['王兴华', '徐新毅', '王楠', '党小安']"
IPO,,上海新农科技股份有限公司,2020,2020-07-03,"['唐国骏', '郑凌云', '刘云']"
IPO,,惠州市浩明科技股份有限公司,2020,2020-07-06,"['魏淑珍', '杨帆']"
IPO,,深圳国人科技股份有限公司,2020,2020-07-06,"['陈孛', '陈华']"
IPO,,山东晶导微电子股份有限公司,2020,2020-07-06,"['赵艳美', '何峰', '王宗佩']"
IPO,,徐辉设计股份有限公司,2020,2020-07-06,"['包梅庭', '郭益舜']"
IPO,,浙江华剑智能装备股份有限公司,2020,2020-07-06,"['殷雪芳', '肖涵']"
IPO,,中联云港数据科技股份有限公司,2020,2020-07-06,"['王清峰', '何航', '杨庶']"
IPO,,杭州老鹰教育科技股份有限公司,2020,2020-07-06,"['章祥', '银雪姣', '王佶恺']"
IPO,,成都倍特药业股份有限公司,2020,2020-07-06,"['陈英杰', '关德福']"
IPO,,力同科技股份有限公司,2020,2020-07-06,"['陈鹏', '李斌']"
IPO,,北京电旗通讯技术股份有限公司,2020,2020-07-06,"['夏宏林', '董孟渊']"
IPO,,广东咏声动漫股份有限公司,2020,2020-07-07,"['雷江', '陈丽嘉', '周济平', '易华平']"
IPO,,上特展示(厦门)股份有限公司,2020,2020-07-07,"['曹隆森', '桂后圆']"
IPO,,广州佛朗斯股份有限公司,2020,2020-07-07,"['彭宗显', '翁祖桂']"
IPO,,海默尼药业股份有限公司,2020,2020-07-08,"['黄巧梅', '赵兴明']"
IPO,,合肥东方节能科技股份有限公司,2020,2020-07-08,"['黄艳', '夏慧君']"
IPO,,中星技术股份有限公司,2020,2020-07-10,"['高怡敏', '孙及']"
IPO,,创智和宇信息技术股份有限公司,2020,2020-07-10,"['蒋西军', '刘辉', '杨志平', '李新民']"
IPO,,亚洲渔港股份有限公司,2020,2020-07-10,"['刘磊', '黄永捷']"
IPO,,深圳市集美新材料股份有限公司,2020,2020-07-10,"['欧昌献', '郭春林']"
IPO,,大通(福建)新材料股份有限公司,2020,2020-07-10,"['王庆莲', '李莉丽']"
IPO,,深圳市乾德电子股份有限公司,2020,2020-07-10,"['康雪艳', '杨兰']"
IPO,,北京贝尔生物工程股份有限公司,2020,2020-07-13,"['冯雪', '张丽芳']"
IPO,,北京天科合达半导体股份有限公司,2020,2020-07-14,"['于长江', '田玉川']"
IPO,,四川华夏万卷文化传媒股份有限公司,2020,2020-07-14,"['罗东先', '唐松柏']"
IPO,,广东世宇科技股份有限公司,2020,2020-07-15,"['黄晓莉', '姚继伟']"
IPO,,太湖金张科技股份有限公司,2020,2020-07-15,"['姚刚', '张云', '朱韵词']"
IPO,,锦州捷通铁路机械股份有限公司,2020,2020-07-15,"['谭寿成', '张钰']"
IPO,,江苏扬瑞新型材料股份有限公司,2020,2020-07-15,"['张帆', '闫保瑞']"
IPO,,深圳市天彦通信股份有限公司,2020,2020-07-16,"['陈刚', '郑建江', '陈笛', '邓蕾']"
IPO,,大汉科技股份有限公司,2020,2020-07-16,"['毕强', '江建']"
IPO,,广东金源照明科技股份有限公司,2020,2020-07-17,"['全奋', '陈竞蓬', '邵芳']"
IPO,,浙江鑫甬生物化工股份有限公司,2020,2020-07-17,"['章祥', '葛朋', '郑利锋']"
IPO,,成都新朝阳作物科学股份有限公司,2020,2020-07-17,"['唐方模', '凡波']"
IPO,,北京神导科技股份有限公司,2020,2020-07-23,"['王娜', '胡碟']"
IPO,,深圳市金照明科技股份有限公司,2020,2020-07-23,"['陈昭', '肖世超']"
IPO,,华缘新材料股份有限公司,2020,2020-07-23,"['陈中江', '沈云强']"
IPO,,浙江千禧龙纤特种纤维股份有限公司,2020,2020-07-23,"['钱仲先', '曹毅']"
IPO,,新中冠智能科技股份有限公司,2020,2020-07-23,"['杨贵鹏', '丁彭凯']"
IPO,,上海宾酷网络科技股份有限公司,2020,2020-07-24,"['陈彩琴', '罗联玬']"
IPO,,恐龙园文化旅游集团股份有限公司,2020,2020-07-24,"['邵立新', '吴晓蕊']"
IPO,,成都武侯高新技术产业发展股份有限公司,2020,2020-07-24,"['郭伟', '祝阳']"
IPO,,深圳市五株科技股份有限公司,2020,2020-07-28,"['陈琼', '曾小生']"
IPO,,安庆回音必制药股份有限公司,2020,2020-07-28,"['宁云', '黄剑', '周光']"
IPO,,广州至信药业股份有限公司,2020,2020-07-28,"['陈富来', '祝小锋']"
IPO,,南通跃通数控设备股份有限公司,2020,2020-07-28,"['陆德忠', '钱俊峰']"
IPO,,北京木瓜移动科技股份有限公司,2020,2020-07-28,"['常明', '杨彩凤']"
IPO,,惠州市浩明科技股份有限公司,2020,2020-07-28,"['高巍', '王宁']"
IPO,,江西江铃汽车集团改装车股份有限公司,2020,2020-07-29,"['张立琰', '张令']"
IPO,,深圳市澳华集团股份有限公司,2020,2020-07-29,"['冯军', '徐惠剑']"
IPO,,青岛德盛利智能装备股份有限公司,2020,2020-07-30,"['魏倩婷', '江涛']"
IPO,,北京时代凌宇科技股份有限公司,2020,2020-07-30,"['王振宇', '王昆']"
IPO,,厦门美柚股份有限公司,2020,2020-07-30,"['胡素萍', '吴莉莉', '周奕青']"
IPO,,上海益中亘泰(集团)股份有限公司,2020,2020-07-30,"['叶慧', '李靖豪', '史丽萍']"
IPO,,新疆钵施然智能农机股份有限公司,2020,2020-07-30,"['游弋', '沈娜']"
IPO,,徐辉设计股份有限公司,2020,2020-07-30,"['韦玮', '蒋彧', '张庆洋']"
IPO,,上海天好信息技术股份有限公司,2020,2020-07-31,"['叶胜平', '刘向荣']"
IPO,,浙江德宝通讯科技股份有限公司,2020,2020-07-31,"['胡彦龙', '戴维']"
IPO,,斯瑞尔环境科技股份有限公司,2020,2020-07-31,"['胡海林', '卢茂桉']"
IPO,,江苏鸿基节能新技术股份有限公司,2020,2020-07-31,"['陈瑜', '朱永华']"
IPO,,青岛思普润水处理股份有限公司,2020,2020-07-31,"['叶金福', '杨七虎']"
IPO,,广西五一管业股份有限公司,2020,2020-07-31,"['李东坤', '王珊瑚']"
IPO,,思柏精密科技股份有限公司,2020,2020-07-31,"['康雪艳', '苏晓峰']"
IPO,,华智机器股份公司,2020,2020-07-31,"['张媛媛', '江先敏']"
IPO,,上海健耕医药科技股份有限公司,2020,2020-08-04,"['张昕', '宋闪闪']"
IPO,,深圳市集美新材料股份有限公司,2020,2020-08-06,"['欧阳方亮', '杨栎洁', '郑天河', '陈晓青']"
IPO,,昆腾微电子股份有限公司,2020,2020-08-11,"['李东昕', '刘涛', '胡二琼']"
IPO,,大汉科技股份有限公司,2020,2020-08-13,"['赵威', '刘亚楠', '蒋嘉娜']"
IPO,,美庐生物科技股份有限公司,2020,2020-08-14,"['周益平', '刘勇']"
IPO,,瑞能半导体科技股份有限公司,2020,2020-08-18,"['吴翔', '林玲']"
IPO,,新中冠智能科技股份有限公司,2020,2020-08-19,"['张明远', '沈诚敏']"
IPO,,苏州久美玻璃钢股份有限公司,2020,2020-08-19,"['肖桂莲', '张雪咏', '刘常明']"
IPO,,深圳市晶台股份有限公司,2020,2020-09-01,"['李忠', '陈月娟']"
IPO,,吉利汽车控股有限公司,2020,2020-09-01,"['吴迎', '朱旭峰']"
IPO,,天士力生物医药股份有限公司,2020,2020-09-03,"['余建耀', '李鸿霞']"
IPO,,长威信息科技发展股份有限公司,2020,2020-09-04,"['文爱凤', '陈芝莲', '朱立']"
IPO,,新宇药业股份有限公司,2020,2020-09-07,"['吴抱军', '范芳国']"
IPO,,易景环境科技(天津)股份有限公司,2020,2020-09-08,"['胡振雷', '王晓波']"
IPO,,京东数字科技控股股份有限公司,2020,2020-09-11,"['茆广勤', '杨洁']"
IPO,,四川新荷花中药饮片股份有限公司,2020,2020-09-18,"['刘均', '杨燕']"
IPO,,宁波瑞星时光商业股份有限公司,2020,2020-09-21,"['罗国芳', '黄波', '沈建峰']"
IPO,,山东奥扬新能源科技股份有限公司,2020,2020-09-22,"['荆秀梅', '徐瑞松']"
IPO,,江苏金智教育信息股份有限公司,2020,2020-09-24,"['蔡卫华', '陈婷', '周文阳']"
IPO,,北京思维造物信息科技股份有限公司,2020,2020-09-25,"['曹创', '赖晓楠']"
IPO,,紫泉能源技术股份有限公司,2020,2020-09-25,"['蔡卫华', '曹莹', '杨常平']"
IPO,,上海奥普生物医药股份有限公司,2020,2020-09-25,"['杨力生', '戴祺']"
IPO,,唐山百川智能机器股份有限公司,2020,2020-09-25,"['倪军', '马雪艳', '党小民']"
IPO,,珠海天威新材料股份有限公司,2020,2020-09-28,"['刘明学', '彭丽娟']"
IPO,,广东芬尼科技股份有限公司,2020,2020-09-29,"['张芹', '李江东']"
IPO,,浙江科惠医疗器械股份有限公司,2020,2020-09-29,"['李惠丰', '邓红玉']"
IPO,,想念食品股份有限公司,2020,2020-09-29,"['刘钢跃', '曹湘琦']"
IPO,,深圳市乐的美光电股份有限公司,2020,2020-09-30,"['袁瑞彩', '唐娟']"
IPO,,江苏傲伦达科技实业股份有限公司,2020,2020-09-30,"['蔡畅', '王昌功', '陶凌雪']"
IPO,,深圳市穗晶光电股份有限公司,2020,2020-09-30,"['陈孛', '陈华', '张立琰', '金顺兴', '孙慧敏', '杨小琴']"
IPO,,北京市九州风神科技股份有限公司,2020,2020-09-30,"['肖逸', '龙秀文']"
IPO,,广东真美食品股份有限公司,2020,2020-09-30,"['廖朝理', '纪耀钿']"
IPO,,北农大科技股份有限公司,2020,2020-09-30,"['李剑', '周娅']"
IPO,,中消云科技股份有限公司,2020,2020-09-30,"['何晓明', '苏晓峰']"
IPO,,西安鹰之航航空科技股份有限公司,2020,2020-09-30,"['杨谦', '谭智青', '邢敏', '杨谦', '黄朝安', '赵敏', '张玉梅']"
IPO,,长沙远大住宅工业集团股份有限公司,2020,2020-09-30,"['王齐', '黄锋', '刘若玲']"
IPO,,梦金园黄金珠宝集团股份有限公司,2020,2020-09-30,"['荆秀梅', '侯增玉']"
IPO,,周六福珠宝股份有限公司,2020,2020-09-30,"['安霞', '连声柱']"
IPO,,山东卡尔电气股份有限公司,2020,2020-10-09,"['李荣坤', '张吉范']"
IPO,,北京中科晶上科技股份有限公司,2020,2020-10-09,"['李剑', '张恩学']"
IPO,,江苏浦漕科技股份有限公司,2020,2020-10-13,"['颜新才', '赵添波', '尹传松']"
IPO,,东风汽车集团股份有限公司,2020,2020-10-13,"['高宇', '谭亮', '梁军', '康其敖']"
IPO,,北京赢康科技股份有限公司,2020,2020-10-14,"['葛惠平', '阚忠生']"
IPO,,苏州星诺奇科技股份有限公司,2020,2020-10-14,"['齐利平', '黄冰冰', '任张池']"
IPO,,洛阳中超新材料股份有限公司,2020,2020-10-15,"['郑晓东', '徐志敏']"
IPO,,上海蓝科石化环保科技股份有限公司,2020,2020-10-19,"['曹小勤', '方丽芳']"
IPO,,苏州湘园新材料股份有限公司,2020,2020-10-19,"['王传邦', '陈柏林', '张定坤', '冯垚']"
IPO,,江苏视科新材料股份有限公司,2020,2020-10-21,"['王敏康', '狄秋香', '梁宵']"
IPO,,淄博鲁华泓锦新材料股份有限公司,2020,2020-10-22,"['何双', '相春奎']"
IPO,,杭州思源信息技术股份有限公司,2020,2020-10-27,"['赵晓磊', '李名虎']"
IPO,,固克节能科技股份有限公司,2020,2020-10-29,"['李建彬', '林辉钦', '陈文艺']"
IPO,,浙江优全护理用品科技股份有限公司,2020,2020-10-30,"['徐晓峰', '杨光照']"
IPO,,金麒麟建设科技股份有限公司,2020,2020-10-30,"['林恒新', '肖世超', '詹贤虎']"
IPO,,宁波微科光电股份有限公司,2020,2020-11-02,"['耿振', '皇甫滢']"
IPO,,森泰英格(成都)数控刀具股份有限公司,2020,2020-11-03,"['龚荣华', '胡宏伟', '万懋晖']"
IPO,,云知声智能科技股份有限公司,2020,2020-11-03,"['张松柏', '王法亮']"
IPO,,湖南天济草堂制药股份有限公司,2020,2020-11-03,"['刘智清', '李晓阳', '汪波']"
IPO,,依图科技有限公司,2020,2020-11-04,"['吴懿忻', '葛爱平']"
IPO,,上海欣巴自动化科技股份有限公司,2020,2020-11-04,"['廖金辉', '方伟']"
IPO,,中证信用增进股份有限公司,2020,2020-11-05,"['昌华', '高鹤']"
IPO,,浙江齐治科技股份有限公司,2020,2020-11-05,"['陈科举', '王宏杰', '吴倩悦']"
IPO,,浙江晨泰科技股份有限公司,2020,2020-11-05,"['张建新', '许清慧', '陈国樑']"
IPO,,上海百金化工集团股份有限公司,2020,2020-11-06,"['郑斌', '范翃']"
IPO,,河北合佳医药科技集团股份有限公司,2020,2020-11-09,"['李宗芳', '刘金霞']"
IPO,,浙江开创环保科技股份有限公司,2020,2020-11-10,"['杨建平', '金刚锋']"
IPO,,江苏网进科技股份有限公司,2020,2020-11-11,"['郁向军', '王蒙', '唐保凤']"
IPO,,安徽扬子地板股份有限公司,2020,2020-11-11,"['施琪璋', '童苗根', '彭龙']"
IPO,,广州华腾教育科技股份有限公司,2020,2020-11-13,"['曹创', '曾光']"
IPO,,黑龙江省中瑞医药股份有限公司,2020,2020-11-13,"['姜纯友', '吴少华']"
IPO,,无锡睿思凯科技股份有限公司,2020,2020-11-16,"['冉士龙', '袁慧馨']"
IPO,,朝阳微电子科技股份有限公司,2020,2020-11-16,"['陆红', '王逸飞', '佟海光']"
IPO,,厦门南讯股份有限公司,2020,2020-11-17,"['李建彬', '连益民', '杨吻玉']"
IPO,,苏州闻道网络科技股份有限公司,2020,2020-11-17,"['吴震东', '范翃']"
IPO,,北京雅迪传媒股份有限公司,2020,2020-11-19,"['刘海山', '龙晶羽']"
IPO,,先临三维科技股份有限公司,2020,2020-11-19,"['盛伟明', '叶贤斌']"
IPO,,湖南恒茂高科股份有限公司,2020,2020-11-20,"['贺梦然', '黄竞超']"
IPO,,博创智能装备股份有限公司,2020,2020-11-23,"['苏青', '康璐']"
IPO,,中钢集团马鞍山矿山研究总院股份有限公司,2020,2020-11-24,"['吕志', '陈永毡']"
IPO,,亚洲硅业(青海)股份有限公司,2020,2020-11-25,"['费方华', '徐澄宬']"
IPO,,广东润科生物工程股份有限公司,2020,2020-12-01,"['郭小军', '何婷']"
IPO,,北京乐普诊断科技股份有限公司,2020,2020-12-01,"['王娜', '鲁李']"
IPO,,珠海市鸿瑞信息技术股份有限公司,2020,2020-12-01,"['张之祥', '蒋洁纯', '潘晓玲']"
IPO,,浙江海力股份有限公司,2020,2020-12-01,"['孙玉霞', '孙业亮']"
IPO,,江苏凤凰画材科技股份有限公司,2020,2020-12-01,"['庄继宁', '高旭升']"
IPO,,江苏中成紧固技术发展股份有限公司,2020,2020-12-02,"['吴霆', '张学文']"
IPO,,青岛中科英泰商用系统股份有限公司,2020,2020-12-03,"['刘元锁', '沈大智', '马敬举']"
IPO,,江苏正济药业股份有限公司,2020,2020-12-03,"['赵焕琪', '赵超', '赵焕琪', '姚植基']"
IPO,,浙江中山化工集团股份有限公司,2020,2020-12-03,"['王强', '赵静娴']"
IPO,,唐山曹妃甸木业股份有限公司,2020,2020-12-08,"['江永辉', '张镝']"
IPO,,新疆派特罗尔能源服务股份有限公司,2020,2020-12-08,"['滕忠诚', '李菲菲', '叶金福']"
IPO,,浙江伏尔特医疗器械股份有限公司,2020,2020-12-08,"['梁谦海', '陈清松']"
IPO,,深圳市家鸿口腔医疗股份有限公司,2020,2020-12-09,"['金华', '马玥', '苏洋', '黄声森', '陈志芳', '罗芙蓉', '王忠年']"
IPO,,成都宏基建材股份有限公司,2020,2020-12-11,"['陈洪涛', '徐洪荣']"
IPO,,杭州潜阳科技股份有限公司,2020,2020-12-11,"['杨荣华', '陈兴冬']"
IPO,,湖南北控威保特环境科技股份有限公司,2020,2020-12-14,"['李新葵', '黄湘伟', '张红', '周融']"
IPO,,德威华泰科技股份有限公司,2020,2020-12-16,"['李洪仪', '王路']"
IPO,,安徽晶奇网络科技股份有限公司,2020,2020-12-17,"['郑磊', '黄冰冰', '何平平']"
IPO,,海诺尔环保产业股份有限公司,2020,2020-12-17,"['廖继平', '王莉']"
IPO,,武汉珈创生物技术股份有限公司,2020,2020-12-18,"['索保国', '徐敏', '胡艺']"
IPO,,河南皓泽电子股份有限公司,2020,2020-12-21,"['江永辉', '李光宇']"
IPO,,山东晶导微电子股份有限公司,2020,2020-12-21,"['赵艳美', '何峰']"
IPO,,江苏山由帝奥节能新材股份有限公司,2020,2020-12-21,"['田业阳', '张磊']"
IPO,,恒伦医疗科技股份有限公司,2020,2020-12-23,"['向芳芸', '王锋革', '周佩']"
IPO,,江苏容汇通用锂业股份有限公司,2020,2020-12-23,"['林盛宇', '陈书珍']"
IPO,,海南呀诺达圆融旅业股份有限公司,2020,2020-12-23,"['雷小玲', '李慧']"
IPO,,江苏沃得农业机械股份有限公司,2020,2020-12-23,"['蔡卫华', '杨常平', '杨磊']"
IPO,,杭州百子尖科技股份有限公司,2020,2020-12-24,"['顾兆峰', '李胜']"
IPO,,天津华鸿科技股份有限公司,2020,2020-12-24,"['徐春', '王逵忠', '韩建春']"
IPO,,浙江才府玻璃股份有限公司,2020,2020-12-25,"['徐晓峰', '阮飘飘']"
IPO,,江西天沅环保集团股份有限公司,2020,2020-12-25,"['徐春', '王磊']"
IPO,,新疆九洲恒昌供应链管理股份有限公司,2020,2020-12-25,"['朱瑛', '李婷', '张艳']"
IPO,,浙江衣拿智能科技股份有限公司,2020,2020-12-25,"['蔡志良', '孙国建', '周丽娜', '陈连锋']"
IPO,,浙江博蓝特半导体科技股份有限公司,2020,2020-12-25,"['姚丽强', '张连成']"
IPO,,广州智特奇生物科技股份有限公司,2020,2020-12-25,"['李贵强', '李敏民']"
IPO,,上海载德信息科技股份有限公司,2020,2020-12-25,"['姚辉', '许丽蓉', '唐晓薇']"
IPO,,万香科技股份有限公司,2020,2020-12-25,"['党小安', '王晓蔷', '许雯君']"
IPO,,深圳市优学天下教育发展股份有限公司,2020,2020-12-25,"['张磊', '林大坤', '解小雨']"
IPO,,菲鹏生物股份有限公司,2020,2020-12-25,"['赵国梁', '陈锡雄', '龙海燕']"
IPO,,维尼健康(深圳)股份有限公司,2020,2020-12-25,"['邓华明', '陈亚娟']"
IPO,,湖南鑫远环境科技股份有限公司,2020,2020-12-25,"['丁景东', '齐钢强']"
IPO,,深圳市金照明科技股份有限公司,2020,2020-12-26,"['陈昭', '郭醒辉']"
IPO,,深圳市美的连医疗电子股份有限公司,2020,2020-12-28,"['张晓荣', '杨小磊', '杨桂丽']"
IPO,,广东伟邦科技股份有限公司,2020,2020-12-28,"['余东红', '李俊']"
IPO,,华泰永创(北京)科技股份有限公司,2020,2020-12-28,"['赵斌', '龙勇']"
IPO,,千里马机械供应链股份有限公司,2020,2020-12-28,"['薛永东', '孙有航']"
IPO,,北京华科仪科技股份有限公司,2020,2020-12-28,"['闫宏江', '栗海洲', '白海云']"
IPO,,北京华成智云软件股份有限公司,2020,2020-12-28,"['杨洪武', '解玮']"
IPO,,无锡和烁丰科技股份有限公司,2020,2020-12-28,"['冉士龙', '蔡学雷', '刘文剑']"
IPO,,重庆广电数字传媒股份有限公司,2020,2020-12-29,"['李青龙', '文永丽']"
IPO,,江西杏林白马药业股份有限公司,2020,2020-12-29,"['周济平', '徐如杰']"
IPO,,江苏镇江建筑科学研究院集团股份有限公司,2020,2020-12-29,"['沙贝佳', '王进']"
IPO,,江苏华鹏智能仪表科技股份有限公司,2020,2020-12-29,"['熊明峰', '郭凯', '霍金凤']"
IPO,,安徽金田高新材料股份有限公司,2020,2020-12-29,"['汪玉寿', '周文亮', '陈如鹏']"
IPO,,三问家居股份有限公司,2020,2020-12-29,"['都蕾', '章艳']"
IPO,,苏州瑞博生物技术股份有限公司,2020,2020-12-29,"['鲍小刚', '夏婵玉']"
IPO,,山东益丰生化环保股份有限公司,2020,2020-12-29,"['陈金波', '于仁强', '李鑫']"
IPO,,青岛易来智能科技股份有限公司,2020,2020-12-30,"['胡新荣', '王彩霞', '鲁意宏']"
IPO,,伟志股份公司,2020,2020-12-30,"['林宏华', '周雯茜']"
IPO,,河北翼辰实业集团股份有限公司,2020,2020-12-30,"['金顺兴', '欧阳彩华']"
IPO,,福建久策气体股份有限公司,2020,2020-12-30,"['林海涛', '郭文起', '邱秋星', '郑淑琳', '龚征', '黄冬妹']"
IPO,,武汉木仓科技股份有限公司,2020,2020-12-30,"['范桂铭', '方正']"
IPO,,浙江世佳科技股份有限公司,2020,2020-12-30,"['尹志彬', '王晓康']"
IPO,,山东寿光市坤隆石油机械股份有限公司,2020,2020-12-30,"['汪洋', '石百慧']"
IPO,,四川龙华光电薄膜股份有限公司,2020,2020-12-30,"['李元良', '田建勇']"
IPO,,深圳市柔宇科技股份有限公司,2020,2020-12-31,"['周俊祥', '陈勇', '吕红涛']"
IPO,,上海建工建材科技集团股份有限公司,2020,2020-12-31,"['何旭春', '陈剑']"
IPO,,江苏国光信息产业股份有限公司,2020,2020-12-31,"['潘永祥', '宋斌']"
IPO,,旭宇光电(深圳)股份有限公司,2020,2020-12-31,"['李振华', '李哲']"
IPO,,陕西石羊农业科技股份有限公司,2020,2020-12-31,"['常晓波', '卫婵']"
IPO,,江泰保险经纪股份有限公司,2020,2020-12-31,"['张鸿彦', '黄羽']"
IPO,,深圳时代装饰股份有限公司,2020,2020-12-31,"['付忠伟', '赵亮']"
IPO,,苏州纽克斯电源技术股份有限公司,2020,2020-12-31,"['姚辉', '金琦']"
IPO,,上海宽创国际文化科技股份有限公司,2020,2020-12-31,"['李赟莘', '郭义喜', '肖俊龙']"
IPO,,北京蓝色星际科技股份有限公司,2020,2020-12-31,"['何降星', '曹小琳']"
IPO,,常州伟泰科技股份有限公司,2020,2020-12-31,"['李惠丰', '朱作武']"
IPO,,斯瑞尔环境科技股份有限公司,2021,2021-01-01,"['胡海林', '卢茂桉']"
IPO,,华缘新材料股份有限公司,2021,2021-01-01,"['陈中江', '沈云强']"
IPO,,山东卡尔电气股份有限公司,2021,2021-01-02,"['李荣坤', '张吉范']"
IPO,,杭州老鹰教育科技股份有限公司,2021,2021-01-04,"['章祥', '银雪姣', '王佶恺']"
IPO,,广东百合医疗科技股份有限公司,2021,2021-01-04,"['张宁', '刘国棣']"
IPO,,山东丰源生物质发电股份公司,2021,2021-01-04,"['陈金波', '杨立振', '田城', '李应']"
IPO,,上海宾酷网络科技股份有限公司,2021,2021-01-05,"['陈彩琴', '罗联玬']"
IPO,,深圳市仙迪化妆品股份有限公司,2021,2021-01-05,"['康雪艳', '杨兰']"
IPO,,宁波环洋新材料股份有限公司,2021,2021-01-06,"['郭文令', '胡晓辰']"
IPO,,上海翼捷工业安全设备股份有限公司,2021,2021-01-06,"['郭海龙', '曾莉', '徐婷']"
IPO,,青岛德盛利智能装备股份有限公司,2021,2021-01-06,"['魏倩婷', '江涛']"
IPO,,中联云港数据科技股份有限公司,2021,2021-01-06,"['王清峰', '何航', '杨庶']"
IPO,,浙江伏尔特医疗器械股份有限公司,2021,2021-01-06,"['梁谦海', '陈清松']"
IPO,,洛阳中超新材料股份有限公司,2021,2021-01-06,"['郑晓东', '徐志敏']"
IPO,,深圳市家鸿口腔医疗股份有限公司,2021,2021-01-07,"['金华', '马玥', '苏洋', '黄声森', '陈志芳', '罗芙蓉', '王忠年']"
IPO,,上海禾赛科技股份有限公司,2021,2021-01-07,"['唐恋炯', '顾嵛平']"
IPO,,北京点众科技股份有限公司,2021,2021-01-07,"['陈伟', '迟国栋']"
IPO,,湖北省鄂旅投旅游发展股份有限公司,2021,2021-01-08,"['吴杰', '代娟', '李进', '黄长文']"
IPO,,永道射频技术股份有限公司,2021,2021-01-08,"['李东昕', '王书阁', '邓军']"
IPO,,苏州久美玻璃钢股份有限公司,2021,2021-01-08,"['肖桂莲', '张雪咏', '刘常明']"
IPO,,江苏鸿基节能新技术股份有限公司,2021,2021-01-08,"['陈瑜', '朱永华']"
IPO,,大运汽车股份有限公司,2021,2021-01-08,"['王蕾', '温静']"
IPO,,锐芯微电子股份有限公司,2021,2021-01-08,"['陈黎', '朱杰']"
IPO,,杭州潜阳科技股份有限公司,2021,2021-01-08,"['杨荣华', '陈兴冬']"
IPO,,天士力生物医药股份有限公司,2021,2021-01-08,"['余建耀', '李鸿霞']"
IPO,,北京时代凌宇科技股份有限公司,2021,2021-01-10,"['王振宇', '王昆']"
IPO,,北京盛诺基医药科技股份有限公司,2021,2021-01-11,"['杨景璐', '唐晓军']"
IPO,,上海奥普生物医药股份有限公司,2021,2021-01-11,"['杨力生', '戴祺']"
IPO,,无锡金通高纤股份有限公司,2021,2021-01-11,"['胡学文', '吴舟', '李昱']"
IPO,,北京弘成立业科技股份有限公司,2021,2021-01-11,"['陈静', '宋宁波']"
IPO,,南通跃通数控设备股份有限公司,2021,2021-01-11,"['陆德忠', '钱俊峰']"
IPO,,厦门多想互动文化传播股份有限公司,2021,2021-01-11,"['林新田', '陈裕成']"
IPO,,北京木瓜移动科技股份有限公司,2021,2021-01-12,"['常明', '杨彩凤']"
IPO,,四川丁点儿食品开发股份有限公司,2021,2021-01-12,"['时斌', '刘雨']"
IPO,,浙江华剑智能装备股份有限公司,2021,2021-01-12,"['殷雪芳', '肖涵']"
IPO,,北京赢康科技股份有限公司,2021,2021-01-13,"['葛惠平', '阚忠生']"
IPO,,上海拓璞数控科技股份有限公司,2021,2021-01-13,"['庄继宁', '廖君', '田华']"
IPO,,海诺尔环保产业股份有限公司,2021,2021-01-13,"['廖继平', '王莉']"
IPO,,福建汇川物联网技术科技股份有限公司,2021,2021-01-14,"['林宏华', '郭沛', '黄志文']"
IPO,,大通(福建)新材料股份有限公司,2021,2021-01-14,"['王庆莲', '李莉丽']"
IPO,,苏州湘园新材料股份有限公司,2021,2021-01-14,"['王传邦', '陈柏林', '张定坤', '冯垚']"
IPO,,美庐生物科技股份有限公司,2021,2021-01-14,"['周益平', '刘勇']"
IPO,,德威华泰科技股份有限公司,2021,2021-01-14,"['李洪仪', '王路']"
IPO,,南京森根科技股份有限公司,2021,2021-01-14,"['诸旭敏', '刘萍']"
IPO,,深圳市乾德电子股份有限公司,2021,2021-01-14,"['康雪艳', '杨兰']"
IPO,,北京中科晶上科技股份有限公司,2021,2021-01-15,"['李剑', '张恩学']"
IPO,,思柏精密科技股份有限公司,2021,2021-01-15,"['康雪艳', '苏晓峰']"
IPO,,深圳市金照明科技股份有限公司,2021,2021-01-15,"['陈昭', '郭醒辉']"
IPO,,安徽晶奇网络科技股份有限公司,2021,2021-01-15,"['郑磊', '黄冰冰', '何平平']"
IPO,,武汉珈创生物技术股份有限公司,2021,2021-01-15,"['索保国', '徐敏', '胡艺']"
IPO,,河南皓泽电子股份有限公司,2021,2021-01-16,"['江永辉', '李光宇']"
IPO,,淄博鲁华泓锦新材料股份有限公司,2021,2021-01-18,"['何双', '相春奎']"
IPO,,上海蓝科石化环保科技股份有限公司,2021,2021-01-19,"['曹小勤', '方丽芳']"
IPO,,苏州星诺奇科技股份有限公司,2021,2021-01-19,"['齐利平', '黄冰冰', '任张池']"
IPO,,安庆回音必制药股份有限公司,2021,2021-01-19,"['宁云', '黄剑', '周光']"
IPO,,浙江日发纺织机械股份有限公司,2021,2021-01-20,"['朱国刚', '张春洋', '闾力华']"
IPO,,恒伦医疗科技股份有限公司,2021,2021-01-20,"['向芳芸', '王锋革', '周佩']"
IPO,,山东同成医药股份有限公司,2021,2021-01-20,"['吴金锋', '姜坤']"
IPO,,江苏容汇通用锂业股份有限公司,2021,2021-01-21,"['林盛宇', '陈书珍']"
IPO,,杭州百子尖科技股份有限公司,2021,2021-01-21,"['顾兆峰', '李胜']"
IPO,,江苏金智教育信息股份有限公司,2021,2021-01-21,"['蔡卫华', '陈婷', '周文阳']"
IPO,,江苏新视云科技股份有限公司,2021,2021-01-21,"['贾丽娜', '蔡卫华', '杨磊', '詹从才', '王颖']"
IPO,,江苏沃得农业机械股份有限公司,2021,2021-01-21,"['蔡卫华', '杨常平', '杨磊']"
IPO,,海南呀诺达圆融旅业股份有限公司,2021,2021-01-21,"['雷小玲', '李慧']"
IPO,,维尼健康(深圳)股份有限公司,2021,2021-01-22,"['邓华明', '陈亚娟']"
IPO,,洛阳涧光特种装备股份有限公司,2021,2021-01-22,"['闫磊', '李光宇']"
IPO,,宁波大叶园林工业股份有限公司,2021,2021-01-22,"['韦军', '顾嫣萍']"
IPO,,北京中数智汇科技股份有限公司,2021,2021-01-22,"['孙宁', '董阳阳']"
IPO,,浙江优全护理用品科技股份有限公司,2021,2021-01-22,"['徐晓峰', '杨光照']"
IPO,,上海灿星文化传媒股份有限公司,2021,2021-01-22,"['王斌', '倪一琳']"
IPO,,固克节能科技股份有限公司,2021,2021-01-22,"['李建彬', '林辉钦', '陈文艺']"
IPO,,北京思维造物信息科技股份有限公司,2021,2021-01-22,"['曹创', '赖晓楠']"
IPO,,广州银行股份有限公司,2021,2021-01-22,"['陈文峰', '吕正']"
IPO,,力同科技股份有限公司,2021,2021-01-22,"['陈鹏', '李斌']"
IPO,,华智机器股份公司,2021,2021-01-22,"['张媛媛', '江先敏']"
IPO,,大汉科技股份有限公司,2021,2021-01-22,"['赵威', '刘亚楠', '蒋嘉娜']"
IPO,,浙江衣拿智能科技股份有限公司,2021,2021-01-22,"['蔡志良', '孙国建', '周丽娜', '陈连锋']"
IPO,,天津华鸿科技股份有限公司,2021,2021-01-23,"['徐春', '王逵忠', '韩建春']"
IPO,,广东伟邦科技股份有限公司,2021,2021-01-24,"['余东红', '李俊']"
IPO,,深圳市优学天下教育发展股份有限公司,2021,2021-01-24,"['张磊', '林大坤', '解小雨']"
IPO,,万香科技股份有限公司,2021,2021-01-24,"['党小安', '王晓蔷', '许雯君']"
IPO,,上海欣巴自动化科技股份有限公司,2021,2021-01-24,"['廖金辉', '方伟']"
IPO,,上海载德信息科技股份有限公司,2021,2021-01-25,"['姚辉', '许丽蓉', '唐晓薇']"
IPO,,千里马机械供应链股份有限公司,2021,2021-01-25,"['薛永东', '孙有航']"
IPO,,湖南鑫远环境科技股份有限公司,2021,2021-01-25,"['丁景东', '齐钢强']"
IPO,,浙江博蓝特半导体科技股份有限公司,2021,2021-01-25,"['魏琴', '姚丽强', '张连成']"
IPO,,菲鹏生物股份有限公司,2021,2021-01-25,"['赵国梁', '陈锡雄', '龙海燕']"
IPO,,北京华科仪科技股份有限公司,2021,2021-01-26,"['闫宏江', '栗海洲', '白海云']"
IPO,,深圳市美的连医疗电子股份有限公司,2021,2021-01-26,"['张晓荣', '杨小磊', '杨桂丽']"
IPO,,无锡和烁丰科技股份有限公司,2021,2021-01-26,"['冉士龙', '蔡学雷', '刘文剑']"
IPO,,苏州晶云药物科技股份有限公司,2021,2021-01-26,"['杨景欣', '蒋宗良']"
IPO,,广州佛朗斯股份有限公司,2021,2021-01-26,"['彭宗显', '翁祖桂']"
IPO,,山东益丰生化环保股份有限公司,2021,2021-01-26,"['陈金波', '于仁强', '李鑫']"
IPO,,华泰永创(北京)科技股份有限公司,2021,2021-01-26,"['赵斌', '龙勇']"
IPO,,苏州瑞博生物技术股份有限公司,2021,2021-01-27,"['鲍小刚', '夏婵玉']"
IPO,,江苏国光信息产业股份有限公司,2021,2021-01-27,"['潘永祥', '宋斌']"
IPO,,江苏华鹏智能仪表科技股份有限公司,2021,2021-01-27,"['熊明峰', '郭凯', '霍金凤']"
IPO,,江苏镇江建筑科学研究院集团股份有限公司,2021,2021-01-27,"['沙贝佳', '王进']"
IPO,,广东世宇科技股份有限公司,2021,2021-01-27,"['黄晓莉', '姚继伟']"
IPO,,徐辉设计股份有限公司,2021,2021-01-27,"['韦玮', '蒋彧', '张庆洋']"
IPO,,三问家居股份有限公司,2021,2021-01-27,"['都蕾', '章艳']"
IPO,,重庆广电数字传媒股份有限公司,2021,2021-01-27,"['李青龙', '文永丽']"
IPO,,安徽金田高新材料股份有限公司,2021,2021-01-27,"['汪玉寿', '周文亮', '陈如鹏']"
IPO,,江西杏林白马药业股份有限公司,2021,2021-01-27,"['周济平', '徐如杰']"
IPO,,湖南星邦智能装备股份有限公司,2021,2021-01-27,"['刘智清', '周曼', '杨迎']"
IPO,,中证信用增进股份有限公司,2021,2021-01-27,"['昌华', '高鹤']"
IPO,,江苏扬瑞新型材料股份有限公司,2021,2021-01-27,"['张帆', '闫保瑞']"
IPO,,广西五一管业股份有限公司,2021,2021-01-27,"['李东坤', '王珊瑚']"
IPO,,长威信息科技发展股份有限公司,2021,2021-01-28,"['文爱凤', '陈芝莲', '朱立']"
IPO,,四川华夏万卷文化传媒股份有限公司,2021,2021-01-28,"['罗东先', '唐松柏']"
IPO,,深圳市柔宇科技股份有限公司,2021,2021-01-28,"['周俊祥', '陈勇', '吕红涛']"
IPO,,浙江世佳科技股份有限公司,2021,2021-01-28,"['尹志彬', '王晓康']"
IPO,,青岛易来智能科技股份有限公司,2021,2021-01-28,"['胡新荣', '王彩霞', '鲁意宏']"
IPO,,旭宇光电(深圳)股份有限公司,2021,2021-01-28,"['李振华', '李哲']"
IPO,,深圳市集美新材料股份有限公司,2021,2021-01-28,"['欧阳方亮', '杨栎洁', '陈晓青']"
IPO,,河北翼辰实业集团股份有限公司,2021,2021-01-28,"['金顺兴', '欧阳彩华']"
IPO,,四川龙华光电薄膜股份有限公司,2021,2021-01-28,"['李元良', '田建勇']"
IPO,,福建久策气体股份有限公司,2021,2021-01-28,"['林海涛', '郭文起', '邱秋星', '郑淑琳', '龚征', '黄冬妹']"
IPO,,山东寿光市坤隆石油机械股份有限公司,2021,2021-01-28,"['汪洋', '石百慧', '汪洋', '季晟']"
IPO,,上海宽创国际文化科技股份有限公司,2021,2021-01-29,"['李赟莘', '郭义喜', '肖俊龙']"
IPO,,北京蓝色星际科技股份有限公司,2021,2021-01-29,"['何降星', '曹小琳']"
IPO,,苏州纽克斯电源技术股份有限公司,2021,2021-01-29,"['姚辉', '金琦']"
IPO,,深圳市紫光照明技术股份有限公司,2021,2021-01-29,"['李振华', '梁艳媚']"
IPO,,深圳市澳华集团股份有限公司,2021,2021-02-01,"['冯军', '徐惠剑']"
IPO,,广东咏声动漫股份有限公司,2021,2021-02-01,"['雷江', '陈丽嘉']"
IPO,,上海天好信息技术股份有限公司,2021,2021-02-01,"['叶胜平', '刘向荣']"
IPO,,深圳市天彦通信股份有限公司,2021,2021-02-01,"['陈刚', '郑建江', '邓蕾']"
IPO,,盐城海普润科技股份有限公司,2021,2021-02-02,"['徐侃瓴', '周徐春']"
IPO,,浙江齐治科技股份有限公司,2021,2021-02-02,"['陈科举', '王宏杰', '吴倩悦']"
IPO,,上海海和药物研究开发股份有限公司,2021,2021-02-03,"['费凡', '朱奇琦']"
IPO,,洋紫荆油墨股份有限公司,2021,2021-02-03,"['龙琦', '张令']"
IPO,,江苏视科新材料股份有限公司,2021,2021-02-05,"['王敏康', '狄秋香', '梁宵']"
IPO,,浙江晨泰科技股份有限公司,2021,2021-02-06,"['张建新', '许清慧', '陈国樑']"
IPO,,江苏安凯特科技股份有限公司,2021,2021-02-08,"['夏先锋', '樊略']"
IPO,,宁波中淳高科股份有限公司,2021,2021-02-09,"['卢娅萍', '范俊', '缪媛媛']"
IPO,,中化能源股份有限公司,2021,2021-02-09,"['赵毅智', '邢立昕']"
IPO,,成都倍特药业股份有限公司,2021,2021-02-09,"['陈英杰', '关德福']"
IPO,,森泰英格(成都)数控刀具股份有限公司,2021,2021-02-10,"['龚荣华', '胡宏伟', '万懋晖']"
IPO,,依图科技有限公司,2021,2021-02-10,"['吴懿忻', '葛爱平']"
IPO,,北京贝尔生物工程股份有限公司,2021,2021-02-10,"['冯雪', '张丽芳']"
IPO,,创智和宇信息技术股份有限公司,2021,2021-02-10,"['蒋西军', '刘辉']"
IPO,,恐龙园文化旅游集团股份有限公司,2021,2021-02-10,"['邵立新', '吴晓蕊']"
IPO,,苏州湘园新材料股份有限公司,2021,2021-02-10,"['王传邦', '陈柏林', '张定坤']"
IPO,,厦门南讯股份有限公司,2021,2021-02-17,"['李建彬', '连益民', '杨吻玉']"
IPO,,江苏凤凰画材科技股份有限公司,2021,2021-02-18,"['庄继宁', '高旭升']"
IPO,,深圳国人科技股份有限公司,2021,2021-02-18,"['陈孛', '陈华']"
IPO,,锦州捷通铁路机械股份有限公司,2021,2021-02-19,"['谭寿成', '张钰']"
IPO,,云知声智能科技股份有限公司,2021,2021-02-19,"['张松柏', '王法亮']"
IPO,,浙江鑫甬生物化工股份有限公司,2021,2021-02-19,"['章祥', '葛朋', '郑利锋']"
IPO,,固安信通信号技术股份有限公司,2021,2021-02-20,"['何航', '莫伟', '邹昕']"
IPO,,广州创尔生物技术股份有限公司,2021,2021-02-20,"['徐聃', '潘秋苑']"
IPO,,中国茶叶股份有限公司,2021,2021-02-20,"['梁志刚', '胡春燕']"
IPO,,康定金鑫矿业旅游股份有限公司,2021,2021-02-20,"['刘勇', '汪健', '储阳玲']"
IPO,,宁夏沃福百瑞枸杞产业股份有限公司,2021,2021-02-22,"['秦霞', '杜恒月', '孙晓爽', '黄海洋']"
IPO,,紫泉能源技术股份有限公司,2021,2021-02-22,"['蔡卫华', '曹莹', '杨常平']"
IPO,,博创智能装备股份有限公司,2021,2021-02-22,"['苏青', '康璐']"
IPO,,浙江德宝通讯科技股份有限公司,2021,2021-02-24,"['胡彦龙', '戴维']"
IPO,,西安鹰之航航空科技股份有限公司,2021,2021-02-24,"['杨谦', '谭智青']"
IPO,,广东润科生物工程股份有限公司,2021,2021-02-24,"['郭小军', '何婷']"
IPO,,深圳市穗晶光电股份有限公司,2021,2021-03-01,"['陈孛', '陈华', '张立琰', '金顺兴', '孙慧敏', '杨小琴']"
IPO,,四川新荷花中药饮片股份有限公司,2021,2021-03-01,"['刘均', '杨燕']"
IPO,,广东芬尼科技股份有限公司,2021,2021-03-01,"['张芹', '李江东']"
IPO,,上海重塑能源集团股份有限公司,2021,2021-03-02,"['汤加全', '杨林', '金炜']"
IPO,,中消云科技股份有限公司,2021,2021-03-02,"['何晓明', '苏晓峰']"
IPO,,广州智特奇生物科技股份有限公司,2021,2021-03-02,"['李贵强', '李敏民']"
IPO,,朝阳微电子科技股份有限公司,2021,2021-03-02,"['陆红', '王逸飞', '佟海光']"
IPO,,无锡市尚沃医疗电子股份有限公司,2021,2021-03-02,"['贾丽娜', '陈晓龙', '祁祥']"
IPO,,浙江开创环保科技股份有限公司,2021,2021-03-02,"['杨建平', '金刚锋']"
IPO,,北京市九州风神科技股份有限公司,2021,2021-03-03,"['肖逸', '龙秀文']"
IPO,,上海益中亘泰(集团)股份有限公司,2021,2021-03-03,"['叶慧', '李靖豪', '史丽萍']"
IPO,,深圳市华南装饰集团股份有限公司,2021,2021-03-04,"['李秋波', '肖和勇']"
IPO,,浙江珊溪水利水电开发股份有限公司,2021,2021-03-04,"['郭安静', '刘艳霞']"
IPO,,北京神导科技股份有限公司,2021,2021-03-04,"['王娜', '胡碟']"
IPO,,珠海天威新材料股份有限公司,2021,2021-03-05,"['刘明学', '彭丽娟']"
IPO,,深圳市和宏实业股份有限公司,2021,2021-03-05,"['陈丹燕', '李伟']"
IPO,,成都一通密封股份有限公司,2021,2021-03-05,"['龚荣华', '胡宏伟']"
IPO,,亚洲硅业(青海)股份有限公司,2021,2021-03-05,"['费方华', '徐澄宬']"
IPO,,上海钢银电子商务股份有限公司,2021,2021-03-05,"['连向阳', '王健', '王晨', '周力']"
IPO,,北京柠檬微趣科技股份有限公司,2021,2021-03-08,"['蔡晓丽', '王首一']"
IPO,,正业设计股份有限公司,2021,2021-03-09,"['王许', '朱磊']"
IPO,,广东真美食品股份有限公司,2021,2021-03-09,"['廖朝理', '纪耀钿']"
IPO,,北农大科技股份有限公司,2021,2021-03-11,"['李剑', '周娅']"
IPO,,浙江天地环保科技股份有限公司,2021,2021-03-11,"['叶骏', '程悦', '胡超', '吴美芬']"
IPO,,中钢集团马鞍山矿山研究总院股份有限公司,2021,2021-03-11,"['吕志', '陈永毡']"
IPO,,旷视科技有限公司,2021,2021-03-12,"['陈文龙', '吴宗泽']"
IPO,,北京乐普诊断科技股份有限公司,2021,2021-03-12,"['王娜', '鲁李']"
IPO,,广州华腾教育科技股份有限公司,2021,2021-03-12,"['曹创', '曾光']"
IPO,,深圳市乐的美光电股份有限公司,2021,2021-03-16,"['袁瑞彩', '唐娟']"
IPO,,想念食品股份有限公司,2021,2021-03-16,"['刘钢跃', '曹湘琦']"
IPO,,常州钟恒新材料股份有限公司,2021,2021-03-16,"['毛晓东', '吴学友', '徐作骏', '朱黎']"
IPO,,北京雅迪传媒股份有限公司,2021,2021-03-17,"['刘海山', '龙晶羽']"
IPO,,山东奥扬新能源科技股份有限公司,2021,2021-03-17,"['荆秀梅', '徐瑞松']"
IPO,,浙江日风电气股份有限公司,2021,2021-03-17,"['胡燕华', '杜金宇', '钮海东']"
IPO,,长沙远大住宅工业集团股份有限公司,2021,2021-03-18,"['王齐', '黄锋', '刘若玲']"
IPO,,青岛朗夫科技股份有限公司,2021,2021-03-19,"['章祥', '王渝璐']"
IPO,,湖南恒茂高科股份有限公司,2021,2021-03-19,"['贺梦然', '黄竞超']"
IPO,,江苏傲伦达科技实业股份有限公司,2021,2021-03-19,"['蔡畅', '王昌功', '陶凌雪']"
IPO,,赛赫智能设备(上海)股份有限公司,2021,2021-03-22,"['郑磊', '刘润', '钱玮']"
IPO,,远峰科技股份有限公司,2021,2021-03-23,"['张媛媛', '江先敏']"
IPO,,珠海市鸿瑞信息技术股份有限公司,2021,2021-03-23,"['张之祥', '蒋洁纯', '潘晓玲']"
IPO,,广东中图半导体科技股份有限公司,2021,2021-03-25,"['张云鹤', '刘秀娟']"
IPO,,江苏中成紧固技术发展股份有限公司,2021,2021-03-26,"['吴霆', '张学文']"
IPO,,宁夏沃福百瑞枸杞产业股份有限公司,2021,2021-03-26,"['秦霞', '杜恒月']"
IPO,,固克节能科技股份有限公司,2021,2021-03-29,"['李建彬', '林辉钦', '陈文艺', '林炎临', '梁宝珠', '郭清艺']"
IPO,,浙江优全护理用品科技股份有限公司,2021,2021-03-29,"['徐晓峰', '许安平']"
IPO,,北京天广实生物技术股份有限公司,2021,2021-03-29,"['张克东', '晓晓', '陈军']"
IPO,,江苏山由帝奥节能新材股份有限公司,2021,2021-03-30,"['田业阳', '张磊']"
IPO,,北京清水爱派建筑设计股份有限公司,2021,2021-03-30,"['倪军', '张蕾']"
IPO,,唐山百川智能机器股份有限公司,2021,2021-03-31,"['倪军', '马雪艳', '党小民']"
IPO,,广州至信药业股份有限公司,2021,2021-03-31,"['陈富来', '祝小锋']"
IPO,,金麒麟建设科技股份有限公司,2021,2021-03-31,"['林恒新', '肖世超', '詹贤虎']"
IPO,,京东数字科技控股股份有限公司,2021,2021-04-02,"['茆广勤', '杨洁']"
IPO,,陕西红星美羚乳业股份有限公司,2021,2021-04-05,"['王侠', '何雪琦']"
IPO,,酒仙网络科技股份有限公司,2021,2021-04-08,"['强桂英', '王绪增']"
IPO,,海默尼药业股份有限公司,2021,2021-04-08,"['黄巧梅', '赵兴明']"
IPO,,上海新农科技股份有限公司,2021,2021-04-08,"['唐国骏', '郑凌云', '刘云']"
IPO,,北京圣博润高新技术股份有限公司,2021,2021-04-12,"['田术会', '周敏', '沈晓萍']"
IPO,,先临三维科技股份有限公司,2021,2021-04-13,"['盛伟明', '叶贤斌']"
IPO,,四川省国投羌山科技集团股份有限公司,2021,2021-04-13,"['庄瑞兰', '徐洪平', '李婕']"
IPO,,宁波微科光电股份有限公司,2021,2021-04-13,"['耿振', '皇甫滢']"
IPO,,青岛思普润水处理股份有限公司,2021,2021-04-14,"['叶金福', '杨七虎']"
IPO,,深圳微众信用科技股份有限公司,2021,2021-04-15,"['陈思杰', '奚霞']"
IPO,,青岛中科英泰商用系统股份有限公司,2021,2021-04-15,"['刘元锁', '沈大智', '马敬举']"
IPO,,八马茶业股份有限公司,2021,2021-04-15,"['肖铁青', '李文茜', '陈琼', '钟宇']"
IPO,,湖南北控威保特环境科技股份有限公司,2021,2021-04-15,"['李新葵', '黄湘伟', '张红', '周融']"
IPO,,湖南天济草堂制药股份有限公司,2021,2021-04-16,"['刘智清', '李晓阳', '汪波']"
IPO,,浙江科惠医疗器械股份有限公司,2021,2021-04-21,"['李惠丰', '邓红玉']"
IPO,,上海卡恩文化传播股份有限公司,2021,2021-04-21,"['胡新荣', '李朝蒙', '郑理达']"
IPO,,常州伟泰科技股份有限公司,2021,2021-04-22,"['李惠丰', '朱作武']"
IPO,,伟志股份公司,2021,2021-04-22,"['林宏华', '周雯茜']"
IPO,,武汉亿童文教股份有限公司,2021,2021-04-22,"['李建树', '喻俊', '罗亮', '吴杰']"
IPO,,浙江海力股份有限公司,2021,2021-04-23,"['孙玉霞', '孙业亮']"
IPO,,北京华成智云软件股份有限公司,2021,2021-04-23,"['杨洪武', '解玮']"
IPO,,宁波瑞星时光商业股份有限公司,2021,2021-04-28,"['罗国芳', '黄波', '沈建峰']"
IPO,,宁波博菱电器股份有限公司,2021,2021-04-29,"['占铁华', '栾艳鹏', '许沥文']"
IPO,,沈阳风景园林股份有限公司,2021,2021-04-29,"['石朝欣', '胡登峰']"
IPO,,上海吉凯基因医学科技股份有限公司,2021,2021-05-07,"['张俊峰', '张世盛']"
IPO,,江苏浦漕科技股份有限公司,2021,2021-05-07,"['颜新才', '赵添波', '尹传松']"
IPO,,湖北恒安芙林药业股份有限公司,2021,2021-05-12,"['向辉', '张文娟', '付莉']"
IPO,,日日顺供应链科技股份有限公司,2021,2021-05-12,"['张毅强', '王冲']"
IPO,,安徽伊普诺康生物技术股份有限公司,2021,2021-05-14,"['齐蓉', '汪健', '郑磊']"
IPO,,宁波环洋新材料股份有限公司,2021,2021-05-14,"['郭文令', '胡晓辰', '彭远卓']"
IPO,,黑龙江省中瑞医药股份有限公司,2021,2021-05-18,"['姜纯友', '吴少华']"
IPO,,深圳港创建材股份有限公司,2021,2021-05-18,"['吕瑛群', '郭云华']"
IPO,,传神语联网网络科技股份有限公司,2021,2021-05-19,"['李朝辉', '肖缨']"
IPO,,易景环境科技(天津)股份有限公司,2021,2021-05-19,"['胡振雷', '王晓波']"
IPO,,珠海广浩捷科技股份有限公司,2021,2021-05-20,"['龚晨艳', '李倩倩']"
IPO,,福建飞通通讯科技股份有限公司,2021,2021-05-21,"['魏琴', '夏育新']"
IPO,,深圳市兴禾自动化股份有限公司,2021,2021-05-21,"['陈勇', '林万锞']"
IPO,,青岛有屋智能家居科技股份有限公司,2021,2021-05-24,"['王晖', '杨帅', '邱俊洲', '陈磊']"
IPO,,惠州市华达通气体制造股份有限公司,2021,2021-05-24,"['王海第', '刘春梅']"
IPO,,浙江野风药业股份有限公司,2021,2021-05-25,"['金刚锋', '周燕波', '赵宁']"
IPO,,大连优迅科技股份有限公司,2021,2021-05-25,"['吴宇', '董博佳', '杜青松']"
IPO,,麦斯克电子材料股份有限公司,2021,2021-05-26,"['赵波', '徐佳丽']"
IPO,,淄博鲁华泓锦新材料股份有限公司,2021,2021-05-27,"['何双', '相春奎', '崔岩', '何岚']"
IPO,,北京华卓精科科技股份有限公司,2021,2021-05-27,"['刘文豪', '徐文博']"
IPO,,中天科技海缆股份有限公司,2021,2021-05-27,"['许剑辉', '徐志杰']"
IPO,,正大投资股份有限公司,2021,2021-05-27,"['王婷', '柴婧', '马宏超', '王兴羽']"
IPO,,浙江日发纺织机械股份有限公司,2021,2021-05-28,"['朱国刚', '张春洋']"
IPO,,安徽泰达新材料股份有限公司,2021,2021-06-01,"['廖传宝', '姚贝', '徐子欣']"
IPO,,惠州市恒泰科技股份有限公司,2021,2021-06-01,"['李永萍', '罗皖']"
IPO,,上海远茂企业发展股份有限公司,2021,2021-06-01,"['赵现波', '赵震']"
IPO,,浙江金洁环境股份有限公司,2021,2021-06-01,"['闾力华', '张春洋']"
IPO,,龙腾照明集团股份有限公司,2021,2021-06-04,"['钟乐', '杨锦刚']"
IPO,,深圳市海昌华海运股份有限公司,2021,2021-06-04,"['连伟', '文桂平']"
IPO,,浙江明士达股份有限公司,2021,2021-06-07,"['边珊姗', '王建']"
IPO,,瑞能半导体科技股份有限公司,2021,2021-06-07,"['吴翔', '林玲']"
IPO,,成都宏基建材股份有限公司,2021,2021-06-08,"['陈洪涛', '徐洪荣']"
IPO,,深圳远超智慧生活股份有限公司,2021,2021-06-08,"['李生敏', '汤小龙', '曹星星']"
IPO,,正和汽车科技(十堰)股份有限公司,2021,2021-06-08,"['潘胜国', '李朝蒙', '刘新星']"
IPO,,常州钟恒新材料股份有限公司,2021,2021-06-09,"['毛晓东', '吴学友']"
IPO,,安徽扬子地板股份有限公司,2021,2021-06-11,"['施琪璋', '童苗根', '彭龙', '方长顺']"
IPO,,广州聚合新材料科技股份有限公司,2021,2021-06-11,"['程纯', '刘伟明']"
IPO,,四川中泰联合设计股份有限公司,2021,2021-06-11,"['龚荣华', '胡宏伟', '万懋晖']"
IPO,,江西中天智能装备股份有限公司,2021,2021-06-11,"['邱俊洲', '刘升文']"
IPO,,四川郎酒股份有限公司,2021,2021-06-11,"['李敏', '刘均']"
IPO,,河南科隆新能源股份有限公司,2021,2021-06-15,"['杨熹', '朱观清', '张明']"
IPO,,杭州思源信息技术股份有限公司,2021,2021-06-15,"['赵晓磊', '李名虎']"
IPO,,珠海伊斯佳科技股份有限公司,2021,2021-06-16,"['廖慕桃', '蒋洁纯']"
IPO,,江泰保险经纪股份有限公司,2021,2021-06-16,"['张鸿彦', '黄羽']"
IPO,,新疆九洲恒昌供应链管理股份有限公司,2021,2021-06-16,"['朱瑛', '李婷', '张艳']"
IPO,,深圳市瑞能实业股份有限公司,2021,2021-06-16,"['时连升', '邱俊洲']"
IPO,,常州丰盛光电科技股份有限公司,2021,2021-06-16,"['戴伟忠', '王晓竹']"
IPO,,北大荒垦丰种业股份有限公司,2021,2021-06-16,"['舒铭', '丁小英']"
IPO,,深圳市景创科技电子股份有限公司,2021,2021-06-17,"['陈链武', '任小超']"
IPO,,北京东方同华科技股份有限公司,2021,2021-06-17,"['梁卫丽', '王振军']"
IPO,,东莞市净诺环境科技股份有限公司,2021,2021-06-18,"['桑涛', '徐凌']"
IPO,,国网智能科技股份有限公司,2021,2021-06-18,"['段慧霞', '刘佳燕']"
IPO,,北京谷数科技股份有限公司,2021,2021-06-18,"['段慧霞', '刘佳燕']"
IPO,,华创合成制药股份有限公司,2021,2021-06-18,"['翟晓敏', '张龙华']"
IPO,,福建福特科光电股份有限公司,2021,2021-06-21,"['张慧玲', '陈思荣']"
IPO,,浙江中山化工集团股份有限公司,2021,2021-06-21,"['王强', '赵静娴']"
IPO,,浙江才府玻璃股份有限公司,2021,2021-06-21,"['徐晓峰', '阮飘飘']"
IPO,,梦金园黄金珠宝集团股份有限公司,2021,2021-06-21,"['荆秀梅', '侯增玉']"
IPO,,广西扬翔股份有限公司,2021,2021-06-21,"['刘毅', '欧勇涛']"
IPO,,北京数聚智连科技股份有限公司,2021,2021-06-21,"['张伟', '邓冰清']"
IPO,,青岛积成电子股份有限公司,2021,2021-06-21,"['师玉春', '唐嵩']"
IPO,,合肥银山棉麻股份有限公司,2021,2021-06-22,"['范成山', '何凤来', '陈奎']"
IPO,,陕西石羊农业科技股份有限公司,2021,2021-06-22,"['常晓波', '卫婵']"
IPO,,湖北三赢兴光电科技股份有限公司,2021,2021-06-22,"['章顺文', '倪万杰']"
IPO,,深圳时代装饰股份有限公司,2021,2021-06-22,"['付忠伟', '赵亮']"
IPO,,武汉金东方智能景观股份有限公司,2021,2021-06-22,"['陈勇波', '王龙龙']"
IPO,,山东泰鹏环保材料股份有限公司,2021,2021-06-22,"['吴强', '王英航', '刘佳明']"
IPO,,深圳市美的连医疗电子股份有限公司,2021,2021-06-22,"['高术峰', '覃赞昌', '李赛凤']"
IPO,,西藏阜康医疗股份有限公司,2021,2021-06-22,"['石晨起', '许欣波', '吴丹']"
IPO,,衣拉拉集团股份有限公司,2021,2021-06-22,"['张克东', '王昭']"
IPO,,浙江得乐康食品股份有限公司,2021,2021-06-22,"['李正卫', '葛亮']"
IPO,,固力发集团股份有限公司,2021,2021-06-22,"['严善明', '张颖', '章璐卿']"
IPO,,唐山曹妃甸木业股份有限公司,2021,2021-06-22,"['江永辉', '张镝']"
IPO,,征图新视(江苏)科技股份有限公司,2021,2021-06-22,"['顾春华', '陈婷婷', '张军军', '沈浩']"
IPO,,上海芯龙半导体技术股份有限公司,2021,2021-06-22,"['陈林', '周齐']"
IPO,,来邦科技股份公司,2021,2021-06-23,"['潘新华', '曾光']"
IPO,,深圳市联软科技股份有限公司,2021,2021-06-23,"['郑明艳', '周为']"
IPO,,苏州亚科科技股份有限公司,2021,2021-06-24,"['褚诗炜', '潘思兰', '刘奎']"
IPO,,浙江博澳新材料股份有限公司,2021,2021-06-24,"['沈培强', '胡青']"
IPO,,深圳宏业基岩土科技股份有限公司,2021,2021-06-24,"['杨谦', '谭智青', '邢敏', '胡春平', '刘敬彩']"
IPO,,江西天沅环保集团股份有限公司,2021,2021-06-24,"['徐春', '王磊']"
IPO,,成都德芯数字科技股份有限公司,2021,2021-06-24,"['蔡晓丽', '安行']"
IPO,,山东晶导微电子股份有限公司,2021,2021-06-24,"['赵艳美', '何峰', '王宗佩']"
IPO,,厦门科拓通讯技术股份有限公司,2021,2021-06-24,"['梁宝珠', '郑金燕']"
IPO,,北京电旗通讯技术股份有限公司,2021,2021-06-24,"['夏宏林', '董孟渊']"
IPO,,上海醉清风健康科技股份有限公司,2021,2021-06-24,"['胡新荣', '秦啸', '郑理达']"
IPO,,龙腾半导体股份有限公司,2021,2021-06-24,"['张志良', '高冠涛']"
IPO,,厦门美柚股份有限公司,2021,2021-06-24,"['胡素萍', '吴莉莉', '周奕青']"
IPO,,太仓展新胶粘材料股份有限公司,2021,2021-06-25,"['沈维华', '汪兢']"
IPO,,深圳垒石热管理技术股份有限公司,2021,2021-06-25,"['赖其寿', '陈鑫生']"
IPO,,大连华阳新材料科技股份有限公司,2021,2021-06-25,"['张冲良', '张海波']"
IPO,,北京环球优路教育科技股份有限公司,2021,2021-06-25,"['周百鸣', '申旭', '李强']"
IPO,,上海文华财经资讯股份有限公司,2021,2021-06-25,"['邵振宇', '张稼', '周琪']"
IPO,,浙江和泽医药科技股份有限公司,2021,2021-06-25,"['盛伟明', '虞婷婷']"
IPO,,宁波菲仕技术股份有限公司,2021,2021-06-25,"['邵云飞', '谢盈']"
IPO,,吉利汽车控股有限公司,2021,2021-06-25,"['吴迎', '朱旭峰']"
IPO,,北京爱可生信息技术股份有限公司,2021,2021-06-25,"['潘玉忠', '于晓波']"
IPO,,云南嘉缘花木绿色产业股份有限公司,2021,2021-06-28,"['方自维', '王芸', '韦军']"
IPO,,深圳市恒驱电机股份有限公司,2021,2021-06-28,"['李建军', '朱风娣']"
IPO,,广州天维信息技术股份有限公司,2021,2021-06-28,"['李新航', '王建民', '周少鹏']"
IPO,,盛时钟表集团股份有限公司,2021,2021-06-28,"['潘子建', '周倩']"
IPO,,谷实生物集团股份有限公司,2021,2021-06-28,"['李晓刚', '张凤红', '李彩霞']"
IPO,,艾郎科技股份有限公司,2021,2021-06-28,"['叶胜平', '提汝明']"
IPO,,浙江大洋世家股份有限公司,2021,2021-06-28,"['严海锋', '孔令江', '高峰', '宋新潮', '张文娟', '杨建平']"
IPO,,浙江亿力机电股份有限公司,2021,2021-06-28,"['汤洋', '孙玉霞', '孙琼']"
IPO,,上海福贝宠物用品股份有限公司,2021,2021-06-28,"['吴卫星', '胡咏华']"
IPO,,上海天擎天拓信息技术股份有限公司,2021,2021-06-28,"['刘磊', '陈斯奇', '杨景欣', '王佳良']"
IPO,,上海商米科技集团股份有限公司,2021,2021-06-28,"['倪靖安', '刘雨鸥', '赵国豪', '文玲']"
IPO,,上海上房物业服务股份有限公司,2021,2021-06-28,"['何双', '薛佳祺', '沈洁']"
IPO,,江苏扬瑞新型材料股份有限公司,2021,2021-06-28,"['祁涛', '张帆', '闫保瑞']"
IPO,,青岛大牧人机械股份有限公司,2021,2021-06-28,"['谭炼', '罗静吉', '徐世欣', '彭少侠']"
IPO,,杭州泛亚卫浴股份有限公司,2021,2021-06-28,"['方国华', '祝祺梅']"
IPO,,广东好顺欧迪斯科技股份有限公司,2021,2021-06-28,"['朱依君', '郑娴丽', '张晶娃']"
IPO,,中健康桥医药集团股份有限公司,2021,2021-06-28,"['宋立民', '唐家波']"
IPO,,天津同仁堂集团股份有限公司,2021,2021-06-28,"['胡振雷', '王志喜']"
IPO,,陕西昱琛航空设备股份有限公司,2021,2021-06-28,"['孔令江', '陈达华', '曾凡强']"
IPO,,北京生泰尔科技股份有限公司,2021,2021-06-29,"['姚辉', '李新民', '郭斌']"
IPO,,长沙博大科工股份有限公司,2021,2021-06-29,"['欧昌献', '彭敏']"
IPO,,苏州莱恩精工合金股份有限公司,2021,2021-06-29,"['施琪璋', '李飞', '卫春丽', '仇铝娟']"
IPO,,苏州星诺奇科技股份有限公司,2021,2021-06-29,"['齐利平', '黄冰冰', '胡进福']"
IPO,,美智光电科技股份有限公司,2021,2021-06-29,"['欧昌献', '曾光']"
IPO,,湖南联智科技股份有限公司,2021,2021-06-29,"['李永萍', '张晨阳']"
IPO,,深圳华强电子网集团股份有限公司,2021,2021-06-29,"['李联', '夏姗姗']"
IPO,,河北世窗信息技术股份有限公司,2021,2021-06-29,"['潘玉忠', '马东宇']"
IPO,,江西兆驰光元科技股份有限公司,2021,2021-06-29,"['苏晓峰', '孙惠']"
IPO,,比亚迪半导体股份有限公司,2021,2021-06-29,"['李剑光', '张羚晖', '黄榕']"
IPO,,武汉木仓科技股份有限公司,2021,2021-06-29,"['范桂铭', '方正']"
IPO,,欧冶云商股份有限公司,2021,2021-06-29,"['杨洁', '黄锋']"
IPO,,广东新秀新材料股份有限公司,2021,2021-06-29,"['刘钧', '胡永波']"
IPO,,山东胜利建设监理股份有限公司,2021,2021-06-29,"['郭颖涛', '丁从娜']"
IPO,,宝宝巴士股份有限公司,2021,2021-06-29,"['徐汝洁', '施瑾']"
IPO,,天津艺虹智能包装科技股份有限公司,2021,2021-06-29,"['谢芳', '李关毅']"
IPO,,北京航天恒丰科技股份有限公司,2021,2021-06-29,"['陈勇波', '胡碟']"
IPO,,敏实集团有限公司,2021,2021-06-29,"['赵海舟', '赵斌']"
IPO,,广州熵能创新材料股份有限公司,2021,2021-06-29,"['王首一', '高勃']"
IPO,,上海奉天电子股份有限公司,2021,2021-06-29,"['耿磊', '汪洁']"
IPO,,杭州时代银通软件股份有限公司,2021,2021-06-29,"['章祥', '任晓天']"
IPO,,杭州市路桥集团股份有限公司,2021,2021-06-29,"['陈志维', '邱麟凯']"
IPO,,宁波新日月酒店物业股份有限公司,2021,2021-06-29,"['何双', '付后升', '薛佳祺']"
IPO,,珠海太川云社区技术股份有限公司,2021,2021-06-29,"['洪梅生', '杨平', '李韩冰']"
IPO,,广东汇群中药饮片股份有限公司,2021,2021-06-29,"['林炎临', '陈有桂']"
IPO,,广州博芳环保科技股份有限公司,2021,2021-06-29,"['刘冬祥', '徐太刚', '李则华', '张春梅']"
IPO,,深圳壹创国际设计股份有限公司,2021,2021-06-29,"['李联', '夏姗姗', '李立影', '李凤']"
IPO,,陕西嘉禾生物科技股份有限公司,2021,2021-06-30,"['徐晋波', '吴长木']"
IPO,,英科新创(厦门)科技股份有限公司,2021,2021-06-30,"['张燕', '敦宏']"
IPO,,苏州京浜光电科技股份有限公司,2021,2021-06-30,"['胡彦龙', '戴维']"
IPO,,笛东规划设计(北京)股份有限公司,2021,2021-06-30,"['梁卫丽', '赵雷励']"
IPO,,土巴兔集团股份有限公司,2021,2021-06-30,"['蔡智锋', '郭素宏', '李敏', '周燕']"
IPO,,四川爱联科技股份有限公司,2021,2021-06-30,"['贺军', '汪孝东']"
IPO,,四川沃文特生物工程股份有限公司,2021,2021-06-30,"['李元良', '周哲']"
IPO,,南京普爱医疗设备股份有限公司,2021,2021-06-30,"['李宗义', '李积庆']"
IPO,,南京中卫信软件科技股份有限公司,2021,2021-06-30,"['束哲民', '陈艳', '刘丽春']"
IPO,,北京磨铁文化集团股份有限公司,2021,2021-06-30,"['银雪姣', '叶萍']"
IPO,,北京睿智融科控股股份有限公司,2021,2021-06-30,"['曹阳', '王艳艳', '黄声森', '王烁', '雷兵', '马莉']"
IPO,,北京华奥汽车服务股份有限公司,2021,2021-06-30,"['何降星', '金敬玉']"
IPO,,东风汽车集团股份有限公司,2021,2021-06-30,"['高宇', '谭亮', '梁军', '康其敖']"
IPO,,东莞六淳智能科技股份有限公司,2021,2021-06-30,"['陈应爵', '黄娜']"
IPO,,上海辛帕智能科技股份有限公司,2021,2021-06-30,"['金闻', '杨晓寅', '陈中江']"
IPO,,上海烨映微电子科技股份有限公司,2021,2021-06-30,"['张立贺', '林辉钦', '李成明']"
IPO,,上海唯都市场营销策划股份有限公司,2021,2021-06-30,"['倪国君', '何林飞']"
IPO,,上海凯诘电子商务股份有限公司,2021,2021-06-30,"['何双', '沈重']"
IPO,,西安大医集团股份有限公司,2021,2021-06-30,"['饶盛华', '张炜彬']"
IPO,,杭州索元生物医药股份有限公司,2021,2021-06-30,"['郑群', '陈致伶']"
IPO,,无锡市好达电子股份有限公司,2021,2021-06-30,"['朱佑敏', '顾梽']"
IPO,,常州铭赛机器人科技股份有限公司,2021,2021-06-30,"['刘鹏云', '李福兴', '牟胜学']"
IPO,,大汉软件股份有限公司,2021,2021-06-30,"['徐侃瓴', '黄锋', '李玲']"
IPO,,深圳乔合里科技股份有限公司,2021,2021-06-30,"['陈志刚', '周芬']"
IPO,,沈阳天安科技股份有限公司,2021,2021-06-30,"['李晓刚', '张凤红', '孟欢']"
IPO,,江苏嘉好热熔胶股份有限公司,2021,2021-06-30,"['王龙旷', '黄蓉']"
IPO,,柏承科技(昆山)股份有限公司,2021,2021-06-30,"['龙琦', '杨雪燕', '张立琰']"
IPO,,昆山丘钛微电子科技股份有限公司,2021,2021-06-30,"['王洁', '吴惠煌']"
IPO,,四川东立科技股份有限公司,2021,2021-06-30,"['胡海波', '尹立红']"
IPO,,武汉光谷信息技术股份有限公司,2021,2021-06-30,"['闫磊', '常青']"
IPO,,上海秦森园林股份有限公司,2021,2021-06-30,"['施其林', '唐彬彬', '刘梦曦']"
IPO,,江苏原力数字科技股份有限公司,2021,2021-06-30,"['沈文圣', '张希海', '于海峰']"
IPO,,大庄园肉业集团股份有限公司,2021,2021-07-01,"['敖都吉雅', '李甜甜']"
IPO,,北京荣大科技股份有限公司,2021,2021-07-01,"['王需如', '田晓']"
IPO,,书香门地集团股份有限公司,2021,2021-07-01,"['费方华', '叶怀敏', '陈中江']"
IPO,,龙江元盛和牛产业股份有限公司,2021,2021-07-01,"['付强', '吴旭初', '李振华', '毛春海', '张晓萌', '赵国辉']"
IPO,,洲宇设计集团股份有限公司,2021,2021-07-01,"['吴广', '孙玮', '郭赛']"
IPO,,广东宏石激光技术股份有限公司,2021,2021-07-01,"['王振', '李剑平']"
IPO,,北京燕文物流股份有限公司,2021,2021-07-01,"['廖金辉', '蔡如笑', '张亦驰']"
IPO,,北京华航唯实机器人科技股份有限公司,2021,2021-07-01,"['李美文', '卞圆媛']"
IPO,,中山朗斯家居股份有限公司,2021,2021-07-01,"['张立琰', '龙琦', '张令']"
IPO,,四川湖山电器股份有限公司,2021,2021-07-01,"['刘彬文', '尹立红']"
IPO,,上海热像科技股份有限公司,2021,2021-07-01,"['魏琴', '范国荣', '钱鹏飞', '唐国骏', '冯晨晨']"
IPO,,上海众幸防护科技股份有限公司,2021,2021-07-01,"['黄继佳', '刘炼']"
IPO,,青蛙泵业股份有限公司,2021,2021-07-01,"['李惠丰', '钟建栋', '王克平']"
IPO,,青松医药集团股份有限公司,2021,2021-07-01,"['陈瑜', '陈林栋', '胡楚阳', '魏琴']"
IPO,,赛克思液压科技股份有限公司,2021,2021-07-01,"['于薇薇', '韩秀春']"
IPO,,河北智同生物制药股份有限公司,2021,2021-07-01,"['魏五军', '杨钒', '李鑫', '闫雪峰']"
IPO,,沈阳来金汽车零部件股份有限公司,2021,2021-07-01,"['李晓刚', '顾娜', '刘得钰']"
IPO,,江苏冠联新材料科技股份有限公司,2021,2021-07-01,"['李国平', '汪鹏', '王健鹏']"
IPO,,先正达集团股份有限公司,2021,2021-07-02,"['王婷', '张欣华']"
IPO,,西安冰峰饮料股份有限公司,2021,2021-07-09,"['朱永华', '殷明']"
IPO,,广东凯金新能源科技股份有限公司,2021,2021-07-09,"['殷雪芳', '施旭锋']"
IPO,,商丘市鼎丰木业股份有限公司,2021,2021-07-22,"['王猛', '师克峰', '丁娜']"
IPO,,江西格林循环产业股份有限公司,2021,2021-07-23,"['汪红宁', '陈启生']"
IPO,,深圳市泛海三江电子股份有限公司,2021,2021-08-11,"['谢晖', '李斌华']"
IPO,,新道科技股份有限公司,2021,2021-08-16,"['王静', '张英']"
IPO,,珠海市合顺兴日化股份有限公司,2021,2021-08-20,"['王连永', '许益闻']"
IPO,,亚洲渔港股份有限公司,2021,2021-08-23,"['刘磊', '黄永捷']"
IPO,,上海国微思尔芯技术股份有限公司,2021,2021-08-24,"['王斌', '唐成']"
IPO,,派格生物医药(苏州)股份有限公司,2021,2021-08-31,"['张松柏', '林雯英']"
IPO,,山东寿光市坤隆石油机械股份有限公司,2021,2021-09-01,"['汪洋', '石百慧']"
IPO,,用友金融信息技术股份有限公司,2021,2021-09-07,"['王静', '张英']"
IPO,,无锡睿思凯科技股份有限公司,2021,2021-09-08,"['冉士龙', '袁慧馨']"
IPO,,河北合佳医药科技集团股份有限公司,2021,2021-09-08,"['李宗芳', '刘金霞']"
IPO,,杭州小影创新科技股份有限公司,2021,2021-09-13,"['徐敏', '苗桢', '郑文彪', '蔡在法']"
IPO,,南京长江都市建筑设计股份有限公司,2021,2021-09-13,"['王许', '王炜程']"
IPO,,佛山水务环保股份有限公司,2021,2021-09-13,"['潘新华', '陈文锋', '徐红']"
IPO,,山西紫林醋业股份有限公司,2021,2021-09-17,"['朱锦梅', '李永江']"
IPO,,浙江洪波科技股份有限公司,2021,2021-09-27,"['杨建平', '徐德盛']"
IPO,,安徽安芯电子科技股份有限公司,2021,2021-09-27,"['郁向军', '万文娟']"
IPO,,湖北亿钧耀能新材股份公司,2021,2021-09-27,"['莫伟', '杜平']"
IPO,,广州创显科教股份有限公司,2021,2021-09-27,"['肖瑞峰', '游小辉', '王琪', '吴丹']"
IPO,,浙江护童人体工学科技股份有限公司,2021,2021-09-27,"['边珊姗', '李唯婕']"
IPO,,江苏金源高端装备股份有限公司,2021,2021-09-27,"['吴霆', '葛启海', '詹从才', '金健明']"
IPO,,武汉新华扬生物股份有限公司,2021,2021-09-28,"['卿武勤', '李仲篪']"
IPO,,中集天达控股有限公司,2021,2021-09-28,"['林崇云', '郭素宏']"
IPO,,湖南鑫远环境科技股份有限公司,2021,2021-09-28,"['丁景东', '齐钢强', '王莉']"
IPO,,乾元浩生物股份有限公司,2021,2021-09-28,"['冯建江', '黄琼']"
IPO,,赛特斯信息科技股份有限公司,2021,2021-09-29,"['林雷', '周家文']"
IPO,,深圳市达科为生物技术股份有限公司,2021,2021-09-29,"['龙琦', '封秋慧']"
IPO,,苏州维嘉科技股份有限公司,2021,2021-09-29,"['支彩琴', '马云峰', '周思莹']"
IPO,,新疆新华水电投资股份有限公司,2021,2021-09-29,"['何降星', '谢东良', '马林']"
IPO,,中钛新材料集团股份有限公司,2021,2021-09-29,"['周立新', '陈灵灵']"
IPO,,河南江河纸业股份有限公司,2021,2021-09-29,"['高强', '赵利红', '孙政军']"
IPO,,雨中情防水技术集团股份有限公司,2021,2021-09-29,"['张鸿彦', '黄羽']"
IPO,,同圆设计集团股份有限公司,2021,2021-09-29,"['廖金辉', '林行伟', '潘升']"
IPO,,正和汽车科技(十堰)股份有限公司,2021,2021-09-29,"['潘胜国', '李朝蒙', '刘新星', '李进', '杜军', '肖昊来', '黄长文', '徐祎']"
IPO,,联想集团有限公司,2021,2021-09-30,"['孔昱', '吴芳芳']"
IPO,,上海益中亘泰(集团)股份有限公司,2021,2021-09-30,"['李靖豪', '金肖颖', '徐福宽']"
IPO,,江苏伟康洁婧医疗器械股份有限公司,2021,2021-09-30,"['孔令江', '黄非', '张演硕']"
IPO,,北京市九州风神科技股份有限公司,2021,2021-09-30,"['肖逸', '覃丽君']"
IPO,,深圳市五株科技股份有限公司,2021,2021-09-30,"['陈琼', '曾小生']"
IPO,,东风汽车集团股份有限公司,2021,2021-09-30,"['高宇', '谭亮']"
IPO,,沈阳隆基电磁科技股份有限公司,2021,2021-09-30,"['冯万奇', '邵建克']"
IPO,,浙江升华云峰新材股份有限公司,2021,2021-10-08,"['俞佳南', '贝柳辉']"
IPO,,环宇建筑科技股份有限公司,2021,2021-10-12,"['高飞', '李洪斌']"
IPO,,上海仁会生物制药股份有限公司,2021,2021-10-12,"['许松飞', '张晓燕']"
IPO,,广东佳奇科技教育股份有限公司,2021,2021-10-12,"['袁瑞彩', '魏均玲']"
IPO,,金居建设发展股份有限公司,2021,2021-10-12,"['徐士宝', '张丽芳']"
IPO,,浙江百康光学股份有限公司,2021,2021-10-13,"['陈颂', '黄宇翔']"
IPO,,昆山玮硕恒基智能科技股份有限公司,2021,2021-10-18,"['王柏东', '俞国徽', '季嘉伟']"
IPO,,湖州银行股份有限公司,2021,2021-10-20,"['吴懿忻', '林晗', '葛徐']"
IPO,,海特克动力股份有限公司,2021,2021-10-20,"['丁陈隆', '张冀申', '吴金婉']"
IPO,,北京捷世智通科技股份有限公司,2021,2021-10-26,"['杨勇胜', '陈炼', '施丹丹', '张崇', '张洪义', '吴长波']"
IPO,,浙江朝晖过滤技术股份有限公司,2021,2021-11-02,"['吕安吉', '徐晓阳', '陈超平']"
IPO,,铜陵兢强电子科技股份有限公司,2021,2021-11-05,"['郭凯', '王旭', '董建芳', '熊明峰', '陈慧']"
IPO,,上海绿联智能科技股份有限公司,2021,2021-11-09,"['鲁立', '张煌']"
IPO,,深圳市高德信通信股份有限公司,2021,2021-11-09,"['屈先富', '扶交亮', '段姗']"
IPO,,宁波博菱电器股份有限公司,2021,2021-11-09,"['占铁华', '栾艳鹏', '许沥文', '熊江波']"
IPO,,吉林瑞科汉斯电气股份有限公司,2021,2021-11-10,"['范学军', '顾庆刚', '赵锋']"
IPO,,郑州凯雪冷链股份有限公司,2021,2021-11-10,"['廖继承', '朱红辉', '董超', '连启超']"
IPO,,烟台金润核电材料股份有限公司,2021,2021-11-12,"['庄继宁', '高旭升']"
IPO,,宝艺新材料股份有限公司,2021,2021-11-12,"['蒋锋', '樊略']"
IPO,,中兵通信科技股份有限公司,2021,2021-11-12,"['姜斌', '高照进']"
IPO,,南京中科水治理股份有限公司,2021,2021-11-12,"['毕兴亮', '韩素红']"
IPO,,浙江松川仪表科技股份有限公司,2021,2021-11-15,"['严海锋', '何斯雯', '陈达华', '杨建平', '周海斌']"
IPO,,速度时空信息科技股份有限公司,2021,2021-11-17,"['孙广友', '冯建利', '姚辉', '杨景欣']"
IPO,,北京恒泰万博石油技术股份有限公司,2021,2021-11-19,"['冯万奇', '李福兴', '赵春梅', '冯芸']"
IPO,,广州极飞科技股份有限公司,2021,2021-11-22,"['周永明', '刘侨敏']"
IPO,,深圳素士科技股份有限公司,2021,2021-11-22,"['龚晨艳', '李倩倩']"
IPO,,杭州微策生物技术股份有限公司,2021,2021-11-26,"['魏琴', '陈瑜', '白红霞']"
IPO,,鲜美来食品股份有限公司,2021,2021-11-29,"['严海锋', '何斯雯']"
IPO,,成都兴蓉环保科技股份有限公司,2021,2021-11-29,"['何勇', '蒋红伍']"
IPO,,西安新通药物研究股份有限公司,2021,2021-12-06,"['潘坤', '戴正文', '孙昊']"
IPO,,正方软件股份有限公司,2021,2021-12-06,"['边珊姗', '魏晓慧']"
IPO,,深圳市穗晶光电股份有限公司,2021,2021-12-06,"['陈孛', '陈华']"
IPO,,英科新创(厦门)科技股份有限公司,2021,2021-12-10,"['张燕', '赖敦宏']"
IPO,,深圳市金照明科技股份有限公司,2021,2021-12-10,"['陈昭', '游泽侯']"
IPO,,赛灵药业科技集团股份有限公司,2021,2021-12-10,"['翟晓宁', '伍思泷']"
IPO,,幺麻子食品股份有限公司,2021,2021-12-10,"['申军', '钟炽兵', '刘浪']"
IPO,,桂林光隆科技集团股份有限公司,2021,2021-12-15,"['丛存', '曹静']"
IPO,,佛山市银河兰晶科技股份有限公司,2021,2021-12-16,"['连声柱', '王娟']"
IPO,,厦门燕之屋生物工程股份有限公司,2021,2021-12-16,"['丛存', '谢俊']"
IPO,,千年舟新材科技集团股份有限公司,2021,2021-12-16,"['毛晓东', '黄锦洪', '杨国庆']"
IPO,,上海福贝宠物用品股份有限公司,2021,2021-12-17,"['张静娟', '毕文涛', '陈丽华']"
IPO,,浙江明佳环保科技股份有限公司,2021,2021-12-20,"['梁志勇', '王文']"
IPO,,广东科茂林产化工股份有限公司,2021,2021-12-20,"['贺春海', '卓晓娜']"
IPO,,浙江戈尔德智能悬架股份有限公司,2021,2021-12-21,"['张建新', '杨金晓', '王家晔']"
IPO,,瑞博奥(广州)生物科技股份有限公司,2021,2021-12-21,"['禤文欣', '陈建成']"
IPO,,苏州华道生物药业股份有限公司,2021,2021-12-21,"['刘勇', '杨悦']"
IPO,,浙江亿得新材料股份有限公司,2021,2021-12-21,"['王一芳', '俞春毅']"
IPO,,福建省格兰尼生物工程股份有限公司,2021,2021-12-21,"['汪天姿', '孙刚']"
IPO,,辉芒微电子(深圳)股份有限公司,2021,2021-12-22,"['何晶晶', '景奕博']"
IPO,,烟台正海科技股份有限公司,2021,2021-12-22,"['蔺自立', '谢静']"
IPO,,谷麦光电科技股份有限公司,2021,2021-12-22,"['王季民', '陈容炜', '陈长源', '陈竞芳']"
IPO,,深圳市家鸿口腔医疗股份有限公司,2021,2021-12-23,"['金华', '马玥']"
IPO,,荣信汇科电气股份有限公司,2021,2021-12-23,"['李成林', '时静', '崔雯']"
IPO,,珠海上富电技股份有限公司,2021,2021-12-23,"['李雯宇', '王振']"
IPO,,浙江数智交院科技股份有限公司,2021,2021-12-24,"['龙传喜', '汪明']"
IPO,,武汉宏韧生物医药股份有限公司,2021,2021-12-24,"['陈晓龙', '韩鹏卓']"
IPO,,河北晶禾电子技术股份有限公司,2021,2021-12-27,"['孙彤', '么爱翠']"
IPO,,润泰新材料股份有限公司,2021,2021-12-27,"['蔡卫华', '杨磊', '杨常平']"
IPO,,厦门致善生物科技股份有限公司,2021,2021-12-27,"['缪志坚', '邓朝元']"
IPO,,山东沪鸽口腔材料股份有限公司,2021,2021-12-27,"['张芹', '李江东']"
IPO,,浙江金龙再生资源科技股份有限公司,2021,2021-12-28,"['李惠丰', '朱作武', '张小勇']"
IPO,,新疆天利石化股份有限公司,2021,2021-12-28,"['张素霞', '桑娅']"
IPO,,昆山兴协和科技股份有限公司,2021,2021-12-28,"['黄晓奇', '王占先', '陈少侠']"
IPO,,渤海证券股份有限公司,2021,2021-12-28,"['王玮', '刘瑷']"
IPO,,北京忆恒创源科技股份有限公司,2021,2021-12-28,"['赵亦飞', '刘成龙', '魏敏']"
IPO,,苏州星诺奇科技股份有限公司,2021,2021-12-28,"['齐利平', '黄冰冰', '胡进福', '滕飞', '王书仁']"
IPO,,四川白家阿宽食品产业股份有限公司,2021,2021-12-28,"['贺顺祥', '刘伟']"
IPO,,四川恒邦能源股份有限公司,2021,2021-12-28,"['唐方模', '何寿福', '宋寒']"
IPO,,歌尔微电子股份有限公司,2021,2021-12-28,"['杜业勤', '牟会玲']"
IPO,,彩虹集团新能源股份有限公司,2021,2021-12-28,"['许培梅', '顾欣']"
IPO,,南京贝迪新材料科技股份有限公司,2021,2021-12-28,"['汪娟', '刘宇科']"
IPO,,同方鼎欣科技股份有限公司,2021,2021-12-29,"['张克东', '刘宇', '高志英']"
IPO,,广东思柏科技股份有限公司,2021,2021-12-29,"['刘彬文', '胡海波']"
IPO,,珠海云洲智能科技股份有限公司,2021,2021-12-29,"['杨熹', '张明']"
IPO,,浙江太美医疗科技股份有限公司,2021,2021-12-29,"['沈培强', '韩熙']"
IPO,,永兴东润服饰股份有限公司,2021,2021-12-29,"['符俊', '苏芸芸']"
IPO,,上海联众网络信息股份有限公司,2021,2021-12-29,"['刘桢', '郭东']"
IPO,,嘉兴凯实生物科技股份有限公司,2021,2021-12-29,"['钟建栋', '杜娜', '张俊慧']"
IPO,,壹物科技股份有限公司,2021,2021-12-29,"['宁云', '鲍灵姬', '洪雁南']"
IPO,,长城信息股份有限公司,2021,2021-12-29,"['康顺平', '康云高', '康代安']"
IPO,,安徽五粮泰生物工程股份有限公司,2021,2021-12-30,"['吴琳', '王传兵', '高山', '吕勇军']"
IPO,,杭州本松新材料技术股份有限公司,2021,2021-12-30,"['宋鑫', '龚文昌']"
IPO,,艺唯科技股份有限公司,2021,2021-12-30,"['潘胜国', '潘思兰', '陈智辉']"
IPO,,南京亚派科技股份有限公司,2021,2021-12-30,"['肖厚祥', '李凌', '王涛']"
IPO,,漳州雅宝电子股份有限公司,2021,2021-12-30,"['张立琰', '丁晓燕']"
IPO,,苏州康代智能科技股份有限公司,2021,2021-12-30,"['莫浩薇', '潘子建']"
IPO,,北京吉威空间信息股份有限公司,2021,2021-12-31,"['徐伟东', '安小梅']"
IPO,,贵州黔通智联科技股份有限公司,2021,2021-12-31,"['王晓明', '徐瑞星', '洪琳', '王云霞']"
IPO,,常州特尔玛科技股份有限公司,2021,2021-12-31,"['杜志强', '汤晶']"
IPO,,杭州碧橙数字技术股份有限公司,2021,2021-12-31,"['陈彩琴', '罗联玬']"
IPO,,创维电器股份有限公司,2021,2021-12-31,"['徐志敏', '董军红']"
IPO,,江苏中恒宠物用品股份有限公司,2021,2021-12-31,"['朱广明', '费洁']"
IPO,,深圳市麦士德福科技股份有限公司,2021,2021-12-31,"['陈丽敏', '李志光']"
IPO,,北京优炫软件股份有限公司,2021,2021-12-31,"['陈立新', '刘忠霞']"
IPO,,江苏泰源环保科技股份有限公司,2021,2021-12-31,"['朱戟', '邹强']"
IPO,,北京清大天达光电科技股份有限公司,2021,2021-12-31,"['权计伟', '秦玉霞']"
IPO,,北京扬德环保能源科技股份有限公司,2021,2021-12-31,"['金敬玉', '麻贺群', '金顺兴', '王秋娣', '邓华明', '刘洁']"
IPO,,上海奉天电子股份有限公司,2022,2022-01-01,"['耿磊', '汪洁']"
IPO,,亚洲渔港股份有限公司,2022,2022-01-04,"['刘磊', '黄永捷']"
IPO,,江苏嘉好热熔胶股份有限公司,2022,2022-01-04,"['王龙旷', '黄蓉']"
IPO,,苏州星诺奇科技股份有限公司,2022,2022-01-04,"['齐利平', '黄冰冰', '胡进福', '滕飞', '王书仁']"
IPO,,上海辛帕智能科技股份有限公司,2022,2022-01-04,"['金闻', '杨晓寅', '陈中江']"
IPO,,苏州莱恩精工合金股份有限公司,2022,2022-01-04,"['施琪璋', '李飞', '卫春丽', '仇铝娟']"
IPO,,广东中图半导体科技股份有限公司,2022,2022-01-04,"['张云鹤', '刘秀娟']"
IPO,,广东汇群中药饮片股份有限公司,2022,2022-01-04,"['林炎临', '陈有桂']"
IPO,,力同科技股份有限公司,2022,2022-01-04,"['陈鹏', '李斌']"
IPO,,西安新通药物研究股份有限公司,2022,2022-01-04,"['潘坤', '戴正文', '孙昊']"
IPO,,珠海天威新材料股份有限公司,2022,2022-01-05,"['刘明学', '彭丽娟']"
IPO,,深圳市美的连医疗电子股份有限公司,2022,2022-01-05,"['高术峰', '覃赞昌', '李赛凤']"
IPO,,四川中泰联合设计股份有限公司,2022,2022-01-05,"['龚荣华', '胡宏伟', '万懋晖']"
IPO,,珠海伊斯佳科技股份有限公司,2022,2022-01-05,"['廖慕桃', '蒋洁纯']"
IPO,,用友金融信息技术股份有限公司,2022,2022-01-05,"['王静', '张英']"
IPO,,广州天维信息技术股份有限公司,2022,2022-01-06,"['李新航', '王建民', '周少鹏']"
IPO,,吉林瑞科汉斯电气股份有限公司,2022,2022-01-06,"['范学军', '顾庆刚', '赵锋']"
IPO,,杭州思源信息技术股份有限公司,2022,2022-01-06,"['赵晓磊', '李名虎']"
IPO,,三问家居股份有限公司,2022,2022-01-06,"['都蕾', '章艳']"
IPO,,北农大科技股份有限公司,2022,2022-01-06,"['李剑', '周娅']"
IPO,,深圳垒石热管理技术股份有限公司,2022,2022-01-06,"['赖其寿', '陈鑫生']"
IPO,,广东新秀新材料股份有限公司,2022,2022-01-06,"['刘钧', '胡永波']"
IPO,,浙江鸿盛新材料科技集团股份有限公司,2022,2022-01-06,"['黄继佳', '莫文凯']"
IPO,,赞同科技股份有限公司,2022,2022-01-06,"['周立新', '李勤']"
IPO,,无锡烨隆精密机械股份有限公司,2022,2022-01-06,"['夏正曙', '孙诗雪']"
IPO,,苏州新大陆精密科技股份有限公司,2022,2022-01-06,"['梁谦海', '陈清松']"
IPO,,上海雄程海洋工程股份有限公司,2022,2022-01-06,"['吴翔', '石怡弘']"
IPO,,山西阳光焦化集团股份有限公司,2022,2022-01-06,"['韩瑞红', '朱小娃']"
IPO,,日照兴业汽车配件股份有限公司,2022,2022-01-06,"['丁锡锋', '陈红兰', '刘玉显', '王萍']"
IPO,,江苏汇联活动地板股份有限公司,2022,2022-01-06,"['柏凌菁', '顾梽']"
IPO,,国铭铸管股份有限公司,2022,2022-01-06,"['殷宪锋', '韩丹丹', '胡本朋']"
IPO,,广东凯金新能源科技股份有限公司,2022,2022-01-06,"['殷雪芳', '施旭锋']"
IPO,,吉林省春城热力股份有限公司,2022,2022-01-06,"['颜新才', '费强']"
IPO,,玛格家居股份有限公司,2022,2022-01-06,"['华毅鸿', '袁竞艳', '卫亚辉']"
IPO,,北京芯愿景软件技术股份有限公司,2022,2022-01-06,"['周睿', '王淇', '王玥', '莫伟', '乔国刚', '王亚彬']"
IPO,,成都市青城山都江堰旅游股份有限公司,2022,2022-01-06,"['阮响华', '陈继平']"
IPO,,北京华航唯实机器人科技股份有限公司,2022,2022-01-06,"['李美文', '卞圆媛']"
IPO,,四川湖山电器股份有限公司,2022,2022-01-06,"['刘彬文', '尹立红']"
IPO,,福建福特科光电股份有限公司,2022,2022-01-07,"['张慧玲', '陈思荣']"
IPO,,北京谷数科技股份有限公司,2022,2022-01-07,"['段慧霞', '刘佳燕']"
IPO,,深圳市兴禾自动化股份有限公司,2022,2022-01-07,"['陈勇', '林万锞']"
IPO,,深圳壹创国际设计股份有限公司,2022,2022-01-07,"['李联', '夏姗姗', '李立影', '李凤']"
IPO,,合肥银山棉麻股份有限公司,2022,2022-01-07,"['范成山', '何凤来', '陈奎']"
IPO,,商丘市鼎丰木业股份有限公司,2022,2022-01-07,"['王猛', '师克峰', '丁娜']"
IPO,,江苏金智教育信息股份有限公司,2022,2022-01-07,"['蔡卫华', '陈婷', '周文阳']"
IPO,,桂林光隆科技集团股份有限公司,2022,2022-01-07,"['丛存', '曹静']"
IPO,,北京通美晶体技术股份有限公司,2022,2022-01-10,"['陈晓松', '陆阳']"
IPO,,江西杏林白马药业股份有限公司,2022,2022-01-10,"['周济平', '徐如杰']"
IPO,,天津华鸿科技股份有限公司,2022,2022-01-10,"['徐春', '王逵忠', '韩建春']"
IPO,,佛山市银河兰晶科技股份有限公司,2022,2022-01-10,"['连声柱', '王娟']"
IPO,,杭州潜阳科技股份有限公司,2022,2022-01-11,"['杨荣华', '陈兴冬']"
IPO,,福建久策气体股份有限公司,2022,2022-01-11,"['林海涛', '郭文起']"
IPO,,浙江优全护理用品科技股份有限公司,2022,2022-01-11,"['徐晓峰', '许安平']"
IPO,,青岛思普润水处理股份有限公司,2022,2022-01-11,"['叶金福', '杨七虎']"
IPO,,深圳市紫光照明技术股份有限公司,2022,2022-01-11,"['李振华', '梁艳媚']"
IPO,,成都倍特药业股份有限公司,2022,2022-01-11,"['陈英杰', '关德福']"
IPO,,广州博芳环保科技股份有限公司,2022,2022-01-12,"['刘冬祥', '徐太刚', '李则华', '张春梅']"
IPO,,武汉新华扬生物股份有限公司,2022,2022-01-12,"['卿武勤', '李仲篪']"
IPO,,上海芯龙半导体技术股份有限公司,2022,2022-01-12,"['陈林', '周齐']"
IPO,,太仓展新胶粘材料股份有限公司,2022,2022-01-12,"['沈维华', '汪兢']"
IPO,,浙江洪波科技股份有限公司,2022,2022-01-12,"['杨建平', '徐德盛']"
IPO,,书香门地集团股份有限公司,2022,2022-01-12,"['费方华', '叶怀敏', '陈中江']"
IPO,,深圳市联软科技股份有限公司,2022,2022-01-13,"['郑明艳', '周为']"
IPO,,江苏沃得农业机械股份有限公司,2022,2022-01-14,"['蔡卫华', '杨常平', '杨磊']"
IPO,,北京睿智融科控股股份有限公司,2022,2022-01-14,"['曹阳', '王艳艳', '黄声森', '王烁', '雷兵', '马莉']"
IPO,,深圳市瑞能实业股份有限公司,2022,2022-01-14,"['时连升', '邱俊洲']"
IPO,,洋紫荆油墨股份有限公司,2022,2022-01-14,"['龙琦', '张令']"
IPO,,比亚迪半导体股份有限公司,2022,2022-01-14,"['李剑光', '张羚晖', '黄榕']"
IPO,,笛东规划设计(北京)股份有限公司,2022,2022-01-14,"['梁卫丽', '赵雷励']"
IPO,,瑞博奥(广州)生物科技股份有限公司,2022,2022-01-14,"['禤文欣', '陈建成']"
IPO,,谷麦光电科技股份有限公司,2022,2022-01-16,"['王季民', '陈容炜', '陈长源', '陈竞芳']"
IPO,,珠海上富电技股份有限公司,2022,2022-01-16,"['李雯宇', '王振']"
IPO,,福建省格兰尼生物工程股份有限公司,2022,2022-01-16,"['汪天姿', '孙刚']"
IPO,,广州熵能创新材料股份有限公司,2022,2022-01-16,"['王首一', '高勃']"
IPO,,浙江亿得新材料股份有限公司,2022,2022-01-16,"['王一芳', '俞春毅']"
IPO,,武汉宏韧生物医药股份有限公司,2022,2022-01-16,"['陈晓龙', '韩鹏卓']"
IPO,,苏州华道生物药业股份有限公司,2022,2022-01-17,"['刘勇', '杨悦']"
IPO,,广东科茂林产化工股份有限公司,2022,2022-01-17,"['贺春海', '卓晓娜']"
IPO,,江苏中恒宠物用品股份有限公司,2022,2022-01-17,"['朱广明', '费洁']"
IPO,,派格生物医药(苏州)股份有限公司,2022,2022-01-17,"['张松柏', '林雯英']"
IPO,,苏州京浜光电科技股份有限公司,2022,2022-01-17,"['胡彦龙', '戴维']"
IPO,,菲鹏生物股份有限公司,2022,2022-01-17,"['赵国梁', '龙海燕', '陈锡雄']"
IPO,,苏州维嘉科技股份有限公司,2022,2022-01-17,"['支彩琴', '马云峰', '周思莹']"
IPO,,北京爱可生信息技术股份有限公司,2022,2022-01-17,"['潘玉忠', '于晓波']"
IPO,,长威信息科技发展股份有限公司,2022,2022-01-18,"['文爱凤', '陈芝莲', '朱立']"
IPO,,赛克思液压科技股份有限公司,2022,2022-01-18,"['于薇薇', '韩秀春']"
IPO,,青松医药集团股份有限公司,2022,2022-01-18,"['陈瑜', '陈林栋', '胡楚阳', '魏琴']"
IPO,,艾郎科技股份有限公司,2022,2022-01-18,"['叶胜平', '提汝明']"
IPO,,中集天达控股有限公司,2022,2022-01-18,"['林崇云', '郭素宏']"
IPO,,北京燕文物流股份有限公司,2022,2022-01-18,"['廖金辉', '蔡如笑', '张亦弛']"
IPO,,广东好顺欧迪斯科技股份有限公司,2022,2022-01-18,"['朱依君', '郑娴丽', '张晶娃']"
IPO,,浙江明佳环保科技股份有限公司,2022,2022-01-18,"['梁志勇', '王文']"
IPO,,上海唯都市场营销策划股份有限公司,2022,2022-01-19,"['倪国君', '何林飞']"
IPO,,北京电旗通讯技术股份有限公司,2022,2022-01-19,"['夏宏林', '董孟渊']"
IPO,,湖南恒昌医药集团股份有限公司,2022,2022-01-19,"['李晓阳', '黄滔']"
IPO,,荣信汇科电气股份有限公司,2022,2022-01-20,"['李成林', '时静', '崔雯']"
IPO,,浙江数智交院科技股份有限公司,2022,2022-01-20,"['龙传喜', '汪明']"
IPO,,烟台正海科技股份有限公司,2022,2022-01-20,"['蔺自立', '谢静']"
IPO,,深圳市美的连医疗电子股份有限公司,2022,2022-01-21,"['高术峰', '覃赞昌']"
IPO,,南京贝迪新材料科技股份有限公司,2022,2022-01-21,"['汪娟', '刘宇科']"
IPO,,厦门致善生物科技股份有限公司,2022,2022-01-21,"['缪志坚', '邓朝元']"
IPO,,大连优迅科技股份有限公司,2022,2022-01-21,"['吴宇', '董博佳', '杜青松']"
IPO,,无锡金通高纤股份有限公司,2022,2022-01-21,"['胡学文', '吴舟', '李昱']"
IPO,,永兴东润服饰股份有限公司,2022,2022-01-22,"['符俊', '苏芸芸']"
IPO,,浙江太美医疗科技股份有限公司,2022,2022-01-22,"['沈培强', '韩熙']"
IPO,,北京吉威空间信息股份有限公司,2022,2022-01-22,"['徐伟东', '安小梅']"
IPO,,辉芒微电子(深圳)股份有限公司,2022,2022-01-24,"['何晶晶', '景奕博']"
IPO,,山东沪鸽口腔材料股份有限公司,2022,2022-01-24,"['张芹', '李江东']"
IPO,,南京亚派科技股份有限公司,2022,2022-01-24,"['肖厚祥', '李凌', '王涛']"
IPO,,嘉兴凯实生物科技股份有限公司,2022,2022-01-24,"['钟建栋', '杜娜', '张俊慧']"
IPO,,彩虹集团新能源股份有限公司,2022,2022-01-24,"['许培梅', '顾欣']"
IPO,,壹物科技股份有限公司,2022,2022-01-24,"['宁云', '鲍灵姬', '洪雁南']"
IPO,,中钛新材料集团股份有限公司,2022,2022-01-24,"['周立新', '陈灵灵']"
IPO,,南京长江都市建筑设计股份有限公司,2022,2022-01-24,"['王许', '王炜程']"
IPO,,常州特尔玛科技股份有限公司,2022,2022-01-25,"['杜志强', '汤晶']"
IPO,,安徽五粮泰生物工程股份有限公司,2022,2022-01-25,"['吴琳', '王传兵', '高山', '吕勇军']"
IPO,,同方鼎欣科技股份有限公司,2022,2022-01-25,"['张克东', '刘宇', '高志英']"
IPO,,长城信息股份有限公司,2022,2022-01-26,"['康顺平', '康云高', '康代安']"
IPO,,歌尔微电子股份有限公司,2022,2022-01-26,"['杜业勤', '牟会玲']"
IPO,,杭州碧橙数字技术股份有限公司,2022,2022-01-27,"['陈彩琴', '罗联玬']"
IPO,,江苏天南电力股份有限公司,2022,2022-01-27,"['诸旭敏', '蔡钢']"
IPO,,上海热像科技股份有限公司,2022,2022-01-27,"['魏琴', '范国荣', '钱鹏飞', '唐国骏', '冯晨晨']"
IPO,,北京华科仪科技股份有限公司,2022,2022-01-27,"['闫宏江', '栗海洲', '白海云']"
IPO,,北京市九州风神科技股份有限公司,2022,2022-01-27,"['肖逸', '覃丽君']"
IPO,,江苏泰源环保科技股份有限公司,2022,2022-01-27,"['朱戟', '邹强']"
IPO,,珠海市合顺兴日化股份有限公司,2022,2022-01-27,"['王连永', '许益闻']"
IPO,,苏州闻道网络科技股份有限公司,2022,2022-01-28,"['吴震东', '范翃']"
IPO,,深圳市高德信通信股份有限公司,2022,2022-01-28,"['屈先富', '扶交亮', '段姗']"
IPO,,北京优炫软件股份有限公司,2022,2022-01-28,"['陈立新', '刘忠霞']"
IPO,,北京清大天达光电科技股份有限公司,2022,2022-01-28,"['权计伟', '秦玉霞']"
IPO,,创维电器股份有限公司,2022,2022-01-28,"['徐志敏', '董军红']"
IPO,,漳州雅宝电子股份有限公司,2022,2022-01-28,"['张立琰', '丁晓燕']"
IPO,,杭州本松新材料技术股份有限公司,2022,2022-01-28,"['宋鑫', '龚文昌']"
IPO,,深圳市麦士德福科技股份有限公司,2022,2022-01-28,"['陈丽敏', '李志光']"
IPO,,艺唯科技股份有限公司,2022,2022-01-28,"['潘胜国', '潘思兰', '陈智辉']"
IPO,,四川龙华光电薄膜股份有限公司,2022,2022-01-28,"['李元良', '田建勇']"
IPO,,北京扬德环保能源科技股份有限公司,2022,2022-01-28,"['金敬玉', '麻贺群', '金顺兴', '王秋娣', '邓华明', '刘洁']"
IPO,,征图新视(江苏)科技股份有限公司,2022,2022-01-28,"['顾春华', '陈婷婷', '张军军', '沈浩']"
IPO,,珠海广浩捷科技股份有限公司,2022,2022-01-28,"['龚晨艳', '李倩倩']"
IPO,,四川中泰联合设计股份有限公司,2022,2022-01-29,"['龚荣华', '罗晓龙', '胡宏伟', '万懋晖']"
IPO,,福建侨龙应急装备股份有限公司,2022,2022-02-07,"['陈昭新', '曾徽', '胡高升']"
IPO,,北京捷世智通科技股份有限公司,2022,2022-02-07,"['杨勇胜', '陈炼', '施丹丹', '张崇', '张洪义', '吴长波']"
IPO,,郑州凯雪冷链股份有限公司,2022,2022-02-08,"['廖继承', '朱红辉', '董超', '连启超']"
IPO,,湖南恒茂高科股份有限公司,2022,2022-02-10,"['贺梦然', '黄竞超']"
IPO,,河北世窗信息技术股份有限公司,2022,2022-02-10,"['潘玉忠', '马东宇']"
IPO,,珠海云洲智能科技股份有限公司,2022,2022-02-10,"['杨熹', '张明']"
IPO,,正业设计股份有限公司,2022,2022-02-14,"['王许', '朱磊']"
IPO,,惠州市华达通气体制造股份有限公司,2022,2022-02-14,"['王海第', '刘春梅']"
IPO,,上海商米科技集团股份有限公司,2022,2022-02-15,"['倪靖安', '刘雨鸥', '赵国豪', '文玲']"
IPO,,湖南联智科技股份有限公司,2022,2022-02-16,"['李永萍', '张晨阳']"
IPO,,湖北亿钧耀能新材股份公司,2022,2022-02-16,"['莫伟', '杜平']"
IPO,,青岛中加特电气股份有限公司,2022,2022-02-16,"['吴懿忻', '李斌']"
IPO,,赛特斯信息科技股份有限公司,2022,2022-02-17,"['林雷', '周家文']"
IPO,,万香科技股份有限公司,2022,2022-02-17,"['党小安', '王晓蔷', '许雯君']"
IPO,,湖北恒安芙林药业股份有限公司,2022,2022-02-17,"['向辉', '张文娟', '付莉']"
IPO,,杭州市路桥集团股份有限公司,2022,2022-02-17,"['陈志维', '邱麟凯']"
IPO,,珠海市鸿瑞信息技术股份有限公司,2022,2022-02-18,"['张之祥', '蒋洁纯', '潘晓玲']"
IPO,,上海秦森园林股份有限公司,2022,2022-02-18,"['施其林', '唐彬彬', '刘梦曦']"
IPO,,广州创显科教股份有限公司,2022,2022-02-21,"['肖瑞峰', '游小辉', '王琪', '吴丹']"
IPO,,山东胜利建设监理股份有限公司,2022,2022-02-22,"['郭颖涛', '丁从娜']"
IPO,,昆山丘钛微电子科技股份有限公司,2022,2022-02-23,"['王洁', '吴惠煌']"
IPO,,青岛朗夫科技股份有限公司,2022,2022-02-23,"['章祥', '王渝璐']"
IPO,,四川东立科技股份有限公司,2022,2022-02-23,"['胡海波', '尹立红']"
IPO,,武汉光谷信息技术股份有限公司,2022,2022-02-25,"['闫磊', '常青']"
IPO,,河南皓泽电子股份有限公司,2022,2022-02-25,"['江永辉', '李光宇']"
IPO,,浙江百康光学股份有限公司,2022,2022-02-25,"['陈颂', '黄宇翔']"
IPO,,海特克动力股份有限公司,2022,2022-03-01,"['丁陈隆', '张冀申', '吴金婉']"
IPO,,雨中情防水技术集团股份有限公司,2022,2022-03-01,"['张鸿彦', '黄羽']"
IPO,,同圆设计集团股份有限公司,2022,2022-03-01,"['廖金辉', '林行伟', '潘升']"
IPO,,铜陵兢强电子科技股份有限公司,2022,2022-03-01,"['郭凯', '王旭', '董建芳', '熊明峰', '陈慧']"
IPO,,大连华阳新材料科技股份有限公司,2022,2022-03-01,"['张冲良', '张海波']"
IPO,,杭州小影创新科技股份有限公司,2022,2022-03-02,"['徐敏', '苗桢', '郑文彪', '蔡在法']"
IPO,,上海宾酷网络科技股份有限公司,2022,2022-03-02,"['陈彩琴', '罗联玬']"
IPO,,北京生泰尔科技股份有限公司,2022,2022-03-02,"['姚辉', '李新民', '郭斌']"
IPO,,河北翼辰实业集团股份有限公司,2022,2022-03-02,"['金顺兴', '欧阳彩华']"
IPO,,东莞六淳智能科技股份有限公司,2022,2022-03-03,"['陈应爵', '黄娜']"
IPO,,乾元浩生物股份有限公司,2022,2022-03-04,"['冯建江', '黄琼']"
IPO,,日日顺供应链科技股份有限公司,2022,2022-03-04,"['张毅强', '王冲']"
IPO,,长沙博大科工股份有限公司,2022,2022-03-04,"['欧昌献', '彭敏']"
IPO,,浙江硕华生命科学研究股份有限公司,2022,2022-03-04,"['孙文军', '姚太海']"
IPO,,福建侨龙应急装备股份有限公司,2022,2022-03-04,"['曾国林', '张文峰', '范华丽']"
IPO,,贵州黔通智联科技股份有限公司,2022,2022-03-04,"['王晓明', '徐瑞星', '洪琳', '王云霞']"
IPO,,上海联众网络信息股份有限公司,2022,2022-03-04,"['刘桢', '郭东']"
IPO,,新疆新华水电投资股份有限公司,2022,2022-03-07,"['何降星', '谢东良']"
IPO,,浙江晋椿精密工业股份有限公司,2022,2022-03-07,"['张林', '章宏瑜']"
IPO,,河南江河纸业股份有限公司,2022,2022-03-07,"['高强', '赵利红', '孙政军']"
IPO,,浙江朝晖过滤技术股份有限公司,2022,2022-03-07,"['吕安吉', '徐晓阳', '陈超平']"
IPO,,上海益中亘泰(集团)股份有限公司,2022,2022-03-07,"['李靖豪', '金肖颖', '徐福宽']"
IPO,,黄山芯微电子股份有限公司,2022,2022-03-07,"['牛良文', '丁亭亭', '岑溯鹏']"
IPO,,江西格林循环产业股份有限公司,2022,2022-03-08,"['汪红宁', '陈启生']"
IPO,,英科新创(厦门)科技股份有限公司,2022,2022-03-09,"['张燕', '赖敦宏']"
IPO,,苏州纽克斯电源技术股份有限公司,2022,2022-03-09,"['姚辉', '金琦']"
IPO,,杭州微策生物技术股份有限公司,2022,2022-03-09,"['魏琴', '陈瑜', '白红霞']"
IPO,,广州极飞科技股份有限公司,2022,2022-03-10,"['周永明', '刘侨敏']"
IPO,,广州聚合新材料科技股份有限公司,2022,2022-03-11,"['程纯', '刘伟明']"
IPO,,八马茶业股份有限公司,2022,2022-03-11,"['肖铁青', '李文茜', '陈琼', '钟宇']"
IPO,,四川中泰联合设计股份有限公司,2022,2022-03-13,"['罗晓龙', '胡宏伟', '万懋晖']"
IPO,,江苏浦漕科技股份有限公司,2022,2022-03-14,"['颜新才', '赵添波', '尹传松']"
IPO,,烟台金润核电材料股份有限公司,2022,2022-03-14,"['庄继宁', '高旭升']"
IPO,,深圳乔合里科技股份有限公司,2022,2022-03-14,"['陈志刚', '周芬']"
IPO,,武汉木仓科技股份有限公司,2022,2022-03-14,"['范桂铭', '方正']"
IPO,,润泰新材料股份有限公司,2022,2022-03-15,"['蔡卫华', '杨磊', '杨常平']"
IPO,,北京恒泰万博石油技术股份有限公司,2022,2022-03-15,"['冯万奇', '李福兴', '赵春梅', '冯芸']"
IPO,,湖南天济草堂制药股份有限公司,2022,2022-03-15,"['刘智清', '李晓阳', '汪波']"
IPO,,浙江野风药业股份有限公司,2022,2022-03-16,"['金刚锋', '周燕波', '赵宁']"
IPO,,四川爱联科技股份有限公司,2022,2022-03-16,"['贺军', '汪孝东']"
IPO,,北京电旗通讯技术股份有限公司,2022,2022-03-16,"['杨宏', '苗亚飞']"
IPO,,陕西昱琛航空设备股份有限公司,2022,2022-03-16,"['孔令江', '陈达华', '曾凡强']"
IPO,,昆山玮硕恒基智能科技股份有限公司,2022,2022-03-17,"['王柏东', '俞国徽', '季嘉伟']"
IPO,,欧冶云商股份有限公司,2022,2022-03-17,"['杨洁', '黄锋']"
IPO,,上海烨映微电子科技股份有限公司,2022,2022-03-17,"['张立贺', '林辉钦', '李成明']"
IPO,,北京数聚智连科技股份有限公司,2022,2022-03-18,"['张伟', '邓冰清']"
IPO,,陕西红星美羚乳业股份有限公司,2022,2022-03-18,"['王侠', '何雪琦']"
IPO,,浙江松川仪表科技股份有限公司,2022,2022-03-18,"['严海锋', '何斯雯', '陈达华', '杨建平', '周海斌']"
IPO,,江苏润阳新能源科技股份有限公司,2022,2022-03-18,"['毛伟', '王旭', '杨和龙']"
IPO,,江苏金源高端装备股份有限公司,2022,2022-03-18,"['吴霆', '葛启海', '詹从才', '金健明']"
IPO,,上海国微思尔芯技术股份有限公司,2022,2022-03-18,"['王斌', '唐成']"
IPO,,广东伟邦科技股份有限公司,2022,2022-03-18,"['余东红', '李俊']"
IPO,,浙江升华云峰新材股份有限公司,2022,2022-03-21,"['俞佳南', '贝柳辉']"
IPO,,江西兆驰光元科技股份有限公司,2022,2022-03-22,"['苏晓峰', '孙惠']"
IPO,,北京航天恒丰科技股份有限公司,2022,2022-03-24,"['陈勇波', '胡碟']"
IPO,,青岛有屋智能家居科技股份有限公司,2022,2022-03-25,"['王晖', '杨帅', '邱俊洲', '陈磊']"
IPO,,新道科技股份有限公司,2022,2022-03-25,"['王静', '张英']"
IPO,,北京思维造物信息科技股份有限公司,2022,2022-03-27,"['曹创', '赖晓楠']"
IPO,,千里马机械供应链股份有限公司,2022,2022-03-28,"['薛永东', '邵小军']"
IPO,,南京中卫信软件科技股份有限公司,2022,2022-03-28,"['束哲民', '陈艳', '刘丽春']"
IPO,,江苏新视云科技股份有限公司,2022,2022-03-28,"['贾丽娜', '蔡卫华', '杨磊', '詹从才', '王颖']"
IPO,,宁波恒普真空科技股份有限公司,2022,2022-03-30,"['罗训超', '郑忠鹏']"
IPO,,河南科隆新能源股份有限公司,2022,2022-03-30,"['杨熹', '朱观清', '张明']"
IPO,,西安鹰之航航空科技股份有限公司,2022,2022-03-30,"['杨谦', '李民聪', '邢敏', '黄朝安', '谭智青']"
IPO,,天津同仁堂集团股份有限公司,2022,2022-03-30,"['胡振雷', '王志喜']"
IPO,,上海文华财经资讯股份有限公司,2022,2022-03-30,"['邵振宇', '张稼', '周琪']"
IPO,,陕西嘉禾生物科技股份有限公司,2022,2022-03-30,"['徐晋波', '朱逸宁']"
IPO,,安徽晶奇网络科技股份有限公司,2022,2022-03-30,"['郑磊', '黄冰冰', '何平平']"
IPO,,安徽安天利信工程管理股份有限公司,2022,2022-03-30,"['黄亚琼', '王蒙', '郑天娇']"
IPO,,北京环球优路教育科技股份有限公司,2022,2022-03-30,"['周百鸣', '申旭', '李强']"
IPO,,先正达集团股份有限公司,2022,2022-03-31,"['王婷', '张欣华']"
IPO,,传神语联网网络科技股份有限公司,2022,2022-03-31,"['李朝辉', '肖缨']"
IPO,,北京盛诺基医药科技股份有限公司,2022,2022-03-31,"['杨景璐', '唐晓军']"
IPO,,安徽安芯电子科技股份有限公司,2022,2022-03-31,"['郁向军', '万文娟']"
IPO,,海诺尔环保产业股份有限公司,2022,2022-03-31,"['廖继平', '王莉']"
IPO,,四川沃文特生物工程股份有限公司,2022,2022-03-31,"['李元良', '周哲']"
IPO,,正方软件股份有限公司,2022,2022-03-31,"['边珊姗', '魏晓慧']"
IPO,,山东晶导微电子股份有限公司,2022,2022-03-31,"['赵艳美', '何峰', '王宗佩']"
IPO,,珠海太川云社区技术股份有限公司,2022,2022-04-01,"['洪梅生', '杨平', '李韩冰']"
IPO,,青岛积成电子股份有限公司,2022,2022-04-01,"['师玉春', '唐嵩']"
IPO,,上海绿联智能科技股份有限公司,2022,2022-04-01,"['鲁立', '张煌']"
IPO,,重庆润际远东新材料科技股份有限公司,2022,2022-04-01,"['弋守川', '唐明']"
IPO,,迈创企业管理服务股份有限公司,2022,2022-04-01,"['刘颖', '姜立立', '陆士敏', '王翔']"
IPO,,安徽金田高新材料股份有限公司,2022,2022-04-01,"['汪玉寿', '周文亮', '陈如鹏']"
IPO,,佳诺威集团股份有限公司,2022,2022-04-01,"['施琪璋', '朱浩', '彭龙']"
IPO,,深圳市达科为生物技术股份有限公司,2022,2022-04-03,"['龙琦', '封秋慧']"
IPO,,中兵通信科技股份有限公司,2022,2022-04-06,"['姜斌', '高照进']"
IPO,,长虹塑料集团英派瑞塑料股份有限公司,2022,2022-04-06,"['朱大为', '吕瑛群', '郭云华', '魏瑶', '俞晓佳']"
IPO,,北京睿智融科控股股份有限公司,2022,2022-04-07,"['曹阳', '王艳艳']"
IPO,,宝艺新材料股份有限公司,2022,2022-04-07,"['蒋锋', '樊略']"
IPO,,芜湖映日科技股份有限公司,2022,2022-04-07,"['唐国骏', '谢嘉']"
IPO,,鲜美来食品股份有限公司,2022,2022-04-08,"['严海锋', '何斯雯']"
IPO,,北京中数智汇科技股份有限公司,2022,2022-04-11,"['孙宁', '董阳阳']"
IPO,,广东思柏科技股份有限公司,2022,2022-04-14,"['刘彬文', '胡海波']"
IPO,,云南嘉缘花木绿色产业股份有限公司,2022,2022-04-15,"['方自维', '王芸', '韦军']"
IPO,,珠海智融科技股份有限公司,2022,2022-04-15,"['孙慧敏', '曾祥胜', '叶涵']"
IPO,,厦门美科安防科技股份有限公司,2022,2022-04-18,"['闫钢军', '王启盛', '岑榆茵', '梁宝珠', '王淑娟']"
IPO,,广东百合医疗科技股份有限公司,2022,2022-04-19,"['张宁', '刘国棣']"
IPO,,浙江华剑智能装备股份有限公司,2022,2022-04-21,"['殷雪芳', '肖涵']"
IPO,,幺麻子食品股份有限公司,2022,2022-04-21,"['申军', '钟炽兵', '刘浪']"
IPO,,赛灵药业科技集团股份有限公司,2022,2022-04-21,"['翟晓宁', '伍思泷']"
IPO,,成都兴蓉环保科技股份有限公司,2022,2022-04-21,"['何勇', '蒋红伍']"
IPO,,湖北三峰透平装备股份有限公司,2022,2022-04-21,"['周垚', '杨振华']"
IPO,,广东皇派定制家居集团股份有限公司,2022,2022-04-21,"['韩雁光', '杨勇', '胡耀新']"
IPO,,昆山兴协和科技股份有限公司,2022,2022-04-27,"['黄晓奇', '王占先', '陈少侠']"
IPO,,四川恒邦能源股份有限公司,2022,2022-04-27,"['唐方模', '何寿福', '宋寒']"
IPO,,贵州多彩新媒体股份有限公司,2022,2022-04-28,"['江娟', '王绍武']"
IPO,,芯天下技术股份有限公司,2022,2022-04-28,"['程纯', '刘伟明']"
IPO,,华创合成制药股份有限公司,2022,2022-04-29,"['翟晓敏', '张龙华']"
IPO,,杭州时代银通软件股份有限公司,2022,2022-04-29,"['章祥', '任晓天']"
IPO,,亚洲硅业(青海)股份有限公司,2022,2022-05-01,"['费方华', '徐澄宬']"
IPO,,中网华信科技股份有限公司,2022,2022-05-09,"['祁卫红', '周天明']"
IPO,,杭摩新材料集团股份有限公司,2022,2022-05-09,"['谢贤庆', '翟晓宁', '朱洁莹']"
IPO,,杭州微策生物技术股份有限公司,2022,2022-05-09,"['魏琴', '白红霞', '侯力行']"
IPO,,科凡家居股份有限公司,2022,2022-05-09,"['冯军', '徐惠剑', '钟文珺']"
IPO,,厦门燕之屋生物工程股份有限公司,2022,2022-05-09,"['丛存', '谢俊']"
IPO,,浙江力玄运动科技股份有限公司,2022,2022-05-09,"['沈培强', '顾海营']"
IPO,,浙江金龙再生资源科技股份有限公司,2022,2022-05-09,"['李惠丰', '朱作武', '张小勇']"
IPO,,广州芯德通信科技股份有限公司,2022,2022-05-10,"['刘远帅', '吴周平']"
IPO,,八马茶业股份有限公司,2022,2022-05-10,"['肖铁青', '李文茜']"
IPO,,四川英创力电子科技股份有限公司,2022,2022-05-11,"['綦东钰', '杨德胜']"
IPO,,北京弘成立业科技股份有限公司,2022,2022-05-11,"['陈静', '宋宁波']"
IPO,,美庐生物科技股份有限公司,2022,2022-05-12,"['周益平', '刘勇']"
IPO,,江苏原力数字科技股份有限公司,2022,2022-05-13,"['沈文圣', '张希海', '于海峰']"
IPO,,南京世和基因生物技术股份有限公司,2022,2022-05-16,"['江永辉', '钱华丽']"
IPO,,上海辛帕智能科技股份有限公司,2022,2022-05-18,"['金闻', '杨晓寅']"
IPO,,浙江胜华波电器股份有限公司,2022,2022-05-19,"['孙敏', '尹志彬', '吕苏阳', '翁伟']"
IPO,,新疆天利石化股份有限公司,2022,2022-05-19,"['张素霞', '桑娅']"
IPO,,池州华宇电子科技股份有限公司,2022,2022-05-19,"['郁向军', '吴岳松']"
IPO,,深圳市通泰盈科技股份有限公司,2022,2022-05-19,"['潘坤', '冉士龙', '刘文剑']"
IPO,,安徽老乡鸡餐饮股份有限公司,2022,2022-05-19,"['占铁华', '张冉冉', '王鸣灿']"
IPO,,德和科技集团股份有限公司,2022,2022-05-19,"['严燕鸿', '陈夏连']"
IPO,,北京腾信软创科技股份有限公司,2022,2022-05-20,"['李联', '苏醒', '张娟', '李振华', '李哲']"
IPO,,深圳市中航比特通讯技术股份有限公司,2022,2022-05-20,"['杨熹', '朱观清', '张明']"
IPO,,厦门科拓通讯技术股份有限公司,2022,2022-05-23,"['梁宝珠', '郑金燕']"
IPO,,成都蕊源半导体科技股份有限公司,2022,2022-05-23,"['郭东超', '林苇铭', '汪璐露']"
IPO,,安徽五粮泰生物工程股份有限公司,2022,2022-05-23,"['吴琳', '王传兵', '高山']"
IPO,,湖南鑫远环境科技股份有限公司,2022,2022-05-24,"['丁景东', '齐钢强', '王莉']"
IPO,,华翔翔能科技股份有限公司,2022,2022-05-24,"['康代安', '夏丽飞']"
IPO,,深圳市微源半导体股份有限公司,2022,2022-05-26,"['韩雁光', '扶交亮', '汪海潮']"
IPO,,江苏伟康洁婧医疗器械股份有限公司,2022,2022-05-27,"['孔令江', '黄非', '张演硕']"
IPO,,湖南华慧新能源股份有限公司,2022,2022-05-27,"['康代安', '张宇辰']"
IPO,,浙江和泽医药科技股份有限公司,2022,2022-05-30,"['盛伟明', '虞婷婷']"
IPO,,成都成发泰达航空科技股份有限公司,2022,2022-05-30,"['谢骞', '董汉逸']"
IPO,,南京中科水治理股份有限公司,2022,2022-05-31,"['毕兴亮', '韩素红']"
IPO,,杭州视芯科技股份有限公司,2022,2022-06-01,"['张林', '王莉']"
IPO,,深圳市睿联技术股份有限公司,2022,2022-06-02,"['潘新华', '黄绍煌', '陈美婷']"
IPO,,树根互联股份有限公司,2022,2022-06-02,"['丁陈隆', '罗丹', '魏梦云']"
IPO,,新疆钵施然智能农机股份有限公司,2022,2022-06-06,"['叶怀敏', '张勇言']"
IPO,,陕西汉王药业股份有限公司,2022,2022-06-06,"['黄丽琼', '安素强', '魏云锋', '李茜']"
IPO,,渤海证券股份有限公司,2022,2022-06-06,"['王玮', '刘瑷']"
IPO,,千年舟新材科技集团股份有限公司,2022,2022-06-06,"['毛晓东', '黄锦洪', '杨国庆']"
IPO,,四川白家阿宽食品产业股份有限公司,2022,2022-06-06,"['贺顺祥', '刘伟']"
IPO,,四川科瑞德制药股份有限公司,2022,2022-06-06,"['谢宇春', '淦涛涛']"
IPO,,江西正邦作物保护股份有限公司,2022,2022-06-06,"['蔡素华', '吴浩源']"
IPO,,诚瑞光学(常州)股份有限公司,2022,2022-06-06,"['高建斌', '陈静']"
IPO,,湖南天济草堂制药股份有限公司,2022,2022-06-07,"['李晓阳', '汪波']"
IPO,,深圳素士科技股份有限公司,2022,2022-06-07,"['龚晨艳', '李倩倩']"
IPO,,贝普医疗科技股份有限公司,2022,2022-06-07,"['钟建栋', '毛晨', '曹晶晶']"
IPO,,江苏美科太阳能科技股份有限公司,2022,2022-06-07,"['徐侃瓴', '周倩']"
IPO,,浙江护童人体工学科技股份有限公司,2022,2022-06-07,"['边珊姗', '李唯婕']"
IPO,,上海文华财经资讯股份有限公司,2022,2022-06-08,"['邵振宇', '张稼']"
IPO,,博创智能装备股份有限公司,2022,2022-06-08,"['韩雁光', '杨勇', '潘平平']"
IPO,,天津艺虹智能包装科技股份有限公司,2022,2022-06-08,"['谢芳', '李关毅']"
IPO,,武汉珈创生物技术股份有限公司,2022,2022-06-08,"['索保国', '徐敏', '胡艺']"
IPO,,厦门渡远户外用品股份有限公司,2022,2022-06-08,"['余建耀', '彭敏']"
IPO,,钰泰半导体股份有限公司,2022,2022-06-08,"['曹小勤', '义国兵']"
IPO,,深圳市和宏实业股份有限公司,2022,2022-06-09,"['陈丹燕', '李伟']"
IPO,,深圳市柏瑞凯电子科技股份有限公司,2022,2022-06-10,"['巫扬华', '向远娟']"
IPO,,江苏容汇通用锂业股份有限公司,2022,2022-06-10,"['杨贵鹏', '丁彭凯']"
IPO,,宁波博菱电器股份有限公司,2022,2022-06-10,"['占铁华', '栾艳鹏', '许沥文', '熊江波']"
IPO,,上海南麟电子股份有限公司,2022,2022-06-10,"['王兴华', '杨林']"
IPO,,速度时空信息科技股份有限公司,2022,2022-06-13,"['孙广友', '冯建利', '姚辉', '杨景欣']"
IPO,,机械工业第九设计研究院股份有限公司,2022,2022-06-14,"['郑志刚', '王志东']"
IPO,,无锡卓海科技股份有限公司,2022,2022-06-14,"['朱佑敏', '路凤霞', '张倩倩']"
IPO,,力品药业(厦门)股份有限公司,2022,2022-06-15,"['杜凯', '宋以晶', '林新田', '陈裕成']"
IPO,,济南森峰激光科技股份有限公司,2022,2022-06-15,"['陈焱鑫', '俞金波']"
IPO,,南通冠优达磁业股份有限公司,2022,2022-06-15,"['宛云龙', '俞华', '许健']"
IPO,,辽宁航安型芯科技股份有限公司,2022,2022-06-16,"['陈谋林', '王明健', '张英通']"
IPO,,南京亚派科技股份有限公司,2022,2022-06-16,"['肖厚祥', '李凌']"
IPO,,苏州百胜动力机器股份有限公司,2022,2022-06-16,"['付后升', '万斌', '李悦']"
IPO,,高密银鹰新材料股份有限公司,2022,2022-06-17,"['赵艳美', '王军伟']"
IPO,,索拉特特种玻璃(江苏)股份有限公司,2022,2022-06-17,"['叶春', '何双', '万斌']"
IPO,,杭州鸿世电器股份有限公司,2022,2022-06-20,"['于薇薇', '刘炼', '朱亚云']"
IPO,,苏州韬略生物科技股份有限公司,2022,2022-06-21,"['曹小勤', '孙智慧']"
IPO,,哈尔滨市科佳通用机电股份有限公司,2022,2022-06-21,"['梅秀琴', '庞博', '许峰', '张玮']"
IPO,,华南新海(深圳)科技股份有限公司,2022,2022-06-21,"['黄绍煌', '张端颖', '潘新华', '陶亮', '郑立红']"
IPO,,成都裕鸢航空智能制造股份有限公司,2022,2022-06-21,"['齐利平', '殷李峰', '王敬进', '孔令莉']"
IPO,,江阴润玛电子材料股份有限公司,2022,2022-06-21,"['陈焱鑫', '孙海晖']"
IPO,,江苏万高药业股份有限公司,2022,2022-06-21,"['叶慧', '王俊', '杨湘君']"
IPO,,大同齿轮传动(昆山)股份有限公司,2022,2022-06-21,"['李东昕', '王书阁', '赵卓然']"
IPO,,埃索凯科技股份有限公司,2022,2022-06-21,"['周睿', '孟双', '杨庭', '刘智清']"
IPO,,深圳华强电子网集团股份有限公司,2022,2022-06-21,"['李联', '夏姗姗']"
IPO,,富耐克超硬材料股份有限公司,2022,2022-06-21,"['吕勇军', '黄志刚', '路珂', '李斌', '郭世兴']"
IPO,,广东百味佳味业科技股份有限公司,2022,2022-06-21,"['屈先富', '扶交亮', '於祝荧']"
IPO,,沈阳天安科技股份有限公司,2022,2022-06-21,"['李晓刚', '张凤红', '孟欢']"
IPO,,深圳市集美新材料股份有限公司,2022,2022-06-22,"['聂勇', '欧昌献', '郭春林']"
IPO,,河北晶禾电子技术股份有限公司,2022,2022-06-22,"['孙彤', '么爱翠']"
IPO,,北京全式金生物技术股份有限公司,2022,2022-06-22,"['李青龙', '祝芹敏']"
IPO,,广州诗尼曼家居股份有限公司,2022,2022-06-22,"['吴萃柿', '毛潇滢']"
IPO,,上海沥高科技股份有限公司,2022,2022-06-22,"['何双', '沈重', '薛佳祺']"
IPO,,世纪开元智印互联科技集团股份有限公司,2022,2022-06-22,"['叶怀敏', '刘新余', '田业阳', '刘晶']"
IPO,,浙江雅虎汽车部件股份有限公司,2022,2022-06-22,"['江娟', '朱小雪']"
IPO,,成都万创科技股份有限公司,2022,2022-06-22,"['方海杰', '黄昕']"
IPO,,北京博华信智科技股份有限公司,2022,2022-06-22,"['郑斐', '徐薇', '杨睿']"
IPO,,北方实验室(沈阳)股份有限公司,2022,2022-06-22,"['肖桂莲', '张立志', '刘翠玲', '鲁雪']"
IPO,,广东国地规划科技股份有限公司,2022,2022-06-22,"['孙玮', '舒伟']"
IPO,,天地壹号饮料股份有限公司,2022,2022-06-22,"['贺春海', '文娜杰', '陈莹', '卓晓娜']"
IPO,,侨益物流股份有限公司,2022,2022-06-22,"['何晓明', '孙惠']"
IPO,,江苏大艺科技股份有限公司,2022,2022-06-22,"['曹小勤', '孙智慧']"
IPO,,河南正佳能源环保股份有限公司,2022,2022-06-22,"['王需如', '司俊豪', '谢贤庆', '张滨滨']"
IPO,,保定维赛新材料科技股份有限公司,2022,2022-06-22,"['郭海龙', '吴金忠', '金园', '胡明明']"
IPO,,安徽水韵环保股份有限公司,2022,2022-06-22,"['王彩霞', '蒋伟', '郭文令', '彭远卓', '俞翔']"
IPO,,浙江斯普智能科技股份有限公司,2022,2022-06-22,"['陈小金', '李丹']"
IPO,,苏州高泰电子技术股份有限公司,2022,2022-06-22,"['周垚', '嵇道伟']"
IPO,,舒普智能技术股份有限公司,2022,2022-06-22,"['黄加才', '华海祥', '刘芳']"
IPO,,人本股份有限公司,2022,2022-06-22,"['廖屹峰', '艾锋华', '朱丽丽']"
IPO,,衢州南高峰化工股份有限公司,2022,2022-06-22,"['俞佳南', '翁宗将']"
IPO,,青岛沃隆食品股份有限公司,2022,2022-06-22,"['邓德祥', '史钢伟', '宿慧']"
IPO,,宁波敏达汽车科技股份有限公司,2022,2022-06-22,"['陈瑜', '陈林栋']"
IPO,,杭州青云新材料股份有限公司,2022,2022-06-22,"['吕安吉', '刘江杰']"
IPO,,北江智联纺织股份有限公司,2022,2022-06-22,"['李萍', '刘亚仕']"
IPO,,翌圣生物科技(上海)股份有限公司,2022,2022-06-23,"['李惠丰', '孙峰', '吕爱珍']"
IPO,,杭州新中大科技股份有限公司,2022,2022-06-23,"['叶卫民', '侯波', '徐安琪']"
IPO,,大庆华理生物技术股份有限公司,2022,2022-06-23,"['刘文豪', '徐文博']"
IPO,,北京思睦瑞科医药科技股份有限公司,2022,2022-06-23,"['章顺文', '尹红军']"
IPO,,安徽久易农业股份有限公司,2022,2022-06-23,"['朱伟光', '杨玉香']"
IPO,,湖北龙腾电子科技股份有限公司,2022,2022-06-23,"['王守军', '李进军']"
IPO,,浙江科腾精工机械股份有限公司,2022,2022-06-23,"['杨建平', '汪涛']"
IPO,,京磁材料科技股份有限公司,2022,2022-06-23,"['王建民', '蔡洁瑜']"
IPO,,深圳市景创科技电子股份有限公司,2022,2022-06-23,"['陈链武', '任小超']"
IPO,,浙江戈尔德智能悬架股份有限公司,2022,2022-06-24,"['张建新', '杨金晓', '王家晔']"
IPO,,北平机床(浙江)股份有限公司,2022,2022-06-24,"['徐殷鹏', '杨光照', '付敏']"
IPO,,杭州蓝然技术股份有限公司,2022,2022-06-24,"['谢贤庆', '黄婵娟']"
IPO,,广东优巨先进新材料股份有限公司,2022,2022-06-24,"['李萍', '刘亚仕']"
IPO,,广州竞远安全技术股份有限公司,2022,2022-06-24,"['胡敏坚', '游泽侯']"
IPO,,北京六合宁远医药科技股份有限公司,2022,2022-06-24,"['梁晓燕', '田娟']"
IPO,,深圳市鑫信腾科技股份有限公司,2022,2022-06-24,"['任晓英', '张先发']"
IPO,,广州康盛生物科技股份有限公司,2022,2022-06-24,"['周济平', '刘伟', '易华平']"
IPO,,浙江小伦智能制造股份有限公司,2022,2022-06-24,"['章祥', '葛朋', '汪涛']"
IPO,,张家口原轼新型材料股份有限公司,2022,2022-06-24,"['曾涛', '吕鸿杰']"
IPO,,惠州市特创电子科技股份有限公司,2022,2022-06-24,"['王守军', '李进军']"
IPO,,广州明美新能源股份有限公司,2022,2022-06-24,"['胡敏坚', '游泽侯']"
IPO,,天津金米特科技股份有限公司,2022,2022-06-24,"['魏标文', '吴志辉']"
IPO,,江苏金源高端装备股份有限公司,2022,2022-06-25,"['吴霆', '葛启海']"
IPO,,上海荣盛生物药业股份有限公司,2022,2022-06-27,"['胡宏', '黄灵丹']"
IPO,,上海兰宝传感科技股份有限公司,2022,2022-06-27,"['梁谦海', '陈清松']"
IPO,,北京华卓精科科技股份有限公司,2022,2022-06-27,"['刘文豪', '徐文博']"
IPO,,新疆蓝山屯河科技股份有限公司,2022,2022-06-27,"['谢卉', '杨胡伟']"
IPO,,武汉元丰汽车电控系统股份有限公司,2022,2022-06-27,"['高虹', '何华博', '邢向宗', '杨华']"
IPO,,筠诚和瑞环境科技集团股份有限公司,2022,2022-06-27,"['潘新华', '王子强']"
IPO,,湖南耐普泵业股份有限公司,2022,2022-06-27,"['魏五军', '田冬青']"
IPO,,深圳市麦驰物联股份有限公司,2022,2022-06-27,"['徐冬冬', '刘志鹏']"
IPO,,苏州嘉诺环境科技股份有限公司,2022,2022-06-27,"['刘丹', '王俊', '张静']"
IPO,,上海晶宇环境工程股份有限公司,2022,2022-06-27,"['赵勇', '邵强']"
IPO,,北京天助畅运医疗技术股份有限公司,2022,2022-06-27,"['李成林', '时静', '崔雯']"
IPO,,北京易诚互动网络技术股份有限公司,2022,2022-06-27,"['崔迎', '王松']"
IPO,,北京深演智能科技股份有限公司,2022,2022-06-27,"['师玉春', '曹学颖', '唐炫', '赵学斌']"
IPO,,辽宁垠艺生物科技股份有限公司,2022,2022-06-27,"['赵鹏', '路静茹']"
IPO,,未来穿戴健康科技股份有限公司,2022,2022-06-27,"['贺春海', '刘辉', '文娜杰']"
IPO,,北京合众伟奇科技股份有限公司,2022,2022-06-27,"['密惠红', '余骞']"
IPO,,珠海富士智能股份有限公司,2022,2022-06-27,"['王海第', '叶庚波']"
IPO,,东集技术股份有限公司,2022,2022-06-27,"['章磊', '陈赟', '汤洋']"
IPO,,深圳市巍特环境科技股份有限公司,2022,2022-06-27,"['聂勇', '郭春林', '李华']"
IPO,,江苏新视云科技股份有限公司,2022,2022-06-27,"['贾丽娜', '蔡卫华', '杨磊']"
IPO,,北京睿泽恒镒科技股份公司,2022,2022-06-27,"['安行', '李海南']"
IPO,,浙江振有电子股份有限公司,2022,2022-06-27,"['罗训超', '杨映', '蒋晓东', '李雯']"
IPO,,浙江天松医疗器械股份有限公司,2022,2022-06-28,"['王建甫', '许红瑾', '向晓三', '柳雷']"
IPO,,苏州华芯微电子股份有限公司,2022,2022-06-28,"['陈竑', '魏晓戎', '柳志伟', '吕晶']"
IPO,,苏州巨峰电气绝缘系统股份有限公司,2022,2022-06-28,"['刘勇', '丁春荣', '侯克丰']"
IPO,,北京九州大地生物技术集团股份有限公司,2022,2022-06-28,"['魏倩婷', '何峰']"
IPO,,哈尔滨哈工智慧嘉利通科技股份有限公司,2022,2022-06-28,"['金刚锋', '赵宁', '余书杰']"
IPO,,山东宝来利来生物工程股份有限公司,2022,2022-06-28,"['崔霞', '陈晓红', '田甜']"
IPO,,和创(北京)科技股份有限公司,2022,2022-06-28,"['臧青海', '陈艳红']"
IPO,,土巴兔集团股份有限公司,2022,2022-06-28,"['蔡智锋', '郭素宏', '李敏', '周燕']"
IPO,,重庆广电数字传媒股份有限公司,2022,2022-06-28,"['李青龙', '文永丽']"
IPO,,苏州赛芯电子科技股份有限公司,2022,2022-06-28,"['郑少杰', '张冉冉', '黄景辉', '贾安龙']"
IPO,,上海聚威新材料股份有限公司,2022,2022-06-28,"['郭海龙', '冯飞军', '王杰']"
IPO,,上海捷氢科技股份有限公司,2022,2022-06-28,"['庄浩', '穆佳杰']"
IPO,,敏实集团有限公司,2022,2022-06-28,"['赵海舟', '赵斌']"
IPO,,广州天极电子科技股份有限公司,2022,2022-06-28,"['李建彬', '王启盛', '刘耀东']"
IPO,,成都德芯数字科技股份有限公司,2022,2022-06-28,"['蔡晓丽', '安行']"
IPO,,浙江瑞格智能科技股份有限公司,2022,2022-06-28,"['李伟海', '冯彩玉']"
IPO,,上海创米数联智能科技发展股份有限公司,2022,2022-06-28,"['徐晋波', '汤哲人']"
IPO,,广州绿十字制药股份有限公司,2022,2022-06-28,"['王鑫', '公岩明', '王士超']"
IPO,,上海色如丹数码科技股份有限公司,2022,2022-06-28,"['陈葆华', '林顺国']"
IPO,,北京中航科电测控技术股份有限公司,2022,2022-06-28,"['余龙', '兰轶林']"
IPO,,上海索迪龙自动化股份有限公司,2022,2022-06-28,"['张进东', '陈燕', '李萍']"
IPO,,苏州亚德林股份有限公司,2022,2022-06-28,"['胡新荣', '秦啸']"
IPO,,世邦通信股份有限公司,2022,2022-06-28,"['胡兵', '张逸', '赵俊华']"
IPO,,福建省闽东力捷迅药业股份有限公司,2022,2022-06-28,"['陆俊洁', '谢沁']"
IPO,,中翰盛泰生物技术股份有限公司,2022,2022-06-28,"['郭文令', '胡晓辰', '陈鱼丰', '诸旦祺', '彭远卓']"
IPO,,杭州国芯科技股份有限公司,2022,2022-06-28,"['张林', '王莉']"
IPO,,珠海博雅科技股份有限公司,2022,2022-06-29,"['胡乃鹏', '宣德忠', '袁强']"
IPO,,无锡中感微电子股份有限公司,2022,2022-06-29,"['叶春', '何双', '潘祖立', '闫丙旗', '雷永鑫']"
IPO,,深圳市槟城电子股份有限公司,2022,2022-06-29,"['程进', '吴丽虹', '杨茜', '肖文凯', '王海龙']"
IPO,,上海昱章电气股份有限公司,2022,2022-06-29,"['张颖', '倪顺涛']"
IPO,,明峰医疗系统股份有限公司,2022,2022-06-29,"['唐娟', '邱娟']"
IPO,,朗坤智慧科技股份有限公司,2022,2022-06-29,"['张玉虎', '罗开芝', '田业阳', '朱艳']"
IPO,,江苏国富氢能技术装备股份有限公司,2022,2022-06-29,"['张旭宏', '朱高翔']"
IPO,,杭州联川生物技术股份有限公司,2022,2022-06-29,"['毛伟', '徐林', '张雨虹']"
IPO,,北京朗视仪器股份有限公司,2022,2022-06-29,"['吴慧', '朱俊峰']"
IPO,,澳斯康生物(南通)股份有限公司,2022,2022-06-29,"['赵兴明', '李小燕']"
IPO,,北京思维造物信息科技股份有限公司,2022,2022-06-29,"['曹创', '赖晓楠', '田键泯']"
IPO,,中裕铁信交通科技股份有限公司,2022,2022-06-29,"['施丹丹', '金戈']"
IPO,,大汉软件股份有限公司,2022,2022-06-29,"['徐侃瓴', '李玲']"
IPO,,杭州衡泰技术股份有限公司,2022,2022-06-29,"['李惠丰', '孙峰', '吕爱珍']"
IPO,,创志科技(江苏)股份有限公司,2022,2022-06-29,"['朱佑敏', '孙杰', '武诚威']"
IPO,,芜湖佳宏新材料股份有限公司,2022,2022-06-29,"['李生敏', '杨晓龙', '李剑', '王静', '汤小龙']"
IPO,,上海盛普流体设备股份有限公司,2022,2022-06-29,"['徐春', '项杰']"
IPO,,河北青竹画材科技股份有限公司,2022,2022-06-29,"['费方华', '李茜']"
IPO,,浙江三方控制阀股份有限公司,2022,2022-06-29,"['张旭宏', '朱泽民', '李士龙', '夏波']"
IPO,,柏承科技(昆山)股份有限公司,2022,2022-06-29,"['龙琦', '杨雪燕', '张立琰']"
IPO,,河北一品制药股份有限公司,2022,2022-06-29,"['龚晨艳', '江晓云']"
IPO,,上海文依电气股份有限公司,2022,2022-06-29,"['赵玉朋', '贾国卫', '王传平', '聂照枝']"
IPO,,成都一通密封股份有限公司,2022,2022-06-29,"['龚荣华', '胡宏伟']"
IPO,,宁波华平智控科技股份有限公司,2022,2022-06-29,"['孙华', '陈剑锋']"
IPO,,合肥恒信动力科技股份有限公司,2022,2022-06-29,"['徐侃瓴', '莫康妮']"
IPO,,北京诺康达医药科技股份有限公司,2022,2022-06-29,"['阚忠生', '王强', '肖桂莲', '张雪咏', '王芸芸']"
IPO,,成都正恒动力股份有限公司,2022,2022-06-29,"['胡海波', '贺英', '时斌']"
IPO,,宁波福尔达智能科技股份有限公司,2022,2022-06-29,"['罗训超', '欧阳小云']"
IPO,,上海思客琦智能装备科技股份有限公司,2022,2022-06-29,"['林炎临', '钟心怡', '周起予']"
IPO,,正业设计股份有限公司,2022,2022-06-29,"['王许', '朱磊', '董顶立', '陈小红']"
IPO,,广州智特奇生物科技股份有限公司,2022,2022-06-29,"['李贵强', '李敏民']"
IPO,,宝宝巴士股份有限公司,2022,2022-06-29,"['徐汝洁', '施瑾']"
IPO,,山东开泰石化股份有限公司,2022,2022-06-29,"['丁兆栋', '尹秀群', '王丽丽']"
IPO,,北京光环国际教育科技股份有限公司,2022,2022-06-30,"['童传江', '叶庆龄']"
IPO,,四川科志人防设备股份有限公司,2022,2022-06-30,"['武兴田', '黄敏', '黄磊', '刘霖蓉', '叶梓歆']"
IPO,,浙江中孚环境设备股份有限公司,2022,2022-06-30,"['罗训超', '张欣', '蒋晓东']"
IPO,,河南曙光汇知康生物科技股份有限公司,2022,2022-06-30,"['李变利', '陈亚超']"
IPO,,浙江康莱宝体育用品股份有限公司,2022,2022-06-30,"['段奇', '焦健']"
IPO,,重庆阿泰可科技股份有限公司,2022,2022-06-30,"['唐明', '刘群', '弋守川', '梁正勇']"
IPO,,四川东方水利智能装备工程股份有限公司,2022,2022-06-30,"['杨旭荣', '龚正平']"
IPO,,北京讯众通信技术股份有限公司,2022,2022-06-30,"['轩菲', '刘德良']"
IPO,,苏州沪云新药研发股份有限公司,2022,2022-06-30,"['张松柏', '王法亮', '林雯英', '杨成艳']"
IPO,,安徽泰达新材料股份有限公司,2022,2022-06-30,"['廖传宝', '姚贝', '徐子欣']"
IPO,,固克节能科技股份有限公司,2022,2022-06-30,"['李建彬', '林辉钦', '陈文艺', '林炎临', '梁宝珠', '郭清艺']"
IPO,,酒仙网络科技股份有限公司,2022,2022-06-30,"['强桂英', '王绪增']"
IPO,,北京磨铁文化集团股份有限公司,2022,2022-06-30,"['银雪姣', '叶萍']"
IPO,,浙江陀曼智能科技股份有限公司,2022,2022-06-30,"['丁锡锋', '胡清', '黄森']"
IPO,,以萨技术股份有限公司,2022,2022-06-30,"['黄亚琼', '郑鹏飞', '刘涛']"
IPO,,苏州好博医疗器械股份有限公司,2022,2022-06-30,"['汪玉寿', '李鹏', '余正泽']"
IPO,,上海治臻新能源股份有限公司,2022,2022-06-30,"['王健', '董汉逸']"
IPO,,昆仑太科(北京)技术股份有限公司,2022,2022-06-30,"['翁志刚', '范燕飞']"
IPO,,成都锐成芯微科技股份有限公司,2022,2022-06-30,"['魏琴', '彭敏琴', '里全', '张德川']"
IPO,,北京英视睿达科技股份有限公司,2022,2022-06-30,"['张克东', '高志英']"
IPO,,北京清大科越股份有限公司,2022,2022-06-30,"['闫磊', '张崇', '夏瑞', '王文杰']"
IPO,,北京集创北方科技股份有限公司,2022,2022-06-30,"['强桂英', '王绪增', '申利超', '梁睿升']"
IPO,,北京华昊中天生物医药股份有限公司,2022,2022-06-30,"['方海杰', '万姝', '马静玉', '韩志国']"
IPO,,苏州鸿安机械股份有限公司,2022,2022-06-30,"['支彩琴', '王传文', '陆遥']"
IPO,,拓尔微电子股份有限公司,2022,2022-06-30,"['史少翔', '桂迎', '李贤君']"
IPO,,上海鸿晔电子科技股份有限公司,2022,2022-06-30,"['上官胜', '李潇', '王晗']"
IPO,,美智光电科技股份有限公司,2022,2022-06-30,"['欧昌献', '曾光']"
IPO,,深圳安科高技术股份有限公司,2022,2022-06-30,"['康雪艳', '李秋浩']"
IPO,,北京航天和兴科技股份有限公司,2022,2022-06-30,"['何降星', '王昆']"
IPO,,上海紫江新材料科技股份有限公司,2022,2022-06-30,"['葛勤', '周金福']"
IPO,,上海军陶科技股份有限公司,2022,2022-06-30,"['潘胜国', '张风薇', '孙荣']"
IPO,,扬州万方科技股份有限公司,2022,2022-06-30,"['蔡卫华', '杨磊']"
IPO,,浙江上风高科专风实业股份有限公司,2022,2022-06-30,"['林旺', '曹翠娟', '边珊姗']"
IPO,,苏州华一新能源科技股份有限公司,2022,2022-06-30,"['马建萍', '唐若云']"
IPO,,湖北汇富纳米材料股份有限公司,2022,2022-06-30,"['曾红', '王小敏', '付依林']"
IPO,,浙江科峰有机硅股份有限公司,2022,2022-06-30,"['魏琴', '马良刚', '胡韬']"
IPO,,苏州杰锐思智能科技股份有限公司,2022,2022-06-30,"['姚辉', '李新民']"
IPO,,江苏吉莱微电子股份有限公司,2022,2022-06-30,"['王许', '朱磊', '毕海涛']"
IPO,,江苏金智教育信息股份有限公司,2022,2022-06-30,"['蔡卫华', '周文阳', '曹莹', '诸旭敏', '刘婷']"
IPO,,江西金利隆橡胶履带股份有限公司,2022,2022-06-30,"['刘智清', '曾春卫', '刘卓']"
IPO,,北京高威科电气技术股份有限公司,2022,2022-06-30,"['张克东', '高志英']"
IPO,,宝武碳业科技股份有限公司,2022,2022-06-30,"['蒋伟民', '武廷栋']"
IPO,,成都千嘉科技股份有限公司,2022,2022-06-30,"['陈洪涛', '顾阳洋']"
IPO,,深圳市科通技术股份有限公司,2022,2022-06-30,"['连伟', '钦佩佩', '李杰', '陈菁佩', '文桂平']"
IPO,,深圳易科声光科技股份有限公司,2022,2022-06-30,"['刘丹', '付芳', '邓军', '陈志刚']"
IPO,,杭州景杰生物科技股份有限公司,2022,2022-06-30,"['王建甫', '易耀冬']"
IPO,,弈柯莱生物科技(上海)股份有限公司,2022,2022-06-30,"['葛伟俊', '高飞', '肖骅']"
IPO,,麦斯克电子材料股份有限公司,2022,2022-07-01,"['赵波', '徐佳丽']"
IPO,,苏州星诺奇科技股份有限公司,2022,2022-07-01,"['齐利平', '黄冰冰', '胡进福']"
IPO,,浙江中天东方氟硅材料股份有限公司,2022,2022-07-01,"['陈晓华', '张玲莉']"
IPO,,浙江星星冷链集成股份有限公司,2022,2022-07-01,"['李惠丰', '孙峰', '强爱斌', '何其瑞', '申慧']"
IPO,,浙江同富特美刻家居用品股份有限公司,2022,2022-07-01,"['李勇平', '陶书成', '李静程']"
IPO,,浙江凤登绿能环保股份有限公司,2022,2022-07-01,"['姚本霞', '刘崇']"
IPO,,新特能源股份有限公司,2022,2022-07-01,"['张昆', '李亚望', '崔艳秋', '马艳', '马如飞', '赖春蕾']"
IPO,,新黎明科技股份有限公司,2022,2022-07-01,"['杨力生', '何中正', '华燕惠', '孙春峰', '黄秋玲']"
IPO,,武汉长利新材料科技股份有限公司,2022,2022-07-01,"['黄敬臣', '屠灿', '吴阅鸿']"
IPO,,上海欣巴自动化科技股份有限公司,2022,2022-07-01,"['廖金辉', '方伟', '林炎临']"
IPO,,江苏诚丰新材料股份有限公司,2022,2022-07-01,"['孙敏', '张文娟']"
IPO,,广州三晶电气股份有限公司,2022,2022-07-01,"['黄志业', '蔡慕玲']"
IPO,,发达控股集团股份有限公司,2022,2022-07-01,"['黄敬臣', '熊延森', '赵传业']"
IPO,,鼎镁新材料科技股份有限公司,2022,2022-07-01,"['党小安', '严望生', '江军']"
IPO,,财信证券股份有限公司,2022,2022-07-01,"['丁启新', '户永红', '徐静', '康顺平', '郑加', '雷宗亮']"
IPO,,安徽济人药业股份有限公司,2022,2022-07-01,"['徐春', '郭晓婧']"
IPO,,天宝动物营养科技股份有限公司,2022,2022-07-01,"['唐洪春', '扶交亮', '陈智', '屈先富']"
IPO,,周六福珠宝股份有限公司,2022,2022-07-01,"['徐菲', '夏婵玉']"
IPO,,湖北香江电器股份有限公司,2022,2022-07-01,"['龙湖川', '杨佳慧']"
IPO,,广西东呈酒店管理集团股份有限公司,2022,2022-07-01,"['彭菁', '张欣']"
IPO,,扬州宏远电子股份有限公司,2022,2022-07-01,"['涂蓬芳', '钟晓连']"
IPO,,浙江中鼎纺织股份有限公司,2022,2022-07-01,"['宁一锋', '王延勇']"
IPO,,江西增鑫科技股份有限公司,2022,2022-07-01,"['刘功', '刘宇']"
IPO,,永林电子股份有限公司,2022,2022-07-01,"['邓华明', '陈华', '殷文文']"
IPO,,四川菊乐食品股份有限公司,2022,2022-07-01,"['罗东先', '刘拉', '李丽']"
IPO,,浙江永坚新材料科技股份有限公司,2022,2022-07-01,"['张芹', '林琦']"
IPO,,赛克赛斯生物科技股份有限公司,2022,2022-07-01,"['毕强', '燕进']"
IPO,,江西百神药业股份有限公司,2022,2022-07-01,"['杨新春', '刘琪']"
IPO,,浙江晴天太阳能科技股份有限公司,2022,2022-07-01,"['耿振', '皇甫滢']"
IPO,,江西省宏瑞兴科技股份有限公司,2022,2022-07-01,"['蔡畅', '吴宏量']"
IPO,,江苏耀坤液压股份有限公司,2022,2022-07-01,"['徐萍', '陆春美']"
IPO,,中路交科科技股份有限公司,2022,2022-07-05,"['陈瑜', '朱永华']"
IPO,,浙江浙能燃气股份有限公司,2022,2022-07-05,"['黄元喜', '龚敬']"
IPO,,浙江峻和科技股份有限公司,2022,2022-07-05,"['胡学文', '吴舟', '陈建忠']"
IPO,,樱桃谷育种科技股份有限公司,2022,2022-07-05,"['高松', '叶青', '张天竹']"
IPO,,新湖期货股份有限公司,2022,2022-07-05,"['王斌', '严盛辉']"
IPO,,想念食品股份有限公司,2022,2022-07-05,"['刘钢跃', '胡健']"
IPO,,希诺股份有限公司,2022,2022-07-05,"['王震', '张飞云']"
IPO,,山东绿霸化工股份有限公司,2022,2022-07-05,"['张利法', '王庆宾']"
IPO,,山东福洋生物科技股份有限公司,2022,2022-07-05,"['唐琳', '李海燕', '荆秀梅', '李景伟']"
IPO,,山东德州扒鸡股份有限公司,2022,2022-07-05,"['邓德祥', '赵梦娇']"
IPO,,认养一头牛控股集团股份有限公司,2022,2022-07-05,"['黄加才', '刘芳']"
IPO,,青岛青禾人造草坪股份有限公司,2022,2022-07-05,"['潘汝彬', '马云峰', '谢瓅']"
IPO,,青岛海力威新材料科技股份有限公司,2022,2022-07-05,"['廖传宝', '冯炬', '夏小蕾', '李银屏', '王伟红']"
IPO,,老娘舅餐饮股份有限公司,2022,2022-07-05,"['潘振翔', '李嘉玮']"
IPO,,江西九岭锂业股份有限公司,2022,2022-07-05,"['邱俊洲', '黄海波']"
IPO,,江苏中法水务股份有限公司,2022,2022-07-05,"['吕方明', '王荣', '杨荣华']"
IPO,,江苏安凯特科技股份有限公司,2022,2022-07-05,"['夏先锋', '樊略', '詹从才', '徐岑']"
IPO,,华宝证券股份有限公司,2022,2022-07-05,"['郭俊艳', '陈建兵', '曹智春']"
IPO,,广州迪柯尼服饰股份有限公司,2022,2022-07-05,"['刘远帅', '陈柳明']"
IPO,,上海金标文化创意股份有限公司,2022,2022-07-05,"['孙敏', '王晓康']"
IPO,,开源证券股份有限公司,2022,2022-07-05,"['卞薄海', '安小民']"
IPO,,新疆阿克苏水务环保集团股份有限公司,2022,2022-07-05,"['石朝欣', '孙红玉']"
IPO,,深圳市玮言服饰股份有限公司,2022,2022-07-05,"['房炅', '刘侨敏']"
IPO,,广州尚航信息科技股份有限公司,2022,2022-07-05,"['王海第', '叶庚波']"
IPO,,湖南省兵器工业集团股份有限公司,2022,2022-07-05,"['闫磊', '周曼', '刘洋', '刘智清']"
IPO,,广东新大禹环境科技股份有限公司,2022,2022-07-05,"['张金生', '俞霁穹']"
IPO,,深圳市飞速创新技术股份有限公司,2022,2022-07-05,"['方少帆', '林希倩']"
IPO,,浙江德馨食品科技股份有限公司,2022,2022-07-05,"['王建甫', '寿方雷']"
IPO,,昌德新材科技股份有限公司,2022,2022-07-05,"['贺梦然', '唐世娟']"
IPO,,北京中奥通宇科技股份有限公司,2022,2022-07-05,"['蔡晓丽', '安行', '毕燕飞']"
IPO,,广东芬尼科技股份有限公司,2022,2022-07-05,"['张芹', '李江东']"
IPO,,浙江新纳材料科技股份有限公司,2022,2022-07-05,"['张芹', '王剑飞', '李江东', '朱佳峰']"
IPO,,河北冀衡药业股份有限公司,2022,2022-07-05,"['李东昕', '王书阁', '王薇']"
IPO,,广州拉拉米信息科技股份有限公司,2022,2022-07-05,"['禤文欣', '卢玲玉', '郝丽江', '杨倩']"
IPO,,西藏国策环保科技股份有限公司,2022,2022-07-05,"['王文春', '周刚', '龚荣华']"
IPO,,广西三威家居新材股份有限公司,2022,2022-07-05,"['綦东钰', '操更生', '刘泽波', '许萍']"
IPO,,上海悦普广告集团股份有限公司,2022,2022-07-08,"['李靖豪', '徐福宽']"
IPO,,合诚技术股份有限公司,2022,2022-07-08,"['李振华', '秦劲力']"
IPO,,苏州莱恩精工合金股份有限公司,2022,2022-07-08,"['施琪璋', '李飞', '卫春丽']"
IPO,,山东奥扬新能源科技股份有限公司,2022,2022-07-11,"['荆秀梅', '徐瑞松']"
IPO,,思必驰科技股份有限公司,2022,2022-07-15,"['吴懿忻', '葛爱平']"
IPO,,土巴兔集团股份有限公司,2022,2022-07-18,"['蔡智锋', '郭素宏']"
IPO,,河南科隆新能源股份有限公司,2022,2022-07-21,"['杨熹', '朱观清']"
IPO,,沈阳隆基电磁科技股份有限公司,2022,2022-07-22,"['冯万奇', '邵建克']"
IPO,,北京生泰尔科技股份有限公司,2022,2022-07-25,"['姚辉', '李新民']"
IPO,,上海雄程海洋工程股份有限公司,2022,2022-08-02,"['吴翔', '石怡弘', '巢序', '付云海']"
IPO,,新明珠集团股份有限公司,2022,2022-08-02,"['韩雁光', '杨勇', '潘平平']"
IPO,,湖南鑫远环境科技股份有限公司,2022,2022-08-02,"['丁景东', '齐钢强']"
IPO,,杭州小影创新科技股份有限公司,2022,2022-08-09,"['徐敏', '苗桢']"
IPO,,山东泰丰智能控制股份有限公司,2022,2022-08-11,"['王丽敏', '邹国英']"
IPO,,上海西恩科技股份有限公司,2022,2022-08-12,"['党小安', '刘红先']"
IPO,,河南光远新材料股份有限公司,2022,2022-08-12,"['张琦', '袁薇莉', '张勇', '田术会', '谢家龙']"
IPO,,皖创环保股份有限公司,2022,2022-08-18,"['郭凯', '杨小飞', '黄亚琼', '谢中西', '刘鹏举']"
IPO,,青岛有屋智能家居科技股份有限公司,2022,2022-08-18,"['王晖', '杨帅']"
IPO,,洛阳涧光特种装备股份有限公司,2022,2022-08-19,"['闫磊', '李光宇', '江永辉', '张镝']"
IPO,,江苏飞宇医药科技股份有限公司,2022,2022-08-25,"['陈科举', '上官莉']"
IPO,,杭州中欣晶圆半导体股份有限公司,2022,2022-08-29,"['耿振', '皇甫滢']"
IPO,,浙江迅达工业科技股份有限公司,2022,2022-09-01,"['沈利刚', '蔡畅', '吴宏量']"
IPO,,速度时空信息科技股份有限公司,2022,2022-09-01,"['孙广友', '冯建利']"
IPO,,江苏网进科技股份有限公司,2022,2022-09-02,"['郁向军', '王蒙', '杨海南']"
IPO,,固克节能科技股份有限公司,2022,2022-09-06,"['李建彬', '林辉钦', '陈文艺']"
IPO,,北京帕克国际工程咨询股份有限公司,2022,2022-09-07,"['周溢', '郭杰']"
IPO,,北京恒泰万博石油技术股份有限公司,2022,2022-09-08,"['冯万奇', '李福兴']"
IPO,,苏州雅睿生物技术股份有限公司,2022,2022-09-09,"['赵斌', '韩冰']"
IPO,,安阳睿恒数控机床股份有限公司,2022,2022-09-09,"['刘方微', '王静娜', '李变利']"
IPO,,科都电气股份有限公司,2022,2022-09-13,"['叶怀敏', '陈梦回', '陈中江']"
IPO,,无锡硅动力微电子股份有限公司,2022,2022-09-22,"['游世秋', '刘尚申', '王也']"
IPO,,蜜雪冰城股份有限公司,2022,2022-09-22,"['周百鸣', '解维', '姚俭方', '李桂藏', '张伶俐']"
IPO,,通力科技股份有限公司,2022,2022-09-22,"['张媛媛', '江先敏']"
IPO,,浙江孚诺医药股份有限公司,2022,2022-09-23,"['方国华', '祝琪梅']"
IPO,,江西省江铜铜箔科技股份有限公司,2022,2022-09-26,"['都蕾', '董珮']"
IPO,,轩竹生物科技股份有限公司,2022,2022-09-26,"['任佳慧', '朱奇琦']"
IPO,,河南惠强新能源材料科技股份有限公司,2022,2022-09-27,"['章祥', '汪涛', '郑利锋']"
IPO,,江苏长晶科技股份有限公司,2022,2022-09-27,"['朱海平', '程鹏远', '朱环']"
IPO,,谷麦光电科技股份有限公司,2022,2022-09-28,"['王季民', '陈容炜']"
IPO,,北京忆恒创源科技股份有限公司,2022,2022-09-28,"['赵亦飞', '刘成龙', '魏敏']"
IPO,,苏州湘园新材料股份有限公司,2022,2022-09-28,"['王传邦', '张定坤']"
IPO,,佳源科技股份有限公司,2022,2022-09-28,"['娄新洁', '支鑫']"
IPO,,浙江泛源科技股份有限公司,2022,2022-09-28,"['王福康', '易莎']"
IPO,,深圳市大族封测科技股份有限公司,2022,2022-09-28,"['崔永强', '范丽华']"
IPO,,烟台迈百瑞国际生物医药股份有限公司,2022,2022-09-28,"['张毅强', '杨晶', '周瑕', '姜远梅']"
IPO,,西安中核核仪器股份有限公司,2022,2022-09-29,"['何降星', '徐毅']"
IPO,,深圳市爱康生物科技股份有限公司,2022,2022-09-29,"['邓华明', '李哲', '谢军', '杨涟']"
IPO,,重庆蓝岸科技股份有限公司,2022,2022-09-29,"['李青龙', '祝芹敏', '余国豪']"
IPO,,珠海市赛纬电子材料股份有限公司,2022,2022-09-29,"['陈世薇', '闫志勇']"
IPO,,深圳市万和科技股份有限公司,2022,2022-09-30,"['郭晋龙', '刘晓聪']"
IPO,,华鸿画家居股份有限公司,2022,2022-09-30,"['郭宪明', '钟晓荣', '马文辉']"
IPO,,湖南星邦智能装备股份有限公司,2022,2022-09-30,"['刘智清', '周曼', '杨迎']"
IPO,,深圳华智融科技股份有限公司,2022,2022-09-30,"['方建新', '丁月明']"
IPO,,龙江元盛和牛产业股份有限公司,2022,2022-09-30,"['付强', '吴旭初', '李振华', '毛春海', '张晓萌', '赵国辉']"
IPO,,浙江长城搅拌设备股份有限公司,2022,2022-09-30,"['张建新', '周康康', '周成', '黄莎']"
IPO,,上海梦创双杨数据科技股份有限公司,2022,2022-09-30,"['黄继佳', '陈震', '周永辉']"
IPO,,江苏博涛智能热工股份有限公司,2022,2022-09-30,"['褚诗炜', '潘思兰', '黄剑', '陆峰']"
IPO,,深圳市华舟海洋发展股份有限公司,2022,2022-09-30,"['章顺文', '柴喜峰']"
IPO,,厦门东昂科技股份有限公司,2022,2022-09-30,"['胡新荣', '王辉达', '储东东', '童苗根', '郭小皖']"
IPO,,深圳市大成精密设备股份有限公司,2022,2022-09-30,"['李萍', '闫靖']"
IPO,,苏州鲜活饮品股份有限公司,2022,2022-09-30,"['李东昕', '刘宏宇', '金晓静']"
IPO,,深圳飞骧科技股份有限公司,2022,2022-10-10,"['黄声森', '胡新']"
IPO,,北京蓝色星际科技股份有限公司,2022,2022-10-10,"['何降星', '曹小琳', '徐毅']"
IPO,,华南新海(深圳)科技股份有限公司,2022,2022-10-11,"['黄绍煌', '张端颖']"
IPO,,山东省互联网传媒集团股份有限公司,2022,2022-10-12,"['胡乃忠', '李满']"
IPO,,浙江松川仪表科技股份有限公司,2022,2022-10-17,"['严海锋', '何斯雯', '陈达华']"
IPO,,上海恒润达生生物科技股份有限公司,2022,2022-10-18,"['朱伟', '周勤俊']"
IPO,,山东百多安医疗器械股份有限公司,2022,2022-10-19,"['李景伟', '陈奎']"
IPO,,四川沃文特生物工程股份有限公司,2022,2022-10-21,"['李元良', '郭庆']"
IPO,,广州聚合新材料科技股份有限公司,2022,2022-10-25,"['赵国平', '黄键仁']"
IPO,,天津望圆智能科技股份有限公司,2022,2022-10-28,"['姜晓东', '李永芳']"
IPO,,浙江城建煤气热电设计院股份有限公司,2022,2022-10-28,"['章祥', '郑振']"
IPO,,哈尔滨思哲睿智能医疗设备股份有限公司,2022,2022-10-31,"['郭成专', '王琰']"
IPO,,浙江睿高新材料股份有限公司,2022,2022-10-31,"['沈重', '何双']"
IPO,,江苏润阳新能源科技股份有限公司,2022,2022-11-03,"['黄艳', '夏慧君', '唐方']"
IPO,,湖北银行股份有限公司,2022,2022-11-04,"['石海云', '仇侃之', '薛玮', '向玲']"
IPO,,安徽新远科技股份有限公司,2022,2022-11-04,"['宛云龙', '仇笑康', '龙兵']"
IPO,,成都四方伟业软件股份有限公司,2022,2022-11-14,"['贺顺祥', '季薇']"
IPO,,浙江亘古电缆股份有限公司,2022,2022-11-18,"['金晨希', '任歌', '赵勇', '国梁']"
IPO,,浙江安特磁材股份有限公司,2022,2022-11-18,"['严燕鸿', '叶泽伟']"
IPO,,蜂巢能源科技股份有限公司,2022,2022-11-18,"['陈轶', '杨瑾璐', '郭安静', '刘艳霞', '朱策明']"
IPO,,贵州威门药业股份有限公司,2022,2022-11-21,"['王晓明', '贺顺祥', '江山', '洪琳']"
IPO,,北方实验室(沈阳)股份有限公司,2022,2022-11-21,"['张立志', '刘翠玲', '鲁雪']"
IPO,,南通联亚药业股份有限公司,2022,2022-11-22,"['黄哲君', '刘文浩']"
IPO,,纵目科技(上海)股份有限公司,2022,2022-11-23,"['李萍', '谭学渊']"
IPO,,上海健耕医药科技股份有限公司,2022,2022-11-24,"['张昕', '宋闪闪']"
IPO,,江苏聚成金刚石科技股份有限公司,2022,2022-11-24,"['唐健', '程铷']"
IPO,,宁波奥拉半导体股份有限公司,2022,2022-11-28,"['黄声森', '赵娟娟', '胡新']"
IPO,,得一微电子股份有限公司,2022,2022-11-29,"['张力', '张扬', '谢金香']"
IPO,,江苏吉莱微电子股份有限公司,2022,2022-12-02,"['王许', '朱磊']"
IPO,,西安新通药物研究股份有限公司,2022,2022-12-05,"['潘坤', '戴正文', '张旭迪']"
IPO,,北京开科唯识技术股份有限公司,2022,2022-12-15,"['李成林', '杨晋芳', '罗祥媚', '纪玉红']"
IPO,,中钢集团马鞍山矿山研究总院股份有限公司,2022,2022-12-19,"['杨志平', '俞华', '吕志', '陈永毡']"
IPO,,太重集团向明智能装备股份有限公司,2022,2022-12-19,"['李东升', '唐晓博']"
IPO,,上海恒业微晶材料科技股份有限公司,2022,2022-12-20,"['谢贤庆', '陆加龙', '汪宇']"
IPO,,深圳善康医药科技股份有限公司,2022,2022-12-21,"['谢枫', '张羚晖']"
IPO,,山东益大新材料股份有限公司,2022,2022-12-22,"['胡乃忠', '李满']"
IPO,,中船双瑞(洛阳)特种装备股份有限公司,2022,2022-12-22,"['范晓红', '赵书曼', '刘蕾']"
IPO,,浙江晨泰科技股份有限公司,2022,2022-12-23,"['郭宪明', '陈国樑']"
IPO,,长光卫星技术股份有限公司,2022,2022-12-23,"['杨建平', '章祥', '徐德盛']"
IPO,,浙江鹏孚隆科技股份有限公司,2022,2022-12-26,"['李惠丰', '洪建良', '刘伟']"
IPO,,夜视丽新材料股份有限公司,2022,2022-12-27,"['伍贤春', '邱麟凯']"
IPO,,北京凝思软件股份有限公司,2022,2022-12-27,"['何双', '薛佳祺', '杨志颖']"
IPO,,山西凝固力新型材料股份有限公司,2022,2022-12-27,"['朱晓红', '徐灵玲']"
IPO,,上海国创医药股份有限公司,2022,2022-12-27,"['胡新荣', '秦啸']"
IPO,,绍兴拓邦新能源股份有限公司,2022,2022-12-27,"['彭远卓', '俞翔', '刘镇']"
IPO,,比亚迪半导体股份有限公司,2022,2022-12-27,"['李剑光', '张羚晖']"
IPO,,江西省江铜铜箔科技股份有限公司,2022,2022-12-28,"['都蕾', '章艳', '董珮']"
IPO,,新麦机械(中国)股份有限公司,2022,2022-12-28,"['吴晓辉', '许育荪', '周轶']"
IPO,,赛卓电子科技(上海)股份有限公司,2022,2022-12-28,"['林德伟', '张金生', '何家明']"
IPO,,浙江亚特电器股份有限公司,2022,2022-12-28,"['陈中江', '杨瑞威']"
IPO,,昆山华恒焊接股份有限公司,2022,2022-12-28,"['黄海洋', '王兆钢']"
IPO,,杭州思亿欧网络科技股份有限公司,2022,2022-12-28,"['林旺', '王建', '边珊姗']"
IPO,,中电科思仪科技股份有限公司,2022,2022-12-29,"['廖传宝', '姚贝', '郭兴华']"
IPO,,南京轩凯生物科技股份有限公司,2022,2022-12-29,"['张军', '吴霆', '王春燕']"
IPO,,杭州华澜微电子股份有限公司,2022,2022-12-29,"['郭东星', '陆世伟', '米毓', '杜建', '江志强', '姜姝婧', '刘斌']"
IPO,,佰聆数据股份有限公司,2022,2022-12-29,"['刘远帅', '邓菲']"
IPO,,深圳市科通技术股份有限公司,2022,2022-12-29,"['连伟', '钦佩佩', '陈菁佩', '文桂平']"
IPO,,方大智源科技股份有限公司,2022,2022-12-29,"['谢培仁', '曾徽', '黄宝燕']"
IPO,,渔翁信息技术股份有限公司,2022,2022-12-29,"['周春阳', '王明坤']"
IPO,,世纪开元智印互联科技集团股份有限公司,2022,2022-12-29,"['叶怀敏', '刘新余']"
IPO,,江苏箭鹿毛纺股份有限公司,2022,2022-12-29,"['王士玮', '徐立群', '生俊顺']"
IPO,,上海贺鸿电子科技股份有限公司,2022,2022-12-30,"['黄平', '王露', '吕滢鉴', '陆加龙']"
IPO,,南京化学试剂股份有限公司,2022,2022-12-30,"['邱平', '毕宏志', '杨林']"
IPO,,苏州飞宇精密科技股份有限公司,2022,2022-12-30,"['于志强', '章仁杰']"
IPO,,浙江金晟环保股份有限公司,2022,2022-12-30,"['叶帮芬', '陈芳', '周起越', '胡新荣', '童苗根', '李鹏', '张翔']"
IPO,,虹越花卉股份有限公司,2022,2022-12-30,"['黄平', '陆加龙', '刘超']"
IPO,,沃太能源股份有限公司,2022,2022-12-30,"['郑磊', '俞华', '杨青', '仇笑康']"
IPO,,苏州锦艺新材料科技股份有限公司,2022,2022-12-30,"['邓小勤', '姚静', '刘根']"
IPO,,上海晋飞碳纤科技股份有限公司,2022,2022-12-30,"['胡素萍', '吴莉莉', '何厚泉']"
IPO,,河北金力新能源科技股份有限公司,2022,2022-12-30,"['宛云龙', '仇笑康', '徐远', '施丹丹', '张瑞']"
IPO,,飞依诺科技股份有限公司,2022,2022-12-30,"['凌燕', '陈磊', '谷淑']"
IPO,,北京明朝万达科技股份有限公司,2022,2022-12-30,"['闫磊', '张崇']"
IPO,,北京华脉泰科医疗器械股份有限公司,2022,2022-12-30,"['沈岩', '王丹']"
IPO,,昆腾微电子股份有限公司,2022,2022-12-30,"['刘涛', '陈帅科']"
IPO,,中科合成油技术股份有限公司,2022,2022-12-30,"['陈君', '唐恒飞', '石晓炎']"
IPO,,广州环亚化妆品科技股份有限公司,2022,2022-12-31,"['周俊超', '许玉霞', '杨阳']"
IPO,,珠海博雅科技股份有限公司,2023,2023-01-02,"['胡乃鹏', '宣德忠', '袁强']"
IPO,,西安新通药物研究股份有限公司,2023,2023-01-03,"['潘坤', '戴正文', '张旭迪']"
IPO,,上海晶宇环境工程股份有限公司,2023,2023-01-03,"['赵勇', '邵强']"
IPO,,安徽久易农业股份有限公司,2023,2023-01-03,"['朱伟光', '杨玉香']"
IPO,,杭州本松新材料技术股份有限公司,2023,2023-01-03,"['宋鑫', '龚文昌']"
IPO,,浙江雅虎汽车部件股份有限公司,2023,2023-01-03,"['江娟', '朱小雪']"
IPO,,广州聚合新材料科技股份有限公司,2023,2023-01-03,"['赵国平', '黄键仁']"
IPO,,四川科志人防设备股份有限公司,2023,2023-01-04,"['武兴田', '黄敏', '黄磊', '刘霖蓉', '叶梓歆']"
IPO,,乾元浩生物股份有限公司,2023,2023-01-04,"['冯建江', '黄琼']"
IPO,,北京思睦瑞科医药科技股份有限公司,2023,2023-01-04,"['章顺文', '尹红军']"
IPO,,艺唯科技股份有限公司,2023,2023-01-04,"['潘胜国', '潘思兰', '陈智辉']"
IPO,,无锡卓海科技股份有限公司,2023,2023-01-04,"['朱佑敏', '路凤霞', '张倩倩']"
IPO,,宁波博菱电器股份有限公司,2023,2023-01-04,"['占铁华', '栾艳鹏', '许沥文', '熊江波']"
IPO,,北京中航科电测控技术股份有限公司,2023,2023-01-04,"['余龙', '兰轶林']"
IPO,,苏州嘉诺环境科技股份有限公司,2023,2023-01-04,"['刘丹', '王俊', '张静']"
IPO,,苏州韬略生物科技股份有限公司,2023,2023-01-05,"['曹小勤', '孙智慧']"
IPO,,西安鹰之航航空科技股份有限公司,2023,2023-01-05,"['杨谦', '李民聪', '邢敏', '黄朝安', '谭智青']"
IPO,,杭州景杰生物科技股份有限公司,2023,2023-01-05,"['王建甫', '易耀冬']"
IPO,,深圳市鑫信腾科技股份有限公司,2023,2023-01-05,"['任晓英', '张先发']"
IPO,,珠海富士智能股份有限公司,2023,2023-01-05,"['王海第', '叶庚波']"
IPO,,上海思客琦智能装备科技股份有限公司,2023,2023-01-05,"['林炎临', '钟心怡', '周起予']"
IPO,,广州诗尼曼家居股份有限公司,2023,2023-01-05,"['吴萃柿', '毛潇滢']"
IPO,,上海军陶科技股份有限公司,2023,2023-01-05,"['潘胜国', '张风薇', '孙荣']"
IPO,,上海鸿晔电子科技股份有限公司,2023,2023-01-05,"['上官胜', '李潇', '王晗']"
IPO,,张家口原轼新型材料股份有限公司,2023,2023-01-05,"['曾涛', '吕鸿杰']"
IPO,,北京扬德环保能源科技股份有限公司,2023,2023-01-05,"['金敬玉', '麻贺群', '金顺兴', '王秋娣', '邓华明', '刘洁']"
IPO,,浙江大飞龙动物保健品股份有限公司,2023,2023-01-05,"['陈达华', '曾宪忠']"
IPO,,苏州百胜动力机器股份有限公司,2023,2023-01-05,"['付后升', '万斌', '李悦']"
IPO,,北京帕克国际工程咨询股份有限公司,2023,2023-01-05,"['周溢', '郭杰']"
IPO,,河南曙光汇知康生物科技股份有限公司,2023,2023-01-06,"['李变利', '陈亚超']"
IPO,,浙江胜华波电器股份有限公司,2023,2023-01-06,"['孙敏', '尹志彬', '吕苏阳', '翁伟']"
IPO,,永祺(中国)车业股份有限公司,2023,2023-01-06,"['叶喜撑', '章方杰']"
IPO,,轩竹生物科技股份有限公司,2023,2023-01-06,"['任佳慧', '朱奇琦']"
IPO,,武汉长利新材料科技股份有限公司,2023,2023-01-06,"['黄敬臣', '屠灿', '吴阅鸿']"
IPO,,无锡海达光能股份有限公司,2023,2023-01-06,"['周磊', '周贵人', '荆跃飞', '周静松']"
IPO,,泰盈科技集团股份有限公司,2023,2023-01-06,"['邓德祥', '温蕾']"
IPO,,上海荣盛生物药业股份有限公司,2023,2023-01-06,"['胡宏', '黄灵丹']"
IPO,,山东长信化学科技股份有限公司,2023,2023-01-06,"['姜峰', '刘阿彬']"
IPO,,青岛沃隆食品股份有限公司,2023,2023-01-06,"['邓德祥', '史钢伟', '宿慧']"
IPO,,宁波大叶园林工业股份有限公司,2023,2023-01-06,"['林国雄', '韦军', '顾嫣萍']"
IPO,,江苏金陵环境股份有限公司,2023,2023-01-06,"['汪娟', '王巍', '高慧', '王震', '谢振伟']"
IPO,,鸿星科技(集团)股份有限公司,2023,2023-01-06,"['魏琴', '姚丽强', '胡宁宁']"
IPO,,河北英虎农业机械股份有限公司,2023,2023-01-06,"['党小安', '黄晓曲']"
IPO,,常州百佳年代薄膜科技股份有限公司,2023,2023-01-06,"['王洪博', '孙洁']"
IPO,,北京四环科宝制药股份有限公司,2023,2023-01-06,"['吴雪', '闫正']"
IPO,,北京吉威空间信息股份有限公司,2023,2023-01-06,"['徐伟东', '安小梅']"
IPO,,安顺控股股份有限公司,2023,2023-01-06,"['郭凯', '张林清', '熊寿康', '夏小蕾']"
IPO,,新疆阿克苏水务环保集团股份有限公司,2023,2023-01-06,"['石朝欣', '孙红玉']"
IPO,,天宝动物营养科技股份有限公司,2023,2023-01-06,"['唐洪春', '扶交亮', '陈智', '屈先富']"
IPO,,浙江伯特利科技股份有限公司,2023,2023-01-06,"['邓德祥', '应丽']"
IPO,,深圳远超智慧生活股份有限公司,2023,2023-01-06,"['李生敏', '汤小龙', '曹星星']"
IPO,,中环寰慧科技集团股份有限公司,2023,2023-01-06,"['王娜', '王幈', '修军']"
IPO,,浙江羊绒世家服饰股份有限公司,2023,2023-01-06,"['金刚锋', '周燕波', '张美佳']"
IPO,,江苏环保产业技术研究院股份公司,2023,2023-01-06,"['王许', '王炜程']"
IPO,,广州腾龙健康实业股份有限公司,2023,2023-01-06,"['李立影', '刘冬群']"
IPO,,江苏省建筑设计研究院股份有限公司,2023,2023-01-06,"['蔡卫华', '张翔']"
IPO,,上海紫江新材料科技股份有限公司,2023,2023-01-06,"['葛勤', '周金福']"
IPO,,成都蕊源半导体科技股份有限公司,2023,2023-01-06,"['林苇铭', '汪璐露', '郭东超']"
IPO,,江苏沃得农业机械股份有限公司,2023,2023-01-06,"['蔡卫华', '杨常平', '杨磊']"
IPO,,成都一通密封股份有限公司,2023,2023-01-06,"['龚荣华', '胡宏伟']"
IPO,,菲鹏生物股份有限公司,2023,2023-01-06,"['赵国梁', '龙海燕', '陈锡雄']"
IPO,,北京博华信智科技股份有限公司,2023,2023-01-06,"['郑斐', '徐薇', '杨睿']"
IPO,,扬州万方科技股份有限公司,2023,2023-01-06,"['蔡卫华', '杨磊']"
IPO,,厦门东昂科技股份有限公司,2023,2023-01-06,"['胡新荣', '王辉达', '储东东', '童苗根', '郭小皖']"
IPO,,深圳市睿联技术股份有限公司,2023,2023-01-06,"['潘新华', '黄绍煌', '陈美婷']"
IPO,,芜湖映日科技股份有限公司,2023,2023-01-08,"['唐国骏', '谢嘉']"
IPO,,成都千嘉科技股份有限公司,2023,2023-01-08,"['陈洪涛', '顾阳洋']"
IPO,,京磁材料科技股份有限公司,2023,2023-01-09,"['王建民', '蔡洁瑜']"
IPO,,江苏万高药业股份有限公司,2023,2023-01-09,"['叶慧', '王俊', '田梅']"
IPO,,上海盛普流体设备股份有限公司,2023,2023-01-09,"['徐春', '项杰']"
IPO,,广州康盛生物科技股份有限公司,2023,2023-01-09,"['周济平', '刘伟', '易华平']"
IPO,,厦门美科安防科技股份有限公司,2023,2023-01-09,"['闫钢军', '王启盛', '岑榆茵', '梁宝珠', '王淑娟']"
IPO,,上海文依电气股份有限公司,2023,2023-01-09,"['赵玉朋', '贾国卫', '王传平', '聂照枝']"
IPO,,北京六合宁远医药科技股份有限公司,2023,2023-01-09,"['田娟', '梁晓燕']"
IPO,,杭州衡泰技术股份有限公司,2023,2023-01-09,"['李惠丰', '孙峰', '吕爱珍']"
IPO,,厦门渡远户外用品股份有限公司,2023,2023-01-09,"['余建耀', '彭敏']"
IPO,,湖北汇富纳米材料股份有限公司,2023,2023-01-09,"['曾红', '王小敏', '付依林']"
IPO,,机械工业第九设计研究院股份有限公司,2023,2023-01-10,"['郑志刚', '王志东']"
IPO,,宁波福尔达智能科技股份有限公司,2023,2023-01-10,"['罗训超', '欧阳小云']"
IPO,,北京蓝色星际科技股份有限公司,2023,2023-01-10,"['何降星', '曹小琳', '徐毅']"
IPO,,上海聚威新材料股份有限公司,2023,2023-01-10,"['郭海龙', '冯飞军', '王杰']"
IPO,,江苏飞宇医药科技股份有限公司,2023,2023-01-10,"['陈科举', '上官莉']"
IPO,,广东百味佳味业科技股份有限公司,2023,2023-01-11,"['屈先富', '扶交亮', '於祝荧']"
IPO,,西安中核核仪器股份有限公司,2023,2023-01-11,"['何降星', '徐毅']"
IPO,,上海兰宝传感科技股份有限公司,2023,2023-01-11,"['梁谦海', '陈清松']"
IPO,,上海恒润达生生物科技股份有限公司,2023,2023-01-11,"['朱伟', '周勤俊']"
IPO,,力品药业(厦门)股份有限公司,2023,2023-01-11,"['杜凯', '宋以晶', '林新田', '陈裕成']"
IPO,,苏州杰锐思智能科技股份有限公司,2023,2023-01-11,"['姚辉', '李新民']"
IPO,,哈尔滨思哲睿智能医疗设备股份有限公司,2023,2023-01-11,"['郭成专', '王琰']"
IPO,,深圳善康医药科技股份有限公司,2023,2023-01-11,"['谢枫', '张羚晖']"
IPO,,哈尔滨市科佳通用机电股份有限公司,2023,2023-01-12,"['梅秀琴', '庞博', '许峰', '张玮']"
IPO,,无锡中感微电子股份有限公司,2023,2023-01-12,"['叶春', '何双', '潘祖立', '闫丙旗', '雷永鑫']"
IPO,,昆仑太科(北京)技术股份有限公司,2023,2023-01-12,"['翁志刚', '范燕飞']"
IPO,,山东晶导微电子股份有限公司,2023,2023-01-12,"['赵艳美', '何峰', '王宗佩']"
IPO,,苏州湘园新材料股份有限公司,2023,2023-01-12,"['王传邦', '张定坤']"
IPO,,河南皓泽电子股份有限公司,2023,2023-01-12,"['江永辉', '李光宇']"
IPO,,杭州思亿欧网络科技股份有限公司,2023,2023-01-13,"['林旺', '王建', '边珊姗']"
IPO,,长光卫星技术股份有限公司,2023,2023-01-13,"['杨建平', '章祥', '徐德盛']"
IPO,,杭摩新材料集团股份有限公司,2023,2023-01-13,"['谢贤庆', '翟晓宁', '朱洁莹']"
IPO,,北京华昊中天生物医药股份有限公司,2023,2023-01-13,"['方海杰', '万姝', '马静玉', '韩志国']"
IPO,,浙江科峰有机硅股份有限公司,2023,2023-01-13,"['魏琴', '马良刚', '胡韬']"
IPO,,浙江中鼎纺织股份有限公司,2023,2023-01-13,"['宁一锋', '王延勇']"
IPO,,浙江永坚新材料科技股份有限公司,2023,2023-01-13,"['张芹', '林琦']"
IPO,,江西增鑫科技股份有限公司,2023,2023-01-13,"['刘功', '刘宇']"
IPO,,四川菊乐食品股份有限公司,2023,2023-01-13,"['罗东先', '刘拉', '李丽']"
IPO,,湖南耐普泵业股份有限公司,2023,2023-01-13,"['魏五军', '田冬青']"
IPO,,重庆宇隆光电科技股份有限公司,2023,2023-01-13,"['张毅', '彭云强']"
IPO,,中智经济技术合作股份有限公司,2023,2023-01-13,"['赵永春', '白浩杰']"
IPO,,苏州高泰电子技术股份有限公司,2023,2023-01-13,"['周垚', '嵇道伟']"
IPO,,人本股份有限公司,2023,2023-01-13,"['廖屹峰', '艾锋华', '朱丽丽']"
IPO,,江苏齐晖医药科技股份有限公司,2023,2023-01-13,"['常桂华', '施利华']"
IPO,,华龙证券股份有限公司,2023,2023-01-13,"['张有全', '张颖莉']"
IPO,,成都高速公路股份有限公司,2023,2023-01-13,"['艾维', '胡艳', '刘涛', '温丹红', '黄璐', '李飞']"
IPO,,安徽济人药业股份有限公司,2023,2023-01-13,"['徐春', '郭晓婧']"
IPO,,开源证券股份有限公司,2023,2023-01-13,"['卞薄海', '安小民']"
IPO,,湖南省兵器工业集团股份有限公司,2023,2023-01-13,"['闫磊', '周曼', '刘洋', '刘智清']"
IPO,,保定维赛新材料科技股份有限公司,2023,2023-01-13,"['郭海龙', '吴金忠', '金园', '胡明明']"
IPO,,三技精密技术(广东)股份有限公司,2023,2023-01-13,"['杨敢林', '张先发', '金宁绩']"
IPO,,山东京阳科技股份有限公司,2023,2023-01-13,"['章磊', '孙玉霞', '孙业亮']"
IPO,,青岛海湾化学股份有限公司,2023,2023-01-13,"['王婷', '姜慧']"
IPO,,临工重机股份有限公司,2023,2023-01-13,"['闫磊', '张崇']"
IPO,,浙江硕华生命科学研究股份有限公司,2023,2023-01-13,"['孙文军', '姚太海']"
IPO,,中钢集团马鞍山矿山研究总院股份有限公司,2023,2023-01-15,"['杨志平', '俞华']"
IPO,,赛卓电子科技(上海)股份有限公司,2023,2023-01-15,"['林德伟', '张金生', '何家明']"
IPO,,上海昱章电气股份有限公司,2023,2023-01-15,"['张颖', '倪顺涛']"
IPO,,合肥恒信动力科技股份有限公司,2023,2023-01-15,"['徐侃瓴', '莫康妮']"
IPO,,广州明美新能源股份有限公司,2023,2023-01-15,"['胡敏坚', '游泽侯']"
IPO,,广州竞远安全技术股份有限公司,2023,2023-01-16,"['胡敏坚', '游泽侯']"
IPO,,广东国地规划科技股份有限公司,2023,2023-01-16,"['孙玮', '舒伟']"
IPO,,上海芯龙半导体技术股份有限公司,2023,2023-01-16,"['陈林', '周齐']"
IPO,,浙江天松医疗器械股份有限公司,2023,2023-01-16,"['王建甫', '许红瑾', '向晓三', '柳雷']"
IPO,,天津金米特科技股份有限公司,2023,2023-01-16,"['魏标文', '吴志辉']"
IPO,,大汉软件股份有限公司,2023,2023-01-17,"['徐侃瓴', '李玲']"
IPO,,江西省江铜铜箔科技股份有限公司,2023,2023-01-17,"['都蕾', '章艳', '董珮']"
IPO,,浙江亚特电器股份有限公司,2023,2023-01-17,"['陈中江', '杨瑞威']"
IPO,,苏州亚德林股份有限公司,2023,2023-01-17,"['胡新荣', '秦啸']"
IPO,,绍兴拓邦新能源股份有限公司,2023,2023-01-17,"['彭远卓', '俞翔', '刘镇']"
IPO,,山东泰丰智能控制股份有限公司,2023,2023-01-17,"['王丽敏', '邹国英']"
IPO,,太重集团向明智能装备股份有限公司,2023,2023-01-17,"['李东升', '唐晓博']"
IPO,,江苏箭鹿毛纺股份有限公司,2023,2023-01-17,"['王士玮', '徐立群', '生俊顺']"
IPO,,飞依诺科技股份有限公司,2023,2023-01-18,"['凌燕', '陈磊', '谷淑']"
IPO,,中电科思仪科技股份有限公司,2023,2023-01-18,"['廖传宝', '姚贝', '郭兴华']"
IPO,,烟台迈百瑞国际生物医药股份有限公司,2023,2023-01-18,"['张毅强', '杨晶', '周瑕', '姜远梅']"
IPO,,昆腾微电子股份有限公司,2023,2023-01-18,"['刘涛', '陈帅科']"
IPO,,北京凝思软件股份有限公司,2023,2023-01-18,"['何双', '薛佳祺', '杨志颖']"
IPO,,上海贺鸿电子科技股份有限公司,2023,2023-01-18,"['黄平', '王露', '吕滢鉴', '陆加龙']"
IPO,,南京化学试剂股份有限公司,2023,2023-01-18,"['邱平', '毕宏志', '杨林']"
IPO,,虹越花卉股份有限公司,2023,2023-01-18,"['黄平', '陆加龙', '刘超']"
IPO,,苏州飞宇精密科技股份有限公司,2023,2023-01-19,"['于志强', '章仁杰']"
IPO,,浙江金晟环保股份有限公司,2023,2023-01-19,"['叶帮芬', '陈芳', '周起越', '胡新荣', '童苗根', '李鹏', '张翔']"
IPO,,朗坤智慧科技股份有限公司,2023,2023-01-19,"['张玉虎', '罗开芝', '田业阳', '朱艳']"
IPO,,辽宁垠艺生物科技股份有限公司,2023,2023-01-19,"['赵鹏', '路静茹']"
IPO,,浙江鹏孚隆科技股份有限公司,2023,2023-01-19,"['李惠丰', '洪建良', '刘伟']"
IPO,,新麦机械(中国)股份有限公司,2023,2023-01-19,"['吴晓辉', '许育荪', '周轶']"
IPO,,上海国创医药股份有限公司,2023,2023-01-19,"['胡新荣', '秦啸']"
IPO,,山东益大新材料股份有限公司,2023,2023-01-19,"['胡乃忠', '李满']"
IPO,,北京华脉泰科医疗器械股份有限公司,2023,2023-01-19,"['沈岩', '王丹']"
IPO,,南京轩凯生物科技股份有限公司,2023,2023-01-19,"['张军', '吴霆', '王春燕']"
IPO,,昆山华恒焊接股份有限公司,2023,2023-01-19,"['黄海洋', '王兆钢']"
IPO,,浙江孚诺医药股份有限公司,2023,2023-01-20,"['方国华', '祝琪梅']"
IPO,,新湖期货股份有限公司,2023,2023-01-20,"['王斌', '严盛辉']"
IPO,,舒普智能技术股份有限公司,2023,2023-01-20,"['黄加才', '华海祥', '刘芳']"
IPO,,宁波敏达汽车科技股份有限公司,2023,2023-01-20,"['陈瑜', '陈林栋']"
IPO,,浙江晴天太阳能科技股份有限公司,2023,2023-01-20,"['耿振', '皇甫滢']"
IPO,,西藏国策环保科技股份有限公司,2023,2023-01-20,"['王文春', '周刚', '龚荣华']"
IPO,,赛克赛斯生物科技股份有限公司,2023,2023-01-20,"['毕强', '燕进']"
IPO,,江苏耀坤液压股份有限公司,2023,2023-01-20,"['徐萍', '陆春美']"
IPO,,广州迪柯尼服饰股份有限公司,2023,2023-01-20,"['刘远帅', '陈柳明']"
IPO,,广西东呈酒店管理集团股份有限公司,2023,2023-01-20,"['彭菁', '张欣']"
IPO,,八马茶业股份有限公司,2023,2023-01-20,"['肖铁青', '李文茜', '陈琼', '钟宇']"
IPO,,浙江晨泰科技股份有限公司,2023,2023-01-20,"['郭宪明', '陈国樑']"
IPO,,夜视丽新材料股份有限公司,2023,2023-01-20,"['伍贤春', '邱麟凯']"
IPO,,苏州雅睿生物技术股份有限公司,2023,2023-01-20,"['赵斌', '韩冰']"
IPO,,苏州锦艺新材料科技股份有限公司,2023,2023-01-20,"['邓小勤', '姚静', '刘根']"
IPO,,佰聆数据股份有限公司,2023,2023-01-20,"['刘远帅', '邓菲']"
IPO,,杭州华澜微电子股份有限公司,2023,2023-01-20,"['郭东星', '陆世伟', '米毓', '杜建', '江志强', '姜姝婧', '刘斌']"
IPO,,沃太能源股份有限公司,2023,2023-01-20,"['郑磊', '俞华', '杨青', '仇笑康']"
IPO,,渔翁信息技术股份有限公司,2023,2023-01-20,"['周春阳', '王明坤']"
IPO,,北京明朝万达科技股份有限公司,2023,2023-01-20,"['闫磊', '张崇']"
IPO,,中科合成油技术股份有限公司,2023,2023-01-20,"['陈君', '唐恒飞', '石晓炎']"
IPO,,上海晋飞碳纤科技股份有限公司,2023,2023-01-20,"['胡素萍', '吴莉莉', '何厚泉']"
IPO,,河北金力新能源科技股份有限公司,2023,2023-01-21,"['宛云龙', '仇笑康', '徐远', '施丹丹', '张瑞']"
IPO,,山西凝固力新型材料股份有限公司,2023,2023-01-21,"['朱晓红', '徐灵玲']"
IPO,,东集技术股份有限公司,2023,2023-01-28,"['章磊', '陈赟', '汤洋']"
IPO,,河北一品制药股份有限公司,2023,2023-01-28,"['龚晨艳', '江晓云']"
IPO,,北京合众伟奇科技股份有限公司,2023,2023-01-29,"['密惠红', '余骞']"
IPO,,深圳安科高技术股份有限公司,2023,2023-01-29,"['康雪艳', '李秋浩']"
IPO,,高密银鹰新材料股份有限公司,2023,2023-01-30,"['赵艳美', '王军伟']"
IPO,,浙江小伦智能制造股份有限公司,2023,2023-01-30,"['章祥', '葛朋', '汪涛']"
IPO,,深圳市槟城电子股份有限公司,2023,2023-01-31,"['程进', '吴丽虹', '杨茜', '肖文凯', '王海龙']"
IPO,,江苏新视云科技股份有限公司,2023,2023-01-31,"['蔡卫华', '杨磊', '詹从才', '王颖']"
IPO,,昆山丘钛微电子科技股份有限公司,2023,2023-01-31,"['王洁', '吴惠煌']"
IPO,,江西金利隆橡胶履带股份有限公司,2023,2023-02-01,"['刘智清', '曾春卫', '刘卓']"
IPO,,宁波华平智控科技股份有限公司,2023,2023-02-01,"['孙华', '陈剑锋']"
IPO,,广州环亚化妆品科技股份有限公司,2023,2023-02-01,"['周俊超', '许玉霞', '杨阳']"
IPO,,苏州巨峰电气绝缘系统股份有限公司,2023,2023-02-01,"['刘勇', '丁春荣', '侯克丰']"
IPO,,太仓展新胶粘材料股份有限公司,2023,2023-02-01,"['沈维华', '汪兢']"
IPO,,浙江睿高新材料股份有限公司,2023,2023-02-01,"['沈重', '何双']"
IPO,,浙江中孚环境设备股份有限公司,2023,2023-02-02,"['罗训超', '张欣', '蒋晓东']"
IPO,,成都正恒动力股份有限公司,2023,2023-02-02,"['胡海波', '贺英', '时斌']"
IPO,,日日顺供应链科技股份有限公司,2023,2023-02-02,"['张毅强', '王冲']"
IPO,,以萨技术股份有限公司,2023,2023-02-03,"['黄亚琼', '郑鹏飞', '刘涛']"
IPO,,安徽贝克制药股份有限公司,2023,2023-02-03,"['郑磊', '李鹏', '洪雁南']"
IPO,,浙江中天东方氟硅材料股份有限公司,2023,2023-02-03,"['陈晓华', '张玲莉']"
IPO,,浙江浙能燃气股份有限公司,2023,2023-02-03,"['黄元喜', '龚敬']"
IPO,,浙江同富特美刻家居用品股份有限公司,2023,2023-02-03,"['李勇平', '陶书成', '李静程']"
IPO,,浙江凤登绿能环保股份有限公司,2023,2023-02-03,"['姚本霞', '刘崇']"
IPO,,想念食品股份有限公司,2023,2023-02-03,"['刘钢跃', '胡健']"
IPO,,山东绿霸化工股份有限公司,2023,2023-02-03,"['张利法', '王庆宾']"
IPO,,认养一头牛控股集团股份有限公司,2023,2023-02-03,"['黄加才', '刘芳']"
IPO,,洛阳涧光特种装备股份有限公司,2023,2023-02-03,"['闫磊', '李光宇', '江永辉', '张镝']"
IPO,,江苏安凯特科技股份有限公司,2023,2023-02-03,"['夏先锋', '樊略', '詹从才', '徐岑']"
IPO,,浙江新纳材料科技股份有限公司,2023,2023-02-03,"['张芹', '王剑飞', '李江东', '朱佳峰']"
IPO,,天津望圆智能科技股份有限公司,2023,2023-02-03,"['姜晓东', '李永芳']"
IPO,,湖北香江电器股份有限公司,2023,2023-02-03,"['龙湖川', '杨佳慧']"
IPO,,广州尚航信息科技股份有限公司,2023,2023-02-03,"['王海第', '叶庚波']"
IPO,,昌德新材科技股份有限公司,2023,2023-02-03,"['贺梦然', '唐世娟']"
IPO,,武汉元丰汽车电控系统股份有限公司,2023,2023-02-06,"['高虹', '何华博', '邢向宗', '杨华']"
IPO,,北京睿泽恒镒科技股份公司,2023,2023-02-06,"['安行', '李海南']"
IPO,,无锡市好达电子股份有限公司,2023,2023-02-06,"['朱佑敏', '顾梽']"
IPO,,埃索凯科技股份有限公司,2023,2023-02-07,"['周睿', '孟双', '杨庭', '刘智清']"
IPO,,广州绿十字制药股份有限公司,2023,2023-02-07,"['王鑫', '公岩明', '王士超']"
IPO,,江阴润玛电子材料股份有限公司,2023,2023-02-07,"['陈焱鑫', '孙海晖']"
IPO,,北京清大科越股份有限公司,2023,2023-02-08,"['闫磊', '张崇', '夏瑞', '王文杰']"
IPO,,辽宁航安型芯科技股份有限公司,2023,2023-02-09,"['陈谋林', '王明健', '张英通']"
IPO,,湖北龙腾电子科技股份有限公司,2023,2023-02-09,"['王守军', '李进军']"
IPO,,成都万创科技股份有限公司,2023,2023-02-09,"['方海杰', '黄昕']"
IPO,,广州芯德通信科技股份有限公司,2023,2023-02-09,"['刘远帅', '吴周平']"
IPO,,科都电气股份有限公司,2023,2023-02-09,"['叶怀敏', '陈梦回']"
IPO,,山东省互联网传媒集团股份有限公司,2023,2023-02-10,"['胡乃忠', '李满']"
IPO,,杭州新中大科技股份有限公司,2023,2023-02-10,"['叶卫民', '侯波', '徐安琪']"
IPO,,中路交科科技股份有限公司,2023,2023-02-10,"['陈瑜', '朱永华']"
IPO,,江西九岭锂业股份有限公司,2023,2023-02-10,"['邱俊洲', '黄海波']"
IPO,,广州三晶电气股份有限公司,2023,2023-02-10,"['黄志业', '蔡慕玲']"
IPO,,润泰新材料股份有限公司,2023,2023-02-10,"['蔡卫华', '杨磊', '杨常平']"
IPO,,江西百神药业股份有限公司,2023,2023-02-10,"['杨新春', '刘琪']"
IPO,,北京中奥通宇科技股份有限公司,2023,2023-02-10,"['蔡晓丽', '安行', '毕燕飞']"
IPO,,浙江德馨食品科技股份有限公司,2023,2023-02-10,"['王建甫', '寿方雷']"
IPO,,深圳市飞速创新技术股份有限公司,2023,2023-02-10,"['方少帆', '林希倩']"
IPO,,成都裕鸢航空智能制造股份有限公司,2023,2023-02-13,"['齐利平', '殷李峰', '王敬进', '孔令莉']"
IPO,,创志科技(江苏)股份有限公司,2023,2023-02-13,"['朱佑敏', '孙杰', '武诚威']"
IPO,,苏州沪云新药研发股份有限公司,2023,2023-02-13,"['张松柏', '王法亮', '林雯英', '杨成艳']"
IPO,,上海西恩科技股份有限公司,2023,2023-02-14,"['党小安', '刘红先']"
IPO,,深圳矽递科技股份有限公司,2023,2023-02-15,"['吕方明', '申玲芝', '屈先富', '黄琼']"
IPO,,南通冠优达磁业股份有限公司,2023,2023-02-16,"['宛云龙', '俞华', '许健']"
IPO,,苏州鸿安机械股份有限公司,2023,2023-02-16,"['支彩琴', '王传文', '陆遥']"
IPO,,广东优巨先进新材料股份有限公司,2023,2023-02-16,"['李萍', '刘亚仕']"
IPO,,新黎明科技股份有限公司,2023,2023-02-16,"['杨力生', '何中正', '华燕惠', '孙春峰', '黄秋玲']"
IPO,,希诺股份有限公司,2023,2023-02-16,"['王震', '张飞云']"
IPO,,上海欣巴自动化科技股份有限公司,2023,2023-02-16,"['廖金辉', '方伟', '林炎临']"
IPO,,山东德州扒鸡股份有限公司,2023,2023-02-16,"['邓德祥', '赵梦娇']"
IPO,,青岛海力威新材料科技股份有限公司,2023,2023-02-16,"['廖传宝', '冯炬', '夏小蕾', '李银屏', '王伟红']"
IPO,,华宝证券股份有限公司,2023,2023-02-16,"['郭俊艳', '陈建兵', '曹智春']"
IPO,,深圳市玮言服饰股份有限公司,2023,2023-02-16,"['房炅', '刘侨敏']"
IPO,,华翔翔能科技股份有限公司,2023,2023-02-16,"['康代安', '夏丽飞']"
IPO,,华茂伟业绿色科技股份有限公司,2023,2023-02-17,"['冯万奇', '李福兴']"
IPO,,江苏容汇通用锂业股份有限公司,2023,2023-02-17,"['杨贵鹏', '丁彭凯']"
IPO,,钰泰半导体股份有限公司,2023,2023-02-17,"['曹小勤', '义国兵']"
IPO,,苏州华一新能源科技股份有限公司,2023,2023-02-20,"['马建萍', '唐若云']"
IPO,,重庆蓝岸科技股份有限公司,2023,2023-02-20,"['李青龙', '祝芹敏', '余国豪']"
IPO,,厦门东昂科技股份有限公司,2023,2023-02-21,"['胡新荣', '王辉达', '储东东']"
IPO,,广州天极电子科技股份有限公司,2023,2023-02-22,"['李建彬', '王启盛', '刘耀东']"
IPO,,芜湖佳宏新材料股份有限公司,2023,2023-02-22,"['李生敏', '杨晓龙', '李剑', '王静', '汤小龙']"
IPO,,苏州新大陆精密科技股份有限公司,2023,2023-02-23,"['梁谦海', '陈清松']"
IPO,,南通冠优达磁业股份有限公司,2023,2023-02-23,"['宛云龙', '俞华', '许健', '洪志国', '琚晶晶']"
IPO,,惠州市特创电子科技股份有限公司,2023,2023-02-23,"['王守军', '李进军']"
IPO,,中翰盛泰生物技术股份有限公司,2023,2023-02-23,"['郭文令', '胡晓辰', '陈鱼丰']"
IPO,,上海金标文化创意股份有限公司,2023,2023-02-24,"['孙敏', '王晓康']"
IPO,,深圳市科通技术股份有限公司,2023,2023-02-24,"['连伟', '钦佩佩', '陈菁佩', '文桂平']"
IPO,,北京高威科电气技术股份有限公司,2023,2023-02-24,"['张克东', '高志英']"
IPO,,大连优迅科技股份有限公司,2023,2023-02-24,"['吴宇', '董博佳', '杜青松']"
IPO,,南京长江都市建筑设计股份有限公司,2023,2023-02-27,"['王许', '王炜程']"
IPO,,池州华宇电子科技股份有限公司,2023,2023-02-27,"['郁向军', '吴岳松']"
IPO,,新疆钵施然智能农机股份有限公司,2023,2023-02-27,"['叶怀敏', '张勇言']"
IPO,,山西阳光焦化集团股份有限公司,2023,2023-02-27,"['韩瑞红', '朱小娃']"
IPO,,鼎镁新材料科技股份有限公司,2023,2023-02-27,"['党小安', '严望生', '江军']"
IPO,,安徽金田高新材料股份有限公司,2023,2023-02-27,"['汪玉寿', '周文亮', '陈如鹏']"
IPO,,德和科技集团股份有限公司,2023,2023-02-27,"['严燕鸿', '陈夏连']"
IPO,,中国茶叶股份有限公司,2023,2023-02-28,"['梁志刚', '胡春燕']"
IPO,,浙江明泰控股发展股份有限公司,2023,2023-02-28,"['罗训超', '欧阳小云']"
IPO,,浙江金龙再生资源科技股份有限公司,2023,2023-02-28,"['李惠丰', '朱作武', '张小勇']"
IPO,,赞同科技股份有限公司,2023,2023-02-28,"['周立新', '李勤']"
IPO,,西藏阜康医疗股份有限公司,2023,2023-02-28,"['石晨起', '许欣波', '吴丹']"
IPO,,衢州南高峰化工股份有限公司,2023,2023-02-28,"['俞佳南', '翁宗将']"
IPO,,老娘舅餐饮股份有限公司,2023,2023-02-28,"['潘振翔', '李嘉玮']"
IPO,,安徽老乡鸡餐饮股份有限公司,2023,2023-02-28,"['占铁华', '张冉冉', '王鸣灿']"
IPO,,青岛中加特电气股份有限公司,2023,2023-02-28,"['吴懿忻', '李斌']"
IPO,,周六福珠宝股份有限公司,2023,2023-02-28,"['徐菲', '夏婵玉']"
IPO,,黄山芯微电子股份有限公司,2023,2023-02-28,"['牛良文', '丁亭亭', '岑溯鹏']"
IPO,,方大智源科技股份有限公司,2023,2023-02-28,"['谢培仁', '曾徽', '黄宝燕']"
IPO,,浙江太美医疗科技股份有限公司,2023,2023-03-01,"['沈培强', '韩熙']"
IPO,,上海捍宇医疗科技股份有限公司,2023,2023-03-01,"['姚骏', '毛鞍宁', '张松柏', '林雯英']"
IPO,,青岛大牧人机械股份有限公司,2023,2023-03-01,"['谭炼', '罗静吉']"
IPO,,四川白家阿宽食品产业股份有限公司,2023,2023-03-01,"['贺顺祥', '刘伟']"
IPO,,济南森峰激光科技股份有限公司,2023,2023-03-01,"['陈焱鑫', '俞金波']"
IPO,,玛格家居股份有限公司,2023,2023-03-01,"['华毅鸿', '袁竞艳', '卫亚辉']"
IPO,,洲宇设计集团股份有限公司,2023,2023-03-01,"['吴广', '孙玮', '郭赛']"
IPO,,财信证券股份有限公司,2023,2023-03-01,"['丁启新', '户永红', '徐静', '康顺平', '郑加', '雷宗亮']"
IPO,,渤海证券股份有限公司,2023,2023-03-01,"['王玮', '刘瑷']"
IPO,,安徽新远科技股份有限公司,2023,2023-03-01,"['宛云龙', '仇笑康', '龙兵']"
IPO,,上海文依电气股份有限公司,2023,2023-03-02,"['赵玉朋', '贾国卫']"
IPO,,上海色如丹数码科技股份有限公司,2023,2023-03-02,"['陈葆华', '林顺国']"
IPO,,江苏网进科技股份有限公司,2023,2023-03-02,"['郁向军', '王蒙', '杨海南']"
IPO,,正大投资股份有限公司,2023,2023-03-02,"['王婷', '柴婧', '马宏超']"
IPO,,浙江星星冷链集成股份有限公司,2023,2023-03-02,"['李惠丰', '孙峰', '强爱斌', '何其瑞', '申慧']"
IPO,,浙江斯普智能科技股份有限公司,2023,2023-03-02,"['陈小金', '李丹']"
IPO,,浙江力玄运动科技股份有限公司,2023,2023-03-02,"['沈培强', '顾海营']"
IPO,,浙江安特磁材股份有限公司,2023,2023-03-02,"['严燕鸿', '叶泽伟']"
IPO,,樱桃谷育种科技股份有限公司,2023,2023-03-02,"['高松', '叶青', '张天竹', '张欢']"
IPO,,书香门地集团股份有限公司,2023,2023-03-02,"['费方华', '叶怀敏', '陈中江']"
IPO,,山西紫林醋业股份有限公司,2023,2023-03-02,"['朱锦梅', '李永江', '张辉策']"
IPO,,日照兴业汽车配件股份有限公司,2023,2023-03-02,"['丁锡锋', '陈红兰', '刘玉显', '王萍']"
IPO,,宁波中淳高科股份有限公司,2023,2023-03-02,"['卢娅萍', '范俊', '缪媛媛']"
IPO,,江苏剑牌农化股份有限公司,2023,2023-03-02,"['孙伟', '王伟庆']"
IPO,,华鸿画家居股份有限公司,2023,2023-03-02,"['郭宪明', '钟晓荣', '马文辉']"
IPO,,国铭铸管股份有限公司,2023,2023-03-02,"['殷宪锋', '韩丹丹', '胡本朋']"
IPO,,浙江科腾精工机械股份有限公司,2023,2023-03-02,"['杨建平', '汪涛']"
IPO,,广东皇派定制家居集团股份有限公司,2023,2023-03-02,"['韩雁光', '杨勇', '胡耀新']"
IPO,,千年舟新材科技集团股份有限公司,2023,2023-03-02,"['毛晓东', '黄锦洪', '杨国庆']"
IPO,,江苏大艺科技股份有限公司,2023,2023-03-02,"['曹小勤', '孙智慧']"
IPO,,广州拉拉米信息科技股份有限公司,2023,2023-03-02,"['禤文欣', '卢玲玉', '郝丽江', '杨倩']"
IPO,,江苏耀坤液压股份有限公司,2023,2023-03-02,"['徐萍', '陆春美', '肖菲', '包梅庭']"
IPO,,浙江城建煤气热电设计院股份有限公司,2023,2023-03-02,"['章祥', '郑振']"
IPO,,深圳宏业基岩土科技股份有限公司,2023,2023-03-02,"['杨谦', '谭智青', '邢敏', '胡春平', '刘敬彩']"
IPO,,通力科技股份有限公司,2023,2023-03-02,"['张媛媛', '江先敏']"
IPO,,广东宏石激光技术股份有限公司,2023,2023-03-02,"['王振', '李剑平']"
IPO,,安徽水韵环保股份有限公司,2023,2023-03-02,"['王彩霞', '蒋伟', '郭文令', '彭远卓', '俞翔']"
IPO,,东莞证券股份有限公司,2023,2023-03-02,"['龚静伟', '王兵', '韩振平', '王兵']"
IPO,,深圳时代装饰股份有限公司,2023,2023-03-02,"['付忠伟', '赵亮', '宣宜辰', '朱伟光', '马建平']"
IPO,,龙江元盛和牛产业股份有限公司,2023,2023-03-02,"['付强', '吴旭初', '李振华', '毛春海', '张晓萌', '赵国辉']"
IPO,,广东南海农村商业银行股份有限公司,2023,2023-03-02,"['吴源泉', '叶云晖', '王立鹏', '叶培霖', '张慧']"
IPO,,东莞银行股份有限公司,2023,2023-03-02,"['吴钟鸣', '叶云晖', '黄艾舟', '李嘉莉']"
IPO,,成都锐成芯微科技股份有限公司,2023,2023-03-02,"['魏琴', '彭敏琴', '里全', '张德川']"
IPO,,重庆润际远东新材料科技股份有限公司,2023,2023-03-02,"['弋守川', '唐明', '宋军']"
IPO,,广东芬尼科技股份有限公司,2023,2023-03-03,"['张芹', '李江东']"
IPO,,成都市青城山都江堰旅游股份有限公司,2023,2023-03-03,"['阮响华', '陈继平']"
IPO,,吉林省春城热力股份有限公司,2023,2023-03-03,"['颜新才', '费强']"
IPO,,河南正佳能源环保股份有限公司,2023,2023-03-03,"['王需如', '司俊豪', '田晓', '谢贤庆', '张滨滨']"
IPO,,深圳华智融科技股份有限公司,2023,2023-03-03,"['方建新', '丁月明']"
IPO,,深圳市华舟海洋发展股份有限公司,2023,2023-03-03,"['章顺文', '柴喜峰']"
IPO,,广东顺德农村商业银行股份有限公司,2023,2023-03-03,"['陈胜', '卢百欢', '罗杨', '昌华', '周道君']"
IPO,,四川恒邦能源股份有限公司,2023,2023-03-03,"['唐方模', '何寿福', '宋寒']"
IPO,,侨益物流股份有限公司,2023,2023-03-03,"['何晓明', '孙惠']"
IPO,,合诚技术股份有限公司,2023,2023-03-03,"['李振华', '丁昌瀚', '秦劲力']"
IPO,,幺麻子食品股份有限公司,2023,2023-03-03,"['申军', '赵亚婵', '刘浪']"
IPO,,苏州鲜活饮品股份有限公司,2023,2023-03-03,"['李东昕', '刘宏宇', '金晓静']"
IPO,,新明珠集团股份有限公司,2023,2023-03-03,"['韩雁光', '杨勇', '潘平平']"
IPO,,安徽马鞍山农村商业银行股份有限公司,2023,2023-03-03,"['张爱国', '杨俊玉']"
IPO,,科凡家居股份有限公司,2023,2023-03-03,"['冯军', '徐惠剑', '钟文珺']"
IPO,,广西三威家居新材股份有限公司,2023,2023-03-03,"['綦东钰', '操更生', '刘泽波', '许萍']"
IPO,,广州银行股份有限公司,2023,2023-03-03,"['甘莉莉', '吕正']"
IPO,,拓尔微电子股份有限公司,2023,2023-03-03,"['史少翔', '桂迎', '李贤君']"
IPO,,中国航油集团石油股份有限公司,2023,2023-03-03,"['解小雨', '田慧先', '陈静']"
IPO,,浙江升华云峰新材股份有限公司,2023,2023-03-03,"['俞佳南', '贝柳辉']"
IPO,,浙江亘古电缆股份有限公司,2023,2023-03-03,"['金晨希', '任歌', '赵勇', '国梁']"
IPO,,新疆新华水电投资股份有限公司,2023,2023-03-03,"['何降星', '谢东良']"
IPO,,鲜美来食品股份有限公司,2023,2023-03-03,"['严海锋', '何斯雯']"
IPO,,无锡烨隆精密机械股份有限公司,2023,2023-03-03,"['夏正曙', '孙诗雪']"
IPO,,上海梦创双杨数据科技股份有限公司,2023,2023-03-03,"['黄继佳', '陈震', '周永辉']"
IPO,,陕西汉王药业股份有限公司,2023,2023-03-03,"['黄丽琼', '安素强', '魏云锋', '李茜']"
IPO,,广州三晶电气股份有限公司,2023,2023-03-03,"['黄志业', '蔡慕玲', '李雯宇', '王振']"
IPO,,毛戈平化妆品股份有限公司,2023,2023-03-03,"['盛伟明', '高丽']"
IPO,,迈创企业管理服务股份有限公司,2023,2023-03-03,"['刘颖', '姜立立', '陆士敏', '王翔']"
IPO,,江苏中法水务股份有限公司,2023,2023-03-03,"['吕方明', '王荣', '杨荣华']"
IPO,,江苏昆山农村商业银行股份有限公司,2023,2023-03-03,"['周琼', '陈东阳']"
IPO,,江苏海安农村商业银行股份有限公司,2023,2023-03-03,"['朱大为', '李斌', '张武', '黄晨']"
IPO,,湖北银行股份有限公司,2023,2023-03-03,"['石海云', '仇侃之', '薛玮', '向玲']"
IPO,,湖北祥云(集团)化工股份有限公司,2023,2023-03-03,"['金鑫', '赵鹏', '王怀发']"
IPO,,山东福洋生物科技股份有限公司,2023,2023-03-03,"['唐琳', '李海燕', '荆秀梅', '李景伟']"
IPO,,大洋世家(浙江)股份公司,2023,2023-03-03,"['严海锋', '孔令江', '高峰', '宋新潮', '张文娟', '杨建平']"
IPO,,北江智联纺织股份有限公司,2023,2023-03-03,"['李萍', '刘亚仕']"
IPO,,重庆广电数字传媒股份有限公司,2023,2023-03-03,"['李青龙', '文永丽']"
IPO,,北京光环国际教育科技股份有限公司,2023,2023-03-03,"['童传江', '叶庆龄']"
IPO,,中乔体育股份有限公司,2023,2023-03-04,"['施瑾', '宋璇', '汪阳']"
IPO,,新特能源股份有限公司,2023,2023-03-04,"['张昆', '李亚望', '崔艳秋', '马艳', '马如飞', '赖春蕾']"
IPO,,上海悦普广告集团股份有限公司,2023,2023-03-04,"['李靖豪', '徐福宽']"
IPO,,上海福贝宠物用品股份有限公司,2023,2023-03-04,"['张静娟', '毕文涛', '陈丽华']"
IPO,,青岛青禾人造草坪股份有限公司,2023,2023-03-04,"['潘汝彬', '马云峰', '谢瓅']"
IPO,,江苏汇联活动地板股份有限公司,2023,2023-03-04,"['柏凌菁', '顾梽', '何泰锋', '王文凯', '张庆']"
IPO,,湖州银行股份有限公司,2023,2023-03-04,"['吴懿忻', '林晗', '葛徐']"
IPO,,湖南星邦智能装备股份有限公司,2023,2023-03-04,"['刘智清', '周曼', '杨迎']"
IPO,,湖北省鄂旅投旅游发展股份有限公司,2023,2023-03-04,"['吴杰', '代娟', '李进', '黄长文']"
IPO,,海特克动力股份有限公司,2023,2023-03-04,"['丁陈隆', '张冀申', '吴金婉']"
IPO,,亳州药都农村商业银行股份有限公司,2023,2023-03-04,"['潘新华', '张莉萍']"
IPO,,贵州威门药业股份有限公司,2023,2023-03-06,"['王晓明', '贺顺祥', '江山', '洪琳']"
IPO,,宁波奥拉半导体股份有限公司,2023,2023-03-07,"['黄声森', '赵娟娟', '胡新']"
IPO,,北京深演智能科技股份有限公司,2023,2023-03-07,"['师玉春', '曹学颖', '唐炫', '赵学斌']"
IPO,,杭州海康机器人股份有限公司,2023,2023-03-07,"['唐恋炯', '张姝姝']"
IPO,,北京天助畅运医疗技术股份有限公司,2023,2023-03-08,"['李成林', '时静', '崔雯']"
IPO,,佳源科技股份有限公司,2023,2023-03-08,"['娄新洁', '支鑫']"
IPO,,世邦通信股份有限公司,2023,2023-03-09,"['胡兵', '张逸', '赵俊华']"
IPO,,贝普医疗科技股份有限公司,2023,2023-03-09,"['钟建栋', '毛晨', '曹晶晶']"
IPO,,深圳易科声光科技股份有限公司,2023,2023-03-09,"['刘丹', '付芳', '邓军']"
IPO,,中裕铁信交通科技股份有限公司,2023,2023-03-10,"['施丹丹', '金戈']"
IPO,,深圳市麦驰物联股份有限公司,2023,2023-03-10,"['徐冬冬', '刘志鹏']"
IPO,,四川沃文特生物工程股份有限公司,2023,2023-03-10,"['李元良', '郭庆', '张瑞']"
IPO,,江苏金智教育信息股份有限公司,2023,2023-03-10,"['蔡卫华', '周文阳', '曹莹', '诸旭敏', '刘婷']"
IPO,,北京诺康达医药科技股份有限公司,2023,2023-03-10,"['阚忠生', '王强', '肖桂莲', '张雪咏', '王芸芸']"
IPO,,浙江迅达工业科技股份有限公司,2023,2023-03-11,"['沈利刚', '蔡畅', '吴宏量']"
IPO,,常州富烯科技股份有限公司,2023,2023-03-13,"['吴舟', '吴景亚', '李娟']"
IPO,,杭州微策生物技术股份有限公司,2023,2023-03-13,"['魏琴', '白红霞', '侯力行']"
IPO,,北京集创北方科技股份有限公司,2023,2023-03-14,"['强桂英', '王绪增', '申利超', '梁睿升']"
IPO,,贵州黔通智联科技股份有限公司,2023,2023-03-15,"['王晓明', '徐瑞星', '洪琳', '王云霞']"
IPO,,皖创环保股份有限公司,2023,2023-03-16,"['郭凯', '杨小飞', '黄亚琼', '谢中西', '刘鹏举']"
IPO,,深圳市通泰盈科技股份有限公司,2023,2023-03-16,"['潘坤', '冉士龙', '刘文剑']"
IPO,,苏州亚德林股份有限公司,2023,2023-03-16,"['胡新荣', '秦啸', '王彩霞']"
IPO,,上海沥高科技股份有限公司,2023,2023-03-16,"['何双', '沈重', '薛佳祺']"
IPO,,江苏聚成金刚石科技股份有限公司,2023,2023-03-16,"['李春华', '唐健', '程铷']"
IPO,,贵州多彩新媒体股份有限公司,2023,2023-03-16,"['江娟', '王绍武']"
IPO,,苏州鸿安机械股份有限公司,2023,2023-03-16,"['支彩琴', '王传文', '陆遥', '邱佳涛']"
IPO,,筠诚和瑞环境科技集团股份有限公司,2023,2023-03-17,"['潘新华', '王子强']"
IPO,,浙江上风高科专风实业股份有限公司,2023,2023-03-17,"['林旺', '曹翠娟', '边珊姗']"
IPO,,东集技术股份有限公司,2023,2023-03-17,"['章磊', '陈赟']"
IPO,,深圳市达科为生物技术股份有限公司,2023,2023-03-19,"['龙琦', '封秋慧']"
IPO,,思必驰科技股份有限公司,2023,2023-03-21,"['吴懿忻', '葛爱平']"
IPO,,成都四方伟业软件股份有限公司,2023,2023-03-21,"['贺顺祥', '季薇']"
IPO,,宝武碳业科技股份有限公司,2023,2023-03-22,"['蒋伟民', '武廷栋']"
IPO,,先正达集团股份有限公司,2023,2023-03-22,"['王婷', '张欣华']"
IPO,,蜂巢能源科技股份有限公司,2023,2023-03-23,"['陈轶', '杨瑾璐', '郭安静', '刘艳霞', '朱策明']"
IPO,,福建省闽东力捷迅药业股份有限公司,2023,2023-03-23,"['陆俊洁', '谢沁']"
IPO,,江苏润阳新能源科技股份有限公司,2023,2023-03-23,"['毛伟', '王旭', '杨和龙']"
IPO,,潍柴雷沃智慧农业科技股份有限公司,2023,2023-03-23,"['袁园', '姜立立', '秦艳平', '陈飞']"
IPO,,国网智能科技股份有限公司,2023,2023-03-23,"['段慧霞', '刘佳燕']"
IPO,,上海索迪龙自动化股份有限公司,2023,2023-03-24,"['张进东', '陈燕', '李萍']"
IPO,,浙江三方控制阀股份有限公司,2023,2023-03-24,"['张旭宏', '朱泽民', '李士龙', '夏波']"
IPO,,浙江泛源科技股份有限公司,2023,2023-03-24,"['王福康', '易莎']"
IPO,,未来穿戴健康科技股份有限公司,2023,2023-03-25,"['贺春海', '刘辉', '文娜杰']"
IPO,,赛诺威盛科技(北京)股份有限公司,2023,2023-03-27,"['向辉', '潘杨洲']"
IPO,,澎立生物医药技术(上海)股份有限公司,2023,2023-03-27,"['郑纪安', '方伟', '李晓晖']"
IPO,,深圳市大族封测科技股份有限公司,2023,2023-03-27,"['崔永强', '范丽华', '贺志雄']"
IPO,,纵目科技(上海)股份有限公司,2023,2023-03-28,"['李萍', '谭学渊']"
IPO,,江苏长晶科技股份有限公司,2023,2023-03-28,"['朱海平', '程鹏远', '朱环']"
IPO,,新疆蓝山屯河科技股份有限公司,2023,2023-03-28,"['谢卉', '杨胡伟']"
IPO,,烟台金润核电材料股份有限公司,2023,2023-03-29,"['庄继宁', '高旭升']"
IPO,,河南惠强新能源材料科技股份有限公司,2023,2023-03-29,"['章祥', '汪涛', '郑利锋']"
IPO,,江苏美科太阳能科技股份有限公司,2023,2023-03-29,"['徐侃瓴', '周倩']"
IPO,,河南光远新材料股份有限公司,2023,2023-03-29,"['张琦', '袁薇莉', '张勇', '田术会', '谢家龙']"
IPO,,北京忆恒创源科技股份有限公司,2023,2023-03-29,"['赵亦飞', '刘成龙', '魏敏']"
IPO,,深圳中兴新材技术股份有限公司,2023,2023-03-30,"['潘新华', '王子强']"
IPO,,深圳市中航比特通讯技术股份有限公司,2023,2023-03-30,"['杨熹', '朱观清', '张明']"
IPO,,金盛海洋科技股份有限公司,2023,2023-03-30,"['陈伟', '陈彤']"
IPO,,浙江数智交院科技股份有限公司,2023,2023-03-30,"['龙传喜', '汪明', '戴玉平']"
IPO,,珠海市赛纬电子材料股份有限公司,2023,2023-03-30,"['陈世薇', '闫志勇']"
IPO,,浙江长城搅拌设备股份有限公司,2023,2023-03-30,"['张建新', '周康康', '周成', '黄莎']"
IPO,,杭州联川生物技术股份有限公司,2023,2023-03-31,"['毛伟', '徐林', '张雨虹']"
IPO,,澳斯康生物(南通)股份有限公司,2023,2023-03-31,"['赵兴明', '李小燕']"
IPO,,东莞证券股份有限公司,2023,2023-03-31,"['韩振平', '潘桂权', '韩振平', '王兵']"
IPO,,浙江科峰有机硅股份有限公司,2023,2023-03-31,"['魏琴', '马良刚']"
IPO,,深圳华强电子网集团股份有限公司,2023,2023-03-31,"['李联', '夏姗姗']"
IPO,,福建侨龙应急装备股份有限公司,2023,2023-03-31,"['陈昭新', '曾徽', '胡高升']"
IPO,,深圳市景创科技电子股份有限公司,2023,2023-03-31,"['陈链武', '任小超']"
IPO,,芯天下技术股份有限公司,2023,2023-03-31,"['程纯', '刘伟明']"
IPO,,深圳市思迅软件股份有限公司,2023,2023-03-31,"['杨红青', '王涛']"
IPO,,广东欧曼科技股份有限公司,2023,2023-03-31,"['徐俊', '朱敏']"
IPO,,苏州长城精工科技股份有限公司,2023,2023-04-02,"['沈重', '曾红', '章浩', '何双']"
IPO,,杭州键嘉医疗科技股份有限公司,2023,2023-04-02,"['方海杰', '章晨伟', '李秀丽', '刘宝']"
IPO,,海诺尔环保产业股份有限公司,2023,2023-04-04,"['廖继平', '王莉']"
IPO,,长春海谱润斯科技股份有限公司,2023,2023-04-04,"['王娜', '孟庆祥', '王幈']"
IPO,,安阳睿恒数控机床股份有限公司,2023,2023-04-04,"['刘方微', '王静娜', '李变利']"
IPO,,富耐克超硬材料股份有限公司,2023,2023-04-06,"['吕勇军', '黄志刚', '路珂', '李斌', '郭世兴']"
IPO,,山东开泰石化股份有限公司,2023,2023-04-07,"['丁兆栋', '尹秀群', '王丽丽']"
IPO,,福建福特科光电股份有限公司,2023,2023-04-07,"['张慧玲', '陈思荣']"
IPO,,深圳市鑫信腾科技股份有限公司,2023,2023-04-10,"['任晓英', '张先发', '刘海曼']"
IPO,,上海索迪龙自动化股份有限公司,2023,2023-04-12,"['张进东', '陈燕']"
IPO,,深圳市万和科技股份有限公司,2023,2023-04-12,"['郭晋龙', '刘晓聪']"
IPO,,成都裕鸢航空智能制造股份有限公司,2023,2023-04-13,"['齐利平', '殷李峰', '王敬进']"
IPO,,西安新通药物研究股份有限公司,2023,2023-04-13,"['潘坤', '戴正文', '张旭迪', '钟乐', '孙昊']"
IPO,,江苏知原药业股份有限公司,2023,2023-04-13,"['金闻', '徐思思']"
IPO,,嘉兴凯实生物科技股份有限公司,2023,2023-04-17,"['钟建栋', '杜娜', '张俊慧']"
IPO,,彩虹集团新能源股份有限公司,2023,2023-04-18,"['许培梅', '顾欣']"
IPO,,英科新创(厦门)科技股份有限公司,2023,2023-04-19,"['张燕', '赖敦宏']"
IPO,,东莞六淳智能科技股份有限公司,2023,2023-04-19,"['陈应爵', '黄娜']"
IPO,,厦门渡远户外用品股份有限公司,2023,2023-04-19,"['余建耀', '彭敏', '李建彬', '连益民']"
IPO,,美智光电科技股份有限公司,2023,2023-04-19,"['欧昌献', '曾光', '曾楠']"
IPO,,京磁材料科技股份有限公司,2023,2023-04-19,"['滕海军', '蔡洁瑜']"
IPO,,上海爱科百发生物医药技术股份有限公司,2023,2023-04-20,"['朱海平', '张冀申', '王靖媛']"
IPO,,艾柯医疗器械(北京)股份有限公司,2023,2023-04-20,"['孟冬', '孙士泉']"
IPO,,浙江科腾精工机械股份有限公司,2023,2023-04-20,"['杨建平', '汪涛', '章祥']"
IPO,,北京华夏电通科技股份有限公司,2023,2023-04-20,"['董旭', '陈黎明', '黄玉清']"
IPO,,深圳飞骧科技股份有限公司,2023,2023-04-23,"['黄声森', '胡新']"
IPO,,南通联亚药业股份有限公司,2023,2023-04-25,"['黄哲君', '刘文浩']"
IPO,,四川东方水利智能装备工程股份有限公司,2023,2023-04-26,"['杨旭荣', '龚正平']"
IPO,,天津市新玻电力复合绝缘子制造股份有限公司,2023,2023-04-26,"['张利法', '陈善南']"
IPO,,苏州赛芯电子科技股份有限公司,2023,2023-04-27,"['郑少杰', '张冉冉', '黄景辉', '贾安龙']"
IPO,,湖南恒昌医药集团股份有限公司,2023,2023-04-27,"['李晓阳', '黄滔']"
IPO,,杭州腾励传动科技股份有限公司,2023,2023-04-27,"['洪文伟', '周岐贤', '冯军', '钟文珺']"
IPO,,长城信息股份有限公司,2023,2023-04-28,"['康顺平', '康云高']"
IPO,,武汉格蓝若智能技术股份有限公司,2023,2023-05-05,"['徐林', '姚贝', '张娇娇', '张良文']"
IPO,,合肥芯谷微电子股份有限公司,2023,2023-05-05,"['郑磊', '黄冰冰', '姚娜']"
IPO,,福建海创光电技术股份有限公司,2023,2023-05-05,"['姚辉', '徐子达']"
IPO,,吉林省春城热力股份有限公司,2023,2023-05-08,"['颜新才', '费强', '张奎']"
IPO,,中鼎恒盛气体设备(芜湖)股份有限公司,2023,2023-05-08,"['陈莲', '崔芳林', '陈凯']"
IPO,,赣州吉锐新能源科技股份有限公司,2023,2023-05-08,"['沈在斌', '王传文', '赵月红']"
IPO,,北京天一恩华科技股份有限公司,2023,2023-05-09,"['张力', '韩仰', '高晓鹤']"
IPO,,蓉中电气股份有限公司,2023,2023-05-09,"['黄海洋', '王兆钢']"
IPO,,节卡机器人股份有限公司,2023,2023-05-09,"['杨林', '傅磊', '陶庆武']"
IPO,,北京凯普林光电科技股份有限公司,2023,2023-05-09,"['王昆', '赵紫静', '曹阳', '王娟']"
IPO,,北京易诚互动网络技术股份有限公司,2023,2023-05-09,"['崔迎', '王松']"
IPO,,华耀光电科技股份有限公司,2023,2023-05-09,"['王亮', '郭敏敏']"
IPO,,金成技术股份有限公司,2023,2023-05-10,"['丁彭凯', '司国庆', '蔡勇']"
IPO,,青岛积成电子股份有限公司,2023,2023-05-10,"['师玉春', '唐嵩']"
IPO,,欧冶云商股份有限公司,2023,2023-05-11,"['杨洁', '黄锋']"
IPO,,江苏中润光能科技股份有限公司,2023,2023-05-15,"['谢贤庆', '翟晓宁', '洪建明']"
IPO,,中集天达控股有限公司,2023,2023-05-17,"['林崇云', '郭素宏']"
IPO,,威邦运动科技集团股份公司,2023,2023-05-18,"['李惠丰', '朱作武', '张小勇']"
IPO,,江苏新安电器股份有限公司,2023,2023-05-18,"['陈雪', '张亚', '饶自强', '宛云龙', '侯冬生']"
IPO,,苏州元澄科技股份有限公司,2023,2023-05-18,"['赵焕琪', '冯建利']"
IPO,,深圳盛凌电子股份有限公司,2023,2023-05-19,"['杨勇', '颜艳飞', '邹彬', '韩雁光']"
IPO,,河南国容电子科技股份有限公司,2023,2023-05-19,"['孙政军', '庞新宇']"
IPO,,江苏新扬新材料股份有限公司,2023,2023-05-22,"['吴懿忻', '林晗']"
IPO,,无锡硅动力微电子股份有限公司,2023,2023-05-23,"['游世秋', '刘尚申', '王也']"
IPO,,湖南中创化工股份有限公司,2023,2023-05-23,"['魏五军', '姜丰丰']"
IPO,,浙江野风药业股份有限公司,2023,2023-05-24,"['金刚锋', '周燕波', '刘科娜']"
IPO,,郑州畅想高科股份有限公司,2023,2023-05-24,"['王猛', '丁娜', '王华辰', '董银尚']"
IPO,,辉芒微电子(深圳)股份有限公司,2023,2023-05-25,"['何晶晶', '景奕博', '易群']"
IPO,,浙江祥邦科技股份有限公司,2023,2023-05-25,"['陈素素', '韩熙']"
IPO,,东实汽车科技集团股份有限公司,2023,2023-05-25,"['师玉春', '杨志强', '李冬青']"
IPO,,福建侨龙应急装备股份有限公司,2023,2023-05-25,"['陈昭新', '曾徽', '胡高升', '梁宝珠']"
IPO,,上海恒业微晶材料科技股份有限公司,2023,2023-05-26,"['谢贤庆', '陆加龙', '汪宇']"
IPO,,广东铭基高科电子股份有限公司,2023,2023-05-26,"['扶交亮', '陈子涵', '陈栋梁', '屈先富', '安飞']"
IPO,,西安摩尔石油工程实验室股份有限公司,2023,2023-05-29,"['孙有航', '杨博']"
IPO,,江苏宇迪光学股份有限公司,2023,2023-05-29,"['朱海平', '丁陈隆', '顾薇', '王俊莹']"
IPO,,深圳尚阳通科技股份有限公司,2023,2023-05-30,"['张媛媛', '熊欣']"
IPO,,长沙北斗产业安全技术研究院股份有限公司,2023,2023-05-30,"['周睿', '孟双', '黄中']"
IPO,,佛山水务环保股份有限公司,2023,2023-05-30,"['潘新华', '陈文锋', '申慧', '张娟', '稂时亮', '关剑梅']"
IPO,,安徽兆尹信息科技股份有限公司,2023,2023-05-30,"['黄亚琼', '鲍光荣', '胡乃鹏', '钱明', '程超', '陈思', '杨海南']"
IPO,,江苏永成汽车零部件股份有限公司,2023,2023-05-30,"['潘坤', '奚澍', '张伟']"
IPO,,北京兆信信息技术股份有限公司,2023,2023-05-30,"['陈君', '陈美玉', '武毓']"
IPO,,宁波牦牛控股股份有限公司,2023,2023-05-31,"['胡俊杰', '邬晶欢', '方瑾']"
IPO,,硅谷数模(苏州)半导体股份有限公司,2023,2023-05-31,"['廖志勇', '戴慧', '李婧']"
IPO,,广东大普通信技术股份有限公司,2023,2023-06-01,"['唐娟', '涂雅丽', '唐艺', '张静']"
IPO,,北京天助畅运医疗技术股份有限公司,2023,2023-06-01,"['李成林', '时静', '崔雯', '石长海', '张浩芬']"
IPO,,高景太阳能股份有限公司,2023,2023-06-01,"['杨运辉', '吴凯民', '张力佳']"
IPO,,和创(北京)科技股份有限公司,2023,2023-06-01,"['臧青海', '陈艳红']"
IPO,,浙江凯鸿物流股份有限公司,2023,2023-06-02,"['郭海龙', '牛晓励']"
IPO,,安徽博石高科新材料股份有限公司,2023,2023-06-02,"['王彩霞', '仇笑康', '崔静']"
IPO,,杭州飞仕得科技股份有限公司,2023,2023-06-05,"['吴慧', '王飞燕']"
IPO,,湖南文昌新材科技股份有限公司,2023,2023-06-05,"['丁彭凯', '鲍海波', '宋金元']"
IPO,,成都安美勤信息技术股份有限公司,2023,2023-06-05,"['胡宏伟', '万懋晖']"
IPO,,洛阳中超新材料股份有限公司,2023,2023-06-06,"['徐志敏', '程人坚', '朱海平', '刘静', '郑晓东']"
IPO,,湖北毅兴智能装备股份有限公司,2023,2023-06-07,"['宋其美', '段培涛']"
IPO,,南航通用航空股份有限公司,2023,2023-06-07,"['彭敏琴', '林定', '庞安然', '马元兰', '汪进利']"
IPO,,上海健耕医药科技股份有限公司,2023,2023-06-08,"['张昕', '宋闪闪']"
IPO,,浙江佑威新材料股份有限公司,2023,2023-06-08,"['林旺', '王吕军', '王蕾', '叶帮芬', '张冬学', '王道洋']"
IPO,,福建侨龙应急装备股份有限公司,2023,2023-06-08,"['曾国林', '张文峰', '范华丽']"
IPO,,烟台金泰美林科技股份有限公司,2023,2023-06-09,"['黄加才', '缪徐炳']"
IPO,,湖北宏中药业股份有限公司,2023,2023-06-09,"['陈中江', '梁俊']"
IPO,,长风药业股份有限公司,2023,2023-06-09,"['鲍小刚', '施意']"
IPO,,上海新研工业设备股份有限公司,2023,2023-06-09,"['林俊', '曹闻欢', '殷雪芳', '蔡天晨']"
IPO,,深圳远超智慧生活股份有限公司,2023,2023-06-09,"['李生敏', '汤小龙', '曹星星', '王洪亮']"
IPO,,浙江春晖环保能源股份有限公司,2023,2023-06-12,"['李惠丰', '朱作武', '沈永庭', '邓红玉']"
IPO,,四川锦江电子医疗器械科技股份有限公司,2023,2023-06-12,"['彭卓', '文菲', '刘佳鑫']"
IPO,,青岛信芯微电子科技股份有限公司,2023,2023-06-12,"['蒋舒媚', '朱珊珊']"
IPO,,山东百多安医疗器械股份有限公司,2023,2023-06-13,"['李景伟', '陈奎']"
IPO,,上海南麟电子股份有限公司,2023,2023-06-14,"['王兴华', '杨林']"
IPO,,安徽水韵环保股份有限公司,2023,2023-06-14,"['王彩霞', '蒋伟']"
IPO,,中圣科技(江苏)股份有限公司,2023,2023-06-15,"['黄志恒', '梁明伟', '陈铭鸿', '杨克晶', '翁祖桂']"
IPO,,新疆凯龙清洁能源股份有限公司,2023,2023-06-15,"['张吉文', '强增艳']"
IPO,,大连科利德半导体材料股份有限公司,2023,2023-06-15,"['栾艳鹏', '宗志迅', '程卫生', '沈童']"
IPO,,四川科瑞德制药股份有限公司,2023,2023-06-15,"['谢宇春', '淦涛涛']"
IPO,,朝阳微电子科技股份有限公司,2023,2023-06-15,"['刘广', '李晓旭', '赵云丽']"
IPO,,上海赢双电机科技股份有限公司,2023,2023-06-16,"['赵勇', '张珍']"
IPO,,上海龙创汽车设计股份有限公司,2023,2023-06-16,"['杜娜', '徐泮卿', '李惠丰', '洪建良', '朱依君', '顾洁']"
IPO,,香河昆仑新能源材料股份有限公司,2023,2023-06-16,"['纪小健', '党晓姗', '吴松林']"
IPO,,长春卓谊生物股份有限公司,2023,2023-06-16,"['王伟青', '胡险春', '何永']"
IPO,,迪嘉药业集团股份有限公司,2023,2023-06-16,"['费方华', '彭香莲']"
IPO,,烟台迈百瑞国际生物医药股份有限公司,2023,2023-06-16,"['张毅强', '杨晶']"
IPO,,宁夏康亚药业股份有限公司,2023,2023-06-16,"['顾嵛平', '庞用']"
IPO,,浙江邦盛科技股份有限公司,2023,2023-06-19,"['谢中西', '王凤艳', '刘为胜', '陈莲']"
IPO,,杭州宇谷科技股份有限公司,2023,2023-06-19,"['赵静娴', '杨婷伊', '王强']"
IPO,,上海芯旺微电子技术股份有限公司,2023,2023-06-20,"['张琦', '王涵', '张勇', '唐绍昆']"
IPO,,上海维安电子股份有限公司,2023,2023-06-20,"['董舒', '唐奕', '杨军', '冯维峰']"
IPO,,福建海电运维科技股份有限公司,2023,2023-06-20,"['王永平', '陈依航', '陈琳', '邱秋星', '龚征']"
IPO,,昆山玮硕恒基智能科技股份有限公司,2023,2023-06-20,"['王柏东', '俞国徽', '季嘉伟']"
IPO,,广东富强科技股份有限公司,2023,2023-06-20,"['彭宗显', '吴志辉', '张宁', '刘国棣']"
IPO,,浙江海宏液压科技股份有限公司,2023,2023-06-20,"['陈璐瑛', '濮琪纬']"
IPO,,山东百诺医药股份有限公司,2023,2023-06-20,"['叶卫民', '侯波', '王爱军', '李莉']"
IPO,,杭州英普环境技术股份有限公司,2023,2023-06-21,"['鲁立', '谢争珍']"
IPO,,株洲科能新材料股份有限公司,2023,2023-06-21,"['刘宇', '田川', '李萍', '刘亚仕']"
IPO,,大庆华理生物技术股份有限公司,2023,2023-06-21,"['刘文豪', '徐文博']"
IPO,,安徽安芯电子科技股份有限公司,2023,2023-06-21,"['郁向军', '万文娟']"
IPO,,伟本智能机电(上海)股份有限公司,2023,2023-06-21,"['倪一琳', '费旖', '张建新', '司维']"
IPO,,广州致远电子股份有限公司,2023,2023-06-21,"['安霞', '徐俊', '刘润生']"
IPO,,上海捷氢科技股份有限公司,2023,2023-06-24,"['庄浩', '穆佳杰']"
IPO,,中船双瑞(洛阳)特种装备股份有限公司,2023,2023-06-24,"['范晓红', '赵书曼']"
IPO,,深圳市巍特环境科技股份有限公司,2023,2023-06-26,"['聂勇', '郭春林', '李华']"
IPO,,北京朗视仪器股份有限公司,2023,2023-06-26,"['吴慧', '朱俊峰']"
IPO,,上海山源电子科技股份有限公司,2023,2023-06-26,"['党小安', '严望生', '吴珂', '张坚', '黄晓曲']"
IPO,,绍兴拓邦新能源股份有限公司,2023,2023-06-26,"['彭远卓', '俞翔', '刘镇', '郭文令']"
IPO,,青岛科凯电子研究所股份有限公司,2023,2023-06-26,"['毕强', '唐守东']"
IPO,,赣州海盛钨业股份有限公司,2023,2023-06-26,"['肖建鑫', '王骏', '沈金海']"
IPO,,山东华菱电子股份有限公司,2023,2023-06-26,"['黄敬臣', '屠灿', '王安然', '孟倩倩']"
IPO,,宁波昌亚新材料科技股份有限公司,2023,2023-06-26,"['张晓磊', '泮锋', '高竞雪']"
IPO,,广东图特精密五金科技股份有限公司,2023,2023-06-26,"['杨诗学', '张境芳', '曾雪琼']"
IPO,,上海鹰峰电子科技股份有限公司,2023,2023-06-26,"['田华', '姜波', '吴海燕']"
IPO,,深圳市志橙半导体材料股份有限公司,2023,2023-06-26,"['黎明', '陈子涵', '王合丽', '杨辉斌']"
IPO,,贝利特化学股份有限公司,2023,2023-06-26,"['伍贤春', '邱麟凯', '沈强生', '蔡爱芳', '罗宗礼']"
IPO,,湖南晶讯光电股份有限公司,2023,2023-06-26,"['李剑', '邓戒刚']"
IPO,,明喆集团股份有限公司,2023,2023-06-26,"['齐晓丽', '刘嘉艺', '张云鹤', '刘春香', '涂雪梅', '蔡成铭']"
IPO,,力高(山东)新能源技术股份有限公司,2023,2023-06-26,"['郁向军', '杨和龙', '张永欢']"
IPO,,浙江高信技术股份有限公司,2023,2023-06-26,"['尹志彬', '金杨杨', '孙敏']"
IPO,,天元航材(营口)科技股份有限公司,2023,2023-06-26,"['蒋舒媚', '吴娜']"
IPO,,江苏东方四通科技股份有限公司,2023,2023-06-26,"['赵焕琪', '宋斌', '秦霞', '张宝娟']"
IPO,,深圳亿维锐创科技股份有限公司,2023,2023-06-26,"['张丽芳', '张文慧']"
IPO,,山东祥生新材料科技股份有限公司,2023,2023-06-26,"['付忠伟', '赵亮']"
IPO,,常州华联医疗器械集团股份有限公司,2023,2023-06-26,"['田业阳', '徐健']"
IPO,,福建森达电气股份有限公司,2023,2023-06-26,"['王永平', '陈依航']"
IPO,,商客通尚景科技(上海)股份有限公司,2023,2023-06-26,"['高飞', '张道源', '吴洁', '苗颂']"
IPO,,浙江丰岛食品股份有限公司,2023,2023-06-26,"['刘泽波', '唐晓瑜', '史瑰瑰']"
IPO,,浙江特美新材料股份有限公司,2023,2023-06-26,"['曾涛', '罗静雅', '高飞', '杨金佩']"
IPO,,浙江佳鹏电脑科技股份有限公司,2023,2023-06-26,"['王璟', '阮铭华', '周秋琴']"
IPO,,广州市儒兴科技股份有限公司,2023,2023-06-26,"['禤文欣', '牛春军']"
IPO,,常州恒丰特导股份有限公司,2023,2023-06-27,"['刘勇', '储阳玲']"
IPO,,衡阳市金则利特种合金股份有限公司,2023,2023-06-27,"['刘智清', '周曼', '刘甜甜']"
IPO,,天津森罗科技股份有限公司,2023,2023-06-27,"['黄秀娟', '邵雯', '郭永新']"
IPO,,上海瑞一医药科技股份有限公司,2023,2023-06-27,"['陈璐瑛', '展炜', '韩频', '郑钢', '曹毅']"
IPO,,重庆阿泰可科技股份有限公司,2023,2023-06-27,"['唐明', '刘群', '弋守川', '梁正勇']"
IPO,,夜视丽新材料股份有限公司,2023,2023-06-27,"['伍贤春', '邱麟凯', '陈志雄']"
IPO,,歌尔微电子股份有限公司,2023,2023-06-27,"['杜业勤', '牟会玲']"
IPO,,山西凝固力新型材料股份有限公司,2023,2023-06-27,"['朱晓红', '徐灵玲', '顾雪峰', '张朱华', '赵世栋']"
IPO,,深圳市麦士德福科技股份有限公司,2023,2023-06-27,"['陈丽敏', '李志光']"
IPO,,深圳市科通技术股份有限公司,2023,2023-06-27,"['连伟', '文桂平', '陈菁佩']"
IPO,,江苏米格新材料股份有限公司,2023,2023-06-27,"['田华', '姜波']"
IPO,,四川美康医药软件研究开发股份有限公司,2023,2023-06-27,"['何勇', '徐洪荣']"
IPO,,安徽大昌科技股份有限公司,2023,2023-06-27,"['卢珍', '夏小蕾', '李增', '吕勇军', '王传兵']"
IPO,,基因科技(上海)股份有限公司,2023,2023-06-27,"['潘胜国', '毛邦威', '黄晓芸', '刘丽娟', '胡建军', '周垚']"
IPO,,深圳好博窗控技术股份有限公司,2023,2023-06-27,"['杨熹', '张伟', '张明']"
IPO,,深圳感臻智能股份有限公司,2023,2023-06-27,"['张媛媛', '熊能']"
IPO,,浙江德斯泰新材料股份有限公司,2023,2023-06-27,"['彭远卓', '朱智俊', '钱宇吉']"
IPO,,东莞市朗泰通科技股份有限公司,2023,2023-06-27,"['黎明', '杨辉斌']"
IPO,,东莞市贝特电子科技股份有限公司,2023,2023-06-27,"['肖强光', '陈新敏']"
IPO,,常州晟威机电股份有限公司,2023,2023-06-27,"['孙峰', '强爱斌', '陆怿']"
IPO,,浙江晨泰科技股份有限公司,2023,2023-06-27,"['郭宪明', '陈国樑', '沈建林', '朱伟', '张建新', '司维']"
IPO,,欧菲斯集团股份有限公司,2023,2023-06-28,"['祝芹敏', '刘静亚', '顾立盟', '李青龙', '段奇', '罗怀金']"
IPO,,苏州亚太精睿传动科技股份有限公司,2023,2023-06-28,"['吴慧', '戚铁桥', '朱俊峰']"
IPO,,广东正扬传感科技股份有限公司,2023,2023-06-28,"['杨运辉', '蔡晓枫', '林非']"
IPO,,丹阳丹耀光学股份有限公司,2023,2023-06-28,"['李明', '王颋麟', '刘璐']"
IPO,,广东华庄科技股份有限公司,2023,2023-06-28,"['杨诗学', '曾雪琼']"
IPO,,深圳市大洋物流股份有限公司,2023,2023-06-28,"['蔡晓丽', '陶国恒', '凌冲']"
IPO,,深圳市城市规划设计研究院股份有限公司,2023,2023-06-28,"['王焕森', '蔡晓东', '陈艳']"
IPO,,浙江湃肽生物股份有限公司,2023,2023-06-28,"['黄婵娟', '谢贤庆', '于佳']"
IPO,,北京青牛技术股份有限公司,2023,2023-06-28,"['陈启彬', '陈静', '孙志文', '杜慧洋']"
IPO,,江西施美药业股份有限公司,2023,2023-06-28,"['覃继伟', '段姗', '於祝荧']"
IPO,,雅安百图高新材料股份有限公司,2023,2023-06-28,"['廖继平', '冷联刚']"
IPO,,深圳市方向电子股份有限公司,2023,2023-06-28,"['杨谦', '谭智青', '龚丽']"
IPO,,河南省城乡规划设计研究总院股份有限公司,2023,2023-06-28,"['杨志平', '俞华']"
IPO,,安徽唐兴装备科技股份有限公司,2023,2023-06-28,"['李生敏', '沈童', '王鸣灿']"
IPO,,江苏毅合捷汽车科技股份有限公司,2023,2023-06-28,"['聂勇', '郭春林', '曾广斌']"
IPO,,浙江鸿禧能源股份有限公司,2023,2023-06-28,"['钟建栋', '王克平', '曹晶晶', '李惠丰']"
IPO,,东莞汇乐技术股份有限公司,2023,2023-06-28,"['彭敏琴', '钟松林', '程海英']"
IPO,,深圳市斯比特技术股份有限公司,2023,2023-06-28,"['李立影', '肖斌']"
IPO,,浙江中控信息产业股份有限公司,2023,2023-06-28,"['孙敏', '张文娟']"
IPO,,深圳市爱贝科精密工业股份有限公司,2023,2023-06-28,"['曾涛', '吕鸿杰', '陈丽敏', '李建航']"
IPO,,宁波开诚生态技术股份有限公司,2023,2023-06-28,"['李飞', '卫春丽', '何蓓蓓', '施琪璋']"
IPO,,四川众邦新材料股份有限公司,2023,2023-06-28,"['崔腾', '闵丹']"
IPO,,联纲光电科技股份有限公司,2023,2023-06-28,"['刘迪', '潘新华', '高强', '陈勇', '吕红涛']"
IPO,,深圳市亿联无限科技股份有限公司,2023,2023-06-28,"['何晶晶', '王千']"
IPO,,宁波华瓷通信技术股份有限公司,2023,2023-06-28,"['俞国徽', '季嘉伟', '计亿']"
IPO,,深圳博纳精密给药系统股份有限公司,2023,2023-06-28,"['吴益羽', '潘传云']"
IPO,,浙江伯特利科技股份有限公司,2023,2023-06-28,"['邓德祥', '应丽', '赵梦娇']"
IPO,,长沙都正生物科技股份有限公司,2023,2023-06-28,"['傅成钢', '王井国', '宁邵梅']"
IPO,,成都欣捷高新技术开发股份有限公司,2023,2023-06-28,"['彭卓', '陈继平', '赵乙人', '张燕', '张燕王铮铮']"
IPO,,北京国遥新天地信息技术股份有限公司,2023,2023-06-28,"['陈君', '陈美玉', '张立志', '孙建伟']"
IPO,,方大智源科技股份有限公司,2023,2023-06-28,"['陈昭新', '张晓红', '谢培仁', '曾徽', '黄宝燕']"
IPO,,成都市汉桐集成技术股份有限公司,2023,2023-06-28,"['朱杰', '朱启', '黄继佳']"
IPO,,广西三威家居新材股份有限公司,2023,2023-06-28,"['綦东钰', '操更生']"
IPO,,双登集团股份有限公司,2023,2023-06-28,"['何双', '曾红', '朱晓宇']"
IPO,,杭州图南电子股份有限公司,2023,2023-06-28,"['张旭宏', '朱泽民', '李士龙']"
IPO,,杭州佳和电气股份有限公司,2023,2023-06-28,"['方国华', '李明明', '戴冰冰']"
IPO,,百琪达智能科技(宁波)股份有限公司,2023,2023-06-28,"['胡俊杰', '屠朝辉']"
IPO,,珠海太川云社区技术股份有限公司,2023,2023-06-28,"['曾莉', '刘华凯', '游琦']"
IPO,,重庆天箭惯性科技股份有限公司,2023,2023-06-29,"['庄瑞兰', '徐洪平', '李夕甫']"
IPO,,重庆军工产业集团股份有限公司,2023,2023-06-29,"['黄丽琼', '罗楠', '尚弯弯']"
IPO,,中轻长泰(长沙)智能科技股份有限公司,2023,2023-06-29,"['田志刚', '王瀚峣']"
IPO,,浙江亚通新材料股份有限公司,2023,2023-06-29,"['胡超', '吴美芬']"
IPO,,兆讯恒达科技股份有限公司,2023,2023-06-29,"['王艳', '宋世林']"
IPO,,云舟生物科技(广州)股份有限公司,2023,2023-06-29,"['王洁', '殷文文']"
IPO,,岳阳振兴中顺新材料科技股份有限公司,2023,2023-06-29,"['刘钢跃', '黄湘伟', '刘钢跃']"
IPO,,英特派铂业股份有限公司,2023,2023-06-29,"['束哲民', '陈艳']"
IPO,,厦门市政环能股份有限公司,2023,2023-06-29,"['涂蓬芳', '陈慧周']"
IPO,,深圳芯邦科技股份有限公司,2023,2023-06-29,"['况永宏', '闫志波']"
IPO,,上海如鲲新材料股份有限公司,2023,2023-06-29,"['吕瑛群', '郭云华']"
IPO,,山东华光光电子股份有限公司,2023,2023-06-29,"['孔令芹', '迟斐斐', '王晓楠', '徐士诚']"
IPO,,宁波斯贝科技股份有限公司,2023,2023-06-29,"['耿振', '戴晨雨', '陈玲']"
IPO,,湖南兴天电子科技股份有限公司,2023,2023-06-29,"['康代安', '王璟', '张宇辰', '严谧']"
IPO,,地通工业控股集团股份有限公司,2023,2023-06-29,"['鲁立', '谢争珍']"
IPO,,北京昆仑联通科技发展股份有限公司,2023,2023-06-29,"['潘玉忠', '马东宇']"
IPO,,北京开科唯识技术股份有限公司,2023,2023-06-29,"['李成林', '杨晋芳', '罗祥媚', '纪玉红']"
IPO,,广东高义包装科技股份有限公司,2023,2023-06-29,"['秦劲力', '袁翠娴']"
IPO,,珠海精实测控技术股份有限公司,2023,2023-06-29,"['杨运辉', '陈文锋', '邹强']"
IPO,,北京高威科电气技术股份有限公司,2023,2023-06-29,"['张克东', '高志英', '潘玉忠', '陈军']"
IPO,,福华通达化学股份公司,2023,2023-06-29,"['申军', '范科磊']"
IPO,,洲宇设计集团股份有限公司,2023,2023-06-29,"['吴广', '孙玮', '郭赛', '章祥']"
IPO,,深圳晶华显示电子股份有限公司,2023,2023-06-29,"['赵国梁', '陈锡雄', '李振华', '孙慧敏']"
IPO,,潍柴雷沃智慧农业科技股份有限公司,2023,2023-06-29,"['袁园', '史弯弯', '秦艳平', '陈飞']"
IPO,,安佑生物科技集团股份有限公司,2023,2023-06-29,"['张慧玲', '黄雅萍', '黄思婕', '林璐', '朱炜中']"
IPO,,华智机器股份公司,2023,2023-06-29,"['张媛媛', '陈泽丰']"
IPO,,陕西瑞科新材料股份有限公司,2023,2023-06-29,"['苏洋', '胡新']"
IPO,,上海森宇文化传媒股份有限公司,2023,2023-06-29,"['王晖', '杨帅', '闫丙旗', '马征']"
IPO,,四川里伍铜业股份有限公司,2023,2023-06-29,"['杨志平', '瞿玉敏', '周琪', '钱骁玲']"
IPO,,上海百英生物科技股份有限公司,2023,2023-06-29,"['董旭', '陈黎明']"
IPO,,天津同仁堂集团股份有限公司,2023,2023-06-29,"['胡振雷', '王志喜', '张萱', '王海云']"
IPO,,江苏润阳新能源科技股份有限公司,2023,2023-06-29,"['黄艳', '夏慧君', '唐方']"
IPO,,广州同方瑞风节能科技股份有限公司,2023,2023-06-29,"['张曦', '钟松林', '姜干', '昌宇颖']"
IPO,,湖北天瑞电子股份有限公司,2023,2023-06-29,"['高松林', '吴丹江']"
IPO,,神州能源集团股份有限公司,2023,2023-06-29,"['弋守川', '刘群']"
IPO,,安徽德孚转向系统股份有限公司,2023,2023-06-29,"['吴萃柿', '刘泽涵', '陈金龙']"
IPO,,安徽安瑞升新能源股份有限公司,2023,2023-06-29,"['卢珍', '夏小蕾']"
IPO,,江苏常荣电器股份有限公司,2023,2023-06-29,"['李春华', '魏新宇', '唐健']"
IPO,,浙江春晖仪表股份有限公司,2023,2023-06-29,"['丁锡锋', '陈红兰']"
IPO,,科伦塑业集团股份有限公司,2023,2023-06-29,"['闫磊', '张崇']"
IPO,,广州市中崎商业机器股份有限公司,2023,2023-06-29,"['胡敏坚', '张雪莲', '尹辉']"
IPO,,西安博达软件股份有限公司,2023,2023-06-29,"['李轶芳', '陈益汐']"
IPO,,宇星紧固件(嘉兴)股份有限公司,2023,2023-06-30,"['孔令江', '李岩']"
IPO,,深圳市微源半导体股份有限公司,2023,2023-06-30,"['韩雁光', '扶交亮', '汪海潮']"
IPO,,中钢集团马鞍山矿山研究总院股份有限公司,2023,2023-06-30,"['杨志平', '俞华', '吕志', '陈永毡']"
IPO,,镇海石化建安工程股份有限公司,2023,2023-06-30,"['曹小勤', '义国兵', '胡冬韵']"
IPO,,浙江东方科脉电子股份有限公司,2023,2023-06-30,"['郑俭', '吴传淼']"
IPO,,翌圣生物科技(上海)股份有限公司,2023,2023-06-30,"['李惠丰', '孙峰', '吕爱珍']"
IPO,,苏州明皜传感科技股份有限公司,2023,2023-06-30,"['张金生', '王华斌', '金胤']"
IPO,,苏州佳祺仕科技股份有限公司,2023,2023-06-30,"['刘勇', '刘一红']"
IPO,,四川凤生纸业科技股份有限公司,2023,2023-06-30,"['胡宏伟', '田娟']"
IPO,,升辉新材料股份有限公司,2023,2023-06-30,"['郭宪明', '李翔']"
IPO,,深圳市诚捷智能装备股份有限公司,2023,2023-06-30,"['陈华', '张银娜']"
IPO,,上海欣诺通信技术股份有限公司,2023,2023-06-30,"['余龙', '陈硕京']"
IPO,,上海生生医药冷链科技股份有限公司,2023,2023-06-30,"['朱海平', '郭同璞', '钱燕']"
IPO,,上海联适导航技术股份有限公司,2023,2023-06-30,"['樊冬', '察锜']"
IPO,,宁波伏尔肯科技股份有限公司,2023,2023-06-30,"['陈瑜', '丁伟良', '丁一羽', '田华', '廖君']"
IPO,,凯博易控车辆科技(苏州)股份有限公司,2023,2023-06-30,"['唐国骏', '魏青']"
IPO,,江苏理研科技股份有限公司,2023,2023-06-30,"['袁薇莉', '张琦']"
IPO,,江苏风和医疗器材股份有限公司,2023,2023-06-30,"['杨景欣', '王佳良']"
IPO,,江苏宝众宝达药业股份有限公司,2023,2023-06-30,"['史少翔', '孔俊', '胡霞']"
IPO,,华羿微电子股份有限公司,2023,2023-06-30,"['金闻', '李杰']"
IPO,,湖州申科生物技术股份有限公司,2023,2023-06-30,"['朱伟', '周勤俊']"
IPO,,湖南长步道光电科技股份有限公司,2023,2023-06-30,"['潘文中', '余文佑']"
IPO,,湖北科峰智能传动股份有限公司,2023,2023-06-30,"['王郁', '廖利华']"
IPO,,河北晶禾电子技术股份有限公司,2023,2023-06-30,"['孙彤', '么爱翠']"
IPO,,杭州中欣晶圆半导体股份有限公司,2023,2023-06-30,"['耿振', '皇甫滢']"
IPO,,国宏工具系统(无锡)股份有限公司,2023,2023-06-30,"['夏正曙', '姜铭']"
IPO,,甘肃皓天科技股份有限公司,2023,2023-06-30,"['鲍灵姬', '刘丽娟', '许亚俊']"
IPO,,福建德尔科技股份有限公司,2023,2023-06-30,"['李建彬', '王启盛', '李新星', '陈志达']"
IPO,,飞潮(上海)新材料股份有限公司,2023,2023-06-30,"['叶善武', '章开燕']"
IPO,,得一微电子股份有限公司,2023,2023-06-30,"['张力', '张扬', '谢金香']"
IPO,,长春捷翼汽车科技股份有限公司,2023,2023-06-30,"['强桂英', '贾广宇']"
IPO,,长春长光辰芯微电子股份有限公司,2023,2023-06-30,"['夏均军', '王俊彬', '吴懿忻']"
IPO,,博创智能装备股份有限公司,2023,2023-06-30,"['韩雁光', '杨勇', '潘平平']"
IPO,,北京晶亦精微科技股份有限公司,2023,2023-06-30,"['唐荣周', '徐忠林']"
IPO,,北京金万众机械科技股份有限公司,2023,2023-06-30,"['马宁', '陈万军']"
IPO,,爱士惟科技股份有限公司,2023,2023-06-30,"['何双', '毛才玉']"
IPO,,上海熙华检测技术服务股份有限公司,2023,2023-06-30,"['王丹', '杨景璐']"
IPO,,浙江伟星光学股份有限公司,2023,2023-06-30,"['江娟', '徐欣升']"
IPO,,华艺生态园林股份有限公司,2023,2023-06-30,"['陈晓华', '胡慧鹏']"
IPO,,宁夏盾源聚芯半导体科技股份有限公司,2023,2023-06-30,"['江娟', '朱小雪']"
IPO,,上海汉兴能源科技股份有限公司,2023,2023-06-30,"['莫旭巍', '刘磊', '王涛', '李明']"
IPO,,苏州奥德高端装备股份有限公司,2023,2023-06-30,"['周贵人', '周磊', '荆跃飞', '田菊']"
IPO,,江苏乐尔环境科技股份有限公司,2023,2023-06-30,"['吴晓辉', '许育荪', '李超']"
IPO,,广州泛美实验室系统科技股份有限公司,2023,2023-06-30,"['游长庆', '张勇', '陈炳灿', '牛良文', '邓火青']"
IPO,,焦作卓立膜材料股份有限公司,2023,2023-06-30,"['曹创', '曾光', '段瑞国']"
IPO,,深圳深蕾科技股份有限公司,2023,2023-06-30,"['昝丽涛', '李双双']"
IPO,,南京海纳医药科技股份有限公司,2023,2023-06-30,"['陈柏林', '惠鹏', '朱乐']"
IPO,,广东品胜电子股份有限公司,2023,2023-06-30,"['廖文佳', '李剑光']"
IPO,,道尔道科技股份有限公司,2023,2023-06-30,"['黄亚琼', '李超', '张亚琼', '夏小蕾']"
IPO,,金永和精工制造股份有限公司,2023,2023-06-30,"['王贡勇', '张超', '张秀芹']"
IPO,,苏州速迈医学科技股份有限公司,2023,2023-06-30,"['冯建利', '夏利忠']"
IPO,,苏州威达智科技股份有限公司,2023,2023-06-30,"['汪玉寿', '潘思兰', '陈志强']"
IPO,,昆腾微电子股份有限公司,2023,2023-06-30,"['刘涛', '陈帅科', '胡二琼']"
IPO,,北京华卓精科科技股份有限公司,2023,2023-06-30,"['刘文豪', '徐文博']"
IPO,,厦门致善生物科技股份有限公司,2023,2023-06-30,"['缪志坚', '邓朝元']"
IPO,,江苏盛安传动股份公司,2023,2023-06-30,"['曾莉', '刘华凯', '刘帅', '张坚', '周垚', '李琦']"
IPO,,山东捷瑞数字科技股份有限公司,2023,2023-06-30,"['吕小云', '吴少平']"
IPO,,江苏北辰互邦电力股份有限公司,2023,2023-06-30,"['张征', '吕洪仁']"
IPO,,山东青鸟软通信息技术股份有限公司,2023,2023-06-30,"['潘素娇', '苑尚伟']"
IPO,,濮阳市盛源能源科技股份有限公司,2023,2023-06-30,"['胡新荣', '叶伟伟', '周佳欣', '秦啸']"
IPO,,浙江圣兆药物科技股份有限公司,2023,2023-06-30,"['董顶立', '李浩园']"
IPO,,唐山天和环保科技股份有限公司,2023,2023-06-30,"['闫雪峰', '黄宇翔', '高涛', '张猛勇']"
IPO,,江苏利特尔绿色包装股份有限公司,2023,2023-06-30,"['朱敏杰', '陈根环']"
IPO,,成都鹏业软件股份有限公司,2023,2023-06-30,"['姜韬', '张一曲']"
IPO,,山东胜软科技股份有限公司,2023,2023-06-30,"['张小惠', '简乾']"
IPO,,上海鸿辉光通科技股份有限公司,2023,2023-06-30,"['朱广明', '费洁', '王文强']"
IPO,,常州金康精工机械股份有限公司,2023,2023-06-30,"['朱戟', '狄海英', '罗晓杰']"
IPO,,江西凯安新材料集团股份有限公司,2023,2023-06-30,"['汪小刚', '柴云清']"
IPO,,江苏快达农化股份有限公司,2023,2023-06-30,"['贺军', '陈芳芳', '徐年贵', '陈金菊']"
IPO,,深圳市华曦达科技股份有限公司,2023,2023-06-30,"['陈鹏', '姚翠玲']"
IPO,,广州拉拉米信息科技股份有限公司,2023,2023-07-03,"['禤文欣', '卢玲玉']"
IPO,,山东晶导微电子股份有限公司,2023,2023-07-05,"['赵艳美', '何峰']"
IPO,,安徽晶奇网络科技股份有限公司,2023,2023-07-06,"['郑磊', '黄冰冰', '何平平']"
IPO,,笛东规划设计(北京)股份有限公司,2023,2023-07-07,"['梁卫丽', '赵雷励']"
IPO,,江苏金智教育信息股份有限公司,2023,2023-07-13,"['贾丽娜', '周文阳', '曹莹']"
IPO,,赛特斯信息科技股份有限公司,2023,2023-07-20,"['林雷', '周家文']"
IPO,,北京诺康达医药科技股份有限公司,2023,2023-07-20,"['阚忠生', '王强']"
IPO,,河南光远新材料股份有限公司,2023,2023-07-21,"['张琦', '袁薇莉']"
IPO,,浙江上风高科专风实业股份有限公司,2023,2023-07-24,"['林旺', '曹翠娟']"
IPO,,河南金苑种业股份有限公司,2023,2023-07-24,"['潘传云', '侯光兰']"
IPO,,深圳市集美新材料股份有限公司,2023,2023-07-24,"['聂勇', '欧昌献', '郭春林']"
IPO,,北京扬德环保能源科技股份有限公司,2023,2023-07-25,"['金敬玉', '麻贺群', '邓华明', '刘洁']"
IPO,,珠海市赛纬电子材料股份有限公司,2023,2023-07-25,"['陈世薇', '闫志勇', '朱雪梅', '周涛涛']"
IPO,,用友金融信息技术股份有限公司,2023,2023-07-27,"['王静', '张英']"
IPO,,池州华宇电子科技股份有限公司,2023,2023-07-31,"['郁向军', '吴岳松', '朱晓妹']"
IPO,,未来穿戴健康科技股份有限公司,2023,2023-08-02,"['贺春海', '刘辉']"
IPO,,广东宏石激光技术股份有限公司,2023,2023-08-03,"['全奋', '邵芳', '刘杰']"
IPO,,拓尔微电子股份有限公司,2023,2023-08-03,"['史少翔', '桂迎', '李贤君', '柏鸿丹']"
IPO,,青岛中加特电气股份有限公司,2023,2023-08-11,"['吴懿忻', '李斌', '陆瑾']"
IPO,,汕头华兴冶金设备股份有限公司,2023,2023-08-16,"['李雯宇', '王振']"
IPO,,用友金融信息技术股份有限公司,2023,2023-08-22,"['王静', '张凯丽']"
IPO,,树根互联股份有限公司,2023,2023-08-22,"['丁陈隆', '罗丹', '魏梦云']"
IPO,,赣州吉锐新能源科技股份有限公司,2023,2023-08-25,"['沈在斌', '王传文', '赵月红', '张亦弛']"
IPO,,河南国容电子科技股份有限公司,2023,2023-08-29,"['孙政军', '庞新宇', '毕蕾']"
IPO,,河南红东方化工股份有限公司,2023,2023-09-01,"['管金明', '王春明']"
IPO,,江苏聚成金刚石科技股份有限公司,2023,2023-09-04,"['唐健', '程铷']"
IPO,,智达信科技术股份有限公司,2023,2023-09-05,"['郝世明', '龚小寒', '罗爽']"
IPO,,西安诺博尔稀贵金属材料股份有限公司,2023,2023-09-05,"['杜敏', '崔单单']"
IPO,,正泰安能数字能源(浙江)股份有限公司,2023,2023-09-06,"['夏均军', '曹贤禄', '吴懿忻']"
IPO,,东莞优邦材料科技股份有限公司,2023,2023-09-06,"['谈侃', '潘波', '巫扬华', '刘洋', '王熙', '杨志远']"
IPO,,天津同仁堂集团股份有限公司,2023,2023-09-07,"['胡振雷', '王志喜']"
IPO,,新疆晨光生物科技股份有限公司,2023,2023-09-11,"['杜高强', '周景林', '孔波']"
IPO,,龙江元盛和牛产业股份有限公司,2023,2023-09-15,"['吴旭初', '付强']"
IPO,,浙江长城搅拌设备股份有限公司,2023,2023-09-15,"['张建新', '周康康', '周成']"
IPO,,安徽商信政通信息技术股份有限公司,2023,2023-09-21,"['郑少杰', '李虎', '许媛媛']"
IPO,,深圳市讯方技术股份有限公司,2023,2023-09-21,"['褚诗炜', '董建华', '段厚改', '汪庆']"
IPO,,广西北部湾陆海新能源股份有限公司,2023,2023-09-22,"['彭卓', '陈继平']"
IPO,,郑州恒达智控科技股份有限公司,2023,2023-09-25,"['吴雪', '于进', '吴银']"
IPO,,广东南海农村商业银行股份有限公司,2023,2023-09-26,"['吴钟鸣', '何可人', '王立鹏', '叶培霖', '张慧']"
IPO,,北京天星医疗股份有限公司,2023,2023-09-26,"['章晓亮', '王敏', '李敏', '周燕', '严娜', '王娟']"
IPO,,上海延安医药洋浦股份有限公司,2023,2023-09-27,"['毛玥明', '何剑', '林伟', '戴金燕']"
IPO,,北京梦天门科技股份有限公司,2023,2023-09-27,"['肖中珂', '柴婧']"
IPO,,北京华亿创新信息技术股份有限公司,2023,2023-09-27,"['徐林', '王玥', '张雨虹', '张良文']"
IPO,,成都锐思环保技术股份有限公司,2023,2023-09-27,"['武兴田', '黄敏', '叶梓歆']"
IPO,,江苏新视云科技股份有限公司,2023,2023-09-27,"['贾丽娜', '蔡卫华杨磊', '詹从才', '王颖']"
IPO,,广东顺德农村商业银行股份有限公司,2023,2023-09-27,"['俞莹', '罗杨', '昌华', '周道君']"
IPO,,浙江美晶新材料股份有限公司,2023,2023-09-27,"['潘晶晶', '方芳']"
IPO,,武汉奇致激光技术股份有限公司,2023,2023-09-28,"['罗明国', '刘晓英', '刘钧', '王庆海']"
IPO,,八马茶业股份有限公司,2023,2023-09-28,"['李文茜', '肖铁青']"
IPO,,福建佰源智能装备股份有限公司,2023,2023-09-28,"['姜峰', '田堂', '葛鹏']"
IPO,,江苏永创医药科技股份有限公司,2023,2023-09-28,"['徐长俄', '周望春']"
IPO,,东岳机械股份有限公司,2023,2023-09-28,"['董娟', '朱智鸣', '焦兴灵']"
IPO,,赣州水务股份有限公司,2023,2023-09-28,"['朱晓红', '王树', '黄加才华海祥']"
IPO,,深圳市皓吉达电子科技股份有限公司,2023,2023-09-28,"['郑荣富', '刘国军', '王建华', '王歆婕']"
IPO,,北京三清互联科技股份有限公司,2023,2023-09-28,"['李嘉宁', '应阳峰']"
IPO,,和特能源(福建)股份有限公司,2023,2023-09-28,"['陈礼清', '叶玉英', '郭凤']"
IPO,,山西腾茂科技股份有限公司,2023,2023-10-11,"['尹巍', '许海', '张昆', '张翀云']"
IPO,,北京全式金生物技术股份有限公司,2023,2023-10-17,"['李青龙', '祝芹敏']"
IPO,,广州泛美实验室系统科技股份有限公司,2023,2023-10-20,"['游长庆', '张勇', '陈炳灿']"
IPO,,广东汇兴精工智造股份有限公司,2023,2023-10-30,"['杨明国', '蔡阳']"
IPO,,深圳市捷创新材料股份有限公司,2023,2023-11-01,"['龙琦', '王巧君']"
IPO,,深圳市控汇智能股份有限公司,2023,2023-11-03,"['蔡浩', '甘进崇', '章少霞']"
IPO,,北京市九州风神科技股份有限公司,2023,2023-11-10,"['谭宪才', '何航', '程晓婷']"
IPO,,天宝动物营养科技股份有限公司,2023,2023-11-13,"['唐洪春', '扶交亮', '陈智']"
IPO,,玛格家居股份有限公司,2023,2023-11-21,"['华毅鸿', '袁竞艳']"
IPO,,宁波纬诚科技股份有限公司,2023,2023-11-22,"['卢娅萍', '范俊', '缪媛媛']"
IPO,,浙江千禧龙纤特种纤维股份有限公司,2023,2023-11-24,"['钱仲先', '曹毅', '江天月']"
IPO,,山西豪钢重工股份有限公司,2023,2023-11-27,"['宋晓敏', '梁贞贞', '李静', '贾燕梅']"
IPO,,深圳矽递科技股份有限公司,2023,2023-12-06,"['吕方明', '申玲芝']"
IPO,,科凡家居股份有限公司,2023,2023-12-08,"['冯军', '钟文珺']"
IPO,,岷山环能高科股份公司,2023,2023-12-08,"['尹超文', '周奇龙']"
IPO,,珠海市鸿瑞信息技术股份有限公司,2023,2023-12-08,"['韩雁光', '麦剑青', '温永铭']"
IPO,,浙江佑威新材料股份有限公司,2023,2023-12-12,"['林旺', '王吕军']"
IPO,,杭州潜阳科技股份有限公司,2023,2023-12-14,"['周伟', '邱志卿']"
IPO,,明喆集团股份有限公司,2023,2023-12-15,"['张云鹤', '刘嘉艺']"
IPO,,北京世纪东方智汇科技股份有限公司,2023,2023-12-18,"['敖都吉雅', '李甜甜']"
IPO,,东莞优邦材料科技股份有限公司,2023,2023-12-18,"['谈侃', '潘波']"
IPO,,浙江高信技术股份有限公司,2023,2023-12-21,"['尹志彬', '金杨杨']"
IPO,,同方鼎欣科技股份有限公司,2023,2023-12-21,"['刘宇', '田川', '高志英']"
IPO,,河北旭辉电气股份有限公司,2023,2023-12-22,"['贾志博', '霍巧红']"
IPO,,陕西瑞科新材料股份有限公司,2023,2023-12-25,"['苏洋', '雷冰', '胡新']"
IPO,,深圳市爱贝科精密工业股份有限公司,2023,2023-12-25,"['曾涛', '吕鸿杰']"
IPO,,江苏双达泵业股份有限公司,2023,2023-12-25,"['潘大亮', '吕肖君', '徐晔']"
IPO,,温多利遮阳材料(德州)股份有限公司,2023,2023-12-25,"['徐建来', '胥传超']"
IPO,,江西盛富莱光学科技股份有限公司,2023,2023-12-26,"['尉建清', '叶尚昆', '周王飞', '沈飞龙']"
IPO,,河南正佳能源环保股份有限公司,2023,2023-12-26,"['王需如', '司俊豪']"
IPO,,湖南五新智能科技股份有限公司,2023,2023-12-26,"['魏五军', '吴佳林']"
IPO,,南通天盛新能源股份有限公司,2023,2023-12-26,"['梁谦海', '邵泽文', '孟蕾']"
IPO,,护航科技股份有限公司,2023,2023-12-26,"['陈君', '唐恒飞', '张云凤', '陈美玉', '罗祥强']"
IPO,,浙江晶阳机电股份有限公司,2023,2023-12-26,"['沈蓉', '黄怡君', '曹磊', '张勋']"
IPO,,深圳垦拓流体技术股份有限公司,2023,2023-12-27,"['高虹', '舒志成']"
IPO,,深圳和美精艺半导体科技股份有限公司,2023,2023-12-27,"['赵国梁', '陈锡雄']"
IPO,,赛尔通信服务技术股份有限公司,2023,2023-12-27,"['师玉春', '李冬青']"
IPO,,贵州黔通智联科技股份有限公司,2023,2023-12-27,"['王晓明', '徐瑞星']"
IPO,,山东金鸿新材料股份有限公司,2023,2023-12-28,"['荆秀梅', '侯增玉', '李景伟']"
IPO,,东莞市思索技术股份有限公司,2023,2023-12-28,"['蔡浩', '姚海士', '甘进崇', '吴伟阳沈霞']"
IPO,,浙江天演维真网络科技股份有限公司,2023,2023-12-28,"['蔡畅', '吴宏量']"
IPO,,苏州弘森药业股份有限公司,2023,2023-12-28,"['张旭宏', '朱高翔']"
IPO,,浙江公元新能源科技股份有限公司,2023,2023-12-28,"['李振华', '张娟']"
IPO,,广州市晶华精密光学股份有限公司,2023,2023-12-28,"['彭宗显', '陈建成']"
IPO,,大连瑞克科技股份有限公司,2023,2023-12-28,"['赵卫华', '孟庆福', '孟令军']"
IPO,,无锡格林司通自动化设备股份有限公司,2023,2023-12-29,"['朱戟', '邹强']"
IPO,,上海埃维汽车技术股份有限公司,2023,2023-12-29,"['郭颖涛', '丁从娜']"
IPO,,杭州三耐环保科技股份有限公司,2023,2023-12-29,"['王昌功', '袁栋']"
IPO,,山东亚微软件股份有限公司,2023,2023-12-29,"['徐世欣', '蔡征']"
IPO,,淮南万泰电子股份有限公司,2023,2023-12-29,"['汪玉寿', '倪士明', '余正泽', '徐小梅']"
IPO,,恒升医学科技股份有限公司,2023,2023-12-29,"['陈应爵', '曾丽娟']"
IPO,,江门丽宫国际食品股份有限公司,2023,2023-12-29,"['魏标文', '吴志辉']"
IPO,,浙江中达新材料股份有限公司,2023,2023-12-29,"['蒋晓东', '苗洹滔']"
IPO,,内蒙古兴洋科技股份有限公司,2023,2023-12-29,"['蔡畅', '陶凌雪', '袁栋']"
IPO,,北京国环莱茵环保科技股份有限公司,2023,2023-12-29,"['梁双才', '邓战涛']"
IPO,,北京宏天信业信息技术股份有限公司,2023,2023-12-29,"['杨涛', '陈其兵']"
IPO,,深圳市鸿普森科技股份有限公司,2023,2023-12-29,"['巩启春', '李宏明', '罗楠']"
IPO,,广东伟邦科技股份有限公司,2023,2023-12-29,"['余东红', '梁丽燕', '李俊']"
IPO,,四川省华盾防务科技股份有限公司,2023,2023-12-29,"['范学军', '周仕洪', '柳秀平']"
IPO,,瀚天天成电子科技(厦门)股份有限公司,2023,2023-12-29,"['张松柏', '周鹏飞', '李普崎']"
IPO,,广东德聚技术股份有限公司,2023,2023-12-29,"['程纯', '刘伟明']"
IPO,,北京城建设计发展集团股份有限公司,2023,2023-12-29,"['王力飞', '李明辉', '奚大伟', '孟庆卓']"
IPO,,河北圣泰材料股份有限公司,2023,2023-12-29,"['黄羽', '杨七虎', '陈胜华', '廖建波', '胡立凯']"
IPO,,浙江伟星光学股份有限公司,2023,2023-12-29,"['江娟', '徐欣升', '朱小雪']"
IPO,,苏州利来工业智造股份有限公司,2023,2023-12-29,"['邵明亮', '陈震', '黄继佳']"
IPO,,一道新能源科技股份有限公司,2023,2023-12-29,"['张颖', '修鸿儒', '章国体']"
IPO,,无锡阳光精机股份有限公司,2023,2023-12-29,"['王翔', '时意波']"
IPO,,珠海天威新材料股份有限公司,2023,2023-12-29,"['刘明学', '彭丽娟']"
IPO,,陕西省水电开发集团股份有限公司,2023,2023-12-30,"['刘丹', '杨建', '王勇', '程鲁', '朱洪雄', '高洪艳']"
IPO,,赛克赛斯生物科技股份有限公司,2023,2023-12-30,"['毕强', '燕进', '姚丰全']"
IPO,,苏州元澄科技股份有限公司,2023,2023-12-30,"['夏利忠', '冯建利']"
IPO,,南方航空物流股份有限公司,2023,2023-12-31,"['姜干', '林定', '郑树冰', '肖翔', '潘晓玲', '马元兰', '汪进利', '罗燕']"
IPO,,山东百诺医药股份有限公司,2023,2023-12-31,"['叶卫民', '侯波', '王爱军', '李莉', '孟庆卓', '于莹']"
IPO,,江苏省建筑设计研究院股份有限公司,2023,2023-12-31,"['贾丽娜', '张翔']"
IPO,,瑞博奥(广州)生物科技股份有限公司,2023,2023-12-31,"['禤文欣', '陈建成']"
IPO,,苏州奥德高端装备股份有限公司,2024,2024-01-01,"['周贵人', '周磊', '荆跃飞', '田菊']"
IPO,,深圳远超智慧生活股份有限公司,2024,2024-01-01,"['李生敏', '汤小龙', '曹星星', '王洪亮']"
IPO,,深圳晶华显示电子股份有限公司,2024,2024-01-02,"['赵国梁', '陈锡雄', '李振华', '孙慧敏']"
IPO,,天元航材(营口)科技股份有限公司,2024,2024-01-02,"['蒋舒媚', '吴娜']"
IPO,,英科新创(厦门)科技股份有限公司,2024,2024-01-02,"['张燕', '赖敦宏']"
IPO,,安徽晶奇网络科技股份有限公司,2024,2024-01-02,"['郑磊', '黄冰冰', '何平平']"
IPO,,埃索凯科技股份有限公司,2024,2024-01-02,"['周睿', '孟双', '杨庭', '刘智清']"
IPO,,上海山源电子科技股份有限公司,2024,2024-01-02,"['党小安', '严望生', '吴珂', '张坚', '黄晓曲']"
IPO,,新明珠集团股份有限公司,2024,2024-01-02,"['韩雁光', '杨勇', '潘平平']"
IPO,,珠海市赛纬电子材料股份有限公司,2024,2024-01-02,"['陈世薇', '闫志勇', '朱雪梅', '周涛涛']"
IPO,,江苏省建筑设计研究院股份有限公司,2024,2024-01-02,"['蔡卫华', '张翔']"
IPO,,浙江数智交院科技股份有限公司,2024,2024-01-02,"['龙传喜', '汪明', '戴玉平']"
IPO,,上海新研工业设备股份有限公司,2024,2024-01-02,"['林俊', '曹闻欢', '殷雪芳', '蔡天晨']"
IPO,,上海百英生物科技股份有限公司,2024,2024-01-02,"['董旭', '陈黎明']"
IPO,,香河昆仑新能源材料股份有限公司,2024,2024-01-02,"['纪小健', '党晓姗', '吴松林']"
IPO,,浙江中控信息产业股份有限公司,2024,2024-01-02,"['孙敏', '张文娟']"
IPO,,江阴润玛电子材料股份有限公司,2024,2024-01-02,"['陈焱鑫', '孙海晖']"
IPO,,杭州英普环境技术股份有限公司,2024,2024-01-02,"['鲁立', '谢争珍']"
IPO,,衡阳市金则利特种合金股份有限公司,2024,2024-01-02,"['刘智清', '周曼', '刘甜甜']"
IPO,,深圳市讯方技术股份有限公司,2024,2024-01-02,"['褚诗炜', '董建华', '段厚改', '汪庆']"
IPO,,澳斯康生物(南通)股份有限公司,2024,2024-01-02,"['赵兴明', '李小燕']"
IPO,,大庆华理生物技术股份有限公司,2024,2024-01-03,"['刘文豪', '徐文博']"
IPO,,江苏箭鹿毛纺股份有限公司,2024,2024-01-03,"['王士玮', '徐立群', '生俊顺']"
IPO,,濮阳市盛源能源科技股份有限公司,2024,2024-01-03,"['胡新荣', '叶伟伟', '周佳欣', '秦啸']"
IPO,,天津市新玻电力复合绝缘子制造股份有限公司,2024,2024-01-03,"['张利法', '陈善南']"
IPO,,深圳市思迅软件股份有限公司,2024,2024-01-03,"['杨红青', '王涛']"
IPO,,安徽安瑞升新能源股份有限公司,2024,2024-01-03,"['卢珍', '夏小蕾']"
IPO,,浙江胜华波电器股份有限公司,2024,2024-01-03,"['孙敏', '尹志彬', '吕苏阳', '翁伟']"
IPO,,广东大普通信技术股份有限公司,2024,2024-01-03,"['唐娟', '涂雅丽', '唐艺', '张静']"
IPO,,华茂伟业绿色科技股份有限公司,2024,2024-01-03,"['冯万奇', '李福兴']"
IPO,,欧冶云商股份有限公司,2024,2024-01-03,"['杨洁', '黄锋']"
IPO,,江苏大艺科技股份有限公司,2024,2024-01-03,"['曹小勤', '孙智慧']"
IPO,,广东优巨先进新材料股份有限公司,2024,2024-01-03,"['李萍', '刘亚仕']"
IPO,,中船双瑞(洛阳)特种装备股份有限公司,2024,2024-01-04,"['范晓红', '赵书曼']"
IPO,,深圳市方向电子股份有限公司,2024,2024-01-04,"['杨谦', '谭智青', '龚丽']"
IPO,,广东图特精密五金科技股份有限公司,2024,2024-01-04,"['杨诗学', '张境芳', '曾雪琼']"
IPO,,浙江德斯泰新材料股份有限公司,2024,2024-01-04,"['彭远卓', '朱智俊', '钱宇吉']"
IPO,,毛戈平化妆品股份有限公司,2024,2024-01-04,"['盛伟明', '高丽']"
IPO,,唐山天和环保科技股份有限公司,2024,2024-01-04,"['闫雪峰', '黄宇翔', '高涛', '张猛勇']"
IPO,,北京天一恩华科技股份有限公司,2024,2024-01-04,"['张力', '韩仰', '高晓鹤']"
IPO,,珠海市鸿瑞信息技术股份有限公司,2024,2024-01-05,"['韩雁光', '麦剑青', '温永铭']"
IPO,,辉芒微电子(深圳)股份有限公司,2024,2024-01-05,"['何晶晶', '景奕博']"
IPO,,厦门市政环能股份有限公司,2024,2024-01-05,"['涂蓬芳', '陈慧周']"
IPO,,北京晶亦精微科技股份有限公司,2024,2024-01-05,"['唐荣周', '徐忠林']"
IPO,,杭州微策生物技术股份有限公司,2024,2024-01-05,"['魏琴', '白红霞', '侯力行']"
IPO,,保定维赛新材料科技股份有限公司,2024,2024-01-05,"['郭海龙', '吴金忠', '金园', '胡明明']"
IPO,,浙江丰岛食品股份有限公司,2024,2024-01-05,"['刘泽波', '唐晓瑜', '史瑰瑰']"
IPO,,宁夏康亚药业股份有限公司,2024,2024-01-05,"['顾嵛平', '庞用']"
IPO,,硅谷数模(苏州)半导体股份有限公司,2024,2024-01-06,"['廖志勇', '戴慧', '李婧']"
IPO,,深圳感臻智能股份有限公司,2024,2024-01-08,"['张媛媛', '熊能']"
IPO,,苏州亚太精睿传动科技股份有限公司,2024,2024-01-08,"['吴慧', '戚铁桥', '朱俊峰']"
IPO,,安徽兆尹信息科技股份有限公司,2024,2024-01-08,"['黄亚琼', '鲍光荣', '胡乃鹏', '钱明', '程超', '陈思', '杨海南']"
IPO,,长春卓谊生物股份有限公司,2024,2024-01-08,"['王伟青', '胡险春', '何永']"
IPO,,朝阳微电子科技股份有限公司,2024,2024-01-08,"['刘广', '李晓旭', '赵云丽']"
IPO,,江西凯安新材料集团股份有限公司,2024,2024-01-08,"['汪小刚', '柴云清']"
IPO,,上海瑞一医药科技股份有限公司,2024,2024-01-08,"['陈璐瑛', '展炜', '韩频', '郑钢', '曹毅']"
IPO,,上海爱科百发生物医药技术股份有限公司,2024,2024-01-08,"['朱海平', '张冀申', '王靖媛']"
IPO,,深圳博纳精密给药系统股份有限公司,2024,2024-01-08,"['吴益羽', '潘传云']"
IPO,,深圳市华曦达科技股份有限公司,2024,2024-01-08,"['陈鹏', '姚翠玲']"
IPO,,安徽商信政通信息技术股份有限公司,2024,2024-01-08,"['郑少杰', '李虎', '许媛媛']"
IPO,,汕头华兴冶金设备股份有限公司,2024,2024-01-08,"['李雯宇', '王振']"
IPO,,厦门东昂科技股份有限公司,2024,2024-01-08,"['胡新荣', '王辉达', '徐晓博', '储东东']"
IPO,,宇星紧固件(嘉兴)股份有限公司,2024,2024-01-08,"['孔令江', '李岩']"
IPO,,岷山环能高科股份公司,2024,2024-01-08,"['尹超文', '周奇龙']"
IPO,,双登集团股份有限公司,2024,2024-01-09,"['何双', '曾红', '朱晓宇']"
IPO,,云舟生物科技(广州)股份有限公司,2024,2024-01-09,"['王洁', '殷文文']"
IPO,,四川锦江电子医疗器械科技股份有限公司,2024,2024-01-09,"['彭卓', '文菲', '刘佳鑫']"
IPO,,上海联适导航技术股份有限公司,2024,2024-01-09,"['樊冬', '察锜']"
IPO,,长沙都正生物科技股份有限公司,2024,2024-01-09,"['傅成钢', '王井国', '宁邵梅']"
IPO,,山东百诺医药股份有限公司,2024,2024-01-09,"['叶卫民', '侯波', '王爱军', '李莉', '孟庆卓', '于莹']"
IPO,,江苏永成汽车零部件股份有限公司,2024,2024-01-09,"['潘坤', '奚澍', '张伟']"
IPO,,广东皇派定制家居集团股份有限公司,2024,2024-01-09,"['韩雁光', '杨勇', '胡耀新']"
IPO,,北京国遥新天地信息技术股份有限公司,2024,2024-01-10,"['陈君', '陈美玉', '张立志', '孙建伟']"
IPO,,联纲光电科技股份有限公司,2024,2024-01-10,"['刘迪', '潘新华', '高强', '陈勇', '吕红涛']"
IPO,,道尔道科技股份有限公司,2024,2024-01-10,"['黄亚琼', '李超', '张亚琼', '夏小蕾']"
IPO,,亳州药都农村商业银行股份有限公司,2024,2024-01-10,"['潘新华', '张莉萍']"
IPO,,中国航油集团石油股份有限公司,2024,2024-01-11,"['解小雨', '田慧先', '陈静']"
IPO,,上海南麟电子股份有限公司,2024,2024-01-11,"['王兴华', '杨林']"
IPO,,上海生生医药冷链科技股份有限公司,2024,2024-01-11,"['朱海平', '郭同璞', '钱燕']"
IPO,,四川美康医药软件研究开发股份有限公司,2024,2024-01-11,"['何勇', '徐洪荣']"
IPO,,伟本智能机电(上海)股份有限公司,2024,2024-01-11,"['倪一琳', '费旖', '张建新', '司维']"
IPO,,杭州图南电子股份有限公司,2024,2024-01-11,"['张旭宏', '朱泽民', '李士龙']"
IPO,,西安博达软件股份有限公司,2024,2024-01-12,"['李轶芳', '陈益汐']"
IPO,,长风药业股份有限公司,2024,2024-01-12,"['鲍小刚', '施意']"
IPO,,南京海纳医药科技股份有限公司,2024,2024-01-12,"['陈柏林', '惠鹏', '朱乐']"
IPO,,苏州威达智科技股份有限公司,2024,2024-01-12,"['汪玉寿', '潘思兰', '陈志强']"
IPO,,上海鹰峰电子科技股份有限公司,2024,2024-01-12,"['田华', '姜波', '吴海燕']"
IPO,,杭州潜阳科技股份有限公司,2024,2024-01-12,"['周伟', '邱志卿']"
IPO,,山东华菱电子股份有限公司,2024,2024-01-13,"['黄敬臣', '屠灿', '王安然', '孟倩倩']"
IPO,,雅安百图高新材料股份有限公司,2024,2024-01-13,"['廖继平', '冷联刚']"
IPO,,宁波开诚生态技术股份有限公司,2024,2024-01-14,"['李飞', '卫春丽', '何蓓蓓', '施琪璋']"
IPO,,宁波斯贝科技股份有限公司,2024,2024-01-15,"['耿振', '戴晨雨', '陈玲']"
IPO,,节卡机器人股份有限公司,2024,2024-01-15,"['杨林', '傅磊', '陶庆武']"
IPO,,江苏米格新材料股份有限公司,2024,2024-01-15,"['田华', '姜波']"
IPO,,力高(山东)新能源技术股份有限公司,2024,2024-01-15,"['郁向军', '杨和龙', '张永欢']"
IPO,,陕西瑞科新材料股份有限公司,2024,2024-01-15,"['苏洋', '雷冰', '胡新']"
IPO,,杭州海康机器人股份有限公司,2024,2024-01-15,"['唐恋炯', '张姝姝']"
IPO,,同方鼎欣科技股份有限公司,2024,2024-01-15,"['刘宇', '田川', '高志英']"
IPO,,成都市汉桐集成技术股份有限公司,2024,2024-01-15,"['朱杰', '朱启']"
IPO,,北京世纪东方智汇科技股份有限公司,2024,2024-01-15,"['敖都吉雅', '李甜甜']"
IPO,,广州市晶华精密光学股份有限公司,2024,2024-01-16,"['彭宗显', '陈建成']"
IPO,,正泰安能数字能源(浙江)股份有限公司,2024,2024-01-16,"['夏均军', '曹贤禄', '吴懿忻']"
IPO,,艾柯医疗器械(北京)股份有限公司,2024,2024-01-16,"['孟冬', '孙士泉']"
IPO,,四川科瑞德制药股份有限公司,2024,2024-01-16,"['谢宇春', '淦涛涛']"
IPO,,浙江祥邦科技股份有限公司,2024,2024-01-16,"['陈素素', '韩熙']"
IPO,,浙江鸿禧能源股份有限公司,2024,2024-01-16,"['钟建栋', '王克平', '曹晶晶', '李惠丰']"
IPO,,丹阳丹耀光学股份有限公司,2024,2024-01-16,"['李明', '王颋麟', '刘璐']"
IPO,,江苏耀坤液压股份有限公司,2024,2024-01-16,"['徐萍', '陆春美', '肖菲', '包梅庭']"
IPO,,深圳市斯比特技术股份有限公司,2024,2024-01-16,"['李立影', '肖斌']"
IPO,,东莞汇乐技术股份有限公司,2024,2024-01-16,"['彭敏琴', '钟松林', '程海英']"
IPO,,宁夏盾源聚芯半导体科技股份有限公司,2024,2024-01-16,"['江娟', '朱小雪']"
IPO,,三技精密技术(广东)股份有限公司,2024,2024-01-16,"['杨敢林', '张先发', '金宁绩']"
IPO,,上海捍宇医疗科技股份有限公司,2024,2024-01-16,"['姚骏', '毛鞍宁', '张松柏', '林雯英']"
IPO,,深圳垦拓流体技术股份有限公司,2024,2024-01-16,"['高虹', '舒志成']"
IPO,,德和科技集团股份有限公司,2024,2024-01-16,"['严燕鸿', '陈夏连']"
IPO,,常州金康精工机械股份有限公司,2024,2024-01-17,"['朱戟', '狄海英', '罗晓杰']"
IPO,,赣州吉锐新能源科技股份有限公司,2024,2024-01-17,"['王传文', '赵月红', '张亦弛']"
IPO,,苏州佳祺仕科技股份有限公司,2024,2024-01-17,"['刘勇', '刘一红']"
IPO,,四川凤生纸业科技股份有限公司,2024,2024-01-17,"['胡宏伟', '田娟']"
IPO,,江苏风和医疗器材股份有限公司,2024,2024-01-17,"['杨景欣', '王佳良']"
IPO,,杭州腾励传动科技股份有限公司,2024,2024-01-17,"['洪文伟', '周岐贤', '冯军', '钟文珺']"
IPO,,深圳市亿联无限科技股份有限公司,2024,2024-01-17,"['何晶晶', '王千']"
IPO,,安徽大昌科技股份有限公司,2024,2024-01-17,"['卢珍', '夏小蕾', '李增', '吕勇军', '王传兵']"
IPO,,广东高义包装科技股份有限公司,2024,2024-01-17,"['秦劲力', '袁翠娴']"
IPO,,北京开科唯识技术股份有限公司,2024,2024-01-17,"['李成林', '杨晋芳', '罗祥媚', '纪玉红']"
IPO,,上海龙创汽车设计股份有限公司,2024,2024-01-17,"['杜娜', '徐泮卿', '李惠丰', '洪建良', '朱依君', '顾洁']"
IPO,,深圳市大族封测科技股份有限公司,2024,2024-01-17,"['崔永强', '范丽华', '贺志雄']"
IPO,,广州同方瑞风节能科技股份有限公司,2024,2024-01-17,"['张曦', '钟松林', '姜干', '昌宇颖']"
IPO,,江苏双达泵业股份有限公司,2024,2024-01-17,"['潘大亮', '吕肖君', '徐晔']"
IPO,,河北旭辉电气股份有限公司,2024,2024-01-17,"['贾志博', '霍巧红']"
IPO,,山西凝固力新型材料股份有限公司,2024,2024-01-18,"['朱晓红', '徐灵玲']"
IPO,,浙江海宏液压科技股份有限公司,2024,2024-01-18,"['陈璐瑛', '濮琪纬']"
IPO,,镇海石化建安工程股份有限公司,2024,2024-01-18,"['曹小勤', '义国兵', '胡冬韵']"
IPO,,深圳市志橙半导体材料股份有限公司,2024,2024-01-18,"['黎明', '陈子涵', '王合丽', '杨辉斌']"
IPO,,浙江浙能燃气股份有限公司,2024,2024-01-18,"['黄元喜', '龚敬']"
IPO,,国宏工具系统(无锡)股份有限公司,2024,2024-01-18,"['夏正曙', '姜铭']"
IPO,,天津森罗科技股份有限公司,2024,2024-01-18,"['黄秀娟', '邵雯', '郭永新']"
IPO,,深圳市诚捷智能装备股份有限公司,2024,2024-01-19,"['陈华', '张银娜']"
IPO,,成都欣捷高新技术开发股份有限公司,2024,2024-01-19,"['彭卓', '陈继平']"
IPO,,温多利遮阳材料(德州)股份有限公司,2024,2024-01-19,"['徐建来', '胥传超']"
IPO,,护航科技股份有限公司,2024,2024-01-19,"['陈君', '唐恒飞', '张云凤', '陈美玉', '罗祥强']"
IPO,,上海维安电子股份有限公司,2024,2024-01-19,"['董舒', '唐奕', '杨军', '冯维峰']"
IPO,,江苏安凯特科技股份有限公司,2024,2024-01-19,"['夏先锋', '樊略', '詹从才', '徐岑']"
IPO,,金永和精工制造股份有限公司,2024,2024-01-19,"['王贡勇', '张超', '张秀芹']"
IPO,,广东华庄科技股份有限公司,2024,2024-01-19,"['杨诗学', '曾雪琼']"
IPO,,江西施美药业股份有限公司,2024,2024-01-19,"['覃继伟', '段姗', '於祝荧']"
IPO,,青岛中加特电气股份有限公司,2024,2024-01-19,"['吴懿忻', '李斌', '陆瑾']"
IPO,,上海汉兴能源科技股份有限公司,2024,2024-01-19,"['莫旭巍', '刘磊', '王涛', '李明']"
IPO,,深圳市科通技术股份有限公司,2024,2024-01-20,"['连伟', '文桂平', '陈菁佩']"
IPO,,贝利特化学股份有限公司,2024,2024-01-22,"['伍贤春', '邱麟凯', '沈强生', '蔡爱芳', '罗宗礼']"
IPO,,东莞市贝特电子科技股份有限公司,2024,2024-01-22,"['肖强光', '陈新敏']"
IPO,,浙江伟星光学股份有限公司,2024,2024-01-22,"['江娟', '徐欣升', '朱小雪']"
IPO,,江苏毅合捷汽车科技股份有限公司,2024,2024-01-22,"['聂勇', '郭春林', '曾广斌']"
IPO,,东莞市思索技术股份有限公司,2024,2024-01-22,"['蔡浩', '姚海士', '甘进崇', '吴伟阳沈霞']"
IPO,,江西盛富莱光学科技股份有限公司,2024,2024-01-22,"['尉建清', '叶尚昆', '周王飞', '沈飞龙']"
IPO,,浙江晶阳机电股份有限公司,2024,2024-01-22,"['沈蓉', '黄怡君', '曹磊', '张勋']"
IPO,,浙江天演维真网络科技股份有限公司,2024,2024-01-23,"['蔡畅', '吴宏量']"
IPO,,苏州弘森药业股份有限公司,2024,2024-01-23,"['张旭宏', '朱高翔']"
IPO,,南通天盛新能源股份有限公司,2024,2024-01-23,"['梁谦海', '邵泽文', '孟蕾']"
IPO,,赣州海盛钨业股份有限公司,2024,2024-01-23,"['肖建鑫', '王骏', '沈金海']"
IPO,,宁波昌亚新材料科技股份有限公司,2024,2024-01-23,"['张晓磊', '泮锋', '高竞雪']"
IPO,,四川众邦新材料股份有限公司,2024,2024-01-23,"['崔腾', '闵丹']"
IPO,,苏州速迈医学科技股份有限公司,2024,2024-01-23,"['冯建利', '夏利忠']"
IPO,,广东富强科技股份有限公司,2024,2024-01-23,"['彭宗显', '吴志辉', '张宁', '刘国棣']"
IPO,,赛尔通信服务技术股份有限公司,2024,2024-01-23,"['师玉春', '李冬青']"
IPO,,佛山水务环保股份有限公司,2024,2024-01-23,"['潘新华', '陈文锋', '申慧', '张娟', '稂时亮', '关剑梅']"
IPO,,侨益物流股份有限公司,2024,2024-01-23,"['何晓明', '孙惠']"
IPO,,江苏剑牌农化股份有限公司,2024,2024-01-23,"['孙伟', '王伟庆']"
IPO,,湖南五新智能科技股份有限公司,2024,2024-01-23,"['魏五军', '吴佳林']"
IPO,,大连瑞克科技股份有限公司,2024,2024-01-23,"['赵卫华', '孟庆福', '孟令军']"
IPO,,深圳市巍特环境科技股份有限公司,2024,2024-01-24,"['聂勇', '郭春林', '李华']"
IPO,,焦作卓立膜材料股份有限公司,2024,2024-01-24,"['曹创', '曾光', '段瑞国']"
IPO,,深圳深蕾科技股份有限公司,2024,2024-01-24,"['昝丽涛', '李双双']"
IPO,,合诚技术股份有限公司,2024,2024-01-24,"['李振华', '丁昌瀚', '秦劲力']"
IPO,,华艺生态园林股份有限公司,2024,2024-01-24,"['陈晓华', '胡慧鹏']"
IPO,,一道新能源科技股份有限公司,2024,2024-01-24,"['张颖', '修鸿儒', '章国体']"
IPO,,新疆晨光生物科技股份有限公司,2024,2024-01-24,"['杜高强', '周景林', '孔波']"
IPO,,瀚天天成电子科技(厦门)股份有限公司,2024,2024-01-24,"['张松柏', '周鹏飞', '李普崎']"
IPO,,临工重机股份有限公司,2024,2024-01-24,"['闫磊', '张崇']"
IPO,,深圳和美精艺半导体科技股份有限公司,2024,2024-01-25,"['赵国梁', '陈锡雄']"
IPO,,江门丽宫国际食品股份有限公司,2024,2024-01-25,"['魏标文', '吴志辉']"
IPO,,浙江中达新材料股份有限公司,2024,2024-01-25,"['蒋晓东', '苗洹滔']"
IPO,,北京国环莱茵环保科技股份有限公司,2024,2024-01-25,"['梁双才', '邓战涛']"
IPO,,深圳市鸿普森科技股份有限公司,2024,2024-01-25,"['巩启春', '李宏明', '罗楠']"
IPO,,浙江公元新能源科技股份有限公司,2024,2024-01-25,"['李振华', '张娟']"
IPO,,江苏理研科技股份有限公司,2024,2024-01-25,"['袁薇莉', '张琦']"
IPO,,成都四方伟业软件股份有限公司,2024,2024-01-25,"['贺顺祥', '季薇']"
IPO,,北京易诚互动网络技术股份有限公司,2024,2024-01-25,"['崔迎', '王松']"
IPO,,深圳盛凌电子股份有限公司,2024,2024-01-25,"['杨勇', '颜艳飞', '邹彬', '韩雁光']"
IPO,,山东金鸿新材料股份有限公司,2024,2024-01-25,"['荆秀梅', '侯增玉', '李景伟']"
IPO,,江苏耀坤液压股份有限公司,2024,2024-01-25,"['徐萍', '陆春美']"
IPO,,珠海天威新材料股份有限公司,2024,2024-01-26,"['刘明学', '彭丽娟']"
IPO,,无锡阳光精机股份有限公司,2024,2024-01-26,"['王翔', '时意波']"
IPO,,陕西省水电开发集团股份有限公司,2024,2024-01-26,"['刘丹', '杨建', '王勇', '程鲁', '朱洪雄', '高洪艳']"
IPO,,宁波伏尔肯科技股份有限公司,2024,2024-01-26,"['陈瑜', '丁伟良', '丁一羽', '田华', '廖君']"
IPO,,长春海谱润斯科技股份有限公司,2024,2024-01-26,"['王娜', '孟庆祥', '王幈']"
IPO,,广东品胜电子股份有限公司,2024,2024-01-26,"['廖文佳', '李剑光']"
IPO,,上海埃维汽车技术股份有限公司,2024,2024-01-26,"['郭颖涛', '丁从娜']"
IPO,,山东亚微软件股份有限公司,2024,2024-01-26,"['徐世欣', '蔡征']"
IPO,,恒升医学科技股份有限公司,2024,2024-01-26,"['陈应爵', '曾丽娟']"
IPO,,内蒙古兴洋科技股份有限公司,2024,2024-01-26,"['蔡畅', '陶凌雪', '袁栋']"
IPO,,北京宏天信业信息技术股份有限公司,2024,2024-01-26,"['杨涛', '陈其兵']"
IPO,,菲鹏生物股份有限公司,2024,2024-01-26,"['赵国梁', '龙海燕']"
IPO,,北京蓝色星际科技股份有限公司,2024,2024-01-26,"['何降星', '曹小琳', '徐毅']"
IPO,,广东德聚技术股份有限公司,2024,2024-01-26,"['程纯', '刘伟明']"
IPO,,中科合成油技术股份有限公司,2024,2024-01-26,"['陈君', '唐恒飞', '石晓炎']"
IPO,,湖南恒昌医药集团股份有限公司,2024,2024-01-27,"['李晓阳', '黄滔']"
IPO,,上海欣诺通信技术股份有限公司,2024,2024-01-28,"['余龙', '陈硕京']"
IPO,,四川省华盾防务科技股份有限公司,2024,2024-01-28,"['范学军', '周仕洪', '柳秀平']"
IPO,,和特能源(福建)股份有限公司,2024,2024-01-29,"['陈礼清', '叶玉英', '郭凤']"
IPO,,北京青牛技术股份有限公司,2024,2024-01-29,"['陈启彬', '陈静', '孙志文', '杜慧洋']"
IPO,,苏州利来工业智造股份有限公司,2024,2024-01-29,"['邵明亮', '陈震', '黄继佳']"
IPO,,河北圣泰材料股份有限公司,2024,2024-01-29,"['黄羽', '杨七虎', '陈胜华', '廖建波', '胡立凯']"
IPO,,南方航空物流股份有限公司,2024,2024-01-29,"['姜干', '林定', '郑树冰', '肖翔', '潘晓玲', '马元兰', '汪进利', '罗燕']"
IPO,,无锡格林司通自动化设备股份有限公司,2024,2024-01-29,"['朱戟', '邹强']"
IPO,,杭州三耐环保科技股份有限公司,2024,2024-01-29,"['王昌功', '袁栋']"
IPO,,淮南万泰电子股份有限公司,2024,2024-01-29,"['汪玉寿', '倪士明', '余正泽', '徐小梅']"
IPO,,北京兆信信息技术股份有限公司,2024,2024-01-30,"['陈君', '陈美玉', '武毓']"
IPO,,山东胜软科技股份有限公司,2024,2024-01-30,"['张小惠', '简乾']"
IPO,,无锡海达光能股份有限公司,2024,2024-01-30,"['周磊', '周贵人', '荆跃飞', '周静松']"
IPO,,飞潮(上海)新材料股份有限公司,2024,2024-01-30,"['叶善武', '章开燕']"
IPO,,北京金万众机械科技股份有限公司,2024,2024-01-30,"['马宁', '陈万军']"
IPO,,河北英虎农业机械股份有限公司,2024,2024-01-31,"['党小安', '黄晓曲']"
IPO,,广州聚合新材料科技股份有限公司,2024,2024-01-31,"['赵国平', '黄键仁']"
IPO,,商客通尚景科技(上海)股份有限公司,2024,2024-01-31,"['高飞', '张道源', '吴洁', '苗颂']"
IPO,,兆讯恒达科技股份有限公司,2024,2024-01-31,"['王艳', '宋世林']"
IPO,,昌德新材科技股份有限公司,2024,2024-01-31,"['贺梦然', '唐世娟']"
IPO,,株洲科能新材料股份有限公司,2024,2024-02-01,"['刘宇', '田川', '李萍', '刘亚仕']"
IPO,,英特派铂业股份有限公司,2024,2024-02-01,"['束哲民', '陈艳']"
IPO,,江苏宝众宝达药业股份有限公司,2024,2024-02-01,"['史少翔', '孔俊', '胡霞']"
IPO,,迪嘉药业集团股份有限公司,2024,2024-02-01,"['费方华', '彭香莲']"
IPO,,浙江千禧龙纤特种纤维股份有限公司,2024,2024-02-01,"['钱仲先', '曹毅', '江天月']"
IPO,,富耐克超硬材料股份有限公司,2024,2024-02-01,"['吕勇军', '黄志刚', '路珂', '李斌', '郭世兴']"
IPO,,上海鸿辉光通科技股份有限公司,2024,2024-02-02,"['朱广明', '费洁', '王文强']"
IPO,,湖北科峰智能传动股份有限公司,2024,2024-02-02,"['王郁', '廖利华']"
IPO,,上海如鲲新材料股份有限公司,2024,2024-02-02,"['吕瑛群', '郭云华']"
IPO,,湖南兴天电子科技股份有限公司,2024,2024-02-02,"['康代安', '王璟', '张宇辰', '严谧']"
IPO,,地通工业控股集团股份有限公司,2024,2024-02-02,"['鲁立', '谢争珍']"
IPO,,长春长光辰芯微电子股份有限公司,2024,2024-02-02,"['夏均军', '王俊彬', '吴懿忻']"
IPO,,浙江新纳材料科技股份有限公司,2024,2024-02-02,"['张芹', '王剑飞', '李江东', '朱佳峰']"
IPO,,河南国容电子科技股份有限公司,2024,2024-02-02,"['孙政军', '庞新宇']"
IPO,,武汉奇致激光技术股份有限公司,2024,2024-02-02,"['罗明国', '刘晓英', '刘钧', '王庆海']"
IPO,,深圳市飞速创新技术股份有限公司,2024,2024-02-05,"['方少帆', '林希倩']"
IPO,,常州晟威机电股份有限公司,2024,2024-02-05,"['孙峰', '强爱斌', '陆怿']"
IPO,,四川菊乐食品股份有限公司,2024,2024-02-05,"['罗东先', '刘拉', '李丽']"
IPO,,东岳机械股份有限公司,2024,2024-02-05,"['董娟', '朱智鸣', '焦兴灵']"
IPO,,北京梦天门科技股份有限公司,2024,2024-02-05,"['肖中珂', '柴婧']"
IPO,,澎立生物医药技术(上海)股份有限公司,2024,2024-02-05,"['郑纪安', '方伟', '李晓晖']"
IPO,,北京市九州风神科技股份有限公司,2024,2024-02-05,"['谭宪才', '何航', '程晓婷']"
IPO,,珠海精实测控技术股份有限公司,2024,2024-02-05,"['杨运辉', '陈文锋', '邹强']"
IPO,,认养一头牛控股集团股份有限公司,2024,2024-02-06,"['黄加才', '刘芳']"
IPO,,上海新研工业设备股份有限公司,2024,2024-02-07,"['林俊', '曹闻欢']"
IPO,,福建森达电气股份有限公司,2024,2024-02-19,"['王永平', '陈依航']"
IPO,,大连科利德半导体材料股份有限公司,2024,2024-02-20,"['栾艳鹏', '宗志迅', '程卫生', '沈童']"
IPO,,宁波博菱电器股份有限公司,2024,2024-02-21,"['占铁华', '栾艳鹏', '许沥文']"
IPO,,广东汇兴精工智造股份有限公司,2024,2024-02-21,"['杨明国', '蔡阳']"
IPO,,深圳市控汇智能股份有限公司,2024,2024-02-22,"['蔡浩', '甘进崇', '章少霞']"
IPO,,江苏盛安传动股份公司,2024,2024-02-23,"['曾莉', '刘华凯', '刘帅', '张坚', '周垚', '李琦']"
IPO,,湖南晶讯光电股份有限公司,2024,2024-02-26,"['李剑', '邓戒刚']"
IPO,,常州恒丰特导股份有限公司,2024,2024-02-29,"['刘勇', '储阳玲']"
IPO,,山东华菱电子股份有限公司,2024,2024-02-29,"['黄敬臣', '屠灿', '王安然']"
IPO,,深圳时代装饰股份有限公司,2024,2024-03-01,"['付忠伟', '赵亮']"
IPO,,北京昆仑联通科技发展股份有限公司,2024,2024-03-01,"['潘玉忠', '马东宇']"
IPO,,东莞市思索技术股份有限公司,2024,2024-03-02,"['蔡浩', '姚海士', '甘进崇']"
IPO,,中鼎恒盛气体设备(芜湖)股份有限公司,2024,2024-03-04,"['陈莲', '崔芳林', '陈凯']"
IPO,,宁波纬诚科技股份有限公司,2024,2024-03-04,"['卢娅萍', '范俊', '缪媛媛']"
IPO,,四川恒邦能源股份有限公司,2024,2024-03-05,"['唐方模', '何寿福', '宋寒']"
IPO,,陕西瑞科新材料股份有限公司,2024,2024-03-07,"['苏洋', '雷兵']"
IPO,,广西北部湾陆海新能源股份有限公司,2024,2024-03-08,"['彭卓', '陈继平']"
IPO,,四川里伍铜业股份有限公司,2024,2024-03-11,"['杨志平', '瞿玉敏']"
IPO,,郑州畅想高科股份有限公司,2024,2024-03-11,"['王猛', '丁娜', '王华辰', '董银尚']"
IPO,,浙江斯普智能科技股份有限公司,2024,2024-03-12,"['陈小金', '李丹']"
IPO,,深圳晶华显示电子股份有限公司,2024,2024-03-12,"['赵国梁', '陈锡雄']"
IPO,,浙江三方控制阀股份有限公司,2024,2024-03-13,"['张旭宏', '朱泽民']"
IPO,,成都一通密封股份有限公司,2024,2024-03-13,"['龚荣华', '胡宏伟']"
IPO,,百琪达智能科技(宁波)股份有限公司,2024,2024-03-13,"['胡俊杰', '屠朝辉']"
IPO,,杭州宇谷科技股份有限公司,2024,2024-03-14,"['赵静娴', '杨婷伊', '王强']"
IPO,,广州致远电子股份有限公司,2024,2024-03-14,"['安霞', '徐俊', '刘润生']"
IPO,,天津望圆智能科技股份有限公司,2024,2024-03-15,"['姜晓东', '李永芳']"
IPO,,江苏知原药业股份有限公司,2024,2024-03-15,"['金闻', '徐思思']"
IPO,,宁波敏达汽车科技股份有限公司,2024,2024-03-15,"['陈瑜', '陈林栋']"
IPO,,北京今大禹环境技术股份有限公司,2024,2024-03-15,"['丁彭凯', '鲍海波']"
IPO,,深圳好博窗控技术股份有限公司,2024,2024-03-16,"['杨熹', '张伟', '张明']"
IPO,,洛阳中超新材料股份有限公司,2024,2024-03-16,"['徐志敏', '程人坚', '朱海平', '刘静', '郑晓东']"
IPO,,安徽唐兴装备科技股份有限公司,2024,2024-03-16,"['李生敏', '沈童', '王鸣灿']"
IPO,,广东铭基高科电子股份有限公司,2024,2024-03-17,"['扶交亮', '陈子涵', '陈栋梁', '屈先富', '安飞']"
IPO,,青岛科凯电子研究所股份有限公司,2024,2024-03-17,"['毕强', '唐守东']"
IPO,,江苏乐尔环境科技股份有限公司,2024,2024-03-18,"['吴晓辉', '许育荪', '李超']"
IPO,,安徽金田高新材料股份有限公司,2024,2024-03-18,"['汪玉寿', '周文亮', '陈如鹏']"
IPO,,贝利特化学股份有限公司,2024,2024-03-19,"['伍贤春', '沈强生']"
IPO,,翌圣生物科技(上海)股份有限公司,2024,2024-03-20,"['李惠丰', '孙峰', '吕爱珍']"
IPO,,浙江金晟环保股份有限公司,2024,2024-03-21,"['叶帮芬', '陈芳', '周起越', '胡新荣', '童苗根', '李鹏', '张翔']"
IPO,,北京青牛技术股份有限公司,2024,2024-03-21,"['陈静', '陈启彬']"
IPO,,金盛海洋科技股份有限公司,2024,2024-03-22,"['陈伟', '陈彤']"
IPO,,山东京阳科技股份有限公司,2024,2024-03-22,"['章磊', '孙玉霞', '孙业亮']"
IPO,,樱桃谷育种科技股份有限公司,2024,2024-03-26,"['张欢', '叶青']"
IPO,,赣州水务股份有限公司,2024,2024-03-26,"['朱晓红', '王树']"
IPO,,安徽晶奇网络科技股份有限公司,2024,2024-03-28,"['郑磊', '黄冰冰']"
IPO,,深圳市睿联技术股份有限公司,2024,2024-03-29,"['潘新华', '黄绍煌', '陈美婷']"
IPO,,先正达集团股份有限公司,2024,2024-03-29,"['王婷', '张欣华']"
IPO,,江苏美科太阳能科技股份有限公司,2024,2024-03-30,"['徐侃瓴', '周倩']"
IPO,,得一微电子股份有限公司,2024,2024-03-30,"['张力', '张扬', '谢金香']"
IPO,,道尔道科技股份有限公司,2024,2024-03-31,"['黄亚琼', '张亚琼', '李超']"
IPO,,北京三清互联科技股份有限公司,2024,2024-03-31,"['李嘉宁', '应阳峰']"
IPO,,浙江美晶新材料股份有限公司,2024,2024-03-31,"['潘晶晶', '方芳']"
IPO,,上海捷氢科技股份有限公司,2024,2024-04-01,"['庄浩', '穆佳杰']"
IPO,,成都鹏业软件股份有限公司,2024,2024-04-01,"['姜韬', '张一曲']"
IPO,,珠海太川云社区技术股份有限公司,2024,2024-04-02,"['曾莉', '刘华凯', '游琦']"
IPO,,深圳市捷创新材料股份有限公司,2024,2024-04-02,"['龙琦', '王巧君']"
IPO,,南京世和基因生物技术股份有限公司,2024,2024-04-02,"['江永辉', '钱华丽']"
IPO,,伟本智能机电(上海)股份有限公司,2024,2024-04-02,"['倪一琳', '费旖']"
IPO,,青岛大牧人机械股份有限公司,2024,2024-04-03,"['谭炼', '罗静吉']"
IPO,,江苏永创医药科技股份有限公司,2024,2024-04-03,"['徐长俄', '周望春']"
IPO,,日照兴业汽车配件股份有限公司,2024,2024-04-03,"['丁锡锋', '陈红兰']"
IPO,,洲宇设计集团股份有限公司,2024,2024-04-04,"['孙玮', '郭赛', '吴广']"
IPO,,深圳市皓吉达电子科技股份有限公司,2024,2024-04-04,"['郑荣富', '刘国军']"
IPO,,浙江明泰控股发展股份有限公司,2024,2024-04-07,"['罗训超', '欧阳小云']"
IPO,,深圳市爱康生物科技股份有限公司,2024,2024-04-08,"['邓华明', '马露露']"
IPO,,智达信科技术股份有限公司,2024,2024-04-08,"['郝世明', '龚小寒', '罗爽']"
IPO,,江苏快达农化股份有限公司,2024,2024-04-08,"['贺军', '陈芳芳', '徐年贵', '陈金菊']"
IPO,,山西腾茂科技股份有限公司,2024,2024-04-08,"['尹巍', '许海', '张昆', '张翀云']"
IPO,,河南红东方化工股份有限公司,2024,2024-04-09,"['管金明', '王春明']"
IPO,,北京朗视仪器股份有限公司,2024,2024-04-10,"['吴慧', '朱俊峰']"
IPO,,广州市中崎商业机器股份有限公司,2024,2024-04-10,"['胡敏坚', '张雪莲', '尹辉']"
IPO,,西安摩尔石油工程实验室股份有限公司,2024,2024-04-10,"['孙有航', '杨博']"
IPO,,苏州杰锐思智能科技股份有限公司,2024,2024-04-11,"['姚辉', '李新民']"
IPO,,福建佰源智能装备股份有限公司,2024,2024-04-11,"['姜峰', '田堂', '葛鹏']"
IPO,,上海延安医药洋浦股份有限公司,2024,2024-04-11,"['毛玥明', '何剑', '林伟', '戴金燕']"
IPO,,北京华亿创新信息技术股份有限公司,2024,2024-04-11,"['徐林', '王玥', '张雨虹', '张良文']"
IPO,,杭州佳和电气股份有限公司,2024,2024-04-11,"['方国华', '李明明', '戴冰冰']"
IPO,,浙江春晖仪表股份有限公司,2024,2024-04-12,"['丁锡锋', '陈红兰']"
IPO,,山东捷瑞数字科技股份有限公司,2024,2024-04-12,"['吕小云', '吴少平']"
IPO,,江苏省建筑设计研究院股份有限公司,2024,2024-04-12,"['贾丽娜', '张翔']"
IPO,,成都锐思环保技术股份有限公司,2024,2024-04-15,"['武兴田', '黄敏', '叶梓歆']"
IPO,,浙江圣兆药物科技股份有限公司,2024,2024-04-15,"['董顶立', '李浩园']"
IPO,,浙江力玄运动科技股份有限公司,2024,2024-04-15,"['沈培强', '顾海营']"
IPO,,合肥芯谷微电子股份有限公司,2024,2024-04-17,"['郑磊', '黄冰冰', '姚娜']"
IPO,,蓉中电气股份有限公司,2024,2024-04-18,"['黄海洋', '王兆钢']"
IPO,,重庆军工产业集团股份有限公司,2024,2024-04-19,"['黄丽琼', '罗楠', '尚弯弯']"
IPO,,湖北宏中药业股份有限公司,2024,2024-04-22,"['陈中江', '梁俊']"
IPO,,上海健耕医药科技股份有限公司,2024,2024-04-22,"['张昕', '宋闪闪']"
IPO,,广州市儒兴科技股份有限公司,2024,2024-04-23,"['禤文欣', '牛春军']"
IPO,,保定维赛新材料科技股份有限公司,2024,2024-04-24,"['郭海龙', '吴金忠', '金园']"
IPO,,浙江特美新材料股份有限公司,2024,2024-04-24,"['曾涛', '罗静雅', '高飞', '杨金佩']"
IPO,,长春捷翼汽车科技股份有限公司,2024,2024-04-24,"['强桂英', '贾广宇']"
IPO,,苏州长城精工科技股份有限公司,2024,2024-04-26,"['沈重', '曾红', '章浩']"
IPO,,北京明朝万达科技股份有限公司,2024,2024-04-29,"['闫磊', '张崇']"
IPO,,潍柴雷沃智慧农业科技股份有限公司,2024,2024-04-29,"['袁园', '史弯弯']"
IPO,,江苏利特尔绿色包装股份有限公司,2024,2024-04-29,"['朱敏杰', '陈根环']"
IPO,,苏州华一新能源科技股份有限公司,2024,2024-04-30,"['马建萍', '唐若云']"
IPO,,江苏宇迪光学股份有限公司,2024,2024-04-30,"['朱海平', '丁陈隆', '顾薇', '王俊莹']"
IPO,,东莞六淳智能科技股份有限公司,2024,2024-05-02,"['陈应爵', '黄娜']"
IPO,,凯博易控车辆科技(苏州)股份有限公司,2024,2024-05-06,"['唐国骏', '魏青']"
IPO,,深圳市景创科技电子股份有限公司,2024,2024-05-07,"['陈链武', '任小超']"
IPO,,安徽唐兴装备科技股份有限公司,2024,2024-05-08,"['李生敏', '沈童']"
IPO,,升辉新材料股份有限公司,2024,2024-05-08,"['郭宪明', '李翔']"
IPO,,河南金苑种业股份有限公司,2024,2024-05-08,"['潘传云', '侯光兰']"
IPO,,山西豪钢重工股份有限公司,2024,2024-05-10,"['宋晓敏', '梁贞贞', '李静', '贾燕梅']"
IPO,,郑州恒达智控科技股份有限公司,2024,2024-05-11,"['吴雪', '于进']"
IPO,,泰盈科技集团股份有限公司,2024,2024-05-13,"['邓德祥', '温蕾']"
IPO,,湖北祥云(集团)化工股份有限公司,2024,2024-05-15,"['金鑫', '赵鹏']"
IPO,,广东铭基高科电子股份有限公司,2024,2024-05-15,"['扶交亮', '陈子涵', '陈栋梁']"
IPO,,东实汽车科技集团股份有限公司,2024,2024-05-17,"['师玉春', '杨志强']"
IPO,,香河昆仑新能源材料股份有限公司,2024,2024-05-17,"['纪小健', '党晓姗']"
IPO,,中乔体育股份有限公司,2024,2024-05-17,"['施瑾', '郑潇']"
IPO,,江苏常荣电器股份有限公司,2024,2024-05-17,"['李春华', '魏新宇', '唐健']"
IPO,,南京长江都市建筑设计股份有限公司,2024,2024-05-19,"['王许', '王炜程']"
IPO,,浙江伟星光学股份有限公司,2024,2024-05-20,"['江娟', '徐欣升']"
IPO,,浙江东方科脉电子股份有限公司,2024,2024-05-20,"['郑俭', '吴传淼']"
IPO,,广东大普通信技术股份有限公司,2024,2024-05-21,"['唐娟', '涂雅丽']"
IPO,,湖北香江电器股份有限公司,2024,2024-05-22,"['龙湖川', '杨佳慧']"
IPO,,武汉格蓝若智能技术股份有限公司,2024,2024-05-22,"['徐林', '姚贝', '张娇娇']"
IPO,,金成技术股份有限公司,2024,2024-05-23,"['丁彭凯', '司国庆']"
IPO,,轩竹生物科技股份有限公司,2024,2024-05-24,"['任佳慧', '朱奇琦']"
IPO,,合诚技术股份有限公司,2024,2024-05-24,"['李振华', '丁昌瀚']"
IPO,,深圳市大洋物流股份有限公司,2024,2024-05-26,"['蔡晓丽', '陶国恒', '凌冲']"
IPO,,成都蕊源半导体科技股份有限公司,2024,2024-05-26,"['林苇铭', '汪璐露']"
IPO,,歌尔微电子股份有限公司,2024,2024-05-27,"['杜业勤', '牟会玲']"
IPO,,宁波奥拉半导体股份有限公司,2024,2024-05-27,"['黄声森', '赵娟娟']"
IPO,,杭州华澜微电子股份有限公司,2024,2024-05-28,"['郭东星', '陆世伟', '米毓']"
IPO,,湖北毅兴智能装备股份有限公司,2024,2024-05-29,"['宋其美', '段培涛']"
IPO,,浙江安特磁材股份有限公司,2024,2024-05-29,"['严燕鸿', '叶泽伟']"
IPO,,佰聆数据股份有限公司,2024,2024-05-29,"['刘远帅', '邓菲']"
IPO,,上海芯旺微电子技术股份有限公司,2024,2024-05-30,"['张琦', '王涵']"
IPO,,湖南文昌新材科技股份有限公司,2024,2024-05-31,"['丁彭凯', '鲍海波', '宋金元']"
IPO,,上海森宇文化传媒股份有限公司,2024,2024-05-31,"['王晖', '杨帅', '闫丙旗', '马征']"
IPO,,上海金标文化创意股份有限公司,2024,2024-06-02,"['孙敏', '王晓康']"
IPO,,四川菊乐食品股份有限公司,2024,2024-06-03,"['罗东先', '刘拉']"
IPO,,中智经济技术合作股份有限公司,2024,2024-06-03,"['赵永春', '白浩杰']"
IPO,,常州百佳年代薄膜科技股份有限公司,2024,2024-06-03,"['王洪博', '孙洁']"
IPO,,成都高速公路股份有限公司,2024,2024-06-04,"['艾维', '胡艳']"
IPO,,上海赢双电机科技股份有限公司,2024,2024-06-04,"['赵勇', '张珍']"
IPO,,苏州明皜传感科技股份有限公司,2024,2024-06-04,"['张金生', '王华斌', '金胤']"
IPO,,深圳市邦正精密机械股份有限公司,2024,2024-06-04,"['蔡浩', '魏启家', '何小华', '沈霞']"
IPO,,深圳盛凌电子股份有限公司,2024,2024-06-04,"['杨勇', '颜艳飞', '邹彬']"
IPO,,新湖期货股份有限公司,2024,2024-06-05,"['王斌', '严盛辉']"
IPO,,四川锦江电子医疗器械科技股份有限公司,2024,2024-06-05,"['彭卓', '文菲']"
IPO,,北京凯普林光电科技股份有限公司,2024,2024-06-05,"['王昆', '赵紫静', '曹阳', '王娟']"
IPO,,中路交科科技股份有限公司,2024,2024-06-06,"['陈瑜', '朱永华']"
IPO,,浙江金龙再生资源科技股份有限公司,2024,2024-06-06,"['李惠丰', '朱作武', '张小勇']"
IPO,,成都安美勤信息技术股份有限公司,2024,2024-06-06,"['胡宏伟', '万懋晖']"
IPO,,华羿微电子股份有限公司,2024,2024-06-07,"['金闻', '李杰']"
IPO,,河北圣泰材料股份有限公司,2024,2024-06-07,"['黄羽', '杨七虎']"
IPO,,京磁材料科技股份有限公司,2024,2024-06-08,"['王建民', '蔡洁瑜']"
IPO,,苏州奥德高端装备股份有限公司,2024,2024-06-08,"['周贵人', '周磊', '荆跃飞']"
IPO,,浙江泛源科技股份有限公司,2024,2024-06-10,"['王福康', '易莎']"
IPO,,苏州元澄科技股份有限公司,2024,2024-06-10,"['赵焕琪', '冯建利']"
IPO,,镇海石化建安工程股份有限公司,2024,2024-06-11,"['曹小勤', '义国兵']"
IPO,,北京四环科宝制药股份有限公司,2024,2024-06-12,"['吴雪', '闫正']"
IPO,,宁波斯贝科技股份有限公司,2024,2024-06-12,"['耿振', '戴晨雨']"
IPO,,中圣科技(江苏)股份有限公司,2024,2024-06-12,"['黄志恒', '梁明伟', '陈铭鸿']"
IPO,,基因科技(上海)股份有限公司,2024,2024-06-13,"['潘胜国', '毛邦威', '黄晓芸']"
IPO,,新疆凯龙清洁能源股份有限公司,2024,2024-06-14,"['张吉文', '强增艳']"
IPO,,赛诺威盛科技(北京)股份有限公司,2024,2024-06-14,"['向辉', '潘杨洲']"
IPO,,青岛信芯微电子科技股份有限公司,2024,2024-06-14,"['蒋舒媚', '朱珊珊']"
IPO,,浙江新纳材料科技股份有限公司,2024,2024-06-14,"['张芹', '王剑飞']"
IPO,,昆山玮硕恒基智能科技股份有限公司,2024,2024-06-15,"['王柏东', '俞国徽', '季嘉伟']"
IPO,,金永和精工制造股份有限公司,2024,2024-06-16,"['王贡勇', '张超']"
IPO,,江西省江铜铜箔科技股份有限公司,2024,2024-06-16,"['都蕾', '章艳']"
IPO,,山东金鸿新材料股份有限公司,2024,2024-06-17,"['荆秀梅', '侯增玉']"
IPO,,浙江亘古电缆股份有限公司,2024,2024-06-17,"['金晨希', '任歌']"
IPO,,浙江科腾精工机械股份有限公司,2024,2024-06-18,"['杨建平', '汪涛']"
IPO,,上海熙华检测技术服务股份有限公司,2024,2024-06-19,"['王丹', '杨景璐']"
IPO,,吉林省春城热力股份有限公司,2024,2024-06-20,"['颜新才', '费强', '张奎']"
IPO,,人本股份有限公司,2024,2024-06-20,"['廖屹峰', '艾锋华', '朱丽丽']"
IPO,,岳阳振兴中顺新材料科技股份有限公司,2024,2024-06-20,"['刘钢跃', '黄湘伟']"
IPO,,永祺(中国)车业股份有限公司,2024,2024-06-20,"['叶喜撑', '章方杰']"
IPO,,安徽新远科技股份有限公司,2024,2024-06-21,"['宛云龙', '仇笑康', '龙兵']"
IPO,,江苏新安电器股份有限公司,2024,2024-06-21,"['陈雪', '张亚', '饶自强']"
IPO,,洛阳涧光特种装备股份有限公司,2024,2024-06-21,"['闫磊', '李光宇']"
IPO,,浙江凤登绿能环保股份有限公司,2024,2024-06-21,"['姚本霞', '刘崇']"
IPO,,深圳远超智慧生活股份有限公司,2024,2024-06-21,"['李生敏', '汤小龙', '曹星星']"
IPO,,北京深演智能科技股份有限公司,2024,2024-06-21,"['师玉春', '曹学颖']"
IPO,,浙江雅虎汽车部件股份有限公司,2024,2024-06-21,"['江娟', '朱小雪']"
IPO,,创正电气股份有限公司,2024,2024-06-21,"['田华', '姜波']"
IPO,,宁波昌亚新材料科技股份有限公司,2024,2024-06-22,"['张晓磊', '泮锋']"
IPO,,北京国遥新天地信息技术股份有限公司,2024,2024-06-22,"['陈君', '陈美玉']"
IPO,,浙江小伦智能制造股份有限公司,2024,2024-06-22,"['章祥', '葛朋']"
IPO,,厦门美科安防科技股份有限公司,2024,2024-06-23,"['闫钢军', '王启盛', '岑榆茵']"
IPO,,宁波开诚生态技术股份有限公司,2024,2024-06-23,"['李飞', '卫春丽', '何蓓蓓']"
IPO,,杭州宇谷科技股份有限公司,2024,2024-06-23,"['赵静娴', '杨婷伊']"
IPO,,北京中航科电测控技术股份有限公司,2024,2024-06-24,"['余龙', '兰轶林']"
IPO,,赞同科技股份有限公司,2024,2024-06-24,"['周立新', '李勤']"
IPO,,西藏阜康医疗股份有限公司,2024,2024-06-25,"['石晨起', '许欣波', '吴丹']"
IPO,,浙江亚通新材料股份有限公司,2024,2024-06-25,"['胡超', '吴美芬']"
IPO,,宁波华平智控科技股份有限公司,2024,2024-06-25,"['孙华', '陈剑锋']"
IPO,,广东思锐光学股份有限公司,2024,2024-06-25,"['李燕玉', '王婷']"
IPO,,嘉兴杰特新材料股份有限公司,2024,2024-06-25,"['刘钧', '王庆海', '郭和珍']"
IPO,,广东东实环境股份有限公司,2024,2024-06-25,"['吴朝辉', '骆期宏', '曾宝莹']"
IPO,,江苏建院营造股份有限公司,2024,2024-06-26,"['张琦', '白露', '张勇', '杨镇宇']"
IPO,,湖北楚大智能装备股份有限公司,2024,2024-06-26,"['巩启春', '卢晖', '刘麟放']"
IPO,,江苏海安农村商业银行股份有限公司,2024,2024-06-26,"['朱大为', '李斌']"
IPO,,北京华卓精科科技股份有限公司,2024,2024-06-26,"['刘文豪', '徐文博']"
IPO,,渔翁信息技术股份有限公司,2024,2024-06-26,"['周春阳', '王明坤']"
IPO,,新疆阿克苏水务环保集团股份有限公司,2024,2024-06-26,"['石朝欣', '孙红玉']"
IPO,,苏州亚太精睿传动科技股份有限公司,2024,2024-06-26,"['吴慧', '戚铁桥']"
IPO,,安佑生物科技集团股份有限公司,2024,2024-06-27,"['张慧玲', '黄雅萍', '黄思婕']"
IPO,,宝武碳业科技股份有限公司,2024,2024-06-27,"['蒋伟民', '武廷栋']"
IPO,,博创智能装备股份有限公司,2024,2024-06-27,"['韩雁光', '杨勇', '潘平平']"
IPO,,山东绿霸化工股份有限公司,2024,2024-06-27,"['张利法', '王庆宾']"
IPO,,福建海电运维科技股份有限公司,2024,2024-06-27,"['王永平', '陈依航']"
IPO,,山东华光光电子股份有限公司,2024,2024-06-27,"['孔令芹', '迟斐斐']"
IPO,,武汉珈创生物技术股份有限公司,2024,2024-06-27,"['索保国', '胡艺']"
IPO,,广东美亚旅游科技集团股份有限公司,2024,2024-06-27,"['覃易', '赵文']"
IPO,,五峰赤诚生物科技股份有限公司,2024,2024-06-27,"['张凤波', '陈彦芝']"
IPO,,成都德芯数字科技股份有限公司,2024,2024-06-28,"['王首一', '李强', '杜佳彬', '安行', '蔡晓丽']"
IPO,,北京海金格医药科技股份有限公司,2024,2024-06-28,"['张玉', '吴杉']"
IPO,,江苏中润光能科技股份有限公司,2024,2024-06-28,"['谢贤庆', '翟晓宁', '洪建明']"
IPO,,北京城建设计发展集团股份有限公司,2024,2024-06-28,"['王力飞', '李明辉']"
IPO,,华宝证券股份有限公司,2024,2024-06-28,"['郭俊艳', '陈建兵']"
IPO,,武汉长利新材料科技股份有限公司,2024,2024-06-29,"['黄敬臣', '屠灿', '吴阅鸿']"
IPO,,新疆钵施然智能农机股份有限公司,2024,2024-06-29,"['叶怀敏', '张勇言', '陈中江', '沈云强']"
IPO,,深圳市城市规划设计研究院股份有限公司,2024,2024-06-29,"['王焕森', '蔡晓东', '陈艳']"
IPO,,东莞市朗泰通科技股份有限公司,2024,2024-06-29,"['黎明', '杨辉斌']"
IPO,,新麦机械(中国)股份有限公司,2024,2024-06-29,"['吴晓辉', '许育荪', '周轶']"
IPO,,赛克赛斯生物科技股份有限公司,2024,2024-06-29,"['毕强', '燕进', '姚丰全']"
IPO,,中船双瑞(洛阳)特种装备股份有限公司,2024,2024-06-29,"['范晓红', '赵书曼', '刘蕾']"
IPO,,广东顺德农村商业银行股份有限公司,2024,2024-06-29,"['俞莹', '罗杨', '昌华', '周道君']"
IPO,,广州银行股份有限公司,2024,2024-06-29,"['丁启新', '程凯']"
IPO,,开源证券股份有限公司,2024,2024-06-29,"['卞薄海', '安小民', '高靖杰', '吕桦', '朱菁', '江文浩']"
IPO,,东莞证券股份有限公司,2024,2024-06-29,"['韩振平', '潘桂权', '韩振平', '王兵']"
IPO,,欧菲斯集团股份有限公司,2024,2024-06-29,"['祝芹敏', '刘静亚', '顾立盟', '李青龙']"
IPO,,东莞银行股份有限公司,2024,2024-06-29,"['吴钟鸣', '叶云晖', '黄艾舟', '李嘉莉']"
IPO,,广东南海农村商业银行股份有限公司,2024,2024-06-29,"['吴钟鸣', '何可人', '王立鹏', '叶培霖', '张慧']"
IPO,,广东芬尼科技股份有限公司,2024,2024-06-29,"['张芹', '李江东']"
IPO,,广东正扬传感科技股份有限公司,2024,2024-06-29,"['杨运辉', '蔡晓枫', '林非']"
IPO,,威邦运动科技集团股份公司,2024,2024-06-29,"['李惠丰', '朱作武', '张小勇']"
IPO,,宁波中淳高科股份有限公司,2024,2024-06-29,"['卢娅萍', '范俊', '缪媛媛']"
IPO,,华龙证券股份有限公司,2024,2024-06-29,"['张有全', '张颖莉']"
IPO,,湖南中创化工股份有限公司,2024,2024-06-29,"['魏五军', '姜丰丰']"
IPO,,鸿星科技(集团)股份有限公司,2024,2024-06-29,"['魏琴', '姚丽强', '胡宁宁']"
IPO,,中轻长泰(长沙)智能科技股份有限公司,2024,2024-06-29,"['田志刚', '王瀚峣']"
IPO,,中钢集团马鞍山矿山研究总院股份有限公司,2024,2024-06-29,"['杨志平', '俞华', '吕志', '陈永毡']"
IPO,,深圳善康医药科技股份有限公司,2024,2024-06-29,"['谢枫', '张羚晖']"
IPO,,深圳飞骧科技股份有限公司,2024,2024-06-29,"['黄声森', '胡新']"
IPO,,上海恒润达生生物科技股份有限公司,2024,2024-06-29,"['朱伟', '周勤俊']"
IPO,,山东百多安医疗器械股份有限公司,2024,2024-06-29,"['李景伟', '陈奎']"
IPO,,南通联亚药业股份有限公司,2024,2024-06-29,"['黄哲君', '刘文浩']"
IPO,,杭州键嘉医疗科技股份有限公司,2024,2024-06-29,"['方海杰', '章晨伟', '李秀丽', '刘宝']"
IPO,,杭州飞仕得科技股份有限公司,2024,2024-06-29,"['吴慧', '王飞燕']"
IPO,,福建海创光电技术股份有限公司,2024,2024-06-29,"['姚辉', '徐子达']"
IPO,,长沙北斗产业安全技术研究院股份有限公司,2024,2024-06-29,"['周睿', '孟双', '黄中']"
IPO,,长光卫星技术股份有限公司,2024,2024-06-29,"['杨建平', '章祥', '徐德盛']"
IPO,,宁波福尔达智能科技股份有限公司,2024,2024-06-30,"['罗训超', '欧阳小云']"
IPO,,赣州海盛钨业股份有限公司,2024,2024-06-30,"['肖建鑫', '王骏']"
IPO,,江苏金陵环境股份有限公司,2024,2024-06-30,"['汪娟', '王巍', '高慧']"
IPO,,重庆润际远东新材料科技股份有限公司,2024,2024-06-30,"['弋守川', '唐明']"
IPO,,江苏新扬新材料股份有限公司,2024,2024-06-30,"['吴懿忻', '林晗']"
IPO,,宁波伏尔肯科技股份有限公司,2024,2024-07-01,"['陈瑜', '丁伟良', '丁一羽']"
IPO,,深圳市志橙半导体材料股份有限公司,2024,2024-07-01,"['黎明', '王合丽', '陈子涵']"
IPO,,安徽马鞍山农村商业银行股份有限公司,2024,2024-07-02,"['张爱国', '杨俊玉']"
IPO,,沃太能源股份有限公司,2024,2024-07-02,"['郑磊', '俞华', '杨青']"
IPO,,杭州中欣晶圆半导体股份有限公司,2024,2024-07-03,"['耿振', '皇甫滢']"
IPO,,深圳尚阳通科技股份有限公司,2024,2024-07-03,"['张媛媛', '熊欣']"
IPO,,飞潮(上海)新材料股份有限公司,2024,2024-07-03,"['徐春', '王磊']"
IPO,,朝阳微电子科技股份有限公司,2024,2024-07-03,"['刘广', '李晓旭']"
IPO,,苏州湘园新材料股份有限公司,2024,2024-07-03,"['王传邦', '张定坤']"
IPO,,广东富强科技股份有限公司,2024,2024-07-04,"['彭宗显', '吴志辉']"
IPO,,北京凯普林光电科技股份有限公司,2024,2024-07-05,"['王昆', '赵紫静']"
IPO,,南航通用航空股份有限公司,2024,2024-07-05,"['彭敏琴', '林定', '庞安然']"
IPO,,联纲光电科技股份有限公司,2024,2024-07-05,"['刘迪', '潘新华', '高强']"
IPO,,创志科技(江苏)股份有限公司,2024,2024-07-06,"['朱佑敏', '孙杰', '武诚威']"
IPO,,江苏东方四通科技股份有限公司,2024,2024-07-06,"['夏利忠', '宋斌']"
IPO,,西安鹰之航航空科技股份有限公司,2024,2024-07-07,"['杨谦', '李民聪']"
IPO,,长春卓谊生物股份有限公司,2024,2024-07-08,"['王伟青', '胡险春']"
IPO,,深圳市麦驰物联股份有限公司,2024,2024-07-08,"['徐冬冬', '刘志鹏']"
IPO,,北京数聚智连科技股份有限公司,2024,2024-07-09,"['张伟', '邓冰清']"
IPO,,浙江鸿禧能源股份有限公司,2024,2024-07-09,"['钟建栋', '王克平', '曹晶晶']"
IPO,,江苏新视云科技股份有限公司,2024,2024-07-10,"['贾丽娜', '杨磊']"
IPO,,英科新创(厦门)科技股份有限公司,2024,2024-07-10,"['李建彬', '郑伟平', '杨吻玉', '陈涌根', '陈瑞斌', '郭琼']"
IPO,,四川沃文特生物工程股份有限公司,2024,2024-07-10,"['李元良', '郭庆', '张瑞']"
IPO,,上海思客琦智能装备科技股份有限公司,2024,2024-07-11,"['林炎临', '钟心怡', '周起予']"
IPO,,广州康盛生物科技股份有限公司,2024,2024-07-11,"['周济平', '刘伟']"
IPO,,深圳市达科为生物技术股份有限公司,2024,2024-07-12,"['龙琦', '封秋慧']"
IPO,,上海山源电子科技股份有限公司,2024,2024-07-12,"['党小安', '严望生']"
IPO,,安徽兆尹信息科技股份有限公司,2024,2024-07-12,"['鲍光荣', '钱明']"
IPO,,广东国地规划科技股份有限公司,2024,2024-07-12,"['孙玮', '舒伟']"
IPO,,杭州腾励传动科技股份有限公司,2024,2024-07-20,"['洪文伟', '周岐贤']"
IPO,,海诺尔环保产业股份有限公司,2024,2024-07-23,"['廖继平', '王莉']"
IPO,,上海鹰峰电子科技股份有限公司,2024,2024-07-26,"['田华', '姜波']"
IPO,,江苏中法水务股份有限公司,2024,2024-07-29,"['吕方明', '王荣']"
IPO,,江苏万高药业股份有限公司,2024,2024-07-30,"['叶慧', '王俊', '田梅']"
IPO,,广东伟邦科技股份有限公司,2024,2024-08-06,"['余东红', '梁丽燕', '李俊']"
IPO,,湖南星邦智能装备股份有限公司,2024,2024-08-07,"['刘智清', '周曼', '杨迎']"
IPO,,河北一品制药股份有限公司,2024,2024-08-07,"['曾春卫', '杨明新']"
IPO,,硅谷数模(苏州)半导体股份有限公司,2024,2024-08-09,"['廖志勇', '戴慧']"
IPO,,埃索凯科技股份有限公司,2024,2024-08-09,"['周睿', '孟双', '杨庭']"
IPO,,青岛中加特电气股份有限公司,2024,2024-08-17,"['吴懿忻', '李斌']"
IPO,,苏州亚德林股份有限公司,2024,2024-08-21,"['胡新荣', '秦啸']"
IPO,,苏州鸿安机械股份有限公司,2024,2024-08-23,"['支彩琴', '陆遥', '邱佳涛']"
IPO,,浙江春晖环保能源股份有限公司,2024,2024-08-29,"['李惠丰', '朱作武', '沈永庭']"
IPO,,安徽大昌科技股份有限公司,2024,2024-08-30,"['卢珍', '夏小蕾', '李增']"
IPO,,山东百诺医药股份有限公司,2024,2024-09-05,"['叶卫民', '侯波']"
IPO,,欧菲斯集团股份有限公司,2024,2024-09-07,"['祝芹敏', '刘静亚', '顾立盟']"
IPO,,杭州景杰生物科技股份有限公司,2024,2024-09-11,"['王建甫', '易耀冬']"
IPO,,广东图特精密五金科技股份有限公司,2024,2024-09-14,"['杨诗学', '张境芳']"
IPO,,机械工业第九设计研究院股份有限公司,2024,2024-09-18,"['向辉', '潘杨州']"
IPO,,洛阳中超新材料股份有限公司,2024,2024-09-20,"['徐志敏', '程人坚']"
IPO,,北京开科唯识技术股份有限公司,2024,2024-09-22,"['李成林', '杨晋芳', '罗祥媚']"
IPO,,北京高威科电气技术股份有限公司,2024,2024-09-24,"['张克东', '高志英']"
IPO,,杭州键嘉医疗科技股份有限公司,2024,2024-09-26,"['方海杰', '章晨伟']"
IPO,,苏州百胜动力机器股份有限公司,2024,2024-09-26,"['付后升', '万斌', '李悦']"
IPO,,通力科技股份有限公司,2024,2024-09-26,"['廖文佳', '付四春']"
IPO,,深圳宏业基岩土科技股份有限公司,2024,2024-09-26,"['王蒙', '郑鹏飞', '杨海南']"
IPO,,安徽德孚转向系统股份有限公司,2024,2024-09-27,"['吴萃柿', '刘泽涵', '陈金龙']"
IPO,,东莞证券股份有限公司,2024,2024-09-28,"['江超杰', '宋锦峰', '韩振平', '王兵']"
IPO,,上海盛普流体设备股份有限公司,2024,2024-09-28,"['徐春', '项杰']"
IPO,,上海汉兴能源科技股份有限公司,2024,2024-09-29,"['莫旭巍', '刘磊', '王涛']"
IPO,,南京轩凯生物科技股份有限公司,2024,2024-09-29,"['吴霆', '王春燕']"
IPO,,雅图高新材料股份有限公司,2024,2024-09-30,"['刘远帅', '李星']"
IPO,,武汉新芯集成电路股份有限公司,2024,2024-09-30,"['孟冬', '顾沈为']"
IPO,,广州三晶电气股份有限公司,2024,2024-10-09,"['黄志业', '蔡慕玲']"
IPO,,安徽久易农业股份有限公司,2024,2024-10-12,"['朱伟光', '杨玉香']"
IPO,,苏州嘉诺环境科技股份有限公司,2024,2024-10-15,"['刘丹', '王俊', '张静']"
IPO,,无锡海达光能股份有限公司,2024,2024-10-21,"['周磊', '周贵人', '荆跃飞']"
IPO,,昆山丘钛微电子科技股份有限公司,2024,2024-10-29,"['王洁', '吴惠煌']"
IPO,,日日顺供应链科技股份有限公司,2024,2024-10-29,"['张毅强', '王冲']"
IPO,,上海龙创汽车设计股份有限公司,2024,2024-10-31,"['杜娜', '徐泮卿']"
IPO,,新黎明科技股份有限公司,2024,2024-11-01,"['杨力生', '何中正']"
IPO,,成都万创科技股份有限公司,2024,2024-11-02,"['方海杰', '黄昕']"
IPO,,山东佳能科技股份有限公司,2024,2024-11-04,"['陈君', '唐恒飞', '代慧芳']"
IPO,,北京天广实生物技术股份有限公司,2024,2024-11-04,"['沈佳盈', '赖兴恺']"
IPO,,扬州万方科技股份有限公司,2024,2024-11-05,"['贾丽娜', '杨磊']"
IPO,,广州致远电子股份有限公司,2024,2024-11-07,"['安霞', '徐俊']"
IPO,,深圳市鑫信腾科技股份有限公司,2024,2024-11-14,"['任晓英', '张先发']"
IPO,,深圳市睿联技术股份有限公司,2024,2024-11-14,"['黄绍煌', '陈美婷']"
IPO,,旷视科技有限公司,2024,2024-11-14,"['陈文龙', '吴宗泽']"
IPO,,用友金融信息技术股份有限公司,2024,2024-11-14,"['王静', '张凯丽']"
IPO,,北京天助畅运医疗技术股份有限公司,2024,2024-11-19,"['李成林', '时静', '崔雯']"
IPO,,山东泰丰智能控制股份有限公司,2024,2024-11-21,"['王丽敏', '邹国英']"
IPO,,浙江环动机器人关节科技股份有限公司,2024,2024-11-25,"['陈素素', '朱俊峰', '吕瑛群']"
IPO,,杭州衡泰技术股份有限公司,2024,2024-11-28,"['李惠丰', '孙峰', '吕爱珍']"
IPO,,芜湖佳宏新材料股份有限公司,2024,2024-12-01,"['李生敏', '杨晓龙', '李剑']"
IPO,,长光卫星技术股份有限公司,2024,2024-12-04,"['杨建平', '徐德盛']"
IPO,,筠诚和瑞环境科技集团股份有限公司,2024,2024-12-05,"['潘新华', '王子强']"
IPO,,浙江科峰有机硅股份有限公司,2024,2024-12-08,"['魏琴', '马良刚']"
IPO,,四川沃文特生物工程股份有限公司,2024,2024-12-09,"['李元良', '郭庆']"
IPO,,铜陵兢强电子科技股份有限公司,2024,2024-12-11,"['郭凯', '王旭', '张阳']"
IPO,,英科新创(厦门)科技股份有限公司,2024,2024-12-20,"['李建彬', '郑伟平', '杨吻玉']"
IPO,,中钢集团马鞍山矿山研究总院股份有限公司,2024,2024-12-20,"['杨志平', '俞华']"
IPO,,湖南顶立科技股份有限公司,2024,2024-12-23,"['周忠华', '徐西蕊', '蒯薏苡']"
IPO,,广州尚航信息科技股份有限公司,2024,2024-12-23,"['叶庚波', '史金霞']"
IPO,,山东祺龙海洋石油钢管股份有限公司,2024,2024-12-24,"['何峰', '崔晓丽']"
IPO,,新特能源股份有限公司,2024,2024-12-24,"['张昆', '李亚望']"
IPO,,浙江荣鹏气动工具股份有限公司,2024,2024-12-26,"['吴懿忻', '夏均军', '王俊彬']"
IPO,,湖州安达汽车配件股份有限公司,2024,2024-12-26,"['彭远卓', '俞翔']"
IPO,,江苏艾科维科技股份有限公司,2024,2024-12-26,"['吴震东', '余洪']"
IPO,,常州百瑞吉生物医药股份有限公司,2024,2024-12-26,"['高平', '陆西', '刘莉']"
IPO,,无锡威易发精密机械股份有限公司,2024,2024-12-26,"['王建甫', '王立丽']"
IPO,,上海永超新材料科技股份有限公司,2024,2024-12-26,"['孔令莉', '鲁意宏', '朱敬义']"
IPO,,安徽曙光化工集团股份有限公司,2024,2024-12-27,"['廖传宝', '姚贝', '郭阳', '赵传业']"
IPO,,江西力源海纳科技股份有限公司,2024,2024-12-27,"['宜宜辰', '刘志鹏', '秦睿', '夏坤']"
IPO,,浙江安胜科技股份有限公司,2024,2024-12-30,"['徐殷鹏', '洪烨', '孔利波']"
IPO,,中环洁集团股份有限公司,2024,2024-12-30,"['张海啸', '闫欢', '刘光宗']"
IPO,,哈尔滨东盛金材科技(集团)股份有限公司,2024,2024-12-30,"['王栋', '王维']"
IPO,,陕西石羊农业科技股份有限公司,2024,2024-12-30,"['潘要文', '卫婵']"
IPO,,深圳市拓普泰克技术股份有限公司,2024,2024-12-30,"['赵娇', '周黎']"
IPO,,安徽省小小科技股份有限公司,2024,2024-12-30,"['马章松', '夏海林']"
IPO,,浙江升华云峰新材股份有限公司,2024,2024-12-30,"['俞佳南', '贝柳辉']"
IPO,,苏州锦艺新材料科技股份有限公司,2024,2024-12-31,"['邓小勤', '刘根']"
IPO,,上海恒润达生生物科技股份有限公司,2024,2024-12-31,"['李建彬', '郑伟平', '李雅莉']"
IPO,,陕西省水电开发集团股份有限公司,2024,2024-12-31,"['霍华甫', '黄永欢', '朱洪雄', '高洪艳']"
IPO,,山西阳光焦化集团股份有限公司,2024,2024-12-31,"['韩瑞红', '朱小娃']"
IPO,,青岛青禾人造草坪股份有限公司,2024,2024-12-31,"['潘汝彬', '马云峰', '谢瓅']"
IPO,,江西九岭锂业股份有限公司,2024,2024-12-31,"['杨小磊', '叶敏']"
IPO,,福建德尔科技股份有限公司,2024,2024-12-31,"['梁宝珠', '王启盛', '刘耀东', '李建彬', '陈志达', '李新星']"
IPO,,北京天星医疗股份有限公司,2024,2024-12-31,"['章晓亮', '王敏', '李敏', '周燕', '严娜', '王娟']"
IPO,,安徽济人药业股份有限公司,2024,2024-12-31,"['徐春', '郭晓婧']"
IPO,,朝阳金达钛业股份有限公司,2024,2024-12-31,"['时应生', '吴馁']"
IPO,,德耐尔节能科技(上海)股份有限公司,2024,2024-12-31,"['龙琦', '封秋慧']"
IPO,,江苏原力数字科技股份有限公司,2024,2024-12-31,"['张立琰', '丁晓燕']"
IPO,,浙江正导技术股份有限公司,2024,2024-12-31,"['黄加才', '程芳玉']"
IPO,,江苏毅合捷汽车科技股份有限公司,2025,2025-01-02,"['聂勇', '郭春林', '曾广斌']"
IPO,,杭州海康机器人股份有限公司,2025,2025-01-02,"['唐恋炯', '张姝姝']"
IPO,,武汉珈创生物技术股份有限公司,2025,2025-01-02,"['索保国', '胡艺']"
IPO,,上海维安电子股份有限公司,2025,2025-01-02,"['董舒', '唐奕']"
IPO,,浙江德斯泰新材料股份有限公司,2025,2025-01-03,"['彭远卓', '朱智俊', '钱宇吉']"
IPO,,南通天盛新能源股份有限公司,2025,2025-01-03,"['梁谦海', '邵泽文', '孟蕾']"
IPO,,苏州利来工业智造股份有限公司,2025,2025-01-03,"['邵明亮', '陈震', '黄继佳']"
IPO,,佛山水务环保股份有限公司,2025,2025-01-04,"['潘新华', '陈文锋']"
IPO,,北京凝思软件股份有限公司,2025,2025-01-05,"['何双', '薛佳祺', '杨志颖']"
IPO,,宁波中淳高科股份有限公司,2025,2025-01-06,"['卢娅萍', '范俊', '缪媛媛']"
IPO,,长春长光辰芯微电子股份有限公司,2025,2025-01-07,"['夏均军', '王俊彬']"
IPO,,浙江数智交院科技股份有限公司,2025,2025-01-07,"['龙传喜', '汪明']"
IPO,,赛克赛斯生物科技股份有限公司,2025,2025-01-07,"['毕强', '燕进']"
IPO,,江苏美科太阳能科技股份有限公司,2025,2025-01-08,"['徐侃瓴', '周倩']"
IPO,,深圳宏业基岩土科技股份有限公司,2025,2025-01-08,"['王蒙', '郑鹏飞', '杨海南']"
IPO,,苏州高泰电子技术股份有限公司,2025,2025-01-08,"['李江东', '林琦']"
IPO,,福建佰源智能装备股份有限公司,2025,2025-01-08,"['姜峰', '田堂', '葛鹏']"
IPO,,浙江中达新材料股份有限公司,2025,2025-01-08,"['蒋晓东', '苗洹滔']"
IPO,,汕头华兴冶金设备股份有限公司,2025,2025-01-09,"['李雯宇', '王振']"
IPO,,江门丽宫国际食品股份有限公司,2025,2025-01-09,"['魏标文', '吴志辉']"
IPO,,铜陵兢强电子科技股份有限公司,2025,2025-01-09,"['郭凯', '王旭', '张阳']"
IPO,,武汉元丰汽车电控系统股份有限公司,2025,2025-01-09,"['高虹', '何华博']"
IPO,,西安诺博尔稀贵金属材料股份有限公司,2025,2025-01-10,"['杜敏', '崔单单']"
IPO,,江苏永成汽车零部件股份有限公司,2025,2025-01-11,"['潘坤', '奚澍', '张伟']"
IPO,,广州明美新能源股份有限公司,2025,2025-01-12,"['胡敏坚', '游泽侯']"
IPO,,苏州飞宇精密科技股份有限公司,2025,2025-01-13,"['于志强', '章仁杰']"
IPO,,北京六合宁远医药科技股份有限公司,2025,2025-01-14,"['田娟', '梁晓燕']"
IPO,,陕西省水电开发集团股份有限公司,2025,2025-01-14,"['霍华甫', '黄永欢', '朱洪雄', '高洪艳']"
IPO,,江西力源海纳科技股份有限公司,2025,2025-01-15,"['宜宜辰', '刘志鹏', '秦睿', '夏坤']"
IPO,,深圳市城市规划设计研究院股份有限公司,2025,2025-01-16,"['王焕森', '蔡晓东']"
IPO,,深圳好博窗控技术股份有限公司,2025,2025-01-16,"['杨熹', '张伟', '张明']"
IPO,,杭州图南电子股份有限公司,2025,2025-01-16,"['张旭宏', '朱泽民', '李士龙']"
IPO,,广州银行股份有限公司,2025,2025-01-17,"['丁启新', '程凯']"
IPO,,深圳市富泰和精密制造股份有限公司,2025,2025-01-20,"['江永辉', '钱华丽']"
IPO,,广州尚航信息科技股份有限公司,2025,2025-01-20,"['叶庚波', '史金霞']"
IPO,,湖南顶立科技股份有限公司,2025,2025-01-20,"['周忠华', '徐西蕊', '蒯薏苡']"
IPO,,山东祺龙海洋石油钢管股份有限公司,2025,2025-01-20,"['何峰', '崔晓丽']"
IPO,,湖州安达汽车配件股份有限公司,2025,2025-01-20,"['彭远卓', '俞翔']"
IPO,,江苏艾科维科技股份有限公司,2025,2025-01-20,"['吴震东', '余洪']"
IPO,,常州百瑞吉生物医药股份有限公司,2025,2025-01-20,"['高平', '陆西', '刘莉']"
IPO,,广东汇兴精工智造股份有限公司,2025,2025-01-20,"['杨明国', '蔡阳']"
IPO,,北京天一恩华科技股份有限公司,2025,2025-01-20,"['张力', '韩仰', '高晓鹤']"
IPO,,武汉奇致激光技术股份有限公司,2025,2025-01-20,"['罗明国', '刘晓英', '刘钧', '王庆海']"
IPO,,浙江荣鹏气动工具股份有限公司,2025,2025-01-21,"['吴懿忻', '夏均军', '王俊彬']"
IPO,,哈尔滨东盛金材科技(集团)股份有限公司,2025,2025-01-21,"['王栋', '王维']"
IPO,,宁夏盾源聚芯半导体科技股份有限公司,2025,2025-01-21,"['江娟', '朱小雪']"
IPO,,无锡威易发精密机械股份有限公司,2025,2025-01-21,"['王建甫', '王立丽']"
IPO,,上海永超新材料科技股份有限公司,2025,2025-01-21,"['孔令莉', '鲁意宏', '朱敬义']"
IPO,,浙江安胜科技股份有限公司,2025,2025-01-22,"['徐殷鹏', '洪烨', '孔利波']"
IPO,,中环洁集团股份有限公司,2025,2025-01-22,"['张海啸', '闫欢', '刘光宗']"
IPO,,朝阳金达钛业股份有限公司,2025,2025-01-22,"['时应生', '吴馁']"
IPO,,安徽省小小科技股份有限公司,2025,2025-01-22,"['马章松', '夏海林']"
IPO,,广东东实环境股份有限公司,2025,2025-01-23,"['吴朝辉', '骆期宏', '曾宝莹']"
IPO,,陕西石羊农业科技股份有限公司,2025,2025-01-23,"['潘要文', '卫婵']"
IPO,,深圳市拓普泰克技术股份有限公司,2025,2025-01-23,"['赵娇', '周黎']"
IPO,,德耐尔节能科技(上海)股份有限公司,2025,2025-01-24,"['龙琦', '封秋慧']"
IPO,,浙江正导技术股份有限公司,2025,2025-01-24,"['黄加才', '程芳玉']"
IPO,,大汉软件股份有限公司,2025,2025-01-24,"['徐侃瓴', '李玲']"
IPO,,安徽曙光化工集团股份有限公司,2025,2025-01-25,"['廖传宝', '姚贝', '郭阳', '赵传业']"
IPO,,济南森峰激光科技股份有限公司,2025,2025-01-27,"['陈焱鑫', '俞金波']"
IPO,,广东美亚旅游科技集团股份有限公司,2025,2025-02-05,"['覃易', '赵文']"
IPO,,江苏原力数字科技股份有限公司,2025,2025-02-05,"['张立琰', '丁晓燕']"
IPO,,安顺控股股份有限公司,2025,2025-02-06,"['郭凯', '张林清', '熊寿康']"
IPO,,无锡阳光精机股份有限公司,2025,2025-02-07,"['王翔', '时意波']"
IPO,,苏州利来工业智造股份有限公司,2025,2025-02-08,"['邵明亮', '陈震']"
IPO,,成都正恒动力股份有限公司,2025,2025-02-12,"['胡海波', '贺英', '时斌']"
IPO,,北京昆仑联通科技发展股份有限公司,2025,2025-02-12,"['潘玉忠', '马东宇']"
IPO,,福建德尔科技股份有限公司,2025,2025-02-13,"['梁宝珠', '王启盛', '刘耀东', '李建彬', '陈志达', '李新星']"
IPO,,苏州锦艺新材料科技股份有限公司,2025,2025-02-13,"['邓小勤', '姚静', '刘根']"
IPO,,威邦运动科技集团股份公司,2025,2025-02-14,"['李惠丰', '朱作武', '张小勇']"
IPO,,烟台迈百瑞国际生物医药股份有限公司,2025,2025-02-16,"['张毅强', '杨晶']"
IPO,,南方航空物流股份有限公司,2025,2025-02-21,"['姜干', '林定', '郑树冰']"
IPO,,安徽济人药业股份有限公司,2025,2025-02-24,"['徐春', '郭晓婧']"
IPO,,宁波纬诚科技股份有限公司,2025,2025-02-26,"['卢娅萍', '范俊', '缪媛媛']"
IPO,,广州市晶华精密光学股份有限公司,2025,2025-02-28,"['彭宗显', '陈建成']"
IPO,,常州金康精工机械股份有限公司,2025,2025-02-28,"['朱戟', '狄海英', '罗晓杰']"
IPO,,山东捷瑞数字科技股份有限公司,2025,2025-03-03,"['吕小云', '吴少平']"
IPO,,江苏建院营造股份有限公司,2025,2025-03-04,"['张琦', '白露', '张勇', '杨镇宇']"
IPO,,浙江千禧龙纤特种纤维股份有限公司,2025,2025-03-05,"['钱仲先', '曹毅', '江天月']"
IPO,,傲拓科技股份有限公司,2025,2025-03-11,"['胡永波', '潘佳勇']"
IPO,,广东华汇智能装备股份有限公司,2025,2025-03-12,"['陈新伟', '万蜜']"
IPO,,浙江环动机器人关节科技股份有限公司,2025,2025-03-14,"['陈素素', '朱俊峰', '吕瑛群']"
IPO,,无锡卓海科技股份有限公司,2025,2025-03-19,"['朱佑敏', '路凤霞', '张倩倩']"
IPO,,广西双英集团股份有限公司,2025,2025-03-19,"['宋军', '余海东', '彭一']"
IPO,,中国茶叶股份有限公司,2025,2025-03-21,"['梁志刚', '胡春燕']"
IPO,,中集天达控股有限公司,2025,2025-03-27,"['王齐', '陈超']"
IPO,,湖南中创化工股份有限公司,2025,2025-03-28,"['魏五军', '姜丰丰']"
IPO,,湖南耐普泵业股份有限公司,2025,2025-03-30,"['魏五军', '田冬青']"
IPO,,四川睿健医疗科技股份有限公司,2025,2025-03-31,"['王娜', '鲁李', '兰天']"
IPO,,武汉新芯集成电路股份有限公司,2025,2025-03-31,"['孟冬', '顾沈为']"
IPO,,通力科技股份有限公司,2025,2025-03-31,"['廖文佳', '付四春']"
IPO,,东莞证券股份有限公司,2025,2025-03-31,"['江超杰', '宋锦峰', '韩振平', '王兵']"
IPO,,厦门市政环能股份有限公司,2025,2025-03-31,"['涂蓬芳', '陈慧周']"
IPO,,五峰赤诚生物科技股份有限公司,2025,2025-04-02,"['张凤波', '陈彦芝']"
IPO,,岷山环能高科股份公司,2025,2025-04-03,"['尹超文', '周奇龙']"
IPO,,北京天广实生物技术股份有限公司,2025,2025-04-07,"['沈佳盈', '赖兴恺']"
IPO,,温多利遮阳材料(德州)股份有限公司,2025,2025-04-08,"['徐建来', '胥传超']"
IPO,,创正电气股份有限公司,2025,2025-04-11,"['田华', '姜波']"
IPO,,雅图高新材料股份有限公司,2025,2025-04-14,"['刘远帅', '李星']"
IPO,,湖北楚大智能装备股份有限公司,2025,2025-04-15,"['巩启春', '卢晖', '刘麟放']"
IPO,,成都德芯数字科技股份有限公司,2025,2025-04-16,"['王首一', '李强', '杜佳彬', '安行', '蔡晓丽']"
IPO,,嘉兴杰特新材料股份有限公司,2025,2025-04-18,"['刘钧', '王庆海', '郭和珍']"
IPO,,浙江升华云峰新材股份有限公司,2025,2025-04-21,"['俞佳南', '贝柳辉']"
IPO,,西安博达软件股份有限公司,2025,2025-04-22,"['李轶芳', '陈益汐']"
IPO,,唐山天和环保科技股份有限公司,2025,2025-04-22,"['闫雪峰', '黄宇翔', '高涛', '张猛勇']"
IPO,,厦门渡远户外用品股份有限公司,2025,2025-04-25,"['余建耀', '彭敏']"
IPO,,广东思锐光学股份有限公司,2025,2025-04-27,"['李燕玉', '王婷']"
IPO,,深圳市控汇智能股份有限公司,2025,2025-04-30,"['蔡浩', '甘进崇', '章少霞']"
IPO,,无锡烨隆精密机械股份有限公司,2025,2025-05-08,"['夏正曙', '孙诗雪']"
IPO,,杭州联川生物技术股份有限公司,2025,2025-05-09,"['徐林', '罗君', '吴椰']"
IPO,,深圳好博窗控技术股份有限公司,2025,2025-05-10,"['杨熹', '张伟']"
IPO,,山东佳能科技股份有限公司,2025,2025-05-16,"['陈君', '唐恒飞', '代慧芳']"
IPO,,成都锐思环保技术股份有限公司,2025,2025-05-16,"['武兴田', '黄敏', '叶梓歆']"
IPO,,东莞市朗泰通科技股份有限公司,2025,2025-05-17,"['陈鹏', '丁诗嘉']"
IPO,,山东康华生物医疗科技股份有限公司,2025,2025-05-22,"['胡乃忠', '刘民']"
IPO,,深圳市沛城电子科技股份有限公司,2025,2025-05-22,"['章顺文', '尹红军']"
IPO,,佳源科技股份有限公司,2025,2025-05-23,"['贾丽娜', '支鑫']"
IPO,,广东豪德数控装备股份有限公司,2025,2025-05-26,"['吴萃柿', '毛潇滢']"
IPO,,厦门东昂科技股份有限公司,2025,2025-05-27,"['胡新荣', '王辉达', '徐晓博', '储东东']"
IPO,,深圳市讯方技术股份有限公司,2025,2025-05-30,"['褚诗炜', '董建华', '段厚改', '汪庆']"
IPO,,淄博大亚金属科技股份有限公司,2025,2025-05-30,"['李雪华', '李晓光', '赵卫华', '孟庆福', '罗炳勤']"
IPO,,青岛青禾人造草坪股份有限公司,2025,2025-05-30,"['潘汝彬', '马云峰', '谢瓅']"
IPO,,珠海天威新材料股份有限公司,2025,2025-06-05,"['刘明学', '彭丽娟']"
IPO,,北京天星医疗股份有限公司,2025,2025-06-06,"['章晓亮', '王敏']"
IPO,,上海超硅半导体股份有限公司,2025,2025-06-13,"['弋守川', '谢静欣', '谭建波', '吴赛文', '冯伟']"
IPO,,广西百菲乳业股份有限公司,2025,2025-06-13,"['张腾', '苏小颖']"
IPO,,广东邦泽创科电器股份有限公司,2025,2025-06-13,"['陈志芳', '刘多奇', '胡洪斌']"
IPO,,英氏控股集团股份有限公司,2025,2025-06-13,"['李晓阳', '刘云飞扬', '李海', '周睿', '曹彩龙']"
IPO,,广东尚研电子科技股份有限公司,2025,2025-06-13,"['丁晓燕', '陈健君', '龙琦', '封秋慧']"
IPO,,江苏金智教育信息股份有限公司,2025,2025-06-13,"['贾丽娜', '周文阳', '曹莹']"
IPO,,无锡江松科技股份有限公司,2025,2025-06-14,"['庞玉文', '陈东东']"
IPO,,上海芯密科技股份有限公司,2025,2025-06-16,"['曹小勤', '义国兵', '王余虎']"
IPO,,上海兆芯集成电路股份有限公司,2025,2025-06-17,"['傅韵时', '张君如', '张晓荣', '江燕']"
IPO,,固力发集团股份有限公司,2025,2025-06-17,"['张颖', '章璐卿']"
IPO,,宁波艾克姆新材料股份有限公司,2025,2025-06-17,"['章祥', '徐云平']"
IPO,,惠州市华达通气体制造股份有限公司,2025,2025-06-17,"['刘春梅', '邱娟']"
IPO,,上海超导科技股份有限公司,2025,2025-06-18,"['范震杰', '李侦文']"
IPO,,安徽新富新能源科技股份有限公司,2025,2025-06-19,"['冯炬', '方冰', '钱艳苹', '徐子欣', '王道齐']"
IPO,,苏州莱恩精工合金股份有限公司,2025,2025-06-19,"['施琪璋', '卫春丽', '崔梅', '何蓓蓓']"
IPO,,浙江同富特美刻股份有限公司,2025,2025-06-19,"['李勇平', '陶书成', '李静程']"
IPO,,北京兆信信息技术股份有限公司,2025,2025-06-19,"['陈君', '陈美玉', '武毓']"
IPO,,深圳艾为电气技术股份有限公司,2025,2025-06-20,"['刘晓聪', '劳鹙萍', '钟宇', '邓庆慧']"
IPO,,广西田园生化股份有限公司,2025,2025-06-20,"['李嘉宁', '陈哲路']"
IPO,,济南奥图自动化股份有限公司,2025,2025-06-20,"['蔺自立', '刘语']"
IPO,,青岛海湾化学股份有限公司,2025,2025-06-20,"['王婷', '姜慧']"
IPO,,浙江晴天太阳能科技股份有限公司,2025,2025-06-20,"['耿振', '皇甫滢']"
IPO,,益丰新材料股份有限公司,2025,2025-06-21,"['陈金波', '李鑫']"
IPO,,珠海传美讯新材料股份有限公司,2025,2025-06-23,"['肖强光', '吴小亚']"
IPO,,天康制药股份有限公司,2025,2025-06-23,"['张克东', '徐年贵', '王昭']"
IPO,,沈阳广泰真空科技股份有限公司,2025,2025-06-23,"['王逸飞', '王玉宝', '张玉华']"
IPO,,北方实验室(沈阳)股份有限公司,2025,2025-06-23,"['张立志', '刘常明', '鲁雪']"
IPO,,江苏斯瑞达材料技术股份有限公司,2025,2025-06-23,"['王明健', '刘洪伟', '代美红']"
IPO,,浙江中德自控科技股份有限公司,2025,2025-06-23,"['李美文', '余元园', '卞圆媛']"
IPO,,浙江新纳材料科技股份有限公司,2025,2025-06-23,"['张芹', '王剑飞']"
IPO,,南通联亚药业股份有限公司,2025,2025-06-24,"['周徐春', '黄晓冬']"
IPO,,苏州市贝特利高分子材料股份有限公司,2025,2025-06-24,"['付忠伟', '陈威凯']"
IPO,,弥富科技(浙江)股份有限公司,2025,2025-06-24,"['钱仲先', '陈丹萍']"
IPO,,浙江德硕科技股份有限公司,2025,2025-06-24,"['卢珍', '左澄', '李增']"
IPO,,中健康桥医药集团股份有限公司,2025,2025-06-24,"['宋立民', '唐家波', '赵玉朋', '吴岳']"
IPO,,贵州南方乳业股份有限公司,2025,2025-06-24,"['刘宇', '刘功']"
IPO,,深圳市科金明电子股份有限公司,2025,2025-06-25,"['杨新春', '钟敏']"
IPO,,先歌国际影音股份有限公司,2025,2025-06-25,"['王娜', '鲁李']"
IPO,,成都孕婴世界股份有限公司,2025,2025-06-25,"['周春阳', '王世强', '宋璐璐', '李效辉', '邱星', '王治宾']"
IPO,,广东省天行健新材料股份有限公司,2025,2025-06-25,"['聂勇', '江晓云']"
IPO,,江苏欣战江纤维科技股份有限公司,2025,2025-06-25,"['何卫明', '蔡钢', '闫娜']"
IPO,,东莞市腾信精密制造股份有限公司,2025,2025-06-25,"['钟俊', '桂迎', '陈正']"
IPO,,广东省城乡规划设计研究院科技集团股份有限公司,2025,2025-06-25,"['李新航', '赵中才']"
IPO,,江苏凯达重工股份有限公司,2025,2025-06-25,"['陈振伟', '肖煜颢', '陆苏敏']"
IPO,,杭州华大海天科技股份有限公司,2025,2025-06-25,"['陆俊洁', '陆黎']"
IPO,,深圳市巍特环境科技股份有限公司,2025,2025-06-26,"['聂勇', '郭春林', '李华']"
IPO,,株洲科能新材料股份有限公司,2025,2025-06-26,"['刘宇', '田川', '李萍', '刘亚仕']"
IPO,,宁波丰沃增压科技股份有限公司,2025,2025-06-26,"['梁志勇', '王文']"
IPO,,江苏康瑞新材料科技股份有限公司,2025,2025-06-26,"['柏荣甲', '李建波', '武勇']"
IPO,,麦田能源股份有限公司,2025,2025-06-26,"['宁一锋', '李娟']"
IPO,,苏州新吴光电股份有限公司,2025,2025-06-26,"['洪志国', '俞华']"
IPO,,江苏江锅智能装备股份有限公司,2025,2025-06-26,"['束哲民', '陈艳']"
IPO,,安徽唐兴装备科技股份有限公司,2025,2025-06-26,"['李生敏', '沈童', '张欢欢']"
IPO,,安徽富印新材料股份有限公司,2025,2025-06-26,"['鲁立', '秦林林']"
IPO,,常州奥立思特电气股份有限公司,2025,2025-06-26,"['谭鹏', '史勇婷', '王文凯', '殷亚刚']"
IPO,,浙江信胜科技股份有限公司,2025,2025-06-26,"['蔡畅', '何新娣', '叶鑫']"
IPO,,池州华宇电子科技股份有限公司,2025,2025-06-26,"['宣陈峰', '杨晓龙', '程翔']"
IPO,,山东东岳未来氢能材料股份有限公司,2025,2025-06-27,"['张春梅', '李虎', '钱进', '张云鹤', '李灵辉']"
IPO,,江苏亚电科技股份有限公司,2025,2025-06-27,"['孙业亮', '李睿斐', '章磊']"
IPO,,广东钶锐锶数控技术股份有限公司,2025,2025-06-27,"['杨克晶', '邹甜甜', '李芸', '郑晓彬', '刘冬莲', '张帮志']"
IPO,,北京植物医生化妆品股份有限公司,2025,2025-06-27,"['刘晶静', '张霞']"
IPO,,安徽钜芯半导体科技股份有限公司,2025,2025-06-27,"['孔晶晶', '姚捷', '刘荣', '陈芳贺']"
IPO,,宁波耀泰光电科技股份有限公司,2025,2025-06-27,"['钱仲先', '曹毅', '陈丹萍']"
IPO,,上海奉天电子股份有限公司,2025,2025-06-27,"['张毅', '陶玉露', '张志云']"
IPO,,浙江晨泰科技股份有限公司,2025,2025-06-27,"['郭宪明', '杨金晓', '许清慧', '陈国樑']"
IPO,,上海百英生物科技股份有限公司,2025,2025-06-27,"['董旭', '陈黎明']"
IPO,,佛山市科蓝环保科技股份有限公司,2025,2025-06-27,"['平海鹏', '纪海燕']"
IPO,,浙江长城搅拌设备股份有限公司,2025,2025-06-27,"['张建新', '周康康', '周成']"
IPO,,开源证券股份有限公司,2025,2025-06-28,"['安小民', '卞薄海']"
IPO,,湖南初源新材料股份有限公司,2025,2025-06-28,"['周睿', '孟双', '沈鑫', '曾春卫', '罗琴']"
IPO,,金桥德克新材料股份有限公司,2025,2025-06-28,"['蒋盛森', '肖青']"
IPO,,正泰安能数字能源(浙江)股份有限公司,2025,2025-06-30,"['夏均军', '曹贤禄', '吴懿忻']"
IPO,,新疆钵施然智能农机股份有限公司,2025,2025-06-30,"['叶怀敏', '张勇言', '陈中江', '沈云强']"
IPO,,上海恒润达生生物科技股份有限公司,2025,2025-06-30,"['李建彬', '郑伟平', '李雅莉']"
IPO,,山西阳光焦化集团股份有限公司,2025,2025-06-30,"['韩瑞红', '朱小娃']"
IPO,,南京沁恒微电子股份有限公司,2025,2025-06-30,"['高民', '刘萍', '邱祎臻', '诸旭敏', '罗天幸', '钱辰']"
IPO,,节卡机器人股份有限公司,2025,2025-06-30,"['杨林', '傅磊']"
IPO,,江西九岭锂业股份有限公司,2025,2025-06-30,"['杨小磊', '叶敏']"
IPO,,鸿星科技(集团)股份有限公司,2025,2025-06-30,"['魏琴', '姚丽强', '胡宁宁']"
IPO,,杭州易加三维增材技术股份有限公司,2025,2025-06-30,"['叶贤斌', '胡建迪']"
IPO,,福建海创光电技术股份有限公司,2025,2025-06-30,"['姚辉', '徐子达']"
IPO,,欣强电子(清远)股份有限公司,2025,2025-06-30,"['陈睿', '宋美玉']"
IPO,,冈田智能(江苏)股份有限公司,2025,2025-06-30,"['程晓曼', '张驰', '王坤鹏', '娄新洁', '支鑫']"
IPO,,广州通则康威科技股份有限公司,2025,2025-06-30,"['徐冬冬', '林彦成']"
IPO,,东莞银行股份有限公司,2025,2025-06-30,"['吴钟鸣', '叶云晖', '黄艾舟', '李嘉莉']"
IPO,,广东南海农村商业银行股份有限公司,2025,2025-06-30,"['吴钟鸣', '何可人', '王立鹏', '叶培霖', '张慧']"
IPO,,襄阳正大种业股份有限公司,2025,2025-06-30,"['王婷', '郑紫云', '高敬']"
IPO,,四川美康医药软件研究开发股份有限公司,2025,2025-06-30,"['徐洪荣', '杨闯']"
IPO,,山东泰鹏环保材料股份有限公司,2025,2025-06-30,"['王英航', '周仕洪', '徐青']"
IPO,,上海提牛科技股份有限公司,2025,2025-06-30,"['郭海龙', '李雯敏']"
IPO,,广东玫瑰岛家居股份有限公司,2025,2025-06-30,"['丁晓燕', '王巧君']"
IPO,,中裕铁信交通科技股份有限公司,2025,2025-06-30,"['施丹丹', '董会婷']"
IPO,,浙江衡美健康科技股份有限公司,2025,2025-06-30,"['吴强', '顾庆刚', '蔺儒坤', '耿兆杰']"
IPO,,湖北博韬合纤股份有限公司,2025,2025-06-30,"['鲍光荣', '郑鹏飞', '陈韬']"
IPO,,广东高义包装科技股份有限公司,2025,2025-06-30,"['秦劲力', '袁翠娴']"
IPO,,浙江高腾机电制造股份有限公司,2025,2025-06-30,"['章祥', '郑利锋']"
IPO,,广东图特精密五金科技股份有限公司,2025,2025-06-30,"['刘火旺', '张境芳']"
IPO,,北京建工资源循环利用股份有限公司,2025,2025-06-30,"['王振宇', '王书勤', '姜艳平']"
IPO,,北京金万众机械科技股份有限公司,2025,2025-06-30,"['马宁', '陈万军', '陈旭']"
IPO,,北京贝尔生物工程股份有限公司,2025,2025-06-30,"['廖家河', '冯雪']"
IPO,,郑州新世纪数码科技股份有限公司,2025,2025-06-30,"['李顺利', '邵泽文']"
IPO,,苏州双祺自动化设备股份有限公司,2025,2025-06-30,"['齐利平', '王占先', '孙能康']"
IPO,,赞同科技股份有限公司,2025,2025-06-30,"['陈灵灵', '张建']"
IPO,,陕西瑞科新材料股份有限公司,2025,2025-06-30,"['蒋晓明', '黄浩华']"
IPO,,四川菊乐食品股份有限公司,2025,2025-06-30,"['罗东先', '刘拉']"
IPO,,天津华来科技股份有限公司,2025,2025-06-30,"['祁振东', '黄羽']"
IPO,,厦门立洲精密科技股份有限公司,2025,2025-06-30,"['殷雪芳', '林令群']"
IPO,,江西力源海纳科技股份有限公司,2025,2025-07-03,"['陈雷', '刘志鹏', '秦睿', '夏坤']"
IPO,,广东顺德农村商业银行股份有限公司,2025,2025-07-04,"['昌华', '俞莹']"
IPO,,中船双瑞(洛阳)特种装备股份有限公司,2025,2025-07-05,"['范晓红', '赵书曼']"
IPO,,上海芯密科技股份有限公司,2025,2025-07-05,"['曹小勤', '义国兵']"
IPO,,浙江晶阳机电股份有限公司,2025,2025-07-08,"['沈蓉', '黄怡君', '曹磊', '张勋']"
IPO,,淮南万泰电子股份有限公司,2025,2025-07-08,"['汪玉寿', '倪士明', '余正泽', '徐小梅']"
IPO,,江西盛富莱光学科技股份有限公司,2025,2025-07-11,"['尉建清', '叶尚昆', '周王飞', '沈飞龙']"
IPO,,广东正扬传感科技股份有限公司,2025,2025-07-19,"['杨运辉', '蔡晓枫', '林非']"
IPO,,贵州多彩新媒体股份有限公司,2025,2025-07-19,"['江娟', '王绍武']"
IPO,,广东钶锐锶数控技术股份有限公司,2025,2025-07-22,"['杨克晶', '邹甜甜']"
IPO,,衡阳市金则利特种合金股份有限公司,2025,2025-08-21,"['刘智清', '周曼', '刘甜甜']"
IPO,,福建德尔科技股份有限公司,2025,2025-08-22,"['李建彬', '王启盛', '李新星']"
IPO,,正泰安能数字能源(浙江)股份有限公司,2025,2025-09-01,"['夏均军', '曹贤禄']"
IPO,,陕西省水电开发集团股份有限公司,2025,2025-09-05,"['霍华甫', '黄永欢']"
IPO,,中电建新能源集团股份有限公司,2025,2025-09-11,"['詹军', '吕相平', '邱欣']"
IPO,,杭州三耐环保科技股份有限公司,2025,2025-09-17,"['王昌功', '袁栋']"
IPO,,安徽申兰华色材股份有限公司,2025,2025-09-18,"['蔡卫华', '杨常平']"
IPO,,山东百诺医药股份有限公司,2025,2025-09-18,"['叶卫民', '侯波']"
IPO,,烟台九目化学股份有限公司,2025,2025-09-18,"['梁海涌', '冯胜楠']"
IPO,,江苏容汇通用锂业股份有限公司,2025,2025-09-19,"['杨贵鹏', '丁彭凯']"
IPO,,新疆钵施然智能农机股份有限公司,2025,2025-09-19,"['叶怀敏', '张勇言']"
IPO,,北京鞍石生物科技股份有限公司,2025,2025-09-26,"['唐恒飞', '孙春艳', '张雪咏', '刘翠玲']"
IPO,,广东中塑新材料股份有限公司,2025,2025-09-26,"['胡乃鹏', '潘怡君', '姜祺', '董亚兰']"
IPO,,成都莱普科技股份有限公司,2025,2025-09-29,"['陈平', '钟阳']"
IPO,,汉盛(上海)海洋装备技术股份有限公司,2025,2025-09-29,"['邱正芳', '谢俊']"
IPO,,广东百利食品股份有限公司,2025,2025-09-29,"['张宇', '张叶盛']"
IPO,,北京海金格医药科技股份有限公司,2025,2025-09-29,"['张玉', '吴杉']"
IPO,,四川美康医药软件研究开发股份有限公司,2025,2025-09-30,"['何勇', '徐洪荣', '杨闯']"
IPO,,广东东实环境股份有限公司,2025,2025-09-30,"['刘连皂', '吴朝辉', '曾宝莹']"
IPO,,杭州易加三维增材技术股份有限公司,2025,2025-09-30,"['叶贤斌', '盛伟明', '胡建迪']"
IPO,,珠海越亚半导体股份有限公司,2025,2025-09-30,"['周俊超', '许玉霞', '王铸琳']"
IPO,,东莞证券股份有限公司,2025,2025-09-30,"['倪军', '吴建初', '韩振平', '王兵']"
IPO,,节卡机器人股份有限公司,2025,2025-09-30,"['杨林', '傅磊', '陶庆武']"
IPO,,华龙证券股份有限公司,2025,2025-09-30,"['张有全', '张颖莉']"
IPO,,北京博华信智科技股份有限公司,2025,2025-09-30,"['汪明卉', '杨洋']"
IPO,,珠海市赛纬电子材料股份有限公司,2025,2025-09-30,"['叶卫民', '闫志勇']"
IPO,,湖南省兵器工业集团股份有限公司,2025,2025-09-30,"['杨旭', '肖明明', '刘艳林']"
IPO,,东莞银行股份有限公司,2025,2025-09-30,"['吴钟鸣', '叶云晖']"
IPO,,广东南海农村商业银行股份有限公司,2025,2025-09-30,"['吴钟鸣', '何可人']"
IPO,,新明珠集团股份有限公司,2025,2025-09-30,"['范桂铭', '彭冬梅']"
IPO,,江西力源海纳科技股份有限公司,2025,2025-09-30,"['陈雷', '刘志鹏']"
IPO,,深圳艾为电气技术股份有限公司,2025,2025-09-30,"['刘晓聪', '劳鹙萍']"
IPO,,湖南初源新材料股份有限公司,2025,2025-09-30,"['周睿', '孟双', '沈鑫']"
IPO,,江苏康瑞新材料科技股份有限公司,2025,2025-09-30,"['柏荣甲', '李建波']"
IPO,,冈田智能(江苏)股份有限公司,2025,2025-09-30,"['程晓曼', '张驰', '王坤鹏']"
IPO,,大连瑞克科技股份有限公司,2025,2025-10-09,"['赵卫华', '孟庆福', '孟令军']"
IPO,,企查查科技股份有限公司,2025,2025-10-10,"['曹创', '田键泯', '林盛源']"
IPO,,北京市九州风神科技股份有限公司,2025,2025-10-15,"['谭宪才', '何航', '程晓婷']"
IPO,,广东中塑新材料股份有限公司,2025,2025-10-19,"['胡乃鹏', '潘怡君', '姜祺']"
IPO,,定西高强度紧固件股份有限公司,2025,2025-10-20,"['李惠丰', '孙峰', '吕爱珍', '吕明', '周璇']"
IPO,,深圳市好盈科技股份有限公司,2025,2025-10-23,"['张利法', '陈善南']"
IPO,,安徽泓毅汽车技术股份有限公司,2025,2025-10-23,"['张扬', '郑超', '卢勇']"
IPO,,株洲科能新材料股份有限公司,2025,2025-10-31,"['刘宇', '田川']"
IPO,,深圳核心医疗科技股份有限公司,2025,2025-11-06,"['邓冬梅', '张毅强', '毛鞍宁']"
IPO,,河北旭辉电气股份有限公司,2025,2025-11-07,"['贾志博', '霍巧红']"
IPO,,广东恒基金属股份有限公司,2025,2025-11-14,"['邱以武', '赵亮']"
IPO,,长沙北斗产业安全技术研究院集团股份有限公司,2025,2025-11-21,"['周睿', '孟双', '黄中']"
IPO,,深圳核心医疗科技股份有限公司,2025,2025-11-21,"['张毅强', '邓冬梅']"
IPO,,荣信汇科电气股份有限公司,2025,2025-11-25,"['纪玉红', '时静', '李成林']"
IPO,,皇冠新材料科技股份有限公司,2025,2025-11-28,"['蔡浩', '桂迎', '陈燕', '秦达']"
IPO,,洛阳轴承集团股份有限公司,2025,2025-11-28,"['张金华', '万青', '吴家卉', '吴雪']"
IPO,,海南百迈科医疗科技股份有限公司,2025,2025-12-04,"['方正', '范浩明']"
IPO,,青岛华晟智能装备股份有限公司,2025,2025-12-04,"['胡永波', '潘佳勇']"
IPO,,福建马坑矿业股份有限公司,2025,2025-12-04,"['陈雅芳', '刘海燕']"
IPO,,江苏中科科化新材料股份有限公司,2025,2025-12-05,"['傅智勇', '董兴改', '张林福']"
IPO,,重庆宇隆光电科技股份有限公司,2025,2025-12-05,"['翁志刚', '钱晓颖']"
IPO,,广东美亚旅游科技集团股份有限公司,2025,2025-12-05,"['覃易', '陈提国']"
IPO,,江苏耀坤液压股份有限公司,2025,2025-12-08,"['徐萍', '陆春美', '肖菲', '包梅庭']"
IPO,,荣信汇科电气股份有限公司,2025,2025-12-11,"['纪玉红', '时静']"
IPO,,皇冠新材料科技股份有限公司,2025,2025-12-12,"['蔡浩', '桂迎', '陈燕']"
IPO,,洛阳轴承集团股份有限公司,2025,2025-12-14,"['张金华', '万青', '吴家卉']"
IPO,,芜湖佳宏新材料股份有限公司,2025,2025-12-15,"['李生敏', '曹星星', '吕战男', '杨晓龙', '李剑']"
IPO,,杰锋汽车动力系统股份有限公司,2025,2025-12-15,"['彭远卓', '俞翔', '童德进']"
IPO,,粤芯半导体技术股份有限公司,2025,2025-12-19,"['余文佑', '林梓韧', '潘文中']"
IPO,,苏州信诺维医药科技股份有限公司,2025,2025-12-22,"['任佳慧', '周朦']"
IPO,,深圳市千分一智能技术股份有限公司,2025,2025-12-22,"['李斌华', '王植玲', '钟宇']"
IPO,,沈阳广泰真空科技股份有限公司,2025,2025-12-22,"['闫长满', '王玉宝', '张玉华']"
IPO,,深圳汉诺医疗科技股份有限公司,2025,2025-12-23,"['李莉', '杨光燕', '顾喆奇']"
IPO,,广东博迈医疗科技股份有限公司,2025,2025-12-24,"['周俊超', '许玉霞', '钟华清', '陈琼', '石瑶']"
IPO,,中电科思仪科技股份有限公司,2025,2025-12-24,"['廖传宝', '姚贝', '胡乐轩', '郭兴华']"
IPO,,江苏中科科化新材料股份有限公司,2025,2025-12-24,"['傅智勇', '董兴改']"
IPO,,沈鼓集团股份有限公司,2025,2025-12-25,"['袁刚', '申旭', '张静', '殷金凯', '王君', '李志忠']"
IPO,,丹东东方测控技术股份有限公司,2025,2025-12-25,"['吴宇', '赵松贺', '张凤红', '闫长满', '苗庆雅']"
IPO,,深圳市墨库新材料集团股份有限公司,2025,2025-12-25,"['林旺', '王建']"
IPO,,广东九安智能科技股份有限公司,2025,2025-12-25,"['杨勇', '洪扬', '黄书城']"
IPO,,苏州铁近机电科技股份有限公司,2025,2025-12-25,"['叶慧', '汪娟', '郭炎伟']"
IPO,,福建省鑫森炭业股份有限公司,2025,2025-12-25,"['谢贤庆', '崔齐齐', '齐放']"
IPO,,湖北犇星新材料股份有限公司,2025,2025-12-25,"['游世秋', '倪新浩']"
IPO,,江苏星基智造科技股份有限公司,2025,2025-12-25,"['曹磊', '刘璐']"
IPO,,苏州同心医疗科技股份有限公司,2025,2025-12-26,"['齐利平', '姚娜', '徐小梅']"
IPO,,深之蓝海洋科技股份有限公司,2025,2025-12-26,"['王忠箴', '李崇瑛', '毕磊']"
IPO,,苏州猎奇智能设备股份有限公司,2025,2025-12-26,"['潘汝彬', '陆遥']"
IPO,,杭州腾励传动科技股份有限公司,2025,2025-12-26,"['洪文伟', '周岐贤', '冯军', '钟文珺']"
IPO,,深圳市鸿富诚新材料股份有限公司,2025,2025-12-26,"['王琳', '龙湖川']"
IPO,,昌德新材科技股份有限公司,2025,2025-12-26,"['龙湖川', '覃业志']"
IPO,,珠海富士智能股份有限公司,2025,2025-12-26,"['叶庚波', '余金凤']"
IPO,,芜湖宏景电子股份有限公司,2025,2025-12-26,"['陆炜炜', '洪冰梅', '高超红']"
IPO,,重庆国贵赛车科技股份有限公司,2025,2025-12-26,"['廖继平', '丁茂']"
IPO,,安徽济人药业股份有限公司,2025,2025-12-26,"['徐春', '王磊']"
IPO,,东莞优邦材料科技股份有限公司,2025,2025-12-27,"['程进', '潘波']"
IPO,,深圳尼索科连接技术股份有限公司,2025,2025-12-27,"['钟俊', '李贤君', '廖娟']"
IPO,,江苏佳饰家新材料集团股份有限公司,2025,2025-12-28,"['俞伟英', '钟晓荣']"
IPO,,广东恒翼能科技股份有限公司,2025,2025-12-28,"['张春梅', '宣德忠']"
IPO,,粤芯半导体技术股份有限公司,2025,2025-12-28,"['余文佑', '林梓韧']"
IPO,,西安新通药物研究股份有限公司,2025,2025-12-29,"['刘丹', '程鲁', '王雪纯']"
IPO,,人本股份有限公司,2025,2025-12-29,"['邓德祥', '朱丽丽', '刘帅', '滕培彬', '艾锋华', '肖晓康', '李迪斌']"
IPO,,杭州沃镭智能科技股份有限公司,2025,2025-12-29,"['李美文', '余元园', '陈树华', '莫新平']"
IPO,,江苏清泉化学股份有限公司,2025,2025-12-29,"['梁志勇', '周柯峰', '赵忠相', '高丽']"
IPO,,东莞银行股份有限公司,2025,2025-12-29,"['朱海平', '钱燕']"
IPO,,广东南海农村商业银行股份有限公司,2025,2025-12-29,"['曾浩', '陈晓莹']"
IPO,,中国盐业股份有限公司,2025,2025-12-30,"['郭顺玺', '张家辉', '杨倩倩', '张军书']"
IPO,,天博智能科技(山东)股份有限公司,2025,2025-12-30,"['方国华', '李明明']"
IPO,,上海韬盛电子科技股份有限公司,2025,2025-12-30,"['郑少杰', '张雪生', '陈亭廷', '吕秋萍', '张昕']"
IPO,,锐石创芯(重庆)科技股份有限公司,2025,2025-12-30,"['高虹', '陈奕涛']"
IPO,,芜湖莫森泰克汽车科技股份有限公司,2025,2025-12-30,"['郭文令', '罗静', '徐宏蕾']"
IPO,,浙江吉宝智能装备股份有限公司,2025,2025-12-30,"['严燕鸿', '蒋昊仑']"
IPO,,德阳天元重工股份有限公司,2025,2025-12-30,"['谢芳', '范大洋']"
IPO,,广德天运新技术股份有限公司,2025,2025-12-30,"['李祝善', '尹景林']"
IPO,,宁波培源股份有限公司,2025,2025-12-30,"['冯炬', '何善泉', '王家涛', '左上朋']"
IPO,,远大健康科技(天津)股份有限公司,2025,2025-12-30,"['吴强', '孙翔', '王吉超']"
IPO,,广东芬尼科技股份有限公司,2025,2025-12-30,"['李江东', '王延勇']"
IPO,,艾斯迪工业技术股份有限公司,2025,2025-12-30,"['吴雪', '于进', '董霞']"
IPO,,内蒙古旭阳新材料股份有限公司,2025,2025-12-30,"['李生敏', '杨晓龙', '李超']"
IPO,,常州环能涡轮动力股份有限公司,2025,2025-12-30,"['朱作武', '沈永庭', '胡义飞']"
IPO,,广东凯得智能科技股份有限公司,2025,2025-12-30,"['张春梅', '张冉冉', '张雨虹']"
IPO,,尚睿科技股份有限公司,2025,2025-12-30,"['卢玲玉', '关瑞雯', '牛春军']"
IPO,,无锡鑫巨宏智能科技股份有限公司,2025,2025-12-30,"['王俊', '蔡垒', '洪志强']"
IPO,,幺麻子食品股份有限公司,2025,2025-12-30,"['廖继平', '冷联刚']"
IPO,,科建高分子材料(上海)股份有限公司,2025,2025-12-30,"['沈佳盈', '彭灏伟']"
IPO,,易事达光电(广东)股份有限公司,2025,2025-12-30,"['杨敢林', '陈文锋']"
IPO,,江苏凯达重工股份有限公司,2025,2025-12-30,"['陈长元', '陆苏敏', '肖煜颢']"
IPO,,北京市九州风神科技股份有限公司,2025,2025-12-30,"['陈君', '唐恒飞']"
IPO,,浙江同富特美刻股份有限公司,2025,2025-12-30,"['李静程', '李勇平', '乔鹏宇', '陶书成', '姚丽强']"
IPO,,浙江华盛雷达股份有限公司,2025,2025-12-31,"['陈焱鑫', '赵辉', '缪志坚']"
IPO,,蓝箭航天空间科技股份有限公司,2025,2025-12-31,"['安行', '李晓婷', '谢东良', '吴贺民', '陈春雷']"
IPO,,广东中图半导体科技股份有限公司,2025,2025-12-31,"['王伟秋', '刘金美', '杨克晶']"
IPO,,宁波力勤资源科技股份有限公司,2025,2025-12-31,"['韩云翠', '兰立倩', '顾兆峰', '应敏翔']"
IPO,,安徽大昌科技股份有限公司,2025,2025-12-31,"['卢珍', '李波', '付正龙', '夏小蕾', '李增', '吕勇军', '王传兵']"
IPO,,无锡江松科技股份有限公司,2025,2025-12-31,"['庞玉文', '陈东东', '高敏建']"
IPO,,宁波玉健健康科技股份有限公司,2025,2025-12-31,"['肖小军', '张钧剑']"
IPO,,皇裕精密技术(苏州)股份有限公司,2025,2025-12-31,"['王健鹏', '张勇']"
IPO,,淮南文峰光电科技股份有限公司,2025,2025-12-31,"['宁云', '倪士明', '夏娟']"
IPO,,友邦散热器(常熟)股份有限公司,2025,2025-12-31,"['何卫明', '陆蕾', '谢思思']"
IPO,,东莞市元立光电股份有限公司,2025,2025-12-31,"['朱中伟', '彭铮铭', '朱紫希']"
IPO,,江苏方意摩擦材料股份有限公司,2025,2025-12-31,"['徐德盛', '叶至杰']"
IPO,,上海科州药物股份有限公司,2025,2025-12-31,"['张朱华', '聂平', '刘涛']"
IPO,,江苏苏讯新材料科技股份有限公司,2025,2025-12-31,"['陈灵灵', '汪婷']"
IPO,,江苏宇特光电科技股份有限公司,2025,2025-12-31,"['孙峰', '强爱斌', '黄传飞']"
IPO,,上海辛帕智能科技股份有限公司,2025,2025-12-31,"['叶春', '杨颖', '李明航']"
IPO,,四川羽玺新材料股份有限公司,2025,2025-12-31,"['宋朝学', '徐洪荣', '王翔君', '李金珂']"
IPO,,湖北睿信汽车电器股份有限公司,2025,2025-12-31,"['莫旭巍', '汪瑾']"
IPO,,新疆凯龙清洁能源股份有限公司,2025,2025-12-31,"['张吉文', '强增艳']"
IPO,,重庆广电数字传媒股份有限公司,2025,2025-12-31,"['祝芹敏', '何人玉']"
IPO,,斯坦德检测集团股份有限公司,2025,2025-12-31,"['宁国星', '刘坚']"
IPO,,京东方能源科技股份有限公司,2025,2025-12-31,"['张杨', '刘婧媛']"
IPO,,中水三立数据技术股份有限公司,2025,2025-12-31,"['黄敬臣', '屠灿', '王安然', '李增辉']"
IPO,,锐牛股份有限公司,2025,2025-12-31,"['刘木勇', '徐宇峰']"
IPO,,江西云眼视界科技股份有限公司,2025,2025-12-31,"['李国平', '汪鹏', '杨睿泽']"
IPO,,江阴邦特新材料科技股份有限公司,2025,2025-12-31,"['陈中江', '许超']"
IPO,,浙江新涛智控科技股份有限公司,2025,2025-12-31,"['朱国刚', '李达', '盛良坤']"
IPO,,先临三维科技股份有限公司,2025,2025-12-31,"['蒋晓东', '林群慧']"
IPO,,上海延安医药洋浦股份有限公司,2025,2025-12-31,"['毛玥明', '姜磊', '林伟', '何剑']"
IPO,,中电建新能源集团股份有限公司,2025,2025-12-31,"['詹军', '吕相平']"
IPO,,北京鞍石生物科技股份有限公司,2025,2025-12-31,"['唐恒飞', '孙春艳']"
IPO,,杭州华大海天科技股份有限公司,2025,2025-12-31,"['陆俊洁', '陆黎', '邬强']"
IPO,,中电科思仪科技股份有限公司,2026,2026-01-01,"['廖传宝', '姚贝', '胡乐轩']"
IPO,,无锡江松科技股份有限公司,2026,2026-01-05,"['庞玉文', '陈东东', '高敏建']"
IPO,,上海永超新材料科技股份有限公司,2026,2026-01-05,"['孔令莉', '鲁意宏', '朱敬义']"
IPO,,金桥德克新材料股份有限公司,2026,2026-01-06,"['蒋盛森', '肖青']"
IPO,,池州华宇电子科技股份有限公司,2026,2026-01-06,"['宣陈峰', '杨晓龙', '程翔']"
IPO,,浙江正导技术股份有限公司,2026,2026-01-06,"['黄加才', '程芳玉']"
IPO,,深圳市科金明电子股份有限公司,2026,2026-01-06,"['杨新春', '钟敏']"
IPO,,深圳市千分一智能技术股份有限公司,2026,2026-01-06,"['李斌华', '王植玲']"
IPO,,广东省城乡规划设计研究院科技集团股份有限公司,2026,2026-01-07,"['李新航', '赵中才']"
IPO,,广东省天行健新材料股份有限公司,2026,2026-01-07,"['聂勇', '江晓云']"
IPO,,弥富科技(浙江)股份有限公司,2026,2026-01-07,"['钱仲先', '陈丹萍']"
IPO,,安徽新富新能源科技股份有限公司,2026,2026-01-08,"['冯炬', '方冰', '钱艳苹', '徐子欣', '王道齐']"
IPO,,襄阳正大种业股份有限公司,2026,2026-01-08,"['王婷', '郑紫云', '高敬']"
IPO,,广东博迈医疗科技股份有限公司,2026,2026-01-08,"['周俊超', '许玉霞', '钟华清']"
IPO,,广东邦泽创科电器股份有限公司,2026,2026-01-08,"['陈志芳', '刘多奇', '胡洪斌']"
IPO,,北京植物医生化妆品股份有限公司,2026,2026-01-09,"['刘晶静', '张霞']"
IPO,,贵州南方乳业股份有限公司,2026,2026-01-09,"['刘宇', '刘功']"
IPO,,浙江信胜科技股份有限公司,2026,2026-01-09,"['蔡畅', '何新娣', '叶鑫']"
IPO,,苏州信诺维医药科技股份有限公司,2026,2026-01-09,"['任佳慧', '周朦']"
IPO,,深圳市墨库新材料集团股份有限公司,2026,2026-01-10,"['林旺', '王建']"
IPO,,江苏佳饰家新材料集团股份有限公司,2026,2026-01-11,"['俞伟英', '钟晓荣']"
IPO,,珠海市赛纬电子材料股份有限公司,2026,2026-01-11,"['叶卫民', '闫志勇']"
IPO,,芜湖佳宏新材料股份有限公司,2026,2026-01-12,"['李生敏', '曹星星', '吕战男', '杨晓龙', '李剑']"
IPO,,杭州腾励传动科技股份有限公司,2026,2026-01-12,"['洪文伟', '周岐贤']"
IPO,,深圳尼索科连接技术股份有限公司,2026,2026-01-12,"['钟俊', '李贤君', '廖娟']"
IPO,,杰锋汽车动力系统股份有限公司,2026,2026-01-13,"['彭远卓', '俞翔', '童德进']"
IPO,,四川菊乐食品股份有限公司,2026,2026-01-13,"['罗东先', '刘拉']"
IPO,,天康制药股份有限公司,2026,2026-01-13,"['张克东', '徐年贵', '王昭']"
IPO,,江苏斯瑞达材料技术股份有限公司,2026,2026-01-13,"['王明健', '刘洪伟', '代美红']"
IPO,,深圳市鸿富诚新材料股份有限公司,2026,2026-01-13,"['王琳', '龙湖川']"
IPO,,广东恒翼能科技股份有限公司,2026,2026-01-13,"['张春梅', '宣德忠']"
IPO,,苏州猎奇智能设备股份有限公司,2026,2026-01-13,"['潘汝彬', '陆遥']"
IPO,,深圳汉诺医疗科技股份有限公司,2026,2026-01-13,"['李莉', '杨光燕', '顾喆奇']"
IPO,,沈鼓集团股份有限公司,2026,2026-01-13,"['袁刚', '申旭', '张静']"
IPO,,广西双英集团股份有限公司,2026,2026-01-14,"['宋军', '余海东', '彭一']"
IPO,,湖北犇星新材料股份有限公司,2026,2026-01-14,"['游世秋', '倪新浩']"
IPO,,常州百瑞吉生物医药股份有限公司,2026,2026-01-14,"['高平', '陆西', '刘莉']"
IPO,,江苏清泉化学股份有限公司,2026,2026-01-14,"['梁志勇', '周柯峰']"
IPO,,东莞优邦材料科技股份有限公司,2026,2026-01-14,"['程进', '潘波']"
IPO,,广东九安智能科技股份有限公司,2026,2026-01-14,"['杨勇', '洪扬', '黄书城']"
IPO,,杭州沃镭智能科技股份有限公司,2026,2026-01-14,"['李美文', '余元园']"
IPO,,江苏亚电科技股份有限公司,2026,2026-01-14,"['孙业亮', '李睿斐']"
IPO,,广东华汇智能装备股份有限公司,2026,2026-01-14,"['陈新伟', '万蜜']"
IPO,,广东高义包装科技股份有限公司,2026,2026-01-15,"['秦劲力', '袁翠娴']"
IPO,,苏州铁近机电科技股份有限公司,2026,2026-01-15,"['叶慧', '汪娟', '郭炎伟']"
IPO,,福建省鑫森炭业股份有限公司,2026,2026-01-15,"['谢贤庆', '崔齐齐', '齐放']"
IPO,,江苏星基智造科技股份有限公司,2026,2026-01-15,"['曹磊', '刘璐']"
IPO,,湖北博韬合纤股份有限公司,2026,2026-01-15,"['鲍光荣', '郑鹏飞', '陈韬']"
IPO,,苏州同心医疗科技股份有限公司,2026,2026-01-15,"['齐利平', '姚娜', '徐小梅']"
IPO,,广州尚航信息科技股份有限公司,2026,2026-01-16,"['叶庚波', '史金霞']"
IPO,,深圳市拓普泰克技术股份有限公司,2026,2026-01-16,"['赵娇', '周黎']"
IPO,,深之蓝海洋科技股份有限公司,2026,2026-01-16,"['王忠箴', '李崇瑛', '毕磊']"
IPO,,中健康桥医药集团股份有限公司,2026,2026-01-19,"['宋立民', '唐家波', '赵玉朋', '吴岳']"
IPO,,珠海富士智能股份有限公司,2026,2026-01-19,"['叶庚波', '余金凤']"
IPO,,安徽济人药业股份有限公司,2026,2026-01-19,"['徐春', '王磊']"
IPO,,芜湖宏景电子股份有限公司,2026,2026-01-19,"['陆炜炜', '洪冰梅', '高超红']"
IPO,,宁波力勤资源科技股份有限公司,2026,2026-01-19,"['韩云翠', '兰立倩']"
IPO,,浙江华盛雷达股份有限公司,2026,2026-01-19,"['陈焱鑫', '赵辉']"
IPO,,丹东东方测控技术股份有限公司,2026,2026-01-19,"['吴宇', '赵松贺', '张凤红']"
IPO,,深圳市沛城电子科技股份有限公司,2026,2026-01-20,"['章顺文', '尹红军']"
IPO,,重庆国贵赛车科技股份有限公司,2026,2026-01-20,"['廖继平', '丁茂']"
IPO,,昌德新材科技股份有限公司,2026,2026-01-20,"['龙湖川', '覃业志']"
IPO,,南京沁恒微电子股份有限公司,2026,2026-01-20,"['高民', '刘萍', '邱祎臻']"
IPO,,苏州市贝特利高分子材料股份有限公司,2026,2026-01-21,"['付忠伟', '陈威凯']"
IPO,,宁波培源股份有限公司,2026,2026-01-21,"['冯炬', '何善泉', '王家涛', '左上朋']"
IPO,,锐石创芯(重庆)科技股份有限公司,2026,2026-01-21,"['高虹', '陈奕涛']"
IPO,,上海韬盛电子科技股份有限公司,2026,2026-01-21,"['郑少杰', '张雪生', '陈亭廷']"
IPO,,上海燧原科技股份有限公司,2026,2026-01-22,"['徐侃瓴', '杨瑾璐']"
IPO,,先临三维科技股份有限公司,2026,2026-01-22,"['蒋晓东', '林群慧']"
IPO,,广东尚研电子科技股份有限公司,2026,2026-01-22,"['丁晓燕', '陈健君', '龙琦', '封秋慧']"
IPO,,安徽大昌科技股份有限公司,2026,2026-01-22,"['卢珍', '李波', '付正龙']"
IPO,,蓝箭航天空间科技股份有限公司,2026,2026-01-22,"['安行', '李晓婷']"
IPO,,天博智能科技(山东)股份有限公司,2026,2026-01-22,"['方国华', '李明明']"
IPO,,人本股份有限公司,2026,2026-01-22,"['邓德祥', '朱丽丽', '刘帅']"
IPO,,北方实验室(沈阳)股份有限公司,2026,2026-01-23,"['张立志', '刘常明', '鲁雪']"
IPO,,四川美康医药软件研究开发股份有限公司,2026,2026-01-23,"['徐洪荣', '杨闯']"
IPO,,北京建工资源循环利用股份有限公司,2026,2026-01-23,"['王振宇', '王书勤', '姜艳平']"
IPO,,江苏耀坤液压股份有限公司,2026,2026-01-24,"['徐萍', '陆春美', '肖菲', '包梅庭']"
IPO,,西安新通药物研究股份有限公司,2026,2026-01-24,"['刘丹', '程鲁', '王雪纯']"
IPO,,上海兆芯集成电路股份有限公司,2026,2026-01-26,"['傅韵时', '张君如', '张晓荣', '江燕']"
IPO,,定西高强度紧固件股份有限公司,2026,2026-01-26,"['李惠丰', '孙峰', '吕爱珍', '吕明', '周璇']"
IPO,,郑州新世纪数码科技股份有限公司,2026,2026-01-26,"['李顺利', '邵泽文']"
IPO,,易事达光电(广东)股份有限公司,2026,2026-01-26,"['杨敢林', '陈文锋']"
IPO,,无锡鑫巨宏智能科技股份有限公司,2026,2026-01-26,"['王俊', '蔡垒', '洪志强']"
IPO,,内蒙古旭阳新材料股份有限公司,2026,2026-01-26,"['李生敏', '杨晓龙', '李超']"
IPO,,广德天运新技术股份有限公司,2026,2026-01-26,"['李祝善', '尹景林']"
IPO,,湖州安达汽车配件股份有限公司,2026,2026-01-27,"['彭远卓', '俞翔']"
IPO,,芜湖莫森泰克汽车科技股份有限公司,2026,2026-01-27,"['郭文令', '罗静', '徐宏蕾']"
IPO,,科建高分子材料(上海)股份有限公司,2026,2026-01-27,"['沈佳盈', '彭灏伟']"
IPO,,尚睿科技股份有限公司,2026,2026-01-27,"['卢玲玉', '关瑞雯', '牛春军']"
IPO,,广东芬尼科技股份有限公司,2026,2026-01-27,"['李江东', '王延勇']"
IPO,,德阳天元重工股份有限公司,2026,2026-01-27,"['谢芳', '范大洋']"
IPO,,浙江吉宝智能装备股份有限公司,2026,2026-01-27,"['严燕鸿', '蒋昊仑']"
IPO,,广东凯得智能科技股份有限公司,2026,2026-01-27,"['张春梅', '张冉冉', '张雨虹']"
IPO,,常州环能涡轮动力股份有限公司,2026,2026-01-27,"['朱作武', '沈永庭', '胡义飞']"
IPO,,幺麻子食品股份有限公司,2026,2026-01-27,"['廖继平', '冷联刚']"
IPO,,安徽新富新能源科技股份有限公司,2026,2026-01-27,"['冯炬', '方冰', '钱艳苹', '徐子欣']"
IPO,,中国盐业股份有限公司,2026,2026-01-27,"['郭顺玺', '张家辉', '杨倩倩']"
IPO,,江西力源海纳科技股份有限公司,2026,2026-01-28,"['陈雷', '刘志鹏', '秦睿', '夏坤']"
IPO,,济南森峰激光科技股份有限公司,2026,2026-01-28,"['陈焱鑫', '俞金波']"
IPO,,远大健康科技(天津)股份有限公司,2026,2026-01-28,"['吴强', '孙翔', '王吉超']"
IPO,,艾斯迪工业技术股份有限公司,2026,2026-01-28,"['吴雪', '于进', '董霞']"
IPO,,广东中图半导体科技股份有限公司,2026,2026-01-28,"['王伟秋', '刘金美']"
IPO,,麦田能源股份有限公司,2026,2026-01-29,"['宁一锋', '李娟']"
IPO,,江西云眼视界科技股份有限公司,2026,2026-01-29,"['李国平', '汪鹏', '杨睿泽']"
IPO,,淮南文峰光电科技股份有限公司,2026,2026-01-29,"['宁云', '倪士明', '夏娟']"
IPO,,北京华电光大环境股份有限公司,2026,2026-01-29,"['王明健', '刘洪伟', '王世林']"
IPO,,重庆广电数字传媒股份有限公司,2026,2026-01-29,"['祝芹敏', '何人玉']"
IPO,,京东方能源科技股份有限公司,2026,2026-01-29,"['张杨', '刘婧媛']"
IPO,,浙江新涛智控科技股份有限公司,2026,2026-01-29,"['朱国刚', '李达', '盛良坤']"
IPO,,斯坦德检测集团股份有限公司,2026,2026-01-29,"['宁国星', '刘坚']"
IPO,,湖北睿信汽车电器股份有限公司,2026,2026-01-29,"['莫旭巍', '汪瑾']"
IPO,,上海辛帕智能科技股份有限公司,2026,2026-01-29,"['叶春', '杨颖', '李明航']"
IPO,,江苏方意摩擦材料股份有限公司,2026,2026-01-29,"['徐德盛', '叶至杰']"
IPO,,皇裕精密技术(苏州)股份有限公司,2026,2026-01-29,"['王健鹏', '张勇']"
IPO,,新疆凯龙清洁能源股份有限公司,2026,2026-01-29,"['张吉文', '强增艳']"
IPO,,江苏苏讯新材料科技股份有限公司,2026,2026-01-29,"['陈灵灵', '汪婷']"
IPO,,上海延安医药洋浦股份有限公司,2026,2026-01-29,"['毛玥明', '姜磊', '林伟', '何剑']"
IPO,,江阴邦特新材料科技股份有限公司,2026,2026-01-29,"['陈中江', '许超']"
IPO,,东莞市元立光电股份有限公司,2026,2026-01-29,"['朱中伟', '彭铮铭', '朱紫希']"
IPO,,宁波玉健健康科技股份有限公司,2026,2026-01-29,"['肖小军', '张钧剑']"
IPO,,锐牛股份有限公司,2026,2026-01-29,"['刘木勇', '徐宇峰']"
IPO,,江苏宇特光电科技股份有限公司,2026,2026-01-29,"['孙峰', '强爱斌', '黄传飞']"
IPO,,上海科州药物股份有限公司,2026,2026-01-29,"['张朱华', '聂平', '刘涛']"
IPO,,友邦散热器(常熟)股份有限公司,2026,2026-01-29,"['何卫明', '陆蕾', '谢思思']"
IPO,,中水三立数据技术股份有限公司,2026,2026-01-29,"['黄敬臣', '屠灿', '王安然', '李增辉']"
IPO,,四川羽玺新材料股份有限公司,2026,2026-01-29,"['宋朝学', '徐洪荣', '王翔君', '李金珂']"
IPO,,江苏欣战江纤维科技股份有限公司,2026,2026-01-30,"['何卫明', '蔡钢', '闫娜']"
IPO,,广西百菲乳业股份有限公司,2026,2026-01-30,"['张腾', '苏小颖']"
IPO,,深圳核心医疗科技股份有限公司,2026,2026-02-02,"['邓冬梅', '张毅强', '毛鞍宁']"
IPO,,上海百英生物科技股份有限公司,2026,2026-02-03,"['董旭', '陈黎明']"
IPO,,安徽泓毅汽车技术股份有限公司,2026,2026-02-06,"['张扬', '郑超', '卢勇']"
IPO,,安徽省小小科技股份有限公司,2026,2026-02-06,"['马章松', '夏海林']"
IPO,,无锡江松科技股份有限公司,2026,2026-02-07,"['庞玉文', '陈东东']"
IPO,,冈田智能(江苏)股份有限公司,2026,2026-02-09,"['程晓曼', '张驰', '王坤鹏', '娄新洁', '支鑫']"
IPO,,广州通则康威科技股份有限公司,2026,2026-02-13,"['徐冬冬', '林彦成']"
IPO,,常州奥立思特电气股份有限公司,2026,2026-02-13,"['谭鹏', '史勇婷', '王文凯', '殷亚刚']"
IPO,,赞同科技股份有限公司,2026,2026-02-24,"['陈灵灵', '张建']"
IPO,,江苏鑫华半导体科技股份有限公司,2026,2026-02-25,"['付强', '高林', '宋福荣', '王晓丹', '董昌秀', '顾为勇']"
IPO,,福建马坑矿业股份有限公司,2026,2026-02-27,"['陈雅芳', '刘海燕']"
IPO,,浙江德硕科技股份有限公司,2026,2026-02-27,"['卢珍', '左澄', '李增']"
IPO,,济南奥图自动化股份有限公司,2026,2026-03-02,"['蔺自立', '刘语']"
IPO,,益丰新材料股份有限公司,2026,2026-03-04,"['陈金波', '李鑫']"
IPO,,四川睿健医疗科技股份有限公司,2026,2026-03-05,"['王娜', '鲁李', '兰天']"
IPO,,中电科思仪科技股份有限公司,2026,2026-03-06,"['廖传宝', '姚贝', '胡乐轩', '郭兴华']"
IPO,,山东泰鹏环保材料股份有限公司,2026,2026-03-06,"['王英航', '周仕洪', '徐青']"
IPO,,杭州联川生物技术股份有限公司,2026,2026-03-09,"['徐林', '罗君', '吴椰']"
IPO,,烟台九目化学股份有限公司,2026,2026-03-11,"['梁海涌', '冯胜楠']"
IPO,,深圳市好盈科技股份有限公司,2026,2026-03-12,"['张利法', '陈善南']"
IPO,,重庆宇隆光电科技股份有限公司,2026,2026-03-13,"['翁志刚', '钱晓颖']"
IPO,,山东康华生物医疗科技股份有限公司,2026,2026-03-13,"['胡乃忠', '刘民']"
IPO,,海南百迈科医疗科技股份有限公司,2026,2026-03-13,"['方正', '范浩明']"
IPO,,山东祺龙海洋石油钢管股份有限公司,2026,2026-03-13,"['何峰', '崔晓丽']"
IPO,,江苏鑫华半导体科技股份有限公司,2026,2026-03-15,"['付强', '高林']"
IPO,,苏州双祺自动化设备股份有限公司,2026,2026-03-18,"['齐利平', '王占先', '孙能康']"
IPO,,沈阳广泰真空科技股份有限公司,2026,2026-03-18,"['王逸飞', '王玉宝', '张玉华']"
IPO,,深圳市千分一智能技术股份有限公司,2026,2026-03-19,"['李斌华', '王植玲', '钟宇']"
IPO,,苏州新吴光电股份有限公司,2026,2026-03-19,"['洪志国', '俞华']"
IPO,,沈阳广泰真空科技股份有限公司,2026,2026-03-19,"['闫长满', '王玉宝', '张玉华']"
IPO,,江苏康瑞新材料科技股份有限公司,2026,2026-03-20,"['柏荣甲', '李建波', '武勇']"
IPO,,青岛华晟智能装备股份有限公司,2026,2026-03-20,"['胡永波', '潘佳勇']"
IPO,,长沙北斗产业安全技术研究院集团股份有限公司,2026,2026-03-23,"['周睿', '孟双', '黄中']"
IPO,,皇冠新材料科技股份有限公司,2026,2026-03-23,"['蔡浩', '桂迎', '陈燕', '秦达']"
IPO,,赛克赛斯生物科技股份有限公司,2026,2026-03-24,"['毕强', '唐守东', '姚丰全']"
IPO,,艾柯医疗器械(北京)股份有限公司,2026,2026-03-24,"['孟冬', '谭亮', '孙士泉']"
IPO,,杭州易加三维增材技术股份有限公司,2026,2026-03-24,"['叶贤斌', '盛伟明']"
IPO,,江苏中科科化新材料股份有限公司,2026,2026-03-25,"['傅智勇', '董兴改', '张林福']"
IPO,,珠海越亚半导体股份有限公司,2026,2026-03-26,"['周俊超', '许玉霞', '王铸琳']"
IPO,,江苏江锅智能装备股份有限公司,2026,2026-03-26,"['束哲民', '陈艳']"
IPO,,荣信汇科电气股份有限公司,2026,2026-03-27,"['纪玉红', '时静', '李成林']"
IPO,,力高新能源技术股份有限公司,2026,2026-03-27,"['黄敬臣', '屠灿', '王安然']"
IPO,,河南五星新材科技股份有限公司,2026,2026-03-27,"['鲍光荣', '孔振维', '杨海南']"
IPO,,广东博迈医疗科技股份有限公司,2026,2026-03-27,"['周俊超', '许玉霞', '钟华清', '陈琼', '石瑶']"
IPO,,安徽曙光化工集团股份有限公司,2026,2026-03-27,"['廖传宝', '姚贝', '郭阳']"
IPO,,江苏清泉化学股份有限公司,2026,2026-03-28,"['梁志勇', '周柯峰', '赵忠相', '高丽']"
IPO,,沈鼓集团股份有限公司,2026,2026-03-30,"['袁刚', '申旭', '张静', '殷金凯', '王君', '李志忠']"
IPO,,飞依诺科技股份有限公司,2026,2026-03-30,"['凌燕', '陈磊', '谷淑']"
IPO,,杭州腾励传动科技股份有限公司,2026,2026-03-30,"['洪文伟', '周岐贤', '冯军', '钟文珺']"
IPO,,深圳艾为电气技术股份有限公司,2026,2026-03-30,"['刘晓聪', '劳鹙萍', '钟宇', '邓庆慧']"
IPO,,洛阳轴承集团股份有限公司,2026,2026-03-30,"['张金华', '万青', '吴家卉', '吴雪']"
IPO,,东莞优邦材料科技股份有限公司,2026,2026-03-30,"['程进', '潘波', '巫扬华', '刘洋', '王熙', '谈侃', '杨志远']"
IPO,,上海延安医药洋浦股份有限公司,2026,2026-03-30,"['姜磊', '林伟', '毛玥明']"
IPO,,艾斯迪工业技术股份有限公司,2026,2026-03-30,"['吴雪', '于进']"
IPO,,四川美康医药软件研究开发股份有限公司,2026,2026-03-30,"['何勇', '徐洪荣', '杨闯']"
IPO,,固力发集团股份有限公司,2026,2026-03-30,"['张颖', '章璐卿']"
IPO,,淄博大亚金属科技股份有限公司,2026,2026-03-30,"['李雪华', '李晓光', '赵卫华', '孟庆福', '罗炳勤']"
IPO,,浙江荣鹏气动工具股份有限公司,2026,2026-03-30,"['吴懿忻', '夏均军', '王俊彬']"
IPO,,陕西瑞科新材料股份有限公司,2026,2026-03-30,"['蒋晓明', '黄浩华']"
IPO,,无锡卓海科技股份有限公司,2026,2026-03-30,"['朱佑敏', '路凤霞', '张倩倩']"
IPO,,湖南顶立科技股份有限公司,2026,2026-03-30,"['周忠华', '徐西蕊', '蒯薏苡']"
IPO,,江苏建院营造股份有限公司,2026,2026-03-30,"['张琦', '白露', '张勇', '杨镇宇']"
IPO,,北京海金格医药科技股份有限公司,2026,2026-03-30,"['李福春', '叶庆龄']"
IPO,,山东百诺医药股份有限公司,2026,2026-03-30,"['叶卫民', '侯波']"
IPO,,安徽富印新材料股份有限公司,2026,2026-03-31,"['鲁立', '秦林林']"
IPO,,先歌国际影音股份有限公司,2026,2026-03-31,"['王娜', '鲁李']"
IPO,,北京金万众机械科技股份有限公司,2026,2026-03-31,"['马宁', '陈万军', '陈旭']"
IPO,,中科宇航技术股份有限公司,2026,2026-03-31,"['金闻', '吴建枫']"
IPO,,中电建新能源集团股份有限公司,2026,2026-03-31,"['詹军', '吕相平', '邱欣']"
IPO,,浙江环动机器人关节科技股份有限公司,2026,2026-03-31,"['陈素素', '朱俊峰', '吕瑛群']"
IPO,,浙江华盛雷达股份有限公司,2026,2026-03-31,"['陈焱鑫', '赵辉', '缪志坚']"
IPO,,上海超导科技股份有限公司,2026,2026-03-31,"['范震杰', '李侦文']"
IPO,,山西阳光焦化集团股份有限公司,2026,2026-03-31,"['韩瑞红', '朱小娃']"
IPO,,企查查科技股份有限公司,2026,2026-03-31,"['曹创', '田键泯', '林盛源']"
IPO,,丹东东方测控技术股份有限公司,2026,2026-03-31,"['吴宇', '赵松贺', '张凤红', '闫长满', '苗庆雅']"
IPO,,成都莱普科技股份有限公司,2026,2026-03-31,"['陈平', '钟阳']"
IPO,,北京鞍石生物科技股份有限公司,2026,2026-03-31,"['唐恒飞', '孙春艳', '张雪咏', '刘翠玲']"
IPO,,傲拓科技股份有限公司,2026,2026-03-31,"['胡永波', '潘佳勇']"
IPO,,通力科技股份有限公司,2026,2026-03-31,"['廖文佳', '付四春']"
IPO,,广东中塑新材料股份有限公司,2026,2026-03-31,"['胡乃鹏', '潘怡君', '姜祺', '董亚兰']"
IPO,,东莞证券股份有限公司,2026,2026-03-31,"['倪军', '吴建初', '韩振平', '王兵']"
IPO,,粤芯半导体技术股份有限公司,2026,2026-03-31,"['余文佑', '林梓韧', '潘文中']"
IPO,,广东豪德数控装备股份有限公司,2026,2026-03-31,"['吴萃柿', '毛潇滢']"
IPO,,华益泰康药业股份有限公司,2026,2026-03-31,"['朱海平', '程鹏远', '朱环']"
IPO,,浙江晨泰科技股份有限公司,2026,2026-03-31,"['郭宪明', '杨金晓', '许清慧', '陈国樑']"
IPO,,陕西石羊农业科技股份有限公司,2026,2026-03-31,"['潘要文', '卫婵']"
IPO,,上海提牛科技股份有限公司,2026,2026-03-31,"['郭海龙', '李雯敏']"
IPO,,广东东实环境股份有限公司,2026,2026-03-31,"['吴朝辉', '骆期宏', '曾宝莹']"
IPO,,上海提牛科技股份有限公司,2026,2026-03-31,"['王兴华', '周一惠']"
IPO,,四川羽玺新材料股份有限公司,2026,2026-03-31,"['李金珂', '宋朝学', '徐洪荣']"
IPO,,东莞市元立光电股份有限公司,2026,2026-03-31,"['彭铮铭', '朱中伟']"
IPO,,宁波培源股份有限公司,2026,2026-03-31,"['冯炬', '何善泉', '刘维', '王家涛', '左上朋']"
IPO,,英氏控股集团股份有限公司,2026,2026-03-31,"['李晓阳', '刘云飞扬', '李海', '周睿', '曹彩龙']"
IPO,,宁波艾克姆新材料股份有限公司,2026,2026-03-31,"['章祥', '徐云平']"
IPO,,安徽唐兴装备科技股份有限公司,2026,2026-03-31,"['李生敏', '沈童', '张欢欢']"
IPO,,江苏原力数字科技股份有限公司,2026,2026-03-31,"['张立琰', '丁晓燕']"
IPO,,朝阳金达钛业股份有限公司,2026,2026-03-31,"['时应生', '吴馁']"
IPO,,德耐尔节能科技(上海)股份有限公司,2026,2026-03-31,"['龙琦', '封秋慧']"
IPO,,珠海传美讯新材料股份有限公司,2026,2026-03-31,"['肖强光', '吴小亚']"
IPO,,雅图高新材料股份有限公司,2026,2026-03-31,"['刘远帅', '李星']"
IPO,,无锡威易发精密机械股份有限公司,2026,2026-03-31,"['盛永盛', '王立丽']"
IPO,,深圳市富泰和精密制造股份有限公司,2026,2026-03-31,"['钱华丽', '张国跃']"
IPO,,北京天广实生物技术股份有限公司,2026,2026-03-31,"['沈佳盈', '赖兴恺']"
IPO,,北京博华信智科技股份有限公司,2026,2026-03-31,"['汪明卉', '杨洋']"
IPO,,杭州海康机器人股份有限公司,2026,2026-03-31,"['唐恋炯', '张姝姝']"
IPO,,湖南省兵器工业集团股份有限公司,2026,2026-03-31,"['杨旭', '肖明明', '刘艳林']"
IPO,,江西力源海纳科技股份有限公司,2026,2026-03-31,"['陈雷', '刘志鹏']"
IPO,,广西田园生化股份有限公司,2026,2026-03-31,"['李嘉宁', '陈哲路']"
IPO,,南通联亚药业股份有限公司,2026,2026-03-31,"['周徐春', '黄晓冬']"
IPO,,湖南初源新材料股份有限公司,2026,2026-03-31,"['周睿', '孟双', '沈鑫']"
IPO,,江苏康瑞新材料科技股份有限公司,2026,2026-03-31,"['柏荣甲', '李建波']"
IPO,,皇冠新材料科技股份有限公司,2026,2026-03-31,"['蔡浩', '桂迎', '陈燕']"
IPO,,江苏耀坤液压股份有限公司,2026,2026-03-31,"['徐萍', '陆春美']"
IPO,,东莞银行股份有限公司,2026,2026-03-31,"['朱海平', '钱燕']"
IPO,,广东南海农村商业银行股份有限公司,2026,2026-03-31,"['曾浩', '陈晓莹']"
IPO,,上海芯密科技股份有限公司,2026,2026-03-31,"['曹小勤', '义国兵']"
IPO,,宁波丰沃增压科技股份有限公司,2026,2026-03-31,"['梁志勇', '王文']"
IPO,,华龙证券股份有限公司,2026,2026-03-31,"['张有全', '张颖莉']"
IPO,,财信证券股份有限公司,2026,2026-03-31,"['魏五军', '蔡严斐', '吴佳林']"
IPO,,深圳核心医疗科技股份有限公司,2026,2026-03-31,"['邓冬梅', '张毅强']"
IPO,,山东东岳未来氢能材料股份有限公司,2026,2026-03-31,"['张春梅', '李虎', '钱进']"
IPO,,北京通美晶体技术股份有限公司,2026,2026-03-31,"['陈晓松', '陆阳']"
IPO,,武汉新芯集成电路股份有限公司,2026,2026-03-31,"['孟冬', '顾沈为']"
IPO,,上海超硅半导体股份有限公司,2026,2026-03-31,"['弋守川', '谢静欣', '谭建波']"
IPO,,广东钶锐锶数控技术股份有限公司,2026,2026-03-31,"['杨克晶', '邹甜甜']"
IPO,,北京贝尔生物工程股份有限公司,2026,2026-04-01,"['廖家河', '冯雪']"
IPO,,东莞市思索技术股份有限公司,2026,2026-04-02,"['姚海士', '甘进崇', '柏鸿丹', '蔡浩', '吴伟阳', '沈霞']"
IPO,,杭州华大海天科技股份有限公司,2026,2026-04-02,"['陆俊洁', '陆黎']"
IPO,,浙江高腾机电制造股份有限公司,2026,2026-04-03,"['章祥', '郑利锋']"
IPO,,宁波耀泰光电科技股份有限公司,2026,2026-04-07,"['钱仲先', '曹毅', '陈丹萍']"
IPO,,江西九岭锂业股份有限公司,2026,2026-04-08,"['杨小磊', '叶敏']"
IPO,,浙江新纳材料科技股份有限公司,2026,2026-04-10,"['张芹', '王剑飞']"
IPO,,安徽申兰华色材股份有限公司,2026,2026-04-13,"['蔡卫华', '杨常平']"
IPO,,上海军陶科技股份有限公司,2026,2026-04-14,"['潘胜国', '张风薇', '张奔弋', '王艳', '李朝蒙', '孙荣']"
IPO,,厦门立洲精密科技股份有限公司,2026,2026-04-14,"['殷雪芳', '林令群']"
IPO,,中裕铁信交通科技股份有限公司,2026,2026-04-14,"['施丹丹', '董会婷']"
IPO,,威邦运动科技集团股份公司,2026,2026-04-15,"['朱作武', '张小勇', '吕琦', '李惠丰']"
IPO,,浙江同富特美刻股份有限公司,2026,2026-04-15,"['李勇平', '陶书成', '李静程']"
IPO,,东莞市腾信精密制造股份有限公司,2026,2026-04-15,"['钟俊', '桂迎', '陈正']"
IPO,,广东图特精密五金科技股份有限公司,2026,2026-04-17,"['刘火旺', '张境芳']"
IPO,,成都德芯数字科技股份有限公司,2026,2026-04-17,"['王首一', '李强', '杜佳彬', '安行', '蔡晓丽']"
IPO,,江苏凯达重工股份有限公司,2026,2026-04-17,"['陈长元', '陆苏敏', '陈振伟', '肖煜颢']"
IPO,,赛克赛斯生物科技股份有限公司,2026,2026-04-17,"['毕强', '唐守东']"
IPO,,东莞市思索技术股份有限公司,2026,2026-04-17,"['姚海士', '甘进崇', '柏鸿丹']"
IPO,,飞依诺科技股份有限公司,2026,2026-04-17,"['凌燕', '陈磊']"
IPO,,艾柯医疗器械(北京)股份有限公司,2026,2026-04-18,"['孟冬', '谭亮']"
IPO,,广东百利食品股份有限公司,2026,2026-04-21,"['张宇', '张叶盛']"
IPO,,扬腾创新(福建)信息科技股份有限公司,2026,2026-04-22,"['黄天义', '孙艳蝶', '韩金勇', '方少帆']"
IPO,,杭州玄机科技股份有限公司,2026,2026-04-22,"['胡宏', '陈赛红']"
IPO,,苏州莱恩精工合金股份有限公司,2026,2026-04-22,"['崔梅', '何蓓蓓', '施琪璋', '卫春丽']"
IPO,,天津华来科技股份有限公司,2026,2026-04-22,"['祁振东', '黄羽']"
IPO,,苏州朗高电机科技股份有限公司,2026,2026-04-24,"['孔令莉', '李丹', '刘文', '季嘉伟', '钱婷']"
IPO,,上海奉天电子股份有限公司,2026,2026-04-24,"['张毅', '陶玉露', '张志云']"
IPO,,江苏凯达重工股份有限公司,2026,2026-04-24,"['陈长元', '陆苏敏', '肖煜颢']"
IPO,,安徽大昌科技股份有限公司,2026,2026-04-27,"['卢珍', '李波', '付正龙', '夏小蕾', '李增', '吕勇军', '王传兵']"
IPO,,深圳市越疆科技股份有限公司,2026,2026-04-27,"['李剑光', '胡蝶']"
IPO,,广东微容电子科技股份有限公司,2026,2026-04-28,"['任晓英', '杨三生', '曾志斌']"
IPO,,佛山市科蓝环保科技股份有限公司,2026,2026-04-28,"['平海鹏', '纪海燕']"
IPO,,广东恒基金属股份有限公司,2026,2026-04-28,"['邱以武', '赵亮']"
IPO,,广东纽恩泰新能源科技股份有限公司,2026,2026-04-29,"['卢玲玉', '陈倩玲', '陈桂珊']"
IPO,,上海军陶科技股份有限公司,2026,2026-04-30,"['潘胜国', '张风薇', '张奔弋']"
IPO,,北京前景无忧电子科技股份有限公司,2026,2026-05-06,"['娄新洁', '张弛']"
IPO,,广东正扬传感科技股份有限公司,2026,2026-05-07,"['杨运辉', '蔡晓枫', '林非']"
IPO,,浙江欧诺机械科技股份有限公司,2026,2026-05-08,"['李勇平', '李静程', '梁潇']"
IPO,,扬腾创新(福建)信息科技股份有限公司,2026,2026-05-10,"['黄天义', '孙艳蝶']"
IPO,,株洲科能新材料股份有限公司,2026,2026-05-11,"['刘宇', '田川', '李萍', '刘亚仕']"
IPO,,北京微纳星空科技股份有限公司,2026,2026-05-11,"['刘彬文', '魏峥']"
IPO,,纽氏达特行星传动系统技术(淄博)股份有限公司,2026,2026-05-11,"['杨景欣', '蒋宗良']"
IPO,,嘉兴杰特新材料股份有限公司,2026,2026-05-11,"['刘钧', '王庆海', '郭和珍']"
IPO,,鸿星科技(集团)股份有限公司,2026,2026-05-12,"['魏琴', '姚丽强', '胡宁宁']"
IPO,,广东保伦电子股份有限公司,2026,2026-05-13,"['胡友邻', '石争强']"
IPO,,浙江衡美健康科技股份有限公司,2026,2026-05-14,"['吴强', '顾庆刚', '蔺儒坤', '耿兆杰']"
IPO,,苏州华太电子技术股份有限公司,2026,2026-05-15,"['吴景亚', '陆羊林']"
IPO,,深圳市艺感科技股份有限公司,2026,2026-05-15,"['蔡浩', '甘进崇', '袁强', '陈超然']"
IPO,,无锡威易发精密机械股份有限公司,2026,2026-05-15,"['王建甫', '王立丽']"
IPO,,浙江中德自控科技股份有限公司,2026,2026-05-15,"['李美文', '余元园', '卞圆媛']"
IPO,,广东美亚旅游科技集团股份有限公司,2026,2026-05-15,"['覃易', '陈提国']"
IPO,,广东纽恩泰新能源科技股份有限公司,2026,2026-05-15,"['卢玲玉', '陈倩玲']"
IPO,,威邦运动科技集团股份公司,2026,2026-05-15,"['朱作武', '张小勇', '吕琦']"
IPO,,苏州朗高电机科技股份有限公司,2026,2026-05-16,"['孔令莉', '李丹', '刘文']"
IPO,,杭州云深处科技股份有限公司,2026,2026-05-18,"['吴懿忻', '林晗']"
IPO,,杭州沃镭智能科技股份有限公司,2026,2026-05-18,"['李美文', '余元园', '陈树华', '莫新平']"
IPO,,苏州新吴光电股份有限公司,2026,2026-05-18,"['洪志国', '梁欢']"
IPO,,乐聚智能(深圳)股份有限公司,2026,2026-05-19,"['宋鑫', '丁煜']"
IPO,,洛阳轴承集团股份有限公司,2026,2026-05-19,"['张金华', '万青', '吴家卉']"
IPO,,超聚变数字技术股份有限公司,2026,2026-05-22,"['王天晴', '孟冬', '王俊琦']"
IPO,,东莞四维材料科技股份有限公司,2026,2026-05-22,"['秦劲力', '朱晨星']"
IPO,,思必驰科技股份有限公司,2026,2026-05-25,"['吴懿忻', '张俊']"
IPO,,成都迈科康生物科技股份有限公司,2026,2026-05-27,"['彭卓', '赵乙人']"
IPO,,上海海和药物研究开发股份有限公司,2026,2026-05-28,"['郭成专', '王小小']"
IPO,,欧尚元智能装备股份有限公司,2026,2026-05-28,"['冯万奇', '邵建克']"
IPO,,莱阳市昌誉密封科技股份有限公司,2026,2026-05-28,"['王立丽', '张盼盼']"
IPO,,株洲科能新材料股份有限公司,2026,2026-05-28,"['刘宇', '田川']"
IPO,,广东龙行天下科技股份有限公司,2026,2026-05-29,"['章顺文', '倪万杰', '吴汪斌', '吴健东']"
IPO,,江苏毅合捷汽车科技股份有限公司,2026,2026-05-29,"['聂勇', '郭春林', '曾广斌']"
IPO,,宁波力勤资源科技股份有限公司,2026,2026-05-29,"['韩云翠', '兰立倩', '顾兆峰', '应敏翔']"
IPO,,安徽久易农业股份有限公司,2026,2026-05-29,"['胡俊', '李响', '朱伟光', '杨玉香']"
IPO,,青岛迈金智能科技股份有限公司,2026,2026-05-29,"['张朱华', '杨雯', '孔垂刚']"
IPO,,杭州华大海天科技股份有限公司,2026,2026-05-29,"['陆俊洁', '陆黎', '邬强']"
IPO,,深圳市艺感科技股份有限公司,2026,2026-05-29,"['蔡浩', '甘进崇', '袁强']"
IPO,,浙江长龙航空股份有限公司,2026,2026-06-02,"['张琦', '陈剑', '张勇']"
IPO,,无锡市好达电子股份有限公司,2026,2026-06-02,"['周贵人', '荆跃飞', '王惠康']"
IPO,,江苏诚丰新材料股份有限公司,2026,2026-06-04,"['沈童', '宗志迅', '梅雪']"
IPO,,广东中塑新材料股份有限公司,2026,2026-06-04,"['胡乃鹏', '潘怡君', '姜祺']"
IPO,,超聚变数字技术股份有限公司,2026,2026-06-04,"['王天晴', '孟冬']"
IPO,,深圳市维度科技股份有限公司,2026,2026-06-05,"['蒋晓明', '朱丽萍']"
IPO,,苏州英特模科技股份有限公司,2026,2026-06-05,"['孔令莉', '李丹', '周亭', '胡玲芳']"
IPO,,深圳市海明润超硬材料股份有限公司,2026,2026-06-05,"['平海鹏', '刘亚仕', '李萍']"
IPO,,浙江胜华波电器股份有限公司,2026,2026-06-08,"['尹志彬', '吴少芳']"
IPO,,中圣科技(江苏)集团股份有限公司,2026,2026-06-08,"['廖金辉', '张鹏']"
IPO,,深圳市安仕新能源科技股份有限公司,2026,2026-06-08,"['张媛媛', '肖梦英', '童彦']"
IPO,,傲雷科技集团股份有限公司,2026,2026-06-09,"['郑立红', '吴亚亚', '陈佳佳']"
IPO,,中山百灵生物技术股份有限公司,2026,2026-06-09,"['巫扬华', '王蓉']"
IPO,,山东一诺生物质材料股份有限公司,2026,2026-06-09,"['李潇', '黄劲松', '潘吉']"
IPO,,新疆派特罗尔能源服务股份有限公司,2026,2026-06-09,"['滕忠诚', '郝光伟']"
IPO,,上海季丰电子股份有限公司,2026,2026-06-10,"['宋鑫', '杨文平', '耿振', '马晓英']"
IPO,,江苏长晶科技股份有限公司,2026,2026-06-10,"['杨景欣', '王佳良', '童英', '朱海平', '程鹏远']"
IPO,,广东玫瑰岛家居股份有限公司,2026,2026-06-10,"['丁晓燕', '王巧君']"
IPO,,汉盛(上海)海洋装备技术股份有限公司,2026,2026-06-10,"['邱正芳', '谢俊']"
IPO,,浙江亘古电缆股份有限公司,2026,2026-06-10,"['赵勇', '邵强']"
IPO,,湖南星邦智能装备股份有限公司,2026,2026-06-10,"['王士杰', '符俊']"
IPO,,地通工业控股集团股份有限公司,2026,2026-06-11,"['鲁立', '王露', '谢争珍', '金晓青']"
IPO,,博睿康技术(上海)股份有限公司,2026,2026-06-11,"['赖兴恺', '王潮']"
IPO,,映恩生物(Duality Biotherapeutics Inc),2026,2026-06-12,"['郑嘉彦', '李筱彤']"
IPO,,人本股份有限公司,2026,2026-06-12,"['邓德祥', '朱丽丽', '刘帅', '滕培彬', '艾锋华', '肖晓康', '李迪斌']"
IPO,,广东中图半导体科技股份有限公司,2026,2026-06-12,"['王伟秋', '刘金美', '杨克晶']"
IPO,,深圳市柳鑫实业股份有限公司,2026,2026-06-12,"['肖铁青', '庄琳彬']"
IPO,,安佑生物科技集团股份有限公司,2026,2026-06-12,"['张慧玲', '黄雅萍', '黄思婕']"
IPO,,广东金力智能传动技术股份有限公司,2026,2026-06-12,"['连伟', '钦佩佩', '文桂平']"
IPO,,深达威科技(广东)股份有限公司,2026,2026-06-12,"['桑涛', '吴静']"
IPO,,安徽久易农业股份有限公司,2026,2026-06-14,"['胡俊', '李响']"
IPO,,粤芯半导体技术股份有限公司,2026,2026-06-15,"['余文佑', '林梓韧']"
IPO,,江苏安澜万锦电子股份有限公司,2026,2026-06-16,"['孙玮', '杨攀']"
IPO,,四川腾盾科创股份有限公司,2026,2026-06-16,"['张恩学', '申庆庆', '余仁佩']"
IPO,,无锡市好达电子股份有限公司,2026,2026-06-16,"['周贵人', '荆跃飞']"
IPO,,上海天泽云泰生物医药股份有限公司,2026,2026-06-17,"['吴慧珺', '戈岚']"
IPO,,安闻科技集团股份有限公司,2026,2026-06-17,"['葛朋', '郑利锋']"
IPO,,大连奥托股份有限公司,2026,2026-06-17,"['李飞', '崔健', '崔梅', '朱辰']"
IPO,,天津七一二移动通信股份有限公司,2026,2026-06-17,"['强桂英', '孙继伟']"
IPO,,浙江长龙航空股份有限公司,2026,2026-06-17,"['张琦', '陈剑']"
IPO,,兰升生物科技集团股份有限公司,2026,2026-06-18,"['李永江', '王二华', '陈丽芳', '徐士宝', '张文慧']"
IPO,,河南光远新材料股份有限公司,2026,2026-06-18,"['张琦', '袁薇莉']"
IPO,,广东高标智能科技股份有限公司,2026,2026-06-18,"['陈链武', '黄慧君', '邬晓磊', '陈吉琼']"
IPO,,江苏永康智能防务科技股份有限公司,2026,2026-06-18,"['王书彦', '谭冉冉', '吴阅鸿', '郑斐', '刘卫钦', '潘跃天']"
IPO,,广东龙行天下科技股份有限公司,2026,2026-06-18,"['章顺文', '倪万杰']"
IPO,,珠海普生医疗科技股份有限公司,2026,2026-06-22,"['侯光兰', '庄琳彬', '田川']"
IPO,,重庆耐德能源装备股份有限公司,2026,2026-06-22,"['弋守川', '刘群', '余国豪', '阳伟', '龙阳']"
IPO,,安徽三绿科技股份有限公司,2026,2026-06-22,"['张先发', '刘海曼', '魏壮石']"
IPO,,广东金鼎光学技术股份有限公司,2026,2026-06-22,"['程进', '陈雪']"
IPO,,深圳鹏城新能科技股份有限公司,2026,2026-06-22,"['欧昌献', '段瑞国', '吕朋', '杨帆']"
IPO,,山东汇川精密科技股份有限公司,2026,2026-06-22,"['韩伟', '李胜']"
IPO,,北京华脉泰科医疗器械股份有限公司,2026,2026-06-22,"['李成林', '李春燕', '杨万年']"
IPO,,河南鑫宇光科技股份有限公司,2026,2026-06-22,"['唐娟', '叶华']"
IPO,,广东格兰达精密技术股份有限公司,2026,2026-06-22,"['刘泽涵', '倪至豪', '王聪', '刘佳颖']"
IPO,,青岛力克川液压股份有限公司,2026,2026-06-22,"['张小惠', '简乾']"
IPO,,浙江嘉泰激光科技股份有限公司,2026,2026-06-22,"['翟晓宁', '洪建明']"
IPO,,广东金晖隆电气股份有限公司,2026,2026-06-22,"['郑镇涛', '吴为生']"
IPO,,青岛迈金智能科技股份有限公司,2026,2026-06-22,"['张朱华', '杨雯']"
IPO,,北京煜鼎增材制造研究院股份有限公司,2026,2026-06-23,"['倪军', '刘勃游', '张蕾']"
IPO,,深圳市华科精密工业股份有限公司,2026,2026-06-23,"['巩启春', '卢勇', '肖文涛']"
IPO,,新元化学(山东)股份有限公司,2026,2026-06-23,"['江永辉', '张国静']"
IPO,,杭州湘滨电子科技股份有限公司,2026,2026-06-23,"['彭远卓', '朱德阳', '胡晓辰', '金刚锋']"
IPO,,万力轮胎股份有限公司,2026,2026-06-23,"['曹创', '邱诗鹏', '杨晓夏']"
IPO,,宁波赛维达技术股份有限公司,2026,2026-06-23,"['周春阳', '王锦']"
IPO,,珠海云洲智能科技股份有限公司,2026,2026-06-24,"['杨熹', '徐书华', '阮玉姬', '张明']"
IPO,,延长中科(大连)能源科技股份有限公司,2026,2026-06-24,"['雷永鑫', '王栋']"
IPO,,深圳智岩科技股份有限公司,2026,2026-06-24,"['吴惠煌', '刘侨敏', '陈剑帮', '岳文平']"
IPO,,成立航空股份有限公司,2026,2026-06-24,"['范晓红', '胡慰']"
IPO,,苏州锦艺新材料科技股份有限公司,2026,2026-06-24,"['郑纪安', '李平', '何厚泉']"
IPO,,巨力自动化设备(浙江)股份有限公司,2026,2026-06-24,"['伍贤春', '沈强生']"
IPO,,杭州朗迅科技股份有限公司,2026,2026-06-24,"['朱大为', '郭云华', '俞晓佳', '曾涛', '陈颖']"
IPO,,萍乡德博科技股份有限公司,2026,2026-06-24,"['马玥', '程乙北', '龚茂生']"
IPO,,长虹塑料集团英派瑞塑料股份有限公司,2026,2026-06-24,"['朱大为', '吕瑛群', '俞晓佳', '郭云华']"
IPO,,北京爱思益普生物科技股份有限公司,2026,2026-06-24,"['高高平', '张洋']"
IPO,,安徽国电电缆股份有限公司,2026,2026-06-24,"['陈科举', '王宏杰', '廖晓杰']"
IPO,,浙江恒业电子股份有限公司,2026,2026-06-24,"['耿振', '陈琳锋']"
IPO,,苏州英特模科技股份有限公司,2026,2026-06-24,"['孔令莉', '李丹', '周亭']"
IPO,,山东高速信联科技股份有限公司,2026,2026-06-25,"['顾庆刚', '孙翔', '赵雨珂']"
IPO,,江苏超力电器股份有限公司,2026,2026-06-25,"['陈勇', '陈培培', '孟凡宝', '袁慧馨']"
IPO,,深圳市时创意电子股份有限公司,2026,2026-06-25,"['杨华', '秦吴芹']"
IPO,,雅安百图高新材料股份有限公司,2026,2026-06-25,"['廖继平', '冷联刚']"
IPO,,无锡华光汽车部件科技股份有限公司,2026,2026-06-25,"['朱依君', '沈景宵']"
IPO,,江苏欧朗汽车科技股份有限公司,2026,2026-06-25,"['陈长元', '陈迪威']"
IPO,,江苏永志半导体材料股份有限公司,2026,2026-06-25,"['赵焕琪', '杨浩峰']"
IPO,,珠海展辰新材料股份有限公司,2026,2026-06-25,"['叶庚波', '牛乃升']"
IPO,,深圳市裕富照明股份有限公司,2026,2026-06-25,"['章顺文', '米建舟']"
IPO,,浙江舒友仪器设备股份有限公司,2026,2026-06-25,"['叶喜撑', '许松飞', '陈小辉', '王俊']"
IPO,,上海季丰电子股份有限公司,2026,2026-06-25,"['宋鑫', '杨文平']"
IPO,,江苏长晶科技股份有限公司,2026,2026-06-25,"['杨景欣', '王佳良', '童英']"
IPO,,杭州新剑机电传动股份有限公司,2026,2026-06-26,"['陈瑛瑛', '吴一鸣', '闾力华', '张奇志']"
IPO,,禾润电子科技(嘉兴)股份有限公司,2026,2026-06-26,"['张琦', '冯海淼', '张勇', '姚宗成']"
IPO,,广东科杰技术股份有限公司,2026,2026-06-26,"['张先发', '杨三生', '黄晓慧', '欧昌献', '马艳波']"
IPO,,广东德聚技术股份有限公司,2026,2026-06-26,"['刘伟明', '查中超']"
IPO,,江苏博涛智能热工股份有限公司,2026,2026-06-26,"['褚诗炜', '黄剑', '王婷婷']"
IPO,,怀化亚信科技股份有限公司,2026,2026-06-26,"['杨小磊', '杨桂丽', '叶敏']"
IPO,,江苏科麦特科技发展股份有限公司,2026,2026-06-26,"['孔令江', '张自珍']"
IPO,,杭州泽天春来科技股份有限公司,2026,2026-06-26,"['姚本霞', '肖云飞', '徐文豪']"
IPO,,宁波帅特龙汽车系统股份有限公司,2026,2026-06-26,"['叶萍', '王佶恺']"
IPO,,上海北变科技股份有限公司,2026,2026-06-26,"['徐春', '金旭芳']"
IPO,,浙江越新科技股份有限公司,2026,2026-06-26,"['余芳芳', '朱丽丽']"
IPO,,上海文依电气股份有限公司,2026,2026-06-26,"['宋立民', '赵玉朋', '庄肖', '贾国卫']"
IPO,,合肥昊翔智能科技股份有限公司,2026,2026-06-26,"['汪玉寿', '黄冰冰']"
IPO,,福建帝盛科技股份有限公司,2026,2026-06-26,"['凌燕', '顾肖达', '杨康']"
IPO,,浙江安特磁材股份有限公司,2026,2026-06-26,"['严燕鸿', '叶泽伟']"
IPO,,北京必迈体育股份有限公司,2026,2026-06-27,"['王首一', '周皓月', '马玥']"
IPO,,上海亿钶气体股份有限公司,2026,2026-06-27,"['潘晶晶', '王卫民']"
IPO,,深圳市晋铭航空技术股份有限公司,2026,2026-06-27,"['杨华', '秦吴芹']"
IPO,,苏州科润新材料股份有限公司,2026,2026-06-27,"['孙念韶', '冯涛']"
IPO,,中导光电设备股份有限公司,2026,2026-06-28,"['王娜', '鲁李', '楚风光']"
IPO,,伊莱特能源装备股份有限公司,2026,2026-06-28,"['管金明', '潘玉静', '刘加宝', '庄玮娟', '刘大彦']"
IPO,,康佰家医药集团股份有限公司,2026,2026-06-28,"['魏五军', '武阳']"
IPO,,江苏点夺技术股份有限公司,2026,2026-06-28,"['卢鑫', '董建华', '万燕周']"
IPO,,苏州瑞高新材料股份有限公司,2026,2026-06-28,"['褚诗炜', '潘思兰', '闫琴', '肖彧涵']"
IPO,,重庆物奇微电子股份有限公司,2026,2026-06-29,"['李伟海', '郑宇青']"
IPO,,中科宇航技术股份有限公司,2026,2026-06-29,"['金闻', '吴建枫', '曹阳', '王艳艳']"
IPO,,中电防务科技股份有限公司,2026,2026-06-29,"['龚荣华', '陈燎东', '敬一平', '王传邦', '张定坤']"
IPO,,浙江金连接科技股份有限公司,2026,2026-06-29,"['吕安吉', '巩方森']"
IPO,,英韧科技股份有限公司,2026,2026-06-29,"['韩云翠', '文玲', '顾兆峰']"
IPO,,武汉中科创新技术股份有限公司,2026,2026-06-29,"['倪俊', '陈海艳']"
IPO,,苏州维嘉科技股份有限公司,2026,2026-06-29,"['冉士龙', '沈妍', '李刚', '支彩琴', '马云峰']"
IPO,,上海纽脉医疗科技股份有限公司,2026,2026-06-29,"['李永江', '刘会习']"
IPO,,上海超硅半导体股份有限公司,2026,2026-06-29,"['弋守川', '谢静欣', '谭建波', '吴赛文', '冯伟']"
IPO,,南京沃天科技股份有限公司,2026,2026-06-29,"['郭福艳', '戴超', '狄香雨', '谭建国']"
IPO,,南京世和基因生物技术股份有限公司,2026,2026-06-29,"['沈在斌', '戴正文', '张亦弛']"
IPO,,蓝箭航天空间科技股份有限公司,2026,2026-06-29,"['安行', '李晓婷', '谢东良', '吴贺民', '陈春雷']"
IPO,,广东钶锐锶数控技术股份有限公司,2026,2026-06-29,"['杨克晶', '邹甜甜', '李芸', '郑晓彬', '刘冬莲', '张帮志']"
IPO,,北京夏禾科技股份有限公司,2026,2026-06-29,"['曹阳', '王艳艳']"
IPO,,北京术锐机器人股份有限公司,2026,2026-06-29,"['林盛宇', '陆成', '潘莉华']"
IPO,,甘肃金川瑞翔新材料股份有限公司,2026,2026-06-29,"['胡新荣', '郑理达', '吴伶俐']"
IPO,,苏州维衡科技股份有限公司,2026,2026-06-29,"['俞国徽', '潘思兰', '黄萍萍', '孔令莉', '李丹', '侯顺靖']"
IPO,,上海西井科技股份有限公司,2026,2026-06-29,"['李朝蒙', '王辉达', '郑磊', '张翔']"
IPO,,上海如鲲新材料股份有限公司,2026,2026-06-29,"['朱大为', '方俊鸣', '吕瑛群', '郭云华']"
IPO,,江苏联博精密科技股份有限公司,2026,2026-06-29,"['周睿', '杨明新', '汪娟', '王巍']"
IPO,,博雅新材料股份有限公司,2026,2026-06-29,"['王磊', '张美丽', '刘勇', '王忻', '唐荣周', '王鹏']"
IPO,,浙江正雅齿科股份有限公司,2026,2026-06-29,"['郑纪安', '李平', '潘升']"
IPO,,湖南初源新材料股份有限公司,2026,2026-06-29,"['周睿', '孟双', '沈鑫', '曾春卫', '罗琴']"
IPO,,芜湖映日科技股份有限公司,2026,2026-06-29,"['谢嘉', '孙丞润']"
IPO,,中机试验装备股份有限公司,2026,2026-06-29,"['唐恒飞', '成立卿']"
IPO,,山东泰丰智能控制股份有限公司,2026,2026-06-29,"['徐瑞松', '李建树', '马晓琳']"
IPO,,信联电子材料科技股份有限公司,2026,2026-06-29,"['叶怀敏', '杨晓寅']"
IPO,,安徽远征传导科技股份有限公司,2026,2026-06-29,"['徐林', '方超', '刘云鹏']"
IPO,,浙江亿得新材料股份有限公司,2026,2026-06-29,"['刘亚芹', '邱俊杰', '邓红玉']"
IPO,,绽妍生物科技股份有限公司,2026,2026-06-29,"['蒋红伍', '冷联刚']"
IPO,,浙江利星科技股份有限公司,2026,2026-06-29,"['盛伟明', '虞婷婷']"
IPO,,东晓生物科技股份有限公司,2026,2026-06-29,"['丁兆栋', '韩东东', '曹伦']"
IPO,,深圳市安保医疗科技股份有限公司,2026,2026-06-29,"['康雪艳', '徐耀武']"
IPO,,浙江天际互感器股份有限公司,2026,2026-06-29,"['叶怀敏', '杨晓寅']"
IPO,,铁岭贵鑫环保科技股份有限公司,2026,2026-06-29,"['张昕', '丁菲芸']"
IPO,,广东兴盛迪科技股份有限公司,2026,2026-06-29,"['程进', '吴丽虹']"
IPO,,广州腾龙健康实业股份有限公司,2026,2026-06-29,"['龙琦', '刘冬群']"
IPO,,杭州朱炳仁铜艺股份有限公司,2026,2026-06-29,"['章磊', '陈赟', '吴金玲']"
IPO,,八环科技集团股份有限公司,2026,2026-06-29,"['张建新', '周康康', '覃剑锋']"
IPO,,广东日信高精密科技股份有限公司,2026,2026-06-29,"['王首一', '李瑜', '殷海亮']"
IPO,,嵊州陌桑高科股份有限公司,2026,2026-06-29,"['边珊姗', '李唯婕']"
IPO,,上海科特新材料股份有限公司,2026,2026-06-29,"['倪一琳', '费旖']"
IPO,,江苏永成汽车零部件股份有限公司,2026,2026-06-29,"['潘坤', '奚澍']"
IPO,,百川生物科技股份有限公司,2026,2026-06-29,"['陈晓华', '余祝功']"
IPO,,西安聚能超导磁体科技股份有限公司,2026,2026-06-29,"['张正峰', '郭石东', '时应生']"
IPO,,浙江祥晋汽车零部件股份有限公司,2026,2026-06-29,"['张建新', '周康康', '汪建维']"
IPO,,苏州贝昂智能科技股份有限公司,2026,2026-06-29,"['滕飞', '伊君莉']"
IPO,,广东风华新能源股份有限公司,2026,2026-06-29,"['欧金光', '罗夏明']"
IPO,,武汉卓目科技股份有限公司,2026,2026-06-29,"['凡章', '王金云', '刘昱']"
IPO,,锐迈科技股份有限公司,2026,2026-06-29,"['汤家俊', '王庆海', '邓聪', '张奇程']"
IPO,,北京市九州风神科技股份有限公司,2026,2026-06-29,"['陈君', '唐恒飞']"
IPO,,中国盐业股份有限公司,2026,2026-06-30,"['郭顺玺', '张家辉', '杨倩倩', '张军书']"
IPO,,新麦机械(中国)股份有限公司,2026,2026-06-30,"['吴晓辉', '许育荪', '周轶']"
IPO,,上海隐冠半导体技术股份有限公司,2026,2026-06-30,"['李新民', '王堪玉', '姚辉']"
IPO,,上海羲禾科技股份有限公司,2026,2026-06-30,"['义国兵', '胡冬韵', '王余虎']"
IPO,,上海维安电子股份有限公司,2026,2026-06-30,"['董舒', '唐奕', '杨军', '冯维峰']"
IPO,,上海同创普润新材料股份有限公司,2026,2026-06-30,"['鲁家顺', '杨鸿博']"
IPO,,上海汇禾医疗科技股份有限公司,2026,2026-06-30,"['方海杰', '黄昕']"
IPO,,上海碧云天生物技术股份有限公司,2026,2026-06-30,"['樊冬', '蔡锜']"
IPO,,弥费科技(上海)股份有限公司,2026,2026-06-30,"['王晨', '曹智春', '钟英才']"
IPO,,江苏神州半导体科技股份有限公司,2026,2026-06-30,"['潘坤', '廖蕊', '周心喆']"
IPO,,江苏鲁汶仪器股份有限公司,2026,2026-06-30,"['李成林', '杨晋芳', '段佳磊', '纪玉红']"
IPO,,集益威半导体(上海)股份有限公司,2026,2026-06-30,"['朱大为', '朱俊峰']"
IPO,,华科精准(北京)医疗设备股份有限公司,2026,2026-06-30,"['张松柏', '林雯英', '凌亦超']"
IPO,,东方晶源微电子科技(北京)股份有限公司,2026,2026-06-30,"['马林', '程旭敏', '权计伟']"
IPO,,北京卓镭激光技术股份有限公司,2026,2026-06-30,"['唐恒飞', '武毓', '张云凤']"
IPO,,北京艺妙神州生物医药股份有限公司,2026,2026-06-30,"['苗策', '郭颖']"
IPO,,北京天科合达半导体股份有限公司,2026,2026-06-30,"['于长江', '李小欣']"
IPO,,北京世维通科技股份有限公司,2026,2026-06-30,"['唐恒飞', '崔逢华', '史钢伟', '宿慧']"
IPO,,北京擎科生物科技股份有限公司,2026,2026-06-30,"['朱杰', '蔡旭阳']"
IPO,,北京华卓精科科技股份有限公司,2026,2026-06-30,"['刘诚', '索立松', '于弘达']"
IPO,,苏州冠礼科技股份有限公司,2026,2026-06-30,"['刘跃华', '王萍', '罗来千']"
IPO,,深圳云豹智能股份有限公司,2026,2026-06-30,"['龙琦', '李凤']"
IPO,,苏州长城精工科技股份有限公司,2026,2026-06-30,"['沈重', '曾红', '章浩', '何双']"
IPO,,度亘核芯光电技术(苏州)股份有限公司,2026,2026-06-30,"['王俊', '苏鸿辉']"
IPO,,苏州法特迪科技股份有限公司,2026,2026-06-30,"['滕培彬', '余慧玲', '严善明', '陈红燕', '古莎']"
IPO,,宸芯科技股份有限公司,2026,2026-06-30,"['王红海', '程雪玲', '杨志', '李春旭']"
IPO,,深圳市华普微电子股份有限公司,2026,2026-06-30,"['高平', '李泽毅', '施银']"
IPO,,福建省三星电气股份有限公司,2026,2026-06-30,"['刘见生', '郑建辉']"
IPO,,武汉云岭光电股份有限公司,2026,2026-06-30,"['李顺利', '刘睿翔']"
IPO,,上海玖行能源科技股份有限公司,2026,2026-06-30,"['陆炜炜', '余祝功']"
IPO,,大连医诺生物股份有限公司,2026,2026-06-30,"['陈素素', '韩熙']"
IPO,,上海鹰峰电子科技股份有限公司,2026,2026-06-30,"['田华', '姜波', '陆佳慧']"
IPO,,中维化纤股份有限公司,2026,2026-06-30,"['杨金晓', '许清慧', '黄源']"
IPO,,四川银钢一通凸轮科技股份有限公司,2026,2026-06-30,"['王强', '谢浩']"
IPO,,睿龙材料科技无锡股份有限公司,2026,2026-06-30,"['李正卫', '骆圆圆']"
IPO,,江苏林泉汽车零部件股份有限公司,2026,2026-06-30,"['胡青', '韩熙']"
IPO,,广东华茂精密制造股份有限公司,2026,2026-06-30,"['曹贤智', '施丹丹', '张娟娟', '陈炼']"
IPO,,浙江戈尔德智能悬架股份有限公司,2026,2026-06-30,"['杨金晓', '赵飞']"
IPO,,浙江佑威新材料股份有限公司,2026,2026-06-30,"['边珊姗', '姚太海', '林旺', '王吕军']"
IPO,,西安紫光国芯半导体股份有限公司,2026,2026-06-30,"['李亚望', '马如飞', '赵亮亮']"
IPO,,常州中源技术股份有限公司,2026,2026-06-30,"['石柱', '李云祥']"
IPO,,青岛武晓集团股份有限公司,2026,2026-06-30,"['庞勇', '李春友']"
IPO,,中星联华科技(北京)股份有限公司,2026,2026-06-30,"['安行', '李强']"
IPO,,深圳星网信通科技股份有限公司,2026,2026-06-30,"['付忠伟', '林梁丽']"
IPO,,森泰英格(成都)数控刀具股份有限公司,2026,2026-06-30,"['罗晓龙', '万懋晖']"
IPO,,杭州优云科技股份有限公司,2026,2026-06-30,"['夏均军', '周建辉']"
IPO,,苏州美昱新材料股份有限公司,2026,2026-06-30,"['陈长元', '田乃杰']"
IPO,,江苏嘉拓新能源智能装备股份有限公司,2026,2026-06-30,"['张宇', '程斌', '王忆', '蒋凡']"
IPO,,江苏振华海科装备科技股份有限公司,2026,2026-06-30,"['王震', '谢振伟', '陆有龙']"
IPO,,广东深鹏科技股份有限公司,2026,2026-06-30,"['秦劲力', '袁翠娴']"
IPO,,南通市久正人体工学股份有限公司,2026,2026-06-30,"['李赟莘', '谢俊']"
IPO,,无锡和烁丰科技集团股份有限公司,2026,2026-06-30,"['谢嘉', '丁鑫']"
IPO,,湖南澳维科技股份有限公司,2026,2026-06-30,"['刘智清', '孟双', '宾崟']"
IPO,,中煤(北京)环保股份有限公司,2026,2026-06-30,"['郁向军', '杨文建', '张林清', '何菲菲']"
IPO,,浙江同富特美刻股份有限公司,2026,2026-06-30,"['李静程', '李勇平', '乔鹏宇', '陶书成', '姚丽强']"
IPO,,上海恒润达生生物科技股份有限公司,2026,2026-06-30,"['李建彬', '郑伟平', '李雅莉']"
IPO,,兰升生物科技集团股份有限公司,2026,2026-07-03,"['李永江', '王二华', '陈丽芳']"
IPO,,北京煜鼎增材制造研究院股份有限公司,2026,2026-07-03,"['倪军', '刘勃游']"
IPO,,地通工业控股集团股份有限公司,2026,2026-07-03,"['鲁立', '王露']"
IPO,,上海思朗科技股份有限公司,2026,2026-07-07,"['郑纪安', '蔡金媛', '江佳鑫']"
IPO,,大连奥托股份有限公司,2026,2026-07-07,"['李飞', '崔健', '崔梅']"
IPO,,深圳智岩科技股份有限公司,2026,2026-07-07,"['吴惠煌', '刘侨敏']"
IPO,,上海羲禾科技股份有限公司,2026,2026-07-07,"['义国兵', '胡冬韵']"
IPO,,珠海云洲智能科技股份有限公司,2026,2026-07-07,"['杨熹', '徐书华', '阮玉姬']"
IPO,,杭州朗迅科技股份有限公司,2026,2026-07-08,"['朱大为', '郭云华', '俞晓佳']"
IPO,,杭州新剑机电传动股份有限公司,2026,2026-07-08,"['陈瑛瑛', '吴一鸣']"
IPO,,英韧科技股份有限公司,2026,2026-07-08,"['韩云翠', '文玲']"
IPO,,北京必迈体育股份有限公司,2026,2026-07-10,"['王首一', '周皓月']"
IPO,,上海西井科技股份有限公司,2026,2026-07-10,"['李朝蒙', '王辉达']"
IPO,,广东高标智能科技股份有限公司,2026,2026-07-10,"['陈链武', '黄慧君']"
IPO,,南京沃天科技股份有限公司,2026,2026-07-10,"['郭福艳', '戴超']"
IPO,,伊莱特能源装备股份有限公司,2026,2026-07-10,"['管金明', '潘玉静']"
IPO,,苏州法特迪科技股份有限公司,2026,2026-07-11,"['滕培彬', '余慧玲']"
IPO,,宸芯科技股份有限公司,2026,2026-07-12,"['王红海', '程雪玲']"
IPO,,博雅新材料股份有限公司,2026,2026-07-12,"['王磊', '张美丽']"
IPO,,上海隐冠半导体技术股份有限公司,2026,2026-07-12,"['李新民', '王堪玉']"
IPO,,深圳鹏城新能科技股份有限公司,2026,2026-07-14,"['欧昌献', '段瑞国', '吕朋']"
IPO,,北京术锐机器人股份有限公司,2026,2026-07-15,"['林盛宇', '陆成']"
IPO,,杭州湘滨电子科技股份有限公司,2026,2026-07-16,"['彭远卓', '朱德阳', '胡晓辰']"
IPO,,东方晶源微电子科技(北京)股份有限公司,2026,2026-07-16,"['马林', '程旭敏']"
IPO,,上海维安电子股份有限公司,2026,2026-07-17,"['董舒', '唐奕']"
IPO,,上海如鲲新材料股份有限公司,2026,2026-07-18,"['朱大为', '方俊鸣']"
IPO,,禾润电子科技(嘉兴)股份有限公司,2026,2026-07-18,"['张琦', '冯海淼']"
IPO,,广东科杰技术股份有限公司,2026,2026-07-19,"['张先发', '杨三生', '黄晓慧']"
IPO,,江苏鲁汶仪器股份有限公司,2026,2026-07-19,"['李成林', '杨晋芳', '段佳磊']"
IPO,,池州华宇电子科技股份有限公司,2026,2026-07-20,"['程翔', '王伟亮', '宣陈峰', '杨晓龙']"
IPO,,江苏联博精密科技股份有限公司,2026,2026-07-21,"['周睿', '杨明新', '汪娟']"
IPO,,中电防务科技股份有限公司,2026,2026-07-21,"['龚荣华', '陈燎东']"
IPO,,苏州维衡科技股份有限公司,2026,2026-07-22,"['俞国徽', '潘思兰', '黄萍萍']"
IPO,,重庆耐德能源装备股份有限公司,2026,2026-07-22,"['弋守川', '刘群', '余国豪']"
IPO,,苏州维嘉科技股份有限公司,2026,2026-07-22,"['冉士龙', '沈妍', '李刚']"
IPO,,北京世维通科技股份有限公司,2026,2026-07-22,"['唐恒飞', '崔逢华']"
IPO,,苏州长城精工科技股份有限公司,2026,2026-07-23,"['沈重', '曾红', '章浩']"
IPO,,江苏永康智能防务科技股份有限公司,2026,2026-07-24,"['王书彦', '谭冉冉', '吴阅鸿']"
IPO,,苏州瑞高新材料股份有限公司,2026,2026-07-25,"['褚诗炜', '潘思兰', '闫琴']"
IPO,,江苏超力电器股份有限公司,2026,2026-07-26,"['陈勇', '陈培培', '孟凡宝']"
IPO,,荣信汇科电气股份有限公司,2026,2026-07-27,"['纪玉红', '时静']"
IPO,000927,000927,2012,2012-07-06,"['郝京梅', '陈中晔']"
IPO,000927,000927,2014,2014-03-11,"['崔劲', '徐斌']"
IPO,001201,001201,2020,2020-06-05,"['关文源', '童珍']"
IPO,001202,001202,2020,2020-06-19,"['彭宗显', '黎永键']"
IPO,001202,001202,2021,2021-01-04,"['彭宗显', '黎永键']"
IPO,001203,001203,2012,2012-04-11,"['季丰', '吴少华']"
IPO,001203,001203,2014,2014-05-04,"['季丰', '吴少华']"
IPO,001203,001203,2020,2020-06-24,"['林鹏飞', '唐谷']"
IPO,001205,001205,2020,2020-07-03,"['邱平', '郑艳']"
IPO,001205,001205,2021,2021-01-14,"['邱平', '郑艳']"
IPO,001206,001206,2020,2020-05-22,"['吴育岐', '赵欣']"
IPO,001207,001207,2020,2020-06-19,"['荆秀梅', '李景伟']"
IPO,001208,001208,2020,2020-07-03,"['郑生军', '周融']"
IPO,001208,001208,2021,2021-02-02,"['郑生军', '周融']"
IPO,001209,001209,2020,2020-07-03,"['张腾', '彭景裕']"
IPO,001209,001209,2021,2021-01-14,"['张腾', '彭景裕']"
IPO,001210,001210,2017,2017-09-01,"['王振宇', '王昆']"
IPO,001210,001210,2018,2018-04-09,"['王振宇', '王昆']"
IPO,001210,001210,2020,2020-07-03,"['王振宇', '楚福娟']"
IPO,001210,001210,2021,2021-02-02,"['王振宇', '楚福娟']"
IPO,001211,001211,2020,2020-07-03,"['黄敬臣', '王书彦']"
IPO,001211,001211,2021,2021-03-09,"['黄敬臣', '王书彦', '程超']"
IPO,001212,001212,2020,2020-07-03,"['王首一', '高勃']"
IPO,001212,001212,2021,2021-01-04,"['王首一', '高勃']"
IPO,001213,001213,2020,2020-07-03,"['张昆', '宗承勇']"
IPO,001215,001215,2020,2020-06-19,"['王立新', '高天福']"
IPO,001216,001216,2017,2017-10-20,"['贺焕华', '李新葵']"
IPO,001216,001216,2020,2020-03-06,"['李新葵', '张红']"
IPO,001216,001216,2021,2021-01-06,"['李新葵', '张红']"
IPO,001217,001217,2020,2020-07-03,"['黄晓奇', '金珊']"
IPO,001218,001218,2016,2016-05-27,"['唐向荣', '周健']"
IPO,001218,001218,2020,2020-09-18,"['陈志芳', '蒋晓明']"
IPO,001218,001218,2021,2021-06-28,"['陈志芳', '蒋晓明']"
IPO,001219,001219,2020,2020-07-03,"['王婷', '张天竹']"
IPO,001219,001219,2021,2021-01-20,"['王婷', '张天竹']"
IPO,001220,001220,2022,2022-06-22,"['刘海山', '杨秋实']"
IPO,001220,001220,2023,2023-03-02,"['刘海山', '杨秋实']"
IPO,001220,001220,2025,2025-09-30,"['刘海山', '杨秋实']"
IPO,001221,001221,2022,2022-07-01,"['洪文伟', '徐惠剑', '冯军']"
IPO,001221,001221,2023,2023-01-06,"['洪文伟', '徐惠剑', '冯军']"
IPO,001221,001221,2024,2024-06-30,"['洪文伟', '徐惠剑', '冯军']"
IPO,001221,001221,2025,2025-01-24,"['洪文伟', '徐惠剑', '冯军']"
IPO,001221,001221,2025,2025-04-11,"['徐惠剑', '洪文伟']"
IPO,001222,001222,2021,2021-06-28,"['吴霆', '张学文']"
IPO,001223,001223,2021,2021-09-27,"['李剑', '姜丰丰']"
IPO,001223,001223,2022,2022-02-21,"['李剑', '姜丰丰']"
IPO,001225,001225,2021,2021-10-20,"['梁志勇', '周柯峰']"
IPO,001225,001225,2022,2022-03-07,"['梁志勇', '周柯峰']"
IPO,001226,001226,2021,2021-06-28,"['吕安吉', '陈蔡建']"
IPO,001227,001227,2016,2016-07-01,"['李惠琦', '傅智勇', '王东海', '薛业精']"
IPO,001227,001227,2018,2018-04-04,"['李惠琦', '傅智勇', '王东海', '薛业精']"
IPO,001228,001228,2020,2020-07-31,"['卢娅萍', '张建东']"
IPO,001228,001228,2021,2021-03-19,"['卢娅萍', '张建东']"
IPO,001229,001229,2021,2021-07-01,"['连声柱', '王娟']"
IPO,001230,001230,2021,2021-06-21,"['黄亚琼', '程超', '杨小飞', '吕淮海', '陶月爱']"
IPO,001231,001231,2021,2021-06-28,"['徐晋波', '吴金玲']"
IPO,001232,001232,2023,2023-06-30,"['杨敢林', '蔡晓枫', '林非']"
IPO,001232,001232,2024,2024-03-13,"['杨敢林', '蔡晓枫', '林非']"
IPO,001232,001232,2025,2025-07-01,"['杨敢林', '蔡晓枫', '林非']"
IPO,001232,001232,2026,2026-03-31,"['杨敢林', '蔡晓枫', '林非']"
IPO,001233,001233,2023,2023-06-12,"['许瑞生', '郑伟平', '牛又真', '褚诗炜', '黄剑']"
IPO,001233,001233,2024,2024-03-15,"['许瑞生', '郑伟平', '牛又真', '褚诗炜', '黄剑']"
IPO,001233,001233,2025,2025-04-23,"['许瑞生', '郑伟平', '牛又真', '褚诗炜', '黄剑']"
IPO,001233,001233,2025,2025-05-30,"['许瑞生', '郑伟平', '牛又真']"
IPO,001234,001234,2020,2020-12-08,"['王许', '雷飞飞']"
IPO,001234,001234,2021,2021-06-21,"['王许', '雷飞飞']"
IPO,001235,001235,2021,2021-06-22,"['廖利华', '李永超']"
IPO,001235,001235,2025,2025-06-30,"['王郁', '李永超']"
IPO,001235,001235,2026,2026-01-29,"['王郁', '李永超']"
IPO,001236,001236,2017,2017-12-29,"['陈思杰', '潘盛']"
IPO,001236,001236,2019,2019-05-22,"['陈思杰', '董帅']"
IPO,001236,001236,2021,2021-07-01,"['张玉虎', '栾永亮']"
IPO,001237,001237,2025,2025-06-12,"['黄婵娟', '于佳', '王瑞', '黄平']"
IPO,001237,001237,2025,2025-09-30,"['黄婵娟', '于佳', '王瑞']"
IPO,001237,001237,2026,2026-01-09,"['黄婵娟', '于佳', '王瑞', '黄平']"
IPO,001237,001237,2026,2026-01-22,"['黄婵娟', '于佳', '王瑞']"
IPO,001238,001238,2016,2016-06-24,"['孙文军', '沈云强']"
IPO,001238,001238,2017,2017-10-17,"['孙文军', '边珊姗']"
IPO,001238,001238,2021,2021-07-01,"['孙文军', '潘建武']"
IPO,001239,001239,2022,2022-07-01,"['刘宇科', '徐兴宏']"
IPO,001239,001239,2023,2023-01-06,"['刘宇科', '徐兴宏', '文杰']"
IPO,001239,001239,2023,2023-06-08,"['邹棒', '熊林', '邓争艳']"
IPO,001248,001248,2025,2025-03-14,"['陈子民', '林启兴']"
IPO,001248,001248,2026,2026-04-02,"['陈子民', '林启兴']"
IPO,001255,001255,2021,2021-07-01,"['李惠丰', '朱作武', '沈永庭']"
IPO,001256,001256,2021,2021-09-27,"['李勇平', '陈云艳', '梁潇']"
IPO,001256,001256,2022,2022-02-16,"['李勇平', '陈云艳', '梁潇']"
IPO,001257,001257,2025,2025-05-21,"['谈朝晖', '王硕炜', '刘青荣', '符振振']"
IPO,001257,001257,2025,2025-09-30,"['谈朝晖', '王硕炜']"
IPO,001257,001257,2025,2025-11-14,"['谈朝晖', '李华楠', '王硕炜', '刘青荣', '符振振']"
IPO,001257,001257,2025,2025-12-23,"['谈朝晖', '李华楠']"
IPO,001257,001257,2026,2026-01-07,"['谈朝晖', '李华楠']"
IPO,001258,001258,2021,2021-06-04,"['刘国辉', '崔明']"
IPO,001259,001259,2021,2021-06-22,"['李秀华', '赵丽丽']"
IPO,001259,001259,2022,2022-01-18,"['李民', '田晓']"
IPO,001260,001260,2021,2021-07-01,"['纪玉红', '李成林', '赵海蕊']"
IPO,001266,001266,2021,2021-06-22,"['上官胜', '李潇', '王天玥']"
IPO,001268,001268,2021,2021-05-27,"['吴萃柿', '陈金龙']"
IPO,001269,001269,2020,2020-06-24,"['屈先富', '张磊', '林星']"
IPO,001269,001269,2020,2020-12-16,"['屈先富', '张磊', '林大坤']"
IPO,001270,001270,2021,2021-07-01,"['张朝铖', '秦晓锋']"
IPO,001277,001277,2019,2019-12-20,"['陈中江', '叶怀敏']"
IPO,001277,001277,2020,2020-06-29,"['陈中江', '叶怀敏']"
IPO,001277,001277,2021,2021-01-06,"['陈中江', '叶怀敏']"
IPO,001277,001277,2022,2022-06-22,"['叶怀敏', '赵凯旋']"
IPO,001277,001277,2023,2023-01-13,"['叶怀敏', '赵凯旋']"
IPO,001277,001277,2023,2023-02-27,"['李德勇', '叶艳里', '陈中江', '叶怀敏', '赵凯旋']"
IPO,001277,001277,2023,2023-08-31,"['顾峰', '田无忌']"
IPO,001277,001277,2024,2024-05-06,"['李德勇', '叶艳里', '陈中江', '叶怀敏', '赵凯旋']"
IPO,001278,001278,2022,2022-01-06,"['李美文', '余元园']"
IPO,001279,001279,2022,2022-06-22,"['胡新荣', '朱鑫炎', '晋永杰']"
IPO,001279,001279,2023,2023-01-13,"['胡新荣', '朱鑫炎', '晋永杰']"
IPO,001279,001279,2023,2023-03-03,"['胡新荣', '朱鑫炎', '晋永杰', '王艳', '李飞', '徐捷']"
IPO,001279,001279,2023,2023-09-07,"['沙千里', '黄栩', '崔蔚琳']"
IPO,001279,001279,2024,2024-01-11,"['沙千里', '黄栩', '崔蔚琳']"
IPO,001280,001280,2024,2024-06-20,"['李洪', '李玉龙', '全义高', '徐巍然']"
IPO,001280,001280,2025,2025-06-13,"['李洪', '李玉龙', '全义高', '徐巍然']"
IPO,001280,001280,2025,2025-09-05,"['李洪', '李玉龙']"
IPO,001282,001282,2022,2022-05-09,"['付劲勇', '陈莲', '杨文建']"
IPO,001282,001282,2023,2023-02-20,"['付劲勇', '陈莲', '杨文建']"
IPO,001283,001283,2021,2021-06-22,"['王建新', '李文茜']"
IPO,001285,001285,2023,2023-12-26,"['银雪姣', '赵奎']"
IPO,001285,001285,2024,2024-01-23,"['银雪姣', '赵奎']"
IPO,001285,001285,2025,2025-02-21,"['银雪姣', '赵奎']"
IPO,001286,001286,2021,2021-12-14,"['杨洪武', '刘玉文', '朱洪雄', '高洪艳']"
IPO,001286,001286,2022,2022-05-19,"['杨洪武', '刘玉文', '朱洪雄', '高洪艳']"
IPO,001286,001286,2023,2023-02-20,"['杨洪武', '刘玉文', '朱洪雄', '高洪艳']"
IPO,001286,001286,2023,2023-03-16,"['杨洪武', '刘玉文']"
IPO,001287,001287,2021,2021-12-10,"['潘传云', '侯光兰']"
IPO,001287,001287,2022,2022-04-21,"['潘传云', '侯光兰']"
IPO,001287,001287,2023,2023-02-20,"['潘传云', '侯光兰']"
IPO,001288,001288,2020,2020-07-03,"['吴萃柿', '刘泽涵']"
IPO,001288,001288,2021,2021-01-18,"['吴萃柿', '刘泽涵']"
IPO,001296,001296,2016,2016-06-24,"['张凯', '于波成']"
IPO,001296,001296,2017,2017-11-07,"['张凯', '于波成']"
IPO,001298,001298,2021,2021-08-27,"['申军', '王守军']"
IPO,001299,001299,2019,2019-11-22,"['邱程红', '高靖杰']"
IPO,001299,001299,2021,2021-06-28,"['邱程红', '高靖杰']"
IPO,001300,001300,2021,2021-07-01,"['王晖', '杨帅']"
IPO,001300,001300,2022,2022-01-06,"['王晖', '杨帅']"
IPO,001301,001301,2021,2021-07-01,"['王甫荣', '昝丽涛']"
IPO,001301,001301,2022,2022-01-18,"['王甫荣', '昝丽涛']"
IPO,001306,001306,2022,2022-03-21,"['伍贤春', '邱麟凯', '陈志维', '赵成见']"
IPO,001306,001306,2023,2023-02-23,"['伍贤春', '邱麟凯', '陈志维', '赵成见']"
IPO,001306,001306,2023,2023-05-25,"['胡洁', '魏栋梁']"
IPO,001308,001308,2021,2021-06-22,"['林汉波', '黄小明']"
IPO,001309,001309,2020,2020-10-13,"['杨春盛', '何海文']"
IPO,001309,001309,2021,2021-02-09,"['杨春盛', '何海文']"
IPO,001311,001311,2021,2021-06-21,"['束哲民', '陈艳', '秦聪']"
IPO,001311,001311,2022,2022-03-01,"['束哲民', '陈艳', '秦聪']"
IPO,001312,001312,2025,2025-06-24,"['陈焱鑫', '徐银', '吴珊珊', '刘政帮', '孙玮', '顾喆奇']"
IPO,001312,001312,2025,2025-07-09,"['陈焱鑫', '徐银']"
IPO,001312,001312,2026,2026-01-14,"['陈焱鑫', '徐银']"
IPO,001313,001313,2018,2018-12-28,"['周百鸣', '解维', '张剑']"
IPO,001313,001313,2020,2020-12-31,"['周百鸣', '解维', '张剑']"
IPO,001313,001313,2021,2021-06-28,"['周百鸣', '解维', '张剑']"
IPO,001314,001314,2021,2021-07-01,"['李文茜', '肖铁青', '陈琼', '王丹', '钟宇']"
IPO,001314,001314,2022,2022-01-06,"['李文茜', '肖铁青', '陈琼', '王丹', '钟宇']"
IPO,001316,001316,2021,2021-07-01,"['陈志刚', '赵阳']"
IPO,001317,001317,2020,2020-07-07,"['陈应爵', '黄娜']"
IPO,001317,001317,2020,2020-12-08,"['黄娜', '张凯', '倪意', '陈应爵', '曾丽娟']"
IPO,001317,001317,2021,2021-04-22,"['黄娜', '张凯', '倪意', '陈应爵', '曾丽娟']"
IPO,001318,001318,2021,2021-06-21,"['张磊', '王皓东', '闫磊']"
IPO,001319,001319,2021,2021-07-01,"['屈先富', '扶交亮']"
IPO,001322,001322,2021,2021-07-01,"['古范球', '邓庆慧', '钟宇', '邓庆慧']"
IPO,001322,001322,2022,2022-01-06,"['古范球', '邓庆慧', '钟宇', '邓庆慧']"
IPO,001323,001323,2021,2021-06-22,"['黄声森', '赵娟娟']"
IPO,001324,001324,2022,2022-01-06,"['郁向军', '程超', '金文娟']"
IPO,001324,001324,2023,2023-02-20,"['郁向军', '程超', '金文娟']"
IPO,001325,001325,2022,2022-01-06,"['吴广', '叶萍']"
IPO,001325,001325,2023,2023-06-26,"['吴广', '叶萍', '赵海荣', '卜刚军', '张斌']"
IPO,001325,001325,2024,2024-01-22,"['吴广', '叶萍', '赵海荣', '卜刚军', '张斌']"
IPO,001325,001325,2025,2025-07-01,"['吴广', '叶萍', '赵海荣', '卜刚军', '张斌']"
IPO,001325,001325,2025,2025-09-19,"['吴广', '叶萍']"
IPO,001326,001326,2022,2022-06-06,"['杨熹', '徐书华']"
IPO,001326,001326,2023,2023-02-22,"['杨熹', '徐书华']"
IPO,001326,001326,2023,2023-05-11,"['何煦', '何子彬', '柯燕军']"
IPO,001328,001328,2022,2022-06-06,"['弋守川', '唐明', '谢静欣']"
IPO,001328,001328,2023,2023-02-20,"['弋守川', '唐明', '谢静欣']"
IPO,001330,001330,2017,2017-10-13,"['邓登峰', '刘剑华']"
IPO,001330,001330,2020,2020-08-24,"['乔如林', '张扬', '郑超', '刘剑华', '邓登峰']"
IPO,001331,001331,2021,2021-07-01,"['胡新荣', '蔡浩', '李朝蒙', '张翔']"
IPO,001332,001332,2015,2015-11-13,"['毛仁裕', '提汝明']"
IPO,001332,001332,2019,2019-06-14,"['夏利忠', '姚植基']"
IPO,001332,001332,2021,2021-10-15,"['潘永祥', '姚植基']"
IPO,001333,001333,2020,2020-05-26,"['陈彩琴', '周晨']"
IPO,001333,001333,2021,2021-01-12,"['陈彩琴', '周晨']"
IPO,001333,001333,2021,2021-08-18,"['沃巍勇', '周晨', '陈彩琴']"
IPO,001333,001333,2022,2022-01-06,"['沃巍勇', '周晨', '陈彩琴']"
IPO,001335,001335,2022,2022-09-30,"['谢贤庆', '伍思泷']"
IPO,001335,001335,2023,2023-03-03,"['谢贤庆', '伍思泷']"
IPO,001335,001335,2023,2023-03-23,"['翟晓宁', '曹吉诚', '洪建明', '谢贤庆', '伍思泷']"
IPO,001335,001335,2025,2025-01-08,"['翟晓宁', '曹吉诚', '洪建明', '谢贤庆', '伍思泷']"
IPO,001335,001335,2025,2025-01-15,"['谢贤庆', '伍思泷']"
IPO,001336,001336,2021,2021-06-28,"['梁志勇', '王志浩']"
IPO,001337,001337,2021,2021-09-29,"['李元良', '彭雅慧']"
IPO,001337,001337,2022,2022-02-21,"['李元良', '彭雅慧']"
IPO,001338,001338,2021,2021-06-28,"['陈建孝', '杜维伟']"
IPO,001339,001339,2021,2021-07-01,"['陈孛', '秦劲力']"
IPO,001356,001356,2022,2022-07-01,"['陈颖', '杨晓燕']"
IPO,001356,001356,2023,2023-01-20,"['陈颖', '杨晓燕']"
IPO,001356,001356,2024,2024-11-04,"['陈颖', '杨晓燕']"
IPO,001358,001358,2019,2019-06-03,"['李惠丰', '邓红玉', '邓戒刚']"
IPO,001358,001358,2020,2020-07-31,"['李惠丰', '邓红玉']"
IPO,001358,001358,2020,2020-08-30,"['陈建荣', '杨华军']"
IPO,001358,001358,2021,2021-01-12,"['李惠丰', '邓红玉']"
IPO,001358,001358,2021,2021-02-01,"['陈建荣', '杨华军']"
IPO,001358,001358,2021,2021-11-12,"['李惠丰', '刘亚芹', '邱俊杰']"
IPO,001358,001358,2022,2022-03-01,"['李惠丰', '刘亚芹', '邱俊杰']"
IPO,001358,001358,2023,2023-02-23,"['李惠丰', '刘亚芹', '邱俊杰']"
IPO,001358,001358,2023,2023-05-18,"['李惠丰', '刘亚芹', '邱俊杰', '邓红玉', '邓戒刚']"
IPO,001358,001358,2023,2023-05-25,"['陈建荣', '杨华军']"
IPO,001359,001359,2022,2022-07-01,"['朱中伟', '丁素军']"
IPO,001359,001359,2023,2023-03-02,"['朱中伟', '丁素军']"
IPO,001359,001359,2023,2023-05-18,"['浦洪', '徐帅', '汤海龙', '潘倩']"
IPO,001359,001359,2023,2023-09-11,"['浦洪', '徐帅', '汤海龙']"
IPO,001360,001360,2022,2022-05-19,"['祁涛', '马玥', '程乙北']"
IPO,001360,001360,2023,2023-02-20,"['祁涛', '马玥', '程乙北']"
IPO,001365,001365,2025,2025-06-26,"['文娜杰', '彭秋华', '严杰', '廖朝理', '范晶晶']"
IPO,001365,001365,2025,2025-09-30,"['文娜杰', '彭秋华', '严杰']"
IPO,001365,001365,2026,2026-01-09,"['文娜杰', '彭秋华', '严杰', '廖朝理', '范晶晶']"
IPO,001365,001365,2026,2026-01-16,"['文娜杰', '彭秋华', '严杰']"
IPO,001366,001366,2021,2021-07-01,"['肖强光', '李勉', '陈新敏']"
IPO,001366,001366,2022,2022-01-18,"['肖强光', '李勉', '陈新敏']"
IPO,001367,001367,2021,2021-12-21,"['李惠丰', '邓红玉', '严钊']"
IPO,001367,001367,2022,2022-03-21,"['李惠丰', '邓红玉', '严钊']"
IPO,001367,001367,2023,2023-02-20,"['李惠丰', '邓红玉', '严钊']"
IPO,001367,001367,2023,2023-03-16,"['邓红玉', '李惠丰']"
IPO,001368,001368,2021,2021-11-05,"['郑丽惠', '蔡斌']"
IPO,001368,001368,2022,2022-04-01,"['郑丽惠', '蔡斌']"
IPO,001369,001369,2022,2022-07-01,"['强桂英', '张立元']"
IPO,001369,001369,2023,2023-01-20,"['强桂英', '张立元']"
IPO,001369,001369,2025,2025-10-16,"['强桂英', '张立元']"
IPO,001373,001373,2022,2022-01-27,"['陈笑春', '赵海荣']"
IPO,001373,001373,2023,2023-02-20,"['陈笑春', '赵海荣']"
IPO,001376,001376,2021,2021-09-13,"['于建永', '陈伟', '杜武明', '于建松', '胡涛', '薛峰']"
IPO,001376,001376,2022,2022-02-16,"['于建永', '陈伟', '杜武明', '于建松', '胡涛', '薛峰']"
IPO,001378,001378,2020,2020-06-29,"['郭小军', '李伟']"
IPO,001378,001378,2021,2021-01-05,"['郭小军', '李伟']"
IPO,001378,001378,2022,2022-03-21,"['陈丹燕', '李伟']"
IPO,001378,001378,2023,2023-03-02,"['陈丹燕', '郭小军', '李伟']"
IPO,001378,001378,2023,2023-05-18,"['程益群', '高毛英']"
IPO,001379,001379,2022,2022-07-01,"['陈春波', '崔晶晶']"
IPO,001379,001379,2023,2023-01-13,"['陈春波', '崔晶晶']"
IPO,001379,001379,2023,2023-06-20,"['孙立', '乔营强', '敖菁萍']"
IPO,001380,001380,2022,2022-04-08,"['凌燕', '陈磊', '刘媛媛']"
IPO,001380,001380,2023,2023-01-06,"['凌燕', '陈磊', '刘媛媛']"
IPO,001382,001382,2023,2023-03-29,"['曹创', '彭敏', '李轲']"
IPO,001382,001382,2024,2024-12-30,"['曹创', '彭敏', '李轲']"
IPO,001382,001382,2025,2025-01-09,"['曹创', '彭敏', '李轲']"
IPO,001386,001386,2022,2022-05-19,"['刘迪', '高强', '吴凯民']"
IPO,001386,001386,2023,2023-03-02,"['刘迪', '高强', '吴凯民']"
IPO,001386,001386,2024,2024-01-02,"['刘迪', '高强', '吴凯民']"
IPO,001386,001386,2024,2024-05-16,"['杨运辉', '吴凯民', '陈楚君']"
IPO,001386,001386,2025,2025-01-14,"['杨运辉', '吴凯民', '陈楚君']"
IPO,001387,001387,2022,2022-09-30,"['宛云龙', '琚晶晶', '牛晓咪', '方长顺']"
IPO,001387,001387,2023,2023-02-03,"['宛云龙', '琚晶晶', '牛晓咪', '方长顺']"
IPO,001387,001387,2023,2023-07-14,"['李丽', '齐曼']"
IPO,001388,001388,2021,2021-09-29,"['王健', '杨国杰']"
IPO,001388,001388,2022,2022-04-08,"['王健', '杨国杰']"
IPO,001388,001388,2023,2023-03-02,"['王健', '谢贤杰', '杨国杰', '李艳生', '陈春雷', '罗炳勤', '刘凤文', '赵艳美', '王宗佩']"
IPO,001388,001388,2024,2024-01-24,"['王健', '谢贤杰', '杨国杰', '李艳生', '陈春雷', '罗炳勤', '刘凤文', '赵艳美', '王宗佩']"
IPO,001388,001388,2024,2024-02-02,"['王健', '谢贤杰', '杨国杰']"
IPO,001388,001388,2025,2025-01-13,"['王健', '谢贤杰', '杨国杰', '李艳生', '陈春雷', '罗炳勤', '刘凤文', '赵艳美', '王宗佩']"
IPO,001388,001388,2025,2025-04-28,"['王健', '谢贤杰', '杨国杰']"
IPO,001389,001389,2020,2020-12-22,"['桑涛', '吴静']"
IPO,001389,001389,2021,2021-01-20,"['桑涛', '吴静']"
IPO,001389,001389,2022,2022-07-01,"['桑涛', '吴静']"
IPO,001389,001389,2023,2023-01-06,"['桑涛', '吴静']"
IPO,001389,001389,2023,2023-07-06,"['蒋鹏', '杨蓉', '刘清丽']"
IPO,001390,001390,2022,2022-07-01,"['胡宏', '李丙仁', '陈赛红']"
IPO,001390,001390,2023,2023-01-06,"['胡宏', '李丙仁', '陈赛红']"
IPO,001390,001390,2024,2024-01-04,"['胡宏', '李丙仁', '陈赛红']"
IPO,001390,001390,2024,2024-09-26,"['朱晶', '陈凌威']"
IPO,001390,001390,2025,2025-02-12,"['朱晶', '陈凌威']"
IPO,001391,001391,2023,2023-01-06,"['陆京泽', '郭静']"
IPO,001391,001391,2024,2024-10-10,"['陆京泽', '郭静']"
IPO,001393,001393,2025,2025-06-21,"['费方华', '徐澄宬']"
IPO,001393,001393,2026,2026-01-05,"['费方华', '徐澄宬']"
IPO,001395,001395,2022,2022-06-22,"['曹雪洁', '安洪滨', '张璐璐']"
IPO,001395,001395,2023,2023-03-01,"['曹雪洁', '安洪滨', '张璐璐']"
IPO,001395,001395,2024,2024-10-22,"['曹雪洁', '安洪滨', '张璐璐']"
IPO,001396,001396,2022,2022-10-28,"['潘汝彬', '潘坤', '刘文剑']"
IPO,001396,001396,2023,2023-03-03,"['潘汝彬', '潘坤', '刘文剑']"
IPO,001396,001396,2023,2023-06-30,"['潘坤', '刘文剑']"
IPO,001396,001396,2025,2025-09-22,"['潘坤', '刘文剑', '潘汝彬']"
IPO,001396,001396,2025,2025-10-09,"['潘坤', '刘文剑']"
IPO,001399,001399,2022,2022-06-24,"['叶涵', '陈华']"
IPO,001399,001399,2023,2023-01-05,"['叶涵', '陈华']"
IPO,001399,001399,2025,2025-06-30,"['叶涵', '郑燕玲']"
IPO,001399,001399,2026,2026-01-22,"['叶涵', '郑燕玲']"
IPO,001400,001400,2021,2021-08-13,"['孙广友', '杨浩峰']"
IPO,001400,001400,2022,2022-01-24,"['孙广友', '杨浩峰']"
IPO,001400,001400,2023,2023-02-27,"['孙广友', '杨浩峰']"
IPO,001400,001400,2024,2024-01-12,"['孙广友', '杨浩峰']"
IPO,001400,001400,2024,2024-09-26,"['毕兴亮', '朱兴伟']"
IPO,001400,001400,2025,2025-03-13,"['毕兴亮', '朱兴伟']"
IPO,002665,002665,2012,2012-01-30,"['罗军', '崔迎']"
IPO,002666,002666,2011,2011-12-02,"['王韶华', '陈昭']"
IPO,002667,002667,2011,2011-11-11,"['李晓刚', '张巍', '李进德', '宁华', '魏弘']"
IPO,002668,002668,2011,2011-10-27,"['裘小燕', '韩军民']"
IPO,002669,002669,2011,2011-12-22,"['沈在斌', '林宏华']"
IPO,002670,002670,2011,2011-12-30,"['胡春元', '夏红明']"
IPO,002671,002671,2012,2012-01-12,"['罗炳勤', '赵卫华']"
IPO,002673,002673,2011,2011-10-20,"['刘贵彬', '丁勇']"
IPO,002674,002674,2011,2011-12-23,"['林新田', '陈连锋']"
IPO,002675,002675,2011,2011-12-31,"['张敬鸿', '徐建来']"
IPO,002676,002676,2012,2012-06-21,"['王韶华', '陈昭']"
IPO,002677,002677,2012,2012-01-05,"['孙文军', '徐晋波']"
IPO,002678,002678,2012,2012-02-17,"['王翼初', '徐聃']"
IPO,002679,002679,2012,2012-02-24,"['李建彬', '林宏华']"
IPO,002680,002680,2012,2012-03-02,"['孟荣芳', '麦福伦', '田华']"
IPO,002681,002681,2012,2012-03-09,"['谢军', '朱子武', '王艳宾']"
IPO,002682,002682,2012,2012-02-03,"['匡敏', '张建国']"
IPO,002683,002683,2012,2012-03-12,"['黄伟成', '吴震']"
IPO,002684,002684,2012,2012-03-16,"['何国铨', '杨文蔚']"
IPO,002685,002685,2012,2012-02-01,"['谢卉', '李蕊']"
IPO,002686,002686,2012,2012-03-09,"['祁卫红', '吴伶伶']"
IPO,002687,002687,2012,2012-03-02,"['沈利刚', '洪全付']"
IPO,002688,002688,2011,2011-11-18,"['邵芳贤', '雷军锋']"
IPO,002689,002689,2012,2012-02-24,"['罗本金', '贾洪常']"
IPO,002690,002690,2012,2012-02-15,"['吕勇军', '吴琳', '唐尧']"
IPO,002691,002691,2012,2012-02-17,"['周重揆', '刘绍秋']"
IPO,002692,002692,2012,2012-02-08,"['柏凌菁', '薛敏']"
IPO,002693,002693,2012,2012-03-16,"['刘泽波', '余广林']"
IPO,002694,002694,2012,2012-03-02,"['倪俊', '张金才']"
IPO,002695,002695,2012,2012-03-30,"['朱颖', '周永厦']"
IPO,002698,002698,2012,2012-03-07,"['谢卉', '朱建民']"
IPO,002700,002700,2012,2012-04-19,"['金顺兴', '李志光']"
IPO,002701,002701,2012,2012-03-01,"['陈静', '魏建鹏']"
IPO,002702,002702,2012,2012-03-30,"['郑丽惠', '陈玉萍']"
IPO,002703,002703,2012,2012-04-06,"['钱江', '易繁', '张小东', '杨俊']"
IPO,002705,002705,2012,2012-05-14,"['顾燕君', '夏红明']"
IPO,002706,002706,2012,2012-04-06,"['王一芳', '张宇']"
IPO,002707,002707,2012,2012-05-09,"['李朝辉', '张春雨']"
IPO,002708,002708,2012,2012-03-30,"['张克东', '潘玉忠']"
IPO,002709,002709,2012,2012-03-30,"['童登书', '刘均山']"
IPO,002710,002710,2012,2012-03-23,"['树新', '李宏志']"
IPO,002711,002711,2012,2012-03-02,"['朱子武', '聂勇']"
IPO,002712,002712,2012,2012-06-29,"['翁伟', '胡燕华', '王福康']"
IPO,002713,002713,2012,2012-03-23,"['丁勇', '张连起']"
IPO,002714,002714,2012,2012-04-06,"['刘红', '李菊洁']"
IPO,002715,002715,2012,2012-03-23,"['夏斌', '郭晋龙']"
IPO,002716,002716,2012,2012-03-23,"['李第扩', '李新葵']"
IPO,002717,002717,2011,2011-07-01,"['王韶华', '陈昭']"
IPO,002718,002718,2012,2012-03-23,"['黄晔', '陈勇']"
IPO,002720,002720,2012,2012-04-11,"['巩启春', '王甫荣']"
IPO,002721,002721,2012,2012-04-24,"['张富根', '苗策']"
IPO,002722,002722,2012,2012-04-26,"['周琪', '邵振宇']"
IPO,002723,002723,2012,2012-03-23,"['李炜', '陈鹏']"
IPO,002724,002724,2012,2012-06-06,"['王湘飞', '刘汉']"
IPO,002724,002724,2014,2014-04-21,"['王增明', '刘汉']"
IPO,002725,002725,2012,2012-03-30,"['高峰', '周海斌']"
IPO,002726,002726,2012,2012-06-06,"['冯芸', '魏强']"
IPO,002726,002726,2014,2014-04-21,"['冯芸', '魏强']"
IPO,002727,002727,2012,2012-03-23,"['管云鸿', '徐毅']"
IPO,002728,002728,2012,2012-06-06,"['杨春盛', '洪霞']"
IPO,002728,002728,2012,2012-08-17,"['杨如生', '杨春盛', '洪霞']"
IPO,002728,002728,2014,2014-04-28,"['杨如生', '杨春盛', '洪霞']"
IPO,002729,002729,2014,2014-04-30,"['陈祖珍', '骆建新']"
IPO,002730,002730,2014,2014-04-25,"['沈维华', '陈志维']"
IPO,002731,002731,2014,2014-05-28,"['宫国超', '闫长满', '王晓凉']"
IPO,002732,002732,2014,2014-04-25,"['杨文蔚', '刘火旺']"
IPO,002733,002733,2014,2014-04-30,"['肖逸', '潘忠民']"
IPO,002734,002734,2014,2014-04-28,"['王需如', '王晓欣']"
IPO,002735,002735,2014,2014-04-29,"['朱中伟', '金顺兴']"
IPO,002736,002736,2014,2014-06-20,"['刘贵彬', '王宇桥']"
IPO,002737,002737,2014,2014-05-04,"['黄峰', '李萌']"
IPO,002738,002738,2014,2014-05-12,"['杨雄', '杨铭姝']"
IPO,002739,002739,2014,2014-04-21,"['刘志文', '韩旺']"
IPO,002740,002740,2014,2014-04-24,"['廖家河', '徐士宝']"
IPO,002741,002741,2014,2014-04-30,"['黄伟成', '李玉萍']"
IPO,002742,002742,2014,2014-04-25,"['龙文虎', '张凯']"
IPO,002743,002743,2012,2012-03-19,"['方长顺', '胡新荣', '汪玉寿']"
IPO,002745,002745,2011,2011-07-22,"['潘新华', '杨敢林']"
IPO,002746,002746,2012,2012-03-30,"['王晖', '迟慰']"
IPO,002747,002747,2014,2014-04-30,"['高峰', '孔令江']"
IPO,002747,002747,2015,2015-01-05,"['高峰', '孔令江']"
IPO,002748,002748,2012,2012-05-14,"['叶金福', '黄新']"
IPO,002748,002748,2014,2014-06-26,"['叶金福', '杨七虎']"
IPO,002749,002749,2014,2014-05-04,"['李敏', '秦茂']"
IPO,002749,002749,2015,2015-01-07,"['李敏', '秦茂']"
IPO,002750,002750,2014,2014-05-04,"['管云鸿', '陈荣举']"
IPO,002751,002751,2014,2014-05-20,"['陈志刚', '李春华']"
IPO,002751,002751,2015,2015-01-27,"['陈志刚', '李春华']"
IPO,002752,002752,2012,2012-03-08,"['李仕谦', '许瑞生']"
IPO,002753,002753,2014,2014-05-12,"['李冬梅', '臧青海', '王知先', '王东山', '熊涛', '李大山']"
IPO,002753,002753,2015,2015-01-26,"['李冬梅', '臧青海', '王知先', '王东山', '熊涛', '李大山']"
IPO,002755,002755,2014,2014-05-04,"['朱海武', '王振伟']"
IPO,002755,002755,2015,2015-02-13,"['朱海武', '王振伟']"
IPO,002756,002756,2012,2012-06-25,"['钟建国', '王强']"
IPO,002756,002756,2014,2014-06-30,"['钟建国', '王强']"
IPO,002756,002756,2015,2015-03-11,"['钟建国', '王强']"
IPO,002757,002757,2014,2014-04-21,"['王增明', '赵君']"
IPO,002757,002757,2015,2015-03-10,"['王增明', '赵君']"
IPO,002758,002758,2014,2014-05-14,"['沈利刚', '李勇平']"
IPO,002758,002758,2015,2015-03-24,"['沈利刚', '李勇平']"
IPO,002759,002759,2014,2014-05-14,"['何凌峰', '胡志刚']"
IPO,002759,002759,2015,2015-03-17,"['何凌峰', '胡志刚']"
IPO,002760,002760,2014,2014-05-06,"['李友菊', '宋文', '施琪璋', '姜慧慧', '胡宗林']"
IPO,002760,002760,2015,2015-04-15,"['李友菊', '宋文', '施琪璋', '姜慧慧', '胡宗林']"
IPO,002761,002761,2014,2014-04-25,"['刘智清', '李晓阳', '曾春卫']"
IPO,002761,002761,2015,2015-03-19,"['刘智清', '李晓阳', '曾春卫']"
IPO,002762,002762,2014,2014-05-05,"['王韶华', '洪文伟']"
IPO,002762,002762,2015,2015-03-20,"['王韶华', '洪文伟']"
IPO,002763,002763,2014,2014-05-05,"['孟荣芳', '黄海']"
IPO,002763,002763,2015,2015-04-10,"['孟荣芳', '黄海']"
IPO,002765,002765,2014,2014-06-23,"['徐家敏', '蒲春宇']"
IPO,002765,002765,2015,2015-03-26,"['徐家敏', '蒲春宇']"
IPO,002766,002766,2014,2014-05-05,"['田景亮', '陆贤锋']"
IPO,002766,002766,2015,2015-03-25,"['田景亮', '陆贤锋']"
IPO,002767,002767,2014,2014-04-29,"['刘凤美', '吴枫']"
IPO,002767,002767,2015,2015-04-14,"['刘凤美', '吴枫']"
IPO,002768,002768,2014,2014-04-25,"['路清', '赵法森']"
IPO,002768,002768,2015,2015-01-07,"['路清', '赵法森']"
IPO,002769,002769,2014,2014-05-05,"['周俊祥', '陈勇']"
IPO,002769,002769,2015,2015-04-16,"['周俊祥', '陈勇']"
IPO,002770,002770,2014,2014-04-22,"['靳爱民', '孙政军']"
IPO,002770,002770,2015,2015-04-14,"['靳爱民', '孙政军']"
IPO,002771,002771,2014,2014-04-28,"['童登书', '高楠']"
IPO,002771,002771,2015,2015-04-20,"['童登书', '高楠']"
IPO,002772,002772,2014,2014-05-30,"['黄丽琼', '石小满']"
IPO,002772,002772,2015,2015-04-24,"['黄丽琼', '李晓娜']"
IPO,002773,002773,2014,2014-05-20,"['罗东先', '唐松柏']"
IPO,002774,002774,2015,2015-05-08,"['李炜', '陈菁佩']"
IPO,002774,002774,2017,2017-01-13,"['李炜', '陈菁佩']"
IPO,002775,002775,2014,2014-05-05,"['刘洛', '黄河']"
IPO,002775,002775,2015,2015-04-10,"['刘洛', '刘振国']"
IPO,002776,002776,2014,2014-04-28,"['胡春元', '邹军梅']"
IPO,002776,002776,2015,2015-04-23,"['胡春元', '邹军梅']"
IPO,002777,002777,2014,2014-05-28,"['姚辉', '杨志平']"
IPO,002777,002777,2015,2015-04-09,"['姚辉', '杨志平']"
IPO,002778,002778,2014,2014-05-29,"['江永辉', '李红']"
IPO,002778,002778,2015,2015-05-27,"['江永辉', '李红']"
IPO,002779,002779,2014,2014-04-22,"['韩景利', '姜照东']"
IPO,002779,002779,2015,2015-05-18,"['韩景利', '姜照东']"
IPO,002780,002780,2014,2014-04-30,"['占铁华', '秦文']"
IPO,002780,002780,2015,2015-02-05,"['占铁华', '秦文']"
IPO,002781,002781,2014,2014-04-23,"['屈先富', '黄琼']"
IPO,002781,002781,2015,2015-02-05,"['屈先富', '黄琼']"
IPO,002782,002782,2012,2012-04-24,"['桑涛', '黎翔燕']"
IPO,002782,002782,2012,2012-09-03,"['高敏', '陈志君']"
IPO,002782,002782,2014,2014-06-26,"['高敏', '朱风娣']"
IPO,002783,002783,2014,2014-05-04,"['杨红青', '刘起德']"
IPO,002783,002783,2015,2015-05-15,"['杨红青', '刘起德']"
IPO,002785,002785,2014,2014-06-18,"['谢军', '刘霄']"
IPO,002785,002785,2015,2015-04-29,"['谢军', '刘霄']"
IPO,002786,002786,2014,2014-04-28,"['何凌峰', '李建宾']"
IPO,002786,002786,2015,2015-04-15,"['何凌峰', '李建宾']"
IPO,002787,002787,2014,2014-05-07,"['朱伟峰', '王柳']"
IPO,002787,002787,2015,2015-05-28,"['朱伟峰', '王柳']"
IPO,002788,002788,2014,2014-05-06,"['李建彬', '连益民']"
IPO,002788,002788,2015,2015-04-16,"['李建彬', '连益民']"
IPO,002789,002789,2014,2014-05-07,"['殷建民', '黄绍煌']"
IPO,002789,002789,2015,2015-06-05,"['殷建民', '黄绍煌']"
IPO,002790,002790,2014,2014-05-12,"['胡春元', '巫扬华']"
IPO,002790,002790,2015,2015-06-01,"['胡春元', '巫扬华']"
IPO,002791,002791,2014,2014-04-25,"['谢军', '叶庚波']"
IPO,002791,002791,2015,2015-06-08,"['谢军', '叶庚波']"
IPO,002792,002792,2014,2014-05-07,"['林万强', '?曹创']"
IPO,002792,002792,2015,2015-06-01,"['林万强', '?曹创']"
IPO,002793,002793,2014,2014-05-07,"['施其林', '章磊']"
IPO,002793,002793,2015,2015-06-01,"['施其林', '章磊']"
IPO,002795,002795,2014,2014-05-09,"['沈利刚', '魏琴']"
IPO,002795,002795,2015,2015-06-18,"['沈利刚', '魏琴', '范国荣']"
IPO,002796,002796,2014,2014-04-18,"['李友菊', '朱艳']"
IPO,002796,002796,2015,2015-06-17,"['李友菊', '朱艳']"
IPO,002797,002797,2014,2014-05-19,"['朱颖', '尤文杰']"
IPO,002797,002797,2015,2015-06-25,"['朱颖', '王斌']"
IPO,002798,002798,2014,2014-04-18,"['陈勇', '华毅鸿']"
IPO,002798,002798,2015,2015-11-20,"['陈勇', '华毅鸿']"
IPO,002799,002799,2014,2014-05-07,"['邱程红', '沈楠', '冯慧', '曹爱民']"
IPO,002799,002799,2015,2015-06-26,"['邱程红', '沈楠', '冯慧', '曹爱民']"
IPO,002800,002800,2014,2014-04-21,"['张晓义', '邢敏']"
IPO,002800,002800,2015,2015-06-26,"['张晓义', '邢敏']"
IPO,002801,002801,2014,2014-04-18,"['朱大为', '沈培强']"
IPO,002801,002801,2015,2015-07-01,"['朱大为', '沈培强']"
IPO,002802,002802,2014,2014-04-18,"['夏正曙', '王微']"
IPO,002802,002802,2015,2015-11-24,"['夏正曙', '王微']"
IPO,002803,002803,2014,2014-05-29,"['高庆华', '高明来']"
IPO,002803,002803,2015,2015-11-23,"['高庆华', '李彦芬', '高明来']"
IPO,002805,002805,2014,2014-06-19,"['何政', '于仁强']"
IPO,002805,002805,2015,2015-05-18,"['何政', '于仁强']"
IPO,002806,002806,2015,2015-11-27,"['杨文蔚', '张静璃']"
IPO,002807,002807,2014,2014-06-30,"['陈宏青', '张玉虎']"
IPO,002807,002807,2015,2015-12-21,"['陈宏青', '张玉虎']"
IPO,002808,002808,2014,2014-04-25,"['赵焕琪', '顾晓峰']"
IPO,002808,002808,2015,2015-06-25,"['赵焕琪', '顾晓峰']"
IPO,002809,002809,2015,2015-11-27,"['王韶华', '洪文伟']"
IPO,002810,002810,2014,2014-06-23,"['罗炳勤', '刘凤文']"
IPO,002810,002810,2015,2015-12-21,"['罗炳勤', '刘凤文']"
IPO,002811,002811,2014,2014-05-07,"['殷建民', '李细辉']"
IPO,002811,002811,2015,2015-11-25,"['殷建民', '李细辉']"
IPO,002812,002812,2015,2015-11-27,"['康文军', '杨利琳']"
IPO,002813,002813,2014,2014-05-22,"['章顺文', '华民']"
IPO,002813,002813,2015,2015-11-23,"['章顺文', '华民']"
IPO,002815,002815,2014,2014-05-19,"['钟平', '杨涟']"
IPO,002815,002815,2015,2015-07-01,"['钟平', '杨涟']"
IPO,002816,002816,2014,2014-06-18,"['王士玮', '徐立群']"
IPO,002816,002816,2015,2015-11-23,"['王士玮', '徐立群']"
IPO,002817,002817,2014,2014-05-07,"['乔如林', '马章松', '杜洪伟']"
IPO,002817,002817,2016,2016-04-28,"['乔如林', '马章松', '孙涛']"
IPO,002818,002818,2014,2014-04-29,"['郭东超', '廖继平']"
IPO,002818,002818,2016,2016-01-08,"['郭东超', '廖继平']"
IPO,002819,002819,2014,2014-05-06,"['潘帅', '李向凌']"
IPO,002819,002819,2016,2016-01-04,"['潘帅', '李向凌']"
IPO,002820,002820,2014,2014-05-27,"['刘磊', '李静']"
IPO,002820,002820,2016,2016-05-12,"['刘磊', '李静']"
IPO,002821,002821,2014,2014-05-07,"['占铁华', '肖桂莲', '张雪咏']"
IPO,002821,002821,2016,2016-05-06,"['占铁华', '肖桂莲', '张雪咏']"
IPO,002822,002822,2014,2014-05-07,"['屈先富', '黄琼']"
IPO,002822,002822,2016,2016-04-29,"['屈先富', '黄琼']"
IPO,002823,002823,2014,2014-05-23,"['屈先富', '黄琼']"
IPO,002823,002823,2016,2016-05-20,"['屈先富', '黄琼']"
IPO,002824,002824,2014,2014-06-27,"['潘新华', '任晓英']"
IPO,002824,002824,2016,2016-10-26,"['潘新华', '任晓英']"
IPO,002825,002825,2014,2014-06-13,"['孙文军', '沈云强']"
IPO,002825,002825,2016,2016-06-24,"['孙文军', '沈云强']"
IPO,002826,002826,2016,2016-02-19,"['张松柏', '林雯英']"
IPO,002827,002827,2016,2016-01-08,"['王友业', '强桂英']"
IPO,002828,002828,2014,2014-05-30,"['张居忠', '韩同新']"
IPO,002828,002828,2016,2016-03-11,"['张居忠', '韩同新']"
IPO,002829,002829,2014,2014-06-06,"['杨雄', '于长江']"
IPO,002829,002829,2016,2016-07-15,"['杨雄', '于长江']"
IPO,002830,002830,2014,2014-06-16,"['王韶华', '陈昭']"
IPO,002830,002830,2016,2016-04-05,"['王韶华', '陈昭']"
IPO,002831,002831,2014,2014-09-19,"['周荣铭', '章天赐']"
IPO,002831,002831,2016,2016-07-15,"['周荣铭', '章天赐']"
IPO,002832,002832,2014,2014-05-07,"['王韶华', '洪文伟']"
IPO,002832,002832,2016,2016-04-15,"['王韶华', '洪文伟']"
IPO,002833,002833,2014,2014-09-12,"['刘泽波', '许萍', '沈芸']"
IPO,002833,002833,2016,2016-07-14,"['刘泽波', '许萍', '沈芸']"
IPO,002835,002835,2014,2014-06-20,"['何晓明', '李志光']"
IPO,002835,002835,2016,2016-06-29,"['何晓明', '李志光']"
IPO,002836,002836,2014,2014-06-27,"['廖屹峰', '邓德祥', '沈艳', '邓四斌']"
IPO,002836,002836,2016,2016-07-15,"['胡建军', '廖屹峰', '沈艳', '邓四斌']"
IPO,002837,002837,2014,2014-10-24,"['崔岩', '杨艳']"
IPO,002837,002837,2016,2016-10-14,"['崔岩', '杨艳']"
IPO,002838,002838,2012,2012-05-17,"['王晖', '刘学伟']"
IPO,002838,002838,2014,2014-10-31,"['谢峰', '廖利华']"
IPO,002838,002838,2016,2016-09-23,"['谢峰', '廖利华']"
IPO,002839,002839,2014,2014-06-30,"['张彩斌', '黄元华']"
IPO,002839,002839,2016,2016-03-24,"['刘勇', '李钢']"
IPO,002840,002840,2014,2014-08-29,"['程志刚', '张林']"
IPO,002840,002840,2016,2016-10-14,"['程志刚', '张林']"
IPO,002841,002841,2014,2014-11-14,"['吴震', '黄春燕']"
IPO,002841,002841,2016,2016-09-19,"['吴震', '黄春燕']"
IPO,002842,002842,2014,2014-06-27,"['王旭彬', '张腾']"
IPO,002842,002842,2016,2016-10-14,"['王旭彬', '张腾']"
IPO,002843,002843,2014,2014-06-20,"['刘智清', '周曼']"
IPO,002843,002843,2016,2016-06-29,"['刘智清', '周曼']"
IPO,002845,002845,2014,2014-09-19,"['袁瑞彩', '杨轶彬']"
IPO,002845,002845,2016,2016-10-26,"['袁瑞彩', '武丽波']"
IPO,002846,002846,2015,2015-02-13,"['陈卫武', '卢志清']"
IPO,002846,002846,2016,2016-11-16,"['邹军梅', '卢志清', '康跃华']"
IPO,002847,002847,2015,2015-02-13,"['曹国强', '张笑']"
IPO,002847,002847,2016,2016-11-29,"['曹国强', '张笑']"
IPO,002848,002848,2014,2014-11-14,"['李剑', '张恩学']"
IPO,002848,002848,2016,2016-10-14,"['李剑', '张恩学']"
IPO,002849,002849,2015,2015-04-03,"['沈维华', '沈飞英']"
IPO,002849,002849,2016,2016-11-18,"['沈维华', '沈飞英']"
IPO,002850,002850,2014,2014-12-12,"['殷建民', '周关']"
IPO,002850,002850,2016,2016-11-08,"['殷建民', '周关']"
IPO,002851,002851,2015,2015-04-03,"['章归鸿', '符凤萍']"
IPO,002851,002851,2016,2016-12-09,"['章归鸿', '符凤萍']"
IPO,002852,002852,2015,2015-04-17,"['刘宇科', '徐兴宏']"
IPO,002852,002852,2016,2016-11-16,"['刘宇科', '徐兴宏']"
IPO,002853,002853,2015,2015-03-20,"['龙湖川', '丘运良']"
IPO,002853,002853,2016,2016-11-25,"['龙湖川', '丘运良']"
IPO,002855,002855,2015,2015-01-09,"['杨雄', '陈勇']"
IPO,002855,002855,2016,2016-12-20,"['杨雄', '陈勇']"
IPO,002856,002856,2014,2014-05-30,"['张全心', '李友菊', '朱艳', '张传艳']"
IPO,002856,002856,2016,2016-06-24,"['张全心', '李友菊', '朱艳', '张传艳']"
IPO,002857,002857,2014,2014-11-14,"['刘金进', '胡东彪']"
IPO,002857,002857,2016,2016-12-28,"['刘金进', '胡东彪']"
IPO,002858,002858,2014,2014-11-28,"['黄元喜', '宋鑫']"
IPO,002858,002858,2016,2016-12-09,"['黄元喜', '宋鑫']"
IPO,002859,002859,2015,2015-06-12,"['盛伟明', '虞婷婷']"
IPO,002859,002859,2017,2017-02-17,"['盛伟明', '虞婷婷']"
IPO,002860,002860,2015,2015-06-19,"['唐涛', '沈鑫']"
IPO,002860,002860,2016,2016-12-30,"['唐涛', '沈鑫']"
IPO,002861,002861,2014,2014-12-12,"['朱中伟', '李振华', '韩波', '赵德权']"
IPO,002861,002861,2016,2016-12-09,"['朱中伟', '李振华', '韩波', '赵德权']"
IPO,002862,002862,2015,2015-05-15,"['吉争雄', '刘火旺']"
IPO,002862,002862,2017,2017-01-11,"['吉争雄', '刘火旺']"
IPO,002863,002863,2015,2015-06-26,"['施其林', '章磊', '吕庆庆']"
IPO,002863,002863,2017,2017-02-22,"['施其林', '章磊', '吕庆庆']"
IPO,002864,002864,2016,2016-12-30,"['朱伟', '张建新', '陈科举']"
IPO,002864,002864,2017,2017-09-04,"['朱伟', '张建新', '陈科举']"
IPO,002865,002865,2014,2014-06-27,"['张先云', '陈少明', '姜波']"
IPO,002865,002865,2016,2016-07-14,"['张先云', '陈少明', '姜波']"
IPO,002866,002866,2015,2015-11-13,"['沈在斌', '潘坤']"
IPO,002866,002866,2017,2017-02-22,"['沈在斌', '潘坤']"
IPO,002867,002867,2014,2014-12-19,"['何华峰', '安霞']"
IPO,002867,002867,2016,2016-11-16,"['何华峰', '安霞']"
IPO,002868,002868,2015,2015-06-05,"['沈利刚', '李晶']"
IPO,002868,002868,2017,2017-03-09,"['沈利刚', '李晶']"
IPO,002869,002869,2015,2015-06-26,"['朱伟峰', '赵国梁']"
IPO,002869,002869,2017,2017-03-01,"['朱伟峰', '赵国梁']"
IPO,002870,002870,2015,2015-06-12,"['何国铨', '张静璃']"
IPO,002870,002870,2017,2017-03-16,"['何国铨', '张静璃']"
IPO,002871,002871,2015,2015-06-26,"['刘学伟', '王丽敏']"
IPO,002871,002871,2017,2017-03-24,"['刘学伟', '王丽敏']"
IPO,002872,002872,2015,2015-06-26,"['胡毅', '叶民']"
IPO,002872,002872,2017,2017-03-09,"['胡毅', '叶民']"
IPO,002873,002873,2015,2015-06-26,"['贺军', '范大洋']"
IPO,002873,002873,2017,2017-03-31,"['贺军', '范大洋']"
IPO,002875,002875,2015,2015-05-08,"['刘杰生', '梁肖林']"
IPO,002875,002875,2017,2017-01-20,"['刘杰生', '梁肖林']"
IPO,002876,002876,2015,2015-06-26,"['张立琰', '龙琦']"
IPO,002876,002876,2017,2017-04-07,"['张立琰', '龙琦']"
IPO,002877,002877,2015,2015-11-13,"['占铁华', '熊明峰', '郭凯']"
IPO,002877,002877,2017,2017-03-09,"['占铁华', '熊明峰', '郭凯']"
IPO,002878,002878,2015,2015-05-29,"['韩瑞红', '刘运宝']"
IPO,002878,002878,2017,2017-04-13,"['韩瑞红', '刘运宝']"
IPO,002879,002879,2015,2015-11-13,"['李永利', '张笑']"
IPO,002879,002879,2017,2017-03-31,"['李永利', '张笑']"
IPO,002880,002880,2015,2015-11-13,"['杨轶彬', '欧阳春竹']"
IPO,002880,002880,2017,2017-04-20,"['杨轶彬', '欧阳春竹']"
IPO,002881,002881,2016,2016-04-01,"['陈卫武', '卢志清']"
IPO,002881,002881,2017,2017-04-28,"['陈卫武', '卢志清']"
IPO,002882,002882,2015,2015-06-05,"['陈浩', '徐华燕']"
IPO,002882,002882,2017,2017-02-17,"['陈浩', '徐华燕']"
IPO,002883,002883,2015,2015-12-18,"['夏正曙', '柏荣甲']"
IPO,002883,002883,2017,2017-05-05,"['夏正曙', '柏荣甲']"
IPO,002884,002884,2015,2015-11-13,"['钟晓红', '罗顺华']"
IPO,002884,002884,2017,2017-05-05,"['钟晓红', '罗顺华']"
IPO,002885,002885,2016,2016-03-25,"['黄跃森', '周敏']"
IPO,002885,002885,2017,2017-05-15,"['黄跃森', '周敏']"
IPO,002886,002886,2015,2015-11-13,"['赖玉珍', '谢翠']"
IPO,002886,002886,2017,2017-05-15,"['赖玉珍', '谢翠']"
IPO,002887,002887,2015,2015-12-25,"['俞放虹', '林海艳']"
IPO,002887,002887,2017,2017-05-19,"['俞放虹', '林海艳']"
IPO,002888,002888,2016,2016-03-18,"['林恒新', '陈昭', '王韶华']"
IPO,002888,002888,2017,2017-04-28,"['林恒新', '陈昭', '王韶华']"
IPO,002889,002889,2015,2015-12-25,"['李萍', '金彬']"
IPO,002889,002889,2017,2017-06-09,"['李萍', '金彬']"
IPO,002890,002890,2016,2016-01-08,"['沈文圣', '王庆宾']"
IPO,002890,002890,2017,2017-05-19,"['沈文圣', '王庆宾']"
IPO,002891,002891,2016,2016-04-29,"['迟慰', '王丽敏']"
IPO,002891,002891,2017,2017-06-16,"['迟慰', '王丽敏']"
IPO,002892,002892,2016,2016-06-03,"['殷建民', '崔永强']"
IPO,002892,002892,2017,2017-06-30,"['殷建民', '崔永强']"
IPO,002893,002893,2015,2015-11-13,"['叶韶勋', '宗承勇']"
IPO,002893,002893,2017,2017-06-23,"['叶韶勋', '宗承勇']"
IPO,002895,002895,2016,2016-05-20,"['何勇', '王莉']"
IPO,002895,002895,2017,2017-05-25,"['何勇', '王莉']"
IPO,002896,002896,2016,2016-06-24,"['周海斌', '章祥']"
IPO,002896,002896,2017,2017-07-07,"['周海斌', '章祥']"
IPO,002897,002897,2016,2016-05-20,"['李惠丰', '洪建良']"
IPO,002897,002897,2017,2017-07-07,"['李惠丰', '洪建良']"
IPO,002898,002898,2016,2016-04-01,"['郑建利', '李洋']"
IPO,002898,002898,2017,2017-07-14,"['郑建利', '李洋']"
IPO,002899,002899,2016,2016-06-24,"['孙涌', '杨帅']"
IPO,002899,002899,2017,2017-07-21,"['孙涌', '赵波', '杨帅']"
IPO,002900,002900,2015,2015-11-13,"['李文智', '张瑞']"
IPO,002900,002900,2017,2017-04-14,"['李文智', '张瑞']"
IPO,002901,002901,2016,2016-05-20,"['方国华', '李江东']"
IPO,002901,002901,2017,2017-07-07,"['方国华', '李江东']"
IPO,002902,002902,2015,2015-06-19,"['李继明', '潘文中']"
IPO,002902,002902,2017,2017-07-21,"['李继明', '潘文中']"
IPO,002903,002903,2016,2016-06-24,"['李剑', '姜丰丰']"
IPO,002903,002903,2017,2017-07-14,"['李剑', '姜丰丰']"
IPO,002905,002905,2014,2014-04-22,"['王建新', '夏伟']"
IPO,002906,002906,2015,2015-05-22,"['许丽周', '杨誉民', '胡佩芬']"
IPO,002906,002906,2017,2017-06-09,"['许丽周', '杨誉民', '胡佩芬']"
IPO,002907,002907,2016,2016-07-15,"['付丽君', '徐瑞星']"
IPO,002907,002907,2017,2017-08-21,"['付丽君', '徐瑞星']"
IPO,002908,002908,2016,2016-07-01,"['陈锦棋', '文娜杰']"
IPO,002908,002908,2017,2017-08-28,"['陈锦棋', '文娜杰']"
IPO,002909,002909,2015,2015-12-25,"['傅成钢', '康代安']"
IPO,002909,002909,2017,2017-05-15,"['傅成钢', '韩雁光', '康代安']"
IPO,002910,002910,2016,2016-12-09,"['张雷', '颜丽', '李宗义', '张有全']"
IPO,002910,002910,2017,2017-09-11,"['张雷', '颜丽', '李宗义', '张有全']"
IPO,002911,002911,2016,2016-06-17,"['李明高', '王景波']"
IPO,002911,002911,2017,2017-08-28,"['李明高', '王景波']"
IPO,002912,002912,2016,2016-07-01,"['何晓明', '李振华']"
IPO,002912,002912,2017,2017-08-21,"['何晓明', '李振华']"
IPO,002913,002913,2016,2016-09-23,"['王守军', '陈志刚', '郭龙']"
IPO,002913,002913,2017,2017-09-29,"['王守军', '陈志刚', '郭龙']"
IPO,002915,002915,2016,2016-09-23,"['沈利刚', '魏琴', '里全']"
IPO,002915,002915,2017,2017-09-08,"['沈利刚', '魏琴', '里全']"
IPO,002916,002916,2017,2017-01-06,"['邢向宗', '燕玉嵩']"
IPO,002917,002917,2016,2016-12-23,"['张伟坚', '古范球']"
IPO,002917,002917,2017,2017-09-29,"['张伟坚', '古范球']"
IPO,002918,002918,2016,2016-06-17,"['张云鹤', '李雯宇']"
IPO,002918,002918,2017,2017-06-02,"['张云鹤', '李雯宇']"
IPO,002919,002919,2016,2016-06-24,"['吉争雄', '杨诗学']"
IPO,002919,002919,2017,2017-09-18,"['吉争雄', '杨诗学']"
IPO,002920,002920,2016,2016-06-03,"['聂勇', '郭春林']"
IPO,002920,002920,2017,2017-07-14,"['聂勇', '郭春林']"
IPO,002921,002921,2016,2016-06-24,"['孔祥勇', '王敏敏']"
IPO,002921,002921,2017,2017-09-29,"['孔祥勇', '王敏敏']"
IPO,002922,002922,2016,2016-08-12,"['何晓明', '康雪艳']"
IPO,002922,002922,2017,2017-09-29,"['何晓明', '康雪艳']"
IPO,002923,002923,2014,2014-05-20,"['刘耀辉', '邢敏']"
IPO,002923,002923,2015,2015-11-24,"['王海第', '邢敏']"
IPO,002925,002925,2016,2016-09-30,"['熊建益', '姚斌星']"
IPO,002925,002925,2017,2017-11-07,"['熊建益', '姚斌星']"
IPO,002926,002926,2015,2015-06-19,"['李武林', '武兴田']"
IPO,002926,002926,2017,2017-11-07,"['李武林', '武兴田']"
IPO,002927,002927,2017,2017-06-09,"['邱俊洲', '吴萃柿']"
IPO,002927,002927,2017,2017-12-26,"['邱俊洲', '刘泽涵']"
IPO,002928,002928,2017,2017-02-03,"['张勇', '薛淳琦']"
IPO,002929,002929,2016,2016-06-24,"['康文军', '杨利琳']"
IPO,002929,002929,2017,2017-12-26,"['康文军', '杨利琳']"
IPO,002930,002930,2016,2016-07-08,"['张晓辉', '吴朝辉']"
IPO,002930,002930,2018,2018-01-16,"['张晓辉', '熊玲']"
IPO,002931,002931,2017,2017-05-26,"['胡燕华', '潘晶晶']"
IPO,002931,002931,2018,2018-01-03,"['胡燕华', '潘晶晶']"
IPO,002932,002932,2016,2016-04-22,"['王永新', '倪俊', '刘汉军', '宋丽君', '王晓清', '张远学']"
IPO,002932,002932,2017,2017-12-29,"['王永新', '倪俊', '刘汉军', '宋丽君', '王晓清', '张远学']"
IPO,002933,002933,2018,2018-05-24,"['谢栋清', '周金茹', '张文荣', '郭凤民', '刘广']"
IPO,002935,002935,2015,2015-11-13,"['郝国敏', '杨益明']"
IPO,002935,002935,2017,2017-12-19,"['郝国敏', '杨益明']"
IPO,002936,002936,2016,2016-12-23,"['何琪', '石斌']"
IPO,002936,002936,2017,2017-11-29,"['何琪', '黄梦琳']"
IPO,002937,002937,2017,2017-06-30,"['黄元喜', '金东伟']"
IPO,002937,002937,2018,2018-04-13,"['黄元喜', '金东伟']"
IPO,002938,002938,2017,2017-11-10,"['刘伟', '王韧之', '钱晓露']"
IPO,002938,002938,2018,2018-04-27,"['刘伟', '王韧之', '钱晓露']"
IPO,002939,002939,2016,2016-09-23,"['黎明', '陈子涵']"
IPO,002939,002939,2017,2017-06-30,"['黎明', '陈子涵']"
IPO,002939,002939,2018,2018-03-07,"['黎明', '陈子涵']"
IPO,002940,002940,2017,2017-06-30,"['陈中江', '叶怀敏']"
IPO,002940,002940,2018,2018-04-13,"['陈中江', '叶怀敏']"
IPO,002941,002941,2017,2017-07-14,"['刘钧', '曾玉波']"
IPO,002941,002941,2018,2018-03-09,"['刘钧', '曾玉波']"
IPO,002942,002942,2017,2017-06-30,"['谢贤庆', '金晓青']"
IPO,002942,002942,2018,2018-03-28,"['谢贤庆', '金晓青']"
IPO,002943,002943,2017,2017-10-20,"['舒畅', '蔡永光']"
IPO,002943,002943,2018,2018-05-08,"['舒畅', '蔡永光']"
IPO,002945,002945,2016,2016-09-30,"['朱宝钦', '胡兴子']"
IPO,002945,002945,2017,2017-09-18,"['朱宝钦', '胡兴子']"
IPO,002946,002946,2017,2017-09-29,"['刁红', '侯婧']"
IPO,002946,002946,2018,2018-04-27,"['刁红', '侯婧']"
IPO,002947,002947,2017,2017-09-29,"['陈修俭', '钟本庆', '赵衍刚']"
IPO,002947,002947,2018,2018-05-11,"['陈修俭', '钟本庆', '赵衍刚']"
IPO,002948,002948,2016,2016-12-16,"['程海良', '张君一']"
IPO,002948,002948,2018,2018-01-09,"['王立鹏', '唐莹慧']"
IPO,002949,002949,2017,2017-12-01,"['刘维', '廖金辉']"
IPO,002949,002949,2018,2018-07-13,"['刘维', '廖金辉']"
IPO,002950,002950,2017,2017-11-24,"['李璟', '张金华']"
IPO,002950,002950,2018,2018-06-05,"['李璟', '张金华']"
IPO,002951,002951,2017,2017-12-15,"['刘勇', '陆新涛']"
IPO,002951,002951,2018,2018-08-22,"['刘勇', '陆新涛']"
IPO,002952,002952,2017,2017-09-29,"['李晓刚', '周洪波', '张威']"
IPO,002952,002952,2018,2018-04-09,"['李晓刚', '周洪波', '张威']"
IPO,002953,002953,2014,2014-12-26,"['王韶华', '陈丹燕']"
IPO,002953,002953,2016,2016-12-14,"['王韶华', '陈丹燕']"
IPO,002953,002953,2017,2017-11-10,"['王韶华', '陈丹燕']"
IPO,002953,002953,2018,2018-05-24,"['王韶华', '陈丹燕']"
IPO,002955,002955,2018,2018-06-15,"['周百鸣', '莫伟', '袁刚']"
IPO,002956,002956,2017,2017-12-22,"['赵勇', '王伟青']"
IPO,002956,002956,2018,2018-07-13,"['赵勇', '王伟青']"
IPO,002957,002957,2017,2017-12-29,"['殷建民', '崔永强']"
IPO,002957,002957,2018,2018-07-26,"['殷建民', '崔永强']"
IPO,002958,002958,2016,2016-10-28,"['王立鹏', '黄艾舟']"
IPO,002958,002958,2018,2018-01-10,"['王立鹏', '黄艾舟']"
IPO,002959,002959,2018,2018-05-25,"['贺春海', '文娜杰']"
IPO,002960,002960,2014,2014-11-21,"['徐超玉', '李建长']"
IPO,002960,002960,2016,2016-11-25,"['徐超玉', '李建长']"
IPO,002961,002961,2015,2015-05-08,"['陈纹', '江福源']"
IPO,002961,002961,2016,2016-12-09,"['陈纹', '江福源']"
IPO,002962,002962,2018,2018-05-04,"['张希文', '张骥', '覃见忠']"
IPO,002963,002963,2018,2018-06-22,"['陈昭', '肖世超']"
IPO,002963,002963,2019,2019-01-30,"['陈昭', '肖世超']"
IPO,002965,002965,2015,2015-07-03,"['田业阳', '朱艳']"
IPO,002965,002965,2017,2017-03-31,"['汤加全', '杨林']"
IPO,002965,002965,2018,2018-08-17,"['汤加全', '杨林']"
IPO,002965,002965,2019,2019-01-18,"['汤加全', '杨林']"
IPO,002966,002966,2016,2016-12-02,"['严盛炜', '朱佳梅']"
IPO,002966,002966,2018,2018-01-10,"['李斐', '朱佳梅']"
IPO,002967,002967,2017,2017-10-13,"['王建民', '蔡洁瑜']"
IPO,002967,002967,2018,2018-05-11,"['王建民', '蔡洁瑜']"
IPO,002968,002968,2018,2018-06-29,"['黄巧梅', '赵兴明']"
IPO,002968,002968,2019,2019-02-28,"['黄巧梅', '赵兴明']"
IPO,002969,002969,2018,2018-06-29,"['杨林', '金炜', '常怡']"
IPO,002969,002969,2018,2018-12-20,"['杨林', '常怡']"
IPO,002970,002970,2016,2016-06-17,"['周俊祥', '陈勇']"
IPO,002970,002970,2018,2018-09-21,"['周俊祥', '陈勇']"
IPO,002970,002970,2019,2019-04-09,"['周俊祥', '陈勇']"
IPO,002971,002971,2018,2018-09-21,"['刘金进', '张万斌']"
IPO,002971,002971,2019,2019-08-14,"['陈星辉', '张万斌']"
IPO,002972,002972,2018,2018-10-12,"['凌松梅', '龚小寒']"
IPO,002972,002972,2019,2019-08-08,"['凌松梅', '龚小寒']"
IPO,002973,002973,2018,2018-06-22,"['吉争雄', '张腾']"
IPO,002973,002973,2019,2019-01-04,"['吉争雄', '张腾']"
IPO,002975,002975,2018,2018-12-14,"['张骥', '孙慧敏', '张希文', '林利']"
IPO,002975,002975,2019,2019-06-21,"['张骥', '孙慧敏', '张希文', '林利']"
IPO,002976,002976,2018,2018-12-28,"['施琪璋', '王彩霞']"
IPO,002976,002976,2019,2019-05-28,"['施琪璋', '王彩霞']"
IPO,002977,002977,2018,2018-10-12,"['黄小丁', '李春玉']"
IPO,002977,002977,2019,2019-04-09,"['黄小丁', '李春玉']"
IPO,002978,002978,2017,2017-03-31,"['何勇', '夏翠琼']"
IPO,002978,002978,2017,2017-09-29,"['何勇', '谢芳']"
IPO,002978,002978,2018,2018-11-02,"['何勇', '谢芳']"
IPO,002978,002978,2019,2019-05-22,"['何勇', '谢芳', '夏翠琼']"
IPO,002979,002979,2014,2014-05-09,"['张翎', '李敏民']"
IPO,002979,002979,2014,2014-12-31,"['张翎', '江晓']"
IPO,002979,002979,2018,2018-11-16,"['张翎', '李敏民']"
IPO,002979,002979,2019,2019-05-17,"['张翎', '李敏民']"
IPO,002980,002980,2018,2018-11-02,"['张燕', '蒋文伟']"
IPO,002980,002980,2019,2019-04-17,"['张燕', '蒋文伟']"
IPO,002981,002981,2017,2017-05-05,"['刘火旺', '杨诗学']"
IPO,002981,002981,2018,2018-12-28,"['刘火旺', '杨诗学']"
IPO,002981,002981,2019,2019-09-20,"['刘火旺', '杨诗学']"
IPO,002982,002982,2015,2015-11-13,"['李永利', '刘利亚']"
IPO,002982,002982,2018,2018-02-05,"['黄源源', '刘利亚']"
IPO,002982,002982,2018,2018-12-07,"['黄源源', '孙剑']"
IPO,002982,002982,2019,2019-05-10,"['黄源源', '孙剑']"
IPO,002983,002983,2018,2018-12-28,"['熊明峰', '冯炬']"
IPO,002983,002983,2019,2019-12-11,"['熊明峰', '冯炬', '张亚琼', '郑少杰']"
IPO,002984,002984,2018,2018-05-04,"['毕强', '潘素娇']"
IPO,002984,002984,2019,2019-06-14,"['毕强', '潘素娇']"
IPO,002985,002985,2018,2018-12-21,"['张金华', '王二华']"
IPO,002985,002985,2019,2019-11-06,"['张金华', '王二华']"
IPO,002986,002986,2019,2019-04-04,"['魏五军', '姜丰丰']"
IPO,002987,002987,2019,2019-03-22,"['王玥', '张居忠', '尹录']"
IPO,002988,002988,2019,2019-04-12,"['占铁华', '栾艳鹏', '许沥文']"
IPO,002989,002989,2017,2017-01-06,"['王宁', '王敏']"
IPO,002989,002989,2019,2019-03-22,"['王宁', '王敏']"
IPO,002990,002990,2019,2019-05-10,"['齐晓丽', '李灵辉']"
IPO,002991,002991,2019,2019-04-12,"['李立影', '李凤']"
IPO,002992,002992,2017,2017-06-30,"['杨运辉', '邬晓磊']"
IPO,002992,002992,2019,2019-03-29,"['熊明峰', '汤小龙', '沈童']"
IPO,002993,002993,2019,2019-03-22,"['黄绍煌', '朱爱银']"
IPO,002995,002995,2017,2017-03-17,"['康顺平', '乔国刚', '王亚彬', '邱靖之']"
IPO,002995,002995,2019,2019-04-12,"['乔国刚', '田慧先', '迟文洲']"
IPO,002995,002995,2019,2019-10-25,"['邱靖之', '乔国刚', '田慧先', '迟文洲']"
IPO,002996,002996,2016,2016-11-11,"['郝世明', '徐灵玲']"
IPO,002996,002996,2017,2017-10-17,"['郝世明', '徐灵玲']"
IPO,002996,002996,2019,2019-06-21,"['郝世明', '郭卫娜']"
IPO,002997,002997,2019,2019-05-17,"['付劲勇', '吴舜', '姚捷']"
IPO,002998,002998,2019,2019-05-10,"['赵焕琪', '王翔', '宋斌']"
IPO,002999,002999,2016,2016-09-02,"['刘火旺', '姚静']"
IPO,002999,002999,2017,2017-12-20,"['刘火旺', '姚静']"
IPO,002999,002999,2018,2018-12-14,"['刘火旺', '姚静']"
IPO,002999,002999,2020,2020-04-26,"['刘火旺', '姚静']"
IPO,003000,003000,2019,2019-06-14,"['罗跃龙', '曾毅凯', '刘强']"
IPO,003000,003000,2019,2019-12-13,"['罗跃龙', '曾毅凯']"
IPO,003001,003001,2019,2019-05-24,"['张克东', '成岚']"
IPO,003002,003002,2015,2015-05-08,"['宋朝学', '尹巍']"
IPO,003002,003002,2017,2017-09-29,"['宋朝学', '尹巍']"
IPO,003002,003002,2019,2019-06-14,"['杨锡光', '唐松柏']"
IPO,003003,003003,2017,2017-04-28,"['陈昭', '刘远帅']"
IPO,003003,003003,2019,2019-05-24,"['陈昭', '刘远帅']"
IPO,003003,003003,2020,2020-04-03,"['付细军', '陈柳明', '陈昭', '刘远帅']"
IPO,003004,003004,2017,2017-12-08,"['唐琳', '李海燕']"
IPO,003004,003004,2019,2019-04-19,"['唐琳', '李海燕']"
IPO,003005,003005,2019,2019-06-21,"['庄瑞兰', '徐洪平']"
IPO,003005,003005,2020,2020-01-14,"['庄瑞兰', '徐洪平']"
IPO,003006,003006,2016,2016-02-19,"['雷放', '甘慧']"
IPO,003006,003006,2017,2017-07-21,"['雷放', '张长弓']"
IPO,003006,003006,2019,2019-04-26,"['雷放', '叶丹']"
IPO,003007,003007,2019,2019-06-21,"['吴雪', '万青']"
IPO,003008,003008,2019,2019-03-15,"['王敏康', '裴灿']"
IPO,003009,003009,2019,2019-04-26,"['黄丽琼', '李晓娜']"
IPO,003010,003010,2017,2017-08-25,"['洪文伟', '郭小军']"
IPO,003010,003010,2018,2018-05-11,"['洪文伟', '郭小军']"
IPO,003010,003010,2019,2019-06-21,"['禤文欣', '卢玲玉']"
IPO,003010,003010,2020,2020-03-13,"['禤文欣', '卢玲玉']"
IPO,003011,003011,2019,2019-06-21,"['廖屹峰', '滕培彬']"
IPO,003012,003012,2017,2017-09-08,"['刘佩珍', '袁君愉']"
IPO,003012,003012,2018,2018-06-11,"['刘佩珍', '袁君愉']"
IPO,003013,003013,2019,2019-06-06,"['吴震宇', '辛永健']"
IPO,003015,003015,2019,2019-06-28,"['褚诗炜', '孔令莉', '董建华']"
IPO,003015,003015,2020,2020-03-20,"['褚诗炜', '孔令莉', '董建华']"
IPO,003016,003016,2014,2014-05-23,"['弓新平', '赵熙']"
IPO,003016,003016,2016,2016-06-17,"['弓新平', '赵熙']"
IPO,003016,003016,2019,2019-05-10,"['闫钢军', '杨海固', '弓新平', '赵熙']"
IPO,003016,003016,2019,2019-11-22,"['林炎临', '杨海固']"
IPO,003017,003017,2019,2019-06-28,"['徐殷鹏', '秦松涛', '洪烨', '倪元飞']"
IPO,003017,003017,2020,2020-04-07,"['徐殷鹏', '秦松涛', '徐晓霜', '洪烨', '倪元飞']"
IPO,003018,003018,2019,2019-06-28,"['宋文', '宛云龙', '蔡浩', '琚晶晶']"
IPO,003018,003018,2020,2020-04-03,"['宋文', '宛云龙', '蔡浩', '琚晶晶']"
IPO,003019,003019,2019,2019-06-06,"['刘海山', '于长江']"
IPO,003019,003019,2020,2020-03-27,"['刘海山', '于长江']"
IPO,003020,003020,2015,2015-06-05,"['何晖', '毛伟']"
IPO,003020,003020,2019,2019-11-22,"['王其超', '丁晓俊']"
IPO,003020,003020,2020,2020-05-21,"['王其超', '丁晓俊']"
IPO,003021,003021,2019,2019-05-17,"['崔岩', '陈雷']"
IPO,003022,003022,2019,2019-06-06,"['苗策', '杨志存']"
IPO,003023,003023,2019,2019-06-21,"['何均', '李勇', '张兰']"
IPO,003023,003023,2020,2020-01-16,"['何均', '张兰', '李勇']"
IPO,003025,003025,2015,2015-07-03,"['向晓三', '蒋舒媚']"
IPO,003025,003025,2016,2016-09-23,"['向晓三', '蒋舒媚']"
IPO,003025,003025,2017,2017-07-14,"['向晓三', '蒋舒媚']"
IPO,003025,003025,2019,2019-06-28,"['向晓三', '蒋舒媚']"
IPO,003025,003025,2020,2020-04-09,"['向晓三', '蒋舒媚']"
IPO,003026,003026,2019,2019-06-21,"['秦松涛', '洪烨']"
IPO,003027,003027,2019,2019-05-10,"['廖传宝', '鲍光荣', '赵传业']"
IPO,003028,003028,2019,2019-06-21,"['谢军', '杨涟', '杨涟', '黎仕民']"
IPO,003028,003028,2020,2020-05-25,"['张云鹤', '翟文杰', '杨涟', '黎仕民']"
IPO,003029,003029,2019,2019-06-28,"['王世海', '王君', '王志远']"
IPO,003029,003029,2020,2020-01-16,"['王世海', '王志远', '王君']"
IPO,003030,003030,2019,2019-07-05,"['李正卫', '葛亮', '马宁', '陈万军']"
IPO,003030,003030,2020,2020-07-08,"['李正卫', '葛亮', '马宁', '陈万军']"
IPO,003031,003031,2019,2019-09-20,"['唐荣周', '王鹏']"
IPO,003031,003031,2020,2020-05-15,"['唐荣周', '王鹏', '王忻']"
IPO,003033,003033,2016,2016-06-17,"['张松柏', '周盈']"
IPO,003033,003033,2019,2019-07-12,"['张松柏', '罗华勤', '周盈', '韩文金', '谭正嘉']"
IPO,003033,003033,2020,2020-04-09,"['张松柏', '罗华勤', '周盈', '韩文金', '谭正嘉']"
IPO,003035,003035,2020,2020-03-27,"['魏标文', '卢玲玉']"
IPO,003036,003036,2016,2016-06-24,"['朱伟', '陈小金', '刘志勇', '张建新', '唐吉鸿']"
IPO,003036,003036,2018,2018-03-28,"['朱伟', '陈小金', '刘志勇', '张建新', '唐吉鸿']"
IPO,003036,003036,2019,2019-09-06,"['郭宪明', '陈小金', '刘志勇']"
IPO,003036,003036,2020,2020-05-08,"['郭宪明', '陈小金', '刘志勇']"
IPO,003037,003037,2019,2019-12-27,"['刘杰生', '胥春']"
IPO,003037,003037,2020,2020-08-26,"['刘杰生', '胥春']"
IPO,003038,003038,2020,2020-05-22,"['施琪璋', '朱浩']"
IPO,003039,003039,2019,2019-10-11,"['韩雁光', '麦剑青', '杨勇']"
IPO,003039,003039,2020,2020-05-11,"['韩雁光', '麦剑青', '杨勇']"
IPO,003040,003040,2020,2020-05-08,"['王强', '翁志刚']"
IPO,003041,003041,2015,2015-06-19,"['翁伟', '尹志彬']"
IPO,003041,003041,2020,2020-07-03,"['孔令江', '黄非']"
IPO,003041,003041,2021,2021-01-11,"['孔令江', '黄非']"
IPO,003042,003042,2020,2020-06-12,"['江涛', '赵燕廷']"
IPO,003043,003043,2018,2018-06-29,"['杨林', '王福丽']"
IPO,003816,003816,2018,2018-06-22,"['杨誉民', '张叶华']"
IPO,003816,003816,2019,2019-05-21,"['杨誉民', '张叶华']"
IPO,300033,300033,2009,2009-10-29,"['王国海', '王建甫']"
IPO,300108,300108,2010,2010-06-25,"['刘昆', '张忠伟']"
IPO,300109,300109,2010,2010-06-24,"['张金才', '张晓辉']"
IPO,300111,300111,2010,2010-06-24,"['沈建林', '张建新']"
IPO,300112,300112,2010,2010-06-21,"['殷建民', '李细辉']"
IPO,300113,300113,2010,2010-06-21,"['颜如寿', '陈晓华']"
IPO,300114,300114,2010,2010-06-21,"['荣健', '黄峰']"
IPO,300115,300115,2010,2010-06-25,"['张立琰', '张希文']"
IPO,300116,300116,2010,2010-06-24,"['李婉薇', '陈翩']"
IPO,300117,300117,2010,2010-06-24,"['温秀芳', '于德强']"
IPO,300118,300118,2010,2010-06-23,"['章顺文', '华民']"
IPO,300120,300120,2010,2010-07-12,"['张萱', '张斌']"
IPO,300133,300133,2010,2010-06-23,"['翁伟', '项丹丹']"
IPO,300156,300156,2010,2010-06-25,"['李耀堂', '任俐霞']"
IPO,300185,300185,2010,2010-12-27,"['杨豪', '张富根']"
IPO,300186,300186,2010,2010-12-24,"['蒋洪峰', '陈昭']"
IPO,300187,300187,2010,2010-12-27,"['李明', '康厚峰']"
IPO,300188,300188,2010,2010-12-24,"['周俊超', '吴莉莉']"
IPO,300189,300189,2011,2011-01-14,"['朱建清', '朱美荣']"
IPO,300190,300190,2010,2010-12-31,"['詹军', '叶胜平']"
IPO,300192,300192,2011,2011-01-14,"['康吉言', '沈斌']"
IPO,300195,300195,2010,2010-12-24,"['张萱', '刘小凌']"
IPO,300196,300196,2010,2010-12-27,"['赵庆慈', '王文凯']"
IPO,300199,300199,2011,2011-01-21,"['廖家河', '周俊祥']"
IPO,300200,300200,2011,2011-01-21,"['何政', '吴金锋']"
IPO,300201,300201,2011,2011-02-23,"['张燕', '马英', '邬建辉', '刘耀辉']"
IPO,300202,300202,2011,2011-03-04,"['魏弘', '关涛']"
IPO,300204,300204,2011,2011-01-20,"['诸旭敏', '王沙薇', '葛晨煜']"
IPO,300206,300206,2011,2011-03-04,"['黄迎', '夏伟']"
IPO,300207,300207,2011,2011-03-11,"['方建新', '康跃华']"
IPO,300208,300208,2011,2011-03-07,"['谭正嘉', '韩文金']"
IPO,300209,300209,2011,2011-03-07,"['孙晓爽', '孙淑平']"
IPO,300210,300210,2011,2011-03-07,"['魏弘', '顾娜']"
IPO,300211,300211,2011,2011-01-14,"['刘万椿', '胡玲云']"
IPO,300212,300212,2011,2011-03-14,"['王秀萍', '邹吉丰']"
IPO,300213,300213,2011,2011-03-18,"['闫丙旗', '李雪英']"
IPO,300214,300214,2011,2011-01-20,"['罗炳勤', '赵卫华']"
IPO,300217,300217,2011,2011-03-28,"['欧阳丹', '张俊峰']"
IPO,300218,300218,2011,2011-03-18,"['李静', '沈素莹']"
IPO,300219,300219,2011,2011-03-25,"['巩启春', '印碧辉']"
IPO,300221,300221,2011,2011-03-09,"['俞俊雄', '贺春海']"
IPO,300222,300222,2011,2011-03-28,"['方长顺', '张婕', '郑磊']"
IPO,300224,300224,2011,2011-04-07,"['吕建幕', '郭金明']"
IPO,300225,300225,2011,2011-03-25,"['王勇', '叶胜平']"
IPO,300226,300226,2011,2011-04-08,"['连向阳', '邝玉瑜']"
IPO,300227,300227,2011,2011-04-07,"['桑涛', '卢建波']"
IPO,300228,300228,2011,2011-04-07,"['柏凌菁', '盛青']"
IPO,300230,300230,2011,2011-04-15,"['吕秋萍', '李元平']"
IPO,300231,300231,2011,2011-04-07,"['赵斌', '陈勇波']"
IPO,300232,300232,2011,2011-04-14,"['张希文', '张立琰']"
IPO,300233,300233,2011,2011-04-15,"['胡咏华', '田城']"
IPO,300234,300234,2011,2011-04-14,"['沈建林', '李惠丰']"
IPO,300235,300235,2011,2011-04-21,"['邬建辉', '刘耀辉']"
IPO,300237,300237,2011,2011-04-15,"['吴朝晖', '郭莉莉', '郭增强']"
IPO,300238,300238,2011,2011-05-06,"['黄伟成', '李新航']"
IPO,300239,300239,2011,2011-05-06,"['郝丽江', '蔡文胜']"
IPO,300240,300240,2011,2011-04-08,"['刘勇', '邓明勇']"
IPO,300241,300241,2011,2011-05-20,"['苏洋', '黄声森']"
IPO,300242,300242,2011,2011-05-20,"['熊永忠', '刘火旺']"
IPO,300243,300243,2011,2011-05-17,"['朱清滨', '张素霞']"
IPO,300244,300244,2011,2011-05-27,"['沈建林', '沈利刚']"
IPO,300245,300245,2011,2011-05-27,"['翟小民', '朱育勤']"
IPO,300246,300246,2011,2011-06-03,"['胡建波', '陈莉丽']"
IPO,300247,300247,2011,2011-06-03,"['方长顺', '张婕']"
IPO,300248,300248,2011,2011-06-03,"['孙莉', '黄丽华']"
IPO,300249,300249,2011,2011-04-08,"['赵书阳', '何勇']"
IPO,300250,300250,2011,2011-06-03,"['杨建平', '刘义']"
IPO,300251,300251,2011,2011-06-13,"['吴细平', '赵新刚', '孙建']"
IPO,300252,300252,2011,2011-06-24,"['桑涛', '李洪']"
IPO,300253,300253,2011,2011-07-01,"['黄福生', '吴付涛']"
IPO,300255,300255,2011,2011-06-20,"['祁卫红', '史艳萍']"
IPO,300256,300256,2011,2011-06-17,"['呙华文', '郭安静']"
IPO,300257,300257,2011,2011-03-25,"['傅芳芳', '严善明']"
IPO,300258,300258,2011,2011-05-20,"['潘帅', '尹师州', '张冲良']"
IPO,300259,300259,2011,2011-07-01,"['苏子轩', '冯宏志']"
IPO,300260,300260,2011,2011-06-24,"['李东昕', '边俊豪']"
IPO,300261,300261,2011,2011-07-11,"['张俊峰', '欧阳丹']"
IPO,300262,300262,2011,2011-07-18,"['傅林生', '陆士敏']"
IPO,300263,300263,2011,2011-07-15,"['孙建', '赵新刚', '张庆栾']"
IPO,300264,300264,2011,2011-07-08,"['梁烽', '文爱凤']"
IPO,300265,300265,2011,2011-07-01,"['杨贵鹏', '刘海山', '糜平', '于成磊', '黄宾', '魏汝翔']"
IPO,300266,300266,2011,2011-07-25,"['杨建平', '谢贤庆']"
IPO,300267,300267,2011,2011-07-01,"['曹国强', '谭邵明']"
IPO,300268,300268,2011,2011-07-15,"['黄国华', '王越']"
IPO,300269,300269,2011,2011-07-01,"['刘耀辉', '邬建辉']"
IPO,300270,300270,2011,2011-07-18,"['朱大为', '沈培强']"
IPO,300271,300271,2011,2011-04-14,"['王伟', '郭瑞琴']"
IPO,300272,300272,2011,2011-07-25,"['汪阳', '施瑾']"
IPO,300273,300273,2011,2011-07-11,"['王远', '李琳青']"
IPO,300274,300274,2011,2011-08-05,"['何本英', '朱彰森']"
IPO,300275,300275,2011,2011-08-15,"['胡咏华', '钟本庆']"
IPO,300276,300276,2011,2011-09-16,"['索保国', '伍志超']"
IPO,300277,300277,2011,2011-07-18,"['李洪', '刘涛']"
IPO,300278,300278,2011,2011-09-09,"['索保国', '向辉']"
IPO,300279,300279,2011,2011-10-13,"['柏凌菁', '刘大荣']"
IPO,300280,300280,2011,2011-09-16,"['诸旭敏', '束哲民']"
IPO,300281,300281,2011,2011-11-17,"['杨文蔚', '何国铨']"
IPO,300282,300282,2011,2011-03-04,"['王友业', '李璟']"
IPO,300283,300283,2011,2011-08-15,"['沈利刚', '凌燕']"
IPO,300284,300284,2011,2011-07-08,"['虞丽新', '游世秋']"
IPO,300286,300286,2011,2011-10-21,"['翁伟', '陈瑛瑛']"
IPO,300287,300287,2011,2011-11-04,"['冯万奇', '刘红志']"
IPO,300288,300288,2011,2011-10-24,"['郝丽江', '蔡文胜']"
IPO,300289,300289,2011,2011-11-16,"['潘峰', '占铁华', '秦文']"
IPO,300290,300290,2011,2011-11-04,"['陆红', '王心']"
IPO,300291,300291,2011,2011-11-21,"['吕志', '邹吉丰']"
IPO,300292,300292,2011,2011-11-28,"['戴定毅', '童冰薇']"
IPO,300293,300293,2011,2011-09-23,"['石磊', '娄红力']"
IPO,300294,300294,2011,2011-07-15,"['张彩斌', '朱佑敏']"
IPO,300295,300295,2011,2011-10-21,"['方长顺', '张全心']"
IPO,300296,300296,2011,2011-12-12,"['张萌', '施丹丹']"
IPO,300297,300297,2011,2011-11-24,"['张晓辉', '范桂荣']"
IPO,300298,300298,2011,2011-11-07,"['孙益文', '匡理鹏']"
IPO,300299,300299,2011,2011-01-09,"['胡素萍', '胡高升']"
IPO,300300,300300,2011,2011-12-22,"['沈建林', '李惠丰']"
IPO,300301,300301,2011,2011-12-12,"['杨熹', '张兴']"
IPO,300302,300302,2012,2012-01-05,"['辛玉洁', '谢青']"
IPO,300303,300303,2011,2011-07-24,"['王子龙', '孙政军']"
IPO,300304,300304,2011,2011-12-15,"['程志刚', '倪国君']"
IPO,300305,300305,2011,2011-12-29,"['龚新海', '朱永华']"
IPO,300306,300306,2011,2011-12-15,"['朱大为', '沈晓霞']"
IPO,300309,300309,2011,2011-12-12,"['张昆', '宋刚']"
IPO,300310,300310,2011,2011-12-09,"['黄伟成', '吴震']"
IPO,300311,300311,2011,2011-12-31,"['李宏', '周益斌']"
IPO,300312,300312,2012,2012-01-06,"['胡毅', '叶民']"
IPO,300313,300313,2011,2011-12-29,"['梁青民', '张凯']"
IPO,300314,300314,2011,2011-12-19,"['施其林', '卢娅萍', '张晓平']"
IPO,300316,300316,2012,2012-02-10,"['胡燕华', '潘晶晶']"
IPO,300317,300317,2012,2012-01-06,"['高德惠', '钟宇']"
IPO,300318,300318,2012,2012-02-23,"['孙莉', '黄丽华', '李耀堂']"
IPO,300319,300319,2012,2012-02-20,"['梁烽', '文爱凤']"
IPO,300320,300320,2011,2011-12-29,"['沈岩', '高烨', '李建']"
IPO,300321,300321,2011,2011-11-24,"['秦学昌', '荆秀梅']"
IPO,300322,300322,2012,2012-02-23,"['桑涛', '黄怀颖']"
IPO,300323,300323,2012,2012-03-08,"['王知先', '夏红胜']"
IPO,300324,300324,2011,2011-10-28,"['王贡勇', '张秀芹']"
IPO,300325,300325,2010,2010-10-08,"['翟小民', '鲍列仑']"
IPO,300326,300326,2011,2011-12-19,"['吴蓉', '杨庆霞']"
IPO,300327,300327,2011,2011-12-31,"['傅林生', '陆士敏']"
IPO,300328,300328,2018,2018-03-05,"['张乾明', '黄海波']"
IPO,300329,300329,2012,2012-01-06,"['施其林', '章磊', '李太华']"
IPO,300330,300330,2012,2012-01-05,"['孙冰', '纪赟']"
IPO,300331,300331,2012,2012-02-21,"['翟小民', '鲍列仑']"
IPO,300332,300332,2012,2012-03-05,"['王重娟', '刘彦山']"
IPO,300333,300333,2012,2012-02-23,"['林万强', '孙翊斌']"
IPO,300334,300334,2012,2012-02-27,"['陈刚', '宋勇']"
IPO,300335,300335,2012,2012-03-08,"['杨文蔚', '冼宏飞']"
IPO,300336,300336,2012,2012-02-24,"['孙勇', '林德伟']"
IPO,300337,300337,2012,2012-03-02,"['刘耀辉', '邱俊洲']"
IPO,300338,300338,2012,2012-03-01,"['杨迪航', '李飞鹰']"
IPO,300339,300339,2012,2012-02-23,"['张全心', '朱祖龙']"
IPO,300340,300340,2012,2012-03-08,"['顾燕君', '夏红明']"
IPO,300341,300341,2010,2010-03-09,"['刘维', '吴乐霖']"
IPO,300342,300342,2012,2012-02-22,"['高峰', '戴隆松']"
IPO,300344,300344,2012,2012-03-06,"['王全洲', '杨轶辉', '谭红旭']"
IPO,300345,300345,2012,2012-03-15,"['张嘉', '李海来']"
IPO,300346,300346,2012,2012-03-14,"['王栋', '曹如鹏']"
IPO,300347,300347,2012,2012-03-08,"['姚辉', '张松柏']"
IPO,300348,300348,2012,2012-03-01,"['刘耀辉', '邱俊洲', '邬建辉']"
IPO,300349,300349,2012,2012-03-05,"['高峰', '戴隆松']"
IPO,300350,300350,2011,2011-10-31,"['王韶华', '陈昭']"
IPO,300351,300351,2012,2012-04-24,"['程志刚', '倪国君']"
IPO,300352,300352,2012,2012-03-29,"['黄峰', '张志明']"
IPO,300353,300353,2012,2012-04-11,"['胡小黑', '吴国民']"
IPO,300354,300354,2012,2012-04-13,"['王全洲', '孟聪']"
IPO,300355,300355,2012,2012-04-24,"['葛晓萍', '陈振瑞']"
IPO,300356,300356,2012,2012-04-10,"['梁烽', '凌松梅']"
IPO,300357,300357,2012,2012-05-04,"['朱颖', '王斌']"
IPO,300358,300358,2012,2012-05-10,"['李新首', '舒畅']"
IPO,300359,300359,2012,2012-06-21,"['蒋洪峰', '陈昭']"
IPO,300360,300360,2012,2012-05-04,"['赵海荣', '牟健']"
IPO,300361,300361,2012,2012-06-13,"['潘莉华', '林盛宇']"
IPO,300362,300362,2012,2012-03-14,"['贺军', '李夕甫']"
IPO,300363,300363,2012,2012-05-10,"['张凯', '于波成']"
IPO,300364,300364,2014,2014-05-26,"['唐炫', '郑小川']"
IPO,300365,300365,2012,2012-06-15,"['孙建', '林海森', '潘靖']"
IPO,300366,300366,2012,2012-06-14,"['宋朝学', '杨锡光']"
IPO,300367,300367,2012,2012-04-13,"['徐继凯', '孟竹宏']"
IPO,300368,300368,2012,2012-04-25,"['石朝欣', '梁海涌']"
IPO,300369,300369,2012,2012-04-12,"['温京辉', '黄程']"
IPO,300370,300370,2012,2012-04-12,"['纪玉红', '杨杰']"
IPO,300371,300371,2012,2012-03-23,"['张军书', '刘均刚']"
IPO,300372,300372,2012,2012-06-07,"['王全洲', '杨轶辉']"
IPO,300373,300373,2012,2012-05-10,"['程志刚', '倪国君']"
IPO,300374,300374,2014,2014-04-30,"['刘兴武', '于德强']"
IPO,300375,300375,2012,2012-05-31,"['冯万奇', '丁彭凯']"
IPO,300376,300376,2012,2012-05-31,"['顾燕君', '康跃华']"
IPO,300378,300378,2012,2012-07-06,"['李东昕', '王书阁', '马旭']"
IPO,300379,300379,2012,2012-06-21,"['乐超军', '牛忠党']"
IPO,300381,300381,2012,2012-06-27,"['樊文景', '王淑燕']"
IPO,300382,300382,2012,2012-03-30,"['刘勇', '滕飞']"
IPO,300383,300383,2012,2012-03-16,"['张利军', '孙政军']"
IPO,300384,300384,2014,2014-04-28,"['宋朝晖', '邱平']"
IPO,300385,300385,2012,2012-05-25,"['张乾明', '黄海波']"
IPO,300386,300386,2014,2014-04-24,"['王需如', '王晓欣']"
IPO,300387,300387,2012,2012-07-06,"['金顺兴', '李志光']"
IPO,300388,300388,2014,2014-04-24,"['何晖', '毛伟']"
IPO,300389,300389,2012,2012-03-23,"['方建新', '高德惠']"
IPO,300390,300390,2012,2012-07-11,"['李友菊', '宋文', '刘勇']"
IPO,300390,300390,2014,2014-04-24,"['李友菊', '宋文', '刘勇']"
IPO,300391,300391,2012,2012-05-17,"['宗军', '卢中庆']"
IPO,300392,300392,2014,2014-05-08,"['廖家河', '张丽芳']"
IPO,300393,300393,2014,2014-04-21,"['沈维华', '姜留奎']"
IPO,300394,300394,2014,2014-06-27,"['张彩斌', '丁春荣']"
IPO,300395,300395,2014,2014-05-21,"['杨轶辉', '王权生']"
IPO,300396,300396,2012,2012-04-25,"['安洪滨', '张丽洁']"
IPO,300397,300397,2012,2012-03-01,"['李第扩', '魏五军']"
IPO,300398,300398,2014,2014-04-25,"['邱靖之', '王传邦', '胡建军', '徐新毅']"
IPO,300399,300399,2012,2012-06-21,"['弓新平', '李洪仪']"
IPO,300400,300400,2012,2012-02-23,"['赖玉珍', '谢翠']"
IPO,300401,300401,2010,2010-08-27,"['丁莉', '王继文']"
IPO,300402,300402,2012,2012-06-07,"['廖家河', '徐士宝', '曹爱民', '孙逊']"
IPO,300403,300403,2012,2012-04-25,"['蔡繁荣', '徐艳莉']"
IPO,300404,300404,2014,2014-05-28,"['杨文蔚', '何国铨']"
IPO,300404,300404,2015,2015-01-21,"['杨文蔚', '何国铨']"
IPO,300405,300405,2012,2012-07-04,"['呙华文', '舒铭']"
IPO,300406,300406,2014,2014-04-28,"['杨军', '桑涛', '黄怀颖']"
IPO,300407,300407,2014,2014-04-30,"['韩景利', '姜照东']"
IPO,300408,300408,2014,2014-06-30,"['张锦坤', '关敏洁']"
IPO,300409,300409,2014,2014-04-24,"['刘杰生', '吴泽敏']"
IPO,300410,300410,2014,2014-05-20,"['邵芳贤', '雷军锋']"
IPO,300411,300411,2014,2014-04-22,"['朱大为', '沈培强', '吕瑛群', '唐成伟']"
IPO,300412,300412,2014,2014-06-12,"['高峰', '周海斌']"
IPO,300413,300413,2014,2014-06-30,"['徐璐', '黄莺']"
IPO,300414,300414,2014,2014-05-16,"['李敏', '王小敏']"
IPO,300414,300414,2015,2015-01-21,"['李敏', '王小敏']"
IPO,300415,300415,2014,2014-04-24,"['周重揆', '张磊']"
IPO,300416,300416,2014,2014-05-30,"['谈建忠', '朱丽军']"
IPO,300417,300417,2014,2014-04-24,"['廖朝理', '叶东']"
IPO,300418,300418,2014,2014-04-30,"['王友业', '强桂英']"
IPO,300419,300419,2012,2012-05-31,"['张力', '李伟峰']"
IPO,300420,300420,2014,2014-05-23,"['胡建军', '陈焱鑫']"
IPO,300421,300421,2014,2014-04-21,"['诸旭敏', '何卫明']"
IPO,300422,300422,2014,2014-06-09,"['刘智清', '周曼']"
IPO,300423,300423,2014,2014-05-30,"['张希文', '李立影']"
IPO,300424,300424,2014,2014-05-04,"['王韶华', '陈昭']"
IPO,300425,300425,2014,2014-05-16,"['陆士敏', '李明']"
IPO,300426,300426,2014,2014-06-23,"['陈晓华', '邬永东']"
IPO,300427,300427,2014,2014-06-26,"['刘维', '吴乐霖']"
IPO,300428,300428,2014,2014-06-20,"['朱锦梅', '魏星']"
IPO,300429,300429,2014,2014-04-30,"['林雷', '金健明']"
IPO,300430,300430,2014,2014-04-21,"['索保国', '向辉']"
IPO,300431,300431,2014,2014-05-30,"['郝丽江', '杨倩']"
IPO,300432,300432,2014,2014-05-06,"['顾雪峰', '金琦', '麦福伦']"
IPO,300433,300433,2014,2014-05-08,"['殷建民', '崔永强', '李细辉']"
IPO,300433,300433,2014,2014-12-26,"['殷建民', '崔永强']"
IPO,300434,300434,2014,2014-06-23,"['汪应华', '赵小微', '杨立杰', '陈艳萍']"
IPO,300434,300434,2015,2015-02-12,"['刘杰', '陈闯', '杨立杰', '陈艳萍']"
IPO,300435,300435,2014,2014-04-18,"['林国雄', '唐伟']"
IPO,300436,300436,2014,2014-04-22,"['郑丽惠', '王庆莲']"
IPO,300437,300437,2014,2014-04-24,"['温秋菊', '黄志刚']"
IPO,300438,300438,2014,2014-04-21,"['杨文蔚', '何国铨']"
IPO,300439,300439,2014,2014-06-24,"['沈利刚', '李勇平']"
IPO,300439,300439,2015,2015-01-21,"['沈利刚', '李勇平']"
IPO,300440,300440,2014,2014-04-30,"['郭东超', '廖继平']"
IPO,300441,300441,2014,2014-04-28,"['潘晓姿', '林鹏飞', '徐朗']"
IPO,300441,300441,2015,2015-01-20,"['潘晓姿', '林鹏飞', '徐朗']"
IPO,300442,300442,2014,2014-05-28,"['刘云', '唐国骏', '糜平']"
IPO,300442,300442,2015,2015-03-06,"['刘云', '唐国骏']"
IPO,300443,300443,2014,2014-04-25,"['王传顺', '胡乃忠', '张云', '樊秀英']"
IPO,300444,300444,2014,2014-05-07,"['赵恒勤', '陈长振', '李俊霞']"
IPO,300444,300444,2015,2015-02-11,"['赵恒勤', '陈长振', '李俊霞']"
IPO,300445,300445,2014,2014-04-30,"['荆秀梅', '张志英']"
IPO,300446,300446,2014,2014-06-25,"['赵斌', '郭顺玺']"
IPO,300447,300447,2014,2014-05-23,"['虞丽新', '杨贤武']"
IPO,300447,300447,2015,2015-01-15,"['虞丽新', '杨贤武']"
IPO,300448,300448,2014,2014-04-28,"['张云鹤', '杨克晶', '魏标文']"
IPO,300448,300448,2015,2015-02-09,"['张云鹤', '杨克晶', '魏标文']"
IPO,300449,300449,2014,2014-04-25,"['朱锦梅', '王可']"
IPO,300450,300450,2014,2014-06-25,"['叶慧', '郭守俊']"
IPO,300451,300451,2014,2014-06-27,"['郑耀祥', '胡芳芳']"
IPO,300451,300451,2015,2015-01-30,"['郑耀祥', '胡芳芳']"
IPO,300452,300452,2014,2014-04-24,"['张婕', '宁云', '童孝勇']"
IPO,300452,300452,2015,2015-03-11,"['张婕', '宁云', '童孝勇']"
IPO,300453,300453,2014,2014-05-19,"['涂卫兵', '龚勤红']"
IPO,300453,300453,2015,2015-01-28,"['涂卫兵', '龚勤红']"
IPO,300454,300454,2017,2017-08-04,"['李萍', '蔡繁荣']"
IPO,300454,300454,2018,2018-03-12,"['李萍', '蔡繁荣']"
IPO,300455,300455,2014,2014-04-25,"['袁刚山', '黄清双']"
IPO,300455,300455,2015,2015-01-15,"['袁刚山', '黄清双']"
IPO,300456,300456,2014,2014-05-29,"['周瑕', '陈瑛']"
IPO,300456,300456,2015,2015-02-11,"['周瑕', '陈瑛']"
IPO,300457,300457,2014,2014-06-27,"['蔡晓东', '王焕森']"
IPO,300457,300457,2015,2015-03-12,"['李巧仪', '蔡晓东', '王焕森']"
IPO,300458,300458,2014,2014-06-30,"['何晓明', '啜公明']"
IPO,300458,300458,2015,2015-03-17,"['何晓明', '啜公明']"
IPO,300459,300459,2014,2014-06-27,"['程志刚', '吕安吉']"
IPO,300459,300459,2015,2015-03-12,"['程志刚', '吕安吉']"
IPO,300460,300460,2014,2014-05-16,"['何国铨', '杨文蔚']"
IPO,300461,300461,2014,2014-05-30,"['李惠丰', '孙峰']"
IPO,300461,300461,2015,2015-03-20,"['李惠丰', '孙峰']"
IPO,300462,300462,2014,2014-05-08,"['巢序', '耿磊']"
IPO,300462,300462,2015,2015-03-12,"['巢序', '耿磊']"
IPO,300463,300463,2014,2014-04-25,"['陈勇', '华毅鸿', '周琪', '杨志平']"
IPO,300463,300463,2015,2015-04-03,"['陈勇', '华毅鸿', '周琪', '杨志平']"
IPO,300464,300464,2014,2014-05-04,"['李海林', '吕亚丽']"
IPO,300464,300464,2015,2015-01-20,"['李海林', '吕亚丽']"
IPO,300465,300465,2014,2014-05-04,"['张克东', '成岚']"
IPO,300465,300465,2015,2015-01-28,"['张克东', '成岚']"
IPO,300466,300466,2014,2014-05-04,"['邱俊洲', '邢敏']"
IPO,300466,300466,2015,2015-03-25,"['邱俊洲', '邢敏']"
IPO,300467,300467,2014,2014-04-24,"['郭东超', '林苇铭']"
IPO,300467,300467,2015,2015-03-25,"['郭东超', '林苇铭']"
IPO,300468,300468,2014,2014-05-30,"['吉争雄', '刘火旺']"
IPO,300468,300468,2015,2015-03-20,"['吉争雄', '刘火旺']"
IPO,300469,300469,2014,2014-05-04,"['赵焕琪', '顾晓峰']"
IPO,300469,300469,2015,2015-03-27,"['赵焕琪', '顾晓峰']"
IPO,300470,300470,2014,2014-05-15,"['陈勇', '华毅鸿']"
IPO,300470,300470,2015,2015-03-04,"['陈勇', '华毅鸿']"
IPO,300471,300471,2014,2014-05-05,"['陈更生', '刘均']"
IPO,300471,300471,2015,2015-04-16,"['陈更生', '刘均']"
IPO,300472,300472,2014,2014-05-05,"['占铁华', '肖桂莲', '田忠志']"
IPO,300472,300472,2015,2015-03-25,"['占铁华', '肖桂莲', '田忠志']"
IPO,300473,300473,2014,2014-06-03,"['耿磊', '赵彧非']"
IPO,300473,300473,2015,2015-04-22,"['耿磊', '赵彧非']"
IPO,300474,300474,2014,2014-06-03,"['刘宇科', '李明', '康代安']"
IPO,300474,300474,2015,2015-06-05,"['刘宇科', '李明', '康代安']"
IPO,300475,300475,2014,2014-04-21,"['王郁', '汤家俊']"
IPO,300475,300475,2015,2015-01-26,"['王郁', '汤家俊']"
IPO,300476,300476,2014,2014-04-18,"['陈志刚', '王守军']"
IPO,300476,300476,2015,2015-04-16,"['陈志刚', '王守军']"
IPO,300477,300477,2014,2014-04-24,"['唐炫', '薛更磊']"
IPO,300477,300477,2015,2015-03-30,"['唐炫', '薛更磊']"
IPO,300478,300478,2014,2014-05-05,"['孙文军', '边珊姗']"
IPO,300478,300478,2015,2015-04-16,"['孙文军', '边珊姗']"
IPO,300479,300479,2014,2014-05-04,"['毕强', '谢吉平']"
IPO,300479,300479,2015,2015-03-20,"['毕强', '谢吉平']"
IPO,300480,300480,2014,2014-05-05,"['郭伟', '张建新']"
IPO,300480,300480,2015,2015-04-30,"['郭伟', '张建新']"
IPO,300481,300481,2014,2014-06-30,"['杨东升', '冯宏志']"
IPO,300481,300481,2015,2015-04-03,"['杨东升', '冯宏志']"
IPO,300482,300482,2014,2014-06-04,"['吴常华', '潘文中']"
IPO,300482,300482,2015,2015-04-24,"['吴震', '黄志业']"
IPO,300483,300483,2014,2014-06-11,"['刘云', '王晴']"
IPO,300483,300483,2015,2015-04-15,"['刘云', '王晴']"
IPO,300484,300484,2014,2014-05-06,"['陈晓华', '胡永波']"
IPO,300484,300484,2015,2015-06-12,"['陈晓华', '胡永波']"
IPO,300485,300485,2014,2014-05-28,"['童登书', '张在强']"
IPO,300485,300485,2015,2015-05-07,"['童登书', '张在强']"
IPO,300486,300486,2014,2014-05-05,"['李永利', '魏五军']"
IPO,300486,300486,2015,2015-04-24,"['李永利', '魏五军']"
IPO,300487,300487,2014,2014-06-27,"['孙文军', '徐晋波']"
IPO,300487,300487,2015,2015-03-12,"['孙文军', '徐晋波']"
IPO,300488,300488,2014,2014-06-23,"['林国雄', '仲立']"
IPO,300489,300489,2014,2014-05-05,"['王栋', '高凤霞', '张子周']"
IPO,300489,300489,2015,2015-04-03,"['王栋', '高凤霞', '刘凤美', '张子周']"
IPO,300490,300490,2014,2014-05-05,"['刘智清', '李晓阳', '陈美华', '钟炽兵']"
IPO,300490,300490,2015,2015-05-29,"['刘智清', '李晓阳', '陈美华', '钟炽兵']"
IPO,300491,300491,2014,2014-04-18,"['密惠红', '于曙光']"
IPO,300491,300491,2015,2015-05-29,"['密惠红', '于曙光']"
IPO,300492,300492,2014,2014-05-04,"['阮响华', '李元良']"
IPO,300492,300492,2015,2015-04-27,"['阮响华', '李元良']"
IPO,300493,300493,2014,2014-06-26,"['谈朝晖', '顾兆翔']"
IPO,300493,300493,2015,2015-04-22,"['谈朝晖', '顾兆翔']"
IPO,300494,300494,2014,2014-05-05,"['吴杰', '钱小莹']"
IPO,300494,300494,2015,2015-05-29,"['吴杰', '钱小莹']"
IPO,300495,300495,2014,2014-05-04,"['荆建明', '闵志强', '贾丽娜']"
IPO,300496,300496,2014,2014-05-06,"['曹阳', '王娟']"
IPO,300496,300496,2015,2015-05-21,"['曹阳', '王娟']"
IPO,300497,300497,2014,2014-06-04,"['朱伟', '陈小金']"
IPO,300497,300497,2015,2015-05-29,"['朱伟', '陈小金']"
IPO,300499,300499,2014,2014-06-09,"['刘杰生', '胥春']"
IPO,300499,300499,2015,2015-05-21,"['刘杰生', '胥春']"
IPO,300500,300500,2014,2014-05-12,"['肖菲', '崔志毅']"
IPO,300500,300500,2015,2015-04-24,"['肖菲', '崔志毅']"
IPO,300501,300501,2014,2014-04-24,"['刘钢跃', '黄湘伟']"
IPO,300501,300501,2015,2015-06-05,"['刘钢跃', '黄湘伟']"
IPO,300502,300502,2014,2014-06-25,"['高敏', '邹军梅']"
IPO,300502,300502,2015,2015-06-02,"['高敏', '邹军梅']"
IPO,300503,300503,2014,2014-06-10,"['吴常华', '潘文中']"
IPO,300503,300503,2014,2014-10-29,"['吴常华', '钟锦燕']"
IPO,300504,300504,2014,2014-10-24,"['刘彬文', '时斌']"
IPO,300504,300504,2016,2016-06-27,"['刘彬文', '时斌']"
IPO,300504,300504,2017,2017-06-30,"['刘彬文', '时斌']"
IPO,300504,300504,2018,2018-01-23,"['刘彬文', '时斌']"
IPO,300505,300505,2014,2014-04-22,"['鲍琼', '彭让']"
IPO,300505,300505,2015,2015-04-16,"['鲍琼', '彭让']"
IPO,300506,300506,2014,2014-05-19,"['王韶华', '陈昭']"
IPO,300506,300506,2015,2015-06-09,"['王韶华', '陈昭']"
IPO,300507,300507,2012,2012-04-11,"['周益平', '熊绍保']"
IPO,300507,300507,2014,2014-05-09,"['周益平', '熊绍保']"
IPO,300507,300507,2015,2015-06-12,"['周益平', '熊绍保']"
IPO,300508,300508,2014,2014-06-12,"['张全心', '潘胜国', '齐利平']"
IPO,300508,300508,2015,2015-06-12,"['张全心', '潘胜国', '齐利平']"
IPO,300509,300509,2014,2014-06-09,"['柏凌菁', '朱佑敏']"
IPO,300509,300509,2015,2015-04-29,"['柏凌菁', '朱佑敏']"
IPO,300510,300510,2014,2014-05-23,"['张云鹤', '邓华明']"
IPO,300510,300510,2015,2015-06-19,"['张云鹤', '邓华明']"
IPO,300511,300511,2014,2014-04-28,"['费凡', '施瑾', '谈朝晖', '施海璇']"
IPO,300511,300511,2015,2015-06-17,"['费凡', '施瑾', '谈朝晖', '施海璇']"
IPO,300512,300512,2014,2014-05-08,"['钱仲先', '姚本霞', '蒋晓东', '孟淑慧']"
IPO,300512,300512,2015,2015-06-05,"['钱仲先', '姚本霞', '蒋晓东', '孟淑慧']"
IPO,300513,300513,2014,2014-04-28,"['张克东', '刘宇']"
IPO,300513,300513,2015,2015-06-26,"['张克东', '刘宇']"
IPO,300514,300514,2015,2015-12-11,"['邱俊洲', '刘吉良']"
IPO,300514,300514,2017,2017-03-14,"['邱俊洲', '刘吉良']"
IPO,300515,300515,2014,2014-06-27,"['陈志', '金益平']"
IPO,300515,300515,2015,2015-06-26,"['陈志', '金益平']"
IPO,300516,300516,2014,2014-05-23,"['刘世武', '李剑昕']"
IPO,300516,300516,2015,2015-06-19,"['刘世武', '李剑昕']"
IPO,300517,300517,2014,2014-05-13,"['刘金进', '李洪勇', '郭任刚']"
IPO,300517,300517,2015,2015-06-05,"['刘金进', '李洪勇', '郭任刚']"
IPO,300518,300518,2014,2014-05-19,"['王韶华', '陈昭']"
IPO,300518,300518,2015,2015-06-26,"['王韶华', '陈昭']"
IPO,300519,300519,2014,2014-05-15,"['孙文军', '边珊姗']"
IPO,300519,300519,2015,2015-06-08,"['孙文军', '边珊姗']"
IPO,300520,300520,2014,2014-05-27,"['李友菊', '郑磊', '舒鹏']"
IPO,300520,300520,2015,2015-07-03,"['李友菊', '郑磊', '雷玲']"
IPO,300521,300521,2014,2014-04-18,"['黎明', '杨辉斌']"
IPO,300521,300521,2015,2015-06-12,"['黎明', '杨辉斌']"
IPO,300522,300522,2014,2014-05-06,"['肖菲', '包梅庭']"
IPO,300522,300522,2015,2015-06-26,"['肖菲', '包梅庭']"
IPO,300523,300523,2014,2014-04-25,"['纪玉红', '李成林']"
IPO,300523,300523,2015,2015-07-03,"['纪玉红', '李成林']"
IPO,300525,300525,2014,2014-06-13,"['郑丽惠', '李寅彦']"
IPO,300525,300525,2015,2015-11-24,"['郑丽惠', '李寅彦']"
IPO,300526,300526,2014,2014-05-06,"['梁烽', '凌松梅']"
IPO,300527,300527,2014,2014-04-18,"['刘世武', '李剑昕']"
IPO,300527,300527,2015,2015-05-22,"['刘世武', '李剑昕']"
IPO,300528,300528,2014,2014-05-28,"['林雷', '金健明']"
IPO,300528,300528,2015,2015-12-11,"['林雷', '金健明']"
IPO,300529,300529,2014,2014-04-30,"['王淑燕', '李恩成']"
IPO,300529,300529,2015,2015-12-22,"['王淑燕', '李恩成']"
IPO,300530,300530,2014,2014-04-24,"['魏标文', '彭宗显']"
IPO,300530,300530,2015,2015-12-22,"['魏标文', '彭宗显']"
IPO,300531,300531,2014,2014-06-13,"['刘高科', '邢敏']"
IPO,300531,300531,2015,2015-12-15,"['刘高科', '邢敏']"
IPO,300532,300532,2014,2014-05-14,"['刘四兵', '付忠伟']"
IPO,300532,300532,2015,2015-12-14,"['刘四兵', '付忠伟']"
IPO,300533,300533,2014,2014-05-19,"['郭晋龙', '古范球']"
IPO,300533,300533,2016,2016-01-15,"['郭晋龙', '古范球']"
IPO,300534,300534,2014,2014-05-07,"['李宗义', '张海英']"
IPO,300534,300534,2015,2015-06-26,"['李宗义', '张海英']"
IPO,300535,300535,2014,2014-05-07,"['刘贵彬', '王庆', '张卓', '陈清胜']"
IPO,300535,300535,2015,2015-07-03,"['刘贵彬', '王庆', '张卓', '陈清胜']"
IPO,300536,300536,2014,2014-04-22,"['赵斌', '金华']"
IPO,300536,300536,2016,2016-01-22,"['赵斌', '金华']"
IPO,300537,300537,2014,2014-05-30,"['叶慧', '胡文']"
IPO,300537,300537,2016,2016-01-22,"['叶慧', '郭海龙']"
IPO,300538,300538,2014,2014-06-27,"['洪文伟', '陈丹燕']"
IPO,300538,300538,2015,2015-06-26,"['洪文伟', '陈丹燕']"
IPO,300539,300539,2014,2014-06-23,"['林鹏飞', '郭文令']"
IPO,300539,300539,2015,2015-12-29,"['林鹏飞', '郭文令']"
IPO,300540,300540,2014,2014-06-27,"['雷波涛', '宁红']"
IPO,300540,300540,2015,2015-06-19,"['雷波涛', '宁红']"
IPO,300541,300541,2014,2014-06-27,"['密惠红', '余骞']"
IPO,300541,300541,2015,2015-06-26,"['密惠红', '余骞']"
IPO,300542,300542,2014,2014-06-09,"['包铁军', '梁丽娟']"
IPO,300542,300542,2015,2015-12-11,"['包铁军', '梁丽娟']"
IPO,300543,300543,2014,2014-06-13,"['李立影', '李斌']"
IPO,300543,300543,2016,2016-01-22,"['李立影', '李斌']"
IPO,300545,300545,2014,2014-06-13,"['杨如生', '杨春盛']"
IPO,300545,300545,2016,2016-02-19,"['杨如生', '杨春盛']"
IPO,300546,300546,2014,2014-06-27,"['张立琰', '林利']"
IPO,300546,300546,2016,2016-03-04,"['张立琰', '林利']"
IPO,300547,300547,2014,2014-05-06,"['何勇', '李建府']"
IPO,300547,300547,2015,2015-11-30,"['何勇', '李建府']"
IPO,300548,300548,2014,2014-06-27,"['沃巍勇', '黄加才']"
IPO,300548,300548,2015,2015-12-23,"['沃巍勇', '黄加才']"
IPO,300549,300549,2014,2014-06-06,"['李东昕', '王书阁']"
IPO,300549,300549,2016,2016-04-15,"['李东昕', '王书阁']"
IPO,300550,300550,2014,2014-06-27,"['程志刚', '郑俭']"
IPO,300550,300550,2016,2016-03-04,"['程志刚', '郑俭']"
IPO,300551,300551,2014,2014-06-27,"['王一芳', '张宇']"
IPO,300551,300551,2015,2015-07-03,"['王一芳', '张宇']"
IPO,300552,300552,2014,2014-04-30,"['罗军', '崔迎']"
IPO,300552,300552,2015,2015-12-17,"['罗军', '崔迎']"
IPO,300553,300553,2014,2014-06-27,"['周海斌', '章祥']"
IPO,300553,300553,2016,2016-02-29,"['周海斌', '章祥']"
IPO,300554,300554,2015,2015-12-25,"['陈建忠', '吴舟']"
IPO,300554,300554,2017,2017-03-06,"['陈建忠', '吴舟']"
IPO,300555,300555,2014,2014-05-06,"['陈琼', '陈卫武', '李斌华']"
IPO,300555,300555,2016,2016-04-28,"['邹军梅', '李斌华']"
IPO,300556,300556,2014,2014-06-27,"['方建新', '高德惠']"
IPO,300556,300556,2016,2016-03-04,"['方建新', '高德惠']"
IPO,300557,300557,2014,2014-08-08,"['刘钧', '郭和珍']"
IPO,300557,300557,2016,2016-03-18,"['刘钧', '郭和珍']"
IPO,300558,300558,2014,2014-06-27,"['李惠丰', '邓红玉']"
IPO,300558,300558,2016,2016-05-20,"['李惠丰', '邓红玉']"
IPO,300559,300559,2014,2014-05-07,"['吴金锋', '姜坤']"
IPO,300559,300559,2015,2015-07-03,"['吴金锋', '姜坤']"
IPO,300560,300560,2014,2014-06-27,"['林新田', '陈凯']"
IPO,300560,300560,2016,2016-03-31,"['林新田', '陈凯']"
IPO,300561,300561,2014,2014-06-27,"['王远', '邵桂荣']"
IPO,300561,300561,2016,2016-02-29,"['王远', '邵桂荣']"
IPO,300562,300562,2014,2014-09-19,"['陈勇波', '梁谦海']"
IPO,300562,300562,2015,2015-07-03,"['陈勇波', '梁谦海']"
IPO,300563,300563,2014,2014-09-05,"['刘世武', '张少波']"
IPO,300563,300563,2016,2016-05-27,"['刘金进', '张少波']"
IPO,300564,300564,2014,2014-06-27,"['朱伟峰', '赵国梁']"
IPO,300564,300564,2016,2016-04-07,"['吴震东', '徐耀飞']"
IPO,300564,300564,2019,2019-03-08,"['吴震东', '徐耀飞']"
IPO,300565,300565,2014,2014-09-19,"['章顺文', '华民']"
IPO,300565,300565,2016,2016-05-27,"['章顺文', '华民']"
IPO,300566,300566,2014,2014-10-31,"['朱伟', '张建新', '唐吉鸿']"
IPO,300566,300566,2016,2016-06-30,"['朱伟', '张建新', '唐吉鸿']"
IPO,300567,300567,2014,2014-10-31,"['刘金进', '皮富英']"
IPO,300567,300567,2016,2016-06-30,"['刘金进', '皮富英']"
IPO,300568,300568,2015,2015-03-06,"['陈昭', '马云山']"
IPO,300568,300568,2016,2016-08-29,"['陈昭', '马云山']"
IPO,300569,300569,2014,2014-06-27,"['印碧辉', '魏国光', '朱文岳', '孙淑营']"
IPO,300569,300569,2016,2016-03-14,"['印碧辉', '魏国光', '朱文岳', '孙淑营']"
IPO,300570,300570,2014,2014-06-13,"['李巧仪', '李花']"
IPO,300570,300570,2016,2016-02-26,"['李巧仪', '李花']"
IPO,300571,300571,2014,2014-12-19,"['李惠丰', '钟建栋', '杜娜']"
IPO,300571,300571,2016,2016-07-14,"['李惠丰', '钟建栋', '杜娜']"
IPO,300572,300572,2014,2014-05-30,"['邱俊洲', '刘吉良']"
IPO,300572,300572,2015,2015-06-26,"['邱俊洲', '刘吉良']"
IPO,300573,300573,2014,2014-06-20,"['郑晓东', '徐志敏']"
IPO,300573,300573,2015,2015-02-06,"['郑晓东', '徐志敏']"
IPO,300575,300575,2015,2015-02-13,"['王静', '李生敏', '樊俊臣']"
IPO,300575,300575,2016,2016-08-05,"['王静', '李生敏']"
IPO,300576,300576,2015,2015-01-09,"['常明', '孙彦民']"
IPO,300576,300576,2016,2016-09-05,"['常明', '孙彦民']"
IPO,300577,300577,2015,2015-05-08,"['张婕', '胡新荣', '童苗根']"
IPO,300577,300577,2016,2016-09-20,"['张婕', '胡新荣', '童苗根']"
IPO,300578,300578,2014,2014-12-19,"['张燕', '田玉萍']"
IPO,300578,300578,2016,2016-10-14,"['张燕', '罗祥强']"
IPO,300579,300579,2014,2014-04-18,"['曹阳', '高青山']"
IPO,300579,300579,2016,2016-01-08,"['曹阳', '高青山']"
IPO,300580,300580,2014,2014-12-19,"['夏正曙', '赵明', '王微']"
IPO,300580,300580,2016,2016-10-26,"['夏正曙', '赵明', '王微']"
IPO,300581,300581,2015,2015-01-09,"['徐超玉', '郭勇']"
IPO,300581,300581,2016,2016-10-14,"['徐超玉', '郭勇']"
IPO,300582,300582,2014,2014-08-01,"['黄继佳', '高峰']"
IPO,300582,300582,2016,2016-03-29,"['王官林', '高峰']"
IPO,300583,300583,2015,2015-06-05,"['李德勇', '金闻']"
IPO,300583,300583,2016,2016-11-08,"['李德勇', '金闻']"
IPO,300584,300584,2015,2015-07-03,"['夏先锋', '陈笑春']"
IPO,300584,300584,2016,2016-11-22,"['夏先锋', '陈笑春']"
IPO,300585,300585,2015,2015-06-19,"['朱广明', '陈艳']"
IPO,300585,300585,2016,2016-11-11,"['朱广明', '陈艳']"
IPO,300586,300586,2014,2014-06-06,"['洪文伟', '郭小军']"
IPO,300586,300586,2016,2016-11-08,"['洪文伟', '郭小军']"
IPO,300587,300587,2014,2014-10-11,"['施其林', '章磊']"
IPO,300587,300587,2016,2016-06-03,"['施其林', '章磊']"
IPO,300588,300588,2015,2015-06-26,"['叶慧', '冯飞军', '郭守俊']"
IPO,300588,300588,2016,2016-11-14,"['叶慧', '冯飞军', '郭守俊']"
IPO,300589,300589,2015,2015-06-12,"['洪文伟', '陈丹燕']"
IPO,300589,300589,2016,2016-11-14,"['洪文伟', '陈丹燕']"
IPO,300590,300590,2015,2015-06-26,"['王一芳', '张宇']"
IPO,300590,300590,2016,2016-11-11,"['王一芳', '张宇']"
IPO,300591,300591,2015,2015-07-03,"['陈琼', '王丹']"
IPO,300591,300591,2016,2016-11-21,"['陈琼', '王丹']"
IPO,300592,300592,2015,2015-02-13,"['曹国强', '黄源源']"
IPO,300592,300592,2016,2016-08-19,"['曹国强', '黄源源']"
IPO,300593,300593,2015,2015-05-08,"['刘杰', '高升']"
IPO,300593,300593,2016,2016-10-31,"['刘杰', '陈闯']"
IPO,300594,300594,2017,2017-12-01,"['吕建幕', '刁乃双']"
IPO,300594,300594,2018,2018-07-26,"['吕建幕', '刁乃双']"
IPO,300596,300596,2014,2014-04-18,"['刘兴武', '于德强']"
IPO,300596,300596,2016,2016-02-19,"['刘兴武', '于德强']"
IPO,300597,300597,2015,2015-01-09,"['胡咏华', '赵国超']"
IPO,300597,300597,2016,2016-10-28,"['何政', '赵国超']"
IPO,300598,300598,2014,2014-12-19,"['杨林', '朱丽军']"
IPO,300598,300598,2016,2016-10-28,"['杨林', '朱丽军']"
IPO,300599,300599,2015,2015-07-03,"['李新航', '黄伟成']"
IPO,300599,300599,2016,2016-11-28,"['李新航', '黄伟成']"
IPO,300600,300600,2014,2014-06-06,"['伍志超', '胡涛']"
IPO,300600,300600,2016,2016-01-22,"['伍志超', '胡涛']"
IPO,300601,300601,2015,2015-06-19,"['王建新', '王瑞霞']"
IPO,300601,300601,2016,2016-12-05,"['王建新', '王瑞霞']"
IPO,300602,300602,2015,2015-07-03,"['陈志刚', '王守军']"
IPO,300602,300602,2016,2016-12-05,"['陈志刚', '王守军']"
IPO,300603,300603,2015,2015-11-13,"['郑晓东', '徐珍']"
IPO,300603,300603,2016,2016-12-06,"['郑晓东', '董军红']"
IPO,300604,300604,2015,2015-12-25,"['缪志坚', '刘术红']"
IPO,300604,300604,2017,2017-03-06,"['缪志坚', '刘术红']"
IPO,300605,300605,2015,2015-07-03,"['王淑燕', '张芳']"
IPO,300605,300605,2016,2016-11-30,"['王淑燕', '张芳']"
IPO,300606,300606,2014,2014-12-12,"['周珊珊', '程纯']"
IPO,300606,300606,2016,2016-07-25,"['周珊珊', '程纯']"
IPO,300607,300607,2015,2015-07-03,"['章顺文', '柴喜峰']"
IPO,300607,300607,2016,2016-12-12,"['章顺文', '柴喜峰']"
IPO,300608,300608,2015,2015-07-03,"['黄峰', '李萌']"
IPO,300608,300608,2016,2016-11-22,"['黄峰', '李萌']"
IPO,300609,300609,2015,2015-11-13,"['谢骞', '任智磊']"
IPO,300609,300609,2016,2016-12-12,"['谢骞', '任智磊', '胡治华']"
IPO,300610,300610,2015,2015-07-03,"['陈竑', '彭城']"
IPO,300610,300610,2016,2016-11-21,"['陈竑', '彭城']"
IPO,300611,300611,2015,2015-11-13,"['翁伟', '戴维']"
IPO,300611,300611,2016,2016-12-21,"['翁伟', '戴维']"
IPO,300612,300612,2015,2015-06-19,"['赵斌', '孟庆祥']"
IPO,300612,300612,2016,2016-11-08,"['赵斌', '孟庆祥']"
IPO,300613,300613,2015,2015-06-26,"['谢骞', '任智磊']"
IPO,300613,300613,2016,2016-11-28,"['谢骞', '胡治华']"
IPO,300614,300614,2019,2019-06-28,"['李继新', '李娜']"
IPO,300614,300614,2020,2020-06-29,"['李继新', '李娜', '陈跃华', '赵黎明']"
IPO,300614,300614,2021,2021-04-20,"['李继新', '李娜', '陈跃华', '赵黎明']"
IPO,300614,300614,2021,2021-04-22,"['李继新', '李娜']"
IPO,300615,300615,2014,2014-11-21,"['刘四兵', '杨艳']"
IPO,300615,300615,2016,2016-07-04,"['刘四兵', '杨艳']"
IPO,300616,300616,2015,2015-06-26,"['何国铨', '张静璃']"
IPO,300616,300616,2016,2016-11-21,"['何国铨', '张静璃']"
IPO,300617,300617,2015,2015-04-03,"['常桂华', '张炜']"
IPO,300617,300617,2016,2016-12-20,"['常桂华', '张炜']"
IPO,300618,300618,2015,2015-06-26,"['敖都吉雅', '范鹏飞']"
IPO,300618,300618,2016,2016-11-21,"['敖都吉雅', '范鹏飞']"
IPO,300619,300619,2014,2014-12-12,"['王韶华', '谭灏']"
IPO,300619,300619,2016,2016-06-29,"['王韶华', '谭灏']"
IPO,300620,300620,2015,2015-11-13,"['张兴', '张朝铖']"
IPO,300620,300620,2017,2017-01-05,"['张兴', '杨熹']"
IPO,300621,300621,2015,2015-11-13,"['宣宜辰', '付忠伟']"
IPO,300621,300621,2016,2016-12-20,"['宣宜辰', '付忠伟']"
IPO,300622,300622,2015,2015-11-13,"['邱俊洲', '张晓义', '刘耀辉']"
IPO,300622,300622,2016,2016-12-21,"['邱俊洲', '张晓义', '刘耀辉']"
IPO,300623,300623,2014,2014-08-29,"['林万强', '杨运辉']"
IPO,300623,300623,2015,2015-07-03,"['林万强', '杨运辉']"
IPO,300624,300624,2014,2014-09-12,"['邢敏', '杨谦']"
IPO,300624,300624,2016,2016-03-29,"['张晓义', '杨谦']"
IPO,300624,300624,2017,2017-05-05,"['邢敏', '杨谦']"
IPO,300625,300625,2015,2015-11-13,"['安霞', '何华峰']"
IPO,300625,300625,2016,2016-12-21,"['安霞', '何华峰']"
IPO,300626,300626,2015,2015-11-13,"['张全心', '胡新荣', '童苗根']"
IPO,300626,300626,2016,2016-12-12,"['张全心', '胡新荣', '童苗根']"
IPO,300627,300627,2015,2015-11-13,"['唐国骏', '谢嘉']"
IPO,300627,300627,2017,2017-01-05,"['唐国骏', '谢嘉']"
IPO,300628,300628,2015,2015-11-13,"['周俊超', '林炎临']"
IPO,300628,300628,2016,2016-12-27,"['周俊超', '林炎临']"
IPO,300629,300629,2015,2015-06-05,"['刘火旺', '吉争雄']"
IPO,300629,300629,2016,2016-12-13,"['刘火旺', '吉争雄']"
IPO,300630,300630,2015,2015-11-13,"['施其林', '卢娅萍', '唐彬彬']"
IPO,300630,300630,2017,2017-01-11,"['卢娅萍', '唐彬彬']"
IPO,300631,300631,2014,2014-06-27,"['章归鸿', '毛平平']"
IPO,300631,300631,2016,2016-03-14,"['章归鸿', '毛平平']"
IPO,300632,300632,2015,2015-07-03,"['方建新', '陈瑜星']"
IPO,300632,300632,2017,2017-02-20,"['方建新', '陈瑜星']"
IPO,300633,300633,2015,2015-11-13,"['何晓明', '康雪艳']"
IPO,300633,300633,2017,2017-01-18,"['何晓明', '康雪艳']"
IPO,300634,300634,2017,2017-01-13,"['杨志平', '李新民']"
IPO,300634,300634,2018,2018-01-17,"['杨志平', '李新民']"
IPO,300635,300635,2015,2015-11-13,"['王韶华', '马云山']"
IPO,300635,300635,2017,2017-01-18,"['王韶华', '马云山']"
IPO,300636,300636,2015,2015-11-13,"['肖菲', '包梅庭']"
IPO,300636,300636,2017,2017-01-11,"['肖菲', '包梅庭']"
IPO,300637,300637,2015,2015-11-13,"['林鹏飞', '金刚锋']"
IPO,300637,300637,2017,2017-02-24,"['林鹏飞', '金刚锋']"
IPO,300638,300638,2015,2015-07-03,"['黄声森', '赵娟娟']"
IPO,300638,300638,2017,2017-02-24,"['黄声森', '赵娟娟']"
IPO,300639,300639,2015,2015-07-03,"['巫扬华', '李斌华']"
IPO,300639,300639,2016,2016-12-27,"['巫扬华', '李斌华']"
IPO,300640,300640,2016,2016-03-25,"['王永平', '陈依航']"
IPO,300640,300640,2017,2017-02-20,"['王永平', '陈依航']"
IPO,300641,300641,2015,2015-12-25,"['黄晔', '施朝禺', '范明华', '吴恒青']"
IPO,300641,300641,2017,2017-03-06,"['黄晔', '施朝禺', '范明华', '吴恒青']"
IPO,300642,300642,2015,2015-12-25,"['姚辉', '董文茜']"
IPO,300642,300642,2017,2017-03-14,"['姚辉', '董文茜']"
IPO,300643,300643,2015,2015-12-11,"['孙文军', '陈芳']"
IPO,300643,300643,2017,2017-03-20,"['孙文军', '陈芳']"
IPO,300644,300644,2017,2017-05-26,"['林捷', '张军']"
IPO,300645,300645,2015,2015-07-03,"['胡燕华', '潘晶晶']"
IPO,300645,300645,2017,2017-03-20,"['胡燕华', '潘晶晶']"
IPO,300646,300646,2015,2015-11-13,"['胡彬', '贺顺祥']"
IPO,300646,300646,2017,2017-03-14,"['胡彬', '贺顺祥']"
IPO,300647,300647,2015,2015-04-24,"['周俊祥', '陈勇']"
IPO,300647,300647,2017,2017-03-20,"['周俊祥', '陈勇']"
IPO,300648,300648,2015,2015-12-04,"['林庆瑜', '郑海霞']"
IPO,300648,300648,2017,2017-03-20,"['林庆瑜', '郑海霞']"
IPO,300649,300649,2015,2015-12-25,"['郭宪明', '蔡畅', '陈景涛']"
IPO,300649,300649,2017,2017-03-20,"['郭宪明', '蔡畅', '陈景涛']"
IPO,300650,300650,2015,2015-12-11,"['朱艳', '宛云龙', '史少翔', '李友菊']"
IPO,300650,300650,2017,2017-03-20,"['朱艳', '宛云龙', '史少翔', '李友菊']"
IPO,300651,300651,2015,2015-12-25,"['肖厚祥', '顾玉萍']"
IPO,300651,300651,2017,2017-03-06,"['肖厚祥', '顾玉萍']"
IPO,300652,300652,2015,2015-12-04,"['顾雪峰', '张朱华']"
IPO,300652,300652,2017,2017-03-28,"['顾雪峰', '张朱华']"
IPO,300653,300653,2015,2015-12-18,"['吴金锋', '高海涛']"
IPO,300653,300653,2017,2017-03-28,"['吴金锋', '高海涛']"
IPO,300654,300654,2016,2016-07-01,"['赵燕', '刘宇']"
IPO,300654,300654,2017,2017-07-14,"['赵燕', '刘宇']"
IPO,300655,300655,2016,2016-01-08,"['边俊豪', '王书阁', '庄继宁', '高旭升']"
IPO,300655,300655,2017,2017-04-05,"['边俊豪', '王书阁', '庄继宁', '高旭升']"
IPO,300656,300656,2016,2016-02-19,"['王宇桥', '邢向宗']"
IPO,300656,300656,2017,2017-04-05,"['王宇桥', '邢向宗']"
IPO,300657,300657,2014,2014-09-12,"['陈纹', '廖金辉']"
IPO,300657,300657,2017,2017-04-10,"['陈纹', '廖金辉']"
IPO,300658,300658,2015,2015-12-25,"['刘伟', '邵路']"
IPO,300658,300658,2017,2017-04-10,"['刘伟', '邵路']"
IPO,300659,300659,2015,2015-04-17,"['叶金福', '王准']"
IPO,300659,300659,2017,2017-04-10,"['叶金福', '王准']"
IPO,300660,300660,2016,2016-01-08,"['戴伟忠', '何泰锋']"
IPO,300660,300660,2017,2017-04-10,"['戴伟忠', '何泰锋']"
IPO,300661,300661,2015,2015-11-13,"['李惠琦', '傅智勇']"
IPO,300661,300661,2017,2017-04-18,"['李惠琦', '傅智勇']"
IPO,300662,300662,2015,2015-11-13,"['黄迎', '张旻逸']"
IPO,300662,300662,2017,2017-04-18,"['黄迎', '张旻逸']"
IPO,300663,300663,2015,2015-11-13,"['李东昕', '梁丽娟']"
IPO,300663,300663,2017,2017-04-18,"['李东昕', '李峰']"
IPO,300664,300664,2014,2014-05-08,"['荆建明', '?蔡卫华']"
IPO,300664,300664,2016,2016-04-22,"['荆建明', '?蔡卫华']"
IPO,300665,300665,2014,2014-06-19,"['孙益文', '邱乐群']"
IPO,300665,300665,2015,2015-06-08,"['孙益文', '邱乐群']"
IPO,300665,300665,2016,2016-05-06,"['孙益文', '邱乐群']"
IPO,300665,300665,2017,2017-04-21,"['孙益文', '邱乐群']"
IPO,300666,300666,2016,2016-01-08,"['沈利刚', '凌燕', '陈思华']"
IPO,300666,300666,2017,2017-04-18,"['沈利刚', '凌燕', '陈思华']"
IPO,300667,300667,2016,2016-01-08,"['刘杰', '盛梅琴']"
IPO,300667,300667,2017,2017-04-05,"['刘杰', '盛梅琴']"
IPO,300668,300668,2016,2016-05-06,"['肖菲', '王许']"
IPO,300668,300668,2017,2017-04-17,"['肖菲', '王许']"
IPO,300669,300669,2016,2016-05-06,"['周海斌', '孙玮']"
IPO,300669,300669,2017,2017-04-24,"['周海斌', '孙玮']"
IPO,300670,300670,2015,2015-11-13,"['林捷', '罗顺华']"
IPO,300670,300670,2017,2017-03-06,"['林捷', '罗顺华']"
IPO,300671,300671,2016,2016-03-11,"['陈卫武', '康跃华']"
IPO,300671,300671,2017,2017-04-18,"['陈卫武', '康跃华']"
IPO,300672,300672,2016,2016-05-06,"['谈朝晖', '赵熹']"
IPO,300672,300672,2017,2017-05-03,"['谈朝晖', '赵熹']"
IPO,300673,300673,2016,2016-05-20,"['杨安杰', '高敏建']"
IPO,300673,300673,2017,2017-05-03,"['杨安杰', '高敏建']"
IPO,300674,300674,2016,2016-12-02,"['李璟', '汪沛']"
IPO,300674,300674,2017,2017-12-20,"['李璟', '汪沛']"
IPO,300675,300675,2015,2015-07-03,"['龙湖川', '丘运良']"
IPO,300675,300675,2017,2017-02-20,"['龙湖川', '丘运良']"
IPO,300676,300676,2015,2015-12-18,"['李剑光', '邓帮凯']"
IPO,300676,300676,2017,2017-03-14,"['李剑光', '邓帮凯']"
IPO,300677,300677,2016,2016-04-22,"['李德勇', '费方华']"
IPO,300677,300677,2017,2017-05-08,"['李德勇', '费方华']"
IPO,300678,300678,2015,2015-03-06,"['罗东先', '李丽']"
IPO,300678,300678,2016,2016-12-21,"['罗东先', '李丽']"
IPO,300679,300679,2016,2016-06-03,"['赵勇', '胡国仁']"
IPO,300679,300679,2017,2017-04-17,"['赵勇', '胡国仁']"
IPO,300680,300680,2015,2015-12-25,"['潘永祥', '冯建利']"
IPO,300680,300680,2017,2017-04-05,"['潘永祥', '冯建利']"
IPO,300681,300681,2016,2016-04-08,"['于长江', '刘海山']"
IPO,300681,300681,2017,2017-04-18,"['于长江', '刘海山']"
IPO,300682,300682,2014,2014-12-05,"['杨轶辉', '王权生']"
IPO,300682,300682,2017,2017-05-15,"['胡杰', '杨桢']"
IPO,300683,300683,2016,2016-05-27,"['王郁', '范桂铭']"
IPO,300683,300683,2017,2017-05-03,"['王郁', '范桂铭']"
IPO,300684,300684,2015,2015-01-09,"['文武兴', '乔国刚']"
IPO,300684,300684,2017,2017-10-31,"['文武兴', '乔国刚']"
IPO,300685,300685,2015,2015-12-04,"['姚辉', '葛晓萍']"
IPO,300685,300685,2017,2017-03-14,"['姚辉', '葛晓萍']"
IPO,300686,300686,2014,2014-10-24,"['高敏', '陈琼']"
IPO,300686,300686,2017,2017-05-08,"['高敏', '陈琼']"
IPO,300687,300687,2016,2016-06-03,"['魏标文', '彭宗显']"
IPO,300687,300687,2017,2017-06-09,"['魏标文', '彭宗显']"
IPO,300688,300688,2016,2016-04-22,"['王玥', '林涛']"
IPO,300688,300688,2017,2017-04-21,"['王玥', '林涛']"
IPO,300689,300689,2016,2016-06-17,"['杨劼', '张洪富']"
IPO,300689,300689,2017,2017-05-15,"['杨劼', '张洪富']"
IPO,300690,300690,2015,2015-12-25,"['田景智', '吴金锋']"
IPO,300690,300690,2017,2017-06-19,"['田景智', '吴金锋']"
IPO,300691,300691,2016,2016-05-06,"['郭晋龙', '古范球']"
IPO,300691,300691,2017,2017-04-20,"['郭晋龙', '古范球']"
IPO,300692,300692,2016,2016-06-24,"['熊明峰', '郭凯', '程超']"
IPO,300692,300692,2017,2017-06-09,"['熊明峰', '郭凯', '程超']"
IPO,300693,300693,2016,2016-03-25,"['彭中', '吴静']"
IPO,300693,300693,2017,2017-06-30,"['彭中', '吴静']"
IPO,300694,300694,2017,2017-06-30,"['沈培强', '陈素素']"
IPO,300694,300694,2018,2018-04-23,"['沈培强', '陈素素']"
IPO,300695,300695,2015,2015-11-13,"['缪志坚', '陈焱鑫', '王国海']"
IPO,300695,300695,2017,2017-01-18,"['缪志坚', '陈焱鑫', '王国海']"
IPO,300696,300696,2016,2016-06-24,"['杨锡光', '刘鹏']"
IPO,300696,300696,2017,2017-06-09,"['杨锡光', '刘鹏']"
IPO,300697,300697,2016,2016-06-24,"['潘永祥', '孙广友']"
IPO,300697,300697,2017,2017-06-02,"['潘永祥', '孙广友']"
IPO,300698,300698,2016,2016-06-24,"['叶胜平', '严卫']"
IPO,300698,300698,2017,2017-06-30,"['叶胜平', '严卫']"
IPO,300699,300699,2015,2015-11-13,"['谢骞', '董汉逸']"
IPO,300699,300699,2017,2017-06-26,"['谢骞', '董汉逸']"
IPO,300700,300700,2015,2015-11-20,"['刘智清', '杨明新', '周曼']"
IPO,300700,300700,2017,2017-02-24,"['刘智清', '杨明新', '周曼']"
IPO,300701,300701,2015,2015-11-13,"['黎明', '杨辉斌']"
IPO,300701,300701,2017,2017-07-14,"['黎明', '杨辉斌']"
IPO,300702,300702,2016,2016-08-26,"['赵海荣', '周小民']"
IPO,300702,300702,2017,2017-07-17,"['赵海荣', '周小民']"
IPO,300703,300703,2015,2015-12-25,"['王季民', '温安林']"
IPO,300703,300703,2017,2017-06-19,"['王季民', '温安林']"
IPO,300705,300705,2016,2016-10-14,"['罗跃龙', '张乐']"
IPO,300705,300705,2017,2017-07-21,"['罗跃龙', '张乐']"
IPO,300706,300706,2016,2016-03-25,"['林庆瑜', '江辉']"
IPO,300706,300706,2017,2017-08-07,"['林庆瑜', '江辉']"
IPO,300707,300707,2016,2016-10-14,"['党小安', '龚振雷']"
IPO,300707,300707,2017,2017-08-28,"['党小安', '黄晓曲']"
IPO,300708,300708,2015,2015-11-13,"['张婕', '俞国徽']"
IPO,300708,300708,2017,2017-03-14,"['张婕', '俞国徽']"
IPO,300709,300709,2016,2016-07-01,"['汤孟强', '张立']"
IPO,300709,300709,2017,2017-08-25,"['汤孟强', '张立']"
IPO,300710,300710,2016,2016-12-16,"['龙传喜', '王涛']"
IPO,300710,300710,2017,2017-09-04,"['龙传喜', '王涛']"
IPO,300711,300711,2016,2016-12-23,"['陈锦棋', '韦宗玉']"
IPO,300711,300711,2017,2017-09-04,"['陈锦棋', '韦宗玉']"
IPO,300712,300712,2016,2016-04-29,"['张艳红', '刘学传', '姚辉', '杨志平']"
IPO,300712,300712,2017,2017-05-03,"['张艳红', '刘学传', '姚辉', '杨志平']"
IPO,300713,300713,2016,2016-06-24,"['黄绍煌', '陆贤锋']"
IPO,300713,300713,2017,2017-06-02,"['黄绍煌', '陆贤锋']"
IPO,300715,300715,2015,2015-12-18,"['廖屹峰', '邓德祥']"
IPO,300715,300715,2017,2017-02-20,"['廖屹峰', '邓德祥']"
IPO,300716,300716,2016,2016-12-09,"['朱中伟', '赵国梁']"
IPO,300716,300716,2017,2017-09-11,"['朱中伟', '赵国梁']"
IPO,300717,300717,2016,2016-06-24,"['王需如', '刘涛']"
IPO,300717,300717,2017,2017-06-02,"['王需如', '刘涛']"
IPO,300718,300718,2016,2016-12-30,"['李惠丰', '钟建栋', '王克平']"
IPO,300718,300718,2017,2017-09-04,"['李惠丰', '钟建栋', '王克平']"
IPO,300719,300719,2016,2016-09-23,"['孙益文', '赵学平']"
IPO,300719,300719,2017,2017-09-11,"['孙益文', '赵学平']"
IPO,300720,300720,2016,2016-06-24,"['章顺文', '吴年胜']"
IPO,300720,300720,2017,2017-06-23,"['章顺文', '吴年胜']"
IPO,300721,300721,2017,2017-01-13,"['林捷', '吴霆']"
IPO,300722,300722,2017,2017-02-03,"['张良文', '李生敏']"
IPO,300723,300723,2016,2016-06-17,"['何华峰', '安霞']"
IPO,300723,300723,2017,2017-05-19,"['何华峰', '安霞']"
IPO,300724,300724,2017,2017-04-21,"['李振华', '钟俊']"
IPO,300725,300725,2017,2017-03-17,"['陈晓龙', '娄新洁', '陈莉']"
IPO,300726,300726,2016,2016-10-14,"['梁烽', '陈芝莲']"
IPO,300726,300726,2017,2017-09-11,"['梁烽', '陈芝莲']"
IPO,300727,300727,2016,2016-12-23,"['胡新荣', '宛云龙', '周晓飞']"
IPO,300727,300727,2017,2017-10-09,"['胡新荣', '宛云龙', '周晓飞']"
IPO,300728,300728,2015,2015-11-13,"['乔如林', '张扬']"
IPO,300728,300728,2017,2017-04-18,"['乔如林', '张扬']"
IPO,300729,300729,2016,2016-12-02,"['沈利刚', '凌燕', '程洪祯', '孙伟', '吴霆']"
IPO,300729,300729,2017,2017-10-16,"['沈利刚', '凌燕', '徐珍珍', '程洪祯', '孙伟', '吴霆']"
IPO,300730,300730,2016,2016-07-01,"['刘智清', '李晓阳', '曾春卫']"
IPO,300730,300730,2017,2017-10-16,"['刘智清', '李晓阳', '曾春卫']"
IPO,300731,300731,2016,2016-12-23,"['黄跃森', '周敏']"
IPO,300731,300731,2017,2017-10-16,"['黄跃森', '周敏']"
IPO,300732,300732,2017,2017-01-13,"['郭伟', '郭惠']"
IPO,300733,300733,2017,2017-01-13,"['李夕甫', '汪孝东']"
IPO,300735,300735,2017,2017-01-20,"['龙湖川', '覃业志']"
IPO,300736,300736,2015,2015-11-13,"['孙进', '李丁', '张昆', '宗承勇', '东松', '何晓云']"
IPO,300736,300736,2017,2017-11-08,"['孙进', '刘渊博', '张昆', '宗承勇', '东松', '何晓云']"
IPO,300737,300737,2017,2017-03-03,"['向晓三', '王建甫']"
IPO,300738,300738,2016,2016-12-30,"['刘火旺', '邓小勤']"
IPO,300738,300738,2017,2017-10-16,"['刘火旺', '邓小勤']"
IPO,300739,300739,2017,2017-06-02,"['章顺文', '柴喜峰']"
IPO,300740,300740,2017,2017-04-21,"['刘智清', '周睿', '孟双']"
IPO,300741,300741,2017,2017-06-16,"['曹翠丽', '裘小莹']"
IPO,300742,300742,2016,2016-12-23,"['陈纹', '叶文广']"
IPO,300742,300742,2017,2017-12-20,"['陈纹', '叶文广']"
IPO,300743,300743,2016,2016-06-24,"['胡燕华', '潘晶晶']"
IPO,300743,300743,2017,2017-10-25,"['胡燕华', '潘晶晶']"
IPO,300745,300745,2017,2017-04-21,"['屈先富', '扶交亮', '安飞', '韩雁光']"
IPO,300745,300745,2018,2018-01-10,"['屈先富', '扶交亮', '安飞', '韩雁光']"
IPO,300746,300746,2015,2015-06-12,"['谢贤庆', '鲁立']"
IPO,300746,300746,2017,2017-12-27,"['谢贤庆', '鲁立']"
IPO,300747,300747,2017,2017-06-16,"['袁刚山', '左志民', '黄静', '姚慧宇']"
IPO,300747,300747,2018,2018-03-30,"['袁刚山', '左志民', '黄静', '姚慧宇']"
IPO,300748,300748,2017,2017-07-14,"['王建民', '蔡洁瑜']"
IPO,300748,300748,2018,2018-03-12,"['王建民', '蔡洁瑜']"
IPO,300749,300749,2017,2017-05-26,"['邱俊洲', '吴萃柿']"
IPO,300749,300749,2018,2018-01-31,"['邱俊洲', '吴萃柿']"
IPO,300750,300750,2017,2017-11-10,"['殷雪芳', '佘丽娜']"
IPO,300750,300750,2018,2018-03-12,"['殷雪芳', '佘丽娜']"
IPO,300751,300751,2017,2017-06-30,"['詹晔', '林雷']"
IPO,300751,300751,2018,2018-04-09,"['詹晔', '林雷']"
IPO,300752,300752,2017,2017-06-02,"['彭中', '邓金超']"
IPO,300753,300753,2017,2017-07-07,"['叶卫民', '闫志勇']"
IPO,300753,300753,2018,2018-03-27,"['叶卫民', '闫志勇']"
IPO,300755,300755,2017,2017-05-12,"['陈静', '李永伟']"
IPO,300756,300756,2015,2015-05-29,"['凌运良', '齐永梅']"
IPO,300756,300756,2016,2016-11-08,"['凌运良', '齐永梅']"
IPO,300756,300756,2017,2017-09-08,"['凌运良', '齐永梅']"
IPO,300756,300756,2018,2018-04-12,"['凌运良', '齐永梅']"
IPO,300757,300757,2017,2017-06-30,"['廖屹峰', '邓德祥']"
IPO,300757,300757,2018,2018-04-09,"['廖屹峰', '邓德祥']"
IPO,300758,300758,2017,2017-06-30,"['魏弘', '顾娜']"
IPO,300758,300758,2018,2018-04-12,"['魏弘', '顾娜']"
IPO,300759,300759,2017,2017-06-30,"['梁晓燕', '田娟']"
IPO,300759,300759,2018,2018-04-13,"['梁晓燕', '田娟']"
IPO,300760,300760,2017,2017-05-26,"['孔昱', '黄志敏']"
IPO,300760,300760,2018,2018-03-30,"['孔昱', '黄志敏']"
IPO,300761,300761,2016,2016-03-25,"['曹阳', '李洋']"
IPO,300761,300761,2017,2017-11-14,"['李洋', '张志威', '曹阳', '李洋']"
IPO,300762,300762,2017,2017-10-13,"['韩频', '郑钢']"
IPO,300762,300762,2018,2018-03-29,"['韩频', '郑钢', '赵键']"
IPO,300763,300763,2017,2017-11-03,"['吕瑛群', '耿振']"
IPO,300763,300763,2018,2018-05-11,"['吕瑛群', '耿振']"
IPO,300765,300765,2017,2017-12-29,"['童传江', '吴杉']"
IPO,300765,300765,2018,2018-09-07,"['童传江', '吴杉']"
IPO,300766,300766,2017,2017-09-22,"['黄加才', '刘芳']"
IPO,300766,300766,2018,2018-05-02,"['黄加才', '刘芳']"
IPO,300767,300767,2015,2015-11-13,"['张为', '李云虹']"
IPO,300767,300767,2017,2017-04-10,"['张为', '李云虹']"
IPO,300767,300767,2018,2018-06-15,"['张为', '李云虹']"
IPO,300768,300768,2017,2017-06-30,"['李惠丰', '孙峰', '吕爱珍']"
IPO,300768,300768,2018,2018-02-27,"['李惠丰', '孙峰', '吕爱珍']"
IPO,300769,300769,2016,2016-09-09,"['潘新华', '任晓英', '高虹', '赵娟娟']"
IPO,300769,300769,2017,2017-12-20,"['潘新华', '任晓英', '高虹', '赵娟娟']"
IPO,300770,300770,2017,2017-12-15,"['杨文蔚', '邓小勤']"
IPO,300770,300770,2018,2018-07-06,"['杨文蔚', '邓小勤']"
IPO,300771,300771,2017,2017-05-26,"['张晓荣', '谢金香']"
IPO,300772,300772,2017,2017-10-20,"['黄元喜', '龚文昌']"
IPO,300772,300772,2018,2018-05-08,"['黄元喜', '龚文昌']"
IPO,300773,300773,2017,2017-03-03,"['徐继凯', '周军']"
IPO,300773,300773,2019,2019-03-12,"['徐继凯', '周军']"
IPO,300774,300774,2019,2019-07-05,"['张帆', '闫保瑞']"
IPO,300774,300774,2020,2020-07-06,"['张帆', '闫保瑞', '马明', '魏彩虹']"
IPO,300774,300774,2021,2021-01-06,"['张帆', '闫保瑞', '马明', '魏彩虹']"
IPO,300774,300774,2021,2021-06-15,"['张帆', '闫保瑞']"
IPO,300775,300775,2017,2017-07-14,"['胡彬', '徐士宝']"
IPO,300775,300775,2018,2018-04-12,"['胡彬', '徐士宝']"
IPO,300776,300776,2017,2017-07-14,"['陈勇波', '梁谦海']"
IPO,300776,300776,2018,2018-03-30,"['陈勇波', '梁谦海']"
IPO,300777,300777,2016,2016-11-04,"['王忻', '陈刚']"
IPO,300777,300777,2017,2017-08-28,"['王忻', '唐荣周']"
IPO,300778,300778,2017,2017-09-29,"['陈琼', '钟宇']"
IPO,300778,300778,2018,2018-05-02,"['陈琼', '钟宇']"
IPO,300779,300779,2017,2017-12-22,"['赵斌', '龙勇', '杨军', '滑燕']"
IPO,300779,300779,2018,2018-07-26,"['赵斌', '龙勇', '杨军', '滑燕']"
IPO,300780,300780,2017,2017-09-29,"['刘泽波', '许萍']"
IPO,300780,300780,2018,2018-03-29,"['刘泽波', '许萍']"
IPO,300781,300781,2017,2017-03-31,"['刘杰生', '吴泽敏']"
IPO,300782,300782,2018,2018-03-23,"['王一芳', '侯文灏']"
IPO,300783,300783,2017,2017-04-21,"['韩建旻', '王鹏']"
IPO,300783,300783,2017,2017-10-31,"['李东昕', '王鹏']"
IPO,300784,300784,2022,2022-05-10,"['黄平', '陆加龙', '刘超']"
IPO,300784,300784,2023,2023-01-03,"['黄平', '陆加龙', '刘超']"
IPO,300784,300784,2023,2023-12-29,"['黄平', '陆加龙', '刘超', '谢贤庆', '金晓青']"
IPO,300784,300784,2024,2024-01-11,"['黄平', '陆加龙', '刘超']"
IPO,300785,300785,2017,2017-04-21,"['罗跃龙', '李小玲']"
IPO,300785,300785,2018,2018-04-12,"['罗跃龙', '李小玲']"
IPO,300786,300786,2017,2017-03-31,"['殷宪锋', '蔺自立']"
IPO,300786,300786,2018,2018-01-05,"['殷宪锋', '蔺自立']"
IPO,300787,300787,2015,2015-05-29,"['王磊', '何晶晶']"
IPO,300787,300787,2017,2017-09-29,"['王磊', '何晶晶']"
IPO,300787,300787,2018,2018-04-27,"['王磊', '何晶晶']"
IPO,300788,300788,2017,2017-05-26,"['荣健', '单大信']"
IPO,300788,300788,2018,2018-03-19,"['荣健', '单大信']"
IPO,300789,300789,2017,2017-11-10,"['郭东超', '林苇铭']"
IPO,300789,300789,2018,2018-04-23,"['郭东超', '林苇铭']"
IPO,300790,300790,2018,2018-05-25,"['洪文伟', '宁宇妮']"
IPO,300791,300791,2016,2016-03-11,"['洪文伟', '辛瑛']"
IPO,300791,300791,2017,2017-07-14,"['洪文伟', '郭小军']"
IPO,300791,300791,2018,2018-04-27,"['洪文伟', '郭小军']"
IPO,300792,300792,2018,2018-05-04,"['谢贤庆', '黄婵娟']"
IPO,300793,300793,2018,2018-06-22,"['叶慧', '王俊', '徐婷']"
IPO,300795,300795,2017,2017-10-13,"['倪国君', '何林飞']"
IPO,300795,300795,2018,2018-04-23,"['倪国君', '何林飞']"
IPO,300796,300796,2018,2018-06-01,"['胡新荣', '黄晓奇', '秦啸']"
IPO,300797,300797,2018,2018-06-22,"['魏艳霞', '牛司平']"
IPO,300798,300798,2017,2017-12-29,"['缪志坚', '尉建清']"
IPO,300798,300798,2019,2019-03-29,"['缪志坚', '尉建清']"
IPO,300799,300799,2016,2016-12-16,"['杨志平', '王佳良']"
IPO,300799,300799,2017,2017-12-27,"['杨志平', '王佳良']"
IPO,300800,300800,2015,2015-05-08,"['钟永和', '孙建伟']"
IPO,300800,300800,2016,2016-11-10,"['呙华文', '张静娟', '王和忠']"
IPO,300800,300800,2018,2018-06-29,"['呙华文', '张静娟', '王和忠']"
IPO,300801,300801,2015,2015-12-04,"['殷宪锋', '徐利君']"
IPO,300801,300801,2017,2017-09-04,"['殷宪锋', '王德生']"
IPO,300801,300801,2018,2018-09-07,"['殷宪锋', '徐利君']"
IPO,300802,300802,2018,2018-06-29,"['王亮', '吴晓蕊']"
IPO,300803,300803,2016,2016-06-24,"['韩瑞红', '朱小娃']"
IPO,300803,300803,2017,2017-10-23,"['韩瑞红', '朱小娃']"
IPO,300804,300804,2021,2021-06-07,"['廖朝理', '蒋行行']"
IPO,300804,300804,2022,2022-03-30,"['廖朝理', '蒋行行']"
IPO,300804,300804,2023,2023-01-30,"['廖朝理', '蒋行行']"
IPO,300805,300805,2018,2018-06-22,"['安霞', '何华峰']"
IPO,300805,300805,2019,2019-04-17,"['安霞', '何华峰']"
IPO,300806,300806,2014,2014-05-05,"['宋文', '汪玉寿', '倪士明']"
IPO,300806,300806,2015,2015-05-22,"['宋文', '汪玉寿', '倪士明']"
IPO,300806,300806,2018,2018-06-08,"['宋文', '汪玉寿', '倪士明']"
IPO,300807,300807,2017,2017-02-10,"['何国铨', '周济平']"
IPO,300807,300807,2018,2018-01-24,"['何国铨', '周济平']"
IPO,300808,300808,2018,2018-06-29,"['洪文伟', '陈丹燕']"
IPO,300808,300808,2019,2019-05-10,"['洪文伟', '陈丹燕']"
IPO,300809,300809,2018,2018-09-14,"['赵焕琪', '王翔']"
IPO,300809,300809,2019,2019-04-17,"['赵焕琪', '王翔']"
IPO,300810,300810,2017,2017-04-21,"['张富根', '徐伟东']"
IPO,300810,300810,2018,2018-10-19,"['李振', '汪文锋']"
IPO,300810,300810,2019,2019-03-20,"['李振', '汪文锋']"
IPO,300811,300811,2017,2017-08-04,"['张希文', '邓华明']"
IPO,300811,300811,2018,2018-03-12,"['张希文', '邓华明']"
IPO,300812,300812,2018,2018-11-16,"['李海林', '吕亚丽']"
IPO,300812,300812,2019,2019-04-19,"['李海林', '唐力']"
IPO,300813,300813,2016,2016-06-24,"['赵海荣', '卜刚军']"
IPO,300813,300813,2017,2017-12-26,"['赵海荣', '卜刚军']"
IPO,300814,300814,2020,2020-07-08,"['吴萃柿', '刘泽涵']"
IPO,300814,300814,2021,2021-01-06,"['吴萃柿', '刘泽涵']"
IPO,300815,300815,2018,2018-09-28,"['谈侃', '陈卫武']"
IPO,300815,300815,2019,2019-04-12,"['谈侃', '陈卫武']"
IPO,300816,300816,2018,2018-10-12,"['占铁华', '郭凯', '霍金凤']"
IPO,300816,300816,2019,2019-03-20,"['占铁华', '郭凯', '霍金凤', '马建萍', '丁越狄']"
IPO,300817,300817,2016,2016-02-19,"['毕强', '姚丰全']"
IPO,300817,300817,2017,2017-03-28,"['毕强', '燕进']"
IPO,300817,300817,2018,2018-12-21,"['毕强', '姚丰全']"
IPO,300817,300817,2019,2019-06-05,"['毕强', '姚丰全']"
IPO,300818,300818,2016,2016-11-11,"['周益平', '熊绍保']"
IPO,300818,300818,2017,2017-07-21,"['周益平', '熊绍保']"
IPO,300818,300818,2019,2019-04-26,"['周益平', '熊绍保']"
IPO,300819,300819,2018,2018-06-29,"['俞佳南', '徐海泓']"
IPO,300819,300819,2019,2019-01-25,"['俞佳南', '徐海泓']"
IPO,300820,300820,2018,2018-11-16,"['王庆', '顾宏谋']"
IPO,300820,300820,2019,2019-04-17,"['王庆', '顾宏谋']"
IPO,300821,300821,2018,2018-11-16,"['肖瑞峰', '李灵辉']"
IPO,300821,300821,2019,2019-11-04,"['肖瑞峰', '李灵辉']"
IPO,300822,300822,2019,2019-02-15,"['齐晓丽', '张明']"
IPO,300823,300823,2017,2017-12-29,"['李峰', '刘黎']"
IPO,300823,300823,2018,2018-12-28,"['李峰', '刘黎']"
IPO,300823,300823,2019,2019-06-05,"['李峰', '刘黎']"
IPO,300824,300824,2017,2017-12-29,"['王建新', '杨帆']"
IPO,300824,300824,2019,2019-03-22,"['潘传云', '杨帆']"
IPO,300825,300825,2018,2018-09-28,"['黄小丁', '李春玉']"
IPO,300825,300825,2019,2019-04-25,"['黄小丁', '李春玉', '乐超军', '牛忠党']"
IPO,300826,300826,2018,2018-11-09,"['沈在斌', '潘坤']"
IPO,300826,300826,2019,2019-04-19,"['沈在斌', '潘坤']"
IPO,300827,300827,2016,2016-10-28,"['刘勇', '孙殷骏']"
IPO,300827,300827,2017,2017-09-11,"['刘勇', '孙殷骏']"
IPO,300827,300827,2018,2018-12-21,"['刘勇', '孙殷骏']"
IPO,300827,300827,2019,2019-05-24,"['刘勇', '孙殷骏']"
IPO,300828,300828,2018,2018-12-21,"['林国伟', '周军']"
IPO,300828,300828,2019,2019-06-05,"['林国伟', '周军']"
IPO,300829,300829,2017,2017-01-06,"['惠增强', '刘文豪']"
IPO,300829,300829,2019,2019-05-24,"['刘文豪', '徐文博']"
IPO,300830,300830,2018,2018-11-09,"['田华', '姜波', '李兆春', '李华']"
IPO,300830,300830,2019,2019-10-31,"['田华', '姜波', '李兆春', '李华']"
IPO,300831,300831,2018,2018-12-21,"['赵鑫', '黄丽琼']"
IPO,300831,300831,2019,2019-05-21,"['赵鑫', '黄丽琼']"
IPO,300832,300832,2016,2016-04-15,"['方建新', '陈瑜星']"
IPO,300832,300832,2017,2017-10-31,"['方建新', '陈瑜星']"
IPO,300833,300833,2018,2018-12-21,"['刘火旺', '邓小勤']"
IPO,300833,300833,2019,2019-09-20,"['刘火旺', '邓小勤']"
IPO,300834,300834,2020,2020-11-10,"['张腾', '林泽琼']"
IPO,300834,300834,2021,2021-02-03,"['张腾', '林泽琼']"
IPO,300835,300835,2016,2016-04-01,"['王振宇', '王昆']"
IPO,300835,300835,2018,2018-01-03,"['王振宇', '王昆']"
IPO,300836,300836,2018,2018-12-28,"['宋文', '姚海士', '童波', '付后升', '邓传洲']"
IPO,300836,300836,2019,2019-10-15,"['宋文', '卢鑫', '童波']"
IPO,300837,300837,2015,2015-12-11,"['鲁立', '黄蕾蕾']"
IPO,300837,300837,2019,2019-02-01,"['鲁立', '黄蕾蕾']"
IPO,300838,300838,2019,2019-01-04,"['章祥', '高伟琴', '葛朋', '周海斌', '银雪姣']"
IPO,300838,300838,2019,2019-09-20,"['章祥', '葛朋']"
IPO,300839,300839,2017,2017-06-16,"['李惠丰', '孙峰', '吕爱珍']"
IPO,300839,300839,2018,2018-11-30,"['李惠丰', '孙峰', '吕爱珍']"
IPO,300839,300839,2019,2019-04-25,"['李惠丰', '孙峰', '吕爱珍']"
IPO,300840,300840,2018,2018-12-21,"['单大信', '李星', '荣健']"
IPO,300840,300840,2019,2019-05-24,"['单大信', '李星', '荣健']"
IPO,300841,300841,2018,2018-12-28,"['华毅鸿', '卫亚辉']"
IPO,300841,300841,2019,2019-05-10,"['华毅鸿', '卫亚辉']"
IPO,300842,300842,2018,2018-12-28,"['陈晓龙', '张婕']"
IPO,300842,300842,2019,2019-10-15,"['陈晓龙', '毕坤']"
IPO,300843,300843,2019,2019-03-22,"['何国铨', '郭俊彬']"
IPO,300843,300843,2019,2019-11-14,"['梁寄意', '邓碧涛']"
IPO,300844,300844,2020,2020-07-07,"['郭宪明', '蔡畅', '陶凌雪']"
IPO,300844,300844,2021,2021-01-19,"['郭宪明', '蔡畅', '陶凌雪']"
IPO,300845,300845,2017,2017-10-13,"['张建华', '李勤']"
IPO,300845,300845,2019,2019-04-04,"['周立新', '李勤']"
IPO,300846,300846,2019,2019-04-04,"['郝丽江', '沈彦波']"
IPO,300847,300847,2014,2014-06-27,"['陈勇波', '胡红康']"
IPO,300847,300847,2016,2016-03-18,"['陈勇波', '王娜']"
IPO,300847,300847,2019,2019-04-12,"['陈勇波', '王娜']"
IPO,300848,300848,2017,2017-03-31,"['段奇', '李超']"
IPO,300848,300848,2018,2018-01-30,"['段奇', '辛庆辉']"
IPO,300848,300848,2019,2019-04-12,"['段奇', '辛庆辉']"
IPO,300848,300848,2019,2019-12-12,"['惠增强', '辛庆辉']"
IPO,300849,300849,2017,2017-06-30,"['郭文令', '彭远卓']"
IPO,300849,300849,2019,2019-04-12,"['郭文令', '彭远卓']"
IPO,300850,300850,2019,2019-04-26,"['李洪仪', '关德福']"
IPO,300851,300851,2017,2017-12-29,"['何降星', '金敬玉']"
IPO,300851,300851,2019,2019-05-10,"['何降星', '邓柳梅']"
IPO,300852,300852,2019,2019-05-10,"['陈志刚', '张磊', '周芬']"
IPO,300853,300853,2017,2017-06-16,"['叶喜撑', '韦军']"
IPO,300853,300853,2018,2018-02-22,"['叶喜撑', '韦军']"
IPO,300853,300853,2019,2019-05-10,"['林国雄', '韦军']"
IPO,300854,300854,2020,2020-07-06,"['陈琼', '曾小生']"
IPO,300854,300854,2021,2021-02-19,"['陈琼', '曾小生']"
IPO,300855,300855,2019,2019-05-10,"['林雷', '罗振雄']"
IPO,300856,300856,2019,2019-05-10,"['罗顺华', '赵晔']"
IPO,300857,300857,2019,2019-05-24,"['姚静', '徐继宏', '庾自斌', '孙忠英']"
IPO,300858,300858,2018,2018-10-26,"['汤家俊', '肖文涛']"
IPO,300859,300859,2017,2017-10-13,"['朱瑛', '李婷']"
IPO,300859,300859,2018,2018-04-23,"['朱瑛', '李婷']"
IPO,300860,300860,2018,2018-06-22,"['季晟', '李宏志']"
IPO,300860,300860,2019,2019-01-11,"['季晟', '李宏志']"
IPO,300860,300860,2020,2020-06-22,"['季晟', '李宏志']"
IPO,300861,300861,2018,2018-12-07,"['李春华', '唐健']"
IPO,300861,300861,2019,2019-04-19,"['李春华', '唐健']"
IPO,300861,300861,2020,2020-06-24,"['李春华', '唐健']"
IPO,300862,300862,2019,2019-04-19,"['胡新荣', '史少翔', '陈云青?']"
IPO,300862,300862,2019,2019-09-20,"['胡新荣', '史少翔', '陈云青']"
IPO,300862,300862,2020,2020-06-30,"['胡新荣', '史少翔', '陈云青']"
IPO,300863,300863,2019,2019-05-10,"['钟建栋', '杜娜']"
IPO,300863,300863,2020,2020-06-22,"['钟建栋', '杜娜']"
IPO,300864,300864,2019,2019-06-14,"['吕丛平', '张旭']"
IPO,300864,300864,2020,2020-06-22,"['吕丛平', '张旭']"
IPO,300865,300865,2015,2015-04-10,"['胡彬', '胡宏伟']"
IPO,300865,300865,2019,2019-05-10,"['龚荣华', '胡宏伟', '万懋晖', '胡彬', '胡宏伟']"
IPO,300865,300865,2020,2020-06-03,"['龚荣华', '胡宏伟', '万懋晖', '胡彬', '胡宏伟']"
IPO,300865,300865,2020,2020-07-27,"['龚荣华', '胡宏伟', '万懋晖']"
IPO,300866,300866,2019,2019-05-10,"['田景亮', '郑立红']"
IPO,300866,300866,2019,2019-10-11,"['郑立红', '陈美婷']"
IPO,300866,300866,2020,2020-06-28,"['张云鹤', '陈美婷']"
IPO,300867,300867,2015,2015-05-08,"['杨熹', '张兴']"
IPO,300867,300867,2019,2019-05-10,"['张朝铖', '刘国平']"
IPO,300867,300867,2020,2020-06-29,"['张朝铖', '刘国平']"
IPO,300868,300868,2015,2015-06-19,"['陈鹏', '姚翠玲']"
IPO,300868,300868,2017,2017-12-15,"['陈鹏', '姚翠玲']"
IPO,300868,300868,2019,2019-04-26,"['陈鹏', '姚翠玲']"
IPO,300868,300868,2020,2020-06-30,"['陈鹏', '姚翠玲']"
IPO,300869,300869,2018,2018-06-29,"['童传江', '吴杉']"
IPO,300869,300869,2020,2020-07-02,"['童传江', '吴杉']"
IPO,300870,300870,2019,2019-06-06,"['陈志刚', '张磊', '周芬']"
IPO,300870,300870,2020,2020-01-10,"['陈志刚', '张磊', '周芬']"
IPO,300871,300871,2019,2019-05-10,"['刘钧', '罗明国']"
IPO,300871,300871,2020,2020-06-23,"['刘钧', '罗明国']"
IPO,300872,300872,2019,2019-06-28,"['李峰', '刘黎']"
IPO,300872,300872,2020,2020-05-15,"['李峰', '刘黎']"
IPO,300873,300873,2019,2019-06-06,"['郝世明', '付声文']"
IPO,300873,300873,2020,2020-06-29,"['郝世明', '付声文']"
IPO,300875,300875,2019,2019-05-31,"['纪玉红', '崔勇趁', '杨晋芳']"
IPO,300875,300875,2020,2020-07-02,"['纪玉红', '崔勇趁', '杨晋芳', '宋勇']"
IPO,300875,300875,2020,2020-07-30,"['纪玉红', '崔勇趁', '杨晋芳']"
IPO,300876,300876,2019,2019-06-21,"['范荣', '胡志刚', '颜利胜']"
IPO,300876,300876,2020,2020-04-03,"['范荣', '胡志刚', '颜利胜']"
IPO,300876,300876,2020,2020-07-31,"['胡志刚', '颜利胜']"
IPO,300877,300877,2017,2017-07-07,"['胡新荣', '黄晓奇', '陈雪']"
IPO,300877,300877,2018,2018-03-16,"['胡新荣', '黄晓奇', '陈雪']"
IPO,300877,300877,2019,2019-06-28,"['胡新荣', '陈雪']"
IPO,300877,300877,2020,2020-06-22,"['胡新荣', '陈雪']"
IPO,300878,300878,2016,2016-07-01,"['沈培强', '陈素素']"
IPO,300878,300878,2019,2019-06-28,"['陈素素', '韩熙']"
IPO,300878,300878,2020,2020-03-06,"['陈素素', '韩熙']"
IPO,300879,300879,2019,2019-06-21,"['徐晋波', '吴长木']"
IPO,300879,300879,2020,2020-07-02,"['徐晋波', '吴长木']"
IPO,300880,300880,2019,2019-05-31,"['郭文令', '罗静', '彭远卓']"
IPO,300880,300880,2020,2020-06-22,"['郭文令', '罗静', '彭远卓']"
IPO,300880,300880,2020,2020-07-30,"['郭文令', '罗静']"
IPO,300881,300881,2019,2019-06-21,"['戴伟忠', '陆敏']"
IPO,300881,300881,2020,2020-06-30,"['戴伟忠', '陆敏']"
IPO,300882,300882,2019,2019-06-21,"['毛晓东', '宁一锋']"
IPO,300882,300882,2020,2020-01-10,"['毛晓东', '宁一锋']"
IPO,300883,300883,2017,2017-06-09,"['朱海平', '张冀申']"
IPO,300883,300883,2018,2018-11-30,"['朱海平', '张冀申']"
IPO,300883,300883,2019,2019-03-29,"['朱海平', '张冀申']"
IPO,300883,300883,2020,2020-06-23,"['朱海平', '张冀申']"
IPO,300884,300884,2019,2019-10-11,"['梁宝珠', '连益民']"
IPO,300884,300884,2020,2020-06-28,"['李建彬', '连益民', '王淑娟']"
IPO,300884,300884,2020,2020-10-14,"['李建彬', '连益民']"
IPO,300885,300885,2019,2019-05-17,"['肖和勇', '李秀华']"
IPO,300885,300885,2020,2020-06-22,"['肖和勇', '李秀华']"
IPO,300886,300886,2016,2016-07-01,"['吕勇军', '吴琳']"
IPO,300886,300886,2019,2019-04-19,"['吕勇军', '吴琳']"
IPO,300886,300886,2020,2020-06-28,"['吕勇军', '吴琳']"
IPO,300887,300887,2012,2012-03-01,"['刘景伟', '季晟']"
IPO,300887,300887,2019,2019-12-12,"['王娜', '何为']"
IPO,300887,300887,2020,2020-06-28,"['王娜', '何为']"
IPO,300888,300888,2016,2016-03-18,"['陈卫武', '唐艺']"
IPO,300888,300888,2017,2017-04-28,"['陈卫武', '唐艺']"
IPO,300888,300888,2020,2020-01-03,"['陈琼', '高军磊', '胡春元', '唐艺', '陈卫武']"
IPO,300888,300888,2020,2020-08-18,"['陈琼', '高军磊']"
IPO,300889,300889,2019,2019-05-31,"['王娜', '陈勇波']"
IPO,300889,300889,2020,2020-06-30,"['王娜', '陈勇波']"
IPO,300890,300890,2017,2017-10-13,"['文爱凤', '王培']"
IPO,300890,300890,2018,2018-12-21,"['文爱凤', '王培']"
IPO,300890,300890,2019,2019-05-21,"['文爱凤', '王培']"
IPO,300890,300890,2020,2020-06-29,"['文爱凤', '王培']"
IPO,300891,300891,2019,2019-06-21,"['余东红', '李俊']"
IPO,300891,300891,2020,2020-04-17,"['余东红', '李俊']"
IPO,300892,300892,2018,2018-11-16,"['谢骞', '文琼瑶']"
IPO,300892,300892,2019,2019-04-25,"['谢骞', '文琼瑶']"
IPO,300892,300892,2020,2020-06-22,"['谢骞', '文琼瑶']"
IPO,300893,300893,2019,2019-06-21,"['翁伟', '张文娟']"
IPO,300893,300893,2020,2020-04-17,"['翁伟', '张文娟']"
IPO,300894,300894,2017,2017-06-30,"['沈利刚', '王昌功', '何新娣']"
IPO,300894,300894,2020,2020-01-03,"['陈中江', '叶怀敏']"
IPO,300895,300895,2019,2019-12-27,"['范晓红', '宋智云']"
IPO,300895,300895,2020,2020-06-22,"['范晓红', '宋智云']"
IPO,300896,300896,2017,2017-07-07,"['王书阁', '边俊豪']"
IPO,300896,300896,2019,2019-04-12,"['李东昕', '边俊豪']"
IPO,300896,300896,2020,2020-06-30,"['李东昕', '边俊豪']"
IPO,300897,300897,2017,2017-06-30,"['郭文令', '银雪姣', '王佶恺']"
IPO,300897,300897,2018,2018-04-13,"['郭文令', '银雪姣', '王佶恺']"
IPO,300897,300897,2019,2019-06-21,"['郭文令', '银雪姣', '王佶恺']"
IPO,300897,300897,2020,2020-03-27,"['郭文令', '银雪姣', '王佶恺']"
IPO,300898,300898,2018,2018-11-16,"['付后升', '邓传洲', '毛才玉']"
IPO,300898,300898,2020,2020-03-06,"['何双', '沈重', '万斌']"
IPO,300899,300899,2017,2017-06-30,"['张俊峰', '宋婉春']"
IPO,300899,300899,2019,2019-06-21,"['张俊峰', '朱晓菁']"
IPO,300899,300899,2020,2020-06-30,"['张俊峰', '朱晓菁']"
IPO,300900,300900,2019,2019-06-21,"['王传邦', '郑斐', '汪娟']"
IPO,300900,300900,2020,2020-06-30,"['王传邦', '郑斐', '汪娟']"
IPO,300901,300901,2019,2019-06-06,"['陈勇', '施朝禺']"
IPO,300901,300901,2020,2020-05-08,"['陈勇', '施朝禺']"
IPO,300902,300902,2016,2016-06-24,"['陈祖珍', '徐平']"
IPO,300902,300902,2017,2017-06-30,"['陈祖珍', '徐平']"
IPO,300902,300902,2018,2018-02-27,"['陈祖珍', '徐平']"
IPO,300902,300902,2019,2019-06-21,"['涂蓬芳', '钟晓连']"
IPO,300902,300902,2020,2020-01-03,"['涂蓬芳', '钟晓连']"
IPO,300903,300903,2020,2020-06-22,"['刘磊', '文爱凤', '刘朝']"
IPO,300904,300904,2021,2021-06-29,"['方国华', '李明明']"
IPO,300904,300904,2022,2022-06-10,"['方国华', '李明明']"
IPO,300904,300904,2023,2023-04-06,"['方国华', '李明明']"
IPO,300905,300905,2019,2019-06-28,"['朱海平', '丁陈隆', '张冀申']"
IPO,300905,300905,2020,2020-07-02,"['朱海平', '丁陈隆', '张冀申']"
IPO,300906,300906,2019,2019-06-28,"['叶聿稳', '纪小健']"
IPO,300906,300906,2020,2020-06-30,"['叶聿稳', '纪小健']"
IPO,300907,300907,2019,2019-06-28,"['张玉虎', '罗开芝', '朱育勤', '褚莉']"
IPO,300907,300907,2020,2020-06-30,"['张玉虎', '罗开芝', '朱育勤', '褚莉']"
IPO,300908,300908,2015,2015-11-13,"['张大志', '王需如']"
IPO,300908,300908,2017,2017-04-18,"['张大志', '王需如']"
IPO,300908,300908,2019,2019-06-14,"['陈晓龙', '张月敏']"
IPO,300908,300908,2020,2020-03-27,"['陈晓龙', '张月敏']"
IPO,300909,300909,2019,2019-06-21,"['王广旭', '杨春祥', '梅京', '龙湖川', '覃业志']"
IPO,300909,300909,2019,2019-11-14,"['王广旭', '杨春祥', '梅京']"
IPO,300909,300909,2020,2020-06-28,"['王广旭', '杨春祥', '梅京']"
IPO,300909,300909,2020,2020-10-09,"['王广旭', '杨春祥', '梅京', '李自洪']"
IPO,300909,300909,2020,2020-10-19,"['王广旭', '李自洪']"
IPO,300910,300910,2019,2019-05-10,"['李宁', '阮喆']"
IPO,300910,300910,2020,2020-02-07,"['李宁', '阮喆']"
IPO,300911,300911,2019,2019-11-08,"['李惠丰', '邓红玉', '刘亚芹']"
IPO,300911,300911,2020,2020-06-28,"['李惠丰', '邓红玉', '刘亚芹']"
IPO,300912,300912,2017,2017-12-29,"['顾洪涛', '金乾恺', '连向阳', '方志刚']"
IPO,300912,300912,2019,2019-06-14,"['曹俊炜', '金乾恺']"
IPO,300912,300912,2020,2020-06-29,"['曹俊炜', '金乾恺']"
IPO,300913,300913,2019,2019-10-11,"['闾力华', '洪涛']"
IPO,300913,300913,2020,2020-07-01,"['闾力华', '洪涛']"
IPO,300915,300915,2017,2017-06-30,"['陆士敏', '李明']"
IPO,300915,300915,2018,2018-02-22,"['陆士敏', '李明']"
IPO,300915,300915,2019,2019-11-15,"['陆士敏', '李明']"
IPO,300915,300915,2020,2020-06-30,"['陆士敏', '李明']"
IPO,300916,300916,2019,2019-12-27,"['黄声森', '赵娟娟']"
IPO,300916,300916,2020,2020-07-06,"['黄声森', '赵娟娟']"
IPO,300917,300917,2019,2019-06-28,"['金顺兴', '李鑫']"
IPO,300917,300917,2020,2020-06-22,"['金顺兴', '李鑫']"
IPO,300918,300918,2019,2019-11-08,"['王丽敏', '田堂']"
IPO,300918,300918,2020,2020-06-22,"['王丽敏', '田堂']"
IPO,300919,300919,2020,2020-04-30,"['刘智清', '曾春卫', '陈贵']"
IPO,300920,300920,2019,2019-12-12,"['郭宪明', '陈小金', '沈云驾']"
IPO,300920,300920,2020,2020-06-22,"['郭宪明', '陈小金', '沈云驾']"
IPO,300921,300921,2019,2019-11-01,"['付忠伟', '何岚']"
IPO,300921,300921,2020,2020-07-03,"['付忠伟', '何岚']"
IPO,300922,300922,2019,2019-06-14,"['任一优', '梁轶男', '宋崇岭', '陈少明', '高强', '周国方']"
IPO,300922,300922,2020,2020-06-22,"['任一优', '梁轶男', '宋崇岭', '陈少明', '高强', '周国方']"
IPO,300922,300922,2020,2020-11-06,"['任一优', '梁轶男']"
IPO,300923,300923,2019,2019-06-28,"['胡乃忠', '李满']"
IPO,300923,300923,2020,2020-06-22,"['魏倩婷', '许凤岗']"
IPO,300925,300925,2019,2019-12-12,"['张立琰', '龙琦']"
IPO,300925,300925,2020,2020-07-02,"['张立琰', '龙琦']"
IPO,300926,300926,2019,2019-06-28,"['毛伟', '谢中西', '李波']"
IPO,300926,300926,2020,2020-06-30,"['毛伟', '谢中西', '李波']"
IPO,300927,300927,2019,2019-06-14,"['陈荣芳', '陈正军']"
IPO,300927,300927,2020,2020-07-01,"['陈荣芳', '周利君']"
IPO,300928,300928,2018,2018-12-07,"['陈伟', '迟国栋', '于建永']"
IPO,300928,300928,2019,2019-08-30,"['陈伟', '迟国栋', '于建永']"
IPO,300928,300928,2020,2020-06-22,"['陈伟', '迟国栋', '于建永']"
IPO,300929,300929,2019,2019-12-20,"['毛伟', '冯炬', '李泽毅']"
IPO,300929,300929,2020,2020-06-29,"['毛伟', '冯炬', '李泽毅']"
IPO,300929,300929,2020,2020-12-15,"['毛伟', '冯炬']"
IPO,300930,300930,2019,2019-06-28,"['孙文军', '王建']"
IPO,300930,300930,2020,2020-06-30,"['孙文军', '王建']"
IPO,300931,300931,2019,2019-06-21,"['张玉虎', '罗文龙']"
IPO,300931,300931,2020,2020-01-03,"['张玉虎', '罗文龙']"
IPO,300932,300932,2019,2019-06-28,"['黄志恒', '张丽霞']"
IPO,300932,300932,2020,2020-07-01,"['黄志恒', '张丽霞']"
IPO,300933,300933,2019,2019-06-21,"['张玉虎', '罗文龙']"
IPO,300933,300933,2020,2020-07-02,"['张玉虎', '罗文龙']"
IPO,300935,300935,2017,2017-04-28,"['陈芳', '茅彬', '邹泉水', '申利超']"
IPO,300935,300935,2018,2018-01-26,"['陈芳', '茅彬', '邹泉水', '申利超']"
IPO,300935,300935,2019,2019-03-15,"['陈芳', '王勇', '邹泉水', '申利超']"
IPO,300935,300935,2020,2020-06-22,"['陈芳', '王勇', '陈芳', '王勇']"
IPO,300935,300935,2020,2020-12-29,"['陈芳', '王勇']"
IPO,300936,300936,2017,2017-04-28,"['诸旭敏', '何卫明']"
IPO,300936,300936,2018,2018-09-14,"['诸旭敏', '何卫明']"
IPO,300936,300936,2019,2019-09-20,"['诸旭敏', '何卫明']"
IPO,300936,300936,2020,2020-07-01,"['诸旭敏', '何卫明']"
IPO,300937,300937,2019,2019-06-28,"['肖菲', '张宇']"
IPO,300937,300937,2020,2020-04-07,"['肖菲', '张宇']"
IPO,300938,300938,2014,2014-06-27,"['梁烽', '陈芝莲']"
IPO,300938,300938,2016,2016-03-28,"['陈芝莲', '叶华']"
IPO,300938,300938,2019,2019-06-21,"['祁涛', '黄瑾']"
IPO,300938,300938,2020,2020-07-08,"['祁涛', '黄瑾']"
IPO,300938,300938,2021,2021-01-05,"['祁涛', '黄瑾']"
IPO,300939,300939,2019,2019-06-14,"['李立影', '李凤']"
IPO,300939,300939,2020,2020-06-29,"['李立影', '李凤']"
IPO,300939,300939,2021,2021-01-05,"['李立影', '李凤']"
IPO,300940,300940,2019,2019-11-08,"['徐伟东', '谢建树', '刘维', '张慧玲']"
IPO,300940,300940,2020,2020-07-02,"['徐伟东', '谢建树']"
IPO,300940,300940,2021,2021-01-04,"['徐伟东', '谢建树']"
IPO,300941,300941,2019,2019-06-21,"['李璟', '但杰']"
IPO,300941,300941,2020,2020-06-28,"['李璟', '但杰']"
IPO,300941,300941,2021,2021-01-12,"['李璟', '但杰']"
IPO,300942,300942,2019,2019-06-28,"['王娜', '陈勇波']"
IPO,300942,300942,2020,2020-07-02,"['王娜', '陈勇波']"
IPO,300942,300942,2021,2021-01-11,"['王娜', '陈勇波']"
IPO,300943,300943,2016,2016-12-23,"['严善明', '丁锡锋']"
IPO,300943,300943,2017,2017-09-18,"['严善明', '丁锡锋']"
IPO,300943,300943,2019,2019-06-28,"['向晓三', '步宏圆']"
IPO,300943,300943,2020,2020-04-17,"['向晓三', '步宏圆']"
IPO,300943,300943,2021,2021-01-07,"['向晓三', '步宏圆']"
IPO,300945,300945,2015,2015-06-19,"['张芹', '李明明', '方国华']"
IPO,300945,300945,2017,2017-04-13,"['张芹', '李明明', '方国华']"
IPO,300945,300945,2019,2019-07-05,"['张芹', '李明明']"
IPO,300945,300945,2020,2020-06-30,"['张芹', '李明明']"
IPO,300945,300945,2021,2021-01-08,"['张芹', '李明明']"
IPO,300946,300946,2020,2020-04-03,"['陈涌根', '许瑞生', '王肖生']"
IPO,300946,300946,2021,2021-01-19,"['陈涌根', '许瑞生', '王肖生']"
IPO,300947,300947,2020,2020-02-07,"['叶慧', '旷念', '田华', '吴海燕']"
IPO,300947,300947,2020,2020-07-02,"['叶慧', '旷念']"
IPO,300947,300947,2021,2021-01-19,"['叶慧', '旷念']"
IPO,300948,300948,2019,2019-12-27,"['刘玉显', '崔阳']"
IPO,300948,300948,2020,2020-06-23,"['刘玉显', '崔阳']"
IPO,300948,300948,2021,2021-01-19,"['刘玉显', '崔阳']"
IPO,300949,300949,2016,2016-06-24,"['黎明', '杨辉斌']"
IPO,300949,300949,2017,2017-06-30,"['黎明', '杨辉斌']"
IPO,300949,300949,2019,2019-06-21,"['陈志刚', '张磊', '赵阳']"
IPO,300949,300949,2020,2020-06-30,"['陈志刚', '张磊', '赵阳']"
IPO,300949,300949,2021,2021-01-26,"['陈志刚', '张磊', '赵阳']"
IPO,300950,300950,2019,2019-12-20,"['郝先经', '姜晓东', '张克东']"
IPO,300950,300950,2020,2020-06-22,"['郝先经', '姜晓东', '张克东']"
IPO,300950,300950,2021,2021-01-19,"['郝先经', '姜晓东']"
IPO,300951,300951,2020,2020-04-24,"['弋守川', '唐明', '黎明', '王冬林']"
IPO,300951,300951,2020,2020-06-23,"['弋守川', '唐明', '谢静欣', '黎明', '王冬林']"
IPO,300951,300951,2021,2021-02-02,"['弋守川', '唐明', '谢静欣', '黎明', '王冬林']"
IPO,300951,300951,2021,2021-02-03,"['弋守川', '唐明']"
IPO,300952,300952,2019,2019-06-14,"['王许', '朱磊']"
IPO,300952,300952,2020,2020-07-01,"['王许', '朱磊']"
IPO,300952,300952,2021,2021-01-26,"['王许', '朱磊']"
IPO,300953,300953,2015,2015-12-04,"['谢贤庆', '张滨滨']"
IPO,300953,300953,2017,2017-04-10,"['谢贤庆', '张滨滨']"
IPO,300953,300953,2019,2019-12-06,"['谢贤庆', '张滨滨', '鲁立', '黄平']"
IPO,300953,300953,2020,2020-06-23,"['谢贤庆', '黄平']"
IPO,300953,300953,2021,2021-01-28,"['谢贤庆', '黄平']"
IPO,300955,300955,2020,2020-04-30,"['闫钢军', '王勇', '李倩']"
IPO,300955,300955,2021,2021-01-14,"['闫钢军', '王勇', '李倩']"
IPO,300956,300956,2020,2020-04-24,"['宛云龙', '洪志国']"
IPO,300956,300956,2021,2021-02-01,"['宛云龙', '洪志国']"
IPO,300957,300957,2020,2020-07-06,"['吴霆', '张军']"
IPO,300957,300957,2021,2021-01-14,"['吴霆', '张军']"
IPO,300958,300958,2015,2015-05-22,"['曹阳', '高天琪']"
IPO,300958,300958,2017,2017-05-05,"['王娟', '高天琪']"
IPO,300958,300958,2020,2020-04-17,"['罗毅彪', '况永宏', '钟明', '高天琪']"
IPO,300958,300958,2020,2020-09-28,"['罗毅彪', '况永宏']"
IPO,300958,300958,2021,2021-01-07,"['罗毅彪', '况永宏']"
IPO,300959,300959,2020,2020-06-30,"['杨贞瑜', '程家尧']"
IPO,300959,300959,2021,2021-03-02,"['杨贞瑜', '程家尧']"
IPO,300960,300960,2017,2017-09-08,"['张力', '张霞']"
IPO,300960,300960,2018,2018-04-12,"['张力', '张霞']"
IPO,300960,300960,2019,2019-11-08,"['张力', '张霞']"
IPO,300960,300960,2020,2020-07-02,"['张力', '张霞']"
IPO,300960,300960,2021,2021-01-14,"['张力', '张霞']"
IPO,300961,300961,2020,2020-01-03,"['黄琼', '唐亚波']"
IPO,300961,300961,2020,2020-06-28,"['屈先富', '唐亚波']"
IPO,300961,300961,2021,2021-01-07,"['屈先富', '唐亚波']"
IPO,300962,300962,2017,2017-03-31,"['蔡晓丽', '王慧']"
IPO,300962,300962,2019,2019-12-20,"['王首一', '王慧']"
IPO,300962,300962,2020,2020-06-28,"['王首一', '王慧']"
IPO,300962,300962,2021,2021-01-26,"['王首一', '王慧']"
IPO,300963,300963,2015,2015-12-25,"['李文祥', '王小红']"
IPO,300963,300963,2019,2019-12-12,"['李文祥', '王小红']"
IPO,300963,300963,2020,2020-06-29,"['李文祥', '王小红']"
IPO,300963,300963,2020,2020-09-22,"['李文祥', '王小红', '刘磊']"
IPO,300963,300963,2021,2021-02-23,"['李文祥', '王小红', '刘磊']"
IPO,300964,300964,2020,2020-04-17,"['苏洋', '何华博']"
IPO,300964,300964,2021,2021-01-05,"['苏洋', '何华博']"
IPO,300965,300965,2020,2020-01-03,"['黄丽琼', '赵鑫']"
IPO,300965,300965,2021,2021-01-14,"['黄丽琼', '赵鑫']"
IPO,300966,300966,2020,2020-04-30,"['凡章', '王金云']"
IPO,300966,300966,2021,2021-01-26,"['凡章', '王金云']"
IPO,300967,300967,2020,2020-04-17,"['李耀忠', '祁恪新']"
IPO,300967,300967,2021,2021-01-21,"['李耀忠', '祁恪新']"
IPO,300968,300968,2017,2017-02-03,"['李立影', '习珍珍']"
IPO,300968,300968,2020,2020-03-06,"['张骥', '刘洁']"
IPO,300968,300968,2020,2020-07-02,"['张骥', '刘洁', '李立影', '习珍珍']"
IPO,300968,300968,2021,2021-02-08,"['张骥', '刘洁', '李立影', '习珍珍']"
IPO,300968,300968,2021,2021-02-09,"['张骥', '刘洁']"
IPO,300969,300969,2020,2020-07-06,"['钟炽兵', '颜方育', '童倩倩']"
IPO,300969,300969,2021,2021-01-29,"['钟炽兵', '颜方育', '童倩倩']"
IPO,300970,300970,2017,2017-12-22,"['张宁宁', '王宁', '李云松', '徐建', '王春生']"
IPO,300970,300970,2020,2020-01-03,"['魏倩婷', '王宗佩']"
IPO,300970,300970,2021,2021-01-14,"['魏倩婷', '王宗佩']"
IPO,300971,300971,2020,2020-07-10,"['潘玉忠', '马东宇']"
IPO,300971,300971,2021,2021-01-26,"['潘玉忠', '马东宇']"
IPO,300972,300972,2020,2020-03-27,"['黄丽琼', '李晓娜']"
IPO,300972,300972,2020,2020-10-13,"['黄丽琼', '胡云', '李晓娜']"
IPO,300972,300972,2021,2021-01-07,"['黄丽琼', '胡云', '李晓娜']"
IPO,300972,300972,2021,2021-03-09,"['黄丽琼', '胡云']"
IPO,300973,300973,2020,2020-04-30,"['汤家俊', '彭聪']"
IPO,300973,300973,2021,2021-01-14,"['汤家俊', '彭聪']"
IPO,300975,300975,2020,2020-04-30,"['贾丽娜', '蔡卫华', '周文阳']"
IPO,300975,300975,2021,2021-01-14,"['贾丽娜', '蔡卫华', '周文阳']"
IPO,300976,300976,2020,2020-07-06,"['冼宏飞', '邓三平']"
IPO,300976,300976,2021,2021-01-21,"['冼宏飞', '邓三平']"
IPO,300977,300977,2019,2019-12-20,"['李勉', '何海燕', '游玉江']"
IPO,300977,300977,2020,2020-06-28,"['李勉', '何海燕', '游玉江']"
IPO,300977,300977,2021,2021-01-21,"['李勉', '何海燕', '游玉江']"
IPO,300978,300978,2019,2019-05-24,"['姚静', '徐继宏']"
IPO,300978,300978,2020,2020-06-28,"['姚静', '徐继宏']"
IPO,300978,300978,2020,2020-09-25,"['陈碧芸', '周婷']"
IPO,300978,300978,2021,2021-01-07,"['陈碧芸', '周婷']"
IPO,300979,300979,2020,2020-07-06,"['潘新华', '杨运辉', '邬晓磊']"
IPO,300979,300979,2021,2021-01-21,"['潘新华', '杨运辉', '邬晓磊']"
IPO,300980,300980,2020,2020-07-06,"['叶卫民', '侯波', '李朝鸿', '夏文兵']"
IPO,300980,300980,2021,2021-01-27,"['叶卫民', '侯波', '李朝鸿', '夏文兵']"
IPO,300980,300980,2021,2021-03-16,"['叶卫民', '侯波']"
IPO,300981,300981,2017,2017-07-07,"['胡素萍', '李春梅']"
IPO,300981,300981,2018,2018-03-28,"['胡素萍', '李春梅']"
IPO,300981,300981,2020,2020-04-17,"['胡素萍', '王世民']"
IPO,300981,300981,2021,2021-01-29,"['胡素萍', '王世民']"
IPO,300982,300982,2019,2019-06-21,"['李海兵', '吴蓉', '汪文祺']"
IPO,300982,300982,2020,2020-06-28,"['李海兵', '吴蓉', '汪文祺']"
IPO,300982,300982,2021,2021-03-16,"['李海兵', '吴蓉', '汪文祺']"
IPO,300983,300983,2020,2020-07-03,"['胡宏', '陈赛红']"
IPO,300983,300983,2021,2021-01-29,"['胡宏', '陈赛红']"
IPO,300984,300984,2020,2020-07-03,"['金炜', '傅磊']"
IPO,300984,300984,2021,2021-01-07,"['金炜', '傅磊']"
IPO,300985,300985,2020,2020-07-03,"['陈英杰', '杨卫国']"
IPO,300985,300985,2021,2021-01-28,"['陈英杰', '杨卫国']"
IPO,300986,300986,2019,2019-10-18,"['祁涛', '黄瑾']"
IPO,300986,300986,2020,2020-06-30,"['祁涛', '黄瑾']"
IPO,300986,300986,2021,2021-01-29,"['祁涛', '黄瑾']"
IPO,300987,300987,2015,2015-01-09,"['罗建平', '张小容']"
IPO,300987,300987,2016,2016-08-30,"['罗建平', '张小容']"
IPO,300987,300987,2019,2019-06-28,"['邱鸿', '张超']"
IPO,300987,300987,2020,2020-06-23,"['邱鸿', '张超']"
IPO,300987,300987,2021,2021-03-22,"['邱鸿', '张超']"
IPO,300988,300988,2020,2020-07-09,"['刘勇', '刘一红']"
IPO,300988,300988,2021,2021-02-05,"['刘勇', '刘一红']"
IPO,300989,300989,2020,2020-07-06,"['朱海英', '王小曲']"
IPO,300989,300989,2021,2021-01-29,"['朱海英', '王小曲']"
IPO,300990,300990,2020,2020-07-06,"['王强', '余建耀', '李鸿霞']"
IPO,300990,300990,2021,2021-03-05,"['王强', '余建耀', '李鸿霞']"
IPO,300990,300990,2021,2021-04-07,"['王强', '余建耀']"
IPO,300991,300991,2020,2020-07-08,"['钟本庆', '陈金波', '张利法', '何政']"
IPO,300991,300991,2021,2021-02-25,"['钟本庆', '陈金波', '张利法', '何政']"
IPO,300991,300991,2021,2021-04-07,"['钟本庆', '陈金波', '张利法']"
IPO,300992,300992,2020,2020-07-09,"['梁志勇', '谢争珍']"
IPO,300992,300992,2021,2021-01-25,"['梁志勇', '谢争珍']"
IPO,300993,300993,2020,2020-04-24,"['钟本庆', '张利法', '霍胜春']"
IPO,300993,300993,2020,2020-10-26,"['钟本庆', '张利法']"
IPO,300993,300993,2021,2021-02-05,"['钟本庆', '张利法']"
IPO,300994,300994,2020,2020-07-31,"['陈中江', '叶怀敏']"
IPO,300994,300994,2021,2021-01-07,"['陈中江', '叶怀敏']"
IPO,300995,300995,2020,2020-07-03,"['陈莹', '吴瑞玲', '王湘飞', '周强']"
IPO,300995,300995,2021,2021-01-08,"['陈莹', '吴瑞玲', '王湘飞', '周强']"
IPO,300995,300995,2021,2021-04-07,"['陈莹', '吴瑞玲']"
IPO,300996,300996,2015,2015-07-03,"['江涛', '郭冬梅']"
IPO,300996,300996,2017,2017-03-02,"['江涛', '郭冬梅']"
IPO,300996,300996,2020,2020-07-06,"['江涛', '郭冬梅']"
IPO,300996,300996,2021,2021-02-22,"['江涛', '郭冬梅']"
IPO,300997,300997,2020,2020-04-24,"['李洋', '郗贝贝', '王庆莲', '张伟']"
IPO,300997,300997,2020,2020-06-28,"['李洋', '郗贝贝']"
IPO,300997,300997,2021,2021-01-21,"['李洋', '郗贝贝']"
IPO,300998,300998,2019,2019-12-27,"['党小安', '黄晓曲']"
IPO,300998,300998,2020,2020-07-01,"['王兴华', '黄晓曲']"
IPO,300998,300998,2020,2020-07-28,"['党小安', '黄晓曲']"
IPO,300998,300998,2021,2021-02-08,"['王兴华', '黄晓曲']"
IPO,300999,300999,2019,2019-07-12,"['张炯', '鲍小刚']"
IPO,300999,300999,2020,2020-06-22,"['张炯', '鲍小刚']"
IPO,301000,301000,2020,2020-04-30,"['郭海龙', '王俊', '杨霖']"
IPO,301000,301000,2021,2021-03-05,"['郭海龙', '王俊', '杨霖']"
IPO,301001,301001,2020,2020-07-06,"['何双', '郭晶晶']"
IPO,301001,301001,2021,2021-02-22,"['何双', '郭晶晶']"
IPO,301002,301002,2020,2020-04-17,"['付忠伟', '徐冬冬']"
IPO,301002,301002,2021,2021-01-07,"['付忠伟', '徐冬冬']"
IPO,301003,301003,2020,2020-07-07,"['荆建明', '鲍伦虎']"
IPO,301003,301003,2021,2021-01-27,"['荆建明', '鲍伦虎']"
IPO,301004,301004,2020,2020-07-06,"['赵丽', '李迎亚', '柯宗地']"
IPO,301004,301004,2021,2021-02-10,"['赵丽', '李迎亚', '柯宗地']"
IPO,301005,301005,2020,2020-07-15,"['梁志勇', '周柯峰']"
IPO,301005,301005,2020,2020-08-12,"['杨钊', '余飞涛']"
IPO,301005,301005,2021,2021-03-12,"['梁志勇', '周柯峰']"
IPO,301005,301005,2021,2021-04-27,"['杨钊', '余飞涛']"
IPO,301006,301006,2019,2019-06-28,"['聂文华', '刘应星']"
IPO,301006,301006,2020,2020-07-14,"['聂文华', '李丹', '刘应星']"
IPO,301006,301006,2021,2021-02-25,"['聂文华', '李丹', '刘应星']"
IPO,301006,301006,2021,2021-04-16,"['聂文华', '李丹']"
IPO,301007,301007,2019,2019-06-21,"['陈静', '宋宁波', '李永伟']"
IPO,301007,301007,2020,2020-06-29,"['陈静', '宋宁波', '李永伟']"
IPO,301007,301007,2021,2021-01-06,"['陈静', '宋宁波', '李永伟']"
IPO,301007,301007,2021,2021-04-16,"['陈静', '李永伟']"
IPO,301008,301008,2020,2020-07-16,"['翁伟', '陈瑛瑛']"
IPO,301008,301008,2021,2021-01-04,"['翁伟', '陈瑛瑛']"
IPO,301009,301009,2020,2020-07-06,"['程志刚', '郑俭', '左芹芹']"
IPO,301009,301009,2021,2021-02-05,"['程志刚', '郑俭', '左芹芹']"
IPO,301009,301009,2021,2021-05-10,"['郑俭', '左芹芹']"
IPO,301010,301010,2019,2019-06-28,"['汤加全', '杨林']"
IPO,301010,301010,2020,2020-07-01,"['汤加全', '杨林']"
IPO,301010,301010,2021,2021-03-19,"['汤加全', '杨林']"
IPO,301011,301011,2020,2020-04-17,"['林恒新', '陈新伟']"
IPO,301011,301011,2021,2021-02-26,"['林恒新', '陈新伟']"
IPO,301012,301012,2020,2020-07-14,"['缪志坚', '尉建清']"
IPO,301012,301012,2021,2021-02-25,"['缪志坚', '尉建清']"
IPO,301013,301013,2020,2020-07-06,"['陈菁佩', '连伟']"
IPO,301013,301013,2021,2021-01-13,"['陈菁佩', '连伟']"
IPO,301015,301015,2018,2018-04-13,"['熊永忠', '杨新春']"
IPO,301015,301015,2019,2019-11-22,"['熊永忠', '杨新春']"
IPO,301015,301015,2020,2020-07-03,"['张帆', '石爱红']"
IPO,301015,301015,2021,2021-03-12,"['张帆', '石爱红']"
IPO,301016,301016,2020,2020-07-03,"['谢栋清', '吴广友']"
IPO,301016,301016,2021,2021-01-06,"['谢栋清', '吴广友']"
IPO,301016,301016,2021,2021-01-12,"['谢栋清', '刘涛']"
IPO,301017,301017,2016,2016-12-16,"['陈勇', '史壬乐']"
IPO,301017,301017,2018,2018-12-14,"['张居忠', '朱广超', '迟文洲']"
IPO,301017,301017,2020,2020-07-06,"['张居忠', '朱广超', '李效辉']"
IPO,301017,301017,2021,2021-03-12,"['张居忠', '朱广超', '李效辉']"
IPO,301018,301018,2017,2017-06-30,"['王韶华', '胡敏坚']"
IPO,301018,301018,2018,2018-03-01,"['王韶华', '胡敏坚']"
IPO,301018,301018,2020,2020-07-03,"['胡敏坚', '游泽侯']"
IPO,301018,301018,2021,2021-01-25,"['胡敏坚', '游泽侯']"
IPO,301019,301019,2020,2020-07-07,"['陈小金', '李丹']"
IPO,301019,301019,2021,2021-03-26,"['陈小金', '李丹']"
IPO,301020,301020,2018,2018-09-07,"['段奇', '胡晓辉']"
IPO,301020,301020,2020,2020-04-30,"['段奇', '胡晓辉', '王巍坚', '李彤宙']"
IPO,301020,301020,2021,2021-02-26,"['段奇', '胡晓辉', '王巍坚', '李彤宙']"
IPO,301020,301020,2021,2021-03-29,"['段奇', '胡晓辉']"
IPO,301021,301021,2019,2019-06-28,"['李东坤', '易群']"
IPO,301021,301021,2020,2020-06-22,"['何晶晶', '易群']"
IPO,301021,301021,2021,2021-01-29,"['何晶晶', '易群']"
IPO,301022,301022,2020,2020-07-03,"['李江山', '丁兆栋', '杜岩']"
IPO,301022,301022,2021,2021-03-23,"['李江山', '丁兆栋', '杜岩']"
IPO,301023,301023,2020,2020-04-17,"['方国华', '李明明']"
IPO,301023,301023,2021,2021-01-04,"['方国华', '李明明']"
IPO,301024,301024,2020,2020-01-03,"['王许', '雷飞飞']"
IPO,301024,301024,2021,2021-01-06,"['王许', '雷飞飞']"
IPO,301025,301025,2019,2019-06-28,"['杨景欣', '蒋宗良']"
IPO,301025,301025,2020,2020-06-22,"['杨景欣', '蒋宗良']"
IPO,301025,301025,2021,2021-06-08,"['杨景欣', '蒋宗良']"
IPO,301026,301026,2016,2016-07-01,"['程志刚', '张林']"
IPO,301026,301026,2020,2020-06-30,"['束哲民', '陈艳', '程志刚', '张林']"
IPO,301026,301026,2021,2021-01-05,"['束哲民', '陈艳', '程志刚', '张林']"
IPO,301026,301026,2021,2021-05-26,"['束哲民', '陈艳']"
IPO,301027,301027,2020,2020-07-06,"['许松飞', '张晓燕', '郭李锦', '李冬莲']"
IPO,301027,301027,2021,2021-01-21,"['许松飞', '张晓燕', '郭李锦', '李冬莲']"
IPO,301027,301027,2021,2021-05-31,"['许松飞', '张晓燕']"
IPO,301028,301028,2016,2016-12-23,"['闵志强', '汪焕新']"
IPO,301028,301028,2020,2020-07-07,"['张凌雯', '陈瑞斌', '闵志强', '汪焕新']"
IPO,301028,301028,2021,2021-01-12,"['张凌雯', '陈瑞斌', '闵志强', '汪焕新']"
IPO,301028,301028,2021,2021-05-18,"['张凌雯', '陈瑞斌']"
IPO,301029,301029,2020,2020-04-17,"['李振华', '孙慧敏']"
IPO,301029,301029,2021,2021-03-12,"['李振华', '孙慧敏']"
IPO,301030,301030,2020,2020-03-27,"['范晓红', '戴志燕']"
IPO,301030,301030,2021,2021-01-01,"['范晓红', '戴志燕']"
IPO,301031,301031,2020,2020-07-10,"['陈晓龙', '秦刘永']"
IPO,301031,301031,2021,2021-01-08,"['陈晓龙', '秦刘永']"
IPO,301031,301031,2021,2021-06-08,"['陈晓龙', '秦刘永', '毕坤']"
IPO,301032,301032,2020,2020-07-29,"['蔡畅', '何新娣']"
IPO,301032,301032,2021,2021-01-06,"['蔡畅', '何新娣']"
IPO,301033,301033,2020,2020-07-06,"['杨新春', '张凤波']"
IPO,301033,301033,2021,2021-02-09,"['杨新春', '张凤波']"
IPO,301035,301035,2017,2017-06-30,"['陈金波', '徐茂']"
IPO,301035,301035,2018,2018-04-02,"['陈金波', '徐茂']"
IPO,301035,301035,2020,2020-06-29,"['陈金波', '徐茂']"
IPO,301035,301035,2021,2021-06-22,"['陈金波', '徐茂']"
IPO,301036,301036,2020,2020-04-17,"['庄继宁', '任家虎']"
IPO,301036,301036,2021,2021-01-14,"['庄继宁', '任家虎']"
IPO,301037,301037,2020,2020-07-03,"['李江山', '季万里']"
IPO,301037,301037,2021,2021-01-21,"['李江山', '季万里']"
IPO,301038,301038,2020,2020-07-21,"['吴杰', '朱晓红', '丘运良', '丘玉娇']"
IPO,301038,301038,2021,2021-01-11,"['吴杰', '朱晓红', '丘运良', '丘玉娇']"
IPO,301038,301038,2021,2021-06-08,"['吴杰', '朱晓红']"
IPO,301039,301039,2020,2020-07-31,"['周伟然', '吴芳芳']"
IPO,301039,301039,2021,2021-03-30,"['周伟然', '吴芳芳']"
IPO,301040,301040,2020,2020-07-07,"['潘汝彬', '廖蕊']"
IPO,301040,301040,2021,2021-01-05,"['潘汝彬', '廖蕊']"
IPO,301041,301041,2020,2020-07-17,"['韩雁光', '杨勇', '覃继伟']"
IPO,301041,301041,2021,2021-01-07,"['韩雁光', '杨勇', '覃继伟']"
IPO,301042,301042,2017,2017-07-14,"['张敬鸿', '鞠录波', '魏艳霞', '张士秋']"
IPO,301042,301042,2018,2018-05-08,"['张敬鸿', '鞠录波', '魏艳霞', '张士秋']"
IPO,301042,301042,2019,2019-06-28,"['张志良', '白云']"
IPO,301042,301042,2020,2020-06-24,"['张志良', '白云']"
IPO,301042,301042,2021,2021-01-06,"['张志良', '白云']"
IPO,301043,301043,2020,2020-07-06,"['张腾', '彭景裕']"
IPO,301043,301043,2021,2021-01-20,"['张腾', '彭景裕']"
IPO,301045,301045,2020,2020-07-31,"['徐士宝', '张丽芳']"
IPO,301045,301045,2021,2021-01-26,"['徐士宝', '张丽芳']"
IPO,301046,301046,2017,2017-12-29,"['谢贤庆', '翟晓宁']"
IPO,301046,301046,2020,2020-08-11,"['谢贤庆', '翟晓宁']"
IPO,301046,301046,2021,2021-01-05,"['谢贤庆', '翟晓宁']"
IPO,301047,301047,2020,2020-08-28,"['董旭', '聂生永', '李孝念', '周溢']"
IPO,301047,301047,2021,2021-01-07,"['董旭', '聂生永', '李孝念', '周溢']"
IPO,301047,301047,2021,2021-07-13,"['董旭', '聂生永']"
IPO,301048,301048,2020,2020-10-10,"['傅奕', '韩月娇', '王小敏']"
IPO,301048,301048,2021,2021-03-03,"['傅奕', '韩月娇', '王小敏']"
IPO,301049,301049,2020,2020-07-10,"['李士龙', '曾涛']"
IPO,301049,301049,2021,2021-01-11,"['李士龙', '曾涛']"
IPO,301050,301050,2020,2020-07-27,"['李元良', '李青松']"
IPO,301050,301050,2021,2021-01-08,"['李元良', '李青松']"
IPO,301051,301051,2019,2019-06-21,"['赖玉珍', '谢翠']"
IPO,301051,301051,2020,2020-06-23,"['谢翠', '张丽']"
IPO,301051,301051,2021,2021-01-06,"['谢翠', '张丽']"
IPO,301052,301052,2020,2020-07-03,"['胡宏', '陈赛红']"
IPO,301052,301052,2021,2021-02-22,"['胡宏', '陈赛红']"
IPO,301053,301053,2020,2020-07-15,"['蔡畅', '何新娣', '叶鑫', '沈利刚']"
IPO,301053,301053,2021,2021-01-12,"['蔡畅', '何新娣', '叶鑫', '沈利刚']"
IPO,301053,301053,2021,2021-06-25,"['蔡畅', '何新娣', '叶鑫']"
IPO,301055,301055,2020,2020-07-07,"['张芹', '李明明']"
IPO,301055,301055,2021,2021-01-15,"['张芹', '李明明']"
IPO,301056,301056,2020,2020-07-17,"['肖菲', '包梅庭']"
IPO,301056,301056,2021,2021-01-13,"['肖菲', '包梅庭']"
IPO,301057,301057,2020,2020-07-14,"['蔡畅', '何新娣', '叶鑫']"
IPO,301057,301057,2021,2021-01-12,"['蔡畅', '何新娣', '叶鑫']"
IPO,301058,301058,2020,2020-07-24,"['陈刚', '王民']"
IPO,301058,301058,2021,2021-01-07,"['陈刚', '王民']"
IPO,301059,301059,2020,2020-07-06,"['陈昭', '刘远帅']"
IPO,301059,301059,2021,2021-02-09,"['陈昭', '刘远帅']"
IPO,301060,301060,2020,2020-07-08,"['何双', '曾红']"
IPO,301060,301060,2021,2021-01-08,"['何双', '曾红']"
IPO,301061,301061,2020,2020-07-07,"['田业阳', '盛小川']"
IPO,301061,301061,2021,2021-01-07,"['田业阳', '盛小川']"
IPO,301062,301062,2017,2017-06-09,"['朱颖', '董舒']"
IPO,301062,301062,2020,2020-07-06,"['董舒', '蒋雪莲']"
IPO,301062,301062,2021,2021-01-05,"['董舒', '蒋雪莲']"
IPO,301062,301062,2021,2021-07-12,"['王斌', '董舒', '蒋雪莲']"
IPO,301063,301063,2020,2020-09-24,"['陆德忠', '程正凤']"
IPO,301063,301063,2021,2021-01-20,"['陆德忠', '程正凤']"
IPO,301065,301065,2020,2020-07-07,"['郭宪明', '汪雄飞', '卞加俊']"
IPO,301065,301065,2021,2021-01-06,"['郭宪明', '汪雄飞', '卞加俊']"
IPO,301065,301065,2021,2021-05-28,"['郭宪明', '卞加俊']"
IPO,301066,301066,2020,2020-07-06,"['宋鑫', '朱勇']"
IPO,301066,301066,2021,2021-01-08,"['宋鑫', '朱勇']"
IPO,301067,301067,2020,2020-07-07,"['李雯宇', '王振']"
IPO,301067,301067,2021,2021-01-15,"['李雯宇', '王振']"
IPO,301068,301068,2019,2019-06-28,"['李惠丰', '孙峰', '强爱斌']"
IPO,301068,301068,2020,2020-07-06,"['李惠丰', '孙峰', '强爱斌']"
IPO,301068,301068,2021,2021-01-05,"['李惠丰', '孙峰', '强爱斌']"
IPO,301069,301069,2020,2020-07-06,"['赵勇军', '张妍']"
IPO,301069,301069,2021,2021-02-09,"['赵勇军', '张妍']"
IPO,301070,301070,2020,2020-07-07,"['耿振', '方俊鸣']"
IPO,301070,301070,2021,2021-01-08,"['耿振', '方俊鸣']"
IPO,301071,301071,2020,2020-07-24,"['姜纯友', '吴少华']"
IPO,301071,301071,2021,2021-03-11,"['姜纯友', '吴少华']"
IPO,301072,301072,2020,2020-07-10,"['郭安静', '兰东']"
IPO,301072,301072,2021,2021-01-22,"['郭安静', '兰东']"
IPO,301073,301073,2019,2019-05-17,"['刘美', '全普']"
IPO,301073,301073,2020,2020-06-30,"['刘美', '李砚南']"
IPO,301073,301073,2020,2020-12-02,"['毛宝军', '林俊']"
IPO,301073,301073,2021,2021-01-12,"['毛宝军', '林俊']"
IPO,301075,301075,2020,2020-09-30,"['方国华', '林琦']"
IPO,301075,301075,2021,2021-03-04,"['方国华', '林琦']"
IPO,301076,301076,2017,2017-06-16,"['陈长元', '陈振伟']"
IPO,301076,301076,2018,2018-01-17,"['陈长元', '陈振伟']"
IPO,301076,301076,2020,2020-07-09,"['陈长元', '陈振伟']"
IPO,301076,301076,2021,2021-01-08,"['陈长元', '陈振伟']"
IPO,301077,301077,2020,2020-07-06,"['谢贤庆', '黄婵娟']"
IPO,301077,301077,2021,2021-01-05,"['谢贤庆', '黄婵娟']"
IPO,301078,301078,2020,2020-07-13,"['汤哲辉', '吴慧珺', '郭福艳']"
IPO,301078,301078,2021,2021-01-09,"['郭福艳', '吴慧珺']"
IPO,301078,301078,2021,2021-03-31,"['郭福艳', '吴慧珺', '汤哲辉']"
IPO,301079,301079,2020,2020-07-31,"['蔡永光', '杨旭']"
IPO,301079,301079,2021,2021-02-01,"['蔡永光', '杨旭']"
IPO,301080,301080,2020,2020-10-09,"['陈谋林', '刘诚', '索立松']"
IPO,301080,301080,2021,2021-01-27,"['陈谋林', '刘诚', '索立松']"
IPO,301081,301081,2020,2020-01-03,"['陆炜炜', '李丹萍']"
IPO,301081,301081,2021,2021-01-09,"['陆炜炜', '李丹萍']"
IPO,301082,301082,2020,2020-07-07,"['陈科举', '郑芳', '王宏杰']"
IPO,301082,301082,2021,2021-01-12,"['陈科举', '郑芳', '王宏杰']"
IPO,301083,301083,2020,2020-07-27,"['覃继伟', '郭海龙', '罗红玲']"
IPO,301083,301083,2021,2021-02-25,"['覃继伟', '郭海龙', '罗红玲']"
IPO,301085,301085,2020,2020-07-13,"['陆军', '熊建辉', '柯玲玲']"
IPO,301085,301085,2021,2021-01-02,"['陆军', '熊建辉', '柯玲玲']"
IPO,301085,301085,2021,2021-02-22,"['孟敏', '陆军', '熊建辉', '柯玲玲']"
IPO,301086,301086,2020,2020-10-14,"['田华', '姜波', '潘文中', '李文庆']"
IPO,301086,301086,2021,2021-01-05,"['田华', '姜波', '潘文中', '李文庆']"
IPO,301086,301086,2021,2021-08-19,"['田华', '姜波']"
IPO,301087,301087,2020,2020-07-20,"['杨力生', '陈蕾']"
IPO,301087,301087,2021,2021-01-21,"['杨力生', '陈蕾']"
IPO,301088,301088,2020,2020-07-31,"['闫钢军', '蔡天晨', '闫钢军', '蔡天晨']"
IPO,301088,301088,2021,2021-01-31,"['闫钢军', '蔡天晨', '闫钢军', '蔡天晨']"
IPO,301088,301088,2021,2021-03-26,"['闫钢军', '蔡天晨']"
IPO,301088,301088,2021,2021-08-02,"['闫钢军', '蔡天晨', '严冠靓']"
IPO,301089,301089,2020,2020-07-13,"['宋其美', '张梅婷']"
IPO,301089,301089,2021,2021-01-29,"['宋其美', '张梅婷']"
IPO,301090,301090,2020,2020-07-30,"['汪娟', '王巍', '莫伟']"
IPO,301090,301090,2021,2021-01-09,"['汪娟', '王巍', '莫伟']"
IPO,301091,301091,2020,2020-07-31,"['王焕森', '陈艳']"
IPO,301091,301091,2021,2021-01-11,"['王焕森', '陈艳']"
IPO,301092,301092,2020,2020-08-24,"['费方华', '赵凯旋']"
IPO,301092,301092,2021,2021-01-08,"['费方华', '赵凯旋']"
IPO,301093,301093,2020,2020-07-06,"['潘永祥', '杨浩峰', '糜平', '许益闻', '陈勇', '吉勇']"
IPO,301093,301093,2021,2021-03-04,"['潘永祥', '杨浩峰', '糜平', '许益闻', '陈勇', '吉勇']"
IPO,301093,301093,2021,2021-09-14,"['潘永祥', '杨浩峰']"
IPO,301095,301095,2021,2021-06-30,"['黄元喜', '方燕']"
IPO,301095,301095,2022,2022-01-07,"['黄元喜', '方燕']"
IPO,301096,301096,2020,2020-11-07,"['叶卫民', '叶思思']"
IPO,301096,301096,2021,2021-01-29,"['叶卫民', '叶思思']"
IPO,301097,301097,2017,2017-04-28,"['肖菲', '徐萍']"
IPO,301097,301097,2018,2018-02-05,"['肖菲', '徐萍']"
IPO,301097,301097,2020,2020-03-26,"['肖菲', '徐萍', '叶云']"
IPO,301097,301097,2020,2020-10-29,"['肖菲', '叶云']"
IPO,301097,301097,2020,2020-11-23,"['包梅庭', '叶云', '肖菲', '徐萍']"
IPO,301097,301097,2021,2021-05-07,"['包梅庭', '叶云', '肖菲', '徐萍']"
IPO,301097,301097,2021,2021-12-14,"['包梅庭', '叶云']"
IPO,301098,301098,2015,2015-07-03,"['陈晓华', '张玲莉', '周卿', '黄金祥', '骆竞', '陆德忠']"
IPO,301098,301098,2019,2019-06-14,"['陈晓华', '张玲莉', '周卿', '黄金祥', '骆竞', '陆德忠']"
IPO,301098,301098,2020,2020-06-29,"['陈晓华', '张玲莉']"
IPO,301098,301098,2020,2020-11-26,"['韩坚', '胡慧鹏']"
IPO,301098,301098,2020,2020-12-22,"['韩坚', '胡慧鹏', '陈晓华']"
IPO,301098,301098,2021,2021-01-05,"['韩坚', '胡慧鹏', '陈晓华']"
IPO,301099,301099,2020,2020-07-06,"['施瑾', '应宏斌']"
IPO,301099,301099,2020,2020-10-15,"['施瑾', '郑潇']"
IPO,301099,301099,2021,2021-01-10,"['施瑾', '郑潇']"
IPO,301100,301100,2020,2020-07-29,"['奚大伟', '杨志']"
IPO,301100,301100,2021,2021-03-04,"['奚大伟', '杨志']"
IPO,301101,301101,2020,2020-07-23,"['杨志平', '郁香香']"
IPO,301101,301101,2021,2021-03-17,"['杨志平', '郁香香']"
IPO,301102,301102,2020,2020-09-30,"['刘敏', '孟从敏']"
IPO,301102,301102,2021,2021-01-07,"['刘敏', '孟从敏']"
IPO,301102,301102,2022,2022-01-04,"['刘敏', '孟从敏']"
IPO,301103,301103,2020,2020-07-29,"['李晓刚', '周洪波', '林娜']"
IPO,301103,301103,2021,2021-02-22,"['李晓刚', '周洪波', '林娜']"
IPO,301103,301103,2022,2022-01-18,"['李晓刚', '周洪波', '林娜']"
IPO,301105,301105,2020,2020-05-07,"['曾涛', '陈颖']"
IPO,301105,301105,2021,2021-01-08,"['曾涛', '陈颖']"
IPO,301105,301105,2021,2021-06-25,"['曾涛', '陈颖', '张希文', '邓华明']"
IPO,301105,301105,2022,2022-03-22,"['曾涛', '陈颖', '张希文', '邓华明']"
IPO,301105,301105,2022,2022-09-09,"['曾涛', '陈颖']"
IPO,301106,301106,2020,2020-12-30,"['蔡卫华', '娄新洁']"
IPO,301106,301106,2021,2021-01-28,"['蔡卫华', '娄新洁']"
IPO,301107,301107,2021,2021-02-03,"['唐湘衡', '袁丁']"
IPO,301107,301107,2022,2022-01-15,"['唐湘衡', '袁丁']"
IPO,301108,301108,2020,2020-07-09,"['黄亚琼', '高平', '姚贝']"
IPO,301108,301108,2021,2021-03-29,"['黄亚琼', '高平', '姚贝']"
IPO,301109,301109,2020,2020-12-10,"['刘智清', '肖金文', '刘卓', '李永萍', '罗皖', '姚静']"
IPO,301109,301109,2021,2021-01-07,"['刘智清', '肖金文', '刘卓', '李永萍', '罗皖', '姚静']"
IPO,301109,301109,2022,2022-01-28,"['刘智清', '肖金文', '刘卓']"
IPO,301109,301109,2022,2022-02-23,"['刘智清', '肖金文', '刘卓', '李永萍', '罗皖', '姚静']"
IPO,301110,301110,2020,2020-11-05,"['李联', '钟俊', '张希文']"
IPO,301110,301110,2021,2021-03-05,"['李联', '钟俊', '张希文']"
IPO,301110,301110,2022,2022-01-25,"['李联', '钟俊', '张希文']"
IPO,301110,301110,2022,2022-01-25,"['李联', '钟俊']"
IPO,301111,301111,2020,2020-07-31,"['杨新春', '张凤波']"
IPO,301111,301111,2021,2021-01-05,"['杨新春', '张凤波']"
IPO,301112,301112,2020,2020-07-29,"['徐菲', '温博远']"
IPO,301112,301112,2021,2021-01-05,"['徐菲', '温博远']"
IPO,301112,301112,2022,2022-03-29,"['徐菲', '温博远']"
IPO,301113,301113,2020,2020-11-11,"['沈维华', '沈晓燕']"
IPO,301113,301113,2021,2021-02-05,"['沈维华', '沈晓燕']"
IPO,301115,301115,2021,2021-06-25,"['陈勇', '袁慧馨', '陈培培']"
IPO,301115,301115,2022,2022-01-12,"['陈勇', '袁慧馨', '陈培培']"
IPO,301116,301116,2020,2020-01-03,"['王宗佩', '魏倩婷']"
IPO,301116,301116,2021,2021-01-07,"['王宗佩', '魏倩婷']"
IPO,301117,301117,2020,2020-11-30,"['杨志平', '周芳芳']"
IPO,301117,301117,2021,2021-03-31,"['杨志平', '周芳芳']"
IPO,301118,301118,2020,2020-07-10,"['李明', '李晓阳', '黄滔']"
IPO,301118,301118,2021,2021-01-11,"['李明', '李晓阳', '黄滔']"
IPO,301119,301119,2020,2020-07-17,"['缪志坚', '周王飞']"
IPO,301119,301119,2021,2021-02-08,"['缪志坚', '周王飞']"
IPO,301120,301120,2020,2020-07-09,"['李玉平', '崔晓强', '闫丙旗', '马征']"
IPO,301120,301120,2021,2021-01-22,"['李玉平', '崔晓强', '闫丙旗', '马征']"
IPO,301120,301120,2022,2022-01-01,"['李玉平', '崔晓强', '闫丙旗', '马征']"
IPO,301120,301120,2022,2022-02-22,"['李玉平', '崔晓强']"
IPO,301121,301121,2020,2020-09-24,"['吴萃柿', '陈金龙']"
IPO,301121,301121,2021,2021-03-31,"['吴萃柿', '陈金龙']"
IPO,301121,301121,2022,2022-01-24,"['吴萃柿', '陈金龙']"
IPO,301122,301122,2020,2020-12-23,"['束哲民', '薛飞']"
IPO,301122,301122,2021,2021-01-18,"['束哲民', '薛飞']"
IPO,301123,301123,2020,2020-10-09,"['陈志芳', '刘多奇']"
IPO,301123,301123,2021,2021-01-06,"['陈志芳', '刘多奇']"
IPO,301125,301125,2020,2020-12-29,"['沈培强', '吴慧']"
IPO,301125,301125,2021,2021-01-27,"['沈培强', '吴慧']"
IPO,301125,301125,2022,2022-01-21,"['沈培强', '吴慧']"
IPO,301126,301126,2020,2020-07-21,"['刘利亚', '唐世娟']"
IPO,301126,301126,2021,2021-01-22,"['刘利亚', '唐世娟']"
IPO,301127,301127,2020,2020-11-18,"['刘钧', '阮金龙']"
IPO,301127,301127,2021,2021-03-30,"['刘钧', '阮金龙']"
IPO,301128,301128,2020,2020-07-16,"['陈志刚', '张磊', '唐洪春']"
IPO,301128,301128,2021,2021-01-02,"['陈志刚', '张磊', '唐洪春']"
IPO,301129,301129,2020,2020-07-13,"['胡新荣', '童苗根', '储东东']"
IPO,301129,301129,2021,2021-02-01,"['胡新荣', '童苗根', '储东东']"
IPO,301130,301130,2014,2014-05-26,"['高世茂', '邓军']"
IPO,301130,301130,2015,2015-11-27,"['高世茂', '邓军']"
IPO,301130,301130,2020,2020-07-17,"['高世茂', '田磊斌']"
IPO,301130,301130,2021,2021-03-26,"['高世茂', '田磊斌']"
IPO,301130,301130,2022,2022-01-04,"['高世茂', '田磊斌']"
IPO,301131,301131,2020,2020-09-18,"['王甫荣', '张建林']"
IPO,301131,301131,2020,2020-11-20,"['王甫荣', '曾荣华']"
IPO,301131,301131,2021,2021-03-04,"['王甫荣', '曾荣华']"
IPO,301131,301131,2022,2022-02-08,"['王甫荣', '曾荣华']"
IPO,301132,301132,2021,2021-05-26,"['张立琰', '丁晓燕', '龙琦', '王贡勇', '吕玉磊']"
IPO,301132,301132,2022,2022-01-20,"['张立琰', '丁晓燕', '龙琦', '王贡勇', '吕玉磊']"
IPO,301132,301132,2022,2022-04-22,"['张立琰', '丁晓燕']"
IPO,301133,301133,2020,2020-07-16,"['林恒新', '陈新伟']"
IPO,301133,301133,2021,2021-01-07,"['林恒新', '陈新伟']"
IPO,301135,301135,2020,2020-12-03,"['莫旭巍', '奚晓茵']"
IPO,301135,301135,2021,2021-03-26,"['莫旭巍', '奚晓茵']"
IPO,301135,301135,2022,2022-01-25,"['莫旭巍', '奚晓茵']"
IPO,301136,301136,2020,2020-11-19,"['林霞', '陈敏', '童益恭']"
IPO,301136,301136,2021,2021-02-01,"['林霞', '陈敏', '童益恭']"
IPO,301137,301137,2020,2020-12-29,"['陆炜炜', '陈晓华', '陈芳', '叶水林', '吕卫星']"
IPO,301137,301137,2021,2021-01-27,"['陆炜炜', '陈晓华', '陈芳', '叶水林', '吕卫星']"
IPO,301137,301137,2022,2022-01-18,"['陆炜炜', '陈晓华', '陈芳', '叶水林', '吕卫星']"
IPO,301137,301137,2022,2022-01-18,"['陆炜炜', '陈晓华', '陈芳']"
IPO,301138,301138,2020,2020-07-31,"['王振宇', '王昆']"
IPO,301138,301138,2021,2021-01-08,"['王振宇', '王昆']"
IPO,301139,301139,2020,2020-10-12,"['师玉春', '李冬青']"
IPO,301139,301139,2021,2021-05-08,"['师玉春', '李冬青']"
IPO,301139,301139,2022,2022-03-30,"['师玉春', '李冬青']"
IPO,301141,301141,2021,2021-09-18,"['胡俊杰', '屠朝辉', '金天易', '罗国芳']"
IPO,301141,301141,2022,2022-03-03,"['胡俊杰', '屠朝辉', '金天易', '罗国芳']"
IPO,301141,301141,2023,2023-02-18,"['胡俊杰', '屠朝辉', '金天易', '罗国芳']"
IPO,301141,301141,2023,2023-02-21,"['胡俊杰', '屠朝辉', '金天易']"
IPO,301148,301148,2020,2020-08-25,"['陈昭新', '李春梅']"
IPO,301148,301148,2021,2021-01-21,"['陈昭新', '李春梅']"
IPO,301148,301148,2022,2022-03-11,"['陈昭新', '李春梅']"
IPO,301149,301149,2020,2020-07-14,"['张旭光', '徐利君']"
IPO,301149,301149,2021,2021-02-22,"['张旭光', '徐利君']"
IPO,301150,301150,2020,2020-11-16,"['傅奕', '陈美蓉']"
IPO,301150,301150,2021,2021-02-07,"['傅奕', '陈美蓉']"
IPO,301150,301150,2022,2022-03-01,"['傅奕', '陈美蓉']"
IPO,301151,301151,2020,2020-11-06,"['李东昕', '刘宏宇']"
IPO,301151,301151,2021,2021-02-10,"['李东昕', '刘宏宇']"
IPO,301151,301151,2021,2021-09-27,"['李东昕', '刘宏宇', '金晓静']"
IPO,301151,301151,2022,2022-01-13,"['李东昕', '刘宏宇', '金晓静']"
IPO,301152,301152,2020,2020-07-08,"['卿武勤', '李仲篪', '马凤菊', '任航', '郑运霞']"
IPO,301152,301152,2021,2021-01-20,"['卿武勤', '李仲篪', '马凤菊', '任航', '郑运霞']"
IPO,301152,301152,2022,2022-02-13,"['卿武勤', '李仲篪', '马凤菊', '任航', '郑运霞']"
IPO,301152,301152,2022,2022-04-22,"['卿武勤', '李仲篪']"
IPO,301153,301153,2015,2015-12-04,"['钟永和', '张静娟']"
IPO,301153,301153,2020,2020-11-17,"['王建民', '蔡洁瑜', '钟永和', '张静娟']"
IPO,301153,301153,2021,2021-03-18,"['王建民', '蔡洁瑜', '钟永和', '张静娟']"
IPO,301153,301153,2022,2022-01-18,"['王建民', '蔡洁瑜', '钟永和', '张静娟']"
IPO,301153,301153,2022,2022-01-18,"['王建民', '蔡洁瑜']"
IPO,301155,301155,2020,2020-11-27,"['王许', '朱磊']"
IPO,301155,301155,2021,2021-03-30,"['王许', '朱磊']"
IPO,301156,301156,2021,2021-05-10,"['潘胜国', '梁子见', '孙荣']"
IPO,301156,301156,2022,2022-01-07,"['潘胜国', '梁子见', '孙荣']"
IPO,301157,301157,2021,2021-05-26,"['费方华', '彭香莲', '胡雪婷']"
IPO,301157,301157,2022,2022-01-21,"['费方华', '彭香莲', '胡雪婷']"
IPO,301157,301157,2022,2022-10-18,"['费方华', '彭香莲']"
IPO,301158,301158,2020,2020-11-09,"['刘新培', '贾志博']"
IPO,301158,301158,2021,2021-01-28,"['刘新培', '贾志博']"
IPO,301159,301159,2020,2020-07-09,"['刘海山', '龙晶羽']"
IPO,301159,301159,2021,2021-01-20,"['刘海山', '龙晶羽']"
IPO,301160,301160,2020,2020-09-30,"['丁春荣', '李煜琦']"
IPO,301160,301160,2021,2021-03-02,"['丁春荣', '李煜琦']"
IPO,301160,301160,2022,2022-03-29,"['丁春荣', '李煜琦']"
IPO,301161,301161,2020,2020-12-31,"['张飞', '俞悦']"
IPO,301161,301161,2021,2021-01-29,"['张飞', '俞悦']"
IPO,301161,301161,2022,2022-01-12,"['张飞', '俞悦']"
IPO,301162,301162,2020,2020-11-24,"['李璟', '王彪']"
IPO,301162,301162,2021,2021-03-12,"['李璟', '王震']"
IPO,301162,301162,2022,2022-01-17,"['李璟', '王震']"
IPO,301163,301163,2020,2020-12-18,"['冯宏志', '李变利']"
IPO,301163,301163,2021,2021-01-18,"['冯宏志', '李变利']"
IPO,301163,301163,2022,2022-01-10,"['冯宏志', '李变利']"
IPO,301165,301165,2020,2020-12-18,"['林希敏', '林海', '刘延东', '林文锋']"
IPO,301165,301165,2021,2021-01-18,"['林希敏', '林海', '刘延东', '林文锋']"
IPO,301165,301165,2022,2022-01-24,"['林希敏', '林海', '刘延东', '林文锋']"
IPO,301165,301165,2022,2022-09-01,"['林希敏', '林海']"
IPO,301166,301166,2020,2020-07-27,"['郭海龙', '王俊', '王楠']"
IPO,301166,301166,2021,2021-01-05,"['郭海龙', '王俊', '王楠']"
IPO,301167,301167,2020,2020-10-15,"['施琪璋', '洪志国']"
IPO,301167,301167,2021,2021-01-29,"['施琪璋', '洪志国']"
IPO,301168,301168,2017,2017-12-29,"['李惠丰', '钟建栋', '王克平', '巫斌', '华玲芬', '尤再明']"
IPO,301168,301168,2020,2020-07-24,"['李惠丰', '钟建栋', '王克平']"
IPO,301168,301168,2021,2021-03-23,"['李惠丰', '钟建栋', '王克平']"
IPO,301169,301169,2020,2020-07-06,"['胡友邻', '张雪生']"
IPO,301169,301169,2021,2021-01-12,"['胡友邻', '张雪生']"
IPO,301170,301170,2021,2021-06-30,"['赵焕琪', '杨浩峰']"
IPO,301170,301170,2022,2022-02-15,"['赵焕琪', '杨浩峰']"
IPO,301170,301170,2023,2023-01-06,"['赵焕琪', '杨浩峰']"
IPO,301171,301171,2020,2020-04-17,"['卢鹍鹏', '徐晓明', '金建海', '揭慧芳']"
IPO,301171,301171,2021,2021-03-05,"['卢鹍鹏', '徐晓明', '金建海', '揭慧芳']"
IPO,301171,301171,2022,2022-04-24,"['卢鹍鹏', '徐晓明', '金建海', '揭慧芳']"
IPO,301171,301171,2022,2022-05-05,"['卢鹍鹏', '徐晓明']"
IPO,301172,301172,2019,2019-05-31,"['何勇', '夏翠琼']"
IPO,301172,301172,2021,2021-06-25,"['何勇', '夏翠琼']"
IPO,301172,301172,2021,2021-07-20,"['金奂佶', '匡彦军']"
IPO,301172,301172,2022,2022-03-11,"['何勇', '夏翠琼']"
IPO,301172,301172,2022,2022-05-26,"['金奂佶', '匡彦军']"
IPO,301172,301172,2023,2023-03-30,"['何勇', '夏翠琼']"
IPO,301172,301172,2023,2023-06-06,"['金奂佶', '匡彦军']"
IPO,301173,301173,2023,2023-06-27,"['耿磊', '兰亚娟']"
IPO,301173,301173,2024,2024-01-08,"['耿磊', '兰亚娟']"
IPO,301175,301175,2020,2020-12-29,"['李洪仪', '陈巍']"
IPO,301175,301175,2021,2021-01-27,"['李洪仪', '陈巍']"
IPO,301175,301175,2022,2022-01-17,"['李洪仪', '陈巍']"
IPO,301176,301176,2021,2021-09-03,"['覃继伟', '王守军', '邓玮']"
IPO,301176,301176,2022,2022-01-21,"['覃继伟', '王守军', '邓玮']"
IPO,301177,301177,2020,2020-10-12,"['廖文佳', '黄榕']"
IPO,301177,301177,2021,2021-01-25,"['廖文佳', '黄榕']"
IPO,301177,301177,2021,2021-09-30,"['廖文佳', '胡蝶']"
IPO,301178,301178,2020,2020-07-31,"['巩启春', '周小春']"
IPO,301178,301178,2021,2021-01-12,"['巩启春', '周小春']"
IPO,301179,301179,2020,2020-10-16,"['黄继佳', '陈震', '陈达华', '刘木勇']"
IPO,301179,301179,2021,2021-03-19,"['黄继佳', '陈震', '陈达华', '刘木勇']"
IPO,301179,301179,2021,2021-09-22,"['黄继佳', '陈震']"
IPO,301180,301180,2020,2020-07-31,"['赵焕琪', '冯建利']"
IPO,301180,301180,2021,2021-03-17,"['赵焕琪', '冯建利']"
IPO,301181,301181,2020,2020-06-19,"['夏利忠', '吉正山']"
IPO,301181,301181,2021,2021-03-30,"['夏利忠', '吉正山']"
IPO,301181,301181,2022,2022-01-04,"['夏利忠', '吉正山']"
IPO,301182,301182,2020,2020-04-30,"['丁娜', '王猛']"
IPO,301182,301182,2021,2021-03-08,"['丁娜', '王猛']"
IPO,301183,301183,2021,2021-03-11,"['李联', '雷丽娜']"
IPO,301183,301183,2022,2022-01-04,"['李联', '雷丽娜']"
IPO,301185,301185,2020,2020-07-09,"['唐荣周', '徐忠林']"
IPO,301185,301185,2021,2021-01-15,"['唐荣周', '徐忠林']"
IPO,301186,301186,2017,2017-12-08,"['常桂华', '彭灿']"
IPO,301186,301186,2018,2018-11-02,"['常桂华', '彭灿']"
IPO,301186,301186,2020,2020-07-30,"['常桂华', '施利华']"
IPO,301186,301186,2021,2021-02-26,"['常桂华', '施利华']"
IPO,301187,301187,2020,2020-09-30,"['李春华', '金春敏', '张勇', '孙柯', '沈斌']"
IPO,301187,301187,2021,2021-02-22,"['李春华', '金春敏', '张勇', '孙柯', '沈斌']"
IPO,301187,301187,2022,2022-01-16,"['李春华', '金春敏', '张勇', '孙柯', '沈斌']"
IPO,301187,301187,2022,2022-03-02,"['李春华', '金春敏']"
IPO,301187,301187,2022,2022-03-09,"['李春华', '唐健', '金春敏', '张勇', '孙柯', '沈斌']"
IPO,301188,301188,2020,2020-07-21,"['王鑫', '刘学生']"
IPO,301188,301188,2021,2021-01-11,"['王鑫', '刘学生']"
IPO,301189,301189,2020,2020-12-01,"['刘海山', '杨秋实']"
IPO,301189,301189,2021,2021-03-23,"['刘海山', '杨秋实']"
IPO,301190,301190,2020,2020-04-30,"['张敬鸿', '庞勇']"
IPO,301190,301190,2020,2020-07-01,"['张敬鸿', '庞勇', '张炜', '巢序']"
IPO,301190,301190,2021,2021-01-11,"['张敬鸿', '庞勇', '张炜', '巢序']"
IPO,301190,301190,2021,2021-11-01,"['张敬鸿', '庞勇']"
IPO,301191,301191,2017,2017-10-13,"['张希文', '钟俊']"
IPO,301191,301191,2018,2018-05-04,"['张希文', '钟俊']"
IPO,301191,301191,2021,2021-03-11,"['金顺兴', '刘洁']"
IPO,301191,301191,2022,2022-01-07,"['金顺兴', '刘洁']"
IPO,301193,301193,2020,2020-07-21,"['王玥', '田慧先']"
IPO,301193,301193,2021,2021-01-27,"['王玥', '田慧先']"
IPO,301195,301195,2021,2021-06-16,"['陈晓龙', '张婕']"
IPO,301195,301195,2022,2022-01-24,"['陈晓龙', '张婕']"
IPO,301196,301196,2020,2020-11-24,"['曹隆森', '熊志平']"
IPO,301196,301196,2021,2021-03-12,"['曹隆森', '熊志平']"
IPO,301197,301197,2021,2021-06-30,"['余龙', '薛志娟']"
IPO,301197,301197,2022,2022-01-13,"['余龙', '薛志娟']"
IPO,301198,301198,2020,2020-07-06,"['宛云龙', '仇笑康', '刘新星']"
IPO,301198,301198,2021,2021-01-08,"['宛云龙', '仇笑康', '刘新星']"
IPO,301198,301198,2021,2021-09-29,"['宛云龙', '仇笑康', '刘新星', '黄继佳', '董顶立']"
IPO,301199,301199,2019,2019-06-14,"['朱劲松', '虢正科']"
IPO,301199,301199,2020,2020-07-01,"['朱劲松', '虢正科']"
IPO,301199,301199,2021,2021-02-05,"['朱劲松', '虢正科']"
IPO,301200,301200,2021,2021-05-20,"['曹创', '吴亚亚']"
IPO,301200,301200,2021,2021-08-13,"['郑立红', '吴亚亚']"
IPO,301200,301200,2022,2022-01-06,"['郑立红', '吴亚亚']"
IPO,301201,301201,2014,2014-04-30,"['沈蓉', '冯家俊']"
IPO,301201,301201,2020,2020-10-13,"['冯家俊', '胡蕴']"
IPO,301201,301201,2021,2021-01-02,"['冯家俊', '胡蕴']"
IPO,301202,301202,2021,2021-09-30,"['郭文令', '罗静', '朱智俊']"
IPO,301202,301202,2022,2022-01-28,"['郭文令', '罗静', '朱智俊']"
IPO,301202,301202,2023,2023-03-31,"['郭文令', '罗静', '朱智俊']"
IPO,301203,301203,2020,2020-12-31,"['贾川', '许安平']"
IPO,301203,301203,2021,2021-01-28,"['贾川', '许安平']"
IPO,301203,301203,2022,2022-01-28,"['贾川', '许安平']"
IPO,301203,301203,2023,2023-01-05,"['贾川', '许安平']"
IPO,301205,301205,2021,2021-06-18,"['索保国', '曾祥辉', '赵法钧']"
IPO,301205,301205,2022,2022-01-13,"['索保国', '曾祥辉', '赵法钧']"
IPO,301206,301206,2020,2020-12-21,"['袁涛', '高纯进']"
IPO,301206,301206,2021,2021-01-19,"['袁涛', '高纯进']"
IPO,301207,301207,2020,2020-12-03,"['秦霞', '胡丽娟']"
IPO,301207,301207,2021,2021-03-31,"['秦霞', '胡丽娟']"
IPO,301207,301207,2022,2022-01-05,"['秦霞', '胡丽娟']"
IPO,301208,301208,2015,2015-11-13,"['周海涛', '赵学斌']"
IPO,301208,301208,2020,2020-07-31,"['唐炫', '郑小川']"
IPO,301208,301208,2021,2021-03-10,"['唐炫', '郑小川']"
IPO,301208,301208,2022,2022-02-21,"['唐炫', '郑小川']"
IPO,301209,301209,2021,2021-05-31,"['姜峰', '韩伟']"
IPO,301209,301209,2022,2022-02-28,"['姜峰', '韩伟']"
IPO,301210,301210,2021,2021-09-28,"['潘坤', '刘文剑', '王戎']"
IPO,301210,301210,2022,2022-02-25,"['潘坤', '刘文剑', '王戎']"
IPO,301210,301210,2023,2023-03-06,"['潘坤', '刘文剑', '王戎']"
IPO,301211,301211,2020,2020-10-14,"['向辉', '张文娟', '刘会双']"
IPO,301211,301211,2021,2021-02-23,"['向辉', '张文娟', '刘会双']"
IPO,301212,301212,2020,2020-12-11,"['罗训超', '汪飞']"
IPO,301212,301212,2021,2021-01-11,"['罗训超', '汪飞']"
IPO,301212,301212,2022,2022-01-28,"['罗训超', '汪飞']"
IPO,301213,301213,2020,2020-09-30,"['龚荣华', '胡宏伟']"
IPO,301213,301213,2021,2021-01-25,"['龚荣华', '胡宏伟']"
IPO,301215,301215,2020,2020-12-30,"['王忠箴', '李崇瑛', '王达']"
IPO,301215,301215,2021,2021-01-28,"['王忠箴', '李崇瑛', '王达']"
IPO,301215,301215,2022,2022-01-11,"['王忠箴', '李崇瑛', '王达']"
IPO,301216,301216,2020,2020-12-18,"['谢贤庆', '王露']"
IPO,301216,301216,2021,2021-01-18,"['谢贤庆', '王露']"
IPO,301216,301216,2022,2022-01-04,"['谢贤庆', '王露']"
IPO,301217,301217,2020,2020-12-01,"['刘勇', '崔广余', '陈少侠']"
IPO,301217,301217,2021,2021-03-31,"['刘勇', '崔广余', '陈少侠']"
IPO,301218,301218,2020,2020-12-29,"['潘晶晶', '罗衡']"
IPO,301218,301218,2021,2021-01-27,"['潘晶晶', '罗衡']"
IPO,301218,301218,2022,2022-01-11,"['潘晶晶', '罗衡']"
IPO,301219,301219,2017,2017-04-21,"['蔡志良', '刘润']"
IPO,301219,301219,2018,2018-01-16,"['蔡志良', '刘润']"
IPO,301219,301219,2020,2020-09-30,"['蔡志良', '施旭锋', '刘润']"
IPO,301219,301219,2021,2021-03-17,"['蔡志良', '施旭锋', '刘润']"
IPO,301219,301219,2021,2021-12-21,"['蔡志良', '施旭锋']"
IPO,301220,301220,2019,2019-06-14,"['陈涌根', '李平']"
IPO,301220,301220,2020,2020-06-28,"['廖金辉', '李平']"
IPO,301220,301220,2021,2021-01-12,"['廖金辉', '李平']"
IPO,301220,301220,2022,2022-03-31,"['廖金辉', '李平']"
IPO,301221,301221,2020,2020-12-31,"['索保国', '张岭', '周迁']"
IPO,301221,301221,2021,2021-01-31,"['索保国', '张岭', '周迁']"
IPO,301222,301222,2017,2017-12-22,"['程志刚', '吕安吉']"
IPO,301222,301222,2018,2018-03-22,"['程志刚', '吕安吉']"
IPO,301222,301222,2020,2020-10-12,"['吕安吉', '刘江杰']"
IPO,301222,301222,2020,2020-12-29,"['吕安吉', '刘江杰', '程志刚']"
IPO,301222,301222,2021,2021-03-18,"['吕安吉', '刘江杰', '程志刚']"
IPO,301222,301222,2022,2022-01-11,"['吕安吉', '刘江杰']"
IPO,301222,301222,2022,2022-01-12,"['程志刚', '吕安吉', '刘江杰']"
IPO,301223,301223,2018,2018-06-22,"['黄志恒', '张丽霞']"
IPO,301223,301223,2019,2019-06-21,"['黄志恒', '张丽霞']"
IPO,301223,301223,2021,2021-03-23,"['黄志恒', '张丽霞']"
IPO,301223,301223,2022,2022-01-25,"['黄志恒', '张丽霞']"
IPO,301225,301225,2021,2021-09-06,"['黄平', '陆加龙']"
IPO,301225,301225,2022,2022-03-22,"['黄平', '陆加龙']"
IPO,301225,301225,2023,2023-03-01,"['黄平', '陆加龙']"
IPO,301226,301226,2017,2017-07-14,"['李惠丰', '朱作武']"
IPO,301226,301226,2019,2019-05-17,"['李惠丰', '朱作武']"
IPO,301226,301226,2020,2020-12-08,"['李惠丰', '朱作武']"
IPO,301226,301226,2021,2021-01-06,"['李惠丰', '朱作武']"
IPO,301226,301226,2022,2022-02-08,"['李惠丰', '朱作武']"
IPO,301227,301227,2016,2016-01-08,"['何晓明', '啜公明']"
IPO,301227,301227,2017,2017-10-23,"['康雪艳', '苏晓峰']"
IPO,301227,301227,2020,2020-12-29,"['康雪艳', '苏晓峰']"
IPO,301227,301227,2021,2021-01-24,"['康雪艳', '苏晓峰']"
IPO,301227,301227,2022,2022-02-16,"['康雪艳', '苏晓峰']"
IPO,301228,301228,2020,2020-09-25,"['叶慧', '刘华凯', '高亭亭']"
IPO,301228,301228,2021,2021-03-03,"['叶慧', '刘华凯', '高亭亭']"
IPO,301229,301229,2020,2020-12-25,"['沈培强', '朱俊峰']"
IPO,301229,301229,2021,2021-01-24,"['沈培强', '朱俊峰']"
IPO,301229,301229,2022,2022-01-17,"['沈培强', '朱俊峰']"
IPO,301230,301230,2021,2021-03-08,"['朱海平', '刘静', '顾薇', '张晓萌', '叶寅']"
IPO,301230,301230,2022,2022-03-27,"['朱海平', '刘静', '顾薇', '张晓萌', '叶寅']"
IPO,301230,301230,2022,2022-07-08,"['朱海平', '刘静', '顾薇']"
IPO,301231,301231,2020,2020-07-14,"['纪玉红', '崔勇趁', '冯睿']"
IPO,301231,301231,2021,2021-01-06,"['纪玉红', '崔勇趁', '冯睿']"
IPO,301231,301231,2022,2022-03-31,"['纪玉红', '崔勇趁']"
IPO,301232,301232,2020,2020-09-30,"['郑生军', '贺胜']"
IPO,301232,301232,2021,2021-02-26,"['郑生军', '贺胜']"
IPO,301232,301232,2022,2022-03-09,"['郑生军', '贺胜']"
IPO,301232,301232,2023,2023-03-02,"['郑生军', '贺胜']"
IPO,301233,301233,2020,2020-12-08,"['李慧', '张正峰']"
IPO,301233,301233,2021,2021-01-06,"['李慧', '张正峰']"
IPO,301233,301233,2022,2022-01-07,"['李慧', '张正峰']"
IPO,301234,301234,2020,2020-07-28,"['宋文', '周文亮']"
IPO,301234,301234,2021,2021-06-22,"['宋文', '周文亮']"
IPO,301234,301234,2022,2022-01-10,"['宋文', '周文亮']"
IPO,301235,301235,2020,2020-12-30,"['黄继佳', '刘木勇']"
IPO,301235,301235,2021,2021-01-27,"['黄继佳', '刘木勇']"
IPO,301236,301236,2021,2021-02-22,"['胡健', '刘成龙', '高丹丹']"
IPO,301236,301236,2022,2022-01-17,"['胡健', '刘成龙', '高丹丹']"
IPO,301237,301237,2016,2016-11-11,"['孙文军', '林旺', '沈云强', '朱伟', '钟晓荣']"
IPO,301237,301237,2020,2020-12-10,"['孙文军', '林旺', '朱伟', '钟晓荣']"
IPO,301237,301237,2021,2021-01-08,"['孙文军', '林旺', '朱伟', '钟晓荣']"
IPO,301237,301237,2022,2022-01-28,"['孙文军', '林旺']"
IPO,301237,301237,2022,2022-02-16,"['孙文军', '林旺', '朱伟', '钟晓荣']"
IPO,301238,301238,2020,2020-12-29,"['冯蕾', '徐志敏']"
IPO,301238,301238,2021,2021-01-27,"['冯蕾', '徐志敏']"
IPO,301238,301238,2022,2022-01-24,"['冯蕾', '徐志敏']"
IPO,301239,301239,2020,2020-07-31,"['缪志坚', '俞金波']"
IPO,301239,301239,2021,2021-01-14,"['缪志坚', '俞金波']"
IPO,301239,301239,2022,2022-03-21,"['缪志坚', '俞金波']"
IPO,301246,301246,2016,2016-12-23,"['李顺利', '万萍']"
IPO,301246,301246,2021,2021-06-29,"['范桂铭', '杨云']"
IPO,301246,301246,2022,2022-03-04,"['范桂铭', '杨云']"
IPO,301246,301246,2023,2023-01-17,"['范桂铭', '杨云']"
IPO,301248,301248,2020,2020-12-03,"['汤家俊', '肖文涛']"
IPO,301248,301248,2021,2021-03-05,"['汤家俊', '肖文涛']"
IPO,301248,301248,2022,2022-03-15,"['汤家俊', '肖文涛']"
IPO,301251,301251,2022,2022-06-21,"['王守军', '邓玮']"
IPO,301251,301251,2023,2023-01-19,"['王守军', '邓玮']"
IPO,301251,301251,2023,2023-03-01,"['宋幸幸', '杨斌']"
IPO,301252,301252,2021,2021-10-14,"['陈瑛瑛', '吴一鸣']"
IPO,301252,301252,2022,2022-03-31,"['陈瑛瑛', '吴一鸣']"
IPO,301252,301252,2023,2023-02-28,"['陈瑛瑛', '吴一鸣']"
IPO,301255,301255,2021,2021-06-30,"['姚丽强', '夏育新', '乐科源']"
IPO,301255,301255,2022,2022-01-14,"['姚丽强', '夏育新', '乐科源']"
IPO,301256,301256,2020,2020-12-24,"['李勇', '林琳']"
IPO,301256,301256,2021,2021-01-22,"['李勇', '林琳']"
IPO,301256,301256,2022,2022-01-28,"['李勇', '林琳']"
IPO,301257,301257,2020,2020-10-14,"['张松柏', '王法亮']"
IPO,301257,301257,2021,2021-01-08,"['张松柏', '王法亮']"
IPO,301257,301257,2022,2022-01-28,"['张松柏', '王法亮']"
IPO,301258,301258,2017,2017-06-30,"['宁云', '黄晓奇', '周文亮']"
IPO,301258,301258,2018,2018-10-18,"['宁云', '黄晓奇', '周文亮']"
IPO,301258,301258,2020,2020-11-11,"['黄晓奇', '周文亮', '陶璐璐']"
IPO,301258,301258,2021,2021-06-25,"['黄晓奇', '周文亮', '陶璐璐']"
IPO,301258,301258,2022,2022-01-28,"['黄晓奇', '周文亮', '陶璐璐']"
IPO,301259,301259,2020,2020-07-24,"['陈志', '刘建清']"
IPO,301259,301259,2021,2021-04-28,"['陈志', '刘建清']"
IPO,301259,301259,2022,2022-03-11,"['陈志', '刘建清']"
IPO,301260,301260,2021,2021-05-21,"['鲍小刚', '唐蓓瑶']"
IPO,301260,301260,2022,2022-01-28,"['鲍小刚', '唐蓓瑶']"
IPO,301261,301261,2021,2021-11-23,"['张金华', '王二华']"
IPO,301261,301261,2022,2022-05-23,"['张金华', '王二华']"
IPO,301261,301261,2023,2023-03-02,"['张金华', '王二华']"
IPO,301262,301262,2020,2020-12-31,"['沈大智', '罗静', '洪海莉']"
IPO,301262,301262,2021,2021-01-29,"['沈大智', '罗静', '洪海莉']"
IPO,301262,301262,2021,2021-11-11,"['沈大智', '罗静', '洪海莉', '朱智俊']"
IPO,301262,301262,2022,2022-03-31,"['沈大智', '罗静', '洪海莉', '朱智俊']"
IPO,301262,301262,2023,2023-03-17,"['沈大智', '罗静', '洪海莉', '朱智俊']"
IPO,301262,301262,2023,2023-03-24,"['沈大智', '罗静', '洪海莉']"
IPO,301263,301263,2017,2017-09-29,"['何国铨', '郑镇涛', '张静璃']"
IPO,301263,301263,2018,2018-04-27,"['何国铨', '郑镇涛', '张静璃']"
IPO,301263,301263,2020,2020-11-10,"['周济平', '王军']"
IPO,301263,301263,2021,2021-02-20,"['周济平', '王军']"
IPO,301263,301263,2022,2022-01-25,"['周济平', '王军']"
IPO,301265,301265,2020,2020-11-13,"['韩瑞红', '刘淑云', '占铁华', '杨杰']"
IPO,301265,301265,2021,2021-03-30,"['韩瑞红', '刘淑云', '占铁华', '杨杰']"
IPO,301265,301265,2022,2022-01-17,"['韩瑞红', '刘淑云', '占铁华', '杨杰']"
IPO,301265,301265,2022,2022-11-01,"['韩瑞红', '刘淑云']"
IPO,301266,301266,2016,2016-09-30,"['尹超文', '汪二妮', '徐跃辉']"
IPO,301266,301266,2017,2017-08-21,"['尹超文', '汪二妮', '徐跃辉']"
IPO,301266,301266,2020,2020-12-15,"['刘勇', '侯克丰']"
IPO,301266,301266,2021,2021-01-13,"['刘勇', '侯克丰']"
IPO,301266,301266,2022,2022-03-17,"['刘勇', '侯克丰']"
IPO,301267,301267,2020,2020-07-31,"['姚斌星', '戴正文']"
IPO,301267,301267,2020,2020-12-17,"['姚斌星', '戴正文', '沈妍']"
IPO,301267,301267,2021,2021-01-20,"['姚斌星', '戴正文', '沈妍']"
IPO,301267,301267,2022,2022-03-31,"['姚斌星', '戴正文', '沈妍']"
IPO,301268,301268,2020,2020-12-28,"['高术峰', '覃赞昌', '李赛凤']"
IPO,301268,301268,2021,2021-01-26,"['高术峰', '覃赞昌', '李赛凤']"
IPO,301268,301268,2021,2021-05-21,"['张晓荣', '杨小磊', '杨桂丽']"
IPO,301268,301268,2022,2022-01-07,"['张晓荣', '杨小磊', '杨桂丽']"
IPO,301268,301268,2022,2022-02-22,"['张晓荣', '杨小磊']"
IPO,301269,301269,2021,2021-06-21,"['龚荣华', '苟一平']"
IPO,301269,301269,2022,2022-03-30,"['龚荣华', '苟一平']"
IPO,301270,301270,2020,2020-12-31,"['郭海兰', '尹冬', '张毅']"
IPO,301270,301270,2021,2021-01-29,"['郭海兰', '尹冬', '张毅']"
IPO,301270,301270,2022,2022-02-09,"['郭海兰', '尹冬', '张毅']"
IPO,301272,301272,2021,2021-09-29,"['蒋舒媚', '吴娜']"
IPO,301272,301272,2022,2022-03-01,"['蒋舒媚', '吴娜']"
IPO,301272,301272,2023,2023-01-11,"['蒋舒媚', '吴娜']"
IPO,301273,301273,2021,2021-06-30,"['严劼', '纪贇']"
IPO,301273,301273,2022,2022-01-26,"['严劼', '纪贇']"
IPO,301275,301275,2023,2023-06-28,"['郭成专', '徐未然']"
IPO,301275,301275,2024,2024-01-25,"['郭成专', '徐未然']"
IPO,301276,301276,2018,2018-03-23,"['冯万奇', '李福兴']"
IPO,301276,301276,2020,2020-12-31,"['冯万奇', '李福兴']"
IPO,301276,301276,2021,2021-01-29,"['冯万奇', '李福兴']"
IPO,301276,301276,2022,2022-01-21,"['冯万奇', '李福兴']"
IPO,301277,301277,2021,2021-06-28,"['罗科', '张杨']"
IPO,301277,301277,2022,2022-03-25,"['罗科', '张杨']"
IPO,301278,301278,2020,2020-11-10,"['刘钧', '胡永波']"
IPO,301278,301278,2021,2021-02-10,"['刘钧', '胡永波']"
IPO,301278,301278,2022,2022-01-10,"['刘钧', '胡永波']"
IPO,301279,301279,2020,2020-12-29,"['盛伟明', '叶贤斌']"
IPO,301279,301279,2021,2021-01-27,"['盛伟明', '叶贤斌']"
IPO,301279,301279,2022,2022-01-17,"['盛伟明', '叶贤斌']"
IPO,301280,301280,2021,2021-06-30,"['陈志维', '沈晓燕']"
IPO,301280,301280,2022,2022-02-23,"['陈志维', '沈晓燕']"
IPO,301281,301281,2021,2021-06-24,"['黄娟', '张吉范', '陈金波', '于仁强']"
IPO,301281,301281,2022,2022-03-01,"['黄娟', '张吉范', '陈金波', '于仁强']"
IPO,301281,301281,2023,2023-02-18,"['黄娟', '张吉范', '陈金波', '于仁强']"
IPO,301281,301281,2023,2023-02-21,"['黄娟', '张吉范']"
IPO,301282,301282,2020,2020-12-16,"['李联', '孙慧敏', '张骥', '晋永杰']"
IPO,301282,301282,2021,2021-02-09,"['李联', '孙慧敏', '张骥', '晋永杰']"
IPO,301282,301282,2021,2021-06-25,"['李联', '孙慧敏', '张骥']"
IPO,301282,301282,2022,2022-01-17,"['李联', '孙慧敏', '张骥']"
IPO,301282,301282,2022,2022-03-29,"['李联', '孙慧敏', '张骥', '晋永杰']"
IPO,301282,301282,2022,2022-05-24,"['李联', '孙慧敏']"
IPO,301283,301283,2021,2021-04-23,"['彭宗显', '张伟玮']"
IPO,301283,301283,2022,2022-02-11,"['彭宗显', '张伟玮']"
IPO,301285,301285,2021,2021-06-30,"['刘勇', '俞国徽', '计亿']"
IPO,301285,301285,2022,2022-01-05,"['刘勇', '俞国徽', '计亿']"
IPO,301286,301286,2020,2020-12-23,"['贺顺祥', '刘伟']"
IPO,301286,301286,2021,2021-01-21,"['贺顺祥', '刘伟']"
IPO,301286,301286,2022,2022-03-18,"['贺顺祥', '刘伟']"
IPO,301287,301287,2021,2021-11-12,"['金闻', '徐思思']"
IPO,301287,301287,2022,2022-03-03,"['金闻', '徐思思']"
IPO,301287,301287,2023,2023-01-03,"['金闻', '徐思思']"
IPO,301288,301288,2021,2021-05-07,"['周珊珊', '程纯']"
IPO,301288,301288,2022,2022-01-17,"['周珊珊', '程纯']"
IPO,301289,301289,2021,2021-06-11,"['潘胜国', '刘丽娟', '仇铝娟', '李飞']"
IPO,301289,301289,2022,2022-01-14,"['潘胜国', '刘丽娟', '仇铝娟', '李飞']"
IPO,301289,301289,2022,2022-03-29,"['潘胜国', '刘丽娟', '仇铝娟']"
IPO,301290,301290,2021,2021-06-30,"['王许', '雷飞飞']"
IPO,301290,301290,2022,2022-03-18,"['王许', '雷飞飞']"
IPO,301291,301291,2021,2021-12-31,"['李萍', '樊江南', '邢向宗', '罗寿华']"
IPO,301291,301291,2022,2022-03-04,"['李萍', '樊江南', '邢向宗', '罗寿华']"
IPO,301291,301291,2023,2023-03-29,"['李萍', '樊江南', '邢向宗', '罗寿华']"
IPO,301291,301291,2023,2023-05-18,"['李萍', '樊江南']"
IPO,301292,301292,2021,2021-06-30,"['张金华', '邓辉', '付慧伟']"
IPO,301292,301292,2022,2022-03-04,"['张金华', '邓辉', '付慧伟']"
IPO,301292,301292,2023,2023-03-21,"['张金华', '邓辉', '付慧伟']"
IPO,301293,301293,2020,2020-12-30,"['杨贵鹏', '刘海山']"
IPO,301293,301293,2021,2021-01-27,"['杨贵鹏', '刘海山']"
IPO,301293,301293,2022,2022-03-31,"['杨贵鹏', '刘海山']"
IPO,301293,301293,2023,2023-02-27,"['杨贵鹏', '刘海山']"
IPO,301295,301295,2021,2021-10-28,"['陈志维', '伍贤春']"
IPO,301295,301295,2022,2022-03-31,"['陈志维', '伍贤春']"
IPO,301295,301295,2023,2023-03-03,"['陈志维', '伍贤春']"
IPO,301296,301296,2017,2017-06-30,"['贾娜', '谭磊']"
IPO,301296,301296,2018,2018-04-13,"['贾娜', '谭磊']"
IPO,301296,301296,2020,2020-09-23,"['纪玉红', '张雪咏', '杨梦曦']"
IPO,301296,301296,2021,2021-03-03,"['纪玉红', '张雪咏', '杨梦曦']"
IPO,301296,301296,2021,2021-10-22,"['纪玉红', '张雪咏']"
IPO,301296,301296,2022,2022-03-30,"['纪玉红', '张雪咏']"
IPO,301296,301296,2022,2022-05-05,"['纪玉红', '张雪咏', '杨梦曦']"
IPO,301297,301297,2021,2021-06-28,"['吕瑛群', '方俊鸣']"
IPO,301297,301297,2022,2022-01-18,"['吕瑛群', '方俊鸣']"
IPO,301298,301298,2020,2020-07-29,"['魏标文', '吴志辉']"
IPO,301298,301298,2021,2021-03-12,"['魏标文', '吴志辉']"
IPO,301298,301298,2022,2022-01-07,"['魏标文', '吴志辉']"
IPO,301299,301299,2019,2019-11-01,"['毕强', '刘玉显']"
IPO,301299,301299,2020,2020-06-30,"['毕强', '刘玉显']"
IPO,301299,301299,2021,2021-03-31,"['毕强', '刘玉显']"
IPO,301299,301299,2022,2022-03-21,"['毕强', '刘玉显']"
IPO,301300,301300,2021,2021-03-03,"['许瑞生', '林鹏展']"
IPO,301300,301300,2022,2022-01-24,"['许瑞生', '林鹏展']"
IPO,301301,301301,2021,2021-08-23,"['弋守川', '宋军']"
IPO,301301,301301,2022,2022-03-22,"['弋守川', '宋军']"
IPO,301302,301302,2017,2017-12-15,"['于长江', '田玉川']"
IPO,301302,301302,2020,2020-10-20,"['于长江', '田玉川']"
IPO,301302,301302,2021,2021-01-08,"['于长江', '田玉川']"
IPO,301302,301302,2022,2022-01-05,"['于长江', '田玉川']"
IPO,301303,301303,2021,2021-06-28,"['汪玉寿', '徐斌', '钱玮']"
IPO,301303,301303,2022,2022-02-17,"['汪玉寿', '徐斌', '钱玮']"
IPO,301305,301305,2021,2021-06-30,"['李联', '刘洁', '何晓明', '苏晓峰', '覃见忠']"
IPO,301305,301305,2022,2022-02-07,"['李联', '刘洁', '何晓明', '苏晓峰', '覃见忠']"
IPO,301305,301305,2023,2023-02-28,"['李联', '刘洁', '何晓明', '苏晓峰', '覃见忠']"
IPO,301305,301305,2023,2023-03-09,"['李联', '刘洁', '何晓明']"
IPO,301306,301306,2021,2021-06-30,"['缪志坚', '周王飞']"
IPO,301306,301306,2022,2022-01-06,"['缪志坚', '周王飞']"
IPO,301307,301307,2021,2021-06-30,"['梁正勇', '王长富']"
IPO,301307,301307,2022,2022-01-04,"['梁正勇', '王长富']"
IPO,301307,301307,2023,2023-02-19,"['梁正勇', '王长富']"
IPO,301308,301308,2021,2021-06-07,"['李剑光', '曾赐花']"
IPO,301308,301308,2022,2022-01-24,"['李剑光', '曾赐花']"
IPO,301309,301309,2021,2021-06-21,"['沈培强', '吴慧']"
IPO,301309,301309,2022,2022-02-14,"['沈培强', '吴慧']"
IPO,301310,301310,2021,2021-11-22,"['赵焕琪', '姚植基']"
IPO,301310,301310,2022,2022-03-29,"['赵焕琪', '姚植基']"
IPO,301310,301310,2023,2023-03-01,"['赵焕琪', '姚植基']"
IPO,301311,301311,2021,2021-06-17,"['吴松林', '王红海', '肖洪波']"
IPO,301311,301311,2022,2022-02-08,"['吴松林', '王红海', '肖洪波']"
IPO,301311,301311,2022,2022-08-29,"['吴松林', '王红海']"
IPO,301312,301312,2021,2021-05-07,"['张骥', '李哲']"
IPO,301312,301312,2022,2022-01-17,"['张骥', '李哲']"
IPO,301313,301313,2020,2020-12-24,"['陈锦棋', '张玉华']"
IPO,301313,301313,2021,2021-01-22,"['陈锦棋', '张玉华']"
IPO,301313,301313,2022,2022-06-17,"['陈锦棋', '张玉华']"
IPO,301314,301314,2021,2021-05-11,"['邓华明', '殷文文', '孙慧敏']"
IPO,301314,301314,2022,2022-01-06,"['邓华明', '孙慧敏', '殷文文']"
IPO,301314,301314,2023,2023-02-18,"['邓华明', '孙慧敏']"
IPO,301315,301315,2015,2015-12-18,"['陈竑', '彭城']"
IPO,301315,301315,2017,2017-05-19,"['陈竑', '彭城']"
IPO,301315,301315,2021,2021-06-28,"['戴金燕', '宋文燕']"
IPO,301315,301315,2022,2022-05-31,"['戴金燕', '宋文燕']"
IPO,301315,301315,2023,2023-03-20,"['戴金燕', '宋文燕']"
IPO,301316,301316,2021,2021-06-30,"['范晓红', '赵书曼']"
IPO,301316,301316,2022,2022-03-09,"['范晓红', '赵书曼']"
IPO,301317,301317,2021,2021-06-04,"['李惠丰', '邓红玉', '刘亚芹']"
IPO,301317,301317,2022,2022-02-23,"['李惠丰', '邓红玉', '刘亚芹']"
IPO,301318,301318,2021,2021-03-15,"['邱俊洲', '程罗铭']"
IPO,301318,301318,2022,2022-01-07,"['邱俊洲', '程罗铭']"
IPO,301319,301319,2021,2021-03-01,"['张磊', '林大坤', '陈志刚']"
IPO,301319,301319,2022,2022-01-10,"['张磊', '林大坤', '陈志刚']"
IPO,301320,301320,2021,2021-06-10,"['任华贵', '潘大亮']"
IPO,301320,301320,2022,2022-04-15,"['任华贵', '潘大亮']"
IPO,301320,301320,2023,2023-03-03,"['任华贵', '潘大亮']"
IPO,301322,301322,2021,2021-05-28,"['刘远帅', '夏富彪']"
IPO,301322,301322,2022,2022-02-25,"['刘远帅', '夏富彪']"
IPO,301322,301322,2023,2023-01-06,"['刘远帅', '夏富彪']"
IPO,301323,301323,2021,2021-06-28,"['张扬', '黄振双', '付振龙']"
IPO,301323,301323,2022,2022-01-12,"['张扬', '黄振双', '付振龙']"
IPO,301323,301323,2023,2023-03-01,"['张扬', '黄振双', '付振龙']"
IPO,301323,301323,2023,2023-03-30,"['张扬', '黄振双', '付振龙', '刘洪亮']"
IPO,301325,301325,2021,2021-06-30,"['李海臣', '张晓玲']"
IPO,301325,301325,2022,2022-01-10,"['李海臣', '张晓玲']"
IPO,301325,301325,2023,2023-02-18,"['李海臣', '张晓玲']"
IPO,301326,301326,2021,2021-05-11,"['闫磊', '王守军']"
IPO,301326,301326,2022,2022-02-23,"['闫磊', '王守军']"
IPO,301327,301327,2021,2021-06-24,"['陈孛', '张银娜']"
IPO,301327,301327,2022,2022-01-05,"['陈孛', '张银娜']"
IPO,301328,301328,2021,2021-06-15,"['綦东钰', '刘肖艳']"
IPO,301328,301328,2022,2022-03-04,"['綦东钰', '刘肖艳']"
IPO,301329,301329,2012,2012-02-27,"['叶金福', '尹佳星']"
IPO,301329,301329,2021,2021-06-30,"['易昌平', '郭鹏飞']"
IPO,301329,301329,2021,2021-11-22,"['叶金福', '王准']"
IPO,301329,301329,2022,2022-03-29,"['叶金福', '王准', '郑珊杉']"
IPO,301329,301329,2023,2023-03-17,"['叶金福', '王准', '郑珊杉']"
IPO,301329,301329,2023,2023-05-08,"['叶金福', '王准', '郑珊杉', '尹佳星']"
IPO,301330,301330,2020,2020-12-16,"['黎明', '徐平', '王冬林']"
IPO,301330,301330,2021,2021-01-14,"['黎明', '徐平', '王冬林']"
IPO,301330,301330,2022,2022-01-29,"['黎明', '徐平', '王冬林']"
IPO,301330,301330,2022,2022-05-05,"['黎明', '徐平']"
IPO,301331,301331,2020,2020-09-30,"['谢宇春', '张小容']"
IPO,301331,301331,2021,2021-01-04,"['谢宇春', '张小容']"
IPO,301331,301331,2022,2022-01-04,"['谢宇春', '张小容']"
IPO,301332,301332,2021,2021-06-22,"['魏标文', '彭宗显']"
IPO,301332,301332,2022,2022-02-10,"['魏标文', '彭宗显']"
IPO,301332,301332,2023,2023-03-01,"['魏标文', '彭宗显']"
IPO,301333,301333,2016,2016-06-24,"['张冲良', '欧阳鹏']"
IPO,301333,301333,2020,2020-07-06,"['董旭', '聂生永']"
IPO,301333,301333,2021,2021-01-07,"['董旭', '聂生永']"
IPO,301333,301333,2022,2022-06-07,"['董旭', '聂生永']"
IPO,301335,301335,2017,2017-06-30,"['黄元喜', '金东伟']"
IPO,301335,301335,2018,2018-01-30,"['黄元喜', '金东伟']"
IPO,301335,301335,2020,2020-07-14,"['宋鑫', '杨攀']"
IPO,301335,301335,2021,2021-01-21,"['宋鑫', '杨攀']"
IPO,301335,301335,2022,2022-03-31,"['宋鑫', '杨攀']"
IPO,301336,301336,2020,2020-07-07,"['谢贤庆', '黄婵娟']"
IPO,301336,301336,2021,2021-02-25,"['谢贤庆', '黄婵娟']"
IPO,301336,301336,2022,2022-03-31,"['谢贤庆', '黄婵娟']"
IPO,301337,301337,2021,2021-06-25,"['汪玉寿', '倪士明', '童波']"
IPO,301337,301337,2022,2022-03-25,"['汪玉寿', '倪士明', '童波']"
IPO,301337,301337,2023,2023-02-23,"['汪玉寿', '倪士明', '童波']"
IPO,301338,301338,2020,2020-11-25,"['陈锦棋', '纪耀钿']"
IPO,301338,301338,2021,2021-06-21,"['陈锦棋', '纪耀钿']"
IPO,301338,301338,2022,2022-03-30,"['陈锦棋', '纪耀钿']"
IPO,301339,301339,2020,2020-11-24,"['陈晓龙', '娄新洁']"
IPO,301339,301339,2021,2021-03-16,"['陈晓龙', '娄新洁']"
IPO,301339,301339,2022,2022-03-28,"['陈晓龙', '娄新洁']"
IPO,301345,301345,2020,2020-07-24,"['姚本霞', '陈慧', '钱仲先', '俞辛文']"
IPO,301345,301345,2021,2021-07-02,"['姚本霞', '陈慧', '钱仲先', '俞辛文']"
IPO,301345,301345,2022,2022-03-30,"['姚本霞', '陈慧', '钱仲先', '俞辛文']"
IPO,301345,301345,2022,2022-11-07,"['姚本霞', '陈慧']"
IPO,301345,301345,2023,2023-01-12,"['姚本霞', '陈慧', '钱仲先', '俞辛文']"
IPO,301348,301348,2020,2020-06-29,"['郭小军', '陈桂生']"
IPO,301348,301348,2021,2021-01-13,"['郭小军', '陈桂生']"
IPO,301348,301348,2021,2021-12-01,"['郭小军', '宁宇妮']"
IPO,301348,301348,2021,2021-12-29,"['康晓阳', '李侠辉', '张狄柠', '张力']"
IPO,301348,301348,2022,2022-03-17,"['郭小军', '宁宇妮']"
IPO,301348,301348,2022,2022-09-07,"['康晓阳', '李侠辉', '张狄柠', '张力']"
IPO,301348,301348,2023,2023-03-23,"['郭小军', '宁宇妮', '陈桂生']"
IPO,301348,301348,2023,2023-05-10,"['康晓阳', '李侠辉', '张狄柠']"
IPO,301349,301349,2020,2020-12-30,"['张小惠', '张健']"
IPO,301349,301349,2021,2021-01-28,"['张小惠', '张健']"
IPO,301349,301349,2022,2022-03-22,"['张小惠', '张健']"
IPO,301353,301353,2021,2021-09-17,"['李春华', '李静', '张勇', '白露']"
IPO,301353,301353,2022,2022-03-31,"['李春华', '李静', '张勇', '白露']"
IPO,301353,301353,2023,2023-02-28,"['李春华', '李静', '张勇', '白露']"
IPO,301353,301353,2023,2023-03-13,"['李春华', '李静']"
IPO,301355,301355,2021,2021-06-10,"['郑丽惠', '蔡斌']"
IPO,301355,301355,2022,2022-03-14,"['郑丽惠', '蔡斌']"
IPO,301355,301355,2023,2023-03-01,"['郑丽惠', '蔡斌']"
IPO,301356,301356,2021,2021-06-30,"['高飞', '许群忠']"
IPO,301356,301356,2021,2021-09-29,"['高飞', '许群忠', '黄舒宇']"
IPO,301356,301356,2022,2022-01-24,"['高飞', '许群忠', '黄舒宇']"
IPO,301357,301357,2021,2021-05-25,"['李振', '汪文锋']"
IPO,301357,301357,2022,2022-03-30,"['李振', '汪文锋']"
IPO,301357,301357,2022,2022-09-28,"['李振', '谢晓柳']"
IPO,301357,301357,2023,2023-02-23,"['李振', '谢晓柳']"
IPO,301357,301357,2023,2023-03-02,"['李振', '汪文锋']"
IPO,301358,301358,2021,2021-09-28,"['赵娇', '刘彩林']"
IPO,301358,301358,2022,2022-01-24,"['赵娇', '刘彩林']"
IPO,301359,301359,2021,2021-06-10,"['陈志维', '沈飞英']"
IPO,301359,301359,2022,2022-03-24,"['陈志维', '沈飞英']"
IPO,301360,301360,2021,2021-06-29,"['游世秋', '沈浩']"
IPO,301360,301360,2022,2022-01-10,"['游世秋', '沈浩']"
IPO,301360,301360,2023,2023-02-18,"['游世秋', '沈浩']"
IPO,301361,301361,2021,2021-06-24,"['孙政军', '赵利红', '王双印', '黄宾']"
IPO,301361,301361,2021,2021-10-10,"['高强', '赵利红', '王双印', '黄宾']"
IPO,301361,301361,2022,2022-03-03,"['高强', '赵利红', '王双印', '黄宾']"
IPO,301361,301361,2022,2022-07-21,"['高强', '赵利红']"
IPO,301362,301362,2020,2020-07-22,"['屈先富', '扶交亮', '王皓东']"
IPO,301362,301362,2021,2021-02-01,"['屈先富', '扶交亮', '王皓东']"
IPO,301362,301362,2022,2022-05-11,"['屈先富', '扶交亮', '王皓东']"
IPO,301362,301362,2023,2023-03-31,"['屈先富', '扶交亮', '王皓东']"
IPO,301363,301363,2021,2021-04-16,"['朱中伟', '丁素军']"
IPO,301363,301363,2022,2022-04-01,"['朱中伟', '丁素军']"
IPO,301365,301365,2021,2021-06-15,"['祁涛', '马玥']"
IPO,301365,301365,2022,2022-02-23,"['祁涛', '马玥']"
IPO,301366,301366,2020,2020-12-30,"['李立影', '李凤']"
IPO,301366,301366,2021,2021-01-28,"['李立影', '李凤']"
IPO,301366,301366,2022,2022-03-31,"['李立影', '李凤']"
IPO,301367,301367,2020,2020-12-31,"['刘绍秋', '高高平', '周重揆', '王振宇']"
IPO,301367,301367,2021,2021-01-29,"['刘绍秋', '高高平', '周重揆', '王振宇']"
IPO,301367,301367,2022,2022-03-07,"['刘绍秋', '高高平', '周重揆', '王振宇']"
IPO,301367,301367,2022,2022-07-22,"['刘绍秋', '高高平']"
IPO,301368,301368,2021,2021-06-30,"['毛晓东', '黄锦洪']"
IPO,301368,301368,2022,2022-03-17,"['毛晓东', '黄锦洪']"
IPO,301369,301369,2020,2020-09-28,"['吴震', '黄志业']"
IPO,301369,301369,2021,2021-01-14,"['吴震', '黄志业']"
IPO,301369,301369,2022,2022-02-08,"['吴震', '黄志业']"
IPO,301370,301370,2017,2017-06-16,"['任一优', '梁轶男']"
IPO,301370,301370,2018,2018-05-15,"['任一优', '梁轶男']"
IPO,301370,301370,2020,2020-07-28,"['任一优', '梁轶男']"
IPO,301370,301370,2021,2021-01-20,"['任一优', '梁轶男']"
IPO,301370,301370,2022,2022-06-28,"['任一优', '梁轶男']"
IPO,301370,301370,2023,2023-03-31,"['任一优', '梁轶男']"
IPO,301371,301371,2021,2021-09-07,"['张瑞', '李政德']"
IPO,301371,301371,2021,2021-09-30,"['许志刚', '张扬', '张大伟']"
IPO,301371,301371,2022,2022-01-26,"['张瑞', '李政德']"
IPO,301371,301371,2022,2022-09-08,"['许志刚', '张扬', '张大伟']"
IPO,301371,301371,2023,2023-03-30,"['张瑞', '李政德']"
IPO,301371,301371,2023,2023-05-24,"['许志刚', '张扬', '张大伟']"
IPO,301372,301372,2021,2021-12-29,"['郭东星', '李嘉宁']"
IPO,301372,301372,2022,2022-01-27,"['郭东星', '李嘉宁']"
IPO,301372,301372,2023,2023-01-04,"['郭东星', '李嘉宁']"
IPO,301373,301373,2020,2020-12-25,"['欧昌献', '段瑞国']"
IPO,301373,301373,2021,2021-01-25,"['欧昌献', '段瑞国']"
IPO,301373,301373,2022,2022-02-23,"['欧昌献', '段瑞国']"
IPO,301376,301376,2021,2021-06-29,"['高建斌', '陈静']"
IPO,301376,301376,2022,2022-01-05,"['高建斌', '陈静']"
IPO,301376,301376,2023,2023-03-17,"['高建斌', '陈静']"
IPO,301377,301377,2021,2021-06-29,"['申军', '闫磊', '王守军', '陈志刚']"
IPO,301377,301377,2022,2022-01-21,"['申军', '闫磊', '王守军', '陈志刚']"
IPO,301377,301377,2022,2022-08-29,"['申军', '闫磊', '王守军']"
IPO,301378,301378,2021,2021-06-30,"['周立新', '何丹']"
IPO,301378,301378,2022,2022-03-31,"['周立新', '何丹']"
IPO,301378,301378,2023,2023-01-12,"['周立新', '何丹']"
IPO,301379,301379,2021,2021-05-21,"['涂蓬芳', '黄魁龙']"
IPO,301379,301379,2022,2022-01-10,"['涂蓬芳', '黄魁龙']"
IPO,301380,301380,2017,2017-05-05,"['洪文伟', '郭小军']"
IPO,301380,301380,2020,2020-04-17,"['肖桂莲', '陈君', '成立卿']"
IPO,301380,301380,2021,2021-02-05,"['肖桂莲', '陈君', '成立卿']"
IPO,301380,301380,2022,2022-03-28,"['肖桂莲', '陈君', '成立卿']"
IPO,301381,301381,2020,2020-12-18,"['陈琼', '石瑶', '宋保军']"
IPO,301381,301381,2021,2021-01-18,"['陈琼', '石瑶', '宋保军']"
IPO,301381,301381,2022,2022-01-14,"['陈琼', '石瑶', '宋保军']"
IPO,301381,301381,2023,2023-02-22,"['陈琼', '石瑶', '宋保军']"
IPO,301381,301381,2023,2023-03-28,"['陈琼', '石瑶']"
IPO,301382,301382,2020,2020-10-28,"['王建华', '郑荣富']"
IPO,301382,301382,2021,2021-01-28,"['王建华', '郑荣富']"
IPO,301382,301382,2022,2022-01-07,"['王建华', '郑荣富']"
IPO,301382,301382,2023,2023-03-01,"['王建华', '郑荣富']"
IPO,301383,301383,2021,2021-12-16,"['黎明', '杨辉斌', '闫磊']"
IPO,301383,301383,2022,2022-01-14,"['黎明', '杨辉斌', '闫磊']"
IPO,301383,301383,2023,2023-03-29,"['黎明', '杨辉斌', '闫磊']"
IPO,301386,301386,2017,2017-07-14,"['杨志平', '徐海锋', '李冬梅', '王永忻']"
IPO,301386,301386,2021,2021-06-30,"['杨峰安', '任明果']"
IPO,301386,301386,2022,2022-03-31,"['杨峰安', '任明果']"
IPO,301387,301387,2021,2021-06-18,"['何海燕', '罗丽容', '李勉']"
IPO,301387,301387,2021,2021-12-29,"['李勉', '何海燕']"
IPO,301387,301387,2022,2022-01-06,"['李勉', '何海燕']"
IPO,301387,301387,2023,2023-02-18,"['李勉', '何海燕']"
IPO,301388,301388,2021,2021-06-30,"['魏琴', '丁伟良', '张栋']"
IPO,301388,301388,2022,2022-03-08,"['魏琴', '丁伟良', '张栋']"
IPO,301389,301389,2021,2021-06-30,"['宛云龙', '洪志国', '吴玉娣']"
IPO,301389,301389,2022,2022-01-05,"['宛云龙', '洪志国', '吴玉娣']"
IPO,301390,301390,2021,2021-12-08,"['曾涛', '高飞']"
IPO,301390,301390,2022,2022-01-04,"['曾涛', '高飞']"
IPO,301390,301390,2023,2023-03-14,"['曾涛', '高飞']"
IPO,301391,301391,2021,2021-08-04,"['邓冬梅', '陈叻治']"
IPO,301391,301391,2022,2022-02-24,"['邓冬梅', '陈叻治']"
IPO,301392,301392,2021,2021-12-28,"['陈链武', '任小超', '梁家堂']"
IPO,301392,301392,2022,2022-01-18,"['陈链武', '任小超', '梁家堂']"
IPO,301392,301392,2023,2023-01-10,"['陈链武', '任小超', '梁家堂']"
IPO,301392,301392,2024,2024-02-02,"['陈链武', '任小超', '梁家堂']"
IPO,301393,301393,2021,2021-12-16,"['贾丽娜', '刘鑫康']"
IPO,301393,301393,2022,2022-01-13,"['贾丽娜', '刘鑫康']"
IPO,301393,301393,2023,2023-02-27,"['贾丽娜', '刘鑫康']"
IPO,301395,301395,2019,2019-06-06,"['廖朝理', '吴瑞玲']"
IPO,301395,301395,2021,2021-04-30,"['廖朝理', '吴瑞玲']"
IPO,301395,301395,2022,2022-03-16,"['廖朝理', '吴瑞玲']"
IPO,301395,301395,2023,2023-03-01,"['廖朝理', '吴瑞玲']"
IPO,301396,301396,2021,2021-06-28,"['胡敏坚', '张凤波']"
IPO,301396,301396,2022,2022-03-03,"['胡敏坚', '张凤波']"
IPO,301397,301397,2021,2021-06-30,"['梁正勇', '王长富']"
IPO,301397,301397,2022,2022-02-18,"['梁正勇', '王长富']"
IPO,301397,301397,2023,2023-03-01,"['梁正勇', '王长富']"
IPO,301398,301398,2020,2020-07-28,"['栾艳鹏', '许沥文', '赵弘玮', '占铁华']"
IPO,301398,301398,2021,2021-01-08,"['栾艳鹏', '许沥文', '赵弘玮', '占铁华']"
IPO,301398,301398,2022,2022-03-31,"['栾艳鹏', '许沥文', '赵弘玮', '占铁华']"
IPO,301398,301398,2022,2022-09-09,"['栾艳鹏', '许沥文', '赵弘玮']"
IPO,301399,301399,2021,2021-05-28,"['闾力华', '袁腾霄']"
IPO,301399,301399,2022,2022-01-04,"['闾力华', '袁腾霄']"
IPO,301399,301399,2023,2023-03-01,"['闾力华', '袁腾霄']"
IPO,301408,301408,2021,2021-05-07,"['陈晓龙', '刘鑫康', '祁祥']"
IPO,301408,301408,2022,2022-02-24,"['陈晓龙', '刘鑫康', '祁祥']"
IPO,301413,301413,2021,2021-05-31,"['吴杰', '付平']"
IPO,301413,301413,2021,2021-06-27,"['曹平生', '程兴', '廖敏', '李运']"
IPO,301413,301413,2022,2022-01-18,"['吴杰', '付平']"
IPO,301413,301413,2022,2022-07-27,"['曹平生', '程兴', '廖敏', '李运']"
IPO,301413,301413,2023,2023-03-30,"['吴杰', '付平']"
IPO,301413,301413,2023,2023-07-28,"['曹平生', '程兴', '廖敏']"
IPO,301418,301418,2019,2019-06-06,"['赵焕琪', '宋斌']"
IPO,301418,301418,2020,2020-04-17,"['孙广友', '宋斌']"
IPO,301418,301418,2020,2020-12-17,"['姜瑞明', '崔白']"
IPO,301418,301418,2021,2021-06-25,"['孙广友', '宋斌']"
IPO,301418,301418,2022,2022-01-25,"['孙广友', '宋斌']"
IPO,301418,301418,2022,2022-03-17,"['侯珊珊', '辜沁']"
IPO,301418,301418,2023,2023-03-27,"['孙广友', '宋斌']"
IPO,301418,301418,2023,2023-05-31,"['姜瑞明', '崔白', '侯珊珊']"
IPO,301419,301419,2017,2017-12-01,"['宋长发', '金旭芳']"
IPO,301419,301419,2020,2020-07-14,"['陈赛红', '李丙仁']"
IPO,301419,301419,2021,2021-03-05,"['陈赛红', '李丙仁']"
IPO,301419,301419,2022,2022-03-30,"['陈赛红', '李丙仁']"
IPO,301421,301421,2021,2021-12-29,"['刘华凯', '曾莉', '黄燕燕']"
IPO,301421,301421,2022,2022-01-27,"['王长平', '李梦舒']"
IPO,301421,301421,2022,2022-04-25,"['刘华凯', '曾莉', '黄燕燕']"
IPO,301421,301421,2023,2023-03-25,"['刘华凯', '曾莉', '黄燕燕']"
IPO,301421,301421,2023,2023-06-08,"['王长平', '李梦舒']"
IPO,301428,301428,2016,2016-06-17,"['李勉', '何海燕']"
IPO,301428,301428,2017,2017-08-11,"['李勉', '何海燕']"
IPO,301428,301428,2020,2020-09-30,"['何海燕', '侯明利']"
IPO,301428,301428,2021,2021-03-28,"['何海燕', '侯明利']"
IPO,301428,301428,2021,2021-12-29,"['何海燕', '游玉江']"
IPO,301428,301428,2022,2022-04-20,"['何海燕', '游玉江']"
IPO,301428,301428,2023,2023-02-23,"['何海燕', '游玉江']"
IPO,301429,301429,2020,2020-09-14,"['宁云', '鲍灵姬', '李淑玮', '张全心', '朱艳', '孙长好']"
IPO,301429,301429,2021,2021-01-08,"['宁云', '鲍灵姬', '李淑玮', '张全心', '朱艳', '孙长好']"
IPO,301429,301429,2022,2022-02-16,"['宁云', '鲍灵姬', '李淑玮', '张全心', '朱艳', '孙长好']"
IPO,301429,301429,2023,2023-02-18,"['宁云', '鲍灵姬', '李淑玮', '张全心', '朱艳', '孙长好']"
IPO,301429,301429,2023,2023-02-27,"['宁云', '鲍灵姬', '李淑玮']"
IPO,301439,301439,2020,2020-12-08,"['蔡浩', '崔广余', '胡霞']"
IPO,301439,301439,2021,2021-01-06,"['蔡浩', '崔广余', '胡霞']"
IPO,301439,301439,2022,2022-01-06,"['蔡浩', '崔广余', '胡霞']"
IPO,301446,301446,2022,2022-06-29,"['刘智清', '孟双', '张诗佳']"
IPO,301446,301446,2023,2023-02-09,"['刘智清', '孟双', '张诗佳']"
IPO,301446,301446,2023,2023-05-11,"['蒋文俊', '王毅']"
IPO,301448,301448,2021,2021-06-29,"['姚丽强', '洪诚琦']"
IPO,301448,301448,2022,2022-03-11,"['姚丽强', '洪诚琦']"
IPO,301448,301448,2023,2023-04-11,"['姚丽强', '洪诚琦']"
IPO,301448,301448,2023,2023-05-17,"['姚丽强', '洪诚琦', '魏琴']"
IPO,301449,301449,2023,2023-06-29,"['刘泽涵', '陈金龙', '周军']"
IPO,301449,301449,2024,2024-03-14,"['刘泽涵', '陈金龙', '周军']"
IPO,301449,301449,2024,2024-06-29,"['龚小寒', '罗爽']"
IPO,301449,301449,2025,2025-06-30,"['龚小寒', '罗爽']"
IPO,301456,301456,2021,2021-06-29,"['吕建幕', '郭金明']"
IPO,301456,301456,2021,2021-07-17,"['李良锁', '陆曙光', '陈媛媛']"
IPO,301456,301456,2022,2022-01-07,"['吕建幕', '郭金明']"
IPO,301456,301456,2022,2022-01-14,"['李良锁', '陆曙光', '陈媛媛']"
IPO,301456,301456,2023,2023-03-30,"['吕建幕', '郭金明']"
IPO,301456,301456,2023,2023-05-30,"['李良锁', '陈媛媛']"
IPO,301458,301458,2022,2022-09-29,"['张飞', '刘露璐']"
IPO,301458,301458,2023,2023-03-24,"['张飞', '刘露璐', '梁健帮', '何国美', '梁映红', '梁珠好', '陈锡平', '梁锡斌', '陈明红', '方毅', '谢钊旭']"
IPO,301458,301458,2024,2024-01-08,"['张飞', '刘露璐', '梁健帮', '何国美', '梁映红', '梁珠好', '陈锡平', '梁锡斌', '陈明红', '方毅', '谢钊旭']"
IPO,301458,301458,2024,2024-10-29,"['陈鹏', '骆沙舟', '纪宇轩']"
IPO,301459,301459,2021,2021-12-21,"['张建新', '汪建维']"
IPO,301459,301459,2022,2022-01-18,"['刘云', '陈玮婧']"
IPO,301459,301459,2022,2022-05-25,"['张建新', '汪建维']"
IPO,301459,301459,2023,2023-04-05,"['张建新', '汪建维']"
IPO,301459,301459,2023,2023-06-15,"['张建新', '汪建维', '许清慧']"
IPO,301459,301459,2023,2023-07-04,"['刘云', '陈玮婧']"
IPO,301468,301468,2021,2021-03-30,"['蔡浩', '甘进崇', '肖强']"
IPO,301468,301468,2021,2021-09-28,"['蔡浩', '甘进崇', '孔俊']"
IPO,301468,301468,2022,2022-01-06,"['蔡浩', '甘进崇', '孔俊']"
IPO,301468,301468,2023,2023-03-31,"['蔡浩', '甘进崇', '孔俊']"
IPO,301469,301469,2017,2017-05-26,"['郭文令', '彭远卓']"
IPO,301469,301469,2021,2021-05-25,"['郭文令', '罗静', '徐宏蕾']"
IPO,301469,301469,2021,2021-06-23,"['朴昱', '黄小雨', '徐致远']"
IPO,301469,301469,2022,2022-03-25,"['郭文令', '罗静', '徐宏蕾']"
IPO,301469,301469,2022,2022-05-27,"['朴昱', '黄小雨', '徐致远']"
IPO,301469,301469,2023,2023-03-31,"['郭文令', '罗静', '徐宏蕾']"
IPO,301469,301469,2023,2023-06-20,"['朴昱', '黄小雨', '徐致远']"
IPO,301479,301479,2023,2023-06-26,"['肖文涛', '卢勇']"
IPO,301479,301479,2024,2024-01-11,"['肖文涛', '卢勇']"
IPO,301486,301486,2021,2021-06-07,"['陈链武', '范丽华']"
IPO,301486,301486,2021,2021-12-28,"['崔永强', '范丽华', '陈链武']"
IPO,301486,301486,2022,2022-01-10,"['崔永强', '范丽华', '陈链武']"
IPO,301486,301486,2023,2023-03-30,"['崔永强', '范丽华', '腾雪莹', '陈链武']"
IPO,301487,301487,2021,2021-12-28,"['王健', '朱晶']"
IPO,301487,301487,2022,2022-01-19,"['杨昕炜', '陈璟依']"
IPO,301487,301487,2022,2022-03-31,"['王健', '朱晶']"
IPO,301487,301487,2023,2023-04-18,"['王健', '朱晶']"
IPO,301487,301487,2023,2023-05-23,"['杨昕炜', '陈璟依']"
IPO,301488,301488,2021,2021-06-29,"['管盛春', '平海鹏']"
IPO,301488,301488,2022,2022-03-30,"['管盛春', '平海鹏']"
IPO,301488,301488,2023,2023-01-13,"['管盛春', '平海鹏']"
IPO,301489,301489,2021,2021-06-29,"['王忠年', '樊江南']"
IPO,301489,301489,2021,2021-07-20,"['李宝梁', '冯向伟']"
IPO,301489,301489,2022,2022-01-14,"['王忠年', '樊江南']"
IPO,301489,301489,2022,2022-09-29,"['李宝梁', '冯向伟']"
IPO,301489,301489,2023,2023-03-31,"['王忠年', '樊江南']"
IPO,301489,301489,2023,2023-06-25,"['李宝梁', '冯向伟']"
IPO,301491,301491,2023,2023-06-30,"['费方华', '胡福健']"
IPO,301491,301491,2024,2024-01-19,"['费方华', '胡福健']"
IPO,301491,301491,2025,2025-03-07,"['费方华', '胡福健']"
IPO,301498,301498,2021,2021-12-29,"['王传邦', '张定坤', '惠鹏', '蒋丽霞']"
IPO,301498,301498,2022,2022-01-22,"['康言', '王恒', '陈章贤']"
IPO,301498,301498,2022,2022-03-31,"['王传邦', '张定坤', '惠鹏', '蒋丽霞']"
IPO,301498,301498,2023,2023-03-22,"['康言', '王恒', '陈章贤']"
IPO,301498,301498,2023,2023-03-27,"['王传邦', '张定坤', '惠鹏', '蒋丽霞']"
IPO,301499,301499,2021,2021-12-31,"['肖峰', '陶碧森', '舒国平', '陈春波']"
IPO,301499,301499,2022,2022-01-24,"['肖峰', '陶碧森', '舒国平', '陈春波']"
IPO,301499,301499,2023,2023-03-27,"['肖峰', '陶碧森', '舒国平', '陈春波']"
IPO,301499,301499,2023,2023-05-18,"['肖峰', '陶碧森']"
IPO,301500,301500,2020,2020-12-17,"['黄声森', '王烁', '赵娟娟']"
IPO,301500,301500,2021,2021-01-15,"['张清伟', '马炜军']"
IPO,301500,301500,2021,2021-06-01,"['黄声森', '王烁', '赵娟娟']"
IPO,301500,301500,2022,2022-06-29,"['黄声森', '王烁', '赵娟娟']"
IPO,301500,301500,2022,2022-09-14,"['张清伟', '马炜军']"
IPO,301500,301500,2023,2023-03-28,"['黄声森', '王烁', '赵娟娟']"
IPO,301500,301500,2023,2023-05-23,"['张清伟', '马炜军']"
IPO,301501,301501,2022,2022-05-19,"['毛伟', '沈童', '凌佳']"
IPO,301501,301501,2023,2023-02-01,"['毛伟', '沈童', '凌佳']"
IPO,301501,301501,2024,2024-12-16,"['毛伟', '沈童', '凌佳']"
IPO,301502,301502,2022,2022-06-20,"['束哲民', '黄林', '王轩']"
IPO,301502,301502,2022,2022-12-12,"['戴文东', '郑华菊', '臧公庆']"
IPO,301502,301502,2023,2023-03-30,"['束哲民', '黄林', '王轩']"
IPO,301502,301502,2023,2023-08-14,"['束哲民', '黄林', '王轩', '曹建军']"
IPO,301502,301502,2023,2023-09-11,"['戴文东', '郑华菊', '臧公庆']"
IPO,301503,301503,2016,2016-05-06,"['王远', '邵桂荣']"
IPO,301503,301503,2017,2017-04-21,"['王远', '邵桂荣']"
IPO,301503,301503,2021,2021-09-30,"['汤家俊', '朱晓红']"
IPO,301503,301503,2021,2021-11-02,"['杨健', '张晓光']"
IPO,301503,301503,2022,2022-03-30,"['汤家俊', '朱晓红']"
IPO,301503,301503,2022,2022-09-15,"['杨健', '张晓光', '杨旭']"
IPO,301503,301503,2023,2023-03-31,"['汤家俊', '朱晓红']"
IPO,301503,301503,2023,2023-05-24,"['杨健', '张晓光']"
IPO,301505,301505,2017,2017-07-14,"['朱伟', '刘贵能']"
IPO,301505,301505,2018,2018-04-09,"['朱伟', '刘贵能']"
IPO,301505,301505,2021,2021-12-31,"['陈晓龙', '娄新洁', '韩鹏卓']"
IPO,301505,301505,2022,2022-01-25,"['陈晓龙', '娄新洁', '韩鹏卓']"
IPO,301505,301505,2022,2022-03-31,"['娄新洁', '韩鹏卓']"
IPO,301505,301505,2023,2023-01-11,"['娄新洁', '韩鹏卓']"
IPO,301507,301507,2021,2021-12-31,"['林鹏飞', '唐谷', '苏展']"
IPO,301507,301507,2022,2022-01-22,"['王侃', '孙敏虎', '蓝锡霞']"
IPO,301507,301507,2022,2022-06-06,"['林鹏飞', '唐谷', '苏展']"
IPO,301507,301507,2023,2023-04-13,"['林鹏飞', '唐谷', '苏展']"
IPO,301507,301507,2023,2023-06-01,"['王侃', '孙敏虎', '蓝锡霞']"
IPO,301508,301508,2022,2022-05-13,"['张昆', '曲爽晴']"
IPO,301508,301508,2022,2022-11-11,"['尉建锋', '于绪刚', '陈阳', '修瑞']"
IPO,301508,301508,2023,2023-03-24,"['张昆', '曲爽晴']"
IPO,301508,301508,2023,2023-07-05,"['尉建锋', '于绪刚', '陈阳']"
IPO,301509,301509,2021,2021-12-23,"['章晓亮', '范伯羽']"
IPO,301509,301509,2022,2022-01-18,"['章晓亮', '范伯羽']"
IPO,301509,301509,2023,2023-03-29,"['章晓亮', '范伯羽']"
IPO,301510,301510,2021,2021-12-15,"['綦东钰', '曾薪羽']"
IPO,301510,301510,2022,2022-01-12,"['綦东钰', '曾薪羽']"
IPO,301510,301510,2023,2023-01-06,"['綦东钰', '曾薪羽']"
IPO,301511,301511,2021,2021-12-10,"['李进', '张年军']"
IPO,301511,301511,2022,2022-01-09,"['杨振华', '单颖之', '宋方成']"
IPO,301511,301511,2022,2022-04-21,"['李进', '张年军']"
IPO,301511,301511,2023,2023-05-19,"['李进', '张年军']"
IPO,301511,301511,2023,2023-06-05,"['杨振华', '单颖之', '宋方成']"
IPO,301512,301512,2021,2021-12-13,"['王伟青', '何永']"
IPO,301512,301512,2022,2022-01-08,"['冯成亮', '邹晓冬', '王霏霏']"
IPO,301512,301512,2022,2022-03-16,"['王伟青', '何永']"
IPO,301512,301512,2023,2023-04-25,"['王伟青', '何永']"
IPO,301512,301512,2023,2023-05-29,"['冯成亮', '邹晓冬', '王霏霏']"
IPO,301513,301513,2023,2023-06-30,"['许育荪', '吴晓辉', '薛建兵']"
IPO,301513,301513,2024,2024-06-11,"['许育荪', '吴晓辉', '薛建兵']"
IPO,301513,301513,2025,2025-06-19,"['许育荪', '吴晓辉', '薛建兵']"
IPO,301513,301513,2025,2025-07-03,"['许育荪', '薛建兵']"
IPO,301513,301513,2026,2026-01-14,"['许育荪', '薛建兵']"
IPO,301515,301515,2015,2015-06-26,"['张冲良', '李向凌', '伍志超', '向辉']"
IPO,301515,301515,2017,2017-04-28,"['张冲良', '李向凌', '伍志超', '向辉']"
IPO,301515,301515,2021,2021-12-20,"['雷鸿', '刘志永', '伍志超']"
IPO,301515,301515,2022,2022-01-10,"['雷鸿', '刘志永', '伍志超']"
IPO,301515,301515,2023,2023-03-30,"['雷鸿', '刘志永', '伍志超']"
IPO,301515,301515,2023,2023-05-18,"['雷鸿', '刘志永']"
IPO,301516,301516,2020,2020-09-28,"['龙湖川', '卢伟胜']"
IPO,301516,301516,2021,2021-03-29,"['龙湖川', '卢伟胜']"
IPO,301516,301516,2022,2022-01-17,"['吴姝君', '刘晓光']"
IPO,301516,301516,2022,2022-06-29,"['龙湖川', '卢伟胜']"
IPO,301516,301516,2023,2023-05-22,"['龙湖川', '卢伟胜']"
IPO,301516,301516,2023,2023-07-12,"['吴姝君', '刘晓光']"
IPO,301517,301517,2013,2013-04-03,"['黄丽琼', '任军强']"
IPO,301517,301517,2021,2021-12-14,"['黄丽琼', '赵鑫']"
IPO,301517,301517,2022,2022-01-12,"['张宏远', '王嘉欣', '张培']"
IPO,301517,301517,2022,2022-05-11,"['黄丽琼', '赵鑫']"
IPO,301517,301517,2023,2023-03-31,"['黄丽琼', '赵鑫']"
IPO,301517,301517,2023,2023-06-17,"['张宏远', '王嘉欣', '张培']"
IPO,301518,301518,2017,2017-12-29,"['陈黎', '周月华']"
IPO,301518,301518,2018,2018-09-29,"['陈黎', '周月华']"
IPO,301518,301518,2022,2022-02-08,"['唐国骏', '冯晨晨']"
IPO,301518,301518,2022,2022-03-04,"['何年生', '颜强', '袁成']"
IPO,301518,301518,2023,2023-03-30,"['唐国骏', '冯晨晨']"
IPO,301518,301518,2023,2023-05-05,"['唐国骏', '冯晨晨', '陈黎', '周月华']"
IPO,301518,301518,2023,2023-05-18,"['何年生', '颜强', '袁成']"
IPO,301519,301519,2021,2021-06-24,"['黄敬臣', '熊延森']"
IPO,301519,301519,2022,2022-03-29,"['黄敬臣', '熊延森']"
IPO,301519,301519,2023,2023-03-31,"['黄敬臣', '熊延森']"
IPO,301520,301520,2021,2021-09-30,"['毛伟', '冯炬', '方冰']"
IPO,301520,301520,2022,2022-03-10,"['毛伟', '冯炬', '方冰']"
IPO,301520,301520,2023,2023-05-26,"['毛伟', '冯炬', '方冰']"
IPO,301522,301522,2022,2022-06-29,"['郭顺玺', '王贤']"
IPO,301522,301522,2023,2023-02-15,"['郭顺玺', '王贤']"
IPO,301522,301522,2024,2024-06-07,"['郭顺玺', '王贤']"
IPO,301525,301525,2021,2021-12-09,"['郭文令', '罗静', '洪海莉']"
IPO,301525,301525,2022,2022-01-06,"['沈宏山', '吴晓霞']"
IPO,301525,301525,2022,2022-05-25,"['郭文令', '罗静', '洪海莉']"
IPO,301525,301525,2023,2023-03-30,"['郭文令', '罗静', '洪海莉']"
IPO,301525,301525,2023,2023-06-06,"['沈宏山', '吴晓霞']"
IPO,301526,301526,2021,2021-06-30,"['李青龙', '刘静亚', '方自维', '杨帆']"
IPO,301526,301526,2022,2022-02-22,"['李青龙', '刘静亚', '方自维', '杨帆']"
IPO,301526,301526,2023,2023-05-09,"['李青龙', '刘静亚', '方自维', '杨帆']"
IPO,301526,301526,2023,2023-07-06,"['张小满', '陈慧']"
IPO,301528,301528,2021,2021-11-17,"['汤加全', '管恒鑫']"
IPO,301528,301528,2021,2021-12-15,"['金益亭', '陈炜', '代津溪']"
IPO,301528,301528,2022,2022-02-18,"['汤加全', '管恒鑫']"
IPO,301528,301528,2022,2022-10-28,"['金益亭', '陈炜', '余欣玥']"
IPO,301528,301528,2023,2023-03-30,"['汤加全', '管恒鑫']"
IPO,301528,301528,2023,2023-05-31,"['汤加全', '管恒鑫', '金炜']"
IPO,301528,301528,2023,2023-06-08,"['金益亭', '陈炜', '余欣玥']"
IPO,301529,301529,2022,2022-01-28,"['黄晓奇', '梁子见', '刘林泉']"
IPO,301529,301529,2022,2022-03-02,"['张优悠', '张颖', '谢辉']"
IPO,301529,301529,2023,2023-03-24,"['黄晓奇', '梁子见', '刘林泉', '郑磊', '汪健', '储阳玲']"
IPO,301529,301529,2023,2023-06-08,"['张优悠', '张颖', '谢辉']"
IPO,301531,301531,2025,2025-06-17,"['闫磊', '刘冰', '张崇']"
IPO,301531,301531,2025,2025-09-30,"['闫磊', '刘冰']"
IPO,301531,301531,2026,2026-01-20,"['闫磊', '刘冰', '张崇']"
IPO,301531,301531,2026,2026-02-05,"['闫磊', '刘冰']"
IPO,301533,301533,2021,2021-12-31,"['弋守川', '宋军']"
IPO,301533,301533,2022,2022-01-24,"['陈益文', '刘佳', '李艳华']"
IPO,301533,301533,2022,2022-06-17,"['弋守川', '宋军']"
IPO,301533,301533,2023,2023-03-31,"['弋守川', '宋军']"
IPO,301533,301533,2023,2023-05-19,"['弋守川', '宋军', '唐明']"
IPO,301533,301533,2023,2023-06-01,"['陈益文', '刘佳', '李艳华']"
IPO,301535,301535,2022,2022-04-15,"['黄继佳', '朱杰']"
IPO,301535,301535,2023,2023-01-04,"['黄继佳', '朱杰']"
IPO,301535,301535,2024,2024-12-23,"['黄继佳', '朱杰']"
IPO,301535,301535,2025,2025-01-06,"['黄继佳', '朱杰']"
IPO,301536,301536,2022,2022-06-23,"['符俊', '周海莉', '姚炜']"
IPO,301536,301536,2022,2022-12-16,"['周璇', '林文博', '周晓慧']"
IPO,301536,301536,2023,2023-03-31,"['符俊', '周海莉', '姚炜']"
IPO,301536,301536,2023,2023-08-11,"['符俊', '张新娜', '姚炜']"
IPO,301536,301536,2023,2023-08-30,"['周璇', '林文博', '周晓慧']"
IPO,301538,301538,2022,2022-05-26,"['叶涵', '雷丽娜']"
IPO,301538,301538,2022,2022-12-01,"['欧阳方亮', '林煜鹏', '袁海钧', '李成娇']"
IPO,301538,301538,2023,2023-03-30,"['叶涵', '雷丽娜']"
IPO,301538,301538,2023,2023-08-21,"['欧阳方亮', '林煜鹏', '袁海钧']"
IPO,301539,301539,2022,2022-04-22,"['潘晶晶', '项巍巍']"
IPO,301539,301539,2022,2022-12-01,"['马茜芝', '孙雨顺', '金伟影']"
IPO,301539,301539,2023,2023-03-27,"['潘晶晶', '项巍巍']"
IPO,301539,301539,2023,2023-09-04,"['马茜芝', '孙雨顺', '金伟影']"
IPO,301539,301539,2024,2024-01-10,"['潘晶晶', '项巍巍']"
IPO,301548,301548,2021,2021-12-28,"['刘利亚', '易幕丽']"
IPO,301548,301548,2022,2022-01-20,"['丁少波', '陈金山', '徐樱', '吴娟', '廖培羽']"
IPO,301548,301548,2022,2022-06-06,"['刘利亚', '易幕丽']"
IPO,301548,301548,2022,2022-09-21,"['丁少波', '陈金山', '徐樱', '吴娟']"
IPO,301548,301548,2023,2023-05-26,"['刘利亚', '易幕丽', '严芬']"
IPO,301548,301548,2023,2023-06-08,"['陈金山', '徐樱', '吴娟']"
IPO,301550,301550,2021,2021-12-31,"['丁锡锋', '徐希正', '严善明', '葛亮']"
IPO,301550,301550,2022,2022-02-23,"['梁瑾', '叶远迪']"
IPO,301550,301550,2022,2022-05-26,"['丁锡锋', '徐希正', '严善明', '葛亮']"
IPO,301550,301550,2023,2023-03-29,"['丁锡锋', '徐希正', '严善明', '葛亮']"
IPO,301550,301550,2023,2023-06-08,"['梁瑾', '叶远迪']"
IPO,301551,301551,2021,2021-06-21,"['曹阳', '王娟']"
IPO,301551,301551,2022,2022-03-31,"['曹阳', '王娟']"
IPO,301551,301551,2023,2023-03-30,"['曹阳', '王娟']"
IPO,301551,301551,2024,2024-05-20,"['曹阳', '王娟']"
IPO,301552,301552,2022,2022-05-26,"['胡永波', '钱星一']"
IPO,301552,301552,2023,2023-01-05,"['胡永波', '钱星一']"
IPO,301552,301552,2024,2024-01-29,"['胡永波', '钱星一']"
IPO,301555,301555,2021,2021-06-30,"['姚辉', '程月敏', '徐青']"
IPO,301555,301555,2021,2021-07-28,"['王恩顺', '陈镭', '宋琳琳', '杨礼中']"
IPO,301555,301555,2022,2022-02-28,"['姚辉', '程月敏', '徐青']"
IPO,301555,301555,2022,2022-11-24,"['王恩顺', '陈镭', '宋琳琳', '杨礼中']"
IPO,301555,301555,2023,2023-06-26,"['姚辉', '程月敏', '徐青']"
IPO,301555,301555,2023,2023-07-11,"['王恩顺', '陈镭', '杨礼中']"
IPO,301556,301556,2022,2022-06-24,"['陈小金', '鲍杨军']"
IPO,301556,301556,2023,2023-01-06,"['陈小金', '鲍杨军']"
IPO,301556,301556,2024,2024-06-29,"['陈小金', '鲍杨军']"
IPO,301557,301557,2022,2022-06-27,"['王娜', '鲁李']"
IPO,301557,301557,2023,2023-02-24,"['王娜', '鲁李']"
IPO,301557,301557,2024,2024-12-02,"['王娜', '鲁李']"
IPO,301558,301558,2021,2021-06-30,"['任晓英', '刘海曼']"
IPO,301558,301558,2021,2021-07-23,"['郎元鹏', '李国庆']"
IPO,301558,301558,2022,2022-01-05,"['任晓英', '刘海曼']"
IPO,301558,301558,2022,2022-08-30,"['郎元鹏', '李国庆']"
IPO,301558,301558,2023,2023-04-25,"['任晓英', '刘海曼']"
IPO,301558,301558,2023,2023-05-31,"['郎元鹏', '李国庆']"
IPO,301559,301559,2021,2021-12-30,"['杨端平', '李虹']"
IPO,301559,301559,2022,2022-02-21,"['刘东亚', '姚磊']"
IPO,301559,301559,2022,2022-06-24,"['杨端平', '李虹']"
IPO,301559,301559,2023,2023-06-02,"['杨端平', '李虹']"
IPO,301559,301559,2023,2023-06-17,"['刘东亚', '姚磊']"
IPO,301560,301560,2022,2022-06-30,"['刘勇', '王占先', '陈智辉', '王彩霞']"
IPO,301560,301560,2023,2023-01-08,"['刘勇', '王占先', '陈智辉', '王彩霞']"
IPO,301560,301560,2025,2025-02-11,"['刘勇', '王占先', '陈智辉', '王彩霞']"
IPO,301560,301560,2025,2025-02-18,"['刘勇', '王占先']"
IPO,301563,301563,2021,2021-12-29,"['许瑞生', '郭毅辉', '杨吻玉']"
IPO,301563,301563,2022,2022-01-26,"['许瑞生', '郭毅辉', '杨吻玉']"
IPO,301563,301563,2023,2023-01-16,"['许瑞生', '郭毅辉', '杨吻玉']"
IPO,301563,301563,2025,2025-03-14,"['许瑞生', '郭毅辉', '杨吻玉']"
IPO,301565,301565,2022,2022-05-25,"['熊建益', '许瑞生', '郑伟平']"
IPO,301565,301565,2023,2023-03-29,"['熊建益', '许瑞生', '郑伟平']"
IPO,301565,301565,2024,2024-01-05,"['熊建益', '许瑞生', '郑伟平']"
IPO,301566,301566,2021,2021-06-25,"['胡友邻', '肖兰']"
IPO,301566,301566,2021,2021-07-18,"['王长平', '仇天旸']"
IPO,301566,301566,2022,2022-05-04,"['胡友邻', '肖兰']"
IPO,301566,301566,2022,2022-11-11,"['王长平', '仇天旸']"
IPO,301566,301566,2023,2023-05-22,"['胡友邻', '肖兰']"
IPO,301566,301566,2023,2023-08-23,"['王长平', '仇天旸']"
IPO,301567,301567,2021,2021-06-18,"['洪烨', '朱伟']"
IPO,301567,301567,2021,2021-07-15,"['甘为民', '王维', '肖佳佳']"
IPO,301567,301567,2022,2022-03-02,"['洪烨', '朱伟']"
IPO,301567,301567,2022,2022-08-30,"['甘为民', '王维', '肖佳佳']"
IPO,301567,301567,2023,2023-01-30,"['洪烨', '朱伟']"
IPO,301567,301567,2023,2023-08-02,"['王维', '肖佳佳']"
IPO,301568,301568,2022,2022-05-05,"['胡素萍', '林志忠', '邱伟杰']"
IPO,301568,301568,2022,2022-11-18,"['何云霞', '冯玫']"
IPO,301568,301568,2023,2023-03-30,"['胡素萍', '林志忠', '邱伟杰']"
IPO,301568,301568,2023,2023-07-12,"['何云霞', '冯玫']"
IPO,301571,301571,2022,2022-06-10,"['韩瑞红', '李红霞']"
IPO,301571,301571,2023,2023-01-05,"['韩瑞红', '李红霞']"
IPO,301571,301571,2024,2024-05-27,"['韩瑞红', '李红霞']"
IPO,301575,301575,2020,2020-08-31,"['许松飞', '张晓燕']"
IPO,301575,301575,2022,2022-06-20,"['滕忠诚', '祁振东']"
IPO,301575,301575,2023,2023-02-03,"['滕忠诚', '祁振东']"
IPO,301575,301575,2025,2025-05-26,"['童苗根', '崔健', '胡进福']"
IPO,301577,301577,2021,2021-12-30,"['高虹', '舒志成', '罗寿华']"
IPO,301577,301577,2022,2022-01-28,"['陈益文', '刘佳', '袁晓琳']"
IPO,301577,301577,2022,2022-04-29,"['高虹', '舒志成', '罗寿华']"
IPO,301577,301577,2023,2023-03-31,"['高虹', '舒志成', '罗寿华']"
IPO,301577,301577,2023,2023-12-06,"['陈益文', '刘佳', '袁晓琳']"
IPO,301578,301578,2021,2021-12-31,"['付忠伟', '杨艳']"
IPO,301578,301578,2022,2022-01-28,"['方啸中', '李航', '吴芷茵']"
IPO,301578,301578,2022,2022-07-14,"['付忠伟', '杨艳']"
IPO,301578,301578,2022,2022-11-18,"['方啸中', '吴芷茵']"
IPO,301578,301578,2023,2023-03-31,"['付忠伟', '杨艳']"
IPO,301578,301578,2023,2023-06-26,"['付忠伟', '杨艳', '崔岩']"
IPO,301578,301578,2023,2023-07-06,"['方啸中', '李航', '吴芷茵']"
IPO,301580,301580,2022,2022-04-07,"['郑纪安', '李平', '王世民']"
IPO,301580,301580,2023,2023-03-31,"['郑纪安', '李平', '王世民']"
IPO,301581,301581,2023,2023-05-08,"['刘钧', '袁德章', '郭和珍', '王宏']"
IPO,301581,301581,2024,2024-01-22,"['刘钧', '袁德章', '郭和珍', '王宏']"
IPO,301581,301581,2024,2024-11-06,"['刘钧', '袁德章', '郭和珍']"
IPO,301583,301583,2025,2025-12-23,"['朱海平', '张冀申', '吴金婉']"
IPO,301583,301583,2026,2026-01-01,"['朱海平', '张冀申', '吴金婉']"
IPO,301584,301584,2022,2022-06-29,"['陈芳', '郭毅辉', '曾晓玲']"
IPO,301584,301584,2023,2023-03-17,"['陈芳', '郭毅辉', '曾晓玲']"
IPO,301584,301584,2025,2025-06-13,"['陈芳', '郭毅辉', '曾晓玲']"
IPO,301585,301585,2022,2022-09-30,"['银雪姣', '王佶恺']"
IPO,301585,301585,2023,2023-03-29,"['银雪姣', '王佶恺', '黄元喜', '宋鑫']"
IPO,301585,301585,2024,2024-03-29,"['银雪姣', '王佶恺', '黄元喜', '宋鑫']"
IPO,301585,301585,2024,2024-08-12,"['银雪姣', '王佶恺']"
IPO,301586,301586,2022,2022-05-31,"['刘海山', '宋维聪']"
IPO,301586,301586,2023,2023-03-31,"['刘海山', '宋维聪']"
IPO,301586,301586,2023,2023-08-18,"['刘海山', '宋维聪', '刘红志']"
IPO,301587,301587,2019,2019-06-28,"['田业阳', '陈振伟']"
IPO,301587,301587,2020,2020-07-02,"['田业阳', '陈振伟']"
IPO,301587,301587,2020,2020-07-15,"['臧欣', '成威']"
IPO,301587,301587,2021,2021-01-13,"['臧欣', '成威']"
IPO,301587,301587,2022,2022-06-29,"['陈振伟', '汤亚']"
IPO,301587,301587,2023,2023-03-30,"['陈振伟', '汤亚']"
IPO,301587,301587,2023,2023-08-28,"['陈振伟', '汤亚', '陈长元', '沈雯', '田业阳']"
IPO,301588,301588,2022,2022-03-31,"['高红', '何华博']"
IPO,301588,301588,2022,2022-11-25,"['彭瑶', '李德齐']"
IPO,301588,301588,2023,2023-04-28,"['高红', '何华博']"
IPO,301588,301588,2023,2023-08-21,"['彭瑶', '李德齐']"
IPO,301589,301589,2021,2021-12-27,"['姜纯友', '桑东雪', '陈婷婷']"
IPO,301589,301589,2022,2022-01-24,"['孙勇', '高照']"
IPO,301589,301589,2022,2022-04-18,"['姜纯友', '桑东雪', '陈婷婷']"
IPO,301589,301589,2023,2023-01-06,"['姜纯友', '桑东雪', '陈婷婷']"
IPO,301589,301589,2023,2023-03-22,"['孙勇', '高照']"
IPO,301590,301590,2022,2022-12-15,"['黄声森', '赵娟娟']"
IPO,301590,301590,2023,2023-01-11,"['黄声森', '赵娟娟']"
IPO,301590,301590,2025,2025-02-26,"['黄声森', '赵娟娟']"
IPO,301591,301591,2017,2017-10-13,"['朱佑敏', '王震']"
IPO,301591,301591,2022,2022-06-07,"['王震', '谢振伟', '朱佑敏']"
IPO,301591,301591,2022,2022-12-01,"['景忠', '王卓', '潘希']"
IPO,301591,301591,2023,2023-03-24,"['王震', '谢振伟', '朱佑敏']"
IPO,301591,301591,2023,2023-08-24,"['景忠', '王卓', '潘希']"
IPO,301592,301592,2022,2022-06-28,"['罗晓龙', '胡宏伟', '田娟']"
IPO,301592,301592,2023,2023-01-16,"['罗晓龙', '胡宏伟', '田娟']"
IPO,301592,301592,2024,2024-07-15,"['罗晓龙', '胡宏伟', '田娟']"
IPO,301595,301595,2022,2022-12-27,"['黄声森', '蒋晓明']"
IPO,301595,301595,2023,2023-01-20,"['黄声森', '蒋晓明']"
IPO,301595,301595,2025,2025-02-12,"['黄声森', '蒋晓明']"
IPO,301596,301596,2022,2022-06-10,"['李夕甫', '徐年贵']"
IPO,301596,301596,2023,2023-01-05,"['李夕甫', '徐年贵']"
IPO,301596,301596,2024,2024-01-22,"['李夕甫', '徐年贵', '汪孝东']"
IPO,301596,301596,2024,2024-02-01,"['李夕甫', '徐年贵']"
IPO,301598,301598,2022,2022-04-21,"['廖金辉', '蔡如笑', '王世民', '赵小微', '杨载波']"
IPO,301598,301598,2023,2023-04-13,"['廖金辉', '蔡如笑', '王世民', '赵小微', '杨载波']"
IPO,301598,301598,2024,2024-08-26,"['廖金辉', '蔡如笑', '王世民', '赵小微', '杨载波']"
IPO,301598,301598,2024,2024-09-18,"['李萍', '孙志芹', '孙美莉']"
IPO,301599,301599,2025,2025-06-26,"['何林飞', '李宗韡']"
IPO,301599,301599,2026,2026-01-13,"['何林飞', '李宗韡']"
IPO,301600,301600,2020,2020-04-08,"['胡素萍', '李春梅']"
IPO,301600,301600,2022,2022-07-15,"['胡素萍', '李春梅', '王铸琳']"
IPO,301600,301600,2023,2023-02-16,"['胡素萍', '李春梅', '王铸琳']"
IPO,301600,301600,2024,2024-05-27,"['胡素萍', '李春梅', '王铸琳']"
IPO,301601,301601,2022,2022-06-17,"['蔡卫华', '杨磊', '王卫东', '邹强']"
IPO,301601,301601,2023,2023-01-10,"['蔡卫华', '杨磊', '王卫东', '邹强']"
IPO,301601,301601,2024,2024-09-30,"['贾丽娜', '杨磊', '蔡卫华', '王卫东', '邹强']"
IPO,301601,301601,2024,2024-10-23,"['贾丽娜', '杨磊', '蔡卫华']"
IPO,301602,301602,2022,2022-06-15,"['郭小军', '史慧颖']"
IPO,301602,301602,2022,2022-09-23,"['郭小军', '史慧颖', '陈桂生']"
IPO,301602,301602,2023,2023-01-06,"['郭小军', '史慧颖', '陈桂生']"
IPO,301602,301602,2023,2023-03-17,"['周姗姗', '郭佳', '钟成龙']"
IPO,301602,301602,2024,2024-09-29,"['郭小军', '史慧颖', '陈桂生']"
IPO,301602,301602,2024,2024-10-10,"['周姗姗', '郭佳', '钟成龙']"
IPO,301603,301603,2022,2022-06-21,"['崔永强', '朱爱银']"
IPO,301603,301603,2023,2023-01-06,"['崔永强', '朱爱银']"
IPO,301603,301603,2024,2024-04-16,"['崔永强', '朱爱银']"
IPO,301603,301603,2024,2024-04-17,"['崔永强', '朱爱银', '李珊']"
IPO,301606,301606,2022,2022-06-02,"['任晓英', '刘海曼', '杨三生']"
IPO,301606,301606,2023,2023-01-06,"['任晓英', '刘海曼', '杨三生']"
IPO,301606,301606,2024,2024-02-26,"['任晓英', '刘海曼', '杨三生']"
IPO,301607,301607,2022,2022-06-16,"['尉建清', '周王飞', '王国海', '缪志坚']"
IPO,301607,301607,2023,2023-01-03,"['尉建清', '周王飞', '王国海', '缪志坚']"
IPO,301607,301607,2023,2023-10-09,"['尉建清', '周王飞', '缪志坚']"
IPO,301607,301607,2023,2023-10-20,"['尉建清', '周王飞']"
IPO,301608,301608,2022,2022-05-19,"['张媛媛', '陈泽丰']"
IPO,301608,301608,2023,2023-01-10,"['张媛媛', '陈泽丰']"
IPO,301609,301609,2023,2023-06-28,"['黄敬臣', '冯屹巍']"
IPO,301609,301609,2024,2024-01-11,"['黄敬臣', '冯屹巍']"
IPO,301609,301609,2025,2025-03-20,"['黄敬臣', '冯屹巍']"
IPO,301611,301611,2022,2022-06-29,"['钱进', '臧成琪']"
IPO,301611,301611,2023,2023-01-03,"['钱进', '臧成琪']"
IPO,301611,301611,2023,2023-04-03,"['钱进', '臧成琪', '靳军', '李松']"
IPO,301611,301611,2024,2024-04-12,"['钱进', '臧成琪', '靳军', '李松']"
IPO,301611,301611,2024,2024-04-23,"['钱进', '臧成琪']"
IPO,301613,301613,2022,2022-12-28,"['张金华', '王二华']"
IPO,301613,301613,2023,2023-01-21,"['张金华', '王二华']"
IPO,301613,301613,2024,2024-06-14,"['张金华', '王二华']"
IPO,301616,301616,2022,2022-05-30,"['何降星', '张景辉']"
IPO,301616,301616,2023,2023-01-16,"['何降星', '张景辉']"
IPO,301616,301616,2024,2024-12-30,"['何降星', '张景辉']"
IPO,301616,301616,2025,2025-01-16,"['何降星', '张景辉']"
IPO,301617,301617,2022,2022-06-17,"['吴慧', '戚铁桥']"
IPO,301617,301617,2023,2023-01-06,"['吴慧', '戚铁桥']"
IPO,301617,301617,2023,2023-01-13,"['柴雪莹', '薛洁琼']"
IPO,301617,301617,2024,2024-03-04,"['吴慧', '戚铁桥']"
IPO,301617,301617,2024,2024-10-15,"['柴雪莹', '薛洁琼']"
IPO,301618,301618,2022,2022-06-28,"['贺春海', '温龙标', '杨劼', '张洪富']"
IPO,301618,301618,2023,2023-01-04,"['贺春海', '温龙标', '杨劼', '张洪富']"
IPO,301618,301618,2024,2024-04-28,"['贺春海', '温龙标', '杨劼', '张洪富']"
IPO,301618,301618,2024,2024-05-11,"['贺春海', '温龙标']"
IPO,301622,301622,2022,2022-09-20,"['熊明峰', '张林清', '岳冬伟']"
IPO,301622,301622,2023,2023-03-17,"['熊明峰', '张林清', '岳冬伟']"
IPO,301622,301622,2023,2023-08-17,"['姚佳', '李聪']"
IPO,301622,301622,2024,2024-09-23,"['熊明峰', '张林清', '岳冬伟']"
IPO,301622,301622,2024,2024-09-30,"['姚佳', '李聪']"
IPO,301626,301626,2022,2022-06-16,"['刘勇', '伊君莉']"
IPO,301626,301626,2023,2023-01-11,"['刘勇', '伊君莉']"
IPO,301626,301626,2024,2024-03-12,"['刘勇', '伊君莉']"
IPO,301628,301628,2022,2022-06-21,"['李勉', '熊树蓉', '李娜']"
IPO,301628,301628,2023,2023-01-20,"['李勉', '熊树蓉', '李娜']"
IPO,301628,301628,2024,2024-03-30,"['李勉', '熊树蓉', '李娜']"
IPO,301629,301629,2022,2022-06-01,"['莫伟', '田慧先']"
IPO,301629,301629,2023,2023-01-06,"['莫伟', '田慧先']"
IPO,301629,301629,2025,2025-01-13,"['陈谋林', '索立松', '柳轶民']"
IPO,301630,301630,2022,2022-06-28,"['沈重', '何双', '朱晓宇']"
IPO,301630,301630,2023,2023-01-17,"['沈重', '何双', '朱晓宇']"
IPO,301630,301630,2025,2025-04-14,"['沈重', '何双', '朱晓宇', '邓传洲']"
IPO,301630,301630,2025,2025-04-23,"['沈重', '何双', '朱晓宇']"
IPO,301631,301631,2022,2022-06-20,"['蔡浩', '甘进崇', '陈超然']"
IPO,301631,301631,2023,2023-01-09,"['蔡浩', '甘进崇', '陈超然']"
IPO,301631,301631,2023,2023-03-31,"['蔡浩', '甘进崇', '陈超然', '桂迎']"
IPO,301631,301631,2024,2024-07-22,"['蔡浩', '甘进崇', '陈超然', '桂迎']"
IPO,301631,301631,2024,2024-07-30,"['蔡浩', '甘进崇', '陈超然']"
IPO,301632,301632,2021,2021-12-30,"['张之祥', '姜干', '肖翔']"
IPO,301632,301632,2022,2022-02-23,"['张之祥', '姜干', '肖翔']"
IPO,301632,301632,2023,2023-03-28,"['张之祥', '姜干', '肖翔']"
IPO,301632,301632,2025,2025-06-03,"['张之祥', '姜干', '肖翔']"
IPO,301633,301633,2023,2023-06-21,"['章天赐', '张晓丹', '黄志恒']"
IPO,301633,301633,2024,2024-01-05,"['章天赐', '张晓丹', '黄志恒']"
IPO,301633,301633,2024,2024-08-23,"['章天赐', '张晓丹']"
IPO,301636,301636,2023,2023-05-31,"['秦劲力', '朱晨星']"
IPO,301636,301636,2024,2024-01-08,"['秦劲力', '朱晨星']"
IPO,301636,301636,2025,2025-01-27,"['秦劲力', '朱晨星']"
IPO,301638,301638,2025,2025-06-27,"['彭敏琴', '刘兴炎', '林定']"
IPO,301655,301655,2022,2022-12-30,"['欧昌献', '韩松亮', '段瑞国']"
IPO,301655,301655,2023,2023-01-20,"['欧昌献', '韩松亮', '段瑞国']"
IPO,301655,301655,2025,2025-12-16,"['欧昌献', '彭敏', '陈敏']"
IPO,301655,301655,2026,2026-01-01,"['欧昌献', '彭敏', '陈敏']"
IPO,301656,301656,2024,2024-12-31,"['谢晖', '杜玉洁', '钟宇']"
IPO,301656,301656,2025,2025-01-13,"['谢晖', '杜玉洁', '钟宇']"
IPO,301656,301656,2025,2025-06-12,"['谢晖', '杜玉洁']"
IPO,301658,301658,2022,2022-06-16,"['杨小磊', '杨桂丽']"
IPO,301658,301658,2023,2023-02-03,"['杨小磊', '杨桂丽']"
IPO,301658,301658,2025,2025-01-23,"['杨小磊', '杨桂丽']"
IPO,301662,301662,2022,2022-06-22,"['李振华', '张娟']"
IPO,301662,301662,2023,2023-03-01,"['李振华', '张娟']"
IPO,301662,301662,2024,2024-12-16,"['李振华', '张娟']"
IPO,301665,301665,2020,2020-09-15,"['束哲民', '黄林']"
IPO,301665,301665,2021,2021-03-31,"['束哲民', '黄林']"
IPO,301665,301665,2022,2022-06-28,"['束哲民', '黄林']"
IPO,301665,301665,2023,2023-04-06,"['束哲民', '黄林']"
IPO,301665,301665,2023,2023-10-27,"['束哲民', '曹建军', '陈艳', '黄林']"
IPO,301665,301665,2024,2024-03-30,"['束哲民', '曹建军', '陈艳', '黄林']"
IPO,301665,301665,2025,2025-01-05,"['束哲民', '曹建军', '陈艳', '黄林']"
IPO,301665,301665,2025,2025-01-08,"['束哲民', '黄林']"
IPO,301666,301666,2025,2025-06-27,"['李伟海', '张毅']"
IPO,301666,301666,2026,2026-01-19,"['李伟海', '张毅']"
IPO,301667,301667,2023,2023-09-27,"['胡彦龙', '戴维', '孙佳松']"
IPO,301667,301667,2024,2024-04-01,"['胡彦龙', '戴维', '孙佳松']"
IPO,301667,301667,2025,2025-03-31,"['胡彦龙', '戴维', '孙佳松']"
IPO,301667,301667,2025,2025-08-13,"['闾力华', '戴维']"
IPO,301668,301668,2023,2023-06-27,"['李峰', '帅银凤']"
IPO,301668,301668,2024,2024-01-09,"['李峰', '帅银凤']"
IPO,301668,301668,2024,2024-07-25,"['祝芹敏', '刘静亚', '顾立盟']"
IPO,301668,301668,2025,2025-03-20,"['祝芹敏', '刘静亚', '顾立盟']"
IPO,301669,301669,2025,2025-06-23,"['章静静', '陈梦兰', '赵静娴']"
IPO,301669,301669,2025,2025-09-30,"['章静静', '陈梦兰']"
IPO,301669,301669,2026,2026-01-06,"['章静静', '陈梦兰', '赵静娴']"
IPO,301669,301669,2026,2026-01-13,"['章静静', '陈梦兰']"
IPO,301677,301677,2023,2023-06-30,"['黄加才', '李明亮']"
IPO,301677,301677,2024,2024-06-29,"['黄加才', '李明亮']"
IPO,301677,301677,2025,2025-06-23,"['黄加才', '郭蓓丽', '李明亮']"
IPO,301677,301677,2025,2025-07-09,"['黄加才', '郭蓓丽']"
IPO,301677,301677,2026,2026-01-16,"['黄加才', '郭蓓丽']"
IPO,301678,301678,2022,2022-06-21,"['陈竑', '宋文燕']"
IPO,301678,301678,2023,2023-01-09,"['陈竑', '宋文燕']"
IPO,301678,301678,2024,2024-06-13,"['陈竑', '宋文燕']"
IPO,301678,301678,2025,2025-03-11,"['陈竑', '宋文燕']"
IPO,301680,301680,2025,2025-06-27,"['史少翔', '黄剑', '宛云龙']"
IPO,301680,301680,2025,2025-09-30,"['史少翔', '黄剑']"
IPO,301680,301680,2026,2026-01-07,"['史少翔', '黄剑']"
IPO,301682,301682,2025,2025-05-30,"['唐松柏', '张丹娜', '张雯燕', '徐洪荣']"
IPO,301682,301682,2025,2025-06-16,"['唐松柏', '张丹娜']"
IPO,301683,301683,2025,2025-06-28,"['李旭佳', '区志豪', '关文源']"
IPO,301683,301683,2025,2025-09-30,"['李旭佳', '区志豪']"
IPO,301687,301687,2023,2023-06-29,"['王英航', '孙翔']"
IPO,301687,301687,2024,2024-06-29,"['王英航', '孙翔']"
IPO,301687,301687,2025,2025-06-03,"['王英航', '孙翔']"
IPO,301688,301688,2020,2020-12-18,"['韩坚', '陈晓华', '朱晓鹏']"
IPO,301688,301688,2021,2021-01-18,"['韩坚', '陈晓华', '朱晓鹏']"
IPO,301688,301688,2023,2023-06-02,"['韩坚', '陈晓华', '朱晓鹏']"
IPO,301688,301688,2024,2024-06-29,"['韩坚', '陈晓华', '朱晓鹏']"
IPO,301688,301688,2024,2024-09-03,"['陈晓华', '朱晓鹏']"
IPO,301688,301688,2025,2025-11-21,"['韩坚', '朱晓鹏', '方赛', '陈晓华']"
IPO,301688,301688,2025,2025-12-04,"['韩坚', '朱晓鹏', '方赛']"
IPO,301688,301688,2026,2026-02-09,"['韩坚', '朱晓鹏', '方赛', '陈晓华']"
IPO,301688,301688,2026,2026-03-31,"['韩坚', '朱晓鹏', '方赛']"
IPO,301696,301696,2025,2025-05-30,"['凌燕', '徐珍珍', '姚佳成']"
IPO,301696,301696,2026,2026-01-05,"['凌燕', '徐珍珍', '姚佳成']"
IPO,301707,301707,2025,2025-12-17,"['陈黎', '吕俊', '钱民澍']"
IPO,301707,301707,2026,2026-03-17,"['陈黎', '吕俊', '钱民澍']"
IPO,301717,301717,2025,2025-12-30,"['李元良', '刘佳鑫', '彭卓', '文菲']"
IPO,301717,301717,2026,2026-01-15,"['李元良', '刘佳鑫']"
IPO,301717,301717,2026,2026-03-23,"['李元良', '刘佳鑫', '彭卓', '文菲']"
IPO,430447,430447,2016,2016-12-16,"['陈葆华', '林顺国']"
IPO,430447,430447,2017,2017-08-07,"['陈葆华', '林顺国']"
IPO,430556,430556,2021,2021-06-29,"['郭海兰', '尹冬']"
IPO,430674,430674,2017,2017-10-13,"['朱海平', '王群艳']"
IPO,600025,600025,2016,2016-06-17,"['刘晓榛', '吴劲松']"
IPO,600025,600025,2017,2017-08-28,"['刘晓榛', '吴劲松']"
IPO,600030,600030,2012,2012-01-30,"['黄国华', '王越']"
IPO,600032,600032,2020,2020-01-03,"['王涛', '李士龙', '曾涛']"
IPO,600901,600901,2016,2016-05-13,"['胡亮', '顾瑛', '张嫄婷', '许剑辉', '孙桂岭']"
IPO,600901,600901,2017,2017-12-05,"['胡亮', '顾瑛', '张嫄婷', '许剑辉', '孙桂岭']"
IPO,600903,600903,2016,2016-12-16,"['杨贵鹏', '丁彭凯']"
IPO,600903,600903,2017,2017-09-04,"['杨贵鹏', '丁彭凯']"
IPO,600905,600905,2020,2020-04-03,"['詹军', '邱欣']"
IPO,600906,600906,2019,2019-12-20,"['马英强', '马静']"
IPO,600906,600906,2020,2020-09-30,"['马英强', '马静']"
IPO,600908,600908,2014,2014-06-30,"['孙晓爽', '杨俊玉']"
IPO,600908,600908,2015,2015-12-22,"['孙晓爽', '杨俊玉']"
IPO,600909,600909,2014,2014-04-21,"['李友菊', '张全心', '鲍灵姬']"
IPO,600909,600909,2016,2016-03-11,"['李友菊', '张全心', '鲍灵姬']"
IPO,600916,600916,2019,2019-06-28,"['徐超玉', '杨磊']"
IPO,600916,600916,2020,2020-07-07,"['徐超玉', '杨磊']"
IPO,600917,600917,2012,2012-04-24,"['索保国', '阳伟']"
IPO,600917,600917,2014,2014-05-08,"['索保国', '阳伟']"
IPO,600918,600918,2016,2016-03-25,"['王贡勇', '潘素娇']"
IPO,600918,600918,2019,2019-05-17,"['路清', '潘素娇', '吕玉磊']"
IPO,600919,600919,2014,2014-06-30,"['韩子荣', '彭建华']"
IPO,600919,600919,2015,2015-06-12,"['韩子荣', '彭建华']"
IPO,600925,600925,2021,2021-09-30,"['李来民', '詹晔', '詹从才', '黄根进']"
IPO,600925,600925,2022,2022-02-21,"['李来民', '詹晔', '詹从才', '黄根进']"
IPO,600926,600926,2014,2014-06-30,"['严盛炜', '王文燕']"
IPO,600926,600926,2015,2015-12-17,"['严盛炜', '王文燕']"
IPO,600927,600927,2020,2020-12-18,"['吴懿忻', '刘晓冬']"
IPO,600927,600927,2021,2021-07-01,"['宋慧娟', '刘晓冬']"
IPO,600928,600928,2017,2017-01-06,"['陈思节', '潘盛', '水青']"
IPO,600928,600928,2018,2018-03-29,"['石海云', '潘盛', '水青']"
IPO,600929,600929,2017,2017-12-27,"['康顺平', '钟炽兵', '陈美华']"
IPO,600930,600930,2022,2022-07-01,"['张思伟', '崔乃文', '张帆', '石爱红']"
IPO,600930,600930,2023,2023-03-03,"['张思伟', '崔乃文', '张帆', '石爱红']"
IPO,600930,600930,2025,2025-03-25,"['张思伟', '崔乃文', '张帆', '石爱红']"
IPO,600930,600930,2025,2025-05-16,"['张思伟', '崔乃文']"
IPO,600933,600933,2016,2016-07-29,"['杨峰安', '任明果']"
IPO,600933,600933,2017,2017-09-18,"['杨峰安', '任明果']"
IPO,600935,600935,2020,2020-04-03,"['黄亚琼', '熊明峰', '郭凯', '栾艳鹏', '王蒙', '陈超']"
IPO,600936,600936,2014,2014-05-13,"['张吉文', '徐久龙']"
IPO,600936,600936,2015,2015-06-09,"['张吉文', '楚福娟']"
IPO,600938,600938,2021,2021-11-15,"['徐斌', '于春晖']"
IPO,600938,600938,2022,2022-01-12,"['徐斌', '于春晖']"
IPO,600939,600939,2014,2014-05-06,"['侯黎明', '熊卫红']"
IPO,600941,600941,2021,2021-08-18,"['陆剑', '杨桢']"
IPO,600955,600955,2020,2020-07-03,"['刘玉显', '王萍']"
IPO,600956,600956,2018,2018-11-02,"['陈静', '张文丽', '孔玲']"
IPO,600956,600956,2019,2019-04-19,"['陈静', '张文丽', '孔玲']"
IPO,600958,600958,2014,2014-04-22,"['朱颖', '尤文杰']"
IPO,600959,600959,2014,2014-04-28,"['林雷', '阚宝勇']"
IPO,600968,600968,2016,2016-07-01,"['蔡晓丽', '王首一']"
IPO,600968,600968,2018,2018-01-05,"['蔡晓丽', '王首一']"
IPO,600977,600977,2014,2014-06-16,"['郑建彪', '王涛']"
IPO,600977,600977,2015,2015-06-26,"['郑建彪', '王涛']"
IPO,600989,600989,2017,2017-12-29,"['安秀艳', '董楠']"
IPO,600989,600989,2019,2019-03-04,"['安秀艳', '董楠']"
IPO,600996,600996,2015,2015-04-03,"['杨宏', '崔幼军']"
IPO,600996,600996,2016,2016-06-29,"['杨宏', '崔幼军']"
IPO,601012,601012,2011,2011-07-21,"['丁勇', '鲍中友']"
IPO,601015,601015,2014,2014-05-04,"['童登书', '梁卫丽']"
IPO,601016,601016,2012,2012-04-11,"['罗科', '肖中珂']"
IPO,601016,601016,2014,2014-04-28,"['罗科', '肖中珂']"
IPO,601019,601019,2015,2015-12-11,"['王需如', '范文红']"
IPO,601019,601019,2017,2017-09-29,"['王需如', '范文红']"
IPO,601020,601020,2014,2014-11-28,"['朱锦梅', '张静']"
IPO,601020,601020,2015,2015-06-25,"['朱锦梅', '王可']"
IPO,601021,601021,2014,2014-04-24,"['王笑', '杨旭东']"
IPO,601022,601022,2021,2021-09-17,"['叶骏', '柳宗祺']"
IPO,601026,601026,2023,2023-06-20,"['吕安吉', '程雷', '刘江杰']"
IPO,601026,601026,2024,2024-01-25,"['吕安吉', '程雷', '刘江杰']"
IPO,601026,601026,2025,2025-03-31,"['吕安吉', '程雷', '刘江杰']"
IPO,601026,601026,2025,2025-06-13,"['吕安吉', '程雷']"
IPO,601033,601033,2022,2022-09-30,"['朱娟', '李雪娇']"
IPO,601033,601033,2023,2023-03-02,"['朱娟', '李雪娇']"
IPO,601038,601038,2012,2012-01-06,"['胡建军', '杨力生']"
IPO,601059,601059,2020,2020-12-31,"['宋雪强', '白龙']"
IPO,601059,601059,2021,2021-04-23,"['宋雪强', '白龙']"
IPO,601059,601059,2022,2022-12-01,"['宋雪强', '王琦']"
IPO,601061,601061,2021,2021-12-10,"['赵毅智', '赵建峰']"
IPO,601061,601061,2022,2022-05-09,"['赵毅智', '赵建峰']"
IPO,601061,601061,2023,2023-02-20,"['赵毅智', '赵建峰']"
IPO,601065,601065,2021,2021-12-28,"['李国平', '汪鹏']"
IPO,601065,601065,2022,2022-05-09,"['李国平', '汪鹏']"
IPO,601065,601065,2023,2023-02-20,"['李国平', '汪鹏']"
IPO,601066,601066,2017,2017-06-30,"['姜昆', '高晴']"
IPO,601066,601066,2018,2018-01-30,"['姜昆', '高晴']"
IPO,601068,601068,2016,2016-06-24,"['孔庆华', '丁亭亭', '谢泽敏', '包智莉']"
IPO,601068,601068,2017,2017-06-30,"['孔庆华', '丁亭亭', '谢泽敏', '包智莉']"
IPO,601069,601069,2014,2014-05-04,"['宋岩', '胡斌']"
IPO,601077,601077,2018,2018-01-05,"['叶少宽', '邹彦']"
IPO,601083,601083,2023,2023-01-06,"['饶盛华', '刘伟']"
IPO,601086,601086,2014,2014-05-28,"['高明来', '齐俊娟']"
IPO,601086,601086,2015,2015-12-17,"['高明来', '齐俊娟']"
IPO,601089,601089,2021,2021-07-01,"['滕培彬', '余芳芳']"
IPO,601089,601089,2021,2021-12-21,"['滕培彬', '余芳芳', '廖屹峰']"
IPO,601096,601096,2022,2022-06-22,"['张居忠', '周春阳', '陈保喜']"
IPO,601096,601096,2023,2023-01-13,"['张居忠', '周春阳', '陈保喜']"
IPO,601096,601096,2023,2023-03-04,"['张居忠', '周春阳', '王治宾', '陈保喜']"
IPO,601096,601096,2023,2023-10-11,"['张居忠', '周春阳', '王治宾']"
IPO,601108,601108,2015,2015-11-13,"['吴懿忻', '林晗', '葛徐']"
IPO,601108,601108,2017,2017-03-31,"['吴懿忻', '林晗', '葛徐']"
IPO,601112,601112,2025,2025-06-25,"['吴晓辉', '施伟岑', '马仁杰']"
IPO,601121,601121,2015,2015-07-03,"['王德生', '殷宪锋']"
IPO,601121,601121,2021,2021-11-29,"['程纯', '叶华', '何振娜', '张萌']"
IPO,601121,601121,2022,2022-04-08,"['程纯', '叶华', '何振娜', '张萌']"
IPO,601127,601127,2014,2014-06-05,"['陆军', '胡涛']"
IPO,601127,601127,2015,2015-04-14,"['陆军', '胡涛']"
IPO,601128,601128,2014,2014-06-30,"['孙晓爽', '杨俊玉']"
IPO,601128,601128,2015,2015-12-22,"['孙晓爽', '杨俊玉']"
IPO,601133,601133,2022,2022-01-06,"['宛云龙', '卢鑫', '梁欢']"
IPO,601133,601133,2023,2023-02-20,"['宛云龙', '卢鑫', '梁欢']"
IPO,601136,601136,2021,2021-09-27,"['杨涛', '郭辉', '崔伟英']"
IPO,601136,601136,2022,2022-01-24,"['杨涛', '郭辉', '崔伟英']"
IPO,601138,601138,2018,2018-02-09,"['柯镇洪', '朱伟']"
IPO,601156,601156,2019,2019-07-05,"['叶慧', '冯飞军']"
IPO,601156,601156,2020,2020-05-11,"['严臻', '刘田', '叶慧', '冯飞军']"
IPO,601162,601162,2015,2015-12-25,"['向辉', '郭晗']"
IPO,601162,601162,2017,2017-12-29,"['向辉', '郭晗']"
IPO,601163,601163,2014,2014-06-27,"['刁云涛', '李荣坤']"
IPO,601163,601163,2015,2015-06-08,"['刁云涛', '李荣坤']"
IPO,601187,601187,2017,2017-12-01,"['赵雅', '琚志宏']"
IPO,601187,601187,2018,2018-10-09,"['赵雅', '琚志宏']"
IPO,601198,601198,2014,2014-04-22,"['刘贵彬', '刘涛']"
IPO,601206,601206,2014,2014-06-25,"['葛伟俊', '毛玥明']"
IPO,601206,601206,2015,2015-12-17,"['葛伟俊', '毛玥明']"
IPO,601211,601211,2014,2014-04-22,"['郭杭翔', '朱宝钦']"
IPO,601211,601211,2015,2015-05-21,"['郭杭翔', '朱宝钦']"
IPO,601212,601212,2014,2014-05-16,"['桂霞', '谢添湘']"
IPO,601212,601212,2015,2015-06-25,"['李进', '张年军']"
IPO,601225,601225,2011,2011-08-25,"['邱程红', '高靖杰']"
IPO,601226,601226,2014,2014-04-23,"['吴育岐', '李成亮']"
IPO,601228,601228,2014,2014-12-19,"['王建民', '黄韶英']"
IPO,601228,601228,2016,2016-10-14,"['王建民', '蔡洁瑜']"
IPO,601229,601229,2014,2014-06-30,"['石海云', '陈思杰']"
IPO,601229,601229,2015,2015-12-17,"['石海云', '陈思杰']"
IPO,601236,601236,2017,2017-07-14,"['冯万奇', '李福兴']"
IPO,601236,601236,2018,2018-03-28,"['冯万奇', '李福兴']"
IPO,601279,601279,2019,2019-06-21,"['高宇', '龚以骎']"
IPO,601298,601298,2017,2017-10-13,"['李雪梅', '胡显霞']"
IPO,601298,601298,2018,2018-04-09,"['李雪梅', '胡显霞']"
IPO,601319,601319,2017,2017-09-29,"['文启斯', '边牧其乐', '杨丽', '黄琳']"
IPO,601319,601319,2018,2018-04-09,"['文启斯', '边牧其乐', '杨丽']"
IPO,601326,601326,2012,2012-09-06,"['张克东', '赵学斌']"
IPO,601326,601326,2015,2015-11-13,"['孟冬', '张燕']"
IPO,601326,601326,2017,2017-03-24,"['孟冬', '张燕']"
IPO,601330,601330,2016,2016-06-24,"['房炅', '李莉', '郑建彪', '曹阳', '任一优', '王思明']"
IPO,601330,601330,2018,2018-01-09,"['房炅', '李莉', '郑建彪', '曹阳', '任一优', '王思明']"
IPO,601339,601339,2012,2012-12-12,"['施其林', '卢娅萍', '董奇涵']"
IPO,601366,601366,2014,2014-05-16,"['王贡勇', '阚京平']"
IPO,601366,601366,2016,2016-09-19,"['王贡勇', '阚京平', '王庆涛']"
IPO,601368,601368,2014,2014-04-22,"['谢枫', '廖文佳']"
IPO,601368,601368,2015,2015-04-23,"['谢枫', '廖文佳']"
IPO,601375,601375,2014,2014-12-05,"['王贡勇', '晁小燕']"
IPO,601375,601375,2016,2016-10-14,"['王贡勇', '晁小燕']"
IPO,601388,601388,2011,2011-12-16,"['李东昕', '王准']"
IPO,601456,601456,2016,2016-12-23,"['马庆辉', '韩健']"
IPO,601456,601456,2018,2018-01-19,"['马庆辉', '韩健']"
IPO,601500,601500,2014,2014-05-05,"['沈岩', '高烨']"
IPO,601500,601500,2016,2016-02-19,"['沈岩', '高烨']"
IPO,601512,601512,2014,2014-05-04,"['徐艳', '汤哲辉']"
IPO,601528,601528,2016,2016-11-11,"['孙晓爽', '杨俊玉']"
IPO,601528,601528,2018,2018-01-16,"['孙晓爽', '杨俊玉']"
IPO,601568,601568,2019,2019-06-21,"['高靖杰', '俞鹏', '屈振海', '邱程红']"
IPO,601577,601577,2016,2016-12-23,"['李永利', '黄源源']"
IPO,601577,601577,2017,2017-12-12,"['李永利', '黄源源']"
IPO,601579,601579,2012,2012-05-14,"['林国雄', '叶喜撑']"
IPO,601579,601579,2014,2014-04-21,"['林国雄', '叶喜撑']"
IPO,601595,601595,2014,2014-04-18,"['潘振翔', '赵波']"
IPO,601595,601595,2015,2015-06-29,"['潘振翔', '赵波']"
IPO,601606,601606,2014,2014-05-14,"['陈少明', '赵权']"
IPO,601606,601606,2016,2016-06-24,"['陈少明', '赵权']"
IPO,601609,601609,2018,2018-09-21,"['胡彬', '贺顺祥', '郎争', '肖冬梅']"
IPO,601609,601609,2019,2019-04-01,"['胡彬', '贺顺祥']"
IPO,601611,601611,2014,2014-05-23,"['陈星辉', '刘均刚']"
IPO,601611,601611,2015,2015-05-22,"['陈星辉', '刘均刚']"
IPO,601615,601615,2018,2018-03-02,"['王涛', '周玉薇']"
IPO,601619,601619,2016,2016-01-08,"['李耀忠', '米文莉']"
IPO,601619,601619,2017,2017-06-16,"['李耀忠', '米文莉']"
IPO,601658,601658,2019,2019-06-28,"['朱宇', '李铁英']"
IPO,601658,601658,2019,2019-10-15,"['朱宇', '邹彦']"
IPO,601665,601665,2019,2019-06-06,"['许旭明', '孙静习']"
IPO,601686,601686,2019,2019-06-28,"['王娜', '陈勇波']"
IPO,601686,601686,2020,2020-03-20,"['王娜', '陈勇波']"
IPO,601689,601689,2014,2014-04-23,"['朱伟', '汪雄飞', '陈朝亮']"
IPO,601696,601696,2018,2018-12-14,"['李斐', '莫艾琦']"
IPO,601696,601696,2019,2019-06-05,"['李斐', '莫艾琦']"
IPO,601698,601698,2017,2017-12-29,"['蔡晓丽', '安行']"
IPO,601698,601698,2018,2018-07-31,"['蔡晓丽', '安行']"
IPO,601702,601702,2018,2018-12-28,"['张建新', '司维']"
IPO,601702,601702,2019,2019-11-19,"['张建新', '司维']"
IPO,601728,601728,2021,2021-04-28,"['董传江', '叶勤华']"
IPO,601778,601778,2018,2018-12-28,"['石斌全', '王新华', '沈培强', '陈素素']"
IPO,601778,601778,2019,2019-11-27,"['石斌全', '王新华']"
IPO,601811,601811,2014,2014-05-05,"['童传江', '李勖']"
IPO,601811,601811,2015,2015-11-27,"['童传江', '李勖']"
IPO,601816,601816,2019,2019-10-25,"['汪吉军', '向芳芸', '施涛']"
IPO,601825,601825,2019,2019-07-05,"['胡小骏', '苏亦辰']"
IPO,601825,601825,2020,2020-07-08,"['胡小骏', '苏亦辰']"
IPO,601827,601827,2018,2018-12-28,"['李青龙', '文永丽']"
IPO,601827,601827,2019,2019-09-05,"['李青龙', '文永丽']"
IPO,601828,601828,2016,2016-05-13,"['吴晓辉', '赵海舟']"
IPO,601828,601828,2017,2017-11-10,"['牟正非', '赵海舟']"
IPO,601838,601838,2014,2014-06-30,"['杨勃', '石允亮']"
IPO,601838,601838,2017,2017-04-28,"['姜长征', '田志勇']"
IPO,601858,601858,2014,2014-06-27,"['密惠红', '尹芳']"
IPO,601858,601858,2015,2015-12-01,"['密惠红', '尹芳']"
IPO,601860,601860,2016,2016-12-09,"['周琼', '陈东阳']"
IPO,601860,601860,2018,2018-01-12,"['周琼', '陈东阳']"
IPO,601865,601865,2012,2012-07-06,"['顾宇倩', '濮文斌']"
IPO,601865,601865,2017,2017-07-07,"['虞扬', '步君']"
IPO,601865,601865,2018,2018-04-12,"['虞扬', '步君']"
IPO,601869,601869,2017,2017-06-30,"['张京京', '于潇然']"
IPO,601869,601869,2018,2018-04-02,"['王婷', '张京京']"
IPO,601878,601878,2014,2014-06-20,"['吴懿忻', '黄峥嵘']"
IPO,601878,601878,2015,2015-06-29,"['吴懿忻', '葛徐']"
IPO,601881,601881,2014,2014-08-29,"['吕静', '黄逸轩', '顾珺', '马强', '林和杰']"
IPO,601881,601881,2016,2016-10-14,"['文启斯', '马强', '吕雪']"
IPO,601882,601882,2014,2014-05-04,"['罗国芳', '孙华', '姚洁']"
IPO,601882,601882,2015,2015-12-17,"['罗国芳', '孙华', '姚洁']"
IPO,601900,601900,2014,2014-05-09,"['王需如', '李民']"
IPO,601900,601900,2015,2015-06-05,"['王需如', '李民']"
IPO,601916,601916,2017,2017-11-10,"['朱宇', '叶骏']"
IPO,601916,601916,2018,2018-06-29,"['朱宇', '叶骏']"
IPO,601921,601921,2020,2020-06-19,"['叶喜撑', '章方杰', '林国雄', '陆俊洁']"
IPO,601949,601949,2016,2016-01-08,"['张萱', '张菁']"
IPO,601949,601949,2017,2017-06-26,"['张萱', '张菁']"
IPO,601952,601952,2015,2015-05-08,"['周重揆', '高高平']"
IPO,601952,601952,2017,2017-03-02,"['周重揆', '高高平']"
IPO,601963,601963,2018,2018-06-15,"['马颖旎', '童咏静']"
IPO,601963,601963,2019,2019-05-21,"['周章', '汪润松']"
IPO,601965,601965,2011,2011-12-31,"['常明', '吴少华']"
IPO,601966,601966,2014,2014-05-20,"['张国俊', '蒋颖']"
IPO,601968,601968,2014,2014-05-05,"['连向阳', '倪春华']"
IPO,601968,601968,2015,2015-04-27,"['连向阳', '倪春华']"
IPO,601969,601969,2012,2012-04-24,"['谈朝晖', '吴江']"
IPO,601969,601969,2014,2014-06-30,"['谈朝晖', '吴江']"
IPO,601985,601985,2014,2014-05-04,"['李晓英', '于新波']"
IPO,601985,601985,2015,2015-04-29,"['李晓英', '孙彤']"
IPO,601990,601990,2017,2017-03-17,"['孙晓爽', '高民']"
IPO,601990,601990,2018,2018-03-01,"['孙晓爽', '孙淑平']"
IPO,601995,601995,2020,2020-05-15,"['文启斯', '韩云飞', '方烨', '华文伟']"
IPO,601997,601997,2014,2014-06-30,"['张凯', '李斌', '石义杰']"
IPO,601997,601997,2015,2015-07-01,"['张凯', '李斌', '石义杰']"
IPO,603000,603000,2012,2012-01-09,"['罗军', '岑代勇']"
IPO,603001,603001,2011,2011-09-19,"['章为纲', '黄志恒']"
IPO,603002,603002,2012,2012-01-12,"['朱蕾', '程宝华']"
IPO,603004,603004,2022,2022-06-06,"['凌燕', '陈磊', '刘媛媛']"
IPO,603004,603004,2023,2023-03-02,"['凌燕', '陈磊', '刘媛媛']"
IPO,603005,603005,2012,2012-06-15,"['张全心', '郑磊']"
IPO,603006,603006,2014,2014-04-18,"['吴蓉', '李海兵', '杨庆霞']"
IPO,603007,603007,2014,2014-06-10,"['陈晓华', '周卿']"
IPO,603007,603007,2015,2015-11-24,"['陈晓华', '周卿']"
IPO,603008,603008,2012,2012-02-27,"['葛徐', '陈彬']"
IPO,603009,603009,2012,2012-04-20,"['张坚', '赵杰']"
IPO,603010,603010,2014,2014-04-18,"['朱伟', '陈朝亮']"
IPO,603011,603011,2014,2014-04-24,"['张婕', '刘勇', '梁明']"
IPO,603012,603012,2014,2014-05-06,"['刘云', '唐国骏']"
IPO,603013,603013,2014,2014-04-25,"['吴育岐', '李长伟']"
IPO,603014,603014,2023,2023-12-30,"['李辉华', '于鲁克', '王鑫', '刘学生']"
IPO,603014,603014,2024,2024-01-29,"['李辉华', '于鲁克']"
IPO,603014,603014,2024,2024-08-02,"['李辉华', '于鲁克', '王鑫', '刘学生']"
IPO,603014,603014,2025,2025-01-06,"['李辉华', '于鲁克', '王鑫', '刘学生']"
IPO,603014,603014,2025,2025-02-26,"['李辉华', '于鲁克']"
IPO,603015,603015,2014,2014-04-25,"['胡建军', '向晓三']"
IPO,603016,603016,2014,2014-06-25,"['王春生', '李云松']"
IPO,603016,603016,2015,2015-12-17,"['王春生', '李云松']"
IPO,603017,603017,2014,2014-04-30,"['孙冰', '郑斌']"
IPO,603018,603018,2014,2014-05-20,"['涂振连', '马伟光']"
IPO,603019,603019,2014,2014-06-17,"['陈星辉', '郭健']"
IPO,603020,603020,2014,2014-05-28,"['耿磊', '赵彧非']"
IPO,603020,603020,2015,2015-01-14,"['耿磊', '赵彧非']"
IPO,603021,603021,2014,2014-05-06,"['周瑕', '任文君']"
IPO,603021,603021,2015,2015-01-21,"['周瑕', '任文君']"
IPO,603022,603022,2014,2014-05-27,"['曹国强', '刘利亚']"
IPO,603023,603023,2012,2012-05-17,"['单峰', '赵敏']"
IPO,603023,603023,2014,2014-04-22,"['单峰', '赵敏']"
IPO,603023,603023,2015,2015-03-31,"['单峰', '赵敏']"
IPO,603025,603025,2014,2014-05-04,"['陈胜华', '韩雪艳']"
IPO,603026,603026,2014,2014-06-13,"['何政', '吴之星']"
IPO,603027,603027,2014,2014-06-04,"['罗东先', '李丽']"
IPO,603027,603027,2015,2015-06-11,"['罗东先', '李丽']"
IPO,603028,603028,2014,2014-06-03,"['杨文蔚', '冼宏飞']"
IPO,603028,603028,2015,2015-06-23,"['杨文蔚', '冼宏飞']"
IPO,603029,603029,2014,2014-06-06,"['张克东', '姜晓东']"
IPO,603029,603029,2015,2015-06-11,"['张克东', '姜晓东']"
IPO,603030,603030,2014,2014-04-23,"['孙勇', '林德伟']"
IPO,603031,603031,2014,2014-04-30,"['梁烽', '文爱凤']"
IPO,603031,603031,2016,2016-02-04,"['梁烽', '文爱凤']"
IPO,603032,603032,2015,2015-01-09,"['朱瑛', '李婷']"
IPO,603032,603032,2016,2016-03-25,"['朱瑛', '李婷']"
IPO,603033,603033,2014,2014-05-30,"['赵海荣', '卜刚军']"
IPO,603033,603033,2015,2015-06-26,"['赵海荣', '卜刚军']"
IPO,603035,603035,2014,2014-06-27,"['孟荣芳', '江强', '陈书珍']"
IPO,603035,603035,2016,2016-06-29,"['孟荣芳', '江强', '陈书珍']"
IPO,603036,603036,2014,2014-06-03,"['倪国君', '何林飞', '程志刚']"
IPO,603036,603036,2016,2016-02-26,"['倪国君', '何林飞', '程志刚']"
IPO,603037,603037,2014,2014-12-05,"['李文祥', '周敏']"
IPO,603037,603037,2016,2016-09-13,"['李文祥', '周敏']"
IPO,603038,603038,2014,2014-12-19,"['吉争雄', '刘火旺']"
IPO,603038,603038,2016,2016-11-08,"['吉争雄', '刘火旺']"
IPO,603039,603039,2014,2014-12-05,"['马静', '顾洪涛', '周立新']"
IPO,603039,603039,2016,2016-10-14,"['顾洪涛', '周立新']"
IPO,603040,603040,2014,2014-12-19,"['谢贤庆', '鲁立']"
IPO,603040,603040,2016,2016-11-08,"['谢贤庆', '鲁立']"
IPO,603041,603041,2015,2015-05-29,"['盛小兰', '申立华']"
IPO,603041,603041,2016,2016-12-09,"['盛小兰', '申立华']"
IPO,603042,603042,2015,2015-11-13,"['荆秀梅', '马宗超', '李景伟']"
IPO,603042,603042,2017,2017-04-13,"['荆秀梅', '马宗超', '李景伟']"
IPO,603043,603043,2014,2014-06-11,"['黄伟成', '吴泽敏']"
IPO,603043,603043,2014,2014-08-20,"['刘杰生', '吴泽敏']"
IPO,603043,603043,2015,2015-07-03,"['刘杰生', '吴泽敏']"
IPO,603043,603043,2017,2017-04-20,"['刘杰生', '吴泽敏']"
IPO,603045,603045,2016,2016-06-24,"['张敬鸿', '鞠录波', '施其林', '章磊']"
IPO,603045,603045,2017,2017-11-28,"['张敬鸿', '鞠录波', '施其林', '章磊']"
IPO,603048,603048,2020,2020-12-18,"['韦军', '朱星云']"
IPO,603048,603048,2021,2021-05-26,"['韦军', '朱星云']"
IPO,603049,603049,2023,2023-01-06,"['陈中江', '屠晗']"
IPO,603049,603049,2024,2024-06-29,"['陈中江', '屠晗']"
IPO,603049,603049,2025,2025-02-07,"['陈中江', '屠晗']"
IPO,603050,603050,2015,2015-05-22,"['陈长振', '任传红']"
IPO,603050,603050,2017,2017-03-02,"['陈长振', '任传红']"
IPO,603051,603051,2012,2012-05-31,"['杨克晶', '侯立勋']"
IPO,603051,603051,2021,2021-06-22,"['蔡晓丽', '张万斌', '魏标文', '陈建成']"
IPO,603052,603052,2019,2019-06-21,"['郭颖涛', '周博']"
IPO,603052,603052,2021,2021-09-13,"['吕方明', '周浩']"
IPO,603052,603052,2022,2022-01-18,"['吕方明', '周浩']"
IPO,603053,603053,2018,2018-06-22,"['陆京泽', '凌滟']"
IPO,603053,603053,2019,2019-01-11,"['陆京泽', '凌滟']"
IPO,603055,603055,2015,2015-12-04,"['高峰', '黄继佳', '于薇薇']"
IPO,603055,603055,2017,2017-06-09,"['高峰', '黄继佳', '于薇薇']"
IPO,603056,603056,2015,2015-07-03,"['林开钦', '吴传刚']"
IPO,603056,603056,2017,2017-03-16,"['刘维', '吴传刚', '林开钦']"
IPO,603057,603057,2021,2021-07-01,"['陈璐瑛', '方宁']"
IPO,603057,603057,2022,2022-01-12,"['陈璐瑛', '方宁']"
IPO,603058,603058,2015,2015-06-12,"['李炜', '李斌']"
IPO,603058,603058,2016,2016-09-13,"['李炜', '李斌']"
IPO,603059,603059,2017,2017-01-06,"['杜志强', '吴文俊']"
IPO,603060,603060,2014,2014-05-19,"['陈星辉', '陈勇波']"
IPO,603060,603060,2016,2016-05-20,"['陈星辉', '陈勇波']"
IPO,603061,603061,2021,2021-06-28,"['林炎临', '黄卉']"
IPO,603061,603061,2021,2021-12-10,"['林炎临', '黄卉', '许国静']"
IPO,603062,603062,2022,2022-09-30,"['施瑾', '郑潇', '赵焕琪', '葛皓宇', '于涛', '纪文凤']"
IPO,603062,603062,2023,2023-03-04,"['施瑾', '郑潇', '赵焕琪', '葛皓宇', '于涛', '纪文凤']"
IPO,603062,603062,2023,2023-08-10,"['施瑾', '郑潇']"
IPO,603063,603063,2015,2015-11-13,"['张云鹤', '齐晓丽']"
IPO,603063,603063,2017,2017-03-24,"['张云鹤', '齐晓丽']"
IPO,603065,603065,2021,2021-09-17,"['张朱华', '赵世栋']"
IPO,603065,603065,2022,2022-02-16,"['张朱华', '赵世栋']"
IPO,603066,603066,2014,2014-06-04,"['葛晨煜', '王沙薇']"
IPO,603066,603066,2015,2015-04-09,"['葛晨煜', '王沙薇']"
IPO,603067,603067,2014,2014-06-19,"['伍志超', '彭全明']"
IPO,603067,603067,2015,2015-12-09,"['伍志超', '彭全明']"
IPO,603068,603068,2017,2017-10-13,"['孟荣芳', '田华', '廖君']"
IPO,603068,603068,2018,2018-05-18,"['孟荣芳', '田华', '廖君']"
IPO,603069,603069,2014,2014-04-18,"['刘泽波', '符策坚']"
IPO,603069,603069,2015,2015-06-03,"['刘泽波', '符策坚']"
IPO,603070,603070,2021,2021-05-27,"['张芹', '林琦']"
IPO,603071,603071,2020,2020-12-11,"['吴光明', '杨胤', '林国雄', '叶喜撑']"
IPO,603071,603071,2021,2021-05-18,"['吴光明', '杨胤', '林国雄', '叶喜撑']"
IPO,603072,603072,2020,2020-09-02,"['张克东', '刘宇']"
IPO,603072,603072,2021,2021-01-08,"['张克东', '刘宇']"
IPO,603072,603072,2022,2022-03-21,"['张克东', '刘宇']"
IPO,603072,603072,2023,2023-03-02,"['张克东', '刘宇']"
IPO,603072,603072,2024,2024-10-25,"['张克东', '刘宇']"
IPO,603073,603073,2022,2022-03-21,"['沈维华', '朱彬']"
IPO,603075,603075,2022,2022-06-22,"['叶喜撑', '张琳']"
IPO,603075,603075,2023,2023-02-28,"['叶喜撑', '张琳']"
IPO,603076,603076,2016,2016-06-03,"['赵蓉', '蒋红薇']"
IPO,603076,603076,2017,2017-09-18,"['赵蓉', '蒋红薇']"
IPO,603077,603077,2012,2012-02-08,"['李武林', '唐方模', '唐方模', '武兴田']"
IPO,603078,603078,2015,2015-05-08,"['潘永祥', '孙广友']"
IPO,603078,603078,2017,2017-01-20,"['潘永祥', '孙广友']"
IPO,603079,603079,2015,2015-11-13,"['向晓三', '王建甫']"
IPO,603079,603079,2017,2017-04-13,"['向晓三', '王建甫']"
IPO,603080,603080,2016,2016-10-28,"['王静', '李生敏', '贾安龙']"
IPO,603080,603080,2017,2017-09-04,"['王静', '李生敏', '贾安龙']"
IPO,603081,603081,2015,2015-06-26,"['朱艳', '宛云龙']"
IPO,603081,603081,2017,2017-03-02,"['朱艳', '宛云龙']"
IPO,603082,603082,2022,2022-07-01,"['陈英杰', '杜鹏']"
IPO,603082,603082,2023,2023-03-02,"['陈英杰', '杜鹏']"
IPO,603083,603083,2016,2016-06-03,"['朱颖', '倪一琳']"
IPO,603083,603083,2017,2017-08-28,"['朱颖', '倪一琳']"
IPO,603085,603085,2014,2014-05-27,"['翁伟', '孙敏']"
IPO,603085,603085,2015,2015-05-08,"['翁伟', '孙敏']"
IPO,603086,603086,2014,2014-11-14,"['邱俊洲', '张晓义', '刘耀辉']"
IPO,603086,603086,2016,2016-11-10,"['邱俊洲', '张晓义', '刘耀辉']"
IPO,603087,603087,2016,2016-06-03,"['杨淑娟', '郭景伟']"
IPO,603087,603087,2018,2018-01-16,"['杨淑娟', '王丹']"
IPO,603088,603088,2012,2012-04-19,"['朱伟', '许金花', '陈小金']"
IPO,603088,603088,2014,2014-05-05,"['朱伟', '陈小金']"
IPO,603089,603089,2015,2015-02-06,"['程志刚', '吕安吉']"
IPO,603089,603089,2016,2016-10-14,"['程志刚', '吕安吉']"
IPO,603090,603090,2014,2014-05-06,"['孙广友', '顾晓峰']"
IPO,603090,603090,2016,2016-03-17,"['孙广友', '潘永祥']"
IPO,603091,603091,2022,2022-09-30,"['李正卫', '葛亮']"
IPO,603091,603091,2023,2023-03-04,"['李正卫', '葛亮']"
IPO,603091,603091,2024,2024-03-14,"['李正卫', '葛亮']"
IPO,603092,603092,2024,2024-12-31,"['蔡卫华', '杨常平', '王菊莉']"
IPO,603092,603092,2025,2025-01-24,"['蔡卫华', '杨常平', '王菊莉']"
IPO,603093,603093,2015,2015-11-13,"['施其林', '章磊', '陈赟']"
IPO,603093,603093,2018,2018-04-09,"['施其林', '章磊']"
IPO,603095,603095,2019,2019-04-04,"['石斌全', '蒋重阳']"
IPO,603096,603096,2015,2015-05-15,"['周琪', '暴磊']"
IPO,603096,603096,2016,2016-12-20,"['周琪', '陈俭']"
IPO,603097,603097,2021,2021-06-28,"['倪国君', '胡友邻', '冯益祥']"
IPO,603098,603098,2014,2014-06-27,"['占铁华', '肖桂莲']"
IPO,603098,603098,2016,2016-08-26,"['占铁华', '肖桂莲']"
IPO,603099,603099,2012,2012-07-13,"['刘景伟', '许志扬']"
IPO,603099,603099,2014,2014-04-22,"['刘景伟', '许志扬']"
IPO,603100,603100,2012,2012-06-25,"['张凯', '倪意']"
IPO,603100,603100,2014,2014-05-04,"['张凯', '倪意']"
IPO,603101,603101,2014,2014-04-29,"['刘宇科', '陈志红']"
IPO,603101,603101,2015,2015-06-12,"['刘宇科', '陈志红']"
IPO,603102,603102,2019,2019-06-14,"['吴强', '王英航']"
IPO,603102,603102,2020,2020-06-12,"['吴强', '范学军', '王英航', '张良文', '吴强', '刘兴宝']"
IPO,603102,603102,2021,2021-05-14,"['吴强', '范学军', '王英航', '张良文', '刘兴宝']"
IPO,603103,603103,2016,2016-06-24,"['申慧', '稂时亮']"
IPO,603103,603103,2017,2017-08-14,"['申慧', '稂时亮']"
IPO,603105,603105,2017,2017-05-05,"['沃巍勇', '黄加才']"
IPO,603105,603105,2018,2018-03-19,"['沃巍勇', '黄加才']"
IPO,603106,603106,2016,2016-04-29,"['李雯宇', '李灵辉']"
IPO,603106,603106,2017,2017-07-07,"['李雯宇', '李灵辉']"
IPO,603107,603107,2020,2020-07-03,"['盛伟明', '高丽']"
IPO,603107,603107,2021,2021-03-04,"['盛伟明', '高丽']"
IPO,603107,603107,2022,2022-07-08,"['盛伟明', '高丽']"
IPO,603107,603107,2023,2023-02-22,"['盛伟明', '高丽']"
IPO,603107,603107,2023,2023-07-13,"['盛伟明', '高丽', '沈姣姣']"
IPO,603108,603108,2014,2014-05-21,"['潘莉华', '江强']"
IPO,603109,603109,2017,2017-01-06,"['袁广明', '周平伙']"
IPO,603109,603109,2019,2019-05-22,"['袁广明', '李洪彬', '赵勇军', '刘小平', '周平']"
IPO,603110,603110,2015,2015-12-18,"['葛徐', '林晗']"
IPO,603110,603110,2017,2017-05-05,"['葛徐', '林晗']"
IPO,603111,603111,2012,2012-07-13,"['黄根进', '吴炳洋']"
IPO,603111,603111,2014,2014-04-21,"['黄根进', '吴炳洋']"
IPO,603112,603112,2019,2019-06-21,"['张立琰', '丁晓燕']"
IPO,603113,603113,2015,2015-05-29,"['胡乃忠', '王传顺', '王燕']"
IPO,603113,603113,2017,2017-03-09,"['胡乃忠', '王传顺', '王燕']"
IPO,603115,603115,2017,2017-12-29,"['朱国刚', '徐文生', '闾力华']"
IPO,603115,603115,2018,2018-08-29,"['朱国刚', '徐文生', '闾力华']"
IPO,603116,603116,2014,2014-04-28,"['沈利刚', '魏琴', '姚丽强']"
IPO,603117,603117,2014,2014-04-18,"['唐恋炯', '陈嘉磊']"
IPO,603118,603118,2014,2014-05-07,"['潘忠民', '龙哲']"
IPO,603119,603119,2022,2022-06-06,"['黄继佳', '刘炼', '董鹏']"
IPO,603119,603119,2023,2023-01-13,"['黄继佳', '刘炼', '董鹏']"
IPO,603120,603120,2022,2022-05-09,"['李惠丰', '邓红玉', '沈延红', '孙锐']"
IPO,603120,603120,2023,2023-02-28,"['李惠丰', '邓红玉', '沈延红', '孙锐']"
IPO,603120,603120,2023,2023-03-16,"['李惠丰', '邓红玉']"
IPO,603120,603120,2025,2025-01-13,"['李惠丰', '邓红玉', '沈延红', '孙锐']"
IPO,603120,603120,2025,2025-01-24,"['李惠丰', '邓红玉']"
IPO,603121,603121,2017,2017-07-14,"['李萍', '张进东']"
IPO,603121,603121,2018,2018-06-12,"['李萍', '张进东']"
IPO,603122,603122,2020,2020-12-31,"['潘子建', '方海杰', '冯亦佳', '唐慧钰', '郭添']"
IPO,603122,603122,2021,2021-06-21,"['潘子建', '方海杰', '冯亦佳', '唐慧钰', '郭添']"
IPO,603123,603123,2011,2011-12-30,"['周颖', '马莹']"
IPO,603124,603124,2022,2022-07-01,"['胡素萍', '邱小娇', '李蓓']"
IPO,603124,603124,2023,2023-03-01,"['胡素萍', '邱小娇', '李蓓']"
IPO,603124,603124,2024,2024-06-29,"['胡素萍', '邱小娇', '李蓓']"
IPO,603125,603125,2021,2021-12-28,"['施剑春', '杨璞']"
IPO,603125,603125,2022,2022-06-24,"['施剑春', '杨璞']"
IPO,603125,603125,2023,2023-02-20,"['施剑春', '杨璞']"
IPO,603126,603126,2012,2012-03-16,"['雷波涛', '宁红']"
IPO,603127,603127,2015,2015-06-12,"['姜斌', '柯燕杰']"
IPO,603127,603127,2017,2017-06-02,"['姜斌', '柯燕杰']"
IPO,603128,603128,2012,2012-01-12,"['蒋伟民', '潘健慧']"
IPO,603129,603129,2016,2016-04-22,"['张建新', '司维']"
IPO,603129,603129,2017,2017-05-25,"['张建新', '司维']"
IPO,603130,603130,2021,2021-09-27,"['邓德祥', '顾利梅']"
IPO,603130,603130,2022,2022-01-12,"['邓德祥', '顾利梅']"
IPO,603131,603131,2014,2014-05-27,"['孟荣芳', '高旭升']"
IPO,603131,603131,2015,2015-11-27,"['孟荣芳', '高旭升']"
IPO,603132,603132,2021,2021-05-18,"['龙琦', '张令']"
IPO,603133,603133,2015,2015-05-08,"['丁春荣', '付士龙']"
IPO,603133,603133,2017,2017-01-13,"['丁春荣', '付士龙']"
IPO,603135,603135,2021,2021-12-28,"['陈科举', '倪金林']"
IPO,603135,603135,2022,2022-05-19,"['陈科举', '倪金林']"
IPO,603135,603135,2023,2023-02-20,"['陈科举', '倪金林']"
IPO,603136,603136,2016,2016-02-26,"['李渊', '戴伟忠']"
IPO,603136,603136,2017,2017-07-07,"['李渊', '戴伟忠']"
IPO,603137,603137,2022,2022-01-06,"['蔡卫华', '杨常平', '付广凯']"
IPO,603137,603137,2023,2023-02-20,"['蔡卫华', '杨常平', '付广凯']"
IPO,603138,603138,2015,2015-04-17,"['李惠琦', '傅智勇']"
IPO,603138,603138,2016,2016-09-13,"['李惠琦', '傅智勇']"
IPO,603139,603139,2015,2015-06-19,"['张素霞', '朱清滨', '陶喆', '熊丽萍', '欧阳丹']"
IPO,603139,603139,2016,2016-12-27,"['张素霞', '朱清滨', '陶喆', '熊丽萍', '欧阳丹']"
IPO,603150,603150,2017,2017-06-09,"['吕秋萍', '陈泓洲']"
IPO,603150,603150,2018,2018-01-23,"['吕秋萍', '陈泓洲']"
IPO,603150,603150,2021,2021-04-22,"['宁云', '鲍灵姬', '许亚俊']"
IPO,603151,603151,2021,2021-07-01,"['李江山', '丁兆栋', '季万里']"
IPO,603153,603153,2021,2021-07-09,"['曹小勤', '义国兵']"
IPO,603153,603153,2021,2021-12-28,"['曹小勤', '义国兵', '叶慧', '李靖豪']"
IPO,603155,603155,2019,2019-06-28,"['周伟', '崔玉北']"
IPO,603155,603155,2020,2020-03-27,"['周伟', '崔玉北']"
IPO,603156,603156,2016,2016-12-30,"['郑建彪', '李洋']"
IPO,603156,603156,2017,2017-10-31,"['郑建彪', '李洋']"
IPO,603157,603157,2015,2015-11-13,"['邵云飞', '邬一鸣']"
IPO,603157,603157,2017,2017-05-25,"['邵云飞', '祁金佳']"
IPO,603158,603158,2014,2014-04-18,"['朱大为', '沈培强']"
IPO,603159,603159,2014,2014-05-14,"['孙冰', '纪贇']"
IPO,603159,603159,2016,2016-02-04,"['孙冰', '纪贇']"
IPO,603160,603160,2014,2014-05-06,"['周珊珊', '程纯']"
IPO,603160,603160,2016,2016-03-04,"['周珊珊', '程纯']"
IPO,603161,603161,2017,2017-01-06,"['涂振连', '洪文胜']"
IPO,603161,603161,2017,2017-10-31,"['徐豪俊', '洪文胜']"
IPO,603162,603162,2022,2022-06-06,"['林庆瑜', '杨遒景', '马海福', '丁西国']"
IPO,603163,603163,2021,2021-07-01,"['刘许友', '吕欣洁']"
IPO,603163,603163,2022,2022-01-18,"['刘许友', '吕欣洁']"
IPO,603165,603165,2014,2014-12-26,"['李惠丰', '洪建良', '朱作武', '李东红', '朱群英']"
IPO,603165,603165,2016,2016-10-14,"['李惠丰', '洪建良', '朱作武', '李东红', '朱群英']"
IPO,603166,603166,2012,2012-04-11,"['潘峰', '占铁华', '秦文']"
IPO,603166,603166,2014,2014-04-29,"['占铁华', '秦文']"
IPO,603167,603167,2012,2012-02-27,"['胡小黑', '吴国民']"
IPO,603168,603168,2012,2012-02-08,"['傅芳芳', '严善明']"
IPO,603168,603168,2014,2014-04-24,"['傅芳芳', '严善明']"
IPO,603169,603169,2014,2014-05-30,"['李宗义', '张海英']"
IPO,603170,603170,2021,2021-07-01,"['张林', '郑俭']"
IPO,603171,603171,2019,2019-09-27,"['闾力华', '章智华']"
IPO,603171,603171,2020,2020-05-11,"['闾力华', '章智华', '林仪']"
IPO,603172,603172,2022,2022-04-21,"['凌燕', '陈磊', '周鑫', '王琪']"
IPO,603172,603172,2023,2023-02-20,"['凌燕', '陈磊', '周鑫', '王琪']"
IPO,603172,603172,2023,2023-03-30,"['凌燕', '陈磊', '周鑫']"
IPO,603173,603173,2021,2021-06-28,"['李惠丰', '朱作武', '沈永庭', '黄元喜', '杨静静']"
IPO,603175,603175,2023,2023-12-31,"['徐继宏', '郑晓鑫']"
IPO,603175,603175,2024,2024-01-26,"['徐继宏', '郑晓鑫']"
IPO,603175,603175,2025,2025-03-31,"['徐继宏', '郑晓鑫']"
IPO,603176,603176,2020,2020-12-18,"['肖桂莲', '张雪咏', '刘常明']"
IPO,603176,603176,2021,2021-04-22,"['肖桂莲', '张雪咏', '刘常明']"
IPO,603177,603177,2014,2014-11-28,"['张芹', '方国华']"
IPO,603177,603177,2016,2016-11-16,"['张芹', '方国华']"
IPO,603178,603178,2015,2015-05-08,"['施其林', '卢娅萍']"
IPO,603178,603178,2016,2016-12-21,"['施其林', '卢娅萍']"
IPO,603179,603179,2015,2015-05-08,"['王士玮', '徐立群']"
IPO,603179,603179,2016,2016-12-20,"['王士玮', '徐立群']"
IPO,603180,603180,2015,2015-05-29,"['陈航晖', '林希敏']"
IPO,603180,603180,2017,2017-01-20,"['陈航晖', '林希敏']"
IPO,603181,603181,2016,2016-05-27,"['沈培强', '吴慧']"
IPO,603181,603181,2017,2017-06-29,"['沈培强', '吴慧']"
IPO,603182,603182,2021,2021-05-27,"['管金明', '陈立立']"
IPO,603183,603183,2016,2016-05-27,"['刘勇', '王书仁']"
IPO,603183,603183,2017,2017-07-07,"['刘勇', '王书仁']"
IPO,603185,603185,2017,2017-07-14,"['潘永祥', '吉正山']"
IPO,603185,603185,2018,2018-04-09,"['潘永祥', '吉正山']"
IPO,603186,603186,2014,2014-06-27,"['陈晓华', '韩坚']"
IPO,603186,603186,2016,2016-06-29,"['陈晓华', '韩坚']"
IPO,603187,603187,2015,2015-11-13,"['毕强', '唐守东']"
IPO,603187,603187,2017,2017-12-22,"['毕强', '唐守东']"
IPO,603188,603188,2014,2014-04-28,"['汤加全', '陈莉']"
IPO,603189,603189,2014,2014-05-07,"['陈晓华', '陆炜炜']"
IPO,603189,603189,2015,2015-07-01,"['陈晓华', '陆炜炜']"
IPO,603190,603190,2021,2021-07-01,"['李成林', '李春燕', '张杰']"
IPO,603191,603191,2021,2021-07-01,"['王庆莲', '桂后圆']"
IPO,603191,603191,2022,2022-01-18,"['王庆莲', '桂后圆']"
IPO,603192,603192,2017,2017-07-14,"['陈黎', '干瑾']"
IPO,603192,603192,2018,2018-03-29,"['陈黎', '朱杰']"
IPO,603193,603193,2022,2022-05-19,"['邓小勤', '凌莉', '刘玫']"
IPO,603193,603193,2023,2023-03-01,"['周俊超', '邓小勤', '凌莉', '刘玫']"
IPO,603193,603193,2023,2023-08-03,"['邓小勤', '凌莉', '刘玫']"
IPO,603194,603194,2022,2022-07-01,"['魏琴', '陈瑜', '白红霞']"
IPO,603194,603194,2023,2023-01-13,"['魏琴', '陈瑜', '白红霞']"
IPO,603194,603194,2023,2023-03-03,"['魏琴', '陈瑜', '白红霞', '于明月']"
IPO,603194,603194,2024,2024-01-12,"['魏琴', '陈瑜', '白红霞', '于明月']"
IPO,603194,603194,2024,2024-04-19,"['魏琴', '陈瑜', '白红霞']"
IPO,603195,603195,2018,2018-09-28,"['钱仲先', '姚本霞']"
IPO,603195,603195,2019,2019-05-23,"['钱仲先', '姚本霞']"
IPO,603196,603196,2015,2015-11-13,"['周敏', '何亮亮']"
IPO,603196,603196,2017,2017-04-13,"['周敏', '何亮亮']"
IPO,603197,603197,2015,2015-06-05,"['陈春晖', '李颖庆']"
IPO,603197,603197,2017,2017-04-07,"['陈春晖', '李颖庆']"
IPO,603198,603198,2014,2014-05-28,"['占铁华', '黄敬臣']"
IPO,603198,603198,2015,2015-02-05,"['占铁华', '黄敬臣']"
IPO,603199,603199,2014,2014-04-18,"['朱宗瑞', '张良文']"
IPO,603199,603199,2015,2015-01-06,"['朱宗瑞', '张良文']"
IPO,603200,603200,2015,2015-06-19,"['李文祥', '刘磊']"
IPO,603200,603200,2017,2017-03-31,"['李文祥', '刘磊']"
IPO,603201,603201,2021,2021-07-01,"['齐利平', '黄冰冰', '任张池', '糜平', '郑斌']"
IPO,603201,603201,2022,2022-01-18,"['齐利平', '黄冰冰', '任张池', '糜平', '郑斌']"
IPO,603202,603202,2023,2023-06-30,"['王娜', '鲁李', '熊宇']"
IPO,603202,603202,2024,2024-05-24,"['王娜', '鲁李', '熊宇']"
IPO,603203,603203,2014,2014-06-27,"['唐炫', '王亮']"
IPO,603203,603203,2016,2016-05-27,"['唐炫', '王亮']"
IPO,603205,603205,2022,2022-06-22,"['胡学文', '朱云雷', '庄培娜']"
IPO,603205,603205,2023,2023-02-28,"['胡学文', '朱云雷', '庄培娜']"
IPO,603205,603205,2024,2024-01-11,"['胡学文', '朱云雷', '庄培娜']"
IPO,603206,603206,2021,2021-07-01,"['孔保忠', '彭灿', '胡佃东']"
IPO,603206,603206,2021,2021-12-28,"['孔保忠', '彭灿', '胡佃东', '吴霆', '张军']"
IPO,603207,603207,2022,2022-07-01,"['周喆', '陈静']"
IPO,603207,603207,2023,2023-01-13,"['周喆', '陈静']"
IPO,603208,603208,2015,2015-01-09,"['严善明', '张颖']"
IPO,603208,603208,2016,2016-11-10,"['严善明', '谢鑫华']"
IPO,603209,603209,2021,2021-05-07,"['许瑞生', '郑伟平', '牛又真']"
IPO,603210,603210,2023,2023-05-17,"['黄敬臣', '许沥文', '赵伦曙']"
IPO,603210,603210,2024,2024-06-29,"['黄敬臣', '许沥文', '赵伦曙']"
IPO,603211,603211,2021,2021-07-01,"['章祥', '葛朋', '郑振']"
IPO,603211,603211,2022,2022-01-06,"['章祥', '葛朋', '郑振']"
IPO,603212,603212,2017,2017-12-29,"['吕丛平', '朱吉辉']"
IPO,603212,603212,2018,2018-11-30,"['吕丛平', '朱吉辉']"
IPO,603213,603213,2020,2020-09-30,"['尹志彬', '张灼恩', '孙敏']"
IPO,603213,603213,2021,2021-03-30,"['尹志彬', '张灼恩', '孙敏']"
IPO,603214,603214,2016,2016-06-24,"['汤哲辉', '刘颖', '陶喆', '欧阳丹']"
IPO,603214,603214,2018,2018-01-19,"['汤哲辉', '刘颖', '陶喆', '欧阳丹']"
IPO,603215,603215,2021,2021-04-28,"['章祥', '徐德盛']"
IPO,603216,603216,2020,2020-06-12,"['严善明', '谢鑫华']"
IPO,603216,603216,2021,2021-01-04,"['严善明', '谢鑫华']"
IPO,603217,603217,2015,2015-03-06,"['张居忠', '朱广超', '解小雨']"
IPO,603217,603217,2016,2016-10-14,"['张居忠', '朱广超', '解小雨']"
IPO,603217,603217,2018,2018-06-01,"['张居忠', '朱广超', '解小雨']"
IPO,603218,603218,2014,2014-11-14,"['朱伟', '汪雄飞', '范红亮']"
IPO,603218,603218,2016,2016-09-02,"['朱伟', '汪雄飞']"
IPO,603219,603219,2020,2020-12-25,"['韦军', '顾嫣萍']"
IPO,603219,603219,2021,2021-05-27,"['韦军', '顾嫣萍']"
IPO,603220,603220,2017,2017-06-30,"['魏五军', '张恩学']"
IPO,603220,603220,2018,2018-01-23,"['魏五军', '张恩学']"
IPO,603221,603221,2018,2018-12-21,"['柏凌菁', '顾梽']"
IPO,603221,603221,2019,2019-08-30,"['柏凌菁', '顾梽']"
IPO,603222,603222,2014,2014-05-21,"['叶卫民', '沈佳盈']"
IPO,603223,603223,2014,2014-06-25,"['刘学伟', '王丽敏']"
IPO,603223,603223,2015,2015-03-11,"['刘学伟', '王丽敏']"
IPO,603225,603225,2015,2015-07-03,"['程志刚', '郑俭']"
IPO,603225,603225,2017,2017-03-09,"['程志刚', '郑俭']"
IPO,603226,603226,2015,2015-12-18,"['韩频', '曹毅']"
IPO,603226,603226,2017,2017-04-28,"['韩频', '曹毅']"
IPO,603227,603227,2014,2014-04-23,"['张艳红', '刘国辉']"
IPO,603227,603227,2015,2015-03-10,"['张艳红', '刘国辉']"
IPO,603228,603228,2014,2014-11-21,"['陈志刚', '王守军']"
IPO,603228,603228,2016,2016-10-14,"['陈志刚', '王守军']"
IPO,603229,603229,2015,2015-06-05,"['沈维华', '严燕鸿']"
IPO,603229,603229,2017,2017-03-24,"['沈维华', '严燕鸿']"
IPO,603230,603230,2021,2021-02-03,"['熊明峰', '吴岳松', '方超']"
IPO,603231,603231,2022,2022-07-01,"['郭任刚', '熊棕瑜']"
IPO,603231,603231,2023,2023-01-13,"['郭任刚', '熊棕瑜']"
IPO,603231,603231,2023,2023-03-04,"['郭任刚', '熊棕瑜', '许雄伟']"
IPO,603232,603232,2015,2015-06-05,"['张志云', '董毅强']"
IPO,603232,603232,2017,2017-02-23,"['张志云', '董毅强']"
IPO,603233,603233,2015,2015-12-04,"['李剑', '赵娇']"
IPO,603233,603233,2017,2017-04-13,"['李剑', '赵娇']"
IPO,603235,603235,2021,2021-07-01,"['郭文令', '罗静', '徐宏蕾']"
IPO,603235,603235,2022,2022-02-21,"['郭文令', '罗静', '徐宏蕾', '李晨', '于延国']"
IPO,603236,603236,2017,2017-12-29,"['朱伟', '陈科举', '唐伟']"
IPO,603236,603236,2018,2018-07-13,"['朱伟', '陈科举', '唐伟']"
IPO,603237,603237,2021,2021-06-04,"['蒋晓东', '盛伟明', '高丽', '杜跃萍']"
IPO,603238,603238,2015,2015-03-06,"['施其林', '章磊', '夏恒军']"
IPO,603238,603238,2016,2016-11-08,"['施其林', '章磊', '夏恒军']"
IPO,603239,603239,2014,2014-06-27,"['朱伟', '张建新']"
IPO,603239,603239,2016,2016-06-29,"['朱伟', '张建新']"
IPO,603248,603248,2023,2023-05-17,"['俞伟英', '卞加俊']"
IPO,603248,603248,2024,2024-06-29,"['俞伟英', '卞加俊']"
IPO,603248,603248,2025,2025-08-29,"['俞伟英', '卞加俊']"
IPO,603255,603255,2021,2021-07-09,"['李元良', '彭卓', '李青松']"
IPO,603256,603256,2017,2017-06-09,"['刘许友', '方海杰']"
IPO,603256,603256,2018,2018-11-26,"['刘许友', '方海杰']"
IPO,603257,603257,2022,2022-07-05,"['缪志坚', '赵辉']"
IPO,603257,603257,2023,2023-02-10,"['缪志坚', '赵辉']"
IPO,603257,603257,2024,2024-01-12,"['缪志坚', '赵辉']"
IPO,603258,603258,2014,2014-06-06,"['林鹏飞', '徐朗']"
IPO,603258,603258,2016,2016-03-17,"['林鹏飞', '徐朗']"
IPO,603259,603259,2017,2017-07-14,"['金凌云', '石弘隽']"
IPO,603259,603259,2018,2018-02-06,"['金凌云', '石弘隽']"
IPO,603260,603260,2016,2016-01-08,"['李德勇', '费方华']"
IPO,603260,603260,2017,2017-06-16,"['李德勇', '费方华']"
IPO,603261,603261,2019,2019-06-28,"['杨锡光', '胡如昌', '郭东超']"
IPO,603261,603261,2020,2020-04-07,"['杨锡光', '胡如昌', '郭东超']"
IPO,603262,603262,2023,2023-01-13,"['张勇', '白露', '王瀛', '刘大荣', '高峰']"
IPO,603262,603262,2023,2023-03-30,"['张勇', '白露']"
IPO,603262,603262,2024,2024-01-24,"['张勇', '白露', '王瀛', '刘大荣', '高峰']"
IPO,603262,603262,2025,2025-03-27,"['张勇', '白露', '王瀛', '刘大荣', '高峰']"
IPO,603262,603262,2025,2025-04-03,"['张勇', '白露']"
IPO,603262,603262,2025,2025-04-04,"['张勇', '白露', '王瀛']"
IPO,603266,603266,2014,2014-05-28,"['林国雄', '韦军', '林权']"
IPO,603266,603266,2015,2015-11-27,"['林国雄', '韦军', '林权']"
IPO,603267,603267,2017,2017-06-09,"['罗军', '崔迎']"
IPO,603267,603267,2018,2018-01-23,"['罗军', '崔迎']"
IPO,603268,603268,2014,2014-05-27,"['杨文蔚', '何国铨']"
IPO,603269,603269,2015,2015-06-05,"['孙晓爽', '黄海洋', '张爱国', '伍敏']"
IPO,603269,603269,2017,2017-03-31,"['孙晓爽', '黄海洋', '张爱国', '伍敏']"
IPO,603270,603270,2022,2022-07-01,"['张利法', '王东']"
IPO,603270,603270,2023,2023-01-20,"['张利法', '王东']"
IPO,603270,603270,2023,2023-02-28,"['张利法', '王东', '张晓荣', '李应']"
IPO,603271,603271,2022,2022-07-05,"['沈佳盈', '陈亮']"
IPO,603271,603271,2023,2023-02-03,"['沈佳盈', '陈亮']"
IPO,603271,603271,2024,2024-05-24,"['沈佳盈', '陈亮']"
IPO,603271,603271,2024,2024-10-25,"['沈佳盈', '陈亮', '叶卫民']"
IPO,603272,603272,2021,2021-06-28,"['吴翔', '张哲昕', '潘胜国', '王艳', '刘丽娟']"
IPO,603273,603273,2022,2022-06-22,"['陈玉生', '谭鹏']"
IPO,603273,603273,2023,2023-03-02,"['陈玉生', '谭鹏']"
IPO,603275,603275,2022,2022-06-22,"['邓传洲', '何双', '曾红', '朱晓宇']"
IPO,603275,603275,2023,2023-02-28,"['邓传洲', '何双', '曾红', '朱晓宇']"
IPO,603275,603275,2023,2023-06-29,"['邓传洲', '曾红', '朱晓宇']"
IPO,603276,603276,2020,2020-12-21,"['宛云龙', '周文亮', '姚慧茹']"
IPO,603276,603276,2021,2021-01-19,"['宛云龙', '周文亮', '姚慧茹']"
IPO,603276,603276,2022,2022-04-27,"['宛云龙', '周文亮', '姚慧茹']"
IPO,603276,603276,2023,2023-02-28,"['宛云龙', '周文亮', '姚慧茹']"
IPO,603277,603277,2016,2016-06-24,"['沃巍勇', '林诚川']"
IPO,603277,603277,2017,2017-07-14,"['沃巍勇', '林诚川']"
IPO,603278,603278,2016,2016-12-16,"['吕建幕', '刁乃双']"
IPO,603278,603278,2017,2017-09-11,"['吕建幕', '刁乃双']"
IPO,603279,603279,2017,2017-05-26,"['谢卉', '佟环']"
IPO,603279,603279,2018,2018-01-17,"['谢卉', '佟环']"
IPO,603280,603280,2020,2020-12-04,"['张慧玲', '黄思婕']"
IPO,603280,603280,2021,2021-04-29,"['张慧玲', '黄思婕']"
IPO,603281,603281,2021,2021-09-29,"['梁志勇', '许超', '陈中江', '沈云强']"
IPO,603281,603281,2022,2022-02-16,"['梁志勇', '许超', '陈中江', '沈云强']"
IPO,603282,603282,2021,2021-12-14,"['龚晨艳', '刘彬', '李志清']"
IPO,603282,603282,2022,2022-05-09,"['龚晨艳', '刘彬', '李志清']"
IPO,603283,603283,2016,2016-06-17,"['陆士敏', '奚晓茵']"
IPO,603283,603283,2017,2017-11-14,"['陆士敏', '奚晓茵']"
IPO,603284,603284,2025,2025-06-25,"['朱作武', '张小勇', '陈文广', '沈在斌', '洪文胜']"
IPO,603284,603284,2025,2025-12-11,"['朱作武', '张小勇', '陈文广']"
IPO,603285,603285,2022,2022-07-05,"['郁向军', '周仕洪']"
IPO,603285,603285,2023,2023-01-13,"['郁向军', '周仕洪']"
IPO,603285,603285,2023,2023-07-31,"['郁向军', '周仕洪', '王英航']"
IPO,603286,603286,2015,2015-12-25,"['倪国君', '胡友邻']"
IPO,603286,603286,2017,2017-04-20,"['倪国君', '胡友邻']"
IPO,603288,603288,2012,2012-03-19,"['彭菁', '戴小芬']"
IPO,603289,603289,2015,2015-12-11,"['叶卫民', '陈世薇']"
IPO,603289,603289,2017,2017-08-25,"['叶卫民', '陈世薇', '刘勇', '柴山']"
IPO,603290,603290,2018,2018-10-12,"['杨志平', '瞿玉敏']"
IPO,603290,603290,2019,2019-10-25,"['杨志平', '瞿玉敏']"
IPO,603291,603291,2021,2021-07-01,"['李惠丰', '杜娜', '张俊慧']"
IPO,603293,603293,2025,2025-06-20,"['付劲勇', '吴岳松', '张永康']"
IPO,603293,603293,2026,2026-01-13,"['付劲勇', '吴岳松', '张永康']"
IPO,603296,603296,2021,2021-06-28,"['张俊峰', '李颖庆']"
IPO,603296,603296,2022,2022-03-30,"['张俊峰', '李颖庆']"
IPO,603296,603296,2023,2023-02-03,"['张俊峰', '李颖庆']"
IPO,603297,603297,2017,2017-06-30,"['钱仲先', '曹毅']"
IPO,603297,603297,2018,2018-04-04,"['钱仲先', '曹毅']"
IPO,603298,603298,2014,2014-10-11,"['徐晋波', '朱逸宁']"
IPO,603298,603298,2016,2016-07-14,"['徐晋波', '朱逸宁']"
IPO,603299,603299,2014,2014-06-13,"['陈建忠', '章能金']"
IPO,603299,603299,2015,2015-05-29,"['陈建忠', '章能金']"
IPO,603300,603300,2014,2014-06-16,"['朱伟', '胡旭杰']"
IPO,603300,603300,2015,2015-03-11,"['朱伟', '陈小金']"
IPO,603301,603301,2017,2017-05-26,"['贾川', '徐晓峰']"
IPO,603301,603301,2018,2018-01-05,"['贾川', '徐晓峰']"
IPO,603302,603302,2014,2014-05-04,"['王传顺', '刘健']"
IPO,603302,603302,2015,2015-01-29,"['朱海平', '林闻俊']"
IPO,603302,603302,2016,2016-07-01,"['朱海平', '林闻俊']"
IPO,603302,603302,2017,2017-10-24,"['朱海平', '林闻俊']"
IPO,603303,603303,2014,2014-12-19,"['申慧', '廖文坚']"
IPO,603303,603303,2016,2016-10-14,"['申慧', '廖文坚']"
IPO,603305,603305,2016,2016-04-01,"['周海斌', '章祥']"
IPO,603305,603305,2017,2017-05-05,"['周海斌', '章祥']"
IPO,603306,603306,2014,2014-05-30,"['刘桢', '葛勤']"
IPO,603307,603307,2021,2021-11-02,"['姜纯友', '陈益龙']"
IPO,603307,603307,2022,2022-03-01,"['姜纯友', '陈益龙']"
IPO,603308,603308,2012,2012-04-18,"['程志刚', '马章松', '苏静东']"
IPO,603309,603309,2014,2014-04-18,"['王韶华', '洪文伟']"
IPO,603310,603310,2022,2022-06-22,"['李勇平', '李静程', '乔鹏宇']"
IPO,603310,603310,2023,2023-02-28,"['李勇平', '李静程', '乔鹏宇']"
IPO,603310,603310,2024,2024-02-29,"['李勇平', '李静程', '乔鹏宇']"
IPO,603311,603311,2014,2014-05-30,"['邵立新', '王亮']"
IPO,603311,603311,2015,2015-03-13,"['邵立新', '王亮']"
IPO,603312,603312,2023,2023-01-13,"['褚诗炜', '孔令莉', '汪庆', '王莲']"
IPO,603312,603312,2023,2023-11-22,"['褚诗炜', '孔令莉', '汪庆']"
IPO,603313,603313,2014,2014-06-11,"['施其林', '董奇涵']"
IPO,603313,603313,2016,2016-03-11,"['施其林', '卢娅萍']"
IPO,603315,603315,2014,2014-05-19,"['黄志斌', '倪军']"
IPO,603316,603316,2015,2015-07-03,"['周海斌', '章祥', '吴慧']"
IPO,603316,603316,2017,2017-03-24,"['周海斌', '章祥', '吴慧']"
IPO,603317,603317,2014,2014-05-15,"['何勇', '谢芳']"
IPO,603317,603317,2015,2015-04-16,"['何勇', '谢芳']"
IPO,603317,603317,2018,2018-05-25,"['何勇', '谢芳']"
IPO,603318,603318,2014,2014-04-25,"['李友菊', '胡新荣']"
IPO,603319,603319,2014,2014-06-06,"['王强', '余建耀']"
IPO,603319,603319,2016,2016-03-18,"['王强', '余建耀']"
IPO,603320,603320,2014,2014-04-25,"['毕强', '潘素娇']"
IPO,603320,603320,2015,2015-06-19,"['毕强', '潘素娇']"
IPO,603320,603320,2017,2017-03-09,"['毕强', '潘素娇']"
IPO,603321,603321,2016,2016-05-27,"['郭宪明', '蔡畅']"
IPO,603321,603321,2017,2017-05-25,"['郭宪明', '蔡畅']"
IPO,603322,603322,2014,2014-06-30,"['陈锦棋', '韦宗玉']"
IPO,603322,603322,2015,2015-12-17,"['陈锦棋', '韦宗玉']"
IPO,603323,603323,2014,2014-06-30,"['曾浩', '史曼']"
IPO,603323,603323,2016,2016-01-14,"['曾浩', '史曼']"
IPO,603324,603324,2019,2019-10-18,"['章祥', '徐德盛', '徐云平']"
IPO,603324,603324,2020,2020-08-31,"['章祥', '徐德盛', '徐云平']"
IPO,603325,603325,2021,2021-06-21,"['耿磊', '孙洁珺']"
IPO,603325,603325,2022,2022-09-30,"['耿磊', '孙洁珺']"
IPO,603325,603325,2023,2023-03-03,"['耿磊', '孙洁珺']"
IPO,603326,603326,2016,2016-01-08,"['刘燃', '王庆治']"
IPO,603326,603326,2017,2017-04-20,"['刘燃', '王庆治']"
IPO,603327,603327,2017,2017-12-29,"['陈蓁', '陈雅芳']"
IPO,603327,603327,2018,2018-08-29,"['陈蓁', '陈雅芳']"
IPO,603328,603328,2012,2012-04-11,"['裘小燕', '胡志刚']"
IPO,603329,603329,2015,2015-12-25,"['王士玮', '黄洁']"
IPO,603329,603329,2017,2017-05-15,"['王士玮', '黄洁']"
IPO,603330,603330,2015,2015-03-20,"['姚辉', '杨景欣']"
IPO,603330,603330,2016,2016-10-14,"['姚辉', '杨景欣']"
IPO,603331,603331,2015,2015-07-03,"['沈维华', '严燕鸿']"
IPO,603331,603331,2017,2017-05-19,"['沈维华', '严燕鸿']"
IPO,603332,603332,2017,2017-09-29,"['刘勇', '刘一红']"
IPO,603332,603332,2018,2018-08-29,"['刘勇', '刘一红']"
IPO,603333,603333,2011,2011-12-31,"['何晖', '徐兵']"
IPO,603334,603334,2023,2023-06-08,"['潘大亮', '吕肖君']"
IPO,603334,603334,2024,2024-12-31,"['潘大亮', '吕肖君']"
IPO,603334,603334,2025,2025-01-17,"['潘大亮', '吕肖君']"
IPO,603335,603335,2015,2015-07-03,"['杨敢林', '王庆桂']"
IPO,603335,603335,2017,2017-04-21,"['杨敢林', '王庆桂']"
IPO,603336,603336,2014,2014-08-22,"['王旭彬', '张腾']"
IPO,603336,603336,2016,2016-06-29,"['王旭彬', '张腾']"
IPO,603337,603337,2015,2015-03-06,"['沈利刚', '魏琴', '姚丽强']"
IPO,603337,603337,2016,2016-11-16,"['沈利刚', '魏琴', '姚丽强']"
IPO,603338,603338,2014,2014-05-20,"['姚辉', '张松柏', '郭斌']"
IPO,603338,603338,2015,2015-01-09,"['姚辉', '张松柏', '郭斌']"
IPO,603339,603339,2014,2014-05-28,"['赵海荣', '朱国刚', '李士龙']"
IPO,603339,603339,2015,2015-11-23,"['赵海荣', '朱国刚']"
IPO,603341,603341,2015,2015-12-18,"['耿磊', '张扬']"
IPO,603341,603341,2017,2017-12-27,"['耿磊', '张扬']"
IPO,603341,603341,2023,2023-01-06,"['王艳', '李飞', '徐捷', '张扬', '耿磊']"
IPO,603341,603341,2023,2023-12-28,"['王艳', '李飞', '徐捷']"
IPO,603344,603344,2022,2022-07-01,"['钱仲先', '曹毅', '林楠']"
IPO,603344,603344,2023,2023-01-13,"['钱仲先', '曹毅', '林楠']"
IPO,603344,603344,2024,2024-01-11,"['钱仲先', '曹毅']"
IPO,603345,603345,2014,2014-06-20,"['孙冰', '严劼']"
IPO,603345,603345,2016,2016-06-29,"['孙冰', '严劼']"
IPO,603348,603348,2016,2016-04-29,"['李韩冰', '王明丽']"
IPO,603348,603348,2017,2017-12-06,"['李韩冰', '王明丽']"
IPO,603350,603350,2022,2022-06-22,"['邓传洲', '潘祖立', '毛才玉']"
IPO,603350,603350,2023,2023-02-27,"['邓传洲', '毛才玉']"
IPO,603350,603350,2024,2024-03-07,"['邓传洲', '毛才玉']"
IPO,603351,603351,2017,2017-11-24,"['石柱', '沙曙东']"
IPO,603351,603351,2018,2018-04-27,"['石柱', '沙曙东']"
IPO,603352,603352,2025,2025-06-06,"['李飞', '李朝蒙', '侯文海']"
IPO,603353,603353,2017,2017-06-23,"['胡新荣', '朱武']"
IPO,603353,603353,2018,2018-02-05,"['胡新荣', '朱武', '鲁意宏']"
IPO,603355,603355,2014,2014-04-22,"['沈国权', '孙亦涛', '郁振华', '罗东先', '刘向荣', '罗玉成']"
IPO,603355,603355,2015,2015-03-20,"['沈国权', '孙亦涛', '郁振华', '罗东先', '刘向荣', '罗玉成']"
IPO,603356,603356,2016,2016-12-02,"['张克东', '陈军']"
IPO,603356,603356,2017,2017-10-31,"['张克东', '陈军']"
IPO,603357,603357,2015,2015-11-13,"['王静', '黄敬臣', '王书彦']"
IPO,603357,603357,2017,2017-05-15,"['王静', '黄敬臣', '王书彦']"
IPO,603358,603358,2014,2014-12-19,"['沈在斌', '潘汝彬']"
IPO,603358,603358,2016,2016-10-14,"['沈在斌', '潘汝彬']"
IPO,603359,603359,2015,2015-12-25,"['杨雄', '廖家河']"
IPO,603359,603359,2017,2017-05-05,"['杨雄', '廖家河']"
IPO,603360,603360,2014,2014-12-26,"['杨迪航', '谢建民']"
IPO,603360,603360,2016,2016-11-08,"['杨迪航', '肖燕娇']"
IPO,603361,603361,2017,2017-01-13,"['叶卫民', '侯波']"
IPO,603361,603361,2020,2020-11-25,"['宋鑫', '丁煜']"
IPO,603361,603361,2021,2021-07-05,"['宋鑫', '丁煜']"
IPO,603361,603361,2022,2022-04-08,"['宋鑫', '丁煜']"
IPO,603361,603361,2023,2023-03-01,"['叶卫民', '陈世薇', '宋鑫', '丁煜']"
IPO,603361,603361,2023,2023-08-03,"['宋鑫', '丁煜']"
IPO,603363,603363,2016,2016-05-27,"['胡素萍', '张慧玲']"
IPO,603363,603363,2017,2017-08-07,"['胡素萍', '张慧玲']"
IPO,603365,603365,2016,2016-04-29,"['孟荣芳', '饶海兵']"
IPO,603365,603365,2017,2017-08-11,"['孟荣芳', '饶海兵', '李元平']"
IPO,603366,603366,2012,2012-02-10,"['涂振连', '潘汝彬']"
IPO,603367,603367,2014,2014-05-19,"['何政', '于希庆']"
IPO,603367,603367,2016,2016-01-14,"['何政', '于希庆']"
IPO,603367,603367,2017,2017-06-16,"['何政', '于希庆']"
IPO,603368,603368,2014,2014-04-25,"['王晓清', '覃丽君', '吴慈英', '揭亚容']"
IPO,603369,603369,2014,2014-04-24,"['章归鸿', '毛平平']"
IPO,603370,603370,2023,2023-01-13,"['赵焕琪', '赵超']"
IPO,603370,603370,2024,2024-01-17,"['赵焕琪', '赵超']"
IPO,603370,603370,2024,2024-12-30,"['林志忠', '许玉霞', '张鹏鹏']"
IPO,603370,603370,2025,2025-05-26,"['林志忠', '许玉霞', '张鹏鹏']"
IPO,603373,603373,2021,2021-12-14,"['陈焱鑫', '梁政洪']"
IPO,603373,603373,2022,2022-05-19,"['陈焱鑫', '梁政洪']"
IPO,603373,603373,2023,2023-03-02,"['陈焱鑫', '梁政洪']"
IPO,603375,603375,2021,2021-06-30,"['冉士龙', '陈勇', '袁慧馨']"
IPO,603375,603375,2022,2022-06-22,"['陈勇', '袁慧馨', '徐敏']"
IPO,603375,603375,2023,2023-01-13,"['陈勇', '袁慧馨', '徐敏']"
IPO,603376,603376,2023,2023-01-06,"['李生敏', '吴舜', '刘朝木']"
IPO,603376,603376,2024,2024-01-24,"['李生敏', '吴舜', '刘朝木']"
IPO,603376,603376,2025,2025-07-18,"['李生敏', '吴舜', '刘朝木']"
IPO,603377,603377,2014,2014-05-27,"['廖家河', '张丽芳']"
IPO,603377,603377,2015,2015-04-09,"['廖家河', '张丽芳']"
IPO,603378,603378,2015,2015-03-20,"['王士玮', '鲁晓华']"
IPO,603378,603378,2016,2016-10-14,"['王士玮', '鲁晓华']"
IPO,603379,603379,2017,2017-01-13,"['朱伟', '唐吉鸿', '董晓鹏']"
IPO,603379,603379,2018,2018-10-18,"['朱伟', '唐吉鸿', '董晓鹏']"
IPO,603380,603380,2016,2016-04-01,"['王广旭', '杨春祥']"
IPO,603380,603380,2017,2017-05-05,"['王广旭', '杨春祥']"
IPO,603381,603381,2023,2023-04-04,"['汪娟', '梅花', '高慧', '王巍']"
IPO,603381,603381,2024,2024-02-22,"['汪娟', '梅花', '高慧']"
IPO,603382,603382,2023,2023-06-30,"['陈晓华', '王陈燕', '陈龙']"
IPO,603382,603382,2024,2024-01-24,"['陈晓华', '王陈燕', '陈龙']"
IPO,603382,603382,2025,2025-02-06,"['陈晓华', '王陈燕', '陈龙']"
IPO,603383,603383,2015,2015-11-13,"['刘维', '廖金辉']"
IPO,603383,603383,2017,2017-03-31,"['刘维', '廖金辉']"
IPO,603385,603385,2015,2015-05-08,"['周学民', '王军']"
IPO,603385,603385,2017,2017-01-13,"['周学民', '王军']"
IPO,603386,603386,2016,2016-05-27,"['张媛媛', '王广旭']"
IPO,603386,603386,2017,2017-07-07,"['张媛媛', '王广旭']"
IPO,603387,603387,2015,2015-11-13,"['谢军', '叶庚波']"
IPO,603387,603387,2017,2017-05-15,"['谢军', '叶庚波']"
IPO,603388,603388,2014,2014-10-11,"['施其林', '莫文斌']"
IPO,603388,603388,2016,2016-07-14,"['施其林', '莫文斌']"
IPO,603389,603389,2015,2015-11-25,"['李友菊', '潘胜国']"
IPO,603390,603390,2018,2018-06-29,"['禤文欣', '黎永键']"
IPO,603390,603390,2019,2019-01-28,"['禤文欣', '黎永键']"
IPO,603391,603391,2022,2022-07-05,"['张建新', '杨金晓', '王徐明']"
IPO,603391,603391,2023,2023-03-01,"['张建新', '杨金晓', '王徐明']"
IPO,603391,603391,2024,2024-02-01,"['张建新', '杨金晓', '王徐明']"
IPO,603392,603392,2016,2016-06-24,"['杨敢林', '张莉萍']"
IPO,603392,603392,2018,2018-11-16,"['杨敢林', '张莉萍']"
IPO,603392,603392,2019,2019-06-06,"['杨敢林', '张莉萍']"
IPO,603393,603393,2015,2015-04-03,"['黄丽琼', '魏云锋']"
IPO,603393,603393,2016,2016-04-05,"['黄丽琼', '魏云锋']"
IPO,603395,603395,2022,2022-07-05,"['黄亚琼', '罗君', '张欢欢']"
IPO,603395,603395,2023,2023-03-01,"['黄亚琼', '罗君', '张欢欢']"
IPO,603395,603395,2024,2024-01-19,"['黄亚琼', '罗君', '张欢欢']"
IPO,603396,603396,2015,2015-05-08,"['宫国超', '王丽艳']"
IPO,603396,603396,2017,2017-03-16,"['宫国超', '王丽艳']"
IPO,603398,603398,2014,2014-06-25,"['季丰', '姜纯友']"
IPO,603398,603398,2015,2015-05-29,"['季丰', '姜纯友']"
IPO,603399,603399,2012,2012-03-02,"['赵斌', '祁涛']"
IPO,603400,603400,2020,2020-09-28,"['刘勇', '刘一红']"
IPO,603400,603400,2021,2021-01-29,"['刘勇', '刘一红']"
IPO,603400,603400,2022,2022-05-12,"['刘勇', '刘一红']"
IPO,603400,603400,2023,2023-01-13,"['周立新', '汪婷']"
IPO,603400,603400,2024,2024-01-30,"['周立新', '汪婷']"
IPO,603400,603400,2025,2025-03-21,"['周立新', '汪婷']"
IPO,603402,603402,2020,2020-12-25,"['徐秉惠', '邵小军']"
IPO,603402,603402,2021,2021-06-24,"['徐秉惠', '邵小军']"
IPO,603402,603402,2025,2025-05-30,"['牟宇红', '范晓玲', '邵小军', '徐秉惠']"
IPO,603402,603402,2025,2025-11-07,"['牟宇红', '范晓玲']"
IPO,603406,603406,2023,2023-06-09,"['党小安', '王晓蔷', '王浩杰']"
IPO,603406,603406,2024,2024-06-29,"['党小安', '王晓蔷', '王浩杰']"
IPO,603406,603406,2024,2024-11-02,"['廖传宝', '张欢欢', '陈晨']"
IPO,603406,603406,2025,2025-04-16,"['廖传宝', '张欢欢', '吕战男', '陈晨']"
IPO,603406,603406,2025,2025-04-23,"['廖传宝', '张欢欢', '陈晨']"
IPO,603407,603407,2025,2025-05-21,"['袁涛', '颜可意', '孙东岳']"
IPO,603407,603407,2026,2026-01-09,"['袁涛', '颜可意', '孙东岳']"
IPO,603408,603408,2019,2019-05-24,"['叶金福', '郝光伟']"
IPO,603409,603409,2020,2020-06-29,"['郑少杰', '沈童']"
IPO,603409,603409,2021,2021-01-14,"['郑少杰', '沈童']"
IPO,603409,603409,2023,2023-01-06,"['郭凯', '沈童', '宗志迅']"
IPO,603409,603409,2024,2024-12-06,"['郭凯', '沈童', '宗志迅']"
IPO,603416,603416,2014,2014-06-27,"['刘剑华', '邓登峰']"
IPO,603416,603416,2016,2016-06-30,"['刘剑华', '邓登峰']"
IPO,603418,603418,2021,2021-06-21,"['张坚', '党小安', '周垚', '邱君静']"
IPO,603418,603418,2023,2023-12-30,"['周垚', '肖小军', '嵇道伟', '张坚', '邱君静']"
IPO,603418,603418,2024,2024-01-29,"['周垚', '肖小军', '嵇道伟', '张坚', '邱君静']"
IPO,603418,603418,2024,2024-12-26,"['章祥', '葛朋']"
IPO,603418,603418,2025,2025-05-19,"['章祥', '葛朋']"
IPO,603421,603421,2014,2014-05-05,"['张明益', '聂志强']"
IPO,603421,603421,2015,2015-06-23,"['聂志强', '李辉华']"
IPO,603429,603429,2016,2016-06-17,"['吕勇军', '刘力争', '李芳']"
IPO,603435,603435,2025,2025-11-06,"['黄印强', '陈丽红', '陈咪']"
IPO,603435,603435,2026,2026-01-14,"['黄印强', '陈丽红', '陈咪']"
IPO,603439,603439,2018,2018-12-21,"['张再鸿', '王晓明']"
IPO,603439,603439,2019,2019-08-14,"['张再鸿', '王晓明']"
IPO,603444,603444,2014,2014-06-06,"['周俊超', '邱小娇']"
IPO,603444,603444,2015,2015-11-23,"['周俊超', '邱小娇']"
IPO,603456,603456,2014,2014-05-07,"['毛晓东', '宁一锋']"
IPO,603458,603458,2016,2016-01-08,"['张再鸿', '王晓明', '陈世贵', '何坚']"
IPO,603458,603458,2017,2017-05-19,"['张再鸿', '王晓明', '陈世贵', '何坚']"
IPO,603459,603459,2025,2025-06-28,"['邢向宗', '王佳']"
IPO,603466,603466,2016,2016-07-01,"['胡建军', '周垚']"
IPO,603466,603466,2017,2017-08-28,"['胡建军', '哈长虹', '祁丽丽']"
IPO,603468,603468,2025,2025-12-24,"['王娜', '王幈']"
IPO,603468,603468,2026,2026-01-22,"['王娜', '王幈']"
IPO,603477,603477,2017,2017-04-21,"['聂勇', '郭春林']"
IPO,603486,603486,2017,2017-02-10,"['方晓杰', '董君楠', '梁晓燕', '薛燕']"
IPO,603488,603488,2015,2015-07-03,"['楼光华', '赵永梅']"
IPO,603488,603488,2017,2017-03-31,"['楼光华', '赵永梅']"
IPO,603489,603489,2018,2018-06-29,"['施琪璋', '李飞']"
IPO,603496,603496,2015,2015-06-26,"['李文祥', '刘磊']"
IPO,603496,603496,2017,2017-03-09,"['李文祥', '刘磊']"
IPO,603499,603499,2016,2016-06-03,"['应建德', '聂师']"
IPO,603499,603499,2017,2017-07-21,"['应建德', '聂师']"
IPO,603500,603500,2016,2016-05-20,"['毛晓东', '宁一锋']"
IPO,603500,603500,2017,2017-05-25,"['毛晓东', '宁一锋']"
IPO,603501,603501,2015,2015-06-19,"['陈竑', '戴金燕']"
IPO,603501,603501,2017,2017-03-16,"['陈竑', '戴金燕']"
IPO,603505,603505,2014,2014-06-27,"['王强', '翁志刚']"
IPO,603505,603505,2017,2017-03-16,"['王强', '翁志刚']"
IPO,603506,603506,2016,2016-07-01,"['黄元喜', '柯宗地']"
IPO,603506,603506,2017,2017-10-31,"['黄元喜', '柯宗地']"
IPO,603507,603507,2016,2016-06-24,"['潘永祥', '夏利忠', '宋斌']"
IPO,603507,603507,2017,2017-07-31,"['潘永祥', '夏利忠', '宋斌']"
IPO,603508,603508,2014,2014-05-27,"['陆士敏', '吴萃柿']"
IPO,603508,603508,2015,2015-05-15,"['陆士敏', '吴萃柿']"
IPO,603511,603511,2020,2020-06-24,"['于长江', '周兰更']"
IPO,603515,603515,2014,2014-05-05,"['宣宜辰', '何岚']"
IPO,603515,603515,2015,2015-06-29,"['宣宜辰', '何岚']"
IPO,603516,603516,2017,2017-05-26,"['王友业', '强桂英']"
IPO,603517,603517,2014,2014-09-26,"['康顺平', '钟炽兵', '彭惠']"
IPO,603517,603517,2016,2016-06-29,"['康顺平', '钟炽兵']"
IPO,603518,603518,2014,2014-04-30,"['张彩斌', '王印庆']"
IPO,603519,603519,2014,2014-06-18,"['赵焕琪', '王翔']"
IPO,603520,603520,2014,2014-04-30,"['严善明', '李正卫']"
IPO,603520,603520,2015,2015-06-11,"['严善明', '李正卫']"
IPO,603527,603527,2016,2016-04-29,"['张婕', '刘勇', '姚海士']"
IPO,603527,603527,2017,2017-07-07,"['张婕', '刘勇', '姚海士']"
IPO,603528,603528,2014,2014-04-29,"['陈建忠', '顾春华']"
IPO,603528,603528,2015,2015-06-08,"['陈建忠', '顾春华']"
IPO,603529,603529,2018,2018-06-29,"['张炯', '曹绮冰']"
IPO,603529,603529,2019,2019-09-05,"['张炯', '曹绮冰']"
IPO,603530,603530,2017,2017-12-29,"['叶骏', '马燕', '孙伟', '顾春华']"
IPO,603530,603530,2018,2018-11-14,"['叶骏', '马燕', '孙伟', '顾春华']"
IPO,603533,603533,2016,2016-06-17,"['林万强', '曹创', '潘新华']"
IPO,603533,603533,2017,2017-07-07,"['林万强', '曹创', '潘新华']"
IPO,603535,603535,2015,2015-12-04,"['陈昭', '林恒新']"
IPO,603535,603535,2017,2017-06-09,"['陈昭', '林恒新']"
IPO,603536,603536,2015,2015-05-29,"['刘学伟', '姜峰']"
IPO,603536,603536,2017,2017-04-07,"['刘学伟', '姜峰']"
IPO,603538,603538,2014,2014-11-28,"['朱伟', '陈科举', '倪金林']"
IPO,603538,603538,2017,2017-02-22,"['朱伟', '陈科举', '倪金林']"
IPO,603551,603551,2018,2018-06-08,"['叶卫民', '闫志勇', '李锟']"
IPO,603555,603555,2012,2012-03-30,"['李瑛', '章天赐', '章为纲', '乐之立']"
IPO,603556,603556,2014,2014-05-05,"['汤哲辉', '蔡玉']"
IPO,603556,603556,2016,2016-04-15,"['汤哲辉', '蔡玉']"
IPO,603557,603557,2016,2016-05-27,"['何华峰', '安霞']"
IPO,603557,603557,2017,2017-06-29,"['何华峰', '安霞']"
IPO,603558,603558,2014,2014-05-06,"['程志刚', '吕安吉']"
IPO,603559,603559,2014,2014-06-27,"['于涛', '付平']"
IPO,603559,603559,2016,2016-06-29,"['于涛', '付平']"
IPO,603565,603565,2019,2019-04-04,"['吴传刚', '郑纪安', '刘维']"
IPO,603565,603565,2020,2020-04-20,"['吴传刚', '郑纪安', '廖金辉', '郑纪安']"
IPO,603566,603566,2012,2012-08-23,"['姚辉', '张松柏', '林雯英']"
IPO,603566,603566,2014,2014-06-30,"['姚辉', '张松柏', '林雯英']"
IPO,603566,603566,2015,2015-03-11,"['姚辉', '张松柏', '林雯英']"
IPO,603567,603567,2014,2014-04-30,"['李宝玉', '张文胜']"
IPO,603568,603568,2014,2014-06-06,"['李惠丰', '邓红玉']"
IPO,603569,603569,2014,2014-05-05,"['张昆', '宗承勇']"
IPO,603569,603569,2015,2015-12-28,"['张昆', '宗承勇']"
IPO,603577,603577,2014,2014-10-11,"['张敬鸿', '庞勇']"
IPO,603577,603577,2016,2016-07-29,"['张敬鸿', '庞勇']"
IPO,603578,603578,2015,2015-04-03,"['贾川', '许安平']"
IPO,603578,603578,2016,2016-12-14,"['俞佳南', '许安平']"
IPO,603579,603579,2014,2014-11-21,"['黄继佳', '于薇薇']"
IPO,603579,603579,2016,2016-11-10,"['黄继佳', '于薇薇']"
IPO,603580,603580,2015,2015-03-27,"['王书阁', '李东昕']"
IPO,603580,603580,2016,2016-12-27,"['王书阁', '李东昕']"
IPO,603583,603583,2016,2016-09-09,"['沈利刚', '陶书成']"
IPO,603583,603583,2017,2017-12-12,"['沈利刚', '陶书成']"
IPO,603585,603585,2014,2014-09-19,"['连向阳', '曹智春']"
IPO,603585,603585,2016,2016-06-30,"['连向阳', '曹智春']"
IPO,603586,603586,2015,2015-06-19,"['裘小燕', '刘国荣']"
IPO,603586,603586,2017,2017-02-17,"['裘小燕', '刘国荣']"
IPO,603587,603587,2015,2015-11-13,"['黄晔', '施朝禺']"
IPO,603587,603587,2017,2017-04-28,"['黄晔', '施朝禺']"
IPO,603588,603588,2014,2014-05-06,"['郑建彪', '曹阳']"
IPO,603589,603589,2014,2014-05-14,"['占铁华', '熊明峰']"
IPO,603589,603589,2015,2015-03-27,"['占铁华', '熊明峰', '栾艳鹏']"
IPO,603590,603590,2016,2016-12-30,"['熊永忠', '杨新春']"
IPO,603590,603590,2018,2018-02-06,"['熊永忠', '杨新春']"
IPO,603595,603595,2016,2016-04-15,"['刘勇', '许俊']"
IPO,603595,603595,2017,2017-05-15,"['刘勇', '许俊']"
IPO,603596,603596,2017,2017-03-31,"['付劲勇', '郑少杰', '王凤艳']"
IPO,603596,603596,2018,2018-01-09,"['付劲勇', '郑少杰', '王凤艳']"
IPO,603598,603598,2014,2014-06-16,"['朱海武', '师玉春']"
IPO,603598,603598,2015,2015-03-31,"['朱海武', '师玉春']"
IPO,603599,603599,2014,2014-04-29,"['张全心', '罗周彬']"
IPO,603599,603599,2015,2015-03-24,"['张全心', '施琪璋']"
IPO,603600,603600,2014,2014-05-19,"['沃巍勇', '周晨']"
IPO,603601,603601,2014,2014-06-20,"['申军', '唐洪春']"
IPO,603602,603602,2014,2014-06-03,"['吕瑛群', '耿振']"
IPO,603602,603602,2015,2015-03-31,"['吕瑛群', '耿振']"
IPO,603602,603602,2016,2016-06-24,"['吕瑛群', '耿振']"
IPO,603602,603602,2017,2017-06-26,"['吕瑛群', '耿振']"
IPO,603603,603603,2014,2014-05-30,"['朱海武', '王振伟']"
IPO,603603,603603,2016,2016-07-14,"['朱海武', '王振伟']"
IPO,603605,603605,2016,2016-05-27,"['翁伟', '尹志彬']"
IPO,603605,603605,2017,2017-09-11,"['翁伟', '尹志彬']"
IPO,603606,603606,2014,2014-04-25,"['胡建军', '金国华', '周琳', '李钢', '方苏清']"
IPO,603607,603607,2016,2016-11-11,"['林鹏飞', '金刚锋']"
IPO,603607,603607,2017,2017-08-25,"['林鹏飞', '金刚锋']"
IPO,603608,603608,2014,2014-04-30,"['王斌', '陈建翔']"
IPO,603608,603608,2015,2015-06-11,"['王斌', '陈建翔']"
IPO,603609,603609,2012,2012-05-17,"['林雷', '周家文']"
IPO,603609,603609,2014,2014-04-29,"['林雷', '周家文']"
IPO,603610,603610,2018,2018-07-06,"['赵海荣', '陈勃']"
IPO,603610,603610,2019,2019-01-28,"['赵海荣', '陈勃']"
IPO,603611,603611,2014,2014-04-18,"['葛徐', '江娟']"
IPO,603612,603612,2014,2014-05-06,"['呙华文', '李赟莘']"
IPO,603612,603612,2014,2014-08-27,"['呙华文', '钟永和']"
IPO,603612,603612,2016,2016-01-08,"['呙华文', '李赟莘']"
IPO,603612,603612,2017,2017-05-19,"['呙华文', '李赟莘']"
IPO,603613,603613,2017,2017-09-29,"['郭健', '王晓燕']"
IPO,603613,603613,2018,2018-04-13,"['郭健', '王晓燕']"
IPO,603615,603615,2015,2015-03-20,"['郑基', '张伟']"
IPO,603615,603615,2016,2016-11-15,"['郑基', '张伟']"
IPO,603616,603616,2014,2014-05-19,"['关黎明', '叶聿稳']"
IPO,603616,603616,2015,2015-04-30,"['关黎明', '叶聿稳']"
IPO,603617,603617,2016,2016-02-05,"['沈利刚', '魏琴', '陈瑜']"
IPO,603617,603617,2017,2017-05-15,"['沈利刚', '魏琴', '陈瑜']"
IPO,603618,603618,2014,2014-05-06,"['叶卫民', '陈世薇']"
IPO,603619,603619,2015,2015-11-13,"['姚辉', '杨景欣', '王佳良']"
IPO,603619,603619,2017,2017-04-13,"['姚辉', '杨景欣', '王佳良']"
IPO,603626,603626,2014,2014-12-12,"['耿磊', '张扬']"
IPO,603626,603626,2016,2016-11-18,"['耿磊', '张扬']"
IPO,603628,603628,2014,2014-06-26,"['蒋倩倩', '王懿']"
IPO,603628,603628,2015,2015-04-16,"['蒋倩倩', '王懿']"
IPO,603629,603629,2017,2017-06-30,"['孙文军', '林旺']"
IPO,603629,603629,2018,2018-03-22,"['孙文军', '林旺']"
IPO,603630,603630,2015,2015-04-03,"['洪文伟', '陈丹燕']"
IPO,603630,603630,2016,2016-12-28,"['洪文伟', '陈丹燕']"
IPO,603633,603633,2014,2014-06-27,"['李永利', '贺梦然']"
IPO,603633,603633,2016,2016-05-12,"['李永利', '贺梦然']"
IPO,603636,603636,2014,2014-05-06,"['张福明', '林力']"
IPO,603637,603637,2014,2014-11-14,"['胡燕华', '潘晶晶']"
IPO,603637,603637,2016,2016-07-14,"['胡燕华', '潘晶晶']"
IPO,603638,603638,2014,2014-11-21,"['汤其美', '刘剑华']"
IPO,603638,603638,2016,2016-11-10,"['汤其美', '刘剑华']"
IPO,603639,603639,2014,2014-06-09,"['杨勇', '朱涛']"
IPO,603639,603639,2015,2015-11-27,"['杨勇', '朱涛']"
IPO,603648,603648,2015,2015-12-25,"['胡建军', '汪娟']"
IPO,603648,603648,2017,2017-04-28,"['胡建军', '王兴华', '周垚']"
IPO,603650,603650,2017,2017-06-30,"['汤哲辉', '杨晓燕']"
IPO,603650,603650,2018,2018-03-09,"['汤哲辉', '杨晓燕']"
IPO,603655,603655,2016,2016-07-01,"['赵勇', '胡国仁']"
IPO,603655,603655,2017,2017-09-29,"['赵勇', '胡国仁']"
IPO,603656,603656,2015,2015-03-27,"['廖传宝', '胡乃鹏', '鲍光荣', '朱宗瑞', '宋文', '郑婷婷']"
IPO,603656,603656,2016,2016-12-14,"['廖传宝', '胡乃鹏', '鲍光荣', '朱宗瑞', '宋文', '郑婷婷']"
IPO,603657,603657,2017,2017-07-14,"['李德勇', '梁志勇']"
IPO,603657,603657,2018,2018-02-27,"['李德勇', '梁志勇']"
IPO,603658,603658,2014,2014-06-10,"['张宏敏', '王猛']"
IPO,603658,603658,2015,2015-11-27,"['张宏敏', '王猛']"
IPO,603659,603659,2016,2016-06-17,"['李勉', '何海燕']"
IPO,603659,603659,2017,2017-07-14,"['李勉', '何海燕']"
IPO,603660,603660,2014,2014-05-05,"['游世秋', '章能金']"
IPO,603660,603660,2015,2015-12-28,"['游世秋', '章能金']"
IPO,603661,603661,2016,2016-12-02,"['卢娅萍', '唐彬彬', '张建东']"
IPO,603661,603661,2017,2017-09-18,"['卢娅萍', '唐彬彬', '张建东']"
IPO,603662,603662,2017,2017-07-14,"['罗国芳', '陈炎']"
IPO,603662,603662,2018,2018-10-12,"['罗国芳', '陈炎']"
IPO,603663,603663,2014,2014-05-06,"['刘凤美', '隋国君']"
IPO,603663,603663,2015,2015-11-24,"['刘凤美', '隋国君']"
IPO,603665,603665,2015,2015-01-09,"['周海斌', '章祥']"
IPO,603665,603665,2016,2016-11-15,"['周海斌', '章祥']"
IPO,603666,603666,2017,2017-03-31,"['陈晓龙', '娄新洁', '陈莉', '蔡卫华']"
IPO,603666,603666,2018,2018-01-26,"['陈晓龙', '娄新洁', '陈莉', '蔡卫华']"
IPO,603667,603667,2014,2014-05-05,"['李德勇', '陈中江']"
IPO,603667,603667,2016,2016-03-31,"['李德勇', '陈中江']"
IPO,603668,603668,2014,2014-10-11,"['胡素萍', '吴莉莉']"
IPO,603668,603668,2016,2016-07-14,"['胡素萍', '吴莉莉']"
IPO,603669,603669,2014,2014-06-27,"['林国雄', '陆俊洁']"
IPO,603669,603669,2015,2015-03-11,"['林国雄', '陆俊洁']"
IPO,603676,603676,2016,2016-12-02,"['张富根', '徐伟东']"
IPO,603676,603676,2017,2017-06-02,"['张富根', '徐伟东']"
IPO,603677,603677,2014,2014-11-28,"['贾川', '徐晓峰']"
IPO,603677,603677,2016,2016-11-08,"['贾川', '徐晓峰']"
IPO,603678,603678,2014,2014-06-05,"['李建彬', '陈勇']"
IPO,603679,603679,2015,2015-07-03,"['罗东先', '唐松柏']"
IPO,603679,603679,2017,2017-03-02,"['罗东先', '唐松柏']"
IPO,603680,603680,2015,2015-06-05,"['朱清滨', '袁涛']"
IPO,603680,603680,2017,2017-03-31,"['朱清滨', '袁涛']"
IPO,603681,603681,2017,2017-06-30,"['黄继佳', '于薇薇']"
IPO,603681,603681,2018,2018-04-09,"['黄继佳', '于薇薇']"
IPO,603682,603682,2014,2014-06-20,"['庄继宁', '任家虎']"
IPO,603682,603682,2015,2015-06-23,"['庄继宁', '任家虎']"
IPO,603682,603682,2016,2016-12-30,"['庄继宁', '任家虎']"
IPO,603682,603682,2017,2017-10-31,"['庄继宁', '任家虎']"
IPO,603682,603682,2018,2018-12-28,"['庄继宁', '任家虎']"
IPO,603682,603682,2019,2019-08-16,"['庄继宁', '任家虎']"
IPO,603683,603683,2015,2015-12-25,"['陆德忠', '钱俊峰']"
IPO,603683,603683,2017,2017-08-21,"['陆德忠', '钱俊峰']"
IPO,603685,603685,2016,2016-11-18,"['沃巍勇', '黄加才']"
IPO,603685,603685,2017,2017-09-04,"['沃巍勇', '黄加才']"
IPO,603686,603686,2014,2014-04-18,"['盛伟明', '虞婷婷']"
IPO,603687,603687,2017,2017-12-29,"['张建新', '周康康']"
IPO,603687,603687,2018,2018-11-14,"['张建新', '周康康']"
IPO,603688,603688,2012,2012-04-24,"['高峰', '孔令江']"
IPO,603689,603689,2014,2014-06-18,"['王静', '杨少杰']"
IPO,603689,603689,2016,2016-05-06,"['王静', '姚木霞']"
IPO,603690,603690,2014,2014-05-14,"['孙立倩', '孙红艳']"
IPO,603690,603690,2016,2016-10-26,"['孙立倩', '孙红艳']"
IPO,603693,603693,2017,2017-06-30,"['骆竞', '王艳艳']"
IPO,603693,603693,2018,2018-01-19,"['骆竞', '王艳艳']"
IPO,603696,603696,2014,2014-04-25,"['童益恭', '黄国香']"
IPO,603696,603696,2015,2015-05-28,"['童益恭', '黄国香']"
IPO,603697,603697,2015,2015-12-18,"['侯黎明', '陈萌']"
IPO,603697,603697,2017,2017-12-27,"['侯黎明', '陈萌']"
IPO,603698,603698,2014,2014-04-24,"['王宏利', '聂燕才']"
IPO,603699,603699,2012,2012-04-11,"['顾红雨', '蒋懿']"
IPO,603700,603700,2017,2017-06-09,"['罗国芳', '王哲斌']"
IPO,603700,603700,2018,2018-01-26,"['罗国芳', '王哲斌']"
IPO,603701,603701,2014,2014-04-22,"['林国雄', '许松飞', '陈星照']"
IPO,603701,603701,2015,2015-06-17,"['林国雄', '许松飞', '陈星照']"
IPO,603703,603703,2014,2014-04-30,"['杨建平', '高峰', '周海斌', '吴慧芳']"
IPO,603703,603703,2015,2015-02-04,"['杨建平', '高峰', '周海斌']"
IPO,603706,603706,2017,2017-06-16,"['杨雄', '惠增强']"
IPO,603706,603706,2018,2018-01-19,"['杨雄', '惠增强']"
IPO,603707,603707,2016,2016-03-25,"['常桂华', '陈腊梅']"
IPO,603707,603707,2017,2017-06-05,"['常桂华', '鲍伦虎']"
IPO,603708,603708,2014,2014-06-27,"['占铁华', '肖桂莲', '陈谋林']"
IPO,603708,603708,2016,2016-06-29,"['占铁华', '肖桂莲', '陈谋林']"
IPO,603709,603709,2016,2016-06-24,"['沃巍勇', '周晨']"
IPO,603709,603709,2017,2017-10-24,"['沃巍勇', '周晨']"
IPO,603711,603711,2015,2015-11-13,"['朱伟', '陈小金', '刘志勇']"
IPO,603711,603711,2017,2017-04-20,"['朱伟', '陈小金', '刘志勇']"
IPO,603712,603712,2016,2016-12-23,"['王友业', '强桂英']"
IPO,603712,603712,2017,2017-12-19,"['王友业', '强桂英']"
IPO,603713,603713,2017,2017-07-07,"['叶慧', '郭海龙']"
IPO,603713,603713,2018,2018-03-19,"['叶慧', '郭海龙']"
IPO,603716,603716,2014,2014-06-27,"['肖峰', '代娟']"
IPO,603716,603716,2016,2016-05-20,"['肖峰', '代娟']"
IPO,603717,603717,2015,2015-06-26,"['李文祥', '刘磊']"
IPO,603717,603717,2016,2016-11-18,"['李文祥', '刘磊']"
IPO,603718,603718,2014,2014-05-09,"['潘敏', '叶胜平']"
IPO,603718,603718,2015,2015-03-11,"['潘敏', '叶胜平']"
IPO,603719,603719,2018,2018-06-29,"['钱进', '赵波']"
IPO,603719,603719,2019,2019-01-11,"['钱进', '赵波']"
IPO,603721,603721,2015,2015-06-26,"['潘新华', '欧昌献']"
IPO,603721,603721,2017,2017-03-24,"['潘新华', '欧昌献']"
IPO,603722,603722,2016,2016-01-08,"['韩瑞红', '刘淑云']"
IPO,603722,603722,2017,2017-05-19,"['韩瑞红', '刘淑云']"
IPO,603725,603725,2015,2015-11-13,"['王翼初', '徐聃']"
IPO,603725,603725,2017,2017-07-14,"['王翼初', '徐聃']"
IPO,603726,603726,2014,2014-04-25,"['林国雄', '韦军']"
IPO,603726,603726,2015,2015-06-29,"['林国雄', '韦军']"
IPO,603727,603727,2014,2014-06-27,"['张良文', '郁向军', '王英航']"
IPO,603727,603727,2016,2016-05-13,"['张良文', '郁向军', '王英航']"
IPO,603728,603728,2015,2015-06-26,"['孙勇', '朱依君']"
IPO,603728,603728,2017,2017-03-16,"['孙勇', '朱依君']"
IPO,603729,603729,2014,2014-06-16,"['支力', '常明']"
IPO,603730,603730,2014,2014-04-28,"['张俊峰', '欧阳丹']"
IPO,603730,603730,2014,2014-06-05,"['李惠丰', '孙峰']"
IPO,603730,603730,2015,2015-06-26,"['李惠丰', '孙峰']"
IPO,603730,603730,2017,2017-05-05,"['李惠丰', '孙峰']"
IPO,603733,603733,2017,2017-03-17,"['严海锋', '何斯雯']"
IPO,603733,603733,2018,2018-02-06,"['严海锋', '何斯雯']"
IPO,603737,603737,2014,2014-06-24,"['林新田', '张忠明']"
IPO,603737,603737,2015,2015-11-27,"['林新田', '张忠明']"
IPO,603738,603738,2014,2014-05-28,"['杨红青', '王涛']"
IPO,603738,603738,2015,2015-07-01,"['杨红青', '王涛']"
IPO,603739,603739,2017,2017-07-07,"['王传顺', '胡乃忠']"
IPO,603739,603739,2018,2018-04-17,"['王传顺', '胡乃忠']"
IPO,603755,603755,2017,2017-06-30,"['刁乃双', '吕建幕']"
IPO,603755,603755,2018,2018-04-12,"['刁乃双', '吕建幕']"
IPO,603757,603757,2016,2016-01-08,"['李惠丰', '钟建栋', '王克平']"
IPO,603757,603757,2017,2017-05-19,"['李惠丰', '钟建栋', '王克平']"
IPO,603758,603758,2015,2015-05-22,"['阮响华', '李元良']"
IPO,603758,603758,2017,2017-03-01,"['阮响华', '李元良']"
IPO,603759,603759,2019,2019-06-28,"['王仁平', '林苇铭']"
IPO,603759,603759,2020,2020-06-19,"['王仁平', '林苇铭']"
IPO,603766,603766,2012,2012-03-08,"['郭东超', '佘爱民']"
IPO,603767,603767,2015,2015-11-13,"['叶卫民', '赖兴恺']"
IPO,603767,603767,2017,2017-04-07,"['叶卫民', '赖兴恺']"
IPO,603768,603768,2015,2015-04-24,"['王静', '熊江波']"
IPO,603768,603768,2016,2016-12-01,"['王静', '熊江波']"
IPO,603773,603773,2017,2017-05-26,"['龙哲', '桑玲玲']"
IPO,603773,603773,2018,2018-01-12,"['龙哲', '桑玲玲']"
IPO,603776,603776,2015,2015-06-26,"['涂振连', '叶文广']"
IPO,603776,603776,2017,2017-03-24,"['涂振连', '叶文广']"
IPO,603777,603777,2014,2014-04-21,"['孙冰', '吴震东', '麦福伦']"
IPO,603777,603777,2015,2015-07-03,"['孙冰', '吴震东', '麦福伦']"
IPO,603778,603778,2014,2014-06-24,"['黄迎', '王欣']"
IPO,603778,603778,2015,2015-06-05,"['黄迎', '王欣']"
IPO,603779,603779,2014,2014-04-30,"['王会栓', '吴兴华']"
IPO,603779,603779,2015,2015-06-03,"['王会栓', '吴延柱']"
IPO,603786,603786,2017,2017-12-29,"['任远', '陈炜', '徐浩勋', '朱依君', '郑娴丽', '姚丽珍']"
IPO,603786,603786,2019,2019-04-09,"['朱依君', '郑娴丽', '姚丽珍']"
IPO,603787,603787,2015,2015-05-08,"['骆竞', '陆德忠']"
IPO,603787,603787,2017,2017-01-13,"['骆竞', '陆德忠']"
IPO,603788,603788,2014,2014-04-22,"['朱伟', '凌宁波']"
IPO,603789,603789,2014,2014-04-22,"['张坚', '党小安']"
IPO,603790,603790,2017,2017-07-14,"['杨志平', '潘留焱']"
IPO,603790,603790,2018,2018-05-22,"['杨志平', '瞿玉敏']"
IPO,603797,603797,2014,2014-09-05,"['宣宜辰', '徐冬冬']"
IPO,603797,603797,2016,2016-06-24,"['宣宜辰', '徐冬冬']"
IPO,603798,603798,2014,2014-04-30,"['王伦刚', '王钦顺', '王晖', '王伦刚']"
IPO,603798,603798,2015,2015-06-08,"['王伦刚', '王钦顺', '王晖', '王伦刚']"
IPO,603799,603799,2014,2014-05-12,"['钟建国', '王强']"
IPO,603800,603800,2014,2014-05-19,"['翟小民', '朱育勤', '陈蕾', '刘超']"
IPO,603800,603800,2015,2015-05-29,"['翟小民', '朱育勤', '陈蕾', '刘超']"
IPO,603801,603801,2016,2016-03-18,"['李静', '王海涛']"
IPO,603801,603801,2017,2017-04-20,"['李静', '王海涛']"
IPO,603803,603803,2015,2015-05-15,"['周重揆', '贺梦然', '刘绍秋']"
IPO,603803,603803,2016,2016-12-27,"['周重揆', '贺梦然', '刘绍秋']"
IPO,603806,603806,2012,2012-04-19,"['蒋晓东', '钱仲先']"
IPO,603806,603806,2014,2014-05-04,"['蒋晓东', '钱仲先']"
IPO,603808,603808,2014,2014-06-24,"['谢军', '王艳宾']"
IPO,603809,603809,2015,2015-12-25,"['何勇', '李建府']"
IPO,603809,603809,2017,2017-09-11,"['何勇', '徐洪荣']"
IPO,603810,603810,2017,2017-06-30,"['柏凌菁', '王震']"
IPO,603810,603810,2018,2018-04-04,"['柏凌菁', '王震']"
IPO,603811,603811,2014,2014-12-05,"['谢贤庆', '沈玉峰']"
IPO,603811,603811,2016,2016-12-20,"['谢贤庆', '翟晓宁']"
IPO,603813,603813,2016,2016-01-08,"['杨克晶', '彭宗显']"
IPO,603813,603813,2017,2017-06-23,"['杨克晶', '彭宗显']"
IPO,603815,603815,2018,2018-06-08,"['王静', '黄敬臣', '屠灿']"
IPO,603816,603816,2014,2014-05-05,"['李德勇', '陈中江']"
IPO,603816,603816,2015,2015-06-26,"['李德勇', '陈中江']"
IPO,603817,603817,2015,2015-03-06,"['谢炜春', '郑敏']"
IPO,603817,603817,2016,2016-10-14,"['谢炜春', '郑敏']"
IPO,603818,603818,2014,2014-04-22,"['周重揆', '刘绍秋']"
IPO,603818,603818,2015,2015-03-11,"['周重揆', '刘绍秋']"
IPO,603819,603819,2014,2014-06-13,"['孙立倩', '洪雪砚']"
IPO,603819,603819,2016,2016-06-29,"['孙立倩', '洪雪砚']"
IPO,603822,603822,2014,2014-06-10,"['宋长发', '程端世']"
IPO,603822,603822,2015,2015-06-29,"['宋长发', '程端世']"
IPO,603823,603823,2014,2014-11-21,"['谭小青', '叶胜平']"
IPO,603823,603823,2016,2016-07-15,"['谭小青', '叶胜平']"
IPO,603825,603825,2014,2014-05-19,"['李毅', '余龙']"
IPO,603825,603825,2015,2015-12-22,"['李毅', '万奇见']"
IPO,603826,603826,2015,2015-06-05,"['蒋新红', '曹隆森']"
IPO,603826,603826,2017,2017-02-17,"['蒋新红', '曹隆森']"
IPO,603828,603828,2014,2014-04-23,"['熊建益', '闫钢军']"
IPO,603829,603829,2016,2016-07-01,"['罗军', '崔迎']"
IPO,603829,603829,2017,2017-08-18,"['罗军', '崔迎']"
IPO,603833,603833,2014,2014-10-24,"['王韶华', '冯军', '洪文伟']"
IPO,603833,603833,2016,2016-07-14,"['王韶华', '冯军', '洪文伟']"
IPO,603836,603836,2020,2020-07-03,"['蔡晓丽', '安行']"
IPO,603836,603836,2021,2021-01-14,"['蔡晓丽', '安行']"
IPO,603838,603838,2014,2014-06-03,"['廖朝理', '吴瑞玲']"
IPO,603838,603838,2015,2015-04-27,"['廖朝理', '吴瑞玲']"
IPO,603839,603839,2014,2014-12-26,"['闫钢军', '李志平']"
IPO,603839,603839,2016,2016-11-18,"['闫钢军', '杨海固']"
IPO,603843,603843,2014,2014-04-18,"['吴丽', '范敏华']"
IPO,603843,603843,2015,2015-06-03,"['吴丽', '范敏华']"
IPO,603848,603848,2016,2016-09-30,"['王旭彬', '张腾']"
IPO,603848,603848,2017,2017-10-09,"['王旭彬', '张腾']"
IPO,603855,603855,2017,2017-04-10,"['翟小民', '印爱杰']"
IPO,603856,603856,2015,2015-07-03,"['胡乃忠', '王传顺']"
IPO,603856,603856,2017,2017-07-21,"['胡乃忠', '王传顺']"
IPO,603858,603858,2014,2014-06-20,"['罗建平', '谢宇春']"
IPO,603858,603858,2016,2016-05-30,"['罗建平', '谢宇春']"
IPO,603859,603859,2014,2014-05-30,"['魏强', '曹明杰']"
IPO,603859,603859,2016,2016-03-25,"['魏强', '曹明杰']"
IPO,603860,603860,2014,2014-04-24,"['陈勇波', '郭健']"
IPO,603860,603860,2016,2016-04-08,"['陈勇波', '郭健']"
IPO,603860,603860,2017,2017-05-15,"['陈勇波', '郭健']"
IPO,603861,603861,2014,2014-04-25,"['张锦坤', '关敏洁']"
IPO,603861,603861,2015,2015-06-17,"['张锦坤', '关敏洁']"
IPO,603863,603863,2017,2017-12-15,"['王旭彬', '张腾']"
IPO,603863,603863,2018,2018-07-26,"['王旭彬', '张腾']"
IPO,603866,603866,2014,2014-04-28,"['魏弘', '顾娜']"
IPO,603866,603866,2015,2015-06-05,"['魏弘', '顾娜']"
IPO,603867,603867,2017,2017-12-29,"['钱仲先', '姚本霞']"
IPO,603867,603867,2018,2018-10-30,"['钱仲先', '姚本霞']"
IPO,603868,603868,2014,2014-05-05,"['潘莉华', '饶海兵']"
IPO,603868,603868,2015,2015-06-26,"['潘莉华', '饶海兵']"
IPO,603869,603869,2014,2014-06-11,"['童登书', '张在强']"
IPO,603871,603871,2016,2016-12-23,"['王友业', '张金海']"
IPO,603871,603871,2017,2017-11-28,"['王友业', '张金海']"
IPO,603876,603876,2017,2017-07-07,"['倪国君', '胡友邻']"
IPO,603876,603876,2018,2018-01-23,"['倪国君', '胡友邻']"
IPO,603877,603877,2014,2014-11-14,"['沈利刚', '魏琴', '陈瑜']"
IPO,603877,603877,2016,2016-07-14,"['沈利刚', '魏琴', '陈瑜']"
IPO,603878,603878,2014,2014-05-30,"['杜志强', '吴文俊']"
IPO,603878,603878,2016,2016-03-11,"['杜志强', '吴文俊']"
IPO,603879,603879,2015,2015-06-26,"['蔡志良', '江楠']"
IPO,603879,603879,2017,2017-04-28,"['蔡志良', '林令群']"
IPO,603880,603880,2015,2015-11-13,"['庄继宁', '田华', '秦志军', '冯腊娣']"
IPO,603880,603880,2017,2017-04-20,"['庄继宁', '田华', '秦志军', '冯腊娣']"
IPO,603881,603881,2014,2014-12-12,"['朱颖', '王斌']"
IPO,603881,603881,2016,2016-09-23,"['朱颖', '王斌']"
IPO,603882,603882,2016,2016-02-19,"['朱海平', '黄利群']"
IPO,603882,603882,2017,2017-06-05,"['朱海平', '郭同璞']"
IPO,603883,603883,2014,2014-04-29,"['王斌', '陈建孝']"
IPO,603883,603883,2015,2015-01-15,"['王斌', '陈建孝']"
IPO,603885,603885,2014,2014-04-29,"['童冰薇', '黄利群']"
IPO,603886,603886,2014,2014-06-20,"['刘许友', '黄锋']"
IPO,603886,603886,2016,2016-05-06,"['刘许友', '黄锋']"
IPO,603887,603887,2014,2014-05-06,"['林伟', '毛佳敏']"
IPO,603887,603887,2015,2015-11-23,"['林伟', '毛佳敏']"
IPO,603888,603888,2014,2014-06-27,"['刘国源', '潘守卫']"
IPO,603888,603888,2015,2015-06-29,"['刘国源', '潘守卫']"
IPO,603889,603889,2014,2014-04-21,"['沈维华', '陈志维']"
IPO,603890,603890,2017,2017-03-31,"['李惠丰', '孙峰', '吕爱珍']"
IPO,603893,603893,2016,2016-07-01,"['倪国君', '李宗韡']"
IPO,603893,603893,2017,2017-07-07,"['倪国君', '李宗韡']"
IPO,603893,603893,2018,2018-11-16,"['倪国君', '李宗韡']"
IPO,603893,603893,2019,2019-05-23,"['倪国君', '李宗韡']"
IPO,603895,603895,2016,2016-08-26,"['吕秋萍', '刘弋']"
IPO,603895,603895,2017,2017-09-18,"['吕秋萍', '刘弋']"
IPO,603896,603896,2015,2015-04-17,"['李惠丰', '洪建良', '朱作武']"
IPO,603896,603896,2016,2016-12-21,"['李惠丰', '洪建良', '朱作武']"
IPO,603897,603897,2017,2017-03-17,"['毛晓东', '吴学友']"
IPO,603897,603897,2018,2018-01-19,"['毛晓东', '吴学友']"
IPO,603898,603898,2014,2014-05-06,"['熊永忠', '王旭彬']"
IPO,603899,603899,2014,2014-04-23,"['戴定毅', '顾雪峰']"
IPO,603900,603900,2014,2014-05-16,"['常桂华', '张炜']"
IPO,603900,603900,2016,2016-06-17,"['常桂华', '张炜']"
IPO,603901,603901,2014,2014-04-30,"['翁伟', '孙敏', '项丹丹']"
IPO,603903,603903,2015,2015-04-24,"['郑晓东', '徐志敏']"
IPO,603903,603903,2016,2016-12-20,"['郑晓东', '徐志敏']"
IPO,603906,603906,2015,2015-05-29,"['周琪', '王群艳']"
IPO,603906,603906,2016,2016-12-14,"['周琪', '王群艳']"
IPO,603908,603908,2015,2015-01-09,"['李惠丰', '钟建栋', '杜娜']"
IPO,603908,603908,2016,2016-12-15,"['李惠丰', '钟建栋', '杜娜']"
IPO,603909,603909,2014,2014-04-29,"['王全洲', '傅映红']"
IPO,603909,603909,2015,2015-11-24,"['王全洲', '傅映红']"
IPO,603912,603912,2016,2016-08-26,"['严善明', '李正卫']"
IPO,603912,603912,2017,2017-09-04,"['严善明', '李正卫']"
IPO,603915,603915,2017,2017-07-14,"['朱伟', '陈朝亮', '汪雄飞']"
IPO,603915,603915,2018,2018-04-23,"['朱伟', '陈朝亮', '汪雄飞']"
IPO,603916,603916,2015,2015-12-25,"['荆秀梅', '侯增玉']"
IPO,603916,603916,2017,2017-07-14,"['荆秀梅', '侯增玉']"
IPO,603917,603917,2016,2016-06-24,"['罗国芳', '孙华']"
IPO,603917,603917,2017,2017-10-17,"['罗国芳', '孙华']"
IPO,603918,603918,2014,2014-04-30,"['闾力华', '姜忠']"
IPO,603918,603918,2015,2015-03-18,"['闾力华', '张春洋']"
IPO,603919,603919,2014,2014-05-05,"['张希文', '张立琰', '周荣铭', '覃观理']"
IPO,603919,603919,2015,2015-05-20,"['张希文', '张立琰', '周荣铭', '覃观理']"
IPO,603920,603920,2015,2015-05-08,"['张立琰', '龙琦']"
IPO,603920,603920,2017,2017-01-13,"['张立琰', '龙琦']"
IPO,603922,603922,2016,2016-04-01,"['刘见生', '康清丽']"
IPO,603922,603922,2017,2017-06-16,"['刘见生', '康清丽']"
IPO,603926,603926,2015,2015-06-19,"['朱伟', '汪雄飞', '蔡文超']"
IPO,603926,603926,2017,2017-03-01,"['朱伟', '汪雄飞']"
IPO,603927,603927,2017,2017-12-29,"['郑建彪', '江永辉', '江永辉', '闫磊']"
IPO,603927,603927,2019,2019-05-21,"['郑建彪', '江永辉', '闫磊']"
IPO,603928,603928,2014,2014-11-14,"['张婕', '胡新荣', '黄晓奇']"
IPO,603928,603928,2016,2016-07-14,"['张婕', '胡新荣', '黄晓奇']"
IPO,603929,603929,2014,2014-05-27,"['李东昕', '叶金福']"
IPO,603929,603929,2015,2015-06-08,"['李东昕', '叶金福']"
IPO,603931,603931,2019,2019-06-28,"['李士龙', '曾涛']"
IPO,603931,603931,2020,2020-04-26,"['李士龙', '曾涛']"
IPO,603933,603933,2015,2015-12-25,"['童益恭', '张香玉']"
IPO,603933,603933,2017,2017-05-19,"['童益恭', '张香玉']"
IPO,603936,603936,2014,2014-05-19,"['顾燕君', '谢晖']"
IPO,603936,603936,2015,2015-05-29,"['顾燕君', '谢晖']"
IPO,603937,603937,2016,2016-07-01,"['陈晓华', '韩坚']"
IPO,603937,603937,2017,2017-09-04,"['陈晓华', '韩坚']"
IPO,603938,603938,2015,2015-11-13,"['廖家河', '丛存']"
IPO,603938,603938,2017,2017-05-15,"['廖家河', '丛存']"
IPO,603939,603939,2014,2014-05-29,"['李永利', '魏五军']"
IPO,603948,603948,2018,2018-10-19,"['黄小丁', '李超']"
IPO,603948,603948,2019,2019-08-20,"['李春玉', '李超']"
IPO,603949,603949,2017,2017-02-10,"['缪志坚', '刘术红']"
IPO,603949,603949,2018,2018-09-28,"['缪志坚', '刘术红']"
IPO,603949,603949,2019,2019-04-19,"['缪志坚', '刘术红']"
IPO,603950,603950,2018,2018-06-29,"['卢剑', '付娆']"
IPO,603950,603950,2019,2019-01-18,"['卢剑', '付娆']"
IPO,603955,603955,2015,2015-04-03,"['郭澳', '吴霆']"
IPO,603955,603955,2016,2016-11-08,"['郭澳', '吴霆']"
IPO,603956,603956,2017,2017-12-29,"['王需如', '田晓']"
IPO,603956,603956,2018,2018-07-24,"['王需如', '田晓']"
IPO,603958,603958,2014,2014-05-28,"['李东昕', '乐超军', '边俊豪']"
IPO,603958,603958,2015,2015-07-01,"['李东昕', '边俊豪']"
IPO,603959,603959,2014,2014-04-25,"['王辉', '王圣会']"
IPO,603959,603959,2015,2015-06-18,"['王辉', '王圣会']"
IPO,603960,603960,2015,2015-04-17,"['谢骞', '胡治华']"
IPO,603960,603960,2016,2016-11-16,"['谢骞', '文琼瑶']"
IPO,603963,603963,2015,2015-12-18,"['魏勇', '彭让']"
IPO,603963,603963,2017,2017-07-07,"['魏勇', '彭让']"
IPO,603966,603966,2014,2014-10-11,"['姚辉', '杨景欣']"
IPO,603966,603966,2016,2016-07-14,"['姚辉', '杨景欣']"
IPO,603967,603967,2016,2016-06-17,"['宋进军', '王科']"
IPO,603967,603967,2018,2018-03-26,"['宋进军', '王科']"
IPO,603968,603968,2014,2014-06-27,"['曹阳', '高青山']"
IPO,603968,603968,2015,2015-03-12,"['曹阳', '高青山']"
IPO,603969,603969,2014,2014-05-05,"['杨雄', '惠增强']"
IPO,603970,603970,2015,2015-11-13,"['闫磊', '邱靖之']"
IPO,603970,603970,2017,2017-09-11,"['闫磊', '王金峰']"
IPO,603976,603976,2016,2016-05-20,"['张凯', '于波成']"
IPO,603976,603976,2017,2017-06-16,"['张凯', '于波成']"
IPO,603977,603977,2014,2014-05-15,"['贾士林', '孔庆华']"
IPO,603977,603977,2016,2016-02-25,"['贾士林', '孔庆华']"
IPO,603978,603978,2015,2015-11-13,"['陈志刚', '李立令']"
IPO,603978,603978,2017,2017-06-23,"['陈志刚', '张磊']"
IPO,603979,603979,2014,2014-04-18,"['宋新潮', '谢贤庆', '鲁立']"
IPO,603979,603979,2015,2015-04-29,"['宋新潮', '谢贤庆', '鲁立']"
IPO,603980,603980,2016,2016-01-08,"['赵焕琪', '王翔']"
IPO,603980,603980,2017,2017-04-28,"['赵焕琪', '王翔']"
IPO,603982,603982,2017,2017-12-29,"['虞扬', '步君']"
IPO,603982,603982,2018,2018-07-31,"['虞扬', '步君']"
IPO,603983,603983,2014,2014-06-27,"['陈昭', '刘远帅']"
IPO,603983,603983,2016,2016-06-30,"['陈昭', '刘远帅']"
IPO,603983,603983,2017,2017-07-07,"['陈昭', '刘远帅']"
IPO,603983,603983,2018,2018-03-19,"['陈昭', '刘远帅']"
IPO,603985,603985,2015,2015-11-13,"['诸旭敏', '何卫明']"
IPO,603985,603985,2017,2017-03-24,"['诸旭敏', '何卫明']"
IPO,603986,603986,2014,2014-05-06,"['徐超玉', '汪明卉']"
IPO,603986,603986,2015,2015-07-03,"['徐超玉', '汪明卉']"
IPO,603987,603987,2014,2014-06-04,"['翟小民', '徐从礼']"
IPO,603987,603987,2015,2015-12-31,"['翟小民', '徐从礼']"
IPO,603988,603988,2014,2014-04-18,"['曹小勤', '樊冬']"
IPO,603989,603989,2012,2012-04-19,"['李明', '康代安']"
IPO,603989,603989,2014,2014-06-30,"['刘宇科', '李明', '康代安']"
IPO,603989,603989,2015,2015-03-16,"['刘宇科', '李明', '康代安']"
IPO,603990,603990,2014,2014-10-11,"['王官林', '黄继佳']"
IPO,603990,603990,2016,2016-07-14,"['高峰', '黄继佳']"
IPO,603991,603991,2015,2015-04-24,"['张琦', '张勇']"
IPO,603991,603991,2016,2016-12-28,"['张琦', '张勇']"
IPO,603992,603992,2018,2018-04-13,"['程志刚', '吕安吉']"
IPO,603993,603993,2012,2012-03-16,"['顾红雨', '张杰']"
IPO,603995,603995,2018,2018-06-15,"['毛晓东', '宁一锋']"
IPO,603996,603996,2014,2014-05-04,"['孙文军', '徐晋波']"
IPO,603996,603996,2015,2015-04-10,"['孙文军', '徐晋波']"
IPO,603997,603997,2014,2014-04-18,"['潘晓姿', '周海斌', '吴慧芳']"
IPO,603998,603998,2014,2014-04-30,"['贺焕华', '曹湘琦']"
IPO,603999,603999,2014,2014-04-30,"['齐俊娟', '吴建玲']"
IPO,603999,603999,2015,2015-05-18,"['齐俊娟', '吴建玲']"
IPO,605001,605001,2019,2019-04-12,"['倪军', '赵鹏']"
IPO,605003,605003,2019,2019-06-06,"['张芹', '林琦']"
IPO,605003,605003,2020,2020-03-20,"['张芹', '林琦']"
IPO,605005,605005,2019,2019-06-28,"['施其林', '唐彬彬']"
IPO,605005,605005,2020,2020-05-11,"['施其林', '唐彬彬']"
IPO,605006,605006,2016,2016-07-01,"['罗炳勤', '刘凤文']"
IPO,605006,605006,2017,2017-10-31,"['罗炳勤', '刘凤文']"
IPO,605006,605006,2019,2019-05-10,"['罗炳勤', '刘凤文']"
IPO,605007,605007,2019,2019-06-21,"['陈中江', '沈云强']"
IPO,605008,605008,2019,2019-04-04,"['俞德昌', '陈小红']"
IPO,605009,605009,2019,2019-05-31,"['徐晋波', '吴长木']"
IPO,605009,605009,2020,2020-03-20,"['徐晋波', '吴长木']"
IPO,605011,605011,2019,2019-06-28,"['李正卫', '葛亮']"
IPO,605011,605011,2020,2020-04-03,"['李正卫', '葛亮']"
IPO,605016,605016,2019,2019-12-12,"['闫磊', '张镝']"
IPO,605016,605016,2020,2020-10-16,"['闫磊', '张镝']"
IPO,605018,605018,2019,2019-06-28,"['张建新', '杨金晓', '赵飞']"
IPO,605018,605018,2020,2020-01-16,"['张建新', '杨金晓', '赵飞']"
IPO,605020,605020,2020,2020-06-05,"['应建德', '林海涛', '郭文起', '高峰', '丁晓俊']"
IPO,605028,605028,2019,2019-12-27,"['孙敏', '金杨杨']"
IPO,605028,605028,2020,2020-08-14,"['孙敏', '金杨杨']"
IPO,605033,605033,2020,2020-11-20,"['宁云', '徐斌', '周裕顺']"
IPO,605033,605033,2021,2021-04-27,"['宁云', '徐斌', '周裕顺']"
IPO,605050,605050,2019,2019-04-26,"['曹小勤', '义国兵']"
IPO,605055,605055,2019,2019-06-21,"['严善明', '丁锡锋', '陈红兰']"
IPO,605056,605056,2020,2020-05-22,"['廖屹峰', '滕培彬']"
IPO,605058,605058,2019,2019-06-28,"['张媛媛', '江先敏']"
IPO,605058,605058,2020,2020-03-20,"['张媛媛', '江先敏']"
IPO,605060,605060,2019,2019-06-28,"['费方华', '徐澄宬']"
IPO,605060,605060,2020,2020-03-27,"['费方华', '徐澄宬']"
IPO,605066,605066,2019,2019-05-24,"['高敏建', '庞玉文']"
IPO,605068,605068,2019,2019-06-28,"['卢娅萍', '张建东']"
IPO,605068,605068,2020,2020-03-13,"['卢娅萍', '张建东']"
IPO,605069,605069,2019,2019-06-28,"['李联', '覃见忠']"
IPO,605069,605069,2020,2020-07-10,"['李联', '覃见忠', '张希文', '李振华', '张立琰', '李艳生', '吴贺民']"
IPO,605077,605077,2019,2019-06-21,"['郑俭', '左芹芹']"
IPO,605077,605077,2020,2020-08-14,"['郑俭', '左芹芹']"
IPO,605080,605080,2019,2019-12-27,"['钟建栋', '杜娜', '毛晨']"
IPO,605080,605080,2020,2020-10-23,"['钟建栋', '杜娜', '毛晨']"
IPO,605081,605081,2019,2019-06-21,"['胡新荣', '李可', '王彩霞']"
IPO,605081,605081,2020,2020-01-03,"['胡新荣', '王彩霞']"
IPO,605086,605086,2019,2019-11-22,"['梁宝珠', '连益民']"
IPO,605086,605086,2020,2020-07-10,"['梁宝珠', '连益民']"
IPO,605088,605088,2017,2017-06-30,"['谭炼', '吴志辉']"
IPO,605088,605088,2018,2018-04-20,"['谭炼', '吴志辉']"
IPO,605088,605088,2019,2019-04-19,"['杨克晶', '吴志辉']"
IPO,605089,605089,2020,2020-01-03,"['刘勇', '谭国荣']"
IPO,605090,605090,2018,2018-09-28,"['安霞', '徐俊']"
IPO,605090,605090,2019,2019-12-27,"['李继明', '徐俊']"
IPO,605090,605090,2020,2020-11-23,"['李继明', '徐俊']"
IPO,605098,605098,2017,2017-06-30,"['曹小勤', '林晶', '义国兵']"
IPO,605098,605098,2018,2018-04-09,"['曹小勤', '林晶', '义国兵']"
IPO,605098,605098,2019,2019-06-21,"['谈朝晖', '鲍小刚', '曹小勤', '林晶', '义国兵']"
IPO,605098,605098,2020,2020-04-21,"['曹小勤', '林晶', '义国兵', '谈朝晖', '鲍小刚']"
IPO,605099,605099,2019,2019-05-10,"['倪国君', '李宗韡']"
IPO,605100,605100,2019,2019-04-12,"['田城', '胡鸣', '陈金波', '刘德友', '贺恩惠']"
IPO,605108,605108,2016,2016-06-24,"['占铁华', '熊明峰', '吴超']"
IPO,605108,605108,2017,2017-07-07,"['占铁华', '熊明峰', '吴超']"
IPO,605111,605111,2018,2018-12-21,"['游世秋', '杨贤武']"
IPO,605111,605111,2020,2020-01-10,"['游世秋', '杨贤武']"
IPO,605116,605116,2019,2019-05-31,"['王建甫', '连查庭']"
IPO,605117,605117,2019,2019-06-28,"['李惠丰', '孙峰', '强爱斌']"
IPO,605117,605117,2020,2020-04-17,"['李惠丰', '孙峰', '强爱斌']"
IPO,605118,605118,2019,2019-05-10,"['郑丽惠', '蔡斌']"
IPO,605122,605122,2019,2019-06-21,"['陈萌', '陈星国华']"
IPO,605122,605122,2020,2020-01-03,"['陈萌', '陈星国华']"
IPO,605123,605123,2019,2019-06-06,"['夏正曙', '赵明', '曹阳', '郑建利']"
IPO,605128,605128,2018,2018-11-16,"['赵勇', '胡国仁']"
IPO,605128,605128,2019,2019-11-19,"['赵勇', '胡国仁']"
IPO,605133,605133,2019,2019-06-14,"['章祥', '郑利锋', '路春霞']"
IPO,605133,605133,2020,2020-09-01,"['章祥', '郑利锋', '路春霞']"
IPO,605136,605136,2016,2016-08-26,"['高建斌', '王瑾']"
IPO,605136,605136,2017,2017-09-18,"['高建斌', '王瑾']"
IPO,605136,605136,2019,2019-05-10,"['高建斌', '王瑾']"
IPO,605138,605138,2020,2020-07-03,"['何双', '沈重', '杨颖', '罗国芳', '屠朝辉']"
IPO,605138,605138,2020,2020-07-03,"['罗国芳', '屠朝辉']"
IPO,605151,605151,2016,2016-06-03,"['赵蓉', '高咏梅']"
IPO,605151,605151,2019,2019-05-10,"['高咏梅', '蒋红薇']"
IPO,605151,605151,2020,2020-03-13,"['高咏梅', '蒋红薇']"
IPO,605155,605155,2019,2019-06-28,"['严善明', '张颖']"
IPO,605155,605155,2020,2020-04-09,"['严善明', '张颖', '李正卫']"
IPO,605158,605158,2016,2016-12-30,"['李德勇', '金闻']"
IPO,605158,605158,2017,2017-10-09,"['李德勇', '金闻']"
IPO,605158,605158,2019,2019-05-31,"['金闻', '吴建枫']"
IPO,605162,605162,2019,2019-07-05,"['孔令江', '高峰']"
IPO,605162,605162,2020,2020-03-20,"['孔令江', '高峰']"
IPO,605166,605166,2019,2019-04-26,"['徐晓峰', '汪春燕']"
IPO,605167,605167,2020,2020-06-19,"['杨建平', '彭远卓', '俞翔', '查显中', '王先胜']"
IPO,605168,605168,2019,2019-04-26,"['李长照', '王志勇']"
IPO,605169,605169,2019,2019-05-31,"['郭义喜', '陈伟']"
IPO,605169,605169,2020,2020-03-13,"['郭义喜', '陈伟']"
IPO,605177,605177,2019,2019-06-14,"['谢贤庆', '黄蕾蕾']"
IPO,605177,605177,2020,2020-01-10,"['谢贤庆', '黄蕾蕾']"
IPO,605178,605178,2017,2017-06-16,"['王永忻', '李冬梅']"
IPO,605178,605178,2018,2018-01-30,"['王永忻', '李冬梅']"
IPO,605178,605178,2019,2019-05-10,"['杨雄', '廖家河']"
IPO,605179,605179,2019,2019-06-21,"['程志刚', '张林']"
IPO,605180,605180,2019,2019-05-24,"['陈彩琴', '周晨']"
IPO,605180,605180,2020,2020-01-14,"['陈彩琴', '周晨']"
IPO,605183,605183,2017,2017-07-14,"['王法亮', '张松柏']"
IPO,605183,605183,2018,2018-03-26,"['王法亮', '张松柏']"
IPO,605186,605186,2019,2019-06-21,"['顾雪峰', '张朱华']"
IPO,605188,605188,2019,2019-04-12,"['王凯利', '刘宇']"
IPO,605189,605189,2020,2020-04-24,"['姚贝', '郑鹏飞', '廖传宝', '高平']"
IPO,605196,605196,2019,2019-06-28,"['冯万奇', '刘海山']"
IPO,605196,605196,2020,2020-04-20,"['冯万奇', '刘海山']"
IPO,605198,605198,2018,2018-12-21,"['叶青', '刘健俊']"
IPO,605198,605198,2019,2019-06-14,"['叶青', '刘健俊']"
IPO,605199,605199,2019,2019-06-06,"['毛晓东', '吴学友', '黄锦洪']"
IPO,605199,605199,2020,2020-01-14,"['毛晓东', '吴学友', '黄锦洪']"
IPO,605208,605208,2019,2019-07-05,"['孙文军', '林旺', '王燕', '胡乃忠']"
IPO,605208,605208,2020,2020-04-30,"['孙文军', '林旺']"
IPO,605218,605218,2019,2019-06-06,"['虞扬', '步君']"
IPO,605218,605218,2020,2020-07-10,"['虞扬', '步君']"
IPO,605222,605222,2019,2019-05-24,"['陈勇波', '王娜']"
IPO,605228,605228,2019,2019-05-24,"['郭宪明', '陈科举', '王宏杰']"
IPO,605228,605228,2020,2020-01-03,"['郭宪明', '陈科举', '王宏杰']"
IPO,605255,605255,2019,2019-06-14,"['魏琴', '陈瑜', '白红霞']"
IPO,605255,605255,2020,2020-04-09,"['魏琴', '陈瑜', '白红霞']"
IPO,605258,605258,2019,2019-06-28,"['陈勇波', '张少波']"
IPO,605258,605258,2020,2020-01-14,"['陈勇波', '张少波']"
IPO,605259,605259,2020,2020-06-24,"['沈维华', '严燕鸿']"
IPO,605259,605259,2021,2021-01-20,"['沈维华', '汪兢', '严燕鸿']"
IPO,605266,605266,2017,2017-05-26,"['树新', '李红霞', '方自维', '杨健', '武兆龙']"
IPO,605266,605266,2019,2019-07-05,"['树新', '刘泽芬', '李红霞', '方自维', '杨健', '武兆龙']"
IPO,605266,605266,2020,2020-07-28,"['树新', '刘泽芬', '李红霞', '方自维', '杨健', '武兆龙']"
IPO,605268,605268,2019,2019-06-21,"['向晓三', '蒋舒媚']"
IPO,605277,605277,2019,2019-06-28,"['陈志维', '伍贤春']"
IPO,605277,605277,2020,2020-01-20,"['陈志维', '伍贤春']"
IPO,605286,605286,2019,2019-09-06,"['骆竞', '王伟庆']"
IPO,605286,605286,2020,2020-05-08,"['骆竞', '王伟庆']"
IPO,605287,605287,2019,2019-11-22,"['王伦刚', '刘增明']"
IPO,605287,605287,2020,2020-06-19,"['王伦刚', '刘增明', '王晖', '王伦刚']"
IPO,605288,605288,2018,2018-12-28,"['沈培强', '胡青']"
IPO,605288,605288,2019,2019-10-18,"['沈培强', '胡青']"
IPO,605289,605289,2018,2018-12-14,"['张扬', '耿磊']"
IPO,605289,605289,2019,2019-05-28,"['杨峰安', '叶善武', '张扬', '耿磊']"
IPO,605296,605296,2016,2016-06-24,"['徐毅', '伏兴祥', '杨漫辉', '伏兴祥']"
IPO,605296,605296,2017,2017-09-29,"['徐毅', '伏兴祥', '杨漫辉', '伏兴祥']"
IPO,605296,605296,2020,2020-04-10,"['刘绍秋', '高高平', '杨漫辉', '伏兴祥']"
IPO,605298,605298,2019,2019-06-28,"['占铁华', '郑少杰', '张冉冉', '王卫东', '朱戟']"
IPO,605298,605298,2020,2020-04-30,"['占铁华', '郑少杰', '张冉冉', '王卫东', '朱戟']"
IPO,605299,605299,2018,2018-05-18,"['黄志恒', '章天赐']"
IPO,605299,605299,2019,2019-06-06,"['黄志恒', '章天赐']"
IPO,605300,605300,2019,2019-09-27,"['夏先锋', '陈梦佳']"
IPO,605300,605300,2020,2020-10-13,"['夏先锋', '陈梦佳']"
IPO,605303,605303,2015,2015-11-13,"['周琪', '邵振宇']"
IPO,605303,605303,2017,2017-04-20,"['周琪', '邵振宇']"
IPO,605303,605303,2019,2019-06-21,"['邵振宇', '顾瑛瑛', '周琪']"
IPO,605303,605303,2020,2020-04-21,"['邵振宇', '周琪', '顾瑛瑛']"
IPO,605305,605305,2019,2019-08-30,"['杨春强', '张利法', '王丽娟']"
IPO,605305,605305,2020,2020-06-19,"['杨春强', '张利法', '王丽娟']"
IPO,605318,605318,2019,2019-05-31,"['黄加才', '华海祥']"
IPO,605318,605318,2020,2020-01-16,"['黄加才', '华海祥']"
IPO,605319,605319,2019,2019-07-05,"['倪国君', '胡友邻']"
IPO,605319,605319,2020,2020-05-15,"['倪国君', '胡友邻']"
IPO,605333,605333,2018,2018-12-28,"['邹建', '马萍伟', '徐继凯']"
IPO,605333,605333,2019,2019-10-15,"['邹建', '马萍伟', '徐继凯']"
IPO,605336,605336,2019,2019-06-21,"['谈朝晖', '何佩', '孙文军', '边珊姗']"
IPO,605337,605337,2019,2019-06-21,"['黄继佳', '吴建平']"
IPO,605338,605338,2019,2019-06-21,"['褚诗炜', '黄剑']"
IPO,605339,605339,2018,2018-06-29,"['刘许友', '周徐春']"
IPO,605358,605358,2018,2018-12-21,"['王其超', '丁晓俊']"
IPO,605358,605358,2019,2019-06-05,"['王其超', '丁晓俊']"
IPO,605365,605365,2020,2020-06-19,"['周俊超', '江福源']"
IPO,605365,605365,2020,2020-12-08,"['周俊超', '周起予']"
IPO,605366,605366,2019,2019-04-26,"['李宁', '阮喆']"
IPO,605368,605368,2018,2018-06-29,"['黄玥', '刘婵', '吕子玲', '谭妍妍']"
IPO,605368,605368,2019,2019-01-18,"['黄玥', '刘婵', '吕子玲', '谭妍妍']"
IPO,605369,605369,2019,2019-06-06,"['毛晓东', '宁一锋']"
IPO,605376,605376,2019,2019-06-28,"['杨端平', '李虹']"
IPO,605376,605376,2020,2020-01-14,"['杨端平', '李虹']"
IPO,605377,605377,2019,2019-06-06,"['蒋晓东', '叶贤斌']"
IPO,605378,605378,2019,2019-06-28,"['李惠丰', '洪建良', '徐泮卿']"
IPO,605378,605378,2020,2020-07-17,"['李惠丰', '洪建良', '徐泮卿']"
IPO,605388,605388,2019,2019-05-24,"['刘万富', '钟晓鸿']"
IPO,605388,605388,2020,2020-04-09,"['马建萍', '王海燕', '刘万富', '钟晓鸿']"
IPO,605389,605389,2019,2019-04-26,"['倪国君', '胡友邻']"
IPO,605389,605389,2020,2020-05-21,"['倪国君', '胡友邻']"
IPO,605398,605398,2019,2019-05-31,"['陈勇', '史壬乐']"
IPO,605399,605399,2019,2019-06-06,"['周家文', '陈佳莉']"
IPO,605399,605399,2020,2020-03-27,"['周家文', '陈佳莉']"
IPO,605488,605488,2020,2020-06-19,"['梁志勇', '周柯峰']"
IPO,605499,605499,2020,2020-04-24,"['王斌', '李晓蕾']"
IPO,605500,605500,2019,2019-06-06,"['高峰', '严海锋', '潘莉梅']"
IPO,605507,605507,2020,2020-05-22,"['魏琴', '范国荣', '马良刚']"
IPO,605555,605555,2020,2020-07-03,"['罗国芳', '黄波', '何剑']"
IPO,605555,605555,2021,2021-01-22,"['罗国芳', '黄波', '何剑']"
IPO,605566,605566,2020,2020-06-12,"['缪志坚', '赵辉', '尉建清']"
IPO,605566,605566,2021,2021-06-24,"['缪志坚', '赵辉', '尉建清']"
IPO,605567,605567,2020,2020-12-03,"['陈泓洲', '刘铸鹏', '叶善武', '徐从礼']"
IPO,605567,605567,2021,2021-04-29,"['陈泓洲', '刘铸鹏', '叶善武', '徐从礼']"
IPO,605577,605577,2020,2020-10-26,"['黄峰', '王新英']"
IPO,605577,605577,2021,2021-03-23,"['黄峰', '王新英']"
IPO,605580,605580,2020,2020-07-03,"['陈中江', '赵奎', '沈云强', '俞德昌', '陈小红']"
IPO,605580,605580,2021,2021-01-12,"['陈中江', '赵奎', '沈云强']"
IPO,605588,605588,2020,2020-07-03,"['师玉春', '史锦辉']"
IPO,605589,605589,2020,2020-01-03,"['刘玉显', '于江涛']"
IPO,605598,605598,2020,2020-07-03,"['陈黎', '包梅庭']"
IPO,605598,605598,2021,2021-01-20,"['陈黎', '包梅庭']"
IPO,605599,605599,2020,2020-09-04,"['关黎明', '李力']"
IPO,605599,605599,2021,2021-01-19,"['关黎明', '李力']"
IPO,688001,688001,2019,2019-03-27,"['汪玉寿', '陈雪', '崔广余']"
IPO,688001,688001,2019,2019-06-14,"['汪玉寿', '陈雪']"
IPO,688002,688002,2019,2019-03-22,"['孙彤', '王宏疆']"
IPO,688003,688003,2019,2019-04-02,"['秦松涛', '洪烨']"
IPO,688004,688004,2019,2019-06-21,"['汪吉军', '王亚彬', '付志成']"
IPO,688004,688004,2019,2019-11-04,"['汪吉军', '王亚彬']"
IPO,688004,688004,2020,2020-01-08,"['汪吉军', '王亚彬']"
IPO,688005,688005,2019,2019-03-22,"['倪国君', '何林飞']"
IPO,688006,688006,2018,2018-08-24,"['赵丽', '金东伟']"
IPO,688006,688006,2019,2019-03-29,"['赵丽', '金东伟']"
IPO,688007,688007,2019,2019-03-27,"['杨克晶', '邹甜甜']"
IPO,688008,688008,2019,2019-04-01,"['徐超玉', '李建长']"
IPO,688009,688009,2019,2019-04-16,"['王宁', '王敏', '黄斌', '李娜']"
IPO,688009,688009,2019,2019-06-27,"['王宁', '王敏']"
IPO,688010,688010,2019,2019-03-28,"['李卓良', '林红']"
IPO,688011,688011,2019,2019-03-29,"['陈刚', '赵学平']"
IPO,688012,688012,2019,2019-03-29,"['赵波', '孙吾伊']"
IPO,688013,688013,2020,2020-04-17,"['贾丽娜', '陈晓龙', '毕坤']"
IPO,688015,688015,2019,2019-03-29,"['李璟', '王彪']"
IPO,688016,688016,2019,2019-04-11,"['潘子建', '王晓苗', '张昕', '陈泓洲']"
IPO,688016,688016,2019,2019-07-02,"['潘子建', '王晓苗']"
IPO,688017,688017,2020,2020-04-13,"['金炜', '傅磊']"
IPO,688018,688018,2019,2019-04-03,"['王兴华', '胡建军', '李玮俊']"
IPO,688018,688018,2019,2019-07-01,"['王兴华', '胡建军']"
IPO,688019,688019,2019,2019-03-29,"['徐海峰', '龚伟礼']"
IPO,688020,688020,2016,2016-06-24,"['杨克晶', '陈建成']"
IPO,688020,688020,2017,2017-10-16,"['杨克晶', '陈建成']"
IPO,688020,688020,2019,2019-04-10,"['杨克晶', '陈建成']"
IPO,688021,688021,2019,2019-04-29,"['占铁华', '栾艳鹏', '许沥文', '李慧', '董宏磊']"
IPO,688021,688021,2019,2019-10-12,"['占铁华', '栾艳鹏', '许沥文']"
IPO,688022,688022,2019,2019-04-04,"['支彩琴', '沈在斌']"
IPO,688023,688023,2019,2019-04-09,"['魏琴', '陈瑜']"
IPO,688025,688025,2017,2017-06-30,"['黄怀颖', '闫靖']"
IPO,688025,688025,2019,2019-04-04,"['闫靖', '黄怀颖']"
IPO,688026,688026,2017,2017-06-30,"['杨克晶', '吴志辉']"
IPO,688026,688026,2019,2019-06-03,"['杨克晶', '彭宗显']"
IPO,688027,688027,2019,2019-03-27,"['张良文', '陈莲', '张春荣']"
IPO,688027,688027,2020,2020-02-20,"['张良文', '陈莲', '张春荣']"
IPO,688027,688027,2020,2020-06-04,"['张良文', '陈莲']"
IPO,688028,688028,2019,2019-04-12,"['方国华', '祝琪梅']"
IPO,688029,688029,2017,2017-06-09,"['诸旭敏', '刘萍', '刘婷', '罗天旭']"
IPO,688029,688029,2019,2019-04-03,"['贾丽娜', '陈晓龙', '秦刘永']"
IPO,688029,688029,2019,2019-07-02,"['贾丽娜', '陈晓龙']"
IPO,688030,688030,2019,2019-04-09,"['曹阳', '王娟']"
IPO,688031,688031,2021,2021-11-30,"['徐晋波', '能计伟']"
IPO,688031,688031,2022,2022-03-01,"['徐晋波', '能计伟']"
IPO,688032,688032,2020,2020-12-30,"['郑俭', '张林', '程志刚']"
IPO,688032,688032,2021,2021-01-28,"['郑俭', '张林', '程志刚']"
IPO,688032,688032,2021,2021-11-16,"['郑俭', '张林']"
IPO,688033,688033,2019,2019-04-12,"['杨红青', '姚平']"
IPO,688035,688035,2021,2021-10-12,"['荆秀梅', '李景伟']"
IPO,688035,688035,2022,2022-01-07,"['荆秀梅', '李景伟']"
IPO,688036,688036,2019,2019-03-29,"['王强', '翁志刚']"
IPO,688037,688037,2019,2019-07-12,"['吴宇', '冯颖', '董博佳']"
IPO,688038,688038,2020,2020-09-10,"['陈勇波', '揭明']"
IPO,688038,688038,2021,2021-01-11,"['陈勇波', '揭明']"
IPO,688039,688039,2019,2019-03-29,"['葛徐', '江娟', '朱小雪']"
IPO,688039,688039,2019,2019-11-15,"['江娟', '朱小雪']"
IPO,688041,688041,2021,2021-11-08,"['郭健', '李娅丽']"
IPO,688041,688041,2022,2022-01-24,"['郭健', '李娅丽']"
IPO,688045,688045,2021,2021-04-29,"['张媛媛', '肖梦英']"
IPO,688045,688045,2022,2022-04-19,"['张媛媛', '肖梦英']"
IPO,688046,688046,2021,2021-06-30,"['江永辉', '钱华丽']"
IPO,688046,688046,2022,2022-01-06,"['江永辉', '钱华丽']"
IPO,688047,688047,2021,2021-06-28,"['郑斐', '徐薇', '杨睿']"
IPO,688047,688047,2022,2022-03-29,"['郑斐', '徐薇', '杨睿']"
IPO,688048,688048,2021,2021-06-24,"['胡学文', '吴景亚', '陆羊林']"
IPO,688048,688048,2022,2022-03-01,"['胡学文', '吴景亚', '陆羊林']"
IPO,688049,688049,2020,2020-12-30,"['杨克晶', '张云鹤', '王伟秋']"
IPO,688049,688049,2021,2021-01-28,"['杨克晶', '张云鹤', '王伟秋']"
IPO,688050,688050,2019,2019-12-10,"['黄简', '夏瑞']"
IPO,688050,688050,2020,2020-01-06,"['黄简', '夏瑞']"
IPO,688051,688051,2019,2019-05-09,"['李振华', '毛春海']"
IPO,688051,688051,2020,2020-02-13,"['李振华', '毛春海']"
IPO,688052,688052,2021,2021-05-28,"['陈焱鑫', '邹鹏']"
IPO,688052,688052,2022,2022-03-08,"['陈焱鑫', '邹鹏']"
IPO,688053,688053,2021,2021-05-27,"['黄继佳', '朱启']"
IPO,688053,688053,2022,2022-01-11,"['黄继佳', '朱启']"
IPO,688055,688055,2020,2020-01-09,"['李国平', '汪鹏', '王健鹏']"
IPO,688056,688056,2015,2015-12-25,"['黄迎', '白楠']"
IPO,688056,688056,2019,2019-12-30,"['黄迎', '蒋晓岚']"
IPO,688056,688056,2020,2020-01-22,"['黄迎', '蒋晓岚']"
IPO,688057,688057,2019,2019-04-15,"['方自维', '沈胜祺']"
IPO,688057,688057,2020,2020-04-30,"['汤家俊', '张强']"
IPO,688058,688058,2016,2016-05-13,"['刘绍秋', '余龙']"
IPO,688058,688058,2017,2017-05-03,"['刘绍秋', '任先锋']"
IPO,688058,688058,2019,2019-04-09,"['刘绍秋', '余龙', '周重揆']"
IPO,688058,688058,2019,2019-09-29,"['刘绍秋', '余龙']"
IPO,688059,688059,2020,2020-06-24,"['童文光', '周睿', '孟双']"
IPO,688059,688059,2021,2021-01-11,"['童文光', '周睿', '孟双']"
IPO,688060,688060,2016,2016-07-01,"['黄斌', '单晨云']"
IPO,688060,688060,2017,2017-07-07,"['黄斌', '单晨云']"
IPO,688060,688060,2019,2019-12-20,"['黄斌', '单晨云']"
IPO,688060,688060,2020,2020-01-16,"['黄斌', '单晨云']"
IPO,688061,688061,2021,2021-12-22,"['张瑞', '吴萌']"
IPO,688061,688061,2022,2022-01-13,"['张瑞', '吴萌']"
IPO,688062,688062,2020,2020-12-18,"['费凡', '吴慧珺']"
IPO,688062,688062,2021,2021-04-17,"['费凡', '吴慧珺']"
IPO,688063,688063,2020,2020-05-27,"['边珊姗', '潘建武']"
IPO,688065,688065,2019,2019-12-10,"['陈孛', '邓华明', '钟俊']"
IPO,688065,688065,2020,2020-01-07,"['陈孛', '邓华明', '钟俊']"
IPO,688066,688066,2019,2019-04-12,"['孙宁', '赵鹏']"
IPO,688067,688067,2016,2016-06-17,"['李剑', '蒋玲玲']"
IPO,688067,688067,2017,2017-05-19,"['李剑', '蒋玲玲']"
IPO,688067,688067,2020,2020-05-26,"['魏五军', '王娟娟']"
IPO,688067,688067,2021,2021-01-28,"['魏五军', '王娟娟']"
IPO,688068,688068,2019,2019-04-04,"['肖桂莲', '陈谋林', '王明健']"
IPO,688069,688069,2019,2019-06-03,"['叶胜平', '提汝明']"
IPO,688069,688069,2020,2020-04-13,"['叶胜平', '提汝明']"
IPO,688070,688070,2020,2020-04-20,"['李元良', '彭雅慧']"
IPO,688070,688070,2021,2021-01-13,"['李元良', '彭雅慧']"
IPO,688071,688071,2020,2020-07-14,"['张扬', '史海峰']"
IPO,688071,688071,2021,2021-03-18,"['张扬', '史海峰']"
IPO,688072,688072,2021,2021-07-12,"['陈焱鑫', '徐银']"
IPO,688072,688072,2022,2022-03-01,"['陈焱鑫', '徐银']"
IPO,688073,688073,2021,2021-11-30,"['谢贤庆', '黄婵娟', '方钢']"
IPO,688073,688073,2022,2022-02-17,"['谢贤庆', '黄婵娟', '方钢']"
IPO,688075,688075,2020,2020-06-02,"['李美文', '卞圆媛']"
IPO,688075,688075,2021,2021-09-28,"['李美文', '卞圆媛']"
IPO,688076,688076,2020,2020-06-17,"['贾丽娜', '陈晓龙', '程晓曼']"
IPO,688076,688076,2021,2021-01-28,"['贾丽娜', '陈晓龙', '程晓曼']"
IPO,688077,688077,2017,2017-06-02,"['占铁华', '胡乃鹏', '潘怡君', '朱宗瑞']"
IPO,688077,688077,2018,2018-01-26,"['占铁华', '胡乃鹏', '潘怡君', '朱宗瑞']"
IPO,688077,688077,2019,2019-11-29,"['胡乃鹏', '潘怡君', '孙玉宝']"
IPO,688077,688077,2020,2020-04-13,"['胡乃鹏', '潘怡君', '孙玉宝']"
IPO,688077,688077,2020,2020-06-29,"['胡乃鹏', '潘怡君']"
IPO,688078,688078,2014,2014-06-11,"['刘雪松', '陈葆华']"
IPO,688078,688078,2015,2015-04-09,"['刘雪松', '陈葆华']"
IPO,688078,688078,2019,2019-04-03,"['陈葆华', '林顺国']"
IPO,688079,688079,2020,2020-05-12,"['陈彩琴', '罗联玬']"
IPO,688079,688079,2021,2021-01-18,"['陈彩琴', '罗联玬']"
IPO,688080,688080,2019,2019-04-17,"['毕强', '唐守东', '葛云虎', '李树健']"
IPO,688080,688080,2020,2020-01-08,"['毕强', '唐守东']"
IPO,688081,688081,2019,2019-06-27,"['魏五军', '周娅']"
IPO,688082,688082,2020,2020-06-01,"['唐艺', '赵菁']"
IPO,688082,688082,2021,2021-04-30,"['唐艺', '赵菁']"
IPO,688083,688083,2020,2020-04-09,"['潘文中', '雷宇']"
IPO,688083,688083,2021,2021-02-02,"['潘文中', '雷宇']"
IPO,688084,688084,2021,2021-12-31,"['秦霞', '刘广', '程迎春']"
IPO,688084,688084,2022,2022-01-22,"['秦霞', '刘广', '程迎春']"
IPO,688085,688085,2019,2019-06-26,"['王元', '陈婕']"
IPO,688085,688085,2020,2020-01-08,"['王元', '陈婕']"
IPO,688086,688086,2019,2019-04-03,"['姚炜', '陈志达']"
IPO,688086,688086,2019,2019-10-14,"['涂振连', '陈志达']"
IPO,688086,688086,2020,2020-01-20,"['涂振连', '陈志达']"
IPO,688086,688086,2020,2020-01-20,"['姚炜', '陈志达']"
IPO,688087,688087,2020,2020-07-24,"['费方华', '胡福健']"
IPO,688087,688087,2021,2021-03-09,"['费方华', '胡福健']"
IPO,688088,688088,2019,2019-03-27,"['杨景欣', '王佳良']"
IPO,688089,688089,2016,2016-07-01,"['李朝鸿', '赵冬莉']"
IPO,688089,688089,2017,2017-06-09,"['李朝鸿', '赵冬莉']"
IPO,688089,688089,2019,2019-04-29,"['梁谦海', '郑凤玉', '李朝鸿', '赵冬莉']"
IPO,688089,688089,2019,2019-11-15,"['梁谦海', '郑凤玉']"
IPO,688090,688090,2019,2019-06-05,"['王耀华', '杜小强', '张之祥']"
IPO,688090,688090,2020,2020-01-08,"['王耀华', '杜小强', '张之祥']"
IPO,688091,688091,2020,2020-08-11,"['叶春', '万斌']"
IPO,688091,688091,2021,2021-01-11,"['叶春', '万斌']"
IPO,688092,688092,2020,2020-04-27,"['李惠丰', '孙峰', '强爱斌']"
IPO,688092,688092,2021,2021-01-19,"['李惠丰', '孙峰', '强爱斌']"
IPO,688093,688093,2020,2020-04-03,"['丁春荣', '陈秋菊']"
IPO,688095,688095,2020,2020-03-23,"['林霞', '余婷婷', '林红', '郑丽惠']"
IPO,688095,688095,2020,2020-08-11,"['林霞', '余婷婷']"
IPO,688096,688096,2019,2019-07-05,"['刘明学', '张静峰']"
IPO,688096,688096,2020,2020-02-13,"['刘明学', '张静峰']"
IPO,688097,688097,2019,2019-04-01,"['刘桢', '崔志毅']"
IPO,688097,688097,2020,2020-04-24,"['刘桢', '崔志毅']"
IPO,688097,688097,2021,2021-01-28,"['刘桢', '崔志毅']"
IPO,688098,688098,2016,2016-12-23,"['谈朝晖', '顾兆翔']"
IPO,688098,688098,2017,2017-12-29,"['谈朝晖', '顾兆翔']"
IPO,688098,688098,2019,2019-04-02,"['张鸿彦', '黄羽']"
IPO,688099,688099,2019,2019-03-22,"['顾兆峰', '韩云翠']"
IPO,688100,688100,2019,2019-04-04,"['贺焕华', '张红']"
IPO,688101,688101,2014,2014-05-05,"['刘维', '张慧玲']"
IPO,688101,688101,2016,2016-04-22,"['刘维', '张慧玲']"
IPO,688101,688101,2019,2019-04-19,"['刘维', '张慧玲']"
IPO,688102,688102,2020,2020-12-24,"['张旭宏', '高飞']"
IPO,688102,688102,2021,2021-01-22,"['张旭宏', '高飞']"
IPO,688102,688102,2022,2022-01-25,"['张旭宏', '高飞']"
IPO,688103,688103,2017,2017-06-30,"['廖传宝', '鲍光荣', '王蒙']"
IPO,688103,688103,2020,2020-12-17,"['廖传宝', '王蒙', '刘涛', '鲍光荣']"
IPO,688103,688103,2021,2021-01-15,"['廖传宝', '王蒙', '刘涛', '鲍光荣']"
IPO,688103,688103,2021,2021-07-20,"['廖传宝', '王蒙', '刘涛']"
IPO,688105,688105,2020,2020-12-24,"['庄继宁', '任家虎']"
IPO,688105,688105,2021,2021-01-20,"['庄继宁', '任家虎']"
IPO,688106,688106,2016,2016-12-30,"['宋文', '汪健']"
IPO,688106,688106,2017,2017-12-12,"['宋文', '汪健', '王占先']"
IPO,688106,688106,2019,2019-12-13,"['郑磊', '汪健', '王占先', '宋文', '刘君丽']"
IPO,688106,688106,2020,2020-01-03,"['郑磊', '汪健', '王占先', '宋文', '刘君丽']"
IPO,688106,688106,2020,2020-05-21,"['郑磊', '汪健']"
IPO,688107,688107,2021,2021-04-30,"['王一芳', '侯文灏']"
IPO,688108,688108,2019,2019-03-29,"['康吉言', '刘静', '顾薇']"
IPO,688108,688108,2019,2019-09-27,"['康吉言', '刘静']"
IPO,688109,688109,2019,2019-07-05,"['钟炽兵', '肖小军', '阮铭华']"
IPO,688109,688109,2020,2020-05-12,"['钟炽兵', '阮铭华', '程瑶瑶']"
IPO,688109,688109,2021,2021-02-09,"['钟炽兵', '阮铭华', '程瑶瑶']"
IPO,688109,688109,2025,2025-09-30,"['钟炽兵', '阮铭华', '程瑶瑶']"
IPO,688110,688110,2020,2020-09-22,"['朱锦梅', '李永江']"
IPO,688110,688110,2021,2021-03-22,"['朱锦梅', '李永江']"
IPO,688111,688111,2017,2017-05-26,"['李文智', '张瑞']"
IPO,688111,688111,2019,2019-05-08,"['张瑞', '李政德']"
IPO,688112,688112,2020,2020-06-23,"['桑涛', '谭瑛红']"
IPO,688112,688112,2021,2021-01-07,"['桑涛', '谭瑛红']"
IPO,688113,688113,2020,2020-06-29,"['朱佑敏', '孙杰']"
IPO,688113,688113,2021,2021-02-04,"['朱佑敏', '孙杰']"
IPO,688114,688114,2020,2020-12-07,"['房炅', '陈子民']"
IPO,688114,688114,2021,2021-01-05,"['房炅', '陈子民']"
IPO,688114,688114,2022,2022-07-26,"['房炅', '陈子民']"
IPO,688115,688115,2021,2021-06-30,"['魏标文', '邹甜甜']"
IPO,688115,688115,2022,2022-01-18,"['魏标文', '邹甜甜']"
IPO,688116,688116,2019,2019-03-22,"['王强', '余建耀']"
IPO,688117,688117,2020,2020-06-24,"['叶卫民', '赖兴恺']"
IPO,688117,688117,2021,2021-02-20,"['叶卫民', '赖兴恺']"
IPO,688118,688118,2016,2016-06-17,"['孙立倩', '孙红艳', '孙勇']"
IPO,688118,688118,2017,2017-05-15,"['孙立倩', '孙红艳', '孙勇']"
IPO,688118,688118,2019,2019-06-03,"['孙立倩', '孙红艳']"
IPO,688119,688119,2020,2020-12-21,"['邹吉丰', '刘军']"
IPO,688119,688119,2021,2021-01-19,"['邹吉丰', '刘军']"
IPO,688119,688119,2022,2022-01-11,"['邹吉丰', '刘军']"
IPO,688120,688120,2020,2020-10-15,"['权计伟', '张欢']"
IPO,688120,688120,2021,2021-02-08,"['权计伟', '张欢']"
IPO,688120,688120,2021,2021-07-01,"['权计伟', '张欢', '黄秀娟', '邵雯', '邵弘晨']"
IPO,688120,688120,2022,2022-04-27,"['权计伟', '张欢']"
IPO,688120,688120,2022,2022-04-28,"['权计伟', '张欢', '黄秀娟', '邵雯', '邵弘晨']"
IPO,688121,688121,2021,2021-01-27,"['王亮', '吴晓蕊', '陈盛', '王波']"
IPO,688121,688121,2021,2021-07-27,"['王亮', '吴晓蕊']"
IPO,688122,688122,2019,2019-04-15,"['卢剑', '李素霞']"
IPO,688123,688123,2019,2019-04-02,"['杨景欣', '蒋宗良']"
IPO,688125,688125,2021,2021-06-29,"['李剑平', '张云鹤']"
IPO,688125,688125,2022,2022-03-01,"['李剑平', '张云鹤']"
IPO,688126,688126,2019,2019-04-30,"['潘振宇', '徐泓清']"
IPO,688126,688126,2020,2020-03-17,"['潘振宇', '徐泓清']"
IPO,688127,688127,2020,2020-03-26,"['沈维华', '伍贤春']"
IPO,688128,688128,2019,2019-05-06,"['章晓亮', '杨丽智']"
IPO,688129,688129,2020,2020-04-09,"['田华', '姜波']"
IPO,688130,688130,2021,2021-10-25,"['李伟海', '张毅']"
IPO,688130,688130,2022,2022-01-19,"['李伟海', '张毅']"
IPO,688131,688131,2020,2020-05-26,"['潘胜国', '李飞', '刘丽娟']"
IPO,688131,688131,2021,2021-01-08,"['潘胜国', '李飞', '刘丽娟']"
IPO,688132,688132,2020,2020-06-19,"['付忠伟', '赵亮']"
IPO,688132,688132,2021,2021-02-20,"['付忠伟', '赵亮', '宣宜辰']"
IPO,688132,688132,2022,2022-08-16,"['宣宜辰', '付忠伟']"
IPO,688132,688132,2022,2022-08-17,"['付忠伟', '赵亮', '宣宜辰']"
IPO,688133,688133,2019,2019-04-11,"['上官胜', '郭安静']"
IPO,688133,688133,2020,2020-04-13,"['上官胜', '郭安静']"
IPO,688135,688135,2020,2020-04-17,"['殷文文', '覃见忠']"
IPO,688136,688136,2020,2020-05-11,"['刘金平', '刘肖艳']"
IPO,688137,688137,2021,2021-12-29,"['胡新荣', '金珊', '李伟']"
IPO,688137,688137,2022,2022-01-19,"['胡新荣', '金珊', '李伟']"
IPO,688138,688138,2015,2015-11-27,"['金顺兴', '刘洁']"
IPO,688138,688138,2017,2017-04-07,"['金顺兴', '刘洁']"
IPO,688138,688138,2019,2019-05-24,"['金顺兴', '李鑫']"
IPO,688139,688139,2019,2019-04-02,"['张毅强', '王冲']"
IPO,688141,688141,2022,2022-03-29,"['胡友邻', '冯益祥', '叶群']"
IPO,688141,688141,2022,2022-10-18,"['胡友邻', '冯益祥']"
IPO,688143,688143,2021,2021-12-23,"['王明璀', '马玲']"
IPO,688143,688143,2022,2022-01-17,"['王明璀', '马玲']"
IPO,688146,688146,2022,2022-06-23,"['王娜', '张海洋', '陈勇波', '王幈']"
IPO,688146,688146,2023,2023-02-18,"['王娜', '张海洋', '陈勇波', '王幈']"
IPO,688146,688146,2023,2023-02-28,"['王娜', '张海洋']"
IPO,688147,688147,2020,2020-06-22,"['郭海龙', '李雯敏', '木石磊']"
IPO,688147,688147,2022,2022-03-03,"['郭海龙', '李雯敏', '周一惠']"
IPO,688148,688148,2020,2020-06-18,"['张云鹤', '梁明伟', '邱俊洲', '任鑫']"
IPO,688148,688148,2021,2021-01-08,"['张云鹤', '梁明伟', '邱俊洲', '任鑫']"
IPO,688148,688148,2021,2021-06-03,"['张云鹤', '梁明伟', '邱俊洲', '任鑫', '刘升文', '沈瑞鉴']"
IPO,688148,688148,2021,2021-07-06,"['张云鹤', '梁明伟']"
IPO,688150,688150,2021,2021-06-16,"['银雪姣', '王佶恺']"
IPO,688151,688151,2020,2020-12-25,"['朱劲松', '虢正科']"
IPO,688151,688151,2021,2021-01-21,"['朱劲松', '虢正科']"
IPO,688152,688152,2021,2021-12-23,"['闫磊', '曾春卫', '冯俭专']"
IPO,688152,688152,2022,2022-01-16,"['闫磊', '曾春卫', '冯俭专']"
IPO,688153,688153,2021,2021-06-21,"['汪明卉', '张洋', '陈国庆', '魏润平', '张樱楠']"
IPO,688153,688153,2022,2022-03-01,"['汪明卉', '张洋']"
IPO,688153,688153,2022,2022-03-02,"['汪明卉', '张洋', '陈国庆', '魏润平', '张樱楠']"
IPO,688155,688155,2019,2019-12-26,"['耿磊', '孙洁珺', '赵彧非']"
IPO,688155,688155,2020,2020-01-15,"['耿磊', '孙洁珺', '赵彧非']"
IPO,688155,688155,2020,2020-07-14,"['耿磊', '孙洁珺']"
IPO,688156,688156,2019,2019-10-30,"['乔冠芳', '汪海洲']"
IPO,688156,688156,2020,2020-05-19,"['乔冠芳', '汪海洲']"
IPO,688156,688156,2025,2025-04-15,"['乔冠芳', '汪海洲']"
IPO,688157,688157,2019,2019-10-12,"['刘智清', '康代安', '张宇辰']"
IPO,688157,688157,2020,2020-02-25,"['刘智清', '康代安', '张宇辰']"
IPO,688158,688158,2019,2019-04-01,"['刘桢', '黄海']"
IPO,688159,688159,2017,2017-06-16,"['陈琼', '陈延柏']"
IPO,688159,688159,2018,2018-01-30,"['陈琼', '陈延柏']"
IPO,688159,688159,2019,2019-05-07,"['陈延柏', '卢志清']"
IPO,688160,688160,2016,2016-04-29,"['李立影', '李斌']"
IPO,688160,688160,2017,2017-06-12,"['李立影', '习珍珍']"
IPO,688160,688160,2020,2020-04-20,"['赵国梁', '刘洁']"
IPO,688160,688160,2020,2020-06-23,"['李立影', '习珍珍']"
IPO,688161,688161,2020,2020-06-12,"['刘学生', '王鑫']"
IPO,688161,688161,2021,2021-01-19,"['刘学生', '王鑫']"
IPO,688162,688162,2020,2020-12-28,"['施琪璋', '朱浩', '崔健']"
IPO,688162,688162,2021,2021-01-26,"['施琪璋', '朱浩', '崔健']"
IPO,688163,688163,2019,2019-05-19,"['王兴华', '李玮俊']"
IPO,688163,688163,2020,2020-11-09,"['王兴华', '李玮俊']"
IPO,688163,688163,2021,2021-01-19,"['王兴华', '李玮俊']"
IPO,688163,688163,2022,2022-01-25,"['王兴华', '李玮俊']"
IPO,688165,688165,2019,2019-06-26,"['郁向军', '宜陈峰', '崔芳林']"
IPO,688165,688165,2020,2020-01-07,"['郁向军', '宜陈峰', '崔芳林']"
IPO,688166,688166,2019,2019-04-08,"['滕飞', '许喆']"
IPO,688167,688167,2021,2021-02-04,"['郑嘉彦', '韩涛']"
IPO,688168,688168,2019,2019-04-04,"['丁亭亭', '杨燚']"
IPO,688169,688169,2019,2019-04-09,"['陆剑', '周凡女', '张宏敏', '宋伟杰']"
IPO,688169,688169,2020,2020-01-14,"['陆剑', '周凡女']"
IPO,688170,688170,2015,2015-11-13,"['付丽君', '陈英杰']"
IPO,688170,688170,2021,2021-06-25,"['陈英杰', '王帅军']"
IPO,688170,688170,2022,2022-03-01,"['陈英杰', '王帅军']"
IPO,688171,688171,2020,2020-06-01,"['禤文欣', '陈建成']"
IPO,688171,688171,2021,2021-01-14,"['禤文欣', '陈建成']"
IPO,688172,688172,2022,2022-04-12,"['丛存', '邱凌凌']"
IPO,688173,688173,2021,2021-05-24,"['陈建孝', '李晓蕾']"
IPO,688173,688173,2021,2021-08-19,"['陈建孝', '李晓蕾', '李敏', '周燕']"
IPO,688175,688175,2021,2021-05-12,"['杨敢林', '梁家堂']"
IPO,688175,688175,2022,2022-01-25,"['杨敢林', '梁家堂']"
IPO,688176,688176,2021,2021-05-26,"['张松柏', '林雯英']"
IPO,688177,688177,2019,2019-07-08,"['尹卫华', '钟伟雄', '李松']"
IPO,688177,688177,2020,2020-01-13,"['尹卫华', '钟伟雄', '李松']"
IPO,688177,688177,2020,2020-01-14,"['尹卫华', '李松']"
IPO,688178,688178,2019,2019-04-18,"['贾丽娜', '蔡卫华', '娄新洁']"
IPO,688179,688179,2020,2020-04-28,"['马建萍', '宋德栩']"
IPO,688180,688180,2019,2019-09-26,"['宛云龙', '宋文', '黄晓奇', '崔广余', '周梦玲', '郭学勤']"
IPO,688180,688180,2020,2020-02-20,"['宛云龙', '宋文', '黄晓奇', '崔广余', '周梦玲', '郭学勤']"
IPO,688180,688180,2020,2020-05-20,"['宛云龙', '黄晓奇', '崔广余']"
IPO,688181,688181,2019,2019-05-06,"['曹阳', '王艳艳']"
IPO,688182,688182,2020,2020-06-30,"['李春华', '王涵']"
IPO,688182,688182,2021,2021-03-08,"['李春华', '王涵']"
IPO,688183,688183,2020,2020-05-28,"['郭小军', '陈桂生']"
IPO,688183,688183,2021,2021-01-05,"['郭小军', '陈桂生']"
IPO,688184,688184,2021,2021-12-17,"['江娟', '王绍武']"
IPO,688184,688184,2022,2022-01-13,"['江娟', '王绍武']"
IPO,688185,688185,2020,2020-01-22,"['温静', '张杨', '毛晓东', '吴学友', '蔡广彬']"
IPO,688185,688185,2020,2020-07-15,"['温静', '张杨']"
IPO,688186,688186,2019,2019-04-10,"['马章松', '许念来']"
IPO,688186,688186,2020,2020-01-08,"['马章松', '许念来']"
IPO,688187,688187,2020,2020-12-30,"['彭金勇', '叶祥佳', '刘绍秋', '谢东良']"
IPO,688187,688187,2021,2021-01-26,"['彭金勇', '叶祥佳', '刘绍秋', '谢东良']"
IPO,688187,688187,2021,2021-06-22,"['彭金勇', '叶祥佳']"
IPO,688188,688188,2019,2019-04-10,"['李萍', '钟焕秀']"
IPO,688189,688189,2019,2019-06-26,"['傅成钢', '杨明新']"
IPO,688189,688189,2020,2020-01-03,"['傅成钢', '杨明新']"
IPO,688190,688190,2021,2021-04-12,"['杨志', '李春旭']"
IPO,688191,688191,2020,2020-05-11,"['梁谦海', '鄢杨君', '陈勇波', '王娜']"
IPO,688191,688191,2021,2021-03-02,"['梁谦海', '鄢杨君', '陈勇波', '王娜']"
IPO,688191,688191,2021,2021-03-02,"['梁谦海', '鄢杨君']"
IPO,688192,688192,2021,2021-03-10,"['胡巍', '郭奕珂', '李孝念', '王勋第']"
IPO,688192,688192,2021,2021-11-09,"['胡巍', '郭奕珂']"
IPO,688193,688193,2021,2021-06-17,"['张松柏', '王法亮']"
IPO,688193,688193,2022,2022-02-22,"['张松柏', '王法亮']"
IPO,688195,688195,2020,2020-04-29,"['林庆瑜', '张采']"
IPO,688195,688195,2021,2021-02-24,"['林庆瑜', '张采']"
IPO,688196,688196,2014,2014-06-27,"['熊建益', '叶春']"
IPO,688196,688196,2018,2018-01-03,"['熊建益', '叶春']"
IPO,688196,688196,2019,2019-04-26,"['熊建益', '林辉钦']"
IPO,688197,688197,2021,2021-03-16,"['许松飞', '张晓燕']"
IPO,688197,688197,2022,2022-02-08,"['许松飞', '张晓燕']"
IPO,688198,688198,2019,2019-04-15,"['赵鹏', '孙宁']"
IPO,688199,688199,2019,2019-04-18,"['叶金福', '滕忠诚', '侯杏倩', '梁雪萍', '张勇']"
IPO,688199,688199,2019,2019-10-12,"['叶金福', '滕忠诚']"
IPO,688200,688200,2019,2019-08-07,"['沈文圣', '张希海']"
IPO,688200,688200,2020,2020-01-13,"['沈文圣', '张希海']"
IPO,688201,688201,2020,2020-06-29,"['纪玉红', '李成林']"
IPO,688201,688201,2021,2021-03-23,"['纪玉红', '李成林']"
IPO,688202,688202,2017,2017-07-14,"['王许', '朱磊']"
IPO,688202,688202,2019,2019-04-03,"['王许', '朱磊']"
IPO,688203,688203,2021,2021-09-24,"['俞佳南', '贝柳辉']"
IPO,688203,688203,2022,2022-01-08,"['俞佳南', '贝柳辉']"
IPO,688205,688205,2021,2021-10-12,"['夏正曙', '姜铭']"
IPO,688205,688205,2022,2022-01-10,"['夏正曙', '姜铭']"
IPO,688206,688206,2021,2021-06-25,"['张瑞', '李政德']"
IPO,688207,688207,2021,2021-06-22,"['胡素萍', '林志忠', '郑超敏']"
IPO,688207,688207,2022,2022-01-11,"['胡素萍', '林志忠', '郑超敏']"
IPO,688208,688208,2015,2015-11-13,"['周伟然', '陈岸强']"
IPO,688208,688208,2019,2019-06-27,"['吴懿忻', '夏均军']"
IPO,688208,688208,2020,2020-01-10,"['吴懿忻', '夏均军']"
IPO,688209,688209,2021,2021-06-10,"['欧昌献', '彭敏', '周安兵']"
IPO,688209,688209,2022,2022-03-08,"['欧昌献', '彭敏', '周安兵']"
IPO,688210,688210,2020,2020-12-28,"['张磊', '扶交亮', '屈先富']"
IPO,688210,688210,2021,2021-01-25,"['张磊', '扶交亮', '屈先富']"
IPO,688210,688210,2021,2021-11-02,"['张磊', '扶交亮']"
IPO,688211,688211,2020,2020-11-25,"['潘子健', '龚伟礼']"
IPO,688211,688211,2021,2021-02-22,"['潘子健', '龚伟礼']"
IPO,688212,688212,2020,2020-12-25,"['朱海平', '刘静', '吴森琴']"
IPO,688212,688212,2021,2021-01-21,"['朱海平', '刘静', '吴森琴']"
IPO,688213,688213,2021,2021-06-28,"['刘颖', '赵国豪']"
IPO,688213,688213,2022,2022-03-29,"['刘颖', '赵国豪']"
IPO,688215,688215,2020,2020-01-20,"['朱依君', '章玉峰']"
IPO,688216,688216,2014,2014-12-05,"['屈先富', '韩雁光', '刘光荣']"
IPO,688216,688216,2018,2018-02-05,"['屈先富', '韩雁光', '刘光荣']"
IPO,688216,688216,2020,2020-06-24,"['韩雁光', '王冬林', '刘光荣']"
IPO,688216,688216,2021,2021-02-25,"['韩雁光', '王冬林', '刘光荣']"
IPO,688217,688217,2020,2020-06-23,"['郭文令', '朱智俊', '罗静']"
IPO,688217,688217,2021,2021-01-28,"['郭文令', '朱智俊', '罗静']"
IPO,688218,688218,2019,2019-03-22,"['朱广明', '周磊']"
IPO,688219,688219,2020,2020-04-27,"['王强', '赵静娴']"
IPO,688220,688220,2020,2020-12-15,"['周冰', '陆晓兰']"
IPO,688220,688220,2021,2021-01-13,"['周冰', '陆晓兰']"
IPO,688221,688221,2019,2019-08-13,"['徐侃瓴', '陈定元']"
IPO,688221,688221,2020,2020-03-30,"['徐侃瓴', '陈定元']"
IPO,688222,688222,2019,2019-07-09,"['杨海蛟', '凌滟', '廖继平', '范大洋']"
IPO,688222,688222,2020,2020-03-04,"['杨海蛟', '凌滟', '廖继平', '范大洋']"
IPO,688222,688222,2020,2020-03-17,"['杨海蛟', '凌滟']"
IPO,688223,688223,2021,2021-06-28,"['蒋舒媚', '周冀']"
IPO,688225,688225,2021,2021-03-12,"['曹阳', '王娟']"
IPO,688225,688225,2022,2022-01-05,"['曹阳', '王娟']"
IPO,688226,688226,2020,2020-06-11,"['陈玉生', '祁成兵']"
IPO,688226,688226,2021,2021-01-07,"['陈玉生', '祁成兵']"
IPO,688227,688227,2020,2020-06-30,"['韩雁光', '麦剑青']"
IPO,688227,688227,2021,2021-01-04,"['韩雁光', '麦剑青']"
IPO,688228,688228,2019,2019-06-21,"['谭炼', '彭宗显']"
IPO,688228,688228,2020,2020-01-13,"['谭炼', '彭宗显']"
IPO,688229,688229,2017,2017-02-17,"['徐继凯', '邹建']"
IPO,688229,688229,2018,2018-01-24,"['徐继凯', '邹建']"
IPO,688229,688229,2019,2019-12-03,"['邹建', '权计伟']"
IPO,688229,688229,2020,2020-04-29,"['邹建', '权计伟']"
IPO,688230,688230,2021,2021-04-09,"['王俊', '王兴华', '王楠']"
IPO,688231,688231,2021,2021-06-28,"['朱广明', '周贵人', '周磊', '荆跃飞']"
IPO,688231,688231,2022,2022-01-06,"['朱广明', '周贵人', '周磊', '荆跃飞']"
IPO,688231,688231,2022,2022-05-31,"['朱广明', '周贵人', '周磊']"
IPO,688232,688232,2020,2020-07-30,"['张坚', '周垚', '薛建兵', '汪盈']"
IPO,688232,688232,2021,2021-02-09,"['张坚', '周垚', '薛建兵', '汪盈']"
IPO,688232,688232,2021,2021-04-20,"['张坚', '周垚', '汪盈']"
IPO,688233,688233,2019,2019-04-19,"['吴育岐', '鲁家顺', '王勇勇']"
IPO,688233,688233,2020,2020-01-14,"['吴育岐', '鲁家顺', '王勇勇']"
IPO,688234,688234,2021,2021-05-31,"['吴震东', '纪贇']"
IPO,688235,688235,2021,2021-01-29,"['王宁', '吕翠翠']"
IPO,688236,688236,2020,2020-12-22,"['吴金锋', '甘思同']"
IPO,688236,688236,2021,2021-01-19,"['吴金锋', '甘思同']"
IPO,688237,688237,2021,2021-05-14,"['刘智清', '曾春卫', '陈恩']"
IPO,688237,688237,2022,2022-01-19,"['刘智清', '曾春卫', '陈恩']"
IPO,688238,688238,2021,2021-06-08,"['曹小勤', '义国兵']"
IPO,688238,688238,2022,2022-01-11,"['曹小勤', '义国兵']"
IPO,688239,688239,2020,2020-06-24,"['魏天慧', '封帆']"
IPO,688239,688239,2021,2021-01-07,"['朱伟光', '马建平']"
IPO,688244,688244,2021,2021-06-30,"['王振宇', '王昆']"
IPO,688244,688244,2022,2022-02-09,"['王振宇', '王昆']"
IPO,688246,688246,2020,2020-09-03,"['康文军', '田国成']"
IPO,688246,688246,2021,2021-03-31,"['康文军', '田国成']"
IPO,688247,688247,2021,2021-05-20,"['江燕', '胡文妤']"
IPO,688247,688247,2022,2022-01-11,"['江燕', '胡文妤']"
IPO,688248,688248,2021,2021-06-10,"['梁志勇', '周柯峰']"
IPO,688249,688249,2021,2021-05-11,"['黄亚琼', '鲍光荣', '姚捷', '刘荣', '宗美琴']"
IPO,688249,688249,2022,2022-03-03,"['黄亚琼', '姚捷', '刘荣', '鲍光荣', '宗美琴']"
IPO,688249,688249,2022,2022-06-14,"['黄亚琼', '姚捷', '刘荣']"
IPO,688251,688251,2021,2021-06-29,"['王彩霞', '蒋伟', '刘文', '齐利平']"
IPO,688251,688251,2022,2022-03-22,"['王彩霞', '蒋伟', '刘文', '齐利平']"
IPO,688251,688251,2022,2022-03-22,"['王彩霞', '蒋伟', '刘文']"
IPO,688252,688252,2021,2021-06-29,"['周永明', '陈子民', '李婉薇']"
IPO,688252,688252,2022,2022-05-10,"['周永明', '陈子民', '李婉薇']"
IPO,688253,688253,2021,2021-06-16,"['牛良文', '岑溯鹏', '丁亭亭']"
IPO,688253,688253,2022,2022-01-10,"['牛良文', '岑溯鹏', '丁亭亭']"
IPO,688255,688255,2020,2020-12-02,"['王强', '赵静娴']"
IPO,688255,688255,2021,2021-02-26,"['王强', '赵静娴']"
IPO,688256,688256,2020,2020-03-26,"['吴懿忻', '夏均军']"
IPO,688257,688257,2019,2019-06-28,"['夏正曙', '王微']"
IPO,688257,688257,2020,2020-10-29,"['夏正曙', '赵明', '王微']"
IPO,688257,688257,2021,2021-01-28,"['夏正曙', '赵明', '王微']"
IPO,688257,688257,2021,2021-08-24,"['夏正曙', '赵明']"
IPO,688258,688258,2019,2019-04-10,"['夏先锋', '陈倩']"
IPO,688259,688259,2020,2020-12-01,"['邵明亮', '魏玲']"
IPO,688259,688259,2021,2021-03-12,"['邵明亮', '魏玲']"
IPO,688260,688260,2020,2020-06-11,"['胡学文', '吴舟', '吴景亚']"
IPO,688260,688260,2021,2021-01-06,"['胡学文', '吴舟', '吴景亚']"
IPO,688261,688261,2021,2021-06-17,"['蒋舒媚', '华鋆烨']"
IPO,688262,688262,2020,2020-12-30,"['刘勇', '侯克丰']"
IPO,688262,688262,2021,2021-01-28,"['刘勇', '侯克丰']"
IPO,688265,688265,2020,2020-12-18,"['谢贤庆', '刘雯雯']"
IPO,688265,688265,2021,2021-01-15,"['谢贤庆', '刘雯雯']"
IPO,688266,688266,2019,2019-06-10,"['石柱', '唐松柏']"
IPO,688267,688267,2021,2021-06-16,"['吴宇', '闫长满', '赵松贺', '许峰', '谢四刚']"
IPO,688267,688267,2022,2022-01-05,"['吴宇', '闫长满', '赵松贺', '许峰', '谢四刚']"
IPO,688267,688267,2022,2022-01-05,"['吴宇', '闫长满', '赵松贺']"
IPO,688268,688268,2019,2019-04-12,"['吴震', '阮章宏']"
IPO,688269,688269,2020,2020-06-19,"['苗策', '沙晓田']"
IPO,688269,688269,2021,2021-01-21,"['苗策', '沙晓田']"
IPO,688270,688270,2021,2021-06-29,"['王强', '章静静']"
IPO,688271,688271,2021,2021-12-31,"['李雪梅', '王建保']"
IPO,688271,688271,2022,2022-01-22,"['李雪梅', '王建保']"
IPO,688272,688272,2021,2021-01-20,"['刘勇', '卢鑫', '徐宏辉']"
IPO,688273,688273,2021,2021-06-28,"['张军', '徐春艳']"
IPO,688273,688273,2022,2022-01-17,"['张军', '徐春艳']"
IPO,688275,688275,2022,2022-01-07,"['王建甫', '许红瑾']"
IPO,688276,688276,2020,2020-08-25,"['王树奇', '王博']"
IPO,688276,688276,2021,2021-01-25,"['王树奇', '王博']"
IPO,688277,688277,2019,2019-08-07,"['袁涛', '宋立民']"
IPO,688277,688277,2020,2020-01-03,"['袁涛', '宋立民']"
IPO,688278,688278,2019,2019-03-27,"['李仕谦', '李雅莉']"
IPO,688279,688279,2021,2021-06-22,"['赖其寿', '唐娟']"
IPO,688279,688279,2022,2022-03-15,"['赖其寿', '唐娟']"
IPO,688280,688280,2020,2020-06-23,"['刘海山', '孙艳华']"
IPO,688280,688280,2021,2021-01-11,"['刘海山', '孙艳华']"
IPO,688281,688281,2021,2021-04-22,"['常晓波', '卫婵']"
IPO,688281,688281,2022,2022-01-11,"['常晓波', '卫婵']"
IPO,688282,688282,2020,2020-12-17,"['陈刚', '宋勇']"
IPO,688282,688282,2021,2021-01-14,"['陈刚', '宋勇']"
IPO,688282,688282,2022,2022-01-05,"['陈刚', '宋勇']"
IPO,688283,688283,2021,2021-06-07,"['贺顺祥', '刘伟']"
IPO,688283,688283,2022,2022-01-05,"['贺顺祥', '刘伟']"
IPO,688285,688285,2020,2020-12-21,"['聂诗军', '万俊广', '杨彦东']"
IPO,688285,688285,2021,2021-01-18,"['聂诗军', '万俊广', '杨彦东']"
IPO,688286,688286,2019,2019-11-01,"['向晓三', '许红瑾']"
IPO,688286,688286,2020,2020-01-09,"['向晓三', '许红瑾']"
IPO,688288,688288,2019,2019-03-28,"['孙文军', '李唯婕']"
IPO,688289,688289,2020,2020-03-04,"['李新首', '杨旭']"
IPO,688290,688290,2021,2021-06-30,"['吕安吉', '李志媛']"
IPO,688290,688290,2022,2022-03-22,"['吕安吉', '李志媛']"
IPO,688291,688291,2021,2021-11-16,"['冉士龙', '廖蕊']"
IPO,688291,688291,2022,2022-03-11,"['冉士龙', '廖蕊']"
IPO,688292,688292,2021,2021-06-21,"['李津庆', '肖和勇']"
IPO,688292,688292,2022,2022-03-11,"['李津庆', '肖和勇']"
IPO,688293,688293,2021,2021-11-23,"['朱海平', '罗丹', '魏梦云']"
IPO,688293,688293,2022,2022-02-25,"['朱海平', '罗丹', '魏梦云']"
IPO,688295,688295,2021,2021-06-24,"['陈柏林', '李然', '高淼']"
IPO,688295,688295,2022,2022-02-22,"['陈柏林', '李然', '高淼']"
IPO,688296,688296,2020,2020-10-09,"['严燕鸿', '陈玮琳', '杨海龙', '孙国伟']"
IPO,688296,688296,2021,2021-03-22,"['严燕鸿', '陈玮琳', '杨海龙', '孙国伟']"
IPO,688296,688296,2021,2021-06-16,"['严燕鸿', '陈玮琳']"
IPO,688297,688297,2021,2021-09-23,"['华毅鸿', '崔霞霖', '马平', '李锦艳']"
IPO,688297,688297,2022,2022-01-06,"['华毅鸿', '崔霞霖', '马平', '李锦艳']"
IPO,688297,688297,2022,2022-05-17,"['华毅鸿', '崔霞霖']"
IPO,688298,688298,2019,2019-05-09,"['张建新', '杨金晓', '汪建维']"
IPO,688299,688299,2019,2019-04-19,"['胡俊杰', '何剑']"
IPO,688300,688300,2017,2017-12-29,"['洪文伟', '郭小军', '姜启晓', '张琴']"
IPO,688300,688300,2019,2019-04-11,"['洪文伟', '郭小军']"
IPO,688301,688301,2018,2018-05-11,"['康吉言', '罗丹']"
IPO,688301,688301,2020,2020-03-17,"['康吉言', '罗丹', '郭同璞']"
IPO,688301,688301,2020,2020-06-14,"['康吉言', '罗丹']"
IPO,688302,688302,2021,2021-05-20,"['杨海蛟', '凌滟', '申军', '赵本刚']"
IPO,688302,688302,2022,2022-02-15,"['杨海蛟', '凌滟']"
IPO,688302,688302,2022,2022-02-17,"['杨海蛟', '凌滟', '申军', '赵本刚']"
IPO,688303,688303,2020,2020-09-11,"['吴晓辉', '邵艳霞']"
IPO,688303,688303,2021,2021-01-15,"['吴晓辉', '邵艳霞']"
IPO,688305,688305,2020,2020-05-28,"['王娜', '胡碟']"
IPO,688305,688305,2021,2021-01-19,"['王娜', '胡碟']"
IPO,688306,688306,2020,2020-09-16,"['王晨', '陈建兵']"
IPO,688306,688306,2021,2021-03-31,"['王晨', '陈建兵']"
IPO,688306,688306,2022,2022-01-18,"['王晨', '陈建兵']"
IPO,688307,688307,2022,2022-05-20,"['陆俊洁', '王佳婧']"
IPO,688308,688308,2020,2020-04-17,"['管盛春', '平海鹏']"
IPO,688309,688309,2019,2019-10-23,"['张居忠', '朱广超', '周春阳', '芦廷廷']"
IPO,688309,688309,2020,2020-01-07,"['张居忠', '朱广超', '周春阳', '芦廷廷']"
IPO,688309,688309,2020,2020-06-17,"['张居忠', '朱广超', '周春阳']"
IPO,688310,688310,2017,2017-07-07,"['朱大为', '耿振']"
IPO,688310,688310,2018,2018-03-01,"['朱大为', '耿振']"
IPO,688310,688310,2019,2019-05-10,"['吕瑛群', '耿振']"
IPO,688311,688311,2019,2019-12-25,"['谢骞', '董汉逸']"
IPO,688311,688311,2020,2020-01-17,"['谢骞', '董汉逸']"
IPO,688312,688312,2019,2019-09-27,"['李立影', '李凤']"
IPO,688312,688312,2020,2020-02-20,"['李立影', '李凤']"
IPO,688313,688313,2020,2020-03-24,"['孙宁', '董兴改', '施丹丹', '金戈']"
IPO,688313,688313,2020,2020-07-14,"['孙宁', '董兴改']"
IPO,688314,688314,2020,2020-06-09,"['魏云锋', '李茜']"
IPO,688314,688314,2021,2021-02-20,"['魏云锋', '李茜']"
IPO,688315,688315,2018,2018-12-21,"['张帆', '石爱红']"
IPO,688315,688315,2019,2019-11-01,"['张帆', '石爱红']"
IPO,688315,688315,2020,2020-06-24,"['张帆', '石爱红']"
IPO,688315,688315,2021,2021-01-14,"['张帆', '石爱红']"
IPO,688316,688316,2020,2020-04-07,"['肖桂莲', '陈君', '刘丽芬']"
IPO,688316,688316,2021,2021-02-01,"['肖桂莲', '陈君', '刘丽芬']"
IPO,688316,688316,2021,2021-02-02,"['肖桂莲', '陈君']"
IPO,688317,688317,2017,2017-11-10,"['张建新', '司维', '覃剑锋']"
IPO,688317,688317,2018,2018-06-05,"['张建新', '司维', '覃剑锋']"
IPO,688317,688317,2020,2020-06-01,"['高峰', '邵明亮', '魏玲']"
IPO,688318,688318,2012,2012-05-09,"['杨红青', '王兵兵']"
IPO,688318,688318,2014,2014-06-20,"['杨红青', '刘定超']"
IPO,688318,688318,2016,2016-06-30,"['杨红青', '彭燕']"
IPO,688318,688318,2019,2019-07-10,"['杨红青', '姚平']"
IPO,688318,688318,2020,2020-03-24,"['杨红青', '姚平']"
IPO,688319,688319,2020,2020-06-24,"['覃丽君', '阿的五且']"
IPO,688319,688319,2021,2021-01-07,"['覃丽君', '阿的五且']"
IPO,688320,688320,2021,2021-06-24,"['陈素素', '韩熙']"
IPO,688320,688320,2022,2022-01-28,"['陈素素', '韩熙']"
IPO,688321,688321,2019,2019-03-27,"['房炅', '刘侨敏']"
IPO,688322,688322,2021,2021-06-29,"['蒋舒媚', '朱珊珊']"
IPO,688322,688322,2022,2022-01-07,"['蒋舒媚', '朱珊珊']"
IPO,688323,688323,2020,2020-06-24,"['凡章', '王金云']"
IPO,688323,688323,2021,2021-01-28,"['凡章', '王金云']"
IPO,688325,688325,2021,2021-06-25,"['王兴华', '李玮俊']"
IPO,688325,688325,2022,2022-03-15,"['王兴华', '李玮俊']"
IPO,688326,688326,2021,2021-06-29,"['王娜', '边伟宁']"
IPO,688326,688326,2022,2022-02-15,"['王娜', '边伟宁']"
IPO,688327,688327,2020,2020-12-03,"['张瑞', '吴萌']"
IPO,688327,688327,2021,2021-03-05,"['张瑞', '吴萌']"
IPO,688327,688327,2022,2022-04-06,"['张瑞', '吴萌']"
IPO,688328,688328,2020,2020-04-27,"['杨谦', '谭智青']"
IPO,688328,688328,2021,2021-01-25,"['杨谦', '谭智青']"
IPO,688329,688329,2019,2019-06-28,"['李惠丰', '邓红玉']"
IPO,688329,688329,2020,2020-06-02,"['李惠丰', '邓红玉']"
IPO,688329,688329,2021,2021-01-25,"['李惠丰', '邓红玉']"
IPO,688330,688330,2020,2020-03-23,"['牛良文', '权恒']"
IPO,688331,688331,2021,2021-06-21,"['张毅强', '杨晶']"
IPO,688331,688331,2022,2022-01-11,"['张毅强', '杨晶']"
IPO,688332,688332,2021,2021-05-10,"['李立影', '李凤']"
IPO,688332,688332,2022,2022-01-06,"['李立影', '李凤']"
IPO,688333,688333,2019,2019-04-04,"['田阡', '卫婵', '陈川宏']"
IPO,688333,688333,2019,2019-07-01,"['田阡', '卫婵']"
IPO,688334,688334,2022,2022-06-30,"['刘丹', '杨建', '程鲁']"
IPO,688334,688334,2023,2023-01-30,"['刘丹', '杨建', '程鲁']"
IPO,688335,688335,2020,2020-01-20,"['周立新', '陈灵灵']"
IPO,688336,688336,2019,2019-10-31,"['殷国炜', '鲍小刚']"
IPO,688336,688336,2020,2020-01-10,"['殷国炜', '鲍小刚']"
IPO,688337,688337,2021,2021-06-11,"['赵海舟', '张姝姝', '刘勇', '孙殷骏']"
IPO,688337,688337,2022,2022-03-01,"['赵海舟', '张姝姝']"
IPO,688337,688337,2022,2022-03-02,"['赵海舟', '张姝姝', '刘勇', '孙殷骏']"
IPO,688338,688338,2019,2019-12-27,"['肖桂莲', '张雪咏', '唐恒飞']"
IPO,688338,688338,2020,2020-01-20,"['肖桂莲', '张雪咏', '唐恒飞']"
IPO,688339,688339,2019,2019-07-08,"['晁小燕', '田娟', '司文召', '刘霞', '郭健', '姚林山']"
IPO,688339,688339,2020,2020-01-02,"['晁小燕', '田娟', '司文召', '刘霞', '郭健', '姚林山']"
IPO,688339,688339,2020,2020-07-14,"['晁小燕', '田娟']"
IPO,688343,688343,2020,2020-12-08,"['陈志刚', '赵阳', '范科磊']"
IPO,688343,688343,2021,2021-01-06,"['陈志刚', '赵阳', '范科磊']"
IPO,688343,688343,2023,2023-01-10,"['陈志刚', '赵阳', '范科磊']"
IPO,688345,688345,2020,2020-06-09,"['陈菁佩', '陈鹏']"
IPO,688345,688345,2021,2021-03-25,"['陈菁佩', '陈鹏']"
IPO,688347,688347,2022,2022-11-04,"['徐汝洁', '朱莉']"
IPO,688347,688347,2023,2023-01-29,"['徐汝洁', '朱莉']"
IPO,688348,688348,2021,2021-06-29,"['黄加才', '郭蓓丽']"
IPO,688348,688348,2022,2022-01-14,"['黄加才', '郭蓓丽']"
IPO,688349,688349,2021,2021-03-29,"['李勇', '李松']"
IPO,688349,688349,2022,2022-01-17,"['李勇', '李松']"
IPO,688350,688350,2017,2017-06-23,"['郭文令', '彭远卓']"
IPO,688350,688350,2018,2018-04-13,"['郭文令', '彭远卓']"
IPO,688350,688350,2020,2020-05-14,"['郭文令', '罗静']"
IPO,688351,688351,2021,2021-06-30,"['陈泓洲', '邢红恩']"
IPO,688351,688351,2022,2022-03-18,"['陈泓洲', '邢红恩']"
IPO,688352,688352,2022,2022-05-19,"['王兴华', '马罡', '李玮俊']"
IPO,688352,688352,2023,2023-02-18,"['王兴华', '马罡', '李玮俊']"
IPO,688353,688353,2021,2021-06-30,"['黄晓奇', '仇笑康', '侯冬生']"
IPO,688353,688353,2022,2022-01-26,"['黄晓奇', '仇笑康', '侯冬生']"
IPO,688355,688355,2020,2020-06-30,"['刘勇', '许金梦']"
IPO,688355,688355,2021,2021-02-04,"['刘勇', '许金梦']"
IPO,688356,688356,2019,2019-11-01,"['杜凯', '宋以晶']"
IPO,688356,688356,2020,2020-01-02,"['杜凯', '宋以晶']"
IPO,688357,688357,2019,2019-04-30,"['张力', '袁刚山', '韩仰']"
IPO,688357,688357,2019,2019-10-28,"['袁刚山', '韩仰']"
IPO,688358,688358,2019,2019-04-30,"['肖桂莲', '陈谋林', '刘翠玲']"
IPO,688359,688359,2020,2020-08-25,"['刘远帅', '区伟杰']"
IPO,688359,688359,2021,2021-01-26,"['刘远帅', '区伟杰']"
IPO,688360,688360,2019,2019-06-27,"['张克东', '成岚']"
IPO,688360,688360,2020,2020-01-03,"['张克东', '成岚']"
IPO,688361,688361,2021,2021-12-22,"['刘智清', '李海', '倪淏然', '肖金文']"
IPO,688361,688361,2022,2022-01-19,"['刘智清', '李海', '倪淏然', '肖金文']"
IPO,688361,688361,2023,2023-02-20,"['刘智清', '李海', '倪淏然', '肖金文']"
IPO,688361,688361,2023,2023-02-21,"['刘智清', '李海', '倪淏然']"
IPO,688362,688362,2021,2021-06-23,"['韦军', '徐忠文']"
IPO,688362,688362,2022,2022-02-14,"['韦军', '徐忠文']"
IPO,688363,688363,2019,2019-04-10,"['江永辉', '钱华丽']"
IPO,688365,688365,2019,2019-06-11,"['郭宪明', '陈科举', '张凯隆']"
IPO,688365,688365,2020,2020-03-09,"['郭宪明', '陈科举', '张凯隆']"
IPO,688366,688366,2019,2019-04-18,"['汪阳', '鲍小刚']"
IPO,688367,688367,2020,2020-09-04,"['马章松', '孙涛', '吴向东']"
IPO,688367,688367,2021,2021-02-02,"['马章松', '孙涛', '吴向东']"
IPO,688367,688367,2021,2021-05-25,"['马章松', '孙涛']"
IPO,688368,688368,2017,2017-10-13,"['唐国骏', '谢嘉']"
IPO,688368,688368,2018,2018-05-02,"['唐国骏', '谢嘉']"
IPO,688368,688368,2019,2019-04-02,"['唐国骏', '周蓓蓓']"
IPO,688368,688368,2019,2019-07-12,"['唐国骏', '周蓓蓓', '谢嘉']"
IPO,688369,688369,2019,2019-04-19,"['张金华', '郭晓清']"
IPO,688370,688370,2021,2021-06-29,"['银雪姣', '孙玮', '顾喆奇']"
IPO,688370,688370,2022,2022-01-23,"['银雪姣', '孙玮', '顾喆奇']"
IPO,688371,688371,2021,2021-09-30,"['张松柏', '林雯英']"
IPO,688371,688371,2022,2022-01-07,"['张松柏', '林雯英']"
IPO,688372,688372,2021,2021-12-29,"['顾洪涛', '陈灵灵', '周立新', '汪婷']"
IPO,688372,688372,2022,2022-01-17,"['顾洪涛', '陈灵灵', '周立新', '汪婷']"
IPO,688372,688372,2022,2022-08-30,"['顾洪涛', '陈灵灵']"
IPO,688373,688373,2021,2021-11-05,"['潘振宇', '胡玉琢', '张昕', '邢红恩', '徐春', '黄泽铭']"
IPO,688373,688373,2022,2022-01-18,"['潘振宇', '胡玉琢', '张昕', '邢红恩', '徐春', '黄泽铭']"
IPO,688373,688373,2022,2022-07-05,"['潘振宇', '胡玉琢']"
IPO,688375,688375,2021,2021-09-24,"['王建甫', '连查庭']"
IPO,688375,688375,2022,2022-02-17,"['王建甫', '连查庭']"
IPO,688376,688376,2020,2020-09-24,"['赵国豪', '武强']"
IPO,688376,688376,2021,2021-02-02,"['赵国豪', '武强']"
IPO,688376,688376,2022,2022-10-18,"['赵国豪', '钱逸菡']"
IPO,688377,688377,2014,2014-11-28,"['朱佑敏', '王震']"
IPO,688377,688377,2016,2016-06-29,"['朱佑敏', '王震']"
IPO,688377,688377,2019,2019-10-09,"['朱佑敏', '王震']"
IPO,688377,688377,2020,2020-01-21,"['朱佑敏', '王震']"
IPO,688378,688378,2020,2020-04-08,"['王娜', '鲁李']"
IPO,688379,688379,2015,2015-03-06,"['周海斌', '孙玮']"
IPO,688379,688379,2016,2016-12-09,"['周海斌', '孙玮']"
IPO,688379,688379,2019,2019-12-17,"['杨建平', '银雪姣', '叶萍']"
IPO,688379,688379,2020,2020-01-13,"['杨建平', '银雪姣', '叶萍']"
IPO,688380,688380,2021,2021-06-25,"['邓华明', '曾祥胜']"
IPO,688380,688380,2022,2022-01-11,"['邓华明', '曾祥胜']"
IPO,688381,688381,2021,2021-11-24,"['诸旭敏', '陆蕾']"
IPO,688381,688381,2022,2022-02-22,"['诸旭敏', '陆蕾']"
IPO,688382,688382,2021,2021-04-15,"['朱伟', '周勤俊']"
IPO,688382,688382,2022,2022-01-11,"['朱伟', '周勤俊']"
IPO,688383,688383,2020,2020-04-03,"['李振华', '李哲']"
IPO,688383,688383,2021,2021-02-20,"['李振华', '李哲']"
IPO,688385,688385,2020,2020-09-30,"['吴翔', '石怡弘']"
IPO,688385,688385,2021,2021-01-08,"['吴翔', '石怡弘']"
IPO,688386,688386,2020,2020-04-03,"['赵丽', '徐丹']"
IPO,688387,688387,2021,2021-12-24,"['陈勇波', '崔松']"
IPO,688387,688387,2022,2022-01-18,"['陈勇波', '崔松']"
IPO,688388,688388,2019,2019-04-15,"['朱娟', '赵中才']"
IPO,688389,688389,2019,2019-04-16,"['康雪艳', '杨兰']"
IPO,688390,688390,2019,2019-12-26,"['游世秋', '沈浩', '杨贤武', '陈建忠']"
IPO,688390,688390,2020,2020-01-17,"['游世秋', '沈浩', '杨贤武', '陈建忠']"
IPO,688390,688390,2020,2020-08-05,"['游世秋', '沈浩']"
IPO,688391,688391,2016,2016-06-24,"['彭敏', '潘新华']"
IPO,688391,688391,2017,2017-10-23,"['彭敏', '潘新华']"
IPO,688391,688391,2021,2021-12-13,"['何双', '沈重', '潘祖立']"
IPO,688391,688391,2022,2022-01-06,"['何双', '沈重', '潘祖立']"
IPO,688392,688392,2021,2021-12-30,"['宛云龙', '李飞', '卫春丽']"
IPO,688392,688392,2022,2022-01-27,"['宛云龙', '李飞', '卫春丽']"
IPO,688393,688393,2015,2015-02-06,"['陈锦棋', '韦宗玉']"
IPO,688393,688393,2019,2019-12-27,"['章归鸿', '昝丽涛', '陈锦棋', '韦宗玉']"
IPO,688393,688393,2020,2020-01-17,"['章归鸿', '昝丽涛', '陈锦棋', '韦宗玉']"
IPO,688393,688393,2020,2020-07-21,"['章归鸿', '昝丽涛']"
IPO,688395,688395,2020,2020-06-23,"['宣宜辰', '徐冬冬']"
IPO,688395,688395,2020,2020-11-20,"['崔岩', '徐冬冬', '宣宜辰']"
IPO,688395,688395,2021,2021-01-28,"['崔岩', '徐冬冬', '宣宜辰']"
IPO,688395,688395,2021,2021-03-16,"['宣宜辰', '徐冬冬']"
IPO,688396,688396,2019,2019-06-26,"['王传邦', '汪娟', '郑斐']"
IPO,688396,688396,2020,2020-01-17,"['王传邦', '汪娟', '郑斐']"
IPO,688398,688398,2015,2015-05-22,"['谢培仁', '方美青', '曾徽']"
IPO,688398,688398,2019,2019-07-18,"['林炎临', '曾徽', '谢培仁', '方美青']"
IPO,688398,688398,2020,2020-01-08,"['林炎临', '曾徽']"
IPO,688399,688399,2019,2019-04-22,"['赵勇', '高伟']"
IPO,688400,688400,2021,2021-06-23,"['周立新', '李勤']"
IPO,688400,688400,2022,2022-01-26,"['周立新', '李勤']"
IPO,688401,688401,2021,2021-06-21,"['李明', '扶交亮', '陈栋梁']"
IPO,688401,688401,2022,2022-03-02,"['李明', '扶交亮', '陈栋梁']"
IPO,688403,688403,2021,2021-11-05,"['向晓三', '许红瑾']"
IPO,688403,688403,2022,2022-02-08,"['向晓三', '许红瑾']"
IPO,688408,688408,2019,2019-06-21,"['魏琴', '范国荣', '金凌杰']"
IPO,688408,688408,2020,2020-04-07,"['魏琴', '范国荣', '钱鹏飞']"
IPO,688409,688409,2021,2021-12-10,"['唐国骏', '孙丞润']"
IPO,688409,688409,2022,2022-01-10,"['唐国骏', '孙丞润']"
IPO,688410,688410,2021,2021-11-04,"['刘宇科', '胡灿']"
IPO,688410,688410,2022,2022-02-11,"['刘宇科', '胡灿']"
IPO,688411,688411,2023,2023-06-20,"['陈达华', '张演硕', '晁小燕', '田娟']"
IPO,688411,688411,2024,2024-04-26,"['陈达华', '张演硕', '晁小燕', '田娟']"
IPO,688411,688411,2024,2024-12-19,"['陈达华', '张演硕']"
IPO,688416,688416,2021,2021-10-19,"['毛伟', '吴舜', '李虎']"
IPO,688416,688416,2022,2022-01-13,"['毛伟', '吴舜', '李虎']"
IPO,688418,688418,2017,2017-07-14,"['龙湖川', '卢伟胜']"
IPO,688418,688418,2019,2019-11-06,"['王强', '余建耀', '龙湖川', '卢伟胜']"
IPO,688418,688418,2020,2020-02-03,"['王强', '余建耀', '龙湖川', '卢伟胜']"
IPO,688418,688418,2020,2020-06-17,"['王强', '余建耀']"
IPO,688419,688419,2021,2021-12-03,"['张良文', '谢中西', '郭政']"
IPO,688419,688419,2022,2022-03-17,"['张良文', '谢中西', '郭政']"
IPO,688420,688420,2021,2021-06-28,"['廖金辉', '蔡如笑', '王世民', '林炎临', '邓水旺']"
IPO,688420,688420,2022,2022-03-28,"['廖金辉', '蔡如笑', '王世民', '林炎临', '邓水旺']"
IPO,688420,688420,2022,2022-11-01,"['廖金辉', '蔡如笑', '王世民']"
IPO,688425,688425,2020,2020-06-15,"['马燕梅', '殷莉莉']"
IPO,688425,688425,2021,2021-01-07,"['马燕梅', '殷莉莉']"
IPO,688426,688426,2021,2021-09-30,"['施丹丹', '张海霞']"
IPO,688426,688426,2022,2022-03-30,"['施丹丹', '张海霞']"
IPO,688428,688428,2021,2021-09-13,"['韩睿', '孟庆']"
IPO,688428,688428,2022,2022-03-27,"['韩睿', '孟庆']"
IPO,688429,688429,2022,2022-06-23,"['王强', '章静静']"
IPO,688429,688429,2023,2023-04-10,"['王强', '章静静']"
IPO,688432,688432,2021,2021-12-28,"['余慧心', '郭成专', '刘婧媛']"
IPO,688432,688432,2022,2022-01-24,"['余慧心', '郭成专', '刘婧媛']"
IPO,688432,688432,2022,2022-09-14,"['郭成专', '刘婧媛']"
IPO,688433,688433,2022,2022-06-27,"['李新葵', '张红']"
IPO,688433,688433,2023,2023-02-18,"['李新葵', '张红']"
IPO,688435,688435,2021,2021-12-29,"['滕培彬', '于丹萍']"
IPO,688435,688435,2022,2022-01-20,"['滕培彬', '于丹萍']"
IPO,688439,688439,2021,2021-11-29,"['王秀萍', '信翠双']"
IPO,688439,688439,2022,2022-03-03,"['王秀萍', '信翠双']"
IPO,688443,688443,2022,2022-06-20,"['苗策', '杨志存']"
IPO,688443,688443,2023,2023-01-06,"['苗策', '杨志存']"
IPO,688448,688448,2021,2021-12-27,"['沈伟', '周晓银']"
IPO,688448,688448,2022,2022-01-18,"['沈伟', '周晓银']"
IPO,688448,688448,2022,2022-05-30,"['陆英', '周晓银']"
IPO,688449,688449,2022,2022-12-28,"['唐恋炯', '刘颖']"
IPO,688449,688449,2023,2023-02-17,"['唐恋炯', '刘颖']"
IPO,688449,688449,2024,2024-05-23,"['唐恋炯', '刘颖']"
IPO,688450,688450,2022,2022-06-30,"['俞国徽', '李丹', '钱婷']"
IPO,688450,688450,2023,2023-01-12,"['俞国徽', '李丹', '钱婷']"
IPO,688455,688455,2021,2021-06-30,"['饶盛华', '张炜彬']"
IPO,688455,688455,2022,2022-07-26,"['饶盛华', '张炜彬']"
IPO,688456,688456,2020,2020-06-19,"['王海鹏', '王浩']"
IPO,688456,688456,2021,2021-01-25,"['王海鹏', '王浩']"
IPO,688456,688456,2021,2021-01-26,"['闫磊', '付志成', '田慧先']"
IPO,688458,688458,2022,2022-06-02,"['曹阳', '王娟']"
IPO,688458,688458,2023,2023-02-28,"['曹阳', '王娟']"
IPO,688459,688459,2021,2021-12-27,"['刘存有', '孟琦', '周全龙']"
IPO,688459,688459,2022,2022-01-24,"['刘存有', '孟琦', '周全龙']"
IPO,688459,688459,2022,2022-08-16,"['刘存有', '孟琦']"
IPO,688466,688466,2019,2019-05-27,"['于曙光', '余骞']"
IPO,688466,688466,2020,2020-03-18,"['于曙光', '余骞']"
IPO,688468,688468,2020,2020-06-08,"['梁晓燕', '田娟']"
IPO,688468,688468,2021,2021-02-24,"['梁晓燕', '田娟']"
IPO,688469,688469,2022,2022-06-30,"['文冬梅', '代敏', '张利', '张居忠']"
IPO,688469,688469,2023,2023-03-28,"['文冬梅', '代敏', '张利', '张居忠']"
IPO,688469,688469,2023,2023-03-28,"['文冬梅', '代敏', '张利']"
IPO,688472,688472,2021,2021-06-28,"['潘子建', '翁澄炜']"
IPO,688472,688472,2022,2022-01-07,"['潘子建', '翁澄炜']"
IPO,688472,688472,2023,2023-02-23,"['潘子健', '翁澄炜']"
IPO,688472,688472,2023,2023-03-21,"['潘子建', '翁澄炜']"
IPO,688475,688475,2021,2021-12-13,"['唐恋炯', '张姝姝']"
IPO,688475,688475,2022,2022-01-11,"['唐恋炯', '张姝姝']"
IPO,688478,688478,2022,2022-04-27,"['潘汝彬', '廖蕊', '郝梦星']"
IPO,688478,688478,2023,2023-03-21,"['潘汝彬', '廖蕊', '郝梦星']"
IPO,688479,688479,2021,2021-06-28,"['王静', '张英', '杨艳', '张浩芬', '胡琳波', '余丽']"
IPO,688479,688479,2022,2022-02-21,"['王静', '张英', '杨艳', '张浩芬', '胡琳波', '余丽']"
IPO,688479,688479,2023,2023-03-07,"['王静', '张英']"
IPO,688479,688479,2023,2023-03-10,"['王静', '章芳', '杨艳', '张浩芬', '胡琳波', '余丽']"
IPO,688480,688480,2021,2021-12-31,"['刘绍秋', '薛志娟']"
IPO,688480,688480,2022,2022-01-25,"['刘绍秋', '薛志娟']"
IPO,688484,688484,2022,2022-06-21,"['高平', '钱明', '顾先东']"
IPO,688484,688484,2023,2023-02-18,"['高平', '钱明', '顾先东']"
IPO,688485,688485,2021,2021-06-28,"['郭俊艳', '曹智春']"
IPO,688485,688485,2022,2022-01-13,"['郭俊艳', '曹智春']"
IPO,688486,688486,2020,2020-10-26,"['郁向军', '孔晶晶']"
IPO,688486,688486,2021,2021-01-27,"['郁向军', '孔晶晶']"
IPO,688486,688486,2022,2022-04-29,"['郁向军', '孔晶晶']"
IPO,688486,688486,2023,2023-01-04,"['郁向军', '孔晶晶']"
IPO,688488,688488,2019,2019-10-10,"['沈在斌', '戴正文']"
IPO,688488,688488,2020,2020-01-20,"['沈在斌', '戴正文']"
IPO,688488,688488,2020,2020-04-19,"['支彩琴', '戴正文']"
IPO,688489,688489,2021,2021-12-21,"['王娜', '胡碟']"
IPO,688489,688489,2022,2022-01-16,"['王娜', '胡碟']"
IPO,688496,688496,2021,2021-12-21,"['许培梅', '顾欣']"
IPO,688496,688496,2022,2022-01-13,"['许培梅', '顾欣']"
IPO,688498,688498,2022,2022-01-10,"['陈黎', '吕俊', '朱杰']"
IPO,688498,688498,2022,2022-11-15,"['陈黎', '吕俊']"
IPO,688499,688499,2019,2019-03-22,"['陈昭', '林恒新']"
IPO,688499,688499,2020,2020-09-22,"['徐菲', '温博远']"
IPO,688499,688499,2021,2021-01-07,"['徐菲', '温博远']"
IPO,688500,688500,2019,2019-06-27,"['赵育鹏', '孟岩']"
IPO,688500,688500,2020,2020-03-30,"['赵育鹏', '孟岩']"
IPO,688501,688501,2020,2020-06-22,"['闫钢军', '王启盛']"
IPO,688501,688501,2021,2021-02-09,"['闫钢军', '王启盛']"
IPO,688502,688502,2020,2020-08-07,"['蔡卫华', '周文阳', '信翠双']"
IPO,688502,688502,2021,2021-03-31,"['蔡卫华', '周文阳', '信翠双']"
IPO,688502,688502,2022,2022-06-23,"['蔡卫华', '曹莹', '周文阳']"
IPO,688502,688502,2023,2023-01-17,"['蔡卫华', '曹莹', '周文阳']"
IPO,688503,688503,2021,2021-06-29,"['魏琴', '范国荣', '杨远馨']"
IPO,688503,688503,2022,2022-03-11,"['魏琴', '范国荣', '杨远馨']"
IPO,688505,688505,2019,2019-05-13,"['朱伟', '周勤俊']"
IPO,688505,688505,2020,2020-03-19,"['朱伟', '周勤俊']"
IPO,688506,688506,2014,2014-06-27,"['陈更生', '何琼莲']"
IPO,688506,688506,2015,2015-12-23,"['陈更生', '何琼莲']"
IPO,688506,688506,2021,2021-11-17,"['朱海平', '郭同璞', '罗丹']"
IPO,688506,688506,2022,2022-02-11,"['朱海平', '郭同璞', '罗丹']"
IPO,688507,688507,2022,2022-06-29,"['章祥', '徐云平']"
IPO,688507,688507,2023,2023-02-20,"['章祥', '徐云平']"
IPO,688508,688508,2017,2017-09-29,"['朱佑敏', '薛敏']"
IPO,688508,688508,2019,2019-12-25,"['柏凌菁', '路凤霞']"
IPO,688508,688508,2020,2020-01-15,"['柏凌菁', '路凤霞']"
IPO,688509,688509,2020,2020-06-30,"['金敬玉', '麻贺群', '何降星']"
IPO,688509,688509,2021,2021-01-11,"['金敬玉', '麻贺群', '何降星']"
IPO,688509,688509,2021,2021-05-25,"['金敬玉', '麻贺群']"
IPO,688510,688510,2020,2020-05-06,"['朱佑敏', '路凤霞']"
IPO,688511,688511,2020,2020-10-13,"['武兴田', '杨雪', '黄敏']"
IPO,688511,688511,2021,2021-02-05,"['武兴田', '杨雪', '黄敏']"
IPO,688511,688511,2021,2021-06-08,"['武兴田', '杨雪']"
IPO,688512,688512,2022,2022-05-10,"['禤文欣', '陈倩玲']"
IPO,688512,688512,2023,2023-01-12,"['禤文欣', '陈倩玲']"
IPO,688513,688513,2019,2019-04-03,"['谢贤庆', '黄婵娟']"
IPO,688513,688513,2020,2020-04-22,"['黄平', '黄婵娟']"
IPO,688515,688515,2022,2022-06-29,"['王一芳', '施丹华']"
IPO,688516,688516,2019,2019-06-27,"['李春华', '金春敏']"
IPO,688516,688516,2020,2020-01-02,"['李春华', '金春敏']"
IPO,688517,688517,2020,2020-06-18,"['郑立红', '李全秋']"
IPO,688517,688517,2021,2021-01-13,"['郑立红', '李全秋']"
IPO,688517,688517,2021,2021-04-02,"['禤文欣', '翁祖桂']"
IPO,688518,688518,2019,2019-06-27,"['李联', '习珍珍']"
IPO,688518,688518,2020,2020-01-03,"['李联', '习珍珍']"
IPO,688519,688519,2019,2019-01-25,"['王强', '赵静娴', '陈黎', '傅亚萍']"
IPO,688519,688519,2020,2020-03-10,"['王强', '赵静娴', '周铮文', '胡雯', '陈黎', '傅亚萍']"
IPO,688519,688519,2020,2020-07-15,"['王强', '赵静娴']"
IPO,688520,688520,2019,2019-09-16,"['陈静', '张绍萌', '李孝念', '周溢']"
IPO,688520,688520,2020,2020-01-06,"['陈静', '张绍萌', '李孝念', '周溢']"
IPO,688520,688520,2020,2020-04-29,"['陈静', '张绍萌']"
IPO,688521,688521,2019,2019-09-20,"['吴晓辉', '邵艳霞']"
IPO,688521,688521,2020,2020-01-09,"['吴晓辉', '邵艳霞']"
IPO,688522,688522,2021,2021-06-25,"['杨克晶', '邹甜甜']"
IPO,688522,688522,2022,2022-01-25,"['杨克晶', '邹甜甜']"
IPO,688523,688523,2022,2022-06-22,"['康代安', '陈美华']"
IPO,688523,688523,2023,2023-01-30,"['康代安', '陈美华']"
IPO,688525,688525,2022,2022-03-31,"['孙慧敏', '夏姗姗']"
IPO,688526,688526,2019,2019-03-22,"['陈昭', '马云山']"
IPO,688526,688526,2020,2020-07-21,"['陈昭', '马云山']"
IPO,688526,688526,2020,2020-08-25,"['金鑫', '李炜']"
IPO,688528,688528,2019,2019-06-05,"['刘均', '杨燕']"
IPO,688528,688528,2020,2020-03-10,"['刘均', '杨燕']"
IPO,688529,688529,2020,2020-04-16,"['肖菲', '钱致富']"
IPO,688530,688530,2022,2022-12-29,"['栾艳鹏', '陈超', '黄信欣', '汤小龙']"
IPO,688530,688530,2023,2023-01-20,"['栾艳鹏', '陈超', '黄信欣', '汤小龙']"
IPO,688530,688530,2024,2024-02-07,"['栾艳鹏', '陈超', '黄信欣']"
IPO,688531,688531,2022,2022-06-21,"['冉士龙', '袁慧馨', '曹静', '黄晔', '汪虹']"
IPO,688531,688531,2023,2023-02-18,"['冉士龙', '袁慧馨', '曹静', '黄晔', '汪虹']"
IPO,688531,688531,2023,2023-02-21,"['冉士龙', '袁慧馨', '曹静']"
IPO,688533,688533,2020,2020-06-16,"['都蕾', '孙茂藩']"
IPO,688533,688533,2021,2021-01-21,"['都蕾', '孙茂藩']"
IPO,688535,688535,2022,2022-06-13,"['朱广明', '周磊', '李成锐']"
IPO,688535,688535,2023,2023-01-31,"['朱广明', '周磊', '李成锐']"
IPO,688536,688536,2020,2020-04-20,"['赵波', '严彬']"
IPO,688538,688538,2020,2020-08-26,"['张松柏', '林雯英']"
IPO,688538,688538,2021,2021-01-25,"['张松柏', '林雯英']"
IPO,688539,688539,2022,2022-06-30,"['郑斐', '刘卫钦', '刘华凯']"
IPO,688539,688539,2023,2023-02-18,"['郑斐', '刘卫钦', '刘华凯']"
IPO,688543,688543,2017,2017-06-30,"['李国平', '胡平']"
IPO,688543,688543,2018,2018-04-12,"['李国平', '胡平']"
IPO,688543,688543,2022,2022-06-24,"['李国平', '张军华']"
IPO,688543,688543,2023,2023-04-25,"['李国平', '张军华']"
IPO,688545,688545,2023,2023-05-09,"['叶忠辉', '蹇小平']"
IPO,688545,688545,2024,2024-06-29,"['叶忠辉', '蹇小平']"
IPO,688548,688548,2022,2022-12-22,"['曹创', '彭敏', '邱诗鹏']"
IPO,688548,688548,2023,2023-01-14,"['曹创', '彭敏', '邱诗鹏']"
IPO,688549,688549,2022,2022-01-10,"['陆俊洁', '许超']"
IPO,688549,688549,2023,2023-03-03,"['陆俊洁', '许超']"
IPO,688550,688550,2017,2017-07-14,"['陈黎', '干瑾']"
IPO,688550,688550,2018,2018-06-22,"['陈黎', '朱杰']"
IPO,688550,688550,2020,2020-03-10,"['陈黎', '朱杰']"
IPO,688551,688551,2020,2020-04-03,"['张良文', '万文娟', '陆西']"
IPO,688552,688552,2022,2022-06-29,"['张冲良', '倪云清']"
IPO,688552,688552,2023,2023-01-06,"['张冲良', '倪云清']"
IPO,688553,688553,2020,2020-12-02,"['邱鸿', '陈继平']"
IPO,688553,688553,2021,2021-02-22,"['邱鸿', '陈继平']"
IPO,688555,688555,2019,2019-06-13,"['施其林', '沈筱敏']"
IPO,688555,688555,2020,2020-01-02,"['施其林', '沈筱敏']"
IPO,688556,688556,2019,2019-12-27,"['吕建幕', '郭金明']"
IPO,688556,688556,2020,2020-01-21,"['吕建幕', '郭金明']"
IPO,688557,688557,2020,2020-04-24,"['胡乃忠', '聂梓敏', '王宗佩', '魏倩婷']"
IPO,688557,688557,2020,2020-10-27,"['胡乃忠', '聂梓敏']"
IPO,688558,688558,2017,2017-04-21,"['吕丛平', '张旭']"
IPO,688558,688558,2019,2019-04-04,"['缪志坚', '陈焱鑫']"
IPO,688558,688558,2020,2020-01-09,"['缪志坚', '陈焱鑫']"
IPO,688559,688559,2019,2019-12-31,"['李振华', '陈亚娟']"
IPO,688559,688559,2020,2020-01-22,"['李振华', '陈亚娟']"
IPO,688560,688560,2018,2018-11-02,"['李振华', '邓华明']"
IPO,688560,688560,2019,2019-12-13,"['李振华', '邓华明']"
IPO,688560,688560,2020,2020-05-11,"['邓华明', '晋永杰']"
IPO,688561,688561,2020,2020-05-11,"['黄简', '邹凯']"
IPO,688562,688562,2022,2022-06-02,"['周睿', '袁刚', '乐路萍']"
IPO,688562,688562,2023,2023-03-08,"['周睿', '袁刚', '乐路萍']"
IPO,688563,688563,2022,2022-06-23,"['张力', '黄莹']"
IPO,688563,688563,2022,2022-11-10,"['张力', '冯海英']"
IPO,688563,688563,2023,2023-05-23,"['张力', '黄莹']"
IPO,688565,688565,2020,2020-06-11,"['于薇薇', '刘炼', '郑彦臣', '陈胜新']"
IPO,688565,688565,2020,2020-12-25,"['黄继佳', '于薇薇', '刘炼', '郑彦臣', '陈胜新']"
IPO,688565,688565,2021,2021-01-04,"['黄继佳', '于薇薇', '刘炼', '郑彦臣', '陈胜新']"
IPO,688565,688565,2021,2021-04-06,"['于薇薇', '刘炼']"
IPO,688566,688566,2019,2019-06-25,"['王亮', '罗来荣']"
IPO,688566,688566,2020,2020-01-08,"['王亮', '罗来荣']"
IPO,688567,688567,2019,2019-09-16,"['韩睿', '郑奇']"
IPO,688567,688567,2020,2020-01-07,"['韩睿', '郑奇']"
IPO,688568,688568,2019,2019-03-29,"['郭健', '姚林山']"
IPO,688568,688568,2020,2020-01-07,"['郭健', '姚林山']"
IPO,688569,688569,2019,2019-11-15,"['陈跃华', '吕晓晨']"
IPO,688569,688569,2020,2020-03-23,"['陈跃华', '吕晓晨']"
IPO,688570,688570,2022,2022-06-22,"['闫磊', '高兴', '冯宝']"
IPO,688570,688570,2023,2023-04-11,"['闫磊', '高兴', '冯宝']"
IPO,688571,688571,2016,2016-11-11,"['廖屹峰', '滕培彬']"
IPO,688571,688571,2020,2020-05-11,"['石斌全', '滕培彬', '廖屹峰']"
IPO,688571,688571,2020,2020-11-03,"['石斌全', '滕培彬']"
IPO,688573,688573,2022,2022-06-29,"['綦东钰', '曾薪羽', '陈志刚', '张磊', '付芳']"
IPO,688573,688573,2023,2023-02-09,"['綦东钰', '曾薪羽', '陈志刚', '张磊', '付芳']"
IPO,688573,688573,2023,2023-03-23,"['綦东钰', '曾薪羽', '刘云婷', '陈志刚', '张磊', '付芳']"
IPO,688573,688573,2023,2023-06-27,"['綦东钰', '曾薪羽']"
IPO,688575,688575,2020,2020-04-22,"['王建华', '刘国军']"
IPO,688575,688575,2021,2021-03-09,"['王建华', '刘国军']"
IPO,688576,688576,2022,2022-06-23,"['李景伟', '陈奎', '赵勇军', '刘小平']"
IPO,688576,688576,2023,2023-03-31,"['李景伟', '陈奎', '赵勇军', '刘小平']"
IPO,688576,688576,2023,2023-04-18,"['李景伟', '陈奎']"
IPO,688577,688577,2019,2019-12-26,"['沈培强', '崔文正']"
IPO,688577,688577,2020,2020-01-15,"['沈培强', '崔文正']"
IPO,688578,688578,2020,2020-04-17,"['刘伟', '周勤俊']"
IPO,688579,688579,2019,2019-06-27,"['李东昕', '张二勇', '王晓楠', '谷尔莉', '孔令芹']"
IPO,688579,688579,2020,2020-01-07,"['李东昕', '张二勇', '王晓楠', '谷尔莉', '孔令芹']"
IPO,688579,688579,2020,2020-06-11,"['李东昕', '张二勇']"
IPO,688580,688580,2019,2019-12-19,"['林捷', '顾晓蓉']"
IPO,688580,688580,2020,2020-01-15,"['林捷', '顾晓蓉']"
IPO,688581,688581,2020,2020-04-16,"['陈焱鑫', '徐银']"
IPO,688581,688581,2021,2021-01-06,"['陈焱鑫', '徐银']"
IPO,688581,688581,2022,2022-06-24,"['陈焱鑫', '徐银']"
IPO,688581,688581,2023,2023-03-28,"['陈焱鑫', '徐银']"
IPO,688582,688582,2022,2022-06-24,"['唐谷', '高舒影', '苏展', '金刚锋']"
IPO,688582,688582,2023,2023-01-12,"['唐谷', '高舒影', '苏展', '金刚锋']"
IPO,688582,688582,2023,2023-05-16,"['唐谷', '高舒影', '苏展']"
IPO,688583,688583,2023,2023-06-16,"['徐殷鹏', '洪烨', '蒋颖蕾']"
IPO,688583,688583,2024,2024-06-11,"['徐殷鹏', '洪烨', '蒋颖蕾']"
IPO,688584,688584,2020,2020-06-19,"['杨力生', '印爱杰']"
IPO,688584,688584,2022,2022-12-29,"['杨力生', '印爱杰']"
IPO,688584,688584,2023,2023-01-20,"['杨力生', '印爱杰']"
IPO,688585,688585,2019,2019-12-27,"['刘许友', '潘子建']"
IPO,688585,688585,2020,2020-01-17,"['刘许友', '潘子建']"
IPO,688586,688586,2019,2019-11-21,"['洪权', '石宁']"
IPO,688586,688586,2020,2020-04-15,"['洪权', '石宁']"
IPO,688586,688586,2025,2025-05-31,"['洪权', '石宁']"
IPO,688588,688588,2016,2016-07-01,"['李文祥', '刘磊']"
IPO,688588,688588,2017,2017-12-12,"['李文祥', '刘磊']"
IPO,688588,688588,2019,2019-04-12,"['周敏', '袁宙']"
IPO,688588,688588,2020,2020-03-09,"['周敏', '袁宙']"
IPO,688589,688589,2015,2015-11-13,"['朱伟峰', '赵国梁']"
IPO,688589,688589,2019,2019-11-07,"['赵国梁', '陈锡雄']"
IPO,688589,688589,2020,2020-04-14,"['赵国梁', '陈锡雄']"
IPO,688590,688590,2015,2015-11-13,"['周琪', '邵振宇']"
IPO,688590,688590,2019,2019-12-27,"['周琪', '顾瑛瑛']"
IPO,688590,688590,2020,2020-01-20,"['周琪', '顾瑛瑛']"
IPO,688591,688591,2022,2022-06-30,"['杨景欣', '李新民']"
IPO,688591,688591,2023,2023-01-05,"['杨景欣', '李新民']"
IPO,688592,688592,2022,2022-06-29,"['李海兵', '张林玉', '梁菊平']"
IPO,688592,688592,2023,2023-01-03,"['李海兵', '张林玉', '梁菊平']"
IPO,688593,688593,2022,2022-06-28,"['赵焕琪', '吉正山']"
IPO,688593,688593,2023,2023-01-06,"['赵焕琪', '吉正山']"
IPO,688595,688595,2020,2020-03-31,"['陈孛', '陈华']"
IPO,688596,688596,2020,2020-04-08,"['宋文', '王艳', '宋世林']"
IPO,688597,688597,2017,2017-06-02,"['张克东', '刘宇']"
IPO,688597,688597,2018,2018-01-30,"['张克东', '刘宇']"
IPO,688597,688597,2020,2020-08-11,"['张克东', '刘宇']"
IPO,688597,688597,2021,2021-01-12,"['张克东', '刘宇']"
IPO,688598,688598,2019,2019-10-12,"['曾春卫', '刘智清', '冯俭专']"
IPO,688598,688598,2020,2020-01-09,"['曾春卫', '刘智清', '冯俭专']"
IPO,688599,688599,2019,2019-05-16,"['潘峰', '林炎临']"
IPO,688599,688599,2020,2020-01-08,"['潘峰', '林炎临']"
IPO,688600,688600,2019,2019-12-25,"['李生敏', '王书彦', '朱宗瑞', '占铁华', '张玉伟']"
IPO,688600,688600,2020,2020-01-17,"['李生敏', '王书彦', '朱宗瑞', '占铁华', '张玉伟']"
IPO,688600,688600,2020,2020-06-03,"['李生敏', '王书彦']"
IPO,688601,688601,2016,2016-07-22,"['宋文', '刘勇', '陈雪璐']"
IPO,688601,688601,2017,2017-12-21,"['宋文', '刘勇', '陈雪璐']"
IPO,688601,688601,2020,2020-07-23,"['刘勇', '桂迎', '黄晓芸', '宋文', '陈雪璐']"
IPO,688601,688601,2021,2021-02-25,"['刘勇', '桂迎', '黄晓芸', '宋文', '陈雪璐']"
IPO,688601,688601,2021,2021-05-11,"['刘勇', '桂迎', '黄晓芸']"
IPO,688602,688602,2019,2019-12-25,"['汪浩', '刘许友']"
IPO,688602,688602,2020,2020-01-17,"['汪浩', '刘许友']"
IPO,688602,688602,2021,2021-01-27,"['汪浩', '刘许友']"
IPO,688602,688602,2022,2022-06-30,"['成雨静', '章晨伟']"
IPO,688602,688602,2023,2023-01-12,"['成雨静', '章晨伟']"
IPO,688603,688603,2022,2022-09-23,"['黄海洋', '王兆钢']"
IPO,688603,688603,2023,2023-02-16,"['黄海洋', '王兆钢']"
IPO,688605,688605,2023,2023-06-08,"['赵勇', '胡国仁']"
IPO,688605,688605,2024,2024-06-29,"['赵勇', '胡国仁']"
IPO,688606,688606,2019,2019-06-21,"['李士龙', '高飞']"
IPO,688606,688606,2020,2020-05-28,"['曾涛', '高飞']"
IPO,688606,688606,2021,2021-02-09,"['曾涛', '高飞']"
IPO,688607,688607,2020,2020-05-13,"['王健', '朱晶']"
IPO,688608,688608,2020,2020-04-22,"['王一芳', '侯文灏']"
IPO,688609,688609,2020,2020-06-03,"['何晶晶', '周敏']"
IPO,688609,688609,2021,2021-02-02,"['何晶晶', '周敏']"
IPO,688610,688610,2022,2022-06-22,"['廖传宝', '张冉冉', '唐保凤']"
IPO,688610,688610,2023,2023-01-06,"['廖传宝', '张冉冉', '唐保凤']"
IPO,688611,688611,2020,2020-06-19,"['盛伟明', '虞婷婷']"
IPO,688611,688611,2021,2021-01-15,"['盛伟明', '虞婷婷']"
IPO,688612,688612,2019,2019-06-28,"['刘绍秋', '刘德良']"
IPO,688612,688612,2020,2020-01-14,"['刘绍秋', '刘德良']"
IPO,688612,688612,2022,2022-06-23,"['余龙', '陈硕京', '刘绍秋', '刘德良']"
IPO,688612,688612,2023,2023-01-06,"['余龙', '陈硕京', '刘绍秋', '刘德良']"
IPO,688612,688612,2023,2023-05-09,"['余龙', '陈硕京']"
IPO,688613,688613,2020,2020-06-19,"['许来正', '买文华']"
IPO,688613,688613,2021,2021-01-06,"['许来正', '买文华']"
IPO,688615,688615,2021,2021-09-27,"['沈书豪', '梁裕佳']"
IPO,688615,688615,2022,2022-03-11,"['沈书豪', '梁裕佳']"
IPO,688615,688615,2023,2023-06-28,"['沈书豪', '梁裕佳']"
IPO,688616,688616,2017,2017-05-26,"['孙文军', '陈芳']"
IPO,688616,688616,2020,2020-05-22,"['边珊姗', '陈芳']"
IPO,688616,688616,2021,2021-01-15,"['边珊姗', '陈芳']"
IPO,688617,688617,2020,2020-04-22,"['张松柏', '林雯英']"
IPO,688618,688618,2020,2020-05-25,"['陈志刚', '扶交亮', '段姗']"
IPO,688619,688619,2020,2020-05-14,"['李建彬', '连益民', '江颖']"
IPO,688619,688619,2021,2021-01-18,"['李建彬', '连益民', '江颖']"
IPO,688620,688620,2022,2022-06-10,"['杨新春', '张凤波', '刘琪']"
IPO,688620,688620,2023,2023-01-06,"['杨新春', '张凤波', '刘琪']"
IPO,688620,688620,2023,2023-05-09,"['张凤波', '刘琪']"
IPO,688621,688621,2020,2020-09-02,"['邱俊洲', '王晓杰']"
IPO,688621,688621,2021,2021-01-13,"['邱俊洲', '王晓杰']"
IPO,688622,688622,2019,2019-06-27,"['韩雁光', '麦剑青']"
IPO,688622,688622,2020,2020-01-21,"['韩雁光', '麦剑青']"
IPO,688622,688622,2020,2020-10-12,"['潘文中', '余文佑']"
IPO,688622,688622,2021,2021-02-26,"['潘文中', '余文佑']"
IPO,688623,688623,2022,2022-06-22,"['黄继佳', '刘木勇']"
IPO,688623,688623,2023,2023-03-31,"['黄继佳', '刘木勇']"
IPO,688623,688623,2023,2023-04-10,"['黄继佳', '刘木勇', '刘炼']"
IPO,688625,688625,2020,2020-06-08,"['吴震', '黄春燕']"
IPO,688625,688625,2021,2021-01-12,"['吴震', '黄春燕']"
IPO,688626,688626,2020,2020-06-01,"['梁谦海', '陈清松']"
IPO,688626,688626,2021,2021-01-25,"['梁谦海', '陈清松']"
IPO,688627,688627,2022,2022-06-07,"['何晶晶', '易群']"
IPO,688627,688627,2023,2023-05-25,"['何晶晶', '易群']"
IPO,688628,688628,2020,2020-05-25,"['陈链武', '蔡晓枫']"
IPO,688629,688629,2022,2022-06-29,"['张瑞', '李英']"
IPO,688629,688629,2023,2023-03-31,"['张瑞', '李英']"
IPO,688630,688630,2020,2020-05-13,"['郑磊', '刘润']"
IPO,688630,688630,2021,2021-01-06,"['郑磊', '刘润']"
IPO,688631,688631,2012,2012-03-20,"['林国雄', '叶喜撑']"
IPO,688631,688631,2022,2022-06-22,"['高平', '陆西', '马千里']"
IPO,688631,688631,2023,2023-01-03,"['高平', '陆西', '马千里']"
IPO,688633,688633,2020,2020-06-01,"['李士龙', '周威宁', '曾涛']"
IPO,688633,688633,2021,2021-02-09,"['李士龙', '周威宁', '曾涛']"
IPO,688633,688633,2021,2021-02-18,"['李士龙', '曾涛']"
IPO,688635,688635,2025,2025-08-29,"['李顺利', '王龙龙', '陈勇波', '揭明']"
IPO,688635,688635,2026,2026-03-17,"['李顺利', '王龙龙', '陈勇波', '揭明']"
IPO,688635,688635,2026,2026-03-27,"['李顺利', '王龙龙']"
IPO,688636,688636,2020,2020-06-02,"['杨锡光', '唐松柏']"
IPO,688636,688636,2021,2021-01-14,"['杨锡光', '唐松柏']"
IPO,688638,688638,2022,2022-06-29,"['林汉波', '徐强']"
IPO,688638,688638,2023,2023-01-07,"['林汉波', '徐强']"
IPO,688639,688639,2016,2016-06-24,"['王静', '黄敬臣', '熊延森']"
IPO,688639,688639,2020,2020-06-10,"['黄敬臣', '熊延森', '冯屹巍']"
IPO,688639,688639,2021,2021-01-28,"['黄敬臣', '熊延森', '冯屹巍']"
IPO,688646,688646,2022,2022-06-24,"['梁谦海', '代华威']"
IPO,688646,688646,2023,2023-01-30,"['梁谦海', '代华威']"
IPO,688648,688648,2022,2022-06-30,"['倪春华', '汪健', '罗芸', '宁红']"
IPO,688648,688648,2023,2023-04-25,"['倪春华', '汪健']"
IPO,688651,688651,2022,2022-06-28,"['汪吉军', '崔懰', '刘强强']"
IPO,688651,688651,2023,2023-01-16,"['汪吉军', '崔懰', '刘强强']"
IPO,688652,688652,2022,2022-12-08,"['董阳阳', '王洪婕']"
IPO,688652,688652,2023,2023-01-06,"['董阳阳', '王洪婕']"
IPO,688652,688652,2023,2023-07-10,"['董阳阳', '王洪婕', '王帅']"
IPO,688653,688653,2022,2022-12-21,"['何亮亮', '张晓琳']"
IPO,688653,688653,2023,2023-01-13,"['何亮亮', '张晓琳']"
IPO,688653,688653,2023,2023-04-18,"['何亮亮', '张晓琳', '曹磊']"
IPO,688655,688655,2020,2020-07-30,"['陈志刚', '付芳']"
IPO,688655,688655,2021,2021-01-06,"['陈志刚', '付芳']"
IPO,688656,688656,2019,2019-04-19,"['李萍', '张进东']"
IPO,688656,688656,2020,2020-05-11,"['李萍', '张进东']"
IPO,688657,688657,2021,2021-11-30,"['陈黎', '高云玲']"
IPO,688657,688657,2022,2022-03-08,"['陈黎', '高云玲']"
IPO,688657,688657,2023,2023-07-26,"['陈黎', '高云玲']"
IPO,688657,688657,2023,2023-08-03,"['陈黎', '高云玲', '王全洲', '傅映红']"
IPO,688658,688658,2020,2020-04-29,"['胡新荣', '王彩霞', '李鹏']"
IPO,688659,688659,2020,2020-04-09,"['黄亚琼', '卢珍', '沈童']"
IPO,688659,688659,2021,2021-01-06,"['黄亚琼', '卢珍', '沈童']"
IPO,688659,688659,2021,2021-02-24,"['黄亚琼', '卢珍']"
IPO,688660,688660,2020,2020-06-19,"['段永强', '臧成琪']"
IPO,688660,688660,2021,2021-01-15,"['段永强', '臧成琪']"
IPO,688661,688661,2020,2020-06-02,"['罗顺华', '汪久翔']"
IPO,688661,688661,2021,2021-01-15,"['罗顺华', '汪久翔']"
IPO,688662,688662,2020,2020-06-11,"['龚静伟', '吴梓豪']"
IPO,688662,688662,2021,2021-01-21,"['龚静伟', '吴梓豪']"
IPO,688662,688662,2021,2021-02-24,"['龚静伟', '吴梓豪', '杨池生', '卢茂桉']"
IPO,688663,688663,2020,2020-06-23,"['吕建幕', '尹泽平']"
IPO,688663,688663,2021,2021-01-14,"['吕建幕', '尹泽平']"
IPO,688665,688665,2020,2020-04-29,"['胡建军', '张嘉', '王俊']"
IPO,688665,688665,2021,2021-01-05,"['胡建军', '张嘉', '王俊']"
IPO,688667,688667,2020,2020-06-04,"['陆炜炜', '余祝功']"
IPO,688667,688667,2021,2021-01-18,"['陆炜炜', '余祝功']"
IPO,688668,688668,2020,2020-04-29,"['龙湖川', '王平']"
IPO,688669,688669,2017,2017-09-29,"['姚静', '李文庆']"
IPO,688669,688669,2020,2020-05-08,"['祁涛', '黄瑾']"
IPO,688670,688670,2020,2020-10-26,"['张燕', '蒋文伟']"
IPO,688670,688670,2021,2021-01-22,"['张燕', '蒋文伟']"
IPO,688671,688671,2022,2022-06-09,"['王娜', '鲁李']"
IPO,688671,688671,2023,2023-04-20,"['王娜', '鲁李']"
IPO,688676,688676,2020,2020-05-12,"['鲁立', '黄平', '陈卫武', '唐艺']"
IPO,688676,688676,2021,2021-01-12,"['鲁立', '黄平', '陈卫武', '唐艺']"
IPO,688676,688676,2021,2021-01-13,"['鲁立', '黄平']"
IPO,688677,688677,2020,2020-04-27,"['杨林', '姜丽丽', '杨小磊', '谢金香', '张力']"
IPO,688677,688677,2021,2021-01-11,"['杨林', '姜丽丽', '杨小磊', '谢金香', '张力']"
IPO,688677,688677,2021,2021-01-13,"['杨林', '姜丽丽']"
IPO,688678,688678,2020,2020-05-21,"['朱广明', '费洁']"
IPO,688679,688679,2020,2020-05-15,"['胡新荣', '王彩霞']"
IPO,688680,688680,2020,2020-05-15,"['胡素萍', '胡高升']"
IPO,688681,688681,2020,2020-06-29,"['冯蕾', '李莉']"
IPO,688681,688681,2021,2021-02-25,"['冯蕾', '李莉']"
IPO,688682,688682,2020,2020-06-18,"['章祥', '郑利锋']"
IPO,688682,688682,2021,2021-01-22,"['章祥', '郑利锋']"
IPO,688683,688683,2020,2020-06-15,"['龚静伟', '赵东升']"
IPO,688683,688683,2021,2021-01-28,"['龚静伟', '赵东升']"
IPO,688685,688685,2020,2020-06-30,"['李惠丰', '孙峰', '强爱斌']"
IPO,688685,688685,2021,2021-02-04,"['李惠丰', '孙峰', '强爱斌']"
IPO,688686,688686,2020,2020-05-20,"['韩雁光', '杨勇', '覃继伟']"
IPO,688687,688687,2016,2016-06-24,"['郑晓东', '徐志敏']"
IPO,688687,688687,2020,2020-05-27,"['谢贤庆', '翟晓宁']"
IPO,688687,688687,2021,2021-01-05,"['谢贤庆', '翟晓宁']"
IPO,688688,688688,2020,2020-08-25,"['严盛炜', '李斐']"
IPO,688689,688689,2017,2017-06-16,"['沈利刚', '凌燕', '陈思华']"
IPO,688689,688689,2018,2018-04-12,"['沈利刚', '凌燕', '陈思华']"
IPO,688689,688689,2020,2020-05-25,"['沈利刚', '凌燕', '陈思华']"
IPO,688690,688690,2020,2020-06-18,"['何双', '王传文']"
IPO,688690,688690,2021,2021-03-09,"['何双', '王传文']"
IPO,688691,688691,2022,2022-12-19,"['何双', '薛佳祺', '陈桂', '王一芳', '侯文灏']"
IPO,688691,688691,2023,2023-01-15,"['何双', '薛佳祺', '陈桂', '王一芳', '侯文灏']"
IPO,688691,688691,2024,2024-01-05,"['何双', '薛佳祺', '陈桂', '王一芳', '侯文灏']"
IPO,688691,688691,2024,2024-01-17,"['何双', '薛佳祺', '陈桂']"
IPO,688692,688692,2022,2022-06-29,"['王传平', '聂照枝']"
IPO,688692,688692,2023,2023-12-07,"['王传平', '聂照枝']"
IPO,688693,688693,2022,2022-06-13,"['夏利忠', '吉正山']"
IPO,688693,688693,2023,2023-01-12,"['夏利忠', '吉正山']"
IPO,688695,688695,2022,2022-06-29,"['李成林', '顾庆刚', '刘佳明']"
IPO,688695,688695,2023,2023-04-27,"['李成林', '顾庆刚', '刘佳明']"
IPO,688696,688696,2020,2020-05-08,"['崔腾', '冷联刚']"
IPO,688696,688696,2021,2021-01-25,"['崔腾', '冷联刚']"
IPO,688697,688697,2020,2020-12-31,"['陆德忠', '魏娜', '纪纬']"
IPO,688697,688697,2021,2021-01-29,"['陆德忠', '魏娜', '纪纬']"
IPO,688698,688698,2020,2020-04-29,"['杨春盛', '覃璐', '杨春盛', '张引君', '毛小芬']"
IPO,688698,688698,2020,2020-12-01,"['杨春盛', '覃璐']"
IPO,688699,688699,2017,2017-06-23,"['曹创', '任晓英']"
IPO,688699,688699,2018,2018-01-17,"['曹创', '任晓英']"
IPO,688699,688699,2020,2020-04-28,"['任晓英', '周安兵']"
IPO,688699,688699,2020,2020-06-29,"['曹创', '任晓英']"
IPO,688700,688700,2020,2020-06-29,"['邓登峰', '詹妙灵']"
IPO,688700,688700,2021,2021-01-28,"['邓登峰', '詹妙灵']"
IPO,688701,688701,2020,2020-09-25,"['毛晓东', '黄锦洪']"
IPO,688701,688701,2021,2021-03-10,"['毛晓东', '黄锦洪']"
IPO,688702,688702,2021,2021-12-28,"['刘景伟', '么爱翠']"
IPO,688702,688702,2022,2022-01-19,"['刘景伟', '么爱翠']"
IPO,688702,688702,2023,2023-07-18,"['刘景伟', '么爱翠']"
IPO,688707,688707,2021,2021-01-05,"['王秀萍', '信翠双']"
IPO,688708,688708,2022,2022-06-17,"['胡海波', '尹立红']"
IPO,688708,688708,2023,2023-04-12,"['胡海波', '尹立红']"
IPO,688708,688708,2023,2023-06-12,"['刘彬文', '时斌', '尹立红', '胡海波']"
IPO,688708,688708,2024,2024-03-22,"['刘彬文', '时斌', '尹立红', '胡海波']"
IPO,688708,688708,2024,2024-08-30,"['胡海波', '尹立红']"
IPO,688709,688709,2022,2022-03-25,"['王秀萍', '陈永毡', '信翠双']"
IPO,688709,688709,2023,2023-01-17,"['王秀萍', '陈永毡', '信翠双']"
IPO,688709,688709,2023,2023-10-08,"['王秀萍', '陈永毡', '信翠双', '钟彦', '鄢正萍']"
IPO,688710,688710,2022,2022-12-29,"['潘莉华', '江强', '陈书珍', '叶慧', '郭海龙']"
IPO,688710,688710,2023,2023-01-19,"['潘莉华', '江强', '陈书珍', '叶慧', '郭海龙']"
IPO,688710,688710,2024,2024-04-26,"['潘莉华', '江强', '陈书珍', '叶慧', '郭海龙']"
IPO,688710,688710,2024,2024-05-15,"['潘莉华', '江强', '陈书珍']"
IPO,688711,688711,2020,2020-12-22,"['顾春华', '吴杰']"
IPO,688711,688711,2021,2021-01-20,"['顾春华', '吴杰']"
IPO,688712,688712,2023,2023-03-30,"['杨敢林', '倪至豪', '贾春苗']"
IPO,688712,688712,2024,2024-06-29,"['杨敢林', '倪至豪', '贾春苗']"
IPO,688712,688712,2025,2025-03-31,"['杨敢林', '倪至豪', '胡家祥']"
IPO,688712,688712,2025,2025-07-18,"['杨敢林', '倪至豪', '贾春苗']"
IPO,688716,688716,2020,2020-09-29,"['王亮', '罗来荣', '姚庚春', '崔志彪', '宋锋岗', '田梦珺']"
IPO,688716,688716,2021,2021-03-26,"['王亮', '罗来荣']"
IPO,688716,688716,2022,2022-09-16,"['段奇', '郑志刚', '辛庆辉']"
IPO,688716,688716,2023,2023-03-31,"['段奇', '郑志刚', '辛庆辉']"
IPO,688716,688716,2023,2023-06-08,"['段奇', '郑志刚', '辛庆辉', '姚庚春', '崔志彪']"
IPO,688717,688717,2022,2022-06-30,"['郑磊', '李朝蒙', '胡进福']"
IPO,688717,688717,2023,2023-03-09,"['郑磊', '李朝蒙', '胡进福']"
IPO,688718,688718,2020,2020-09-21,"['倪军', '杨凯凯', '麦福伦', '薛淳琦']"
IPO,688718,688718,2021,2021-01-20,"['倪军', '杨凯凯', '麦福伦', '薛淳琦']"
IPO,688718,688718,2021,2021-06-16,"['倪军', '杨凯凯']"
IPO,688719,688719,2015,2015-11-13,"['黄继佳', '于薇薇']"
IPO,688719,688719,2022,2022-12-15,"['潘玉忠', '马东宇', '庄任', '黄继佳', '于薇薇']"
IPO,688719,688719,2023,2023-01-09,"['潘玉忠', '马东宇', '庄任', '黄继佳', '于薇薇']"
IPO,688719,688719,2023,2023-07-11,"['潘玉忠', '马东宇', '庄任']"
IPO,688720,688720,2022,2022-10-10,"['张松柏', '王法亮', '周鹏飞']"
IPO,688720,688720,2023,2023-04-08,"['张松柏', '王法亮', '周鹏飞']"
IPO,688721,688721,2023,2023-05-26,"['唐娟', '王华']"
IPO,688721,688721,2024,2024-01-03,"['唐娟', '王华']"
IPO,688722,688722,2020,2020-10-12,"['闫磊', '王金峰', '苏菊荣']"
IPO,688722,688722,2021,2021-02-03,"['闫磊', '王金峰', '苏菊荣']"
IPO,688726,688726,2023,2023-06-19,"['沈在斌', '廖蕊', '周心喆', '潘汝彬']"
IPO,688726,688726,2023,2023-12-19,"['陈勇', '廖蕊', '周心喆', '潘汝彬']"
IPO,688726,688726,2024,2024-01-26,"['陈勇', '廖蕊', '周心喆', '潘汝彬']"
IPO,688726,688726,2024,2024-03-27,"['陈勇', '廖蕊', '周心喆']"
IPO,688727,688727,2024,2024-12-26,"['周俊超', '许玉霞', '钟华清', '王伟明', '王扬']"
IPO,688727,688727,2025,2025-01-18,"['周俊超', '许玉霞', '钟华清', '王伟明', '王扬']"
IPO,688727,688727,2025,2025-07-25,"['周俊超', '许玉霞', '钟华清']"
IPO,688728,688728,2020,2020-07-07,"['朱伟', '董宜人']"
IPO,688728,688728,2021,2021-02-25,"['朱伟', '董宜人']"
IPO,688728,688728,2024,2024-06-15,"['朱伟', '董宜人']"
IPO,688729,688729,2021,2021-06-25,"['高建斌', '孙文文']"
IPO,688729,688729,2025,2025-03-13,"['郭成专', '刘婧媛']"
IPO,688733,688733,2020,2020-06-10,"['张居忠', '文冬梅', '闫柳']"
IPO,688733,688733,2021,2021-04-29,"['张居忠', '文冬梅', '闫柳']"
IPO,688737,688737,2020,2020-12-30,"['黄志芬', '宋晋平']"
IPO,688737,688737,2021,2021-01-27,"['黄志芬', '宋晋平']"
IPO,688739,688739,2020,2020-05-08,"['李晓刚', '周洪波', '林娜']"
IPO,688739,688739,2021,2021-04-07,"['李晓刚', '周洪波', '林娜']"
IPO,688750,688750,2023,2023-06-29,"['傅成钢', '康代安', '王井国']"
IPO,688750,688750,2024,2024-01-04,"['傅成钢', '康代安', '王井国']"
IPO,688750,688750,2024,2024-04-24,"['赵恒勤', '张峥']"
IPO,688755,688755,2023,2023-12-29,"['吴慧', '朱俊峰']"
IPO,688755,688755,2024,2024-01-26,"['吴慧', '朱俊峰']"
IPO,688755,688755,2025,2025-02-10,"['吴慧', '朱俊峰']"
IPO,688757,688757,2023,2023-05-18,"['郭文令', '胡晓辰', '吴梦娇', '薛伟', '杨海峰', '夏强']"
IPO,688757,688757,2024,2024-01-25,"['郭文令', '胡晓辰', '吴梦娇', '薛伟', '杨海峰', '夏强']"
IPO,688757,688757,2024,2024-12-20,"['郭文令', '胡晓辰', '吴梦娇']"
IPO,688758,688758,2022,2022-12-30,"['沈在斌', '张伟', '李刚']"
IPO,688758,688758,2023,2023-01-20,"['沈在斌', '张伟', '李刚']"
IPO,688758,688758,2024,2024-01-04,"['戴玉平', '张伟', '李刚', '舒畅']"
IPO,688758,688758,2024,2024-08-09,"['戴玉平', '张伟', '李刚', '舒畅', '沈在斌']"
IPO,688758,688758,2024,2024-08-23,"['戴玉平', '张伟', '李刚']"
IPO,688759,688759,2022,2022-06-29,"['李军', '张剑', '沈鑫']"
IPO,688759,688759,2023,2023-01-04,"['李军', '张剑', '沈鑫']"
IPO,688759,688759,2025,2025-08-07,"['杨旭', '肖明明', '谭慧娟']"
IPO,688765,688765,2022,2022-12-29,"['陈勇波', '揭明']"
IPO,688765,688765,2023,2023-01-19,"['陈勇波', '揭明']"
IPO,688765,688765,2024,2024-06-29,"['陈勇波', '揭明']"
IPO,688765,688765,2024,2024-12-31,"['甘声锦', '王龙龙', '陈勇波', '揭明']"
IPO,688765,688765,2025,2025-03-31,"['甘声锦', '王龙龙', '陈勇波', '揭明']"
IPO,688765,688765,2025,2025-07-01,"['甘声锦', '王龙龙']"
IPO,688766,688766,2020,2020-08-03,"['张建新', '周康康']"
IPO,688766,688766,2021,2021-01-12,"['张建新', '周康康']"
IPO,688767,688767,2020,2020-10-12,"['谢贤庆', '金晓青']"
IPO,688767,688767,2021,2021-01-04,"['谢贤庆', '金晓青']"
IPO,688768,688768,2020,2020-10-19,"['胡新荣', '王彩霞', '王媛']"
IPO,688768,688768,2021,2021-02-09,"['胡新荣', '王彩霞', '王媛']"
IPO,688772,688772,2020,2020-11-05,"['殷雪芳', '施旭锋']"
IPO,688772,688772,2021,2021-02-02,"['殷雪芳', '施旭锋']"
IPO,688775,688775,2020,2020-10-28,"['任晓英', '杨三生', '曹创', '陈链武', '刘涛']"
IPO,688775,688775,2021,2021-01-22,"['任晓英', '杨三生', '曹创', '陈链武', '刘涛']"
IPO,688775,688775,2022,2022-01-28,"['任晓英', '杨三生', '曹创', '陈链武', '刘涛']"
IPO,688775,688775,2025,2025-02-27,"['任晓英', '杨三生']"
IPO,688775,688775,2025,2025-02-27,"['任晓英', '杨三生', '曹创', '陈链武', '刘涛']"
IPO,688776,688776,2020,2020-10-13,"['邵明亮', '刘木勇']"
IPO,688776,688776,2021,2021-01-06,"['邵明亮', '刘木勇']"
IPO,688777,688777,2020,2020-03-25,"['沈佳盈', '王建兰']"
IPO,688778,688778,2020,2020-08-04,"['殷雪芳', '林剑']"
IPO,688778,688778,2021,2021-01-19,"['殷雪芳', '林剑']"
IPO,688779,688779,2020,2020-05-06,"['康顺平', '胡建军', '康代安', '康云高']"
IPO,688779,688779,2021,2021-03-31,"['康顺平', '胡建军', '康代安', '康云高']"
IPO,688781,688781,2025,2025-06-26,"['罗丹', '郭同璞', '程亚', '朱海平', '程鹏远']"
IPO,688781,688781,2025,2025-12-24,"['罗丹', '郭同璞', '程亚']"
IPO,688781,688781,2026,2026-01-15,"['罗丹', '郭同璞', '程亚']"
IPO,688783,688783,2024,2024-11-29,"['张欢', '刘婧媛']"
IPO,688783,688783,2025,2025-04-02,"['张欢', '刘婧媛']"
IPO,688785,688785,2025,2025-06-13,"['康雪艳', '孙惠']"
IPO,688786,688786,2020,2020-06-30,"['毛英莉', '王继文']"
IPO,688786,688786,2021,2021-02-09,"['毛英莉', '王继文']"
IPO,688787,688787,2019,2019-04-09,"['郭勇', '左东强']"
IPO,688787,688787,2020,2020-06-22,"['雷江', '张杨']"
IPO,688787,688787,2021,2021-02-04,"['雷江', '张杨']"
IPO,688788,688788,2020,2020-05-08,"['李顺利', '黄瑾']"
IPO,688789,688789,2012,2012-07-06,"['钟建国', '方国华']"
IPO,688789,688789,2020,2020-06-15,"['方国华', '祝琪梅']"
IPO,688789,688789,2021,2021-01-22,"['方国华', '祝琪梅']"
IPO,688790,688790,2025,2025-03-28,"['徐超玉', '杨磊', '杨荣华', '李建长', '张炉']"
IPO,688790,688790,2025,2025-04-15,"['徐超玉', '杨磊']"
IPO,688793,688793,2020,2020-06-24,"['邓华明', '孙慧敏']"
IPO,688793,688793,2021,2021-02-09,"['邓华明', '孙慧敏']"
IPO,688795,688795,2025,2025-06-30,"['杨景璐', '蒲艳娜', '郑磊', '黄冰冰', '江泽翰']"
IPO,688795,688795,2025,2025-07-17,"['杨景璐', '蒲艳娜']"
IPO,688796,688796,2023,2023-06-20,"['罗科', '张杨']"
IPO,688796,688796,2024,2024-01-05,"['罗科', '张杨']"
IPO,688796,688796,2025,2025-06-30,"['罗科', '张杨']"
IPO,688797,688797,2025,2025-06-26,"['弋守川', '祝芹敏', '周理霞', '李青龙', '文永丽']"
IPO,688797,688797,2026,2026-02-24,"['弋守川', '祝芹敏', '周理霞', '李青龙', '文永丽']"
IPO,688797,688797,2026,2026-03-05,"['弋守川', '祝芹敏', '周理霞']"
IPO,688798,688798,2020,2020-09-30,"['李海臣', '王惠舫', '苏婷婷', '钟永和', '邱正芳']"
IPO,688798,688798,2021,2021-01-06,"['李海臣', '王惠舫', '苏婷婷', '钟永和', '邱正芳']"
IPO,688798,688798,2021,2021-06-08,"['李海臣', '王惠舫', '苏婷婷']"
IPO,688799,688799,2016,2016-09-02,"['贺焕华', '曹湘琦']"
IPO,688799,688799,2020,2020-06-24,"['贺焕华', '曹湘琦']"
IPO,688799,688799,2021,2021-01-08,"['贺焕华', '曹湘琦']"
IPO,688800,688800,2017,2017-06-16,"['宋文', '鲍灵姬']"
IPO,688800,688800,2018,2018-04-27,"['宋文', '鲍灵姬']"
IPO,688800,688800,2020,2020-12-18,"['宋文', '褚诗炜', '鲍灵姬', '郑飞']"
IPO,688800,688800,2021,2021-01-18,"['宋文', '褚诗炜', '鲍灵姬', '郑飞']"
IPO,688800,688800,2021,2021-06-16,"['褚诗炜', '鲍灵姬', '郑飞']"
IPO,688802,688802,2025,2025-06-30,"['李新民', '戴志敏']"
IPO,688805,688805,2025,2025-05-09,"['何林飞', '高勇', '倪国君']"
IPO,688805,688805,2025,2025-10-21,"['何林飞', '高勇']"
IPO,688806,688806,2025,2025-07-31,"['刘翀', '郑婧瑶']"
IPO,688806,688806,2026,2026-03-11,"['刘翀', '郑婧瑶']"
IPO,688807,688807,2025,2025-06-26,"['许瑞生', '林辉钦', '李江华']"
IPO,688807,688807,2025,2025-07-15,"['许瑞生', '林辉钦']"
IPO,688808,688808,2025,2025-08-15,"['占铁华', '王鸣灿', '蔡的伟', '张冉冉', '黄景辉']"
IPO,688808,688808,2026,2026-01-04,"['占铁华', '王鸣灿', '蔡的伟', '张冉冉', '黄景辉']"
IPO,688808,688808,2026,2026-01-14,"['占铁华', '王鸣灿', '蔡的伟']"
IPO,688809,688809,2024,2024-12-30,"['吴震东', '何骏']"
IPO,688809,688809,2025,2025-01-22,"['吴震东', '何骏']"
IPO,688811,688811,2025,2025-06-30,"['苏俊超', '逮敏']"
IPO,688813,688813,2024,2024-06-20,"['苗策', '沙晓田']"
IPO,688813,688813,2025,2025-01-17,"['苗策', '沙晓田']"
IPO,688813,688813,2026,2026-01-22,"['苗策', '沙晓田']"
IPO,688816,688816,2025,2025-06-05,"['陈俊洁', '王佳婧', '陈中江', '陈梦回']"
IPO,688816,688816,2025,2025-11-21,"['陆俊洁', '王佳婧']"
IPO,688818,688818,2025,2025-06-28,"['王娜', '孙启凯', '张海洋']"
IPO,688818,688818,2025,2025-12-16,"['王娜', '孙启凯']"
IPO,688819,688819,2019,2019-12-30,"['谢贤庆', '陆加龙', '黄平']"
IPO,688819,688819,2020,2020-01-17,"['谢贤庆', '陆加龙', '黄平']"
IPO,688819,688819,2020,2020-12-15,"['谢贤庆', '陆加龙']"
IPO,688820,688820,2025,2025-10-30,"['孔晶晶', '陈默', '董凯凯']"
IPO,688820,688820,2026,2026-01-07,"['孔晶晶', '陈默', '董凯凯']"
IPO,688825,688825,2025,2025-12-30,"['步君', '葛丞尧']"
IPO,688825,688825,2026,2026-03-31,"['步君', '葛丞尧']"
IPO,688826,688826,2025,2025-12-08,"['曹建军', '王轩']"
IPO,688826,688826,2026,2026-03-31,"['曹建军', '王轩']"
IPO,688828,688828,2025,2025-12-10,"['沈童', '张欢欢', '李剑', '郑少杰']"
IPO,688828,688828,2025,2025-12-19,"['沈童', '张欢欢', '李剑']"
IPO,688828,688828,2026,2026-02-25,"['沈童', '张欢欢', '李剑', '郑少杰']"
IPO,688828,688828,2026,2026-03-31,"['沈童', '张欢欢', '李剑']"
IPO,688835,688835,2021,2021-06-17,"['田业阳', '沈雯']"
IPO,688835,688835,2025,2025-12-29,"['童苗根', '倪士明', '谢文汉']"
IPO,688835,688835,2026,2026-01-15,"['童苗根', '倪士明', '谢文汉']"
IPO,688836,688836,2026,2026-03-20,"['宛云龙', '徐远', '卢金海', '陈雪']"
IPO,688836,688836,2026,2026-06-01,"['宛云龙', '徐远', '卢金海']"
IPO,688981,688981,2020,2020-06-01,"['高建斌', '胡玉琢']"
IPO,689009,689009,2019,2019-04-17,"['茆广勤', '张玉']"
IPO,689009,689009,2020,2020-06-12,"['茆广勤', '张玉']"
IPO,830779,830779,2021,2021-12-31,"['梁翌明', '卿武勤']"
IPO,830779,830779,2022,2022-01-24,"['梁翌明', '卿武勤']"
IPO,830809,830809,2017,2017-12-29,"['张再鸿', '赵姣']"
IPO,830809,830809,2018,2018-08-22,"['张再鸿', '赵姣']"
IPO,830852,830852,2020,2020-12-28,"['吴宇', '董博佳', '于海娟']"
IPO,830852,830852,2021,2021-01-22,"['吴宇', '董博佳', '于海娟']"
IPO,830854,830854,2016,2016-04-15,"['贺梦然', '黄竞超']"
IPO,830854,830854,2017,2017-04-17,"['贺梦然', '黄竞超']"
IPO,830854,830854,2019,2019-06-28,"['李永利', '黄竞超']"
IPO,830854,830854,2020,2020-07-02,"['李永利', '黄竞超']"
IPO,830854,830854,2020,2020-09-29,"['金俊', '何谦']"
IPO,830896,830896,2017,2017-06-30,"['张凯', '黄巧梅']"
IPO,830964,830964,2017,2017-03-31,"['刘晓丽', '顾井喜']"
IPO,830964,830964,2018,2018-12-10,"['刘晓丽', '顾井喜']"
IPO,831087,831087,2020,2020-06-12,"['潘存君', '韩旺', '李尊农', '马祯滇']"
IPO,831175,831175,2016,2016-08-26,"['欧昌献', '张先发']"
IPO,831175,831175,2017,2017-12-27,"['欧昌献', '张先发']"
IPO,831178,831178,2022,2022-06-28,"['鲁立', '黄蕾蕾']"
IPO,831178,831178,2023,2023-03-17,"['鲁立', '黄蕾蕾']"
IPO,831856,831856,2017,2017-06-23,"['王静', '卢珍', '孔晶晶']"
IPO,831856,831856,2018,2018-03-05,"['王静', '卢珍', '孔晶晶']"
IPO,832317,832317,2020,2020-04-28,"['李华', '张金玉']"
IPO,832317,832317,2020,2020-06-30,"['李华', '刘明', '张金玉', '朱劲松']"
IPO,832491,832491,2017,2017-06-30,"['刘杰生', '梁肖林']"
IPO,832491,832491,2018,2018-02-28,"['刘杰生', '梁肖林']"
IPO,832651,832651,2019,2019-12-19,"['曹阳', '王娟']"
IPO,832651,832651,2020,2020-01-15,"['曹阳', '王娟']"
IPO,832802,832802,2020,2020-11-16,"['常桂华', '徐雪琴']"
IPO,832802,832802,2021,2021-03-11,"['常桂华', '徐雪琴']"
IPO,832982,832982,2020,2020-06-01,"['弋守川', '唐明']"
IPO,833137,833137,2017,2017-09-08,"['沈在斌', '余正兴']"
IPO,833137,833137,2018,2018-03-28,"['沈在斌', '余正兴']"
IPO,833291,833291,2020,2020-07-03,"['闫钢军', '葛兴葳', '江颖', '朱石泉', '谢晓娜', '黎荣果', '石昊']"
IPO,833291,833291,2021,2021-01-22,"['闫钢军', '葛兴葳', '江颖', '朱石泉', '谢晓娜', '黎荣果', '石昊']"
IPO,833291,833291,2021,2021-04-12,"['闫钢军', '江颖', '葛兴葳']"
IPO,833291,833291,2022,2022-05-19,"['闫钢军', '黎荣果', '林宗揆', '朱石泉', '葛兴葳', '谢晓娜']"
IPO,833340,833340,2021,2021-12-28,"['黎明', '杨辉斌', '闫磊']"
IPO,833340,833340,2022,2022-01-25,"['黎明', '杨辉斌', '闫磊']"
IPO,833874,833874,2020,2020-05-19,"['陈建忠', '郭军', '肖恒标', '涂汉兰']"
IPO,833874,833874,2020,2020-06-24,"['陈建忠', '郭军']"
IPO,833994,833994,2020,2020-05-08,"['张坚', '周垚', '邱君静']"
IPO,834021,834021,2017,2017-07-07,"['肖桂莲', '杨杰', '陈君']"
IPO,834021,834021,2018,2018-03-30,"['肖桂莲', '杨杰', '陈君']"
IPO,834021,834021,2019,2019-06-06,"['纪玉红', '刘诚', '陈美玉']"
IPO,834081,834081,2016,2016-06-24,"['陈黎', '干瑾']"
IPO,834081,834081,2017,2017-12-19,"['陈黎', '朱杰']"
IPO,834286,834286,2022,2022-09-27,"['王亮', '郭洋']"
IPO,834286,834286,2023,2023-03-27,"['王亮', '郭洋']"
IPO,834765,834765,2017,2017-06-09,"['章顺文', '柴喜峰']"
IPO,834765,834765,2018,2018-04-12,"['章顺文', '柴喜峰']"
IPO,834770,834770,2019,2019-10-11,"['周立新', '陈灵灵']"
IPO,834770,834770,2020,2020-07-01,"['周立新', '陈灵灵']"
IPO,834770,834770,2020,2020-07-15,"['徐伟民', '章佳平']"
IPO,835174,835174,2017,2017-06-09,"['刘钢跃', '郑生军']"
IPO,835174,835174,2018,2018-01-30,"['刘钢跃', '郑生军']"
IPO,836517,836517,2021,2021-12-29,"['陆俊洁', '屠晗', '陈中江', '叶怀敏', '俞德昌', '陈春波']"
IPO,836517,836517,2022,2022-01-22,"['陆俊洁', '屠晗', '陈中江', '叶怀敏', '俞德昌', '陈春波']"
IPO,836517,836517,2022,2022-09-14,"['陆俊洁', '屠晗']"
IPO,836957,836957,2020,2020-12-03,"['张小惠', '梁超群']"
IPO,836957,836957,2021,2021-06-21,"['张小惠', '梁超群']"
IPO,837174,837174,2021,2021-06-30,"['伍志超', '丁红远', '刘维星']"
IPO,839600,839600,2023,2023-03-04,"['卢鑫', '李鹏', '郭维莉', '胡新荣', '蔡浩', '郭孝龙']"
IPO,839719,839719,2020,2020-07-24,"['姜纯友', '吴少华']"
IPO,839719,839719,2021,2021-03-17,"['姜纯友', '吴少华']"
IPO,839719,839719,2022,2022-01-05,"['姜纯友', '吴少华']"
IPO,839744,839744,2021,2021-12-30,"['杨新春', '钟敏']"
IPO,839744,839744,2022,2022-01-27,"['杨新春', '钟敏']"
IPO,839792,839792,2020,2020-09-28,"['袁志云', '蔡中伏']"
IPO,839792,839792,2021,2021-03-19,"['袁志云', '蔡中伏']"
IPO,839792,839792,2022,2022-01-04,"['袁志云', '蔡中伏']"
IPO,873679,873679,2020,2020-07-06,"['钟炽兵', '颜方育', '周建鹏']"
IPO,873690,873690,2017,2017-04-21,"['孙文军', '边珊姗']"
IPO,873706,873706,2020,2020-09-18,"['刘见生', '方莉']"
IPO,873706,873706,2021,2021-01-04,"['刘见生', '方莉']"
IPO,873727,873727,2020,2020-07-03,"['胡新荣', '史少翔', '汪玉寿', '李睿']"
IPO,873727,873727,2021,2021-01-13,"['汪玉寿', '史少翔', '李睿']"
IPO,873739,873739,2020,2020-12-29,"['王世海', '谷松梅', '王君']"
IPO,873739,873739,2021,2021-01-27,"['王世海', '谷松梅', '王君']"
IPO,873806,873806,2015,2015-07-03,"['倪军', '赵鹏']"
IPO,873806,873806,2017,2017-04-17,"['倪军', '赵鹏']"
IPO,874021,874021,2022,2022-05-16,"['彭远卓', '胡晓辰', '诸旦祺', '郭文令']"
IPO,874021,874021,2022,2022-10-28,"['彭远卓', '胡晓辰', '诸旦祺']"
IPO,874195,874195,2022,2022-06-29,"['许育荪', '周轶']"
IPO,874195,874195,2023,2023-01-16,"['许育荪', '周轶']"
IPO,874289,874289,2020,2020-11-20,"['潘莉华', '江强', '张晓琪']"
IPO,874289,874289,2021,2021-01-25,"['潘莉华', '江强', '张晓琪']"
IPO,874302,874302,2022,2022-06-27,"['徐晋波', '朱逸宁']"
IPO,874302,874302,2023,2023-01-19,"['徐晋波', '朱逸宁']"
IPO,874396,874396,2022,2022-07-05,"['俞伟英', '李莎']"
IPO,874396,874396,2023,2023-03-01,"['俞伟英', '李莎']"
IPO,874396,874396,2024,2024-01-07,"['俞伟英', '李莎']"
IPO,874397,874397,2023,2023-01-06,"['熊明峰', '汤小龙']"
IPO,874397,874397,2023,2023-06-30,"['熊明峰', '汤小龙', '尚强']"
IPO,874500,874500,2017,2017-03-31,"['冼宏飞', '关文源']"
IPO,874500,874500,2018,2018-11-02,"['杨文蔚', '李旭佳']"
IPO,874500,874500,2019,2019-09-02,"['杨文蔚', '李旭佳']"
IPO,874500,874500,2021,2021-09-13,"['蔡浩', '魏启家', '秦达']"
IPO,874500,874500,2022,2022-04-24,"['蔡浩', '魏启家', '秦达']"
IPO,920000,920000,2020,2020-06-22,"['张居忠', '周春阳', '刘兵', '董珺']"
IPO,920001,920001,2022,2022-08-04,"['宁宇妮', '樊朝娴', '郭小军', '冯军', '陈桂生']"
IPO,920002,920002,2023,2023-11-06,"['张琦', '张宇旭']"
IPO,920002,920002,2024,2024-01-12,"['张琦', '张宇旭']"
IPO,920003,920003,2023,2023-12-28,"['李钢', '顾裕', '杨悦']"
IPO,920003,920003,2024,2024-01-24,"['李钢', '顾裕', '杨悦']"
IPO,920003,920003,2025,2025-03-10,"['李钢', '顾裕', '杨悦']"
IPO,920003,920003,2025,2025-07-28,"['李钢', '顾裕']"
IPO,920005,920005,2024,2024-06-28,"['熊明峰', '王鸣灿', '尚强']"
IPO,920005,920005,2025,2025-01-17,"['熊明峰', '王鸣灿', '尚强']"
IPO,920006,920006,2022,2022-11-25,"['周伟', '孙志明']"
IPO,920006,920006,2023,2023-02-27,"['周伟', '孙志明']"
IPO,920007,920007,2024,2024-06-24,"['王健鹏', '张勇', '方盼盼']"
IPO,920007,920007,2025,2025-04-08,"['王健鹏', '张勇', '方盼盼']"
IPO,920008,920008,2023,2023-09-27,"['唐松柏', '邓强']"
IPO,920008,920008,2024,2024-04-02,"['唐松柏', '邓强']"
IPO,920009,920009,2023,2023-12-29,"['刘诚', '索立松', '初秀媛']"
IPO,920009,920009,2024,2024-01-22,"['刘诚', '索立松', '初秀媛']"
IPO,920009,920009,2024,2024-12-20,"['刘诚', '索立松', '朱建德']"
IPO,920009,920009,2024,2024-12-27,"['陈谋林', '朱建德']"
IPO,920009,920009,2025,2025-01-16,"['刘诚', '索立松', '朱建德']"
IPO,920009,920009,2025,2025-08-25,"['陈谋林', '朱建德']"
IPO,920010,920010,2020,2020-05-29,"['侯黎明', '阳伟', '鲁磊']"
IPO,920011,920011,2025,2025-06-25,"['陈炎', '方楠']"
IPO,920011,920011,2026,2026-01-05,"['陈炎', '方楠']"
IPO,920012,920012,2025,2025-06-30,"['丁陈隆', '张冀申', '胡婷婷']"
IPO,920012,920012,2026,2026-01-15,"['丁陈隆', '张冀申', '胡婷婷']"
IPO,920014,920014,2022,2022-06-28,"['陈振伟', '徐健', '汤亚', '陈长元', '沈雯']"
IPO,920015,920015,2024,2024-06-21,"['肖小军', '王璟', '阮铭华', '周俊']"
IPO,920015,920015,2025,2025-01-14,"['肖小军', '王璟', '阮铭华', '周俊']"
IPO,920015,920015,2025,2025-06-27,"['陈中江', '叶怀敏', '赵凯旋']"
IPO,920016,920016,2022,2022-12-29,"['韩坚', '朱晓鹏']"
IPO,920016,920016,2023,2023-01-18,"['韩坚', '朱晓鹏']"
IPO,920016,920016,2024,2024-01-26,"['韩坚', '朱晓鹏']"
IPO,920017,920017,2022,2022-06-16,"['丛存', '谢晗']"
IPO,920017,920017,2023,2023-01-05,"['丛存', '谢晗']"
IPO,920018,920018,2024,2024-06-27,"['许育荪', '李海臣', '周轶']"
IPO,920018,920018,2025,2025-04-11,"['许育荪', '李海臣', '周轶']"
IPO,920019,920019,2023,2023-06-29,"['汪玉寿', '倪士明']"
IPO,920019,920019,2024,2024-01-31,"['汪玉寿', '倪士明']"
IPO,920020,920020,2024,2024-12-06,"['丁兆栋', '王丽丽', '王阿丽']"
IPO,920020,920020,2025,2025-01-06,"['丁兆栋', '王丽丽', '王阿丽']"
IPO,920021,920021,2020,2020-04-29,"['纪玉红', '刘诚', '陈美玉']"
IPO,920021,920021,2020,2020-06-29,"['陈君', '陈美玉', '纪玉红', '刘诚', '肖桂莲']"
IPO,920022,920022,2024,2024-06-26,"['陈金波', '王书博']"
IPO,920022,920022,2025,2025-04-10,"['陈金波', '王书博']"
IPO,920023,920023,2022,2022-06-15,"['张晓萌', '郑小强', '皇甫少卿']"
IPO,920023,920023,2023,2023-01-04,"['张晓萌', '郑小强', '皇甫少卿']"
IPO,920026,920026,2023,2023-06-28,"['刘海山', '张腾蛟']"
IPO,920027,920027,2024,2024-06-26,"['潘胜国', '董建华', '万燕周', '李睿']"
IPO,920027,920027,2025,2025-02-26,"['潘胜国', '董建华', '万燕周', '李睿']"
IPO,920028,920028,2025,2025-06-10,"['孙峰', '吕爱珍', '周璇']"
IPO,920028,920028,2026,2026-01-09,"['孙峰', '吕爱珍', '周璇']"
IPO,920029,920029,2023,2023-12-12,"['章顺文', '柴喜峰']"
IPO,920029,920029,2024,2024-01-10,"['章顺文', '柴喜峰']"
IPO,920029,920029,2024,2024-11-29,"['柴喜峰', '倪万杰']"
IPO,920029,920029,2025,2025-01-03,"['柴喜峰', '倪万杰']"
IPO,920030,920030,2020,2020-05-11,"['李晓阳', '肖金文', '刘卓']"
IPO,920033,920033,2022,2022-06-29,"['李青龙', '文永丽']"
IPO,920035,920035,2024,2024-06-24,"['邓德祥', '刘帅', '韩培科', '陈宇轩']"
IPO,920035,920035,2025,2025-05-22,"['邓德祥', '刘帅', '韩培科', '陈宇轩']"
IPO,920035,920035,2025,2025-08-29,"['邓德祥', '刘帅']"
IPO,920036,920036,2024,2024-12-31,"['朱大为', '耿振', '陈琳锋', '马晓英']"
IPO,920036,920036,2025,2025-01-24,"['朱大为', '耿振', '陈琳锋', '马晓英']"
IPO,920036,920036,2026,2026-01-13,"['朱大为', '耿振', '陈琳锋', '马晓英']"
IPO,920037,920037,2024,2024-06-28,"['李剑', '申庆庆']"
IPO,920037,920037,2025,2025-04-07,"['李剑', '申庆庆']"
IPO,920038,920038,2025,2025-06-05,"['彭远卓', '温鑫萍', '朱德阳']"
IPO,920038,920038,2026,2026-02-09,"['彭远卓', '温鑫萍', '朱德阳']"
IPO,920039,920039,2020,2020-11-25,"['谭灏', '段守凤']"
IPO,920039,920039,2021,2021-06-18,"['谭灏', '段守凤']"
IPO,920045,920045,2024,2024-12-30,"['郑立红', '陈美婷', '雷苗苗']"
IPO,920045,920045,2025,2025-01-22,"['郑立红', '陈美婷', '雷苗苗']"
IPO,920045,920045,2026,2026-01-05,"['郑立红', '陈美婷', '雷苗苗']"
IPO,920046,920046,2021,2021-09-29,"['朱戟', '杨力']"
IPO,920046,920046,2022,2022-01-27,"['朱戟', '杨力']"
IPO,920047,920047,2020,2020-06-30,"['杨涛', '袁振湘', '王钰砥']"
IPO,920050,920050,2024,2024-06-26,"['俞国徽', '殷李峰', '周路']"
IPO,920050,920050,2025,2025-01-09,"['俞国徽', '殷李峰', '周路']"
IPO,920055,920055,2025,2025-06-18,"['陈炎', '谢杭磊']"
IPO,920055,920055,2026,2026-01-12,"['陈炎', '谢杭磊']"
IPO,920056,920056,2024,2024-06-25,"['肖小军', '童倩倩', '颜方育', '钟炽兵']"
IPO,920056,920056,2025,2025-05-13,"['肖小军', '童倩倩', '颜方育', '钟炽兵']"
IPO,920056,920056,2025,2025-06-12,"['蔡如笑', '李平', '蔡金媛']"
IPO,920057,920057,2022,2022-06-29,"['鲍光荣', '陈莲', '沈童', '董凯凯']"
IPO,920057,920057,2023,2023-01-17,"['鲍光荣', '陈莲', '沈童', '董凯凯']"
IPO,920058,920058,2022,2022-05-26,"['史少翔', '桂迎', '李超']"
IPO,920058,920058,2023,2023-04-24,"['史少翔', '桂迎', '李超']"
IPO,920060,920060,2023,2023-06-16,"['陈勇', '殷强']"
IPO,920060,920060,2024,2024-01-02,"['陈勇', '殷强']"
IPO,920061,920061,2023,2023-05-10,"['胡俊杰', '屠朝辉', '金天易']"
IPO,920062,920062,2021,2021-09-03,"['叶喜撑', '章方杰']"
IPO,920062,920062,2022,2022-01-14,"['叶喜撑', '章方杰']"
IPO,920065,920065,2025,2025-06-27,"['杨运辉', '刘海曼', '李亚慧', '郭跃烽', '李桐']"
IPO,920065,920065,2026,2026-03-20,"['杨运辉', '刘海曼', '李亚慧', '郭跃烽', '李桐']"
IPO,920066,920066,2023,2023-12-29,"['郑磊', '俞华', '杨青']"
IPO,920066,920066,2024,2024-01-26,"['郑磊', '俞华', '杨青']"
IPO,920068,920068,2023,2023-12-29,"['徐侃瓴', '黄晓冬', '陈定元']"
IPO,920068,920068,2024,2024-01-26,"['徐侃瓴', '黄晓冬', '陈定元']"
IPO,920068,920068,2025,2025-03-10,"['徐侃瓴', '黄晓冬', '陈定元']"
IPO,920068,920068,2025,2025-04-15,"['徐侃瓴', '黄晓冬']"
IPO,920069,920069,2025,2025-06-26,"['叶喜撑', '张琳']"
IPO,920069,920069,2026,2026-01-13,"['叶喜撑', '张琳']"
IPO,920072,920072,2025,2025-06-12,"['杨新春', '钟敏']"
IPO,920072,920072,2026,2026-03-06,"['杨新春', '钟敏']"
IPO,920075,920075,2022,2022-06-29,"['陈志刚', '王守军', '李进军', '屈先富', '邓玮']"
IPO,920076,920076,2024,2024-06-26,"['冯万奇', '邵建克']"
IPO,920076,920076,2025,2025-01-27,"['冯万奇', '邵建克']"
IPO,920077,920077,2020,2020-11-03,"['韩波', '支力', '赵幻彤']"
IPO,920077,920077,2021,2021-03-19,"['韩波', '支力', '赵幻彤']"
IPO,920078,920078,2025,2025-04-30,"['贺梦然', '罗其', '刘灵珊']"
IPO,920078,920078,2026,2026-01-13,"['贺梦然', '罗其', '刘灵珊']"
IPO,920079,920079,2025,2025-06-26,"['谢贤庆', '潘辰', '曹吉诚']"
IPO,920079,920079,2026,2026-01-21,"['谢贤庆', '潘辰', '曹吉诚']"
IPO,920080,920080,2024,2024-06-21,"['黎明', '杨辉斌']"
IPO,920080,920080,2025,2025-03-03,"['黎明', '杨辉斌']"
IPO,920080,920080,2025,2025-06-20,"['连伟', '钦佩佩']"
IPO,920081,920081,2025,2025-06-23,"['蔡畅', '王昌功', '陶凌雪']"
IPO,920081,920081,2026,2026-02-27,"['蔡畅', '王昌功', '陶凌雪']"
IPO,920082,920082,2023,2023-12-18,"['钱仲先', '曹毅', '杜将龙']"
IPO,920082,920082,2024,2024-01-15,"['钱仲先', '曹毅', '杜将龙']"
IPO,920083,920083,2025,2025-06-30,"['王伟秋', '吴新']"
IPO,920083,920083,2026,2026-03-20,"['王伟秋', '陈健锋']"
IPO,920083,920083,2026,2026-03-27,"['王伟秋', '吴新']"
IPO,920086,920086,2024,2024-06-27,"['鲁立', '马银杰']"
IPO,920086,920086,2025,2025-01-08,"['鲁立', '马银杰']"
IPO,920086,920086,2025,2025-08-04,"['黄婵娟', '马银杰']"
IPO,920087,920087,2022,2022-06-22,"['范金池', '海丰瑶']"
IPO,920088,920088,2023,2023-09-28,"['李成林', '崔勇趁', '薛小婷']"
IPO,920088,920088,2024,2024-01-05,"['李成林', '崔勇趁', '薛小婷']"
IPO,920089,920089,2017,2017-05-26,"['王静', '卢珍', '王旭']"
IPO,920089,920089,2021,2021-06-29,"['宣陈峰', '孔晶晶', '杨和龙']"
IPO,920090,920090,2020,2020-05-18,"['李华', '刘明']"
IPO,920090,920090,2021,2021-05-20,"['李华', '刘明']"
IPO,920090,920090,2021,2021-05-21,"['李华', '刘明', '朱劲松']"
IPO,920091,920091,2023,2023-11-14,"['惠增强', '秦俭']"
IPO,920091,920091,2024,2024-02-02,"['惠增强', '秦俭']"
IPO,920091,920091,2025,2025-06-16,"['惠增强', '秦俭']"
IPO,920091,920091,2025,2025-08-08,"['赵恒勤', '李俊霞']"
IPO,920092,920092,2020,2020-11-23,"['殷宪锋', '袁人环']"
IPO,920092,920092,2021,2021-03-29,"['殷宪锋', '袁人环']"
IPO,920096,920096,2025,2025-06-19,"['黄元喜', '朱逸宁']"
IPO,920096,920096,2026,2026-01-22,"['黄元喜', '朱逸宁']"
IPO,920098,920098,2023,2023-10-31,"['闫磊', '宁国星']"
IPO,920098,920098,2024,2024-01-12,"['闫磊', '宁国星']"
IPO,920099,920099,2023,2023-03-22,"['唐健', '李佳晨']"
IPO,920099,920099,2024,2024-01-30,"['唐健', '李佳晨']"
IPO,920100,920100,2023,2023-12-29,"['杨伯民', '吴亚玲']"
IPO,920100,920100,2024,2024-01-29,"['杨伯民', '吴亚玲']"
IPO,920100,920100,2025,2025-03-25,"['杨伯民', '吴亚玲']"
IPO,920100,920100,2025,2025-05-30,"['田业阳', '陈兴冬']"
IPO,920101,920101,2024,2024-06-28,"['叶怀敏', '屠晗']"
IPO,920101,920101,2025,2025-04-07,"['叶怀敏', '屠晗']"
IPO,920106,920106,2024,2024-06-28,"['陈雪', '黄晓奇', '梁子见', '崔广余', '金美超']"
IPO,920107,920107,2025,2025-06-27,"['魏五军', '张新']"
IPO,920107,920107,2026,2026-01-30,"['魏五军', '张新']"
IPO,920108,920108,2023,2023-12-29,"['范桂铭', '彭冬梅']"
IPO,920108,920108,2024,2024-01-26,"['范桂铭', '彭冬梅']"
IPO,920108,920108,2025,2025-01-07,"['范桂铭', '彭冬梅']"
IPO,920110,920110,2022,2022-05-11,"['王淑燕', '李恩成']"
IPO,920111,920111,2023,2023-12-14,"['彭远卓', '胡晓辰', '诸旦祺']"
IPO,920111,920111,2024,2024-01-03,"['彭远卓', '胡晓辰', '诸旦祺']"
IPO,920112,920112,2024,2024-09-30,"['费方华', '彭香莲']"
IPO,920112,920112,2025,2025-04-08,"['费方华', '彭香莲']"
IPO,920112,920112,2025,2025-06-20,"['费方华', '彭香莲', '许松飞', '池志凡']"
IPO,920116,920116,2023,2023-12-14,"['崔云刚', '李娅丽']"
IPO,920116,920116,2024,2024-01-11,"['崔云刚', '李娅丽']"
IPO,920117,920117,2025,2025-06-19,"['胡友邻', '叶群']"
IPO,920117,920117,2026,2026-01-09,"['胡友邻', '叶群']"
IPO,920118,920118,2023,2023-10-30,"['柏凌菁', '王丝思']"
IPO,920118,920118,2024,2024-02-26,"['柏凌菁', '王丝思']"
IPO,920119,920119,2025,2025-05-29,"['潘汝彬', '马云峰', '谢瓅']"
IPO,920121,920121,2024,2024-12-30,"['冉士龙', '陈培培', '房月姣']"
IPO,920121,920121,2025,2025-01-23,"['冉士龙', '陈培培', '房月姣']"
IPO,920121,920121,2025,2025-10-24,"['冉士龙', '陈培培', '孟凡宝']"
IPO,920121,920121,2025,2025-11-24,"['陈培陪', '房月姣', '冉士龙']"
IPO,920122,920122,2022,2022-03-31,"['闫丙旗', '杜高强', '孔波']"
IPO,920123,920123,2023,2023-06-30,"['韩雁光', '陈志刚', '麦剑青', '陈廷洪']"
IPO,920123,920123,2024,2024-01-05,"['韩雁光', '陈志刚', '麦剑青', '陈廷洪']"
IPO,920124,920124,2024,2024-12-30,"['廖慕桃', '陈华柱']"
IPO,920124,920124,2025,2025-01-23,"['廖慕桃', '陈华柱']"
IPO,920125,920125,2025,2025-06-25,"['范国荣', '钱鹏飞', '覃超']"
IPO,920125,920125,2026,2026-01-16,"['范国荣', '钱鹏飞', '覃超']"
IPO,920126,920126,2025,2025-04-28,"['李士龙', '周威宁']"
IPO,920126,920126,2026,2026-04-02,"['李士龙', '周威宁']"
IPO,920128,920128,2023,2023-12-26,"['张小惠', '张健']"
IPO,920128,920128,2024,2024-01-19,"['张小惠', '张健']"
IPO,920130,920130,2021,2021-12-31,"['边珊姗', '魏晓慧']"
IPO,920130,920130,2022,2022-01-27,"['边珊姗', '魏晓慧']"
IPO,920130,920130,2023,2023-06-26,"['边珊姗', '魏晓慧']"
IPO,920132,920132,2023,2023-04-28,"['王英航', '鲁岳', '吴强', '顾庆刚', '刘佳明']"
IPO,920136,920136,2025,2025-05-29,"['吴震东', '沈勐宇']"
IPO,920136,920136,2026,2026-02-09,"['吴震东', '沈勐宇']"
IPO,920138,920138,2024,2024-12-23,"['钟俊', '桂迎', '罗亚梅']"
IPO,920138,920138,2025,2025-01-14,"['钟俊', '桂迎', '罗亚梅']"
IPO,920138,920138,2026,2026-03-13,"['钟俊', '桂迎', '罗亚梅']"
IPO,920139,920139,2022,2022-06-22,"['孟冬', '王立昕', '胡巧云', '刘颖']"
IPO,920145,920145,2021,2021-05-11,"['张立志', '陈君', '武毓']"
IPO,920146,920146,2020,2020-06-30,"['李力', '高松林', '刘姗姗', '李小丹', '胡娟']"
IPO,920146,920146,2021,2021-03-30,"['李力', '高松林', '刘姗姗', '李小丹', '胡娟']"
IPO,920149,920149,2020,2020-05-12,"['施琪璋', '卢鑫', '段厚改']"
IPO,920152,920152,2021,2021-11-12,"['鲍琼', '赵光枣', '丁恒花']"
IPO,920152,920152,2022,2022-03-04,"['鲍琼', '赵光枣', '丁恒花']"
IPO,920156,920156,2025,2025-06-24,"['李璟', '杨东升', '张婉秋']"
IPO,920156,920156,2026,2026-01-06,"['李璟', '杨东升', '张婉秋']"
IPO,920158,920158,2024,2024-12-30,"['徐德盛', '鲁波']"
IPO,920158,920158,2025,2025-01-23,"['徐德盛', '鲁波']"
IPO,920159,920159,2024,2024-12-24,"['吕建幕', '刁乃双', '于晓玉']"
IPO,920159,920159,2025,2025-04-14,"['吕建幕', '刁乃双', '于晓玉']"
IPO,920160,920160,2024,2024-12-30,"['田志刚', '王瀚峣']"
IPO,920160,920160,2025,2025-01-21,"['田志刚', '王瀚峣']"
IPO,920160,920160,2025,2025-07-04,"['田志刚', '王瀚峣', '蒋贵成', '朱明娜']"
IPO,920161,920161,2022,2022-12-30,"['费方华', '金浙安']"
IPO,920161,920161,2023,2023-01-19,"['费方华', '金浙安']"
IPO,920161,920161,2025,2025-06-30,"['费方华', '金浙安', '许松飞', '张晓燕']"
IPO,920161,920161,2026,2026-01-28,"['费方华', '金浙安', '许松飞', '张晓燕']"
IPO,920163,920163,2020,2020-05-11,"['江永辉', '钱华丽']"
IPO,920165,920165,2025,2025-06-30,"['张金生', '俞霁穹']"
IPO,920165,920165,2026,2026-01-06,"['张金生', '俞霁穹']"
IPO,920166,920166,2025,2025-05-29,"['姚本霞', '陈卓炎']"
IPO,920166,920166,2026,2026-01-26,"['姚本霞', '陈卓炎']"
IPO,920167,920167,2020,2020-04-30,"['杨荣华', '周浩']"
IPO,920168,920168,2025,2025-04-28,"['周春阳', '张居忠', '冯坤宇', '朱广超']"
IPO,920168,920168,2025,2025-11-06,"['周春阳', '张居忠', '冯坤宇', '朱广超', '贾正勇']"
IPO,920168,920168,2026,2026-01-30,"['周春阳', '张居忠', '冯坤宇', '朱广超', '贾正勇']"
IPO,920169,920169,2021,2021-09-28,"['曾莉', '刘华凯']"
IPO,920169,920169,2022,2022-01-12,"['曾莉', '刘华凯']"
IPO,920171,920171,2020,2020-11-25,"['杨红青', '王涛']"
IPO,920171,920171,2021,2021-05-28,"['杨红青', '王涛']"
IPO,920174,920174,2020,2020-10-09,"['郑生军', '周融', '刘钢跃']"
IPO,920174,920174,2021,2021-01-22,"['郑生军', '周融', '刘钢跃']"
IPO,920174,920174,2021,2021-07-28,"['郑生军', '周融']"
IPO,920175,920175,2022,2022-12-26,"['冯万奇', '李福兴']"
IPO,920175,920175,2023,2023-01-13,"['冯万奇', '李福兴']"
IPO,920176,920176,2025,2025-06-30,"['高虹', '何华博']"
IPO,920176,920176,2026,2026-04-08,"['高虹', '何华博']"
IPO,920177,920177,2025,2025-06-13,"['尉建清', '周王飞']"
IPO,920177,920177,2026,2026-01-14,"['尉建清', '周王飞']"
IPO,920178,920178,2025,2025-06-30,"['张文涛', '聂焕']"
IPO,920178,920178,2026,2026-02-09,"['张文涛', '聂焕']"
IPO,920179,920179,2021,2021-08-18,"['张立志', '陈君', '唐恒飞', '肖桂莲']"
IPO,920179,920179,2022,2022-01-10,"['张立志', '陈君', '唐恒飞', '肖桂莲']"
IPO,920180,920180,2024,2024-06-27,"['王亮', '郭洋']"
IPO,920180,920180,2025,2025-01-16,"['王亮', '郭洋']"
IPO,920180,920180,2026,2026-01-23,"['王亮', '郭洋']"
IPO,920181,920181,2025,2025-06-27,"['周磊', '杨扬', '吴丽莉']"
IPO,920181,920181,2026,2026-01-08,"['周磊', '杨扬', '吴丽莉']"
IPO,920183,920183,2024,2024-12-30,"['肖和勇', '樊艳丽']"
IPO,920183,920183,2025,2025-01-23,"['肖和勇', '樊艳丽']"
IPO,920183,920183,2025,2025-11-21,"['冯万奇', '邵建克']"
IPO,920183,920183,2026,2026-02-05,"['冯万奇', '邵建克']"
IPO,920184,920184,2020,2020-04-28,"['刘绍秋', '余龙', '兰轶林']"
IPO,920185,920185,2020,2020-05-06,"['赵文凌', '罗明国', '王勉']"
IPO,920186,920186,2025,2025-06-30,"['王明健', '刘洪伟', '张英通']"
IPO,920186,920186,2026,2026-01-05,"['王明健', '刘洪伟', '张英通']"
IPO,920187,920187,2024,2024-12-31,"['凌燕', '陈磊']"
IPO,920187,920187,2025,2025-01-24,"['凌燕', '陈磊']"
IPO,920187,920187,2026,2026-02-04,"['凌燕', '陈磊']"
IPO,920188,920188,2025,2025-05-26,"['张利法', '王振兵']"
IPO,920188,920188,2026,2026-01-09,"['张利法', '王振兵']"
IPO,920189,920189,2025,2025-06-24,"['卢鑫', '李鹏', '郭维莉']"
IPO,920189,920189,2026,2026-03-31,"['卢鑫', '李鹏', '郭维莉']"
IPO,920190,920190,2022,2022-06-28,"['王晖', '韩晓杰']"
IPO,920191,920191,2023,2023-12-29,"['李变利', '刘方微']"
IPO,920191,920191,2024,2024-01-29,"['李变利', '刘方微']"
IPO,920191,920191,2025,2025-05-15,"['李变利', '刘方微', '罗川']"
IPO,920191,920191,2026,2026-01-07,"['刘雁斌', '陈亚超', '罗川']"
IPO,920193,920193,2025,2025-06-30,"['王郁', '董晓芸']"
IPO,920193,920193,2026,2026-04-03,"['王郁', '董晓芸']"
IPO,920195,920195,2022,2022-06-27,"['吕建幕', '于晓玉']"
IPO,920198,920198,2017,2017-06-23,"['李朝鸿', '赵冬莉']"
IPO,920198,920198,2018,2018-01-26,"['李朝鸿', '赵冬莉']"
IPO,920198,920198,2020,2020-06-02,"['李朝鸿', '刘荟', '罗刚']"
IPO,920199,920199,2022,2022-06-27,"['庄瑞兰', '蔡蓉', '李婕']"
IPO,920200,920200,2025,2025-06-27,"['束哲民', '薛飞']"
IPO,920200,920200,2026,2026-02-06,"['束哲民', '薛飞']"
IPO,920204,920204,2021,2021-06-29,"['张爱国', '高民']"
IPO,920206,920206,2025,2025-06-25,"['史钢伟', '张楹', '康宁', '朱丽丽']"
IPO,920206,920206,2026,2026-03-03,"['史钢伟', '张楹', '康宁', '朱丽丽']"
IPO,920206,920206,2026,2026-03-27,"['史钢伟', '张楹']"
IPO,920207,920207,2022,2022-05-09,"['缪志坚', '俞金波']"
IPO,920208,920208,2022,2022-06-29,"['潘玉忠', '于晓波']"
IPO,920208,920208,2023,2023-01-12,"['潘玉忠', '于晓波']"
IPO,920211,920211,2025,2025-06-27,"['银雪姣', '赵奎', '李文浩']"
IPO,920211,920211,2026,2026-01-14,"['银雪姣', '赵奎', '李文浩']"
IPO,920212,920212,2020,2020-11-04,"['张敏', '陈雪梅']"
IPO,920212,920212,2021,2021-04-14,"['张敏', '陈雪梅']"
IPO,920218,920218,2024,2024-12-30,"['李勇平', '陶书成', '乔鹏宇']"
IPO,920218,920218,2025,2025-01-21,"['李勇平', '陶书成', '乔鹏宇']"
IPO,920218,920218,2026,2026-02-11,"['李勇平', '陶书成', '乔鹏宇']"
IPO,920218,920218,2026,2026-04-30,"['李勇平', '陶书成', '乔鹏宇', '沈利刚', '李佳瑞']"
IPO,920220,920220,2025,2025-06-25,"['凌燕', '陈磊', '周鑫']"
IPO,920220,920220,2026,2026-02-25,"['凌燕', '陈磊', '周鑫']"
IPO,920220,920220,2026,2026-04-29,"['凌燕', '陈磊', '周鑫', '李勇平', '姚佳成']"
IPO,920221,920221,2022,2022-09-09,"['胡杰', '王雨', '史晓娟']"
IPO,920221,920221,2023,2023-03-02,"['胡杰', '王雨', '史晓娟']"
IPO,920222,920222,2025,2025-06-26,"['沈利刚', '李勇平', '范国荣', '李晶', '余宋平', '王焘']"
IPO,920222,920222,2026,2026-04-09,"['沈利刚', '李勇平', '范国荣', '李晶', '余宋平', '王焘']"
IPO,920223,920223,2021,2021-09-14,"['胡新荣', '李飞', '仇铝娟']"
IPO,920223,920223,2022,2022-01-07,"['胡新荣', '李飞', '仇铝娟']"
IPO,920225,920225,2020,2020-09-08,"['朱中伟', '丁素军']"
IPO,920225,920225,2021,2021-01-04,"['朱中伟', '丁素军']"
IPO,920225,920225,2021,2021-01-19,"['丁素军', '许治平', '朱中伟']"
IPO,920227,920227,2022,2022-06-29,"['陈世薇', '叶思思', '王建兰', '彭心宇']"
IPO,920227,920227,2022,2022-11-23,"['陈世薇', '叶思思']"
IPO,920230,920230,2022,2022-04-25,"['胡琳波', '余丽']"
IPO,920237,920237,2022,2022-06-20,"['杨红青', '夏希雯']"
IPO,920238,920238,2025,2025-06-30,"['俞伟英', '郑益安', '李莎']"
IPO,920238,920238,2026,2026-01-06,"['俞伟英', '郑益安', '李莎']"
IPO,920239,920239,2020,2020-10-20,"['贺军', '李菊英', '李夕甫', '罗洁']"
IPO,920242,920242,2020,2020-06-01,"['陈柏林', '张凯茗']"
IPO,920245,920245,2021,2021-06-30,"['王艳', '黄剑']"
IPO,920247,920247,2022,2022-06-14,"['梁谦海', '陈清松', '陈智学']"
IPO,920249,920249,2022,2022-06-30,"['许松飞', '程度', '叶喜撑', '景彩子']"
IPO,920249,920249,2023,2023-01-11,"['许松飞', '程度', '叶喜撑', '景彩子']"
IPO,920252,920252,2022,2022-06-23,"['李惠丰', '洪建良', '赵雨亭', '徐泮卿']"
IPO,920258,920258,2025,2025-06-30,"['刘宇科', '徐兴宏', '文杰']"
IPO,920258,920258,2026,2026-01-16,"['刘宇科', '徐兴宏', '文杰']"
IPO,920258,920258,2026,2026-05-25,"['刘宇科', '徐兴宏', '文杰', '李晓阳', '吴亚']"
IPO,920260,920260,2021,2021-06-21,"['尹清云', '廖继平', '吴青松']"
IPO,920261,920261,2022,2022-05-05,"['陈金波', '史华宾']"
IPO,920261,920261,2023,2023-01-03,"['陈金波', '史华宾']"
IPO,920261,920261,2023,2023-01-29,"['何政', '张珂心']"
IPO,920262,920262,2022,2022-06-30,"['赵斌', '林梓']"
IPO,920262,920262,2022,2022-12-06,"['林梓', '龙勇', '赵斌']"
IPO,920263,920263,2020,2020-05-14,"['孟宪明', '杨闯']"
IPO,920263,920263,2020,2020-06-21,"['孟宪民', '杨闯']"
IPO,920266,920266,2020,2020-05-12,"['邓登峰', '詹妙灵']"
IPO,920267,920267,2022,2022-01-05,"['唐亚波', '綦东钰']"
IPO,920270,920270,2022,2022-03-31,"['金闻', '梁志勇', '徐思思', '王超']"
IPO,920271,920271,2021,2021-12-31,"['蔺自立', '袁人环', '殷宪锋']"
IPO,920271,920271,2022,2022-01-28,"['蔺自立', '袁人环', '殷宪锋']"
IPO,920273,920273,2022,2022-05-12,"['吴浩然', '姚三香']"
IPO,920273,920273,2023,2023-01-05,"['吴浩然', '姚三香']"
IPO,920274,920274,2022,2022-10-27,"['丁红远', '李征平']"
IPO,920274,920274,2023,2023-01-04,"['丁红远', '李征平']"
IPO,920275,920275,2020,2020-06-05,"['陈勇', '林万锞']"
IPO,920278,920278,2020,2020-05-13,"['诸旭敏', '何卫明']"
IPO,920284,920284,2022,2022-12-29,"['张朱华', '方宁', '顾雪峰', '陈璐瑛', '陈竑']"
IPO,920284,920284,2023,2023-01-17,"['张朱华', '方宁', '顾雪峰', '陈璐瑛', '陈竑']"
IPO,920299,920299,2021,2021-06-30,"['上官胜', '蔡晓颖']"
IPO,920299,920299,2022,2022-01-06,"['上官胜', '蔡晓颖']"
IPO,920299,920299,2022,2022-03-17,"['上官胜', '李潇']"
IPO,920300,920300,2022,2022-06-30,"['金刚锋', '余书杰']"
IPO,920304,920304,2022,2022-10-10,"['魏艳霞', '徐建来', '张敬鸿', '赵军']"
IPO,920304,920304,2023,2023-01-04,"['魏艳霞', '徐建来', '张敬鸿', '赵军']"
IPO,920305,920305,2020,2020-12-25,"['任华贵', '张伟']"
IPO,920305,920305,2021,2021-03-04,"['任华贵', '张伟']"
IPO,920339,920339,2022,2022-06-29,"['朱戟', '狄海英']"
IPO,920344,920344,2020,2020-09-16,"['葛云虎', '贾洪常', '孙宝珩']"
IPO,920346,920346,2021,2021-06-28,"['全普', '姚方晔']"
IPO,920346,920346,2021,2021-12-17,"['全普', '李劲松']"
IPO,920346,920346,2022,2022-01-06,"['全普', '李劲松']"
IPO,920351,920351,2022,2022-06-28,"['康代安', '胡灿']"
IPO,920357,920357,2022,2022-06-30,"['张居忠', '文冬梅', '代敏', '王申申', '江峰', '汪神龙']"
IPO,920357,920357,2022,2022-10-18,"['代敏', '王申申', '文冬梅', '张居忠']"
IPO,920363,920363,2023,2023-06-27,"['张琦', '吴楠楠', '唐绍昆']"
IPO,920367,920367,2022,2022-05-09,"['肖强光', '吴小亚', '徐殷鹏', '洪烨']"
IPO,920367,920367,2023,2023-01-09,"['肖强光', '吴小亚', '徐殷鹏', '洪烨']"
IPO,920368,920368,2020,2020-05-29,"['张克东', '张世卓', '王栋']"
IPO,920370,920370,2020,2020-05-12,"['黄巧梅', '李小燕']"
IPO,920371,920371,2022,2022-06-30,"['王传邦', '王巍', '汪娟']"
IPO,920374,920374,2022,2022-06-21,"['张媛媛', '江先敏', '张立华']"
IPO,920374,920374,2022,2022-10-26,"['江先敏', '张媛媛']"
IPO,920375,920375,2022,2022-11-03,"['梁谦海', '马玥']"
IPO,920375,920375,2023,2023-02-15,"['梁谦海', '马玥']"
IPO,920378,920378,2021,2021-12-20,"['吴强', '顾庆刚', '蔺儒坤']"
IPO,920378,920378,2022,2022-01-17,"['吴强', '顾庆刚', '蔺儒坤']"
IPO,920392,920392,2022,2022-06-27,"['朱广明', '费洁', '王文强']"
IPO,920394,920394,2022,2022-09-26,"['梁志刚', '苗丽静']"
IPO,920394,920394,2023,2023-02-06,"['梁志刚', '苗丽静']"
IPO,920395,920395,2021,2021-12-31,"['李惠丰', '洪建良', '孙峰', '徐泮卿']"
IPO,920395,920395,2022,2022-01-28,"['李惠丰', '洪建良', '孙峰', '徐泮卿']"
IPO,920395,920395,2022,2022-08-02,"['洪建良', '李惠丰']"
IPO,920396,920396,2020,2020-06-17,"['朱戟', '邹强']"
IPO,920402,920402,2021,2021-12-29,"['辛文学', '赵康']"
IPO,920402,920402,2022,2022-01-20,"['辛文学', '赵康']"
IPO,920403,920403,2023,2023-04-28,"['张年军', '杜军']"
IPO,920405,920405,2020,2020-12-17,"['陈大愚', '荣婷婷']"
IPO,920405,920405,2021,2021-04-13,"['陈大愚', '荣婷婷']"
IPO,920407,920407,2022,2022-06-30,"['王高林', '李光宇']"
IPO,920407,920407,2023,2023-01-18,"['王高林', '李光宇']"
IPO,920414,920414,2022,2022-06-29,"['刘磊', '王颋麟', '陈斯奇']"
IPO,920415,920415,2020,2020-05-19,"['黄丽琼', '刘斌']"
IPO,920418,920418,2020,2020-05-08,"['邓明勇', '顾华', '孙根泉', '丁春荣', '刘一红']"
IPO,920418,920418,2020,2020-06-18,"['邓明勇', '顾华']"
IPO,920419,920419,2021,2021-06-30,"['胡乃忠', '王宗佩', '王燕']"
IPO,920419,920419,2022,2022-01-06,"['胡乃忠', '王宗佩', '王燕']"
IPO,920419,920419,2022,2022-01-07,"['胡乃忠', '王宗佩', '王燕', '聂梓敏']"
IPO,920422,920422,2022,2022-06-22,"['王振', '李剑平']"
IPO,920422,920422,2023,2023-01-14,"['王振', '李剑平']"
IPO,920425,920425,2022,2022-06-30,"['崔腾', '闵丹']"
IPO,920425,920425,2023,2023-01-06,"['崔腾', '闵丹']"
IPO,920427,920427,2020,2020-08-31,"['覃继伟', '谢永昌', '罗佩']"
IPO,920429,920429,2022,2022-04-29,"['陈君', '武毓', '陈美玉']"
IPO,920433,920433,2020,2020-05-26,"['赵艳灵', '陈丽蓉']"
IPO,920436,920436,2021,2021-06-28,"['陈长元', '陈振伟', '田业阳', '徐健']"
IPO,920436,920436,2021,2021-10-08,"['陈振伟', '徐健']"
IPO,920438,920438,2022,2022-10-31,"['冯雪', '黄艳霞']"
IPO,920438,920438,2023,2023-10-26,"['冯雪', '黄艳霞']"
IPO,920438,920438,2024,2024-01-11,"['冯雪', '黄艳霞']"
IPO,920438,920438,2024,2024-02-01,"['丛存', '冯雪', '黄艳霞']"
IPO,920445,920445,2020,2020-04-30,"['凌燕', '徐珍珍', '吕潇华']"
IPO,920454,920454,2021,2021-05-24,"['吕勇军', '郭世兴']"
IPO,920454,920454,2021,2021-10-08,"['董超', '郭世兴', '李斌', '吕勇军']"
IPO,920455,920455,2022,2022-09-19,"['姜韬', '姜雪']"
IPO,920455,920455,2023,2023-04-19,"['姜韬', '姜雪']"
IPO,920469,920469,2022,2022-12-26,"['胡永波', '潘佳勇']"
IPO,920469,920469,2023,2023-01-18,"['胡永波', '潘佳勇']"
IPO,920471,920471,2022,2022-09-07,"['臧青海', '陈艳红']"
IPO,920471,920471,2023,2023-03-08,"['臧青海', '陈艳红']"
IPO,920475,920475,2020,2020-06-02,"['黄继佳', '于薇薇', '刘木勇']"
IPO,920476,920476,2022,2022-06-01,"['潘素娇', '张吉范']"
IPO,920478,920478,2022,2022-06-28,"['史少翔', '宋世林', '陈凯峰', '宁云', '周文亮']"
IPO,920478,920478,2023,2023-01-05,"['史少翔', '宋世林', '陈凯峰', '宁云', '周文亮']"
IPO,920489,920489,2020,2020-05-06,"['李生敏', '张林清', '张玉伟', '王书彦', '卢珍']"
IPO,920491,920491,2020,2020-06-30,"['王建民', '胥春', '刘杰生', '梁肖林']"
IPO,920491,920491,2021,2021-02-10,"['王建民', '胥春', '刘杰生', '梁肖林']"
IPO,920491,920491,2021,2021-12-30,"['郭韵', '梁肖林', '刘杰生', '王建民', '胥春']"
IPO,920491,920491,2022,2022-01-25,"['郭韵', '梁肖林', '刘杰生', '王建民', '胥春']"
IPO,920493,920493,2022,2022-06-28,"['冯万奇', '刘海山', '曾旭']"
IPO,920493,920493,2023,2023-04-04,"['冯万奇', '刘海山', '曾旭']"
IPO,920496,920496,2022,2022-12-30,"['潘玉忠', '马东宇']"
IPO,920496,920496,2023,2023-04-14,"['潘玉忠', '马东宇']"
IPO,920496,920496,2024,2024-01-12,"['潘玉忠', '马东宇']"
IPO,920504,920504,2022,2022-12-29,"['崔明', '王文静']"
IPO,920504,920504,2023,2023-01-19,"['崔明', '王文静']"
IPO,920504,920504,2023,2023-06-30,"['刘国辉', '崔明', '王文静']"
IPO,920505,920505,2022,2022-06-30,"['高松林', '刘姗姗', '吴丹江', '胡娟']"
IPO,920508,920508,2020,2020-06-01,"['朱劲松', '何红']"
IPO,920509,920509,2020,2020-09-04,"['陈长元', '田业阳', '沈雯']"
IPO,920510,920510,2020,2020-06-29,"['李江山', '王丽丽']"
IPO,920519,920519,2022,2022-12-19,"['李璟', '但杰', '张金华']"
IPO,920519,920519,2023,2023-04-13,"['李璟', '但杰', '张金华']"
IPO,920522,920522,2023,2023-05-09,"['陈勇波', '胡碟']"
IPO,920523,920523,2021,2021-01-26,"['张朝铖', '刘国平']"
IPO,920526,920526,2022,2022-06-29,"['刘玉显', '刘学钰']"
IPO,920527,920527,2022,2022-06-24,"['蔡畅', '王昌功', '吴宏量']"
IPO,920533,920533,2021,2021-11-09,"['杨荣华', '范芳国']"
IPO,920533,920533,2022,2022-01-10,"['杨荣华', '范芳国']"
IPO,920541,920541,2022,2022-06-29,"['叶慧', '杨霖', '郭海龙', '徐婷', '周亚']"
IPO,920541,920541,2023,2023-01-04,"['郭海龙', '杨霖', '叶慧']"
IPO,920541,920541,2023,2023-02-20,"['叶慧', '杨霖', '郭海龙', '徐婷', '周亚']"
IPO,920547,920547,2023,2023-03-06,"['孙洁珺', '朱科举', '程俊平', '李大燕', '胡卫升', '唐玉荣']"
IPO,920553,920553,2020,2020-10-29,"['张力强', '宋锋岗', '吴长波']"
IPO,920553,920553,2021,2021-06-07,"['张力强', '宋锋岗', '吴长波']"
IPO,920556,920556,2022,2022-06-10,"['郭海兰', '尹冬']"
IPO,920556,920556,2023,2023-01-04,"['郭海兰', '尹冬']"
IPO,920564,920564,2021,2021-09-24,"['邱程红', '吴丽', '刘波君', '杨博']"
IPO,920564,920564,2022,2022-02-24,"['邱程红', '吴丽', '刘波君', '杨博']"
IPO,920566,920566,2020,2020-06-30,"['肖瑞峰', '李灵辉', '张云鹤']"
IPO,920566,920566,2021,2021-06-10,"['肖瑞峰', '李灵辉', '张云鹤']"
IPO,920566,920566,2021,2021-07-13,"['李灵辉', '肖瑞峰']"
IPO,920570,920570,2023,2023-05-30,"['严海锋', '梁升洁', '丁晓俊', '孔令江']"
IPO,920571,920571,2022,2022-06-02,"['林东', '郑治']"
IPO,920575,920575,2022,2022-03-29,"['张毅强', '唐晓军']"
IPO,920575,920575,2023,2023-01-04,"['张毅强', '唐晓军']"
IPO,920576,920576,2022,2022-12-29,"['杜敏', '梁娟平']"
IPO,920576,920576,2023,2023-01-18,"['杜敏', '梁娟平']"
IPO,920578,920578,2022,2022-09-30,"['刘方微', '王伟']"
IPO,920578,920578,2023,2023-02-03,"['刘方微', '王伟']"
IPO,920579,920579,2022,2022-06-28,"['闫磊', '邹昕', '常浩']"
IPO,920579,920579,2023,2023-01-04,"['闫磊', '邹昕', '常浩']"
IPO,920580,920580,2021,2021-06-21,"['乔冠芳', '宋江勇']"
IPO,920580,920580,2022,2022-01-07,"['乔冠芳', '宋江勇']"
IPO,920592,920592,2022,2022-06-30,"['李东昕', '刘宏宇', '王晓光']"
IPO,920592,920592,2023,2023-03-30,"['李东昕', '刘宏宇', '王晓光']"
IPO,920593,920593,2022,2022-09-30,"['陈长元', '盛小川']"
IPO,920593,920593,2023,2023-01-03,"['陈长元', '盛小川']"
IPO,920599,920599,2020,2020-09-23,"['常晓波', '张智民', '田阡', '岑宛泽']"
IPO,920599,920599,2021,2021-01-06,"['常晓波', '张智民', '田阡', '岑宛泽']"
IPO,920608,920608,2022,2022-05-26,"['费方华', '金浙安', '陈中江', '胡雪婷']"
IPO,920608,920608,2022,2022-11-10,"['陈中江', '费方华', '金浙安']"
IPO,920627,920627,2022,2022-05-26,"['肖瑞峰', '游小辉', '李剑平']"
IPO,920627,920627,2023,2023-04-06,"['肖瑞峰', '游小辉', '李剑平']"
IPO,920627,920627,2023,2023-08-21,"['肖瑞峰', '游小辉']"
IPO,920634,920634,2022,2022-06-28,"['陈长春', '蔡贞贞', '黄海波', '段晓湘']"
IPO,920639,920639,2021,2021-12-30,"['缪志坚', '李正卫', '葛亮', '徐君']"
IPO,920639,920639,2022,2022-04-12,"['缪志坚', '李正卫', '葛亮', '徐君']"
IPO,920640,920640,2020,2020-05-28,"['王重娟', '孙有航']"
IPO,920641,920641,2022,2022-06-23,"['梁谦海', '邵泽文']"
IPO,920641,920641,2022,2022-11-01,"['梁谦海', '邵泽文', '王幈', '王娜']"
IPO,920642,920642,2020,2020-12-28,"['陈刚', '卫婵']"
IPO,920642,920642,2021,2021-04-15,"['陈刚', '卫婵']"
IPO,920642,920642,2021,2021-06-18,"['陈刚', '卫婵', '宋勇']"
IPO,920651,920651,2022,2022-12-29,"['曹阳', '王娟', '付玉', '丁天金']"
IPO,920651,920651,2023,2023-01-19,"['曹阳', '王娟', '付玉', '丁天金']"
IPO,920656,920656,2023,2023-04-28,"['张力', '马莉', '谢金香', '张建华']"
IPO,920656,920656,2024,2024-01-12,"['张力', '马莉', '谢金香', '张建华']"
IPO,920662,920662,2022,2022-06-10,"['俞国徽', '刘勇', '朱武', '齐汪旭']"
IPO,920663,920663,2022,2022-06-29,"['吕安吉', '巩方森']"
IPO,920663,920663,2023,2023-01-11,"['吕安吉', '巩方森']"
IPO,920665,920665,2023,2023-03-14,"['刘勇', '朱武', '齐汪旭']"
IPO,920670,920670,2020,2020-06-04,"['刘加宝', '管金明', '陈立立']"
IPO,920675,920675,2020,2020-06-30,"['胡海波', '刘彬文', '王洋', '尹立红']"
IPO,920679,920679,2023,2023-05-25,"['肖小军', '周建鹏']"
IPO,920680,920680,2020,2020-12-01,"['单闽', '吴英达']"
IPO,920680,920680,2021,2021-04-28,"['单闽', '吴英达']"
IPO,920682,920682,2017,2017-07-14,"['李惠丰', '钟建栋', '杜娜']"
IPO,920682,920682,2018,2018-04-04,"['李惠丰', '钟建栋', '杜娜']"
IPO,920682,920682,2020,2020-04-29,"['李惠丰', '钟建栋', '张俊慧', '杜娜']"
IPO,920685,920685,2022,2022-06-15,"['张建新', '孟捷', '覃剑锋']"
IPO,920689,920689,2021,2021-11-09,"['刘学生', '王鑫', '刘晓飞', '王德生']"
IPO,920689,920689,2022,2022-01-13,"['刘学生', '王鑫', '刘晓飞', '王德生']"
IPO,920690,920690,2023,2023-06-27,"['边珊姗', '魏晓慧']"
IPO,920693,920693,2023,2023-06-27,"['章祥', '郑振']"
IPO,920694,920694,2022,2022-08-26,"['许剑辉', '吕建幕', '闻国胜', '彭焱妮']"
IPO,920694,920694,2023,2023-01-03,"['许剑辉', '吕建幕', '闻国胜', '彭焱妮']"
IPO,920699,920699,2022,2022-09-28,"['周磊', '荆跃飞', '周贵人']"
IPO,920699,920699,2023,2023-03-22,"['周磊', '荆跃飞', '周贵人']"
IPO,920701,920701,2022,2022-12-14,"['钟建栋', '邓红玉', '毛晨']"
IPO,920701,920701,2023,2023-01-12,"['钟建栋', '邓红玉', '毛晨']"
IPO,920703,920703,2023,2023-05-24,"['王振宇', '吴楠', '侯少龙']"
IPO,920703,920703,2023,2023-10-24,"['王振宇', '吴楠']"
IPO,920706,920706,2023,2023-06-30,"['刘见生', '方莉']"
IPO,920706,920706,2024,2024-01-10,"['刘见生', '方莉']"
IPO,920717,920717,2022,2022-09-30,"['付强', '吴旭初', '李卓']"
IPO,920717,920717,2023,2023-01-04,"['付强', '吴旭初', '李卓']"
IPO,920718,920718,2022,2022-05-11,"['乔如林', '孙涛', '吴向东', '安家好']"
IPO,920719,920719,2022,2022-10-10,"['姜纯友', '吴少华', '陈婷婷', '田云']"
IPO,920719,920719,2023,2023-01-04,"['姜纯友', '吴少华', '陈婷婷', '田云']"
IPO,920720,920720,2021,2021-06-15,"['朱敏杰', '陈根环', '唐旻怡', '史晓华']"
IPO,920725,920725,2022,2022-03-10,"['袁刚', '靳朋飞']"
IPO,920726,920726,2020,2020-09-29,"['方建新', '丁月明', '李轶芳']"
IPO,920726,920726,2021,2021-04-08,"['方建新', '丁月明', '李轶芳']"
IPO,920729,920729,2020,2020-05-14,"['张恩学', '欧阳小玲']"
IPO,920735,920735,2020,2020-10-27,"['王福康', '陈晓冬']"
IPO,920735,920735,2021,2021-01-04,"['王福康', '陈晓冬']"
IPO,920748,920748,2022,2022-06-28,"['胡素萍', '林志忠', '邵琳琳']"
IPO,920748,920748,2023,2023-02-09,"['胡素萍', '林志忠', '邵琳琳']"
IPO,920751,920751,2022,2022-12-28,"['刘智清', '陈恩', '曹彩龙']"
IPO,920751,920751,2023,2023-01-19,"['刘智清', '陈恩', '曹彩龙']"
IPO,920753,920753,2022,2022-05-25,"['夏元清', '宋海风', '沈芳', '贾鹏']"
IPO,920753,920753,2022,2022-09-27,"['宋海风', '夏元清']"
IPO,920765,920765,2018,2018-01-05,"['章顺文', '柴喜峰']"
IPO,920765,920765,2020,2020-09-28,"['李敏', '柴喜峰']"
IPO,920765,920765,2021,2021-04-22,"['李敏', '柴喜峰']"
IPO,920765,920765,2021,2021-05-21,"['柴喜峰', '李敏', '章顺文']"
IPO,920768,920768,2020,2020-12-11,"['周俊超', '杨诗学', '许玉霞']"
IPO,920768,920768,2021,2021-03-15,"['周俊超', '杨诗学', '许玉霞']"
IPO,920770,920770,2019,2019-06-28,"['周立新', '陈灵灵']"
IPO,920770,920770,2022,2022-06-29,"['顾洪涛', '周立新', '陈灵灵', '汪婷', '石春梅']"
IPO,920770,920770,2023,2023-01-05,"['顾洪涛', '周立新', '陈灵灵', '汪婷', '石春梅']"
IPO,920779,920779,2022,2022-09-26,"['梁翌明', '许玉华', '卿武勤']"
IPO,920779,920779,2023,2023-01-11,"['梁翌明', '许玉华', '卿武勤']"
IPO,920781,920781,2022,2022-06-28,"['张晓荣', '蒲艳']"
IPO,920786,920786,2022,2022-06-30,"['王忠箴', '高兴', '王达', '许玉娟']"
IPO,920786,920786,2023,2023-01-30,"['王忠箴', '高兴', '王达', '许玉娟']"
IPO,920786,920786,2023,2023-09-13,"['王达', '王忠箴']"
IPO,920790,920790,2021,2021-12-31,"['束哲民', '陈艳', '薛飞']"
IPO,920790,920790,2022,2022-01-24,"['束哲民', '陈艳', '薛飞']"
IPO,920792,920792,2022,2022-06-30,"['蔡中伏', '袁志云', '刘海娟']"
IPO,920792,920792,2023,2023-01-04,"['蔡中伏', '袁志云', '刘海娟']"
IPO,920799,920799,2017,2017-05-26,"['曹小勤', '樊冬', '义国兵']"
IPO,920799,920799,2019,2019-05-21,"['张建华', '义国兵', '曹小勤', '樊冬', '义国兵']"
IPO,920799,920799,2020,2020-04-29,"['张建华', '义国兵']"
IPO,920802,920802,2022,2022-06-23,"['常桂华', '徐雪琴']"
IPO,920802,920802,2023,2023-01-11,"['常桂华', '徐雪琴']"
IPO,920806,920806,2023,2023-08-24,"['赵鹏', '路静茹']"
IPO,920807,920807,2012,2012-06-21,"['王翼初', '徐聃']"
IPO,920807,920807,2022,2022-06-30,"['王建民', '徐聃', '李家俊']"
IPO,920808,920808,2022,2022-06-22,"['郭健', '李娅丽', '成国燕', '姚林山']"
IPO,920808,920808,2022,2022-09-28,"['成国燕', '郭健', '李娅丽']"
IPO,920809,920809,2022,2022-10-10,"['李琪友', '杨一']"
IPO,920809,920809,2023,2023-01-04,"['李琪友', '杨一']"
IPO,920810,920810,2022,2022-06-28,"['杨立杰', '吕晓娟']"
IPO,920819,920819,2020,2020-04-28,"['刘小平', '谢洪奇', '徐家敏', '赵勇军']"
IPO,920821,920821,2021,2021-06-28,"['何晶晶', '周敏']"
IPO,920821,920821,2022,2022-01-19,"['何晶晶', '周敏']"
IPO,920826,920826,2020,2020-08-03,"['李宜', '姜韬', '张彦军']"
IPO,920826,920826,2025,2025-11-20,"['李宜', '姜韬', '张彦军']"
IPO,920832,920832,2020,2020-09-28,"['魏艳霞', '牛司平']"
IPO,920832,920832,2021,2021-01-04,"['魏艳霞', '牛司平']"
IPO,920833,920833,2023,2023-06-30,"['李青龙', '祝芹敏', '何人玉']"
IPO,920833,920833,2023,2023-09-28,"['何人玉', '祝芹敏']"
IPO,920834,920834,2021,2021-06-29,"['沙贝佳', '王进']"
IPO,920834,920834,2022,2022-01-04,"['沙贝佳', '王进']"
IPO,920837,920837,2022,2022-09-28,"['梁宝珠', '黄成利', '王启盛']"
IPO,920837,920837,2023,2023-01-04,"['梁宝珠', '黄成利', '王启盛']"
IPO,920839,920839,2020,2020-07-21,"['赵卫华', '孟庆福']"
IPO,920855,920855,2022,2022-06-22,"['周晨', '罗联玬', '陈彩琴', '孙志清']"
IPO,920856,920856,2020,2020-06-29,"['卢珍', '孔晶晶', '杨文建', '李生敏', '张春荣']"
IPO,920857,920857,2021,2021-06-18,"['沈蓉', '冯家俊', '钟美玲', '刘樱珂']"
IPO,920857,920857,2022,2022-01-11,"['沈蓉', '冯家俊', '钟美玲', '刘樱珂']"
IPO,920866,920866,2022,2022-04-29,"['胡乃忠', '李满']"
IPO,920870,920870,2021,2021-12-24,"['杜军', '徐祎']"
IPO,920870,920870,2022,2022-01-24,"['杜军', '徐祎']"
IPO,920871,920871,2021,2021-12-31,"['巩启春', '朱晓红']"
IPO,920871,920871,2022,2022-01-28,"['巩启春', '朱晓红']"
IPO,920873,920873,2020,2020-11-26,"['龙文虎', '梁正勇', '弋守川', '王长富', '曾志']"
IPO,920873,920873,2021,2021-09-15,"['龙文虎', '梁正勇', '弋守川', '王长富', '曾志']"
IPO,920873,920873,2021,2021-09-29,"['梁正勇', '龙文虎', '王长富', '弋守川']"
IPO,920876,920876,2022,2022-06-14,"['杨谦', '谭智青']"
IPO,920879,920879,2021,2021-12-15,"['葛惠平', '杨微', '张文涛', '聂焕']"
IPO,920879,920879,2022,2022-01-13,"['葛惠平', '杨微', '张文涛', '聂焕']"
IPO,920885,920885,2020,2020-11-20,"['陈菁佩', '连伟']"
IPO,920885,920885,2021,2021-04-30,"['陈菁佩', '连伟']"
IPO,920892,920892,2020,2020-12-30,"['谭灏', '吕颖怡']"
IPO,920892,920892,2021,2021-04-12,"['谭灏', '吕颖怡']"
IPO,920895,920895,2022,2022-06-16,"['王飞', '陈江凯']"
IPO,920895,920895,2023,2023-01-05,"['王飞', '陈江凯']"
IPO,920896,920896,2022,2022-09-28,"['黄巧梅', '陈应爵', '黄娜', '李小燕']"
IPO,920896,920896,2023,2023-01-10,"['黄巧梅', '陈应爵', '黄娜', '李小燕']"
IPO,920906,920906,2022,2022-06-27,"['秦松涛', '洪烨', '朱伟']"
IPO,920906,920906,2023,2023-02-06,"['秦松涛', '洪烨', '朱伟']"
IPO,920914,920914,2022,2022-06-15,"['毛伟', '郑鹏飞', '赵伦曙']"
IPO,920924,920924,2020,2020-12-14,"['盛伟明', '叶贤斌']"
IPO,920924,920924,2021,2021-04-15,"['盛伟明', '叶贤斌']"
IPO,920925,920925,2020,2020-12-16,"['王忠年', '樊江南']"
IPO,920925,920925,2021,2021-04-13,"['王忠年', '樊江南']"
IPO,920926,920926,2022,2022-12-28,"['贺春海', '温龙标']"
IPO,920926,920926,2023,2023-01-19,"['贺春海', '温龙标']"
IPO,920931,920931,2023,2023-06-30,"['许剑辉', '程晓芳']"
IPO,920931,920931,2024,2024-01-22,"['许剑辉', '程晓芳']"
IPO,920932,920932,2021,2021-06-28,"['郭颖', '胡晓光', '梁龙', '麦家辉']"
IPO,920942,920942,2022,2022-06-23,"['陈勇波', '汤方明']"
IPO,920943,920943,2021,2021-09-28,"['陈洪涛', '徐洪荣', '张雯燕']"
IPO,920943,920943,2022,2022-04-15,"['陈洪涛', '徐洪荣', '张雯燕']"
IPO,920946,920946,2020,2020-06-01,"['陈莉', '王兆钢', '闵志强']"
IPO,920950,920950,2022,2022-06-28,"['李惠丰', '孙峰', '洪建良', '闻炜锋']"
IPO,920953,920953,2022,2022-09-30,"['丁锡锋', '王立丽']"
IPO,920953,920953,2023,2023-01-11,"['丁锡锋', '王立丽']"
IPO,920957,920957,2022,2022-06-24,"['张小惠', '梁超群']"
IPO,920961,920961,2020,2020-05-14,"['李宁', '阮喆']"
IPO,920964,920964,2018,2018-01-03,"['刘晓丽', '顾井喜']"
IPO,920964,920964,2020,2020-05-06,"['洪祖柏', '李艺']"
IPO,920970,920970,2021,2021-06-28,"['李民', '田晓', '王需如']"
IPO,920970,920970,2022,2022-01-28,"['李民', '田晓', '王需如']"
IPO,920971,920971,2022,2022-06-07,"['张宏敏', '丁娜']"
IPO,920971,920971,2022,2022-09-02,"['丁娜', '师克峰', '王猛', '张宏敏']"
IPO,920974,920974,2022,2022-06-07,"['章磊', '孙玉霞', '汤洋', '孙琼']"
IPO,920974,920974,2023,2023-01-09,"['章磊', '孙玉霞', '汤洋', '孙琼']"
IPO,920976,920976,2022,2022-12-29,"['王建民', '贾雪龙']"
IPO,920976,920976,2023,2023-01-19,"['王建民', '贾雪龙']"
IPO,920976,920976,2023,2023-06-19,"['滕海军', '贾雪龙', '王建民', '梁肖林', '刘杰生']"
IPO,920976,920976,2023,2023-07-20,"['贾雪龙', '梁肖林', '王建民', '滕海军']"
IPO,920978,920978,2022,2022-12-28,"['杨红青', '王涛', '范婷', '刘定超', '张翠']"
IPO,920978,920978,2023,2023-01-17,"['杨红青', '王涛', '范婷', '刘定超', '张翠']"
IPO,920978,920978,2023,2023-07-19,"['杨红青', '王涛', '范婷']"
IPO,920978,920978,2023,2023-09-11,"['刘定超', '王涛', '杨红青']"
IPO,920981,920981,2021,2021-06-28,"['方长顺', '黄剑']"
IPO,920981,920981,2021,2021-09-18,"['汪玉寿', '黄剑', '周光']"
IPO,920982,920982,2022,2022-06-06,"['王佶恺', '银雪姣']"
IPO,920982,920982,2023,2023-03-17,"['王佶恺', '银雪姣']"
IPO,920985,920985,2022,2022-01-28,"['周百鸣', '解维']"
IPO,920992,920992,2022,2022-06-29,"['李夕甫', '汪孝东', '涂晓峰']"
SEO,000001,000001,2009,nan,"['张小东', '许旭明']"
SEO,000001,000001,2013,nan,"['昌华', '周道君']"
SEO,000001,000001,2014,nan,"['姚文平', '朱丽平']"
SEO,000001,000001,2014,nan,"['昌华', '周道君', '姚文平', '朱丽平']"
SEO,000002,000002,2006,nan,"['李婉薇', '彭菁', '刘照辉', '邬建辉']"
SEO,000005,000005,2015,nan,"['李新首', '曾毅凯']"
SEO,000007,000007,2010,nan,"['王培', '文爱凤']"
SEO,000008,000008,2012,nan,"['李秉心', '王敏']"
SEO,000008,000008,2015,nan,"['廖家河', '丛存']"
SEO,000009,000009,2014,nan,"['刘钧', '赵文凌']"
SEO,000010,000010,2015,nan,"['周英', '周含军', '朱蓬', '史慧']"
SEO,000010,000010,2015,nan,"['周英', '周含军', '于涛', '付平', '朱蓬', '史慧']"
SEO,000012,000012,2006,nan,"['孔昱', '孙立']"
SEO,000017,000017,2020,nan,"['屈先富', '邓军']"
SEO,000018,000018,2014,nan,"['徐海宁', '杨春祥', '李细辉', '周关']"
SEO,000019,000019,2010,nan,"['陈葆华', '高德惠']"
SEO,000019,000019,2018,nan,"['李平', '江海锋']"
SEO,000021,000021,2012,nan,"['谭小青', '王雅明']"
SEO,000021,000021,2020,nan,"['章顺文', '倪万杰', '张嫣明']"
SEO,000022,000022,2018,nan,"['黄玥', '江其燊', '吴汪斌', '何翠红']"
SEO,000024,000024,2007,nan,"['郭小明', '曾凡跃', '陈惠珠', '李莉']"
SEO,000025,000025,2014,nan,"['袁龙平', '周学春', '秦昌明']"
SEO,000026,000026,2010,nan,"['王宇桥', '邢向宗']"
SEO,000026,000026,2015,nan,"['苏洋', '陈志芳']"
SEO,000027,000027,2006,nan,"['魏小珍', '龙湖川', '刘云', '刘湘艳']"
SEO,000028,000028,2013,nan,"['陈耘涛', '汤振峰', '唐翩翩']"
SEO,000028,000028,2016,nan,"['汤振峰', '刘莉坤', '徐奭', '唐翩翩', '赵霞', '英彦莉', '傅成钢', '韩雁光', '麦剑青']"
SEO,000030,000030,2011,nan,"['张富根', '苗策']"
SEO,000031,000031,2018,nan,"['雷波涛', '马海霞']"
SEO,000031,000031,2018,nan,"['夏宏林', '崔幼军']"
SEO,000032,000032,2014,nan,"['崔岩', '何岚']"
SEO,000032,000032,2020,nan,"['许培梅', '顾欣']"
SEO,000032,000032,2023,nan,"['申海洋', '王宝成']"
SEO,000034,000034,2015,nan,"['李巧仪', '李花']"
SEO,000035,000035,2013,nan,"['尤文杰', '王斌', '王郁', '范桂铭']"
SEO,000035,000035,2013,nan,"['尤文杰', '王斌']"
SEO,000035,000035,2015,nan,"['王斌', '严盛辉']"
SEO,000035,000035,2017,nan,"['唐恋炯', '陈彦', '王斌', '严盛辉']"
SEO,000038,000038,2015,nan,"['陈松波', '周香萍']"
SEO,000040,000040,2015,nan,"['王磊', '肖玲', '齐正华', '孟晓光']"
SEO,000040,000040,2016,nan,"['齐正华', '孟晓光', '杜玉涛']"
SEO,000042,000042,2014,nan,"['蔡晓东', '袁龙平', '周学春', '秦昌明']"
SEO,000043,000043,2006,nan,"['薛祈明', '邬建辉']"
SEO,000043,000043,2019,nan,"['范晓红', '龙娇']"
SEO,000045,000045,2009,nan,"['郝世明', '吴萃柿']"
SEO,000045,000045,2012,nan,"['肖逸', '潘忠民']"
SEO,000046,000046,2015,nan,"['顾燕君', '李斌华']"
SEO,000050,000050,2006,nan,"['李萍', '刘军', '陈艳', '蔡繁荣']"
SEO,000050,000050,2013,nan,"['曹翠丽', '杨华', '于思源', '徐国应']"
SEO,000050,000050,2015,nan,"['曹翠丽', '裘小莹']"
SEO,000050,000050,2017,nan,"['张伟', '赵书曼', '胡慰']"
SEO,000050,000050,2019,nan,"['张伟', '范晓红', '赵书曼']"
SEO,000055,000055,2009,nan,"['李巧仪', '李花', '林开钦', '陈昭新']"
SEO,000055,000055,2015,nan,"['胡高升', '谢培仁']"
SEO,000056,000056,2014,nan,"['胡春元', '巫扬华']"
SEO,000058,000058,2016,nan,"['张兴', '张朝铖']"
SEO,000059,000059,2007,nan,"['巩启春', '贺琬株']"
SEO,000059,000059,2012,nan,"['秦志远', '尹晖']"
SEO,000060,000060,2006,nan,"['陈爱容', '龙英']"
SEO,000060,000060,2014,nan,"['侯立勋', '龙丽萍']"
SEO,000060,000060,2016,nan,"['王磊', '龙丽萍']"
SEO,000061,000061,2007,nan,"['郑立红', '蔡晓东']"
SEO,000061,000061,2011,nan,"['李巧仪', '周学春']"
SEO,000061,000061,2023,nan,"['张帆', '王军', '王忠年', '韩智彤']"
SEO,000062,000062,2008,nan,"['陈松波', '覃业庆']"
SEO,000062,000062,2015,nan,"['覃业庆', '胡新']"
SEO,000063,000063,2018,nan,"['廖文佳', '马婧']"
SEO,000063,000063,2020,nan,"['李剑光', '马婧', '曾赐花']"
SEO,000065,000065,2014,nan,"['张富根', '薛东升']"
SEO,000065,000065,2016,nan,"['曹阳', '郑建利', '陈平', '曾淑君', '吴小兰']"
SEO,000065,000065,2024,nan,"['安行', '汪百元']"
SEO,000066,000066,2009,nan,"['郭晋龙', '王雅明']"
SEO,000066,000066,2016,nan,"['赵斌', '陈勇波', '梁谦海']"
SEO,000066,000066,2020,nan,"['许培梅', '顾欣']"
SEO,000068,000068,2014,nan,"['杨熹', '辛均亮']"
SEO,000069,000069,2015,nan,"['汤其美', '何晓娟']"
SEO,000070,000070,2011,nan,"['李巧仪', '李花']"
SEO,000070,000070,2015,nan,"['屈先富', '韩雁光', '袁龙平', '李花', '王焕森']"
SEO,000078,000078,2011,nan,"['黄声森', '陈志芳']"
SEO,000078,000078,2015,nan,"['黄声森', '陈志芳']"
SEO,000088,000088,2022,nan,"['黎明', '何小兵']"
SEO,000088,000088,2022,nan,"['张莉萍', '秦昌明', '李嘉诚']"
SEO,000090,000090,2006,nan,"['蔡晓东', '刘明', '赖承勇']"
SEO,000090,000090,2014,nan,"['蔡晓东', '王焕森']"
SEO,000099,000099,2020,nan,"['陈建翔', '陈莦燕', '王斌', '程武良', '郭海兰', '尹冬']"
SEO,000100,000100,2009,nan,"['王甫荣', '曾小生', '李秉心', '王广旭', '崔岩', '郭红星']"
SEO,000100,000100,2013,nan,"['徐海宁', '杨春祥', '王甫荣', '刘素珍']"
SEO,000100,000100,2014,nan,"['杨春祥', '徐海宁', '王甫荣', '符凤萍']"
SEO,000100,000100,2017,nan,"['李秉心', '张媛媛']"
SEO,000100,000100,2020,nan,"['邱俊洲', '江先敏']"
SEO,000100,000100,2021,nan,"['邱俊洲', '江先敏']"
SEO,000100,000100,2025,nan,"['王士杰', '易奥林', '陈泽丰', '陈志浩']"
SEO,000100,000100,2025,nan,"['陈泽丰', '肖梦英', '陈志浩']"
SEO,000150,000150,2014,nan,"['陈锦棋', '唐玲']"
SEO,000151,000151,2019,nan,"['刘均刚', '杨美玲']"
SEO,000151,000151,2025,nan,"['张帆', '闫保瑞', '李建树', '邹行宇']"
SEO,000153,000153,2012,nan,"['张先云', '赵权']"
SEO,000155,000155,2020,nan,"['李元良', '张超']"
SEO,000155,000155,2022,nan,"['彭卓', '陈继平']"
SEO,000156,000156,2012,nan,"['葛徐', '吴懿忻', '黄峥嵘']"
SEO,000156,000156,2014,nan,"['葛徐', '江娟', '吴懿忻', '葛爱平']"
SEO,000156,000156,2019,nan,"['吴军', '马世新', '朱大为', '朱小雪', '刘勇', '李名虎']"
SEO,000157,000157,2009,nan,"['王会栓', '林爱斌']"
SEO,000157,000157,2020,nan,"['李晓阳', '周睿', '张宏亮']"
SEO,000158,000158,2014,nan,"['郭莉莉', '尚英伟', '王凤岐', '杨海龙']"
SEO,000159,000159,2007,nan,"['陈军', '张莉']"
SEO,000301,000301,2017,nan,"['王斌', '董舒']"
SEO,000301,000301,2019,nan,"['王斌', '董舒', '蒋雪莲', '傅晓璐']"
SEO,000301,000301,2021,nan,"['董舒', '蒋雪莲', '唐奕']"
SEO,000301,000301,2021,nan,"['董舒', '蒋雪莲', '唐奕', '卢耀民']"
SEO,000333,000333,2014,nan,"['章为纲', '黄志恒']"
SEO,000333,000333,2018,nan,"['黄镁镁', '裘小莹', '张晓莹', '姚文平']"
SEO,000338,000338,2020,nan,"['王立新', '隋传旭']"
SEO,000400,000400,2012,nan,"['梁双才', '杨晓辉']"
SEO,000401,000401,2007,nan,"['罗玉成', '李素平']"
SEO,000401,000401,2010,nan,"['罗玉成', '丁慧春']"
SEO,000401,000401,2021,nan,"['崔西福', '黄婷婷']"
SEO,000402,000402,2006,nan,"['潘帅', '尹师州', '魏先锋']"
SEO,000404,000404,2012,nan,"['贺军', '李夕甫']"
SEO,000407,000407,2015,nan,"['胡咏华', '于仁强']"
SEO,000408,000408,2014,nan,"['张冲良', '倪云清']"
SEO,000408,000408,2014,nan,"['谢青', '邹宏文', '张冲良', '倪云清']"
SEO,000409,000409,2012,nan,"['陈少明', '姜长龄', '路清', '刘玉显']"
SEO,000409,000409,2022,nan,"['解乐', '任德军']"
SEO,000410,000410,2012,nan,"['梁春', '周龙']"
SEO,000410,000410,2022,nan,"['王君', '孟祥瑞']"
SEO,000410,000410,2023,nan,"['杜高强', '周景林']"
SEO,000410,000410,2023,nan,"['杜高强', '周景林', '程梦燚']"
SEO,000411,000411,2018,nan,"['钟炽兵', '王璟', '阮铭华']"
SEO,000411,000411,2022,nan,"['徐勒', '胡超']"
SEO,000413,000413,2011,nan,"['王英伟', '石长海', '王凤岐', '齐正华']"
SEO,000413,000413,2015,nan,"['齐正华', '王凤岐', '孟晓光']"
SEO,000413,000413,2016,nan,"['王凤岐', '孟晓光']"
SEO,000415,000415,2010,nan,"['刘宇科', '蒋美秀', '李志林', '胡昌喜']"
SEO,000415,000415,2013,nan,"['雷小玲', '胡昌喜']"
SEO,000415,000415,2015,nan,"['张明益', '李未名']"
SEO,000417,000417,2009,nan,"['李静', '沈素莹', '吕勇军', '王业甄']"
SEO,000418,000418,2009,nan,"['毛俊', '邢建平', '刘志永', '季赟']"
SEO,000420,000420,2013,nan,"['徐运生', '程岩', '支力', '惠增强', '杨铭姝']"
SEO,000420,000420,2015,nan,"['徐运生', '付雪莲']"
SEO,000420,000420,2020,nan,"['支力', '赵幻彤']"
SEO,000420,000420,2021,nan,"['支力', '徐运生', '赵幻彤', '邹楠']"
SEO,000421,000421,2014,nan,"['汤加全', '金炜']"
SEO,000422,000422,2011,nan,"['汤萍', '王知先']"
SEO,000422,000422,2022,nan,"['李朝鸿', '黄晨刚']"
SEO,000425,000425,2008,nan,"['陈玉生', '林雷']"
SEO,000425,000425,2009,nan,"['周家文', '林雷']"
SEO,000425,000425,2016,nan,"['周家文', '沈建华']"
SEO,000425,000425,2021,nan,"['渠敬福', '张书义', '周家文', '林雷']"
SEO,000426,000426,2013,nan,"['宋朝晖', '林捷', '吴霆']"
SEO,000426,000426,2016,nan,"['林捷', '吴霆', '葛惠平']"
SEO,000428,000428,2007,nan,"['周重揆', '李新葵']"
SEO,000428,000428,2014,nan,"['贺焕华', '李新葵']"
SEO,000429,000429,2015,nan,"['徐继宏', '姚静']"
SEO,000430,000430,2009,nan,"['周红宇', '张乾明', '刘宇科', '张琪']"
SEO,000488,000488,2014,nan,"['王传顺', '景传轩']"
SEO,000498,000498,2012,nan,"['唐庆斌', '陈峰']"
SEO,000498,000498,2019,nan,"['王贡勇', '吕玉磊']"
SEO,000501,000501,2015,nan,"['肖峰', '郭幼英', '吴杰', '尹国保']"
SEO,000503,000503,2022,nan,"['狄香雨', '王宇']"
SEO,000504,000504,2022,nan,"['李剑', '张恩学', '袁立春', '申庆庆', '王娟娟']"
SEO,000505,000505,2016,nan,"['刘炼', '李云飞', '廖家河', '胡晓辉']"
SEO,000506,000506,2008,nan,"['毕思强', '路清']"
SEO,000510,000510,2023,nan,"['杨树杰', '徐宜丰']"
SEO,000513,000513,2015,nan,"['王淑燕', '李恩成']"
SEO,000514,000514,2006,nan,"['孔庆华', '谢青']"
SEO,000516,000516,2014,nan,"['朱洪雄', '范敏华']"
SEO,000516,000516,2020,nan,"['李波', '王来平']"
SEO,000517,000517,2008,nan,"['虞丽新', '吴霆']"
SEO,000519,000519,2012,nan,"['张文荣', '郭凤民']"
SEO,000519,000519,2015,nan,"['张文荣', '刘广']"
SEO,000521,000521,2010,nan,"['贺军', '陈芳芳']"
SEO,000521,000521,2015,nan,"['何勇', '夏翠琼', '段黎黎']"
SEO,000523,000523,2010,nan,"['张宁', '吴震']"
SEO,000523,000523,2014,nan,"['潘冬梅', '黄春燕']"
SEO,000523,000523,2022,nan,"['李俊杰', '邓集龙']"
SEO,000524,000524,2016,nan,"['吴震', '黄志业', '裘小燕', '欧阳静波']"
SEO,000525,000525,2008,nan,"['伍敏', '郑欢成', '孙莉', '栾国保', '李耀堂', '王晓波']"
SEO,000525,000525,2014,nan,"['肖厚祥', '徐锦华']"
SEO,000526,000526,2020,nan,"['轩菲', '史继欣']"
SEO,000527,000527,2010,nan,"['章为纲', '刘志永']"
SEO,000528,000528,2010,nan,"['文爱凤', '金彬', '谭红旭', '杨秩辉', '赵炳良', '郭益浩']"
SEO,000528,000528,2021,nan,"['谢婧', '黄声森']"
SEO,000529,000529,2008,nan,"['裘小燕', '张锦坤', '关敏洁', '黎洁茹']"
SEO,000530,000530,2015,nan,"['杨英锦', '隋国军', '王淑焕']"
SEO,000531,000531,2009,nan,"['黄伟成', '谢岷']"
SEO,000531,000531,2022,nan,"['陈锦棋', '毛雁秋']"
SEO,000536,000536,2009,nan,"['刘延东', '林红']"
SEO,000536,000536,2014,nan,"['林霞', '张香玉']"
SEO,000537,000537,2016,nan,"['杨殿峰', '张琳']"
SEO,000537,000537,2022,nan,"['金华', '常姗']"
SEO,000538,000538,2008,nan,"['管云鸿', '刘蓉晖']"
SEO,000538,000538,2018,nan,"['汪坤碧', '周萍', '方自维']"
SEO,000539,000539,2009,nan,"['郑强', '刘飞华', '曾华光', '柳璟屏']"
SEO,000539,000539,2010,nan,"['周伟然', '柳璟屏', '陈俊君', '叶润文']"
SEO,000540,000540,2007,nan,"['贺军', '何志良']"
SEO,000540,000540,2013,nan,"['罗建平', '陈芳芳', '黄志芬']"
SEO,000540,000540,2015,nan,"['罗建平', '黄志芬']"
SEO,000541,000541,2023,nan,"['江超杰', '唐小琴']"
SEO,000543,000543,2012,nan,"['何本英', '王静', '储召忠']"
SEO,000543,000543,2018,nan,"['洪婷', '袁林', '苗丽静']"
SEO,000544,000544,2015,nan,"['郭伟', '靳红建']"
SEO,000545,000545,2013,nan,"['沈在斌', '陈勇']"
SEO,000546,000546,2016,nan,"['孔令江', '高峰', '邓高明']"
SEO,000546,000546,2020,nan,"['高峰', '严海锋', '黄非']"
SEO,000547,000547,2009,nan,"['刘延东', '陈蓁']"
SEO,000547,000547,2013,nan,"['刘延东', '陈蓁']"
SEO,000547,000547,2014,nan,"['王春生', '李云松', '陈蓁', '陈玉萍']"
SEO,000547,000547,2018,nan,"['袁刚山', '左志民']"
SEO,000551,000551,2009,nan,"['刘勇', '丁春荣']"
SEO,000552,000552,2011,nan,"['惠全红', '雷波涛']"
SEO,000552,000552,2013,nan,"['惠全红', '王仲平']"
SEO,000552,000552,2022,nan,"['李耀忠', '朱银玲', '刘志文', '刘赞伶']"
SEO,000552,000552,2022,nan,"['李耀忠', '朱银玲']"
SEO,000555,000555,2013,nan,"['杨海龙', '李鑫', '唐炫', '晁小燕', '任俊霞']"
SEO,000555,000555,2014,nan,"['唐炫', '晁小燕']"
SEO,000555,000555,2016,nan,"['唐炫', '唐静']"
SEO,000557,000557,2014,nan,"['司建军', '米文莉']"
SEO,000558,000558,2013,nan,"['吴宇', '张立志', '董骁']"
SEO,000559,000559,2020,nan,"['吕安吉', '刘江杰', '陈蔡建']"
SEO,000560,000560,2010,nan,"['管云鸿', '肖勇']"
SEO,000560,000560,2014,nan,"['管云鸿', '郁佳洋', '杨漫辉', '仝慧芳']"
SEO,000561,000561,2009,nan,"['邱程红', '王铁军']"
SEO,000561,000561,2023,nan,"['王铁军', '雷娜', '吴丽', '杨小变']"
SEO,000561,000561,2023,nan,"['王铁军', '雷娜', '吴丽', '杨小变', '杜敏']"
SEO,000562,000562,2011,nan,"['李东昕', '王少辉']"
SEO,000563,000563,2014,nan,"['安小民', '曹爱民', '赵琰', '苏皎皎', '范敏华']"
SEO,000563,000563,2021,nan,"['牟宇红', '张蓓']"
SEO,000564,000564,2010,nan,"['王重娟', '晁小燕']"
SEO,000564,000564,2014,nan,"['汪洋', '薛燕']"
SEO,000564,000564,2015,nan,"['汪洋', '季晟', '薛燕']"
SEO,000566,000566,2013,nan,"['赵兴明', '张凯', '金顺兴', '杨小琴']"
SEO,000566,000566,2015,nan,"['张凯', '赵兴明']"
SEO,000567,000567,2015,nan,"['刘志红', '王晓慧']"
SEO,000568,000568,2006,nan,"['李武林', '徐家敏', '唐方模', '赵军']"
SEO,000568,000568,2016,nan,"['冯渊', '何寿福']"
SEO,000570,000570,2020,nan,"['戴伟忠', '徐文祥']"
SEO,000571,000571,2013,nan,"['朱建清', '朱美荣']"
SEO,000572,000572,2006,nan,"['朱建清', '朱美荣', '杨双全', '顾仁荣', '赵秀芬', '张富根', '苗策']"
SEO,000572,000572,2010,nan,"['朱建清', '朱美荣']"
SEO,000576,000576,2011,nan,"['杨文蔚', '刘火旺']"
SEO,000582,000582,2012,nan,"['孔庆华', '王忠保']"
SEO,000582,000582,2014,nan,"['傅虹', '肖琼', '刘毅']"
SEO,000582,000582,2016,nan,"['刘毅', '欧勇涛']"
SEO,000582,000582,2022,nan,"['岑敬', '刘业美', '肖琼', '刘毅', '刘珈岐']"
SEO,000584,000584,2006,nan,"['汤加全', '杨林']"
SEO,000584,000584,2007,nan,"['汤加全', '夏先锋']"
SEO,000584,000584,2019,nan,"['邱平', '张阳阳']"
SEO,000587,000587,2015,nan,"['曹斌', '王树奇']"
SEO,000589,000589,2012,nan,"['郝世明', '吴萃柿']"
SEO,000589,000589,2020,nan,"['郝世明', '凌松梅']"
SEO,000590,000590,2015,nan,"['刘宇科', '刘敦']"
SEO,000591,000591,2021,nan,"['刘学传', '刘旭燕']"
SEO,000592,000592,2007,nan,"['楚三平', '凌运良']"
SEO,000592,000592,2010,nan,"['楚三平', '凌运良']"
SEO,000592,000592,2014,nan,"['凌运良', '楚三平']"
SEO,000593,000593,2013,nan,"['李敏', '武兴田']"
SEO,000593,000593,2015,nan,"['张兰', '武兴田']"
SEO,000595,000595,2012,nan,"['司建军', '常瑛']"
SEO,000595,000595,2014,nan,"['司建军', '米文莉']"
SEO,000596,000596,2020,nan,"['陈链武', '曾光']"
SEO,000597,000597,2013,nan,"['李苏宁', '傅粤', '刘宁宇', '李萍', '陈学胜']"
SEO,000597,000597,2017,nan,"['李苏宁', '傅粤', '郭倩']"
SEO,000599,000599,2007,nan,"['胡咏华', '何政']"
SEO,000599,000599,2014,nan,"['董洪军', '董效飞']"
SEO,000599,000599,2016,nan,"['林盛', '王立勇', '董洪军']"
SEO,000599,000599,2024,nan,"['王冲', '王茜']"
SEO,000599,000599,2024,nan,"['杨宝萱', '王晖', '王冲', '王茜']"
SEO,000600,000600,2006,nan,"['王飞', '李钰', '王爱英', '史艳萍', '刘俊永']"
SEO,000600,000600,2013,nan,"['曹志忠', '贾志坡']"
SEO,000601,000601,2006,nan,"['王佩清', '徐红兵']"
SEO,000601,000601,2010,nan,"['吉争雄', '杨诗学']"
SEO,000602,000602,2009,nan,"['张琴', '易学建', '周立业', '郭涛']"
SEO,000603,000603,2015,nan,"['于建永', '段岩峰']"
SEO,000603,000603,2015,nan,"['于建永', '段岩峰', '赵金']"
SEO,000605,000605,2012,nan,"['沈芳', '夏元清']"
SEO,000605,000605,2012,nan,"['沈芳', '夏元清', '杜金霞', '戚桂旺']"
SEO,000605,000605,2015,nan,"['沈芳', '夏元清']"
SEO,000606,000606,2006,nan,"['闫立社', '陈闽玉']"
SEO,000606,000606,2008,nan,"['范增裕', '陈闽玉']"
SEO,000606,000606,2012,nan,"['童成录', '赵秀梅']"
SEO,000606,000606,2015,nan,"['叶慧', '王俊']"
SEO,000607,000607,2014,nan,"['何前', '徐殷鹏', '李青龙', '张凯']"
SEO,000608,000608,2006,nan,"['陈静', '刘磊']"
SEO,000610,000610,2013,nan,"['李晋玲', '王伟雄', '李伟', '袁斌']"
SEO,000611,000611,2007,nan,"['郭涛', '田雍']"
SEO,000612,000612,2011,nan,"['毛鞍宁', '都蕾', '靳爱民', '李艳霞']"
SEO,000615,000615,2015,nan,"['向辉', '张文娟']"
SEO,000617,000617,2016,nan,"['朱宇', '马千鲁', '朱晓崴', '冯山']"
SEO,000619,000619,2023,nan,"['吴琳', '王传兵']"
SEO,000620,000620,2009,nan,"['黄志斌', '傅智勇']"
SEO,000620,000620,2013,nan,"['张云鹤', '齐晓丽']"
SEO,000625,000625,2016,nan,"['乔春', '艾维']"
SEO,000625,000625,2020,nan,"['乔春', '胡艳']"
SEO,000626,000626,2016,nan,"['游世秋', '陈婷婷']"
SEO,000627,000627,2007,nan,"['索保国', '伍志超']"
SEO,000627,000627,2015,nan,"['向辉', '张文娟', '彭全明']"
SEO,000627,000627,2016,nan,"['向辉', '伍志超', '廖梅']"
SEO,000628,000628,2014,nan,"['李敏', '陈宗英']"
SEO,000628,000628,2020,nan,"['张兰', '王映国']"
SEO,000629,000629,2008,nan,"['匡小尝', '黄飞', '侯黎明']"
SEO,000629,000629,2008,nan,"['匡小尝', '黄飞', '侯黎明', '匡小尝', '黄飞', '侯黎明']"
SEO,000629,000629,2022,nan,"['范建平', '刘源', '朱洪斌']"
SEO,000630,000630,2006,nan,"['肖厚发', '宋文']"
SEO,000630,000630,2012,nan,"['宋文', '刘勇', '汪玉寿']"
SEO,000630,000630,2015,nan,"['朱艳', '刘勇', '姚海士']"
SEO,000630,000630,2022,nan,"['刘勇', '毛邦威', '卢金海']"
SEO,000631,000631,2014,nan,"['严海锋', '高峰']"
SEO,000635,000635,2023,nan,"['崔云刚', '郭冰晶', '麻振兴', '徐培']"
SEO,000636,000636,2014,nan,"['宣宜辰', '赵雷']"
SEO,000636,000636,2015,nan,"['崔岩', '陈雷']"
SEO,000636,000636,2021,nan,"['平威', '刘超']"
SEO,000639,000639,2010,nan,"['贺焕华', '彭奇志', '刘泽波', '李进华']"
SEO,000639,000639,2014,nan,"['刘钢跃', '冯建林']"
SEO,000639,000639,2016,nan,"['贺焕华', '刘钢跃', '周毅']"
SEO,000650,000650,2008,nan,"['李文智', '罗安勃']"
SEO,000650,000650,2011,nan,"['王继文', '丁莉']"
SEO,000650,000650,2020,nan,"['丁莉', '王继文']"
SEO,000651,000651,2007,2007-11-01,"['杨池生', '李欣红']"
SEO,000655,000655,2006,nan,"['胡咏华', '李洪']"
SEO,000655,000655,2008,nan,"['万方全', '李洪', '胡咏华', '刘昌柏']"
SEO,000656,000656,2009,nan,"['童登书', '高楠']"
SEO,000656,000656,2013,nan,"['程兰', '梁正勇']"
SEO,000656,000656,2015,nan,"['戈守川', '宋军', '梁正勇', '程兰']"
SEO,000657,000657,2012,nan,"['王忻', '陈刚', '陈晓强']"
SEO,000657,000657,2012,nan,"['王忻', '陈刚']"
SEO,000657,000657,2018,nan,"['傅成钢', '康代安', '康顺平', '李海来']"
SEO,000657,000657,2024,nan,"['杜高强', '李锋勤']"
SEO,000657,000657,2024,nan,"['杜高强', '李锋勤', '李光']"
SEO,000659,000659,2010,nan,"['肖峰', '秦洁']"
SEO,000662,000662,2006,nan,"['梁烽', '桑涛']"
SEO,000662,000662,2015,nan,"['陈松波', '周香萍']"
SEO,000663,000663,2015,nan,"['张云鹤', '李灵辉']"
SEO,000666,000666,2011,nan,"['匡敏', '周福东']"
SEO,000667,000667,2006,nan,"['管云鸿', '黄晓晖', '黄训全', '李志林', '宋锦阳']"
SEO,000669,000669,2010,nan,"['曹斌', '孟祥春', '刘海山', '程军']"
SEO,000669,000669,2013,nan,"['刘海山', '郑飞']"
SEO,000671,000671,2013,nan,"['邱秋星', '孟翠香']"
SEO,000671,000671,2015,nan,"['邱秋星', '孟翠香']"
SEO,000672,000672,2012,nan,"['李力', '陈翔', '刘雪松', '黄清双']"
SEO,000673,000673,2014,nan,"['陈立新', '朱劲松', '王玉才', '霍永升']"
SEO,000676,000676,2015,nan,"['荣健', '李萌']"
SEO,000678,000678,2011,nan,"['覃丽君', '吴萍']"
SEO,000678,000678,2014,nan,"['覃丽君', '吴萍', '叶忠辉']"
SEO,000680,000680,2012,nan,"['何政', '钟本庆']"
SEO,000680,000680,2020,nan,"['钟本庆', '张利法']"
SEO,000681,000681,2014,nan,"['汪吉军', '乔国刚', '王亚彬']"
SEO,000683,000683,2007,nan,"['韩勇', '李耀堂']"
SEO,000683,000683,2013,nan,"['韩勇', '徐宇清']"
SEO,000683,000683,2015,nan,"['韩勇', '李伟', '徐宇清']"
SEO,000685,000685,2014,nan,"['陈昭', '刘远帅']"
SEO,000686,000686,2012,nan,"['朱洪山', '富强']"
SEO,000687,000687,2010,nan,"['邱靖之', '甄志杰', '匡敏']"
SEO,000688,000688,2012,nan,"['罗建平', '黄志芬', '张天福', '侯雪峰']"
SEO,000690,000690,2006,nan,"['陈善武', '胡毅']"
SEO,000690,000690,2015,nan,"['胡毅', '肖丽娟', '叶立萍']"
SEO,000697,000697,2010,nan,"['万奇见', '雷军锋']"
SEO,000697,000697,2013,nan,"['翟晓敏', '张龙华']"
SEO,000697,000697,2017,nan,"['翟晓敏', '张龙华']"
SEO,000697,000697,2023,nan,"['陈洪涛', '常晓波', '张龙华']"
SEO,000698,000698,2006,nan,"['张克东', '李漪', '梁兵']"
SEO,000698,000698,2013,nan,"['李雪梅', '兰波']"
SEO,000700,000700,2014,nan,"['武勇', '夏正曙']"
SEO,000700,000700,2017,nan,"['夏正曙', '武勇', '朱红芬', '柏荣甲']"
SEO,000701,000701,2013,nan,"['葛晓萍', '陈振瑞']"
SEO,000701,000701,2015,nan,"['林娜萍', '韩磊']"
SEO,000701,000701,2020,nan,"['韩磊', '颜惠钟']"
SEO,000701,000701,2022,nan,"['韩磊', '邱初自', '袁刚', '王亚彬', '史恺鑫']"
SEO,000702,000702,2022,nan,"['李永利', '田冬青']"
SEO,000703,000703,2014,nan,"['刘洪跃', '孙冬梅']"
SEO,000703,000703,2015,nan,"['刘洪跃', '王志伟']"
SEO,000705,000705,2011,nan,"['黄元喜', '柯月香']"
SEO,000707,000707,2023,nan,"['王明璀', '何嘉']"
SEO,000708,000708,2019,nan,"['王斌', '李彦华']"
SEO,000709,000709,2008,nan,"['齐正华', '杨海龙', '李杰']"
SEO,000710,000710,2016,nan,"['丁琛', '李媛', '郑卫军', '梁志刚']"
SEO,000711,000711,2016,nan,"['张萱', '张菁']"
SEO,000711,000711,2017,nan,"['张萱', '周军', '庞荣芝']"
SEO,000711,000711,2018,nan,"['张萱', '陈秋霞']"
SEO,000712,000712,2011,nan,"['杜小强', '刘薇']"
SEO,000713,000713,2009,nan,"['李静', '刘力争']"
SEO,000713,000713,2018,nan,"['李静', '孟凡勇']"
SEO,000713,000713,2024,nan,"['索还锁', '吴冬冬']"
SEO,000716,000716,2012,nan,"['万从新', '马重飞']"
SEO,000716,000716,2014,nan,"['张静', '万从新']"
SEO,000717,000717,2012,nan,"['田志刚', '赵金义']"
SEO,000718,000718,2007,nan,"['郝素花', '高明来', '祁卫红', '高桂玲']"
SEO,000718,000718,2015,nan,"['祁卫红', '邓海伏']"
SEO,000719,000719,2010,nan,"['苏子轩', '冯宏志']"
SEO,000719,000719,2013,nan,"['张宏敏', '王猛', '党惠如', '马凤菊']"
SEO,000720,000720,2016,nan,"['王进', '马立成', '段奇', '辛庆辉']"
SEO,000721,000721,2012,nan,"['邱程红', '宋晓燕', '曹爱民']"
SEO,000721,000721,2020,nan,"['朱洪雄', '白晓', '袁蓉', '李娟红']"
SEO,000722,000722,2009,nan,"['贺焕华', '谢卫雄']"
SEO,000722,000722,2025,nan,"['郑生军', '邓梦婕']"
SEO,000723,000723,2013,nan,"['卜晓丽', '张燕飞']"
SEO,000723,000723,2020,nan,"['唐宗明', '刘影']"
SEO,000725,000725,2006,nan,"['陈蕊', '蔡晖']"
SEO,000725,000725,2007,nan,"['张欢', '杨明']"
SEO,000725,000725,2008,nan,"['张欢', '杨明', '王玉伟', '董琴', '崔岩', '张明祥']"
SEO,000725,000725,2009,nan,"['张欢', '杨明']"
SEO,000725,000725,2013,nan,"['苏星', '徐君祎']"
SEO,000725,000725,2021,nan,"['张欢', '柴婧', '刘婧媛']"
SEO,000727,000727,2014,nan,"['王传邦', '郑斐']"
SEO,000728,000728,2016,nan,"['朱颖', '王斌', '董舒', '张婕', '汪玉寿', '梁淼']"
SEO,000729,000729,2008,nan,"['苏金其', '任一优']"
SEO,000729,000729,2013,2013-05-21,"['曹阳', '王艳艳']"
SEO,000732,000732,2009,nan,"['楚三平', '凌运良', '蒋新红', '陈碧芸']"
SEO,000732,000732,2015,nan,"['凌运良', '楚三平']"
SEO,000733,000733,2013,nan,"['陈立新', '张玮']"
SEO,000733,000733,2017,nan,"['吕志', '信翠双']"
SEO,000733,000733,2022,nan,"['龚荣华', '苟一平']"
SEO,000735,000735,2014,nan,"['雷小玲', '吴建成', '卢剑', '李慧']"
SEO,000736,000736,2007,nan,"['刘宇科', '冯云惠']"
SEO,000736,000736,2023,nan,"['王静', '章芳']"
SEO,000737,000737,2020,nan,"['张军书', '翁芳娟', '辛文学', '张金华']"
SEO,000737,000737,2023,nan,"['石朝欣', '程咏梅']"
SEO,000738,000738,2013,nan,"['张锐', '刘文辉']"
SEO,000738,000738,2020,nan,"['魏云锋', '杨俭']"
SEO,000739,000739,2013,nan,"['卢雷', '孙涌']"
SEO,000739,000739,2015,nan,"['孙涌', '杨帅']"
SEO,000748,000748,2014,nan,"['康顺平', '钟炽兵']"
SEO,000750,000750,2014,nan,"['孔庆华', '杨成']"
SEO,000750,000750,2021,nan,"['洪锐明', '陈晓莹', '王基炜']"
SEO,000751,000751,2022,nan,"['李晓刚', '冯颖', '沙政宇']"
SEO,000753,000753,2014,nan,"['蒋新红', '黄玉润']"
SEO,000753,000753,2015,nan,"['蒋新红', '黄玉润']"
SEO,000755,000755,2006,nan,"['陈广清', '李喜民']"
SEO,000755,000755,2020,nan,"['朱志工', '苏小慧']"
SEO,000756,000756,2015,nan,"['阚京平', '潘素娇']"
SEO,000756,000756,2021,nan,"['阚京平', '潘素娇', '苑尚伟', '郝先经']"
SEO,000757,000757,2013,nan,"['何凌峰', '欧朝晖']"
SEO,000757,000757,2018,nan,"['胡志刚', '范荣']"
SEO,000757,000757,2018,nan,"['胡志刚', '范荣', '欧朝晖']"
SEO,000760,000760,2012,nan,"['姚庚春', '刘华']"
SEO,000761,000761,2015,nan,"['吴雪', '张辉策']"
SEO,000762,000762,2010,nan,"['何勇', '蒋红伍']"
SEO,000762,000762,2014,nan,"['郭东超', '李建府']"
SEO,000766,000766,2013,nan,"['韩波', '常明']"
SEO,000766,000766,2015,nan,"['刘昆', '常明', '周重揆', '王振宇']"
SEO,000766,000766,2015,nan,"['常明', '刘昆', '周重揆', '王振宇', '魏标文', '邹颖']"
SEO,000767,000767,2006,nan,"['林文忠', '李秀卿']"
SEO,000767,000767,2011,nan,"['邢士军', '栾淼', '张广志', '梁双才', '耿凤滢']"
SEO,000767,000767,2012,nan,"['梁双才', '耿凤滢']"
SEO,000767,000767,2016,nan,"['范睿', '张卫东']"
SEO,000768,000768,2006,nan,"['黄丽琼', '任军强']"
SEO,000768,000768,2014,nan,"['安素强', '李岳军']"
SEO,000776,000776,2010,nan,"['胡小骏', '李小力']"
SEO,000777,000777,2009,nan,"['李晓英', '方志仁']"
SEO,000778,000778,2013,2013-11-19,"['张琦', '张勇', '花正红', '张旻逸', '黄迎']"
SEO,000778,000778,2015,nan,"['应建德', '薛淳琦', '王景波', '陈克选']"
SEO,000779,000779,2018,nan,"['李华杰', '李进']"
SEO,000779,000779,2022,nan,"['徐克美', '张年军']"
SEO,000780,000780,2006,nan,"['李洪', '李运周']"
SEO,000782,000782,2013,nan,"['申慧', '冯金刚']"
SEO,000782,000782,2023,nan,"['陈刚', '张劲', '江娟']"
SEO,000783,000783,2015,nan,"['余宝玉', '刘钧', '罗明国']"
SEO,000785,000785,2019,nan,"['罗占恩', '毕玮多']"
SEO,000785,000785,2020,nan,"['罗占恩', '毕玮多']"
SEO,000786,000786,2014,nan,"['文武兴', '莫伟']"
SEO,000786,000786,2015,nan,"['周百鸣', '莫伟']"
SEO,000789,000789,2007,nan,"['毛英莉', '詹铁军']"
SEO,000789,000789,2011,nan,"['舒佳敏', '冯丽娟']"
SEO,000791,000791,2014,nan,"['李宗义', '张有全']"
SEO,000791,000791,2022,nan,"['张有全', '李积庆', '程端世', '高铭']"
SEO,000791,000791,2024,nan,"['张有全', '李积庆']"
SEO,000792,000792,2014,nan,"['仲成贵', '江波']"
SEO,000793,000793,2013,nan,"['谢晖', '褚伟晋']"
SEO,000793,000793,2014,nan,"['高敏', '谢晖']"
SEO,000795,000795,2012,nan,"['王晖', '王伦刚', '王钦顺']"
SEO,000795,000795,2015,nan,"['王伦刚', '刘增明']"
SEO,000796,000796,2015,nan,"['罗军', '崔迎', '吴建成', '张正峰', '雷小玲']"
SEO,000798,000798,2021,nan,"['冯建江', '闫振华']"
SEO,000799,000799,2010,nan,"['李毅', '金戈']"
SEO,000800,000800,2019,nan,"['张富根', '梁志刚', '董建忠', '王桂香']"
SEO,000800,000800,2023,nan,"['奚大伟', '吴松林', '杨东敏']"
SEO,000801,000801,2011,nan,"['罗建平', '赵红梅']"
SEO,000801,000801,2014,nan,"['陈刚', '宋勇', '贺军', '赵红梅']"
SEO,000802,000802,2010,nan,"['韩秋科', '李献忠']"
SEO,000802,000802,2014,nan,"['朱耀军', '宿雷阳']"
SEO,000803,000803,2020,nan,"['马传军', '张海啸']"
SEO,000806,000806,2014,nan,"['陈志', '盛浩娟', '张乾明', '司马湘卿']"
SEO,000807,000807,2009,nan,"['王著琴', '魏勇']"
SEO,000807,000807,2014,nan,"['魏勇', '李云虹', '朱法欢']"
SEO,000807,000807,2015,nan,"['王婷', '朱叙明', '李甜']"
SEO,000807,000807,2018,nan,"['朱叙明', '李航', '钟洪权']"
SEO,000807,000807,2020,nan,"['李燕玉', '梁欣']"
SEO,000810,000810,2013,nan,"['申军', '唐文中', '李秉心', '张媛媛', '杨敏', '钟彦']"
SEO,000810,000810,2016,nan,"['李秉心', '张媛媛']"
SEO,000811,000811,2015,nan,"['胡鸣', '沈文圣', '董鹏宇']"
SEO,000812,000812,2016,nan,"['刘洛', '徐大为']"
SEO,000813,000813,2015,nan,"['周海涛', '赵学斌']"
SEO,000815,000815,2013,nan,"['李长照', '王志勇']"
SEO,000816,000816,2013,nan,"['张坚', '党小安']"
SEO,000819,000819,2022,nan,"['袁雄', '罗伟', '贺妩妍']"
SEO,000820,000820,2015,nan,"['密惠红', '赵鹏翔']"
SEO,000821,000821,2014,nan,"['王晓清', '张远学']"
SEO,000821,000821,2017,nan,"['张远学', '李光初', '王晓清']"
SEO,000821,000821,2020,nan,"['王晓清', '张远学']"
SEO,000823,000823,2007,nan,"['陈迅', '陈莹']"
SEO,000823,000823,2013,nan,"['俞俊雄', '吴瑞玲']"
SEO,000826,000826,2016,nan,"['胡涛', '丁红远', '王萍']"
SEO,000829,000829,2007,nan,"['何小明', '张云鹤']"
SEO,000829,000829,2017,nan,"['朱中伟', '李志光', '苏晓峰']"
SEO,000830,000830,2006,nan,"['路清', '宋广信']"
SEO,000830,000830,2009,nan,"['王贡勇', '王在安']"
SEO,000830,000830,2020,nan,"['王贡勇', '张秀芹']"
SEO,000831,000831,2012,nan,"['王忻', '陈刚', '陈晓强', '赵永峰']"
SEO,000831,000831,2012,nan,"['王忻', '陈刚']"
SEO,000831,000831,2022,nan,"['解小雨', '赵优']"
SEO,000833,000833,2014,nan,"['卢茂桉', '龚静伟']"
SEO,000835,000835,2014,nan,"['邢士军', '栾淼']"
SEO,000836,000836,2007,nan,"['李志林', '宋锦阳']"
SEO,000836,000836,2014,nan,"['黄秀娟', '王善文']"
SEO,000837,000837,2013,nan,"['王铁军', '邱程红']"
SEO,000837,000837,2020,nan,"['杜敏', '白燕萍']"
SEO,000837,000837,2022,nan,"['邱程红', '白燕萍']"
SEO,000838,000838,2013,nan,"['李夕甫', '谢芳']"
SEO,000839,000839,2006,nan,"['纪梅', '钱斌']"
SEO,000851,000851,2006,nan,"['付丽君', '李俊雄', '季丰', '马宁']"
SEO,000851,000851,2011,nan,"['徐宏轩', '古小荣']"
SEO,000851,000851,2015,nan,"['郭健', '王晓燕']"
SEO,000851,000851,2020,nan,"['曾云', '孙君亮']"
SEO,000852,000852,2014,nan,"['马健', '张亚许']"
SEO,000852,000852,2021,nan,"['朱晓东', '唐旻']"
SEO,000858,000858,2015,nan,"['陈更生', '刘均']"
SEO,000859,000859,2013,nan,"['周学民', '王军']"
SEO,000859,000859,2020,nan,"['张居忠', '文冬梅', '代敏']"
SEO,000860,000860,2007,nan,"['吴亦忻', '张恩军']"
SEO,000860,000860,2013,nan,"['张恩军', '卜晓丽']"
SEO,000861,000861,2007,nan,"['王翼初', '谢岷']"
SEO,000861,000861,2013,nan,"['胡毅', '叶民']"
SEO,000862,000862,2013,nan,"['李耀忠', '梁建勋']"
SEO,000862,000862,2015,nan,"['李耀忠', '何燕']"
SEO,000862,000862,2023,nan,"['毕玮多', '陈颖']"
SEO,000863,000863,2013,nan,"['叶慧', '郭守俊']"
SEO,000863,000863,2015,nan,"['叶慧', '郭海龙']"
SEO,000868,000868,2007,nan,"['潘峰', '翟大发']"
SEO,000868,000868,2017,nan,"['李生敏', '廖传宝', '王书彦']"
SEO,000868,000868,2022,nan,"['李生敏', '何善泉', '何翔']"
SEO,000875,000875,2007,nan,"['杨晓辉', '梁双才', '杨晓辉', '梁双才', '曲怀国', '郭枫']"
SEO,000875,000875,2012,nan,"['梁双才', '闫万孝']"
SEO,000875,000875,2015,nan,"['刘志红', '赵升昕']"
SEO,000875,000875,2020,nan,"['杨益明', '杨果']"
SEO,000875,000875,2022,nan,"['田志刚', '汪文锋', '刘臻']"
SEO,000876,000876,2010,nan,"['徐家敏', '周丕平', '王映国', '徐世欣', '彭少侠']"
SEO,000876,000876,2013,nan,"['徐家敏', '王映国', '周丕平']"
SEO,000876,000876,2016,nan,"['周丕平', '徐家敏']"
SEO,000876,000876,2020,nan,"['李武林', '周丕平', '徐家敏', '伍丹']"
SEO,000877,000877,2009,nan,"['詹军', '郑志刚']"
SEO,000877,000877,2016,nan,"['张建祖', '马艳']"
SEO,000877,000877,2020,nan,"['王欣', '闫欢', '莫伟', '袁刚', '周睿', '张宏亮', '申军', '唐文中', '向芳芸', '程凯']"
SEO,000877,000877,2020,nan,"['王欣', '闫欢', '莫伟', '袁刚', '周睿', '张宏亮', '申军', '唐文中', '向芳芸', '程凯', '谭学']"
SEO,000878,000878,2010,nan,"['赵继平', '王晶', '华强', '张兴玉', '鲍琼', '李恒']"
SEO,000878,000878,2016,nan,"['李雪琴', '陈智']"
SEO,000878,000878,2021,nan,"['李雪琴', '陈智', '张志阳']"
SEO,000878,000878,2025,nan,"['鲍琼', '李政']"
SEO,000878,000878,2025,nan,"['鲍琼', '李政', '魏思睿']"
SEO,000881,000881,2015,nan,"['宋连作', '张宇力', '丁景东', '齐钢强']"
SEO,000882,000882,2008,nan,"['童登书', '吕中明']"
SEO,000882,000882,2010,nan,"['童登书', '吕中明']"
SEO,000882,000882,2013,nan,"['李惠琦', '吕中明']"
SEO,000882,000882,2015,nan,"['梁卫丽', '高楠']"
SEO,000883,000883,2009,nan,"['何文', '柴德平', '索保国', '张文娟']"
SEO,000883,000883,2011,nan,"['索保国', '张文娟']"
SEO,000883,000883,2015,nan,"['徐敏', '吕炳哲', '郝丽江', '沈彦波']"
SEO,000883,000883,2024,nan,"['李洪勇', '陈刚', '郝丽江', '高世茂', '王晓飞']"
SEO,000885,000885,2008,nan,"['曹爱民', '赵琰']"
SEO,000885,000885,2013,nan,"['张李萍', '赵琰']"
SEO,000885,000885,2015,nan,"['范金池', '王小蕾']"
SEO,000887,000887,2007,nan,"['方长顺', '占铁华']"
SEO,000887,000887,2015,nan,"['黄亚琼', '占铁华', '熊明峰']"
SEO,000888,000888,2012,nan,"['罗建平', '谢宇春', '贺军', '陈芳芳']"
SEO,000889,000889,2012,nan,"['李尊农', '戚桂旺', '聂捷慧', '王青']"
SEO,000889,000889,2014,nan,"['张婕', '朱艳', '聂捷慧', '王青']"
SEO,000889,000889,2017,nan,"['褚诗炜', '汪玉寿', '倪士明']"
SEO,000890,000890,2020,nan,"['沈岩', '钟海涛', '华可天', '付敏敏']"
SEO,000892,000892,2015,nan,"['张凯', '赵兴明']"
SEO,000892,000892,2015,nan,"['邹志文', '贾俊伟', '张凯', '赵兴明']"
SEO,000893,000893,2011,nan,"['杨文蔚', '刘火旺']"
SEO,000893,000893,2014,nan,"['翟小民', '颜明伟', '刘火旺', '岑嘉文', '杨文蔚', '俞健业']"
SEO,000895,000895,2010,nan,"['童传江', '郑群', '王勇', '冯光辉']"
SEO,000895,000895,2019,nan,"['侯捷', '张明益', '刘扬', '童丹丹']"
SEO,000895,000895,2020,nan,"['侯捷', '童丹丹']"
SEO,000897,000897,2006,nan,"['张克理', '刘军']"
SEO,000899,000899,2015,nan,"['廖屹峰', '谢书敏']"
SEO,000901,000901,2008,nan,"['李素英', '段奇']"
SEO,000901,000901,2016,nan,"['袁刚山', '韩仰']"
SEO,000902,000902,2013,nan,"['匡敏', '王忠箴', '王进', '李志军']"
SEO,000902,000902,2014,nan,"['王进', '李志军']"
SEO,000903,000903,2014,nan,"['韦军', '方自维', '包月仙']"
SEO,000903,000903,2015,nan,"['徐毅', '韦军']"
SEO,000903,000903,2017,nan,"['徐毅', '韦军', '杨帆']"
SEO,000905,000905,2019,nan,"['谢培仁', '裴素平']"
SEO,000905,000905,2021,nan,"['谢培仁', '陈昭新', '黄宝燕', '裴素平']"
SEO,000905,000905,2025,nan,"['谢培仁', '裴素平', '胡高升']"
SEO,000906,000906,2009,nan,"['李永利', '刘绍秋']"
SEO,000906,000906,2014,nan,"['祝宗善', '杨胤']"
SEO,000908,000908,2013,nan,"['刘智清', '李晓阳', '曾春卫', '张再鸿', '王晓明']"
SEO,000908,000908,2013,nan,"['张再鸿', '王晓明']"
SEO,000909,000909,2016,nan,"['杨端平', '李虹']"
SEO,000909,000909,2020,nan,"['杨端平', '李虹', '任成', '洪伟', '赵安琪', '汪倩羽']"
SEO,000909,000909,2020,nan,"['杨端平', '李虹', '任成', '洪伟']"
SEO,000910,000910,2006,nan,"['伍敏', '郑欢成']"
SEO,000911,000911,2007,nan,"['郭益浩', '廖元珍']"
SEO,000911,000911,2014,nan,"['郭益浩', '陈伟玲', '印碧辉', '魏国光']"
SEO,000911,000911,2021,nan,"['刘业美', '刘珈岐']"
SEO,000913,000913,2022,nan,"['宋长发', '吴文竞']"
SEO,000917,000917,2012,nan,"['曹国强', '贺梦然']"
SEO,000919,000919,2023,nan,"['陈莉', '魏春霞', '魏钰栋']"
SEO,000920,000920,2021,nan,"['刘绍秋', '谢东良', '李相繁', '张琼']"
SEO,000922,000922,2010,nan,"['张力', '黄清双', '刘耀辉', '邱俊洲']"
SEO,000922,000922,2014,nan,"['张晓义', '黄灿']"
SEO,000922,000922,2024,nan,"['高翔君', '宋广利']"
SEO,000923,000923,2016,nan,"['谈朝晖', '李佳辰', '袁志云', '赵鹏']"
SEO,000925,000925,2008,nan,"['翁伟', '王福康', '刘秀']"
SEO,000925,000925,2010,nan,"['翁伟', '罗训超']"
SEO,000925,000925,2014,nan,"['翁伟', '陈剑威']"
SEO,000925,000925,2016,nan,"['罗训超', '陈剑威']"
SEO,000925,000925,2022,nan,"['任成', '徐剑锋']"
SEO,000926,000926,2015,nan,"['金鑫', '李炜']"
SEO,000926,000926,2022,nan,"['刘定超', '吴玉妹']"
SEO,000927,000927,2019,nan,"['郭健', '王晓燕', '杨志', '李春旭']"
SEO,000928,000928,2015,nan,"['王秀萍', '谭建敏']"
SEO,000930,000930,2018,nan,"['解小雨', '刘佳']"
SEO,000931,000931,2015,nan,"['吴新民', '吴朝晖', '王娟', '钱斌']"
SEO,000932,000932,2007,nan,"['徐海峰', '徐敏', '周重揆', '曹国强', '李永利', '杨贵鹏', '刘海山']"
SEO,000932,000932,2008,nan,"['徐海峰', '徐敏', '张书易', '刘智清', '陈剑帮']"
SEO,000932,000932,2018,nan,"['贺焕华', '李新葵', '刘钢跃', '郑生军', '周毅']"
SEO,000933,000933,2018,nan,"['李继新', '陆俊']"
SEO,000935,000935,2008,nan,"['李渭华', '金晓月']"
SEO,000935,000935,2013,nan,"['许丽周', '彭金勇']"
SEO,000936,000936,2014,nan,"['骆竞', '王艳艳']"
SEO,000937,000937,2013,nan,"['龙传喜', '古精华']"
SEO,000938,000938,2015,nan,"['王广鹏', '马建茹']"
SEO,000939,000939,2007,nan,"['谢峰', '杨红青']"
SEO,000939,000939,2014,nan,"['汤家俊', '廖利华', '曾科峰']"
SEO,000939,000939,2015,nan,"['王郁', '彭翔', '汤家俊']"
SEO,000948,000948,2007,nan,"['赵起高', '李知好']"
SEO,000948,000948,2012,nan,"['李玉', '刘婷']"
SEO,000948,000948,2019,nan,"['杨漫辉', '雷小兵']"
SEO,000949,000949,2009,nan,"['吴保娅', '邹品爱']"
SEO,000949,000949,2013,nan,"['范金池', '张美玲']"
SEO,000949,000949,2015,nan,"['范金池', '张美玲']"
SEO,000949,000949,2020,nan,"['孟庆超', '张美玲']"
SEO,000949,000949,2022,nan,"['张美玲', '杜卫']"
SEO,000950,000950,2006,nan,"['张凯', '倪意']"
SEO,000950,000950,2009,nan,"['张凯', '赵兴明']"
SEO,000950,000950,2016,nan,"['唐湘衡', '杜宝蓬', '黄巧梅', '倪意']"
SEO,000951,000951,2020,nan,"['张毅强', '滕腾', '邓锡麟', '仲之越', '钱进', '印嘉炜']"
SEO,000952,000952,2019,nan,"['索保国', '曾祥辉']"
SEO,000953,000953,2019,nan,"['李秀华', '张宝岩']"
SEO,000955,000955,2010,nan,"['谭道义', '刘欢', '刘泽波', '刘欢']"
SEO,000957,000957,2014,nan,"['郝先经', '张秀芹']"
SEO,000958,000958,2013,nan,"['朱海武', '师玉春', '梁双才', '耿凤滢']"
SEO,000958,000958,2015,nan,"['马传军', '白西敏', '吴军']"
SEO,000958,000958,2019,nan,"['王雪霏', '段文志', '倪军', '张蕾']"
SEO,000958,000958,2024,nan,"['禹正凡', '刘绍辉', '张帆', '郭敦']"
SEO,000958,000958,2024,nan,"['张帆', '郭敦', '禹正凡', '刘绍辉', '林逸怀']"
SEO,000959,000959,2011,nan,"['王娟', '钱斌']"
SEO,000959,000959,2020,nan,"['钱斌', '郁奇可', '李丹']"
SEO,000959,000959,2021,nan,"['钱斌', '刘一维']"
SEO,000960,000960,2011,nan,"['李恒', '魏勇']"
SEO,000960,000960,2014,nan,"['鲍琼', '杜辉']"
SEO,000960,000960,2016,nan,"['李玉', '黄军']"
SEO,000961,000961,2015,nan,"['万方全', '王健鹏', '王晶', '赵玥']"
SEO,000962,000962,2022,nan,"['崔明', '李云英', '朱珉东', '刘国辉', '司建军', '赵小刚']"
SEO,000962,000962,2025,nan,"['朱珉东', '李云英', '谭学', '武亮']"
SEO,000963,000963,2015,nan,"['王福康', '胡燕华']"
SEO,000965,000965,2008,nan,"['唐洪广', '张萱']"
SEO,000965,000965,2013,nan,"['张萱', '林国伟', '刘小凌', '周军']"
SEO,000966,000966,2007,nan,"['闫丙旗', '李吉忠']"
SEO,000966,000966,2020,nan,"['闫丙旗', '杜高强']"
SEO,000966,000966,2023,nan,"['李洪勇', '陈刚', '高艳丽', '霍华东']"
SEO,000967,000967,2013,nan,"['孙文军', '边珊姗']"
SEO,000967,000967,2015,nan,"['边珊姗', '孙文军']"
SEO,000967,000967,2016,nan,"['孙文军', '陈芳']"
SEO,000967,000967,2018,nan,"['孙文军', '陈芳']"
SEO,000968,000968,2016,nan,"['张新发', '董新明', '王庆治', '刘燃']"
SEO,000969,000969,2006,nan,"['苏汉强', '黄丽琼']"
SEO,000970,000970,2011,nan,"['曹阳', '徐晓东']"
SEO,000971,000971,2015,nan,"['谢中文', '张秋莉', '王郁', '汤家俊']"
SEO,000971,000971,2015,nan,"['孙晓伟', '邓伟杰', '汤家俊', '汤甜甜']"
SEO,000971,000971,2017,nan,"['汤家俊', '汪紫玲']"
SEO,000972,000972,2009,nan,"['马波涛', '黄刚']"
SEO,000973,000973,2013,nan,"['王韶华', '郭小军']"
SEO,000973,000973,2024,nan,"['郭小军', '樊朝娴']"
SEO,000975,000975,2012,nan,"['王双印', '田野', '常伟']"
SEO,000975,000975,2016,nan,"['李鸿志', '许永乔']"
SEO,000976,000976,2015,nan,"['张晓义', '高德惠']"
SEO,000977,000977,2013,nan,"['王晓楠', '孔令芹', '徐士诚']"
SEO,000977,000977,2015,nan,"['王晓楠', '徐士诚']"
SEO,000978,000978,2009,nan,"['李炜', '雷超']"
SEO,000978,000978,2020,nan,"['陈菁佩', '刘娇娜']"
SEO,000979,000979,2013,nan,"['马章松', '杨文志']"
SEO,000979,000979,2015,nan,"['马章松', '杨文志', '邹泉水', '陈浩']"
SEO,000980,000980,2007,nan,"['何本英', '李永忠', '张良文']"
SEO,000980,000980,2012,nan,"['朱宗瑞', '廖传宝', '李生敏']"
SEO,000981,000981,2009,nan,"['董群先', '姜韬']"
SEO,000981,000981,2016,nan,"['黄元喜', '宋鑫', '章磊', '王润']"
SEO,000981,000981,2017,nan,"['卢娅萍', '王润', '施其林']"
SEO,000982,000982,2010,nan,"['司建军', '常瑛']"
SEO,000982,000982,2013,nan,"['司建军', '常瑛']"
SEO,000983,000983,2021,nan,"['高飞', '杨凤勤']"
SEO,000987,000987,2014,nan,"['陈小鸰', '安霞']"
SEO,000988,000988,2010,nan,"['刘钧', '黎波']"
SEO,000989,000989,2015,nan,"['肖桂莲', '陈谋林', '孙建伟', '李永利', '黄源源']"
SEO,000990,000990,2007,nan,"['涂卫兵', '龚勤红']"
SEO,000990,000990,2008,nan,"['涂卫兵', '龚勤红']"
SEO,000990,000990,2013,nan,"['王力飞', '赵添波']"
SEO,000990,000990,2015,nan,"['张艳红', '颜新才']"
SEO,000993,000993,2016,nan,"['李建彬', '王文献']"
SEO,000997,000997,2009,nan,"['胡素萍', '姚斌星', '江辉']"
SEO,000997,000997,2016,nan,"['胡素萍', '江宗智']"
SEO,000998,000998,2013,nan,"['李第扩', '李剑']"
SEO,000998,000998,2014,nan,"['李第扩', '李剑']"
SEO,000998,000998,2018,nan,"['魏五军', '姜丰丰']"
SEO,000998,000998,2024,nan,"['张恩学', '赵娇', '欧阳小玲']"
SEO,001201,001201,2022,nan,"['关文源', '冼宏飞', '李旭佳']"
SEO,001207,001207,2023,nan,"['李景伟', '陈奎']"
SEO,001207,001207,2025,nan,"['张建', '夏晓薇']"
SEO,001208,001208,2023,nan,"['李新葵', '邓梦婕']"
SEO,001215,001215,2023,nan,"['王立新', '顾俊梅', '韦梦兰', '高天福']"
SEO,001216,001216,2025,nan,"['郑生军', '周融']"
SEO,001255,001255,2025,nan,"['鲁军芳', '张滨滨']"
SEO,001267,001267,2021,nan,"['肖峰', '刘卫民']"
SEO,001309,001309,2023,nan,"['杨春盛', '李斌', '何海文']"
SEO,001696,001696,2007,nan,"['陈宗英', '冯渊']"
SEO,001696,001696,2011,nan,"['李武林', '刘均', '陈宗英']"
SEO,001872,001872,2021,nan,"['许湘照', '李渭华', '皮德函']"
SEO,001896,001896,2009,nan,"['郑春芳', '李继新', '张富根']"
SEO,001896,001896,2014,nan,"['郑春芳', '李继新']"
SEO,001896,001896,2015,nan,"['李继新', '李娜', '范文红', '方艳丽', '郭明光']"
SEO,001896,001896,2020,nan,"['李继新', '王怡', '方艳丽']"
SEO,001979,001979,2015,nan,"['郭晋龙', '夏斌']"
SEO,001979,001979,2022,nan,"['吴汪斌', '顾嵛平', '彭金勇']"
SEO,002001,002001,2009,nan,"['王国海', '张小利']"
SEO,002001,002001,2016,nan,"['廖屹峰', '滕培彬', '余芳芳']"
SEO,002002,002002,2012,nan,"['狄香雨', '万方全']"
SEO,002002,002002,2013,nan,"['狄香雨', '万方全']"
SEO,002002,002002,2014,nan,"['狄香雨', '万方全']"
SEO,002002,002002,2016,nan,"['王敏康', '裴灿']"
SEO,002003,002003,2006,nan,"['吕苏阳', '葛徐']"
SEO,002003,002003,2015,nan,"['缪志坚', '江娟']"
SEO,002003,002003,2022,nan,"['江娟', '朱小雪']"
SEO,002004,002004,2012,nan,"['徐家敏', '刘小平']"
SEO,002004,002004,2015,nan,"['李武林', '赵勇军']"
SEO,002005,002005,2009,nan,"['牛文娇', '王建新', '李则华']"
SEO,002005,002005,2011,nan,"['杜小强', '黄志伟']"
SEO,002005,002005,2012,nan,"['杜小强', '黄志伟']"
SEO,002005,002005,2016,nan,"['杜小强', '张海兵']"
SEO,002006,002006,2010,nan,"['赵海荣', '闾力华', '朱国刚']"
SEO,002006,002006,2023,nan,"['闾力华', '李达']"
SEO,002007,002007,2007,nan,"['胡丽娟', '宋广志']"
SEO,002008,002008,2006,nan,"['殷建民', '田景亮']"
SEO,002009,002009,2011,nan,"['金顺兴', '李振华']"
SEO,002009,002009,2015,nan,"['夏正曙', '柏荣甲']"
SEO,002009,002009,2023,nan,"['邓华明', '马露露', '李振华', '李哲']"
SEO,002010,002010,2009,nan,"['陈亚萍', '缪志坚', '金国华']"
SEO,002011,002011,2007,nan,"['马静', '张建华']"
SEO,002011,002011,2008,nan,"['涂振连', '张建华']"
SEO,002011,002011,2010,nan,"['曹小勤', '姚斌星']"
SEO,002011,002011,2015,nan,"['曹小勤', '姜留奎']"
SEO,002011,002011,2021,nan,"['曹小勤', '方丽芳']"
SEO,002012,002012,2010,nan,"['胡建军', '王建甫', '蒋舒媚']"
SEO,002013,002013,2006,nan,"['张金才', '朱昆山']"
SEO,002013,002013,2014,nan,"['杨益明', '洪权']"
SEO,002014,002014,2011,nan,"['朱宗瑞', '廖传宝', '高平']"
SEO,002014,002014,2015,nan,"['廖传宝', '高平']"
SEO,002015,002015,2009,nan,"['金章罗', '王翔']"
SEO,002015,002015,2018,nan,"['马建萍', '连隆棣']"
SEO,002015,002015,2021,nan,"['马建萍', '连隆棣']"
SEO,002016,002016,2007,nan,"['程银春', '李韩冰']"
SEO,002016,002016,2014,nan,"['李韩冰', '王明丽']"
SEO,002018,002018,2006,nan,"['方长顺', '张婕', '翟大发']"
SEO,002018,002018,2012,nan,"['方长顺', '翟大发']"
SEO,002019,002019,2013,nan,"['何晖', '孟佳生']"
SEO,002019,002019,2016,nan,"['刘海山', '郑飞', '丁彭凯']"
SEO,002020,002020,2011,nan,"['刘泽波', '沈芸']"
SEO,002020,002020,2013,nan,"['李进华', '田培群']"
SEO,002020,002020,2015,nan,"['刘泽波', '余广林']"
SEO,002020,002020,2016,nan,"['刘泽波', '唐晓瑜']"
SEO,002020,002020,2020,nan,"['李进华', '刘泽波', '唐晓瑜', '李文龙']"
SEO,002021,002021,2012,nan,"['孙冰', '张涛']"
SEO,002022,002022,2014,nan,"['周琪', '钱骁玲']"
SEO,002023,002023,2009,nan,"['罗东先', '刘瑜']"
SEO,002023,002023,2012,nan,"['罗东先', '刘瑜']"
SEO,002023,002023,2015,nan,"['宋朝学', '李丽']"
SEO,002024,002024,2006,nan,"['郭澳', '林捷']"
SEO,002024,002024,2007,nan,"['柯镇洪', '邓锡麟', '余瑞玉', '郭澳']"
SEO,002024,002024,2009,nan,"['柯镇洪', '邓锡麟']"
SEO,002024,002024,2015,nan,"['钱进', '郑怡㛃', '邓锡麟']"
SEO,002025,002025,2006,nan,"['李可贞', '王琴珠']"
SEO,002025,002025,2021,nan,"['申军', '赵本刚']"
SEO,002026,002026,2013,nan,"['常晓波', '薛永东']"
SEO,002026,002026,2015,nan,"['常晓波', '陈川宏']"
SEO,002026,002026,2020,nan,"['邵小军', '薛永东']"
SEO,002027,002027,2015,nan,"['姚辉', '程月敏', '娄伊静', '吴震', '黄志业']"
SEO,002028,002028,2006,nan,"['庄祎蓓', '熊丽萍']"
SEO,002029,002029,2011,nan,"['陈航晖', '林文锋']"
SEO,002031,002031,2013,nan,"['俞俊雄', '吴瑞玲', '范学军', '高丽']"
SEO,002032,002032,2006,nan,"['朱大为', '沈晓霞']"
SEO,002033,002033,2009,nan,"['张为', '伏兴祥']"
SEO,002033,002033,2010,nan,"['徐毅', '黄萍']"
SEO,002033,002033,2012,nan,"['管云鸿', '徐毅']"
SEO,002034,002034,2015,nan,"['沈培强', '崔文正']"
SEO,002034,002034,2016,nan,"['沈培强', '戚铁桥']"
SEO,002036,002036,2015,nan,"['罗国芳', '胡俊杰', '毛英莉', '丁莉']"
SEO,002036,002036,2020,nan,"['丁莉', '张玲娜', '周益平']"
SEO,002037,002037,2010,nan,"['杨雄', '江山']"
SEO,002037,002037,2018,nan,"['黄小丁', '李春玉']"
SEO,002039,002039,2010,nan,"['刘经进', '张帆']"
SEO,002040,002040,2016,nan,"['汪超', '方小红']"
SEO,002042,002042,2010,nan,"['刘耀辉', '刘高科']"
SEO,002042,002042,2015,nan,"['刘高科', '张晓义']"
SEO,002042,002042,2020,nan,"['邱俊洲', '陈磊']"
SEO,002043,002043,2010,nan,"['贾川', '俞佳楠']"
SEO,002043,002043,2015,nan,"['贾川', '徐晓峰']"
SEO,002043,002043,2021,nan,"['俞佳南', '徐晓峰', '许安平', '潘世玉', '蔡季']"
SEO,002044,002044,2015,nan,"['陈荣芳', '宗泽', '谢卉', '卢广林']"
SEO,002044,002044,2015,nan,"['谢卉', '卢广林']"
SEO,002044,002044,2018,nan,"['毛宝军', '谢卉']"
SEO,002045,002045,2009,nan,"['曾华光', '陈耘涛']"
SEO,002045,002045,2017,nan,"['王斌', '麦展鹏']"
SEO,002045,002045,2023,nan,"['杨林', '常怡', '王玮']"
SEO,002046,002046,2014,nan,"['吴雪', '赵立卿']"
SEO,002046,002046,2022,nan,"['杨海固', '郭毅辉', '林辉钦', '王启盛', '王宜省']"
SEO,002047,002047,2013,nan,"['李细辉', '周关', '赵雷', '崔岩']"
SEO,002047,002047,2013,nan,"['李细辉', '周关']"
SEO,002047,002047,2016,nan,"['殷建民', '郑立红']"
SEO,002047,002047,2020,nan,"['张朝铖', '刘国平', '何英武']"
SEO,002048,002048,2006,nan,"['蒋晓东', '卢娅萍']"
SEO,002048,002048,2009,nan,"['施其林', '卢娅萍', '董奇涵']"
SEO,002048,002048,2016,nan,"['卢娅萍', '唐彬彬']"
SEO,002048,002048,2021,nan,"['施其林', '唐彬彬', '刘梦曦', '沈筱敏']"
SEO,002049,002049,2006,nan,"['谭红旭', '曹俊']"
SEO,002049,002049,2012,nan,"['傅映红', '杨轶辉']"
SEO,002050,002050,2007,nan,"['翁伟', '罗训超']"
SEO,002050,002050,2010,nan,"['吕苏阳', '翁伟', '罗训超']"
SEO,002050,002050,2015,nan,"['吕苏阳', '罗训超', '陈达华']"
SEO,002050,002050,2017,nan,"['孔令江', '刘中尽', '罗训超', '欧阳小云']"
SEO,002051,002051,2009,nan,"['李旭冬', '张亚磊']"
SEO,002051,002051,2012,nan,"['张承军', '杨卫国']"
SEO,002051,002051,2018,nan,"['杨卫国', '李洪仪']"
SEO,002052,002052,2009,nan,"['管盛春', '桑涛']"
SEO,002052,002052,2013,nan,"['李泽浩', '周香萍']"
SEO,002053,002053,2014,nan,"['刘蓉晖', '方自维']"
SEO,002053,002053,2017,nan,"['鲍琼', '赵光枣']"
SEO,002053,002053,2022,nan,"['韦军', '杨帆']"
SEO,002054,002054,2020,nan,"['廖朝理', '陈莹', '唐玲', '严杰']"
SEO,002055,002055,2010,nan,"['邹品爱', '韦文惠', '姚国勇']"
SEO,002055,002055,2014,nan,"['梅月欣', '李丹', '李海林']"
SEO,002055,002055,2016,nan,"['黄跃森', '周敏']"
SEO,002055,002055,2020,nan,"['何晶晶', '周敏', '刘雪明', '肖玲']"
SEO,002057,002057,2011,nan,"['丁勇', '鲍中友']"
SEO,002057,002057,2020,nan,"['邹吉丰', '刘军']"
SEO,002059,002059,2013,nan,"['李雪琴', '王蔚']"
SEO,002059,002059,2014,nan,"['李雪琴', '王蔚']"
SEO,002059,002059,2018,nan,"['汤其美', '刘剑华', '张为', '杨文华']"
SEO,002060,002060,2010,nan,"['巩启春', '朱文岳']"
SEO,002060,002060,2022,nan,"['方建新', '朱文岳']"
SEO,002061,002061,2011,nan,"['傅芳芳', '李德勇', '陈中江']"
SEO,002061,002061,2015,nan,"['李德勇', '金闻', '费方华']"
SEO,002061,002061,2017,nan,"['施其林', '王润', '李德勇', '金闻']"
SEO,002062,002062,2007,nan,"['王曙晖', '杨涟']"
SEO,002062,002062,2023,nan,"['罗东风', '余永正']"
SEO,002063,002063,2016,nan,"['王淑燕', '张芳', '樊文景']"
SEO,002064,002064,2013,nan,"['沈建林', '朱伟', '张建新', '杨金晓']"
SEO,002064,002064,2019,nan,"['张建新', '胡君仙', '孙敏', '王晓康']"
SEO,002064,002064,2019,nan,"['张建新', '胡君仙']"
SEO,002064,002064,2021,nan,"['朱伟', '杨金晓']"
SEO,002065,002065,2013,nan,"['胡毅', '肖丽娟']"
SEO,002065,002065,2014,nan,"['胡毅', '肖丽娟']"
SEO,002065,002065,2020,nan,"['叶立萍', '邢博晖']"
SEO,002066,002066,2008,nan,"['陈星辉', '胡小黑']"
SEO,002067,002067,2007,2007-10-30,"['汪阳', '兰佳']"
SEO,002067,002067,2010,nan,"['傅芳芳', '严善明']"
SEO,002068,002068,2010,nan,"['龚勤红', '贾士林']"
SEO,002068,002068,2016,nan,"['李国平', '胡平']"
SEO,002069,002069,2009,nan,"['董群先', '姜韬']"
SEO,002070,002070,2009,nan,"['刘延东', '陈碧芸']"
SEO,002073,002073,2008,nan,"['徐红伟', '张鹏飞']"
SEO,002073,002073,2014,nan,"['董洪军', '杨宝萱', '牟敦潭', '丁兆栋']"
SEO,002073,002073,2015,nan,"['牟敦潭', '丁兆栋']"
SEO,002074,002074,2020,nan,"['林雷', '张冀', '周徐春', '黄晓冬']"
SEO,002075,002075,2008,nan,"['虞丽新', '孙伟']"
SEO,002076,002076,2014,nan,"['方建新', '李轶芳']"
SEO,002076,002076,2017,nan,"['何萍辉', '李轶芳']"
SEO,002077,002077,2013,nan,"['龚新海', '潘华', '沙曙东']"
SEO,002077,002077,2015,nan,"['龚新海', '沙曙东']"
SEO,002078,002078,2012,nan,"['江涛', '刘景英']"
SEO,002078,002078,2013,nan,"['王传顺', '江涛']"
SEO,002079,002079,2011,nan,"['翟小民', '王恺']"
SEO,002079,002079,2020,nan,"['朱育勤', '王恺']"
SEO,002079,002079,2024,nan,"['江强', '刘煦']"
SEO,002080,002080,2009,nan,"['王勇', '许志扬', '叶金福', '滕忠诚']"
SEO,002080,002080,2015,nan,"['树新', '田娟']"
SEO,002081,002081,2010,nan,"['李友菊', '宋文', '罗周彬']"
SEO,002082,002082,2018,nan,"['叶喜撑', '王俊', '章方杰']"
SEO,002084,002084,2014,nan,"['谢军', '黎仕民']"
SEO,002084,002084,2016,nan,"['谢军', '黎仕民']"
SEO,002085,002085,2015,nan,"['谈朝晖', '许颖', '吴江', '郭文令', '彭远卓']"
SEO,002086,002086,2007,nan,"['张为金', '杨锡刚']"
SEO,002086,002086,2015,nan,"['杨锡刚', '李祥波']"
SEO,002086,002086,2017,nan,"['杨锡刚', '李祥波']"
SEO,002087,002087,2009,nan,"['党惠如', '秦喜胜']"
SEO,002087,002087,2014,nan,"['崔玉强', '宋新军']"
SEO,002089,002089,2012,nan,"['李友菊', '朱祖龙', '齐利平']"
SEO,002090,002090,2014,nan,"['汤加全', '金炜', '杨林']"
SEO,002091,002091,2015,nan,"['郑晓东', '施丹华']"
SEO,002091,002091,2015,nan,"['郑晓东', '施丹华', '金琦']"
SEO,002092,002092,2009,nan,"['张秀梅', '陈吉先']"
SEO,002092,002092,2012,nan,"['陈吉先', '赵齐元']"
SEO,002092,002092,2015,nan,"['匡小尝', '范建平']"
SEO,002092,002092,2017,nan,"['范建平', '马文俊']"
SEO,002093,002093,2010,nan,"['刘延东', '殷雪芳']"
SEO,002093,002093,2015,nan,"['胡素萍', '李春梅']"
SEO,002094,002094,2015,nan,"['牟敦潭', '兰翠云', '张洪超']"
SEO,002096,002096,2021,nan,"['张琼', '张子贺', '刘智清', '周曼']"
SEO,002097,002097,2011,nan,"['金益平', '梁筱芳', '陈志', '周红宇', '邓建华']"
SEO,002097,002097,2015,nan,"['梁筱芳', '周红宇']"
SEO,002098,002098,2015,nan,"['陈航晖', '林海']"
SEO,002100,002100,2009,nan,"['王侠', '曹爱民']"
SEO,002100,002100,2011,nan,"['范敏华', '王侠']"
SEO,002100,002100,2014,nan,"['范敏华', '唐志荣']"
SEO,002100,002100,2020,nan,"['唐志荣', '韩斌']"
SEO,002101,002101,2010,nan,"['熊永忠', '何国铨']"
SEO,002101,002101,2012,nan,"['杨文蔚', '张静璃']"
SEO,002101,002101,2016,nan,"['何国铨', '徐如杰']"
SEO,002101,002101,2022,nan,"['王兵', '江超杰', '宋锦锋']"
SEO,002102,002102,2016,nan,"['杨海龙', '许洪磊', '牛良文', '岑溯鹏']"
SEO,002103,002103,2014,nan,"['葛徐', '吴懿忻']"
SEO,002106,002106,2011,nan,"['朱子武', '丁伟萍']"
SEO,002107,002107,2008,nan,"['杜业勤', '杨锡刚', '钟读新', '张艳艳']"
SEO,002108,002108,2008,nan,"['祁卫红', '高桂玲']"
SEO,002108,002108,2011,nan,"['祁卫红', '刘新培']"
SEO,002108,002108,2014,nan,"['高桂玲', '刘新培']"
SEO,002108,002108,2016,nan,"['杜丽艳', '冯春燕']"
SEO,002108,002108,2021,nan,"['贾志博', '史佳']"
SEO,002109,002109,2015,nan,"['王铁军', '邱程红', '张福建', '窦维维']"
SEO,002109,002109,2020,nan,"['杜敏', '温重勋']"
SEO,002110,002110,2015,nan,"['林宏华', '江福源']"
SEO,002111,002111,2009,nan,"['徐世欣', '尹淑英']"
SEO,002111,002111,2014,nan,"['徐世欣', '尹淑英', '王洪德', '吕建幕']"
SEO,002111,002111,2015,nan,"['徐世欣', '杨勇', '尹淑英']"
SEO,002112,002112,2024,nan,"['向晓三', '许红瑾']"
SEO,002113,002113,2015,nan,"['邓建华', '蒋元', '陈志', '刘媛梅']"
SEO,002113,002113,2017,nan,"['吴淳', '蒋元']"
SEO,002114,002114,2013,nan,"['鲍琼', '胡相宁']"
SEO,002114,002114,2015,nan,"['鲍琼', '丁恒花']"
SEO,002115,002115,2010,nan,"['赵海荣', '傅晶晶']"
SEO,002115,002115,2017,nan,"['赵海荣', '卜刚军', '金晨希', '印碧辉', '陈志国']"
SEO,002115,002115,2020,nan,"['金晨希', '周小民', '卜刚军', '张斌']"
SEO,002116,002116,2022,nan,"['苗策', '董建忠']"
SEO,002118,002118,2010,nan,"['刘昆', '张忠伟']"
SEO,002118,002118,2014,nan,"['支力', '韩波', '刘昆', '常明']"
SEO,002119,002119,2011,nan,"['施其林', '章磊']"
SEO,002120,002120,2016,nan,"['黄元喜', '杨静静', '吴传刚', '方伟']"
SEO,002120,002120,2017,nan,"['吴传刚', '方伟', '程端世', '黄特']"
SEO,002121,002121,2009,nan,"['高德惠', '杨熹']"
SEO,002121,002121,2014,nan,"['杨熹', '张朝铖']"
SEO,002121,002121,2015,nan,"['张兴', '张朝铖']"
SEO,002121,002121,2022,nan,"['张朝铖', '郑涵']"
SEO,002122,002122,2008,nan,"['钟建国', '孙文军', '徐晋波']"
SEO,002123,002123,2009,nan,"['朱伟峰', '金顺兴']"
SEO,002123,002123,2015,nan,"['朱伟峰', '许治平']"
SEO,002124,002124,2013,nan,"['张居忠', '文冬梅', '周春阳']"
SEO,002124,002124,2016,nan,"['张居忠', '周春阳']"
SEO,002124,002124,2019,nan,"['张辰', '周学民', '周春阳']"
SEO,002124,002124,2022,nan,"['张居忠', '张辰', '季善芹']"
SEO,002125,002125,2009,nan,"['李永利', '刘建清']"
SEO,002125,002125,2014,nan,"['李剑', '赵娇']"
SEO,002125,002125,2015,nan,"['李剑', '赵娇']"
SEO,002125,002125,2018,nan,"['魏五军', '雷兵', '赵娇', '李剑', '刘彩林']"
SEO,002126,002126,2011,nan,"['沈利刚', '凌燕']"
SEO,002126,002126,2014,nan,"['郭宪明', '程洪祯', '沈利刚', '凌燕', '陈磊']"
SEO,002127,002127,2009,nan,"['肖厚发', '朱祖龙']"
SEO,002127,002127,2015,nan,"['张全心', '孔令莉']"
SEO,002127,002127,2016,nan,"['方长顺', '鲍灵姬', '孔令莉']"
SEO,002128,002128,2013,nan,"['刑士军', '张广志', '唐义书', '程晓琨']"
SEO,002128,002128,2017,nan,"['张弘弢', '陈敬波', '钟炽兵', '肖小军']"
SEO,002128,002128,2022,nan,"['孟红兵', '张力', '史金']"
SEO,002128,002128,2025,nan,"['孟红兵', '蔡新春', '史金']"
SEO,002129,002129,2007,nan,"['郑凯斌', '陈利诚']"
SEO,002129,002129,2012,nan,"['尹琳', '丁琛']"
SEO,002129,002129,2013,nan,"['梁雪萍', '张学兵']"
SEO,002129,002129,2016,nan,"['陈利诚', '徐彬', '闫丙旗', '李锋勤', '丁琛', '张学兵']"
SEO,002129,002129,2019,nan,"['丁琛', '李媛', '张学兵']"
SEO,002129,002129,2021,nan,"['丁琛', '李媛']"
SEO,002130,002130,2015,nan,"['张翎', '李敏民']"
SEO,002131,002131,2012,nan,"['沃巍勇', '陈彩琴']"
SEO,002131,002131,2014,nan,"['沃巍勇', '罗联玬']"
SEO,002131,002131,2015,nan,"['沃巍勇', '罗联玬']"
SEO,002132,002132,2009,nan,"['吴保娅', '邹品爱', '覃业庆']"
SEO,002132,002132,2015,nan,"['范文红', '孔相礼']"
SEO,002132,002132,2020,nan,"['秦霞', '钟萍']"
SEO,002133,002133,2013,nan,"['凌燕', '沈利刚']"
SEO,002135,002135,2010,nan,"['傅芳芳', '李德勇']"
SEO,002135,002135,2015,nan,"['李德勇', '金闻']"
SEO,002135,002135,2016,nan,"['李德勇', '金闻', '梁志勇']"
SEO,002135,002135,2020,nan,"['金闻', '吴建枫']"
SEO,002136,002136,2010,nan,"['朱宗瑞', '张良文', '黄亚琼', '何本英', '卢珍']"
SEO,002137,002137,2012,nan,"['杨熹', '张兴']"
SEO,002137,002137,2015,nan,"['安霞', '何华峰']"
SEO,002138,002138,2013,nan,"['王艳宾', '谢军']"
SEO,002138,002138,2016,nan,"['王艳宾', '聂勇']"
SEO,002139,002139,2014,nan,"['李细辉', '崔永强']"
SEO,002139,002139,2015,nan,"['李细辉', '崔永强']"
SEO,002140,002140,2021,nan,"['郭顺玺', '张家辉']"
SEO,002141,002141,2014,nan,"['丘鸿', '朱辉']"
SEO,002142,002142,2009,nan,"['严盛炜', '张路', '戴定毅', '康吉言', '童冰薇']"
SEO,002142,002142,2014,nan,"['严盛炜', '陈胜']"
SEO,002142,002142,2014,nan,"['严盛炜', '郭杭翔', '陈胜']"
SEO,002142,002142,2016,nan,"['郭杭翔', '陈胜', '刘大禄']"
SEO,002142,002142,2017,nan,"['严盛炜', '刘大禄', '郭杭翔', '陈胜']"
SEO,002144,002144,2009,nan,"['刘小虎', '干群']"
SEO,002144,002144,2012,nan,"['施其林', '章磊']"
SEO,002145,002145,2012,nan,"['徐秉惠', '牟宇红', '李亚望']"
SEO,002145,002145,2012,nan,"['徐秉惠', '李亚望']"
SEO,002145,002145,2013,nan,"['徐秉惠', '李亚望']"
SEO,002145,002145,2014,nan,"['常晓波', '李亚望']"
SEO,002145,002145,2020,nan,"['徐秉惠', '白西敏']"
SEO,002145,002145,2021,nan,"['王首一', '李瑜']"
SEO,002146,002146,2009,nan,"['裘小燕', '胡志刚']"
SEO,002146,002146,2015,nan,"['何凌峰', '范荣']"
SEO,002147,002147,2010,nan,"['姚国勇', '林勇']"
SEO,002148,002148,2013,nan,"['李力', '陈翔']"
SEO,002149,002149,2008,nan,"['黄丽琼', '任军强']"
SEO,002149,002149,2015,nan,"['邱程红', '杜敏']"
SEO,002149,002149,2020,nan,"['王铁军', '付英英']"
SEO,002150,002150,2016,nan,"['孙冰', '范翃']"
SEO,002151,002151,2014,nan,"['叶金福', '包铁军', '滕忠诚', '岳宗磊', '李峰']"
SEO,002151,002151,2015,nan,"['叶金福', '李峰', '滕忠诚']"
SEO,002151,002151,2019,nan,"['滕忠诚', '叶金福', '杨七虎']"
SEO,002151,002151,2022,nan,"['滕忠诚', '叶金福', '杨七虎', '刘格娟']"
SEO,002152,002152,2015,nan,"['王建民', '蔡洁瑜']"
SEO,002152,002152,2020,nan,"['王建民', '滕海军']"
SEO,002153,002153,2014,nan,"['杨红青', '王涛']"
SEO,002154,002154,2021,nan,"['蔡畅', '王昌功', '陶凌雪']"
SEO,002155,002155,2013,nan,"['刘智清', '周睿']"
SEO,002155,002155,2016,nan,"['傅成钢', '周睿', '王虎']"
SEO,002156,002156,2014,nan,"['梁卫丽', '吕中明']"
SEO,002156,002156,2016,nan,"['梁卫丽', '刘永学']"
SEO,002156,002156,2020,nan,"['童登书', '刘永学', '刘均山']"
SEO,002156,002156,2021,nan,"['刘均山', '陈晶晶']"
SEO,002157,002157,2009,nan,"['李国平', '舒佳敏']"
SEO,002157,002157,2013,nan,"['汪鹏', '李国平']"
SEO,002157,002157,2015,nan,"['丁莉', '毛英莉']"
SEO,002157,002157,2016,nan,"['丁莉', '毛英莉']"
SEO,002157,002157,2018,nan,"['毛英莉', '帅亮']"
SEO,002157,002157,2020,nan,"['丁莉', '毛英莉', '帅亮']"
SEO,002158,002158,2014,nan,"['李东昕', '边俊豪']"
SEO,002159,002159,2013,nan,"['杨红青', '彭燕']"
SEO,002159,002159,2020,nan,"['杨红清', '王涛', '刘定超', '吴玉妹']"
SEO,002160,002160,2014,nan,"['翟小民', '朱育勤', '陈蕾', '戴祺']"
SEO,002160,002160,2014,nan,"['翟小民', '戴祺']"
SEO,002160,002160,2015,nan,"['翟小民', '戴祺']"
SEO,002160,002160,2018,nan,"['牛良文', '吴付涛']"
SEO,002160,002160,2018,nan,"['杨力生', '戴祺', '牛良文', '吴付涛']"
SEO,002160,002160,2021,nan,"['钱志昂', '邹敏', '潘贇杰']"
SEO,002161,002161,2010,nan,"['郝世明', '吴萃柿']"
SEO,002162,002162,2012,nan,"['詹军', '王亮', '唐炫']"
SEO,002162,002162,2020,nan,"['唐炫', '罗来荣']"
SEO,002163,002163,2009,nan,"['廖晓鸿', '汤其美']"
SEO,002163,002163,2021,nan,"['卢剑', '肖凌琳', '罗芸', '丁兆鑫']"
SEO,002164,002164,2009,nan,"['朱伟', '张建新']"
SEO,002165,002165,2010,nan,"['林捷', '王伟庆']"
SEO,002165,002165,2015,nan,"['骆竞', '王伟庆']"
SEO,002165,002165,2020,nan,"['孙伟', '王伟庆', '吕丛平']"
SEO,002166,002166,2014,nan,"['岑敬', '刘业美']"
SEO,002166,002166,2020,nan,"['岑敬', '何宇']"
SEO,002167,002167,2008,nan,"['王旭彬', '熊永忠']"
SEO,002167,002167,2010,nan,"['熊永忠', '王旭彬']"
SEO,002167,002167,2020,nan,"['刘华忠', '江山', '张睿睿']"
SEO,002168,002168,2010,nan,"['高敏', '康跃华']"
SEO,002169,002169,2009,nan,"['蒋洪峰', '姚静']"
SEO,002169,002169,2015,nan,"['姚静', '李文庆']"
SEO,002170,002170,2014,nan,"['方建新', '陈瑜星']"
SEO,002170,002170,2015,nan,"['方建新', '陈瑜星']"
SEO,002170,002170,2022,nan,"['徐大为', '李领军']"
SEO,002171,002171,2013,nan,"['张良文', '刘磊']"
SEO,002171,002171,2015,nan,"['杨军', '张灿杰', '张良文', '刘磊']"
SEO,002171,002171,2016,nan,"['张良文', '郁向军', '刘磊']"
SEO,002171,002171,2018,nan,"['廖传宝', '李生敏', '陈莲']"
SEO,002171,002171,2018,nan,"['廖传宝', '李生敏', '陈莲', '张良文', '崔芳林']"
SEO,002172,002172,2010,nan,"['沈岩', '华可天']"
SEO,002172,002172,2015,nan,"['沈岩', '钟海涛']"
SEO,002172,002172,2016,nan,"['朱海平', '林闻俊']"
SEO,002173,002173,2015,nan,"['沈利刚', '李勇平']"
SEO,002174,002174,2013,nan,"['王肖鸣', '沈任波', '王丹旌', '郑先弘', '赵勇']"
SEO,002174,002174,2015,nan,"['叶慧', '郭海龙']"
SEO,002174,002174,2016,nan,"['连向阳', '叶辉']"
SEO,002175,002175,2011,nan,"['刘毅', '岑敬']"
SEO,002175,002175,2013,nan,"['傅虹', '刘毅', '沈芳', '马长松']"
SEO,002175,002175,2014,nan,"['傅虹', '刘毅']"
SEO,002176,002176,2010,nan,"['周益平', '刘勇']"
SEO,002176,002176,2013,nan,"['周益平', '熊绍保']"
SEO,002176,002176,2015,nan,"['熊绍保', '丁莉']"
SEO,002176,002176,2016,nan,"['周益平', '管丁才']"
SEO,002177,002177,2009,nan,"['张锦坤', '何妙红', '漆江燕']"
SEO,002178,002178,2012,nan,"['李友菊', '俞国徽']"
SEO,002178,002178,2015,nan,"['李靖豪', '叶慧', '张全心', '俞国徽', '周文亮']"
SEO,002179,002179,2012,nan,"['陈俊', '张天福', '张颖', '姜静']"
SEO,002179,002179,2021,nan,"['王重娟', '孙有航', '龙娇', '欧阳鹏']"
SEO,002180,002180,2014,nan,"['杨文蔚', '杨诗学', '杜小强', '刘薇']"
SEO,002180,002180,2015,nan,"['杜小强', '刘薇']"
SEO,002180,002180,2015,nan,"['杜小强', '黄志伟', '廖慕桃']"
SEO,002180,002180,2020,nan,"['黄志伟', '廖慕桃', '张之祥', '庞安然', '王耀华', '刘秋兰']"
SEO,002180,002180,2020,nan,"['杜小强', '张之祥', '廖慕桃', '叶宽']"
SEO,002182,002182,2014,nan,"['孙伟', '吕丛平', '任华贵', '乔久华']"
SEO,002182,002182,2022,nan,"['汪军', '苏寒天']"
SEO,002183,002183,2012,nan,"['杨劼', '刘基强']"
SEO,002183,002183,2014,nan,"['杨劼', '张洪富']"
SEO,002183,002183,2020,nan,"['杨劼', '陈良']"
SEO,002184,002184,2015,nan,"['何和平', '汪静华', '赵蓉']"
SEO,002185,002185,2015,nan,"['杨轶辉', '王权生', '刘志文', '宫岩']"
SEO,002185,002185,2021,nan,"['宫岩', '魏兴花']"
SEO,002186,002186,2013,nan,"['奚大伟', '李杰']"
SEO,002187,002187,2009,nan,"['王翼初', '谢岷']"
SEO,002187,002187,2010,nan,"['王翼初', '徐聃']"
SEO,002187,002187,2020,nan,"['龚静伟', '赵亮']"
SEO,002187,002187,2020,nan,"['龚静伟', '赵亮', '韩振平']"
SEO,002188,002188,2015,nan,"['任成', '杨端平']"
SEO,002188,002188,2021,nan,"['俞德昌', '王帆帆', '陈凌燕']"
SEO,002189,002189,2018,nan,"['汪吉军', '崔懰', '许培梅', '张震']"
SEO,002190,002190,2010,nan,"['潘帅', '龙娇']"
SEO,002190,002190,2016,nan,"['郝国敏', '侯书涛']"
SEO,002191,002191,2016,nan,"['印碧辉', '荣矾']"
SEO,002192,002192,2014,nan,"['何华峰', '安霞']"
SEO,002193,002193,2015,nan,"['童冰薇', '陈俭']"
SEO,002194,002194,2015,nan,"['黄静', '王波琴']"
SEO,002195,002195,2014,nan,"['郑斌', '范翃']"
SEO,002195,002195,2015,nan,"['郑斌', '范翃']"
SEO,002196,002196,2012,nan,"['闾力华', '陈勃']"
SEO,002196,002196,2014,nan,"['赵海荣', '章伟杰']"
SEO,002196,002196,2015,nan,"['赵海荣', '陈勃']"
SEO,002196,002196,2017,nan,"['周小民', '陈勃']"
SEO,002197,002197,2011,nan,"['胡春元', '周俊祥']"
SEO,002197,002197,2015,nan,"['肖逸', '龙哲']"
SEO,002197,002197,2020,nan,"['李志光', '陈丽敏', '李建航']"
SEO,002198,002198,2013,nan,"['谢晖', '褚伟晋', '陈琼', '钟宇']"
SEO,002199,002199,2010,nan,"['朱伟', '魏琴', '沈利刚']"
SEO,002199,002199,2013,nan,"['沈利刚', '姚丽强']"
SEO,002200,002200,2013,nan,"['方自维', '刘蓉晖']"
SEO,002201,002201,2014,nan,"['朱育勤', '鲍列仑']"
SEO,002202,002202,2014,nan,"['张宁宁', '王宁', '王静', '章晓亮']"
SEO,002203,002203,2014,nan,"['钟永和', '张静娟', '陈立新', '李玉川']"
SEO,002203,002203,2017,nan,"['郭安静', '李赟莘']"
SEO,002204,002204,2011,nan,"['董群先', '姜韬']"
SEO,002205,002205,2010,nan,"['胡勇', '张吉文']"
SEO,002206,002206,2010,nan,"['陈翔', '沈维华', '沃巍勇', '俞佳南']"
SEO,002206,002206,2015,nan,"['王越豪', '陈翔', '沃巍勇', '周晨', '罗联玬']"
SEO,002207,002207,2012,nan,"['张松柏', '郭斌']"
SEO,002207,002207,2019,nan,"['张松柏', '王法亮']"
SEO,002208,002208,2019,nan,"['卢珍', '王旭', '杨和龙']"
SEO,002210,002210,2014,nan,"['高敏', '康跃华']"
SEO,002211,002211,2009,nan,"['张彩斌', '朱佑敏']"
SEO,002212,002212,2010,nan,"['洪文伟', '蒋洪峰']"
SEO,002212,002212,2016,nan,"['韩建旻', '沈彦波', '洪文伟', '郭小军']"
SEO,002213,002213,2022,nan,"['周俊祥', '张燕燕']"
SEO,002214,002214,2013,nan,"['钟建国', '张芹', '方国华']"
SEO,002214,002214,2020,nan,"['张芹', '林琦']"
SEO,002215,002215,2009,nan,"['张燕', '于颖']"
SEO,002215,002215,2020,nan,"['王海第', '赖敦宏']"
SEO,002217,002217,2016,nan,"['王燕', '胡乃忠']"
SEO,002218,002218,2010,nan,"['徐海宁', '王敏']"
SEO,002218,002218,2014,nan,"['王广旭', '王敏']"
SEO,002218,002218,2020,nan,"['温安林', '周铁华']"
SEO,002219,002219,2014,nan,"['秦宝', '张海英']"
SEO,002220,002220,2010,nan,"['魏永祯', '王昊']"
SEO,002220,002220,2014,nan,"['曹云锋', '刘日平']"
SEO,002221,002221,2011,nan,"['许剑辉', '姜亦民', '沈金海']"
SEO,002221,002221,2013,nan,"['苗强华', '乔久华', '詹从才', '阙宝勇']"
SEO,002221,002221,2015,nan,"['于龙斌', '杨伯民']"
SEO,002223,002223,2009,nan,"['詹军', '叶胜平']"
SEO,002223,002223,2015,nan,"['詹军', '严卫']"
SEO,002224,002224,2012,nan,"['朱伟', '汪雄飞']"
SEO,002224,002224,2022,nan,"['文冬梅', '丁康康', '俞伟英', '陈仕国', '李莎']"
SEO,002225,002225,2013,nan,"['张宏敏', '王猛']"
SEO,002225,002225,2014,nan,"['张宏敏', '王猛']"
SEO,002225,002225,2018,nan,"['孔建波', '宋伟杰']"
SEO,002226,002226,2015,nan,"['何晖', '曾玉红', '毛伟']"
SEO,002226,002226,2017,nan,"['莫新平', '罗爱君', '何晖', '黄庆文']"
SEO,002226,002226,2020,nan,"['向芳芸', '王勇', '杨建']"
SEO,002227,002227,2020,nan,"['张朝铖', '刘国平', '郑涵']"
SEO,002228,002228,2009,nan,"['杨贵鹏', '于长江']"
SEO,002228,002228,2014,nan,"['刘海山', '于长江']"
SEO,002228,002228,2016,nan,"['于长江', '郑飞']"
SEO,002229,002229,2010,nan,"['林庆瑜', '邓伟']"
SEO,002229,002229,2015,nan,"['林新田', '邓伟']"
SEO,002230,002230,2012,nan,"['张良文', '郁向军', '胡乃鹏']"
SEO,002230,002230,2015,nan,"['张良文', '郁向军', '万文娟']"
SEO,002230,002230,2016,nan,"['张良文', '郁向军', '万文娟']"
SEO,002230,002230,2018,nan,"['黄亚琼', '姚贝']"
SEO,002230,002230,2021,nan,"['张良文', '姚贝', '刘涛']"
SEO,002230,002230,2025,nan,"['高平', '张亚琼', '吕战男']"
SEO,002233,002233,2016,nan,"['巫扬华', '彭炼钢']"
SEO,002234,002234,2011,nan,"['陈长振', '李俊霞', '冯芸', '刘光玺']"
SEO,002234,002234,2020,nan,"['赵恒勤', '刘珍珍']"
SEO,002235,002235,2015,nan,"['丘运良', '龙湖川']"
SEO,002236,002236,2011,nan,"['朱伟', '钟建栋', '李惠丰']"
SEO,002236,002236,2021,nan,"['钟建栋', '杜娜', '张俊慧']"
SEO,002237,002237,2010,nan,"['迟慰', '王丽敏', '刘学伟']"
SEO,002237,002237,2020,nan,"['迟慰', '刘阿彬']"
SEO,002239,002239,2015,nan,"['张宇', '封磊', '谭红梅']"
SEO,002239,002239,2020,nan,"['汪娟', '王巍', '靳军', '刘孟']"
SEO,002239,002239,2025,nan,"['王洪博', '孙洁']"
SEO,002240,002240,2016,nan,"['王旭彬', '张腾', '管盛春', '洪霞']"
SEO,002240,002240,2019,nan,"['赵国平', '黄键仁']"
SEO,002240,002240,2020,nan,"['李朝鸿', '夏红胜', '陈链武', '梁家堂', '熊永忠', '王旭彬', '张腾']"
SEO,002240,002240,2022,nan,"['李朝鸿', '夏红胜']"
SEO,002241,002241,2009,nan,"['杜业勤', '张艳艳']"
SEO,002243,002243,2012,nan,"['陈葆华', '刘吉良']"
SEO,002243,002243,2018,nan,"['周珊珊', '程纯']"
SEO,002244,002244,2015,nan,"['向晓三', '蒋舒媚']"
SEO,002245,002245,2013,nan,"['马静', '樊冬']"
SEO,002245,002245,2021,nan,"['曹小勤', '沈文伟']"
SEO,002246,002246,2011,nan,"['彭军', '张富根']"
SEO,002246,002246,2016,nan,"['张富根', '徐伟东']"
SEO,002247,002247,2011,nan,"['葛徐', '吴懿忻', '王明伟']"
SEO,002247,002247,2015,nan,"['欧昌献', '刘迪']"
SEO,002248,002248,2013,nan,"['路清', '张秀芹']"
SEO,002249,002249,2013,nan,"['王建新', '潘传云']"
SEO,002249,002249,2015,nan,"['沈维华', '卢建波', '郭晋龙', '潘传云']"
SEO,002250,002250,2015,nan,"['林伟', '毛佳敏']"
SEO,002251,002251,2012,nan,"['李永利', '魏五军']"
SEO,002251,002251,2014,nan,"['王广旭', '张媛媛']"
SEO,002251,002251,2015,nan,"['李剑', '赵娇']"
SEO,002252,002252,2013,nan,"['张燕', '龚晨艳', '郭伟', '郭惠']"
SEO,002252,002252,2013,nan,"['张燕', '龚晨艳']"
SEO,002252,002252,2014,nan,"['张燕', '龚晨艳']"
SEO,002252,002252,2018,nan,"['苏星', '颜丽', '徐晓明']"
SEO,002253,002253,2015,nan,"['李敏', '王小敏']"
SEO,002254,002254,2019,nan,"['陈刚', '宋勇']"
SEO,002254,002254,2019,nan,"['陈刚', '宋勇', '钟旭东', '杨建敏']"
SEO,002254,002254,2021,nan,"['王广鹏', '苑楠', '梁志刚', '苗丽静']"
SEO,002255,002255,2009,nan,"['沈岩', '李建']"
SEO,002255,002255,2017,nan,"['赵丽红', '石华必']"
SEO,002256,002256,2015,nan,"['支梓', '彭晓慧']"
SEO,002259,002259,2014,nan,"['袁广明', '周平']"
SEO,002261,002261,2014,nan,"['任一优', '陈海霞', '宋崇岭']"
SEO,002261,002261,2015,nan,"['任一优', '陈海霞']"
SEO,002261,002261,2020,nan,"['梁轶男', '刘勇']"
SEO,002262,002262,2014,nan,"['肖菲', '张宇']"
SEO,002263,002263,2009,nan,"['杨建平', '刘义']"
SEO,002263,002263,2011,nan,"['杨建平', '吴成航']"
SEO,002263,002263,2014,nan,"['吴成航', '包平荣']"
SEO,002264,002264,2015,nan,"['陈祖珍', '王巧萍']"
SEO,002264,002264,2021,nan,"['陈祖珍', '骆建新']"
SEO,002265,002265,2015,nan,"['杨雄', '冯雪']"
SEO,002265,002265,2021,nan,"['张文雪', '张震']"
SEO,002266,002266,2011,nan,"['程志刚', '倪国君', '何林飞']"
SEO,002266,002266,2013,nan,"['程志刚', '倪国君', '何林飞']"
SEO,002266,002266,2019,nan,"['倪国君', '何林飞', '胡友邻']"
SEO,002267,002267,2013,nan,"['王少植', '王伟雄']"
SEO,002268,002268,2013,nan,"['杨敏', '钟彦']"
SEO,002268,002268,2016,nan,"['杨敏', '苏红梅']"
SEO,002270,002270,2015,nan,"['唐国骏', '蒋承毅', '王贡勇', '唐守东']"
SEO,002270,002270,2021,nan,"['路清', '陈成彪']"
SEO,002271,002271,2013,nan,"['江永辉', '宋崇玲', '梁轶男']"
SEO,002271,002271,2020,nan,"['梁轶男', '任一优', '罗祥强']"
SEO,002272,002272,2009,nan,"['王全洲', '傅映红']"
SEO,002272,002272,2011,nan,"['谭红旭', '叶飞']"
SEO,002272,002272,2023,nan,"['谭哲', '侯璟怡']"
SEO,002273,002273,2011,nan,"['沈维华', '陈志维']"
SEO,002273,002273,2013,nan,"['沈维华', '陈志维']"
SEO,002273,002273,2014,nan,"['沈维华', '沃巍勇', '陈志维']"
SEO,002273,002273,2020,nan,"['陈志维', '伍贤春']"
SEO,002274,002274,2012,nan,"['张彩斌', '邓明勇', '滕飞']"
SEO,002274,002274,2014,nan,"['刘勇', '滕飞']"
SEO,002276,002276,2012,nan,"['罗玉成', '叶胜平']"
SEO,002276,002276,2016,nan,"['罗玉成', '刘向荣']"
SEO,002277,002277,2015,nan,"['陈志', '蒋元', '刘媛梅']"
SEO,002278,002278,2025,nan,"['李宁', '刘琼', '宋龙']"
SEO,002279,002279,2014,nan,"['陈勇波', '牛国庆']"
SEO,002280,002280,2014,nan,"['廖家河', '丛存', '闾力华', '李士龙']"
SEO,002280,002280,2015,nan,"['廖家河', '丛存']"
SEO,002281,002281,2012,nan,"['张嘉', '聂照枝']"
SEO,002281,002281,2013,nan,"['张嘉', '高松林', '聂照枝']"
SEO,002281,002281,2018,nan,"['李洪勇', '汪平平']"
SEO,002281,002281,2021,nan,"['梁谦海', '袁庆']"
SEO,002281,002281,2025,nan,"['李炜', '刘朝霞']"
SEO,002282,002282,2017,nan,"['张国华', '崔静洁']"
SEO,002282,002282,2019,nan,"['石朝欣', '管仁梅']"
SEO,002283,002283,2010,nan,"['胡燕华', '董妍燕']"
SEO,002284,002284,2014,nan,"['陈亚萍', '毛莉']"
SEO,002285,002285,2014,nan,"['张伟坚', '潘传云']"
SEO,002286,002286,2012,nan,"['刘学伟', '姜峰']"
SEO,002288,002288,2011,nan,"['谢晖', '李斌华']"
SEO,002288,002288,2014,nan,"['高敏', '李斌华']"
SEO,002289,002289,2011,nan,"['杨熹', '张朝铖']"
SEO,002289,002289,2013,nan,"['屈先富', '韩雁光', '杨熹', '张朝铖']"
SEO,002290,002290,2015,nan,"['王静', '卢珍', '汤小龙']"
SEO,002291,002291,2014,nan,"['魏标文', '赵祖荣']"
SEO,002291,002291,2018,nan,"['何晓云', '李超']"
SEO,002291,002291,2018,nan,"['宁彬', '刘基强']"
SEO,002291,002291,2020,nan,"['段奇', '辛庆辉', '高晓普']"
SEO,002292,002292,2013,nan,"['熊永忠', '杨新春']"
SEO,002292,002292,2015,nan,"['熊永忠', '杨新春']"
SEO,002292,002292,2016,nan,"['熊永忠', '张凤波']"
SEO,002292,002292,2020,nan,"['杨新春', '张凤波']"
SEO,002293,002293,2016,nan,"['宋文', '汤铭']"
SEO,002294,002294,2020,nan,"['陈菁佩', '刘娇娜']"
SEO,002295,002295,2014,nan,"['王韶华', '陈丹燕']"
SEO,002296,002296,2012,nan,"['李斌', '黄志刚']"
SEO,002297,002297,2012,nan,"['刘智清', '李晓阳', '曾春卫']"
SEO,002297,002297,2014,nan,"['刘智清', '李晓阳', '曾春卫']"
SEO,002297,002297,2020,nan,"['刘智清', '曾春卫', '曾文文']"
SEO,002298,002298,2015,nan,"['吕勇军', '吴琳']"
SEO,002298,002298,2015,nan,"['李静', '吴琳', '吕勇军', '王海涛']"
SEO,002298,002298,2019,nan,"['吴琳', '高山']"
SEO,002299,002299,2010,nan,"['李仕谦', '叶钦华']"
SEO,002299,002299,2014,nan,"['李仕谦', '廖金辉']"
SEO,002299,002299,2017,nan,"['李仕谦', '杨海固']"
SEO,002301,002301,2016,nan,"['张翎', '李敏民', '张桂青']"
SEO,002301,002301,2018,nan,"['张翎', '汪玲']"
SEO,002302,002302,2012,nan,"['俞放虹', '李蒙']"
SEO,002302,002302,2015,nan,"['俞放虹', '林海艳']"
SEO,002303,002303,2015,nan,"['陈菁佩', '陈鹏']"
SEO,002305,002305,2015,nan,"['王传平', '聂照枝']"
SEO,002307,002307,2011,2011-07-06,"['沈楠', '曹爱民']"
SEO,002307,002307,2016,nan,"['杨学伟', '王侠']"
SEO,002307,002307,2019,nan,"['王侠', '杨学伟']"
SEO,002307,002307,2019,nan,"['王侠', '杨学伟', '杨树杰', '张欣琪']"
SEO,002307,002307,2023,nan,"['杨树杰', '骆虹宇']"
SEO,002308,002308,2016,nan,"['梁烽', '文爱凤']"
SEO,002309,002309,2012,nan,"['孙伟', '赵立文']"
SEO,002309,002309,2015,nan,"['骆竞', '吕丛平']"
SEO,002310,002310,2011,nan,"['廖家河', '李琪友']"
SEO,002310,002310,2015,nan,"['杨雄', '廖家河']"
SEO,002311,002311,2013,nan,"['杨文蔚', '吉争雄', '冼宏飞', '关文源']"
SEO,002312,002312,2015,nan,"['张卓', '李文丽', '杨建强']"
SEO,002312,002312,2020,nan,"['秦茂', '聂小兵']"
SEO,002313,002313,2011,nan,"['陈葆华', '邱俊洲']"
SEO,002314,002314,2013,nan,"['何晓明', '李志光', '徐德', '薛祁明']"
SEO,002314,002314,2016,nan,"['谢枫', '陈叻治', '李赟', '张永坤']"
SEO,002317,002317,2015,nan,"['梁烽', '王培']"
SEO,002317,002317,2022,nan,"['文爱凤', '李煜培']"
SEO,002319,002319,2023,nan,"['罗曼', '陈卿']"
SEO,002320,002320,2015,nan,"['李进华', '符策坚']"
SEO,002321,002321,2012,nan,"['仲成贵', '张剑']"
SEO,002321,002321,2015,nan,"['张剑', '仲成贵', '朱伟峰', '赵国梁']"
SEO,002322,002322,2014,nan,"['严善明', '李正卫']"
SEO,002323,002323,2015,nan,"['乔玉湍', '秦晋臣', '孙勇', '朱依君']"
SEO,002324,002324,2016,nan,"['唐国骏', '冯晨晨', '孙丞润']"
SEO,002324,002324,2022,nan,"['曹磊', '管珺珺']"
SEO,002325,002325,2013,nan,"['梅月欣', '蒙世权']"
SEO,002326,002326,2013,nan,"['朱伟', '陈小金']"
SEO,002326,002326,2016,nan,"['朱伟', '陈小金']"
SEO,002329,002329,2014,nan,"['覃业庆', '谢婧']"
SEO,002329,002329,2015,nan,"['覃业庆', '胡新']"
SEO,002330,002330,2019,nan,"['张旭光', '刘子君']"
SEO,002331,002331,2013,nan,"['吕勇军', '李静', '王原']"
SEO,002332,002332,2014,nan,"['严善明', '丁锡锋']"
SEO,002332,002332,2020,nan,"['向晓三', '陈红兰']"
SEO,002333,002333,2020,nan,"['曾莉', '王俊', '金肖颖']"
SEO,002333,002333,2022,nan,"['曾莉', '王俊', '杨霖']"
SEO,002335,002335,2015,nan,"['熊建益', '陈涌根', '林辉钦']"
SEO,002339,002339,2012,nan,"['朱海武', '王振伟']"
SEO,002339,002339,2016,nan,"['朱海武', '韩信']"
SEO,002340,002340,2011,nan,"['洪霞', '蔡繁荣']"
SEO,002340,002340,2013,nan,"['李萍', '金彬']"
SEO,002340,002340,2015,nan,"['李萍', '金彬']"
SEO,002340,002340,2017,nan,"['汪红宁', '王瑜军', '陈启生']"
SEO,002340,002340,2019,nan,"['王瑜军', '陈启生', '汪红宁']"
SEO,002341,002341,2011,nan,"['李瑶', '李丹', '梅月欣']"
SEO,002341,002341,2016,nan,"['黄跃森', '何晶晶']"
SEO,002341,002341,2017,nan,"['刘雪明', '刘润斌']"
SEO,002343,002343,2016,nan,"['赵蓉', '张意明', '蒋红薇']"
SEO,002344,002344,2015,nan,"['沃巍勇', '陈彩琴', '黄加才', '沈维华']"
SEO,002345,002345,2012,nan,"['蒋洪峰', '郭小军']"
SEO,002345,002345,2016,nan,"['洪文伟', '郭小军']"
SEO,002346,002346,2014,nan,"['庄继宁', '田华']"
SEO,002347,002347,2020,nan,"['乔如林', '张扬', '郑超', '卢勇']"
SEO,002349,002349,2014,nan,"['陈莉', '陈腊梅']"
SEO,002349,002349,2015,nan,"['荆建明', '陈莉']"
SEO,002352,002352,2016,nan,"['林崇云', '华军', '潘新华', '李梅']"
SEO,002352,002352,2021,nan,"['陈岸强', '柳璟屏', '廖艳敏']"
SEO,002353,002353,2013,nan,"['高桂玲', '刘新培']"
SEO,002353,002353,2021,nan,"['刘新培', '贾志博']"
SEO,002354,002354,2014,nan,"['孙建', '吴细平', '郭国卫', '王金峰', '孙格', '高影']"
SEO,002354,002354,2015,nan,"['郭国卫', '孙建']"
SEO,002354,002354,2016,nan,"['陈红', '郭国卫', '马丽蕾', '魏鑫颖', '吴细平', '宋秉琛']"
SEO,002354,002354,2016,nan,"['曾云', '杨波']"
SEO,002355,002355,2011,nan,"['王晖', '王伦刚']"
SEO,002355,002355,2016,nan,"['王伦刚', '曲洪磊', '刘增明']"
SEO,002356,002356,2014,nan,"['杨文蔚', '刘清']"
SEO,002358,002358,2013,nan,"['廖家河', '冯雪']"
SEO,002358,002358,2015,nan,"['廖家河', '冯雪']"
SEO,002359,002359,2012,nan,"['罗炳勤', '裴广峰']"
SEO,002359,002359,2015,nan,"['罗炳勤', '李雪华']"
SEO,002360,002360,2013,nan,"['韩瑞红', '郭锐']"
SEO,002361,002361,2014,nan,"['黄亚琼', '廖传宝', '樊俊臣', '洪美琳']"
SEO,002361,002361,2020,nan,"['廖传宝', '沈童', '郑鹏飞']"
SEO,002362,002362,2020,nan,"['张克东', '刘宇']"
SEO,002363,002363,2012,nan,"['王晖', '姜峰']"
SEO,002363,002363,2016,nan,"['刘学伟', '田堂']"
SEO,002364,002364,2012,nan,"['何前', '徐殷鹏']"
SEO,002364,002364,2015,nan,"['徐殷鹏', '江志强']"
SEO,002366,002366,2014,nan,"['胡咏华', '李华']"
SEO,002367,002367,2015,nan,"['杨林', '包海山']"
SEO,002368,002368,2013,nan,"['易礼平', '王继宏']"
SEO,002369,002369,2011,nan,"['刘耀辉', '邱俊洲']"
SEO,002369,002369,2015,nan,"['张晓义', '龚晨艳']"
SEO,002370,002370,2015,nan,"['赵海荣', '陈勃']"
SEO,002371,002371,2011,nan,"['丁勇', '张海峰', '田雍', '关晓光']"
SEO,002371,002371,2019,nan,"['杨涛', '袁振湘', '崔伟英']"
SEO,002371,002371,2021,nan,"['袁振湘', '陈其兵', '崔伟英']"
SEO,002373,002373,2013,nan,"['梁卫丽', '高楠']"
SEO,002373,002373,2014,nan,"['李惠琦', '傅智勇']"
SEO,002373,002373,2020,nan,"['王志伟', '孙超']"
SEO,002374,002374,2012,nan,"['迟慰', '王丽敏']"
SEO,002374,002374,2015,nan,"['迟慰', '王丽敏']"
SEO,002374,002374,2016,nan,"['迟慰', '姜益强', '王丽敏']"
SEO,002374,002374,2019,nan,"['王丽敏', '王建英']"
SEO,002375,002375,2012,nan,"['闫钢军', '李志平']"
SEO,002376,002376,2015,nan,"['李荣坤', '张吉范']"
SEO,002376,002376,2016,nan,"['李荣坤', '张吉范', '李瑞红']"
SEO,002377,002377,2017,nan,"['肖峰', '钱小莹']"
SEO,002378,002378,2013,nan,"['啜公明', '朱中伟']"
SEO,002379,002379,2011,nan,"['何政', '钟本庆']"
SEO,002379,002379,2022,nan,"['钟本庆', '赵衍刚']"
SEO,002379,002379,2025,nan,"['鲁磊', '龙阳']"
SEO,002380,002380,2015,nan,"['朱佑敏', '王震']"
SEO,002381,002381,2014,nan,"['沈维华', '卢建波']"
SEO,002382,002382,2017,nan,"['沈文圣', '王庆宾', '肖富建']"
SEO,002382,002382,2017,nan,"['解彦峰', '赵倩']"
SEO,002383,002383,2014,nan,"['肖丽娟', '叶丽萍']"
SEO,002383,002383,2016,nan,"['叶立萍', '肖丽娟', '胡毅', '东松', '马翡']"
SEO,002384,002384,2014,nan,"['乔如林', '杜洪伟']"
SEO,002384,002384,2016,nan,"['乔如林', '张扬']"
SEO,002384,002384,2019,nan,"['张扬', '刘洪亮']"
SEO,002384,002384,2024,nan,"['张扬', '付振龙']"
SEO,002385,002385,2015,nan,"['崔腾', '张永刚']"
SEO,002385,002385,2022,nan,"['陈洪涛', '顾阳洋']"
SEO,002386,002386,2016,nan,"['何勇', '唐松柏']"
SEO,002386,002386,2022,nan,"['庄瑞兰', '徐洪荣']"
SEO,002387,002387,2016,nan,"['张恩军', '吴亦忻', '范荣', '胡志刚']"
SEO,002388,002388,2015,nan,"['付忠伟', '崔岩']"
SEO,002389,002389,2011,nan,"['沈维华', '娄杭']"
SEO,002389,002389,2014,nan,"['沈维华', '严燕鸿']"
SEO,002389,002389,2015,nan,"['沈维华', '李进']"
SEO,002389,002389,2016,nan,"['杨志', '张旭杰']"
SEO,002389,002389,2020,nan,"['杨志', '张旭杰']"
SEO,002390,002390,2013,nan,"['江山', '肖娅筠']"
SEO,002390,002390,2015,nan,"['江山', '王晓明']"
SEO,002390,002390,2020,nan,"['江山', '洪琳']"
SEO,002392,002392,2012,nan,"['乐超军', '刘文豪', '郑洪杰']"
SEO,002396,002396,2015,nan,"['刘延东', '林文锋']"
SEO,002396,002396,2017,nan,"['陈航晖', '林文锋']"
SEO,002397,002397,2016,nan,"['刘智清', '李晓阳', '胡作金']"
SEO,002398,002398,2020,nan,"['林炎临', '陈丽红', '陈纹']"
SEO,002400,002400,2013,nan,"['支梓', '邓国强']"
SEO,002400,002400,2015,nan,"['刘贵彬', '邓国强']"
SEO,002402,002402,2013,nan,"['邓国强', '李泽浩']"
SEO,002402,002402,2016,nan,"['张朝铖', '杨昊', '覃业庆', '彭晓慧']"
SEO,002403,002403,2015,nan,"['郭宪明', '李惠丰', '邓红玉']"
SEO,002404,002404,2016,nan,"['杜志强', '吴文俊']"
SEO,002405,002405,2016,nan,"['季晟', '彭旭', '杨晓辉', '闫万孝']"
SEO,002405,002405,2020,nan,"['季晟', '李宏志', '刘景伟']"
SEO,002407,002407,2015,nan,"['刘国清', '白丽晗']"
SEO,002407,002407,2017,nan,"['吴少华', '白丽晗']"
SEO,002407,002407,2020,nan,"['刘国清', '白丽晗', '刘广']"
SEO,002407,002407,2021,nan,"['刘国清', '王佳彤']"
SEO,002408,002408,2015,nan,"['任一优', '宋崇岭']"
SEO,002409,002409,2016,nan,"['朱佑敏', '王印庆', '刘建峰']"
SEO,002409,002409,2017,nan,"['陆德忠', '程正凤']"
SEO,002409,002409,2020,nan,"['柏凌菁', '单旭汶']"
SEO,002410,002410,2019,nan,"['徐继凯', '周军', '郭兆刚', '张金海']"
SEO,002411,002411,2015,nan,"['邵新军', '郑军安']"
SEO,002413,002413,2014,nan,"['秦志军', '许国颖']"
SEO,002413,002413,2015,nan,"['秦志军', '李晓琪']"
SEO,002413,002413,2019,nan,"['徐伟东', '肖毅']"
SEO,002413,002413,2020,nan,"['徐伟东', '肖毅']"
SEO,002414,002414,2015,nan,"['柴德平', '王波琴']"
SEO,002414,002414,2020,nan,"['柴德平', '王波琴']"
SEO,002416,002416,2015,nan,"['廖晓鸿', '刘剑华']"
SEO,002418,002418,2014,nan,"['孙文军', '沈云强']"
SEO,002421,002421,2014,nan,"['潘忠民', '龙哲']"
SEO,002421,002421,2015,nan,"['潘忠民', '肖逸']"
SEO,002421,002421,2022,nan,"['龙哲', '黄建军', '罗素琼']"
SEO,002423,002423,2014,nan,"['于曙光', '李奔', '密惠红']"
SEO,002423,002423,2018,nan,"['余印印', '沈艳利', '夏欣然', '刘金进', '陈佳']"
SEO,002425,002425,2012,nan,"['马桂琴', '徐艳']"
SEO,002425,002425,2014,nan,"['王淑燕', '徐艳', '高敏', '陈琼']"
SEO,002425,002425,2015,nan,"['王淑燕', '李恩成']"
SEO,002425,002425,2019,nan,"['王淑燕', '陆江杰']"
SEO,002426,002426,2013,nan,"['顾晓蓉', '王彦强', '王成']"
SEO,002426,002426,2015,nan,"['谈建忠', '纪纬']"
SEO,002427,002427,2014,nan,"['钱仲先', '俞辛文']"
SEO,002429,002429,2015,nan,"['何晓明', '康雪艳']"
SEO,002430,002430,2013,nan,"['闾力华', '朱国刚']"
SEO,002430,002430,2016,nan,"['闾力华', '朱国刚', '张奇志']"
SEO,002431,002431,2014,nan,"['杜小强', '刘薇', '吴绍艳']"
SEO,002431,002431,2015,nan,"['王耀华', '张之祥', '焦文婷']"
SEO,002431,002431,2020,nan,"['王耀华', '张之祥', '吴可方', '曾丽雅']"
SEO,002432,002432,2014,nan,"['叶金福', '滕忠诚']"
SEO,002432,002432,2020,nan,"['滕忠诚', '郑珊杉']"
SEO,002433,002433,2012,nan,"['杨文蔚', '张静璃']"
SEO,002433,002433,2013,nan,"['何国铨', '张静璃']"
SEO,002433,002433,2015,nan,"['何国铨', '张静璃']"
SEO,002434,002434,2016,nan,"['孙敏', '尹志彬', '何晓明', '苏晓峰', '翁伟', '熊明峰', '宣陈峰', '张静']"
SEO,002436,002436,2014,nan,"['陈延柏', '薛爱萍', '梁烽']"
SEO,002436,002436,2021,nan,"['徐继宏', '区伟杰', '孙立倩', '刘朝']"
SEO,002438,002438,2015,nan,"['常桂华', '娄新洁']"
SEO,002438,002438,2016,nan,"['常桂华', '陈莉', '荆建明']"
SEO,002438,002438,2021,nan,"['张坚', '周垚']"
SEO,002439,002439,2015,nan,"['邓登峰', '刘剑华']"
SEO,002439,002439,2016,nan,"['邓登峰', '何晓娟']"
SEO,002439,002439,2022,nan,"['邓登峰', '廖朝理', '刘丽红']"
SEO,002441,002441,2015,nan,"['刘火旺', '姚静']"
SEO,002443,002443,2012,nan,"['翁伟', '胡燕华', '潘晶晶']"
SEO,002444,002444,2015,nan,"['傅芳芳', '李德勇', '陈中江', '费方华']"
SEO,002445,002445,2014,nan,"['秦志军', '高烨', '汤其美', '刘剑华']"
SEO,002445,002445,2016,nan,"['沈岩', '华可天']"
SEO,002447,002447,2012,nan,"['关涛', '张宾磊']"
SEO,002448,002448,2011,nan,"['韩旺', '张吉柱']"
SEO,002449,002449,2014,nan,"['刘方权', '龙维']"
SEO,002450,002450,2014,nan,"['李海林', '江晓']"
SEO,002450,002450,2015,nan,"['李海林', '江晓']"
SEO,002452,002452,2018,nan,"['周俊杰', '蒋宇']"
SEO,002453,002453,2012,nan,"['涂振连', '马伟光']"
SEO,002453,002453,2019,nan,"['冉士龙', '沈妍']"
SEO,002455,002455,2016,nan,"['朱佑敏', '盛青']"
SEO,002456,002456,2012,nan,"['杨劼', '刘基强']"
SEO,002456,002456,2013,nan,"['杨劼', '阎飞']"
SEO,002456,002456,2015,nan,"['张洪富', '杨劼']"
SEO,002456,002456,2020,nan,"['秦睿', '夏坤']"
SEO,002456,002456,2025,nan,"['王树', '王兴']"
SEO,002458,002458,2015,nan,"['朱海武', '师玉春']"
SEO,002458,002458,2022,nan,"['王丽敏', '刘阿彬', '张敏']"
SEO,002459,002459,2014,nan,"['耿守辉', '张素霞']"
SEO,002459,002459,2019,nan,"['吴雪', '万青', '袁涛', '张琦']"
SEO,002459,002459,2020,nan,"['吴雪', '万青']"
SEO,002459,002459,2021,nan,"['吴雪', '万青']"
SEO,002460,002460,2013,nan,"['王一芳', '徐萍']"
SEO,002460,002460,2014,nan,"['肖菲', '包梅庭']"
SEO,002461,002461,2015,nan,"['魏淑珍', '林翔', '曹岳龙']"
SEO,002462,002462,2015,nan,"['王友业', '强桂英']"
SEO,002462,002462,2018,nan,"['强桂英', '李永江']"
SEO,002464,002464,2011,nan,"['张二勇', '王书阁']"
SEO,002465,002465,2014,nan,"['吴震', '蔡洁瑜']"
SEO,002465,002465,2016,nan,"['王建民', '蔡洁瑜']"
SEO,002465,002465,2023,nan,"['梁肖林', '蔡洁瑜']"
SEO,002466,002466,2012,nan,"['尹淑萍', '郝卫东']"
SEO,002467,002467,2015,nan,"['刘涛', '马旭']"
SEO,002468,002468,2015,nan,"['钟永和', '罗艳', '楼敏', '张福建']"
SEO,002469,002469,2020,nan,"['殷宪锋', '王鹏练']"
SEO,002469,002469,2020,nan,"['殷宪锋', '王鹏练', '梁春']"
SEO,002470,002470,2014,nan,"['吴金锋', '高海涛']"
SEO,002470,002470,2018,nan,"['吴金锋', '高海涛', '岳红', '沈发兵']"
SEO,002471,002471,2011,nan,"['王传邦', '郭守俊']"
SEO,002472,002472,2015,nan,"['朱大为', '吴慧']"
SEO,002472,002472,2021,nan,"['陈素素', '戚铁桥']"
SEO,002475,002475,2014,nan,"['袁龙平', '秦昌明', '罗振邦', '李璟']"
SEO,002475,002475,2015,nan,"['李璟', '甄志杰']"
SEO,002477,002477,2013,nan,"['陈广清', '韩瑞红', '彭素红', '柏玉英', '郭锐']"
SEO,002477,002477,2014,nan,"['陈广清', '韩瑞红', '彭素红', '柏玉英']"
SEO,002478,002478,2016,nan,"['王湘飞', '周强', '戴伟忠', '李渊']"
SEO,002479,002479,2014,nan,"['叶卫民', '陈世薇']"
SEO,002479,002479,2016,nan,"['叶卫民', '陈世薇']"
SEO,002480,002480,2013,nan,"['何勇', '佘爱民']"
SEO,002480,002480,2019,nan,"['龚荣华', '王文春']"
SEO,002481,002481,2014,nan,"['郝丽江', '王鹏']"
SEO,002482,002482,2015,nan,"['田景亮', '郑立红']"
SEO,002483,002483,2014,nan,"['刘洪跃', '王志伟']"
SEO,002484,002484,2015,nan,"['田业阳', '朱艳']"
SEO,002487,002487,2021,nan,"['赵斌', '胡杨', '张震', '林梓']"
SEO,002488,002488,2014,nan,"['贾川', '徐晓峰']"
SEO,002488,002488,2015,nan,"['贾川', '俞佳南', '徐晓峰', '金顺兴', '刘洁']"
SEO,002491,002491,2016,nan,"['常桂华', '崔爱萍']"
SEO,002492,002492,2014,nan,"['杜小强', '黄志伟']"
SEO,002493,002493,2015,nan,"['贾川', '俞佳南']"
SEO,002493,002493,2017,nan,"['贾川', '徐海泓', '徐晓峰', '俞佳南']"
SEO,002493,002493,2019,nan,"['俞佳南', '徐程']"
SEO,002494,002494,2012,nan,"['张晓义', '曾星', '季丰', '姜纯友']"
SEO,002494,002494,2016,nan,"['邱俊洲', '曾星']"
SEO,002497,002497,2020,nan,"['宋朝学', '李华静']"
SEO,002500,002500,2012,nan,"['许康玮', '谭麟林']"
SEO,002500,002500,2015,nan,"['蒲红霞', '程海良']"
SEO,002501,002501,2012,nan,"['朱洪山', '范斌']"
SEO,002501,002501,2015,nan,"['高原', '范斌']"
SEO,002501,002501,2016,nan,"['徐运生', '富强']"
SEO,002502,002502,2014,nan,"['吉争雄', '刘火旺', '邓小勤']"
SEO,002502,002502,2015,nan,"['刘火旺', '吉争雄', '邓小勤']"
SEO,002503,002503,2015,nan,"['朱伟峰', '王柳']"
SEO,002504,002504,2014,nan,"['王卫锋', '杨滢', '孙冰', '王雄平']"
SEO,002505,002505,2013,nan,"['曹国强', '刘利亚']"
SEO,002505,002505,2019,nan,"['刘利亚', '刘灵珊', '刘薇']"
SEO,002506,002506,2015,nan,"['陈黎', '封磊']"
SEO,002506,002506,2020,nan,"['徐长俄', '邓雪雷']"
SEO,002507,002507,2015,nan,"['柯绍烈', '张仕兵']"
SEO,002507,002507,2020,nan,"['卢秋平', '周文华', '李青龙', '赵兴明']"
SEO,002509,002509,2013,nan,"['林庆瑜', '佘丽娜', '江辉']"
SEO,002509,002509,2015,nan,"['陈昭', '马云山']"
SEO,002513,002513,2015,nan,"['陈少明', '丁鹏']"
SEO,002514,002514,2013,nan,"['张二勇', '叶金褔']"
SEO,002514,002514,2021,nan,"['杨伯民', '王璐', '詹从才', '郭振鹏']"
SEO,002515,002515,2014,nan,"['闾力华', '张奇志']"
SEO,002515,002515,2022,nan,"['闾力华', '朱国刚', '张春洋']"
SEO,002516,002516,2015,nan,"['韩瑞红', '刘淑云']"
SEO,002517,002517,2015,nan,"['刘见生', '方莉', '叶慧', '郭守俊']"
SEO,002519,002519,2014,nan,"['顾雪峰', '李春华', '何晖', '毛伟']"
SEO,002519,002519,2015,nan,"['肖厚祥', '徐锦华']"
SEO,002520,002520,2015,nan,"['王国海', '李正卫', '严善明', '丁锡锋']"
SEO,002520,002520,2018,nan,"['严善明', '徐希正']"
SEO,002520,002520,2020,nan,"['向晓三', '丁锡锋', '徐希正', '舒国平', '陈春波']"
SEO,002521,002521,2023,nan,"['张利法', '王庆宾', '赵长峰', '徐茂']"
SEO,002522,002522,2015,nan,"['李惠丰', '王克平']"
SEO,002523,002523,2014,nan,"['于长江', '刘海山', '李福兴']"
SEO,002524,002524,2012,nan,"['朱瑛', '徐珍']"
SEO,002526,002526,2017,nan,"['郭国卫', '魏鑫颖']"
SEO,002527,002527,2014,nan,"['唐国骏', '蒋承毅']"
SEO,002527,002527,2015,nan,"['唐国骏', '张回予']"
SEO,002528,002528,2015,nan,"['巫扬华', '程进']"
SEO,002528,002528,2015,nan,"['巫扬华', '康跃华']"
SEO,002528,002528,2016,nan,"['巫扬华', '陈琼']"
SEO,002529,002529,2015,nan,"['周琪', '姜波']"
SEO,002530,002530,2016,nan,"['冯家俊', '郑珮']"
SEO,002531,002531,2015,nan,"['张全心', '潘胜国', '王艳']"
SEO,002531,002531,2020,nan,"['董毅强', '张志云', '贾彬']"
SEO,002532,002532,2019,nan,"['蔡永光', '肖明明', '姚本霞', '曹毅']"
SEO,002532,002532,2020,nan,"['蔡永光', '肖明明']"
SEO,002533,002533,2019,nan,"['陈志', '肖春花']"
SEO,002535,002535,2014,nan,"['叶民', '李杰']"
SEO,002536,002536,2014,nan,"['董超', '胡丽娟']"
SEO,002536,002536,2022,nan,"['秦霞', '路珂']"
SEO,002537,002537,2016,nan,"['朱艳', '汪玉寿', '路清', '刘玉显']"
SEO,002538,002538,2015,nan,"['王郁', '肖文涛']"
SEO,002539,002539,2014,nan,"['邱鸿', '李元良']"
SEO,002539,002539,2022,nan,"['李元良', '郭庆']"
SEO,002540,002540,2016,nan,"['夏正曙', '赵明']"
SEO,002541,002541,2015,nan,"['马章松', '卢冠群']"
SEO,002542,002542,2014,nan,"['赵奉忠', '雷鸿']"
SEO,002542,002542,2015,nan,"['赵奉忠', '林文海']"
SEO,002542,002542,2016,nan,"['赵奉忠', '林文海']"
SEO,002544,002544,2016,nan,"['陆士敏', '吴秀玲']"
SEO,002544,002544,2019,nan,"['杨昕', '郭志刚']"
SEO,002545,002545,2015,nan,"['杨锡刚', '高冠涛']"
SEO,002546,002546,2015,nan,"['陈莉', '陈腊梅']"
SEO,002547,002547,2014,nan,"['方长顺', '俞国徽']"
SEO,002547,002547,2016,nan,"['张全心', '褚诗炜']"
SEO,002548,002548,2015,nan,"['李维', '邹行宇']"
SEO,002548,002548,2020,nan,"['陈丘刚', '王俊垚']"
SEO,002548,002548,2021,nan,"['陈丘刚', '王俊垚', '朱斌']"
SEO,002549,002549,2022,nan,"['金鑫', '戴学锋']"
SEO,002551,002551,2016,nan,"['冯渊', '陈宗英']"
SEO,002551,002551,2020,nan,"['方建新', '陈建平', '龙湖川', '王平']"
SEO,002552,002552,2021,nan,"['张志良', '张月敏', '鞠录波']"
SEO,002553,002553,2025,nan,"['倪新浩', '吴景亚', '黄根进', '蔡建丽']"
SEO,002554,002554,2014,nan,"['马龙', '姜波', '王明']"
SEO,002554,002554,2019,nan,"['肖宝强', '张晶']"
SEO,002555,002555,2013,nan,"['张立琰', '龙琦', '吕勇军', '刘力争']"
SEO,002555,002555,2015,nan,"['刘力争', '吕勇军']"
SEO,002555,002555,2016,nan,"['张立琰', '龙琦']"
SEO,002555,002555,2020,nan,"['刘远帅', '张凤波', '杨新春']"
SEO,002556,002556,2019,nan,"['宛云龙', '黄晓奇', '吕勇军', '王海涛', '陶秀珍', '殷安然']"
SEO,002556,002556,2019,nan,"['宛云龙', '黄晓奇', '吕勇军', '王海涛', '陶秀珍', '吴琳', '殷安然']"
SEO,002558,002558,2015,nan,"['尤飞', '韩睿', '庄沁馨', '王长勇', '罗西彬玉']"
SEO,002558,002558,2015,nan,"['尤飞', '韩睿']"
SEO,002559,002559,2014,nan,"['郭志东', '周家文', '李来民', '林雷', '詹从才', '詹晗']"
SEO,002559,002559,2025,nan,"['罗振雄', '李艳']"
SEO,002560,002560,2013,nan,"['呙华文', '李赟莘']"
SEO,002560,002560,2018,nan,"['郭义喜', '黃福生']"
SEO,002560,002560,2020,nan,"['林莎莎', '张美婷']"
SEO,002562,002562,2014,nan,"['沈培强', '吴慧', '戚铁桥']"
SEO,002562,002562,2020,nan,"['沈培强', '顾海营', '胡青', '王振宇', '王书勤']"
SEO,002562,002562,2023,nan,"['胡青', '丁淼']"
SEO,002564,002564,2012,nan,"['郝世明', '吴萃柿', '陆士敏']"
SEO,002564,002564,2017,nan,"['郝世明', '凌松梅', '郭卫娜']"
SEO,002565,002565,2016,nan,"['沈斌', '张勇', '周琪', '林闻俊']"
SEO,002567,002567,2014,nan,"['黄素国', '夏澄宇']"
SEO,002567,002567,2016,nan,"['黄素国', '夏澄宇']"
SEO,002567,002567,2016,nan,"['黄素国', '何春', '夏澄宇']"
SEO,002567,002567,2020,nan,"['傅成钢', '张剑']"
SEO,002567,002567,2022,nan,"['李军', '邹芳']"
SEO,002567,002567,2023,nan,"['李军', '张剑', '邹芳']"
SEO,002568,002568,2016,nan,"['肖菲', '王许']"
SEO,002568,002568,2020,nan,"['王许', '雷飞飞']"
SEO,002570,002570,2020,nan,"['钱仲先', '姚本霞', '曹毅', '陈晓华', '夏桥锋']"
SEO,002571,002571,2012,nan,"['周学民', '林晨']"
SEO,002572,002572,2015,nan,"['张宁', '张曦', '刘杰生']"
SEO,002572,002572,2022,nan,"['徐聃', '胡晓佳', '朱晓妍', '张宁']"
SEO,002573,002573,2020,nan,"['李旺林', '毛国强', '王勇', '胡春燕']"
SEO,002578,002578,2015,nan,"['李健彬', '吴传刚', '王鹏']"
SEO,002579,002579,2015,nan,"['曹国强', '贺梦然', '胡萍']"
SEO,002579,002579,2019,nan,"['李永利', '张笑']"
SEO,002579,002579,2020,nan,"['李永利', '张笑', '胡萍']"
SEO,002580,002580,2014,nan,"['王贡勇', '毕强', '阚京平']"
SEO,002580,002580,2020,nan,"['毕强', '燕进']"
SEO,002581,002581,2014,nan,"['陈金波', '徐茂', '李萍', '彭中']"
SEO,002582,002582,2016,nan,"['张立琰', '李振华']"
SEO,002583,002583,2015,nan,"['桑涛', '徐凌', '彭中']"
SEO,002583,002583,2016,nan,"['蔡繁荣', '彭中']"
SEO,002584,002584,2014,nan,"['魏标文', '陈建成']"
SEO,002585,002585,2013,nan,"['陆士敏', '蒯薏苡']"
SEO,002585,002585,2015,nan,"['陆士敏', '蒯薏苡']"
SEO,002586,002586,2013,nan,"['倪国军', '何林飞']"
SEO,002586,002586,2015,nan,"['倪国君', '何林飞']"
SEO,002587,002587,2016,nan,"['赖玉珍', '蒋芳晖']"
SEO,002587,002587,2019,nan,"['谢翠', '张丽']"
SEO,002589,002589,2012,nan,"['周瑕', '杜宪超']"
SEO,002589,002589,2014,nan,"['周瑕', '杜宪超']"
SEO,002589,002589,2015,nan,"['周瑕', '杜宪超']"
SEO,002590,002590,2015,nan,"['沈建林', '凌燕']"
SEO,002590,002590,2021,nan,"['凌燕', '梅军锋', '施杰']"
SEO,002591,002591,2016,nan,"['李国平', '舒佳敏']"
SEO,002592,002592,2013,nan,"['呙华文', '郭安静']"
SEO,002592,002592,2015,nan,"['郭安静', '杜海林']"
SEO,002593,002593,2014,nan,"['冯万奇', '高凯']"
SEO,002593,002593,2019,nan,"['李春玉', '周赫然', '汪天姿', '洪燕玲']"
SEO,002594,002594,2015,nan,"['李剑光', '邓帮凯', '黎宇行']"
SEO,002596,002596,2014,nan,"['宣宜辰', '徐冬冬']"
SEO,002596,002596,2015,nan,"['刘四兵', '徐冬冬']"
SEO,002596,002596,2017,nan,"['崔岩', '宣宜辰', '徐冬冬']"
SEO,002599,002599,2016,nan,"['张福建', '窦维维']"
SEO,002600,002600,2014,nan,"['陈志刚', '扶交亮', '刘光荣']"
SEO,002600,002600,2015,nan,"['陈志刚', '扶交亮', '刘光荣']"
SEO,002600,002600,2017,nan,"['屈先富', '扶交亮', '段姗']"
SEO,002600,002600,2019,nan,"['杨劼', '柯敏婵']"
SEO,002601,002601,2015,nan,"['刘金进', '姜常谦']"
SEO,002601,002601,2020,nan,"['许培梅', '龙勇']"
SEO,002602,002602,2015,nan,"['黄元喜', '赵丽', '王波', '王一品']"
SEO,002602,002602,2018,nan,"['高建斌', '曹张仁', '施金辉', '林晓帆']"
SEO,002602,002602,2018,nan,"['王波', '刘珺', '高建斌', '曹张仁', '施金辉']"
SEO,002603,002603,2015,nan,"['石朝欣', '陈明生', '宋连勇']"
SEO,002604,002604,2015,nan,"['裘小燕', '何军', '张健']"
SEO,002605,002605,2015,nan,"['李德勇', '梁志勇']"
SEO,002606,002606,2020,nan,"['汤洋', '夏桥锋']"
SEO,002607,002607,2015,nan,"['郑磊', '汪健', '陈万松']"
SEO,002607,002607,2018,nan,"['周百鸣', '赵永春', '申旭', '郑磊', '汪健']"
SEO,002608,002608,2016,nan,"['徐长俄', '杨伯民', '骆竞', '陆德忠', '何玉勤']"
SEO,002608,002608,2017,nan,"['骆竞', '陆德忠']"
SEO,002609,002609,2015,nan,"['刘仁芝', '江晓', '张希文', '钟俊']"
SEO,002610,002610,2013,nan,"['何前', '秦松涛']"
SEO,002610,002610,2014,nan,"['何前', '秦松涛', '徐殷鹏']"
SEO,002611,002611,2014,nan,"['邹军梅', '高军磊']"
SEO,002612,002612,2019,nan,"['于长江', '李小欣']"
SEO,002613,002613,2023,nan,"['高强', '庞新宇']"
SEO,002615,002615,2023,nan,"['滕培彬', '郑宇青', '陈红兰', '王云']"
SEO,002616,002616,2014,nan,"['孙勇', '孙立倩', '洪雪砚']"
SEO,002616,002616,2015,nan,"['孙勇', '孙立倩', '洪雪砚']"
SEO,002617,002617,2015,nan,"['沈建林', '蔡畅', '曾涛']"
SEO,002617,002617,2018,nan,"['王涛', '曾涛']"
SEO,002617,002617,2020,nan,"['曾涛', '高飞']"
SEO,002617,002617,2021,nan,"['高飞', '陈颖']"
SEO,002618,002618,2013,nan,"['黎明', '黄琼']"
SEO,002619,002619,2014,nan,"['马传军', '宋刚', '李德勇', '费方华']"
SEO,002619,002619,2016,nan,"['李德勇', '费方华']"
SEO,002620,002620,2015,nan,"['黄绍煌', '王勇']"
SEO,002623,002623,2020,nan,"['陈柏林', '冯卫兰']"
SEO,002624,002624,2016,nan,"['刘海山', '于长江']"
SEO,002625,002625,2015,nan,"['倪国君', '胡友邻']"
SEO,002626,002626,2015,nan,"['胡敬东', '孙刚']"
SEO,002627,002627,2016,nan,"['李洪勇', '李如发']"
SEO,002627,002627,2019,nan,"['李洪勇', '黄芬', '祁涛', '李洪勇', '黄芬', '祁涛']"
SEO,002627,002627,2020,nan,"['李洪勇', '黄芬']"
SEO,002628,002628,2013,2013-07-23,"['阮响华', '陈洪涛', '龙文虎', '李元良']"
SEO,002630,002630,2013,nan,"['贺军', '谢宇春']"
SEO,002632,002632,2014,nan,"['钱仲先', '刘青']"
SEO,002632,002632,2016,nan,"['钱仲先', '曹毅']"
SEO,002635,002635,2014,nan,"['丁春荣', '付士龙']"
SEO,002635,002635,2017,nan,"['丁春荣', '付士龙']"
SEO,002635,002635,2020,nan,"['刘勇', '付士龙', '王书仁']"
SEO,002637,002637,2015,nan,"['沈培强', '吴慧', '胡青']"
SEO,002637,002637,2020,nan,"['朱大为', '吴慧', '崔文正', '胡青']"
SEO,002639,002639,2014,nan,"['郭澳', '钟晓红', '罗顺华']"
SEO,002639,002639,2015,nan,"['吴霆', '张婕', '钟晓红', '罗顺华']"
SEO,002639,002639,2021,nan,"['袁瑞彩', '陈鑫生']"
SEO,002640,002640,2014,nan,"['何华峰', '安霞', '齐俊娟', '吴建玲']"
SEO,002640,002640,2015,nan,"['齐俊娟', '吴建玲']"
SEO,002640,002640,2016,nan,"['何华峰', '安霞']"
SEO,002640,002640,2016,nan,"['何华峰', '安霞', '齐俊娟', '刘富锦']"
SEO,002642,002642,2013,nan,"['胡毅', '肖丽娟']"
SEO,002642,002642,2014,nan,"['胡毅', '肖丽娟']"
SEO,002642,002642,2015,nan,"['胡毅', '叶立萍']"
SEO,002642,002642,2017,nan,"['肖丽娟', '叶立萍']"
SEO,002643,002643,2014,nan,"['王传顺', '江涛', '王乾', '郭冬梅']"
SEO,002643,002643,2015,nan,"['江涛', '沈晓玮']"
SEO,002644,002644,2013,nan,"['秦宝', '张海英']"
SEO,002645,002645,2015,nan,"['杨林', '包海山', '朱佑敏', '王印庆']"
SEO,002645,002645,2019,nan,"['朱佑敏', '吴劼锐', '柏凌菁']"
SEO,002645,002645,2019,nan,"['宁彬', '荣矾', '朱佑敏', '吴劼锐', '柏凌菁']"
SEO,002646,002646,2020,nan,"['谢青', '丁亭亭', '石晨起']"
SEO,002648,002648,2015,nan,"['盛伟明', '高丽', '何晓明', '康雪艳']"
SEO,002648,002648,2019,nan,"['蒋晓东', '叶贤斌']"
SEO,002649,002649,2013,nan,"['赵亦飞', '潘高峰']"
SEO,002653,002653,2020,nan,"['黄志芬', '杨闯']"
SEO,002654,002654,2014,nan,"['宣宜辰', '徐冬冬', '温安林', '吴平权']"
SEO,002654,002654,2015,nan,"['崔岩', '徐冬冬']"
SEO,002656,002656,2015,nan,"['吉争雄', '杨诗学']"
SEO,002656,002656,2016,nan,"['吉争雄', '杨诗学']"
SEO,002657,002657,2014,nan,"['王云成', '汪沛', '李璟']"
SEO,002657,002657,2015,nan,"['王云成', '汪沛', '李璟']"
SEO,002659,002659,2015,nan,"['郑磊', '宛云龙']"
SEO,002659,002659,2018,nan,"['方长顺', '黄剑', '龙兵']"
SEO,002660,002660,2014,nan,"['侯立勋', '郑龙兴']"
SEO,002660,002660,2021,nan,"['刘健', '江磊']"
SEO,002661,002661,2015,nan,"['刘钢跃', '周毅']"
SEO,002661,002661,2022,nan,"['刘钢跃', '黄湘伟']"
SEO,002662,002662,2014,nan,"['梁晓燕', '晁小燕']"
SEO,002663,002663,2014,nan,"['何国铨', '徐如杰']"
SEO,002663,002663,2015,nan,"['吉争雄', '徐如杰']"
SEO,002663,002663,2016,nan,"['吉争雄', '徐如杰']"
SEO,002665,002665,2014,nan,"['罗军', '黄简']"
SEO,002665,002665,2015,nan,"['黄简', '翟海英']"
SEO,002666,002666,2014,nan,"['陈昭', '谭灝']"
SEO,002666,002666,2023,nan,"['胡敏坚', '夏富彪', '林嘉灿']"
SEO,002668,002668,2015,nan,"['范荣', '胡志刚', '韩军民']"
SEO,002669,002669,2015,nan,"['涂振连', '沈在斌', '王传文']"
SEO,002669,002669,2021,nan,"['潘汝彬', '张伟']"
SEO,002670,002670,2015,nan,"['姚辉', '杨志平', '李国平', '胡平']"
SEO,002671,002671,2013,nan,"['罗炳勤', '赵卫华']"
SEO,002671,002671,2015,nan,"['赵卫华', '房哲宇']"
SEO,002671,002671,2019,nan,"['罗炳勤', '刘凤文', '曹新博']"
SEO,002672,002672,2022,nan,"['王兵', '江超杰']"
SEO,002673,002673,2014,nan,"['徐秉惠', '霍华甫']"
SEO,002673,002673,2020,nan,"['牟宇红', '卫婵']"
SEO,002674,002674,2015,nan,"['殷雪芳', '邓伟']"
SEO,002675,002675,2015,nan,"['张敬鸿', '赵军']"
SEO,002675,002675,2016,nan,"['魏艳霞', '赵军']"
SEO,002675,002675,2017,nan,"['魏艳霞', '徐建来']"
SEO,002675,002675,2021,nan,"['张敬鸿', '徐建来']"
SEO,002678,002678,2016,nan,"['王翼初', '朱海']"
SEO,002680,002680,2015,nan,"['杨志', '盖大江']"
SEO,002681,002681,2014,nan,"['陈松波', '辛自华']"
SEO,002681,002681,2017,nan,"['陈志', '张娜']"
SEO,002682,002682,2016,nan,"['匡敏', '付志成']"
SEO,002683,002683,2013,nan,"['吴震', '郑德伦', '阮章宏']"
SEO,002683,002683,2015,nan,"['吴震', '王建民', '黄志业', '阮章宏']"
SEO,002683,002683,2020,nan,"['韩振平', '林倩明']"
SEO,002684,002684,2014,nan,"['何国铨', '徐如杰']"
SEO,002684,002684,2016,nan,"['吉争雄', '徐如杰']"
SEO,002685,002685,2014,nan,"['谢卉', '李蕊', '刘贵彬', '李彦伟', '佟环']"
SEO,002686,002686,2016,nan,"['祁卫红', '邓海伏']"
SEO,002686,002686,2020,nan,"['钟炽兵', '王璟']"
SEO,002688,002688,2014,nan,"['翟晓敏', '杨光宇', '王玮玮']"
SEO,002688,002688,2020,nan,"['常晓波', '张龙华', '师周红', '翟晓敏']"
SEO,002694,002694,2021,nan,"['王永新', '陈海艳', '倪俊']"
SEO,002695,002695,2022,nan,"['倪一琳', '慕文玉', '张业林', '官仕文']"
SEO,002696,002696,2017,nan,"['宁光美', '黎程', '张晓义', '王海第']"
SEO,002699,002699,2014,nan,"['吕苏阳', '周小民']"
SEO,002699,002699,2015,nan,"['吕苏阳', '卜刚军']"
SEO,002702,002702,2022,nan,"['曹隆森', '李夏凡']"
SEO,002703,002703,2014,nan,"['贾川', '俞佳南']"
SEO,002703,002703,2022,nan,"['徐海泓', '翁宗将', '俞佳南', '贝柳辉']"
SEO,002705,002705,2016,nan,"['张锦坤', '何慧华']"
SEO,002705,002705,2020,nan,"['张锦坤', '吴满琼']"
SEO,002706,002706,2015,nan,"['王一芳', '张宇']"
SEO,002706,002706,2021,nan,"['包梅庭', '张叶盛']"
SEO,002707,002707,2014,nan,"['李朝辉', '张春雨']"
SEO,002707,002707,2018,nan,"['李朝辉', '孙太宏']"
SEO,002708,002708,2014,nan,"['张克东', '陈军']"
SEO,002708,002708,2022,nan,"['刘宇', '田川']"
SEO,002709,002709,2014,nan,"['童登书', '刘均山']"
SEO,002709,002709,2016,nan,"['童登书', '赵雷励']"
SEO,002709,002709,2020,nan,"['刘均山', '杨东晓']"
SEO,002712,002712,2015,nan,"['胡燕华', '王福康', '吴美琦']"
SEO,002713,002713,2016,nan,"['崔迎', '王振伟', '师玉春']"
SEO,002714,002714,2015,nan,"['李菊洁', '刘小静']"
SEO,002714,002714,2016,nan,"['李菊洁', '刘小静', '方建新', '陈瑜星']"
SEO,002714,002714,2017,nan,"['孙金梅', '刘小静', '高娜', '方建新', '陈瑜星']"
SEO,002714,002714,2018,nan,"['孙金梅', '高娜', '方建新', '何萍辉']"
SEO,002714,002714,2021,nan,"['李菊洁', '李文静', '孙金梅', '高娜']"
SEO,002716,002716,2016,nan,"['贺焕华', '刘钢跃']"
SEO,002716,002716,2022,nan,"['郑生军', '贺胜', '周毅']"
SEO,002717,002717,2015,nan,"['王韶华', '陈昭', '林恒新']"
SEO,002717,002717,2016,nan,"['王韶华', '林恒新']"
SEO,002717,002717,2017,nan,"['王韶华', '林恒新']"
SEO,002717,002717,2020,nan,"['陈昭', '林恒新']"
SEO,002718,002718,2015,nan,"['陈勇', '汪虹', '黄晔', '林烨']"
SEO,002719,002719,2014,nan,"['李萍', '彭中']"
SEO,002721,002721,2014,nan,"['苗策', '刘岩峰']"
SEO,002721,002721,2016,nan,"['裴灿', '王敏康', '姜斌', '徐伟东', '温安林', '吴平权', '王季民', '李欢']"
SEO,002721,002721,2019,nan,"['苗策', '徐伟东']"
SEO,002722,002722,2015,nan,"['李新民', '姚辉']"
SEO,002722,002722,2022,nan,"['姚辉', '李新民']"
SEO,002723,002723,2020,nan,"['黄辉', '肖国强']"
SEO,002724,002724,2019,nan,"['王湘飞', '周强']"
SEO,002726,002726,2020,nan,"['黄健', '周玉琼', '张宁宁']"
SEO,002727,002727,2017,nan,"['徐毅', '沈胜祺']"
SEO,002728,002728,2020,nan,"['杨春盛', '何海文']"
SEO,002728,002728,2023,nan,"['连伟', '何海文']"
SEO,002730,002730,2020,nan,"['沈维华', '陈志维', '伍贤春', '邱麟凯']"
SEO,002733,002733,2015,nan,"['潘忠民', '龙哲', '肖逸']"
SEO,002733,002733,2019,nan,"['肖逸', '李志光']"
SEO,002734,002734,2015,nan,"['王需如', '田晓', '徐秉惠', '霍华甫']"
SEO,002735,002735,2023,nan,"['丁彭凯', '宋金元']"
SEO,002736,002736,2018,nan,"['张云鹤', '崔永强', '黄燕', '谢军']"
SEO,002736,002736,2024,nan,"['谢军', '燕玉嵩']"
SEO,002738,002738,2018,nan,"['石晨起', '谢青']"
SEO,002738,002738,2022,nan,"['石晨起', '许欣波', '宁光美', '辛玉洁', '谢青']"
SEO,002739,002739,2015,nan,"['刘志文', '韩旺']"
SEO,002739,002739,2018,nan,"['刘志文', '潘存君']"
SEO,002739,002739,2020,nan,"['韩旺', '焦永丽']"
SEO,002740,002740,2015,nan,"['李素英', '徐士宝']"
SEO,002740,002740,2017,nan,"['何晓云', '东松']"
SEO,002741,002741,2015,nan,"['李新航', '周少鹏']"
SEO,002741,002741,2021,nan,"['蒯薏苡', '徐西蕊']"
SEO,002743,002743,2015,nan,"['方长顺', '郭孝龙', '胡新荣', '王彩霞']"
SEO,002743,002743,2020,nan,"['马章松', '邢昌磊']"
SEO,002745,002745,2015,nan,"['潘新华', '杨敢林', '陈文锋']"
SEO,002745,002745,2017,nan,"['张莉萍', '刘迪']"
SEO,002746,002746,2015,nan,"['迟慰', '王丽敏']"
SEO,002746,002746,2020,nan,"['迟慰', '于丛林']"
SEO,002747,002747,2015,nan,"['高峰', '孔令江', '朱广明', '周磊']"
SEO,002747,002747,2021,nan,"['朱广明', '周磊']"
SEO,002751,002751,2016,nan,"['陈志刚', '张磊', '杨劼', '陈良']"
SEO,002752,002752,2016,nan,"['李仕谦', '苏清炼']"
SEO,002752,002752,2016,nan,"['李仕谦', '苏清炼', '方建新', '陈瑜星']"
SEO,002752,002752,2019,nan,"['李仕谦', '苏清炼']"
SEO,002753,002753,2018,nan,"['臧青海', '王世峰']"
SEO,002753,002753,2024,nan,"['冯万奇', '臧旭']"
SEO,002755,002755,2018,nan,"['林盛宇', '陆成', '师玉春', '史锦辉']"
SEO,002756,002756,2021,nan,"['余建耀', '翁志刚', '钱晓颖']"
SEO,002757,002757,2017,nan,"['邓燏', '周建疆']"
SEO,002758,002758,2019,nan,"['倪一琳', '费旖']"
SEO,002759,002759,2016,nan,"['何凌峰', '胡志刚']"
SEO,002759,002759,2021,nan,"['范荣', '胡志刚', '韩军民']"
SEO,002760,002760,2020,nan,"['施琪璋', '孙青', '宛磊']"
SEO,002761,002761,2019,nan,"['翁伟', '王福康', '刘宇科', '曾文文']"
SEO,002761,002761,2024,nan,"['胡燕华', '尹志彬', '孙敏', '项巍巍', '王福康', '赵郑玉', '陈宇炜', '童贤']"
SEO,002765,002765,2018,nan,"['赵勇军', '谢洪奇']"
SEO,002765,002765,2022,nan,"['罗韬', '吕武勇']"
SEO,002766,002766,2016,nan,"['田景亮', '陆贤锋']"
SEO,002768,002768,2017,nan,"['路清', '王科']"
SEO,002770,002770,2016,nan,"['孙政军', '靳爱民']"
SEO,002772,002772,2015,nan,"['李晓娜', '黄丽琼']"
SEO,002775,002775,2021,nan,"['陈昱池', '单小瑞']"
SEO,002776,002776,2016,nan,"['胡春元', '陈卫武', '李斌华']"
SEO,002777,002777,2016,nan,"['周琪', '钱骁玲', '杨志平']"
SEO,002780,002780,2016,nan,"['占铁华', '杨杰']"
SEO,002780,002780,2023,nan,"['王英航', '祝永立']"
SEO,002782,002782,2020,nan,"['朱风娣', '黄志友', '唐艺']"
SEO,002782,002782,2022,nan,"['李建军', '朱风娣']"
SEO,002783,002783,2023,nan,"['刘起德', '方芳']"
SEO,002785,002785,2021,nan,"['吴萃柿', '覃业贵', '邱俊洲', '陈磊']"
SEO,002786,002786,2020,nan,"['范荣', '胡志刚', '韩军民']"
SEO,002787,002787,2017,nan,"['胡琳波', '余丽', '朱中伟', '赵国梁']"
SEO,002787,002787,2017,nan,"['胡琳波', '余丽', '朱中伟', '赵国梁', '龙海燕']"
SEO,002789,002789,2020,nan,"['胡乃鹏', '潘怡君', '宣德忠']"
SEO,002791,002791,2023,nan,"['陈刚', '张劲']"
SEO,002792,002792,2021,nan,"['潘新华', '梁家堂', '黄慧君', '邓瑞飞']"
SEO,002793,002793,2019,nan,"['曹小勤', '樊冬', '卢娅萍', '张建东']"
SEO,002797,002797,2019,nan,"['倪一琳', '唐成']"
SEO,002798,002798,2016,nan,"['华毅鸿', '袁竞艳']"
SEO,002799,002799,2021,nan,"['杨学伟', '慕佩珊']"
SEO,002800,002800,2020,nan,"['郭春俊', '卓红英']"
SEO,002803,002803,2018,nan,"['周海涛', '张东鹤', '常晓波']"
SEO,002805,002805,2020,nan,"['陈金波', '李鑫']"
SEO,002805,002805,2022,nan,"['田城', '于仁强']"
SEO,002810,002810,2020,nan,"['罗炳勤', '刘凤文']"
SEO,002812,002812,2017,nan,"['高世茂', '马碧玉']"
SEO,002812,002812,2020,nan,"['唐荣周', '彭大力']"
SEO,002812,002812,2021,nan,"['康文军', '唐荣周', '姚瑞']"
SEO,002815,002815,2022,nan,"['谢军', '刘恺', '燕玉嵩', '杨涟']"
SEO,002819,002819,2018,nan,"['范晓红', '欧阳鹏']"
SEO,002819,002819,2020,nan,"['方国华', '祝琪梅', '张冲良', '张海波', '张冲良', '张海波', '方国华', '祝琪梅']"
SEO,002821,002821,2020,nan,"['纪玉红', '陈君', '刘翠玲']"
SEO,002822,002822,2019,nan,"['屈先富', '唐亚波', '刘金平', '綦东钰']"
SEO,002822,002822,2019,nan,"['刘金平', '綦东钰']"
SEO,002824,002824,2021,nan,"['欧昌献', '邱诗鹏']"
SEO,002824,002824,2024,nan,"['陈链武', '邱诗鹏', '杨晓夏']"
SEO,002825,002825,2019,nan,"['王强', '林旺']"
SEO,002825,002825,2020,nan,"['孙文军', '王强', '边珊姗', '林旺']"
SEO,002829,002829,2022,nan,"['于长江', '周兰更']"
SEO,002837,002837,2017,nan,"['崔岩', '杨艳']"
SEO,002837,002837,2020,nan,"['杨艳', '付忠伟']"
SEO,002838,002838,2021,nan,"['王郁', '李永超']"
SEO,002840,002840,2021,nan,"['郑俭', '章宏瑜']"
SEO,002840,002840,2023,nan,"['郑俭', '张林', '章宏瑜', '陈茂行']"
SEO,002841,002841,2021,nan,"['王建民', '黄志业', '樊芝']"
SEO,002843,002843,2022,nan,"['曾春卫', '周曼', '张成']"
SEO,002845,002845,2019,nan,"['袁瑞彩', '唐娟']"
SEO,002846,002846,2022,nan,"['陈萌', '钟颖祺']"
SEO,002849,002849,2021,nan,"['伍贤春', '沈飞英']"
SEO,002850,002850,2020,nan,"['黄绍煌', '李全秋']"
SEO,002850,002850,2022,nan,"['黄绍煌', '陈美婷']"
SEO,002851,002851,2018,nan,"['章归鸿', '符凤萍']"
SEO,002851,002851,2025,nan,"['熊树蓉', '廖坤']"
SEO,002852,002852,2020,nan,"['刘宇科', '陈志红']"
SEO,002853,002853,2019,nan,"['吴萃柿', '刘泽涵']"
SEO,002856,002856,2019,nan,"['蔡浩', '桂迎', '耿兰']"
SEO,002858,002858,2020,nan,"['黄元喜', '丁煜']"
SEO,002858,002858,2023,nan,"['宋鑫', '丁煜', '张洋', '宁一锋', '谢盈盈']"
SEO,002859,002859,2022,nan,"['蒋晓东', '虞婷婷']"
SEO,002863,002863,2019,nan,"['汤洋', '孙琼']"
SEO,002863,002863,2023,nan,"['孙玉霞', '孙琼']"
SEO,002864,002864,2022,nan,"['陈科举', '王宏杰', '赵文泽']"
SEO,002865,002865,2022,nan,"['丁鹏', '龚昊', '施伟岑', '孙健伟', '薛建兵']"
SEO,002866,002866,2019,nan,"['支彩琴', '杨锦刚']"
SEO,002870,002870,2021,nan,"['周济平', '刘伟']"
SEO,002875,002875,2020,nan,"['刘杰生', '王建民', '梁肖林', '胥春', '吴泽敏']"
SEO,002876,002876,2019,nan,"['李立影', '张令']"
SEO,002877,002877,2023,nan,"['陈谋林', '张旭']"
SEO,002878,002878,2022,nan,"['韩瑞红', '朱小娃']"
SEO,002881,002881,2021,nan,"['武丽波', '宋保军', '肖威']"
SEO,002885,002885,2022,nan,"['何晶晶', '易群']"
SEO,002886,002886,2020,nan,"['李松清', '张丽']"
SEO,002886,002886,2022,nan,"['谢翠', '单小瑞', '张丽']"
SEO,002891,002891,2020,nan,"['迟慰', '王建英']"
SEO,002892,002892,2020,nan,"['王焕森', '蔡晓东']"
SEO,002893,002893,2022,nan,"['黄迎', '蒋晓岚', '孙彤', '么爱翠']"
SEO,002895,002895,2019,nan,"['谢芳', '夏翠琼']"
SEO,002895,002895,2022,nan,"['谢芳', '夏翠琼']"
SEO,002897,002897,2022,nan,"['洪建良', '闻炜锋', '赵雨亭']"
SEO,002899,002899,2022,nan,"['左伟', '杨帅', '王晖']"
SEO,002901,002901,2020,nan,"['方国华', '李明明']"
SEO,002902,002902,2022,nan,"['潘文中', '林梓韧', '龙湖川', '杨佳慧', '王琳']"
SEO,002906,002906,2022,nan,"['黄玥', '田芬']"
SEO,002908,002908,2020,nan,"['冼宏飞', '张淑霞']"
SEO,002909,002909,2020,nan,"['屈先富', '杨勇']"
SEO,002909,002909,2022,nan,"['颜艳飞', '张小勤']"
SEO,002910,002910,2019,nan,"['魏才香', '张颖莉', '李宗义']"
SEO,002913,002913,2020,nan,"['屈先富', '李进军']"
SEO,002915,002915,2019,nan,"['魏琴', '里全']"
SEO,002915,002915,2020,nan,"['姚丽强', '里全']"
SEO,002915,002915,2025,nan,"['孟鹏', '李继军', '高宝海']"
SEO,002916,002916,2021,nan,"['章顺文', '柴喜峰']"
SEO,002917,002917,2020,nan,"['郭晋龙', '张永德']"
SEO,002920,002920,2024,nan,"['欧昌献', '郭春林', '李华', '杨运辉']"
SEO,002921,002921,2021,nan,"['苏超', '刘华伟']"
SEO,002922,002922,2020,nan,"['陈链武', '曾光']"
SEO,002922,002922,2022,nan,"['陈链武', '秦昌明', '邱诗鹏', '彭敏', '杨晓夏', '张莉萍', '韩松亮']"
SEO,002922,002922,2024,nan,"['张莉萍', '韩松亮', '李嘉诚']"
SEO,002928,002928,2022,nan,"['杨镇宇', '张琦']"
SEO,002932,002932,2020,nan,"['李顺利', '余文琪']"
SEO,002936,002936,2019,nan,"['何琪', '黄梦琳']"
SEO,002939,002939,2021,nan,"['陈晓莹', '梁永炘']"
SEO,002940,002940,2020,nan,"['陈中江', '叶怀敏', '费方华', '屠晗']"
SEO,002943,002943,2021,nan,"['舒畅', '谢珍珍']"
SEO,002947,002947,2020,nan,"['邓德祥', '余芳芳']"
SEO,002947,002947,2023,nan,"['邓德祥', '朱丽丽', '康宁', '滕培彬', '余芳芳', '简艳会']"
SEO,002953,002953,2024,nan,"['陈丹燕', '周良']"
SEO,002957,002957,2024,nan,"['黄绍煌', '范丽华', '张端颖']"
SEO,002960,002960,2022,nan,"['张洋', '朱小伟']"
SEO,002965,002965,2022,nan,"['金炜', '杨林', '陶庆武']"
SEO,002967,002967,2020,nan,"['李新航', '蔡洁瑜']"
SEO,002967,002967,2025,nan,"['曹创', '邱诗鹏', '田键泯']"
SEO,002976,002976,2024,nan,"['汪玉寿', '倪士明', '齐飞翔', '韩雄', '翟萍萍', '吴昊']"
SEO,002978,002978,2022,nan,"['何勇', '谢芳', '李关毅']"
SEO,002984,002984,2022,nan,"['毕强', '潘素娇', '张吉范']"
SEO,002986,002986,2022,nan,"['李永利', '杨钒']"
SEO,002993,002993,2021,nan,"['崔永强', '朱爱银']"
SEO,002996,002996,2023,nan,"['郝世明', '郭卫娜', '付声文', '罗爽']"
SEO,003000,003000,2022,nan,"['曾毅凯', '罗跃龙']"
SEO,003005,003005,2023,nan,"['罗东先', '李婕']"
SEO,003007,003007,2024,nan,"['李永江', '于进']"
SEO,003013,003013,2025,nan,"['刘火旺', '刘益松']"
SEO,003029,003029,2022,nan,"['闫磊', '王金峰', '常浩', '王逸飞', '佟海光']"
SEO,003031,003031,2022,nan,"['唐荣周', '王鹏']"
SEO,003031,003031,2022,nan,"['唐荣周', '王鹏', '王忻', '张梦兰']"
SEO,003037,003037,2022,nan,"['梁肖林', '郭韵']"
SEO,003038,003038,2021,nan,"['施琪璋', '朱浩', '孙青', '方勤汉']"
SEO,003038,003038,2023,nan,"['施琪璋', '孙青', '方勤汉']"
SEO,003043,003043,2023,nan,"['金炜', '王福丽']"
SEO,300001,300001,2014,nan,"['王伦刚', '刘增明']"
SEO,300001,300001,2015,nan,"['王伦刚', '刘增明', '何勇', '谢芳']"
SEO,300001,300001,2020,nan,"['王伦刚', '刘增明']"
SEO,300003,300003,2014,nan,"['陈勇波', '郭健', '王娜']"
SEO,300003,300003,2016,nan,"['陈勇波', '郭健', '王娜']"
SEO,300004,300004,2013,nan,"['熊永忠', '刘清']"
SEO,300005,300005,2015,nan,"['刘洪跃', '王志伟']"
SEO,300006,300006,2013,nan,"['徐家敏', '赵勇军']"
SEO,300006,300006,2014,nan,"['徐家敏', '刘小平']"
SEO,300006,300006,2020,nan,"['赵勇军', '吴良辉']"
SEO,300007,300007,2014,nan,"['邓小强', '郝东升']"
SEO,300007,300007,2020,nan,"['杨东升', '吴可方', '邓小强', '熊建辉', '孔庆华', '郝东升']"
SEO,300008,300008,2013,nan,"['葛勤', '郭东']"
SEO,300008,300008,2015,nan,"['朱劲松', '李卓明']"
SEO,300009,300009,2015,nan,"['宋文', '朱武']"
SEO,300009,300009,2018,nan,"['宋文', '王军雅', '鲍灵姬']"
SEO,300010,300010,2014,nan,"['李惠琦', '卫俏嫔']"
SEO,300010,300010,2015,nan,"['傅智勇', '卫俏嫔']"
SEO,300011,300011,2014,nan,"['李荣坤', '李瑞红']"
SEO,300011,300011,2016,nan,"['王玥', '赵永春', '李荣坤', '李瑞红']"
SEO,300011,300011,2024,nan,"['崔云刚', '宋晓妮']"
SEO,300012,300012,2014,nan,"['朱伟峰', '赵国梁']"
SEO,300012,300012,2015,nan,"['朱伟峰', '赵国梁', '龙海燕']"
SEO,300013,300013,2014,nan,"['吴震', '朱洁莹', '孙冰', '王雄平']"
SEO,300013,300013,2022,nan,"['张晓荣', '李志杰']"
SEO,300014,300014,2014,nan,"['付后升', '高文俊']"
SEO,300014,300014,2018,nan,"['邓传洲', '何双']"
SEO,300014,300014,2020,nan,"['何双', '支彩琴']"
SEO,300014,300014,2022,nan,"['何双', '毛才玉']"
SEO,300015,300015,2016,nan,"['罗明国', '余宝玉']"
SEO,300015,300015,2019,nan,"['刘钧', '余宝玉']"
SEO,300015,300015,2021,nan,"['刘钧', '罗明国', '余宝玉', '喻友志']"
SEO,300016,300016,2014,nan,"['江永辉', '张在强']"
SEO,300016,300016,2025,nan,"['梁卫丽', '陈晶晶', '尹慧萍']"
SEO,300017,300017,2015,nan,"['谢军', '丁伟萍']"
SEO,300018,300018,2015,nan,"['罗军', '崔迎']"
SEO,300019,300019,2015,nan,"['曾红', '王小敏']"
SEO,300019,300019,2020,nan,"['王小敏', '邱燕']"
SEO,300020,300020,2013,nan,"['王科宇', '杨安杰', '高敏建']"
SEO,300020,300020,2014,nan,"['李惠丰', '孙峰']"
SEO,300020,300020,2022,nan,"['高敏建', '庞玉文']"
SEO,300021,300021,2015,nan,"['李宗义', '宫岩']"
SEO,300021,300021,2021,nan,"['张军书', '崔云刚', '郭顺玺', '宋晓妮']"
SEO,300022,300022,2020,nan,"['何勇', '徐洪平', '刘拉']"
SEO,300023,300023,2014,nan,"['刘世武', '李剑昕']"
SEO,300024,300024,2014,nan,"['宫国超', '闫长满', '宮颖']"
SEO,300025,300025,2012,nan,"['程志刚', '刘江杰']"
SEO,300025,300025,2020,nan,"['程志刚', '李志媛']"
SEO,300026,300026,2014,nan,"['杨建强', '王庆']"
SEO,300027,300027,2013,nan,"['刘贵彬', '汤其美', '谢军']"
SEO,300027,300027,2014,nan,"['贺辉娥', '谢军']"
SEO,300030,300030,2015,nan,"['刘杰生', '梁肖林']"
SEO,300031,300031,2015,nan,"['陈建忠', '朱敏杰', '吴舟']"
SEO,300032,300032,2014,nan,"['谭炼', '魏标文']"
SEO,300032,300032,2015,nan,"['魏标文', '谭炼', '赵祖荣']"
SEO,300034,300034,2017,nan,"['胡文勇', '苏小慧']"
SEO,300034,300034,2017,nan,"['胡文勇', '苏小慧', '吴劲松', '石磊']"
SEO,300034,300034,2020,nan,"['吴劲松', '刘明洋', '石磊', '李岩锋', '王玉霞']"
SEO,300034,300034,2024,nan,"['刘明洋', '石磊', '杜高强', '周景林', '李岩锋', '李京晏']"
SEO,300035,300035,2016,nan,"['杨迪航', '张海峰', '邹丽娟', '肖燕娇']"
SEO,300035,300035,2018,nan,"['邹丽娟', '张海峰']"
SEO,300035,300035,2021,nan,"['李剑', '欧阳小玲']"
SEO,300036,300036,2016,nan,"['王涛', '赵明']"
SEO,300036,300036,2020,nan,"['赵亦飞', '刘成龙']"
SEO,300037,300037,2014,nan,"['周珊珊', '蒋晓明']"
SEO,300037,300037,2018,nan,"['周优妹', '刘倩']"
SEO,300038,300038,2015,nan,"['朱劲松', '李卓明']"
SEO,300038,300038,2016,nan,"['朱劲松', '虢正科', '李卓明']"
SEO,300038,300038,2016,nan,"['茆广勤', '何家媚', '朱劲松', '虢正科', '李卓明']"
SEO,300040,300040,2015,nan,"['翁伟', '尹志彬']"
SEO,300041,300041,2014,nan,"['王劲松', '揭明']"
SEO,300041,300041,2016,nan,"['刘金进', '揭明']"
SEO,300041,300041,2020,nan,"['陈勇波', '李洪勇', '王龙龙']"
SEO,300044,300044,2016,nan,"['王旭彬', '张腾', '陈卫武', '陈延柏']"
SEO,300045,300045,2020,nan,"['梁轶男', '陈海霞', '白晶', '任一优', '宋崇岭']"
SEO,300046,300046,2020,nan,"['胡彦平', '杨伟军', '王庆莲', '冯珺']"
SEO,300047,300047,2015,nan,"['周俊祥', '陈勇']"
SEO,300047,300047,2016,nan,"['周俊祥', '陈勇']"
SEO,300048,300048,2015,nan,"['雷波涛', '马海霞']"
SEO,300049,300049,2014,nan,"['于建永', '陈伟', '张福建', '温秀芳']"
SEO,300050,300050,2014,nan,"['吴洁', '许维豪', '何晓明', '啜公明']"
SEO,300053,300053,2014,nan,"['王书阁', '邓军', '边俊豪']"
SEO,300053,300053,2016,nan,"['王书阁', '邓军', '王薇']"
SEO,300054,300054,2013,nan,"['李朝鸿', '张万斌']"
SEO,300054,300054,2016,nan,"['王知先', '夏红胜']"
SEO,300055,300055,2014,nan,"['刘涛', '张二勇', '郭澳', '张文涛']"
SEO,300055,300055,2015,nan,"['王书阁', '邓军']"
SEO,300055,300055,2021,nan,"['张二勇', '赵卓然']"
SEO,300056,300056,2014,nan,"['葛晓萍', '胡敬东']"
SEO,300056,300056,2015,nan,"['葛建红', '胡敬东']"
SEO,300057,300057,2014,nan,"['李东坤', '李炜']"
SEO,300057,300057,2022,nan,"['连伟', '文桂平']"
SEO,300058,300058,2015,nan,"['王玥', '张琼']"
SEO,300059,300059,2015,nan,"['姚辉', '李新民']"
SEO,300061,300061,2015,nan,"['郭安静', '杜海林']"
SEO,300062,300062,2020,nan,"['林凤', '翁凌静']"
SEO,300064,300064,2014,nan,"['耿辉', '杨文杰']"
SEO,300064,300064,2015,nan,"['崔玉强', '杨文杰']"
SEO,300065,300065,2015,nan,"['迟文洲', '王清峰']"
SEO,300065,300065,2017,nan,"['谭宪才', '迟文洲', '任德军']"
SEO,300065,300065,2022,nan,"['张丽雯', '吕玉芝']"
SEO,300066,300066,2014,nan,"['刘涛', '江晓']"
SEO,300067,300067,2016,nan,"['陆士敏', '李明']"
SEO,300067,300067,2020,nan,"['莫旭巍', '李明']"
SEO,300067,300067,2023,nan,"['蒋红薇', '舒颖菲', '莫旭巍', '李明']"
SEO,300068,300068,2015,nan,"['黄元喜', '赵丽']"
SEO,300070,300070,2014,nan,"['张海念', '于曙光']"
SEO,300070,300070,2020,nan,"['密惠红', '余骞']"
SEO,300071,300071,2013,nan,"['谭代明', '杨运辉']"
SEO,300071,300071,2014,nan,"['杨运辉', '杨敢林']"
SEO,300072,300072,2014,nan,"['蒋淑霞', '田小珑', '蒋淑霞', '秦春芝']"
SEO,300072,300072,2014,nan,"['蒋淑霞', '王兴杰']"
SEO,300073,300073,2017,nan,"['曹彬', '郑晓如']"
SEO,300073,300073,2021,nan,"['吕志', '谭建敏']"
SEO,300073,300073,2024,nan,"['曹阳', '王艳艳', '陈永毡', '许倩琳']"
SEO,300075,300075,2016,nan,"['苗策', '薛东升']"
SEO,300075,300075,2019,nan,"['王芳山', '邓战涛']"
SEO,300078,300078,2015,nan,"['翁伟', '胡彦龙']"
SEO,300078,300078,2018,nan,"['胡彦龙', '戴维']"
SEO,300080,300080,2012,nan,"['杨熹', '张兴']"
SEO,300080,300080,2018,nan,"['冯万奇', '李福兴', '张朝铖', '刘国平']"
SEO,300080,300080,2019,nan,"['张朝铖', '杨昊']"
SEO,300080,300080,2019,nan,"['张朝铖', '刘国平']"
SEO,300081,300081,2016,nan,"['常明', '孙彦民']"
SEO,300081,300081,2019,nan,"['敖都吉雅', '阿丽玛']"
SEO,300083,300083,2014,nan,"['梁烽', '王培']"
SEO,300083,300083,2020,nan,"['文爱凤', '王培', '陈芝莲']"
SEO,300084,300084,2014,nan,"['张有全', '宫岩', '张有全', '宫岩']"
SEO,300084,300084,2015,nan,"['秦宝', '宫岩']"
SEO,300084,300084,2023,nan,"['李宗义', '张吉柱']"
SEO,300085,300085,2014,nan,"['梅月欣', '蒙世权']"
SEO,300085,300085,2016,nan,"['梅月欣', '昝丽涛', '蒙世权']"
SEO,300087,300087,2020,nan,"['李朝鸿', '张敏敏', '胡俊']"
SEO,300088,300088,2013,nan,"['吴平权', '王子龙', '李友菊', '卢珍']"
SEO,300088,300088,2014,nan,"['王静', '卢珍', '孔晶晶']"
SEO,300089,300089,2016,nan,"['杨文蔚', '杨新春']"
SEO,300089,300089,2017,nan,"['杨文蔚', '杨新春']"
SEO,300090,300090,2012,nan,"['梁筱芳', '周红宇']"
SEO,300090,300090,2015,nan,"['梁筱芳', '金益平']"
SEO,300091,300091,2016,nan,"['朱广明', '曹建军', '管盛春', '洪霞']"
SEO,300091,300091,2017,nan,"['范荣', '胡志刚']"
SEO,300091,300091,2019,nan,"['范荣', '胡志刚', '颜利胜']"
SEO,300092,300092,2022,nan,"['崔腾', '李关毅']"
SEO,300094,300094,2017,nan,"['林卓彬', '管盛春', '洪霞']"
SEO,300094,300094,2021,nan,"['王兵', '潘桂权']"
SEO,300095,300095,2015,nan,"['周益平', '管丁才']"
SEO,300095,300095,2020,nan,"['周益平', '刘勇']"
SEO,300097,300097,2015,nan,"['韩波', '支力', '李晓刚', '李进德']"
SEO,300097,300097,2016,nan,"['李晓刚', '周洪波']"
SEO,300098,300098,2015,nan,"['刘火旺', '姚静']"
SEO,300098,300098,2016,nan,"['刘火旺', '姚静']"
SEO,300099,300099,2013,nan,"['江涛', '郭冬梅']"
SEO,300099,300099,2015,nan,"['赵艳美', '胡乃忠']"
SEO,300099,300099,2021,nan,"['江涛', '郭冬梅']"
SEO,300100,300100,2014,nan,"['朱伟', '郭宪明', '司维', '汪雄飞']"
SEO,300100,300100,2017,nan,"['郑彦臣', '杨丹']"
SEO,300102,300102,2014,nan,"['周俊超', '陈志达']"
SEO,300102,300102,2020,nan,"['张慧玲', '周俊超', '黄卉']"
SEO,300104,300104,2013,nan,"['李晓刚', '高屹', '李晓刚', '高屹']"
SEO,300104,300104,2015,nan,"['常晓波', '白西敏', '李晓刚', '周洪波']"
SEO,300108,300108,2014,nan,"['刘存有', '周全龙']"
SEO,300109,300109,2014,nan,"['倪俊', '陈海艳']"
SEO,300109,300109,2017,nan,"['闫宏江', '李晖']"
SEO,300111,300111,2022,nan,"['张建新', '杨金晓', '郑芳', '郭宪明']"
SEO,300112,300112,2015,nan,"['李细辉', '郑立红']"
SEO,300112,300112,2016,nan,"['王春华', '李斌', '李细辉', '郑立红']"
SEO,300113,300113,2015,nan,"['陈晓华', '陈龙', '魏丽娟']"
SEO,300114,300114,2023,nan,"['石晨起', '许欣波', '权恒']"
SEO,300115,300115,2014,nan,"['李立影', '李斌']"
SEO,300115,300115,2020,nan,"['李振华', '覃见忠']"
SEO,300115,300115,2023,nan,"['叶涵', '杨雪燕']"
SEO,300116,300116,2014,nan,"['翟晓敏', '杨光宇']"
SEO,300116,300116,2021,nan,"['曹忠志', '董梁军', '赵铨成']"
SEO,300118,300118,2013,nan,"['张晓义', '何年丰', '秦睿', '程端世', '封秋红']"
SEO,300118,300118,2016,nan,"['张晓义', '秦睿']"
SEO,300118,300118,2022,nan,"['张晓义', '秦睿', '夏坤']"
SEO,300119,300119,2015,nan,"['齐桂华', '赵月']"
SEO,300119,300119,2021,nan,"['王娜', '胡碟']"
SEO,300120,300120,2016,nan,"['林国伟', '陈秋霞']"
SEO,300120,300120,2018,nan,"['张萱', '陈秋霞']"
SEO,300120,300120,2020,nan,"['张萱', '刘志锋']"
SEO,300121,300121,2022,nan,"['索保国', '陈才', '王贡勇', '张超']"
SEO,300123,300123,2017,nan,"['李永利', '魏五军']"
SEO,300124,300124,2019,nan,"['谢晖', '李斌华', '谢晖', '李斌华']"
SEO,300124,300124,2020,nan,"['李斌华', '宋保军']"
SEO,300128,300128,2014,nan,"['闵志强', '汪焕新']"
SEO,300128,300128,2021,nan,"['汪焕新', '崔爱萍']"
SEO,300129,300129,2015,nan,"['陈英贤', '林金桂']"
SEO,300129,300129,2021,nan,"['张琦', '聂师', '梁寄意', '邓碧涛']"
SEO,300129,300129,2024,nan,"['徐继宏', '区伟杰']"
SEO,300130,300130,2016,nan,"['张晓义', '谭荣', '曹洪海', '周铁华']"
SEO,300131,300131,2022,nan,"['索保国', '江艳红']"
SEO,300133,300133,2013,nan,"['吕苏阳', '孙敏', '项丹丹']"
SEO,300133,300133,2014,nan,"['翁伟', '项丹丹', '吕苏阳']"
SEO,300133,300133,2020,nan,"['孙敏', '张文娟', '徐冬冬', '蒋玉龙']"
SEO,300134,300134,2015,nan,"['田景亮', '陆贤锋']"
SEO,300136,300136,2015,nan,"['梁烽', '叶华']"
SEO,300137,300137,2014,nan,"['邱淦泳', '许海丽']"
SEO,300138,300138,2014,nan,"['雷永鑫', '吴玉光', '闫丙旗']"
SEO,300140,300140,2015,nan,"['袁刚山', '黄清双']"
SEO,300140,300140,2018,nan,"['袁刚山', '左志民']"
SEO,300140,300140,2022,nan,"['吴玉光', '谢卉', '梁莉', '佟环']"
SEO,300140,300140,2022,nan,"['吴玉光', '谢卉', '杨俭']"
SEO,300143,300143,2015,nan,"['贺春海', '陈莹']"
SEO,300143,300143,2018,nan,"['许志扬', '纪耀钿']"
SEO,300143,300143,2022,nan,"['王晖', '陈征']"
SEO,300144,300144,2015,nan,"['蒋雪莲', '杨利敏']"
SEO,300146,300146,2014,nan,"['王韶华', '谭灏']"
SEO,300146,300146,2018,nan,"['冯琨琮', '段守凤', '王斌', '杜维伟']"
SEO,300146,300146,2020,nan,"['吴亦忻', '卜晓丽', '谭灏', '曾永龙']"
SEO,300148,300148,2015,nan,"['李明', '伍舫', '刘宇科']"
SEO,300149,300149,2017,nan,"['杨文蔚', '李旭佳', '潘振宇', '张志洁']"
SEO,300150,300150,2017,nan,"['卜晓丽', '吴亦忻']"
SEO,300151,300151,2022,nan,"['蔡晓丽', '张万斌']"
SEO,300155,300155,2020,nan,"['黄春燕', '阮章宏']"
SEO,300156,300156,2015,nan,"['密惠红', '于曙光']"
SEO,300157,300157,2011,nan,"['王友业', '肖常和']"
SEO,300157,300157,2013,nan,"['王云成', '肖常和']"
SEO,300157,300157,2015,nan,"['汪吉军', '翟毅彤']"
SEO,300158,300158,2015,nan,"['陈勇波', '梁谦海', '易冬', '傅顺喜', '杨敏兰', '刘志民']"
SEO,300159,300159,2015,nan,"['罗东先', '徐洪平']"
SEO,300160,300160,2021,nan,"['王耀华', '曾丽雅']"
SEO,300161,300161,2015,nan,"['吴杰', '黄晓华', '陈刚', '肖峰']"
SEO,300161,300161,2020,nan,"['汤家俊', '黄珂', '陈刚', '聂慧蓉']"
SEO,300162,300162,2015,nan,"['高虹', '马莉']"
SEO,300162,300162,2022,nan,"['凡章', '连伟', '王金云']"
SEO,300164,300164,2016,nan,"['张昆', '张旻逸']"
SEO,300164,300164,2018,nan,"['雷永鑫', '孙有航']"
SEO,300164,300164,2021,nan,"['冯建江', '王钰砥', '王锋革', '王颖哲']"
SEO,300164,300164,2022,nan,"['王锋革', '汪亚龙']"
SEO,300165,300165,2019,nan,"['刘勇', '孙殷骏']"
SEO,300166,300166,2013,nan,"['姜照东', '马莉']"
SEO,300166,300166,2014,nan,"['姜照东', '高永峰']"
SEO,300166,300166,2015,nan,"['韩景利', '姜照东']"
SEO,300166,300166,2020,nan,"['孙卫国', '李静', '冯万奇', '曾旭']"
SEO,300168,300168,2014,nan,"['单峰', '张文英']"
SEO,300168,300168,2021,nan,"['赵敏', '翟树得']"
SEO,300170,300170,2015,nan,"['林伟', '何剑']"
SEO,300171,300171,2022,nan,"['王伟青', '戴庭燕']"
SEO,300173,300173,2014,nan,"['王建新', '张永德', '杨敢林', '张莉萍']"
SEO,300173,300173,2019,nan,"['王海第', '时连升']"
SEO,300173,300173,2019,nan,"['王海第', '时连升', '廖文坚', '何其瑞']"
SEO,300174,300174,2019,nan,"['刘延东', '陈攀峰']"
SEO,300177,300177,2014,nan,"['熊永忠', '张静璃']"
SEO,300177,300177,2020,nan,"['张之祥', '庞安然']"
SEO,300178,300178,2015,nan,"['徐德', '薛祈明']"
SEO,300180,300180,2015,nan,"['沈建林', '陈科举']"
SEO,300180,300180,2016,nan,"['朱伟', '陈科举', '唐伟']"
SEO,300180,300180,2018,nan,"['陈科举', '倪金林']"
SEO,300181,300181,2014,nan,"['孔令江', '黄继佳']"
SEO,300181,300181,2022,nan,"['严海锋', '李岩']"
SEO,300182,300182,2014,nan,"['敖都吉雅', '范鹏飞']"
SEO,300182,300182,2015,nan,"['敖都吉雅', '范鹏飞']"
SEO,300183,300183,2015,nan,"['刁乃双', '王斐']"
SEO,300185,300185,2015,nan,"['王燕', '胡乃忠']"
SEO,300185,300185,2020,nan,"['胡乃忠', '李满']"
SEO,300187,300187,2014,nan,"['刘宇科', '肖金文']"
SEO,300188,300188,2015,nan,"['周俊超', '胡高升']"
SEO,300188,300188,2022,nan,"['陈峰', '王晓梅']"
SEO,300190,300190,2014,nan,"['汪洋', '严卫']"
SEO,300190,300190,2015,nan,"['詹军', '严卫']"
SEO,300190,300190,2016,nan,"['叶胜平', '肖华萍']"
SEO,300192,300192,2019,nan,"['朱海平', '林闻俊']"
SEO,300195,300195,2013,nan,"['张萱', '周军']"
SEO,300195,300195,2015,nan,"['林国伟', '周军']"
SEO,300196,300196,2015,nan,"['沈培强', '郭云华', '陈素素']"
SEO,300197,300197,2014,nan,"['熊永忠', '王旭彬', '张腾', '杨新春']"
SEO,300197,300197,2015,nan,"['王旭彬', '杨新春']"
SEO,300197,300197,2018,nan,"['熊永忠', '杨新春']"
SEO,300197,300197,2020,nan,"['林恒新', '杨新春', '张凤波']"
SEO,300197,300197,2022,nan,"['任一优', '刘勇']"
SEO,300198,300198,2014,nan,"['陈碧芸', '陈攀峰']"
SEO,300199,300199,2014,nan,"['章顺文', '陈勇', '廖家河', '徐士宝']"
SEO,300199,300199,2015,nan,"['周俊祥', '肖珍丽']"
SEO,300200,300200,2016,nan,"['陈金波', '于仁强']"
SEO,300204,300204,2025,nan,"['阚忠生', '薛飞霞']"
SEO,300207,300207,2017,nan,"['钟宇', '王熙', '邹军梅', '卢志清']"
SEO,300207,300207,2021,nan,"['王建新', '李文茜', '谢晖', '卢志清']"
SEO,300209,300209,2013,nan,"['叶慧', '刘华凯']"
SEO,300209,300209,2015,nan,"['叶慧', '曾莉', '刘华凯']"
SEO,300209,300209,2017,nan,"['邓雪雷', '杨伯民']"
SEO,300210,300210,2014,nan,"['宫国超', '冯颖']"
SEO,300212,300212,2014,nan,"['王秀萍', '陈永毡']"
SEO,300212,300212,2020,nan,"['杨志', '盖大江']"
SEO,300212,300212,2022,nan,"['张国华', '崔静洁']"
SEO,300213,300213,2016,nan,"['闫丙旗', '雷永鑫']"
SEO,300213,300213,2017,nan,"['张昆', '宋刚']"
SEO,300214,300214,2015,nan,"['罗炳勤', '刘凤文', '陈涛']"
SEO,300214,300214,2021,nan,"['荆秀梅', '张文荣']"
SEO,300215,300215,2015,nan,"['何玉琴', '史文明', '纪纬']"
SEO,300217,300217,2014,nan,"['李颖庆', '陈春晖']"
SEO,300217,300217,2020,nan,"['吴云', '黄文平', '张俊峰', '张世盛']"
SEO,300217,300217,2022,nan,"['吴云', '黄文平', '张俊峰', '张世盛']"
SEO,300219,300219,2015,nan,"['章归鸿', '周小春']"
SEO,300219,300219,2016,nan,"['周小春', '张俊']"
SEO,300221,300221,2016,nan,"['刘金进', '张少波']"
SEO,300222,300222,2013,nan,"['李友菊', '郑磊', '汪健']"
SEO,300222,300222,2015,nan,"['张婕', '齐利平', '左元']"
SEO,300222,300222,2015,nan,"['郑磊', '齐利平']"
SEO,300222,300222,2020,nan,"['郑磊', '方长顺', '刘润', '任张池']"
SEO,300223,300223,2018,nan,"['晁小燕', '田娟']"
SEO,300223,300223,2018,nan,"['晁小燕', '田娟', '时彦禄', '谭哲']"
SEO,300223,300223,2021,nan,"['田娟', '孟祥柱', '齐晓瑞']"
SEO,300224,300224,2016,nan,"['左伟', '李慧']"
SEO,300227,300227,2016,nan,"['钟钊', '彭中']"
SEO,300227,300227,2018,nan,"['程汉涛', '薛大龙', '黄怀颖', '邓金超']"
SEO,300227,300227,2020,nan,"['王首一', '吴建东']"
SEO,300228,300228,2014,nan,"['柏凌菁', '盛青', '沈岩', '刘大荣']"
SEO,300228,300228,2020,nan,"['朱佑敏', '盛青']"
SEO,300229,300229,2014,nan,"['蔡晓丽', '王首一']"
SEO,300229,300229,2018,nan,"['蔡晓丽', '安行']"
SEO,300229,300229,2023,nan,"['安行', '杜佳彬']"
SEO,300230,300230,2014,nan,"['陈春晖', '刘弋', '王华丽']"
SEO,300230,300230,2015,nan,"['陈春晖', '王华丽']"
SEO,300232,300232,2015,nan,"['李立影', '李斌']"
SEO,300232,300232,2020,nan,"['邓华明', '雷丽娜']"
SEO,300233,300233,2015,nan,"['沈文圣', '张希海']"
SEO,300234,300234,2015,nan,"['沈建林', '孙峰']"
SEO,300235,300235,2015,nan,"['陈葆华', '周灵芝']"
SEO,300236,300236,2014,nan,"['何和平', '秦凤']"
SEO,300236,300236,2020,nan,"['曹磊', '梁雯晶', '严臻']"
SEO,300237,300237,2014,nan,"['邓小强', '郝东升']"
SEO,300237,300237,2015,nan,"['邓小强', '孔庆华']"
SEO,300238,300238,2016,nan,"['黄伟成', '李新航', '李玉萍']"
SEO,300239,300239,2014,nan,"['郝丽江', '王鹏']"
SEO,300239,300239,2017,nan,"['郝丽江', '沈彦波']"
SEO,300239,300239,2020,nan,"['王忻', '郝丽江', '沈彦波']"
SEO,300241,300241,2015,nan,"['赵娟娟', '高虹']"
SEO,300241,300241,2020,nan,"['黄声森', '赵娟娟']"
SEO,300243,300243,2022,nan,"['袁涛', '庄肖']"
SEO,300244,300244,2015,nan,"['沈建林', '沈利刚', '魏琴']"
SEO,300244,300244,2017,nan,"['蔡畅', '姚丽强']"
SEO,300245,300245,2016,nan,"['朱育勤', '张洪', '鲍列仑']"
SEO,300246,300246,2021,nan,"['洪梅生', '李顶乾']"
SEO,300247,300247,2014,nan,"['张婕', '褚诗炜', '孔令莉']"
SEO,300247,300247,2015,nan,"['张婕', '褚诗炜']"
SEO,300247,300247,2016,nan,"['方长顺', '褚诗炜']"
SEO,300248,300248,2015,nan,"['刘金进', '李洪勇']"
SEO,300248,300248,2015,nan,"['刘金进', '李洪勇', '陈勇波', '王娜']"
SEO,300249,300249,2014,nan,"['李夕甫', '王莉']"
SEO,300249,300249,2025,nan,"['罗东先', '王莉']"
SEO,300250,300250,2013,nan,"['吴成航', '包平荣']"
SEO,300250,300250,2015,nan,"['吴成航', '包平荣']"
SEO,300251,300251,2014,nan,"['张庆栾', '吴细平']"
SEO,300252,300252,2016,nan,"['李宁', '阮喆']"
SEO,300252,300252,2021,nan,"['李宁', '阮喆']"
SEO,300252,300252,2025,nan,"['李宁', '阮喆', '刘琼', '钱潇']"
SEO,300253,300253,2014,nan,"['王殷', '欧维义', '朱艺伟']"
SEO,300254,300254,2014,nan,"['刘云', '王晴']"
SEO,300254,300254,2020,nan,"['唐国俊', '郑凌云']"
SEO,300254,300254,2021,nan,"['李春华', '唐健']"
SEO,300255,300255,2015,nan,"['石长海', '王英伟', '赵艳丽', '李伟']"
SEO,300256,300256,2013,nan,"['呙华文', '郭安静']"
SEO,300256,300256,2014,nan,"['钟永和', '周建武']"
SEO,300257,300257,2020,nan,"['严善明', '张颖', '倪顺涛']"
SEO,300258,300258,2020,nan,"['范晓红', '欧阳鹏']"
SEO,300259,300259,2015,nan,"['陈铮', '张宏敏']"
SEO,300261,300261,2014,nan,"['李颖庆', '宋婉春', '吕秋萍', '陈春晖']"
SEO,300261,300261,2016,nan,"['宋婉春', '李颖庆']"
SEO,300263,300263,2014,nan,"['张庆栾', '李鑫']"
SEO,300264,300264,2021,nan,"['肖文涛', '叶婷']"
SEO,300265,300265,2022,nan,"['于长江', '龙晶羽']"
SEO,300266,300266,2015,nan,"['谢贤庆', '鲁立', '叶卫民', '侯波']"
SEO,300266,300266,2017,nan,"['谢贤庆', '鲁立']"
SEO,300267,300267,2014,nan,"['李永利', '黄源源']"
SEO,300268,300268,2020,nan,"['苗策', '沙晓田']"
SEO,300270,300270,2017,nan,"['沈培强', '陈素素', '韩熙']"
SEO,300271,300271,2014,nan,"['霍万魁', '陈伟']"
SEO,300271,300271,2015,nan,"['李威', '易冬']"
SEO,300271,300271,2017,nan,"['于剑勇', '赵金']"
SEO,300271,300271,2018,nan,"['陈平', '赵奉忠']"
SEO,300273,300273,2014,nan,"['王远', '邵桂荣']"
SEO,300274,300274,2015,nan,"['张婕', '黄晓奇', '周文亮']"
SEO,300274,300274,2021,nan,"['宛云龙', '蒋伟', '姚娜']"
SEO,300275,300275,2020,nan,"['王会栓', '吴兴华']"
SEO,300276,300276,2017,nan,"['伍志超', '彭全明']"
SEO,300278,300278,2014,nan,"['李炜', '陈鹏']"
SEO,300279,300279,2022,nan,"['刘大荣', '刘娜']"
SEO,300279,300279,2022,nan,"['刘大荣', '贾志博', '刘娜']"
SEO,300280,300280,2017,nan,"['朱广明', '周磊']"
SEO,300280,300280,2017,nan,"['朱广明', '周磊', '詹从才', '徐岑']"
SEO,300281,300281,2016,nan,"['吉争雄', '刘清']"
SEO,300282,300282,2014,nan,"['王云成', '肖常和']"
SEO,300283,300283,2020,nan,"['凌燕', '沈利刚', '陈磊', '刘媛媛', '王琪', '徐珍珍']"
SEO,300284,300284,2014,nan,"['胡学文', '刘洁']"
SEO,300284,300284,2015,nan,"['胡学文', '林茜']"
SEO,300284,300284,2020,nan,"['胡学文', '史玉苗', '虞丽新', '林茜']"
SEO,300285,300285,2015,nan,"['裘小燕', '张小惠']"
SEO,300285,300285,2020,nan,"['张小惠', '刘国荣']"
SEO,300286,300286,2023,nan,"['周锋', '马钟宏', '陈瑛瑛', '戴维', '姜冬烽']"
SEO,300287,300287,2014,nan,"['刘海山', '白希楼', '李福兴']"
SEO,300287,300287,2015,nan,"['冯万奇', '刘红志', '惠增强', '徐士宝']"
SEO,300289,300289,2020,nan,"['张国华', '李述喜']"
SEO,300290,300290,2014,nan,"['陆红', '宫国超', '王逸飞', '盛东辉', '佟海光']"
SEO,300290,300290,2017,nan,"['陆红', '王逸飞', '佟海光']"
SEO,300290,300290,2017,nan,"['陆红', '王逸飞', '佟海光', '戴明']"
SEO,300290,300290,2019,nan,"['陆红', '戴明', '王天玥', '佟海光']"
SEO,300290,300290,2019,nan,"['陆红', '佟海光', '王逸飞']"
SEO,300290,300290,2020,nan,"['陆红', '王逸飞', '王玉宝', '王妍', '佟海光', '戴明']"
SEO,300291,300291,2014,nan,"['刘朝晖', '于鸿斌']"
SEO,300291,300291,2015,nan,"['王秀萍', '吕志']"
SEO,300291,300291,2020,nan,"['关黎明', '杨志', '张智慧']"
SEO,300292,300292,2020,nan,"['朱海平', '顾薇', '朱育勤', '沈景初']"
SEO,300293,300293,2021,nan,"['谭正嘉', '张倩倩']"
SEO,300293,300293,2022,nan,"['丁兆栋', '张倩倩']"
SEO,300294,300294,2015,nan,"['张彩斌', '王震']"
SEO,300294,300294,2017,nan,"['朱佑敏', '张飞云']"
SEO,300294,300294,2020,nan,"['王震', '张飞云']"
SEO,300296,300296,2015,nan,"['王云成', '辛文学']"
SEO,300296,300296,2016,nan,"['李璟', '辛文学']"
SEO,300297,300297,2014,nan,"['吴朝辉', '何凌峰']"
SEO,300297,300297,2015,nan,"['何凌峰', '吴朝辉', '王洁', '梁幸华']"
SEO,300298,300298,2017,nan,"['丁景东', '胡立才', '陈春光']"
SEO,300299,300299,2014,nan,"['胡素萍', '陈思荣', '曾燕华']"
SEO,300300,300300,2015,nan,"['沈建林', '孙峰']"
SEO,300301,300301,2015,nan,"['张晓义', '张朝铖']"
SEO,300302,300302,2018,nan,"['侯为征', '周振']"
SEO,300302,300302,2018,nan,"['侯为征', '周振', '谢青', '辛玉洁']"
SEO,300303,300303,2014,nan,"['王瑜军', '温安林']"
SEO,300304,300304,2015,nan,"['倪国君', '何林飞']"
SEO,300305,300305,2022,nan,"['殷明', '陈逸凡']"
SEO,300308,300308,2018,nan,"['汪超', '刘毅']"
SEO,300308,300308,2021,nan,"['汪超', '陈力']"
SEO,300309,300309,2015,nan,"['黄迎', '王欣']"
SEO,300310,300310,2015,nan,"['王建民', '吴震', '黄春燕']"
SEO,300310,300310,2016,nan,"['熊永忠', '杨新春']"
SEO,300313,300313,2015,nan,"['张凯', '倪意']"
SEO,300313,300313,2015,nan,"['张凯', '倪意', '黄巧梅']"
SEO,300313,300313,2017,nan,"['王广旭', '张媛媛']"
SEO,300316,300316,2015,nan,"['胡燕华', '潘晶晶']"
SEO,300316,300316,2021,nan,"['林德伟', '吉同刚', '潘晶晶', '项巍巍', '徐虎']"
SEO,300317,300317,2014,nan,"['徐德', '薛祈明']"
SEO,300317,300317,2015,nan,"['徐德', '薛祁明']"
SEO,300318,300318,2014,nan,"['姚宁', '温江宁']"
SEO,300319,300319,2015,nan,"['梁烽', '凌松梅', '王静', '卢珍', '储召忠']"
SEO,300319,300319,2016,nan,"['梁烽', '陈芝莲']"
SEO,300319,300319,2020,nan,"['蔡晓丽', '陶国恒']"
SEO,300319,300319,2023,nan,"['蔡晓丽', '陶国恒']"
SEO,300320,300320,2017,nan,"['沈岩', '季军']"
SEO,300322,300322,2020,nan,"['何双', '毛才玉']"
SEO,300323,300323,2015,nan,"['李朝鸿', '何杰']"
SEO,300323,300323,2016,nan,"['王知先', '夏红胜']"
SEO,300323,300323,2020,nan,"['潘新华', '彭敏']"
SEO,300323,300323,2022,nan,"['潘新华', '王连强']"
SEO,300324,300324,2013,nan,"['王贡勇', '邵立新', '张秀芹', '王意兰']"
SEO,300324,300324,2015,nan,"['常明', '孙彦民']"
SEO,300324,300324,2016,nan,"['常明', '孙彦民']"
SEO,300325,300325,2015,nan,"['朱育勤', '王恺']"
SEO,300326,300326,2013,nan,"['李海兵', '吴蓉']"
SEO,300326,300326,2016,nan,"['吕秋萍', '陈泓洲']"
SEO,300328,300328,2016,nan,"['周俊杰', '赵益辉', '屈先富', '扶交亮']"
SEO,300329,300329,2015,nan,"['章磊', '孙玉霞']"
SEO,300331,300331,2016,nan,"['吴洁', '许维豪', '朱育勤', '章英']"
SEO,300331,300331,2020,nan,"['杨力生', '戴祺']"
SEO,300332,300332,2014,nan,"['王重娟', '徐卉']"
SEO,300332,300332,2016,nan,"['董秦川', '徐卉']"
SEO,300334,300334,2014,nan,"['童登书', '刘均山']"
SEO,300334,300334,2016,nan,"['童登书', '刘均山']"
SEO,300335,300335,2015,nan,"['杨文蔚', '关文源', '冼宏飞']"
SEO,300336,300336,2014,nan,"['赵蓉', '戎凯宇', '林德伟', '高咏梅']"
SEO,300338,300338,2016,nan,"['李永利', '贺梦然']"
SEO,300339,300339,2014,nan,"['张全心', '褚诗炜']"
SEO,300339,300339,2015,nan,"['张全心', '褚诗炜', '周晓飞']"
SEO,300339,300339,2016,nan,"['褚诗炜', '汪玉寿', '周晓飞']"
SEO,300340,300340,2016,nan,"['陈琼', '王丹']"
SEO,300340,300340,2022,nan,"['李敏', '郭晓明']"
SEO,300341,300341,2014,nan,"['葛晓萍', '陈振瑞']"
SEO,300342,300342,2015,nan,"['严海锋', '高峰', '高月琴', '黄继佳']"
SEO,300343,300343,2015,nan,"['潘莉华', '江强', '王亮', '毕强', '谢吉平']"
SEO,300343,300343,2015,nan,"['毕强', '谢吉平']"
SEO,300343,300343,2015,nan,"['王芳山', '于雷', '毕强', '郭庆龄', '庄继宁', '田华']"
SEO,300344,300344,2020,nan,"['陈发勇', '陶雪茹']"
SEO,300345,300345,2014,nan,"['康顺平', '钟炽兵', '康高平']"
SEO,300345,300345,2021,nan,"['刘宇科', '陈秀文']"
SEO,300346,300346,2020,nan,"['王栋', '王钟慧']"
SEO,300347,300347,2015,nan,"['张松柏', '王法亮']"
SEO,300347,300347,2016,nan,"['张松柏', '王法亮']"
SEO,300348,300348,2015,nan,"['黄声森', '赵娟娟', '杨熹', '张兴']"
SEO,300348,300348,2016,nan,"['苏洋', '刘多奇']"
SEO,300348,300348,2023,nan,"['蒋晓明', '胡新']"
SEO,300349,300349,2016,nan,"['高峰', '孔令江']"
SEO,300350,300350,2020,nan,"['祁涛', '张万斌']"
SEO,300351,300351,2016,nan,"['倪国君', '何林飞']"
SEO,300352,300352,2014,nan,"['黄峰', '张志明', '金蕊']"
SEO,300352,300352,2015,nan,"['李力', '石拥军', '荣健', '单大信']"
SEO,300353,300353,2014,nan,"['陈勇波', '梁谦海']"
SEO,300353,300353,2015,nan,"['陈勇波', '梁谦海']"
SEO,300353,300353,2015,nan,"['陈勇波', '梁谦海', '韩晋忠']"
SEO,300353,300353,2021,nan,"['张萱', '高峰', '周睿', '解维']"
SEO,300353,300353,2022,nan,"['张萱', '高峰']"
SEO,300355,300355,2013,nan,"['葛晓萍', '陈振瑞']"
SEO,300355,300355,2014,nan,"['胡敬东', '葛建红', '葛晓萍', '陈振瑞']"
SEO,300355,300355,2016,nan,"['郑斌', '陈振瑞']"
SEO,300355,300355,2018,nan,"['葛晓萍', '洪卫辉', '胡敬东', '龚小山']"
SEO,300356,300356,2014,nan,"['梁烽', '叶华', '何晓明', '康雪艳']"
SEO,300358,300358,2014,nan,"['舒畅', '胡兵']"
SEO,300358,300358,2016,nan,"['舒畅', '胡兵', '罗跃龙', '胡芍']"
SEO,300358,300358,2019,nan,"['张津', '杨光']"
SEO,300358,300358,2022,nan,"['肖明明', '刘艳林']"
SEO,300359,300359,2015,nan,"['陈昭', '谭灏']"
SEO,300360,300360,2016,nan,"['吕苏阳', '陈勃', '赵海荣', '章伟杰']"
SEO,300362,300362,2015,nan,"['贺军', '宋晋平', '袁广明', '周平']"
SEO,300363,300363,2015,nan,"['黄巧梅', '于波成']"
SEO,300363,300363,2016,nan,"['张凯', '黄巧梅', '倪意', '罗艺']"
SEO,300364,300364,2015,nan,"['唐炫', '郑小川']"
SEO,300364,300364,2017,nan,"['唐炫', '王宏疆', '王亮', '任保强']"
SEO,300365,300365,2016,nan,"['赵永春', '王玥', '吕庆翔']"
SEO,300366,300366,2015,nan,"['宋朝学', '李宏志']"
SEO,300366,300366,2016,nan,"['宋朝学', '郝卫东']"
SEO,300366,300366,2020,nan,"['张雯燕', '李晟']"
SEO,300367,300367,2016,nan,"['邱靖之', '乔国刚', '王亚彬']"
SEO,300368,300368,2015,nan,"['石朝欣', '陈明生']"
SEO,300369,300369,2014,nan,"['许长英', '赵小微']"
SEO,300369,300369,2015,nan,"['刘杰', '盛梅琴']"
SEO,300370,300370,2015,nan,"['纪玉红', '李成林', '崔勇趁']"
SEO,300373,300373,2015,nan,"['倪国君', '何林飞']"
SEO,300373,300373,2020,nan,"['倪国君', '吕安吉', '李宗韡']"
SEO,300375,300375,2014,nan,"['江永辉', '张镝']"
SEO,300375,300375,2015,nan,"['冯万奇', '刘红志']"
SEO,300375,300375,2018,nan,"['何晓云', '高凯']"
SEO,300375,300375,2022,nan,"['毕强', '唐守东']"
SEO,300376,300376,2015,nan,"['李雯宇', '李剑平']"
SEO,300377,300377,2015,nan,"['黎明', '陈子涵']"
SEO,300379,300379,2014,nan,"['牛忠党', '廖家河']"
SEO,300379,300379,2015,nan,"['乐超军', '刘文豪']"
SEO,300379,300379,2022,nan,"['惠增强', '徐文博']"
SEO,300381,300381,2014,nan,"['王淑燕', '樊文景']"
SEO,300381,300381,2020,nan,"['樊文景', '杨从月']"
SEO,300382,300382,2015,nan,"['孙根泉', '滕飞']"
SEO,300382,300382,2021,nan,"['滕飞', '许喆']"
SEO,300383,300383,2015,nan,"['谢维', '袁冬梅']"
SEO,300383,300383,2020,nan,"['白秀荣', '韩靖']"
SEO,300384,300384,2016,nan,"['宋朝晖', '邱平']"
SEO,300385,300385,2016,nan,"['陈志', '周红宇']"
SEO,300388,300388,2015,nan,"['何晖', '徐远']"
SEO,300389,300389,2021,nan,"['方建新', '丁月明']"
SEO,300390,300390,2015,nan,"['宋文', '刘勇', '陈雪璐']"
SEO,300390,300390,2020,nan,"['刘勇', '俞国徽', '陈少侠']"
SEO,300390,300390,2022,nan,"['刘勇', '俞国徽', '陈少侠', '卢鑫', '仇笑康', '刘新星']"
SEO,300391,300391,2016,nan,"['秦秀贞', '张勇']"
SEO,300391,300391,2016,nan,"['刘守堂', '秦秀贞', '张勇']"
SEO,300393,300393,2016,nan,"['沈维华', '严燕鸿', '陈志纬']"
SEO,300394,300394,2017,nan,"['刘勇', '刘一红']"
SEO,300394,300394,2020,nan,"['刘勇', '刘一红']"
SEO,300395,300395,2018,nan,"['汤家俊', '罗亮']"
SEO,300395,300395,2022,nan,"['李建树', '陈柏彤']"
SEO,300395,300395,2025,nan,"['梁海涌', '崔静洁']"
SEO,300397,300397,2020,nan,"['张恩学', '石磊']"
SEO,300401,300401,2016,nan,"['周益平', '王继文']"
SEO,300401,300401,2019,nan,"['丁莉', '毛英莉', '周益平', '王继文']"
SEO,300402,300402,2022,nan,"['张丽芳', '贺爱雅', '徐士宝']"
SEO,300404,300404,2020,nan,"['黄辉', '涂勇军']"
SEO,300404,300404,2023,nan,"['黄辉', '肖国强']"
SEO,300406,300406,2019,nan,"['邹志文', '唐志钊', '桑涛', '黄怀颖']"
SEO,300407,300407,2025,nan,"['杨金山', '田翠']"
SEO,300408,300408,2020,nan,"['张锦坤', '吴满琼']"
SEO,300408,300408,2021,nan,"['张锦坤', '吴满琼']"
SEO,300409,300409,2015,nan,"['刘杰生', '吴泽敏']"
SEO,300409,300409,2018,nan,"['刘新发', '赵亮']"
SEO,300409,300409,2020,nan,"['付忠伟', '徐冬冬']"
SEO,300410,300410,2015,nan,"['李萍', '彭中']"
SEO,300410,300410,2016,nan,"['潘要文', '许倩']"
SEO,300411,300411,2016,nan,"['朱大为', '吴慧', '刘术红', '朱俊峰', '陈大愚', '张健']"
SEO,300412,300412,2015,nan,"['周海斌', '叶萍']"
SEO,300412,300412,2020,nan,"['郭文令', '孙玮']"
SEO,300413,300413,2017,nan,"['李萍', '张雯', '张进东', '刘欢', '李悦', '钟焕秀', '张勇梅']"
SEO,300413,300413,2017,nan,"['李萍', '张雯', '张进东', '刘欢', '李悦', '钟焕秀', '张勇梅', '李新葵', '张红', '杨意']"
SEO,300413,300413,2020,nan,"['李新葵', '张红']"
SEO,300414,300414,2016,nan,"['王小敏', '刘均']"
SEO,300415,300415,2020,nan,"['周重揆', '侯少龙']"
SEO,300416,300416,2016,nan,"['金炜', '苏娜', '史文明']"
SEO,300416,300416,2021,nan,"['史文明', '苏娜', '谢文彬']"
SEO,300418,300418,2015,nan,"['王友业', '强桂英', '孙继伟']"
SEO,300419,300419,2015,nan,"['张力', '黄清双']"
SEO,300420,300420,2017,nan,"['缪志坚', '陈焱鑫']"
SEO,300420,300420,2019,nan,"['缪志坚', '陈焱鑫', '徐银', '梁政洪']"
SEO,300421,300421,2016,nan,"['诸旭敏', '何卫明']"
SEO,300422,300422,2016,nan,"['傅成钢', '周曼']"
SEO,300422,300422,2020,2020-07-16,"['李明', '张卫帆']"
SEO,300422,300422,2021,nan,"['李明', '张卫帆']"
SEO,300423,300423,2017,nan,"['金顺兴', '邓华明']"
SEO,300425,300425,2015,nan,"['郝世明', '吴萃柿', '虞丽新', '顾春华']"
SEO,300425,300425,2016,nan,"['郝世明', '付声文']"
SEO,300426,300426,2020,nan,"['李萍', '曹时宜']"
SEO,300427,300427,2016,nan,"['刘维', '吴乐霖', '陈瑞斌']"
SEO,300427,300427,2017,nan,"['张凌雯', '巫宝才']"
SEO,300428,300428,2018,nan,"['陈小伟', '侯超飞']"
SEO,300428,300428,2018,nan,"['吴强', '王英航', '顾庆刚']"
SEO,300428,300428,2020,nan,"['吴强', '顾庆刚', '蔺儒坤']"
SEO,300429,300429,2015,nan,"['廖朝理', '叶东', '林雷', '郭志东', '詹晔']"
SEO,300429,300429,2016,nan,"['李来明', '罗振雄', '陈长元', '陈振伟']"
SEO,300432,300432,2016,nan,"['顾雪峰', '凌敏']"
SEO,300432,300432,2021,nan,"['顾雪峰', '谢骞', '陈璐瑛']"
SEO,300433,300433,2015,nan,"['殷建民', '崔永强']"
SEO,300433,300433,2020,nan,"['崔永强', '林少佳']"
SEO,300434,300434,2016,nan,"['沈佳盈', '陈思']"
SEO,300435,300435,2018,nan,"['林国雄', '张晓燕']"
SEO,300436,300436,2020,nan,"['王庆莲', '邱尔杰']"
SEO,300437,300437,2016,nan,"['董超', '李斌']"
SEO,300438,300438,2016,nan,"['何国铨', '周济平']"
SEO,300438,300438,2022,nan,"['王韶华', '刘伟', '周济平']"
SEO,300439,300439,2020,nan,"['李勇平', '陈云艳', '李静程']"
SEO,300441,300441,2015,nan,"['林鹏飞', '徐朗']"
SEO,300441,300441,2016,nan,"['林鹏飞', '徐朗']"
SEO,300442,300442,2020,nan,"['熊明峰', '吴岳松']"
SEO,300442,300442,2020,nan,"['熊明峰', '吴岳松', '张志伟']"
SEO,300443,300443,2015,nan,"['王燕', '景传轩']"
SEO,300443,300443,2019,nan,"['魏倩婷', '王燕', '胡乃忠', '李满']"
SEO,300443,300443,2022,nan,"['王传顺', '聂梓敏']"
SEO,300444,300444,2020,nan,"['赵恒勤', '李俊霞']"
SEO,300444,300444,2022,nan,"['赵恒勤', '李俊霞']"
SEO,300445,300445,2019,nan,"['唐琳', '侯增玉']"
SEO,300446,300446,2022,nan,"['杨志', '赵东旭']"
SEO,300447,300447,2016,nan,"['胡学文', '吴舟']"
SEO,300447,300447,2016,nan,"['胡学文', '吴舟', '李昱']"
SEO,300447,300447,2020,nan,"['李昱', '胡学文']"
SEO,300448,300448,2016,nan,"['魏标文', '禤文欣', '卢玲玉']"
SEO,300449,300449,2017,nan,"['朱锦梅', '王可']"
SEO,300449,300449,2021,nan,"['张宝岩', '周春利']"
SEO,300450,300450,2017,nan,"['沈在斌', '潘坤', '叶慧', '郭海龙', '李永永']"
SEO,300450,300450,2020,nan,"['郭海龙', '叶慧', '党小安', '李永永', '李雯敏', '木石磊']"
SEO,300451,300451,2019,nan,"['余建耀', '李鸿霞']"
SEO,300454,300454,2020,nan,"['蔡繁荣', '刘瑞霖', '蔡智锋', '刘晶晶']"
SEO,300455,300455,2018,nan,"['王宏利', '曹博']"
SEO,300456,300456,2015,nan,"['郑群', '王立新', '李知好', '侯红梅']"
SEO,300456,300456,2016,nan,"['魏强', '侯红梅']"
SEO,300456,300456,2020,nan,"['李丽芳', '侯红梅', '张瑞']"
SEO,300457,300457,2016,nan,"['梁烽', '文爱凤', '彭玲', '蔡晓东']"
SEO,300457,300457,2016,nan,"['梁烽', '文爱凤']"
SEO,300457,300457,2017,nan,"['蔡晓东', '彭玲']"
SEO,300457,300457,2019,nan,"['王焕森', '梁明伟', '张云鹤', '汪娟', '王巍']"
SEO,300458,300458,2016,nan,"['何晓明', '苏晓峰']"
SEO,300459,300459,2017,nan,"['程志刚', '刘江杰']"
SEO,300460,300460,2020,nan,"['陈琼', '陈延柏', '唐艺', '赖其寿', '肖桃树']"
SEO,300461,300461,2022,nan,"['孙峰', '吕爱珍']"
SEO,300463,300463,2020,nan,"['马平', '华毅鸿', '袁竞艳', '卫亚辉']"
SEO,300464,300464,2018,nan,"['何晓明', '苏晓峰']"
SEO,300464,300464,2018,nan,"['杨秩彬', '唐力', '何晓明', '苏晓峰']"
SEO,300464,300464,2022,nan,"['黄斌', '薛练武']"
SEO,300465,300465,2016,nan,"['赵亦飞', '潘高峰', '张克东', '成岚']"
SEO,300466,300466,2015,nan,"['邱俊洲', '张晓义']"
SEO,300466,300466,2016,nan,"['邱俊洲', '张晓义']"
SEO,300467,300467,2017,nan,"['郭东超', '林苇铭', '彭金勇', '余琴']"
SEO,300468,300468,2020,nan,"['刘远帅', '俞健业', '陈庆']"
SEO,300469,300469,2021,nan,"['庄继宁', '吴海燕', '任家虎', '贾嘉']"
SEO,300470,300470,2020,nan,"['郭东超', '胡如昌', '马平', '崔霞霖']"
SEO,300471,300471,2021,nan,"['杨燕', '刘梅', '徐家敏']"
SEO,300471,300471,2023,nan,"['刘均', '刘梅', '徐家敏']"
SEO,300471,300471,2024,nan,"['刘均', '向勇志', '刘梅']"
SEO,300472,300472,2017,nan,"['肖桂莲', '张雪咏', '孙建伟']"
SEO,300472,300472,2020,nan,"['陈谋林', '孙建伟']"
SEO,300473,300473,2020,nan,"['张津', '周勤俊', '耿磊', '赵彧非', '张毅']"
SEO,300473,300473,2022,nan,"['张津', '周勤俊', '韩雨薇', '高文俊', '刘思清']"
SEO,300473,300473,2024,nan,"['王华斌', '张洁亮']"
SEO,300474,300474,2018,nan,"['刘智清', '龚伟']"
SEO,300474,300474,2023,nan,"['谌秀梅', '邱阳']"
SEO,300476,300476,2016,nan,"['陈志刚', '王守军', '李进军', '屈先富', '邓玮']"
SEO,300476,300476,2021,nan,"['屈先富', '陈志刚', '王守军', '邓玮']"
SEO,300476,300476,2024,nan,"['滕海军', '邹志']"
SEO,300477,300477,2020,nan,"['陈跃华', '丁西国', '董富波']"
SEO,300479,300479,2017,nan,"['毕强', '姜晓东']"
SEO,300479,300479,2017,nan,"['郝先经', '姜晓东', '毕强']"
SEO,300479,300479,2020,nan,"['郝先经', '姜晓东', '李永芳']"
SEO,300480,300480,2016,nan,"['魏建红', '高建伟', '张建新', '张任飞']"
SEO,300480,300480,2020,nan,"['王高林', '张任飞', '郑军安']"
SEO,300481,300481,2016,nan,"['杨东升', '李花', '田立']"
SEO,300481,300481,2020,nan,"['杨东升', '吴可方', '李君']"
SEO,300482,300482,2017,nan,"['吴震', '黄春燕', '黄志业']"
SEO,300482,300482,2022,nan,"['王建民', '黄志业', '蔡慕玲']"
SEO,300483,300483,2017,nan,"['张勇', '张盈']"
SEO,300483,300483,2019,nan,"['刘云', '张勇', '张盈']"
SEO,300483,300483,2020,nan,"['刘云', '张琦', '张勇', '张盈']"
SEO,300486,300486,2017,nan,"['李剑', '张恩学']"
SEO,300487,300487,2020,nan,"['黄元喜', '徐晋波', '吴金玲', '吴长木']"
SEO,300490,300490,2017,nan,"['刘智清', '李晓阳', '黄滔']"
SEO,300490,300490,2022,nan,"['李晓阳', '肖园']"
SEO,300491,300491,2018,nan,"['屈先富', '韩雁光']"
SEO,300491,300491,2020,nan,"['密惠红', '于曙光', '李奔']"
SEO,300493,300493,2020,nan,"['顾兆翔', '冯炳彰']"
SEO,300494,300494,2020,nan,"['陈刚', '付平']"
SEO,300495,300495,2016,nan,"['侯黎明', '陈萌']"
SEO,300496,300496,2020,nan,"['曹阳', '王娟', '李万军', '蔡中伏']"
SEO,300496,300496,2022,nan,"['司伟库', '孙佳', '李万军', '蔡中伏']"
SEO,300497,300497,2020,nan,"['陈小金', '刘志勇']"
SEO,300501,300501,2020,nan,"['刘钢跃', '黄湘伟']"
SEO,300502,300502,2020,nan,"['陈延柏', '卢志清']"
SEO,300503,300503,2017,nan,"['吴常华', '钟锦燕', '陈丽萍']"
SEO,300503,300503,2020,nan,"['张宁', '刘冬冬']"
SEO,300505,300505,2017,nan,"['魏勇', '刘泽芬']"
SEO,300505,300505,2022,nan,"['彭让', '李秋霞', '魏勇', '刘泽芬']"
SEO,300506,300506,2016,nan,"['王韶华', '陈昭', '林恒新', '肖世超']"
SEO,300506,300506,2021,nan,"['胡乃鹏', '潘怡君', '孙玉宝']"
SEO,300507,300507,2020,nan,"['周益平', '熊绍保']"
SEO,300510,300510,2016,nan,"['齐晓丽', '李雯宇']"
SEO,300510,300510,2017,nan,"['齐晓丽', '李灵辉']"
SEO,300511,300511,2020,nan,"['顾兆翔', '林亚隽']"
SEO,300513,300513,2017,nan,"['张克东', '刘宇', '王昭']"
SEO,300513,300513,2017,nan,"['张克东', '刘宇']"
SEO,300520,300520,2018,nan,"['郑磊', '齐利平', '黄冰冰']"
SEO,300520,300520,2023,nan,"['郑磊', '刘润', '江泽瀚']"
SEO,300523,300523,2018,nan,"['纪玉红', '肖桂莲', '李成林', '崔勇趁', '李春燕']"
SEO,300525,300525,2018,nan,"['曹隆森', '桂后圆']"
SEO,300530,300530,2021,nan,"['杨克晶', '彭宗显', '陈建成', '林湧红']"
SEO,300531,300531,2018,nan,"['陈葆华', '周灵芝']"
SEO,300531,300531,2020,nan,"['陈葆华', '周灵芝']"
SEO,300537,300537,2017,nan,"['叶慧', '郭海龙']"
SEO,300537,300537,2021,nan,"['李靖豪', '杨霖', '宋鸣', '付细军', '彭云峰']"
SEO,300537,300537,2024,nan,"['彭云峰', '余文佑', '付细军', '庄翠曼']"
SEO,300538,300538,2020,nan,"['黎明', '王合丽']"
SEO,300539,300539,2024,nan,"['时斌', '唐小琴', '高建']"
SEO,300540,300540,2021,nan,"['申军', '赵本刚']"
SEO,300541,300541,2023,nan,"['密惠红', '蒲金凤']"
SEO,300545,300545,2020,nan,"['陈菁佩', '张引君']"
SEO,300546,300546,2020,nan,"['张立琰', '张骥', '钟俊', '张银娜', '孙慧敏']"
SEO,300548,300548,2020,nan,"['黄加才', '牟峥']"
SEO,300548,300548,2022,nan,"['黄加才', '郭蓓丽', '周晨']"
SEO,300550,300550,2020,nan,"['程志刚', '郑俭', '吕安吉', '吴传淼']"
SEO,300551,300551,2020,nan,"['周百鸣', '申旭', '张小玲']"
SEO,300552,300552,2020,nan,"['黄简', '安小梅']"
SEO,300553,300553,2021,nan,"['银雪姣', '孙玮', '叶萍', '郭赛', '章祥']"
SEO,300554,300554,2022,nan,"['胡学文', '吴舟', '朱云雷']"
SEO,300557,300557,2021,nan,"['李洪勇', '陈刚']"
SEO,300558,300558,2020,nan,"['孙峰', '刘亚芹']"
SEO,300560,300560,2018,nan,"['林庆瑜', '肖涵']"
SEO,300562,300562,2020,nan,"['张丽宾', '马玥', '梁谦海']"
SEO,300563,300563,2019,nan,"['曾莉', '刘华凯']"
SEO,300565,300565,2022,nan,"['章顺文', '倪万杰']"
SEO,300566,300566,2021,nan,"['张建新', '钟晓荣', '张觉敏']"
SEO,300567,300567,2020,nan,"['李顺利', '熊宇']"
SEO,300568,300568,2018,nan,"['陈昭', '游泽侯']"
SEO,300568,300568,2021,nan,"['关文源', '岑倩敏', '邓碧涛']"
SEO,300569,300569,2020,nan,"['赵波', '韩晓杰', '苏存学']"
SEO,300569,300569,2022,nan,"['赵波', '韩晓杰', '苏存学', '王晖', '苏存学']"
SEO,300571,300571,2018,nan,"['钟建栋', '杜娜', '李惠丰', '张俊慧']"
SEO,300571,300571,2020,nan,"['钟建栋', '杜娜', '李惠丰', '张俊慧']"
SEO,300572,300572,2020,nan,"['陈葆华', '周灵芝']"
SEO,300573,300573,2020,nan,"['郑晓东', '付云锋', '徐志敏']"
SEO,300576,300576,2019,nan,"['王志勇', '姜巍']"
SEO,300576,300576,2022,nan,"['常明', '杨彩凤']"
SEO,300576,300576,2024,nan,"['常明', '杨彩凤']"
SEO,300577,300577,2020,nan,"['张婕', '刘林泉']"
SEO,300578,300578,2018,nan,"['李文智', '刘炳晶']"
SEO,300578,300578,2020,nan,"['孙立倩', '孙希曦']"
SEO,300581,300581,2020,nan,"['牟宇红', '李亚望', '张建飞']"
SEO,300583,300583,2022,nan,"['俞德昌', '褚文静', '金闻', '吴建枫', '梁志勇']"
SEO,300585,300585,2020,nan,"['蔡卫华', '杨常平']"
SEO,300586,300586,2020,nan,"['赵国平', '高媛媛']"
SEO,300587,300587,2021,nan,"['王焕军', '马福珠', '杨如玉', '周书奕']"
SEO,300588,300588,2020,nan,"['王俊', '郭海龙', '叶慧']"
SEO,300589,300589,2020,nan,"['冯军', '李伟']"
SEO,300590,300590,2020,nan,"['王一芳', '张叶盛']"
SEO,300591,300591,2021,nan,"['贺春海', '李文茜']"
SEO,300592,300592,2019,nan,"['邱俊洲', '覃业贵']"
SEO,300592,300592,2019,nan,"['黄源源', '湛丹', '邱俊洲', '覃业贵']"
SEO,300593,300593,2022,nan,"['潘玉忠', '于晓波']"
SEO,300595,300595,2021,nan,"['文冬梅', '彭晶坤', '毛伟', '付劲勇', '郑鹏飞', '管鹏华']"
SEO,300596,300596,2020,nan,"['周垚', '杨博', '嵇道伟']"
SEO,300597,300597,2021,nan,"['钟本庆', '王丽娟']"
SEO,300598,300598,2022,nan,"['夏先锋', '陶会兴', '陈倩']"
SEO,300599,300599,2020,nan,"['王建民', '陈驹健']"
SEO,300601,300601,2019,nan,"['古范球', '王建新', '王瑞霞']"
SEO,300602,300602,2019,nan,"['黎明', '杨辉斌', '陈志刚', '王守军']"
SEO,300602,300602,2022,nan,"['李敏', '刘艳', '吴常华', '刘冬冬']"
SEO,300603,300603,2018,nan,"['吴丽', '王侠', '黄继佳', '于薇薇']"
SEO,300603,300603,2018,nan,"['黄继佳', '于薇薇', '朱瑛', '徐珍', '吴丽', '王侠']"
SEO,300603,300603,2021,nan,"['冯蕾', '董军红']"
SEO,300604,300604,2020,nan,"['缪志坚', '李正卫', '俞金波', '刘术红']"
SEO,300604,300604,2022,nan,"['李正卫', '俞金波', '严善明', '杨春伟']"
SEO,300607,300607,2019,2019-08-28,"['章顺文', '柴喜峰', '李敏', '倪万杰']"
SEO,300608,300608,2021,nan,"['单大信', '李星']"
SEO,300609,300609,2019,nan,"['谢骞', '顾雪峰', '文琼瑶']"
SEO,300612,300612,2021,nan,"['张文雪', '张震']"
SEO,300616,300616,2021,nan,"['周济平', '郑浩']"
SEO,300617,300617,2020,nan,"['常桂华', '闵志强', '施利华']"
SEO,300618,300618,2019,nan,"['解风梅', '郑卫国', '范鹏飞', '谭志东']"
SEO,300619,300619,2021,nan,"['夏富彪', '陈昭']"
SEO,300619,300619,2022,nan,"['胡敏坚', '林嘉灿']"
SEO,300620,300620,2020,nan,"['颜新才', '王新娟', '尹传松']"
SEO,300620,300620,2023,nan,"['李韩冰', '陈明']"
SEO,300623,300623,2018,nan,"['潘汝彬', '马云峰', '张莉萍', '任小超']"
SEO,300623,300623,2023,nan,"['潘坤', '周思莹']"
SEO,300627,300627,2020,nan,"['刘云', '孙丞润', '唐国骏', '谢嘉']"
SEO,300629,300629,2019,nan,"['党小安', '严望生']"
SEO,300629,300629,2023,nan,"['邓小勤', '李美婵']"
SEO,300630,300630,2019,nan,"['卢娅萍', '唐彬彬']"
SEO,300631,300631,2021,nan,"['王甫荣', '曾荣华']"
SEO,300632,300632,2019,nan,"['李轶芳', '王丹']"
SEO,300633,300633,2020,nan,"['朱中伟', '何晓明', '康雪艳', '杨兰', '孙惠']"
SEO,300634,300634,2020,nan,"['姚辉', '俞华']"
SEO,300636,300636,2022,nan,"['包梅庭', '吴迪']"
SEO,300638,300638,2018,nan,"['黄声森', '赵娟娟']"
SEO,300638,300638,2021,nan,"['廖文佳', '吴琰', '杨华', '邢向宗']"
SEO,300638,300638,2021,nan,"['廖文佳', '吴琰', '杨华', '吴静']"
SEO,300639,300639,2020,nan,"['李斌华', '王熙', '巫扬华']"
SEO,300640,300640,2020,nan,"['刘延东', '肖宇', '咸传芝']"
SEO,300640,300640,2022,nan,"['刘延东', '咸传芝']"
SEO,300643,300643,2020,nan,"['边珊姗', '潘健武']"
SEO,300647,300647,2018,nan,"['蔡永光', '肖明明']"
SEO,300647,300647,2019,nan,"['蔡永光', '刘艳林']"
SEO,300647,300647,2022,nan,"['吴军', '诸力']"
SEO,300648,300648,2020,nan,"['林新田', '叶文征']"
SEO,300648,300648,2023,nan,"['林庆瑜', '陈苏华']"
SEO,300649,300649,2020,nan,"['蔡畅', '王昌功', '陶凌雪']"
SEO,300650,300650,2020,nan,"['刘见生', '江玲']"
SEO,300650,300650,2024,nan,"['刘见生', '江玲']"
SEO,300654,300654,2020,nan,"['魏建红', '孙金书']"
SEO,300655,300655,2019,nan,"['张坚', '薛建兵']"
SEO,300655,300655,2019,nan,"['张坚', '傅婧']"
SEO,300655,300655,2021,nan,"['余建耀', '李鸿霞', '边俊豪', '赵卓然']"
SEO,300655,300655,2022,nan,"['林旺', '王建']"
SEO,300656,300656,2021,nan,"['郑明艳', '周赐麒']"
SEO,300657,300657,2018,nan,"['陈纹', '叶春']"
SEO,300657,300657,2021,nan,"['林炎临', '詹湛湛']"
SEO,300658,300658,2021,nan,"['邓锡麟', '宋美玉']"
SEO,300659,300659,2019,nan,"['李东昕', '杨七虎', '叶金福', '王准']"
SEO,300659,300659,2023,nan,"['叶金福', '王准']"
SEO,300662,300662,2020,nan,"['詹军', '蒋晓岚']"
SEO,300663,300663,2019,nan,"['李峰', '刘黎', '叶金福']"
SEO,300664,300664,2022,nan,"['于延国', '曹宇辰']"
SEO,300665,300665,2022,nan,"['罗灵', '饶焱平']"
SEO,300666,300666,2021,nan,"['凌燕', '陈思华', '梅军锋']"
SEO,300666,300666,2025,nan,"['凌燕', '顾肖达']"
SEO,300667,300667,2019,nan,"['崔迎', '夏瑞', '梅秀琴', '高升']"
SEO,300668,300668,2020,nan,"['肖菲', '朱磊']"
SEO,300669,300669,2020,nan,"['林鹏飞', '叶萍', '章祥']"
SEO,300670,300670,2018,nan,"['罗顺华', '赵晔']"
SEO,300671,300671,2019,nan,"['林燕娜', '李蓉']"
SEO,300671,300671,2021,nan,"['陈琼', '林燕娜']"
SEO,300672,300672,2022,nan,"['蒋西军', '肖青']"
SEO,300673,300673,2019,nan,"['郭文令', '罗静']"
SEO,300674,300674,2020,nan,"['张金华', '李洁茹', '郭晓清']"
SEO,300676,300676,2020,nan,"['黄寅', '王士杰']"
SEO,300677,300677,2020,nan,"['陈中江', '费方华', '彭香莲', '徐澄宬']"
SEO,300678,300678,2020,nan,"['申军', '刘浪']"
SEO,300680,300680,2018,nan,"['潘永祥', '冯建利']"
SEO,300680,300680,2019,nan,"['孙广友', '冯建利']"
SEO,300680,300680,2021,nan,"['潘永祥', '孙广友', '姚植基', '冯建利', '龚徐俊']"
SEO,300681,300681,2021,nan,"['于长江', '田玉川']"
SEO,300682,300682,2018,nan,"['李雪梅', '赵育鹏', '李莎']"
SEO,300682,300682,2023,nan,"['上官胜', '李潇']"
SEO,300683,300683,2020,nan,"['廖利华', '方正']"
SEO,300683,300683,2022,nan,"['廖利华', '范浩明']"
SEO,300684,300684,2019,nan,"['王玥', '尹录']"
SEO,300684,300684,2023,nan,"['王玥', '尹录', '赵永春', '史志强', '李巧梅', '袁刚', '王淇', '夏正曙', '武勇']"
SEO,300686,300686,2019,nan,"['陈琼', '王丹']"
SEO,300687,300687,2021,nan,"['魏标文', '彭宗显', '邹甜甜']"
SEO,300688,300688,2020,nan,"['闫磊', '梅亚运']"
SEO,300691,300691,2020,nan,"['郭晋龙', '张永德']"
SEO,300692,300692,2019,nan,"['熊明峰', '郭凯', '毛伟', '熊延森', '马小娟']"
SEO,300695,300695,2020,nan,"['缪志坚', '陈焱鑫', '李正卫', '徐银', '梁政洪']"
SEO,300696,300696,2020,nan,"['李夕甫', '胡如昌']"
SEO,300700,300700,2022,nan,"['傅成钢', '康代安', '杨明新', '宾崟', '陈天骄']"
SEO,300701,300701,2023,nan,"['胡永波', '潘佳勇']"
SEO,300702,300702,2020,nan,"['赵海荣', '章伟杰', '周小民', '陈丹萍']"
SEO,300706,300706,2020,nan,"['林新田', '林永仁']"
SEO,300707,300707,2022,nan,"['党小安', '郭海龙', '黄晓曲', '刘红先']"
SEO,300708,300708,2020,nan,"['汪玉寿', '季嘉伟']"
SEO,300708,300708,2022,nan,"['俞国徽', '季嘉伟', '许健']"
SEO,300711,300711,2025,nan,"['曹创', '田键泯']"
SEO,300715,300715,2020,nan,"['石斌全', '顾利梅', '沈翔']"
SEO,300721,300721,2020,nan,"['张军', '张学文']"
SEO,300724,300724,2020,nan,"['李建彬', '连益民']"
SEO,300725,300725,2020,nan,"['陈晓龙', '秦刘永', '贾丽娜']"
SEO,300726,300726,2021,nan,"['文爱凤', '陆尧钦']"
SEO,300729,300729,2021,nan,"['沈利刚', '凌燕', '徐珍珍', '姚佳成']"
SEO,300729,300729,2022,nan,"['沈利刚', '凌燕', '徐珍珍', '姚佳成']"
SEO,300729,300729,2023,nan,"['凌燕', '徐珍珍', '姚佳成', '张晓磊', '高竞雪']"
SEO,300731,300731,2022,nan,"['邓燏', '陈恒志']"
SEO,300733,300733,2020,nan,"['黄志芬', '陈彬']"
SEO,300733,300733,2021,nan,"['黄志芬', '陈彬']"
SEO,300735,300735,2019,nan,"['龙湖川', '卢伟胜']"
SEO,300735,300735,2024,nan,"['龙湖川', '杨佳慧']"
SEO,300737,300737,2020,nan,"['向晓三', '王建甫', '蒋舒媚', '许红瑾']"
SEO,300737,300737,2021,nan,"['王建甫', '许红瑾']"
SEO,300738,300738,2019,nan,"['马云山', '俞健业']"
SEO,300738,300738,2022,nan,"['杨诗学', '刘玫']"
SEO,300745,300745,2020,nan,"['屈先富', '扶交亮']"
SEO,300745,300745,2022,nan,"['黎明', '汪海潮', '李建军', '王者香', '郑明艳', '周为']"
SEO,300746,300746,2018,nan,"['谢贤庆', '翟晓宁']"
SEO,300748,300748,2020,nan,"['黄春燕', '黄越']"
SEO,300750,300750,2020,nan,"['殷雪芳', '施旭锋', '佘丽娜']"
SEO,300750,300750,2021,nan,"['殷雪芳', '蔡志良', '施旭锋']"
SEO,300751,300751,2020,nan,"['林雷', '詹晔', '詹从才', '何耀琦']"
SEO,300751,300751,2021,nan,"['李来民', '林雷', '詹晔', '王文娟', '詹从才']"
SEO,300752,300752,2021,nan,"['桑涛', '吴静', '杨华']"
SEO,300756,300756,2021,nan,"['王淑燕', '万晨燕']"
SEO,300757,300757,2020,nan,"['廖屹峰', '邓德祥', '赵梦娇']"
SEO,300757,300757,2023,nan,"['邓德祥', '刘帅']"
SEO,300758,300758,2020,nan,"['宫国超', '刘得钰']"
SEO,300761,300761,2021,nan,"['曹阳', '张志威']"
SEO,300762,300762,2020,nan,"['韩频', '郑钢', '赵键']"
SEO,300763,300763,2020,nan,"['吕瑛群', '皇甫滢']"
SEO,300763,300763,2022,nan,"['吕瑛群', '耿振', '皇甫滢']"
SEO,300765,300765,2021,nan,"['刘宇', '邢灿灿']"
SEO,300767,300767,2022,nan,"['薛淳琦', '曹宇辰']"
SEO,300768,300768,2020,nan,"['孙峰', '吕爱珍']"
SEO,300769,300769,2020,nan,"['任晓英', '周安兵']"
SEO,300769,300769,2021,nan,"['任晓英', '杨三生']"
SEO,300772,300772,2024,nan,"['黄元喜', '宋鑫', '朱勇', '龚文昌']"
SEO,300775,300775,2022,nan,"['张丽芳', '张霞']"
SEO,300777,300777,2021,nan,"['唐荣周', '王鹏', '王忻']"
SEO,300779,300779,2022,nan,"['顾欣', '许培梅']"
SEO,300779,300779,2024,nan,"['许培梅', '刘崇军', '王红娜']"
SEO,300782,300782,2020,nan,"['王一芳', '侯文灏']"
SEO,300782,300782,2025,nan,"['乔琪', '缪环宇']"
SEO,300785,300785,2020,nan,"['罗跃龙', '李小玲', '杨旭']"
SEO,300786,300786,2020,nan,"['张立', '袁人环']"
SEO,300790,300790,2020,nan,"['郭小军', '陈桂生']"
SEO,300792,300792,2020,nan,"['谢贤庆', '黄婵娟', '方钢']"
SEO,300793,300793,2021,nan,"['叶慧', '王俊', '郭海龙', '李靖豪']"
SEO,300796,300796,2021,nan,"['胡新荣', '叶伟伟']"
SEO,300802,300802,2019,nan,"['王亮', '吴晓蕊']"
SEO,300802,300802,2022,nan,"['李海龙', '闵兆君']"
SEO,300806,300806,2021,nan,"['胡新荣', '周文亮', '余正泽']"
SEO,300811,300811,2024,nan,"['巩启春', '卢勇']"
SEO,300820,300820,2022,nan,"['黄志芬', '顾宏谋', '张卓', '阳历']"
SEO,300825,300825,2020,nan,"['李春玉', '黄小丁']"
SEO,300827,300827,2023,nan,"['邓明勇', '伊君莉']"
SEO,300846,300846,2021,nan,"['郝丽江', '沈彦波']"
SEO,300846,300846,2022,nan,"['王忻', '杨倩', '郝丽江', '沈彦波', '唐荣周']"
SEO,300848,300848,2022,nan,"['姜峰', '于晓言']"
SEO,300848,300848,2024,nan,"['姜峰', '于晓言']"
SEO,300850,300850,2021,nan,"['李洪仪', '关德福']"
SEO,300850,300850,2023,nan,"['陈英杰', '王亚杰']"
SEO,300857,300857,2022,nan,"['徐继宏', '郑晓鑫']"
SEO,300858,300858,2022,nan,"['王郁', '陈玲']"
SEO,300873,300873,2022,nan,"['郝世明', '付声文', '张蕾']"
SEO,300887,300887,2021,nan,"['胡碟', '王娜']"
SEO,300890,300890,2022,nan,"['文爱凤', '王培']"
SEO,300902,300902,2023,nan,"['陈祖珍', '涂蓬芳', '钟晓连', '王冰冰']"
SEO,300903,300903,2021,nan,"['刘磊', '文爱凤', '刘朝']"
SEO,300903,300903,2022,nan,"['刘磊', '刘朝', '王巧燕']"
SEO,300903,300903,2025,nan,"['黄恺', '李传亮', '孙红艳', '王巧燕', '曹磊']"
SEO,300905,300905,2022,nan,"['丁陈隆', '吴金婉']"
SEO,300905,300905,2022,nan,"['丁陈隆', '吴金婉', '朱兆斌', '王建军']"
SEO,300909,300909,2021,nan,"['梁粱', '贺惠']"
SEO,300909,300909,2021,nan,"['梁粱', '贺惠', '何晶晶']"
SEO,300913,300913,2023,nan,"['朱国刚', '章智华']"
SEO,300918,300918,2023,nan,"['韩伟', '李胜']"
SEO,300919,300919,2021,nan,"['刘智清', '曾春卫', '陈贵']"
SEO,300919,300919,2022,nan,"['刘智清', '曾春卫', '陈贵', '傅成钢', '宾崟']"
SEO,300926,300926,2022,nan,"['毛伟', '杨和龙', '李波']"
SEO,300926,300926,2024,nan,"['吴军', '于伟']"
SEO,300940,300940,2022,nan,"['汤其美', '刘丽红']"
SEO,300945,300945,2022,nan,"['张芹', '方国华', '李明明', '戴冰冰']"
SEO,300953,300953,2022,nan,"['谢贤庆', '黄平', '王露']"
SEO,300958,300958,2023,nan,"['罗毅彪', '况永宏', '闫志波']"
SEO,300972,300972,2023,nan,"['安素强', '杨逸辰']"
SEO,300982,300982,2022,nan,"['李海兵', '吴蓉', '王萌']"
SEO,300984,300984,2025,nan,"['杨林', '王福丽', '管恒鑫']"
SEO,300988,300988,2022,nan,"['刘勇', '刘一红']"
SEO,300995,300995,2025,nan,"['贺春海', '卓晓娜']"
SEO,300996,300996,2022,nan,"['江涛', '郭冬梅']"
SEO,300998,300998,2022,nan,"['党小安', '沈华珊', '王兴华', '黄晓曲']"
SEO,301011,301011,2025,nan,"['覃易', '陈新伟', '万蜜']"
SEO,301012,301012,2022,nan,"['缪志坚', '尉建清', '赵辉', '严善明']"
SEO,301018,301018,2022,nan,"['胡敏坚', '游泽侯']"
SEO,301029,301029,2023,nan,"['秦劲力', '张银娜']"
SEO,301030,301030,2022,nan,"['范晓红', '戴志燕', '陈亚强', '庄盛旺']"
SEO,301045,301045,2023,nan,"['刘文豪', '张文慧', '张丽芳']"
SEO,301057,301057,2022,nan,"['蔡畅', '何新娣', '叶鑫', '叶冠成']"
SEO,301063,301063,2022,nan,"['陆德忠', '程正凤', '钱俊峰', '朱健']"
SEO,301066,301066,2023,nan,"['黄元喜', '宋鑫', '金东伟', '朱勇', '杨文平']"
SEO,301071,301071,2022,nan,"['吴少华', '桑东雪']"
SEO,301073,301073,2022,nan,"['毛宝军', '刘美', '黄为', '林俊']"
SEO,301109,301109,2023,nan,"['高寄胜', '胡芍', '蒋凯']"
SEO,301160,301160,2023,nan,"['丁春荣', '李煜琦']"
SEO,301160,301160,2025,nan,"['邓明勇', '何伟', '丁春荣', '李煜琦']"
SEO,301162,301162,2024,nan,"['李璟', '王震', '卢丽', '周忠原']"
SEO,301236,301236,2025,nan,"['潘高峰', '王建华']"
SEO,301278,301278,2024,nan,"['潘佳勇', '许言炎']"
SEO,301297,301297,2024,nan,"['陈素素', '魏瑶']"
SEO,301358,301358,2023,nan,"['李剑', '赵娇', '彭亚敏']"
SEO,301380,301380,2023,nan,"['陈君', '成立卿']"
SEO,301488,301488,2025,nan,"['平海鹏', '刘亚仕']"
SEO,301489,301489,2025,nan,"['吴亮', '肖娜']"
SEO,301518,301518,2025,nan,"['童寒锋', '魏新宇']"
SEO,301607,301607,2025,nan,"['陈焱鑫', '周王飞', '尉建清']"
SEO,600000,600000,2010,nan,"['严盛炜', '周明骏']"
SEO,600000,600000,2014,nan,"['胡亮', '周章', '张武']"
SEO,600000,600000,2015,nan,"['胡亮', '张武', '张健', '杨伟平']"
SEO,600000,600000,2016,nan,"['胡亮', '周章', '张武']"
SEO,600004,600004,2006,nan,"['蒋洪峰', '洪文伟']"
SEO,600004,600004,2020,nan,"['姜干', '钟松林']"
SEO,600004,600004,2024,nan,"['张曦', '周小林']"
SEO,600007,600007,2006,nan,"['涂益', '周齐']"
SEO,600008,600008,2013,nan,"['王娟', '李丹', '何德明']"
SEO,600008,600008,2017,nan,"['钱斌', '李丹']"
SEO,600010,600010,2011,nan,"['魏志华', '张军']"
SEO,600010,600010,2013,nan,"['弓新平', '李洪仪']"
SEO,600011,600011,2010,nan,"['王斌红', '毕玮多', '陈新华', '谭红旭']"
SEO,600011,600011,2017,nan,"['邹俊', '付强', '李瑶', '胡倩']"
SEO,600015,600015,2015,nan,"['吕静', '李婧', '李杰', '卫俏嫔']"
SEO,600015,600015,2018,nan,"['范里鸿', '文启斯', '李杰']"
SEO,600015,600015,2021,nan,"['张凡', '姜长征', '文启斯', '马晓波']"
SEO,600016,600016,2006,nan,"['涂益', '王伟', '黄庆林', '赵吉云']"
SEO,600016,600016,2015,nan,"['金乃雯', '窦友明', '闫琳', '张红蕾']"
SEO,600017,600017,2010,nan,"['谢军', '王海第', '童登书', '梁卫丽']"
SEO,600018,600018,2010,nan,"['朱建弟', '葛伟俊', '肖骅']"
SEO,600018,600018,2014,nan,"['葛伟俊', '毛玥明', '王薇']"
SEO,600019,600019,2016,nan,"['许育荪', '蒋健']"
SEO,600020,600020,2014,nan,"['熊建益', '黄印强', '江福源']"
SEO,600021,600021,2016,nan,"['郑卫军', '廖志勇']"
SEO,600021,600021,2021,nan,"['罗玉成', '苗丽静', '郑卫军']"
SEO,600022,600022,2014,nan,"['许保如', '杨晓东']"
SEO,600025,600025,2024,nan,"['陈智', '张志阳', '唐洪春']"
SEO,600026,600026,2017,nan,"['王友娟', '王汝杰', '党小安', '薛建兵']"
SEO,600026,600026,2025,nan,"['马元兰', '王辉', '王汝杰', '汪进利']"
SEO,600027,600027,2009,nan,"['邹俊', '张楠']"
SEO,600027,600027,2011,nan,"['邹俊', '黄佳']"
SEO,600027,600027,2013,nan,"['郭晓波', '李福春']"
SEO,600027,600027,2014,nan,"['郭晓波', '王志华']"
SEO,600027,600027,2021,nan,"['闫磊', '付志成', '卯建强', '张帆', '石爱红', '彭文争']"
SEO,600027,600027,2024,nan,"['邱欣', '闫欢']"
SEO,600028,600028,2023,nan,"['杨洁', '何曙']"
SEO,600029,600029,2017,nan,"['王洁', '郭文敏']"
SEO,600029,600029,2019,nan,"['王洁', '梁曦', '郭文敏']"
SEO,600029,600029,2021,nan,"['李婉薇', '王洁', '梁曦', '韩雁光', '麦剑青']"
SEO,600030,600030,2019,nan,"['韩丹', '刘微', '黄晨', '刘瑷']"
SEO,600031,600031,2006,nan,"['林万强', '杨敢林']"
SEO,600031,600031,2008,nan,"['林万强', '杨敢林', '欧昌献']"
SEO,600032,600032,2022,nan,"['李士龙', '曾涛', '朱泽民']"
SEO,600035,600035,2016,nan,"['吴杰', '陈刚', '桂琴']"
SEO,600036,600036,2017,nan,"['蒲红霞', '王立鹏', '吴钟鸣', '刘明华', '曾浩']"
SEO,600037,600037,2015,nan,"['郑建彪', '李洋']"
SEO,600038,600038,2012,nan,"['古小荣', '李岩峰']"
SEO,600038,600038,2023,nan,"['张玲', '白莹莹']"
SEO,600038,600038,2023,nan,"['黎程', '黄颖']"
SEO,600039,600039,2012,nan,"['杨建强', '乐军', '王庆']"
SEO,600039,600039,2016,nan,"['王庆', '顾宏谋']"
SEO,600039,600039,2020,nan,"['郭东超', '顾宏谋']"
SEO,600039,600039,2021,nan,"['张永刚', '黎杉']"
SEO,600048,600048,2009,nan,"['陈星辉', '祁涛']"
SEO,600048,600048,2015,nan,"['祁涛', '邓艳明']"
SEO,600050,600050,2017,nan,"['罗科', '肖中珂']"
SEO,600053,600053,2006,nan,"['李国平', '舒佳敏']"
SEO,600054,600054,2014,nan,"['廖传宝', '王艳']"
SEO,600055,600055,2015,nan,"['周铮文', '封磊', '丛敬']"
SEO,600055,600055,2021,nan,"['谭红梅', '周莉']"
SEO,600056,600056,2012,nan,"['梁海涌', '王维']"
SEO,600057,600057,2010,nan,"['刘维', '李志平', '吴锦凤']"
SEO,600057,600057,2014,nan,"['刘维', '张凌雯']"
SEO,600057,600057,2015,nan,"['胡素萍', '吴莉莉']"
SEO,600057,600057,2022,nan,"['张慧玲', '黄雅萍', '张莉']"
SEO,600059,600059,2009,nan,"['朱大为', '沈晓霞']"
SEO,600059,600059,2020,nan,"['朱大为', '郭云华', '吕瑛群', '方俊鸣', '万从新']"
SEO,600060,600060,2009,nan,"['胡宏', '赵家祥']"
SEO,600061,600061,2016,nan,"['许培梅', '王红娜']"
SEO,600062,600062,2007,nan,"['曹阳', '程瑞']"
SEO,600062,600062,2015,nan,"['王景波', '陈克选', '阮丽君']"
SEO,600063,600063,2006,nan,"['潘峰', '张婕', '朱彰森']"
SEO,600063,600063,2010,nan,"['方长顺', '张婕', '彭江应']"
SEO,600063,600063,2014,nan,"['方长顺', '翟大发']"
SEO,600063,600063,2015,nan,"['方长顺', '翟大发']"
SEO,600063,600063,2021,nan,"['方长顺', '徐斌', '夏海林']"
SEO,600066,600066,2014,nan,"['吕勇军', '胡丽娟']"
SEO,600067,600067,2006,nan,"['邱秋星', '孟翠香']"
SEO,600068,600068,2013,nan,"['向辉', '刘苗', '吴育岐', '李恩船']"
SEO,600069,600069,2007,nan,"['候梅生', '崔守忠']"
SEO,600069,600069,2008,nan,"['陈伟国', '候梅生']"
SEO,600069,600069,2014,nan,"['杨东升', '王高林']"
SEO,600070,600070,2016,nan,"['王国海', '石斌全']"
SEO,600071,600071,2018,nan,"['杨昕', '肖祖光', '汤孟强', '张立']"
SEO,600072,600072,2015,nan,"['郑卫军', '韩少华', '宋勇']"
SEO,600072,600072,2022,nan,"['张伟', '胡慰']"
SEO,600073,600073,2010,nan,"['王一芳', '乔琪', '张宇']"
SEO,600073,600073,2014,nan,"['张宇', '乔琪']"
SEO,600074,600074,2014,nan,"['刘四兵', '朱风娣', '肖厚祥', '潘大亮']"
SEO,600074,600074,2015,nan,"['宣宜辰', '陈雷']"
SEO,600075,600075,2015,nan,"['朱中伟', '许治平']"
SEO,600075,600075,2015,nan,"['朱中伟', '许治平', '金顺兴']"
SEO,600075,600075,2019,nan,"['朱中伟', '丁素军']"
SEO,600076,600076,2015,nan,"['宁轲', '孟昭峰']"
SEO,600076,600076,2020,nan,"['李进', '张年军']"
SEO,600077,600077,2009,nan,"['陈曙', '叶卫民']"
SEO,600077,600077,2013,nan,"['叶卫民', '雷应波']"
SEO,600079,600079,2012,nan,"['索保国', '张文娟', '刘金进', '李顺利']"
SEO,600079,600079,2014,nan,"['索保国', '黄韵', '向辉', '郭晗']"
SEO,600079,600079,2016,nan,"['向辉', '杨洪']"
SEO,600079,600079,2020,nan,"['张文娟', '刘红平']"
SEO,600080,600080,2016,nan,"['翟晓敏', '王玮玮']"
SEO,600081,600081,2019,nan,"['高宇', '谭亮', '孙佩佩']"
SEO,600082,600082,2006,nan,"['尹琳', '盖占魁']"
SEO,600084,600084,2009,nan,"['于雳', '张静', '邱四平', '季红', '魏强']"
SEO,600084,600084,2014,nan,"['谢添湘', '郑宗春']"
SEO,600086,600086,2014,nan,"['李炜', '李东坤']"
SEO,600087,600087,2007,nan,"['张天福', '刘月涛']"
SEO,600087,600087,2009,nan,"['冯纪燕', '谢卉']"
SEO,600090,600090,2015,nan,"['宋岩', '季红', '孔庆华', '杨成']"
SEO,600091,600091,2015,nan,"['王晓波', '栾国保']"
SEO,600093,600093,2014,nan,"['王凌燕', '高丽华']"
SEO,600094,600094,2009,nan,"['王传邦', '郑国强', '胡国木']"
SEO,600094,600094,2013,nan,"['张坚', '郭守俊']"
SEO,600094,600094,2015,nan,"['王传邦', '郭海龙']"
SEO,600095,600095,2019,nan,"['李永利', '张笑']"
SEO,600095,600095,2020,nan,"['蔡伟', '张言伟', '刘飞飞']"
SEO,600096,600096,2010,nan,"['陈新华', '谭红旭', '郭茜', '李玉']"
SEO,600096,600096,2012,nan,"['王婷', '李玉', '朱叙明', '高斌', '李甜', '刘婷']"
SEO,600096,600096,2014,nan,"['方自维', '韦军', '管云鸿']"
SEO,600096,600096,2020,nan,"['彭让', '廖芳']"
SEO,600097,600097,2008,nan,"['胡建军', '张坚', '李进华', '朱美荣']"
SEO,600097,600097,2015,nan,"['肖菲', '陈迅骅', '王一芳']"
SEO,600098,600098,2011,nan,"['谢岷', '潘冬梅', '陈雄溢']"
SEO,600098,600098,2021,nan,"['姜干', '司徒慧强']"
SEO,600100,600100,2007,nan,"['张克东', '朱敏珍', '王映浒']"
SEO,600100,600100,2009,nan,"['张克东', '潘玉忠']"
SEO,600100,600100,2014,nan,"['张克东', '刘宇']"
SEO,600100,600100,2020,nan,"['周重揆', '何降星', '曹小琳', '杨美', '谢东良']"
SEO,600103,600103,2015,nan,"['肖军', '蔡斌']"
SEO,600104,600104,2006,nan,"['原守清', '胡媛媛', '朱蕾蕾', '杨晓梅']"
SEO,600104,600104,2010,nan,"['原守清', '范思雯']"
SEO,600104,600104,2011,nan,"['原守清', '胡媛媛', '范思雯', '袁园']"
SEO,600104,600104,2015,nan,"['原守清', '马甜甜']"
SEO,600105,600105,2015,nan,"['连向阳', '关群']"
SEO,600108,600108,2009,nan,"['秦宝', '张有全', '刘冬梅', '董国杰']"
SEO,600109,600109,2006,nan,"['阮响华', '阮响华']"
SEO,600109,600109,2012,nan,"['阮响华', '李元良']"
SEO,600109,600109,2014,nan,"['阮响华', '李元良']"
SEO,600109,600109,2021,nan,"['李元良', '李青松']"
SEO,600110,600110,2007,nan,"['徐运生', '李洪峰']"
SEO,600110,600110,2009,nan,"['徐运生', '刘昆', '许东']"
SEO,600110,600110,2020,nan,"['刘新发', '丁冬梅', '曹玮']"
SEO,600110,600110,2021,nan,"['陈勇', '林万锞']"
SEO,600112,600112,2009,nan,"['廖福澍', '李萍']"
SEO,600114,600114,2013,nan,"['朱大为', '耿振']"
SEO,600114,600114,2015,nan,"['吕瑛群', '耿振']"
SEO,600115,600115,2009,nan,"['杨旭东', '王笑', '赵蓉', '黄薇']"
SEO,600115,600115,2012,nan,"['蒋颂祎', '李儇', '蒋红薇']"
SEO,600115,600115,2015,nan,"['袁勇敏', '王朝军']"
SEO,600115,600115,2018,nan,"['孟冬', '季宇亭']"
SEO,600115,600115,2021,nan,"['孟冬', '高涛']"
SEO,600115,600115,2022,nan,"['杨旭东', '刘玉玉']"
SEO,600116,600116,2009,nan,"['龙文虎', '梁正勇']"
SEO,600116,600116,2013,nan,"['弋守川', '宋军']"
SEO,600116,600116,2019,nan,"['李洪仪', '杨卫国', '王帅军']"
SEO,600117,600117,2015,nan,"['管盛春', '王会珍']"
SEO,600119,600119,2007,nan,"['钱志昂', '陈竑']"
SEO,600119,600119,2020,nan,"['万玲玲', '宋文燕']"
SEO,600120,600120,2016,nan,"['焦点', '刘利平', '祝宗善', '胡超']"
SEO,600120,600120,2021,nan,"['吴光明', '徐勒']"
SEO,600121,600121,2012,nan,"['张恩军', '刘玮']"
SEO,600122,600122,2009,nan,"['李来民', '林雷']"
SEO,600126,600126,2015,nan,"['叶卫民', '沈佳盈']"
SEO,600126,600126,2015,nan,"['叶卫民', '沈佳盈', '王建兰']"
SEO,600127,600127,2013,nan,"['李新葵', '曹湘琦']"
SEO,600128,600128,2007,nan,"['虞丽新', '顾晓蓉']"
SEO,600129,600129,2016,nan,"['梁正勇', '曾志', '龙文虎']"
SEO,600131,600131,2019,nan,"['曹彬', '高艳丽']"
SEO,600133,600133,2012,nan,"['刘钧', '喻友志']"
SEO,600133,600133,2012,nan,"['宗旭东', '姚舜']"
SEO,600133,600133,2016,nan,"['刘钧', '姚舜']"
SEO,600133,600133,2018,nan,"['刘钧', '姚舜', '罗明国']"
SEO,600133,600133,2018,nan,"['刘钧', '罗明国']"
SEO,600135,600135,2014,nan,"['蔡晓丽', '王首一']"
SEO,600135,600135,2018,nan,"['梁海涌', '段立新']"
SEO,600136,600136,2014,nan,"['何前', '徐殷鹏', '汤家俊', '钱莉']"
SEO,600136,600136,2015,nan,"['徐殷鹏', '秦松涛', '张剑骏', '王明璀', '章霞']"
SEO,600136,600136,2017,nan,"['李建树', '喻俊']"
SEO,600137,600137,2006,nan,"['刘均', '秦茂', '闾力华', '刘晓松']"
SEO,600137,600137,2008,nan,"['陈更生', '秦茂']"
SEO,600138,600138,2006,nan,"['陈勇波', '陈立新']"
SEO,600138,600138,2013,nan,"['密惠红', '于曙光']"
SEO,600139,600139,2008,nan,"['吴寿潜', '宋朝学']"
SEO,600141,600141,2006,nan,"['王永新', '吴岚']"
SEO,600141,600141,2009,nan,"['王永新', '陈旭']"
SEO,600141,600141,2012,nan,"['覃丽君', '刘汉军', '王永新']"
SEO,600141,600141,2014,nan,"['倪俊', '宋丽君']"
SEO,600141,600141,2016,nan,"['刘汉军', '宋丽君']"
SEO,600141,600141,2019,nan,"['刘汉军', '陈海艳']"
SEO,600141,600141,2020,nan,"['刘汉军', '陈海艳']"
SEO,600143,600143,2016,nan,"['张锦坤', '关敏洁']"
SEO,600146,600146,2014,nan,"['张培军', '杜会冉']"
SEO,600150,600150,2006,nan,"['胡宏', '文军']"
SEO,600150,600150,2007,nan,"['袁勇敏', '朱敏', '杨俊', '张明益']"
SEO,600150,600150,2018,nan,"['杨昕', '许峰', '许宗谅', '肖祖光', '单国明']"
SEO,600150,600150,2019,nan,"['杨昕', '许峰', '许宗谅', '肖祖光', '单国明']"
SEO,600150,600150,2024,nan,"['宋智云', '魏琰琰']"
SEO,600151,600151,2015,nan,"['蔡晓丽', '王首一']"
SEO,600152,600152,2017,nan,"['陈小红', '俞德昌', '罗顺华', '张军', '徐海军', '孙华']"
SEO,600152,600152,2020,nan,"['舒国平', '陈骋']"
SEO,600153,600153,2007,nan,"['徐珊', '陈芳']"
SEO,600155,600155,2013,nan,"['李敏', '徐家敏']"
SEO,600155,600155,2016,nan,"['张再鸿', '张睿睿']"
SEO,600155,600155,2021,nan,"['段奇', '江山', '胡晓辉']"
SEO,600157,600157,2009,nan,"['王献力', '张立全', '马秀英', '刘彦顺', '徐士诚', '孔令芹']"
SEO,600157,600157,2010,nan,"['单英明', '徐士诚', '陆文娟', '迟斐斐', '何玉梅']"
SEO,600157,600157,2011,nan,"['王晓楠', '单英明', '迟斐斐']"
SEO,600157,600157,2014,nan,"['王晓楠', '单英明', '迟斐斐']"
SEO,600157,600157,2015,nan,"['王晓楠', '单英明', '陆文娟']"
SEO,600158,600158,2018,nan,"['陈伟', '迟国栋']"
SEO,600159,600159,2006,nan,"['吴亦忻', '卜晓丽']"
SEO,600160,600160,2010,nan,"['傅芳芳', '李德勇']"
SEO,600160,600160,2015,nan,"['傅芳芳', '陈中江']"
SEO,600161,600161,2008,nan,"['刘会林', '匡敏']"
SEO,600161,600161,2020,nan,"['王振宇', '楚福娟']"
SEO,600162,600162,2015,nan,"['杨克晶', '彭宗显']"
SEO,600163,600163,2007,nan,"['刘久芳', '陈玉珍']"
SEO,600163,600163,2014,nan,"['李萍', '钟焕秀', '翁杰菁', '林招通']"
SEO,600163,600163,2019,nan,"['陈蓁', '林招通', '白灯满']"
SEO,600165,600165,2010,nan,"['司建军', '赵永安', '常瑛']"
SEO,600166,600166,2007,nan,"['王涛', '苏金其']"
SEO,600166,600166,2009,nan,"['苏金其', '王涛']"
SEO,600166,600166,2014,nan,"['任一优', '郑建彪', '王涛']"
SEO,600166,600166,2022,nan,"['王涛', '佟西涛']"
SEO,600167,600167,2015,nan,"['刘敏', '孟从敏']"
SEO,600168,600168,2012,nan,"['王郁', '闵超', '王思环', '朱烨']"
SEO,600169,600169,2008,nan,"['王玉才', '肖晓燕']"
SEO,600169,600169,2010,nan,"['郭新民', '曹秋锋', '梁青民', '王玉才']"
SEO,600169,600169,2015,nan,"['梁青民', '王增民']"
SEO,600169,600169,2020,nan,"['龙传喜', '司伟库']"
SEO,600170,600170,2009,nan,"['肖峰', '郑杰', '李文祥', '周敏']"
SEO,600170,600170,2011,nan,"['肖峰', '汪超']"
SEO,600170,600170,2014,nan,"['钱志昂', '何旭春', '林璐']"
SEO,600170,600170,2016,nan,"['钱志昂', '何旭春', '李爽']"
SEO,600171,600171,2017,nan,"['孟冬', '徐乐乐', '舒铭', '张静娟']"
SEO,600172,600172,2010,nan,"['侯立勋', '杨克晶']"
SEO,600172,600172,2014,nan,"['王磊', '肖玲', '于涛', '付平']"
SEO,600172,600172,2015,nan,"['张砚东', '唐红雨', '杨建乔']"
SEO,600173,600173,2007,nan,"['张万宝', '周民']"
SEO,600175,600175,2008,nan,"['谭道义', '李珊']"
SEO,600175,600175,2013,nan,"['林鹏飞', '郭文令', '郑彦臣', '李洪涛']"
SEO,600175,600175,2014,nan,"['郑彦臣', '陈新胜']"
SEO,600176,600176,2010,nan,"['陈永宏', '郭兆刚']"
SEO,600176,600176,2015,nan,"['周百鸣', '莫伟']"
SEO,600177,600177,2015,nan,"['吴蓉', '李海兵']"
SEO,600179,600179,2015,nan,"['林盛', '李新刚', '张婕', '郑磊', '蔡浩']"
SEO,600179,600179,2015,nan,"['张婕', '郑磊', '蔡浩']"
SEO,600180,600180,2011,nan,"['谢青', '丁亭亭']"
SEO,600180,600180,2013,nan,"['张大志', '马英强']"
SEO,600183,600183,2010,nan,"['王韶华', '洪文伟']"
SEO,600184,600184,2009,nan,"['张文荣', '赵保雄', '葛惠平']"
SEO,600184,600184,2014,nan,"['王晓清', '李光初']"
SEO,600184,600184,2023,nan,"['安行', '汪百元']"
SEO,600185,600185,2015,nan,"['王远', '罗洪福', '于涛', '付平']"
SEO,600186,600186,2020,nan,"['逯文君', '杜丽']"
SEO,600187,600187,2012,nan,"['蔡伟', '王春世', '支力']"
SEO,600187,600187,2015,nan,"['蔡伟', '刘飞飞']"
SEO,600189,600189,2016,nan,"['冯嵩', '苗亚飞', '曹雪洁']"
SEO,600190,600190,2008,nan,"['吴宇', '王心']"
SEO,600190,600190,2013,nan,"['黄骁', '吴宇', '张立志']"
SEO,600192,600192,2012,nan,"['李强', '阎灵芝']"
SEO,600195,600195,2012,nan,"['于涛', '付平', '杨涛', '朱昂', '杨池生', '解风梅']"
SEO,600196,600196,2009,nan,"['袁勇敏', '张飞']"
SEO,600196,600196,2015,nan,"['侯捷', '刘扬']"
SEO,600196,600196,2020,nan,"['侯捷', '蔡玙晨']"
SEO,600198,600198,2013,nan,"['张军书', '蔡晓丽', '王首一']"
SEO,600198,600198,2021,nan,"['陈勇波', '汪平平', '蔡晓丽', '修军', '陈勇波', '汪平平', '蔡晓丽', '修军']"
SEO,600199,600199,2010,nan,"['方长顺', '朱艳', '张婕', '施琪璋']"
SEO,600199,600199,2017,nan,"['方长顺', '陈少侠', '俞国徽']"
SEO,600200,600200,2014,nan,"['钱志昂', '张雯']"
SEO,600200,600200,2016,nan,"['姚雪勇', '周秉钧', '翟小民', '张洪']"
SEO,600200,600200,2016,nan,"['翟小民', '张洪']"
SEO,600201,600201,2015,nan,"['肖菲', '包梅庭']"
SEO,600203,600203,2013,nan,"['童益恭', '张伟']"
SEO,600203,600203,2014,nan,"['童益恭', '林红', '涂振连', '廖蕊']"
SEO,600203,600203,2015,nan,"['童益恭', '林红']"
SEO,600203,600203,2020,nan,"['李卓良', '柯雪梅']"
SEO,600206,600206,2012,nan,"['胡小黑', '袁华伟']"
SEO,600206,600206,2013,nan,"['郭健', '袁华伟', '宋湘连']"
SEO,600206,600206,2013,nan,"['郭健', '宋湘连']"
SEO,600207,600207,2012,nan,"['冯宏志', '陈铮']"
SEO,600207,600207,2015,nan,"['胡铁军', '陈铮']"
SEO,600207,600207,2021,nan,"['陈铮', '吕芳草', '李开元']"
SEO,600208,600208,2007,nan,"['濮文斌', '顾宇倩']"
SEO,600208,600208,2013,nan,"['林国雄', '景彩子']"
SEO,600208,600208,2014,nan,"['林国雄', '景彩子']"
SEO,600210,600210,2014,nan,"['葛勤', '姜维杰']"
SEO,600211,600211,2016,nan,"['欧昌献', '王庆桂']"
SEO,600212,600212,2021,nan,"['许剑辉', '徐志杰']"
SEO,600213,600213,2021,nan,"['刘守堂', '李桂凤']"
SEO,600216,600216,2011,nan,"['傅芳芳', '丁锡锋']"
SEO,600217,600217,2014,nan,"['詹军', '田阡', '崔西福', '陈川宏']"
SEO,600217,600217,2015,nan,"['刘红卫', '黄如健']"
SEO,600217,600217,2021,nan,"['闫宏江', '崔亚兵']"
SEO,600218,600218,2013,nan,"['胡乃鹏', '程超']"
SEO,600218,600218,2020,nan,"['熊明峰', '许沥文', '陈芳贺']"
SEO,600219,600219,2006,nan,"['王晖', '王伦刚']"
SEO,600219,600219,2009,nan,"['王晖', '王伦刚']"
SEO,600221,600221,2009,nan,"['胡大春', '曾华光', '李志林', '秦卫川']"
SEO,600221,600221,2015,nan,"['段永强', '程运彤']"
SEO,600221,600221,2022,nan,"['段永强', '蒋梦静']"
SEO,600222,600222,2012,nan,"['王全洲', '傅映红']"
SEO,600222,600222,2014,nan,"['杨轶辉', '时彦禄']"
SEO,600225,600225,2013,nan,"['刘洪跃', '孙冬梅']"
SEO,600226,600226,2015,nan,"['贾川', '许安平', '何将星', '金敬玉']"
SEO,600227,600227,2016,nan,"['袁志云', '王亚平']"
SEO,600228,600228,2020,nan,"['王亮', '苗英华', '耿磊', '张扬']"
SEO,600229,600229,2008,nan,"['谭正嘉', '孙涌']"
SEO,600229,600229,2014,nan,"['孙涌', '黄绪俊', '黄峰', '张志明']"
SEO,600230,600230,2014,2014-04-29,"['沈艳芳', '卢广林', '唐其勇']"
SEO,600231,600231,2008,nan,"['魏弘', '冯颖']"
SEO,600231,600231,2015,nan,"['魏弘', '冯颖', '张静']"
SEO,600233,600233,2016,nan,"['顾雪峰', '胡春华', '张朱华']"
SEO,600233,600233,2020,nan,"['顾雪峰', '孔垂刚']"
SEO,600234,600234,2020,nan,"['沈建平', '陈昱池']"
SEO,600235,600235,2012,nan,"['赵丽', '黄元喜']"
SEO,600236,600236,2009,nan,"['陈志刚', '李春华', '姚先学']"
SEO,600236,600236,2015,nan,"['许哲', '张磊']"
SEO,600237,600237,2006,nan,"['潘峰', '王静', '鲍红艳']"
SEO,600237,600237,2012,nan,"['占铁华', '谷学好']"
SEO,600237,600237,2022,nan,"['熊明峰', '王鸣灿']"
SEO,600239,600239,2007,nan,"['吕晓通', '王继', '鲍琼', '王著琴', '彭让']"
SEO,600239,600239,2008,nan,"['魏勇', '王著琴']"
SEO,600240,600240,2006,nan,"['邬建辉', '刘耀辉']"
SEO,600241,600241,2015,nan,"['曹云峰', '冯颖', '燕楠', '高宇', '刘臻莹', '厉兆军']"
SEO,600241,600241,2016,nan,"['于雷', '陈海华']"
SEO,600242,600242,2009,nan,"['段小娟', '刘文豪']"
SEO,600242,600242,2015,nan,"['吴杰', '付平']"
SEO,600242,600242,2017,nan,"['肖峰', '黄晓华']"
SEO,600243,600243,2008,nan,"['刘佩莲', '王建民']"
SEO,600243,600243,2014,nan,"['王建民', '蔡洁瑜']"
SEO,600246,600246,2015,nan,"['徐涛', '刘佳']"
SEO,600248,600248,2008,nan,"['曹爱民', '吕安杰', '武佳珍']"
SEO,600248,600248,2013,nan,"['屈振海', '范海华', '曹爱民']"
SEO,600248,600248,2017,nan,"['曹爱民', '王小娟', '任帅英', '王星文', '荆小强']"
SEO,600248,600248,2020,nan,"['向芳芸', '谭学']"
SEO,600248,600248,2020,nan,"['谭学', '武亮']"
SEO,600249,600249,2014,nan,"['武丽波', '韩文秀']"
SEO,600250,600250,2019,nan,"['王敏康', '狄香雨', '林炎临', '刘文剑', '徐豪俊', '王传文']"
SEO,600251,600251,2007,nan,"['石明霞', '张燕']"
SEO,600251,600251,2013,nan,"['胡斌', '宋岩']"
SEO,600252,600252,2009,nan,"['黄志厚', '廖元珍']"
SEO,600252,600252,2013,nan,"['常芳', '芦平']"
SEO,600255,600255,2006,nan,"['朱宗瑞', '张良文', '吴颀']"
SEO,600255,600255,2012,nan,"['黄亚琼', '张良文']"
SEO,600255,600255,2014,nan,"['张良文', '周先宏', '熊江波']"
SEO,600256,600256,2009,nan,"['刘耀辉', '邱俊洲']"
SEO,600257,600257,2015,nan,"['冯毅', '孔庆华']"
SEO,600258,600258,2015,nan,"['李力', '纪小健']"
SEO,600258,600258,2021,nan,"['黄俊荣', '刘佳', '纪小健', '车苗苗']"
SEO,600259,600259,2007,nan,"['裘小燕', '赖其聪', '关敏洁', '王佩清', '徐红兵']"
SEO,600259,600259,2013,nan,"['魏淑珍', '林翔']"
SEO,600259,600259,2015,nan,"['魏淑珍', '杨帆']"
SEO,600259,600259,2021,nan,"['魏淑珍', '范凤伟']"
SEO,600260,600260,2014,nan,"['张敬鸿', '高冠涛']"
SEO,600260,600260,2016,nan,"['张敬鸿', '高冠涛']"
SEO,600261,600261,2011,nan,"['杨端平', '王其超', '赵安琪']"
SEO,600266,600266,2006,nan,"['宋晓琴', '胡毅']"
SEO,600266,600266,2013,nan,"['张昆', '成岚', '刘宇']"
SEO,600267,600267,2010,nan,"['沃巍勇', '贾川', '俞佳南', '陈翔']"
SEO,600267,600267,2013,nan,"['贾川', '俞佳南']"
SEO,600267,600267,2020,nan,"['俞佳南', '刘壮']"
SEO,600267,600267,2020,nan,"['俞佳南', '刘壮', '何降星', '杨美']"
SEO,600268,600268,2007,nan,"['虞丽新', '吴国祥', '刘仁勇', '陈星辉']"
SEO,600268,600268,2010,nan,"['赵斌', '王克东']"
SEO,600268,600268,2016,nan,"['胡新', '毛彦波']"
SEO,600272,600272,2024,nan,"['傅韵时', '胡文妤', '时英浩']"
SEO,600273,600273,2007,nan,"['沈佳云', '巢序']"
SEO,600273,600273,2013,nan,"['陈黎', '施丹华', '巢序', '沈佳云']"
SEO,600273,600273,2013,nan,"['陈黎', '冯曙鸿']"
SEO,600273,600273,2015,nan,"['陈黎', '干瑾']"
SEO,600277,600277,2010,nan,"['梁卫丽', '高欣']"
SEO,600277,600277,2015,nan,"['刘均山', '梁卫丽']"
SEO,600278,600278,2010,nan,"['叶慧', '郭守俊', '周正云', '秦凤']"
SEO,600278,600278,2019,nan,"['曾莉', '刘华凯']"
SEO,600279,600279,2014,nan,"['黄巧梅', '赵兴明']"
SEO,600279,600279,2019,nan,"['张辅辙', '付勇']"
SEO,600282,600282,2009,nan,"['虞丽新', '胡学文']"
SEO,600282,600282,2014,nan,"['陈建忠', '游世秋', '杨贤武']"
SEO,600282,600282,2016,nan,"['何兆烽', '吴晶', '游世秋', '刘艳丽']"
SEO,600283,600283,2013,nan,"['朱大为', '崔文正']"
SEO,600283,600283,2023,nan,"['陈素素', '戚铁桥', '韩熙', '杨天将', '胡青']"
SEO,600284,600284,2012,nan,"['傅林生', '莫旭巍']"
SEO,600285,600285,2012,nan,"['莫振辉', '严卫红', '董超', '莫振辉']"
SEO,600285,600285,2015,nan,"['董超', '李斌']"
SEO,600289,600289,2015,nan,"['刘存有', '孟琦']"
SEO,600290,600290,2007,nan,"['朱大为', '吕瑛群']"
SEO,600290,600290,2010,nan,"['朱大为', '吕瑛群']"
SEO,600290,600290,2014,nan,"['朱大为', '陈素素']"
SEO,600291,600291,2015,nan,"['刘元锁', '沈大智']"
SEO,600292,600292,2010,nan,"['申军', '赵本刚']"
SEO,600292,600292,2013,nan,"['申军', '赵本刚', '童文光', '张科']"
SEO,600292,600292,2024,nan,"['张思伟', '刘汉蜀', '杨志', '苗青']"
SEO,600292,600292,2024,nan,"['苗青', '党晓姗']"
SEO,600293,600293,2015,nan,"['邹行宇', '李建树', '喻俊', '郝世明', '徐灵玲']"
SEO,600295,600295,2018,nan,"['赵永华', '王克东']"
SEO,600295,600295,2018,nan,"['蔡晓丽', '李强', '赵永华', '王克东']"
SEO,600297,600297,2007,nan,"['王秀玉', '石笛侠']"
SEO,600297,600297,2016,nan,"['刘伟', '王韧之']"
SEO,600298,600298,2010,nan,"['刘经进', '丁红远']"
SEO,600298,600298,2021,nan,"['丁红远', '李征平']"
SEO,600299,600299,2006,nan,"['张克东', '李漪']"
SEO,600299,600299,2014,nan,"['李雪梅', '张悦', '李丁', '曹忠志', '王亚平', '陈玉红', '苏星']"
SEO,600299,600299,2024,nan,"['张欢', '林莹', '王姗']"
SEO,600300,600300,2007,nan,"['陆国豪', '冯蕾']"
SEO,600301,600301,2006,nan,"['桑涛', '徐凌']"
SEO,600301,600301,2020,nan,"['宁光美', '何健']"
SEO,600303,600303,2006,nan,"['王勇', '树新', '王意兰']"
SEO,600303,600303,2012,nan,"['王勇', '孙彤']"
SEO,600303,600303,2015,nan,"['王勇', '孙彤']"
SEO,600305,600305,2013,nan,"['杨林', '陈晓龙']"
SEO,600305,600305,2021,nan,"['杨林', '常怡']"
SEO,600306,600306,2021,nan,"['刘璐', '王灵霞']"
SEO,600307,600307,2012,nan,"['秦宝', '张海英', '刘志文']"
SEO,600308,600308,2006,nan,"['毕建华', '张吉文']"
SEO,600309,600309,2015,nan,"['李惠丽', '李彤宙', '祝小兰', '蒋健']"
SEO,600309,600309,2018,nan,"['谢东', '任文君']"
SEO,600310,600310,2009,nan,"['李炜', '陈菁佩']"
SEO,600310,600310,2020,nan,"['夏如益', '万从新']"
SEO,600312,600312,2012,nan,"['张有全', '梁双才']"
SEO,600312,600312,2015,nan,"['朱俊萍', '惠增强', '梁双才', '赵寿龙']"
SEO,600313,600313,2014,nan,"['冯建江', '李敏']"
SEO,600313,600313,2025,nan,"['王丽君', '邹昕', '李冠楠']"
SEO,600316,600316,2009,nan,"['张天福', '陈俊']"
SEO,600317,600317,2007,nan,"['张欣', '吴宇']"
SEO,600319,600319,2021,nan,"['朱清滨', '唐家波']"
SEO,600320,600320,2008,nan,"['王笑', '朱伟', '张天福', '谢卉']"
SEO,600321,600321,2010,nan,"['李武林', '刘均', '袁广明']"
SEO,600321,600321,2013,nan,"['阮响华', '陈洪涛']"
SEO,600322,600322,2007,nan,"['孙红卫', '吴春玲']"
SEO,600323,600323,2013,nan,"['王韶华', '陈昭']"
SEO,600325,600325,2015,nan,"['刘涛', '张海龙']"
SEO,600325,600325,2022,nan,"['刘涛', '高世茂', '张庆瑞']"
SEO,600326,600326,2006,nan,"['兰宏伟', '苟尚斌', '雷小玲', '辛志高', '李倩']"
SEO,600326,600326,2011,nan,"['辛志高', '吴馁']"
SEO,600327,600327,2015,nan,"['夏正曙', '武勇']"
SEO,600328,600328,2015,nan,"['张军书', '闫印朝']"
SEO,600328,600328,2017,nan,"['张军书', '郭健', '郭顺玺', '刘均刚', '张家辉']"
SEO,600328,600328,2021,nan,"['袁刚', '靳朋飞']"
SEO,600329,600329,2014,nan,"['罗军', '周利君', '张鸣', '胡振雷']"
SEO,600330,600330,2012,nan,"['吕苏阳', '沃巍勇', '黄加才']"
SEO,600330,600330,2014,nan,"['沃巍勇', '黄加才']"
SEO,600330,600330,2022,nan,"['黄加才', '郭蓓丽']"
SEO,600331,600331,2007,nan,"['刘志永', '章为纲']"
SEO,600331,600331,2013,nan,"['章为纲', '刘志永']"
SEO,600331,600331,2024,nan,"['武兴田', '黄磊', '王学容']"
SEO,600332,600332,2015,nan,"['张宁', '张曦', '刘杰生', '胡晓佳']"
SEO,600333,600333,2011,nan,"['杨红青', '刘起德', '刘定超', '夏汝蓝']"
SEO,600333,600333,2015,nan,"['邵立新', '冯晓峰']"
SEO,600335,600335,2010,nan,"['江晓云', '李奎阳', '李旭冬', '张亚磊']"
SEO,600335,600335,2013,nan,"['季丰', '杨卫国']"
SEO,600335,600335,2015,nan,"['付丽君', '陈英杰', '周重揆', '王振宇']"
SEO,600335,600335,2018,nan,"['王振宇', '王书勤']"
SEO,600335,600335,2018,nan,"['王振宇', '王书勤', '谭宪才', '何航', '常浩']"
SEO,600336,600336,2016,nan,"['徐世欣', '杨勇']"
SEO,600337,600337,2007,nan,"['于雳', '张静']"
SEO,600337,600337,2009,nan,"['于雳', '邹淑琴', '季红']"
SEO,600337,600337,2016,nan,"['张静', '苏玲']"
SEO,600338,600338,2013,nan,"['何和平', '曹磊', '朱宗瑞', '黄亚琼']"
SEO,600339,600339,2006,nan,"['于雳', '李云洁']"
SEO,600339,600339,2016,nan,"['颜艳飞', '段慧霞', '陈自强', '朱学良', '陈晓冬', '范革辉']"
SEO,600340,600340,2009,nan,"['黄元喜', '欧景华', '谢贵中', '王玥', '谢贵中', '刘继红']"
SEO,600340,600340,2015,nan,"['王凤岐', '张猛勇']"
SEO,600343,600343,2011,nan,"['黄丽琼', '李晓娜']"
SEO,600345,600345,2022,nan,"['蔡晓丽', '修军']"
SEO,600345,600345,2022,nan,"['蔡晓丽', '修军', '李顺利', '余文琪', '刘小华']"
SEO,600346,600346,2011,nan,"['隋国军', '刘其东']"
SEO,600346,600346,2013,nan,"['高影', '孙格']"
SEO,600346,600346,2015,nan,"['陈晓华', '韩坚', '刘其东', '高影']"
SEO,600346,600346,2017,nan,"['陈晓华', '韩坚']"
SEO,600348,600348,2019,nan,"['刘志红', '王普洲', '李建勋', '王存英']"
SEO,600350,600350,2010,nan,"['王笑', '沈哲', '刁云涛', '李荣坤']"
SEO,600351,600351,2015,nan,"['欧伟胜', '梁伯安']"
SEO,600352,600352,2014,nan,"['黄元喜', '宋鑫', '杨静静']"
SEO,600353,600353,2009,nan,"['曾红', '李敏']"
SEO,600353,600353,2022,nan,"['张兰', '何琼莲', '李明诚', '胡春燕']"
SEO,600354,600354,2009,nan,"['秦宝', '韩旺']"
SEO,600354,600354,2014,nan,"['秦宝', '潘存君']"
SEO,600356,600356,2006,nan,"['朱子武', '谢军']"
SEO,600356,600356,2024,nan,"['谢军', '燕玉嵩', '刘恺', '罗梦琼', '谭俊雄', '张郎平', '黄佳欣']"
SEO,600358,600358,2014,nan,"['蔡宗宝', '狄香雨']"
SEO,600358,600358,2025,nan,"['林希敏', '孙露', '李立凡']"
SEO,600359,600359,2013,nan,"['计峰', '孟洁', '魏月梅']"
SEO,600360,600360,2006,nan,"['陆士敏', '傅林生']"
SEO,600360,600360,2011,nan,"['傅林生', '林东模', '奚晓茵']"
SEO,600361,600361,2010,nan,"['童登书', '刘均山']"
SEO,600361,600361,2021,nan,"['侯黎明', '吕海', '梁卫丽', '王晓晴']"
SEO,600361,600361,2021,nan,"['侯黎明', '吕海']"
SEO,600362,600362,2007,nan,"['周益平', '赵翠英', '蒋倩倩', '范震杰']"
SEO,600363,600363,2011,nan,"['黄斌', '熊明华']"
SEO,600365,600365,2012,nan,"['支力', '常明']"
SEO,600366,600366,2007,nan,"['余瑞玉', '孙伟', '杨雄', '孙彤']"
SEO,600366,600366,2015,nan,"['骆竞', '钱俊峰']"
SEO,600366,600366,2022,nan,"['陆德忠', '何玉勤']"
SEO,600367,600367,2022,nan,"['徐世欣', '于焘焘']"
SEO,600369,600369,2009,nan,"['石义杰', '李斌', '于涛', '付平']"
SEO,600369,600369,2013,nan,"['石义杰', '李斌', '张凯']"
SEO,600369,600369,2019,nan,"['李斌', '陈丘刚']"
SEO,600370,600370,2019,nan,"['陈泓洲', '刘铸鹏']"
SEO,600370,600370,2019,nan,"['陈泓洲', '刘铸鹏', '叶善武']"
SEO,600372,600372,2011,nan,"['古小荣', '徐宏轩']"
SEO,600372,600372,2022,nan,"['刘宇', '晓晓', '龙娇', '黄玉清']"
SEO,600372,600372,2022,nan,"['龙娇', '黄玉清', '欧阳鹏']"
SEO,600373,600373,2011,nan,"['梁晓燕', '晁小燕']"
SEO,600373,600373,2014,nan,"['刘磊', '王纬', '张昆', '赵学斌']"
SEO,600373,600373,2014,nan,"['张昆', '赵学斌']"
SEO,600373,600373,2023,nan,"['舒佳敏', '敬锐']"
SEO,600375,600375,2009,nan,"['张全心', '郑磊']"
SEO,600375,600375,2012,nan,"['方长顺', '郑磊', '汪健']"
SEO,600375,600375,2020,nan,"['方长顺', '汪健', '王占先']"
SEO,600376,600376,2008,nan,"['关黎明', '李力']"
SEO,600376,600376,2013,nan,"['奚大伟', '孙鸥']"
SEO,600378,600378,2018,nan,"['余运宁', '杨建国', '刘宝刚', '刘鹏云', '李金超', '丁自鸣', '刘莉', '王俊豪']"
SEO,600378,600378,2018,nan,"['余运宁', '杨建国', '刘宝刚', '刘鹏云', '李金超', '丁自鸣', '刘莉', '王俊豪', '王道仁']"
SEO,600378,600378,2023,nan,"['刘佳', '郝时光', '王璟', '阮铭华']"
SEO,600378,600378,2023,nan,"['吴慧', '高丽']"
SEO,600381,600381,2014,nan,"['谢中梁', '陈静勇', '仲成贵', '江波', '唐良辉']"
SEO,600382,600382,2015,nan,"['熊永忠', '张腾']"
SEO,600383,600383,2006,nan,"['李莉', '曾凡跃', '胡春元', '方建新']"
SEO,600383,600383,2009,nan,"['李莉', '陈金海', '苏洋', '黄声森']"
SEO,600387,600387,2017,nan,"['卢剑', '崔秀荣']"
SEO,600390,600390,2012,nan,"['康顺平', '钟炽兵', '彭惠']"
SEO,600390,600390,2014,nan,"['康顺平', '钟炽兵', '李海来']"
SEO,600390,600390,2016,nan,"['康顺平', '钟炽兵', '李海来', '周重揆', '刘绍秋', '谢东良', '崔岩', '徐冬冬']"
SEO,600390,600390,2020,nan,"['刘绍秋', '谢东良', '迟文洲', '刘赛男', '吴松林', '纪小健']"
SEO,600390,600390,2022,nan,"['迟文洲', '刘赛男', '吴松林', '纪小健']"
SEO,600390,600390,2022,nan,"['迟文洲', '刘赛男']"
SEO,600390,600390,2022,nan,"['迟文洲', '张路瑶']"
SEO,600391,600391,2010,nan,"['袁刚山', '吴玉光']"
SEO,600392,600392,2012,nan,"['姜斌', '周利君']"
SEO,600392,600392,2015,nan,"['姜斌', '刘阳']"
SEO,600393,600393,2013,nan,"['王建明', '蔡洁瑜']"
SEO,600393,600393,2013,nan,"['王建民', '蔡洁瑜']"
SEO,600395,600395,2008,nan,"['张再鸿', '王琴珠']"
SEO,600395,600395,2021,nan,"['蔡瑜', '曹晓熙', '汪云飞', '赵明明']"
SEO,600396,600396,2011,nan,"['张琴', '郭涛']"
SEO,600396,600396,2014,nan,"['张琴', '郭涛']"
SEO,600397,600397,2010,nan,"['赵蓉', '张意明', '毛英莉', '刘荣萍']"
SEO,600398,600398,2013,nan,"['骆竞', '陆德忠', '孙伟', '王伟庆']"
SEO,600400,600400,2014,nan,"['沈岩', '钟海涛']"
SEO,600400,600400,2015,nan,"['沈岩', '季军']"
SEO,600401,600401,2012,nan,"['诸旭敏', '葛晨煜']"
SEO,600403,600403,2010,nan,"['梁海涌', '李述喜', '荆建明', '闵志强']"
SEO,600403,600403,2012,nan,"['李述喜', '王建']"
SEO,600405,600405,2013,nan,"['罗军', '崔迎']"
SEO,600405,600405,2022,nan,"['冯万奇', '曾旭']"
SEO,600406,600406,2009,nan,"['荆建明', '常桂华']"
SEO,600406,600406,2012,nan,"['郑彦臣', '陈新胜', '周伟', '吴抱军']"
SEO,600406,600406,2017,nan,"['郭健', '段慧霞', '陈晓龙', '郭香', '吕志', '许倩琳']"
SEO,600406,600406,2017,nan,"['陈晓龙', '郭香', '吕志', '许倩琳', '段慧霞']"
SEO,600408,600408,2006,nan,"['刘旻', '于玮']"
SEO,600408,600408,2009,nan,"['刘旻', '李建勋', '于玮']"
SEO,600409,600409,2010,nan,"['刘敏', '孟从敏']"
SEO,600409,600409,2011,nan,"['张增刚', '孟从敏']"
SEO,600409,600409,2016,nan,"['刘敏', '孟从敏', '王会栓']"
SEO,600410,600410,2010,nan,"['郑建彪', '王娟']"
SEO,600410,600410,2015,nan,"['郑建彪', '王娟']"
SEO,600415,600415,2008,nan,"['张明益', '殷国炜', '翁伟', '胡燕华']"
SEO,600416,600416,2014,nan,"['李竞开', '周炳焱', '段奇', '辛庆辉']"
SEO,600416,600416,2015,nan,"['袁雄', '黄元华', '李竞开', '周炳焱', '董旭', '潘帅', '黄守娟']"
SEO,600416,600416,2020,nan,"['刘曙萍', '陆蓉', '吴昊']"
SEO,600416,600416,2022,nan,"['游长庆', '吴昊', '邓小强']"
SEO,600416,600416,2024,nan,"['冯建林', '吴昊']"
SEO,600418,600418,2006,nan,"['肖厚发', '王军', '张居忠']"
SEO,600418,600418,2015,nan,"['廖传宝', '李生敏', '陈莲', '郑少杰', '王静', '王洪亮']"
SEO,600418,600418,2021,nan,"['廖传宝', '陆西', '宗志迅', '王璐璐']"
SEO,600418,600418,2024,nan,"['叶喜撑', '陈小辉', '廖传宝', '宗志迅', '钱艳苹']"
SEO,600419,600419,2012,nan,"['朱瑛', '倪晓斌']"
SEO,600419,600419,2014,nan,"['王侠', '范敏华', '王侠', '范敏华']"
SEO,600419,600419,2021,nan,"['杨树杰', '焦静静']"
SEO,600420,600420,2016,nan,"['汪吉军', '郭海龙', '翟毅彤', '王磊']"
SEO,600420,600420,2022,nan,"['刘绍秋', '余龙', '兰轶林', '陈赛红', '施慧']"
SEO,600422,600422,2013,2013-07-02,"['管云鸿', '陈荣举']"
SEO,600422,600422,2014,nan,"['管云鸿', '陈荣举']"
SEO,600425,600425,2022,nan,"['刘涛', '秦伟', '刘茂']"
SEO,600426,600426,2006,nan,"['吕建幕', '邓虎']"
SEO,600426,600426,2009,nan,"['徐世欣', '邓虎']"
SEO,600428,600428,2015,nan,"['马元兰', '罗燕']"
SEO,600428,600428,2023,nan,"['马元兰', '王圣会']"
SEO,600429,600429,2009,nan,"['冯云慧', '赵玲', '张连起', '樊艳丽']"
SEO,600429,600429,2014,nan,"['尹丽鸿', '吕艳']"
SEO,600432,600432,2007,nan,"['邢蒙', '谢栋清']"
SEO,600432,600432,2009,nan,"['张文荣', '葛惠平']"
SEO,600432,600432,2013,nan,"['周龙', '杨洪武']"
SEO,600433,600433,2009,nan,"['吉争雄', '姚静']"
SEO,600433,600433,2010,nan,"['杨文蔚', '刘火旺']"
SEO,600433,600433,2014,nan,"['黄志伟', '张海兵']"
SEO,600433,600433,2020,nan,"['许长英', '周砚群']"
SEO,600435,600435,2009,nan,"['姜斌', '张海霞']"
SEO,600438,600438,2012,nan,"['何寿福', '陈更生', '冯渊']"
SEO,600438,600438,2015,nan,"['冯渊', '何寿福']"
SEO,600438,600438,2016,nan,"['冯渊', '何寿福']"
SEO,600438,600438,2020,nan,"['冯渊', '何寿福']"
SEO,600439,600439,2006,nan,"['张力', '袁刚山', '黄宾']"
SEO,600439,600439,2010,nan,"['王双印', '黄宾', '魏汝翔']"
SEO,600446,600446,2014,nan,"['蒋晓明', '周珊珊', '程纯']"
SEO,600446,600446,2016,nan,"['周珊珊', '程纯']"
SEO,600446,600446,2020,nan,"['周珊珊', '程纯']"
SEO,600448,600448,2013,nan,"['王夕贤', '刘健']"
SEO,600448,600448,2015,nan,"['王夕贤', '马克淑', '胡佳青']"
SEO,600452,600452,2020,nan,"['李云荣', '党李娜']"
SEO,600456,600456,2006,nan,"['张兵舫', '高柱龙']"
SEO,600456,600456,2019,nan,"['邱程红', '张小娟', '李波', '张炜']"
SEO,600458,600458,2009,nan,"['杨淑娟', '王莹']"
SEO,600458,600458,2023,nan,"['雷江', '林莹', '张欢', '曹璐']"
SEO,600459,600459,2010,nan,"['鲍琼', '李恒']"
SEO,600459,600459,2025,nan,"['魏勇', '廖芳']"
SEO,600460,600460,2010,nan,"['程志刚', '倪国君']"
SEO,600460,600460,2012,nan,"['程志刚', '郑俭', '郑启华']"
SEO,600460,600460,2016,nan,"['程志刚', '左芹芹', '郑俭']"
SEO,600460,600460,2020,nan,"['郑俭', '吴传淼']"
SEO,600460,600460,2022,nan,"['郑俭', '吴传淼', '张林']"
SEO,600461,600461,2010,nan,"['冯丽娟', '邓林义']"
SEO,600461,600461,2015,nan,"['冯丽娟', '涂卫兵']"
SEO,600461,600461,2018,nan,"['李国平', '樊萍', '冯丽娟', '涂卫兵']"
SEO,600461,600461,2021,nan,"['李国平', '梁华', '万强', '覃柳婷']"
SEO,600463,600463,2015,nan,"['叶民', '轩菲', '李杰']"
SEO,600466,600466,2013,nan,"['贺军', '刘瑜']"
SEO,600466,600466,2013,nan,"['贺军', '刘瑜', '史万强', '高翔', '邓林峰', '杨轶辉', '王权生']"
SEO,600467,600467,2011,nan,"['王晖', '孙震']"
SEO,600468,600468,2014,nan,"['黄秀娟', '许海波']"
SEO,600469,600469,2008,nan,"['王伟', '谢忠平']"
SEO,600469,600469,2020,nan,"['杨宝萱', '黄法洲']"
SEO,600469,600469,2025,nan,"['姚捷', '郑鹏飞', '孔振维', '陈韬']"
SEO,600470,600470,2006,nan,"['肖厚发', '范成山']"
SEO,600470,600470,2009,nan,"['朱宗瑞', '黄亚琼']"
SEO,600475,600475,2016,nan,"['陈建忠', '顾春华']"
SEO,600477,600477,2013,nan,"['季丰', '赵熙']"
SEO,600477,600477,2015,nan,"['弓新平', '李洪义']"
SEO,600477,600477,2020,nan,"['弓新平', '赵熙', '梅腊梅']"
SEO,600478,600478,2007,nan,"['曹国强', '刘曙萍', '李弟扩', '郭澳', '孙伟']"
SEO,600478,600478,2008,nan,"['贺焕华', '张红']"
SEO,600478,600478,2014,nan,"['刘钢跃', '郑生军']"
SEO,600478,600478,2016,nan,"['刘钢跃', '郑生军']"
SEO,600478,600478,2018,nan,"['张少球', '张峥']"
SEO,600479,600479,2014,nan,"['李军', '曾力武']"
SEO,600479,600479,2024,nan,"['刘利亚', '刘灵珊']"
SEO,600480,600480,2010,nan,"['温京辉', '李国']"
SEO,600480,600480,2014,nan,"['秦志远', '李静']"
SEO,600480,600480,2021,nan,"['王首一', '刘凤娇', '郑建利', '李宝信', '付俊惠']"
SEO,600481,600481,2021,nan,"['杨林', '王福丽']"
SEO,600482,600482,2006,nan,"['胡小黑', '李锋']"
SEO,600482,600482,2011,nan,"['陈勇波', '梁谦海']"
SEO,600482,600482,2015,nan,"['陈勇波', '梁谦海']"
SEO,600482,600482,2018,nan,"['梁谦海', '陈清松']"
SEO,600483,600483,2013,nan,"['张琦', '张勇']"
SEO,600483,600483,2015,nan,"['应建德', '邵良明']"
SEO,600483,600483,2019,nan,"['杨誉民', '张叶华', '张勇', '杨镇宇', '白露']"
SEO,600485,600485,2013,nan,"['童登书', '高楠']"
SEO,600486,600486,2006,nan,"['王敏', '李治军']"
SEO,600486,600486,2009,nan,"['林雷', '钱小祥']"
SEO,600487,600487,2006,nan,"['施国樑', '陈云良']"
SEO,600487,600487,2013,nan,"['施国樑', '陈昌平', '赵洁']"
SEO,600487,600487,2016,nan,"['谢骞', '赵洁']"
SEO,600487,600487,2019,nan,"['谢骞', '周慧']"
SEO,600488,600488,2011,nan,"['尹琳', '丁琛']"
SEO,600488,600488,2016,nan,"['张学兵', '梁雪萍']"
SEO,600489,600489,2010,nan,"['徐超玉', '赵金义', '李建长']"
SEO,600489,600489,2018,nan,"['汪明卉', '李明']"
SEO,600489,600489,2018,nan,"['汪明卉', '李明', '辛建']"
SEO,600490,600490,2016,nan,"['秦晋臣', '周腾飞']"
SEO,600490,600490,2017,nan,"['秦晋臣', '周腾飞']"
SEO,600491,600491,2008,nan,"['陆国豪', '陈黎']"
SEO,600491,600491,2014,nan,"['郑奕', '金建海', '肖菲', '王许']"
SEO,600491,600491,2016,nan,"['王一芳', '包梅庭', '王许', '朱磊']"
SEO,600495,600495,2007,nan,"['陈广清', '韩瑞红']"
SEO,600495,600495,2012,nan,"['秦志远', '薛珍琴']"
SEO,600496,600496,2006,nan,"['马静', '吕勇军']"
SEO,600496,600496,2009,nan,"['沈建林', '朱伟']"
SEO,600496,600496,2013,nan,"['郭宪明', '张建新', '陈科举']"
SEO,600496,600496,2017,nan,"['朱依君', '顾洁', '姚丽珍']"
SEO,600496,600496,2020,nan,"['朱依君', '姚丽珍']"
SEO,600497,600497,2014,nan,"['王婷', '李叶潇']"
SEO,600497,600497,2016,nan,"['王婷', '朱叙明', '李叶潇']"
SEO,600498,600498,2009,nan,"['温京辉', '姜永青']"
SEO,600498,600498,2011,nan,"['温京辉', '姜永青', '安洪滨', '雷波涛', '宁红']"
SEO,600498,600498,2014,nan,"['张嘉', '高松林']"
SEO,600498,600498,2016,nan,"['张嘉', '刘运', '高松林']"
SEO,600498,600498,2024,nan,"['张腾', '林泽琼', '郭丽娟', '赵臣']"
SEO,600499,600499,2012,nan,"['王会栓', '朱育平']"
SEO,600499,600499,2013,nan,"['王会栓', '吴兴华']"
SEO,600499,600499,2016,nan,"['王会栓', '苏志军', '刘洛', '刘敏']"
SEO,600499,600499,2019,nan,"['王会栓', '宋志刚']"
SEO,600500,600500,2012,nan,"['袁勇敏', '周平']"
SEO,600500,600500,2022,nan,"['张飞', '俞悦']"
SEO,600501,600501,2013,nan,"['杨雄', '冯雪']"
SEO,600502,600502,2014,nan,"['方长顺', '胡朝进', '马静']"
SEO,600502,600502,2016,nan,"['王静', '黄敬臣', '钟能圣']"
SEO,600503,600503,2013,nan,"['钱志昂', '吴洁', '李晨', '姜丽君']"
SEO,600506,600506,2021,nan,"['张磊', '王轶']"
SEO,600507,600507,2006,nan,"['李文智', '陈国锋']"
SEO,600509,600509,2011,nan,"['姚辉', '邵振宇']"
SEO,600509,600509,2016,nan,"['邵振宇', '顾瑛瑛']"
SEO,600509,600509,2022,nan,"['谭学', '武亮']"
SEO,600510,600510,2014,nan,"['戴伟忠', '秦志军', '王文凯']"
SEO,600511,600511,2016,nan,"['涂益', '杨桢', '逯敏']"
SEO,600512,600512,2014,nan,"['葛徐', '林晗']"
SEO,600513,600513,2014,nan,"['夏先锋', '田业阳', '陈笑春']"
SEO,600515,600515,2015,nan,"['马龙', '王明']"
SEO,600515,600515,2015,nan,"['卢剑', '杨利娟', '马龙', '王明']"
SEO,600516,600516,2007,nan,"['宫岩', '赵燕']"
SEO,600516,600516,2011,nan,"['宫岩', '刘志文', '张亚兵']"
SEO,600517,600517,2011,nan,"['庄祎蓓', '熊丽萍', '郑彦臣', '陈新胜', '张卫泳', '时海霞']"
SEO,600517,600517,2014,nan,"['庄祎蓓', '唐慧珏', '刘汉蜀']"
SEO,600517,600517,2019,nan,"['迟文洲', '任德军', '丁启新', '户永红']"
SEO,600518,600518,2014,nan,"['杨文蔚', '吉争雄', '何国铨', '张静璃']"
SEO,600518,600518,2015,nan,"['何国铨', '张静璃']"
SEO,600520,600520,2012,nan,"['王春华', '崔小斌']"
SEO,600521,600521,2013,2013-04-26,"['孙文军', '沈云强']"
SEO,600521,600521,2015,nan,"['孙文军', '沈云强']"
SEO,600521,600521,2018,nan,"['孙文军', '王强', '林旺']"
SEO,600521,600521,2022,nan,"['于薇薇', '韩秀春', '林旺', '王建', '王吕军']"
SEO,600522,600522,2008,nan,"['李敏', '聂捷慧']"
SEO,600522,600522,2014,nan,"['许剑辉', '苗强华']"
SEO,600522,600522,2015,nan,"['乔久华', '程晓芳', '许剑辉', '施聪']"
SEO,600522,600522,2016,nan,"['乔久华', '徐紫明']"
SEO,600523,600523,2007,nan,"['刘贵彬', '李琪', '荣健', '杨冬燕']"
SEO,600525,600525,2006,nan,"['王兰萍', '秦同洲']"
SEO,600525,600525,2014,nan,"['杨劼', '张洪富']"
SEO,600526,600526,2012,nan,"['葛徐', '江娟']"
SEO,600526,600526,2014,nan,"['葛徐', '江娟']"
SEO,600526,600526,2021,nan,"['陈世薇', '闫志勇', '侯波']"
SEO,600527,600527,2010,nan,"['康吉言', '暴磊']"
SEO,600527,600527,2016,nan,"['童冰薇', '陈俭', '朱海平']"
SEO,600528,600528,2006,nan,"['罗建平', '贺军', '王仁平', '杨建强', '何志勇', '李夕甫', '谢宇春']"
SEO,600528,600528,2015,nan,"['陈曦', '殷莉莉', '干长如', '肖静华', '洪卫', '赵静', '陈琛', '胡凡', '刘昌顺', '陈文龙', '福振岩']"
SEO,600528,600528,2015,nan,"['马燕梅', '殷莉莉']"
SEO,600529,600529,2006,nan,"['刘小虎', '朱清滨']"
SEO,600529,600529,2015,nan,"['朱清滨', '高纯进']"
SEO,600529,600529,2021,nan,"['张素霞', '宋立民']"
SEO,600531,600531,2015,nan,"['倪俊', '陈海艳']"
SEO,600532,600532,2011,nan,"['孙莉', '王晓波', '何峰', '魏倩婷']"
SEO,600532,600532,2014,nan,"['何峰', '崔晓丽', '魏倩婷']"
SEO,600535,600535,2006,nan,"['钟建国', '王强']"
SEO,600535,600535,2010,nan,"['王强', '钟建国']"
SEO,600535,600535,2014,nan,"['王越豪', '王强']"
SEO,600536,600536,2008,nan,"['刘秀文', '姜波', '荣健', '黄峰']"
SEO,600536,600536,2013,nan,"['陈立新', '张玮']"
SEO,600536,600536,2024,nan,"['申海洋', '崔小斌']"
SEO,600537,600537,2013,nan,"['邵立新', '刘春光']"
SEO,600538,600538,2013,nan,"['李剑', '张恩学']"
SEO,600538,600538,2020,nan,"['魏五军', '石磊']"
SEO,600540,600540,2013,nan,"['宋岩', '胡斌']"
SEO,600540,600540,2020,nan,"['唐志荣', '刘聪聪']"
SEO,600543,600543,2007,nan,"['邬建辉', '刘耀辉']"
SEO,600545,600545,2006,nan,"['陈军', '宋岩', '王勤', '曾晓娟']"
SEO,600545,600545,2008,nan,"['王勤', '曾晓娟', '宋岩', '张戈']"
SEO,600545,600545,2016,nan,"['蒋颂袆', '饶盛华', '邱四平', '苏玲']"
SEO,600546,600546,2008,nan,"['张连起', '肖和勇']"
SEO,600546,600546,2010,nan,"['张连起', '薛东升', '王伟']"
SEO,600547,600547,2006,nan,"['孙小波', '冯芸']"
SEO,600547,600547,2014,nan,"['任文君', '左丽芳', '曲景明', '孙小波']"
SEO,600548,600548,2023,nan,"['黄天义', '刘婵']"
SEO,600549,600549,2006,nan,"['刘润', '蒋新红']"
SEO,600549,600549,2014,nan,"['林庆瑜', '刘润', '蔡志良']"
SEO,600549,600549,2023,nan,"['蔡志良', '郑海霞']"
SEO,600550,600550,2006,nan,"['齐正华', '邱淦泳']"
SEO,600550,600550,2013,nan,"['李立新', '虢正科']"
SEO,600550,600550,2016,nan,"['许培梅', '张震']"
SEO,600551,600551,2008,nan,"['朱宗瑞', '张良文']"
SEO,600551,600551,2009,nan,"['朱宗瑞', '黄亚琼', '郁向军']"
SEO,600552,600552,2012,nan,"['胡咏华', '杨昕', '许宗谅']"
SEO,600552,600552,2021,nan,"['乔冠芳', '宋江勇']"
SEO,600556,600556,2018,nan,"['林鹏飞', '唐谷']"
SEO,600556,600556,2020,nan,"['林鹏飞', '唐谷']"
SEO,600557,600557,2013,nan,"['孙晓爽', '孙淑平']"
SEO,600558,600558,2013,nan,"['冯渊', '赵勇军']"
SEO,600559,600559,2014,nan,"['邱淦泳', '丁志增']"
SEO,600559,600559,2017,nan,"['袁志云', '张彦巧']"
SEO,600561,600561,2011,nan,"['余秉立', '芦平', '常芳']"
SEO,600561,600561,2019,nan,"['赵丽红', '冯建刚']"
SEO,600562,600562,2009,nan,"['弓新平', '李洪仪']"
SEO,600562,600562,2015,nan,"['孟卓林', '刘新东']"
SEO,600562,600562,2018,nan,"['杨志', '盖大江']"
SEO,600562,600562,2018,nan,"['李洪仪', '王海楠', '杨志', '盖大江']"
SEO,600565,600565,2007,nan,"['崔岩', '张贵阳']"
SEO,600565,600565,2013,nan,"['崔岩', '付忠伟']"
SEO,600566,600566,2013,nan,"['李光初', '王晓清', '戴定毅', '张松柏']"
SEO,600566,600566,2013,nan,"['戴定毅', '张松柏']"
SEO,600566,600566,2014,nan,"['张松柏', '林雯英']"
SEO,600566,600566,2020,nan,"['张松柏', '王法亮']"
SEO,600567,600567,2010,nan,"['吴建敏', '王振宇', '罗雪', '徐毅']"
SEO,600567,600567,2012,nan,"['沃巍勇', '黄加才']"
SEO,600567,600567,2012,nan,"['沃巍勇', '黄家才']"
SEO,600567,600567,2015,nan,"['沃巍勇', '黄加才', '沈维华', '潘磊']"
SEO,600568,600568,2013,nan,"['刘金进', '熊宇', '刘金进', '李顺利']"
SEO,600568,600568,2015,nan,"['刘金进', '刘小华']"
SEO,600569,600569,2007,nan,"['李喜民', '韩瑞红']"
SEO,600569,600569,2018,nan,"['郑晓东', '徐志敏', '冯蕾']"
SEO,600571,600571,2014,nan,"['吕瑛群', '陈素素']"
SEO,600572,600572,2009,nan,"['林国雄', '姚本霞']"
SEO,600572,600572,2012,nan,"['蒋晓东', '姚本霞']"
SEO,600572,600572,2014,nan,"['钱仲先', '姚本霞']"
SEO,600572,600572,2015,nan,"['钱仲先', '姚本霞']"
SEO,600575,600575,2009,nan,"['汪群', '宋文', '胡新荣', '陈广清', '韩瑞红']"
SEO,600575,600575,2013,nan,"['宋文', '胡新荣', '王彩霞']"
SEO,600575,600575,2015,nan,"['乔如林', '杨文志', '卢冠群']"
SEO,600575,600575,2024,nan,"['张扬', '刘洪亮', '乔如林', '张运楼']"
SEO,600576,600576,2014,nan,"['谢贤庆', '张滨滨', '朱伟', '唐吉鸿']"
SEO,600576,600576,2021,nan,"['张宇翔', '朱峰', '黄敬臣', '王书彦']"
SEO,600576,600576,2021,nan,"['张宇翔', '杨滢', '朱峰']"
SEO,600577,600577,2006,nan,"['朱宗瑞', '张婕', '储士升']"
SEO,600577,600577,2010,nan,"['方长顺', '储士升', '彭江应']"
SEO,600577,600577,2013,nan,"['方长顺', '刘勇', '时磊']"
SEO,600577,600577,2021,nan,"['方长顺', '郑磊', '汪健']"
SEO,600578,600578,2009,nan,"['胡毅', '宋晓琴']"
SEO,600578,600578,2012,nan,"['陆京泽', '闫凌阳', '刘宽', '胡毅', '叶民']"
SEO,600578,600578,2012,nan,"['胡毅', '叶民']"
SEO,600578,600578,2016,nan,"['匡敏', '何航']"
SEO,600579,600579,2012,nan,"['桑琪敏', '李祥智']"
SEO,600579,600579,2015,nan,"['林盛', '杨宝宣']"
SEO,600579,600579,2017,nan,"['顾嵛平', '陈彦', '林盛', '杨宝萱']"
SEO,600580,600580,2006,nan,"['胡春元', '方建新']"
SEO,600580,600580,2013,nan,"['康跃华', '程进']"
SEO,600580,600580,2015,nan,"['高敏', '程进']"
SEO,600582,600582,2006,nan,"['杨佩珍', '陈楠楠']"
SEO,600582,600582,2014,nan,"['张颖', '顾嵛平']"
SEO,600582,600582,2014,nan,"['张颖', '顾嵛平', '王辉', '陈红军']"
SEO,600583,600583,2012,nan,"['李晓英', '蒋西军']"
SEO,600584,600584,2006,nan,"['顾桂新', '夏正曙']"
SEO,600584,600584,2013,nan,"['秦志军', '季军', '华可天', '沈岩']"
SEO,600584,600584,2015,nan,"['汤哲辉', '赵国豪', '廖巍', '张玉芳']"
SEO,600584,600584,2016,nan,"['赵国豪', '顾沈为', '汤哲辉']"
SEO,600584,600584,2017,nan,"['赵国豪', '顾沈为']"
SEO,600584,600584,2020,nan,"['赵国豪', '都蕾', '顾沈为', '李伟家']"
SEO,600585,600585,2006,nan,"['龚伟礼', '胡琼']"
SEO,600586,600586,2007,nan,"['胡咏华', '李洪', '韩志娟', '张松青']"
SEO,600586,600586,2009,nan,"['胡咏华', '吴金锋']"
SEO,600587,600587,2012,nan,"['张素霞', '朱清滨', '赵玉朋', '袁涛']"
SEO,600587,600587,2013,nan,"['朱清滨', '赵玉朋']"
SEO,600587,600587,2021,nan,"['唐洪春', '毛伟', '管金明', '张盼盼']"
SEO,600588,600588,2014,nan,"['陈静', '杨景璐', '孙永杰', '王泽庆']"
SEO,600588,600588,2020,nan,"['李丽芳', '侯红梅', '王静', '章芳']"
SEO,600589,600589,2006,nan,"['王韶华', '陈昭']"
SEO,600589,600589,2009,nan,"['蒋洪峰', '陈昭']"
SEO,600589,600589,2015,nan,"['冯琨琮', '林恒新']"
SEO,600590,600590,2014,nan,"['李国平', '贾士林']"
SEO,600590,600590,2015,nan,"['宋长发', '金旭芳']"
SEO,600591,600591,2009,nan,"['刘云', '唐国骏']"
SEO,600592,600592,2012,nan,"['陈纹', '叶春']"
SEO,600595,600595,2006,nan,"['吴亦忻', '张恩军']"
SEO,600595,600595,2013,nan,"['吴亦忻', '张恩军']"
SEO,600595,600595,2015,nan,"['张恩军', '吴亦忻']"
SEO,600596,600596,2020,nan,"['梁志勇', '王文']"
SEO,600596,600596,2022,nan,"['金闻', '朱海超', '梁志勇', '王文']"
SEO,600597,600597,2011,nan,"['牟正非', '赵海舟']"
SEO,600597,600597,2021,nan,"['刘莉坤', '陈诚']"
SEO,600599,600599,2012,nan,"['龙文虎', '李青龙']"
SEO,600603,600603,2015,nan,"['郭春俊', '高玲玲', '黄清双', '韩仰']"
SEO,600603,600603,2015,nan,"['郭春俊', '李春玲']"
SEO,600604,600604,2014,nan,"['翟小民', '朱育勤', '徐从礼', '姚向飞']"
SEO,600604,600604,2014,nan,"['杨峰安', '刘铸鹏', '翟小民', '朱育勤', '徐从礼', '姚向飞']"
SEO,600604,600604,2015,nan,"['杨峰安', '刘铸鹏']"
SEO,600606,600606,2014,nan,"['陈露', '柳皓', '宋长发', '于春波']"
SEO,600609,600609,2019,nan,"['楼光华', '张海峰']"
SEO,600613,600613,2012,nan,"['张再鸿', '肖娅筠']"
SEO,600614,600614,2006,nan,"['徐德', '刘耀辉']"
SEO,600614,600614,2007,nan,"['邬建辉', '刘耀辉']"
SEO,600614,600614,2014,nan,"['张晓义', '高德惠']"
SEO,600614,600614,2015,nan,"['丁文', '徐冉']"
SEO,600616,600616,2012,nan,"['孙冰', '范翃']"
SEO,600617,600617,2013,nan,"['刘志红', '张新发']"
SEO,600617,600617,2014,nan,"['刘志红', '董振星']"
SEO,600617,600617,2020,nan,"['付丽君', '董振星']"
SEO,600619,600619,2015,nan,"['周华', '陈嘉磊']"
SEO,600619,600619,2020,nan,"['郑嘉彦', '蒋梦静', '马罡', '罗贤标']"
SEO,600621,600621,2016,nan,"['沈蓉', '李倩']"
SEO,600622,600622,2007,nan,"['林东模', '王金仙', '张希文', '朱伟峰']"
SEO,600622,600622,2015,nan,"['陆士敏', '莫旭巍']"
SEO,600623,600623,2015,nan,"['王士玮', '徐立群']"
SEO,600624,600624,2013,nan,"['葛勤', '郭东']"
SEO,600626,600626,2017,nan,"['谢骞', '左虹']"
SEO,600626,600626,2021,nan,"['王健', '左虹', '谢乐园']"
SEO,600626,600626,2022,nan,"['王齐', '司玲玲']"
SEO,600628,600628,2015,nan,"['张晓荣', '张婕']"
SEO,600629,600629,2007,nan,"['张晓荣', '庄祎蓓', '赵蓉', '张意明']"
SEO,600629,600629,2008,nan,"['张晓荣', '王磊', '庄祎蓓']"
SEO,600629,600629,2016,nan,"['何和平', '严臻']"
SEO,600629,600629,2020,nan,"['严臻', '王旭智']"
SEO,600633,600633,2012,nan,"['贾川', '俞佳南']"
SEO,600633,600633,2015,nan,"['贾川', '俞佳南']"
SEO,600634,600634,2013,nan,"['倪颖', '沈佳云', '周敏', '王丽芳']"
SEO,600634,600634,2013,nan,"['周敏', '李文祥', '王丽芳']"
SEO,600636,600636,2014,nan,"['施国樑', '陈昌平']"
SEO,600637,600637,2011,nan,"['朱育勤', '张志云', '鲍列仑']"
SEO,600637,600637,2014,nan,"['翟小民', '唐国骏', '刘云', '谢嘉', '郑凌云', '张雯', '邢韬', '王恺']"
SEO,600639,600639,2014,nan,"['杨文惠', '秦嵘乔']"
SEO,600640,600640,2016,nan,"['杨益明', '洪权']"
SEO,600642,600642,2018,nan,"['耿磊', '张扬', '金山']"
SEO,600643,600643,2016,nan,"['陈勇', '汪虹', '黄晔']"
SEO,600644,600644,2013,nan,"['杨敏', '钟彦']"
SEO,600644,600644,2024,nan,"['杨敏', '刘祖良', '钟彦', '王远伟', '黄志芬', '胡春燕']"
SEO,600645,600645,2012,nan,"['韩勇', '徐宇清']"
SEO,600645,600645,2014,nan,"['朱依君', '顾洁', '韩勇', '徐宇清']"
SEO,600645,600645,2018,nan,"['黄娟', '孟凡婧', '韩勇', '张鸣']"
SEO,600648,600648,2013,nan,"['王传邦', '王兴华', '汪娟']"
SEO,600648,600648,2022,nan,"['王龙旷', '陈琳', '杨凯凯']"
SEO,600649,600649,2007,nan,"['李文祥', '金琳', '袁勇敏', '邱喆']"
SEO,600651,600651,2014,nan,"['巢序', '庄祎蓓']"
SEO,600651,600651,2019,nan,"['庄祎蓓', '洪梁俊', '刘磊', '黄永捷', '叶慧', '李靖豪']"
SEO,600653,600653,2014,nan,"['楼光华', '温如春']"
SEO,600654,600654,2013,nan,"['钟平', '刘霄', '耿磊', '池溦']"
SEO,600655,600655,2017,nan,"['何兆烽', '侯捷', '王辉达', '王瑶', '张跃', '巢序', '胡治华', '张炜']"
SEO,600657,600657,2008,nan,"['杨晓辉', '谢维', '白秀荣']"
SEO,600657,600657,2017,nan,"['钱晓云', '罗春艳', '潘健慧', '吴博', '李娜']"
SEO,600658,600658,2015,nan,"['杨涛', '赵霞']"
SEO,600661,600661,2013,nan,"['郑晓东', '朱鸿霏']"
SEO,600661,600661,2013,nan,"['郑晓东', '朱鸿菲']"
SEO,600661,600661,2015,nan,"['王一芳', '徐志敏', '郑晓东', '董军红']"
SEO,600662,600662,2010,nan,"['连向阳', '沈章龙', '马建萍']"
SEO,600662,600662,2020,nan,"['郭海龙', '宋鸣']"
SEO,600663,600663,2022,nan,"['王兴华', '李玮俊', '陈玲', '曹志斌']"
SEO,600663,600663,2022,nan,"['王兴华', '杨林', '孙颖', '赵莹']"
SEO,600666,600666,2014,nan,"['于建永', '陈伟', '梁正勇', '龙文虎', '祝芹敏']"
SEO,600666,600666,2014,nan,"['于建永', '陈伟']"
SEO,600667,600667,2015,nan,"['朱佑敏', '刘建峰', '沈岩', '钟海涛']"
SEO,600673,600673,2006,nan,"['阮响华', '邱鸿']"
SEO,600673,600673,2013,nan,"['龙文虎', '朱辉', '阮响华']"
SEO,600673,600673,2017,nan,"['邱鸿', '李元良']"
SEO,600674,600674,2007,nan,"['何勇', '王文春']"
SEO,600674,600674,2008,nan,"['罗建平', '谢芳']"
SEO,600675,600675,2016,nan,"['潘莉华', '林盛宇', '李磊明', '韩频', '周惠琴']"
SEO,600676,600676,2006,nan,"['张晓荣', '倪颖', '钱志昂', '何剑']"
SEO,600676,600676,2011,nan,"['刘桢', '方骥华', '张斌卿', '倪颖', '张晓荣']"
SEO,600676,600676,2015,nan,"['赵彧非', '张晓荣']"
SEO,600677,600677,2011,nan,"['杨雄', '惠增强', '李春玉', '杨铭姝']"
SEO,600679,600679,2020,nan,"['唐慧珏', '郭添']"
SEO,600680,600680,2007,nan,"['陆国豪', '冯蕾', '何小明', '张云鹤']"
SEO,600681,600681,2015,nan,"['刘金进', '马玥']"
SEO,600681,600681,2017,nan,"['刘金进', '马玥']"
SEO,600683,600683,2007,nan,"['杨贵鹏', '冯万奇', '周琪', '何剑']"
SEO,600684,600684,2023,nan,"['何晓娟', '夏玲']"
SEO,600685,600685,2014,nan,"['陈刚', '赵学平']"
SEO,600686,600686,2006,nan,"['陈纹', '林玉枝']"
SEO,600686,600686,2014,nan,"['吴传刚', '林炎临']"
SEO,600686,600686,2018,nan,"['林炎临', '黄茹萍']"
SEO,600687,600687,2012,nan,"['孙立倩', '黄明耀', '杨端平', '严利忠']"
SEO,600687,600687,2012,nan,"['孙立倩', '黄明耀']"
SEO,600687,600687,2015,nan,"['孙立倩', '黄恺', '张坚', '韩建春', '党小安', '王兴华', '刘华凯', '户永红']"
SEO,600689,600689,1998,nan,"['刘小虎', '张文枝']"
SEO,600690,600690,2013,nan,"['王晖', '赵波', '王琳']"
SEO,600691,600691,2014,nan,"['李建勋', '尹巍', '郭锐']"
SEO,600693,600693,2014,nan,"['刘延东', '陈依航']"
SEO,600698,600698,2018,nan,"['许培梅', '张震']"
SEO,600699,600699,2011,nan,"['连向阳', '魏云珠']"
SEO,600699,600699,2012,nan,"['连向阳', '魏云珠']"
SEO,600699,600699,2014,nan,"['方志刚', '孙锦华']"
SEO,600699,600699,2016,nan,"['方志刚', '孙锦华']"
SEO,600699,600699,2020,nan,"['王齐', '潘子建']"
SEO,600699,600699,2022,nan,"['杨莉', '张晓磊', '王齐']"
SEO,600701,600701,2015,nan,"['韩波', '刘昆']"
SEO,600703,600703,2008,nan,"['谢峰', '闵超']"
SEO,600703,600703,2009,nan,"['谢峰', '闵超']"
SEO,600703,600703,2010,nan,"['王郁', '闵超']"
SEO,600703,600703,2013,nan,"['王郁', '彭翔']"
SEO,600703,600703,2015,nan,"['王郁', '司志杰']"
SEO,600703,600703,2019,nan,"['沈艳', '彭翔', '叶志豪']"
SEO,600703,600703,2021,nan,"['彭翔', '刘卫民']"
SEO,600704,600704,2008,nan,"['葛徐', '周祥霞']"
SEO,600704,600704,2013,nan,"['吴懿忻', '杜昕']"
SEO,600704,600704,2015,nan,"['葛徐', '吴懿忻']"
SEO,600704,600704,2018,nan,"['葛徐', '吴懿忻', '李斌', '王绪']"
SEO,600705,600705,2011,nan,"['黄志斌', '倪军', '董群先', '姜韬']"
SEO,600705,600705,2013,nan,"['黄志斌', '倪军', '党小民', '张蕾']"
SEO,600705,600705,2014,nan,"['倪军', '张蕾']"
SEO,600705,600705,2014,nan,"['黄志斌', '倪军', '党小民', '张蕾']"
SEO,600706,600706,2019,nan,"['郭毅辉', '李娟红']"
SEO,600707,600707,2009,nan,"['田阡', '徐秉惠', '汪洋', '宗承勇']"
SEO,600707,600707,2015,nan,"['许峰', '张玮']"
SEO,600708,600708,2014,nan,"['李晨', '刘玉如', '葛勤', '姜维杰']"
SEO,600708,600708,2014,nan,"['李晨', '刘玉如']"
SEO,600710,600710,2006,nan,"['余瑞玉', '杨宏斌', '张克东', '李漪']"
SEO,600710,600710,2010,nan,"['张克东', '成岚']"
SEO,600710,600710,2015,nan,"['陈志维', '伍贤春', '王勇', '陈军', '高志英']"
SEO,600711,600711,2009,nan,"['戴波', '李朝辉']"
SEO,600711,600711,2010,nan,"['戴波', '李朝辉']"
SEO,600711,600711,2012,nan,"['李朝辉', '张春雨']"
SEO,600711,600711,2013,nan,"['戴亮', '李朝辉']"
SEO,600711,600711,2016,nan,"['戴亮', '陈望萍', '管盛春', '洪霞']"
SEO,600711,600711,2018,nan,"['李朝辉', '肖缨']"
SEO,600711,600711,2021,nan,"['潘要文', '岑宛泽', '李朝辉', '肖源']"
SEO,600712,600712,2011,nan,"['曾红', '秦茂']"
SEO,600713,600713,2009,nan,"['骆竞', '陆德忠']"
SEO,600713,600713,2016,nan,"['徐侃瓴', '虞晓钧', '丁锶毅']"
SEO,600713,600713,2021,nan,"['周徐春', '潘子建']"
SEO,600714,600714,2014,nan,"['范增裕', '张有娣']"
SEO,600715,600715,2014,nan,"['李文智', '张瑞', '陈静', '徐超玉', '杨磊']"
SEO,600715,600715,2015,nan,"['李文智', '张瑞']"
SEO,600716,600716,2008,nan,"['高明来', '袁蕾']"
SEO,600716,600716,2015,nan,"['诸旭敏', '葛晨煜']"
SEO,600717,600717,2007,nan,"['郑凯斌', '丁琛']"
SEO,600720,600720,2008,nan,"['韩旺', '秦宝']"
SEO,600720,600720,2022,nan,"['夏宏林', '张锐', '周稳', '宿金英', '张宇锋', '张萌']"
SEO,600720,600720,2022,nan,"['夏宏林', '张锐', '周稳', '宿金英', '刘爽']"
SEO,600721,600721,2009,nan,"['陈军', '宋岩', '龚伟']"
SEO,600721,600721,2016,nan,"['唐志荣', '王侠', '沈在斌', '王传文']"
SEO,600722,600722,2011,nan,"['李欣', '龙传喜', '郑建彪']"
SEO,600723,600723,2010,nan,"['关黎明', '刘顺利']"
SEO,600724,600724,2008,nan,"['吕秋萍', '张昕', '王英', '朱晓东', '陈春晖']"
SEO,600726,600726,2008,nan,"['陈星辉', '张松青']"
SEO,600726,600726,2022,nan,"['王君', '张敬', '谢志明', '陈佳', '曹申庚']"
SEO,600727,600727,2019,nan,"['王新宇', '周忠华']"
SEO,600728,600728,2011,nan,"['何华峰', '安霞']"
SEO,600728,600728,2013,nan,"['傅成钢', '李春华']"
SEO,600728,600728,2014,nan,"['傅成钢', '康代安', '韩雁光']"
SEO,600728,600728,2016,nan,"['傅成钢', '韩雁光', '康代安']"
SEO,600728,600728,2022,nan,"['屈先富', '潘平平']"
SEO,600729,600729,2009,nan,"['龙文虎', '弋守川']"
SEO,600729,600729,2012,nan,"['龙文虎', '弋守川']"
SEO,600729,600729,2022,nan,"['钟军', '冉定恩', '唐明', '刘群', '谢静欣', '申云会', '彭远志']"
SEO,600731,600731,2013,nan,"['邹丽娟', '谢建民']"
SEO,600731,600731,2016,nan,"['胡绪峰', '陈长春']"
SEO,600731,600731,2022,nan,"['陈长春', '邹青栩', '胡绪峰']"
SEO,600732,600732,2019,nan,"['李萍', '李悦', '杨运辉', '王子强']"
SEO,600732,600732,2020,nan,"['潘新华', '欧昌献']"
SEO,600732,600732,2022,nan,"['杨运辉', '王子强']"
SEO,600732,600732,2023,nan,"['刘迪', '郭跃烽', '王连强']"
SEO,600733,600733,2018,nan,"['黄敏', '张兰', '郑建彪', '李洋', '张志威']"
SEO,600733,600733,2020,nan,"['李洋', '张志威']"
SEO,600733,600733,2022,nan,"['郑建彪', '魏亚婵', '李洋']"
SEO,600733,600733,2025,nan,"['李洋', '魏亚婵']"
SEO,600734,600734,2015,nan,"['郑淑琳', '孟翠香', '林凤']"
SEO,600734,600734,2016,nan,"['孟翠香', '林凤', '曹阳', '高青山']"
SEO,600734,600734,2016,nan,"['孟翠香', '林凤']"
SEO,600735,600735,2021,nan,"['张敬鸿', '鞠录波']"
SEO,600736,600736,2007,nan,"['顾文贤', '李莉', '汪阳', '邱海']"
SEO,600736,600736,2014,nan,"['唐国骏', '蒋承毅']"
SEO,600737,600737,2011,nan,"['向芳芸', '谭学']"
SEO,600737,600737,2016,nan,"['向芳芸', '谭学', '王亮']"
SEO,600738,600738,2012,nan,"['林国雄', '叶喜撑']"
SEO,600738,600738,2016,nan,"['叶喜撑', '章方杰']"
SEO,600739,600739,2013,nan,"['李晓刚', '高屹', '周洪波']"
SEO,600739,600739,2014,nan,"['李晓刚', '高屹', '周洪波']"
SEO,600740,600740,2011,nan,"['韩瑞红', '朱小娃']"
SEO,600740,600740,2016,nan,"['韩瑞红', '彭素红']"
SEO,600740,600740,2016,nan,"['韩瑞红', '彭素红', '黄峰', '王新英']"
SEO,600741,600741,2008,nan,"['原守清', '胡媛媛', '袁园', '范思雯', '赵桃', '戴定毅']"
SEO,600741,600741,2015,nan,"['原守清', '陈霄芸']"
SEO,600742,600742,2021,nan,"['奚大伟', '王红海']"
SEO,600744,600744,2014,nan,"['梁永强', '胡瑶瑶', '刘宇科', '贺艳峰']"
SEO,600744,600744,2021,nan,"['刘宇科', '徐兴宏']"
SEO,600745,600745,2007,nan,"['严劼', '周琪']"
SEO,600745,600745,2013,nan,"['周琪', '田华']"
SEO,600745,600745,2015,nan,"['郝世明', '吴萃柿', '周琪', '姜波']"
SEO,600745,600745,2018,nan,"['郝世明', '徐灵玲']"
SEO,600746,600746,2019,nan,"['闵志强', '汪焕新', '鲍伦虎']"
SEO,600746,600746,2020,nan,"['闵志强', '鲍伦虎']"
SEO,600747,600747,2012,nan,"['龙哲', '潘忠民']"
SEO,600748,600748,2007,nan,"['李波', '欧阳丹']"
SEO,600748,600748,2015,nan,"['张健', '胡治华']"
SEO,600749,600749,2006,nan,"['文能武', '庄瑞兰']"
SEO,600749,600749,2010,nan,"['庄瑞兰', '徐洪平']"
SEO,600749,600749,2017,nan,"['杨锡光', '蔡蓉']"
SEO,600750,600750,2010,nan,"['舒佳敏', '李国平']"
SEO,600751,600751,2013,nan,"['伊琳', '梁雪萍', '段永强', '戴正华']"
SEO,600753,600753,2020,nan,"['林东', '林祥']"
SEO,600754,600754,2014,nan,"['周华', '倪敏', '姚辉', '袁莘明']"
SEO,600754,600754,2015,nan,"['唐恋炯', '陈彦', '杜文强', '吴文俊']"
SEO,600754,600754,2020,nan,"['陈彦', '刘颖', '杜志强', '吴文俊']"
SEO,600755,600755,2020,nan,"['梁宝珠', '李雅莉']"
SEO,600756,600756,2015,nan,"['胡咏华', '刘雪娇', '陈金波', '陈家']"
SEO,600756,600756,2024,nan,"['于仁强', '王书博']"
SEO,600757,600757,2012,nan,"['何降星', '王振宇', '徐庆平']"
SEO,600758,600758,2014,nan,"['邵立新', '潘颖', '曹云锋', '任仲群']"
SEO,600758,600758,2014,nan,"['邵立新', '潘颖']"
SEO,600759,600759,2013,nan,"['郑基', '王庆莲', '潘玉忠', '孙彤', '于晓波']"
SEO,600760,600760,2009,nan,"['尹师州', '张冲良']"
SEO,600760,600760,2016,nan,"['袁刚山', '左志民']"
SEO,600760,600760,2023,nan,"['李楠', '李旭']"
SEO,600761,600761,2006,nan,"['何本英', '梁瑛', '罗斌']"
SEO,600764,600764,2016,nan,"['陈勇波', '王娜']"
SEO,600764,600764,2018,nan,"['陈勇波', '王娜']"
SEO,600765,600765,2007,nan,"['李可贞', '李琪友', '王琴珠', '朱政芳', '周曼萍', '熊汝良', '张静', '张再鸿', '乐超军', '李东昕']"
SEO,600765,600765,2008,nan,"['李可贞', '李琪友']"
SEO,600765,600765,2018,nan,"['恵增强', '辛庆辉', '王晓明', '江山']"
SEO,600765,600765,2021,nan,"['江山', '王晓明']"
SEO,600765,600765,2023,nan,"['丁亭亭', '申家楠', '黎程', '郭悦']"
SEO,600770,600770,2009,nan,"['施国樑', '陈昌平']"
SEO,600770,600770,2010,nan,"['施国樑', '陈昌平']"
SEO,600770,600770,2013,nan,"['施国樑', '周慧']"
SEO,600771,600771,2014,nan,"['蒋淑霞', '王兴杰']"
SEO,600771,600771,2016,nan,"['蒋淑霞', '王兴杰']"
SEO,600773,600773,2013,nan,"['韩频', '郑刚', '曹毅']"
SEO,600773,600773,2016,nan,"['曹毅', '韩频', '张松柏']"
SEO,600773,600773,2023,nan,"['韩频', '赵键', '顾召华']"
SEO,600774,600774,2020,nan,"['黄晓华', '周晗']"
SEO,600775,600775,2012,nan,"['王传邦', '徐新毅']"
SEO,600777,600777,2015,nan,"['李文祥', '吴秀玲', '王重娟', '郭颖']"
SEO,600781,600781,2015,nan,"['张安峰', '崔华伟']"
SEO,600782,600782,2007,nan,"['周益平', '詹铁军']"
SEO,600782,600782,2016,nan,"['周益平', '管丁才']"
SEO,600784,600784,2013,nan,"['何政', '田景智']"
SEO,600784,600784,2021,nan,"['杨春强', '栾贻磊']"
SEO,600787,600787,2009,nan,"['郭家利', '韩峰', '侯杏倩', '钱敏']"
SEO,600789,600789,2016,nan,"['袁涛', '宋立民', '李晖', '戈红利']"
SEO,600789,600789,2024,nan,"['王丽敏', '王建英']"
SEO,600791,600791,2006,nan,"['杨力强', '孙奇']"
SEO,600792,600792,2011,nan,"['杨漫辉', '张晓惠']"
SEO,600792,600792,2022,nan,"['杨漫辉', '杨艳玲']"
SEO,600793,600793,2017,nan,"['李武林', '刘均']"
SEO,600794,600794,2012,nan,"['周瑕', '李丽芳']"
SEO,600794,600794,2013,nan,"['李丽芳', '刘志新']"
SEO,600794,600794,2015,nan,"['魏强', '钟旭东', '李丽芳']"
SEO,600795,600795,2012,nan,"['李岳军', '王需如']"
SEO,600796,600796,2021,nan,"['黄加才', '陈彩琴', '周晨', '周杨', '黄加才', '陈彩琴', '周晨', '周杨']"
SEO,600797,600797,2015,nan,"['毛晓东', '黄锦洪']"
SEO,600797,600797,2016,nan,"['王越豪', '宁一锋', '毛晓东']"
SEO,600798,600798,2007,nan,"['郑晓东', '顾文贤']"
SEO,600798,600798,2018,nan,"['胡超', '吴美芬']"
SEO,600800,600800,2018,nan,"['陈利诚', '徐彬']"
SEO,600801,600801,2006,nan,"['曾华光', '陈耘涛', '张克东', '李素平']"
SEO,600801,600801,2009,nan,"['陈耘涛', '林宇鹏']"
SEO,600803,600803,2012,nan,"['王英伟', '王欣', '王芳', '侯卫星', '何英敏']"
SEO,600803,600803,2012,nan,"['侯为星', '王欣', '祁卫红', '何英敏']"
SEO,600803,600803,2019,nan,"['祁卫红', '邓海伏', '李伟']"
SEO,600803,600803,2019,nan,"['祁卫红', '邓海伏', '李伟', '王英伟', '张增刚', '刘敏']"
SEO,600803,600803,2021,nan,"['张增刚', '邓海伏']"
SEO,600804,600804,2006,nan,"['范江群', '饶世旗']"
SEO,600804,600804,2009,nan,"['范江群', '饶世旗', '罗建平', '谢宇春']"
SEO,600804,600804,2020,nan,"['张妍', '董兰芳', '邱由珍']"
SEO,600807,600807,2006,nan,"['毕思强', '刘家泉']"
SEO,600807,600807,2013,nan,"['李荣坤', '张吉范']"
SEO,600807,600807,2014,nan,"['李荣坤', '张吉范', '刁云涛']"
SEO,600810,600810,2019,nan,"['杨东升', '李花']"
SEO,600811,600811,2015,nan,"['高世茂', '霍耀俊']"
SEO,600812,600812,2013,nan,"['李钰', '杜新迈', '谢红新']"
SEO,600812,600812,2020,nan,"['李钰', '杨会文']"
SEO,600814,600814,2013,nan,"['严善明', '张颖']"
SEO,600815,600815,2007,nan,"['周洁', '王文献']"
SEO,600815,600815,2012,2012-12-19,"['谢培仁', '陈涌根']"
SEO,600816,600816,2014,nan,"['肖菲', '包梅庭', '徐萍']"
SEO,600816,600816,2015,nan,"['肖菲', '徐萍']"
SEO,600816,600816,2021,nan,"['包梅庭', '钱致富', '徐萍', '王许']"
SEO,600819,600819,2013,nan,"['戎凯宇', '林德伟', '熊洋']"
SEO,600819,600819,2025,nan,"['张婕', '张怡']"
SEO,600821,600821,2019,nan,"['何政', '沈文圣', '张希海', '王庆宾']"
SEO,600821,600821,2019,nan,"['何政', '沈文圣', '张希海', '王庆宾', '王文杰']"
SEO,600821,600821,2020,nan,"['沈文圣', '王文杰']"
SEO,600821,600821,2022,nan,"['付强', '张欣华']"
SEO,600822,600822,2009,nan,"['钱志昂', '童冰薇']"
SEO,600823,600823,2015,nan,"['张健', '陶喆', '陈大愚']"
SEO,600825,600825,2007,nan,"['翟小民', '虞晓江']"
SEO,600826,600826,2019,nan,"['张晓荣', '卫朝华']"
SEO,600827,600827,2015,nan,"['江强', '季晓明']"
SEO,600828,600828,2015,nan,"['武丽波', '饶世旗']"
SEO,600830,600830,2007,nan,"['余瑞玉', '林捷']"
SEO,600831,600831,2006,nan,"['高靖杰', '曹爱民', '张铁山']"
SEO,600831,600831,2015,nan,"['俞鹏', '邱程红']"
SEO,600836,600836,2006,nan,"['钱志昂', '李云潮']"
SEO,600836,600836,2013,nan,"['林璐', '李云潮', '钱志昂', '项一敏']"
SEO,600837,600837,2007,nan,"['钱志昂', '单峰']"
SEO,600837,600837,2018,nan,"['胡小骏', '宫明亮']"
SEO,600841,600841,2011,nan,"['周琳', '邱喆', '李博']"
SEO,600841,600841,2021,nan,"['胡媛媛', '罗一鸣']"
SEO,600843,600843,2013,nan,"['李萍', '常大磊']"
SEO,600843,600843,2020,nan,"['李萍', '蔡彦翔']"
SEO,600844,600844,2008,nan,"['李文祥', '王丽芳']"
SEO,600844,600844,2015,nan,"['李文祥', '周敏']"
SEO,600845,600845,2013,nan,"['倪春华', '关群']"
SEO,600845,600845,2015,nan,"['倪春华', '汪健']"
SEO,600845,600845,2020,nan,"['倪春华', '汪健']"
SEO,600846,600846,2008,nan,"['戎凯宇', '杨明', '巫琦伟', '顾君']"
SEO,600847,600847,2011,nan,"['张凯', '陈应爵']"
SEO,600848,600848,2014,nan,"['王兴华', '户永红', '马罡', '方志刚', '孙锦华']"
SEO,600848,600848,2014,nan,"['方志刚', '孙锦华']"
SEO,600848,600848,2016,nan,"['方志刚', '曹俊炜']"
SEO,600848,600848,2018,nan,"['倪春华', '曹俊炜']"
SEO,600848,600848,2018,nan,"['倪春华', '曹俊炜', '金乾恺']"
SEO,600849,600849,2009,nan,"['吕秋萍', '李元平', '朱荣元', '刘弋', '王凌云', '陈春晖', '张昕', '王英', '朱晓东']"
SEO,600850,600850,2021,nan,"['张玲', '李晓娜', '徐小哲']"
SEO,600853,600853,2017,nan,"['刘凤美', '吴枫']"
SEO,600855,600855,2017,nan,"['潘帅', '倪云清']"
SEO,600855,600855,2019,nan,"['宋智云', '欧阳鹏']"
SEO,600855,600855,2022,nan,"['张冲良', '肖东亮']"
SEO,600856,600856,2014,nan,"['张艳', '王树奇', '冯万奇', '于长江']"
SEO,600856,600856,2014,nan,"['冯万奇', '于长江']"
SEO,600856,600856,2016,nan,"['冯万奇', '于长江']"
SEO,600858,600858,2009,nan,"['张敬鸿', '徐建来']"
SEO,600859,600859,2010,nan,"['郎争', '郑小川']"
SEO,600859,600859,2016,nan,"['姚焕然', '王宏疆']"
SEO,600859,600859,2017,nan,"['姚焕然', '王宏疆', '郑小川']"
SEO,600859,600859,2021,nan,"['唐炫', '郑小川', '王宏疆']"
SEO,600860,600860,2019,nan,"['王欣', '张昆']"
SEO,600860,600860,2020,nan,"['王欣', '曲爽晴']"
SEO,600860,600860,2020,nan,"['王欣', '曲爽晴', '马静']"
SEO,600861,600861,2021,nan,"['司伟库', '史淑颖', '孙佳', '袁刚', '王娇', '王思莹']"
SEO,600861,600861,2021,nan,"['袁刚', '王娇', '王思莹']"
SEO,600862,600862,2009,nan,"['徐曙', '陈荣芳']"
SEO,600862,600862,2014,nan,"['孟红兵', '张力']"
SEO,600863,600863,2011,nan,"['郎争', '葛颂', '郑小川']"
SEO,600863,600863,2025,nan,"['索还锁', '陈峰']"
SEO,600866,600866,2009,nan,"['李秉心', '王广旭']"
SEO,600866,600866,2014,nan,"['李秉心', '杨春祥']"
SEO,600866,600866,2018,nan,"['王广旭', '梅京']"
SEO,600866,600866,2022,nan,"['凌朝晖', '李正良']"
SEO,600867,600867,2015,nan,"['刘昆', '刘凤娟']"
SEO,600869,600869,2008,nan,"['金章罗', '孙新卫', '盛青']"
SEO,600869,600869,2010,nan,"['柏凌菁', '薛敏']"
SEO,600869,600869,2015,nan,"['朱佑敏', '薛敏']"
SEO,600870,600870,2011,nan,"['童益恭', '江叶瑜']"
SEO,600871,600871,2014,nan,"['刘志增', '王京雷', '汪超', '刘毅']"
SEO,600871,600871,2014,nan,"['刘志增', '王京雷']"
SEO,600871,600871,2017,nan,"['刘志增', '王涛']"
SEO,600873,600873,2011,nan,"['张晓义', '曾小生']"
SEO,600874,600874,2021,nan,"['杜凯', '刘莉莉']"
SEO,600875,600875,2007,nan,"['干长如', '童育坚']"
SEO,600875,600875,2017,nan,"['郭东超', '廖继平', '佘爱民', '赵红梅', '冷联刚', '陈安', '王宝莲']"
SEO,600875,600875,2023,nan,"['张军书', '张家辉', '张文纲']"
SEO,600876,600876,2015,nan,"['乔冠芳', '汪海洲']"
SEO,600876,600876,2017,nan,"['乔冠芳', '汪海洲']"
SEO,600876,600876,2020,nan,"['乔冠芳', '汪海洲']"
SEO,600877,600877,2018,nan,"['王玥', '施涛']"
SEO,600877,600877,2020,nan,"['蔺怀阳', '胡小琴', '杨昕']"
SEO,600879,600879,2006,nan,"['王小云', '肖缨']"
SEO,600879,600879,2015,nan,"['陈峰', '赵权', '李爱民']"
SEO,600879,600879,2015,nan,"['王小云', '肖缨']"
SEO,600879,600879,2021,nan,"['张全成', '吕寻慧']"
SEO,600880,600880,2012,nan,"['陈更生', '李敏']"
SEO,600881,600881,2007,nan,"['刘昆', '王立国']"
SEO,600881,600881,2014,nan,"['朱洪山', '张羽', '韩波', '赵德权']"
SEO,600881,600881,2016,nan,"['朱洪山', '张羽', '高原', '韩波', '赵德权']"
SEO,600882,600882,2020,nan,"['王微微', '代艳玲', '赵小微', '陈虹']"
SEO,600884,600884,2015,nan,"['王一芳', '乔琪', '肖菲', '施丹华', '田雍', '吴晓光']"
SEO,600884,600884,2020,nan,"['顾文贤', '施丹华', '王一芳', '乔琪']"
SEO,600885,600885,2012,nan,"['周益平', '毛英莉', '周华剑']"
SEO,600886,600886,2009,nan,"['郎争', '廖志勇']"
SEO,600886,600886,2021,nan,"['赵斌', '裴智超']"
SEO,600886,600886,2024,nan,"['石爱红', '张冠威']"
SEO,600887,600887,2011,nan,"['张文荣', '王剑']"
SEO,600887,600887,2021,nan,"['刘广', '李晓旭']"
SEO,600888,600888,2007,nan,"['于雳', '季红']"
SEO,600888,600888,2010,nan,"['于雳', '季红']"
SEO,600888,600888,2018,nan,"['朱瑛', '郁秀丽']"
SEO,600889,600889,2016,nan,"['陆英', '李霞']"
SEO,600889,600889,2024,nan,"['汪军', '张凯茗']"
SEO,600891,600891,2014,nan,"['田楠', '张海洋']"
SEO,600892,600892,2015,nan,"['陈昭', '林恒新']"
SEO,600893,600893,2009,nan,"['袁刚山', '吴玉光']"
SEO,600893,600893,2013,nan,"['袁刚山', '左志民']"
SEO,600893,600893,2016,nan,"['袁刚山', '左志民']"
SEO,600893,600893,2019,nan,"['黄丽琼', '赵鑫']"
SEO,600894,600894,2011,nan,"['蒋洪峰', '姚静', '陈雄溢', '潘冬梅']"
SEO,600894,600894,2013,nan,"['潘冬梅', '司徒慧强']"
SEO,600896,600896,2020,nan,"['张坚', '薛建兵']"
SEO,600898,600898,2020,nan,"['朴仁花', '刘生刚']"
SEO,600900,600900,2015,nan,"['郝丽江', '王鹏', '沈彦波', '张军书', '郭顺玺', '崔岩', '何岚']"
SEO,600900,600900,2021,nan,"['郝丽江', '杨倩', '沈彦波']"
SEO,600908,600908,2021,nan,"['张玉虎', '郭锋']"
SEO,600918,600918,2023,nan,"['吴强', '顾庆刚', '张可心', '赵锋']"
SEO,600919,600919,2016,nan,"['石海云', '汪扬', '韩子荣', '彭建华']"
SEO,600926,600926,2017,nan,"['严盛炜', '郭杭翔', '王文燕', '陈丽菁']"
SEO,600926,600926,2019,nan,"['周章', '童咏静']"
SEO,600929,600929,2021,nan,"['傅成钢', '康代安', '李海来']"
SEO,600929,600929,2022,nan,"['康代安', '夏丽飞', '傅成钢', '李海来']"
SEO,600933,600933,2023,nan,"['杨峰安', '任明果']"
SEO,600933,600933,2025,nan,"['杨峰安', '屠朝辉', '金天易']"
SEO,600935,600935,2024,nan,"['熊明峰', '汤小龙', '张志伟']"
SEO,600956,600956,2021,nan,"['陈静', '祁丽娜']"
SEO,600958,600958,2017,nan,"['王斌', '唐成', '马庆辉', '史曼']"
SEO,600959,600959,2017,nan,"['李来民', '沈建华', '张冀', '詹从才']"
SEO,600960,600960,2012,nan,"['李江山', '刘树国']"
SEO,600960,600960,2016,nan,"['刘磊', '刘煜', '李江山', '张洪超']"
SEO,600960,600960,2016,nan,"['李江山', '张洪超']"
SEO,600961,600961,2006,nan,"['祝小兰', '徐剑英', '铁维铭']"
SEO,600961,600961,2022,nan,"['康代安', '张剑', '何冬梅', '袁河']"
SEO,600963,600963,2006,nan,"['李弟扩', '邓建华', '胡劲为', '张佑民', '林重仁', '袁勇']"
SEO,600963,600963,2012,nan,"['贺焕华', '刘钢跃']"
SEO,600963,600963,2015,nan,"['贺焕华', '黄湘伟', '杜小强', '张之祥']"
SEO,600967,600967,2006,nan,"['密惠红', '朱劲松']"
SEO,600967,600967,2011,nan,"['张文荣', '郭凤民']"
SEO,600967,600967,2015,nan,"['张文荣', '马玉婧']"
SEO,600969,600969,2014,nan,"['刘智清', '李晓阳', '王和平']"
SEO,600970,600970,2020,nan,"['王欣', '闫欢', '刘光宗', '张坚', '嵇道伟', '桂士豪']"
SEO,600970,600970,2022,nan,"['范鹏飞', '谭志东']"
SEO,600973,600973,2010,nan,"['肖厚祥', '张笑云']"
SEO,600973,600973,2014,nan,"['肖厚祥', '徐锦华']"
SEO,600973,600973,2018,nan,"['郝国敏', '侯书涛']"
SEO,600975,600975,2014,nan,"['李剑', '魏五军']"
SEO,600975,600975,2020,nan,"['赵娇', '刘彩林', '周娅']"
SEO,600975,600975,2022,nan,"['陈长春', '袁慧敏', '赵娇', '周娅']"
SEO,600975,600975,2022,nan,"['赵娇', '周娅', '陈长春', '胡绪峰', '袁慧敏']"
SEO,600978,600978,2006,nan,"['王韶华', '洪文伟']"
SEO,600978,600978,2010,nan,"['王韶华', '洪文伟']"
SEO,600979,600979,2009,nan,"['张卓', '王庆', '刘贵彬']"
SEO,600979,600979,2011,nan,"['黄菊', '顾仁荣', '杨东耀', '杨建强']"
SEO,600979,600979,2015,nan,"['张卓', '吴青松', '洪祖柏', '袁风雷']"
SEO,600980,600980,2013,nan,"['曹彬', '郭俊辉']"
SEO,600980,600980,2020,nan,"['吕志', '谭建敏']"
SEO,600980,600980,2021,nan,"['吕志', '谭建敏', '魏汝翔', '黄宾']"
SEO,600981,600981,2015,nan,"['龚新海', '任兴杰']"
SEO,600982,600982,2013,nan,"['游世秋', '吴舟']"
SEO,600982,600982,2018,nan,"['胡学文', '林茜', '李昱']"
SEO,600983,600983,2013,nan,"['张婕', '鲍灵姬']"
SEO,600984,600984,2012,nan,"['王侠', '范敏华']"
SEO,600984,600984,2015,nan,"['俞鹏', '王永忠', '曹爱民', '窦源']"
SEO,600984,600984,2018,nan,"['高靖杰', '俞鹏']"
SEO,600985,600985,2016,nan,"['黄亚琼', '鲍光荣']"
SEO,600985,600985,2017,nan,"['黄亚琼', '熊明峰', '郭凯', '鲍光荣']"
SEO,600986,600986,2015,nan,"['沃巍勇', '陈彩琴']"
SEO,600986,600986,2016,nan,"['周瑕', '衣志坤', '沃巍勇', '陈彩琴']"
SEO,600986,600986,2021,nan,"['周瑕', '乔冠雯']"
SEO,600987,600987,2018,nan,"['缪志坚', '陈焱鑫', '徐银']"
SEO,600988,600988,2014,nan,"['秦晋臣', '乔玉湍']"
SEO,600990,600990,2012,nan,"['吕勇军', '吴琳', '王业甄']"
SEO,600990,600990,2016,nan,"['廖传宝', '郁向军', '万文娟']"
SEO,600992,600992,2012,nan,"['周荣铭', '季赟']"
SEO,600997,600997,2015,nan,"['邱淦泳', '丁志增', '赵鉴', '钱明跃']"
SEO,600998,600998,2013,nan,"['王明璀', '朱烨', '李莎']"
SEO,600998,600998,2016,nan,"['王明璀', '夏才渠']"
SEO,600998,600998,2019,nan,"['王明璀', '马玲', '夏才渠']"
SEO,600998,600998,2020,nan,"['王明璀', '马玲', '夏才渠']"
SEO,600998,600998,2022,nan,"['王明璀', '朱烨', '马玲', '王静']"
SEO,600999,600999,2013,nan,"['颜凡清', '张霞']"
SEO,601000,601000,2011,nan,"['王勇', '张霞']"
SEO,601000,601000,2013,nan,"['卢丽', '孔令俊', '树新', '崔巍巍']"
SEO,601000,601000,2016,nan,"['王云成', '李智玮', '树新', '崔巍巍', '林国伟', '周军']"
SEO,601002,601002,2011,nan,"['郑启华', '程志刚', '张林']"
SEO,601002,601002,2018,nan,"['程志刚', '郑俭', '张林']"
SEO,601003,601003,2025,nan,"['李明', '吕杰', '李晓阳']"
SEO,601005,601005,2012,nan,"['廖伟', '王长勇', '罗西彬玉', '凌云', '万姝']"
SEO,601005,601005,2012,nan,"['廖伟', '王长勇']"
SEO,601005,601005,2025,nan,"['蒋健', '欧阳千力', '陈晓祥', '艾维', '王丹', '刘珍宏']"
SEO,601008,601008,2013,nan,"['兰正恩', '任伟红']"
SEO,601008,601008,2018,nan,"['兰正恩', '任伟红']"
SEO,601008,601008,2020,nan,"['兰正恩', '王新成']"
SEO,601009,601009,2014,nan,"['胡亮', '韩静']"
SEO,601009,601009,2015,nan,"['胡亮', '周章', '韩静']"
SEO,601009,601009,2016,nan,"['胡亮', '周章', '谭麟林']"
SEO,601009,601009,2019,nan,"['周章', '谭麟林', '王怿炜', '陈露', '刘晓颖']"
SEO,601011,601011,2014,nan,"['张巍', '滑燕']"
SEO,601011,601011,2016,nan,"['刘凤美', '隋国君']"
SEO,601011,601011,2021,nan,"['刘凤美', '隋国君', '李丹']"
SEO,601012,601012,2014,nan,"['朱海武', '罗艳微']"
SEO,601012,601012,2015,nan,"['朱海武', '韩信']"
SEO,601015,601015,2016,nan,"['童登书', '赵雷励']"
SEO,601016,601016,2015,nan,"['张国华', '宋连勇']"
SEO,601016,601016,2019,nan,"['张国华', '董卫霞']"
SEO,601018,601018,2016,nan,"['蒋颂祎', '童珏琳', '罗训超', '陈达华']"
SEO,601018,601018,2020,nan,"['叶骏', '柳宗祺']"
SEO,601018,601018,2021,nan,"['叶骏', '柳宗祺']"
SEO,601021,601021,2016,nan,"['王笑', '蒋颂祎', '杨旭东', '刘玉玉']"
SEO,601021,601021,2021,nan,"['戴正华', '许静']"
SEO,601028,601028,2014,nan,"['刘大荣', '夏正曙']"
SEO,601038,601038,2020,nan,"['俞放虹', '林海艳', '崔玉强', '符振振']"
SEO,601058,601058,2013,nan,"['牟敦潭', '李江山', '刘树国']"
SEO,601058,601058,2014,nan,"['李江山', '刘树国']"
SEO,601058,601058,2016,nan,"['李江山', '吕航']"
SEO,601058,601058,2020,nan,"['李江山', '于焘焘']"
SEO,601066,601066,2019,nan,"['姜昆', '高晴', '韩丹', '陈进展']"
SEO,601088,601088,2025,nan,"['张思伟', '贺鑫', '孙芳', '俞艳红', '刘汉蜀', '杨青', '安秀艳', '沈阿红', '崔乃文', '郭晶', '宋泽桐', '徐晓洁', '周旭', '崔二娜']"
SEO,601099,601099,2011,nan,"['杨雄', '孙彤']"
SEO,601100,601100,2021,nan,"['张全心', '秦啸', '周裕顺', '王艳']"
SEO,601106,601106,2016,nan,"['闫丙旗', '李玉平']"
SEO,601111,601111,2010,nan,"['于涛', '钟锐强', '张宁宁', '王敏']"
SEO,601111,601111,2012,nan,"['张宁宁', '王敏', '吕淑星']"
SEO,601111,601111,2015,nan,"['陈玉红', '王婷']"
SEO,601111,601111,2022,nan,"['陆京泽', '郭静', '冯虹茜']"
SEO,601111,601111,2023,nan,"['陆京泽', '殷莉莉', '郭静', '冯虹茜']"
SEO,601111,601111,2025,nan,"['陆京泽', '殷莉莉', '冯虹茜', '陈玉红', '颜丽']"
SEO,601113,601113,2014,nan,"['郭宪明', '唐吉鸿']"
SEO,601113,601113,2017,nan,"['朱伟', '陈仕国', '唐吉鸿']"
SEO,601113,601113,2017,nan,"['朱伟', '陈仕国', '唐吉鸿', '钟晓荣', '刘彬文', '时斌']"
SEO,601113,601113,2024,nan,"['郑玉梅', '詹文豪']"
SEO,601116,601116,2016,nan,"['虞晓钧', '章晨伟', '张晓磊', '高佳瑜']"
SEO,601117,601117,2020,nan,"['郭顺玺', '张家辉']"
SEO,601118,601118,2016,nan,"['卢剑', '吴馁', '崔秀荣']"
SEO,601121,601121,2025,nan,"['李春玲', '计峰']"
SEO,601127,601127,2019,nan,"['胡涛', '王畅']"
SEO,601127,601127,2020,nan,"['胡涛', '王畅']"
SEO,601127,601127,2022,nan,"['胡涛', '王畅']"
SEO,601127,601127,2024,nan,"['索保国', '罗瑷玲']"
SEO,601137,601137,2018,nan,"['沈佳盈', '陈思']"
SEO,601139,601139,2011,nan,"['崔岩', '张明祥']"
SEO,601162,601162,2020,nan,"['张文娟', '向辉', '陈雅婷', '郭晗']"
SEO,601162,601162,2023,nan,"['张文娟', '廖梅']"
SEO,601166,601166,2012,nan,"['陶坚', '顾珺', '沈小红']"
SEO,601166,601166,2014,nan,"['陶坚', '沈小红', '顾珺']"
SEO,601166,601166,2014,nan,"['陶坚', '沈小红']"
SEO,601166,601166,2016,nan,"['刘明华', '张华']"
SEO,601166,601166,2018,nan,"['胡小骏', '张华']"
SEO,601169,601169,2014,nan,"['张凡', '陈澜', '楼坚', '吴卫军', '王丹婕', '焦楠']"
SEO,601169,601169,2015,nan,"['吴卫军', '焦楠', '张凡', '楼坚']"
SEO,601169,601169,2017,nan,"['张凡', '楼坚']"
SEO,601186,601186,2014,nan,"['杨淑娟', '沈岩']"
SEO,601188,601188,2012,nan,"['史绍禹', '吕江']"
SEO,601198,601198,2015,nan,"['王需如', '刘贵彬', '刘涛']"
SEO,601198,601198,2021,nan,"['曾浩', '杨小真']"
SEO,601208,601208,2020,nan,"['刘志永', '杨成会']"
SEO,601211,601211,2024,nan,"['王国蓓', '虞京京', '汪霞']"
SEO,601212,601212,2017,nan,"['李进', '张年军']"
SEO,601216,601216,2015,nan,"['张鹏飞', '陈丽蓉']"
SEO,601222,601222,2014,nan,"['严劼', '张涛']"
SEO,601222,601222,2015,nan,"['严劼', '张涛']"
SEO,601228,601228,2021,nan,"['陈锦棋', '文娜杰']"
SEO,601229,601229,2017,nan,"['金乃雯', '石海云', '陈思杰', '张晨晨']"
SEO,601231,601231,2014,nan,"['茅志鸿', '许育荪', '祝小兰', '吴晓辉', '胡海铭']"
SEO,601231,601231,2019,nan,"['吴晓辉', '王欣']"
SEO,601233,601233,2015,nan,"['陈翔', '沈维华', '严燕鸿', '张远飞']"
SEO,601233,601233,2016,nan,"['沈维华', '严燕鸿']"
SEO,601233,601233,2021,nan,"['沈维华', '陈志维', '陈夏连']"
SEO,601238,601238,2016,nan,"['王翼初', '徐聃']"
SEO,601258,601258,2013,nan,"['张明益', '肖慧', '高君']"
SEO,601268,601268,2012,nan,"['李焕玲', '罗东先', '余琳', '顾仁荣', '徐铣才']"
SEO,601279,601279,2022,nan,"['姜波', '刘阳阳', '刘伟', '王韧之']"
SEO,601288,601288,2014,nan,"['吴卫军', '姜昆']"
SEO,601288,601288,2018,nan,"['王伟', '韩丹', '姜昆']"
SEO,601328,601328,2015,nan,"['杨尚圆', '周章', '刘明华', '曾浩']"
SEO,601328,601328,2025,nan,"['石海云', '李砾']"
SEO,601330,601330,2019,nan,"['房炅', '黄秋媚']"
SEO,601360,601360,2017,nan,"['杨伟忠', '罗蕾', '付建超', '单莉莉']"
SEO,601360,601360,2018,nan,"['林俊', '赵建春', '李思嘉', '杨洁']"
SEO,601368,601368,2017,nan,"['傅虹', '庾华英']"
SEO,601375,601375,2019,nan,"['李尽贤', '胡建', '颜凡清', '崔巍巍']"
SEO,601377,601377,2012,nan,"['陶坚', '王鲁宁']"
SEO,601388,601388,2018,nan,"['叶金福', '郑珊杉']"
SEO,601390,601390,2015,nan,"['陈曦', '殷莉莉']"
SEO,601390,601390,2018,nan,"['王蕾', '陈静', '李艳生', '吴贺民']"
SEO,601398,601398,2014,nan,"['宋晨阳', '汪红阳', '李砾', '葛明', '张凡']"
SEO,601398,601398,2018,nan,"['李砾', '何琪', '宋晨阳']"
SEO,601456,601456,2021,nan,"['韩健', '武翔宇', '孙维琦', '朱玮琦']"
SEO,601456,601456,2024,nan,"['张玉虎', '朱圣烽', '刘雅璇']"
SEO,601500,601500,2018,nan,"['沈岩', '钟海涛']"
SEO,601500,601500,2020,nan,"['沈岩', '季军', '滕飞']"
SEO,601500,601500,2022,nan,"['沈岩', '季军']"
SEO,601515,601515,2020,nan,"['林雷', '詹从才', '叶向军']"
SEO,601518,601518,2017,nan,"['金顺兴', '刘洁', '邓华明']"
SEO,601555,601555,2013,nan,"['谈建忠', '陆德忠', '朱丽军']"
SEO,601555,601555,2015,nan,"['谈建忠', '陆德忠']"
SEO,601567,601567,2014,nan,"['周铮文', '丛敬']"
SEO,601567,601567,2015,nan,"['陈黎', '封磊', '丛敬', '王一芳']"
SEO,601577,601577,2018,nan,"['魏五军', '胡萍']"
SEO,601577,601577,2020,nan,"['刘曙萍', '刘亚香']"
SEO,601579,601579,2015,nan,"['叶喜撑', '林国雄', '张琳']"
SEO,601599,601599,2014,nan,"['丁春荣', '陆新涛', '李金桂']"
SEO,601599,601599,2014,nan,"['刘勇', '陆新涛']"
SEO,601600,601600,2012,nan,"['安秀艳', '董楠']"
SEO,601600,601600,2018,nan,"['赵毅智', '孙芳', '刘小红', '钟丽', '周兰', '高梨平']"
SEO,601607,601607,2021,nan,"['刘伟', '周林洁']"
SEO,601608,601608,2015,nan,"['罗俊', '杨欢']"
SEO,601608,601608,2021,nan,"['董治国', '胡松林', '王变平']"
SEO,601611,601611,2021,nan,"['孙彤', '么爱翠', '蔡晓丽', '修军']"
SEO,601615,601615,2020,nan,"['周玉薇', '徐华']"
SEO,601615,601615,2021,nan,"['王涛', '周玉薇']"
SEO,601618,601618,2015,nan,"['张恩军', '吴亦忻', '马燕梅', '陈文龙']"
SEO,601619,601619,2018,nan,"['李耀忠', '祁恪新']"
SEO,601619,601619,2024,nan,"['李耀忠', '张宏瑾', '赵小刚', '司建军', '祁恪新']"
SEO,601636,601636,2013,nan,"['周俊杰', '赵益辉']"
SEO,601636,601636,2014,nan,"['周俊杰', '赵益辉']"
SEO,601658,601658,2020,nan,"['朱宇', '叶少宽', '邹彦']"
SEO,601658,601658,2022,nan,"['吴卫军', '胡小骏', '沈小红', '杨勃']"
SEO,601658,601658,2025,nan,"['何琪', '叶洪铭', '史剑', '杨勃', '胡小骏', '沈小红']"
SEO,601668,601668,2014,nan,"['陈静', '黄鸣柳', '胡巍']"
SEO,601669,601669,2014,nan,"['刘红卫', '黄斌', '邹吉丰', '王颖']"
SEO,601669,601669,2016,nan,"['王秀萍', '邹吉丰']"
SEO,601669,601669,2022,nan,"['张琼', '吴显学']"
SEO,601677,601677,2014,nan,"['董超', '李斌']"
SEO,601677,601677,2016,nan,"['董超', '李斌']"
SEO,601677,601677,2022,nan,"['黄志刚', '陈峰源']"
SEO,601688,601688,2017,nan,"['王国蓓', '张楠']"
SEO,601689,601689,2016,nan,"['朱伟', '陈朝亮']"
SEO,601689,601689,2020,nan,"['朱伟', '汪雄飞', '唐伟']"
SEO,601689,601689,2022,nan,"['俞伟英', '唐伟']"
SEO,601698,601698,2020,nan,"['刘均刚', '李旭']"
SEO,601717,601717,2016,nan,"['吴雪', '赵立卿', '李燕玉', '梁欣', '马臻臻', '祁菲']"
SEO,601717,601717,2016,nan,"['吴雪', '赵立卿']"
SEO,601718,601718,2015,nan,"['张宇峰', '李明高', '王景波']"
SEO,601727,601727,2009,nan,"['袁永敏', '邱喆', '王全洲', '杨轶辉']"
SEO,601727,601727,2015,nan,"['王兴华', '马罡', '王笑', '郑嘉彦']"
SEO,601727,601727,2016,nan,"['王笑', '郑嘉彦', '臧成琪', '吴晓辉', '朱巍', '王兴华', '马罡']"
SEO,601766,601766,2011,nan,"['张宁宁', '李杨', '杨益明', '赵云杰']"
SEO,601766,601766,2014,nan,"['徐斌', '杨红梅', '陈玉红', '雷江', '陈静']"
SEO,601766,601766,2016,nan,"['徐斌', '杨红梅']"
SEO,601777,601777,2014,nan,"['彭启发', '陈应爵', '张凯']"
SEO,601778,601778,2022,nan,"['廖屹峰', '蒋重阳', '石斌全', '王新华']"
SEO,601788,601788,2014,nan,"['王国蓓', '陈思洁', '黄小熠', '水青']"
SEO,601789,601789,2012,nan,"['呙华文', '郭义喜', '张艳影']"
SEO,601789,601789,2012,nan,"['呙华文', '郭义喜']"
SEO,601789,601789,2024,nan,"['潘舜乔', '尤晨帆']"
SEO,601799,601799,2015,nan,"['田业阳', '朱艳']"
SEO,601800,601800,2014,nan,"['王蕾', '苏玲']"
SEO,601801,601801,2015,nan,"['熊明峰', '郭凯', '栾艳鹏']"
SEO,601818,601818,2014,nan,"['金乃雯', '黄艾舟']"
SEO,601818,601818,2016,nan,"['顾珺', '梁成杰']"
SEO,601828,601828,2020,nan,"['梁宏斌', '王辉达']"
SEO,601865,601865,2020,nan,"['周华', '葛丞尧']"
SEO,601865,601865,2022,nan,"['周华', '葛丞尧', '杨蓓', '汪程']"
SEO,601866,601866,2021,nan,"['杨磊', '朱莉', '王友娟', '王圣会']"
SEO,601868,601868,2023,nan,"['金敬玉', '汪文锋', '安长海', '谢晓柳']"
SEO,601872,601872,2014,nan,"['叶韶勋', '潘传云']"
SEO,601872,601872,2017,nan,"['树新', '张岩', '冯光辉', '侯光兰', '潘传云', '李颖']"
SEO,601872,601872,2019,nan,"['叶韶勋', '李颖']"
SEO,601877,601877,2015,nan,"['吴懿忻', '夏均军']"
SEO,601877,601877,2015,nan,"['吴懿忻', '夏均军', '葛徐']"
SEO,601878,601878,2020,nan,"['任成', '陆玲莹']"
SEO,601880,601880,2020,nan,"['王天晴', '薛伟']"
SEO,601888,601888,2012,nan,"['易礼平', '安巍巍']"
SEO,601899,601899,2016,nan,"['谢枫', '邓冬梅']"
SEO,601899,601899,2019,2019-11-13,"['张楠', '王佳', '谢枫', '向钊', '邓冬梅']"
SEO,601900,601900,2016,nan,"['姚欣', '李民']"
SEO,601901,601901,2014,nan,"['关晓光', '田雍', '李第扩', '张恩学', '毛育晖']"
SEO,601908,601908,2014,nan,"['张建新', '王海娜']"
SEO,601908,601908,2020,nan,"['汪吉军', '崔懰']"
SEO,601919,601919,2017,nan,"['董秦川', '罗燕']"
SEO,601933,601933,2012,nan,"['林新田', '陈裕成', '申亮']"
SEO,601933,601933,2014,nan,"['林庆瑜', '佘丽娜']"
SEO,601933,601933,2015,nan,"['林新田', '佘丽娜']"
SEO,601939,601939,2014,nan,"['叶少宽', '吴卫军', '朱宇', '王玮']"
SEO,601939,601939,2025,nan,"['姜长征', '顾珺', '李琳琳', '田志勇', '冯所腾']"
SEO,601949,601949,2022,nan,"['许峰', '朱红伟', '韩艳朋', '李民', '田晓']"
SEO,601956,601956,2021,nan,"['李朝鸿', '江艳红']"
SEO,601966,601966,2020,2020-11-18,"['蓝世红', '乔周玮']"
SEO,601966,601966,2021,nan,"['蓝世红', '乔周玮']"
SEO,601968,601968,2019,nan,"['王健', '杨国杰', '徐海峰', '黄锋']"
SEO,601968,601968,2022,nan,"['邵锋', '樊耀骏']"
SEO,601969,601969,2015,nan,"['谈朝晖', '吴江', '殷国炜', '徐慧']"
SEO,601969,601969,2020,nan,"['巢序', '国秀琪']"
SEO,601985,601985,2020,nan,"['周重揆', '谢东良']"
SEO,601985,601985,2024,nan,"['蔡晓丽', '张文娟']"
SEO,601988,601988,2014,nan,"['张小东', '杨勃', '张凡', '梁杏思', '吴卫军', '王伟']"
SEO,601988,601988,2018,nan,"['张小东', '杨勃', '冯所腾']"
SEO,601988,601988,2018,nan,"['张小东', '杨勃', '冯所腾', '张凡', '赵霄白']"
SEO,601988,601988,2025,nan,"['许旭明', '张凡']"
SEO,601989,601989,2010,nan,"['潘帅', '张伟', '冯涛', '张冲良']"
SEO,601989,601989,2013,nan,"['潘帅', '宋智云']"
SEO,601989,601989,2016,nan,"['潘帅', '张伟', '魏琰琰']"
SEO,601989,601989,2017,nan,"['范晓红', '宋智云']"
SEO,601990,601990,2019,nan,"['梁锋', '邱平']"
SEO,601990,601990,2023,nan,"['梁锋', '陈笑春', '邱平', '张阳阳']"
SEO,601991,601991,2009,nan,"['王斌红', '毕玮多']"
SEO,601991,601991,2010,nan,"['曹彬', '周立业']"
SEO,601991,601991,2016,nan,"['曹彬', '李祝善', '邓丽']"
SEO,601992,601992,2013,nan,"['孟冬', '马越']"
SEO,601992,601992,2015,nan,"['马越', '刘静']"
SEO,601996,601996,2017,nan,"['秦洁', '柳宗祺', '谢青', '杨成', '郑新平']"
SEO,601997,601997,2017,nan,"['张凯', '李斌', '魏倩', '严盛炜', '陈胜']"
SEO,601997,601997,2020,nan,"['严盛炜', '陈胜', '吕红艳', '陈丽菁']"
SEO,601998,601998,2014,nan,"['金乃雯', '王立鹏', '吴卫军', '胡燕']"
SEO,603002,603002,2020,nan,"['韩雁光', '麦剑青']"
SEO,603002,603002,2022,nan,"['颜艳飞', '杨勇', '陈廷洪']"
SEO,603003,603003,2015,nan,"['乐超军', '冯雪']"
SEO,603005,603005,2020,nan,"['齐利平', '崔广余', '荆艳茹']"
SEO,603006,603006,2015,nan,"['吴蓉', '杨庆霞']"
SEO,603008,603008,2015,nan,"['葛徐', '江娟']"
SEO,603009,603009,2015,nan,"['张坚', '党小安']"
SEO,603009,603009,2017,nan,"['张坚', '张婧颖']"
SEO,603009,603009,2025,nan,"['刘科娜', '徐杨']"
SEO,603010,603010,2015,nan,"['朱伟', '陈朝亮']"
SEO,603010,603010,2020,nan,"['郭东超', '胡如昌']"
SEO,603011,603011,2015,nan,"['张婕', '刘勇']"
SEO,603011,603011,2015,nan,"['张婕', '刘勇', '秦啸']"
SEO,603011,603011,2021,nan,"['刘勇', '毛邦威', '刘文', '王彩霞']"
SEO,603017,603017,2015,nan,"['孙冰', '王雄平']"
SEO,603019,603019,2015,nan,"['黄建和', '郭健', '姚林山']"
SEO,603019,603019,2020,nan,"['郭健', '姚林山']"
SEO,603020,603020,2020,nan,"['耿磊', '孙洁珺', '张晓荣', '刘洋']"
SEO,603021,603021,2015,nan,"['任文君', '周瑕']"
SEO,603025,603025,2016,nan,"['刘宇', '张克东']"
SEO,603026,603026,2022,nan,"['赵斌', '许培梅', '韩冰']"
SEO,603027,603027,2022,nan,"['罗东先', '陈彬']"
SEO,603030,603030,2015,nan,"['戎凯宇', '林德伟']"
SEO,603030,603030,2020,nan,"['林德伟', '吉同刚', '戎凯宇', '曹磊', '梁雯晶', '陆士敏']"
SEO,603031,603031,2022,nan,"['赵权', '任栓栓']"
SEO,603031,603031,2024,nan,"['赵权', '任栓栓']"
SEO,603033,603033,2018,nan,"['吕苏阳', '卜刚军', '赵海荣']"
SEO,603038,603038,2020,nan,"['杨华', '吴亮']"
SEO,603041,603041,2021,nan,"['张爱国', '程彦琦']"
SEO,603042,603042,2020,nan,"['孔保忠', '彭灿']"
SEO,603055,603055,2020,nan,"['邵明亮', '韩秀春']"
SEO,603056,603056,2020,nan,"['廖金辉', '叶春', '蔡如笑']"
SEO,603067,603067,2020,nan,"['索保国', '丁红远']"
SEO,603068,603068,2020,nan,"['庄继宁', '廖君']"
SEO,603076,603076,2020,nan,"['沈蓉', '丁蓓蓓']"
SEO,603077,603077,2013,nan,"['李武林', '唐方模']"
SEO,603077,603077,2014,nan,"['陈更生', '徐家敏']"
SEO,603077,603077,2015,nan,"['陈更生', '何寿福', '李武林', '唐方模']"
SEO,603078,603078,2020,nan,"['潘永祥', '杨浩峰']"
SEO,603078,603078,2021,nan,"['潘永祥', '杨浩峰']"
SEO,603079,603079,2023,nan,"['王建甫', '寿方雷']"
SEO,603082,603082,2025,nan,"['张昆', '孙佩佩']"
SEO,603083,603083,2019,nan,"['朱颖', '倪一琳', '王斌', '费旖']"
SEO,603085,603085,2016,nan,"['孙敏', '陈瑛瑛']"
SEO,603085,603085,2019,nan,"['孙敏', '张文娟']"
SEO,603085,603085,2021,nan,"['孙敏', '徐有翔']"
SEO,603087,603087,2022,nan,"['范鹏飞', '谭志东']"
SEO,603088,603088,2024,nan,"['石柱', '罗文龙', '罗玲']"
SEO,603089,603089,2025,nan,"['吕安吉', '程雷', '刘江杰', '徐晓阳']"
SEO,603093,603093,2020,nan,"['施其林', '沈筱敏']"
SEO,603099,603099,2022,nan,"['胡佳青', '刘嘉']"
SEO,603108,603108,2015,nan,"['潘莉华', '江强', '季晓明']"
SEO,603111,603111,2017,nan,"['徐长俄', '李晶', '黄根进', '丁洁']"
SEO,603112,603112,2023,nan,"['俞国徽', '殷李峰', '杨隽']"
SEO,603113,603113,2020,nan,"['费方华', '彭香莲']"
SEO,603115,603115,2020,nan,"['闾力华', '李达', '朱国刚']"
SEO,603117,603117,2016,nan,"['吴迎', '范震杰', '唐恋炯', '陈彦']"
SEO,603118,603118,2015,nan,"['龙哲', '黄建军']"
SEO,603123,603123,2013,nan,"['许朝晖', '王筱姝']"
SEO,603123,603123,2019,nan,"['丛存', '张丽芳']"
SEO,603128,603128,2015,nan,"['蒋伟民', '朱永福']"
SEO,603129,603129,2021,nan,"['朱伟', '谢佳丹', '徐冬冬', '蒋玉龙']"
SEO,603131,603131,2017,nan,"['庄继宁', '高旭升']"
SEO,603138,603138,2020,nan,"['傅智勇', '张林福']"
SEO,603158,603158,2020,nan,"['陈晓龙', '娄新洁', '刘鑫康']"
SEO,603166,603166,2015,nan,"['占铁华', '秦文', '李生敏', '王旭']"
SEO,603166,603166,2020,nan,"['占铁华', '王旭', '董建芳']"
SEO,603168,603168,2015,nan,"['严善明', '丁锡锋']"
SEO,603168,603168,2020,nan,"['严善明', '章璐卿']"
SEO,603169,603169,2015,nan,"['李宗义', '张海英']"
SEO,603169,603169,2017,nan,"['惠全红', '刘贵兰', '王伟民', '王扬']"
SEO,603169,603169,2020,nan,"['张海英', '樊苍']"
SEO,603178,603178,2021,nan,"['施其林', '卢娅萍', '盛伟明', '范俊']"
SEO,603179,603179,2020,nan,"['鲁晓华', '吕杰']"
SEO,603180,603180,2020,nan,"['陈航晖', '李立凡']"
SEO,603185,603185,2020,nan,"['潘永祥', '吉正山', '孙广友', '薛波']"
SEO,603185,603185,2022,nan,"['孙广友', '王翔', '吕恺琳']"
SEO,603187,603187,2021,nan,"['郝先经', '李永芳']"
SEO,603189,603189,2020,nan,"['陆炜炜', '陈芳']"
SEO,603192,603192,2025,nan,"['陈黎', '周琦慧']"
SEO,603196,603196,2024,nan,"['张勋', '张晓琳', '张勋', '张晓琳', '张宇', '程斌', '王忆', '张宇', '程斌', '王忆']"
SEO,603197,603197,2020,nan,"['蔡瑜', '汪云飞']"
SEO,603209,603209,2023,nan,"['李仕谦', '杨吻玉', '许瑞生', '郑伟平', '牛又真', '韩嘉欣']"
SEO,603215,603215,2024,nan,"['杨建平', '郑振']"
SEO,603218,603218,2020,nan,"['郭宪明', '卞加俊', '张金华', '郭晓清']"
SEO,603218,603218,2022,nan,"['俞伟英', '郑益安', '朱伟', '俞伟英', '郑益安']"
SEO,603220,603220,2025,nan,"['张恩学', '邓戒刚', '欧阳小玲']"
SEO,603222,603222,2018,nan,"['孙文军', '叶卫民', '沈佳盈', '赖兴恺', '陈世薇', '陈亮']"
SEO,603222,603222,2022,nan,"['沈佳盈', '赖兴恺', '陈亮']"
SEO,603223,603223,2017,nan,"['刘阿彬', '王丽敏']"
SEO,603223,603223,2021,nan,"['刘学伟', '于丛林', '王丽敏', '姜益强']"
SEO,603225,603225,2018,nan,"['程志刚', '张林']"
SEO,603227,603227,2020,nan,"['蒋艳艳', '刘冰']"
SEO,603227,603227,2022,nan,"['刘国辉', '崔明']"
SEO,603229,603229,2020,nan,"['严燕鸿', '叶泽伟']"
SEO,603229,603229,2022,nan,"['严燕鸿', '叶泽伟']"
SEO,603232,603232,2019,nan,"['董毅强', '李波']"
SEO,603236,603236,2020,nan,"['朱伟', '唐伟']"
SEO,603236,603236,2025,nan,"['俞伟英', '郑益安']"
SEO,603256,603256,2025,nan,"['陈轶', '吕欣洁']"
SEO,603259,603259,2020,nan,"['虞扬', '陈汤寅']"
SEO,603260,603260,2020,nan,"['陈中江', '彭香莲', '费方华']"
SEO,603260,603260,2022,nan,"['费方华', '金浙安']"
SEO,603268,603268,2024,nan,"['郭俊彬', '徐如杰', '韩坚', '朱晓鹏', '陈旸']"
SEO,603268,603268,2024,nan,"['韩坚', '朱晓鹏', '陈旸']"
SEO,603268,603268,2026,nan,"['韩坚', '陈旸']"
SEO,603283,603283,2018,nan,"['陆士敏', '奚晓茵']"
SEO,603286,603286,2022,nan,"['胡友邻', '肖兰', '冯益祥']"
SEO,603289,603289,2020,nan,"['沈佳盈', '李锟']"
SEO,603290,603290,2021,nan,"['杨景欣', '周芳芳']"
SEO,603299,603299,2017,nan,"['周路琴', '汤晓红', '顾春华', '刘艳丽']"
SEO,603299,603299,2025,nan,"['殷明', '沙曙东', '黄陈彬']"
SEO,603300,603300,2016,nan,"['朱伟', '陈小金', '郑江龙', '张建新']"
SEO,603300,603300,2019,nan,"['曾涛', '高飞']"
SEO,603300,603300,2021,nan,"['张旭宏', '陈颖', '曾涛']"
SEO,603301,603301,2021,nan,"['俞佳南', '阮飘飘']"
SEO,603305,603305,2019,nan,"['郭文令', '葛朋', '章祥']"
SEO,603306,603306,2016,nan,"['刘桢', '张斌卿']"
SEO,603308,603308,2015,nan,"['乔如林', '马章松', '许念来']"
SEO,603308,603308,2018,nan,"['乔如林', '马章松', '许念来']"
SEO,603309,603309,2020,nan,"['陈丹燕', '王福彬']"
SEO,603311,603311,2022,nan,"['方湧跃', '丁剑', '宋昌龙', '潘群英']"
SEO,603313,603313,2018,nan,"['盛伟明', '张建东', '卢娅萍']"
SEO,603313,603313,2021,nan,"['卢娅萍', '王润', '唐彬彬', '黄亦怡']"
SEO,603315,603315,2016,nan,"['黄志斌', '马雪艳']"
SEO,603315,603315,2018,nan,"['张昆', '王丽娜', '孙宁', '马雪艳']"
SEO,603317,603317,2020,nan,"['何勇', '谢芳']"
SEO,603318,603318,2016,nan,"['胡新荣', '蔡浩']"
SEO,603318,603318,2022,nan,"['姜韬', '张宾磊']"
SEO,603318,603318,2023,nan,"['李宜', '文雅', '姜韬', '张宾磊']"
SEO,603319,603319,2020,nan,"['王强', '李鸿霞', '孙文军', '余建耀']"
SEO,603321,603321,2024,nan,"['胡永波', '涂彦伟', '郑鲁光', '孟鹏']"
SEO,603329,603329,2019,nan,"['鲁晓华', '黄洁']"
SEO,603329,603329,2024,nan,"['徐立群', '吴雨佳']"
SEO,603330,603330,2020,nan,"['姚辉', '金琦']"
SEO,603330,603330,2022,nan,"['姚辉', '金琦']"
SEO,603333,603333,2020,nan,"['王殷', '徐林', '陈超', '罗君']"
SEO,603337,603337,2020,nan,"['姚丽强', '张连成']"
SEO,603338,603338,2016,nan,"['杨志平', '董文茜']"
SEO,603338,603338,2021,nan,"['姚辉', '李新民']"
SEO,603345,603345,2021,nan,"['严劼', '孙玮', '陈小瑜']"
SEO,603348,603348,2022,nan,"['张飞', '仰君']"
SEO,603358,603358,2023,nan,"['卓丹', '蔡绍伟', '陈婷']"
SEO,603363,603363,2019,nan,"['张慧玲', '林志忠']"
SEO,603363,603363,2021,nan,"['张慧玲', '林志忠']"
SEO,603368,603368,2015,nan,"['覃丽君', '吴慈英']"
SEO,603368,603368,2023,nan,"['覃丽君', '朱恒', '徐涛']"
SEO,603378,603378,2020,nan,"['鲁晓华', '吴雨佳']"
SEO,603385,603385,2020,nan,"['张居忠', '文冬梅', '张利']"
SEO,603386,603386,2018,nan,"['张媛媛', '邱俊洲']"
SEO,603386,603386,2020,nan,"['张媛媛', '邱俊洲', '肖梦英']"
SEO,603388,603388,2022,nan,"['曾涛', '吕鸿杰']"
SEO,603392,603392,2021,nan,"['陈链武', '蔡晓枫', '林非']"
SEO,603393,603393,2020,nan,"['魏云锋', '杨俭']"
SEO,603396,603396,2020,nan,"['宫国超', '陆红', '王丽艳', '杨爱华']"
SEO,603396,603396,2023,nan,"['宫国超', '王丽艳', '陆红']"
SEO,603398,603398,2018,nan,"['姜纯友', '付丽君']"
SEO,603398,603398,2022,nan,"['姜纯友', '陈婷婷']"
SEO,603399,603399,2014,nan,"['蔡晓丽', '王首一']"
SEO,603416,603416,2024,nan,"['邓登峰', '张子健', '赵泽如']"
SEO,603429,603429,2018,nan,"['吕勇军', '吴琳', '王海涛', '陶秀珍']"
SEO,603456,603456,2015,nan,"['钟建国', '张孟东']"
SEO,603456,603456,2020,nan,"['毛晓东', '吴学友']"
SEO,603456,603456,2022,nan,"['毛晓东', '吴学友', '宁一锋', '王延勇']"
SEO,603477,603477,2019,nan,"['唐方模', '何寿福', '王映国', '余小龙']"
SEO,603477,603477,2020,nan,"['王映国', '唐方模', '何寿福', '凡波']"
SEO,603477,603477,2023,nan,"['凡波', '王慧', '谢海林']"
SEO,603496,603496,2020,nan,"['刘磊', '王小红']"
SEO,603501,603501,2018,nan,"['高建斌', '徐兴', '陈竑', '戴金燕', '高建斌', '徐兴', '陈竑', '戴金燕']"
SEO,603507,603507,2020,nan,"['夏利忠', '薛波']"
SEO,603508,603508,2018,nan,"['吴萃柿', '刘泽涵']"
SEO,603517,603517,2021,nan,"['傅成钢', '康代安', '张宇辰']"
SEO,603518,603518,2016,nan,"['滕飞', '王震']"
SEO,603518,603518,2020,nan,"['王震', '谢振伟']"
SEO,603520,603520,2019,nan,"['丁锡锋', '胡清']"
SEO,603520,603520,2022,nan,"['向晓三', '丁锡锋', '陈红兰', '胡清']"
SEO,603527,603527,2022,nan,"['施琪璋', '刘勇', '仇笑康', '童波', '崔静']"
SEO,603530,603530,2020,nan,"['马燕', '禹文婷']"
SEO,603533,603533,2020,nan,"['杨运辉', '曾光']"
SEO,603535,603535,2020,nan,"['林恒新', '黄豪威']"
SEO,603536,603536,2020,nan,"['刘学伟', '韩伟']"
SEO,603555,603555,2015,nan,"['黄志恒', '周荣铭', '章天赐']"
SEO,603558,603558,2015,nan,"['程志刚', '吕安吉']"
SEO,603558,603558,2017,nan,"['倪国君', '刘江杰']"
SEO,603558,603558,2017,nan,"['倪国君', '刘江杰', '肖扬']"
SEO,603559,603559,2017,nan,"['于涛', '付平']"
SEO,603565,603565,2021,nan,"['倪春华', '汪健']"
SEO,603566,603566,2021,nan,"['林雯英', '凌亦超', '徐冬冬', '蒋玉龙']"
SEO,603567,603567,2020,nan,"['张言伟', '刘飞飞', '蔡伟']"
SEO,603577,603577,2018,nan,"['魏艳霞', '傅振索']"
SEO,603577,603577,2021,nan,"['魏艳霞', '傅振索']"
SEO,603578,603578,2023,nan,"['徐晓峰', '俞佳南', '黄洪坤']"
SEO,603583,603583,2020,nan,"['李勇平', '乔鹏宇']"
SEO,603588,603588,2019,nan,"['魏五军', '雷兵']"
SEO,603588,603588,2021,nan,"['赵娇', '彭亚敏']"
SEO,603595,603595,2018,nan,"['刘勇', '许俊']"
SEO,603595,603595,2021,nan,"['邓明勇', '赵方蕾', '刘勇', '许俊']"
SEO,603599,603599,2016,nan,"['张全心', '施琪璋', '朱浩']"
SEO,603600,603600,2016,nan,"['沃巍勇', '周晨']"
SEO,603600,603600,2022,nan,"['黄加才', '周晨', '罗联玬', '陈彩琴', '郑丹美']"
SEO,603601,603601,2015,nan,"['申军', '唐洪春', '杨强']"
SEO,603603,603603,2018,nan,"['张学福', '冯连清', '师玉春', '张杭', '张学福', '冯连清', '师玉春', '张杭']"
SEO,603606,603606,2016,nan,"['缪志坚', '刘术红']"
SEO,603608,603608,2017,nan,"['林宇鹏', '马献科', '谢倩']"
SEO,603609,603609,2017,nan,"['林雷', '王进']"
SEO,603611,603611,2016,nan,"['吴懿忻', '江娟']"
SEO,603612,603612,2021,nan,"['呙华文', '郭义喜', '李赟莘', '肖俊龙']"
SEO,603612,603612,2022,nan,"['李赟莘', '张玄忠']"
SEO,603613,603613,2020,nan,"['郭健', '王晓燕']"
SEO,603616,603616,2020,nan,"['师玉春', '李冬青']"
SEO,603617,603617,2020,nan,"['沈利刚', '丁伟良', '魏琴', '陈瑜', '陈林栋']"
SEO,603618,603618,2015,nan,"['叶卫民', '闫志勇']"
SEO,603619,603619,2022,nan,"['李宁', '阮喆']"
SEO,603626,603626,2020,nan,"['张扬', '耿磊']"
SEO,603629,603629,2020,nan,"['孙文军', '林旺', '边珊姗', '王建']"
SEO,603633,603633,2021,nan,"['刘利亚', '黄竞超', '贺梦然', '罗其']"
SEO,603638,603638,2018,nan,"['何晓娟', '王景坤']"
SEO,603656,603656,2022,nan,"['鲍光荣', '姚捷', '陈思']"
SEO,603658,603658,2020,nan,"['孔建波', '师克峰', '张宏敏']"
SEO,603659,603659,2020,nan,"['张炯', '应宏斌', '伍凌宇']"
SEO,603659,603659,2022,nan,"['刘翀', '赵璞', '成亚渊']"
SEO,603663,603663,2020,nan,"['王栋', '王钟慧']"
SEO,603666,603666,2020,nan,"['蔡卫华', '周文阳', '陈晓龙', '娄新洁']"
SEO,603667,603667,2018,nan,"['黄继佳', '程洪祯', '傅芳芳', '叶怀敏']"
SEO,603667,603667,2022,nan,"['陈中江', '赵凯旋']"
SEO,603667,603667,2025,nan,"['陈中江', '叶怀敏', '赵凯旋']"
SEO,603668,603668,2020,nan,"['张慧玲', '许玉霞', '吴莉莉']"
SEO,603668,603668,2023,nan,"['胡素萍', '吴莉莉']"
SEO,603678,603678,2015,nan,"['李建彬', '邱小娇']"
SEO,603679,603679,2021,nan,"['何勇', '唐松柏', '张丹娜']"
SEO,603683,603683,2021,nan,"['钱俊峰', '魏娜']"
SEO,603683,603683,2024,nan,"['刘盼盼', '魏娜', '钱俊峰', '程正凤']"
SEO,603685,603685,2023,nan,"['黄加才', '华海祥']"
SEO,603686,603686,2016,nan,"['蒋晓东', '盛伟明', '叶贤斌', '虞婷婷']"
SEO,603687,603687,2022,nan,"['郭宪明', '张建新', '周康康', '徐佳琦', '张鹏飞']"
SEO,603690,603690,2018,nan,"['陆友毅', '黄明耀']"
SEO,603690,603690,2020,nan,"['陆友毅', '丁炯']"
SEO,603703,603703,2019,nan,"['杨建平', '王渝璐']"
SEO,603706,603706,2020,nan,"['杨雄', '刘晶静', '惠增强', '王泽斌']"
SEO,603708,603708,2022,nan,"['陈谋林', '王明健', '马一超']"
SEO,603713,603713,2020,nan,"['郭海龙', '李雯敏']"
SEO,603716,603716,2017,nan,"['肖峰', '代娟']"
SEO,603717,603717,2020,nan,"['李文祥', '刘磊', '袁宙', '陈斯奇']"
SEO,603722,603722,2021,nan,"['刘淑云', '郭锐']"
SEO,603725,603725,2022,nan,"['徐聃', '张宁', '郭华赛']"
SEO,603727,603727,2019,nan,"['宣陈峰', '王英航', '祝永立']"
SEO,603737,603737,2020,nan,"['林庆瑜', '佘丽娜']"
SEO,603738,603738,2020,nan,"['杨红青', '刘起德', '刘定超', '姚平']"
SEO,603739,603739,2020,nan,"['王燕', '李满', '聂梓敏']"
SEO,603766,603766,2014,nan,"['何勇', '佘爱民', '李春', '赵崇智', '李双飞', '尹雪莹', '刘荻', '雷茜']"
SEO,603768,603768,2022,nan,"['付劲勇', '吴舜', '孙琳', '武时柯']"
SEO,603773,603773,2021,nan,"['兰滔', '刘儒']"
SEO,603778,603778,2018,nan,"['汤家俊', '张锐', '宿金英']"
SEO,603779,603779,2016,nan,"['王会栓', '苏志军']"
SEO,603787,603787,2020,nan,"['陆德忠', '钱俊峰', '魏娜', '程正凤']"
SEO,603788,603788,2016,nan,"['朱伟', '张建新', '周康康']"
SEO,603797,603797,2019,nan,"['徐冬冬', '蒋玉龙', '付忠伟', '何岚']"
SEO,603799,603799,2015,nan,"['王强', '章静静']"
SEO,603799,603799,2019,nan,"['王强', '鲁艳丽', '章静静']"
SEO,603799,603799,2020,nan,"['孙文军', '王强', '章静静', '鲁艳丽']"
SEO,603808,603808,2019,nan,"['欧昌献', '王艳宾']"
SEO,603813,603813,2021,nan,"['赵祖荣', '翁祖桂', '禤文欣']"
SEO,603815,603815,2020,nan,"['黄敬臣', '屠灿']"
SEO,603817,603817,2021,nan,"['李海龙', '吴高梯']"
SEO,603818,603818,2018,nan,"['李燕玉', '马臻臻']"
SEO,603818,603818,2023,nan,"['梁欣', '王婷']"
SEO,603823,603823,2022,nan,"['叶胜平', '胡如昌', '刘向荣', '吴宪弟']"
SEO,603825,603825,2020,nan,"['张吉文', '黎苗青']"
SEO,603828,603828,2020,nan,"['许瑞生', '王勇', '李倩']"
SEO,603838,603838,2019,nan,"['贺春海', '陈莹']"
SEO,603843,603843,2019,nan,"['吴丽', '朱航']"
SEO,603856,603856,2022,nan,"['王传顺', '宋立新']"
SEO,603859,603859,2018,nan,"['李丽芳', '文海平']"
SEO,603859,603859,2019,2019-11-10,"['李丽芳', '文海平']"
SEO,603859,603859,2020,nan,"['李丽芳', '文海平']"
SEO,603859,603859,2025,nan,"['任晓辉', '梁益胜', '魏强']"
SEO,603861,603861,2017,nan,"['陈锦棋', '纪耀钿']"
SEO,603866,603866,2016,nan,"['魏弘', '顾娜']"
SEO,603869,603869,2016,nan,"['童登书', '张在强', '屈先富', '黄琼']"
SEO,603871,603871,2021,nan,"['王志勇', '李兴杰']"
SEO,603881,603881,2020,nan,"['倪一琳', '严盛辉', '王斌']"
SEO,603882,603882,2020,nan,"['康吉言', '罗丹']"
SEO,603883,603883,2016,nan,"['王斌', '马献科', '刘敏', '孟从敏']"
SEO,603883,603883,2021,nan,"['陈志', '谭金城', '陈建翔', '陈莦燕']"
SEO,603885,603885,2015,nan,"['童冰薇', '黄利群']"
SEO,603885,603885,2018,nan,"['朱海平', '罗丹']"
SEO,603885,603885,2021,nan,"['刘万富', '郭静瑜']"
SEO,603887,603887,2018,nan,"['王传邦', '汪娟']"
SEO,603889,603889,2016,nan,"['沈维华', '沃巍勇', '陈志维', '陈琦', '沈晓燕']"
SEO,603890,603890,2020,nan,"['孙峰', '钟建栋', '吕爱珍']"
SEO,603898,603898,2016,nan,"['王旭彬', '张腾']"
SEO,603901,603901,2017,nan,"['翁伟', '胡彦龙']"
SEO,603901,603901,2025,nan,"['任成', '祝小锋', '陈小红', '陈叶叶']"
SEO,603903,603903,2020,nan,"['徐志敏', '徐育竹']"
SEO,603906,603906,2021,nan,"['陈晓龙', '毕坤']"
SEO,603906,603906,2025,nan,"['程晓曼', '田大庆', '郭福艳', '钟巧']"
SEO,603912,603912,2021,nan,"['常桂华', '鲍伦虎']"
SEO,603917,603917,2022,nan,"['胡俊杰', '黄波', '蒋林泽']"
SEO,603918,603918,2020,nan,"['朱国刚', '洪涛']"
SEO,603919,603919,2018,nan,"['李立影', '龙琦']"
SEO,603920,603920,2022,nan,"['李立影', '龙琦', '丁晓燕', '王庆桂']"
SEO,603926,603926,2020,nan,"['郭宪明', '俞伟英']"
SEO,603936,603936,2017,nan,"['李振华', '邓华明']"
SEO,603936,603936,2020,nan,"['邓华明', '晋永杰', '李振华', '孙慧敏']"
SEO,603936,603936,2022,nan,"['李振华', '覃见忠']"
SEO,603939,603939,2015,nan,"['李永利', '魏五军', '周娅']"
SEO,603939,603939,2018,nan,"['李剑', '周娅']"
SEO,603955,603955,2018,nan,"['顾晓蓉', '张军']"
SEO,603956,603956,2021,nan,"['苗策', '安小梅']"
SEO,603959,603959,2018,nan,"['王友娟', '谢天', '王辉']"
SEO,603960,603960,2020,nan,"['陈竑', '王健', '陈竑', '王健']"
SEO,603982,603982,2021,nan,"['杨蓓', '王凡']"
SEO,603982,603982,2024,nan,"['步君', '谷玉池', '王凡', '陈定元', '王晓曼']"
SEO,603985,603985,2021,nan,"['诸旭敏', '邹红燕']"
SEO,603986,603986,2018,nan,"['汪明卉', '皇甫少卿']"
SEO,603986,603986,2019,nan,"['汪明卉', '魏润平']"
SEO,603990,603990,2020,nan,"['邵明亮', '陈欣']"
SEO,603990,603990,2022,nan,"['邵明亮', '陈欣']"
SEO,603991,603991,2024,nan,"['李渭华', '何翠红', '杨小磊', '孙忠英']"
SEO,603993,603993,2016,nan,"['牟正非', '赵斌']"
SEO,603995,603995,2022,nan,"['毛晓东', '赖宝康']"
SEO,603997,603997,2018,nan,"['金刚峰', '银雪姣', '王佶恺', '张莉萍', '杨运辉', '潘新华', '邬晓磊']"
SEO,603997,603997,2023,nan,"['邬晓磊', '王子强', '王连强']"
SEO,605007,605007,2023,nan,"['陈中江', '叶怀敏', '沈云强', '许超', '杨瑞威']"
SEO,605008,605008,2022,nan,"['俞德昌', '陈春波', '陈小红', '屠秋芳', '姚洁']"
SEO,605018,605018,2021,nan,"['张建新', '赵飞']"
SEO,605020,605020,2023,nan,"['冯万奇', '李昱彤']"
SEO,605050,605050,2021,nan,"['樊冬', '义国兵', '朱慧']"
SEO,605090,605090,2022,nan,"['陈谋林', '孙建伟', '潘文中', '李继明', '刘国平']"
SEO,605111,605111,2021,nan,"['游世秋', '杨贤武']"
SEO,605117,605117,2022,nan,"['邓红玉', '强爱斌', '黄传飞']"
SEO,605123,605123,2022,nan,"['赵明', '姜铭']"
SEO,605128,605128,2023,nan,"['王伟青', '戴庭燕', '胡国仁', '赵勇']"
SEO,605133,605133,2023,nan,"['徐德盛', '薛伟', '葛朋', '郑利锋', '徐云平']"
SEO,605218,605218,2024,nan,"['俞国徽', '殷李峰', '杨隽']"
SEO,605266,605266,2021,nan,"['魏勇', '树新', '刘泽芬']"
SEO,605300,605300,2023,nan,"['陈笑春', '赵海荣']"
SEO,605319,605319,2022,nan,"['冉士龙', '袁慧馨', '房月姣']"
SEO,605333,605333,2021,nan,"['辛文学', '乔洋']"
SEO,605333,605333,2024,nan,"['辛文学', '杨苗苗']"
SEO,605358,605358,2021,nan,"['王其超', '方立强']"
SEO,605368,605368,2022,nan,"['李留庆', '陈新爽']"
SEO,605377,605377,2021,nan,"['蒋晓东', '叶贤斌', '盛伟明', '林群慧']"
SEO,605389,605389,2023,nan,"['何林飞', '肖兰']"
SEO,605488,605488,2025,nan,"['金闻', '王文', '金梅', '周柯峰', '梁志勇', '严鸣明']"
SEO,605589,605589,2022,nan,"['胡佳青', '尹景林']"
SEO,688001,688001,2019,nan,"['汪玉寿', '陈雪', '陆峰', '崔广余']"
SEO,688001,688001,2019,nan,"['褚诗炜', '陈雪', '潘思兰', '陆峰']"
SEO,688005,688005,2022,nan,"['倪国君', '胡友邻', '何林飞', '高勇']"
SEO,688012,688012,2020,nan,"['赵波', '孙吾伊', '林晓帆', '胡玉琢']"
SEO,688012,688012,2026,nan,"['张炜彬', '胡玉琢']"
SEO,688012,688012,2026,nan,"['张炜彬', '胡玉琢', '戴丹萍']"
SEO,688015,688015,2020,nan,"['李璟', '王彪']"
SEO,688016,688016,2022,nan,"['成雨静', '高一荃']"
SEO,688017,688017,2022,nan,"['金炜', '傅磊', '杨林', '殷洁']"
SEO,688018,688018,2025,nan,"['马罡', '张五一']"
SEO,688019,688019,2022,nan,"['徐海峰', '刘许友', '杨洁', '黄晓冬']"
SEO,688022,688022,2022,nan,"['潘汝彬', '郭晶晶', '王兴毓', '支彩琴', '王传文', '钟乐']"
SEO,688023,688023,2020,nan,"['魏琴', '陈瑜']"
SEO,688027,688027,2024,nan,"['孔晶晶', '杨文建', '许媛媛']"
SEO,688028,688028,2021,nan,"['张芹', '方国华', '李明明']"
SEO,688033,688033,2022,nan,"['杨红青', '姚平', '艾雯冰']"
SEO,688037,688037,2021,nan,"['闫长满', '顾娜', '于海娟']"
SEO,688050,688050,2024,nan,"['崔迎', '王文杰']"
SEO,688059,688059,2024,nan,"['杨旭', '邹华娟']"
SEO,688063,688063,2022,nan,"['孙文军', '曹翠娟']"
SEO,688065,688065,2023,nan,"['邓华明', '叶涵', '曾祥胜']"
SEO,688066,688066,2020,nan,"['孙宁', '路静茹']"
SEO,688071,688071,2022,nan,"['张扬', '史海峰', '谷彩云']"
SEO,688072,688072,2025,nan,"['缪志坚', '陈焱鑫', '赵辉', '吴珊珊']"
SEO,688082,688082,2024,nan,"['张静', '杜恒']"
SEO,688085,688085,2024,nan,"['王健', '文琼瑶']"
SEO,688085,688085,2024,nan,"['王健', '文琼瑶', '王法亮', '凌亦超']"
SEO,688093,688093,2022,nan,"['刘勇', '纪耀', '丁春荣', '陈秋菊']"
SEO,688093,688093,2025,nan,"['刘勇', '纪耀']"
SEO,688097,688097,2022,nan,"['刘桢', '崔志毅']"
SEO,688102,688102,2024,nan,"['张旭宏', '罗静雅']"
SEO,688116,688116,2022,nan,"['余建耀', '翁志刚', '彭敏', '方丽英']"
SEO,688121,688121,2022,nan,"['王亮', '洪祥昀', '吴晓蕊', '郭洋', '李婷婷']"
SEO,688122,688122,2021,nan,"['李慧', '李素霞']"
SEO,688126,688126,2021,nan,"['赵波', '孙吾伊']"
SEO,688126,688126,2025,nan,"['李萍', '张进东']"
SEO,688131,688131,2022,nan,"['潘胜国', '刘丽娟']"
SEO,688133,688133,2021,nan,"['上官胜', '李潇']"
SEO,688138,688138,2023,nan,"['赵国梁', '黄琴']"
SEO,688143,688143,2024,nan,"['朱烨', '刘艳']"
SEO,688155,688155,2022,nan,"['朱科举', '唐书']"
SEO,688156,688156,2022,nan,"['索保国', '徐晓露']"
SEO,688158,688158,2020,nan,"['刘桢', '黄海']"
SEO,688160,688160,2023,nan,"['李振华', '张旭宇']"
SEO,688166,688166,2022,nan,"['滕飞', '许喆', '李钢', '翁梅辛']"
SEO,688168,688168,2022,nan,"['宋光荣', '张成']"
SEO,688172,688172,2024,nan,"['胡晓辉', '贺爱雅']"
SEO,688180,688180,2022,nan,"['王艳', '梁子见', '荆艳茹']"
SEO,688186,688186,2020,nan,"['马章松', '许念来', '孙涛', '李盼盼']"
SEO,688188,688188,2021,nan,"['李萍', '刘欢', '李佳运']"
SEO,688192,688192,2023,nan,"['林盛宇', '陆成']"
SEO,688196,688196,2024,nan,"['吴满根', '陈虹']"
SEO,688201,688201,2022,nan,"['李成林', '崔勇趁', '关江华']"
SEO,688202,688202,2022,nan,"['肖菲', '雷飞飞']"
SEO,688205,688205,2023,nan,"['夏正曙', '姜铭']"
SEO,688216,688216,2025,nan,"['扶交亮', '聂娟']"
SEO,688221,688221,2022,nan,"['徐侃瓴', '陈定元', '杨瑾璐', '汤然']"
SEO,688226,688226,2022,nan,"['吕方明', '崔玉北']"
SEO,688226,688226,2025,nan,"['韩毅', '陆斌']"
SEO,688233,688233,2023,nan,"['吴宇', '董博佳', '杜青松']"
SEO,688239,688239,2022,nan,"['朱伟光', '马建平', '刘素旭', '胡必银']"
SEO,688256,688256,2022,nan,"['吴懿忻', '夏均军', '江娟', '翁淑丹']"
SEO,688256,688256,2025,nan,"['朱大为', '江娟', '翁淑丹']"
SEO,688266,688266,2021,nan,"['石柱', '唐松柏', '张玉虎', '刘国栋']"
SEO,688277,688277,2021,nan,"['袁涛', '宋立民', '赵玉朋', '吴岳']"
SEO,688286,688286,2023,nan,"['王建甫', '连查庭', '许红瑾']"
SEO,688290,688290,2023,nan,"['吕安吉', '李志媛']"
SEO,688293,688293,2025,nan,"['丁陈隆', '魏梦云']"
SEO,688299,688299,2022,nan,"['胡俊杰', '张辛幸']"
SEO,688301,688301,2024,nan,"['丁陈隆', '朱海平', '郭同璞', '魏梦云']"
SEO,688303,688303,2022,nan,"['林弘', '黄宇翔']"
SEO,688305,688305,2022,nan,"['王娜', '王幈']"
SEO,688305,688305,2023,nan,"['王娜', '王幈']"
SEO,688308,688308,2022,nan,"['管盛春', '平海鹏', '李贵强', '洪霞']"
SEO,688315,688315,2022,nan,"['张帆', '金华', '石爱红', '刘洁']"
SEO,688321,688321,2024,nan,"['吴惠煌', '黄嘉程', '刘侨敏']"
SEO,688322,688322,2025,nan,"['丁晓燕', '肖斌']"
SEO,688333,688333,2022,nan,"['田阡', '卫婵', '薛永东', '苏波']"
SEO,688337,688337,2023,nan,"['赵海舟', '张姝姝', '焦益翔', '王艳']"
SEO,688337,688337,2024,nan,"['王颋麟', '贾舜豪']"
SEO,688339,688339,2021,nan,"['胡晓辉', '段奇']"
SEO,688357,688357,2021,nan,"['靖鹏霞', '郑晓', '吴雪', '马思禹']"
SEO,688360,688360,2023,nan,"['吕方明', '崔玉北', '陈晓华', '陈龙']"
SEO,688361,688361,2024,nan,"['王艳', '李贤君', '胡霞']"
SEO,688365,688365,2022,nan,"['郭宪明', '郑芳', '陈科举', '李丹']"
SEO,688368,688368,2024,nan,"['谢嘉', '周蓓蓓']"
SEO,688378,688378,2022,nan,"['王博', '李楠']"
SEO,688378,688378,2025,nan,"['李继军', '吴其江']"
SEO,688379,688379,2025,nan,"['吴广', '江汇']"
SEO,688386,688386,2025,nan,"['赵丽', '沈佳伟', '吴晨希']"
SEO,688388,688388,2021,nan,"['李新航', '陈驹健', '周少鹏']"
SEO,688396,688396,2020,nan,"['汪娟', '郑斐', '王巍']"
SEO,688400,688400,2024,nan,"['周立新', '陈灵灵', '李勤', '何丹']"
SEO,688401,688401,2026,nan,"['张力', '叶华', '陈子涵', '高建亮', '扶交亮', '陈栋梁']"
SEO,688408,688408,2022,nan,"['魏琴', '范国荣', '朱达']"
SEO,688469,688469,2024,nan,"['朱伟光', '陈智辉']"
SEO,688506,688506,2025,nan,"['朱海平', '郭同璞', '罗丹', '魏梦云']"
SEO,688508,688508,2022,nan,"['孟银', '陈霞']"
SEO,688516,688516,2021,nan,"['薛淳琦', '李春华', '曹宇辰']"
SEO,688518,688518,2022,nan,"['李振华', '李联', '夏姗姗']"
SEO,688519,688519,2022,nan,"['王强', '余建耀', '杨婷伊', '赵静娴']"
SEO,688520,688520,2021,nan,"['王蕾', '张杨']"
SEO,688520,688520,2025,nan,"['廖志勇', '郑小川']"
SEO,688521,688521,2023,nan,"['叶慧', '张静', '陈颂', '黄宇翔']"
SEO,688525,688525,2023,nan,"['陈孛', '雷丽娜']"
SEO,688529,688529,2022,nan,"['肖菲', '徐萍', '钱致富', '王君涛']"
SEO,688535,688535,2024,nan,"['周磊', '费洁', '李成锐', '桂玉玲']"
SEO,688536,688536,2022,nan,"['王瑾', '孙吾伊']"
SEO,688536,688536,2023,nan,"['崔永强', '朱爱银', '盛冬琴', '田胜']"
SEO,688551,688551,2023,nan,"['廖传宝', '孔振维']"
SEO,688556,688556,2022,nan,"['张毅强', '杨晶']"
SEO,688559,688559,2022,nan,"['陈华', '胡荣军', '张银娜']"
SEO,688560,688560,2022,nan,"['邓华明', '邝秋香', '蒋丽敏', '李振华']"
SEO,688566,688566,2023,nan,"['洪祥昀', '吴晓蕊']"
SEO,688567,688567,2021,nan,"['张燕', '蒋文伟']"
SEO,688568,688568,2021,nan,"['崔云刚', '郭健', '成国燕']"
SEO,688577,688577,2023,nan,"['陈素素', '韩熙', '丁淼']"
SEO,688590,688590,2024,nan,"['李莉', '顾徐杰', '邵振宇', '李日欣', '翁秀波']"
SEO,688596,688596,2022,nan,"['潘胜国', '宋世林']"
SEO,688598,688598,2021,nan,"['刘智清', '曾春卫', '冯俭专']"
SEO,688609,688609,2025,nan,"['王兵', '魏晓燕']"
SEO,688625,688625,2023,nan,"['吴震', '黄春燕', '黄志业', '林江俊', '沈优优', '樊芝']"
SEO,688629,688629,2025,nan,"['张瑞', '丛秀秀', '张璐云', '汪孝东', '郭青青']"
SEO,688630,688630,2022,nan,"['郑磊', '王彩霞', '刘润', '陈林曦']"
SEO,688636,688636,2025,nan,"['胡如昌', '邓强']"
SEO,688639,688639,2022,nan,"['熊延森', '何善泉']"
SEO,688661,688661,2021,nan,"['罗顺华', '汪久翔']"
SEO,688668,688668,2022,nan,"['龙湖川', '杨佳慧']"
SEO,688683,688683,2022,nan,"['韩振平', '赵丹']"
SEO,688683,688683,2025,nan,"['吴梓豪', '赵亮']"
SEO,688690,688690,2022,nan,"['何双', '王传文', '毛才玉']"
SEO,688698,688698,2022,nan,"['杨春盛', '张引君', '覃璐', '李建军', '胡荣军']"
SEO,688707,688707,2022,nan,"['陈永毡', '信翠双', '龚荣华', '钟权兵']"
SEO,688733,688733,2022,nan,"['张居忠', '文冬梅', '张利']"
SEO,688768,688768,2023,nan,"['王彩霞', '鲁意宏', '姚娜', '郑磊', '吴婷婷']"
SEO,688778,688778,2022,nan,"['蔡志良', '林剑', '殷雪芳']"
SEO,688789,688789,2022,nan,"['方国华', '祝琪梅', '张芹', '李明明']"
SEO,688800,688800,2022,nan,"['褚诗炜', '鲍灵姬', '琚晶晶', '郑飞', '俞国辉']"
SEO,688981,688981,2025,nan,"['孟冬', '汪琛', '顾凡', '顾沈为']"
SEO,920047,920047,2023,nan,"['王锋革', '常晓韦', '冯建江', '黄琼']"
SEO,920077,920077,2022,nan,"['韩波', '赵幻彤', '邹楠']"
SEO,920167,920167,2021,nan,"['杨荣华', '吕方明', '周浩', '刘占洋']"
SEO,920174,920174,2024,nan,"['李新葵', '魏五军', '周毅', '吴佳林']"
SEO,920198,920198,2022,nan,"['吴惠娟', '刘荟']"
SEO,920826,920826,2022,nan,"['李宜', '张彦军', '姜雪', '姜韬']"
RIO,000016,000016,1998,1998-06-30,"['蒋贤山', '徐林文']"
RIO,000049,000049,2023,2023-11-27,"['张燕', '赖其寿', '赖敦宏', '刘蓓蓓']"
RIO,000065,000065,2022,2022-03-30,"['郑建利', '任一优', '付俊惠', '李宝信']"
RIO,000088,000088,2020,2020-08-06,"['张云鹤', '李灵辉']"
RIO,000404,000404,2017,2017-05-16,"['何勇', '范大洋']"
RIO,000406,000406,2000,2000-02-17,"['周志济', '王晓楠']"
RIO,000507,000507,2013,2013-02-25,"['杜小强', '黄志伟']"
RIO,000563,000563,2018,2018-07-12,"['苏皎皎', '范敏华', '安小民', '曹爱民', '徐秉惠', '薛燕']"
RIO,000598,000598,2013,2013-02-19,"['尹淑萍', '郝卫东']"
RIO,000661,000661,2016,2016-04-14,"['王树奇', '曹斌']"
RIO,000686,000686,2016,2016-04-01,"['高原', '朱洪山']"
RIO,000728,000728,2020,2020-10-09,"['张婕', '汪玉寿', '陈雪', '倪士明', '梁淼']"
RIO,000750,000750,2013,2013-11-12,"['陆明峰', '孔庆华']"
RIO,000750,000750,2019,2019-12-31,"['宁光美', '覃小玲', '洪锐明', '陈晓莹']"
RIO,000758,000758,2013,2013-03-06,"['吕志', '许倩琳', '凡莉']"
RIO,000797,000797,2016,2016-01-25,"['黄国香', '李莉丽', '刘延东']"
RIO,000885,000885,2020,2020-07-31,"['范金池', '王小蕾']"
RIO,000901,000901,2014,2014-10-13,"['袁刚山', '韩仰']"
RIO,000901,000901,2020,2020-02-24,"['曹彬', '霍华东']"
RIO,000970,000970,2022,2022-02-11,"['王涛', '佟西涛']"
RIO,000977,000977,2017,2017-07-14,"['王晖', '徐士诚']"
RIO,000977,000977,2020,2020-03-06,"['王晖', '徐士诚', '王晓楠', '孔令芹']"
RIO,002017,002017,2019,2019-02-15,"['徐殷鹏', '倪元飞', '罗芸', '高晓峰']"
RIO,002036,002036,2014,2014-10-16,"['罗国芳', '胡俊杰']"
RIO,002046,002046,2014,2014-08-06,"['张燕', '田玉萍']"
RIO,002068,002068,2014,2014-12-25,"['李国平', '胡平']"
RIO,002074,002074,2017,2017-11-14,"['方长顺', '宛云龙', '俞国徽', '郑磊', '俞秀根', '石柱', '朱红柱']"
RIO,002089,002089,2014,2014-06-09,"['李友菊', '施琪璋', '齐利平']"
RIO,002101,002101,2016,2016-04-08,"['何国铨', '徐如杰']"
RIO,002132,002132,2015,2015-04-03,"['吴保娅', '杨盛巧']"
RIO,002142,002142,2021,2021-11-19,"['严盛炜', '陈丽菁']"
RIO,002151,002151,2013,2013-12-31,"['叶金福', '乐超军', '杨七虎', '滕忠诚']"
RIO,002166,002166,2019,2019-04-03,"['岑敬', '肖琼']"
RIO,002185,002185,2019,2019-06-28,"['张海英', '魏兴花', '刘志文', '宫岩']"
RIO,002202,002202,2019,2019-03-18,"['王宁', '邬玉红']"
RIO,002258,002258,2016,2016-01-13,"['张卓', '陈清胜', '刘东']"
RIO,002312,002312,2014,2014-10-09,"['张卓', '李文丽']"
RIO,002350,002350,2018,2018-05-15,"['密惠红', '于曙光', '余骞']"
RIO,002363,002363,2016,2016-01-19,"['刘学伟', '田堂']"
RIO,002466,002466,2017,2017-12-13,"['杨锡光', '刘鹏', '郝卫东']"
RIO,002466,002466,2019,2019-12-13,"['尹淑萍', '郝卫东', '王仁平', '杨锡光']"
RIO,002496,002496,2015,2015-03-11,"['闾力华', '姜忠']"
RIO,002500,002500,2020,2020-06-12,"['史剑', '程海良', '唐莹慧']"
RIO,002522,002522,2014,2014-01-07,"['李惠丰', '郭宪明', '钟建栋']"
RIO,002634,002634,2014,2014-12-18,"['童冰薇', '金小花']"
RIO,002673,002673,2017,2017-03-27,"['徐秉惠', '霍华甫', '薛燕']"
RIO,002682,002682,2015,2015-06-19,"['王玥', '付志成']"
RIO,002775,002775,2018,2018-03-21,"['刘洛', '李松清']"
RIO,002788,002788,2020,2020-09-04,"['许瑞生', '郭毅辉']"
RIO,002884,002884,2020,2020-03-18,"['钟晓红', '聂焕']"
RIO,002948,002948,2021,2021-12-30,"['程海良', '唐莹慧', '马新', '王立鹏']"
RIO,300106,300106,2016,2016-01-22,"['栾国保', '张西在']"
RIO,300110,300110,2018,2018-01-26,"['谭正嘉', '韩文金', '李江山', '刘树国']"
RIO,300121,300121,2017,2018-01-30,"['乔冠芳', '宋江勇']"
RIO,300147,300147,2015,2015-06-04,"['刘世武', '李剑昕']"
RIO,300231,300231,2018,2018-03-01,"['陈勇波', '王娜']"
RIO,300374,300374,2017,2017-12-14,"['王荣前', '丛培红']"
RIO,300387,300387,2018,2018-06-15,"['李建树', '罗亮']"
RIO,300444,300444,2017,2017-07-19,"['赵恒勤', '李俊霞', '曹普扬', '周振']"
RIO,300475,300475,2023,2023-02-03,"['范桂铭', '杨云']"
RIO,300715,300715,2019,2019-12-17,"['廖屹峰', '邓德祥', '滕培彬', '沈翔']"
RIO,300772,300772,2022,2022-11-07,"['宋鑫', '龚文昌', '朱勇']"
RIO,600008,600008,2020,2020-09-16,"['钱斌', '郁奇可', '李丹']"
RIO,600030,600030,2022,2022-01-14,"['姜昆', '张薇', '韩丹', '逯一斌', '刘微']"
RIO,600036,600036,2013,2013-08-23,"['蒲红霞', '林高攀']"
RIO,600057,600057,2017,2017-12-15,"['刘维', '吴莉莉']"
RIO,600059,600059,2014,2014-05-29,"['吕瑛群', '陈素素']"
RIO,600081,600081,2023,2023-07-28,"['张昆', '孙佩佩', '章顺文', '朱莉']"
RIO,600089,600089,2014,2014-01-14,"['崔艳秋', '马艳', '于雳', '张静']"
RIO,600089,600089,2017,2017-05-25,"['崔艳秋', '马艳']"
RIO,600113,600113,2019,2019-02-21,"['王建甫', '许红瑾']"
RIO,600118,600118,2013,2013-08-01,"['袁刚山', '黄清双']"
RIO,600153,600153,2014,2014-04-16,"['李仕谦', '林宏华']"
RIO,600160,600160,2013,2013-12-11,"['傅芳芳', '李德勇', '费方华']"
RIO,600219,600219,2018,2018-10-19,"['王伦刚', '姜峰']"
RIO,600256,600256,2018,2018-03-15,"['薛祈明', '徐德', '刘耀辉', '陈敏燕', '高德惠']"
RIO,600360,600360,2019,2019-04-01,"['陆士敏', '莫旭巍']"
RIO,600380,600380,2018,2018-09-26,"['王莹', '刘展强']"
RIO,600405,600405,2017,2017-05-24,"['罗军', '翟海英']"
RIO,600419,600419,2019,2019-12-31,"['王侠', '杨学伟']"
RIO,600436,600436,2013,2013-06-18,"['谢培仁', '胡高升']"
RIO,600458,600458,2013,2013-05-29,"['杨淑娟', '陈柏伊']"
RIO,600459,600459,2013,2013-03-07,"['鲍琼', '丁恒花']"
RIO,600459,600459,2019,2019-02-18,"['李玉', '缪抗']"
RIO,600459,600459,2022,2022-12-09,"['鲍琼', '赵光枣']"
RIO,600480,600480,2019,2019-06-06,"['尹晖', '申丹丹', '秦志远']"
RIO,600489,600489,2016,2016-05-11,"['徐超玉', '李建长']"
RIO,600497,600497,2013,2013-03-29,"['方自维', '刘蓉晖', '周萍']"
RIO,600743,600743,2016,2016-07-08,"['罗振邦', '朱锦梅', '王可', '张辉策']"
RIO,600755,600755,2014,2014-06-24,"['胡素萍', '姚斌星']"
RIO,600803,600803,2018,2018-01-30,"['张增刚', '王英伟', '李伟']"
RIO,600879,600879,2013,2013-05-22,"['李朝辉', '肖缨', '王小云', '陈少明']"
RIO,600888,600888,2021,2021-04-08,"['石明霞', '韩新梅', '王勤', '朱瑛', '郁秀丽']"
RIO,600909,600909,2021,2021-05-28,"['褚诗炜', '鲍灵姬', '许亚俊', '洪雁南', '丁启新', '户永红', '周任阳']"
RIO,600919,600919,2020,2020-12-04,"['石海云', '汪扬']"
RIO,600958,600958,2022,2022-04-18,"['马庆辉', '史曼', '潘竹筠']"
RIO,600978,600978,2014,2014-02-13,"['王韶华', '洪文伟']"
RIO,600999,600999,2020,2020-07-07,"['洪锐明', '文启斯', '刘磊', '罗玉成', '颜凡清', '崔巍巍']"
RIO,601012,601012,2019,2019-04-03,"['师玉春', '韩信', '朱海武']"
RIO,601015,601015,2021,2021-06-25,"['梁卫丽', '赵雷励', '刘永学']"
RIO,601016,601016,2022,2022-11-15,"['黄丽琼', '刘斌', '张国华', '董卫霞']"
RIO,601099,601099,2016,2016-01-12,"['杨雄', '孙彤', '惠增强']"
RIO,601108,601108,2022,2022-03-28,"['吴懿忻', '刘晓冬']"
RIO,601162,601162,2020,2020-03-06,"['向辉', '郭晗']"
RIO,601236,601236,2021,2021-07-22,"['李云虹', '杨伟明', '冯万奇', '李福兴', '邵建克']"
RIO,601377,601377,2015,2015-12-24,"['陶坚', '宫明亮']"
RIO,601377,601377,2022,2022-08-12,"['黄小熠', '王国蓓']"
RIO,601555,601555,2020,2020-03-10,"['谈建忠', '陆德忠', '徐艳', '赵英']"
RIO,601555,601555,2021,2021-12-10,"['徐艳', '赵英', '莫艾琦']"
RIO,601798,601798,2014,2014-01-09,"['乐超军', '郑洪杰', '叶金福']"
RIO,601916,601916,2023,2023-06-12,"['陈思杰', '石海云', '潘盛']"
RIO,603269,603269,2020,2020-07-15,"['张爱国', '孙晓爽', '卞慧娟']"
RIO,603633,603633,2020,2020-07-08,"['贺梦然', '刘利亚', '黄竞超']"
RIO,603636,603636,2018,2018-03-08,"['王庆莲', '张伟', '林力']"
